431,507,1.0
565,338,0.910534065180511
565,307,0.8921293953800287
565,167,0.8668183130114018
565,586,0.8320604330967377
565,359,0.8293898873776356
565,26,0.8101268007601078
565,154,0.7988147820715161
565,70,0.7847159607188091
431,416,0.7714624265640103
7,479,0.7575310906631415
565,440,0.74275625454491
565,302,0.7409628820284453
565,426,0.7039622949880582
565,503,0.6999368861733727
565,490,0.695839192104956
565,633,0.6792576029763071
381,552,0.6689677450067824
565,305,0.6593551265599719
121,446,0.6547688741474708
565,454,0.645628680304979
565,75,0.6454006127674946
565,468,0.6443388650966007
565,223,0.6407354251485814
565,608,0.6387745095490384
565,392,0.6324055029036789
121,526,0.6310189982974687
565,607,0.6279054584743196
381,504,0.6256656997365454
431,161,0.6243657079780965
499,251,0.6222856489853594
431,61,0.6191331040190566
565,543,0.6167235182342042
565,504,0.6143524275177554
7,337,0.6133806582375282
565,24,0.5987907943984419
565,379,0.5983620996011971
431,394,0.594457346153464
7,443,0.5925763707509311
431,360,0.5921460874189497
47,378,0.5872209728294853
431,162,0.5834549351497066
121,358,0.5832955600924958
565,535,0.583020444966972
431,126,0.573518363197462
565,180,0.5721162738614012
121,575,0.5718620087690005
381,426,0.570449239525624
121,529,0.5683206730954933
382,434,0.5619574104847134
565,552,0.5613065588809191
565,66,0.559821089194737
565,284,0.5596563462153412
565,668,0.5571347254688925
431,300,0.5490407918480062
381,609,0.5483285751481984
565,319,0.5435223807577421
565,344,0.5430571930554001
565,575,0.5430452576761932
381,141,0.5425769110039382
464,378,0.5413948677625277
565,110,0.5409806764609769
565,481,0.5380556388480859
121,316,0.5366577619195108
381,617,0.5360076560591364
565,502,0.5354721443504864
565,680,0.5350634193951992
431,304,0.5337233243349351
189,266,0.5332179642377523
7,675,0.5329566538377628
381,379,0.531481284390717
499,56,0.5296775606487469
565,567,0.5264818795826851
7,406,0.5250117137796125
565,617,0.5249653383330992
565,525,0.5215147792734522
565,285,0.5167360223473776
565,193,0.5160780137598998
381,633,0.5155100665443548
565,271,0.5137699681796973
565,492,0.5136992117080396
565,489,0.511742514882669
121,185,0.5093430405305981
431,54,0.5089069701817419
565,93,0.5088318768076601
415,230,0.5084264743118998
565,177,0.5071127904551963
565,183,0.5064244021201426
381,691,0.5060101393721373
121,564,0.5058598260069654
565,190,0.5057279886260204
121,578,0.5034843127237362
381,456,0.5012046935663899
381,244,0.501081803769186
381,320,0.5007226105306979
431,218,0.49974776919415037
381,247,0.4983395767806684
121,309,0.49705409326812455
381,557,0.4961226323744248
431,443,0.4952086721647258
121,689,0.4950975406094952
381,307,0.4938404832542848
47,639,0.4935629907977886
565,576,0.49325715775211754
565,15,0.49266334026087555
431,150,0.4919059540782057
121,186,0.49129367954311853
565,456,0.48880944281014266
565,264,0.48880074364633314
565,539,0.48794112471083717
121,570,0.4879365629719726
381,564,0.4878870454386876
381,216,0.4878852678017516
565,31,0.48687491797465066
464,608,0.48663819802691227
565,63,0.4855207251456013
121,210,0.4854547406154568
121,588,0.4851099510272279
121,563,0.4850094235772184
565,431,0.48493099091298997
381,181,0.48429377239138094
464,116,0.4842857151015547
565,47,0.4821758591958873
381,569,0.47964283670929714
121,365,0.47764518502945225
431,76,0.47712547440210507
565,381,0.47615720151394403
431,579,0.475644945437376
381,238,0.47560983385799027
565,600,0.47431765977402934
565,401,0.47410463565502076
381,359,0.47302017701681615
121,503,0.47247266901120366
381,659,0.4714146731713767
382,144,0.4713129368549023
565,102,0.47078247681461405
381,423,0.469965090827335
431,626,0.46789096637992617
381,490,0.46756254017937354
565,393,0.46707712142037117
565,461,0.46678974420156427
121,430,0.46586390099510094
565,126,0.4654479837226352
381,586,0.46507939222492317
381,154,0.4645878445517472
381,440,0.46284305833588896
565,547,0.46273733000192185
381,465,0.4622426711165259
381,66,0.4606325392398047
47,192,0.45995364130845606
565,87,0.4597916166465399
565,1,0.45942654375317726
121,543,0.4586986090167823
565,388,0.45845863591550295
565,216,0.45786381763631484
565,464,0.45761337929062507
381,177,0.45737519489580863
121,649,0.4566206654455375
565,10,0.456550453453202
499,119,0.4562866904016468
499,482,0.4561739445338735
381,367,0.45564152978277334
381,486,0.45455339430294067
121,573,0.4542027052522929
565,18,0.45418466510327826
381,565,0.45417595109230813
499,549,0.45365484443097864
121,95,0.4530245495500784
381,263,0.4529622400640973
431,393,0.45277747990624556
121,154,0.45270664581786024
415,46,0.4515118830014536
381,499,0.45147992173743307
381,680,0.45139901478683775
431,489,0.4511072361061566
431,352,0.45011813192901906
431,88,0.4487809819178146
381,645,0.4485609821051615
499,209,0.4481754076726707
565,458,0.44778421707353155
565,627,0.44759631916960696
565,420,0.44758913841517967
464,493,0.44585096438822247
431,31,0.445090135982735
381,135,0.44448689552112874
381,107,0.44445498944248474
565,322,0.444259654535589
431,191,0.4433343280570527
47,443,0.442554912224368
431,614,0.44251777338123083
382,61,0.4424273821289208
381,115,0.4423329203175552
121,261,0.4422034685898181
565,327,0.44192574615322666
565,632,0.4416186150472418
431,350,0.44138584238796597
381,152,0.44083304865597756
565,235,0.440771506819634
565,253,0.4401979370087979
565,659,0.44012850629918115
381,355,0.4379863362352323
565,14,0.43721990359958784
565,604,0.43713954435789276
270,373,0.43686299305216775
565,355,0.4363660960687458
381,26,0.43607274598626644
565,505,0.43557102548436494
565,315,0.43555389679736667
431,675,0.4350312591777733
121,260,0.43449622601475757
565,369,0.43439283713451077
381,559,0.4343350309319907
565,542,0.43432990728943005
381,209,0.43394787454454287
7,350,0.4336649141379184
565,551,0.43364111134611977
431,229,0.4334920973198705
565,559,0.43285764828946505
381,575,0.43277708689406463
121,340,0.432689680327254
431,538,0.43124221914281907
565,675,0.4309839108273166
121,366,0.4303010411124895
565,422,0.43027535166321057
565,623,0.4301936140755371
121,273,0.42959563734456013
565,488,0.429440903813737
121,408,0.4289729425726463
499,485,0.4280749429584775
565,584,0.42790530745835886
565,342,0.4279040560563879
565,53,0.42699743248397803
47,110,0.4269856776235959
565,8,0.42629564957694477
381,685,0.42611094608231
381,131,0.4259032844394176
565,368,0.42554116431087224
499,531,0.4254508755860049
565,526,0.4253443240746829
121,474,0.42501660038157235
565,524,0.4242090362812065
381,306,0.42417408049648425
381,501,0.42403798759510264
565,80,0.4237742369079289
121,133,0.4231298846075644
565,648,0.42252724114287854
381,48,0.42243730670590657
499,194,0.42235177345159725
381,611,0.42221971314060963
12,346,0.4220962025615804
47,608,0.42163107313625453
381,319,0.4213365116813621
565,566,0.42114772016719104
121,496,0.4197818848939938
565,497,0.41948740807222584
565,217,0.4193246272676093
565,162,0.41910185338120065
431,108,0.4184323316462376
7,187,0.4183590564832836
381,407,0.4181033070051078
47,350,0.41721849757910145
47,460,0.41680894143663766
565,437,0.4168028355389486
270,531,0.416710602755616
431,406,0.4166980325524586
431,75,0.41640962660358294
121,134,0.4163435008602405
381,148,0.41618195911577
121,234,0.4161481774762013
464,668,0.4155102774309853
431,237,0.4153000323116006
415,148,0.4139363039938397
381,125,0.41384033520574426
381,214,0.4137455222058146
565,645,0.4136299179467475
565,345,0.4136136858300699
565,239,0.4131478428826598
431,348,0.4130459841606154
121,368,0.412781324518962
565,229,0.41235839053044604
121,359,0.4116136489095697
415,323,0.4112651727179808
381,618,0.4112520223885369
381,312,0.41111713388211235
270,125,0.41106266881470355
381,555,0.4104835438756543
381,419,0.41027710311865745
431,399,0.41025177345814784
565,147,0.4099756533412178
47,662,0.4099658690980776
381,241,0.4098374746887474
565,112,0.40959812162831094
565,142,0.40957180762496476
464,461,0.40937471790284774
464,600,0.4093491435740419
382,206,0.4091687468856063
565,626,0.409167504855835
431,479,0.4089962609736549
381,226,0.4089256321940553
270,371,0.4089206115602649
381,253,0.4089019632922753
565,583,0.40886270123674373
431,3,0.4088198085840051
415,277,0.408766869350919
12,170,0.408618647895523
381,503,0.40859957358036814
431,439,0.4085600297025303
431,187,0.40812631760064383
121,493,0.4078535532341113
565,105,0.4076256419389697
121,13,0.4072005868524694
121,92,0.4071073292153924
464,63,0.4066465208600009
381,668,0.40634959152626005
121,418,0.40624090841646665
381,183,0.406032638009876
381,213,0.40602774755233356
565,329,0.40589072401955034
431,206,0.40563246737698455
565,537,0.4055394061370868
381,619,0.40522022203983227
121,355,0.4051595810358551
382,670,0.4051548770819121
381,9,0.40499885591292445
270,290,0.4043734323418049
121,242,0.4042238690795635
381,242,0.404164626983522
381,330,0.4040835966087555
565,361,0.40406031513249924
565,459,0.403743192919959
565,561,0.40359208057345297
499,555,0.4031845539017517
121,311,0.403141333216245
464,589,0.4030289108266524
464,284,0.40298017965881316
565,664,0.40278396266769745
499,280,0.40167329784299877
565,103,0.40163691212509744
270,574,0.4013257343535175
565,509,0.4013211233076211
565,615,0.4013028797512112
121,230,0.4011416691930232
415,482,0.4006119526916235
382,115,0.4004531111463062
189,46,0.40018705988320313
381,111,0.3999501755303535
381,16,0.39990246062755236
381,292,0.39978890034262654
565,348,0.39968777390011284
381,57,0.3996300963296458
420,405,0.39867644152214504
270,205,0.39862751224572923
381,454,0.39838654828680903
381,623,0.3979357329919532
270,588,0.3976257614996325
12,84,0.39757638043364507
565,349,0.3975558602142349
381,308,0.39753919875925603
381,607,0.3973937554270373
565,520,0.3973504240459372
121,609,0.3971120997315202
381,130,0.3969988798740798
270,612,0.39685548637121987
12,260,0.3962488472749723
381,349,0.39603157756062607
464,516,0.395925960976677
431,1,0.3959243080216622
499,381,0.3957209169611819
12,174,0.39555577092535915
381,73,0.3952479464940047
381,6,0.39503675227352675
565,419,0.3949899611880635
382,211,0.3949099809781971
565,263,0.39486727151068274
381,56,0.3948232459193744
121,676,0.39480462707624786
381,223,0.39428231645437906
381,615,0.39426590132862777
431,227,0.39389161579707865
381,85,0.39363404222053117
12,294,0.3935438093250596
121,140,0.3934442568289336
565,647,0.3934309050013569
189,62,0.39316707064656964
189,98,0.3931113887628898
565,517,0.39306102485189853
565,478,0.3929124492436848
381,686,0.39288971073361517
381,624,0.3926819649131849
565,189,0.3925736042034239
47,347,0.3922983687746346
381,75,0.39193407948789766
565,653,0.3918126270123101
12,92,0.3917675880589939
381,44,0.39165513690399156
47,69,0.39164759679120886
565,291,0.3915914206501392
121,125,0.391580242285035
464,565,0.3914031740479325
270,91,0.3913863443255707
121,606,0.3912679500116185
381,411,0.39104691559979393
420,608,0.3909736802975098
499,391,0.3907533791343082
121,341,0.3907053831501091
121,319,0.3906524649962536
12,96,0.39061177878335224
565,396,0.3900727610587976
420,565,0.38990523913067987
189,560,0.3897670052292783
415,484,0.3896311526300569
431,633,0.38954719766900736
565,0,0.3894689860993092
464,481,0.3891225370652745
565,146,0.3890723951514357
381,453,0.3890635411496093
565,28,0.389001138598549
431,452,0.3889478134797495
565,534,0.38889539423659686
565,681,0.3886584635179396
121,279,0.3884785321926288
431,691,0.38843391398675137
270,159,0.3883774700984205
381,404,0.38828553927851506
464,156,0.38816303688095427
565,688,0.38815555521979417
431,338,0.38803676601963233
381,545,0.38800315414826964
121,471,0.3879469210705887
565,523,0.3877946263630242
381,554,0.38769535935333826
381,433,0.38754508072484634
565,365,0.38743757049229466
381,225,0.3870652038443271
270,580,0.38692028264698053
420,537,0.3867286195337842
381,1,0.3866144865777465
381,91,0.3863180994741394
381,584,0.3862495723966485
420,520,0.38622642408362073
431,339,0.38620145064051553
464,669,0.38609474191272986
565,510,0.3857162590312656
565,416,0.38569176990942977
565,228,0.38565281283286834
565,262,0.38563456794841316
381,49,0.3855473916789349
464,21,0.38538375212993053
565,606,0.38513908415055764
121,213,0.3848864175976139
565,312,0.3847970238843544
431,69,0.3845531344852751
12,198,0.38450792841319525
415,57,0.38444004417256417
565,293,0.38423523913982655
121,550,0.38422941430441065
47,116,0.38402369655971014
121,68,0.38375728858768227
47,461,0.3837568328210315
565,548,0.38372181556524704
464,47,0.38366440640896426
270,543,0.3835982457355662
565,432,0.38358962820774495
431,114,0.38351786460575155
47,512,0.383079847973458
381,474,0.3829470648321396
382,609,0.38290072932521585
381,468,0.3827985289661624
381,613,0.38248082139692224
12,676,0.3820639448146784
121,282,0.38172965152918453
121,411,0.38170485348794514
565,185,0.3816778344507839
7,191,0.38166503237990085
381,488,0.3816554317289465
565,212,0.38161673230261894
565,324,0.3814562441208625
47,537,0.3814260322316311
420,460,0.38134880192023596
121,107,0.38130821115056807
121,684,0.3812997498785872
565,372,0.3811049741067553
464,93,0.3809482431147685
121,298,0.38089711746607485
420,354,0.3807684149079507
565,460,0.3807218823476918
565,141,0.38071332929168733
499,509,0.38042448751792873
121,91,0.3802019980047142
270,235,0.38012404606771805
565,335,0.3801140314303876
565,311,0.38006389711210553
565,521,0.3798139776455292
464,454,0.37978056791787834
464,191,0.37971506316172565
121,247,0.37957554934613075
189,672,0.3794720496784609
47,406,0.37926141435495686
565,385,0.37919983934530976
121,660,0.3791201189264793
565,25,0.37896634954775754
464,591,0.3788188867496029
464,285,0.3785900062888699
381,173,0.3783442111819545
121,310,0.3777633668227905
565,453,0.37764649932533056
121,625,0.3773367256104589
381,590,0.3772804614151367
565,238,0.37726877217565813
121,424,0.3768074400652019
565,207,0.37673044120732313
381,666,0.3767219792054295
121,87,0.37665086999967645
565,669,0.37647975241061077
420,234,0.3763903722574381
270,212,0.37633879252771024
565,143,0.3762448114154268
47,626,0.376196008833321
565,619,0.3757059065714895
121,238,0.3755096932160184
382,131,0.37518189239062166
270,514,0.37513525518177687
565,430,0.37493973418884513
7,162,0.3749017917498948
189,144,0.3747169301267996
415,419,0.3746969734572738
381,509,0.37464559207355236
431,198,0.3745971683502224
121,449,0.3743845493782958
565,166,0.374270904221229
464,305,0.37419849104784
565,423,0.37415727337554644
431,110,0.37404539982848767
189,120,0.3739763908384838
415,654,0.3739076567269952
464,83,0.3738488328394926
189,473,0.37384665902053366
565,411,0.3735324174732483
121,361,0.3734552354851745
420,135,0.3733550086638968
121,605,0.3733374552778147
121,312,0.3732953903779747
381,147,0.3732882547399445
565,533,0.3731920050772958
121,40,0.3731906947590149
121,616,0.373101323719715
381,641,0.37308434736058527
464,663,0.3730744620051744
121,354,0.37301208093934884
381,37,0.37278376137247665
381,24,0.3724451259525566
189,495,0.3723621642195992
565,463,0.37215972978311845
415,569,0.3721392532333161
382,109,0.3719922622387241
565,513,0.3718632853257975
47,565,0.3718108935486918
420,464,0.37180685268527675
565,403,0.3716510777349728
121,221,0.3716134657935815
565,635,0.3713559862859682
415,208,0.37127325440875303
381,377,0.3711902610317688
464,187,0.37114904174034513
565,597,0.37114501131145633
565,601,0.3709495722690761
381,164,0.3707195891987663
565,115,0.3706499939887814
189,145,0.37041821551356563
381,657,0.37031570658355867
565,108,0.37018719837304254
565,467,0.3701688633711545
381,420,0.370152583430161
270,638,0.37003277426863285
420,3,0.3699423631155816
381,219,0.3698792296692932
121,582,0.3697534157329615
565,7,0.3697021682322287
464,82,0.36961660175687067
270,418,0.3696042021560581
381,70,0.36955533591701367
165,580,0.3694307415391065
565,557,0.3692960117528741
415,414,0.3690105594184422
431,188,0.3688336884908022
381,313,0.36881016405734657
381,674,0.36875997445941805
47,399,0.3686439999280202
189,186,0.36862744612512693
565,101,0.368624654887745
565,298,0.368590614647205
420,557,0.3685405713897499
121,360,0.3685394987773317
565,585,0.36825161348786445
121,680,0.36823024549943006
381,21,0.36806359898929775
270,347,0.3680362486145622
464,420,0.36796747034690347
565,83,0.36779560573991626
381,11,0.36775586773047675
270,245,0.3676919474343108
381,425,0.3676874083157853
121,687,0.3676776235302713
189,496,0.36764092326458075
381,139,0.3675062628013715
565,256,0.3674837500211497
189,12,0.36747048388623704
12,221,0.36741852212388787
7,338,0.3673297151125351
121,303,0.3671850317378703
382,111,0.36716033594781716
464,258,0.3671483542918749
381,368,0.36705757879830864
121,111,0.36701827649687174
499,320,0.3670024913081721
565,113,0.3669544716409124
121,629,0.3668335136510316
381,2,0.3667621903956792
565,289,0.3664163770854597
381,123,0.36641140998301314
565,131,0.36634620129902634
12,210,0.36621687919158236
381,200,0.36619860065935433
382,4,0.36589975174131656
381,338,0.3658707863462342
565,506,0.3657158851367604
381,437,0.36563966512492474
415,686,0.3655397209402017
565,116,0.36529558375419996
420,591,0.36525139989698197
270,38,0.3649395378360885
565,98,0.36484370526192406
47,401,0.364750305239201
565,553,0.36474422888040825
415,670,0.3647439151880867
381,193,0.36474205271345156
565,394,0.3646290621243546
464,275,0.36458380090107123
565,37,0.36450067266405134
47,338,0.36443489497154896
189,113,0.3644119217927755
121,170,0.36435007242981166
270,208,0.3643004795982175
381,543,0.3642055984191948
121,321,0.36416470992555894
121,670,0.3640860188724305
189,274,0.36405140959515286
431,427,0.3639097911055388
565,99,0.3638648668128534
381,143,0.3636932110118954
189,550,0.3632469725436948
189,97,0.3632467722317138
121,245,0.36321567110928166
565,473,0.36316202115088236
565,486,0.3628007451816559
121,587,0.3625755165220896
565,296,0.3624997418952483
565,558,0.36236123410083454
381,288,0.3622568519342593
381,387,0.36225119691680013
420,245,0.36208781477797947
464,399,0.36197666845639664
420,573,0.36192711850588344
381,458,0.3617208169483325
121,33,0.3616798229439144
420,586,0.36163155892476717
189,471,0.36157680060603287
381,182,0.3615034452720257
382,30,0.36142649063176463
121,376,0.36140349105134967
464,163,0.3612278101547134
382,219,0.3609253841790215
12,365,0.3609149267495965
499,21,0.3608038718743098
431,347,0.36070345414885313
121,274,0.3606996482577217
121,31,0.36053862476559684
381,278,0.3605055752473256
121,275,0.3602374950948164
381,492,0.35991794008678085
121,522,0.35971386361895696
565,111,0.35971179188809066
382,7,0.35968428020311805
121,686,0.3596450897187565
381,502,0.3595918432680836
565,220,0.35958938532819695
381,80,0.3595840173299585
431,87,0.3595022272171085
270,360,0.3594126176223614
464,639,0.35932085157775817
565,295,0.35924457849577374
565,662,0.35920927231096683
382,76,0.359159548138272
121,59,0.3587929754916204
415,273,0.3587354344426641
499,528,0.35869865116289407
381,642,0.35862844590131765
464,534,0.3583221504330363
47,591,0.358276118507645
565,472,0.3579883983315702
121,598,0.35792749111880623
12,578,0.35791441627588017
381,649,0.35786485855804073
381,136,0.35773353873833325
415,677,0.35768134836477855
415,242,0.35764537367457566
464,166,0.35746144319596035
121,348,0.3574559416017395
270,35,0.35743452791528774
415,457,0.3574123591952533
420,255,0.35739394893892046
121,128,0.35679553003855735
381,38,0.35678526611715483
431,661,0.3566162028811782
565,121,0.3566123426998097
420,516,0.35654747467896014
565,73,0.3559851578401304
121,619,0.35598132910457236
565,152,0.3559418921165411
499,369,0.3559413703971034
420,63,0.3558211793480865
565,471,0.3558107388262974
121,109,0.3556243729726034
499,690,0.3555479043833111
189,215,0.35549786124658306
415,269,0.3554136581797809
415,318,0.3551513946908711
565,40,0.3550576514812953
565,119,0.35484754058021867
381,604,0.3548136127740409
270,362,0.35448221131692514
381,684,0.3543188656020692
420,574,0.3543009686073585
464,369,0.3542911126388184
121,2,0.3541855242677639
565,130,0.35415733007754013
382,536,0.3541528690468487
499,637,0.3541190268843432
565,620,0.35410252697333744
121,512,0.3540872934474005
431,7,0.35408337217664726
165,247,0.3540382177871872
565,421,0.35391767434141497
565,42,0.3538805660493869
121,212,0.3538155885273423
270,376,0.3537965606558228
121,82,0.3537717636893347
420,583,0.353607375880796
420,62,0.35355217940473066
464,293,0.35335709233506213
381,305,0.3533424254738221
381,398,0.3531489504537206
189,70,0.35301755983787503
381,254,0.3529749805954035
420,236,0.35295004128190466
420,577,0.3528441568583809
565,56,0.3527060872962265
381,30,0.35268775935946084
381,23,0.3526151538881363
431,558,0.35256339544992327
381,93,0.3525071732908204
121,333,0.3524892070237329
189,117,0.3523013567275305
431,262,0.35208973732452103
270,684,0.35200977593388655
431,211,0.3519677323992509
381,412,0.3519010328761101
382,317,0.351866856558351
565,452,0.35160198726347536
382,138,0.351554400550381
565,629,0.3515464083878097
12,189,0.35149347286558225
565,12,0.35140309653570967
464,497,0.3513863301898321
381,494,0.35136227329704917
431,254,0.351356346659515
420,344,0.3512055247584974
565,332,0.3510949440871108
270,411,0.3509826310281939
565,36,0.3509799127650644
415,133,0.35089898819159043
189,318,0.3508554850631215
12,309,0.35081154603481374
431,512,0.3507628369421137
464,460,0.3506655035149052
270,90,0.3506062756552429
565,138,0.35043881783348285
7,192,0.35041387734143753
382,396,0.3504115754049724
464,189,0.3503124027700979
7,591,0.3502888101439694
420,668,0.35016873114089664
121,643,0.35015437127981064
47,156,0.35011253486884425
565,641,0.350094163053804
121,604,0.3500715725128733
7,416,0.3500256531298
121,590,0.3500103908531857
464,574,0.3499896082289308
270,317,0.3498463211651015
381,528,0.349821777126399
121,236,0.3498167757350671
270,273,0.3497568427175847
121,517,0.34972683178166847
565,519,0.3496658005761735
189,32,0.3496120599557128
565,297,0.3495014136475396
381,548,0.3494437978526937
121,294,0.3494078519343986
381,620,0.3493695690818551
381,429,0.34921190313318407
464,338,0.3492012727814911
121,45,0.3491508221410787
464,487,0.34897425685756284
565,638,0.34893437583280357
565,33,0.3488655189061021
381,290,0.34882099777253217
47,534,0.3488065455753246
121,289,0.34874557205530204
382,283,0.34873320969791266
420,193,0.34864586357145944
565,59,0.34858729869202204
270,289,0.34851585840518
565,512,0.3484853909026892
431,521,0.34840966257695366
464,253,0.3483541032297601
464,7,0.34829326580505426
565,107,0.3482883885598002
121,287,0.348281585476666
381,533,0.34817984571233884
12,630,0.3481099301980318
565,65,0.34809405872888066
464,576,0.34806441082823325
565,244,0.3480137234404285
420,686,0.3479401380471775
121,346,0.3479155468991183
565,691,0.34789333910820364
121,254,0.3478621237124869
565,326,0.34771269586164194
381,5,0.3476853285695951
270,323,0.3476265140437568
121,292,0.3475698276985199
565,241,0.34740687082611377
565,81,0.347406858328554
381,553,0.347354196905206
270,265,0.3473474093087274
121,467,0.347315484960798
12,592,0.34724984614006077
382,514,0.3470779837144861
415,641,0.34705347997506847
381,422,0.34692556365518296
121,343,0.34677506995179497
565,367,0.3467577931944175
382,486,0.3466852687741292
565,224,0.34664483539123214
565,614,0.34660560674380303
121,422,0.34650084577022133
420,611,0.34646851598065226
270,233,0.3464328219860826
121,302,0.346401736678131
565,250,0.3461868375364727
189,287,0.3461714900021351
431,222,0.3461676059695911
565,642,0.3461048165299068
270,202,0.34605183938368717
121,383,0.34585834676875965
565,139,0.3458382274185774
381,65,0.34577958848375623
189,34,0.34576317748492635
415,467,0.3457374917500588
381,323,0.3455874129545574
415,287,0.3455686338445237
431,648,0.3455589320571659
381,540,0.34552597724175915
381,385,0.3454926144065664
431,673,0.34549142459045545
420,36,0.34548601350580155
420,425,0.34548413322679017
381,432,0.3454826329096803
381,356,0.34547970653653326
420,32,0.3454657625770176
420,192,0.345462770740794
565,343,0.3454012737728255
464,657,0.345325944631935
415,580,0.34530708917730873
431,258,0.34519589759731256
499,404,0.3451640759685216
420,387,0.3451472019652858
381,547,0.34501293428565843
270,76,0.3450101455749496
121,44,0.344910582624735
189,526,0.34488290068918337
381,631,0.34488138903014065
381,546,0.3448622171006214
565,475,0.344830132329717
189,505,0.3446952696008416
464,291,0.34462935829643887
565,382,0.34456754859646527
12,605,0.34445865531297276
47,667,0.3443651696276836
464,26,0.3443016270069402
565,554,0.3442341018797661
464,336,0.34421857817311174
381,441,0.3441578918731833
382,57,0.34414683589645834
382,533,0.3441057139024797
270,144,0.34408008733467393
565,320,0.3440639166900946
381,310,0.3438118979458943
381,431,0.34360687288829783
381,29,0.34357958968927393
381,287,0.34348192757202134
431,17,0.343392320156909
381,621,0.3433526230706243
47,337,0.34328966616324397
431,363,0.3432852976018858
565,240,0.3431680498672857
431,294,0.34308690016248033
464,662,0.34297993200266785
381,13,0.3429376887141015
381,658,0.34291885521174875
382,89,0.3428958143707838
121,691,0.3428699480386215
381,523,0.3427275878445214
431,656,0.3427035842898708
121,404,0.3426408468499895
464,104,0.34254624726419347
189,370,0.3424718483011751
189,490,0.3424676286663447
382,380,0.34237517995126554
431,662,0.34211050014123456
7,534,0.3420825839217909
189,233,0.3420815797228672
565,174,0.34206436740773916
565,13,0.342056532750614
381,690,0.34197228492283316
431,342,0.3419698520268564
565,538,0.3419178789890159
565,270,0.3418228913381576
565,658,0.3418137279645166
381,388,0.3417071188752521
381,61,0.34167014925878886
565,266,0.3416221544708638
565,50,0.3416087676031751
121,429,0.34152721857412666
121,501,0.34147595927387797
270,681,0.3414122618686038
565,661,0.34125264360632696
47,139,0.34122002276774366
382,192,0.34112129556809895
565,581,0.3411196507427014
431,382,0.3409835318236519
121,437,0.34097037548341996
381,165,0.34090548222630923
381,77,0.3408798295365696
12,656,0.34087685832641385
565,400,0.34084345262773086
565,237,0.34076713425750377
464,177,0.3407659391140821
464,567,0.3407574757586548
12,689,0.34074282430781
121,295,0.34074232942092714
565,159,0.34072214116175475
121,666,0.34068964367858845
382,18,0.34065089418009165
464,270,0.34060448214343997
121,299,0.3406025347381446
270,239,0.34054288088792384
121,281,0.340494245255389
431,519,0.3404331533020493
464,403,0.3404073938733824
189,280,0.34034170857371365
121,246,0.34026463822903824
499,27,0.34025623179217224
420,634,0.3400912668438366
415,62,0.34006967298037527
420,47,0.3400611398518808
565,569,0.3400330877665972
381,560,0.33996468942022146
382,19,0.3398578532392091
189,179,0.3396504417268744
565,336,0.33964215641497053
431,220,0.3395524600926418
189,406,0.33948728576513304
121,306,0.3393102595178978
415,475,0.3392782532219003
189,636,0.3392445374057089
189,427,0.33922361607732227
381,199,0.3391869941513777
565,412,0.3391335232767829
420,515,0.3390720840580094
431,195,0.3389770928148036
381,382,0.3389530325434361
415,527,0.3389523996985924
565,283,0.3389518925153965
381,538,0.3387245288498378
121,9,0.33863606967301196
121,89,0.3385734764523615
382,96,0.33856989724294584
270,447,0.33849212157236913
565,20,0.3384903829823671
121,145,0.33840944051669486
270,46,0.33840897150977145
270,501,0.33837219757120574
565,196,0.3383106478844857
121,244,0.33819954963816373
464,478,0.3381912739474855
165,230,0.3381603257071791
47,502,0.3381551183895982
121,65,0.3381089239292048
121,484,0.33808509253275
381,449,0.3379208822151594
381,475,0.3373902980026815
121,129,0.3373426109253945
189,446,0.3372878475198096
565,390,0.3372779255554137
382,531,0.33727700674914257
464,555,0.33717531108769294
47,43,0.3371654136839799
121,400,0.33713885830016804
381,485,0.33702139271726295
381,594,0.3369727927328873
121,226,0.33693123295513683
431,192,0.3369311461764251
382,97,0.3368419493623621
381,415,0.336721076714863
47,539,0.33671051942850455
565,445,0.33670820970088905
381,472,0.33670059045857925
189,405,0.3366672458295145
270,298,0.33659830697651766
270,558,0.3365939929234301
381,630,0.3364879022472439
431,370,0.33647232785165615
420,639,0.33646744929000366
464,248,0.3364055948146133
381,179,0.33635611493434014
464,193,0.33630004593522966
12,203,0.3362760456305721
499,314,0.33626326562439846
415,120,0.33626192454240367
464,72,0.3362438045946553
565,640,0.33606806206744394
121,489,0.3359821606009635
382,431,0.33593824669445577
189,309,0.3358476766111945
565,72,0.33577704381613255
381,627,0.3356867816854077
415,402,0.33567276743826074
7,294,0.3356676432224356
420,652,0.33565513810249376
565,618,0.3355533778713359
420,610,0.3354566159144731
381,52,0.3354475282396654
270,688,0.3353475454555267
270,106,0.3353185085957027
189,462,0.33531812305090625
420,381,0.3352885543767726
121,635,0.3352021655226735
431,160,0.3351730379053911
431,74,0.3351444744012831
121,270,0.3351169175657873
121,327,0.3350721416492515
381,18,0.33498109450964775
121,158,0.3349540299205416
565,625,0.3347383141618384
47,7,0.3346008614685629
381,317,0.334568483888693
189,399,0.3345602575879112
431,10,0.3345563865028235
270,434,0.334538913100779
381,45,0.33451401062424907
499,115,0.33447676998805465
381,518,0.33447148368276985
381,480,0.33440851624940227
565,290,0.3343426652470908
270,650,0.33432716518021144
47,146,0.334276050113486
12,295,0.33427170868079037
420,103,0.33426476615722933
121,665,0.3342634876796907
565,231,0.33416343026834705
565,248,0.3340565126113243
565,49,0.33404872426994847
381,417,0.3339891280995158
189,102,0.33394890148099504
382,48,0.3339340470959961
381,302,0.3339020528979487
381,622,0.3338601762385433
382,505,0.3338571774524596
420,118,0.33383984359831453
381,172,0.33382202598410393
431,510,0.33379855666350045
431,253,0.3337291501491224
381,563,0.3334889162031116
121,655,0.3334850094602637
381,132,0.3334710217145469
464,1,0.3334407579074663
565,449,0.3334254843985212
12,384,0.33341993324135333
381,391,0.3334169861656338
565,279,0.3333355814488899
382,313,0.3332917572820402
381,638,0.33326197165056287
565,308,0.333245488696107
121,114,0.33321540245788417
189,389,0.33315921654478164
431,537,0.3331304213705425
464,651,0.33311277314415216
270,341,0.3330876003579809
270,6,0.3330346693355126
565,137,0.332983512973928
565,436,0.33295229346166233
7,109,0.3329507069157501
415,20,0.3329174907397829
464,539,0.3329107507091761
420,67,0.3329029905532004
415,89,0.3328542839317082
565,652,0.3328321154316872
189,333,0.33283110453371734
464,35,0.3328283458164407
464,679,0.33275273638131625
381,637,0.3327243139239305
121,533,0.3327114398702088
381,251,0.33235298288083803
431,603,0.33231136717709187
499,131,0.3322025203628582
121,169,0.33217322322094367
464,124,0.3320088453151914
381,42,0.33196072944058513
382,209,0.33194854908623833
121,314,0.3319076825056864
121,94,0.3319050999247403
381,405,0.33185868969494214
270,430,0.3317575659365355
565,610,0.33175358619808754
382,691,0.3316113196168532
382,563,0.3315606651279222
464,8,0.3315090358107136
420,134,0.33144945541705967
420,596,0.33141268467629187
381,303,0.3314094350998211
565,299,0.3313574832766291
420,390,0.33133730955589447
420,285,0.33130560671602177
270,200,0.331263529831482
121,335,0.3312186722232222
431,109,0.33116470467130454
420,233,0.33113393389427104
270,188,0.3310633458940356
420,307,0.33102835579672446
420,20,0.3309921535771942
121,326,0.330978738964508
565,442,0.33089062288240473
565,201,0.3308799287085412
381,190,0.33087107252952774
420,455,0.3308595153562606
464,307,0.33085095283798494
381,601,0.3307336316792842
499,5,0.330724822389653
121,417,0.3306709671859429
565,406,0.33060905051797
464,381,0.33057084687772953
12,375,0.33048714122785483
565,549,0.33048346131385636
165,340,0.330438331647078
565,88,0.33042281373734045
431,96,0.3304078988824584
47,191,0.3303962187436651
464,15,0.3303706497013835
464,194,0.33033247901875
565,214,0.3303258119438263
464,488,0.3303219319115884
189,290,0.33029812670291525
464,374,0.33028025633324476
381,284,0.3302575746496852
565,469,0.33021262212060554
431,643,0.33018744467055916
565,106,0.3301695120480768
47,98,0.3301331991522613
270,176,0.3301104960846129
12,271,0.33007973532863116
381,114,0.3299966126228323
189,413,0.32993208594642004
431,520,0.32993057383096736
565,480,0.32992961848939717
121,351,0.3298979163192863
565,540,0.32983874337828467
381,451,0.3298154151280996
382,370,0.32980274706918217
565,352,0.32974412121943597
47,161,0.3295536914824879
565,60,0.32949848570104884
420,367,0.32947447771407323
431,486,0.32946624508985717
382,362,0.32942444840717333
47,647,0.32940573613476326
523,470,0.3294057117962755
420,660,0.32939198038610107
565,79,0.32936810772358777
47,567,0.32936032088547323
189,277,0.32926348993279575
7,61,0.32924632312578156
464,444,0.3292196296086032
464,225,0.32917951858173017
464,691,0.3291719873674807
565,153,0.3291650869328584
189,570,0.329156874341903
382,261,0.3290691463351412
565,163,0.3290579171667951
381,580,0.32896468881257523
270,209,0.3289002920599341
565,499,0.32888557764262116
420,43,0.32880912298342413
381,134,0.3287669651826717
121,164,0.32876346250837946
12,493,0.32871847615232264
565,621,0.3286957435105096
565,333,0.32862304583331214
420,511,0.3285859247384639
565,573,0.32856849465527543
47,600,0.32856144924523184
382,622,0.32855415720908954
565,443,0.32854013386197434
47,472,0.3284807083223051
565,417,0.32843322235106326
381,86,0.3284271620853137
121,218,0.3284249375936925
189,317,0.3283797693130313
121,255,0.32837669627377736
565,383,0.3281997638261775
565,97,0.3281085540455995
189,236,0.3281013468108283
381,386,0.3280939347122705
381,296,0.3280859409793997
121,685,0.3280793614586464
415,213,0.32798455907109525
270,647,0.327980153282282
420,308,0.3279767122694172
565,118,0.3279490257087194
189,263,0.3279463597442718
565,685,0.3279323818583788
189,666,0.327917453095179
431,146,0.32787621079738327
415,12,0.32783194887886796
381,239,0.32782804371242064
464,199,0.32781856533355397
381,235,0.3278119269954197
121,259,0.32778504678454107
431,327,0.3277847301295984
565,197,0.3277315647451498
381,119,0.32770838581697104
499,541,0.3276970064135503
431,344,0.3276674495608955
464,140,0.32765890364450756
464,422,0.32758822277732436
382,384,0.32756791931248314
270,604,0.3275645153026384
431,50,0.32752827535789225
464,114,0.32747614116195106
121,681,0.3274707741995037
270,582,0.32744115979244
464,345,0.3274273480621283
381,681,0.3273265585221497
121,414,0.32730588551916323
415,67,0.3272823425303818
189,463,0.32717881897002743
464,681,0.3271467727887862
431,305,0.32708867958119947
420,435,0.3270674637275403
189,460,0.32702165337185773
7,3,0.3270108235445154
189,158,0.32697987637512094
565,516,0.32695138824865044
381,269,0.3269295986982327
415,436,0.32684605211927725
270,113,0.32680671595090827
565,599,0.32680273740985966
12,272,0.32667960288276776
121,395,0.32657749115187906
189,324,0.3265708544991984
565,643,0.3264782684698655
189,367,0.3264703929488421
565,268,0.326469513429902
381,354,0.32629281626303064
565,487,0.32619858634814725
121,599,0.3261794274939185
420,466,0.3261426947927634
270,121,0.32612245028208786
565,589,0.3261217773223323
523,142,0.32611713681661897
565,530,0.3261112232961547
420,265,0.32609872013371954
565,181,0.32603910447163154
47,438,0.3260273330130507
121,527,0.3260139374363032
270,230,0.32597138118956137
189,167,0.325922534595743
382,225,0.32589788007992965
420,221,0.32588620999320206
415,660,0.3258215164455763
121,444,0.3258134740864162
121,624,0.32576599705061177
381,483,0.32575662859504884
415,60,0.32571416668388536
415,16,0.3256500534469158
270,485,0.3255972166944399
565,176,0.32554339737189153
121,572,0.32553448585691286
381,289,0.32552593823712783
121,574,0.3255240847206875
381,196,0.32549736270774526
431,445,0.32549675913350284
565,58,0.3254342168795023
381,531,0.3253120293543121
565,52,0.32525512908967485
381,672,0.3252389079300554
382,508,0.32513941344754416
565,679,0.3250981902868321
565,29,0.3250070102110927
431,271,0.32493473976945636
270,601,0.3249107702803169
420,444,0.32489492302545914
381,22,0.32487044523647135
464,597,0.324849170771039
420,628,0.32479570140248193
189,133,0.324774703083064
565,588,0.32477064959200524
565,508,0.3247628870200359
464,512,0.3247419740829759
270,217,0.324720854141592
431,635,0.32470974481536696
47,304,0.32469653144844224
565,441,0.3246191856482132
464,205,0.3245751417732762
121,25,0.3245681550603105
121,332,0.324566047662685
381,598,0.3245595375086201
415,371,0.32451994034006404
415,246,0.32451063616180825
431,565,0.32448421145392004
189,620,0.32447645259261015
565,275,0.32442492713925497
270,651,0.32440884931149855
382,439,0.32437986686356995
381,436,0.32437819880332425
270,677,0.3243111696064621
431,640,0.32428808323309516
381,220,0.3242818544757267
270,613,0.32423315283732246
415,22,0.3241882678681446
189,475,0.3241719235569743
381,341,0.32413922108985527
565,328,0.32411638257249137
415,410,0.3241140332255202
565,156,0.32407568401552317
565,602,0.3240293394359676
565,69,0.32400510951765865
464,151,0.3240000234432916
381,351,0.32399544878357756
270,329,0.323985734656895
382,232,0.3239594555550932
464,391,0.32393180106928854
464,231,0.32392971280942723
499,136,0.32386934586104
189,606,0.3238002920334133
420,545,0.3237313155464231
382,482,0.32365531679064274
381,334,0.32362167767616407
464,184,0.32359832737232563
565,245,0.323531909017875
420,392,0.32347849835206355
565,127,0.32347553852163285
382,471,0.3234151918202082
381,14,0.3233905752901812
121,415,0.3233625646716451
270,368,0.3233553975242574
464,473,0.32334259001921994
270,141,0.3233377405402066
121,130,0.3233060694696552
382,49,0.32327235347425837
381,527,0.3232421260199863
270,328,0.32322704556948595
464,472,0.32321820670793466
415,38,0.3232159643760615
565,678,0.32319284514905416
121,428,0.3231888762758989
565,465,0.3231517018563537
121,12,0.32313019719663855
415,551,0.3231238938652277
464,25,0.32307619376493896
420,491,0.32303645377683404
381,513,0.3230288650991132
12,158,0.323007000915699
382,279,0.3229875939523739
189,204,0.32298598203558687
381,562,0.3229082373924704
121,419,0.3228765304376015
565,82,0.32281825284889626
565,637,0.32277346680155655
464,637,0.32267154595911274
47,493,0.32262424785475785
565,682,0.3226133995192003
565,339,0.3223339320313525
565,219,0.3222215417825676
381,683,0.3221953947532266
7,626,0.3221116077432345
464,113,0.32200480557699557
415,636,0.3219893492109217
189,228,0.3219812079470356
464,558,0.32197743973287096
381,688,0.3219271207085824
420,189,0.32191704925932074
499,412,0.32188721354917915
382,294,0.3218774586802229
121,135,0.3217994085798245
431,380,0.32179474876239994
121,442,0.3217580881621278
381,428,0.3216812356266895
464,514,0.32163393431102794
420,240,0.32163359624899396
7,461,0.3216298543397038
270,615,0.3216113534327587
523,595,0.32155206073465353
189,349,0.32150160476494566
464,297,0.32148392801438147
382,628,0.3214627185871073
565,371,0.3213883565619707
420,585,0.32138396820810855
420,389,0.32137566547048585
270,27,0.3213470388991087
464,103,0.3213426951603014
381,329,0.3212985824069878
565,479,0.3212853709070204
121,597,0.32128090686410127
499,71,0.3212657814960001
464,14,0.3212568836295915
270,361,0.32122107899600266
381,158,0.3211736880773537
415,485,0.32115625090810274
189,371,0.3210585205613034
415,562,0.32103412676282134
381,267,0.3210064753601811
565,455,0.32100008262675145
431,366,0.3209802728573112
464,172,0.3209435003362981
382,644,0.3209024233525505
121,127,0.320868327129563
270,180,0.32077094856200633
420,270,0.3207473352139396
565,644,0.32069692035783753
121,160,0.320650878501591
499,291,0.3206237051550676
565,257,0.3205724690868606
415,549,0.3205516917853971
464,659,0.3205370583658967
565,301,0.32048158851935704
565,182,0.3204345084377328
121,627,0.32042314191147003
565,474,0.3204198326981748
381,578,0.32039370815763335
420,437,0.3203773416566792
381,396,0.3203539323059195
499,585,0.32034747200509234
381,660,0.3202540794694539
565,124,0.3201719182522489
270,117,0.3200997715867137
431,226,0.32006241885629005
189,94,0.32001805394884064
565,493,0.3200044299784138
270,407,0.31999983573370155
464,421,0.319992290858579
464,28,0.31998513570740406
382,288,0.31994969635734855
420,12,0.31994528568678016
12,100,0.31993438207880925
420,538,0.319931168176244
12,231,0.31991595912081433
189,459,0.31987623142431826
381,47,0.31986026994232164
121,174,0.3198142345387765
47,74,0.3198046903295736
12,398,0.31979340330358125
189,483,0.31975348132646264
121,612,0.3197400610261384
381,180,0.31972408734791385
420,330,0.31967193499916746
420,461,0.3196235587817236
381,435,0.31952157743416454
565,325,0.31946298181074523
270,395,0.3194312352483541
431,70,0.3193763574167172
420,122,0.319298294743842
381,646,0.31925457537663543
420,305,0.31924962394164785
381,90,0.3192329270426522
382,541,0.3192059200747242
565,591,0.3191721294108611
381,124,0.31916522606071596
121,513,0.3191645467733328
420,342,0.3191560626701684
121,11,0.3190588090062999
47,75,0.31900566439225914
420,191,0.31891488631047993
270,382,0.3188583621634044
415,270,0.31881636300121374
464,500,0.31867231146242675
420,39,0.31865820956580626
431,142,0.3186287537074015
464,58,0.31862747775210265
431,322,0.3185908167050661
189,503,0.3185802436690556
7,271,0.3185149928971838
382,379,0.3184740197908367
270,60,0.3184531959998961
7,592,0.31844582242176417
270,415,0.31843029453604477
381,252,0.318416159293765
415,233,0.31827210955992435
381,4,0.3182605360526801
381,551,0.3182522879057364
381,206,0.3182162393150185
382,2,0.31820332819943464
381,0,0.3181871968415978
420,139,0.3181633648517681
464,357,0.3181588913681253
381,110,0.31813047201250594
499,218,0.3181148565593297
420,175,0.3181036925252681
382,448,0.3180954370157805
420,54,0.3180776409818119
464,51,0.31807486802840107
381,345,0.3180724745418383
121,521,0.31806101425382916
420,644,0.3180082500910001
565,672,0.3179395414721956
464,215,0.31793076612820975
381,464,0.31792394189748047
381,571,0.3178639546825636
415,44,0.317837770301245
499,674,0.3178095260049588
270,211,0.3177964850557669
431,15,0.3177401823634093
121,349,0.31773807748084615
121,105,0.3176881947863658
420,112,0.3176634496581688
270,104,0.3176554909968321
270,327,0.31763114205290666
464,268,0.3176167264397279
12,648,0.31761203973542934
189,270,0.3175965601312542
381,340,0.3174630705759386
381,491,0.317456671244815
381,471,0.31741348659655755
464,627,0.3174093392462369
499,498,0.31736600562639705
189,255,0.3173308250324817
382,183,0.31730510792482963
381,625,0.31729070303070817
464,324,0.3172779276399693
121,580,0.3172037138952714
121,455,0.3171620766994845
565,671,0.3171371675164595
420,79,0.31712133308704715
565,17,0.3170284490876301
121,223,0.31702249491132595
382,263,0.3169961745935256
121,451,0.3169727581249134
420,499,0.3169444578541666
121,217,0.3169310424867337
121,20,0.3169226734739778
270,171,0.3169016774419854
420,467,0.31687363291366444
189,404,0.31685632177800555
381,281,0.3168245922931096
565,362,0.31681388010856826
499,225,0.3168003675756372
270,414,0.3167988451627154
415,59,0.31677082087828207
464,110,0.3167276450194155
7,293,0.31666633762865976
382,521,0.3166500356915485
565,570,0.31664203600914514
464,250,0.31661609375237315
270,306,0.3165128612577488
270,314,0.3164859209816017
420,546,0.3164683015937034
523,255,0.3164564643347538
189,327,0.3163969259288806
381,169,0.3163898307536019
420,456,0.3163550280034096
121,96,0.31634574234029134
420,239,0.31629093510777356
382,457,0.31629030365020755
12,649,0.31628626190853576
270,383,0.3162814407354628
431,550,0.31625605860313616
499,621,0.31621070505457094
565,409,0.3161889059528755
565,188,0.3161239652986742
415,121,0.3161139297342784
189,273,0.3160571437106928
189,577,0.31605079675891395
121,301,0.31604253487460415
464,80,0.31600376571612965
499,207,0.31595207368998995
565,169,0.3159397892246915
565,613,0.31593085090147977
121,235,0.3158925997013138
420,377,0.31586302024695434
565,378,0.3158565430460349
420,309,0.3158392280491403
415,423,0.3158306950762353
381,293,0.3157548247201608
415,638,0.31573710780655545
121,397,0.3157290829879341
565,149,0.31570585345450686
381,157,0.3156765302681464
381,457,0.3155894682335982
121,78,0.31558479603276623
121,654,0.31556800256345197
381,59,0.3155037049074903
121,545,0.3154900973237054
565,482,0.31539429501494465
47,454,0.31537712452099453
381,542,0.3151995088268852
464,134,0.31510300973382777
565,380,0.31510106286461764
431,241,0.3150931041857389
420,470,0.31507994680218426
381,358,0.31490249357635597
7,656,0.3148629422846459
431,500,0.314835326760807
382,86,0.31483379905778347
565,100,0.3148272059797195
464,147,0.314801194516997
431,78,0.3147637913943757
464,127,0.3147627815037096
420,581,0.31475799861061754
382,311,0.31472828352550636
420,196,0.31472809481722697
565,48,0.3146800441817917
382,423,0.31466887894881357
464,330,0.3146518603562966
565,280,0.3145817580298799
420,301,0.3145091177535221
565,255,0.3144942324754971
431,231,0.31445806926449804
431,410,0.3144052533568461
121,466,0.314329607492888
121,374,0.3142062369201275
12,410,0.3141913014460764
270,152,0.3141716941445094
565,151,0.3141491656482981
431,375,0.3140361130637475
165,44,0.3139742526958381
121,318,0.3139723526926393
382,347,0.31395618756415455
381,291,0.3139531227390312
270,9,0.3139318248403267
121,297,0.3139074067677194
420,682,0.313892714402254
381,390,0.31388222787446723
415,313,0.31383469186704016
270,69,0.3138225480071628
382,464,0.3138044498992918
121,204,0.31379449704534634
499,611,0.3137744982922995
464,69,0.3137659792445016
464,203,0.313764548641786
12,638,0.31372754889033283
420,680,0.3137206814144092
47,479,0.31368175982602997
565,387,0.3136708819658038
189,0,0.3136013650618812
382,114,0.31357958935602925
12,451,0.31353079246073734
121,277,0.3135254855682651
464,346,0.31352360870394996
121,372,0.3134863641820223
12,442,0.31346300844379343
381,421,0.3134508591899094
565,683,0.3134370985778523
12,511,0.31341785802338873
420,129,0.3133982520893347
189,106,0.31332518895836864
499,563,0.31331473764475903
47,452,0.31331000818518684
420,397,0.31327564517892403
382,39,0.3132716659861461
382,169,0.3132316467432456
420,28,0.31321830956749774
121,577,0.3132153080741141
420,45,0.3131784290742541
121,58,0.3131278672588343
382,13,0.3131220943244947
270,330,0.3130790735251143
382,64,0.31304657722393364
382,513,0.3129834797602328
565,407,0.31297451319780717
565,665,0.312908224451883
464,183,0.3128224107188196
270,283,0.3128166622421688
189,408,0.312801631688417
415,387,0.31275598101616103
47,394,0.3127305820133331
270,510,0.3127262973293542
464,677,0.3127162221802184
12,274,0.3127145290848239
499,605,0.31266653657600685
382,442,0.31253046897519343
121,14,0.3124270482480732
12,185,0.31238025782336193
381,233,0.3123765207860662
12,316,0.3123632797904098
431,455,0.31234652267094803
270,213,0.3123181095845318
189,31,0.31231788722919734
189,112,0.312306096549277
420,166,0.3123024438679451
431,539,0.3122932398354499
420,386,0.31218433852229655
270,564,0.3120837891387639
431,190,0.3120208008892057
565,173,0.3119720949279406
565,205,0.31192967703072944
565,603,0.3119188799663875
381,128,0.3119177574404995
270,21,0.3118793754290673
12,408,0.3118717154022201
270,114,0.3118188157238253
270,303,0.3118025957637097
431,460,0.31179798951378324
565,501,0.3117164106328806
381,608,0.31169522895114155
381,282,0.3116768828333099
270,549,0.31162219775886374
381,106,0.31155987114667477
121,112,0.31152330351771074
270,345,0.3115072551890986
382,399,0.3115066476493011
381,236,0.31147729479393016
415,257,0.31147018794011894
499,199,0.31141508765263487
270,353,0.3114085362012926
121,647,0.3113592446298658
420,601,0.31132936446096365
431,210,0.31132756224037117
381,549,0.31120641528295817
381,636,0.31120515844619034
121,180,0.3111006212425457
381,463,0.3110988190835636
382,623,0.3110956859230481
121,495,0.3110677473068949
270,137,0.31103469311486504
464,506,0.31095682245578354
381,224,0.3109427243174374
270,511,0.3109256583658815
270,602,0.310923087457859
464,234,0.31091126158848564
12,310,0.31090032631398373
382,389,0.3108572137204303
381,166,0.3108270325851972
12,40,0.3107970883324331
121,152,0.31078561011220684
270,333,0.31077049301641946
189,160,0.3107333909939722
381,532,0.3107267018167473
565,337,0.3107060062011221
270,206,0.3107029044355398
565,386,0.31067542047720875
415,386,0.3106744325858487
121,178,0.3106705700589513
420,68,0.3106404117488527
381,285,0.3106399059321686
270,400,0.3105511026369377
499,65,0.3105419859460443
382,199,0.3105411616164483
420,404,0.31053306814513226
189,42,0.3105175153718426
420,553,0.3105122624707256
381,204,0.31047078589768845
270,620,0.3104593670771849
431,219,0.3104515202116514
189,508,0.31043898441490736
420,195,0.3104321288189464
382,480,0.3104172590264686
565,164,0.3104117624698768
382,150,0.31035188929335406
382,639,0.31031318159101107
382,522,0.31028928821018825
121,412,0.3102764811738695
464,102,0.3102492825290779
565,609,0.3102043067936783
464,433,0.31019990887763704
382,172,0.31016333233587245
431,476,0.31016289270221065
381,447,0.31008770401564684
464,682,0.31001965019218497
565,122,0.309990663419708
565,424,0.30995614554969103
431,41,0.30992853601926545
381,7,0.30991661878326926
420,642,0.3099097133659712
270,109,0.3098780063082543
12,326,0.3098526089045371
382,107,0.30984154384532386
565,511,0.30979533057460396
420,91,0.30969813159328735
464,10,0.3096914055437895
565,527,0.3095439145057651
420,352,0.30935993770797177
565,213,0.3093472091527554
523,225,0.30932249305104315
565,356,0.3092615912015339
12,386,0.3092365223845106
565,399,0.30921217909832244
565,636,0.3092086345166749
189,402,0.30917597604885844
189,628,0.3091678066779243
121,499,0.3091045129769476
12,354,0.309083240145854
270,123,0.30903590970847294
381,286,0.309023822763268
382,363,0.3089971092018236
189,211,0.3089705419976371
189,20,0.3089007963164554
499,631,0.3088380531242849
121,436,0.30882976260278916
189,438,0.3088251531631914
420,40,0.30882400957038797
189,669,0.30877795313575834
121,465,0.30877600389775184
381,210,0.3087693094615449
464,303,0.308739588650643
420,486,0.30872106947720285
381,245,0.3087182152672819
523,667,0.3086658189729762
270,525,0.30866187612540874
499,30,0.3086612513424138
189,197,0.3086586715537074
47,602,0.30864912825685836
523,50,0.30863867111982607
431,395,0.30861823446630987
431,561,0.3085877862520466
381,27,0.308539948815333
420,635,0.3085105800885097
431,553,0.30850986524953866
420,337,0.30849731954114756
189,546,0.30849227775958793
431,454,0.30848810540387617
431,530,0.3084657666477424
420,640,0.3084384243118754
464,541,0.3084069632372373
381,669,0.3084025223436029
382,308,0.3083742272392213
464,438,0.3083736098045157
270,275,0.30830308410413065
270,299,0.30830143975965035
565,272,0.308279575023943
382,94,0.308259748209819
382,146,0.30823297501276486
382,134,0.30821991025424844
270,453,0.30821287975804446
121,569,0.30818180583472715
270,609,0.3081736102477961
7,253,0.308172577145498
270,56,0.30816363091581894
121,57,0.30815341763083526
565,364,0.3081491709309525
565,374,0.30808493130035336
420,361,0.30807369398665735
121,117,0.30804602409200177
499,246,0.3080319684857621
270,475,0.3079746852551788
499,488,0.3079540434848379
382,498,0.30790445257864235
270,190,0.3078936828872206
121,560,0.30788618421499414
189,149,0.3078844490319751
415,189,0.30788205619250825
420,282,0.30787002175886435
121,46,0.30785913268302106
565,91,0.30782397802280004
382,451,0.30781728892610427
12,357,0.3078081307974335
464,252,0.30776697079481014
381,369,0.30773348755702973
431,335,0.3077213571654959
415,658,0.30771818944850954
420,49,0.30771620320976123
382,99,0.30770697334160363
189,449,0.307678557069384
565,276,0.30765459164749237
565,4,0.3075802984601505
420,678,0.3074764517079101
464,54,0.30746650252385727
381,576,0.30743662871011423
270,420,0.3074153034123718
381,168,0.3073830425081502
382,140,0.3073562421092074
189,547,0.3073354651377448
189,310,0.3072757415243583
431,337,0.30726873030141605
565,593,0.3072654340384494
47,219,0.30720758963706485
431,610,0.30717033176891795
415,102,0.3071503691392155
381,257,0.30713006020215905
270,295,0.3070666677208599
12,325,0.3070484120536141
415,214,0.3070388955133103
464,64,0.30698115805508425
382,244,0.3069666006635929
420,621,0.30693106210192167
420,510,0.3069199902368051
12,573,0.30689920772790474
431,55,0.30688558032117985
121,518,0.30682805326939194
189,256,0.3068198647640625
121,462,0.30681561756250236
189,415,0.30680065346914487
270,45,0.30676392691527954
499,213,0.3067522278656571
464,240,0.30673311907556094
47,664,0.306714024682263
415,128,0.306707807888232
382,656,0.3066888480196694
565,258,0.30667238906665495
381,19,0.30666863433515656
165,252,0.30666566248311455
464,392,0.30665008524173504
12,240,0.3066480012292731
382,596,0.3065939648179532
381,370,0.3065769914431297
121,148,0.3065633574201772
270,402,0.30655516643963004
12,122,0.3065400822911652
189,295,0.3064900202369257
565,202,0.3064597224704864
431,623,0.3064116513209697
121,514,0.30640995744074523
464,477,0.30633848566923416
12,62,0.3063152147042358
420,179,0.3063060929890637
565,544,0.30626251421162437
189,454,0.30625370335772906
431,651,0.30625137575315087
121,603,0.3062332225551373
47,492,0.30622185436487964
381,160,0.3062124618221949
381,99,0.3061939670591134
420,374,0.3061825858978335
464,443,0.30617596006376474
382,683,0.3060428679236613
47,271,0.3060387477753965
382,196,0.3060188467836142
565,568,0.30599353988225253
565,357,0.30593204724896816
420,184,0.30592850058042664
565,19,0.30591119449491383
565,592,0.3058763943872705
270,122,0.3058588979084409
565,135,0.30584069889031956
121,171,0.3058089143162839
382,566,0.3057807945445455
382,292,0.3057191651402995
565,136,0.3056926724800183
464,313,0.305665869650232
565,95,0.3056622990770198
565,651,0.30563904723983903
381,687,0.3056170151877011
464,664,0.30561432687348655
464,647,0.3056071536621143
382,585,0.3055981528006955
270,156,0.3055932997385728
420,244,0.30558480948579914
189,230,0.3055814534849083
381,133,0.30557543474545656
431,372,0.3055708427849739
381,675,0.30556000620360807
382,28,0.30555564057319723
499,128,0.30552754564163037
381,616,0.30549171448195894
121,324,0.3054776249761118
415,421,0.30542220454357966
381,682,0.30538758357486473
270,259,0.30537983592135115
464,550,0.30533784098269556
270,431,0.30532610438182034
381,272,0.3053220269921797
420,384,0.305312105476424
382,364,0.30530310351779816
464,439,0.3052878393417973
464,48,0.3052792115646219
420,556,0.30527144313689186
431,381,0.3052694337371383
121,50,0.305231727100045
382,593,0.3052249995671413
415,315,0.3051993568114218
464,119,0.30516446844716577
121,652,0.3051117712284782
420,329,0.3051078296722512
381,568,0.3050994136812107
420,528,0.3050911011144355
381,347,0.3050872768855527
431,652,0.305063536373902
464,136,0.30503845185650014
464,271,0.30501460449586854
420,57,0.305004092396866
189,57,0.30499113460451793
121,85,0.3049534106737538
270,548,0.3049456675483569
464,27,0.3049320281548171
420,326,0.30490602007073037
464,593,0.304866911635366
420,494,0.304832235011614
420,33,0.30482741020670234
464,100,0.3047989859309371
382,560,0.3047977883188948
47,352,0.30476007831643687
121,544,0.3047459533202178
121,208,0.30472065315601354
565,86,0.3046960426675016
381,167,0.30469394393932914
464,73,0.30469367332234537
431,116,0.3046825517046071
382,675,0.3046600075192967
121,476,0.3046499660243552
270,151,0.3046314101796852
270,456,0.3046168956722175
464,337,0.3046034135008652
12,94,0.30459754481104545
12,176,0.30457589255359735
270,598,0.30454651777116326
464,601,0.3045432125351591
431,256,0.3045363176542496
381,402,0.3044943654126365
12,572,0.3044879673026347
565,23,0.30443800813816413
565,215,0.3044237383476904
420,116,0.30441601498155846
415,245,0.30439105458443844
381,249,0.30437649251845417
270,140,0.30437281923595766
381,153,0.3043156145223336
381,519,0.3042971261678443
381,295,0.3042695965832855
270,138,0.30424877085352314
565,304,0.3042434477382039
47,353,0.30423324464912166
381,137,0.30422716585543513
381,389,0.304161399813251
565,35,0.30415406157028696
415,573,0.30415262901008966
270,321,0.3041175202648027
382,132,0.3041144647351779
189,664,0.3041049236554624
499,414,0.3040935887433208
464,690,0.30405468205284936
464,678,0.30399313372768205
420,432,0.3039865832817465
381,331,0.30398415123594846
565,90,0.3039723875314657
431,459,0.30396218521351515
270,18,0.30394527624740064
382,512,0.303930832537107
121,551,0.3039258110534018
12,204,0.3038874064200966
382,65,0.303869319451388
382,397,0.3038601972634654
7,146,0.30385361889004625
121,645,0.3038238956512843
565,572,0.30378919602679294
47,150,0.30378104980845794
270,590,0.3037591001827571
382,682,0.30374380148397967
431,592,0.30372573579753587
121,268,0.30372023786496355
189,414,0.30366764218056735
189,683,0.30366538715672853
270,23,0.30363502915429913
121,639,0.30359099893056396
12,121,0.3035879356155217
381,448,0.3034926367402876
189,485,0.3034530003140971
381,142,0.3034345130100332
121,211,0.3033861187688013
121,658,0.3033785163313769
381,259,0.3033709630543021
381,671,0.3033613902082493
381,395,0.30330943738795574
464,469,0.3032968709553112
270,665,0.3032835959141719
382,604,0.3032570578838254
189,627,0.30324577386930396
382,643,0.3032304695447167
381,484,0.3032292970797877
121,265,0.3031868352947151
382,507,0.3031615491767251
431,525,0.3030987703243055
382,60,0.30308534534843906
464,211,0.3030813744264326
270,282,0.30304064070675546
270,471,0.30299169077520277
121,602,0.3029878133114123
420,262,0.3029860620171836
381,477,0.30294600782031605
415,202,0.3029244845727222
464,120,0.3028562031902999
420,77,0.30282704707825103
382,519,0.3027988592975216
420,480,0.30276847018807296
565,611,0.30274420230004123
270,364,0.30269713192118197
464,583,0.3026736498792012
420,320,0.30266773699849436
121,42,0.30265323986846526
189,491,0.302649783751815
121,379,0.30264401069384234
415,594,0.30262277474386673
270,467,0.30261255726111064
565,191,0.30255505313707376
381,155,0.30246300799472936
499,530,0.30245101365360183
7,76,0.3024315566422121
381,520,0.3024193960988606
565,397,0.30238523113245214
382,450,0.30238331068090657
565,515,0.3023831525371781
565,444,0.3023714084856193
189,288,0.30235357043864014
415,5,0.3023527613981139
464,386,0.3023429348559401
12,450,0.30233833276357513
381,211,0.3022357215135815
464,468,0.30223075211627815
382,291,0.3022189634703379
565,631,0.3022098396617981
12,671,0.3022027370205279
382,259,0.3021600237213555
12,532,0.3021367574549212
420,597,0.30210612167986295
420,614,0.3021009699420842
420,676,0.30209080671618066
189,242,0.3020605942868428
121,181,0.3020471667769406
464,509,0.3020457065451131
382,435,0.30203449072536037
415,123,0.301990852146877
464,617,0.3019778439686497
381,383,0.3019690000782263
381,450,0.30194250217469143
121,30,0.3019354614925448
121,595,0.3019157811546253
420,409,0.3019117293802198
464,207,0.30189081899903053
270,487,0.3018815098188914
381,20,0.3018760483921185
431,260,0.3018627943675745
189,341,0.30184644497550944
189,269,0.3018162938106489
420,114,0.3018050811657508
523,243,0.3017641369354686
121,650,0.3017003935729715
381,581,0.3016811748396271
121,640,0.30167506753819145
420,560,0.3016728475292237
499,501,0.30167001088171175
47,558,0.3016499480505388
270,257,0.301620612278923
415,157,0.30156671999113105
464,219,0.30152415895600576
189,601,0.3014518844460465
565,292,0.3013912081522186
565,341,0.30137817250428406
565,123,0.3013725993742506
47,427,0.30133584267489744
565,522,0.3013346881099662
464,398,0.3012567838825923
121,252,0.30125257627271146
189,77,0.3012414468186999
420,280,0.30119516487184467
565,529,0.3011817733080256
415,136,0.30116023609377607
7,36,0.3011598754252968
499,619,0.3011072928571819
189,594,0.3011070027629934
189,645,0.30109480792178284
382,222,0.3010945089365036
499,356,0.3010420238296591
565,354,0.3010401276405796
464,259,0.30103022881101127
420,403,0.3010127492535545
12,446,0.30097639018943534
12,184,0.30095688362937423
121,384,0.30095572396267894
121,375,0.30095196010890474
565,300,0.30094694108994074
420,15,0.3009135986775078
565,676,0.3008702105708668
499,545,0.3008450653046734
121,674,0.3008410445822637
189,248,0.3007663436930644
381,67,0.3007392213852512
382,345,0.3006932013113933
382,624,0.30068248377111567
189,265,0.3006629686097478
121,101,0.30063070590896596
565,184,0.30057545490642545
382,220,0.30056766941628843
565,2,0.3005596169049441
415,447,0.30054858955310565
382,672,0.30054371146267833
565,178,0.3004889131965983
189,239,0.3004775968297281
47,442,0.30044970735092186
270,225,0.30044266361081245
189,450,0.3004386671954002
499,340,0.3003969418773688
381,189,0.30036855151834885
121,168,0.30036192435840364
420,7,0.30035299317716796
270,570,0.30032109602654866
420,158,0.30025786378852903
381,495,0.3002383848761488
415,593,0.3002003426222094
565,286,0.3001985610384956
121,667,0.30019735449564283
565,690,0.3001957263794084
415,637,0.3001946540474632
121,508,0.30012817260610725
382,663,0.3001162009675295
270,597,0.30010897873118736
431,384,0.3000939595526431
270,89,0.3000865080276285
381,207,0.3000856326163472
47,63,0.3000643034899905
420,96,0.30005421535298665
382,161,0.3000388373262992
420,22,0.3000381604801497
381,32,0.30002733963478506
431,314,0.2999507832208299
189,652,0.2999484908195018
565,175,0.2999341752713099
499,471,0.2999307634471064
464,648,0.2999073601174179
565,398,0.29987247720877164
431,293,0.2998722947475885
189,168,0.29986804139433976
12,105,0.29985876736098144
381,585,0.2998581494651002
382,425,0.29981722023054413
565,243,0.2997112633815842
121,219,0.29967798574402527
12,4,0.2996412993582123
565,686,0.29963988939671876
420,323,0.299628580437376
420,254,0.29961623151028544
121,194,0.2995997623883831
565,330,0.29957692417661824
420,72,0.2995767537179325
189,178,0.2995634937641945
381,121,0.29953576802826104
420,0,0.2995308384442726
464,596,0.29948481864057563
381,230,0.2994776882166209
565,155,0.2994708654488038
464,453,0.29945222109600556
420,223,0.2994438289493238
420,542,0.29943718147525
420,16,0.29942168954403714
382,51,0.2994022291033232
420,633,0.29939527340858596
382,599,0.29939209068247546
270,385,0.29935285690848995
270,234,0.29935168684442176
420,151,0.2993465785233267
415,557,0.29932527580935847
189,670,0.2993067774980007
464,75,0.2992959442418037
431,321,0.2992860025910084
270,170,0.2992411849854847
464,427,0.2992300694490986
270,667,0.2991847670839404
431,48,0.29917920187062336
270,244,0.2991661563676159
381,561,0.2991654780449534
420,543,0.2991641132443937
464,334,0.29915564063574035
382,476,0.2991308011023274
121,141,0.2990871637528349
189,25,0.29908459707734414
381,163,0.2990822238527769
420,629,0.2990802648472581
381,250,0.299066536180032
47,231,0.29902984258051574
189,59,0.29902868010413963
270,255,0.29901569727242744
270,132,0.29901504310203597
270,309,0.29898612709611166
189,684,0.2989820066747608
499,584,0.298937747866232
270,216,0.298908135153828
189,434,0.2989013425765121
382,415,0.29888035944878
189,424,0.2988748460351507
464,33,0.29878404184757035
121,409,0.29878051369223657
464,190,0.2987598517989851
420,632,0.29875362687453205
189,278,0.2986782502745605
420,224,0.2986738327725644
381,201,0.2986550468611857
420,572,0.2986387409534818
47,187,0.2986384170591366
382,405,0.2986176964751006
270,567,0.298612225694405
381,144,0.2985944400236862
464,465,0.29856776005265867
382,491,0.29852685470129126
270,33,0.2984850797064731
464,581,0.29844133954216584
381,97,0.2984003682051152
381,401,0.29839558900868673
565,582,0.298377625568759
12,129,0.29834625995155484
464,456,0.29830673811028735
382,551,0.29829764882012516
381,78,0.2982814744762465
565,656,0.29827553287553804
47,342,0.29825763309633824
270,194,0.2982359369413546
189,340,0.298231690832331
12,616,0.29820359743840386
381,678,0.29820293779653845
121,291,0.2981843643054172
270,562,0.29816510622364706
565,306,0.2981030773331377
270,464,0.2980913639993635
431,79,0.2980686438679272
565,366,0.2980054589320934
381,500,0.2980036488389313
499,266,0.29797129103593106
464,442,0.2979600116203614
47,546,0.2979304899495561
165,686,0.29790270717842193
420,235,0.29789839241815225
464,434,0.2978940768583226
382,212,0.29787102444010505
381,229,0.29783967535876926
382,478,0.29783407457886085
420,564,0.29782771249155765
121,531,0.2978197413867503
415,632,0.29780185699477
420,481,0.29779254194172317
189,6,0.29776947638649087
121,556,0.297739532098299
565,64,0.2977067637882276
415,663,0.2976855594159746
270,93,0.2976843719305845
121,423,0.2976709028260856
464,634,0.2976280222801868
431,469,0.2976210164801703
382,554,0.29759840117673514
189,36,0.2975802216723292
382,433,0.29757954848269363
431,124,0.2975688866274484
189,368,0.2975572289434195
420,299,0.2975047185756157
415,104,0.2974707739724637
565,165,0.29744998045172605
420,446,0.29743960483255977
464,448,0.2974386000996828
431,676,0.29743242924011054
499,64,0.29743219037494945
165,638,0.2974147883384487
464,462,0.2974066320655076
121,523,0.29738732436045895
121,102,0.2973854005447102
121,463,0.2973736249063782
523,84,0.29736700831972795
189,155,0.2973656894367149
565,639,0.2973051599749662
464,373,0.2973047156920597
381,10,0.29729645769060487
464,630,0.29728789855482823
189,407,0.29728136831739643
420,257,0.2972717485847819
420,5,0.2972383054291406
121,224,0.2971568525441908
270,459,0.2971358505266717
381,175,0.2971299762803361
270,311,0.29710171829108994
121,4,0.29707809256054596
431,99,0.29706031618716
565,187,0.29704085210688136
382,231,0.29701542250032137
415,389,0.2970148442009862
381,365,0.2970130236254542
189,403,0.29701213882880834
382,152,0.2970030577134904
415,32,0.2969817158861314
47,72,0.29694338165512196
382,282,0.29693181356993187
420,98,0.29691578813166813
12,132,0.296876198381142
189,174,0.2968721198284491
565,646,0.29686691675231275
12,541,0.2968640148395926
431,508,0.29681600336019043
565,172,0.2968029318858759
189,515,0.2967769963666173
189,464,0.296720997607899
565,331,0.29671590793689284
381,498,0.29667756388803257
464,145,0.29665622247863965
381,478,0.2966496712522554
565,373,0.2966325092672082
121,331,0.2966055665300034
464,388,0.2965674459140765
415,612,0.29655473659786474
382,178,0.2964629763999586
381,577,0.2964587056171631
47,201,0.2964560578502855
270,654,0.2964379745802699
565,628,0.296434624487419
270,288,0.29642085501623655
565,655,0.29641944305151496
381,184,0.29638362675117397
420,376,0.29630872448186285
189,544,0.2963067903833101
47,285,0.2963062074529613
381,33,0.29630381515206866
420,89,0.296255660133612
12,415,0.29622421019946
499,269,0.2962135703058163
382,499,0.2962036784536817
415,30,0.296122877648239
464,566,0.2961140651642182
415,550,0.2960970430501204
565,323,0.29608914175719525
415,665,0.29606255408831395
431,472,0.29605330603439917
270,172,0.29603997716389285
12,273,0.2959828028747326
381,664,0.2959344801275785
420,143,0.2958966486490621
189,226,0.29588668544864427
382,463,0.29588229125191823
499,13,0.29588051924229436
189,122,0.29587325890240185
189,81,0.29574579708183835
420,102,0.29574402528809535
47,632,0.29573932360653127
381,60,0.2957329009020758
464,667,0.2957075275276805
12,402,0.29569910121698256
431,94,0.29569272202468155
431,249,0.29568344938958663
382,484,0.2956795260488555
189,208,0.29566847154213793
382,129,0.29566093653457093
499,85,0.2956568548036522
381,25,0.29562845231582774
464,344,0.29562265436741053
464,441,0.2955649577797759
189,681,0.2955534466097045
499,6,0.29554793839366755
382,523,0.29553295149363373
420,498,0.29552360288290613
420,375,0.2954879541308566
565,476,0.2954751440217441
165,533,0.29545281210399477
565,334,0.2954454171177402
420,182,0.2954032780087495
415,175,0.2953949716304123
464,542,0.2953879410419217
189,131,0.2953662518326763
382,195,0.29534568433826186
381,596,0.2953401840813128
420,201,0.2953352408600131
464,22,0.2953018188644309
464,359,0.29527314920665343
382,540,0.2952727088972387
565,483,0.2952701816783423
270,578,0.2952565796600847
189,279,0.2952252333012936
382,241,0.2952105072303645
381,51,0.29510461296927654
121,62,0.2950919659433882
431,302,0.2950826985537983
464,150,0.29506669648226874
189,390,0.29504798847106156
47,464,0.2950393842867852
415,135,0.295034669974102
47,457,0.29503383715993325
189,138,0.29500850115549637
382,165,0.2950066979754532
270,227,0.2949821850257247
420,313,0.29497993982397863
189,216,0.2949704750275227
565,634,0.2949682678423078
499,449,0.29494368385593234
270,687,0.29493848755860386
565,41,0.29485218935794283
565,27,0.2948449079820156
12,234,0.294814974410614
420,164,0.29479135954029617
382,556,0.2947912420030436
464,395,0.29478930740821996
121,267,0.29478333471766405
565,22,0.2947721799323325
420,231,0.2947720898982164
415,56,0.29472189863731596
420,243,0.29471622961016514
420,203,0.29470572480771257
420,242,0.29470079417131906
381,217,0.29469240496698884
382,646,0.29467711054920187
12,542,0.29466170015273146
464,331,0.29465849628311835
565,447,0.29464790287000875
464,530,0.2946363279925379
565,204,0.2946254740401491
565,16,0.29461222818102756
415,165,0.2946061904264815
420,522,0.29456613728317554
189,568,0.2945219832102662
270,532,0.29451020620422885
381,53,0.29449151326380874
381,149,0.2944912702517187
121,328,0.29447579919205447
382,477,0.29447150314282006
12,684,0.29446912215932214
189,678,0.2944639941502049
420,605,0.29445465110749547
121,511,0.2944478303471031
47,362,0.29443510807118534
270,428,0.2944274475751932
420,662,0.2944097743938636
121,579,0.2943927228341547
464,502,0.29436128012358964
189,7,0.2943592216687941
420,41,0.2943291268892359
12,391,0.2943214656765365
189,243,0.2942949053306949
12,160,0.29427902640383613
189,397,0.2942604919732158
565,11,0.294244278642271
270,281,0.2942151435757307
499,153,0.29418406025796834
464,299,0.29415982506672234
189,574,0.2941478633649708
420,417,0.29413381617316764
420,55,0.29408741227670027
12,236,0.29407901959194144
420,25,0.2940277834084207
381,100,0.2939562451834247
382,143,0.293944353234122
189,425,0.2939279986754818
565,346,0.2939194174102073
121,90,0.29391486429454755
464,618,0.29391061982771083
189,43,0.29388860146458406
12,687,0.29384110587297735
121,37,0.2938393800787558
565,132,0.29382886396362595
382,590,0.2938281871464251
382,163,0.29382101332907606
431,450,0.2938047580545541
47,284,0.2937749116394984
189,121,0.2937666112116053
121,642,0.2937544144848043
270,391,0.2937534546081921
415,646,0.29374144264910873
499,288,0.2937414331465381
189,286,0.2937361845242151
464,108,0.29363962819636735
565,663,0.2936353089113264
121,243,0.2936110584527264
381,109,0.2936087910025229
381,322,0.2935778258996251
382,270,0.2935617691959447
189,432,0.2935597207173185
381,276,0.29354608810313604
420,341,0.2935283922983198
415,325,0.2935158436005775
270,490,0.2934656952181827
464,249,0.2934547593293977
464,137,0.293419312310287
381,138,0.2933713997849754
12,612,0.29335859613180915
189,500,0.29335573704646833
381,64,0.2933279655088063
499,548,0.29332456008865215
420,165,0.2932932651041278
381,539,0.2932863438736827
121,199,0.29328298118211504
420,353,0.29325887831955755
270,252,0.2932544698912706
420,8,0.2932429719641033
121,167,0.29322420033908997
165,666,0.2932038433183857
270,469,0.29320167151543575
431,345,0.2931733552969489
270,611,0.29315481244826713
420,187,0.29315221257961815
464,11,0.293129628425898
420,401,0.2931147595224326
420,148,0.2931075952714774
121,131,0.2931004269115094
381,434,0.29308464729068984
464,553,0.2930688182901631
382,217,0.2930557632098553
189,282,0.29305472116682274
565,259,0.2930542454967423
381,43,0.2930282442635879
420,672,0.2930265024676698
464,165,0.2930236480825913
565,179,0.2929962654480927
420,100,0.29299507510978245
464,195,0.29298497547245944
121,613,0.2929816121225613
189,267,0.2929596593138911
565,150,0.2929443031778498
382,621,0.2929433461397428
420,490,0.2929117264514321
382,620,0.29290963274279874
382,383,0.2929015367112943
381,62,0.2928776123375356
565,536,0.2928739285487056
189,238,0.2928609124761029
420,433,0.29284687800394094
420,156,0.2928397185264408
189,553,0.292827396972098
189,385,0.29281820902948436
415,312,0.29280768051681766
420,101,0.29279479527123253
431,425,0.292780397018695
270,631,0.29275454574855814
420,35,0.29275296448434296
382,506,0.29271291750138295
382,688,0.2926801740264983
381,410,0.2926377146125087
565,595,0.29263271526632195
189,671,0.29260153335298034
420,562,0.2925922661920173
464,360,0.2925816187897479
565,133,0.2925479390183283
189,54,0.2925444296683107
189,357,0.2925392224665689
420,339,0.29253857898636026
382,465,0.29253856795375927
420,194,0.2925376239812591
415,286,0.29253654106051746
464,513,0.2925292549954177
12,655,0.292524536013245
47,420,0.2924986861432195
415,396,0.2924865871552031
523,325,0.2924819069391568
420,198,0.29247334560838756
189,689,0.292461217260952
12,321,0.29245401337238397
381,489,0.29243075525807327
464,53,0.29242848945814626
381,522,0.29240857440023915
382,673,0.2924060857111054
415,124,0.29234397903297765
464,655,0.29230950096317676
270,297,0.2922947781565656
12,15,0.29228621120073817
381,514,0.29226674315913215
121,320,0.29226508111354715
431,105,0.29226252164227473
189,558,0.2922199932456555
431,301,0.29221537839358436
499,552,0.29217989714191533
12,276,0.29215920590242256
565,446,0.29215272306844253
565,198,0.2921297337723499
121,228,0.2920972570070412
189,470,0.29209368182103074
415,429,0.29209238875332866
420,73,0.2920922727592914
464,19,0.29207875432391045
431,204,0.29206631124569693
381,92,0.292061954124382
415,316,0.2920612803629444
420,415,0.2920573027981234
121,184,0.29205331766886916
420,355,0.29201334642839055
565,234,0.29200556249571197
420,365,0.2920017431417347
189,384,0.29195820046031973
464,222,0.291913281784683
382,312,0.29190653427980684
381,297,0.2918992694705482
499,99,0.2918866962836263
464,67,0.2918776775233069
499,367,0.29187147529676455
565,687,0.2918444250790785
189,614,0.2918348789550184
189,132,0.29180389247680694
270,107,0.29177723086627333
189,171,0.291766880259198
382,654,0.29176147535019675
381,439,0.2917151343701825
270,389,0.2917081166150563
381,301,0.29167964472317587
565,673,0.2916678364670193
121,54,0.29163673263690565
382,289,0.29163525876150165
121,571,0.29162385785031597
420,544,0.29160779316586727
464,377,0.29156438804979806
431,267,0.291564146920744
415,336,0.2915621765279118
464,482,0.29154761138177093
270,13,0.29153304785068895
270,51,0.2915284661289246
420,535,0.2915001043066179
121,195,0.29149009439757306
189,484,0.2914803946977693
565,404,0.2914786254841923
523,666,0.29146904462662226
121,407,0.2914380098669747
270,157,0.2914362072778011
121,202,0.2914292677423095
420,665,0.29142869698059787
565,574,0.29141901593049235
189,218,0.29141667627789886
431,572,0.291416366879948
189,237,0.2914014472329371
12,579,0.29134168225307916
382,369,0.291325107764131
189,364,0.29131823758887115
464,382,0.29131331801619414
381,655,0.2913123601512139
420,599,0.2913063303671858
420,477,0.2912895873986003
189,78,0.29126507829542203
420,362,0.2912544417800821
464,55,0.2912484805666502
420,595,0.29122039796985816
415,141,0.29122014606608515
121,610,0.29121746726116127
381,460,0.2911195996154093
420,88,0.2911086848187955
7,352,0.29103869865605675
499,480,0.29101538306159813
464,401,0.29100144818725054
121,448,0.2909679583489641
420,331,0.2909568740202849
431,607,0.29093679775019154
415,84,0.290928495882896
12,332,0.29092591043890526
189,376,0.29091562138154925
189,363,0.29087800948712866
415,577,0.2908696948424513
431,101,0.2908596550869435
381,424,0.2908504544878443
382,489,0.29082904645780877
382,123,0.29080273529355877
189,661,0.2908005785461346
420,11,0.2907895964853728
499,232,0.29078904921291354
189,90,0.29077407673029404
464,41,0.29075765487694766
12,157,0.2907534554210888
121,403,0.2907521898312102
270,149,0.2907510490719145
381,438,0.2907308667608828
382,466,0.29073064664679593
420,356,0.29072193946522673
420,622,0.29070159543219076
464,12,0.29067489509143674
7,198,0.2906645546255203
121,272,0.2906610970765402
121,276,0.2906563280697092
382,398,0.29063490765074934
381,567,0.2906289000310382
415,137,0.2906112694161906
382,50,0.2905820524035528
7,452,0.29056814569107986
464,179,0.2905653275763268
420,497,0.29054156540894
189,494,0.290518736120527
12,489,0.2905050888082366
381,197,0.2904406026567522
499,557,0.29043965166553504
415,51,0.2904148313016865
420,448,0.2904145801151602
121,330,0.2903994163869931
47,113,0.290365957437476
12,434,0.2903315136878849
382,280,0.290327282002241
420,547,0.29032669738047073
270,387,0.29029869229840655
565,457,0.2902927113371027
121,146,0.2902692357543032
420,260,0.29024686837248276
464,227,0.29023973061901853
420,85,0.29023266140537884
415,173,0.29022762845883554
189,622,0.29020450465059644
381,8,0.29019203434422086
270,258,0.29018379581631315
382,197,0.2901692582114036
270,495,0.29015881941852395
565,247,0.29015875709515543
420,576,0.2901510925075962
431,58,0.29013806626468164
12,628,0.2901278611374836
464,511,0.29006011844115637
189,53,0.2900411394197674
382,168,0.2900211681749471
12,351,0.29000275648242757
464,568,0.29000107788631696
464,34,0.28999438911398906
270,466,0.28995278173184036
12,672,0.28993466847237503
431,529,0.2899333565809929
382,42,0.28991761739254296
381,112,0.2899091423945083
431,418,0.2899069671283315
464,561,0.289884583774506
420,50,0.2898546827614021
189,441,0.2898499074372883
47,15,0.28984281157030983
431,170,0.2898339108170163
121,300,0.28979395710851985
565,145,0.28978609028743174
189,89,0.2897582639261839
270,462,0.28975233325954886
415,622,0.2897471067974802
420,594,0.28971450921169795
420,332,0.2897097076311887
189,447,0.28968712979098304
464,665,0.28968015662708757
464,121,0.28967372735683466
523,5,0.2896690921365226
431,690,0.28965815152717656
420,202,0.2896420983017703
420,517,0.2896078816257421
382,227,0.2895606725742905
121,264,0.28955528984919576
12,544,0.2895368722053571
121,74,0.2895346182253533
270,214,0.2895117405153135
464,413,0.2895065605892972
381,174,0.2894929143668978
189,246,0.2894529041003945
420,540,0.28944589529157816
381,587,0.2894116245912519
420,252,0.28939906624788525
12,197,0.2893976838052174
382,368,0.28939605916112116
464,3,0.2893884321645422
464,241,0.28938082796117753
382,634,0.28936489681262834
565,78,0.2893500839966381
382,6,0.28933945040540954
565,377,0.2893043475593658
382,690,0.28929034888308885
189,184,0.2892831361153723
382,603,0.2892739790495038
381,392,0.28925884782947087
420,53,0.2892172090858944
499,165,0.28917345195896293
270,237,0.28917278732808605
420,399,0.2891630712244315
431,546,0.28915189850060746
121,452,0.289148223372649
499,484,0.28912863282367834
381,304,0.28912476376849255
415,296,0.28910639538189203
270,437,0.2890999381518319
464,311,0.28909638836059903
464,620,0.2890643309800322
270,264,0.2890602912505912
464,624,0.28906013670704916
415,405,0.2890258477621621
420,438,0.2890137725498157
47,487,0.2890101827776542
382,275,0.2889994916629062
464,649,0.28899102438238566
12,43,0.2889780736395439
189,532,0.288963508003813
420,176,0.2889544110553441
7,493,0.28895057630295085
464,264,0.2889439661391331
431,130,0.2889253699952446
270,646,0.28892286725458866
121,120,0.28889069144729485
420,167,0.2888833210551261
382,133,0.28887816855127557
464,510,0.28886411309837673
189,510,0.2888187332037703
415,145,0.28880963117561237
415,314,0.2887991347765643
464,396,0.28879461582868327
499,200,0.28878473373838737
270,413,0.2887763825983399
381,650,0.28876585149493894
270,663,0.2887256948010336
270,596,0.2887023468288849
382,447,0.2886863216924363
189,79,0.28868470970228605
420,276,0.288670553979293
420,631,0.28865687692236136
420,357,0.28863679857166863
47,535,0.2886287934876647
12,173,0.2886100363901539
565,353,0.28860400134806435
12,363,0.2885828870834151
431,589,0.28857675629506785
431,365,0.2885717135644998
382,240,0.2885236556102482
121,69,0.28850670791620187
464,394,0.2884963091974482
121,165,0.28848796522180303
189,418,0.2884825054163358
47,305,0.2884804217271232
499,612,0.28846895408755774
415,119,0.28846494556489155
382,356,0.2884581114300936
420,105,0.28844819113271747
121,16,0.2884286052222307
420,157,0.28842146304701843
12,159,0.28841606609216225
189,688,0.2883956671028996
189,409,0.28839393377979666
420,473,0.28837715821773346
121,450,0.2883606036146586
565,249,0.28831250151591126
381,467,0.28831097645593073
464,223,0.28830712001929315
415,505,0.28826687188349265
464,428,0.28825195891558053
382,427,0.2882362402307117
415,501,0.288232650648167
464,101,0.2882266216543492
189,665,0.2882255071856609
523,372,0.28818367897267017
121,183,0.2881340396166294
12,598,0.28813296013669554
523,602,0.2881287528670086
464,298,0.2881190596261191
420,646,0.2881133130045052
420,523,0.2881086602072407
420,445,0.2880920169652535
499,564,0.2880687875848974
121,410,0.28805321240508075
270,249,0.28804080317706227
420,671,0.2880071643629017
7,1,0.2880012015485364
565,433,0.28794165712407427
121,621,0.28792598678184855
464,660,0.2879010282293754
381,40,0.28789483956343215
189,655,0.28789455011601056
565,376,0.2878830450070801
47,17,0.28785969043475346
381,400,0.2878558862233385
121,249,0.28784622490146305
12,526,0.2878355742243823
189,200,0.2878308183467322
431,392,0.2877750459347111
420,335,0.2877656348158056
464,326,0.2877546121153693
121,176,0.28769890658262626
189,82,0.2876975250419286
420,489,0.2876486903754809
270,280,0.2876400569552401
415,545,0.2876396600003023
381,376,0.28763226944062753
420,414,0.28762953101394184
47,322,0.2876274973234809
12,570,0.2876251661980919
121,100,0.28761515688036965
121,385,0.28758648796635056
420,527,0.28758228181621254
189,351,0.28756618751420393
270,55,0.2875404877276454
420,295,0.28752819369588295
565,384,0.28752318138672106
499,540,0.28752193544586163
420,453,0.2875134491591952
464,81,0.2874920177346517
415,169,0.28748669013117284
189,300,0.2874555188994802
382,253,0.2874490348978333
12,90,0.28741538178934134
420,2,0.28741042430056984
464,495,0.28740222246425606
565,225,0.287389592943385
499,90,0.2873850258029434
382,276,0.28734909390050944
431,524,0.287334259250243
382,475,0.2873005354191674
565,657,0.28729968222707714
381,185,0.2872945098251256
464,272,0.2872681478589847
270,581,0.2872487588936195
420,524,0.28724576822214415
565,563,0.28722169839657863
420,625,0.2872202235331833
464,675,0.28721599461975705
431,140,0.2872084680787936
499,178,0.28717998835340564
189,203,0.2871789846682998
121,568,0.2871686155471937
420,171,0.2871075912715686
420,121,0.28710047981153203
464,673,0.2870933992311219
415,129,0.28709257195560134
420,436,0.2870886244992205
381,266,0.28708561511739206
270,88,0.28706884770890057
420,322,0.2870560820868914
121,592,0.28705311022190866
431,104,0.28704799646309265
420,373,0.2870393250216549
121,325,0.28702629378298006
381,473,0.28700215870554424
565,413,0.2869941829680372
189,562,0.28697315748089736
121,197,0.28696885024431973
415,267,0.2869663396397128
415,491,0.2869332591593923
121,497,0.2869323511890622
189,498,0.28693133722871134
47,651,0.2869218712554187
382,445,0.28690420664183613
431,37,0.2869026277836314
420,146,0.2868913696916244
499,22,0.2868763457871468
523,339,0.2868438849678018
523,256,0.2868213887558275
121,214,0.2868207879255255
382,128,0.28681389718748146
381,83,0.2868091238170679
121,445,0.2867914700602778
270,674,0.28675447628683726
431,38,0.2867491036482216
189,123,0.2867356691827966
523,248,0.2867182374412672
431,389,0.28671821465555625
381,234,0.28669272225116954
464,228,0.28668174813847547
121,432,0.2866619141286425
499,46,0.2866374896640313
270,243,0.2866278287008333
189,626,0.28662665752155814
189,283,0.2865855435751852
420,602,0.28658539587068793
565,347,0.28657998921554606
121,23,0.2865792120689485
12,186,0.2865782619284063
464,261,0.286577955018685
464,36,0.2865669395296439
121,334,0.28655415666809453
565,45,0.2865529787807373
189,39,0.28654655174489657
121,656,0.28653977578411294
189,565,0.2865361745102061
420,429,0.28653257443463914
189,578,0.2865032122183952
464,432,0.28649383878867063
415,317,0.2864848259020453
121,323,0.28648408954378135
431,127,0.286456705031864
189,571,0.28644589971025525
270,166,0.28643523735733667
565,129,0.28641734153840437
382,400,0.28640461157528563
12,678,0.28638396676611466
415,390,0.28637744665672266
464,329,0.2863709327800284
431,47,0.2863418528863881
464,387,0.2863413399036623
381,481,0.2863385109757636
431,678,0.28633734086659335
382,353,0.2863348121221897
464,594,0.2863125972317751
270,71,0.28630571801115967
12,165,0.28629212438197243
420,593,0.28628118589777096
431,292,0.28625175854275076
381,476,0.28623931283951026
420,394,0.28623433523164254
189,421,0.286213970170738
189,182,0.286187653697185
381,188,0.2861791741132097
415,171,0.28614886241039755
381,339,0.28613120695135313
565,351,0.28611809737484334
499,11,0.2860966126959955
382,52,0.2860565598478902
270,568,0.28604345159263195
415,98,0.2860403718101523
381,462,0.2860250389957376
523,679,0.2860115498815008
382,267,0.2859996789973098
381,171,0.2859952928015726
270,22,0.2859908939563916
420,637,0.28593982704285936
121,459,0.28593718754042635
12,683,0.28593367029446204
382,409,0.28591090272018055
464,32,0.285875286425917
382,336,0.285853802814385
121,500,0.28583456095044146
270,261,0.28582497386755273
189,262,0.2858124641278294
499,123,0.28579408511493676
382,29,0.2857853348341977
12,596,0.2857817738292319
420,385,0.28575694963381404
121,122,0.2857516963030803
464,178,0.285743929518052
565,55,0.28573028945964335
415,259,0.28572645593338825
381,393,0.2857243790806538
12,397,0.2857192470525912
420,249,0.28571447674919104
420,439,0.28570105638540555
565,556,0.2857002077189087
415,570,0.2856906554080393
565,222,0.28565339925984745
382,494,0.28563776495869453
499,417,0.28562097115970375
121,380,0.2856125672069663
121,339,0.2855993821524001
431,165,0.28556576342073275
270,41,0.28555447353022545
189,356,0.28555090181352083
270,427,0.28554860821891126
382,80,0.28550160091191806
381,84,0.2854851968870129
47,431,0.2854825394032178
420,153,0.2854775479131106
420,293,0.28546334297153664
420,442,0.2854009405827528
420,177,0.2853625529167867
382,582,0.2853509533713025
189,576,0.2853225575767453
270,628,0.28531556123586643
189,401,0.28528069672600187
189,18,0.2852586084913782
420,21,0.2852493965840642
270,14,0.2852139872188696
415,689,0.2852102546356797
420,317,0.2851735679070734
121,269,0.2851684139331308
431,606,0.28515814871864487
415,599,0.28511722977041154
121,473,0.2851154660848725
565,3,0.28511117350744586
381,275,0.2851076771301696
420,273,0.28509900466450305
189,222,0.2850979338264738
382,251,0.2850887420908099
420,197,0.2850697257870503
499,389,0.2850673883812801
12,679,0.2850538224156377
12,485,0.28503623393598293
121,557,0.28503481494616373
189,328,0.28501949612461325
464,625,0.28501806973771077
420,205,0.28500480709171694
382,376,0.2849952182391985
12,593,0.28498842478993186
189,276,0.284972057673859
523,459,0.28496669536912617
565,200,0.2849624319578521
189,420,0.2849609379930796
382,44,0.2849576885069094
415,2,0.28494821184343183
121,661,0.2849454075026456
420,92,0.28493258929182774
431,600,0.2849294664783235
565,265,0.28492225912273195
381,215,0.28491224288239825
420,178,0.28490911028456906
165,169,0.28487880170520175
381,232,0.28486746810276026
431,39,0.28485548091583374
270,678,0.28482682402583925
382,137,0.2848260090097562
464,640,0.2848160893879672
121,509,0.2847797104133963
431,43,0.2847745098797988
121,201,0.28476261429101934
565,278,0.28473030328290533
47,101,0.2847151083453885
189,303,0.28469578226409714
121,39,0.28469281094938126
499,66,0.28467523010468593
565,541,0.284669933268989
382,548,0.2846643967941083
420,691,0.28465831144876813
47,307,0.2846540657018308
464,496,0.2846348721489188
381,640,0.284620295570782
12,557,0.28461166889824413
523,350,0.2845844528844192
431,286,0.2845806994401933
420,658,0.28456325536128174
499,133,0.28452967795645073
420,504,0.2845280079378794
47,1,0.28452590599642424
270,34,0.28450641271771854
381,195,0.2844981042416113
189,386,0.28448691007631477
431,634,0.28448079990671066
565,34,0.2844694586702202
381,146,0.28444271323607
499,374,0.2844280966123838
420,624,0.28441563004273523
7,222,0.2843935716500664
12,51,0.28438432040310363
381,74,0.28438340248103305
464,226,0.28438319266807954
382,62,0.2843744593074183
431,534,0.2843695573806912
381,556,0.2843453633476504
382,414,0.2842836688052319
382,156,0.28427314091249956
382,331,0.2842702594087312
12,21,0.28426360126501415
565,104,0.28423528848449575
415,42,0.2841978960680001
381,41,0.2841531865210301
381,246,0.2841325258928637
189,524,0.284081395283114
121,189,0.2840743997625735
415,86,0.2840494173560357
464,168,0.28404549375365834
121,657,0.2840089644274547
121,205,0.2839918123129074
381,321,0.2839874170774432
382,574,0.28396548867357363
270,189,0.2838973541682364
565,650,0.2838910373738642
382,429,0.28389000549515336
381,361,0.2838872065821723
431,629,0.28388378904196565
464,180,0.283873421645021
415,27,0.28386170365723234
381,36,0.283846875643047
464,494,0.28381638206391946
121,192,0.2838034121553741
165,175,0.28379396381948835
189,311,0.28378240614601785
464,52,0.28377192739732143
121,405,0.28375400003689233
431,535,0.2837477195456569
499,176,0.2837464484091967
499,670,0.28373835001352327
121,227,0.28371619010270155
381,279,0.2837038177239322
420,9,0.2837025471073618
382,637,0.28369630215089314
189,573,0.28368711555649984
121,659,0.2836784345829916
431,264,0.28365791165692356
270,68,0.2836576161738481
464,122,0.2836473552152975
382,357,0.2836371480044583
270,29,0.2836339968932424
420,142,0.28361635782372646
464,523,0.2836118640776337
499,267,0.2836038657981053
12,318,0.2836009593431551
565,425,0.28356093578207
382,631,0.28354838450669245
189,634,0.28353848215198796
464,661,0.2835279120864611
415,571,0.28352430662402983
565,109,0.2835159301987797
464,90,0.2835075231396478
499,523,0.2834530380324222
499,62,0.28342891889187866
565,140,0.2834253796440964
499,143,0.28341733321024826
464,635,0.28340850991659455
382,113,0.28340713648497184
420,278,0.28340634623188227
464,262,0.2833966842227165
381,469,0.2833867123725001
499,421,0.2833318238815561
382,269,0.28331291887466864
420,183,0.283310386242444
189,642,0.28327573210179885
381,283,0.28325481336671476
499,415,0.2832528862832468
464,537,0.28322434561934573
382,78,0.2832216633463476
189,231,0.2831920194611741
382,374,0.283191950550071
420,296,0.28318342160856114
47,525,0.28314328489453783
464,236,0.28313684837563463
121,515,0.2831339437708879
12,366,0.283133247868651
415,403,0.28309262391587015
431,555,0.28306488777038585
270,238,0.2830622158021021
382,413,0.28303270544330206
415,71,0.2830248652369996
47,3,0.2830120654428586
382,250,0.28301039218390445
382,645,0.28296992744040406
121,149,0.28296033955635264
47,520,0.2829565050177523
382,421,0.28290957674269107
12,455,0.2829071555676152
565,363,0.2828646707658014
270,522,0.2828598341678205
565,514,0.28285891880823133
565,590,0.2828539804630291
523,499,0.28284297576650136
420,613,0.28283809712783525
420,488,0.28280393307659357
381,372,0.282759536770656
189,297,0.28274842576448106
382,661,0.28273953103763017
415,68,0.2827246703593544
415,85,0.28270700029771123
12,35,0.2827047755275836
189,375,0.282704041009343
121,71,0.2826781851492848
431,583,0.28265270630156264
381,635,0.28264964253696706
382,469,0.28264837521304353
47,209,0.28262559261463616
12,518,0.2826251430825592
189,597,0.28261482662878395
565,496,0.2825889780742091
464,86,0.2825863964407242
381,357,0.28258339593638654
270,17,0.2825819440540301
382,436,0.2825700747085386
415,152,0.2825639246703953
121,547,0.28256387861795756
12,117,0.2825147498355771
420,160,0.2824823440236345
121,364,0.28247458695827815
464,605,0.2824302063466915
382,594,0.2824230550511686
415,476,0.28241578099531905
121,678,0.28239240325262416
121,283,0.28237684418086867
12,153,0.28237333053702035
415,80,0.28236786468983927
121,584,0.2823494997059249
499,645,0.2823213440838864
47,481,0.28231660572933676
12,448,0.2823029422270188
420,206,0.2822945908542377
47,6,0.2822859563274467
121,554,0.2822314442596251
382,343,0.2822071225680093
415,523,0.28219523967595217
464,239,0.28217167667924037
523,663,0.2821686021079144
270,145,0.282127091375745
12,74,0.28210347427098864
12,178,0.2821027579503099
7,300,0.2820979708186191
270,595,0.2820806443712021
121,505,0.2820670396036726
189,587,0.28204891031081214
565,494,0.28204228483193866
189,506,0.28203866051820925
7,304,0.2819986526260044
464,623,0.2819909645653142
270,476,0.28197630146660324
382,45,0.28196848065079005
121,263,0.28193533488904365
381,511,0.2819315903122987
420,502,0.2819263853118414
189,673,0.2819237855400586
381,591,0.2818626501568986
420,310,0.28184309330634233
464,332,0.28183499783471927
121,35,0.2818279089745931
12,353,0.2818148600161761
464,371,0.2818137168308251
12,652,0.28179454946198307
270,28,0.28177848986366555
381,117,0.28177413633994686
121,106,0.2817466899783036
189,68,0.28172605204655926
121,150,0.2817127137582046
382,407,0.28170920255134085
420,248,0.2816961815127656
415,579,0.28169062949842594
121,646,0.28168580726623643
12,306,0.2816827413813051
415,9,0.28167988740703065
189,687,0.281676219496943
431,81,0.2816682776133792
381,644,0.28166219208599425
382,136,0.2816226459742303
565,96,0.2816216372799608
382,449,0.2815927683105078
121,157,0.2815588674202303
12,130,0.28154873605371755
464,653,0.2815338586587528
189,268,0.2815320236409718
189,612,0.2814930202000968
415,495,0.28148519607676836
464,256,0.28148019309730554
382,324,0.28147783672492743
464,585,0.28143728908040555
121,504,0.28138850468472293
189,572,0.2813734801129362
382,265,0.28136322695622684
431,351,0.28135627884447406
431,481,0.28131646369795965
420,395,0.2813085983959095
415,281,0.28130610889242835
382,59,0.28129582567878497
189,199,0.28125840507097816
381,597,0.28122728599746066
121,469,0.2812210963701057
189,336,0.2812196408082978
415,532,0.28121124268473424
420,232,0.2812012624452468
565,448,0.28119792649310527
270,417,0.2811946597475783
270,429,0.2811605366318746
12,515,0.28110810242254197
381,120,0.28109908009178775
189,455,0.2810759673430364
420,274,0.2810641648263429
381,445,0.2810622520050562
270,351,0.2810549675407178
270,527,0.28102113689690117
420,427,0.2810173283973745
121,256,0.2810142785948486
565,318,0.28099836723378185
121,79,0.2809789818607258
382,303,0.2809654825361431
270,455,0.28095097696419064
381,413,0.28092028606185865
7,470,0.28090765469482787
420,291,0.28089193691222886
189,646,0.2808834139784247
12,283,0.28087631901292137
499,77,0.280866387772884
415,251,0.28086478769715445
420,587,0.28084618823365926
121,356,0.2808211348042098
121,494,0.2808096239089534
415,81,0.280807656400711
382,310,0.2807536460782213
382,388,0.28075358941036826
415,391,0.2807338086751545
464,498,0.28072519620983144
382,509,0.2807214603118701
420,430,0.2807175907983977
431,435,0.2807065281101795
464,278,0.2806998774338512
47,516,0.28069215192879116
270,658,0.28068542299284754
189,29,0.28066757139186127
121,357,0.2806651570788549
47,519,0.2806602379053734
565,466,0.28065901263787757
420,312,0.2806452943037829
420,519,0.2806359001752974
381,260,0.2806296857032201
47,168,0.2806247814240589
121,237,0.28060204829963137
499,451,0.2806016916773702
47,653,0.28055008882152804
415,292,0.28053417743725084
415,540,0.2805263356635202
382,487,0.28052577807506596
420,650,0.2805204637887013
381,28,0.28048545541561065
420,669,0.28048360601064365
382,408,0.28048123325330104
189,599,0.28047911102547973
189,347,0.28046716520820875
464,79,0.2804334900973633
382,23,0.28043112025905376
381,309,0.28041427029067284
381,506,0.2804071292650848
415,649,0.28040671709881465
382,444,0.28039958663027986
189,16,0.2803984077296996
12,377,0.28038670480195094
189,301,0.2803814534836959
431,383,0.2803800674169969
121,34,0.2803546756408205
565,125,0.28034642573471324
189,88,0.2803453720975255
382,286,0.28034415206113084
415,513,0.28034060427240476
464,128,0.28033692834252294
270,585,0.2803167709300792
420,674,0.2803094472491776
382,559,0.28026012078439566
464,232,0.2802382792971858
121,0,0.28017414520288003
464,470,0.28015914421351185
565,160,0.2801428042179865
270,642,0.28012970209301913
121,541,0.2801245937646989
381,352,0.2801124277233259
420,170,0.2800966410693043
381,194,0.28008860794575197
464,409,0.2800751979712755
420,619,0.2800638009359468
121,155,0.2800619329641132
420,372,0.2800335028358189
47,126,0.2800289099054765
381,529,0.2800196902003023
420,325,0.2800092137566946
382,595,0.2800073967965298
121,83,0.2800008962285534
121,64,0.27996688714111645
415,630,0.27996639744414353
420,250,0.27995052193756476
420,623,0.2799467563281661
12,466,0.27991739531910165
431,95,0.27990008202926875
270,621,0.27989139174457983
382,101,0.27986919371175106
121,142,0.2798686151252184
382,24,0.2798497658315329
381,344,0.2798451494422489
382,208,0.2798189897591878
12,328,0.2798075120936194
189,582,0.2797946492514872
464,480,0.2797882945155562
270,538,0.27978651152331324
382,417,0.2797433528898181
415,45,0.27973746595730015
382,247,0.2797127976233174
121,470,0.27970302471917974
499,577,0.2796752795061231
381,156,0.27962235686962755
270,398,0.2795877409325523
381,521,0.2795674890052719
12,224,0.2795639167712314
464,356,0.279558133062808
270,449,0.2795554908466797
565,415,0.2795331996173096
565,85,0.27953261608565444
420,199,0.2795305813122413
565,157,0.2795255283122499
415,417,0.27951468152145015
431,278,0.279477592897959
382,371,0.27944895290285937
189,306,0.279431471254609
165,551,0.27942405657884445
121,622,0.27942145983109506
121,373,0.279413098298938
382,501,0.27939436131700734
381,595,0.2793897421637856
381,588,0.27938109685383167
523,28,0.279376349627101
464,316,0.2793707506101787
381,122,0.2793580199141147
464,43,0.2793436249285127
121,159,0.2793141911488455
121,203,0.2793065776940323
420,228,0.27930287882546717
499,286,0.2793016504895062
381,572,0.2793013780685054
270,268,0.27927936462696057
382,166,0.2792694323110815
382,534,0.2792525411875902
381,535,0.2792295136205736
431,184,0.27922401974052946
499,155,0.27920949350213814
415,611,0.27917938980373624
270,84,0.2791715692330415
12,589,0.27914898535508115
431,408,0.27912939765919037
270,358,0.27912729747356735
382,592,0.2791216769422352
565,429,0.2791156287059826
121,173,0.2790954594841896
270,301,0.2790860437692535
121,532,0.2790589743987647
499,157,0.27904881642547996
270,43,0.2790229384611226
499,444,0.27902154594553935
431,172,0.2790102237677959
381,497,0.27899527202545704
270,633,0.2789861508697557
270,67,0.27898594791894316
381,298,0.2789733739333884
47,54,0.27896063169612023
12,333,0.2789405108433983
270,483,0.2789387015752571
12,175,0.2788875523324943
464,525,0.27886953966870187
189,372,0.2788630676155525
381,366,0.27885152120193113
165,208,0.27884512032862907
415,65,0.2788287207058599
464,459,0.27880653584981446
464,545,0.2788044756374883
415,533,0.2788015963589394
420,615,0.2787907641725512
121,143,0.27874241896873586
12,602,0.27874035037785877
565,317,0.2787011444298773
464,499,0.27870057632687895
464,319,0.27868079295958775
189,289,0.27867716828114253
121,477,0.27866776105527064
121,55,0.27866515023742044
189,19,0.27865606045928093
121,21,0.2786459303485608
12,441,0.27864250423671827
431,223,0.27862551848722716
464,476,0.27862392153429727
382,606,0.2786165917027894
381,343,0.2786158459744802
565,117,0.27856968200532956
382,174,0.27856441073127763
431,388,0.278555253953877
499,141,0.2785418992768516
270,396,0.27853377456909184
431,632,0.2785153348364535
420,402,0.27851385238216936
382,412,0.2784896677882246
382,618,0.2784838918501272
189,647,0.2784711136752332
381,72,0.27846950932104003
382,638,0.2784640253641592
382,441,0.2784489146319832
464,171,0.27841732715083284
189,373,0.27841513505821913
565,630,0.27839400168965306
189,232,0.2783655459436036
464,182,0.27834341839302745
189,14,0.27831895754404246
189,169,0.2782936949600647
499,121,0.2782848719071077
270,554,0.2782751353615844
382,27,0.2782427544435705
382,41,0.2782427060643259
523,188,0.27821387030800554
270,199,0.2782009983710501
464,546,0.2781797920899792
382,268,0.27816170713915794
121,581,0.2781499414987128
381,374,0.27814116164817065
189,452,0.27813407721491157
565,227,0.2781296627132006
464,376,0.2781154203184559
121,591,0.2781104095767666
165,545,0.2781088114781249
382,565,0.27809534135242814
464,56,0.2780859172423575
420,18,0.278074302920779
189,428,0.2780602455630636
189,240,0.27804485028311077
189,616,0.2780429236005013
464,185,0.27803676220552165
464,483,0.27801285092183176
382,239,0.27798220366152704
420,219,0.2779798951729719
381,496,0.2779770475123324
420,398,0.27797445655518704
121,81,0.27796989720805165
565,408,0.2779476106067509
121,188,0.27794627631342494
47,429,0.27794551639127113
381,315,0.2779259536837351
381,268,0.2779203430523859
381,71,0.27791539642185203
189,366,0.2778757317025293
270,583,0.2778580955494091
382,81,0.2778189664899676
382,650,0.2778000042134153
464,650,0.27779187268906
7,363,0.27778297541169983
464,631,0.27776712182896957
189,207,0.2777647239535095
382,207,0.2777567515735788
121,490,0.27773940031671057
47,673,0.2777367152849004
189,556,0.2777266353339267
382,72,0.2777200368803365
382,304,0.2776757476830696
464,68,0.27766411670466906
420,298,0.27765749180924076
415,673,0.2776452328762325
382,75,0.27764079445920464
431,156,0.27763841930167266
415,511,0.277613230042412
415,247,0.27761226697317354
431,29,0.2776110567306451
420,500,0.2775893443825189
189,326,0.27757291443822957
415,685,0.2775720897534066
121,677,0.2775328818544456
270,53,0.27751145728208787
464,95,0.27751111678040824
464,573,0.27750407561345075
121,73,0.2774661673667483
420,567,0.27745217998079175
420,648,0.27744489988663024
420,168,0.27740325274423927
189,690,0.27739604496633213
270,457,0.2773900108188909
270,277,0.277377739499538
431,440,0.27736384219712884
499,450,0.27733695519964563
420,154,0.27733213005647067
420,227,0.2773316327818007
431,597,0.27730674305773
464,328,0.27730673138911743
499,196,0.2772960110903897
464,548,0.2772847697880036
464,652,0.2772747874154008
121,478,0.27725834747339206
415,382,0.2772331030528279
381,314,0.2772318552458472
381,262,0.2772284427033773
499,34,0.2772244716242219
499,402,0.2772179688209523
464,636,0.277217752196152
415,164,0.27721363968396523
565,287,0.27718125629985546
420,286,0.2771673086806997
270,313,0.2771095761977973
121,393,0.2771051220873607
189,217,0.2770846372022356
189,499,0.277073967586327
420,598,0.27706857452330647
121,593,0.2770607860039853
121,232,0.2770535767769925
431,616,0.2770477457641136
270,165,0.2770309126520433
270,474,0.2770289496248367
565,128,0.2770114760291964
121,483,0.2770071340902093
189,45,0.27699386895858824
415,657,0.27699282497936506
464,607,0.2769873914053024
382,393,0.2769582188159624
121,427,0.27693635393067495
420,683,0.27692949793739524
420,408,0.2768899216714758
464,517,0.27688055609996126
47,193,0.27686152718069007
189,472,0.2768502934867448
464,78,0.2768500770708559
382,179,0.27684044632568383
431,462,0.27682730275262685
464,466,0.2768259151662701
464,632,0.27679368264141035
415,343,0.2767893861377396
381,258,0.2767834885765772
189,214,0.2767780966744346
565,370,0.276746444523964
415,331,0.27674621195991156
382,328,0.2767419907145752
270,95,0.27674089211631725
121,288,0.2767377357975865
189,453,0.27673742677001045
121,104,0.2767363785927613
565,206,0.27673576854326626
270,278,0.27666323388312014
12,475,0.2766492154201204
381,104,0.276631989370322
12,335,0.276623815696441
382,36,0.27662081227182767
420,388,0.2766060052453636
270,397,0.276577159283628
270,458,0.27656710601533335
12,643,0.27656603788549405
565,616,0.27656295276713305
420,311,0.27653976655940266
189,163,0.27653725092548165
189,23,0.2765340346361881
464,614,0.2765188475065961
382,205,0.2765155169680911
121,132,0.27651136974113133
420,172,0.27651011854538937
431,498,0.2765042991646896
565,594,0.2765024946205357
420,261,0.27648722472407666
464,484,0.2764392043721081
415,453,0.27643755909099554
270,683,0.27641172377191675
12,400,0.27639578389260305
382,518,0.27638004502608166
381,515,0.27636920816148003
420,163,0.27636169270065675
464,424,0.2763400310805107
420,673,0.2763386941215984
420,137,0.27632855992666017
381,12,0.2763208342513563
270,40,0.2763123127039357
121,187,0.2763091162627277
382,483,0.2762977577450266
189,514,0.2762911383675741
420,412,0.276287270497332
189,523,0.2762832033974203
270,256,0.27627119542510997
270,435,0.2762473713284493
12,202,0.276246986555382
381,68,0.2762349260107462
12,341,0.27623388850126973
464,349,0.27621736604119423
121,530,0.27620322214737136
415,236,0.2761971835282175
382,428,0.27619625991595087
565,252,0.27619258792664125
499,201,0.2761865888371394
381,583,0.27618040823410084
382,66,0.2761476390659597
523,629,0.276128574019946
121,671,0.2761274244828091
415,35,0.2761217100107725
189,610,0.2761216356916696
420,107,0.2761008174443508
565,316,0.27609342982412954
121,17,0.27608400249778026
189,563,0.27607055421969995
464,400,0.2760593354066197
382,11,0.27605552242794684
431,275,0.27604671731493247
165,209,0.2760425552708597
12,52,0.2760423396271515
415,249,0.2760214822330921
47,380,0.2760169685001057
464,29,0.2760014907592574
121,108,0.2759927049004455
121,347,0.27598867588437054
431,185,0.2759844865425121
420,238,0.2759624017026869
420,132,0.27595324033460117
420,478,0.27594926083656307
189,157,0.2759359175980349
121,540,0.2759345532880223
189,602,0.275918991735442
415,388,0.2759055429412292
381,409,0.27590409292470847
381,662,0.275874596061779
415,250,0.2758659477993932
121,644,0.27585760270594895
270,173,0.27585668659655244
381,116,0.2758480285767222
464,243,0.2758402037893828
464,286,0.27583996731227933
420,161,0.27583482300490975
381,127,0.2758099350536162
415,276,0.27580554449135203
464,287,0.2757989481081687
121,536,0.2757849128910914
464,217,0.27578399693712047
382,579,0.2757745611260407
381,105,0.27576496896351305
464,562,0.27574608923345556
12,31,0.27574571892063887
121,510,0.2757383695954768
464,296,0.27573567027296114
189,261,0.27572007647573465
189,365,0.2756718900293222
431,182,0.27567071651626396
121,266,0.27567038663320415
382,9,0.2756625396837692
270,246,0.27565848611705807
270,319,0.2756568355772061
523,395,0.2756413757337908
523,405,0.2756273544934513
420,653,0.2756173535302626
464,302,0.2756156111057406
415,153,0.2756151909468071
415,688,0.27559761796617915
464,314,0.2755934778709634
420,548,0.27559287212193995
47,297,0.27556333972467667
270,12,0.2755358384199541
12,688,0.2755071725025804
431,669,0.27550095762019017
420,169,0.2754880237541353
270,334,0.2754777957437405
415,367,0.2754758113920801
415,629,0.2754692784725445
270,178,0.2754518630751604
382,158,0.27542878634145296
189,146,0.27542784374817053
381,654,0.27541656203566045
382,550,0.275415755885995
420,64,0.27539670175871966
415,613,0.2753947464598865
565,358,0.27537671576071665
565,71,0.275370496990913
420,281,0.27536171386758934
382,660,0.27533097461214934
464,88,0.2753265806534073
431,84,0.27532400264605905
382,438,0.2752992170883373
499,462,0.27529602281228743
499,343,0.27528828058765664
499,554,0.2752851693116721
431,167,0.27528476881978997
189,164,0.27526696743301277
382,67,0.2752243044303
464,445,0.27518313946353884
270,575,0.2751724250797894
420,681,0.27516187936095043
415,21,0.275138824053159
464,129,0.2751119676764055
381,414,0.2751118028390879
431,274,0.2751034643220937
431,121,0.27509929014527384
189,624,0.2750920062265538
464,61,0.27509165389396645
523,572,0.2750764707848464
189,151,0.2750727781101873
382,557,0.27506793008377955
565,451,0.2750556354720283
12,420,0.27503637972769035
12,118,0.27503294914700605
381,342,0.27502840190167793
189,525,0.274994215734558
121,345,0.27497889447489704
464,390,0.2749699444427212
189,457,0.2749673374764834
420,173,0.27496008715411085
189,86,0.27495621319750096
464,18,0.2749471629240498
270,498,0.2749448681005951
121,367,0.2749386833536646
382,350,0.2749329631565734
12,228,0.27493203971870145
189,466,0.2749167870544697
270,403,0.27489437566489855
420,451,0.2748801124857894
121,435,0.27485649186254396
565,528,0.2748544961335683
189,35,0.2748527923837702
270,201,0.2748485499827415
12,77,0.27482411870379997
464,491,0.27480687941365617
121,653,0.2747958758806211
415,667,0.2747794660650703
464,435,0.27477131315497805
420,190,0.2747587211310957
189,165,0.2747337174203629
189,378,0.27472872357615624
565,622,0.27472772012768365
431,591,0.27470125418072816
464,646,0.2746813940762001
415,353,0.27467409770005663
431,332,0.2746739758561277
121,99,0.274673632003555
382,200,0.2746085897129322
431,112,0.2745955748139129
523,264,0.2745953968742035
382,515,0.2745942447991083
270,594,0.27458050196355505
565,94,0.2745690610012254
47,26,0.27455414123882765
381,648,0.27453417824551063
431,269,0.274519086495711
464,162,0.27450759498241717
464,415,0.2744888444704697
12,67,0.2744850155474699
12,613,0.27445743060248534
565,624,0.27444268456319265
382,564,0.27442686880766276
12,262,0.27441635559455485
464,158,0.27439666040509025
415,610,0.2743934804747321
415,609,0.2743877689697908
415,299,0.27438532884163075
381,517,0.27437979479518765
189,596,0.2743613642468138
464,354,0.27435635127219254
431,483,0.27434526112928104
189,554,0.2743268998387073
381,606,0.27432129912034414
270,58,0.27431964386987756
12,9,0.27429363093679054
12,501,0.2742614090848385
523,82,0.2742587725774085
270,439,0.27424679453597456
7,382,0.2742320851456007
420,463,0.27422548305429095
381,384,0.27420436615086957
420,505,0.2741985719705847
415,176,0.2741916727552434
431,523,0.2741908009178578
499,370,0.27417583162234166
565,233,0.2741426971111228
270,320,0.27412238212657175
381,536,0.27410525506182437
165,560,0.2740822966353264
565,649,0.27403100249401685
12,124,0.27402057406434555
189,235,0.2740199515037264
12,469,0.27401713019127005
382,278,0.27401226605544576
464,351,0.27400812476755804
382,47,0.27400776718694575
270,181,0.2740056446980257
382,153,0.2739823711172386
382,85,0.27395842168980306
121,86,0.2739508942426242
382,329,0.27394977451253233
415,559,0.273939297043004
270,54,0.27393887997955374
189,298,0.27392864283821167
270,520,0.2739280659606611
270,480,0.27392388240628524
464,257,0.2739176751843527
565,546,0.2739124597788917
121,206,0.2739051015642017
565,577,0.2738995413308403
381,129,0.27388288524749166
565,498,0.27387698633289925
382,95,0.27386909344398996
189,250,0.27386122682095854
189,348,0.27385157721962317
420,655,0.2738276833843855
381,240,0.27382676242255344
189,302,0.2737946975427073
420,348,0.27376658288532607
382,181,0.2737582284359035
415,624,0.2737305247908048
189,382,0.2736980982410435
165,233,0.27368791233240825
189,346,0.27368429880390416
189,468,0.27366664516031025
420,418,0.2736650144702108
189,60,0.27362865834888495
189,84,0.2736279731263124
565,562,0.27362363220398583
381,362,0.2736181474069726
12,653,0.2735944485422336
121,137,0.2735835305650945
420,636,0.27357817955057295
189,559,0.2735762820314261
420,471,0.2735748375272638
189,535,0.2735689795960635
431,102,0.27354434352007084
420,530,0.2735305985760687
270,155,0.2735157780526463
270,318,0.2735150004533176
270,204,0.2735024136427134
499,423,0.2735018855328495
464,46,0.2734738538451281
499,277,0.27347234625277733
121,528,0.273460199375751
382,55,0.2734565566781212
464,571,0.2734421598780475
381,274,0.2734410207923473
381,299,0.27343806336953497
499,411,0.2734364373413896
189,353,0.27341906983458497
464,384,0.273415984529546
420,302,0.2734151926991463
381,108,0.2733991279248765
189,107,0.2733902334295393
565,612,0.2733876325966576
47,121,0.2733794357442385
382,106,0.27337928947414436
382,159,0.2733739559480508
270,673,0.2733503022396357
464,125,0.27334812686624393
565,579,0.2733364473640293
415,155,0.2733020387506637
499,306,0.2732365235463559
431,159,0.27323419132322274
499,636,0.2732260440845955
12,355,0.27321245715575754
47,363,0.27320329374570745
565,61,0.2731905268191889
499,494,0.27318590690124
270,300,0.2731729149294235
12,55,0.2731698419758293
431,605,0.27316540520897464
270,198,0.2731580966961659
12,112,0.273134759734036
189,458,0.27312451733855897
464,30,0.2730948010259315
420,69,0.27308765081489694
189,140,0.27305700668976496
415,588,0.27305284791410245
189,315,0.27303564009049147
523,468,0.2730289368177887
381,316,0.2730241222319781
565,414,0.27301089195785766
415,215,0.2730013055186097
270,163,0.27299794629544205
381,34,0.2729873455235157
189,194,0.27296822373802754
464,155,0.2729658745565901
270,79,0.27296124963250756
270,530,0.2729609460782438
270,424,0.2729608685133808
464,621,0.2729407479661485
499,169,0.2729139357251499
270,19,0.27291275925928715
270,666,0.27291029961410224
415,140,0.27289815697088704
47,345,0.272890210106709
270,32,0.2728829620281317
381,626,0.27286180652981784
382,224,0.2728595717081165
381,466,0.2728558412850102
382,510,0.2728481915236129
415,676,0.2728266409730525
464,505,0.272825260131242
464,161,0.2728097341248736
270,645,0.2728071521514934
12,499,0.2728005513516807
381,243,0.27279906349683464
12,64,0.2727883018469029
464,197,0.2727792202961031
464,77,0.27277729209827606
121,353,0.27277703444364676
431,461,0.2727756352325874
12,83,0.27275646231973727
415,254,0.27274733701078024
382,630,0.27273708874416036
565,203,0.2727340604145962
189,58,0.27273074318098384
270,78,0.2727285693570218
47,103,0.27268585875915047
382,155,0.2726856918474964
189,314,0.2726693495290314
189,95,0.27264126140028966
565,134,0.272637207324836
565,427,0.2726298107178295
415,261,0.27262828133933104
464,519,0.27259277908822876
121,77,0.2725846645762402
121,124,0.2725842302506282
121,67,0.2725779301438906
382,198,0.2725770387624264
270,637,0.27255413705485393
382,54,0.27254345801640056
499,149,0.27253908578223446
12,301,0.2725370248610032
431,19,0.27251664622585675
189,119,0.2725064158453375
189,259,0.27250436298247244
499,318,0.2724982940017636
381,140,0.27248597241294337
121,329,0.272482241880968
47,93,0.27247656268497406
565,282,0.27246188079648137
47,221,0.27245212740185754
382,0,0.2724290071546122
382,122,0.2724287469964261
420,268,0.2724174444182565
382,571,0.2723856402453368
382,385,0.2723849474497396
499,592,0.2723809891831759
189,329,0.2723799405410105
382,474,0.2723669490935063
189,22,0.27235498879260256
189,127,0.2723531412790135
270,616,0.2723413236126067
415,499,0.2723376820228438
189,393,0.2723364506080774
12,530,0.27232731781207653
464,45,0.27229789058771015
420,441,0.27224823363504236
382,335,0.2722428387042463
121,53,0.27223945010517175
499,12,0.2722390559362762
431,448,0.27223488198633317
415,397,0.27222882852921476
415,186,0.272207074489786
565,438,0.27215217098425676
565,120,0.27214026829595683
464,229,0.2721401078925742
381,35,0.27213086626010274
121,561,0.2721196476444012
464,549,0.27211882013614574
499,42,0.27208780563388324
381,326,0.27204551442921154
381,364,0.27203786744721664
499,436,0.272037573136008
270,515,0.2720356550257763
270,599,0.27202771870154135
431,422,0.2720083560604966
270,48,0.27196200522516556
12,372,0.27195946201125987
270,679,0.27195754501975655
420,81,0.271955375560248
420,413,0.2719537409184145
420,52,0.2719450522243392
464,362,0.2719449918820058
121,641,0.27193141925699127
431,398,0.27192489091653815
12,343,0.27191989975675485
420,23,0.2719118134098361
382,685,0.27188021786123195
189,73,0.271871935840307
499,632,0.2718576889339112
270,98,0.2718124517089618
464,535,0.27180388607388634
382,610,0.2718008877486933
499,120,0.27180039289939006
420,371,0.27178997983575476
431,202,0.2717879144170173
12,364,0.27177638024205153
7,10,0.2717447058320287
464,304,0.2717427924774609
121,396,0.2717392951400923
431,385,0.27172610852645473
12,540,0.27172481174322605
415,542,0.27171943022141
189,411,0.2717121371189913
464,622,0.27171186771470135
565,171,0.27170317158169727
420,368,0.271697920532394
270,540,0.2716963911263172
431,179,0.2716935140147097
381,261,0.2716749152696654
464,436,0.27166904836001227
189,64,0.27166746553284044
47,648,0.2716618633393314
121,420,0.2716563541341918
189,148,0.27164030062494837
382,538,0.27162577513083536
121,41,0.27159052410714196
464,281,0.27157953645188837
499,303,0.27157790547372296
565,587,0.27154973766997254
382,642,0.27154565390200835
189,600,0.27154363251697183
189,656,0.2715171042683583
382,641,0.27148833320866955
189,51,0.27146123021516255
382,92,0.271459149194574
189,383,0.27145887504483524
270,491,0.27144169648431277
415,291,0.2714263614182595
189,497,0.27142047074538084
415,618,0.27136754858312706
381,63,0.271364200602551
121,688,0.2713360054317008
121,147,0.2713353586063085
431,377,0.2713322658594949
382,488,0.2713274445477124
121,565,0.27132731860432335
12,477,0.27132360400257416
420,17,0.2713100984050652
270,86,0.2712938049444876
415,97,0.2712931887561998
189,362,0.2712807262966352
270,5,0.27127304082621656
431,149,0.2712672083365977
464,689,0.2712276689351053
12,610,0.27120191134316707
121,200,0.27119149776402374
431,426,0.27119130045741463
464,139,0.27118576055180543
270,11,0.2711791458900243
189,55,0.2711775845211098
381,324,0.2711676009724861
121,198,0.2711570766853735
121,634,0.2711509717623572
270,450,0.27114937890161467
431,566,0.2711462719895944
431,464,0.27113821376073366
415,326,0.2711284920328197
464,60,0.2711113645692133
565,375,0.2710955022222952
381,58,0.27107515854706227
121,382,0.27107100459287226
420,222,0.27106729460807294
382,495,0.27105175667226106
431,518,0.2710327546924724
270,655,0.2710283043295766
121,398,0.2710193343809892
189,522,0.27098869168637296
12,20,0.270986997974597
420,508,0.27096668832483545
47,538,0.27096443712803897
382,249,0.27095944983826326
420,396,0.27093440490071613
189,69,0.2709180851616147
415,604,0.27091603533043224
565,470,0.27090762595810103
189,615,0.27089440690329314
464,196,0.27087307039873726
382,453,0.2708655300209067
382,422,0.2708524571680622
121,19,0.2708512333112629
431,495,0.27084637134734973
189,388,0.2708271432768335
382,532,0.270818822846639
464,544,0.27080920879639503
189,355,0.2708051709480569
382,323,0.27080185304116283
270,625,0.27077520701153895
431,279,0.27076284551810403
189,395,0.27074409454795406
431,221,0.2707432071161274
464,628,0.2707415269171428
12,127,0.2707405811866642
189,100,0.2707321261639601
165,475,0.2707281565958281
415,328,0.27072696172108834
565,84,0.2707250208408615
270,519,0.27071807814191606
270,577,0.2707135928000612
382,424,0.27071293775904887
121,182,0.27071134880807385
270,348,0.2707094891504289
382,38,0.27070882180622174
189,685,0.27067111826925067
565,410,0.27064393822622235
270,81,0.27064063923373366
382,298,0.27063834007272075
381,461,0.27059220971918513
12,376,0.2705809189746881
121,22,0.27057288145804637
415,181,0.27057004379366223
12,390,0.27055677856028826
420,465,0.2705493932143527
565,68,0.2705385376974539
431,282,0.27053176950016883
189,52,0.27051962865836887
431,568,0.2705183970268916
415,239,0.27051599093617323
431,268,0.2705041181471763
121,663,0.2704769617257279
121,52,0.2704729175893323
165,203,0.2704695477693767
464,552,0.2704613886165699
382,12,0.2704534403157596
121,336,0.27045306240109157
47,687,0.27043651335832475
121,29,0.2704194151755947
382,234,0.2704187431528796
420,328,0.2704085746007734
382,73,0.2704072654781331
420,679,0.2704011922865219
382,5,0.27039831277571286
382,430,0.27038941889077867
189,5,0.27037341480409294
121,683,0.2703673684351318
431,639,0.27036089723992923
382,348,0.27034803808118485
420,526,0.2703121301459286
420,534,0.27027686399699113
189,603,0.27027646045394194
381,544,0.27026986182456014
523,97,0.2702421085566091
381,510,0.27023367744416493
270,436,0.27023354296996177
189,331,0.27022228728326053
12,663,0.2702154342360393
565,439,0.270212857207491
270,83,0.27020720313829993
270,82,0.27019563986048617
270,372,0.2701669830373717
431,310,0.27015497252155485
270,367,0.2701471338258222
464,611,0.27012000039613643
420,289,0.27010154862140756
381,186,0.27009984887330224
47,381,0.27009435041148194
499,175,0.2700666384340211
12,380,0.2700624609051845
381,270,0.27003911826639976
499,679,0.2700386477771272
415,200,0.27002932324030077
270,232,0.2700052692207265
523,156,0.2700042590457271
420,474,0.2700003012465614
499,630,0.26999684976967697
565,288,0.26999274543155183
420,536,0.2699907757371549
189,658,0.26997728091604106
382,419,0.2699700682173816
121,594,0.26996947906063173
420,513,0.2699641418309482
121,386,0.26995953821894747
420,74,0.2699588815699095
420,485,0.2699367340265405
464,458,0.2699338161961046
464,528,0.2699285026908333
270,119,0.26991957786193527
189,477,0.26991107330232833
189,504,0.26986483262569816
415,160,0.269855344772437
12,660,0.2698431430930625
565,677,0.26984050431663065
415,616,0.2698323913558332
565,232,0.26982755691608623
420,336,0.2698260684909493
381,94,0.2698095140349494
420,125,0.2698003103166742
270,332,0.2697937669329569
382,577,0.269789864641244
270,16,0.2697801024942028
565,89,0.2697448023201567
12,99,0.26973332699835617
565,194,0.26973299128292555
464,173,0.26973117692669485
382,678,0.2697216165562342
420,294,0.2697097850913374
523,41,0.2696823700191927
47,151,0.2696724205684055
464,687,0.2696645969769276
420,42,0.2696586195024562
382,84,0.2696333459107362
189,37,0.2696149042149391
382,381,0.26960999343040865
464,431,0.26960103251699874
382,527,0.26960098392980175
420,575,0.2695619485325567
121,589,0.26955416173314983
565,389,0.2695516239959129
431,400,0.2695428563414139
270,547,0.2695311263140532
464,216,0.2695307973709296
420,479,0.26951771756633225
420,130,0.2695131504195854
523,16,0.26950879649384174
415,170,0.2695063567002319
464,112,0.2695020566008945
121,241,0.26950006828718454
523,521,0.2694866860343922
415,205,0.26948106868031513
415,554,0.2694689515103221
464,364,0.2694552499514255
415,301,0.2694483403739426
270,64,0.26942944341215097
382,602,0.2694187337667921
270,26,0.2693821619885386
420,483,0.26936745060343725
189,33,0.2693583732844999
270,154,0.26935135678901845
381,265,0.26933539182226374
420,358,0.2692853446260604
431,441,0.26925828271847074
415,278,0.2692500462210605
382,164,0.2692480527836498
382,20,0.26924146849488834
464,251,0.26923745750295525
431,232,0.26923161546646884
499,522,0.26921590481183205
270,336,0.2691944999008144
565,144,0.2691916380701638
415,536,0.269161523317864
420,287,0.26915772477585115
12,237,0.2691559091826895
464,13,0.26914362170456974
121,88,0.26912279510199344
47,410,0.2691224202339637
12,145,0.2691142963749605
47,177,0.26908037991361133
415,82,0.26904187947671654
464,66,0.2690322174559146
464,515,0.26901817365015224
499,129,0.26898047005155956
12,356,0.26895195022986274
415,563,0.26892234442407237
12,59,0.2689205631972142
382,387,0.2689135367980433
270,505,0.2689105126154431
121,216,0.2688959444393705
415,548,0.2688720760340861
420,421,0.268862938225911
415,280,0.26883214785874326
420,277,0.268816143476864
499,658,0.26881073584290494
415,17,0.26880999733089506
270,44,0.2688012785404936
381,526,0.268793337479545
499,24,0.2687683166909752
381,348,0.26875526152132634
382,157,0.26873810139372833
415,528,0.26873276382741085
12,585,0.2687218111670686
464,76,0.2687160322257955
415,531,0.26869370072510157
420,204,0.2686920741884568
415,231,0.26868839588024207
565,462,0.2686767138567393
12,78,0.2686643153670822
382,118,0.2686617840859937
420,34,0.2686599333149274
12,25,0.26865332057804386
499,677,0.2686475273319124
12,256,0.26862769458023106
121,156,0.268624391669877
270,603,0.2686215716913847
189,335,0.26861635387381033
420,51,0.2685901947312151
189,139,0.2685725157120658
121,296,0.26856862657956176
523,571,0.26855766216931565
189,354,0.2685443471936928
420,10,0.2685436301257169
189,91,0.2685307764644012
499,390,0.2685250411672301
565,418,0.2685117719309856
189,185,0.2684956464206318
47,248,0.26848609225104625
464,592,0.2684817887553324
464,109,0.2684754991315251
270,405,0.2684752802014789
12,428,0.26847272555863205
415,144,0.2684429719463877
382,91,0.2684192820658673
189,312,0.2684057960113817
121,672,0.2684057416411521
464,412,0.26840457943792545
565,269,0.26840349994056845
12,629,0.26840075086778886
499,527,0.26838298362066404
464,410,0.2683804956921504
431,442,0.2683782574069316
382,470,0.2683687320512558
431,587,0.2683623275079555
270,160,0.2683569892788807
415,590,0.2683487871555349
565,313,0.2683422047945954
382,655,0.26833718391303657
464,536,0.26833212378214394
464,683,0.2683011952171326
382,607,0.2682918291405773
420,155,0.26828891233140223
189,47,0.26828205386130455
12,631,0.2682785433039828
464,273,0.2682721717618196
382,175,0.2682688126864643
565,303,0.2682635474623755
270,544,0.2682591578298736
121,126,0.2682534400542138
420,266,0.26823753339020123
165,125,0.2682359799211871
121,524,0.26820758124691385
420,428,0.26819124383563825
565,532,0.26817685019529097
415,132,0.26816956235900025
189,153,0.2681621450780995
121,80,0.26815745083719367
270,99,0.268128973424156
415,168,0.2681001460835958
12,513,0.26809027788587597
270,136,0.2680685124175958
12,641,0.26806503720221275
382,437,0.2680466561874051
382,568,0.2680254420635561
7,28,0.2680201887998906
382,562,0.2680092458444268
381,191,0.26799436518753816
381,525,0.26798473823182783
189,196,0.2679676760297073
431,197,0.2679670777012209
420,688,0.2679641714628347
464,188,0.2679578110857971
420,600,0.26795491177992475
464,492,0.2679457741800187
189,11,0.26794478993778076
415,6,0.2679357542318853
382,322,0.2679155936253661
47,321,0.2679115181004402
523,524,0.2679109219762671
270,105,0.267908563624961
415,477,0.2679037196303238
464,186,0.26789861934026993
270,254,0.2678982942667549
415,288,0.26789616373351227
415,244,0.2678940803195954
464,152,0.26787443093220015
12,72,0.2678643718945564
47,523,0.26785433067359016
12,229,0.26785055004917224
189,2,0.2678483376705137
420,144,0.2678378951666335
12,148,0.2678279161208471
431,35,0.26778593786913957
270,331,0.2677841500230815
464,39,0.2677649210908116
415,207,0.2677641472641323
382,587,0.26776356028480375
420,14,0.2677577528370465
12,32,0.26774475242056817
420,283,0.26774442399819287
420,104,0.26774436555262515
165,484,0.26774420751173017
165,657,0.26773781906683974
121,136,0.267703637178263
47,104,0.2676854446380054
12,246,0.267685304005004
464,353,0.26768390404003756
381,505,0.26768225321787525
189,67,0.26768131562175657
121,566,0.26767170870941187
189,667,0.2676165308258815
499,562,0.2676154838808179
189,299,0.2676112624540044
420,292,0.2676046002679749
270,147,0.2675870280147687
270,120,0.26757572264837637
464,430,0.2675451829994857
464,49,0.26752208062175953
415,515,0.26751502029257257
189,358,0.2674873876946568
464,288,0.2674793355877902
499,617,0.26745628963217544
431,224,0.26745450266061627
12,487,0.26743227506195033
420,393,0.2674145588834266
420,487,0.26740256273052415
464,370,0.2673988305094586
270,276,0.26737219000667556
12,498,0.26737148105817776
565,545,0.26735763201467916
420,518,0.2673522433547611
121,257,0.26735119084166603
382,334,0.26732679920815533
382,588,0.2672856477717195
12,282,0.2672676068044646
121,491,0.2672559579527394
270,652,0.2672446314464746
415,258,0.2672402701708989
499,476,0.26723969246432766
420,297,0.2672152512658986
12,383,0.26721118326975296
415,500,0.26720845835901463
431,0,0.267204837153766
121,51,0.26720001775678565
415,690,0.26719920879752357
189,396,0.26718089864229744
47,375,0.2671618529864625
382,432,0.2671426570333594
464,379,0.26713936687760154
12,258,0.26711967770335404
431,143,0.26711342463957716
499,334,0.26710053459995536
420,568,0.2670919656963941
464,23,0.2670891750457985
189,643,0.26707443262362435
464,202,0.26707286392032864
12,336,0.26706518453455896
121,576,0.2670432654206799
382,615,0.2670333663434925
499,23,0.2670227755667875
499,292,0.2670101393810707
12,44,0.2669823246384008
189,224,0.2669632390069842
565,211,0.2669605052891344
270,533,0.2669496504806463
499,39,0.2669300263876581
189,360,0.2669227509891119
270,312,0.2669178116293931
464,254,0.26691420393878396
499,202,0.2668688375356752
382,258,0.2668479162852809
270,279,0.26684439435683643
12,126,0.2668439033851637
415,131,0.2668231425942867
565,321,0.26679185524853005
382,580,0.26678085548638625
382,35,0.2667800725901663
47,524,0.26677859580540636
189,8,0.26677748372236665
415,204,0.26677323421683313
12,106,0.2667720278607869
121,138,0.2667676014977233
382,674,0.2667538087341554
121,553,0.2667465661020839
270,335,0.266738791752663
523,7,0.2667234982249434
415,463,0.2667234122932661
420,532,0.26672054984699434
415,487,0.26671584411193056
381,430,0.2667154582117233
415,683,0.26670539262716697
499,4,0.26669837841670374
464,301,0.26668017634937224
270,357,0.2666750301548809
12,296,0.26665484420300833
12,151,0.26663382780676104
189,625,0.2666335271940374
12,270,0.26662755626428647
415,77,0.26659909129564674
420,24,0.2665795549784819
121,433,0.2665749462131664
431,285,0.2665735656024916
270,579,0.2665650413180027
420,382,0.2665555948089807
565,571,0.2665506012622237
382,77,0.26652240409941513
420,457,0.26648652046064114
415,430,0.26648192784832464
420,180,0.2664757392139432
420,612,0.26643790134032774
382,318,0.26642517287764944
382,687,0.266422095586759
523,556,0.26640991878639364
415,498,0.26638678717904285
270,660,0.266370068723408
189,530,0.26635314965177487
420,318,0.26634886112059225
381,151,0.26634356479823673
499,440,0.2663222047650083
523,620,0.26631638024099313
464,602,0.26630047021360226
270,644,0.26628187978304974
12,267,0.26628069892712275
415,232,0.26626942318504226
431,51,0.2662606548592923
415,671,0.2662576290757711
499,332,0.2662405854705747
189,618,0.2662385221850711
270,110,0.26623500059675076
381,628,0.2662308282346699
382,255,0.2662117286731167
523,317,0.266200314768764
431,571,0.2661952652256444
121,144,0.2661952361401246
189,129,0.26618236085210567
523,319,0.2661759036731471
12,587,0.2661564682575065
189,478,0.26615587608277413
499,437,0.26615319618437566
420,13,0.2661515898525384
420,450,0.26615047440697753
464,447,0.2661454880597108
420,181,0.26614049479828933
121,32,0.2661294896414144
382,100,0.266113284398771
12,395,0.2661111105767366
420,237,0.2661108075906701
523,538,0.2661073405382303
523,601,0.2660961099993758
431,333,0.2660786061930509
464,322,0.26607014154581976
12,53,0.2660696517298451
464,159,0.26604528143345957
382,130,0.26602087696973875
12,312,0.2660166491616208
12,555,0.2659927448559017
189,613,0.2659714221236636
431,98,0.26593349390274457
499,331,0.26592902387250655
565,158,0.2659212999438721
382,651,0.2659066745920899
415,451,0.26588867550188616
420,316,0.265888336690744
464,463,0.26588186556291477
382,25,0.26587528121217824
270,559,0.2658594508607915
382,203,0.2658493604036788
12,8,0.2658457838305705
189,487,0.2658405254611323
381,170,0.2658231200600062
382,367,0.2658213320624077
464,42,0.26581585055182955
431,492,0.2658036979729545
431,665,0.2657978702541936
382,213,0.26579212439310884
270,624,0.2657918492007108
270,39,0.2657781180466487
121,630,0.26576847331169234
499,581,0.26576820119756056
420,661,0.2657553762367534
270,523,0.2657508911946257
189,657,0.26573985615038553
165,46,0.2657040875822555
382,215,0.2656811750174051
415,508,0.2656719403218151
420,507,0.26567109462634125
121,601,0.26566853252268274
565,450,0.2656647597392861
415,666,0.26566044036622843
382,391,0.2656532841891797
382,32,0.26564605650484174
270,266,0.2656438779937468
464,339,0.2656393987913262
499,582,0.2656332922720671
189,296,0.26561160567653264
464,380,0.2656007882144757
565,518,0.2655959353050561
189,650,0.2655415572317213
415,512,0.2655330954598864
415,217,0.2655239755703302
189,541,0.265523737576115
12,155,0.26551678892695735
121,664,0.265504508961385
431,536,0.26548980695761465
464,584,0.26548913004901986
12,287,0.2654847194110103
420,667,0.2654818242035711
420,26,0.26545900355377217
431,650,0.26543570707705544
420,503,0.26542799879732065
12,561,0.26542000180995934
565,550,0.2654104274307213
12,263,0.26539964063498256
189,210,0.2653799602021289
47,33,0.2653716126746942
523,121,0.26537058494706456
415,655,0.2653647040060013
499,654,0.26536247589270234
121,458,0.26536051237972946
431,296,0.2653577015162336
382,528,0.26535446359712866
189,644,0.2653268506078682
121,682,0.26532288285519173
189,542,0.2653199010824607
415,252,0.2653083432672435
189,258,0.26530717226137396
420,58,0.26530625291240434
382,517,0.2652955228156077
464,426,0.26529294269636994
47,308,0.2652856095322325
431,349,0.26528090627341533
420,124,0.2652791041064586
382,352,0.26527584420865125
382,537,0.2652738671601533
382,281,0.26526053212212086
382,597,0.26525618323744904
431,653,0.2652559885585143
7,401,0.2652398831184936
189,419,0.2652339890238691
189,469,0.26523109382442217
499,122,0.2652196562599996
464,333,0.26521569534193173
121,43,0.26521503753234216
431,62,0.2652114008838949
381,227,0.26519068214307473
415,29,0.26517677158453495
565,277,0.26516464443443544
12,123,0.2651643922243644
270,465,0.2651559795879021
431,428,0.2651457654024345
499,409,0.26513609960278267
415,290,0.26512895897557914
464,325,0.26512329921261896
12,261,0.26506592578253607
499,78,0.26505167591801826
270,220,0.26504263221433777
499,323,0.26502345002530014
12,496,0.265019903077705
12,603,0.26500683206506553
270,52,0.26499816200730847
382,455,0.26499356469928964
420,213,0.26498664604884675
270,87,0.26497808998589
431,139,0.26495955577610686
381,221,0.26494039696071275
499,514,0.2649333250607509
270,2,0.26491786281466473
189,13,0.264908249998536
12,277,0.2648965362345841
420,424,0.2648645079438423
270,340,0.26485894098719914
189,195,0.26485467854059574
270,671,0.2648535820068403
270,555,0.2648485269819391
189,161,0.2648354871662769
382,325,0.2648354721333419
12,222,0.2648078582440935
270,463,0.2648017142986727
189,249,0.26479088994094113
464,85,0.2647864480879611
121,542,0.26478606967816326
381,442,0.2647848125681683
382,652,0.264780727939801
382,504,0.2647767690382888
382,141,0.26476208796591183
382,612,0.26475766821194385
431,590,0.2647504536454885
121,10,0.26473737093329547
382,544,0.2647336348014715
7,537,0.2647050892336809
464,449,0.26470018858368205
415,546,0.26469245393693436
121,118,0.2646867634405357
420,149,0.2646650116170999
523,101,0.26466009792674644
565,218,0.2646393776170126
47,566,0.2645716800978426
523,55,0.264550877857885
270,572,0.26454145783172167
420,630,0.26452743086245323
415,506,0.2645114681958976
382,117,0.26449814049839077
121,615,0.2644615102755657
420,616,0.26444015661331743
270,221,0.26441731865393764
565,30,0.2644125093114341
415,19,0.264377431617086
420,200,0.2643714400113859
47,253,0.2643691226280488
420,647,0.2643662988226939
382,296,0.26436513840284365
464,582,0.26433965465729575
464,610,0.2643006556970917
189,521,0.26429730123936457
464,74,0.2642948116658284
431,467,0.26429321909087267
431,135,0.2642924322800619
12,640,0.26428706955064596
523,593,0.2642743746555377
499,657,0.2642638944899345
464,532,0.26425979645215353
381,371,0.26424801745941723
431,585,0.2642131601480188
12,666,0.26418940163595345
431,201,0.2641834980514475
382,83,0.2641798479382434
415,201,0.26417849570509605
270,115,0.2641749105412174
270,215,0.264143962630207
499,281,0.26413171861818646
565,5,0.2641313258083006
415,49,0.26412103329772674
464,274,0.26412071960690703
381,444,0.2641127370335818
464,105,0.2640924768496999
381,54,0.26409120825460475
415,530,0.264076962276573
499,214,0.2640569863136526
464,201,0.2640442301969498
121,215,0.26403500328626994
382,340,0.2640317360315494
381,550,0.2640182793205339
420,643,0.26401577848107327
382,677,0.2640081719159032
565,395,0.26399287836448343
270,553,0.2639717214761858
270,242,0.26395059482688277
382,321,0.26393342249510476
121,611,0.2639322869553826
464,408,0.26392848018733395
270,369,0.2639149440145766
415,522,0.2639141094343682
382,355,0.26390459847822306
420,106,0.26390407788456655
420,561,0.26388940480708944
565,21,0.2638891339796951
121,229,0.2638641664740672
12,418,0.26385081509312514
431,343,0.2638435646590065
420,638,0.2638350464926559
47,215,0.2638275458636721
12,582,0.2638019547091627
464,518,0.263796066856362
431,559,0.2637942869961455
189,50,0.2637821862109897
381,634,0.26377112114697987
523,589,0.2637686365148719
121,317,0.26375599273991207
464,142,0.26375414153525456
189,474,0.26375334715563564
464,429,0.2637499314033791
121,390,0.2637225151473827
420,659,0.26371891933338465
270,342,0.26371587033575095
464,315,0.263708835509739
464,118,0.26370104292286467
415,598,0.26369696189786856
382,127,0.26369434591329977
189,377,0.26368809695843975
270,477,0.263664772493987
189,159,0.26364540695711736
270,669,0.26363195086972113
420,138,0.2636163649804802
420,447,0.26359823492934237
464,615,0.26357755068203703
420,663,0.26357485271655146
464,407,0.2635734115976215
382,256,0.2635711839996628
420,525,0.26356412544718655
381,113,0.2635367213087272
431,679,0.26353607201705465
12,79,0.26352710058232826
189,205,0.2634920798644645
189,27,0.26348999774469517
270,102,0.2634781942155155
12,657,0.26345613614752306
420,363,0.26345384313120096
431,599,0.2634186740929743
464,598,0.2634166252057487
121,506,0.26340991967695326
381,55,0.26340485840600253
464,276,0.26338547268927454
499,208,0.2633691896985296
420,670,0.26336561660026103
382,373,0.26335943105278076
464,290,0.26335700998038175
382,613,0.2633457402982399
382,679,0.2633440725372659
189,101,0.26334204681748286
382,326,0.2633130290247216
382,665,0.26331038910631194
12,214,0.26330813731936165
415,544,0.26329719206869334
420,359,0.26329091935081683
499,682,0.26328773671742184
270,571,0.2632753137153746
12,3,0.2632255184034691
382,689,0.26320424072472054
382,591,0.2631935212081767
499,618,0.26314857632240574
382,238,0.2631455867729939
121,391,0.26312572576713955
270,274,0.2631112816943175
431,674,0.2631071670725584
431,12,0.2630772804742876
47,589,0.2630710577258502
270,541,0.2630704323909202
382,375,0.263056067152814
382,1,0.26303483995183763
12,571,0.2630302741626085
189,137,0.26302438792513494
270,286,0.26301292043313806
464,572,0.26300282272744446
189,529,0.2629941999458981
565,667,0.2629727106055695
270,587,0.2629608634304329
270,236,0.26295932656395593
431,346,0.2629583457350888
12,506,0.26295662709910794
12,41,0.2629546935434541
382,315,0.2629447537965925
420,188,0.26291982662643915
270,518,0.2629107489774646
431,248,0.2629042954718669
382,74,0.26289155853351615
189,213,0.26287685664559235
431,270,0.26287070625938874
420,566,0.262861118581636
270,566,0.2628355577741078
121,151,0.2628341629722884
381,516,0.2628274812520409
464,50,0.26281691740860785
270,127,0.26281605456193524
121,679,0.26281050529620836
382,410,0.2628038205642696
381,89,0.2627842795400806
499,445,0.2627604912146436
121,637,0.262756069037726
499,50,0.26273929678066177
464,402,0.2627348519476838
270,561,0.26273170106097565
565,274,0.26270960940203986
270,682,0.26269851576989783
47,229,0.2626779566840351
431,284,0.2626719592296396
499,73,0.2626693186155323
121,369,0.2626640143469999
47,598,0.262661190507702
382,542,0.2626601631964631
270,355,0.26264492508862447
189,85,0.26264320985076284
420,115,0.2626268221730251
464,603,0.2626229889689647
270,662,0.26260901656844327
499,37,0.26260261749185093
270,224,0.26259979752670287
464,289,0.2625818419755113
523,175,0.26258076581038886
12,339,0.26255646523311527
420,30,0.2625449550718391
415,243,0.2625391629024885
47,671,0.2625151091891261
189,536,0.26250456150858337
381,335,0.262478688071875
270,111,0.2624659935959994
420,684,0.2624592522288373
431,250,0.2624438591071356
382,616,0.2624369606649874
565,43,0.262431725096834
420,380,0.2624206516001714
47,470,0.2624150859977998
121,549,0.26241410406650506
499,518,0.26240730208252316
121,38,0.26240514918209024
381,582,0.2624040029773857
270,118,0.2623950408249772
189,272,0.26236027332600426
12,97,0.2623571087138265
12,278,0.2623477261336776
431,68,0.26234585642596325
381,508,0.2623226805575862
12,195,0.26230041058169645
431,148,0.2622984715877987
381,103,0.2622738685742668
464,467,0.2622615245357199
189,659,0.26225214739545455
12,241,0.2622319802768827
7,285,0.26222531170595353
270,175,0.26221124659125106
381,566,0.26219640657046733
499,425,0.2621907040483305
189,316,0.26218356314497915
121,546,0.26217452434898336
415,556,0.2621596817807137
420,472,0.26215771412965266
382,558,0.26215700034524003
420,128,0.262142157545192
47,228,0.26213234895006704
431,6,0.26212305791677676
382,386,0.2621158653349023
523,682,0.2621071524255226
523,653,0.26209415920896695
420,117,0.2620816782996962
189,637,0.2620781639327602
121,27,0.26205151075650324
12,314,0.26205059488126403
464,586,0.2620305125230707
415,333,0.26202381047807133
47,583,0.2620217065746442
47,71,0.2620187103833414
431,646,0.2620084428133498
420,86,0.26199616614697213
165,654,0.26198790602592004
415,34,0.2619853673765259
420,579,0.26197391454463287
415,334,0.2619433589675848
270,124,0.2619342353439746
431,487,0.2619233722404918
415,409,0.26190909586542005
431,36,0.26190556432311946
270,473,0.26190036412925
382,576,0.26188501461449987
189,588,0.2618827747979579
420,78,0.2618822158668363
382,569,0.26187883153070834
420,607,0.2618777942188954
464,641,0.26187753233175043
415,199,0.26187683437947834
270,269,0.2618748671220318
464,306,0.2618508623774514
420,59,0.26183623749897267
270,448,0.261832251162214
431,677,0.2618317489034035
12,569,0.261828047056382
464,393,0.26181338381062436
382,82,0.26180689349230213
381,81,0.2618058612819087
189,502,0.261784088933399
270,657,0.2617820655469082
189,501,0.261758767390709
382,524,0.2617501268071825
12,49,0.2617461512831255
270,80,0.26174379557466704
189,201,0.26174245566246646
47,515,0.26173955177649544
121,487,0.2617293767800716
420,346,0.26172865412706275
47,668,0.261725895998622
431,86,0.2617153546318514
189,220,0.261714927120492
12,413,0.2616739460882526
121,618,0.26166837793879727
189,92,0.2616617345723035
382,529,0.2616539004956051
12,344,0.2616482240262193
47,556,0.26161371916193393
189,38,0.26160759014330526
189,630,0.2616052817037359
464,335,0.26158537079326427
12,68,0.2615765834894142
464,486,0.26157458047052407
415,621,0.26157427428773034
382,271,0.26156792208669444
270,499,0.26155782019674745
270,622,0.2615567191866174
165,619,0.2615552337998261
12,265,0.261529427733302
12,554,0.26152375889631263
415,265,0.2615185322109136
431,315,0.26150638343545735
499,57,0.26148493556834257
415,603,0.2614701087594212
121,402,0.26142727777179725
382,605,0.26142599846820985
464,642,0.2614214075663925
415,151,0.2614161696983474
189,417,0.26141469219825864
499,478,0.2614112200344765
420,80,0.2613996213756976
420,514,0.261380008241319
189,590,0.26137973572621154
121,631,0.2613652990012419
189,654,0.2613396998900061
499,336,0.26133961847048615
12,661,0.26133526804807683
464,425,0.26132352280950866
464,626,0.2613178172491362
121,207,0.2613075509059623
431,516,0.2612804623832138
523,428,0.2612522001918588
464,212,0.26124351546164926
420,119,0.26124035049574523
431,386,0.26122935011540405
415,496,0.2612284123447392
381,570,0.26120145192872485
431,180,0.26120061381739734
381,593,0.2611922023428249
381,353,0.26117858113192216
189,516,0.26116611403150125
7,481,0.2611557215720143
121,315,0.2611476107384001
47,286,0.2611314681207208
499,48,0.2611284549896217
523,296,0.2611283492600368
415,64,0.26111009487252845
420,208,0.26109371261549275
415,358,0.2610803446435059
420,558,0.2610731171328961
189,465,0.2610649329769661
189,391,0.26106423064242307
381,530,0.2610526540463226
270,197,0.26104869920245916
165,71,0.26104016257772483
121,472,0.2610189230542304
381,82,0.2610177704115929
270,653,0.2610122885628582
415,431,0.2609946998621369
464,149,0.26098308513391577
415,374,0.2609779053216558
382,358,0.26097706095731005
189,103,0.26096337684247345
270,656,0.260962112964071
270,630,0.2609579080834342
420,140,0.2609353869283625
523,492,0.2609299235863128
565,294,0.26091874129771847
381,178,0.260909904388519
523,285,0.2609051106149865
464,599,0.2608979605188439
270,545,0.26089529285524354
382,193,0.2608806406959607
189,111,0.2608800967732824
499,38,0.2608706851989658
420,571,0.26087066669717096
464,71,0.26086743997295064
270,488,0.2608452389532174
464,606,0.2608179064791188
420,495,0.26081547787229686
464,579,0.26081415002116276
12,71,0.26079202774422716
381,589,0.2607523345436637
431,667,0.260741887333764
464,5,0.2607353238132394
431,215,0.2607340201734321
499,257,0.2607281109781882
431,451,0.2607075224089768
270,77,0.2606990557765728
189,72,0.2606828050313825
189,566,0.26067806701071816
189,635,0.2606562638645694
382,516,0.26065276822842043
381,318,0.2606465655578707
431,473,0.2606219558202467
431,34,0.26057264602459324
381,665,0.2604807835669598
121,363,0.2604680207723177
382,625,0.2604644311327822
382,121,0.2604599201668733
382,248,0.2604524270180138
464,352,0.2604517501487567
381,88,0.2604486533831286
12,438,0.26044097881802064
565,435,0.2604363387172433
189,575,0.2604318531823066
381,101,0.26043170665289284
381,328,0.2604309829508555
565,660,0.2604279375155139
420,324,0.2604267061994548
270,416,0.2604203163980279
121,258,0.26041879410206936
420,539,0.26041844198323544
415,458,0.2603865455122783
420,226,0.26038158337639855
189,651,0.26035233184459455
499,477,0.2603468343979039
464,556,0.26031788482150087
464,233,0.2602745542670418
12,452,0.260270688704343
420,83,0.2602669378584872
382,120,0.260261118331148
499,98,0.2602395691601186
464,385,0.26023944020003636
121,97,0.260214274561433
382,189,0.26020520650497686
431,532,0.26020191073750737
165,389,0.2601967903703554
415,28,0.26019203139652186
499,118,0.2601725739964793
464,157,0.26013160311658295
420,364,0.26012695433135385
464,132,0.26011687346459056
381,427,0.2601130118313749
189,589,0.26011097446096965
382,171,0.26010986695034893
12,290,0.2600938956650432
464,619,0.2600847303967502
420,426,0.26008450045224923
499,106,0.26008088855740435
382,237,0.2600767522617662
415,47,0.2600739853435418
420,664,0.260060600217292
270,546,0.26005369632187325
7,605,0.2600533832052578
523,681,0.26004658989477775
12,163,0.2600429649964271
189,40,0.2600256629220253
464,520,0.26002173078070123
464,629,0.2599966863863405
382,467,0.25999566357690534
565,168,0.2599881726760003
499,97,0.2599822371383959
420,60,0.2599761763600164
382,546,0.2599680641265544
381,187,0.2599677001923457
431,72,0.2599654044338218
499,646,0.2599582952518327
381,337,0.25994220695426123
382,40,0.25993654156709695
431,415,0.2599226518639423
464,204,0.25991922812252827
189,480,0.2599141777680809
12,340,0.25990804133412065
381,373,0.25990041286598775
431,65,0.2598894493071515
415,321,0.25988647484525274
415,435,0.2598803138204723
565,405,0.25987202376325075
12,81,0.2598577494490618
12,636,0.25985760083180925
464,672,0.25985747006076626
382,226,0.25984528052134037
382,496,0.2598300441391052
415,494,0.25982554054742424
270,182,0.2597990718140929
420,578,0.2597947983691769
270,304,0.2597938507746093
381,17,0.25979145990794983
12,27,0.25978396816806015
499,151,0.25978223651335275
189,451,0.2597645780414436
565,281,0.25976407947550945
189,555,0.25975788068303685
415,606,0.2597318236303328
12,435,0.2597242139027342
382,79,0.25971409246957206
189,595,0.2597046577293897
121,248,0.2597024232411737
382,246,0.25967935240602363
121,362,0.25966299692962097
47,118,0.25966078740592125
12,39,0.25966002784146347
189,104,0.259659010908752
12,500,0.2596548525646742
121,60,0.25964359045161567
7,399,0.25964104700843227
189,380,0.25963475255983676
381,418,0.2596218310746539
415,398,0.25962078742128525
420,541,0.25961301841814965
381,673,0.25959526489431395
381,599,0.2595553041590606
464,563,0.2595529930661921
415,428,0.2595425225474741
420,259,0.25953096351948474
381,346,0.25952334112373465
420,230,0.25948047581862926
415,357,0.2594799221892066
189,83,0.2594744782441243
420,410,0.2594594668216089
420,253,0.2594515230558401
270,593,0.25943534112395394
189,147,0.25943235973710177
381,380,0.2594224567727534
523,364,0.2594219771903858
415,185,0.25941113149911604
420,186,0.2593667507104556
415,234,0.2593287995401704
121,425,0.25932864304354686
420,431,0.2593274092393534
382,657,0.2593265210410079
431,477,0.25931829681806756
464,308,0.2593088563489291
431,594,0.2593062688621503
431,281,0.2592961250398818
431,85,0.25929355593134296
270,614,0.2592896334976541
464,645,0.25928953206135563
270,438,0.25927465475979944
381,541,0.25927381805351885
499,599,0.2592644754782791
420,506,0.25926012800259235
270,148,0.25923386521295777
420,627,0.2592105214285816
382,418,0.2592066905609599
381,96,0.25919458115186866
189,125,0.259192324051785
382,202,0.25917730181950754
499,593,0.2591488414127225
189,619,0.2591451475219659
420,649,0.25914058980701016
415,596,0.259137074202652
464,643,0.25909857557738875
382,216,0.2590874981532031
464,174,0.2590645961394329
382,112,0.2590347245468355
12,568,0.2590325938348302
431,514,0.25903144227115954
382,149,0.25902651697044093
189,676,0.25899419740170765
420,123,0.2589930588847847
565,39,0.2589461558733519
464,389,0.25893423382453923
499,380,0.25892082194707944
431,506,0.25890278094078784
499,638,0.2588989151729058
420,690,0.2588807211456813
420,136,0.2588738479741785
415,329,0.2588581186845084
565,195,0.2588570550235952
270,248,0.258852071312973
499,79,0.25880844661495217
189,448,0.258793072736101
189,584,0.25879218198716114
420,31,0.2587744139587941
523,174,0.2587689394605198
47,10,0.2587641799057018
381,212,0.2587344634422522
189,154,0.2586580675713811
523,673,0.25865059419823966
382,277,0.2586129975750366
415,516,0.25861053506889675
420,127,0.2585997107491075
47,89,0.2585965930229792
523,315,0.2585855255579382
415,55,0.258578613004731
12,458,0.25854673644803006
499,72,0.2585465481918732
382,243,0.2585461055785781
382,390,0.25854349143978755
382,555,0.2585399709405562
189,429,0.25853611233699086
270,610,0.25853186154770497
270,584,0.2585138228961482
381,95,0.2585018482693945
420,251,0.2585015309594494
420,288,0.2584960644210734
523,270,0.2584934500276024
415,445,0.25845823816459373
464,235,0.25845782704941217
381,661,0.258454645064822
499,330,0.2584452903157205
415,634,0.2584426056818153
464,214,0.25841990133500997
464,616,0.25840220542624626
121,548,0.25838930105187485
12,171,0.25837809998795286
431,357,0.2583758445441277
464,267,0.2583703440288073
523,23,0.25835386525291526
431,595,0.2583505298542599
415,306,0.2583301511149545
47,595,0.25830597033641983
499,465,0.25830254543223413
499,572,0.25828713497728967
270,158,0.25824284402114633
12,517,0.2582336947005664
523,229,0.2582306892639123
415,83,0.25822422253298316
12,45,0.2582222883108615
12,556,0.25820937412708106
415,91,0.25820300638503674
12,349,0.25820049047712706
420,27,0.2581920147895153
189,528,0.25819011821361565
270,196,0.25818826635063136
415,517,0.25818279006577555
382,640,0.25818274253526635
415,196,0.258150222526441
47,145,0.25811917741985024
382,572,0.2581117849333506
431,437,0.25810981450280723
12,669,0.2581091700933861
415,178,0.2581089567960707
415,483,0.2581039603666926
464,363,0.25807539723095296
415,224,0.25807239685413147
382,462,0.25806249294179284
12,624,0.2580438444498439
165,77,0.2580380088431743
523,77,0.2580358502658096
499,74,0.2580214799651408
382,272,0.2580175281368601
270,15,0.258001815262538
382,619,0.2579886907577048
381,280,0.2579883297035909
121,464,0.257983809664408
189,332,0.2579834823390715
420,141,0.25797950526131563
499,470,0.25797738021300126
189,227,0.2579619992516063
381,677,0.2579614767194768
464,674,0.25795618582532864
189,593,0.25794915919375844
382,10,0.25794183305282925
499,382,0.2579224709394297
270,444,0.2579052958477127
464,538,0.25790115364998334
415,560,0.25788939908248415
565,674,0.2578572199242922
270,226,0.2578449745627706
12,331,0.2578387775554814
415,584,0.2578382085599047
420,207,0.25783118014977435
415,678,0.2578290491743016
12,315,0.25782618282852043
189,674,0.257814712614876
270,374,0.25780986706064324
381,653,0.2577957897223507
189,660,0.25777891954729565
270,517,0.2577597310652229
420,159,0.2577495962823341
499,659,0.2577436461917973
499,204,0.25774080465800375
189,281,0.2577389932000045
464,455,0.2577245182528233
12,522,0.2577223908033624
12,0,0.25769893840733915
499,184,0.257657251881353
121,166,0.2576501083390659
431,228,0.25762388953917675
189,17,0.2576115499555574
415,644,0.25760930334519605
499,641,0.25760750671883487
420,411,0.25759907823513634
415,295,0.2575822647698276
12,257,0.2575818768172469
431,8,0.2575597393075292
420,19,0.2575462568651558
381,203,0.2575226879222193
464,587,0.2575118149220608
420,303,0.25750664178393584
121,196,0.2574718667558657
47,468,0.25745160799448646
523,506,0.25743856116352953
464,283,0.2574348468206261
189,518,0.25743126231359736
523,418,0.25741953088167435
415,472,0.2574108794505144
121,431,0.25739192483025874
464,440,0.2573830222608583
415,182,0.25737400757238865
382,377,0.2573692961279125
415,541,0.257364321149366
464,317,0.25736290629348174
121,559,0.2573626860787202
431,581,0.25735849264953026
415,218,0.25735721638226366
420,689,0.2573530642142791
382,34,0.2573316361107293
464,451,0.25732246885105936
12,433,0.25729540668597
420,345,0.2572825753585492
415,642,0.257281077546213
189,175,0.25727544677427017
431,118,0.25727541640094287
565,267,0.25727324942270763
121,225,0.2572701479888476
464,269,0.25726514200063527
415,400,0.25725542158444925
464,16,0.2572387931512984
565,560,0.2572267538806364
189,641,0.25722086214852047
270,432,0.25720348811866417
270,94,0.2571922389470965
12,651,0.25718868814910184
431,413,0.25718611046976625
499,2,0.25718562243071225
121,434,0.257141561789001
381,537,0.2571354053205776
270,250,0.25710725283717967
381,651,0.25710507311807673
565,477,0.25710040334169826
189,444,0.2570897522595462
189,56,0.2570593910441203
12,673,0.25705866559984664
415,37,0.2570396037626257
12,196,0.25703617428996056
464,658,0.257029148276776
381,126,0.25702803630727683
431,44,0.2570165285225854
523,434,0.25700715169263927
420,279,0.25698699606035497
415,455,0.2569697251238776
12,166,0.2569533824797147
121,342,0.2569370163505355
420,609,0.25693184373540945
431,100,0.2569280180601736
415,643,0.2569105490837614
382,402,0.2568937816607944
523,138,0.25687405739835223
270,267,0.2568572169815705
499,536,0.25684188854469026
464,245,0.256832600753712
523,220,0.25680182801203083
189,320,0.25680135064781257
420,94,0.25679621607530645
464,321,0.2567951189980464
523,103,0.25679446984158905
382,629,0.2567790565822803
382,306,0.2567790054250309
189,188,0.2567617403353678
270,508,0.25673992597905165
381,629,0.25673483780975287
420,589,0.2567234227077199
12,232,0.2566993141688163
431,547,0.25669364245468085
431,163,0.25669194681213975
415,39,0.2566846666655926
270,627,0.2566765352870473
189,334,0.2566653230400664
431,266,0.2566623788538024
12,690,0.2566573831291004
381,652,0.2566500815462332
464,595,0.2566364521213472
189,591,0.25662509863608807
12,577,0.25662138841078114
270,92,0.2566207883265225
270,85,0.25661848484267297
415,424,0.25661097053593457
382,116,0.25658447626920966
381,482,0.256541928519521
431,147,0.25653584029951004
431,580,0.25653375560436414
121,278,0.2565302534746433
47,416,0.25652041469323983
431,24,0.25651416223434464
431,82,0.25646610691711386
523,283,0.2564567283581947
420,315,0.2564389925922316
381,248,0.2564286184262452
565,670,0.25641484793521124
270,445,0.2564022364713082
382,297,0.25639524966452104
420,685,0.25637951250118807
415,408,0.2563647934533419
499,676,0.25636100080585716
270,412,0.2563579796039776
523,37,0.25635447806622136
382,511,0.2563495388425592
464,224,0.2563453466888518
431,155,0.25632558857407856
499,672,0.2563200223780511
499,388,0.25631876055828745
12,414,0.25631519947030057
415,53,0.25630630055817955
47,332,0.25628718883415125
565,51,0.25628614039342706
499,595,0.2562830279346579
415,138,0.2562740570541946
47,205,0.256271509559629
420,131,0.2562693828092147
189,598,0.25624591458393786
270,635,0.2562392222739359
464,341,0.25623768996602564
382,21,0.256234984766914
270,409,0.2562199107578365
270,324,0.256211835963775
565,62,0.25619538140574794
565,402,0.2561918992339197
431,544,0.25618933294194485
523,630,0.2561685168909927
121,193,0.25611773283858275
499,353,0.25608928238538475
464,266,0.25605994770962104
415,272,0.25603068195041645
47,486,0.25601855462165746
464,24,0.2560145293228773
565,38,0.255979898211441
270,103,0.25595275469392964
381,333,0.25594676704488895
431,154,0.2559134693326757
565,254,0.25587982121870323
270,497,0.2558769400031342
189,631,0.2558617193463653
12,247,0.2558557140317074
499,173,0.2558442174241959
382,103,0.2558406654352176
464,143,0.25583939144497886
47,635,0.2558367973062171
415,303,0.2558337435950221
431,601,0.25583306247446364
12,281,0.2558305904965156
415,220,0.25582753847139145
47,24,0.25580681146180734
189,212,0.2558045761605496
565,236,0.255803864496852
270,100,0.2557633999928677
189,142,0.25576178062484145
499,147,0.25576170802026216
270,419,0.25575938144518506
464,115,0.25575594757201814
523,562,0.25572407710760786
464,358,0.2557227578527339
431,171,0.255710234423102
420,552,0.2557080549487974
523,153,0.2556922509097298
382,598,0.2556808800343729
12,382,0.25565973227437
121,413,0.2556471033584925
464,524,0.255635519047942
189,410,0.255624369249847
420,462,0.2556238491548434
565,246,0.25561662240448135
12,324,0.2556143137916925
47,243,0.2556113002972216
382,339,0.25560652411021434
12,358,0.25559910606577924
121,286,0.255599063516646
523,518,0.2555878523750345
499,189,0.25558649183146237
121,84,0.25555384898101324
431,573,0.2555429775728997
382,327,0.25553977742340667
121,498,0.25550685731970474
12,436,0.25548057823568643
7,343,0.2554731847480214
523,603,0.2554727271638093
7,431,0.2554662606666708
415,418,0.2554593605407444
189,118,0.2554544019456496
499,559,0.25544718812197553
565,495,0.2554399571616163
523,252,0.2554338466590003
12,87,0.25543052300799013
415,361,0.25541625759971165
499,615,0.2554106763513206
47,491,0.2553768568175188
121,421,0.25536075020753135
420,152,0.2553236450604831
382,601,0.2553212998471793
270,425,0.2553169510019877
415,620,0.25530453374129
499,428,0.25529971787547384
189,108,0.2552633129472489
420,108,0.255253839330307
499,438,0.25520232134470916
270,101,0.25520221133338994
464,84,0.2551838243296686
382,22,0.25516288867538106
381,325,0.2551557911427004
270,37,0.25514980266548004
121,457,0.25514580246221646
415,366,0.2551232216119458
12,424,0.25512092790414037
420,347,0.2550939868509765
431,671,0.2550897851722499
121,233,0.25508787867157057
12,403,0.2550721365252404
499,315,0.2550268000770433
12,562,0.2550188104743868
565,57,0.2550152591098959
415,203,0.2549850732431531
121,163,0.25498260851598825
189,260,0.2549802515574889
189,223,0.25495722166440543
523,532,0.2549383515300416
464,471,0.25493503405443346
499,375,0.2549292684868327
523,415,0.25491974884448754
415,674,0.25491770897260224
270,179,0.25490644358383685
189,369,0.25490579601087177
420,383,0.254902316440196
47,236,0.25488920200101334
523,272,0.2548743444598985
121,72,0.25485251181369306
121,8,0.25483401289148383
499,649,0.25482101171754956
499,589,0.2548180941004418
189,513,0.2548167950002543
499,166,0.2548135643981791
270,661,0.2548130956028445
12,664,0.25480969948140886
121,673,0.2547918724603589
382,332,0.25475690732003864
270,542,0.25475559099498085
121,175,0.2547332455271472
420,212,0.2547049479380136
431,371,0.2547026187507274
270,606,0.25470046950506686
431,157,0.2546968051621666
415,407,0.25469256164639675
382,561,0.2546755517771941
121,48,0.25467350447542575
270,441,0.25466999215564556
189,686,0.25465687473563303
270,472,0.25463674764861727
270,260,0.2546283355430836
270,634,0.2546257285896801
189,381,0.25462231497425714
121,447,0.25460675534948685
189,74,0.2546047346844994
382,553,0.2545939439262075
420,304,0.2545649161311377
431,313,0.2545522649861707
12,637,0.2545477785084286
464,2,0.25454219977948167
165,67,0.25454120942893543
270,664,0.2545134609991088
499,629,0.25449347444007486
12,10,0.2544672666858249
415,462,0.2544564290114796
189,682,0.2544552178414298
382,124,0.25445517717925636
270,164,0.2544218075023376
382,341,0.25437793286231924
382,351,0.25436774409445
415,645,0.25436221104099904
499,311,0.25435694684586657
12,249,0.2543264246791408
189,254,0.25430429711972596
189,561,0.25429364305132773
415,268,0.2542618019666862
420,603,0.2542586984034546
12,226,0.2542465653987577
499,487,0.2542426441573856
47,149,0.254240755712354
270,386,0.25424053030642035
415,377,0.2542134811654936
464,153,0.2542108513502744
420,263,0.25420227452650174
189,322,0.2541760154018762
420,185,0.25417386381960133
47,257,0.25417312760971644
189,4,0.2541659716757893
431,470,0.2541597861461352
523,297,0.2541471786808292
431,526,0.25413664354986754
189,430,0.25413650765223106
420,654,0.2541072047863667
431,502,0.25410489356227556
464,200,0.25409650619889523
189,533,0.2540963539855026
270,410,0.25408776774409053
431,207,0.25408352248378013
431,117,0.25407191745911273
565,485,0.2540630401114028
420,29,0.2540496760621315
382,611,0.2540037203708421
565,360,0.253990950438258
415,444,0.2539841997067592
270,346,0.2539823922602305
121,115,0.25395635656187093
499,276,0.2539339850969044
270,316,0.25393298472431663
47,344,0.2539038596676484
270,0,0.2538766916477629
431,240,0.25387324487366264
415,346,0.25386927797833747
12,590,0.2538553082000803
270,668,0.2537899324300662
523,634,0.25377270307605404
415,432,0.2537695250864872
189,41,0.25375541121182005
270,500,0.2537461367441812
415,117,0.25372475487561685
420,75,0.2537063562590036
565,491,0.25369994026156206
565,76,0.2536999290391752
499,313,0.25369951806437746
420,256,0.2536978535081746
431,433,0.25369132850254805
415,672,0.25368603608423346
565,170,0.25368487705522313
270,356,0.2536838620771139
12,220,0.25365956213657415
121,453,0.25365876531097853
420,97,0.25365134711069526
431,14,0.25364848374956184
499,610,0.2536434073901265
47,176,0.25364187832864876
523,351,0.25362860990995784
523,195,0.2536185355612403
499,665,0.2536107901549368
382,33,0.2536006336481928
420,496,0.25359813340085674
121,377,0.25358163768583547
189,638,0.2535816002131444
420,454,0.2535790647509935
415,92,0.25352058387010856
431,316,0.25351252636158644
382,392,0.2534912172814654
12,179,0.25346413958474984
12,430,0.2534454404946061
382,71,0.2534343654060191
415,469,0.2534254575712991
431,52,0.2534014469030152
499,655,0.2533707384418785
382,173,0.25336714671851035
420,469,0.25336588482827305
431,647,0.2533568237268831
464,138,0.25331547963897133
523,51,0.25331480060299727
189,476,0.2533086723388063
464,280,0.2532965346530363
499,413,0.25329568860319424
382,31,0.253287471426145
431,496,0.25326621691157286
415,279,0.2532598224116009
420,37,0.2532568345028315
382,443,0.25325623823203797
12,467,0.25325610390726705
420,174,0.25322911767292433
431,628,0.2532156727575583
415,395,0.25321475137745036
415,127,0.25321427264740926
523,500,0.2532058843177731
415,650,0.2531742057468934
382,214,0.25314574494435116
415,58,0.2531421164223559
415,237,0.25313654631786303
382,452,0.2531309924114487
420,407,0.2531291801317787
420,84,0.2531233735087187
12,69,0.25311825474719196
415,266,0.2531163583467893
121,76,0.2530994016213419
523,165,0.2530984055624581
420,400,0.2530720768285731
499,656,0.2530609429594758
523,157,0.25303811141337745
415,578,0.25302007982741775
415,149,0.25301613686557384
12,34,0.2530033455454578
121,161,0.25300128318573356
420,321,0.25299236631913835
189,677,0.2529705452549666
189,604,0.25295466207144346
12,599,0.25293673245020803
381,443,0.2529280439035664
431,273,0.25292012205530884
382,228,0.25291644551980064
499,447,0.2529148959003992
499,237,0.25286663367405987
415,568,0.25286050943073973
7,539,0.2528436181144054
47,536,0.2528254563895739
189,433,0.2528218915358431
189,517,0.2528134438886619
431,303,0.25280870129514077
12,527,0.2527977247655926
381,277,0.25279731096849756
382,420,0.2527891390962053
415,41,0.25278318377081455
189,150,0.25276305382107955
382,459,0.2527301910992669
415,449,0.25272485736943123
415,547,0.25272374203532366
431,682,0.25270564080432734
431,598,0.25267518197934363
431,259,0.252673679359745
464,265,0.25265637389485907
415,625,0.25265481347067065
431,624,0.25263164971302454
420,468,0.25262837867092314
499,466,0.2526048864304344
420,241,0.25260090647730954
420,582,0.25259046663088186
382,254,0.2525764827669718
415,661,0.25257307511193
499,469,0.2525688403830983
431,631,0.25256106954207225
12,533,0.2525597865437789
415,450,0.2525520094579923
464,417,0.2525360102703499
431,576,0.25253224876910224
565,314,0.2525275638889542
464,383,0.252513741708023
420,550,0.25251272156611687
499,132,0.25251059124519176
12,19,0.2525092909525777
382,242,0.252491536627143
12,523,0.25245873647527556
47,61,0.2524477260347041
382,500,0.2524411483712157
415,8,0.2524130871039448
270,680,0.2524057144321037
121,240,0.25238788326842165
12,536,0.2523840208386973
189,264,0.2523744053309131
523,342,0.2523718705738798
415,412,0.2523646575384981
12,217,0.2523467203058553
431,168,0.25234349366654385
420,476,0.25233933199863356
270,365,0.2523307726909887
7,521,0.25228217274705456
270,228,0.25227625367668155
523,331,0.25227354796573914
165,310,0.2522706609086378
420,509,0.2522695369813993
47,76,0.25225737924924974
12,686,0.2522446583680499
464,65,0.2522247447549856
270,315,0.2521725662605264
270,135,0.2521591473459326
499,170,0.25214260235693814
47,23,0.25213765858143594
189,342,0.25210695579485354
523,79,0.2520778162207739
189,527,0.2520591081757084
382,346,0.2520516562020174
499,182,0.2520415348243328
499,301,0.25204015690866166
270,203,0.25202895353035915
415,651,0.2520173612740997
431,478,0.2519897031398901
270,20,0.2519815757384581
499,596,0.25193977360227804
270,129,0.25192272782073494
464,40,0.25191582705302157
415,448,0.25190864562020626
415,227,0.2518965872396591
270,393,0.2518749554824693
382,485,0.25185703653552327
464,671,0.2518406469977621
499,634,0.2518252895550178
499,506,0.2518174956074662
382,671,0.25181050665046173
523,683,0.2518053743689809
270,143,0.251797435834631
381,256,0.25179483245636247
189,80,0.2517897088189539
189,202,0.2517894133216575
189,48,0.25178683345905123
464,521,0.2517754080187468
189,400,0.2517677938062661
420,334,0.2517618028037201
47,162,0.251751922817516
464,684,0.25173976248435825
523,632,0.25173644173045573
420,440,0.25173450080292475
431,71,0.25173417240906276
189,343,0.2517300652342849
420,284,0.2517148069867242
431,407,0.25171114962420593
431,560,0.2517068657648871
12,495,0.25169880678377105
415,289,0.2516674399932064
12,149,0.2516515700006493
420,90,0.251649499654648
464,474,0.25162669005145544
431,134,0.2516234279555511
12,618,0.25161645255411774
189,392,0.2515973278090381
499,383,0.2515860304690306
382,584,0.2515565122346564
382,17,0.2515493861092416
420,246,0.2515411212305995
189,557,0.2515389975515689
523,553,0.25153545266234834
382,8,0.251529016004641
415,373,0.25152779270485537
464,17,0.2515038824750578
415,684,0.25149534818356506
189,275,0.25147716377449786
12,215,0.25147582605268004
381,176,0.2514652679179497
499,108,0.2514570481497521
464,547,0.25145561101065556
381,612,0.2514453355412026
523,236,0.25143434323049607
415,228,0.25140074966613773
12,188,0.2513781250352071
415,413,0.25137663624617174
121,461,0.25137309959363496
381,50,0.25134185957277644
420,214,0.2513361802420703
270,494,0.2513354521516872
47,78,0.25133105418591517
189,183,0.2513259052286405
415,605,0.251317787819294
499,244,0.25131084896474154
464,59,0.2513079478497094
382,366,0.2513031166426419
121,56,0.25128667212580774
382,360,0.2512865796623497
523,108,0.251282036200204
464,450,0.25127732082980686
415,260,0.2512694413761729
420,267,0.2512688905930137
499,546,0.2512527842752664
12,459,0.25123673816792486
499,594,0.25118594313331155
523,179,0.2511849384972207
121,49,0.251183824596388
523,149,0.2511753134305865
189,229,0.251126970630055
382,403,0.25110291264967377
420,584,0.2510960002404645
420,4,0.251073152545462
499,290,0.25105915081761215
382,201,0.2510574968337444
270,150,0.25104925177142356
189,244,0.25104100636358895
381,614,0.25103975457730116
270,4,0.25101801801952955
121,103,0.25100370336030936
381,663,0.25100334251487527
47,240,0.2509792737984858
7,507,0.2509717072050806
431,412,0.2509320491180509
499,613,0.25091897957893705
12,409,0.2509134313170735
420,419,0.2509050944027435
381,159,0.2508890909134873
12,371,0.25087045716037515
499,571,0.2508584495544264
499,80,0.25085143067444526
12,252,0.25082091186917327
121,231,0.25081924868741856
464,590,0.2507526561791641
7,644,0.25074271514866203
431,252,0.25074239500905077
415,308,0.2507386678173816
382,378,0.2507266570561409
431,177,0.2507147827302844
47,36,0.2507041450547202
189,361,0.2506877018216339
7,439,0.2506876443181019
431,203,0.2506709012347835
381,632,0.2506678237937778
381,336,0.2506660267411403
415,309,0.25063116440069944
431,541,0.250622112906363
420,333,0.2506161183360853
189,545,0.25061533776589945
12,482,0.25061332479173964
420,220,0.2506132017044779
189,435,0.25061281769778343
431,246,0.25060665782658936
47,0,0.25059304012275097
189,143,0.2505807106912227
381,647,0.2505715763799072
431,23,0.25056899701449825
270,130,0.2505647371027249
12,150,0.2505276012295172
499,364,0.2505271328950204
382,108,0.2504965019941732
382,658,0.250481628078336
121,628,0.25045395238788376
47,227,0.25044089842500405
464,479,0.25043970679374206
12,622,0.25042884678837124
382,252,0.25042223255949125
382,53,0.25041518965988036
431,622,0.2504049397340719
499,111,0.2503913334378099
270,390,0.25038052121446974
420,675,0.2503799969346128
431,409,0.25037836922170276
12,143,0.2503706946383981
523,120,0.2503691287025469
415,438,0.2503635809600113
382,186,0.2503152476205806
499,568,0.2503104718674742
189,581,0.2503099760804856
12,182,0.25030848892577645
381,39,0.25029669585112085
464,92,0.25029640277273724
464,633,0.25029049977287415
431,166,0.2502877595551521
381,689,0.25028211953352775
381,558,0.25027535797542433
47,679,0.25025966702915037
464,237,0.25025889805137086
382,56,0.2502265306702429
12,463,0.25021670324663525
382,37,0.25020921072752694
565,598,0.25020831981771163
270,184,0.2501757446282438
12,250,0.2501455065924865
12,268,0.2501422416888849
523,687,0.2501373336885921
189,313,0.25012505814275765
464,292,0.2501155707640681
270,222,0.2501155421692687
12,484,0.25011170758793977
47,178,0.25009885498783757
415,582,0.25009376491335455
565,6,0.2500878069747683
420,6,0.2500846937322916
523,49,0.2500753291452268
189,482,0.2500718666689353
121,5,0.25006863408888064
464,38,0.25006670414754023
381,218,0.25006520659717846
499,651,0.2500461640624198
382,87,0.25004482261465943
431,158,0.25002227647149866
270,492,0.25001963154720996
270,573,0.2500136942257735
415,682,0.2500083637450541
420,218,0.25000584033897244
523,565,0.2499717469505642
12,547,0.249961844130858
420,215,0.24995854531578457
270,363,0.24995745087541615
499,264,0.24995662994412393
499,32,0.2499514420311548
415,497,0.24993198323528443
415,364,0.24992880700218664
415,376,0.24990970781075617
415,95,0.24989317846104628
12,57,0.24987079195465253
523,58,0.24986751588453016
523,279,0.24984747081286615
189,374,0.24982743366885424
415,122,0.24982700499598523
415,589,0.2498261501193877
431,205,0.24982208641918904
499,44,0.24981198764372756
189,519,0.2498059923647361
7,96,0.2497686993911278
499,351,0.24974128380892985
382,126,0.2497399216113686
415,241,0.24973274279084778
415,147,0.24973204885523093
382,176,0.24973094819294578
415,221,0.24972876324872664
464,342,0.24972646488864453
12,103,0.2497079565363013
565,260,0.24969806188334087
270,433,0.24962377673659597
431,414,0.24961327630782418
420,95,0.2496091226466937
415,24,0.24959179063583917
431,593,0.2495864883003858
12,462,0.24958412191244161
270,629,0.24952646050713848
189,648,0.2495142932416716
121,239,0.24950150852651198
165,423,0.24949397365361617
270,576,0.24947093846491347
381,397,0.24946873840826825
523,457,0.24945032364004532
523,671,0.2494472226960374
382,142,0.2494343838949392
189,115,0.24943427447894936
565,666,0.24942776561708566
415,587,0.24942558691914846
499,20,0.24941958173934864
381,300,0.24941734883244301
464,295,0.249403797531103
523,163,0.24939706457126193
121,426,0.24937841143805559
523,660,0.24935513472280305
47,300,0.2493486578160483
382,458,0.2493457475764994
165,90,0.24932427537401447
189,649,0.2493237955585954
121,607,0.24924458087630047
12,429,0.24922382469671164
270,240,0.24921555412017762
189,152,0.2492073608658933
464,685,0.24916558760582716
420,391,0.24916345279483135
121,438,0.24914703982398065
165,366,0.249113045443904
464,686,0.2490847722921313
270,528,0.24907848424219187
382,545,0.2490572595509636
121,520,0.24904316372998933
415,163,0.2490353546450411
523,64,0.2490338605512795
420,82,0.24902477059462375
381,403,0.24901381718891943
12,654,0.24901128217792998
270,3,0.24899480827695913
431,438,0.24898966486511212
565,9,0.24898718269822082
499,227,0.24898374297688844
189,190,0.24897125754167526
189,245,0.24896376538972342
420,423,0.24896235349574855
165,555,0.24895983604131242
523,432,0.24895697395796634
464,560,0.24895082708307806
523,477,0.24892644556204124
415,111,0.24891840279805869
420,272,0.24889781443172485
431,642,0.24887138221430574
565,500,0.24885953169574646
415,320,0.24885885322675874
270,354,0.24885228445070273
420,360,0.24882982601463652
270,618,0.24882303728818328
415,480,0.2488227748189966
382,3,0.2488166106982543
189,257,0.24880795772236922
499,308,0.24878948079950777
189,173,0.24878914253614665
499,424,0.24877659763429955
12,38,0.24877217503612573
415,210,0.24876969454764783
12,412,0.24876961249267035
47,545,0.24876456152732815
415,518,0.24875174724238536
47,55,0.24874574185355583
47,676,0.2487225848551441
381,603,0.24870215024629558
47,377,0.24870086388606089
381,610,0.2486856391565739
270,408,0.2486727414207954
499,171,0.24866192043064622
12,439,0.24863840649395672
270,50,0.24863689357825589
47,433,0.24862739823773825
431,13,0.2485748974353983
499,272,0.24855593745949023
415,103,0.24854318921698942
381,46,0.24853364320112153
499,60,0.24852248789066603
464,375,0.24851184977393542
420,549,0.24849164262619122
381,602,0.24847902547949943
523,555,0.24846852759773844
415,631,0.2484559741213711
270,478,0.2484354475407913
381,579,0.24843266940614073
499,263,0.2484272678025664
565,74,0.24842299153714528
47,497,0.24842186681763068
270,503,0.24837304394463103
499,560,0.24836772575192712
415,50,0.24835992538976984
12,445,0.2483485649417286
415,492,0.24834181804791325
189,632,0.248338232959765
420,264,0.24833526719458024
12,93,0.24833298433961287
464,169,0.24831972008395856
499,168,0.2482999287477619
499,83,0.24825951241282798
121,307,0.2482501308435986
382,58,0.24824744220083442
431,480,0.24818857196176175
47,171,0.24818796234405538
121,18,0.24818250713632276
431,331,0.24818208248064527
7,640,0.24812428454069066
270,139,0.24812349194239364
415,441,0.24811346550674115
121,172,0.24809172861806839
431,528,0.24807691245145888
121,153,0.24807586486123945
499,496,0.24807372851115975
12,50,0.2480370632655434
420,521,0.24802981609339328
431,420,0.24802819322481748
381,208,0.24798523931293442
499,590,0.2479693023237626
420,150,0.24796782437781775
12,634,0.24795132013411142
121,350,0.2479332149711898
499,325,0.24793306418525027
270,61,0.24789670142288286
382,295,0.24787664885397115
415,332,0.2478704743128174
464,527,0.24786633696971339
499,278,0.24784161395615328
415,368,0.24782542975695607
523,349,0.24781951459558185
382,316,0.24780501742932273
381,311,0.24779048780175825
12,549,0.24777431694022325
189,325,0.2477714856672324
523,106,0.24776602748933566
12,432,0.2477622315962873
415,564,0.2477508761744413
464,220,0.24773004559044082
420,651,0.2477267103422423
499,274,0.24770641463323823
270,370,0.2476959468210802
189,412,0.24769118081396696
189,247,0.24768445092189192
420,210,0.24765834340814752
382,68,0.24765340110604167
464,97,0.2476419804354203
415,465,0.247635467087815
12,512,0.24762588867106256
523,42,0.2476223201720504
431,586,0.24759901356871447
382,583,0.24759859347903054
47,327,0.24759069327531286
381,455,0.24758932118790083
121,552,0.24758359780436454
12,308,0.24756986538670847
382,147,0.2475609797675504
189,321,0.2475443327933746
47,22,0.24754109191428414
270,296,0.24753919191695894
165,404,0.24753833984042192
121,651,0.24753214543957527
12,255,0.2475234087735092
431,153,0.2474912005896988
565,350,0.24748353628636546
415,647,0.2474832535192405
382,190,0.24747995519483995
499,442,0.24745810423048847
464,164,0.2474567447259667
382,667,0.24745228563138477
47,614,0.2474514563805494
7,538,0.24744954610107955
12,524,0.24743666803143688
382,552,0.24743514243417877
189,26,0.24743265628603597
270,451,0.24742389312087534
523,527,0.24742003687184155
12,621,0.24741912602063434
381,87,0.24741728684664252
382,647,0.24740724595851654
431,582,0.2474052452459324
47,234,0.24738407748339253
565,92,0.24738197174762436
415,628,0.2473817244025112
420,211,0.24737897618731702
523,88,0.24736652579501606
565,226,0.2473627841834887
415,324,0.24736241136081355
12,665,0.24735336643923253
189,511,0.2473484811087757
382,314,0.24733159376111702
415,184,0.2473295001921601
381,487,0.24732089158173481
431,491,0.24731838568419548
415,298,0.2472963938385803
415,94,0.24728186830918134
270,686,0.24726706134315335
12,494,0.24726236932845183
464,688,0.24726177789142728
121,486,0.24724907735552776
270,551,0.24719388910526763
523,74,0.24719168518382711
420,225,0.247186335924557
12,491,0.24718612491904116
499,513,0.24718079950897856
464,0,0.24717904888549547
382,497,0.2471764674907106
464,175,0.24713589241340667
381,202,0.24713257773369696
121,596,0.2471312961180568
415,74,0.2471251398176086
12,322,0.24710249642620435
499,243,0.24709193074739183
523,25,0.2470803061298641
464,551,0.24706635777125402
382,43,0.24706413755232526
420,458,0.24705758729037203
499,650,0.2470511694331351
189,540,0.24704077570519256
431,684,0.24703019027009882
270,422,0.2470065088783485
382,626,0.24699196773894325
415,78,0.24698699398760743
270,550,0.2469857132433871
415,581,0.2469834086709168
431,199,0.24697505595462732
47,39,0.24696151523707527
420,343,0.24695236149535524
415,648,0.24694973342033955
415,264,0.2469370532782084
499,228,0.24691992143729094
12,259,0.24691333156259224
381,679,0.2469066011513288
189,617,0.24687443243704515
523,118,0.2468640355849768
523,403,0.2468589538966549
270,392,0.24685413454258495
270,375,0.24685020304385585
381,524,0.2468330688619996
47,179,0.246817429798038
499,158,0.2468148978309199
12,248,0.24680872591320602
121,669,0.24680821571563274
189,166,0.24679931564739876
12,33,0.24679709531454266
523,662,0.24679602299818418
431,175,0.24674705888758044
12,677,0.2467438973413169
499,9,0.24671600294738436
415,370,0.24668782840250128
270,207,0.2466658743822622
499,58,0.24662784372759544
464,111,0.24662300019079664
382,160,0.24661356362219392
415,11,0.24658682384610026
12,147,0.24658441238801213
12,137,0.2465734754304587
431,397,0.2465651798444342
415,143,0.24654589811412855
499,19,0.24654535179697185
420,217,0.24652749250222433
12,374,0.24651338571425532
382,662,0.24650925950666616
189,445,0.246507387806202
121,475,0.2464943048594996
270,195,0.24647803413864053
12,133,0.24645640281258968
415,466,0.2464530640348133
499,666,0.2464316180011412
431,53,0.24642269457901325
381,222,0.24642189638269157
431,189,0.24642017559141574
382,330,0.24641717237261246
12,528,0.2464102735458014
415,222,0.24637068479624946
270,506,0.24635141701207808
12,425,0.2463367743017705
12,11,0.24631175443940545
7,378,0.24630575164415153
464,206,0.24629153556711153
420,48,0.2462894616839662
381,676,0.2462769911179245
270,57,0.24627158518270587
270,322,0.24625614266012813
420,258,0.24625574844275033
415,687,0.24625328190929235
47,35,0.24623797467829314
12,5,0.24623585272415152
12,642,0.2462252167338034
431,261,0.24622005410927106
523,636,0.24619306019870665
12,529,0.2461850039874105
165,159,0.2461800993762969
415,79,0.24616945019648998
415,52,0.2461658177223857
12,201,0.24616182322766397
270,496,0.24615100864796444
464,117,0.24614755058693977
121,290,0.24612528603283262
464,366,0.24609667471349375
381,446,0.24609547686681255
464,279,0.24608677461403386
499,134,0.2460746564227987
523,643,0.24606632669443163
523,356,0.24606622489223914
382,473,0.24604073495963008
12,225,0.24603871982990336
464,613,0.24603707243640463
189,124,0.24603582463709348
415,212,0.24601480518603758
431,567,0.2460109144612981
12,104,0.24600871320976872
270,641,0.245989947703571
420,551,0.24598797474824766
47,683,0.24596138114601204
7,614,0.2459575078024065
381,237,0.24595609305970467
270,672,0.24593647953057707
523,250,0.24593310219591813
523,535,0.24593204548886402
382,440,0.24591597864664413
47,447,0.24590479590461306
415,194,0.24588095754062148
189,653,0.24587764033617698
270,569,0.24585929084679442
464,340,0.24581313743534625
7,372,0.24579461771266628
431,25,0.2457835720228515
270,42,0.2457271820565761
431,276,0.2457003169965703
7,536,0.24568855318682048
431,627,0.24568769654796369
189,71,0.2456770614622849
431,353,0.24565415669333
189,611,0.24565337714279778
121,585,0.2456395390240198
431,685,0.24563755823905295
12,646,0.24563541264451536
189,294,0.24562559205731394
464,221,0.24561975512544382
270,8,0.24560444956507582
270,600,0.2455789234179357
121,222,0.24551313727898286
464,348,0.24551253518607746
431,113,0.2455106778320759
382,676,0.2455099983736568
270,556,0.24550219645336466
12,73,0.24550092413302188
565,596,0.24548354382000212
12,212,0.24547576617935715
382,530,0.24546254411724983
7,508,0.24544777474720356
12,473,0.2454407605515458
382,257,0.2454289315920581
12,227,0.24542784610509477
523,215,0.2454273708649064
523,218,0.24539316205145192
47,220,0.24538177780311182
189,339,0.2453576072516866
523,494,0.24534028504854188
431,40,0.24533348231193194
499,270,0.2453246833556127
415,40,0.2453054756086813
382,681,0.24528795381889668
47,105,0.24527011136912466
270,73,0.24526593700848795
270,74,0.2452604065857472
382,188,0.24525894884682164
270,186,0.24524927288838144
431,287,0.24523875556382746
270,25,0.24522109375518086
499,653,0.24521619449340898
415,240,0.24520428985633647
431,32,0.24517026017484764
382,361,0.24514685514161214
382,404,0.24512027504333553
270,636,0.245105441515262
189,114,0.24510402456408556
12,464,0.24510201205481233
431,295,0.2450868708253744
431,233,0.24507396344861296
431,497,0.24507370859641975
189,592,0.24506882215653833
415,197,0.24506561452208533
12,218,0.24506425572256518
420,1,0.24505431909196787
12,623,0.24504850677779788
12,275,0.24504613605719014
121,344,0.24504057743760482
499,515,0.2450263142402506
523,113,0.2450258086205243
270,247,0.24502116747830177
270,524,0.24501995247457464
382,320,0.24501622815354784
431,272,0.2450126160016221
270,231,0.2450111071899598
47,643,0.2450081529736941
499,463,0.2449858097230884
415,225,0.24496428549923188
431,330,0.2449625793098309
270,47,0.24493143783040072
499,420,0.24490534435247593
12,559,0.24488765154229097
415,25,0.24487627641541246
431,683,0.24487327952427992
420,617,0.2448669752975432
121,539,0.24485113451866652
12,531,0.24484667057578566
270,421,0.24481766779516673
499,152,0.24481296843879793
121,262,0.2448051027081745
523,71,0.2448025069805656
189,567,0.24480188897325136
464,255,0.24478561089671616
523,373,0.24478461762364656
464,4,0.2447819217567461
499,407,0.24476836960480378
382,600,0.24476442196568934
415,106,0.24476051597693502
499,433,0.2447562368292612
121,6,0.2447493070002006
415,23,0.24474582457313665
420,626,0.24467644021919902
499,289,0.24466939391082584
523,519,0.24466517122006
499,92,0.24465660261100375
499,29,0.24465201329847655
565,391,0.2446407927314582
499,259,0.2446295922984693
523,17,0.24462450525915014
382,182,0.24462066821016917
415,664,0.24461685613394205
431,688,0.24460113930832153
523,410,0.24458034303197254
47,222,0.2445572398333855
420,71,0.2445554687046357
499,268,0.24455248351214193
499,250,0.24451512892218114
415,256,0.24448039304967356
381,332,0.24444032826501738
431,265,0.24444019604165887
523,19,0.24442536617142993
499,224,0.24437325414695504
121,47,0.24435865830623088
382,573,0.24435119341692355
382,274,0.24433985779960926
12,299,0.24432426670679497
270,504,0.24432226324928297
415,18,0.24430617071953353
523,67,0.24430250770751383
270,619,0.244300239713441
464,540,0.24427433839697385
499,53,0.2442678939770767
12,329,0.24425675160654212
523,669,0.2442525215133919
499,135,0.24425095671997585
415,339,0.24424890859634169
431,373,0.24424213286313512
12,88,0.2442132068203258
499,566,0.24420880893207444
47,382,0.24420446892950434
415,114,0.24419041860120957
12,16,0.2441591302659115
499,63,0.24415629910077286
381,192,0.2441535828000024
499,215,0.2441346832918758
420,300,0.24412143014562485
420,590,0.24411441543102635
523,563,0.24410843092056986
270,339,0.24408758684460874
431,80,0.24407693745360218
415,433,0.24406711209573628
431,28,0.24404529270464556
382,145,0.24404117279264229
523,257,0.2440349424705085
121,480,0.24403070022956985
381,162,0.24402887760421982
464,604,0.2440084469588886
431,424,0.24400261671169884
499,55,0.24400185600850688
499,405,0.24399886857050765
523,34,0.24399452895694687
381,228,0.2439863460315042
523,438,0.24395882132086608
415,238,0.2439302867482357
464,277,0.24390568935357718
12,595,0.24390561619863552
7,159,0.24390432078869279
565,689,0.24389734346956782
121,1,0.24388092908507084
415,595,0.2438674808928459
12,23,0.24386410160845778
523,151,0.24386066712679763
499,248,0.24384408821640327
381,273,0.24383328845756658
189,387,0.24381715504684892
12,685,0.24381038540910888
47,636,0.24380845840962845
165,242,0.24380564329228377
47,561,0.24379975596912892
464,106,0.24379912877814985
464,372,0.24379761890080748
189,580,0.24377378462036517
420,126,0.24374581721516073
382,570,0.24374501340520086
523,452,0.24373693647611566
499,84,0.2437210335958974
420,99,0.24371698151871773
464,361,0.24369662997491878
270,325,0.2436845960136415
270,169,0.24368444398413264
523,299,0.2436659584018151
464,580,0.24366160221671512
270,307,0.24364757279195684
464,575,0.24364483661769107
165,658,0.24362514326072665
415,583,0.24360232535008067
420,113,0.24360016979123508
431,387,0.24359811821851768
499,117,0.2435942564745504
415,422,0.2435625446979746
189,623,0.24355919020178565
189,105,0.2435585384640064
270,229,0.2435378022056411
12,48,0.2434926371003837
12,235,0.24347382819844618
420,563,0.24347109079022153
189,251,0.2434522074132528
431,361,0.24340671801867453
270,272,0.24339499000987444
464,501,0.24339079097525376
523,448,0.24338633965334477
415,100,0.24338592944688653
431,22,0.24338420836556068
415,134,0.24337724133362562
431,176,0.24336698677269827
420,93,0.24336516985958143
523,650,0.24336327853270678
382,578,0.24336142264227695
47,278,0.24334108968516535
464,176,0.2433314305360402
12,264,0.243315823814208
121,66,0.24331160583974878
464,654,0.24330776683334174
464,644,0.24329952453367595
523,321,0.24329071335533367
415,88,0.2432844651998644
420,492,0.24328420712036655
464,543,0.24328378765374672
565,67,0.2432625937441213
431,466,0.24325341991488755
420,70,0.24324841079385395
165,280,0.24322395791543472
523,600,0.2432188620665232
270,185,0.2432112848995027
121,456,0.24313691040928823
464,131,0.24313558582306707
12,546,0.2431335873164793
499,130,0.24312298598504214
12,303,0.2431120350366753
415,188,0.24309440832389784
499,52,0.2430806793398149
464,554,0.24307238074940052
499,533,0.24304297903972125
565,484,0.24302957474314338
270,326,0.24301010242273302
431,390,0.24300562782487245
431,613,0.2430015582545777
523,3,0.24299443914406507
415,72,0.242928987252489
47,283,0.24291997068083981
415,383,0.24291266213095908
189,437,0.24287197236129943
47,530,0.24285659262045733
189,176,0.24285220011829112
47,366,0.24285058064033613
270,632,0.2428414962953052
47,462,0.24284103888652445
47,299,0.242837902362731
47,568,0.24283717322099097
12,101,0.24282071708384254
12,483,0.24280579602198807
189,621,0.2427974461334576
499,127,0.24279222504367462
270,192,0.24278009003477313
420,531,0.24277198036499317
121,633,0.24271176789144877
47,207,0.24269617589645803
523,466,0.24269595078686215
499,431,0.24268647575348767
270,643,0.2426605257824203
499,328,0.2426502237491441
499,491,0.24264068606014785
12,548,0.24263981786845398
499,544,0.242619644842427
464,37,0.24261398830432568
189,548,0.24259595170129844
381,639,0.24259365147232234
464,529,0.24258540041855964
165,419,0.24254716465301135
270,112,0.24254152324505548
382,285,0.24252841874993455
420,38,0.24251533992897437
431,404,0.24251076332278856
431,374,0.2425074626304479
431,73,0.2425020235093476
499,603,0.24250000697789256
523,444,0.24249006724989614
12,138,0.24247316515262118
165,581,0.24247076809611628
523,413,0.2424520401537485
499,296,0.2424473122051419
189,426,0.2424435887720682
47,254,0.2424397536596515
431,618,0.2424359246185217
165,148,0.24243481069517245
270,153,0.24242948044568194
523,275,0.24242114459300143
382,273,0.24241149918295476
415,99,0.2424082211515465
415,235,0.24240574234209797
431,378,0.24237363510887525
431,362,0.24237282577667593
523,100,0.242368186647432
382,221,0.2423644493205068
431,64,0.24232439904359876
523,328,0.24232355604738964
415,216,0.2423213047806927
121,516,0.2423098162845511
431,334,0.24229162583387373
464,327,0.24227855369159995
12,108,0.24227270671725826
382,333,0.2422414069667445
499,570,0.24222855876573254
12,85,0.242224473478227
381,493,0.24220626655842098
382,245,0.2422050172559358
499,387,0.24219633633591736
12,286,0.2421697068678297
47,657,0.242129523403575
464,557,0.24211538848724173
464,246,0.24211284874311917
565,684,0.24211189364000021
121,662,0.24210381243995213
189,285,0.24210120478065897
415,464,0.24209288203014034
7,94,0.24208486580941155
420,656,0.2420846685184979
12,583,0.2420830058869767
523,176,0.24208086421164235
270,108,0.24206142034918324
523,587,0.24205342456379572
499,238,0.2420376535092122
415,471,0.24202917290196876
523,200,0.24202224889364346
415,561,0.24201690452584837
270,446,0.24201201653200263
189,96,0.24200144039629445
415,118,0.24199811289837472
420,314,0.2419961565120327
7,524,0.241985787699824
189,398,0.24196895065497087
270,470,0.24196592437152054
499,137,0.24196090150108968
415,101,0.2419306185773376
565,54,0.2419220250914963
382,664,0.24191383514420325
270,649,0.2418966821127035
431,145,0.2418873861082853
189,181,0.2418784380853356
499,483,0.24187282071277763
189,15,0.24186015325388205
415,381,0.24185572515471712
382,293,0.24184809895569756
381,76,0.2418078241270437
431,217,0.24179123114490747
415,43,0.2417851003699266
420,109,0.24176309723695566
121,250,0.24175518026268109
565,32,0.24175432452974135
523,155,0.24174375712173768
382,194,0.24172026020202778
121,558,0.24171753075458022
381,118,0.2417001500956625
12,86,0.24168747760254541
270,384,0.24167186691493286
382,104,0.24162593529350826
431,283,0.24160588716529807
523,292,0.24159996933399
12,625,0.24159416170767084
382,236,0.2415865431354078
121,519,0.24158294277547582
523,213,0.2415754957060463
431,128,0.2415716721177189
270,59,0.24156466670860807
381,375,0.24156144510121397
523,139,0.24155183609079284
382,635,0.2415489234632117
431,354,0.24154826959052486
121,441,0.24154054498637526
270,72,0.24152447068285857
523,168,0.2415235941732303
270,493,0.24152352696315438
47,114,0.2415112608154263
565,531,0.241501796767843
47,270,0.24149357728483414
189,66,0.24146761745098166
420,687,0.2414068610420659
165,117,0.24139487428696133
499,532,0.24139117149959585
420,290,0.24137342067577805
12,144,0.24136123588616087
464,347,0.24131273757491378
431,551,0.2413091074438022
47,328,0.24130556104958198
381,79,0.24130200123556905
47,224,0.24125637200012248
382,669,0.24124669906871052
12,180,0.24124517685277042
499,144,0.24124010879274566
12,205,0.24120935627047985
431,499,0.24119960013522873
189,431,0.24118804512588682
189,130,0.24117945279249284
420,327,0.24117563657494218
420,111,0.2411611181733228
189,128,0.2411521165846388
415,322,0.24112781362914923
431,509,0.24112225748310556
431,664,0.2410983073177419
189,221,0.24109208466626025
499,41,0.24108869768220706
420,554,0.24108467216660487
523,488,0.24108453084655407
431,324,0.241080072329607
415,112,0.24107478844674682
382,301,0.24107381291770258
270,394,0.241071609055637
382,299,0.24105376275004778
415,653,0.2410436876873768
431,328,0.24101822245316867
189,679,0.24099886698292758
382,468,0.24099716380013678
565,186,0.24099371089728375
464,130,0.2409890640106739
431,212,0.24098478522909667
464,133,0.24095831448243216
464,350,0.24093356125314935
415,248,0.24092783570041978
523,536,0.24091937329359916
270,62,0.24090275308554596
381,264,0.2408911811342232
415,640,0.24088768844592967
523,43,0.2408873161157339
7,241,0.24087416706140719
499,456,0.24086264570776642
47,508,0.24085922129210502
431,358,0.24084306500533417
381,573,0.2408418828959526
12,200,0.24082557855245512
415,617,0.24082406868753728
415,543,0.24082118539165193
431,33,0.24081651253160766
189,422,0.24079793530201782
189,87,0.240790548727521
431,103,0.2407790946171987
431,403,0.24077280053337288
523,442,0.24075767815871288
499,667,0.24074162251285322
415,73,0.24073122524395404
523,164,0.2407265035294797
523,474,0.24071977801850739
415,96,0.24071367265581978
499,587,0.24071034830565405
189,292,0.240709440931181
431,457,0.24070881199557323
415,619,0.2407064140226427
12,472,0.24069627810080468
499,347,0.24068946724019336
464,318,0.2406849340699256
431,9,0.24067145014755223
420,434,0.2406517552215011
431,475,0.2406292541422967
12,370,0.24059693548485095
431,18,0.2405779380643042
415,615,0.2405654524685989
270,134,0.24055746328640096
12,682,0.24051870526322702
270,529,0.2405168112521697
464,99,0.2405134347077362
420,620,0.24050071480338625
382,653,0.24045570344139197
523,226,0.2404412649400753
121,401,0.24043821684775712
499,434,0.24043790529341982
270,131,0.24039956371358265
121,690,0.2403868583161043
415,566,0.24035927194596624
431,417,0.24035551930718008
270,689,0.24035515609051247
431,27,0.24034428359042298
12,288,0.24033432063612148
47,621,0.24033194462081345
523,162,0.24031071794008318
415,510,0.2402875609348166
523,424,0.240272015759377
420,147,0.2402705035194848
499,221,0.2402589678787003
523,12,0.24025678251908505
189,488,0.2402552078871361
415,356,0.24025155895638628
12,348,0.2402455127889562
431,527,0.24023074820944515
270,128,0.24021956419645904
464,244,0.24018749731397568
12,480,0.24018016508036205
415,4,0.24015067543994126
189,198,0.2401499892766606
165,246,0.2401392793937765
382,184,0.24013843654939485
189,319,0.24013744932759912
270,381,0.24013419556836826
415,384,0.2401329911478226
431,30,0.24013281465410813
12,444,0.24010792437448814
431,493,0.2400923049964614
189,141,0.24009095782660783
499,220,0.2400637812386769
12,551,0.2400478324257365
464,578,0.2400414202767504
499,326,0.24003172342901022
464,475,0.2400300178660667
523,362,0.24001995250887634
415,282,0.2400192449370819
382,456,0.24000876886467754
420,66,0.2399685892967278
12,611,0.23995729343200078
12,156,0.23994533885461236
523,670,0.23993912886705043
415,341,0.23993588486374504
415,519,0.23988968219251577
523,288,0.23988959396110449
382,636,0.2398769842289062
121,562,0.23985732354741268
12,576,0.23984680056344465
499,474,0.2398322222003382
499,265,0.23983071575979772
523,308,0.2398093710697709
415,330,0.23978799360975572
464,570,0.23977665534888953
499,642,0.23975805860977295
189,461,0.23975622240517364
47,518,0.23974928167796214
381,161,0.23974346764534857
189,551,0.23973915926063644
415,380,0.23971597415662835
189,359,0.23971382059247487
523,483,0.23968714109976846
12,362,0.23964793827327932
415,375,0.23964174597628052
415,274,0.23961314694388644
121,623,0.23960448352632904
121,308,0.23959317774073777
382,581,0.23958611975320437
381,255,0.23957995886907119
270,565,0.23955949455123546
12,387,0.239548103540423
420,370,0.23949709784461243
382,187,0.2394804707497454
47,541,0.23947784654468807
12,142,0.23947771435622353
382,135,0.23946913107853934
382,287,0.2394513199368999
121,313,0.2394442277419047
565,210,0.23943614181916162
12,396,0.2394267709385476
189,344,0.2394031268873026
565,221,0.23939706914430336
464,612,0.23939277700449196
12,650,0.2393896769403647
431,174,0.23938961439520115
565,578,0.23938815549462392
12,327,0.23938584217935135
47,574,0.2393835525186958
12,519,0.2393751241310514
499,459,0.23937288292349565
189,640,0.23935221922625338
499,164,0.23932977290043855
523,293,0.23932048315290277
431,288,0.239318027761511
381,363,0.23930690281272543
121,253,0.23930139056024619
431,122,0.2392784784121734
121,119,0.23927132061225415
121,537,0.23926933959713084
415,362,0.2392615917235494
431,181,0.23924604898902185
47,656,0.23924302517457893
431,77,0.23923711144478613
382,105,0.23921343948321017
189,172,0.23921255134804464
415,87,0.23920574281626897
523,514,0.2392025035828429
420,306,0.23919119357147062
189,539,0.2391755940471793
189,206,0.2391631886303392
12,606,0.23916025474538588
565,654,0.23914801226287782
382,151,0.23913278398307325
382,88,0.2391099977036349
121,179,0.23909786062120245
415,420,0.23909335181548783
415,601,0.23909237684484
499,397,0.23908509245256646
431,625,0.23908298096527342
499,31,0.23907808972479508
47,34,0.2390774257471545
499,602,0.2390734554363254
12,251,0.23906040205008386
121,482,0.23903914884258365
499,556,0.239023009882185
12,211,0.2390131597106095
12,139,0.23901062811833945
499,47,0.23900910806739437
523,539,0.23900730011438134
12,254,0.23900501171671107
499,628,0.23896560383746726
382,262,0.23895299808712347
499,398,0.23895092560078723
270,401,0.23893566276774889
431,336,0.23893534834758565
415,597,0.23892221398003738
270,63,0.23889272512546647
12,564,0.2388907496592851
12,510,0.23885684367753143
431,214,0.23885188491533887
47,95,0.23884616328228964
523,14,0.23882054386002907
431,151,0.2388143343022938
499,260,0.23879315569092638
189,28,0.238786930786362
47,172,0.23877944570516338
12,279,0.23877858344936315
431,620,0.23877717428766584
431,396,0.23875770093402537
431,556,0.23874668956699935
420,44,0.23873526201184841
523,104,0.23873068639967435
565,555,0.23872745187600314
270,251,0.23871573165172083
47,281,0.2387051345740947
499,558,0.2386446621569945
189,629,0.2386427699777027
523,119,0.23861380851906538
420,588,0.2386063618436427
464,210,0.23860188639061303
47,604,0.23858219384896812
420,570,0.2385789024702131
270,685,0.23857834653914844
270,388,0.2385519723765746
47,160,0.23854972672037855
12,594,0.23853764156766655
499,689,0.238535195131989
189,116,0.23852276383494508
415,174,0.2385137285321372
464,123,0.23850549510158753
415,48,0.23848311903356972
121,481,0.23848021288287133
12,317,0.2384198169702288
499,644,0.23840223728148632
415,13,0.23838202447555346
7,600,0.23836815606317124
12,136,0.23835704874777244
464,9,0.23835628323214467
270,539,0.23835449813143691
431,364,0.2383478745523315
121,251,0.23833115128464596
47,272,0.23831679008732506
464,170,0.2383012944303974
165,197,0.23829335305919622
431,511,0.23829297719886988
415,576,0.23827509861111418
523,259,0.2382637903711297
523,52,0.23825646505044898
464,94,0.23825593220329191
7,116,0.23824608350958584
270,174,0.2382249037271904
464,218,0.23819777295115033
47,58,0.23819036453570605
47,389,0.23818538651877294
499,373,0.23817493161016218
121,394,0.23814591186105033
415,115,0.23811839307249758
382,632,0.23809542459077981
499,254,0.2380909914231069
565,44,0.23809004544909604
12,168,0.23808764571130234
431,120,0.23808746490618524
121,488,0.23804556468909233
47,586,0.2380445905537331
270,49,0.23803580583914935
189,252,0.2380350458987021
523,566,0.23801890673631368
431,517,0.23799919640855505
47,387,0.23799613534219038
165,199,0.23796637692526726
12,334,0.2379588904297981
47,66,0.23793201903561917
382,627,0.23793174832710606
270,352,0.23790392157679074
12,421,0.23788432105832927
270,560,0.23788421175821792
415,311,0.23788356377258946
121,36,0.23787254590923781
165,153,0.23786835040332416
431,164,0.23785107040203687
382,305,0.23782702841071288
121,502,0.23780146187878226
431,308,0.23779940540879516
464,504,0.23779851780211084
464,160,0.237776353023408
499,310,0.23774380963450253
431,644,0.23773632084590757
382,102,0.2377228818748194
382,461,0.23772166208689718
523,268,0.23769472806823366
431,200,0.23768766601375277
420,87,0.23767822521037751
499,620,0.23767002012394636
415,474,0.2376669253481462
431,129,0.23766616579036454
47,181,0.23766274406679996
523,136,0.2376340710813244
415,425,0.2376311770789259
415,90,0.23760031853543184
415,446,0.23759681458569737
415,365,0.2375938429688315
12,453,0.23757598903405314
431,356,0.23755797990467847
12,113,0.23755752512117828
415,437,0.23753939121715295
499,664,0.23746630507999258
382,69,0.23744301371262072
12,508,0.2374322734346977
121,70,0.23741047668144113
47,200,0.23739048447467415
270,210,0.23738617034258566
270,310,0.23738580305545903
523,515,0.23738336408826577
382,617,0.23737711483007365
415,179,0.2373743556905761
165,554,0.23734217492222628
47,448,0.23732456028921578
12,457,0.2373235270620635
499,195,0.23731934841365798
523,105,0.2372977591130196
270,536,0.23727119881578887
12,509,0.2372660253603171
431,402,0.23726387278615965
165,391,0.23726137192554778
47,309,0.23723298637112678
523,612,0.23722893237606812
12,417,0.2371739772312017
431,97,0.23716688685217766
189,136,0.23713548839227153
12,497,0.23712542528313538
523,152,0.2370936680840748
12,65,0.23707807260853908
420,349,0.2370634546565173
499,473,0.2370405288083182
382,426,0.23700368365313293
523,544,0.23697636866995342
415,401,0.236968967939778
121,387,0.23696191083496165
523,541,0.2369498497082876
382,520,0.2369377757560737
464,260,0.23690299188394234
523,631,0.23690213924197348
12,581,0.2368797798008236
270,534,0.23687587392330237
420,484,0.2368681248709305
12,588,0.23686794922113896
270,262,0.23685052142250207
464,282,0.2368408327657046
12,674,0.23683101590382938
12,304,0.23682388731446544
189,583,0.23680984112445297
47,37,0.23680386504370923
270,308,0.23679217361429544
189,209,0.23678927120344967
523,228,0.23678850891413733
523,322,0.23675407467655654
121,370,0.236740081322311
189,9,0.23673889115951735
499,441,0.23669661138806472
47,41,0.23669472599170877
431,299,0.23668412086745189
523,435,0.23667789704273146
189,520,0.2366689339309074
47,642,0.2366574773971971
431,93,0.23664738444396224
523,39,0.23663173078295616
189,605,0.23662259288367984
270,293,0.23658894182809612
165,145,0.23657657046406794
12,447,0.2365579871501862
12,297,0.23654425154486713
165,413,0.2365230313104062
464,98,0.23649153649317858
499,418,0.23647793142561638
121,636,0.23647577806977352
499,255,0.23647136934908944
523,224,0.23646698264425267
523,63,0.2364649989202987
382,337,0.2364645260831314
431,319,0.2364460015525491
499,197,0.23639462859211471
415,354,0.23638761652128024
47,628,0.2363870148699839
47,392,0.2363858598270979
47,232,0.23636044164251035
47,415,0.23635774937768
431,173,0.23634157984930276
381,145,0.2363308167649191
12,627,0.23632806181286123
12,431,0.23632443976403406
431,588,0.23632150380673486
499,363,0.23624774681177918
464,411,0.23624738646113094
431,132,0.2362063980935093
420,459,0.23618950679109707
165,449,0.23617823332688964
47,634,0.23616802211134713
12,478,0.2361517806480198
47,499,0.23613954457939706
270,65,0.2361289737057217
499,385,0.23612850647993397
382,649,0.2361258203481608
499,233,0.23610526773926105
12,82,0.23608975326625675
499,579,0.2360823404551784
431,42,0.23606884698599914
464,457,0.23606645018706077
381,605,0.23606248651595318
415,226,0.2360581100429721
47,627,0.23600862182535343
464,198,0.23598879869831677
523,618,0.23595411738286115
499,240,0.23593257174649787
499,517,0.2359193709794211
431,672,0.23591720218941475
270,516,0.23591651260717075
523,644,0.23591370838268386
189,293,0.23590592031289825
382,16,0.23590490065009953
499,396,0.23590331544726031
499,583,0.2358819179959309
523,170,0.23588140108894645
12,289,0.23587765033792374
431,474,0.23587089863568625
189,93,0.23586610091175372
382,502,0.23586011035451235
523,534,0.23584532334005698
47,517,0.23584475113667405
499,312,0.23583556471955167
47,644,0.23583196538139883
270,133,0.23574825238367197
12,95,0.23573458323322705
431,257,0.23573262762680677
499,17,0.23573173521375154
189,585,0.23571861469260239
523,173,0.2357177863170902
165,49,0.23571223345499967
270,344,0.23568564216681032
47,60,0.23567737060753066
523,664,0.2356665362869344
47,495,0.23565286155420678
415,195,0.2356252634708747
47,645,0.23560860599655822
523,196,0.23560433368267292
499,435,0.23560421146804922
523,478,0.23559536730511726
499,580,0.2355676518943736
165,578,0.23556275104305677
420,512,0.23554098894190378
415,54,0.23553028161732514
47,174,0.23552840555438054
415,166,0.23548790810258421
415,125,0.23548597745737104
12,17,0.2354849905877172
189,486,0.2354753017973239
270,7,0.23546034972874552
47,202,0.2354458640294285
12,128,0.23540690496049188
47,51,0.23538401684145577
415,263,0.23537772236867963
431,91,0.23536343855564165
431,659,0.23536271066078224
121,220,0.2353390171107869
523,661,0.23532386674080658
12,381,0.2353167074765449
121,620,0.23530616096895404
382,14,0.23529135692123096
381,600,0.23528250355175045
189,291,0.23527691014955177
499,287,0.2352444737164835
47,451,0.2352444110593083
420,529,0.23523618217879957
464,89,0.23519628991248087
12,284,0.2351944047664275
499,103,0.2351818042930993
420,618,0.23517789567389413
523,386,0.23517565582772082
189,663,0.2351557341205092
523,276,0.23515198301132983
382,479,0.2350960520449215
381,198,0.23508523384272292
431,89,0.2350816788056385
189,304,0.2350439088837697
415,525,0.23503029625151967
415,351,0.23501725732906653
12,667,0.23500837162685814
431,494,0.2350032956418355
189,170,0.23497434974408993
47,12,0.2349635791670643
420,269,0.2349496094245654
431,178,0.23494561581790663
499,261,0.23494117612387672
415,349,0.234937011020129
270,404,0.23492160262985667
121,113,0.23491440281430062
464,569,0.2349097719003196
431,291,0.23488559784944346
382,659,0.2348833447408074
165,334,0.2348814810219573
523,190,0.2348735572129872
7,172,0.2348426238097871
121,535,0.23483254159005237
382,260,0.2348086419260287
464,44,0.23479212734746946
431,92,0.23476910428112396
415,142,0.23476458684862128
464,404,0.23474458940289272
189,394,0.23472924091138522
464,294,0.23472330948134834
431,421,0.2347018507878429
565,340,0.23466619606983602
47,108,0.23461900928069174
12,206,0.2345969900689738
12,427,0.2345949651102514
189,549,0.2345552480750869
431,138,0.2345345816088799
464,397,0.2344872930856363
381,470,0.23447748532848114
12,36,0.23447154479336701
420,120,0.23445432598714522
499,453,0.23445008823570485
47,455,0.23444186562770988
189,135,0.23444160627176672
565,428,0.23443209170354096
499,324,0.23442664347084977
270,521,0.23440863710420662
565,605,0.2344002496066144
499,455,0.2344001273394211
523,463,0.23438026840370987
47,86,0.2343729804559045
121,388,0.23437123123247794
523,675,0.23436404090382112
523,198,0.23435817940933934
499,376,0.23435195248654314
12,22,0.23435047676761322
420,592,0.23434257277166004
47,476,0.23433775932223272
420,162,0.23433660699335215
47,640,0.23431692468623208
381,31,0.2343148886517233
47,469,0.234283724333064
415,385,0.23427929939940648
499,551,0.23427560887613716
415,652,0.2342710883161034
499,95,0.23421744984009887
189,607,0.23421528587889962
499,188,0.2342103197205971
523,201,0.23420262004919337
499,457,0.23417123877288856
12,169,0.23415893594750706
499,663,0.23414300870717755
382,98,0.23414159364801543
415,681,0.23412114573996456
523,476,0.23411439850397844
431,621,0.23411246638279723
431,663,0.23409155658023661
47,163,0.23407038578476336
431,297,0.23405290199709056
382,549,0.23404745252707185
415,172,0.23404178796833858
47,165,0.23403849078225783
12,361,0.23401790086768157
165,518,0.2340115285755873
121,416,0.23400753565229296
415,572,0.2339951789429371
12,29,0.2339665986185954
499,606,0.23396411659469393
523,128,0.23394703649611046
12,516,0.23394486634693926
121,617,0.23394143235675544
565,192,0.23394133758626026
499,298,0.2339324814196521
382,185,0.23393024586683156
165,186,0.23389462098393973
415,529,0.23388458601288364
382,416,0.23386094096906326
47,87,0.23385848996363234
499,377,0.2338439718678995
523,469,0.2338304165093951
47,255,0.23381937390229618
420,340,0.23381178602116937
382,218,0.2338088106310508
523,417,0.23380344136422077
499,550,0.23380031296636367
47,120,0.23378424909223217
499,640,0.23377255993356003
47,466,0.23376635699864512
47,217,0.23375741207541517
270,218,0.23375582780170778
47,164,0.23374380217026355
382,666,0.23374048753584883
47,343,0.23373698654287303
382,264,0.23372079024786657
382,148,0.23371815141228278
189,180,0.23367573797163718
381,98,0.23365812219244814
523,606,0.23365328919114592
381,408,0.23363247462310566
499,8,0.2336268309047913
523,383,0.2336167879152214
431,574,0.2336013029700175
382,177,0.2335896790388167
270,292,0.23357082022119957
415,350,0.2335590597229669
270,535,0.23355433968486322
12,647,0.23353910421866927
431,449,0.23352526543080332
12,474,0.2335238947408099
431,636,0.23351720623625444
415,130,0.23350295835888554
12,60,0.23350292206589404
415,158,0.2334976662510778
499,519,0.23344602932071903
464,423,0.2334373773886324
431,668,0.23340804558334285
47,225,0.23340467112070076
431,60,0.23338003596153606
382,406,0.23337688673217621
47,478,0.2333341778135869
189,680,0.2333278213223072
12,537,0.23330221641411333
12,208,0.23329568760742186
415,335,0.23327730292620216
121,439,0.233262327153313
47,269,0.23324408123899226
431,311,0.23321498044759492
431,368,0.23320019408199175
47,544,0.23317920550269008
381,667,0.23317797350859656
415,190,0.23316858551709008
499,458,0.23314575732295806
464,238,0.23313891866463038
415,262,0.23313763060068238
12,300,0.23312919617465108
415,327,0.23312254337534857
431,341,0.23310535853457934
12,345,0.23310462157334694
270,623,0.23308887188301808
12,373,0.23308749887944202
523,436,0.23307714900484341
523,133,0.233055113169048
431,444,0.23303829289203723
381,452,0.23303333453346345
382,525,0.23303116278604447
499,51,0.2329870419309702
523,402,0.23296439868222624
382,547,0.23294441924294412
47,128,0.23294152786165523
523,267,0.23293939670953
382,354,0.23293252370317294
499,86,0.23292527410994004
121,614,0.23291691847450194
7,168,0.2329110424412517
464,405,0.23291009854052327
499,622,0.23288344481230655
12,243,0.2328765547437149
431,4,0.23286765669637954
499,217,0.2328579397255774
523,568,0.23284529477218693
523,265,0.23283493615928622
464,208,0.23283248466631723
565,580,0.2328229093756936
12,505,0.23281747869438774
499,25,0.2328165067126159
431,2,0.2328156771803743
431,608,0.2327972447124994
270,607,0.23279448813970186
415,305,0.23279439207233407
420,366,0.23278339034855852
420,275,0.23273947425343153
464,489,0.2327166450333294
499,569,0.23271350317401995
47,212,0.2326581403322869
12,352,0.23265590212545909
415,297,0.23265288189869962
381,327,0.23263919358720897
420,569,0.23262201505715022
382,680,0.23262196200470692
12,620,0.23261505189282805
415,602,0.23260568741704582
47,364,0.23260420645641955
420,475,0.23260212445348583
523,282,0.23257773802187695
420,145,0.2325572804843229
47,480,0.2325526463010309
523,511,0.23254473231629896
47,385,0.23254274889037246
12,199,0.2325423991047925
499,81,0.23252180050372784
189,439,0.23251635365738801
7,375,0.23251083776517564
382,125,0.23250766650002602
431,136,0.2324941432984488
431,59,0.23249056519373837
12,535,0.23245560696167425
121,586,0.2324462101533593
499,685,0.23244081402638955
431,666,0.23243873584691765
499,317,0.23243712182152484
47,477,0.23243510348582655
165,649,0.2324279930670565
12,481,0.23239197343267287
47,262,0.23237167994555277
415,488,0.23227452340151125
523,690,0.2322669236415744
270,36,0.23222723876134968
382,472,0.23222643719054253
499,239,0.2322255640195608
431,369,0.23221256278287117
415,585,0.23220639310454394
464,577,0.23218475393440902
47,580,0.23217783981269638
165,540,0.2321702900012075
12,14,0.23216205101415213
47,631,0.23215932343342402
464,419,0.23212175269953628
47,268,0.23211913195411987
499,497,0.23210183712263208
415,105,0.2320994404825416
499,567,0.23205836740561522
121,139,0.2320556887594148
420,110,0.2320491889784693
499,342,0.23203166345671125
47,49,0.2320198935489846
270,223,0.2319859820078186
12,2,0.23198377804109668
12,298,0.23197912239431825
499,138,0.23195726937841638
47,81,0.23195026446485384
47,445,0.2319465852093519
270,377,0.23192909032643663
415,275,0.23189572944941086
165,6,0.23189121867325604
121,93,0.23187419382804178
47,28,0.23187292891359923
47,276,0.2318622454840571
464,31,0.23184662756022986
12,162,0.2318137273003707
499,112,0.23176774297976974
523,160,0.23173965647123326
523,498,0.23173670319179565
499,172,0.23170778898119795
47,393,0.23167717960616163
499,472,0.231665548051478
47,8,0.2316476849243209
523,92,0.23163271830787158
565,161,0.23162930454296074
431,596,0.23161723265681136
464,368,0.23161437794768464
47,370,0.23160668116646602
12,405,0.2316028188408169
523,189,0.23151318247643557
165,674,0.23145582080466884
565,77,0.23145045825494512
420,422,0.23144794972828248
565,208,0.23142082859123997
381,102,0.23140026811443143
270,452,0.23139512353399955
47,650,0.23139283346954545
12,164,0.2313558062321384
431,542,0.23132967625479323
415,459,0.23132423153577703
415,404,0.23132160757566658
415,66,0.23131197264262207
499,597,0.23130434343858994
121,555,0.23130366975281758
270,241,0.23129813598676613
382,633,0.23129356672040954
382,204,0.231272365483164
499,100,0.23125996839967114
415,574,0.23125739516820773
499,609,0.23121915398743398
565,309,0.23121905270994192
47,661,0.23120865174421484
415,310,0.23120466187434988
499,500,0.23120316508383676
499,467,0.23120063283631487
431,137,0.23119837163634516
121,440,0.23119024280866163
47,301,0.23117976636501497
47,44,0.23117963680335774
12,7,0.23117093405541272
415,394,0.23114776916748248
431,318,0.23111941367446248
464,135,0.23111337820574476
415,340,0.23109558499618682
47,511,0.23106199741027453
415,679,0.23105879603765198
12,632,0.23105784088137848
415,284,0.23105354479480433
47,189,0.2310384335930137
523,648,0.2309650762059295
47,373,0.2309231350240273
47,264,0.23091478670956056
189,416,0.2308963526360794
47,119,0.23088699064507354
523,11,0.2308630538215078
189,456,0.23085316808342823
420,56,0.2308462231345532
499,511,0.2308255028769533
121,632,0.23080256898100338
420,641,0.23079730256128358
431,169,0.23079636965188075
189,668,0.23071635286455838
47,483,0.2307051680015798
165,677,0.23068507824346116
415,473,0.2306825883798248
47,388,0.23067403998288272
431,513,0.23065767308321547
270,640,0.23061876457078048
420,319,0.23059689565402877
382,90,0.23059452345555953
464,181,0.23059162228643662
523,509,0.230589634059053
431,196,0.2305767009476118
121,123,0.2305642259315497
165,411,0.23056207982249782
523,409,0.2305368936891061
189,639,0.23052569932882636
47,106,0.23052522830739872
431,125,0.23051711268076355
499,349,0.23050909835757513
47,374,0.2304982717525811
499,299,0.23049165379198272
415,109,0.23048455519119054
47,190,0.23048443991335452
523,29,0.23048314257855715
47,409,0.2304799551288286
12,566,0.23047855915351814
382,344,0.23047454244558707
270,592,0.23046949800602273
47,325,0.23045563416938677
12,161,0.2304372210331056
121,371,0.23043120226668995
415,411,0.23043055276225347
189,579,0.23035884172138646
270,513,0.23034427757918285
415,614,0.23032984263535963
381,294,0.23032812787954265
523,332,0.23032688738772225
431,326,0.2303165593989389
523,380,0.230301872602944
47,522,0.23029890040959336
382,614,0.23027123631446053
47,594,0.23026510818055368
431,687,0.23023263885359393
270,263,0.2302301404387712
431,329,0.23020588854673665
464,6,0.2301888736919824
47,184,0.23017489885137518
523,193,0.23016942871694676
415,627,0.2301689270239692
464,167,0.23016124628051376
165,458,0.2301303019430422
415,229,0.23012786421457226
523,614,0.2301233069665689
499,160,0.23011944510618323
523,496,0.23010447763057174
189,330,0.23010096144546016
523,0,0.230069362737078
431,488,0.23006731236610048
47,258,0.2300439516243057
499,464,0.2300075242976118
499,395,0.22999393723057887
121,525,0.22998432349478576
431,183,0.22997029120738205
47,439,0.22996142990931795
189,569,0.22995642055828294
431,186,0.22995183863708396
12,492,0.22994114659632445
382,684,0.22990786011903086
431,280,0.22990352939515246
415,592,0.22989881823061453
12,534,0.2298859217427153
523,59,0.22984742903240743
382,349,0.2298114730277378
565,230,0.22980951020444998
47,581,0.22980447298349113
464,656,0.22979619581787747
499,33,0.2297953524063316
270,589,0.22979135825384056
12,644,0.22971883879285082
523,171,0.22971334412818123
431,436,0.2297105324584886
431,255,0.22970431097781774
499,43,0.2296852233525492
499,661,0.22967372976528735
382,342,0.22967243494455708
431,401,0.2296486839445544
420,482,0.2296127247436822
165,351,0.22957685903343247
523,530,0.22955067481262967
523,583,0.2295460598648979
189,436,0.22954031814843262
189,509,0.22950892119280486
47,441,0.22948787386800376
499,362,0.2294677886402949
499,410,0.22946017325416546
12,207,0.22943846043899851
270,142,0.22941644386528312
431,106,0.2294035908958137
47,127,0.22939145669252498
382,372,0.2293774910578627
464,503,0.2293771615223272
523,318,0.2293681443657601
523,352,0.22936439443375667
7,284,0.22936388917310066
12,394,0.22936189704873364
523,334,0.22935425155452663
7,262,0.2293439057237188
431,562,0.22930457004022173
415,452,0.22929541800164244
7,126,0.22927448463168873
47,691,0.2292659299245356
121,648,0.22925686975663265
47,624,0.22924829521473855
47,506,0.22924441618526809
165,364,0.22921549898920654
270,489,0.2292141330322607
270,442,0.2291796924347809
270,423,0.22916747256697914
464,680,0.22916168560444697
523,85,0.22915835056070158
499,36,0.22915188295011857
165,323,0.22910973938073675
523,390,0.22910961892459378
464,242,0.22907077113395546
47,601,0.22904178138165907
431,45,0.22903159250132465
464,87,0.22902336671172235
431,277,0.22896547956768432
415,255,0.22896180460095136
499,163,0.22896073890257634
47,400,0.22895104586145298
420,677,0.2289389401044822
12,42,0.22891406971718745
523,646,0.22888780224192187
523,86,0.22888744693783444
12,302,0.2288808669287381
121,583,0.22878856479512052
499,561,0.2287333568357134
12,91,0.228716866753165
12,152,0.22870767904354494
431,243,0.2287048195742823
499,361,0.22866710179021843
415,635,0.22866132948571946
523,375,0.2286462349866353
565,251,0.22864412544869234
431,83,0.2286436252136611
499,335,0.22861840841215408
523,528,0.22860122503377375
12,135,0.22858880871332113
499,16,0.22857486417930745
121,378,0.22855257432840068
523,517,0.22853854849157879
382,170,0.2285292615822296
47,592,0.22851903354919215
189,345,0.22851714768195636
189,49,0.2285123038733541
121,322,0.2285034491772855
47,203,0.22849161111161656
12,66,0.2284868499755241
523,47,0.22847843527621153
420,604,0.2284769761470872
431,548,0.22846898696065496
499,249,0.22846346649608268
499,294,0.22846313099588064
270,350,0.2284604554452232
523,68,0.228443276489358
523,235,0.22844033921416948
189,662,0.22843032108056313
47,617,0.22839746028673197
47,29,0.22839416774294982
499,216,0.22838159146908285
499,297,0.22837723123141354
165,311,0.22836583548004777
523,184,0.22835852079127833
523,628,0.22835814401132232
47,582,0.22833094631247144
12,58,0.22829492851978506
47,122,0.22829077880192342
415,14,0.2282523201112207
7,118,0.2281928385650694
420,46,0.22818335144608012
523,127,0.22818121023024984
499,384,0.2281809319263359
47,603,0.22815982281696517
270,366,0.22811159428057182
431,602,0.22810341425813982
270,349,0.22808584959209968
523,382,0.2280605588158984
431,584,0.2280194521620195
47,52,0.2280061088013853
47,616,0.22800051495179668
499,574,0.22797868050037212
47,576,0.22797571891971366
431,235,0.22796154024731113
523,181,0.22792226755728617
431,123,0.22789428794515043
523,592,0.22785254012142359
565,114,0.22784495545105093
415,470,0.22783519651583106
165,491,0.22783231200802737
523,343,0.22781171879164158
12,209,0.2277752038058583
523,450,0.22777362635621093
523,221,0.22776748910212208
189,193,0.22774933737093792
523,537,0.22769981434915817
464,320,0.227693128178728
382,648,0.2276901153309367
189,30,0.22768850440124175
189,10,0.22766848977534146
523,281,0.22764958980335212
420,666,0.22763993573921534
382,210,0.22761991862197828
499,89,0.22760586200616534
165,194,0.22758608208098016
165,408,0.2275847737916951
523,232,0.22758292606513233
420,645,0.22757843557567722
415,427,0.22757050237213675
523,27,0.22756005032068297
189,423,0.22755855681297607
431,658,0.22754540838759113
12,514,0.22753981989650052
415,669,0.22753714787039178
270,690,0.2275312445179001
12,411,0.22750912823277428
523,381,0.22750537047381073
415,363,0.22749660416904985
499,625,0.22747803585596518
47,223,0.22747648518650632
565,261,0.22746834549072026
523,182,0.2274644817285
189,609,0.22745105755716283
415,342,0.22742356564899538
431,453,0.22741193751746777
523,581,0.2273511103515315
499,333,0.22729309775528986
47,507,0.22729255856247332
381,534,0.22729162199168573
499,179,0.22728318601608163
431,522,0.22728030563150323
499,671,0.22725166252594609
47,529,0.22724088291033023
12,80,0.2272393744107584
415,478,0.22722369290522046
499,354,0.2272172486063692
381,512,0.22721136060584443
12,37,0.2271638415611317
431,515,0.2271283591858725
464,107,0.2270514864559408
415,293,0.22704975998500085
270,30,0.2270431529007339
12,111,0.22700642970869755
12,46,0.22699482613009075
12,558,0.22696016447502979
523,245,0.2269513415423397
121,28,0.22695124658421775
382,180,0.2269207020256218
382,290,0.2268850504213072
47,633,0.2268584556159805
523,651,0.22685262911962584
189,307,0.22684673442415182
12,597,0.22683807402121092
47,428,0.22677842650939403
523,46,0.22677252837518583
523,582,0.22676312258976308
499,45,0.22674957302957435
431,458,0.22673661790125557
523,473,0.22670841924955668
189,543,0.22668766765802997
565,148,0.22667834014335872
523,392,0.22667292059375196
523,480,0.22665714216810434
499,616,0.22664907558095013
523,237,0.2265920617198066
47,440,0.22658138974679304
499,68,0.22657460502996882
47,315,0.22654397182617633
7,639,0.22652982537645108
47,250,0.22650296810345202
47,4,0.22650060562896218
523,462,0.22648699175365108
165,685,0.2264826578543921
420,216,0.2264476491288288
47,206,0.2264139909352463
523,654,0.2263745017079181
189,192,0.2263458320903591
464,367,0.22629081471554413
270,291,0.226282027306078
47,14,0.22626802894552583
12,190,0.22626462516953932
47,413,0.22625054676863304
523,95,0.22623522672614324
7,30,0.22622276409251196
415,0,0.22621059747491115
415,555,0.2262056931255734
382,300,0.22620523056484282
464,508,0.22617034295273242
464,209,0.2261651522367708
499,547,0.22614731433739665
523,447,0.22613181579901276
523,542,0.2261263066755147
270,691,0.22608049621397222
47,554,0.2260387034238245
121,485,0.22603811845875413
165,500,0.2260007678175156
523,147,0.22595660335856022
499,495,0.22593993404142926
523,212,0.2259377939227292
47,579,0.22592320877048983
165,522,0.2258928022394343
523,549,0.2258635730270277
47,274,0.22584691756844386
523,594,0.22584202737546427
121,293,0.22583306811039183
431,376,0.22582912342629047
523,177,0.22581454414687585
420,533,0.22580611805097267
381,350,0.22577777474868432
47,390,0.22574356530892822
270,605,0.22574155783247346
47,562,0.2257369256300813
47,596,0.2257344424697496
165,407,0.22569675539903936
189,1,0.2256911651836511
165,107,0.22565951198652548
499,49,0.2256580134211881
47,587,0.2256181492955503
523,635,0.22561702084499288
523,45,0.22559865233999662
12,560,0.22558751891919648
499,258,0.22557254435463506
47,659,0.22557191961100598
12,120,0.22556691486439354
431,681,0.22556177066010094
47,553,0.22555899151595232
431,540,0.22555025282185823
499,283,0.22553328590856714
189,24,0.2255308919526626
523,290,0.2255223524301026
464,263,0.22550209007874436
499,681,0.22547290664803815
270,24,0.22546751121061814
523,640,0.22546643646126882
523,329,0.22546068459304994
47,369,0.22544773758831313
415,369,0.2254358490973462
121,668,0.22543069637346333
165,544,0.22541301070384587
7,161,0.22541280024814137
382,235,0.225411660919759
431,549,0.2254070292977178
47,142,0.22539419809307404
382,139,0.225363063908802
415,192,0.22535832355535199
189,191,0.22534424013570434
12,567,0.22532438575360558
165,615,0.22532352833924424
523,158,0.2253202573684912
415,434,0.22530749412839515
523,376,0.22528304606214397
415,183,0.2252775154633796
12,584,0.22526937335840697
47,625,0.22524632599086652
7,441,0.22524023214046038
7,195,0.22521520492847744
464,20,0.22521394796731226
415,69,0.22520762654325527
499,345,0.2252071359715076
415,180,0.2252063151786291
47,96,0.22515959504921795
523,598,0.2251406264623161
12,245,0.2251293929074664
47,548,0.2251204022833011
47,494,0.22511632992840727
431,429,0.22509024300836994
382,589,0.22507548854689674
499,87,0.2250734453966894
431,67,0.2250671270354238
189,110,0.22505846587519335
47,293,0.2250524306411833
189,65,0.22500796001491455
121,63,0.22500167673354737
523,204,0.22499277538988355
523,533,0.22499254062536314
12,635,0.22499170144920544
431,289,0.22496600676544729
165,38,0.2249498370436946
431,465,0.22493625779603224
47,641,0.22492796373213603
523,449,0.22492724682544626
499,101,0.22491702663220692
7,643,0.22488000244011558
431,490,0.22484953189394685
381,670,0.2248419245263198
420,449,0.22483297858378193
121,567,0.22479873345519213
47,331,0.22479658254548412
415,558,0.2247894944464807
382,567,0.22477555290660683
499,360,0.22475614819131037
165,124,0.22475259514921178
523,278,0.22472617684425245
270,70,0.22468482450789432
523,531,0.22468340026590533
47,459,0.224671868277333
464,522,0.22467177823304205
121,381,0.22463822807000858
523,475,0.22459508123200325
12,422,0.22458887587956888
431,577,0.22458648987362867
121,271,0.22458051022203857
382,411,0.22456428572144835
47,173,0.22455207333477392
121,110,0.22450361442748915
12,488,0.2244929499921484
47,196,0.22448784790604084
523,172,0.22447238605154468
499,104,0.22446515725646057
499,219,0.22446249885907252
12,114,0.2244417172207092
523,205,0.2244337933233902
464,343,0.2244326079444284
12,521,0.22441151176138846
415,379,0.22437182276581139
523,622,0.22435464184725087
523,65,0.22433403702448812
270,648,0.224327168227248
523,348,0.22432127164610186
499,256,0.2243110887323561
47,669,0.22429578336345396
431,46,0.22429396513550992
189,379,0.2242146026217345
189,481,0.2241986860463646
431,654,0.22417195718604188
499,452,0.22416826674168974
499,627,0.2241625206957633
381,150,0.22415850040613386
464,355,0.22414230272608374
499,252,0.2241168053257602
523,131,0.2240948614973772
431,340,0.2240591776120107
523,269,0.22404306787559197
382,233,0.22404124328329114
47,620,0.22402164968176325
47,252,0.22400308267427987
7,99,0.223989062869508
12,388,0.22398384601816207
499,124,0.2239775912930262
47,117,0.22397234085222892
431,216,0.2239488136252124
523,117,0.22393485221816764
415,177,0.22391923450506496
431,325,0.2239148106571627
499,0,0.2238853424347107
47,287,0.2238584133859643
499,148,0.22384326027523924
47,296,0.22379437054511445
47,351,0.22379135817493073
523,385,0.22378332921725747
523,203,0.2237799595976035
499,371,0.22377584188950808
189,177,0.22376939873972457
47,226,0.22375843752519398
523,301,0.22374676134472102
464,666,0.22373540126108069
47,376,0.22372223166116856
415,393,0.22370975642147653
415,139,0.22369770752786386
47,38,0.22369630079988703
121,3,0.22369605409664045
523,83,0.22365325336375697
189,442,0.22364911804870474
47,622,0.22363781081952927
523,655,0.22362921178585177
47,318,0.22362889279155987
431,234,0.2236223462321444
189,538,0.2236021047887557
165,99,0.2235529455507586
565,434,0.22354725447650742
47,303,0.22354573481022627
464,192,0.2235327423797125
121,626,0.22351415828846516
189,234,0.2235067989337203
165,550,0.22350288439393967
431,63,0.2234796313175892
523,194,0.2234741903386114
165,577,0.22346035423513094
12,591,0.22345188507627264
12,604,0.22343776079264513
12,330,0.22343169762543794
523,30,0.22342595593923079
47,402,0.2234025265389297
165,571,0.22337949307642052
415,680,0.22337682138585138
165,86,0.2233087990077978
121,352,0.22329348127797694
431,564,0.22328231935452988
165,680,0.223279684996835
415,33,0.22327621913912526
464,564,0.22325354012106632
7,380,0.2232375646244264
431,680,0.22323634583723906
165,141,0.22322946480410114
12,291,0.2231929760133627
464,309,0.22319105927680813
499,329,0.2231763015580918
523,4,0.22316726160375078
47,618,0.22315693331898256
12,233,0.22314283871994345
12,238,0.223121022175452
12,476,0.22312068405168164
523,596,0.22310839923785128
523,479,0.22309265585854002
47,138,0.22308586293986893
415,348,0.22308264591696042
47,398,0.22306881773120804
47,689,0.2230650124301709
270,659,0.2230482129726223
499,102,0.22303623650627616
523,222,0.2230237833877423
382,526,0.22299234114500655
523,310,0.22298969008420816
47,249,0.2229849155035585
565,209,0.22295300628707437
415,481,0.2229482262105779
7,47,0.2229477169847177
270,484,0.22294580670727102
431,505,0.2229425327708092
270,177,0.22289661141558406
7,334,0.22286496544593903
270,168,0.22281631588491124
165,123,0.2227911012324049
499,3,0.22277449950578496
523,605,0.22275707037021403
499,598,0.2227460721088799
47,256,0.22272403167334942
499,492,0.22272161396607038
47,612,0.22270411375540017
523,420,0.22264298367653543
47,275,0.22263908764886559
415,439,0.2226020652052323
415,607,0.22258738629216465
499,524,0.2225260966018545
270,482,0.22252476325346277
121,280,0.22251655843317697
523,520,0.22251342041019737
499,105,0.22251287638589334
121,392,0.22251046654854323
523,124,0.22249883392410408
12,172,0.222491745873333
12,98,0.222467816846811
499,553,0.22244536692441122
523,688,0.22241120695893096
523,323,0.22240909031906825
7,377,0.22240832363835988
47,593,0.22239586927968627
499,339,0.22239477802179006
431,242,0.22238969772651962
415,659,0.2223852300621094
499,493,0.22236771505674377
431,90,0.22235448218457837
523,324,0.22233015981938173
270,10,0.22230984807198773
47,444,0.2222867540495609
523,525,0.22227298267850557
415,352,0.22225713289407553
47,688,0.2222506594247752
47,463,0.22223998782264917
47,70,0.22221952429406353
47,510,0.2221814729254489
499,275,0.22216174429964758
12,615,0.22214954930301198
270,343,0.22212747687768777
270,507,0.22212618748435867
431,432,0.22211308250952877
12,619,0.22208240465240928
12,47,0.22204196623996225
464,300,0.2220410950709212
12,320,0.2220260390402384
47,361,0.2220049917778206
12,266,0.22197237839806253
415,524,0.22195833681030122
499,40,0.2219375861994497
431,655,0.2219251683474335
499,59,0.22190261013073803
189,552,0.22189558017552263
499,432,0.2218764889307361
12,193,0.22183821953912047
189,467,0.22183669177660767
523,187,0.22181699874476835
499,346,0.22181041142644226
523,495,0.22177428015985423
499,687,0.22175280367102707
415,150,0.2217146725283164
382,401,0.22170596686697244
420,338,0.22168706495910157
431,152,0.22168125044077638
382,586,0.22166955170005131
270,509,0.22166375659940593
47,267,0.22165982871443046
189,323,0.22165936537550207
523,615,0.22161697829770238
47,211,0.22161356615596445
47,188,0.22157331349776646
47,407,0.2215317401770295
415,442,0.22152089716748846
47,500,0.22151589778227673
47,339,0.2215133398501771
121,454,0.221510758335749
270,454,0.2214985613300059
565,310,0.22147207804847854
12,242,0.2214698422899126
165,335,0.22139609234757837
431,5,0.22138788954482372
523,166,0.22136884947793173
47,123,0.22135960663047338
499,502,0.22134119751551268
415,198,0.221339055973465
431,482,0.22133447864994207
523,657,0.2213018380645662
270,486,0.22126442813842293
165,181,0.22126401508805074
415,162,0.22126206740966628
165,429,0.22125736649642785
523,642,0.2212178464172752
165,325,0.22117112537416614
499,96,0.22116294202717648
415,283,0.22115744472314716
121,24,0.22114341052439268
270,183,0.22113311936104635
12,658,0.2211209692126492
47,277,0.2210848402485515
47,97,0.22108130618632976
464,446,0.22104185950900423
165,16,0.2210333336924018
499,203,0.221031813633108
165,485,0.2210253458480468
12,614,0.22101819629283695
47,346,0.22100512574992526
415,116,0.2209821381231902
12,194,0.22097388630626968
47,646,0.22092347269360768
47,528,0.2209188325413395
382,493,0.22089852541200386
523,647,0.2208948819435356
165,670,0.22087593287291876
464,247,0.2208484077644134
523,455,0.22084666508086195
12,280,0.2208283212842368
381,205,0.22082811088894752
464,609,0.220798351301834
499,210,0.220790490349731
523,400,0.22076422442199634
431,447,0.2207369114115929
47,658,0.22072824522874196
382,460,0.22072228067686075
7,219,0.22067683640743066
47,532,0.22059971039057102
47,571,0.22057316223868315
165,590,0.22056973262455265
270,639,0.22056022115267004
12,319,0.22054963700136712
47,64,0.22054076187038396
381,459,0.22053784700762802
523,89,0.22052429848072153
165,569,0.220519597196332
47,334,0.22050545059349563
523,458,0.22049297224935194
12,404,0.220492190108978
431,359,0.22047678226307718
499,505,0.2204681490305141
499,241,0.22046322346373373
415,656,0.22045887410890597
523,513,0.22045695160526035
415,7,0.2204526255081295
12,140,0.22044646417850494
382,266,0.220437115774657
270,126,0.22041786587765683
47,9,0.22039288692338677
12,115,0.22036281486051726
47,107,0.22033776586151899
165,65,0.22032150160114672
523,33,0.22030073735723668
523,616,0.22029856044732196
523,453,0.22026063793337117
415,15,0.2202262128315058
523,652,0.22017311276107712
523,330,0.22016845375775895
420,379,0.22013135279259763
47,134,0.22010983292109007
523,76,0.22010241014792162
47,233,0.22004488713154816
165,415,0.22003367072214183
523,561,0.2200320744021343
165,483,0.2200318019950516
499,403,0.22002953255260874
47,629,0.2199815722967675
270,294,0.21997997144662512
464,437,0.2199624307313608
47,292,0.21995880111599383
431,323,0.21995200470642814
523,471,0.21994238390818066
523,298,0.2199394958328962
270,253,0.2199276714033861
431,11,0.21989467384533598
499,510,0.2198552880415204
464,310,0.21984328592556204
523,361,0.2198431730185884
523,197,0.21979387550455384
47,100,0.21976915578048173
47,360,0.21974753199794883
12,659,0.21973881067428244
415,378,0.21973464980736232
464,507,0.21969613576625127
189,534,0.2196915057654097
415,502,0.2196330040087124
415,553,0.21956194300032605
523,464,0.2195445195615024
47,265,0.21953897153920576
12,342,0.2195317094233695
523,143,0.21952568631521943
523,240,0.219464281720951
47,79,0.21945742192230516
121,26,0.21942724764481547
12,393,0.21938548110592448
431,133,0.21938263746279182
47,359,0.21934229180589332
7,492,0.21933574577672063
382,70,0.21932333280187716
189,253,0.21932055628036734
523,280,0.21930506085004445
523,36,0.2193019032927313
499,82,0.21924403221936145
420,229,0.21924161386366256
12,244,0.21923034304701594
523,227,0.21921129129718084
499,226,0.21920388933504828
523,522,0.21918234038618983
47,435,0.2191748957626988
382,15,0.21917065914527548
47,542,0.21912039409704734
165,313,0.219090934632341
381,399,0.21905979232001088
499,247,0.21904025478624697
12,406,0.2190295658787847
189,63,0.2190250954374198
420,247,0.2190196955624349
464,559,0.21901364640186402
431,49,0.21898460058122937
47,166,0.2189820100995393
464,490,0.21896058156778606
420,559,0.21895989662642978
47,83,0.2189485769029309
12,600,0.218939957468416
165,509,0.21893943519710693
523,374,0.2189224743805054
165,432,0.21891749755950574
189,350,0.21891234782191762
189,3,0.21890822729595324
12,553,0.21889415266929566
381,394,0.21887622390381986
499,139,0.21887348280290134
12,192,0.21885904888516014
121,191,0.2188518872557193
270,271,0.21885151903691935
420,493,0.21884924263556285
47,167,0.2188451917256184
523,335,0.2188415173841806
431,247,0.21880328406401528
382,446,0.2187970886822249
47,421,0.21879542845633906
382,309,0.21878793698450283
523,81,0.2187751849302852
270,66,0.21875118319515352
47,677,0.21875059900790902
270,670,0.21870513807829825
499,688,0.21867043501771835
499,624,0.21863603254320124
165,155,0.21861351061710524
165,57,0.218585924413784
47,132,0.21857579007709202
499,379,0.21857120444250663
47,559,0.21855789252807323
165,68,0.21853213440095087
415,300,0.21850251740364082
189,608,0.2184977912940674
523,262,0.21849343679059566
12,219,0.21848494275065805
523,122,0.2184791801327056
270,97,0.2184464654532913
189,99,0.21842419044071495
189,109,0.2184191684879219
523,508,0.2183962433364761
523,451,0.2183946189462258
12,293,0.2183858693960798
523,303,0.21837069706503784
431,298,0.218352386999261
47,237,0.2182766205763737
12,313,0.21825559049843632
499,678,0.21821847436293948
464,670,0.2181745203369375
565,564,0.21816486037274882
523,53,0.2181648195651321
523,178,0.2181640029571395
121,534,0.2181605160228023
523,314,0.21815548734387968
12,102,0.21813566958956135
420,76,0.21812023817161155
121,304,0.2181115423296944
523,354,0.2181027664782039
7,556,0.21808936425049577
47,155,0.21808480224673452
523,199,0.2180444030234048
270,617,0.2180305975566807
381,479,0.2180129078502612
523,394,0.218009911536252
565,199,0.21798481830177718
499,181,0.2179483197278549
47,584,0.21793819076137042
523,516,0.21792069817213092
499,14,0.2179080074108403
523,60,0.21786919080586928
121,492,0.2178659352726323
165,596,0.21785964724727222
420,133,0.21782444762093256
523,423,0.21781028044562945
499,198,0.21780385547470082
523,145,0.21778963374219984
499,212,0.21775171681828845
523,129,0.2177467794585759
47,333,0.21770309038920235
464,146,0.21764674256468672
499,341,0.21762541012566655
431,306,0.21761916129605657
47,349,0.21761694022113057
523,547,0.21760800851719916
47,11,0.21759017946987533
523,599,0.21757698028043257
270,406,0.217570848746482
121,468,0.21756935973369293
431,193,0.21756432150264912
499,183,0.21752415483266344
47,260,0.21751348262886785
415,514,0.2175037828879116
499,107,0.21748050941631908
415,372,0.2174699110645131
523,597,0.2174618727809433
47,674,0.21743366899401662
12,407,0.21740612018339667
381,592,0.21737337070430499
523,249,0.21735934698053733
523,93,0.2173558429934279
12,550,0.21735135186490204
523,238,0.2173427950013188
523,388,0.21733186048942846
12,216,0.2173243140194046
523,202,0.21725063902509864
523,665,0.21724610431130287
523,277,0.21724594083841087
381,656,0.2172094463396128
523,548,0.21720779353310904
499,67,0.2171662489684293
12,520,0.2171646352009281
523,674,0.21716228294282575
270,626,0.21715582702953845
121,209,0.21715205368760432
523,191,0.21712574189179046
12,574,0.21709689600034562
523,577,0.21709419947465408
523,353,0.217092756344313
523,412,0.21704738668329795
499,321,0.21702772786474733
565,273,0.21700839123475996
382,119,0.21700400339852316
499,516,0.21699212733118775
165,89,0.21695431456301117
499,565,0.2169435703019521
499,542,0.21693981265614257
415,503,0.21693542249052367
523,2,0.21692551248660696
420,351,0.21688015020854784
189,308,0.21684558718479785
47,239,0.2167857760749825
165,689,0.21675816461621772
121,538,0.2167512730144173
523,637,0.2167490446958631
420,657,0.21671856521762417
12,183,0.21668044365569494
47,670,0.21667493364483056
523,625,0.21666813144250674
47,27,0.21666391173522406
12,292,0.2166635592260938
47,424,0.2166587973055719
47,124,0.21662553735312304
431,355,0.2165965145699237
499,529,0.21659412738179723
12,239,0.21658573862534783
47,552,0.2165581096444025
121,460,0.21654208298482722
270,193,0.21651358000095647
165,684,0.21650214951006963
431,21,0.21648489194439208
12,18,0.216479255265029
47,59,0.2164393872327201
382,229,0.21643472177462073
47,458,0.21638580248896927
499,669,0.21636165135946211
47,484,0.2163487277148144
415,521,0.2163483452698423
415,113,0.21634413122427637
415,76,0.21632600240436156
189,271,0.2163192212534868
47,533,0.21629615015053605
523,641,0.21625283358850722
523,90,0.21624478993513743
420,65,0.21622640638001797
523,291,0.216225581203944
415,31,0.2162203820613119
499,683,0.21621850810321214
464,676,0.21621430263312205
523,32,0.21621006863968653
47,663,0.21619247928543095
464,70,0.2161857994045686
415,206,0.21615453664543605
499,604,0.21615087435349145
415,399,0.21614719746366876
523,384,0.21613808350143213
499,327,0.21613486446942512
189,284,0.21612669670880433
523,208,0.21604987822527075
431,463,0.21601937338185126
47,513,0.21601827333921728
381,231,0.21598027188369298
431,251,0.21592908794536145
47,368,0.21591095414643133
12,63,0.21587984393301837
431,689,0.2158798347776603
499,520,0.2158457523665442
47,129,0.21580531107938292
47,572,0.21580064994284365
47,550,0.21577292297427542
464,126,0.21572700272863046
47,330,0.2157214220693039
431,615,0.21570999799327087
523,431,0.21568463327860715
499,142,0.2156806417953636
523,430,0.21560605053778112
165,20,0.215553888888982
382,535,0.21554411600047294
12,89,0.21553276829248075
47,527,0.2155211817016631
499,490,0.21550602406452304
415,456,0.21549861738928575
523,370,0.21549564080422765
523,241,0.21549121173291752
47,153,0.21537963916018002
523,658,0.21531850166099933
47,599,0.21527052798038052
464,406,0.21526804550148043
499,400,0.21526683955315043
523,135,0.2152668197142774
381,15,0.2152606521133572
382,162,0.21518570153090055
499,242,0.21517576647882627
523,427,0.21516965155886386
431,411,0.21516713402289217
431,245,0.21516664758864867
499,448,0.21511418118793718
523,357,0.2150978614265718
47,324,0.2150971693819618
499,245,0.2150815971996821
415,209,0.21506522296460134
7,210,0.21505280202859997
464,485,0.21502392252024166
523,132,0.2150224629525103
47,384,0.21500599410288576
523,569,0.21498767056357465
47,45,0.21494974665938474
523,98,0.21487562968187449
420,416,0.21487481630166932
47,690,0.21486111004475855
523,365,0.2148551621109619
121,406,0.21480730284690214
499,91,0.21477931833049774
270,526,0.21477505244674375
121,675,0.21474499653878482
47,306,0.2147265965260279
499,357,0.2147099934259351
431,236,0.21467624275374406
431,619,0.21464419958161324
523,207,0.21464156482784105
270,161,0.21458785581528314
47,92,0.2145745671840995
189,489,0.2145735175719837
270,378,0.2145546417092841
523,341,0.2145384579215444
523,485,0.21449426183957201
523,408,0.21449399567593494
165,326,0.2144925887206072
165,594,0.21448968228306792
523,137,0.21447456905877932
12,437,0.21446552886397469
464,213,0.21445225472630866
7,397,0.21442428868512545
12,125,0.21438449037942042
270,287,0.21436069338991423
431,641,0.21435989165873184
431,649,0.21434679027047085
165,528,0.21432952417252316
165,29,0.21430559642282163
431,263,0.21429759801777248
420,452,0.21426876241020498
523,676,0.21426825969163563
464,141,0.21420640131521732
47,53,0.21416562523909102
270,379,0.2140762287905664
523,217,0.21406798847533465
12,601,0.21405153466685978
47,371,0.21403093592803074
12,385,0.21401013008896094
523,337,0.2140046451378194
499,643,0.213970208841743
523,624,0.21395896366800274
415,93,0.21394153461325707
499,660,0.2139335749710426
47,182,0.21392520676039273
523,295,0.21392107775343872
189,512,0.213906913091323
415,3,0.2139005973833456
47,302,0.21386075726708992
499,439,0.21385856976128662
121,190,0.21384907807215234
121,399,0.21384539442243566
415,509,0.21384390496442499
523,441,0.2138410361796728
47,336,0.21383603542382754
47,341,0.21381251059718423
523,78,0.2137562753175226
47,112,0.21375018019120764
415,193,0.21374948620368386
47,67,0.21373067116553837
431,194,0.21368596711137242
12,134,0.21366410494111238
47,682,0.2136332479478164
12,230,0.2136040270180071
499,113,0.2135882873367524
7,308,0.21358427167567648
499,222,0.2135767651390529
431,430,0.2135586362107953
47,246,0.21343128437947415
499,114,0.21340554166625178
415,211,0.21340049640918005
523,429,0.21338506921389022
47,356,0.21337074871661194
523,148,0.21333392275914237
523,540,0.2133185025112189
523,360,0.2132768284749413
499,293,0.21326316781080756
47,90,0.21325559307449107
7,587,0.21325439924463865
499,372,0.21324959853122627
415,344,0.2132122660837828
382,492,0.21319385660690643
47,606,0.21316801931354382
464,588,0.2130567220222714
381,574,0.21304429182592174
165,465,0.21304403755730672
523,590,0.21297564619867393
165,320,0.2129223475997691
415,623,0.21290600612667812
464,452,0.21289578305104495
431,611,0.21288470512758687
523,445,0.21288318670049575
523,10,0.21288253119718578
382,395,0.21286268700862299
47,655,0.21284608473807198
165,137,0.2128012819842792
464,414,0.21279294388894368
523,260,0.21278426633782171
431,379,0.21276124330370552
7,635,0.2127552455175309
523,246,0.21272873049642677
121,284,0.2127162181443078
270,116,0.2126756003827766
47,80,0.21264591137658587
165,660,0.2125947477249392
47,18,0.21256262369283177
523,604,0.21254703992865456
499,174,0.21251407692553986
382,365,0.21248258257881023
523,72,0.2124467441766937
499,28,0.2124422665249923
381,416,0.2124047029301937
523,271,0.2123972556961564
523,422,0.21239478467277986
165,630,0.21238610685604542
7,88,0.2123834263987974
431,367,0.21238142530879905
523,336,0.2123799937093946
431,456,0.2123611463502124
431,617,0.21234893941505104
431,657,0.21232819938637476
523,62,0.21227768706415742
499,235,0.21226841908831467
523,507,0.2122409422613609
12,181,0.21218983924163654
523,677,0.2121868961284236
499,282,0.21217598732189444
523,258,0.21215973872988128
523,497,0.21211310283492782
12,368,0.21209964136543372
7,623,0.21209470490671986
464,323,0.21206464249007848
12,24,0.21205788637315898
523,377,0.21202558870512522
431,57,0.21196350712453213
523,312,0.211959932163726
523,8,0.21195544265522404
7,679,0.2119519921581327
523,38,0.21195136220028035
523,588,0.21192890176194787
121,600,0.2119096702662097
7,486,0.2118339022993971
189,219,0.21180240195917777
47,73,0.2117618792753198
523,313,0.2117577120694936
47,357,0.21175462084396876
382,230,0.21173697303039368
47,19,0.21173213065759633
121,116,0.21173149719416878
420,606,0.2117174830321542
499,521,0.21168544785407276
523,584,0.2116810314076041
499,652,0.2116118583957954
47,430,0.21160783509888914
7,17,0.21152997931502993
7,249,0.21148171057309847
47,16,0.21146990717856876
523,274,0.21146028917182022
165,613,0.21145038892572116
499,150,0.21142536415951477
7,653,0.21139991740540032
431,391,0.21139872333366722
523,425,0.21139788846598637
499,386,0.2113904916676372
165,641,0.21138578864050467
523,491,0.21135981226942635
189,44,0.21134497042593858
464,365,0.21134106102167283
415,294,0.21132330727290372
165,409,0.21129029589640475
165,397,0.21128712867118007
47,397,0.2112710903480977
499,673,0.21126068989314994
47,395,0.2112555285491446
415,520,0.21122678718117693
523,433,0.21116174576221705
270,502,0.2111541890838516
415,36,0.21114403790075764
431,239,0.21109142461852934
431,66,0.21107812793055292
499,295,0.2110772385426652
523,505,0.21106811688682636
499,635,0.21104778631588825
523,551,0.21096592468390638
270,563,0.21091578745964965
47,403,0.21090786948906634
420,443,0.2108885373475956
12,146,0.21088277149785287
270,440,0.21080058860347498
523,327,0.21079048952856036
165,94,0.21078306683142115
47,143,0.21076228208127368
47,204,0.21074482131214847
464,312,0.2107384298477761
382,284,0.21073169893005256
165,281,0.21071862630582094
47,450,0.21069623612880797
499,429,0.21065532738645767
165,575,0.21059827960952285
431,309,0.2105933086589511
499,140,0.21057459088916955
165,414,0.2105694435629623
523,613,0.21055302388722297
165,144,0.21050385123624052
420,501,0.2104923729816969
7,279,0.21048618549391512
431,531,0.2104835076058266
523,369,0.21048092683760045
270,1,0.21044613280067603
12,525,0.21044449618235286
523,87,0.2104354309466923
47,611,0.21043023305765277
431,208,0.2104028745926761
499,419,0.21040214850459085
523,421,0.21039272571244863
12,177,0.21039270312041974
12,116,0.21039017036377045
415,271,0.21036544454363143
165,370,0.21036138576847926
47,42,0.21033801556853418
47,654,0.21032324837703828
47,573,0.21031977650238587
523,206,0.21027228426824573
47,235,0.2102502082833967
499,54,0.21019068069130348
47,25,0.21017554451702203
270,31,0.21012156539203894
565,507,0.2101068784943752
47,597,0.2101065351335388
381,360,0.21009211416415932
415,535,0.21007797271391718
431,20,0.2100770935759162
165,147,0.21003200129118824
382,223,0.21001392076728922
523,40,0.2100115683905975
47,329,0.20998529605057356
523,446,0.20998055270619911
431,554,0.20996523579977572
382,481,0.20989790419151952
47,135,0.20988229270564038
523,487,0.20986541731107808
464,91,0.20978613248630343
165,436,0.2097771154658928
165,290,0.20976159881499348
499,392,0.20975350891960498
415,468,0.20974656271915862
47,417,0.2097063908015745
523,111,0.20968028254391452
431,107,0.20961481508943844
523,685,0.2096131891701332
12,607,0.20960803357299398
431,630,0.2095820364886595
431,131,0.20957260514080886
47,521,0.20955571075316842
523,214,0.2095395221396415
165,330,0.20952870295068046
7,15,0.20950770331156066
523,610,0.20949684353990217
47,610,0.20949417779638918
523,419,0.209490181453958
415,108,0.2094729485436916
165,32,0.2094688340605108
47,436,0.2094592321766495
12,468,0.20944299702423158
499,211,0.2094019305237654
47,314,0.20937616150997743
523,326,0.20934823109479292
47,678,0.20933801880035177
523,9,0.20931970062572786
12,401,0.20931365047308376
47,82,0.20928042567645286
47,335,0.20922237189522877
121,638,0.20917840504522864
12,107,0.20916958392436003
47,94,0.20916937021322804
121,7,0.2091626851898157
523,574,0.2091391048018197
47,496,0.2090933649033997
499,475,0.20908660512998334
523,439,0.20907177461578433
499,15,0.2090484011816628
431,484,0.20904488246659322
523,378,0.2090321625006947
12,311,0.20899833309929888
523,659,0.20897493423353636
499,229,0.20894251810622044
12,465,0.2089300645028069
12,662,0.20886823606299615
523,69,0.208867489931634
499,190,0.2088649399560849
499,146,0.20886362788835605
499,262,0.2088631064639075
7,418,0.20885739258812955
189,492,0.2088371709431412
431,405,0.20881047122921298
47,605,0.20880510579081402
189,162,0.20879051554217834
47,291,0.20874850868108394
165,140,0.20874735287183707
523,126,0.2086912447009162
12,552,0.20863738470511733
523,300,0.20859758145260834
270,481,0.20857194703351614
47,585,0.2085089195681894
499,468,0.20850885918704104
499,427,0.20850526547115322
165,599,0.2084999352198608
270,380,0.20849178268500543
499,684,0.20847416037647776
47,685,0.20846960654839863
270,512,0.20846357286633638
431,423,0.2084567117624326
523,579,0.20844146441281325
12,456,0.2084399616124367
270,284,0.20839861228026643
415,345,0.20839692284365485
431,578,0.20835754510049392
7,603,0.20834657014609598
47,208,0.2083450869710512
499,180,0.20832244338081765
12,545,0.2082775049889267
523,333,0.20826911010938942
499,408,0.20820886323150561
12,285,0.20817020258819294
415,159,0.20811399158506835
47,326,0.20809775227858826
12,6,0.20808021636408183
523,109,0.2080736366779242
12,323,0.20807088217642003
47,630,0.20806967630020234
165,261,0.20804554916341414
523,398,0.2080378504556628
523,570,0.2080115445994908
415,486,0.2080021232152633
499,10,0.20788916850513406
499,348,0.20784840012888542
12,119,0.20783939873411297
165,421,0.20782490206887425
165,636,0.20780868604647196
47,540,0.20779092917692776
523,529,0.20771702295382458
165,437,0.20771357311728092
47,473,0.20769498524300692
47,405,0.20769197139922843
47,665,0.20768531285870098
431,612,0.20762196273607306
7,81,0.20760474236161167
499,504,0.20755470291822387
12,269,0.2075457851001643
381,643,0.20750943305965563
382,686,0.20748449596189103
270,75,0.20748328329645271
270,96,0.20747581582548985
12,565,0.20746996877239685
523,591,0.20746206759185395
523,286,0.20744954001316043
47,547,0.20744374576591404
189,21,0.20744218449584934
499,145,0.20742020081307305
12,30,0.20726286378236283
523,656,0.20722173012150671
47,684,0.20721139950138234
523,169,0.20718713669273703
165,568,0.207148084581422
47,57,0.2071189948495613
270,460,0.20708577548386534
523,567,0.20706150301982537
464,144,0.2070556254121358
523,144,0.20704808201156175
523,254,0.20703952565731817
7,272,0.2070202247710722
382,93,0.20701845379510428
121,305,0.2068885858792061
382,539,0.20685254877307024
523,689,0.20684210671350634
165,91,0.20682730048989958
464,148,0.2067693279208137
499,525,0.20675316245268144
121,98,0.20674286647133927
47,5,0.20673220801923475
431,290,0.2067089761472742
47,372,0.20669100316919684
12,681,0.20667925149002822
7,512,0.20666578796055937
165,532,0.2066112494984365
431,320,0.2066014382219813
189,187,0.20659917827431643
165,15,0.20659730172174937
499,352,0.20656574717017576
189,337,0.20656303146514032
47,672,0.20656046549051665
523,22,0.20652704369335428
47,136,0.20649378895663176
189,531,0.206479243300966
47,354,0.2064765867156831
499,576,0.20646693027142232
47,434,0.20645818271916508
7,108,0.20641529792555993
47,396,0.20638180047047597
431,501,0.20631217112766045
499,18,0.20626946480315628
420,369,0.20617086963225517
464,96,0.20614364619742964
464,154,0.20612357010547178
523,345,0.20612122963576635
499,422,0.20611483845503772
381,406,0.20611126095805518
165,447,0.20605703312370824
47,577,0.20602834696142563
47,102,0.20598449943381464
189,564,0.20598122133711147
523,396,0.205949754656617
47,279,0.20584259798394156
382,63,0.20583665631956394
47,2,0.20575201483650715
47,623,0.20572693133958278
47,419,0.20572522535190135
499,231,0.20571257821107694
12,141,0.2056454288541789
47,505,0.2056113204937678
47,197,0.20560366239472935
189,241,0.20559257194848438
431,16,0.205591049478265
523,672,0.20554507727902757
499,205,0.20549917756916428
523,80,0.2054813486908376
431,570,0.20543573103986656
415,575,0.20539936249629792
523,273,0.20538750416157683
47,408,0.20533997525911532
523,130,0.20533531387357112
499,614,0.20531570953747877
499,300,0.20529660725974985
499,680,0.20528439617229804
523,585,0.20526901074002743
523,48,0.2052607593716448
381,69,0.2051396701327447
12,539,0.20510894673070973
523,251,0.20508584406916816
7,231,0.2050498857034615
47,230,0.20504293488772574
415,567,0.20499056319768783
523,99,0.20497074051214417
499,88,0.20494781324850775
523,363,0.20491287382995768
523,391,0.20490773669025744
499,279,0.20488964911306887
499,686,0.20488361178539324
165,607,0.20487108054533282
165,214,0.20486746821859525
12,399,0.2048499969653117
523,261,0.20479544729399732
523,559,0.20478029095675393
382,110,0.2047771798581094
121,177,0.2047508283804154
499,534,0.2047259005496726
382,26,0.20471773493654163
47,68,0.20471686529246716
47,437,0.20471439818160975
382,46,0.2046547684663547
7,589,0.20458865005908874
270,479,0.20458226971683421
464,62,0.2045538895521627
47,560,0.2045352225935941
165,665,0.2044769400202218
415,539,0.20447660838188558
523,146,0.2044747293896679
431,670,0.2044498540260352
565,242,0.2044475953098589
47,175,0.20444479705742008
12,223,0.20443462151696148
47,282,0.20436542117156467
523,340,0.20434600333432149
165,495,0.2043426839937121
270,468,0.20430427051625386
47,652,0.2042617122198531
165,207,0.20423700447059476
12,109,0.20418473623803587
415,107,0.20413505511543648
523,623,0.20413479550370095
523,6,0.20411247171417277
499,35,0.20409951949004015
47,140,0.2040993114729346
499,647,0.20406100476907282
431,503,0.20401419151223402
523,389,0.2040095580118952
431,446,0.2039118187057515
523,186,0.20388997190572467
523,393,0.20388278754182426
165,651,0.2038388746777071
431,485,0.20382462549699185
499,94,0.20381589774686415
431,111,0.20378474244929423
7,648,0.20373627214710238
464,533,0.20371790558319974
189,338,0.20367171850771637
7,476,0.20364787794335146
523,223,0.20364695745900205
415,191,0.20364500242970848
420,580,0.20363045221073442
523,668,0.20356759854097065
464,418,0.20355303130008146
499,662,0.20352077981822672
270,187,0.2035150500448785
499,271,0.20349594709849786
189,75,0.20346768721650255
431,434,0.2034495371827378
47,159,0.20344795753074527
12,449,0.20340879238478538
47,32,0.20339179416772096
499,639,0.20338938927753822
47,290,0.20336165758841046
189,134,0.20336074373384977
523,266,0.2033549225158328
415,534,0.20322543617294705
499,284,0.2031991829893842
523,150,0.20315221039035317
47,383,0.20312783769658727
415,63,0.20311571433147438
47,467,0.20308197972626524
499,648,0.20307284287579166
499,623,0.2030508777514323
7,357,0.2030085400709716
523,21,0.20299242534279924
47,137,0.2029632726638822
165,182,0.20296085323384302
47,133,0.2029407466895392
499,358,0.20291996665192116
499,526,0.20291812309409032
189,537,0.20291605349024258
47,195,0.20284263938273575
415,552,0.2028356724463954
415,526,0.2028014569982132
47,488,0.20277996196935846
47,198,0.20275664501759247
47,310,0.20274340367597068
523,239,0.20270866405055682
523,578,0.20270777796789602
499,159,0.20270170960807415
523,112,0.20269354057979108
523,94,0.20267797124944958
47,194,0.20263576063234778
47,210,0.20261003154364646
47,590,0.20258970277910196
165,135,0.20253723008502317
165,9,0.2025114615043941
523,306,0.20241196821381566
523,526,0.20241130422608264
47,85,0.2024017766596216
12,369,0.20239482447074056
47,109,0.20239066277831438
523,621,0.2023347108624994
12,389,0.20231014797688354
523,284,0.2023097263656224
523,397,0.20228447644381853
12,617,0.2022687286715148
47,280,0.2022685286388873
47,615,0.2022487815483485
47,157,0.20212906080491547
47,412,0.20212087308483248
382,394,0.20211324558652233
431,533,0.2021113436603246
47,607,0.20210457155154563
431,56,0.20206296772253968
431,307,0.20202559348439073
523,366,0.20191564163061157
165,309,0.2019018785253555
165,128,0.20187030215196763
165,531,0.20185941024057044
165,494,0.2018194627835716
431,637,0.20176632354619528
12,423,0.2017357434981223
499,69,0.201721715731956
7,610,0.2016963353208177
189,126,0.20162497236330634
523,639,0.20161742584128933
499,508,0.2016141734590347
415,161,0.20160859397975933
415,565,0.20158792524430713
499,322,0.20158369828863515
523,294,0.20157303999779838
499,401,0.20154683018506822
523,18,0.20154057402748768
12,392,0.2014446026503121
47,498,0.20140216405162145
7,435,0.20139489794793344
121,285,0.20130332301101958
523,510,0.20128433554487948
7,445,0.20120095606390798
47,379,0.20119767764856442
12,56,0.20117449604442103
47,242,0.20112612318822626
523,401,0.20111146236322733
121,389,0.2010955363978742
47,30,0.20106924342993268
12,213,0.20105878389482063
431,26,0.20103300838823368
165,655,0.2010252610263376
523,183,0.2009984391508848
121,61,0.20096393555394465
523,554,0.2009480094515099
464,531,0.2009130951543934
499,578,0.20086473936054927
47,563,0.20081429161079795
121,608,0.2008106085192799
523,346,0.20078341266895336
523,311,0.20074748323522926
499,7,0.20074386134643646
165,477,0.2007046091573442
523,263,0.20068878683686678
499,538,0.2006653579151707
7,650,0.20065756435825502
523,358,0.20064922400741733
12,419,0.20064094689064418
499,601,0.200623127944899
499,230,0.2006092347687114
12,502,0.20059952615658913
7,333,0.2005857583979026
499,273,0.20057067141991466
523,185,0.20055937634959933
431,119,0.2004345342027967
499,236,0.2004255618450148
7,134,0.20039220093747334
165,448,0.20036410771913848
415,460,0.20035207195927365
47,569,0.2002778451366948
431,230,0.20024511412430152
523,399,0.2002054411562267
431,604,0.20020020228721952
47,261,0.20019320907354624
565,46,0.20016378663754156
499,507,0.20012753724729376
47,50,0.2001188651039272
47,147,0.20008937458622827
47,295,0.20005529157286195
47,425,0.20004049792321216
270,219,0.20000239853296242
165,582,0.19996283970660927
189,691,0.19995424821360522
415,126,0.19993507411405445
47,531,0.19990685480875667
47,84,0.1998097474579919
523,546,0.1998083303777421
12,503,0.19975141909712238
189,225,0.19972969649816977
165,585,0.19972661087516405
420,61,0.1996907686731676
7,347,0.19964356069936898
523,472,0.19949638251709031
499,316,0.19945490873431612
382,575,0.19945291767975945
47,13,0.19944783417163528
499,309,0.19935528793805593
382,319,0.1993548086175833
523,287,0.19935341875667065
165,314,0.19935117491357687
523,216,0.19932716512457116
7,520,0.1992948220838213
47,313,0.19926103891091748
165,30,0.1991777662568024
165,424,0.1991411192684599
523,180,0.19911624829742988
47,686,0.19907790125336916
47,40,0.199022049906749
165,263,0.19892391561956685
431,141,0.19892134695932598
499,93,0.19889950160842568
499,486,0.19889646659910784
12,440,0.19882725685072447
499,460,0.19876489161849392
47,77,0.19875061324573776
523,73,0.19874439226315987
270,302,0.19871090121081325
47,259,0.19870417122997697
47,298,0.1986807709856831
431,144,0.19865015287824678
7,39,0.19855003539056737
165,387,0.19851074611402203
499,366,0.19847488153502615
523,367,0.19845745988355723
165,4,0.19840701444938405
382,668,0.1984020724602766
47,20,0.19838524506910224
523,102,0.19838087199933224
431,563,0.1982971304327655
523,576,0.19829187941215295
415,219,0.1982361130736161
165,267,0.19822337483532507
381,271,0.1982202454466186
499,234,0.19816314833802703
12,645,0.19816055505326186
523,242,0.19816029680189914
165,245,0.1980931220696107
523,134,0.19807753904446926
523,619,0.19806509829581895
47,288,0.19800931825918763
523,627,0.19793697933427465
47,681,0.19792656158230063
165,367,0.19788662246376038
165,97,0.19773953488400617
12,680,0.19773762959313043
47,367,0.19772680834341136
165,60,0.19769015929712672
270,586,0.1976604687142152
270,537,0.19764635221092317
523,406,0.19761473380493236
7,127,0.19759749280320354
47,130,0.19754375806431676
165,570,0.19752738194956218
47,680,0.19751929597785842
431,312,0.19741257911258211
270,191,0.19737397389355407
12,76,0.19735606124976304
12,670,0.197214946281983
523,550,0.19721080945196087
47,446,0.19713666208757333
165,400,0.19707761477644983
165,355,0.19707306985332126
499,76,0.19705640282952283
464,526,0.19702715047959465
270,146,0.1970180495747731
47,637,0.19698419104837483
523,96,0.19696882413151512
523,611,0.1968838333595115
7,322,0.1968732813322315
523,649,0.1968569177745767
499,253,0.1968243777630889
499,1,0.19680865271115797
382,302,0.19675313686455656
415,600,0.19671455605741714
499,430,0.19669050958197232
165,618,0.1966660722145511
415,493,0.19665210665760283
420,378,0.1965406140416847
382,191,0.19651540002326093
431,638,0.1964590427723608
47,186,0.19645734587743807
165,611,0.19637253234325983
431,115,0.19634951719229582
499,394,0.1963298541623817
523,645,0.19629676244314118
499,185,0.19628064143544174
382,490,0.19626359487273834
464,638,0.19625847742902242
270,285,0.19624990679307658
47,183,0.19619084704383957
189,61,0.19613831263386497
47,465,0.19609536992384935
47,99,0.19608484247900235
431,209,0.19607271952884336
12,379,0.19605645956371412
47,216,0.19595130348194004
12,360,0.19588663491849595
12,575,0.19587982012065983
415,489,0.19586846293499902
165,257,0.19586122189403862
431,660,0.19585886002253705
431,609,0.19583464575392268
523,411,0.19576460662440284
47,241,0.1956841089930286
189,156,0.1956191384195338
7,4,0.19561853693499837
7,142,0.19556012666326228
523,573,0.19548675634884605
47,170,0.19545538520383615
415,392,0.1954521200162789
415,304,0.19544019551728403
523,407,0.19539342461203965
420,350,0.19537384542715072
415,454,0.19537014831372043
47,340,0.19533947917998962
47,456,0.19532238780452815
165,73,0.19527073616479015
420,406,0.19523859947345398
7,670,0.19522238951675316
270,167,0.1952015245243623
415,360,0.1951871111913392
523,371,0.19517791894248196
47,675,0.19515339788395286
415,538,0.19512837102483319
7,523,0.19512463557767376
165,482,0.19508796641257553
523,70,0.1949649851436089
165,644,0.1949184386444421
165,612,0.19491530355060663
12,54,0.19490139404787535
523,467,0.19481989460505272
499,206,0.19480823753504176
431,317,0.1948079836032929
499,355,0.19480103054888245
7,40,0.1947892256456813
523,210,0.19478275313255447
523,486,0.19477832290752758
12,470,0.19472410197042186
499,365,0.1947218378306151
47,289,0.19472175484217855
47,453,0.19471470847558395
12,538,0.19467063068852686
47,666,0.19466662883122993
415,319,0.19465528631729961
431,244,0.19465194751253156
523,219,0.19463546247518873
431,645,0.1946101150431374
523,443,0.19459560062605347
165,381,0.1945902440679062
165,289,0.19456517812098267
47,474,0.19456429337499576
523,465,0.1945517248022396
165,232,0.19447586934767597
12,70,0.194268777048727
165,435,0.1941983486376898
415,110,0.1941397518737304
7,676,0.1941289441051895
523,110,0.1940906023943203
7,220,0.19407147682504408
47,358,0.19392348132577572
189,352,0.19389888404855773
165,299,0.19388156215667318
523,91,0.1938741492544579
415,504,0.1938640723443801
165,557,0.193842205195976
523,15,0.1938329509852234
523,678,0.19382617580870795
165,133,0.19380534728344617
165,652,0.193799978698642
47,404,0.19379145241900023
7,87,0.19376509625093738
499,156,0.19372461401574118
165,100,0.19370845770179893
47,88,0.19368176823538455
523,558,0.1936563183268719
12,486,0.19364436009545344
270,557,0.1936190067187353
523,482,0.19360241003222606
47,111,0.19360059434640636
165,251,0.19358993313954412
7,502,0.19355397675717284
7,395,0.19354117866902207
7,139,0.19348549647601462
7,167,0.19343339784222213
189,479,0.19341096380545175
431,471,0.19340807289813447
165,130,0.19336277641525487
47,294,0.19333992416352683
7,325,0.193319240841283
165,593,0.1933167707348936
523,13,0.19329262420782506
270,676,0.1932867582666893
12,191,0.19327804679227792
270,337,0.1932533871939561
415,662,0.1932409604116257
7,274,0.1932217415444912
381,378,0.19315908027283482
12,639,0.1931098100407611
523,437,0.19308979644350302
47,213,0.19308473693362588
431,225,0.1930524491917959
121,507,0.19304534496376247
7,79,0.19301671036584497
431,557,0.19299726092569183
165,58,0.19298670594198747
165,671,0.1929355428826085
7,137,0.19289885796836648
523,580,0.19282860990444892
47,514,0.19280867872986815
47,504,0.19272916513535
165,584,0.19272197366622756
7,52,0.1926919578217161
165,587,0.19266025128122044
415,61,0.19264707306550138
420,271,0.19263241994652794
165,250,0.19262339159926967
165,288,0.19259925927503946
165,85,0.1925194394519548
12,337,0.1924742098041264
499,161,0.19244671093167287
47,199,0.19243315033913436
47,578,0.19241300156751157
47,414,0.19237973340411316
523,289,0.19234656746306092
47,551,0.19232100765212512
415,668,0.19231486866571126
7,206,0.1922800997539812
189,305,0.19226556241498402
165,272,0.19221752087184873
47,218,0.19218783391406477
165,270,0.19215607974380733
7,566,0.19214852494942863
7,588,0.19211079629472821
431,419,0.19207513829358364
165,398,0.19194321365801587
7,625,0.19193916133505656
7,415,0.19192395832321235
47,180,0.19191445743415902
7,516,0.19190538171855148
165,276,0.1917968320787209
523,309,0.19177671373911165
523,684,0.19168876385380332
165,149,0.19165873353338292
165,474,0.19163286539846813
47,549,0.19162255005660073
523,24,0.19162170253704025
47,422,0.19147974463548215
431,545,0.19147841257464468
499,543,0.1914567985949993
165,506,0.19139585730828337
165,564,0.19138084518353166
499,573,0.19137229499048386
499,588,0.1913432994089367
7,298,0.191211778724266
47,214,0.19115158985291786
47,485,0.1910983227183538
12,167,0.19104250872107123
523,560,0.1910320824196695
165,336,0.19100874922089905
7,422,0.19092424316905715
165,170,0.1909159525212431
165,598,0.19090806390906676
165,646,0.19088434376876967
165,34,0.19085682920902663
47,158,0.19084861776481632
499,344,0.1908266921119963
165,295,0.19080806838979708
165,499,0.19079099345607944
415,537,0.19073085338900714
12,580,0.19068265141106774
464,57,0.190673989158125
7,616,0.19062837627075715
499,535,0.190562333874019
165,254,0.19055934394324273
270,305,0.19048997990510497
12,471,0.19047960226917418
165,292,0.1904590150622001
47,609,0.1904520296264735
47,660,0.19044590583727775
165,422,0.1904409488275052
165,464,0.19043394342380648
165,561,0.190412214157008
415,626,0.19036042878666745
47,62,0.1903070532063971
415,156,0.1902463488775986
165,277,0.19020156899583496
523,316,0.19018628733379964
12,563,0.19018280651844038
523,302,0.190179415151422
499,109,0.19017128112130438
165,176,0.19010242721534656
165,173,0.19010064144323008
523,638,0.19005274507005435
165,508,0.19000244608622965
165,72,0.19000157181577676
47,386,0.18995666515664247
12,543,0.18990936867235855
165,412,0.18988640861689426
12,367,0.1897940444179393
189,586,0.18967054817317783
165,51,0.18961911066417866
165,382,0.18959626139687358
499,193,0.18951189871864374
165,373,0.1895117409071704
415,355,0.18950489523621405
499,162,0.18950203870320015
420,555,0.18947019260464837
165,120,0.18931062763704865
47,613,0.1892755016040724
7,596,0.18922062486481503
415,10,0.18917787853705556
165,282,0.1891250547664684
7,93,0.18911620901103848
270,359,0.1890844567130706
165,269,0.18903525809820243
12,668,0.18900404561721565
47,588,0.1889816336739746
499,305,0.18897541915468358
47,432,0.18891685725681112
7,319,0.18888688551441157
47,649,0.18885820360541708
464,416,0.1887441745695631
165,204,0.1887036242191651
523,481,0.18869558624392796
47,365,0.18868681153564967
165,356,0.18868358356454404
121,162,0.18864915407386917
12,460,0.1886229016098529
523,44,0.18857250749424234
12,461,0.18856514274741104
415,406,0.18855533022185722
7,65,0.18843648265007837
47,115,0.18840203446838813
165,306,0.18839572319866804
47,251,0.18828919382593956
7,459,0.18822425061470816
12,131,0.18819626043400828
7,677,0.18810216406676147
165,425,0.18804492657500926
47,65,0.18803894604837462
47,316,0.1880274435438863
7,525,0.18802163880616632
165,196,0.18791538721057957
165,216,0.1878421617146892
12,13,0.1877864073674744
523,552,0.18778191974705066
165,446,0.18774397420030936
189,76,0.18773194421509248
12,378,0.18771251438364386
523,416,0.18768710579842818
7,655,0.1876094316125537
165,5,0.18751502743094214
12,507,0.18748863502617114
165,498,0.18739740278468173
165,433,0.18731865980689694
12,359,0.18730160946665508
7,535,0.18723453704543772
499,537,0.18720717497084893
382,454,0.18718574246963618
499,416,0.18718445028646089
523,355,0.1871696705439827
7,497,0.1871635027235635
7,394,0.18714109322972283
47,48,0.18711461273750238
523,617,0.18708915252656097
47,449,0.18701445677310521
7,177,0.1869922361135891
499,337,0.18697163526953373
165,111,0.186947249930493
523,626,0.186932204677083
523,320,0.18692425001733018
431,686,0.18691203920665944
499,187,0.1868621474185484
165,21,0.186860934558932
7,130,0.1868377118780287
431,468,0.18681869291549608
499,446,0.18681053121632638
165,52,0.18679745102073406
523,159,0.18679370109281937
165,622,0.1867842720020742
7,229,0.18675322652627194
121,479,0.18671515627096547
499,368,0.18667151896783718
499,125,0.18666923677931516
415,302,0.18655135616410343
165,164,0.18652539645682475
165,56,0.18651999293916535
12,675,0.18651273631011825
12,609,0.18648608617702975
47,348,0.18642290380392212
165,278,0.1862004895188737
47,238,0.186193524496001
165,315,0.18618362621976423
165,12,0.18616421081007545
165,19,0.18611211951476184
270,426,0.1861034346958165
165,331,0.1860940014262819
47,638,0.18599288507100656
47,46,0.18598589001801463
165,172,0.1859770029658461
523,404,0.18589091041623207
189,675,0.1858838438306781
165,131,0.18584505172064866
47,91,0.18580968236966744
431,213,0.1858047477215521
47,311,0.1857830234362445
47,543,0.1857776631609159
523,344,0.18576529791063073
499,393,0.1857315361835715
523,440,0.1857093022383903
7,336,0.18570822936112813
464,230,0.18568664368996066
165,547,0.18568492468127396
165,80,0.1856281721876116
47,152,0.185562429534194
7,501,0.18541228557507167
499,177,0.18540831955980613
165,386,0.1854060076339127
47,391,0.18539695741640674
165,118,0.1853244047190644
165,637,0.18531935898676838
165,273,0.18524819442774215
165,466,0.18522869891275417
523,387,0.1852253848711266
165,559,0.18519497959980025
165,104,0.18516675760677848
523,456,0.18509771032697075
523,1,0.18505181882670216
7,221,0.18503443407055262
7,450,0.18491336914354425
7,427,0.1849072274343107
47,263,0.1848371599489064
7,123,0.18479718258980177
7,58,0.18479282744230907
7,654,0.18468344494383496
47,426,0.1846663406930278
165,243,0.18463056336716016
382,503,0.1846226422943578
7,74,0.1845721975907401
381,507,0.18446861724325717
12,426,0.18444671097139845
523,107,0.18444393927879915
523,247,0.18441840607816967
415,154,0.18440694157643508
523,234,0.18437205324134665
165,480,0.18436194659700866
523,115,0.18433888913386798
270,675,0.18430945138212368
523,484,0.18418927977710287
165,369,0.18415379957811498
7,8,0.1841019090683439
165,456,0.18408614839681298
165,385,0.18407673449817374
523,141,0.18405276536767243
165,604,0.18403588143481964
499,575,0.18402867676048273
523,20,0.1839878404877913
7,622,0.18392990814895094
7,339,0.18392460884033163
523,209,0.18389937074879573
47,169,0.18387943285205563
165,357,0.18384656721242493
523,114,0.18382612916460703
7,70,0.18374200990483738
7,75,0.18370553121167
7,324,0.18370019234301818
47,31,0.1836651050197863
165,259,0.18359112587207793
7,662,0.1835502479409305
7,243,0.1835440444320246
165,98,0.18353035635365866
523,680,0.18349122350726646
165,238,0.18345837303673931
165,542,0.18345808933876842
523,460,0.18343821808395888
499,668,0.18341250694737096
7,346,0.18336021342667305
165,513,0.18327956749154733
165,627,0.1832500285746856
7,63,0.18322834256859988
165,83,0.1832198994815268
523,368,0.18321087930541233
7,684,0.18320887092430227
523,66,0.18319893750790964
165,134,0.18315191199129738
165,132,0.18311254935307952
7,342,0.18310785815949554
523,489,0.1830964884106445
165,249,0.18309277751477163
165,121,0.1830111427391142
165,678,0.18298713811783715
165,53,0.18293142523029546
165,76,0.1829088213021342
165,179,0.1828764580591401
165,151,0.18286478989875957
165,470,0.1827286887409951
499,539,0.1826986672278983
499,481,0.18263218871679684
165,672,0.18257023711314627
523,502,0.18244857076434415
7,652,0.18243559118312547
7,265,0.1824303681783822
47,489,0.18227500276081507
7,682,0.18226507121140603
47,273,0.1822197829225814
47,323,0.18221910432078015
7,462,0.1822082167188411
7,344,0.18220226662487127
382,543,0.18217077189130823
165,650,0.18210639023771302
7,0,0.1820709999172073
7,663,0.18202223533823408
165,189,0.18197668032379527
165,258,0.18196556250561025
7,361,0.18190671306941608
7,444,0.18186528620494893
499,186,0.18182827509448768
165,428,0.1818209879820341
165,316,0.18181447188856736
7,138,0.18180652334865305
270,162,0.18176573657589526
499,399,0.1817564303314706
499,319,0.18168188380051573
523,211,0.18144460535003615
7,562,0.18133903403073628
12,608,0.18131625984549582
165,171,0.1812877999994705
499,489,0.18128412349158696
47,490,0.18126607839709835
165,41,0.18119241272440578
382,608,0.18114900285375568
7,468,0.18110718174909549
415,490,0.18109592933157162
165,690,0.18103908718400555
523,414,0.1810006021822706
523,140,0.18093560243592868
189,440,0.18093294310218197
7,433,0.1808575957213869
499,691,0.18085145554133594
47,418,0.18083323686674904
499,586,0.18082496258953043
523,233,0.18075104093489974
165,205,0.18073403490897968
415,75,0.1807299798583755
7,374,0.18069707081767816
523,123,0.18069655999652953
189,507,0.18064279450396215
165,374,0.18064008073174612
415,440,0.18063253760251227
165,663,0.1806277379068176
165,417,0.18056113405696295
165,332,0.18054652123964438
165,321,0.1805430437289672
7,205,0.1804934864335432
47,21,0.18046422927482486
165,523,0.18043528104922194
165,617,0.1803702488692516
7,489,0.18036708787032513
165,473,0.18031098022701775
165,37,0.18027270906489337
523,75,0.1802702238355323
499,110,0.1802582114763005
165,2,0.18024219673209144
121,443,0.18021083789598363
431,569,0.1802028132805767
165,620,0.18019192829083103
499,223,0.18015513445087944
7,529,0.18015488103857283
165,115,0.18011730295365616
12,691,0.1799822963170206
12,347,0.1796865948642429
7,150,0.17967741448133262
7,553,0.17964009582544482
7,517,0.17962779608077856
165,74,0.17959462449835759
523,56,0.17958620774258396
165,420,0.17936679088224403
270,552,0.1793651312498503
165,48,0.17926695896374267
165,562,0.17926108529556642
165,122,0.17922036310284448
165,505,0.17920612583044696
12,110,0.1792005237333745
47,144,0.17913008858159749
7,287,0.17909152297323447
523,31,0.1790628143945421
165,517,0.17903823655325188
165,431,0.17895949602233652
165,318,0.17892585399725175
7,595,0.1788970870320849
415,26,0.17887996465906744
47,482,0.1788669165949295
523,35,0.1787874734702068
47,411,0.1787760696923806
165,625,0.17876835916028433
7,100,0.1787535935854665
165,529,0.17869067957988735
7,82,0.1786010068942104
165,451,0.17854961471291364
523,493,0.17850404678332776
165,549,0.17849820555702056
165,42,0.1784823161425197
523,125,0.1784772845991775
121,75,0.17847691405457933
47,475,0.17843355764213373
415,691,0.1784321413869237
7,478,0.17842318844551713
523,231,0.17840073137353823
165,444,0.17830829394010414
165,268,0.17827876650321794
415,167,0.17815585701087416
431,238,0.1781373221964767
7,447,0.17810548421795055
7,515,0.17807197153778995
12,626,0.1780499736253942
165,17,0.17801518055003357
7,667,0.17801182240954508
7,366,0.1779897508184566
47,266,0.1779396513016929
189,633,0.17779981717390708
7,579,0.1777291609927575
165,303,0.17766621916876243
523,57,0.177634970870151
420,209,0.17751912075749196
47,244,0.17750590505257893
415,507,0.1774011136840617
12,28,0.17735121376043572
7,250,0.17732522550955052
7,598,0.1772942537750127
499,607,0.17728291000748775
165,556,0.1772629088711642
165,200,0.17725804965570358
165,266,0.1772511369860284
165,634,0.1772215636209008
415,187,0.1772048116697452
47,317,0.17718977321886292
499,191,0.1771543903693783
7,628,0.1771361100974085
499,285,0.17707526244020502
499,461,0.17705536845753264
165,592,0.17704915195151233
165,55,0.17704043315495077
165,371,0.17702067176401248
270,608,0.17685756335626718
165,628,0.17673432029632186
165,136,0.1767257885533265
415,146,0.17672166431152456
415,591,0.17668573077218516
165,39,0.1766805590112429
7,83,0.17662069330894306
7,438,0.17646233434910133
523,545,0.17644451795291555
499,192,0.17637503094159981
415,253,0.1763523544497058
415,223,0.1763328677195904
165,548,0.17625349101454335
7,182,0.1761604891379985
165,312,0.1761589037641712
165,106,0.17612710003071
165,450,0.17612686669288022
7,606,0.1759946457746114
165,642,0.1759944815681597
165,22,0.17598450834291188
47,570,0.17596030187330342
165,18,0.17592385685372358
165,8,0.17577403966627778
47,555,0.17576400995880093
7,129,0.17574239615478238
165,286,0.17574126225480313
7,463,0.1757300730605544
47,312,0.17568090758819227
415,285,0.17563996052619085
523,244,0.17563822186646905
121,15,0.17558652775957356
165,240,0.17555944939563378
165,377,0.1755078334296559
165,530,0.17550193141469828
165,45,0.1755002290047196
165,13,0.17547252419285703
415,461,0.17544969142209077
7,163,0.17541816469775742
499,116,0.1754058332916951
165,353,0.17540012199351893
499,626,0.17538499891482584
7,188,0.17537983209607025
523,26,0.17526029264635248
7,158,0.17525796998395649
165,212,0.17521919867830124
47,319,0.17519130850929757
47,501,0.17517310055398005
12,253,0.17510944800728134
7,164,0.17508343380311966
7,286,0.17507632276394913
165,297,0.17499187067504038
7,264,0.1748858787057735
47,509,0.17481245225372113
7,310,0.17475273362023838
12,305,0.17473930327369008
12,61,0.1747267313584137
431,543,0.17469969862964183
165,588,0.17458327385069955
165,95,0.17451404883369842
165,11,0.17450293980635
121,337,0.17449533831155503
47,619,0.17435344278538836
7,136,0.17430595373684207
7,186,0.1742572064251668
165,256,0.1742453648701803
165,376,0.17422302554665922
7,348,0.17420819840939858
523,686,0.1741829839904581
165,445,0.17416347079796587
165,275,0.1741021056748289
415,347,0.17404376086375678
523,253,0.17398556247753652
7,403,0.1739123726808247
47,125,0.17381555431595372
165,661,0.17381316107503036
7,678,0.17371880107761944
7,189,0.17365011027936111
165,383,0.17364964996498464
47,471,0.17360243060923738
47,154,0.1735797863075905
7,561,0.1735549866548125
165,472,0.1735372481844486
7,202,0.1735216515594882
7,208,0.17348722026667862
7,583,0.17346083372124974
7,12,0.17344224217102416
270,461,0.17343129892254042
499,633,0.17342645452625177
523,167,0.17337384832401698
165,139,0.1733020658345911
165,333,0.17328134907741524
523,543,0.1732317763834254
165,324,0.17323157774644243
165,296,0.17321939023852206
7,269,0.1731743202418109
7,267,0.1731526703804367
523,564,0.17314723655792325
165,222,0.17313466807384745
12,490,0.17308000253346598
499,304,0.17307069680109163
165,621,0.173059238099261
165,105,0.17294742903516103
165,384,0.17292645259006653
165,457,0.1728708382171038
165,563,0.17283987911630877
270,399,0.1728270659899936
415,479,0.17281385296353177
165,501,0.1727788908692287
165,402,0.17275591256509878
47,564,0.17274506592634484
523,379,0.17257170537575894
165,40,0.17255515532481808
165,283,0.17253821525640115
12,350,0.17252258861852746
165,241,0.172511269429848
47,320,0.17239462434951744
499,600,0.1723901440104768
523,609,0.17236597529006364
270,591,0.17234931784583155
165,469,0.1723467027780934
165,624,0.17229866128008547
165,439,0.1722070218192207
7,321,0.17218293436041962
7,84,0.17216590065370813
165,127,0.17215539299308438
415,426,0.17211472908232447
165,157,0.17211005584325953
165,224,0.1720783916145897
165,195,0.17206992121538212
12,1,0.17198244200601384
7,98,0.17197128176250598
523,557,0.17196677856514303
415,416,0.17194451015990017
165,512,0.17194028259757735
165,683,0.1719300801040935
523,503,0.171804564341396
7,240,0.1717145878233595
165,328,0.17169015336282828
7,328,0.17165997774976505
165,129,0.17161013421428845
382,167,0.17158595344272584
523,304,0.17157665625453752
165,453,0.171539976439406
7,381,0.1715350882462818
7,671,0.17147006719982122
415,608,0.17146701313968507
165,616,0.17142934864490963
165,50,0.17141111265992484
47,148,0.17137188730824088
165,511,0.1713486676383546
7,460,0.171315720187679
165,583,0.17128138546635455
165,79,0.1712196157612724
381,3,0.17112092237824938
12,633,0.17093680206917558
7,11,0.17090549486991222
7,260,0.17088385782387103
415,337,0.1708803521622177
165,687,0.17084786912789549
47,245,0.1708371919323142
165,158,0.17078543588098655
165,602,0.17078315700119392
7,500,0.17078239916272356
7,641,0.17077276219938128
165,341,0.170734405541777
165,27,0.17069857998100388
165,467,0.17068175828923896
7,370,0.17058255240511563
165,441,0.1705295371549134
165,174,0.1704479586697525
165,255,0.17044268271770932
165,291,0.17038937874275364
165,546,0.17035649202494965
165,33,0.17031889347286625
165,682,0.17024948758677408
523,161,0.1702259768873118
7,19,0.17020808811609556
7,165,0.17020307567326923
165,14,0.17018921272003715
7,428,0.1701674658616952
7,687,0.17016030040049865
165,244,0.1701482541844847
165,201,0.17011723279758015
165,202,0.17010770895229657
7,661,0.1700760262904092
165,343,0.16980432629799222
47,247,0.16962233997405374
189,493,0.1696005335676985
523,426,0.16959533248195996
165,178,0.1694494740551819
165,78,0.16944729650086152
7,60,0.16942312034685403
523,54,0.16933249173029333
12,454,0.1693210565136099
431,552,0.1692803024079434
165,516,0.16926543208286915
165,390,0.1692238072774621
165,168,0.16913112759815738
415,586,0.16912396197965834
499,126,0.169032993554805
165,227,0.16898589483455392
165,541,0.168953096052074
499,426,0.16890115327139946
165,81,0.16888808269796798
7,409,0.16887984344010415
165,631,0.16883261205314862
7,420,0.16880651468998917
499,454,0.16876997166335303
499,61,0.1687575886868332
165,519,0.16872302965593916
431,575,0.16856737513481876
165,262,0.16852647565969886
165,35,0.1685112192043217
165,183,0.16841285115621477
165,396,0.16838154738258437
165,184,0.16830849780929796
7,268,0.16823853888776555
47,423,0.16823036735059083
523,586,0.16820869634749344
165,595,0.16815961078393474
499,350,0.16807172219632302
12,504,0.1680621188159803
7,156,0.16804771866785
7,448,0.16804104994606248
7,425,0.16803999284290838
7,20,0.1679619859222607
523,347,0.1679596731944746
523,512,0.16795631535756994
165,610,0.16794433449104373
165,339,0.1679315180711775
7,634,0.1679081098246304
7,209,0.16787777887118047
165,603,0.16773378489914031
415,639,0.16773313887283087
165,248,0.1677030131336867
165,527,0.16769230286360207
7,270,0.16763768154888373
12,187,0.16762995829449553
7,132,0.16762084934651073
165,24,0.1676099897927209
7,59,0.16759776791427025
165,138,0.16758231816453253
7,477,0.16756096406221618
165,462,0.16752824660512164
523,461,0.16749761542188968
165,363,0.16739608840968984
47,526,0.1672740502269487
165,455,0.16715855218366377
7,248,0.16715671058248252
7,171,0.16701022584325928
165,329,0.16680262796976195
382,154,0.1667940963448392
7,180,0.16677901361786768
165,96,0.16670878463261712
7,673,0.166580275801623
47,185,0.1665138512454913
523,504,0.16644523532691224
165,226,0.16643614512080598
165,632,0.1664243420218799
165,403,0.16641622672149475
7,105,0.16636025070811228
189,443,0.1663378280231949
165,143,0.1662975523556574
415,1,0.1662819994616681
165,92,0.16623737277465758
499,302,0.1661406088713754
7,393,0.16613836185204572
165,476,0.16612663403117336
165,647,0.1661230624840319
165,623,0.16612039811851897
7,54,0.16602611980652499
7,95,0.16600825565058838
7,232,0.1659821179942974
165,301,0.16596611035238912
7,480,0.16594962247885614
165,112,0.1659323961428116
7,35,0.16589902109520324
165,69,0.16587468873274444
7,345,0.16584062328386673
382,359,0.16584011670531446
7,387,0.16567645017238194
499,443,0.1656460530410719
7,464,0.16560589688081592
7,354,0.1655586083343406
7,170,0.1655541134002705
7,179,0.16549615647461602
165,102,0.16549077746362661
165,362,0.1654353161183065
7,113,0.16538730206212265
7,41,0.16534927903083388
7,601,0.16529051153090196
12,416,0.16527694824800027
7,140,0.1652632569487234
165,265,0.1652128385750148
7,410,0.16519380748507567
165,287,0.16518428812732616
7,664,0.1651436796044672
7,256,0.16502974015800856
165,64,0.1650008545835293
523,116,0.1649588639493629
7,228,0.1649037843341364
165,653,0.1648535494783994
7,121,0.16479068095094979
165,688,0.16475200498985113
499,26,0.1647075990890631
7,313,0.16468862262112344
165,23,0.16466038273309505
165,579,0.16440739118488276
7,384,0.16440147708403813
47,355,0.16439178545801872
7,151,0.1643542577674471
7,317,0.1643527225777936
7,571,0.1643324642481353
7,215,0.16430879717201755
7,106,0.16427152535818046
7,92,0.16422871500732977
523,607,0.1641960084638881
165,221,0.16417491074062973
165,597,0.1641400814236317
7,203,0.16411332103765514
7,258,0.16399386981166003
7,148,0.1639697014784861
7,400,0.16396226750411697
165,514,0.1639477139899629
165,572,0.1638246058981908
165,101,0.16381505752708292
7,37,0.1638008740361015
12,586,0.1637966901861499
165,103,0.16375778464314478
165,218,0.1637306858202828
165,25,0.16355837131793075
165,215,0.16341632754881089
165,317,0.16336157018251882
165,228,0.16331297880203027
7,353,0.16328583411735578
7,160,0.16323209712068068
165,213,0.1632037161349464
7,211,0.1631166061649322
165,210,0.16305248744480155
499,512,0.16297678990274472
7,276,0.16289268220924602
7,145,0.16286594502854188
165,388,0.16279305645070605
7,196,0.16278666195884178
7,184,0.16276305387295242
165,354,0.16273588857762594
47,503,0.16270862929905194
7,73,0.16269831602597792
499,406,0.16260116830895607
7,532,0.1625833677801135
7,466,0.16257611213513892
7,455,0.16248253461671813
7,326,0.1623475881541126
7,469,0.16225155589446538
7,659,0.16223328886839705
165,504,0.1622170560209385
7,669,0.16218178922808751
7,103,0.16218027108425392
523,490,0.16215655043779909
165,166,0.16213879261906486
7,143,0.16213731873597512
7,34,0.16212752827977842
7,487,0.16209106066917467
523,691,0.16208864760843728
382,338,0.16199723208643474
7,402,0.16194545239445332
7,442,0.16183969741650298
165,487,0.161754887357756
165,609,0.16167101275332468
165,515,0.16155302942755387
165,185,0.1615179582222705
165,395,0.16151732522414022
7,176,0.16151594323447763
7,558,0.16150099550960445
7,224,0.16145715469257327
7,369,0.16144393148926914
7,71,0.16142681239353127
7,530,0.16136824619704954
7,412,0.16135925478893967
165,673,0.16131833243089222
7,110,0.16118035042046025
7,226,0.16114097421149454
7,349,0.16113664733541044
7,297,0.16113379283627988
7,638,0.16107946192267852
7,239,0.16107185908957197
165,59,0.16102269082983445
7,218,0.16099894188778013
7,629,0.1609959755021572
165,471,0.16072910752973596
165,679,0.1607289140821396
165,0,0.1607287737549786
7,316,0.1605330067498834
523,305,0.16039278840492666
7,496,0.16038659754857212
165,217,0.16036730210469954
165,681,0.16025703831480037
165,410,0.16015105399115423
7,201,0.16009729142548476
7,685,0.160085398163689
523,230,0.16004099862600332
165,488,0.15974804211718668
382,307,0.15966302332623228
165,614,0.15961753233270148
431,504,0.15960551363283862
7,104,0.15949893533081785
7,173,0.1593992025968705
7,72,0.15936522606218903
165,358,0.15934265370166906
165,43,0.1591933637732938
7,29,0.1591757393473196
165,497,0.15916093960221567
165,643,0.15909859393219872
165,645,0.1590974334684722
165,452,0.15900361026954735
7,484,0.1589535597760209
523,575,0.1588724199965948
7,277,0.15881208904278013
165,667,0.1588040389095346
7,392,0.15879832201831592
7,178,0.1586587597366969
165,438,0.15864765173490103
7,584,0.15855116659040455
7,128,0.15854694685819853
165,237,0.15853414356491866
7,153,0.15848618631498732
7,510,0.15843194160845245
523,501,0.1584298048621611
165,63,0.15841125810657058
499,503,0.15840236831104895
47,141,0.15838178104462047
7,511,0.15835973310315776
7,597,0.1582408222835299
165,567,0.1582350954355129
165,426,0.15815589343871425
7,157,0.15814192784534128
499,591,0.15802938673778305
7,242,0.15802604546922105
165,640,0.1579944592805697
165,225,0.15797503688004177
415,633,0.15796113658658237
7,48,0.1579410128815387
7,112,0.15788177031151573
7,327,0.15783609360181028
165,327,0.1576047977197227
7,259,0.15759135442191238
415,443,0.1574922617350786
523,192,0.1574840158943273
7,618,0.1574558013223283
165,361,0.15741759807777003
165,359,0.15739049052939585
7,413,0.15738812381621772
7,246,0.15731681146813317
12,307,0.15731524416892528
7,569,0.15715638149577907
7,64,0.15715574577650088
7,674,0.15714511096874348
7,563,0.15713842183224383
7,355,0.1571373909652398
499,479,0.15701374156039058
165,160,0.15699205135655045
165,664,0.15696366410758816
165,146,0.156959173718407
7,227,0.15695853945367463
7,499,0.15684731125401757
12,443,0.15682012520963123
165,47,0.1566745139584011
165,193,0.15660082926688268
7,32,0.15659702266237013
7,430,0.15640279105996582
7,5,0.15638783158193215
165,510,0.15634754048157526
7,383,0.15633993116404515
270,443,0.15633163668849198
7,9,0.15630995654100904
7,68,0.15612282977722305
165,298,0.15611379377641751
165,188,0.15601452535443555
7,351,0.15590613115414825
7,331,0.15585125081318074
7,301,0.15584126035055193
7,506,0.1557890852713672
165,66,0.1557887546411651
7,576,0.15577703323584993
7,572,0.15572745010071626
7,290,0.15569659172689393
7,473,0.1556218007733694
7,296,0.15561147065853623
165,322,0.1554345880266474
165,478,0.15539364009291665
165,375,0.15527695430434454
7,540,0.15527673065136563
165,163,0.15522408798965545
165,605,0.1552100290180858
7,390,0.155205361919256
165,3,0.15519282779888216
7,541,0.1550925069422779
47,557,0.15508267254842995
7,18,0.15502477640153806
7,494,0.15500122881669698
7,581,0.15499797762944792
7,22,0.15499297120572977
7,323,0.15491812805042804
165,219,0.15474121192984472
47,131,0.15472913194290477
165,150,0.15471067157672194
7,237,0.1547012559115696
165,62,0.15468546314115159
7,55,0.15462540729062116
12,75,0.15462209040748862
7,636,0.15459630039292332
165,536,0.15458292341955054
165,574,0.15454706935076334
165,629,0.15441575854999376
415,307,0.15431510612918956
165,293,0.15431229960465956
165,380,0.15419951798669146
165,459,0.15419377607949047
7,599,0.15418393570964112
415,675,0.15409895678199298
7,281,0.154032441368931
165,463,0.1540111964979137
165,239,0.15398146563804366
165,82,0.1539779766169969
7,283,0.1539230838381178
165,36,0.15388965754214007
7,362,0.15378680610040102
7,78,0.15374381022703507
7,405,0.15373810113809974
7,371,0.15371142858626674
7,457,0.15370963067149027
165,274,0.15370495609731627
7,125,0.15364543543243864
7,519,0.15361926502565013
165,496,0.15353357833087086
7,385,0.15353096930020155
165,84,0.15351244953326174
165,113,0.15349313634531983
7,568,0.1534111570461949
165,349,0.1534032997219817
7,155,0.15329543896864106
7,282,0.15323990368997747
7,86,0.1532219424557347
7,67,0.15308206763608984
7,570,0.1530712390038678
165,553,0.15294416847015674
7,51,0.15289663541035267
165,442,0.15288806589121862
7,608,0.15275632716405582
165,669,0.15274470882477847
7,204,0.15273737342309135
7,544,0.15270263007232057
7,329,0.15269774186106486
165,566,0.15269170901351817
7,498,0.15265346374282307
7,607,0.1526117995959143
7,299,0.15260928822112332
7,546,0.15247180183882234
7,358,0.15237671190525245
7,668,0.15230964445598907
165,236,0.15230629471117452
12,26,0.15227973677475068
7,50,0.15222087502420237
499,608,0.15221750676029583
7,513,0.1521903777897733
7,683,0.15213095139929964
165,379,0.1519698532004383
7,672,0.15195505809023158
523,61,0.1519357518255003
7,632,0.15186487115135652
7,332,0.15185744572782123
7,119,0.1518301010604082
165,606,0.15169779733713037
47,56,0.15167090292830018
7,341,0.15162241805038268
47,575,0.1515833535161487
165,405,0.15158226184322493
499,70,0.15146685877944172
165,520,0.1513807608624134
165,114,0.15130070027063552
7,53,0.15123887970318461
7,257,0.15122643051075738
165,418,0.15121798149043023
165,535,0.1512162363838168
165,576,0.15111239568285276
7,424,0.15095889478639954
7,451,0.15093969442282068
7,149,0.15089279259124894
165,119,0.1508906391544059
7,582,0.15086607760867776
7,630,0.1508636721955986
7,691,0.1507279056724539
165,346,0.15069726626332652
7,565,0.15031098164897097
165,543,0.15023908724327112
165,526,0.1502085330231653
165,337,0.15011404501348763
7,101,0.15006895392319491
7,107,0.14985508947387358
7,631,0.1498362804741673
165,190,0.14972398448724114
165,635,0.14971825165320077
165,308,0.1496570777977179
7,364,0.14952499136587236
7,124,0.1494866127507484
7,577,0.14941669802123142
165,87,0.14926338899820468
12,479,0.14925586725003487
7,190,0.1491966304135329
499,378,0.14913200067469598
7,426,0.14911961472293842
523,454,0.14907544477384244
165,676,0.1490574746984886
7,421,0.14903018729964115
165,235,0.14898895347965824
415,359,0.148858971267309
523,154,0.14879187476287928
7,49,0.14875322904451732
7,212,0.14873732419421393
7,2,0.14862667345668015
7,23,0.14832201940980091
165,229,0.1482908204466615
165,211,0.1482313704099456
7,482,0.14823052241809895
499,167,0.14822272625691055
165,648,0.1481502856105363
165,521,0.14812595529178962
7,169,0.14808749591007367
165,152,0.14807549766107858
7,651,0.14800860201696048
7,234,0.14788419940353337
7,166,0.14786098708317125
7,111,0.14760934752934385
7,396,0.14760043650526808
7,77,0.14757579152974415
7,197,0.1475266830644888
7,288,0.1474341995830519
7,545,0.14739607267096402
7,453,0.14736796202388902
7,465,0.1473666935819982
7,181,0.14735142093229606
165,260,0.14716226295600068
165,187,0.14705784211907222
165,430,0.14705062083511927
270,338,0.14701591287791513
165,54,0.14683972441642695
7,408,0.14658862084372287
415,70,0.1465494736573613
7,97,0.14649508884737675
7,432,0.1464760512574032
7,120,0.14647466786585922
499,675,0.14646143561391928
7,335,0.14644792384799757
7,624,0.14642844720569753
165,161,0.1463776759882913
12,154,0.14629254066599104
7,574,0.14618811432487752
7,261,0.1459934226831856
7,646,0.1457845610193415
7,365,0.14575278651922496
7,386,0.14574057346457508
165,525,0.14553977898851728
165,279,0.14539309290734875
7,491,0.14538749683577684
165,88,0.1452972385201158
165,304,0.14527825725735355
7,318,0.14516947940683042
165,502,0.1451213808818012
7,42,0.14506658081869275
499,359,0.14505263825462683
7,527,0.14498196785876002
165,177,0.14496397629448604
7,483,0.14495303547779734
7,514,0.14488796569726292
7,174,0.14486401246497424
165,492,0.14484964356428115
7,14,0.14478405824056179
165,558,0.14476852671417706
165,31,0.14475027628751955
499,75,0.14464147743151898
7,278,0.14449833019967664
165,180,0.14446737089139075
165,372,0.14440051858719888
7,200,0.14438767228897703
7,548,0.14438347113422925
165,156,0.1443791706754773
7,33,0.1443280527486246
7,398,0.14410568053393966
7,185,0.14409828020416265
7,559,0.14408282254742555
7,207,0.14406324848096916
7,417,0.14405720698256366
7,613,0.14403877278322053
7,245,0.14401188250995178
165,524,0.1439960569401421
7,518,0.14397772282654403
165,342,0.14396775601233025
7,147,0.1439658502981863
7,199,0.14385135862167142
165,28,0.14384655251686204
7,554,0.14381877323914702
523,608,0.14371891151864058
165,348,0.14364705493989308
7,356,0.14344972085553
7,314,0.14321896877482773
165,368,0.14317768670796893
7,236,0.14306928248537
7,330,0.1428820918310464
7,275,0.14272339224239639
7,645,0.14269749335718973
165,220,0.14267201380033318
165,108,0.14266405886151207
7,85,0.1425884253008226
7,522,0.14256956191450693
165,142,0.14242796955572598
7,621,0.14238835856341173
7,255,0.14234105825241758
7,423,0.1422616077789593
7,602,0.14218236845485896
7,642,0.14213374490860614
7,27,0.14210024051019554
165,350,0.14209439470307655
165,486,0.14194533101456114
165,234,0.14191424769129563
7,289,0.14189561648429364
7,620,0.14182367786107578
7,373,0.14172970141909702
7,45,0.14169921580470396
7,43,0.1416367382429932
7,404,0.14161896307702376
7,567,0.1415591847989092
165,656,0.1414075294874162
7,528,0.14136184611142752
165,659,0.14123733417692674
7,16,0.14123484900519254
7,31,0.14122025199084748
7,627,0.14118617460092114
165,503,0.1411586114605946
7,472,0.14077150967164007
7,102,0.1404749728263965
7,467,0.1404626962835914
7,263,0.14031519426557312
7,360,0.14021353507107567
165,360,0.14003933761853418
7,114,0.13987491649255207
7,488,0.1398121505548313
7,273,0.13981067996158983
7,593,0.139722039741935
7,193,0.1395861933254567
7,429,0.13953552467876496
523,633,0.13936312049864613
165,565,0.1393271801306361
7,446,0.13915693649093264
7,315,0.13910907511514747
7,647,0.13885161313238548
7,235,0.13873222901202284
165,10,0.13868756552803083
7,612,0.13854668981309437
7,660,0.13848118111353735
165,507,0.13846807509507678
165,7,0.13820243577222635
165,93,0.13804356810753937
165,601,0.1379723984568445
165,589,0.13795241277553769
7,590,0.13787131101642205
7,542,0.13767749835858972
165,344,0.1373487047936464
7,658,0.13719414316550504
7,225,0.13719010872044
499,154,0.13716637506484472
7,665,0.1370953917012862
7,13,0.13701892819950154
165,264,0.13696375556471424
165,231,0.13677040650784827
7,454,0.13675355848883258
7,305,0.1367165231098926
7,266,0.13666645857497386
7,80,0.1366639343844246
165,490,0.13650626035855293
165,206,0.13627248896132155
7,458,0.13619011665620476
7,117,0.13618308520178812
165,271,0.1361258975637472
165,75,0.13611890581718614
165,352,0.13610871790410525
7,449,0.13609573598814703
165,345,0.1360824901788205
7,688,0.1360509178729319
165,223,0.1360319291669535
165,539,0.13597983476003328
7,690,0.13597149144890508
7,474,0.13593855853971876
165,365,0.13588826145144262
7,340,0.13575937307885277
7,585,0.13571169604357167
523,359,0.1355148825923943
165,573,0.13534869201817537
7,419,0.13519751220255063
7,90,0.13507722714055653
165,691,0.134877091523452
7,681,0.13482579632400749
7,547,0.13473848742649963
523,338,0.1346577405177539
165,154,0.13465449427440027
165,110,0.1345464107613728
7,291,0.1343889584474148
7,44,0.13424707143067346
7,657,0.13418162997642288
165,198,0.13416247073411333
7,214,0.13401090128138798
165,427,0.13398088676010186
7,411,0.13387345771607342
7,122,0.13384669394044418
7,578,0.1338452506550697
165,300,0.13374141192603273
499,307,0.13372464322049882
7,254,0.13364442614111152
7,686,0.1335575163889223
7,25,0.1335173675048533
7,251,0.13348034439557668
7,391,0.1333860005205277
165,294,0.1333405783319599
7,152,0.13327101386638882
165,434,0.1332460896760083
7,594,0.13307729255922593
7,213,0.13275753831171655
165,662,0.1327305705043744
7,505,0.1327214656738232
7,573,0.13269055704771518
7,495,0.1326325073918635
7,666,0.1320664929675437
7,689,0.13199742788935828
7,368,0.13181181527150082
165,406,0.13166793189734052
7,560,0.13155775273892267
165,552,0.13142292817486922
7,183,0.13136661960806478
165,347,0.13136202375674236
7,115,0.13135911289155106
7,311,0.13131472401095654
7,66,0.1313047987634449
7,194,0.1311046683802724
7,555,0.13096237028673977
7,6,0.13064152791908282
7,89,0.13046427755455922
165,392,0.1303807108718993
7,233,0.13025992175164158
165,109,0.1302117601694408
7,526,0.13017725123964888
165,305,0.13010482038341314
7,440,0.12992563237257884
7,388,0.12950366869953006
7,223,0.12945734743101517
165,394,0.12943478015732268
165,319,0.1293841254006016
7,414,0.12932555688380953
165,393,0.12930239853435724
7,309,0.12926684138594188
7,436,0.12925907518976515
7,312,0.12921354009730804
7,302,0.12908958596744516
165,600,0.1290857131044396
165,481,0.12899442675214695
7,509,0.12895516707973145
7,604,0.12875279535563158
165,468,0.12827036887289575
165,493,0.12821265479879734
7,531,0.12819925569858465
523,307,0.12801060650721718
7,376,0.12795881479635596
7,615,0.127946474149518
7,230,0.12789426706917723
7,38,0.12769543566449984
7,144,0.12754789087849183
7,437,0.1273522575939781
415,338,0.12723843780461785
7,91,0.1271706667651023
7,580,0.12662254273246495
165,460,0.12658085701521973
7,244,0.1262884233507846
7,175,0.1262009352992936
121,338,0.12610298544384288
7,485,0.12520872625676305
165,534,0.12520143509993947
7,611,0.12513005718977543
7,24,0.12511692744310152
7,649,0.12491083719168049
165,116,0.1248601537434951
165,586,0.12484712176269001
7,549,0.12459761845890703
165,675,0.12459248297503452
7,217,0.12407578322407266
165,440,0.12399041646187166
7,292,0.1239622177231144
165,126,0.12359915797073724
165,302,0.12356767140909056
7,407,0.12350022169191198
165,284,0.12275941880808058
7,238,0.12212985950893357
165,416,0.12190705309439334
7,619,0.12190501830396933
165,253,0.12146239899176513
165,401,0.12135241249527465
165,633,0.12133979720756093
7,306,0.12115349482953776
7,252,0.12107901516765279
165,668,0.11966418583593075
12,338,0.11950886450659343
7,303,0.11942602959736885
165,399,0.11926220828047147
165,191,0.11904554157172231
7,280,0.11898693433233057
7,379,0.11888623948095922
7,633,0.11823146180970415
7,586,0.11821545884228056
165,167,0.11805983545175742
7,637,0.11803496771942364
7,26,0.11767197117208805
165,461,0.11751651728473805
7,295,0.11748481826706815
7,551,0.11733749980398389
165,537,0.11697418031232565
165,1,0.11674366841679389
165,538,0.11644087467945094
165,454,0.11593013490854305
165,639,0.1159284805758424
165,378,0.11588378259857914
7,550,0.11576066275829892
7,131,0.11574300842854467
7,69,0.11522989986988445
7,471,0.11512293650042996
7,216,0.1142229324132101
7,367,0.11377336663669554
165,626,0.11367080294760709
165,162,0.11354592958608171
165,443,0.11334595957208222
165,489,0.11326821774521954
7,490,0.11323843494607028
7,247,0.11315828507368421
7,320,0.11282669313729106
7,475,0.11271502621351608
7,133,0.11240311328237106
165,70,0.11217948443246217
7,564,0.11215842718503496
165,608,0.11160825221565315
165,26,0.1116024792091511
7,552,0.11148975795587379
165,479,0.11146379728969964
7,533,0.11089293019525016
7,135,0.11039068659099738
7,141,0.11016224200999691
7,617,0.11011289241274601
7,21,0.10911203630374253
7,434,0.10895433516227576
165,591,0.10863050484890821
7,609,0.10859192494169814
7,389,0.10856383484249112
7,456,0.10794890823269819
7,57,0.10792359207791437
165,61,0.10694544284003679
165,285,0.10655915579044276
165,192,0.10639302388241978
499,338,0.10435168327035663
7,56,0.1042974463289778
7,46,0.10354393376178939
7,557,0.1033083044276358
7,680,0.10305322941063229
7,575,0.10203154927466593
165,307,0.10195453326355043
7,62,0.09989844878536248
7,504,0.0997342845536443
7,154,0.0977351960474313
7,543,0.09224128141106203
7,359,0.09174532928884908
7,503,0.09074374583594413
7,307,0.08465273020998706
165,338,0.08127003095426717
