565,307,1.0
565,26,0.9203608056654866
565,586,0.9007083383722423
565,167,0.8642807055908025
565,302,0.8601389288232067
565,338,0.8429283814531803
565,359,0.8275833920616172
565,154,0.7821302988431685
565,608,0.7645080128786593
565,24,0.7561406960210585
565,305,0.7292276336740705
565,70,0.7255984228772913
381,504,0.7178874985540677
565,392,0.6920080267190035
565,490,0.690251753471286
121,529,0.677634447658331
565,503,0.6647197387575811
565,180,0.6444266700095661
565,543,0.6318180048621014
565,426,0.6298517076809618
565,223,0.6296543280996199
565,504,0.6293358360790643
565,668,0.6267892978345685
565,468,0.6260079152780228
565,440,0.6182016170629461
565,633,0.6113833037746136
7,337,0.6080482193724314
565,567,0.6047851766737825
565,379,0.6032625156267163
121,575,0.5959788822445251
431,507,0.58515049451965
431,162,0.5763962128383304
431,61,0.5752559929697388
565,454,0.5726951890517007
381,426,0.571460484871481
431,416,0.5687248103918651
121,358,0.5629943652277016
121,365,0.5627020578737872
381,617,0.5526589447336505
121,446,0.5509885027385768
565,66,0.5495387795554861
381,552,0.5484775345658881
565,456,0.5452830428951521
7,479,0.5411147828874366
565,75,0.5402444907887095
381,359,0.5361698902471592
121,526,0.5351411620354881
565,607,0.5335054905138955
381,633,0.5170200462258813
431,304,0.5145042643357488
565,535,0.5142211514771241
565,576,0.508326583361918
381,307,0.5010222895616551
381,586,0.4985941976857388
381,66,0.4962545027137855
121,430,0.4894194868924239
431,675,0.4877589124296008
565,284,0.484830157341166
381,26,0.4838717547171721
565,617,0.48161224062032354
381,379,0.4813238541117009
121,154,0.4732757908122353
565,1,0.47259276057901317
7,162,0.4716664200763351
431,338,0.4716369182413402
12,170,0.47089301362013386
381,253,0.4707781432798674
47,338,0.4704782236646487
381,154,0.4601331940155287
121,309,0.45931905231992765
121,359,0.45884012909596705
565,183,0.45764217130777773
565,680,0.4553258276494685
565,253,0.45531127465896704
382,61,0.45417756399273457
565,110,0.45370516063416494
7,675,0.44973179416556364
12,365,0.44888607516421
7,406,0.44784354284591965
565,327,0.446915517686364
121,210,0.44547082651915254
565,575,0.4417495002470075
7,338,0.4415433500240778
565,31,0.4413727758234244
381,668,0.4369760203131347
270,543,0.4361653843256993
7,443,0.43058174142009153
565,552,0.43051848288568134
431,75,0.42979081803589253
565,626,0.4269254895306538
565,368,0.4262470238804713
565,193,0.4239104718404706
565,381,0.42364113392974434
121,570,0.4234343155569105
381,456,0.42293339614814707
431,31,0.4225076811274237
381,454,0.41935135118564854
381,177,0.4193459192849021
464,305,0.4186667697385909
565,489,0.418372131778569
565,177,0.41793518717214395
565,675,0.41711125343461475
12,96,0.4150836362206139
431,489,0.41496156363656755
381,61,0.41441606909956286
464,454,0.41242575450631735
47,110,0.412328195060617
381,216,0.41113653172987114
565,526,0.40902573496494926
565,393,0.4080880717744236
47,608,0.4047557635987553
431,626,0.40415702863062036
431,633,0.40415388382011397
381,490,0.403702590359147
464,338,0.40278886065244474
464,668,0.40255292803362897
431,126,0.40046961861893376
464,565,0.3990857107563803
565,93,0.39740054500843763
381,565,0.39625726667472505
381,659,0.3955483653769432
420,565,0.39482481191928864
420,668,0.39428780007767017
431,393,0.3932482341192902
431,114,0.3926836603030784
565,659,0.39114656303235135
381,680,0.39112407078716116
381,440,0.39002203447060513
7,626,0.3884329376081935
464,567,0.38815909426760337
121,543,0.3860143975888032
7,350,0.38533447253207204
431,300,0.3851763557997172
381,338,0.38472014437324165
121,170,0.3838594550736314
565,464,0.38155572710920854
565,63,0.3813305926750951
565,388,0.3801958185863492
565,216,0.3801169581397907
7,191,0.37851381429467934
565,162,0.37755674175838105
420,608,0.3762606237790496
565,492,0.37448636088083187
381,503,0.371878993009221
121,588,0.3708622289379075
565,604,0.3705911801815295
121,503,0.37022009153747165
565,126,0.36974652319218027
565,264,0.3697119554130245
381,691,0.3686716326078858
381,223,0.3684367587517938
565,431,0.3682570667659283
381,575,0.3674765636183971
381,305,0.36724940954630886
464,26,0.3672494060873246
381,468,0.3627285308919024
565,365,0.3619276818189085
420,154,0.3611598078368903
381,543,0.3611524000434987
565,112,0.3607372673113475
381,607,0.3603200774469547
420,586,0.3600957929214753
431,443,0.3585124616861157
381,319,0.3582988811723455
565,319,0.3579548732916448
565,481,0.3567377764579424
565,539,0.35619925825674786
565,18,0.35596942397090975
47,626,0.35584183346747283
464,608,0.3541144882083683
431,253,0.3539413664258304
565,520,0.3530207455261571
565,547,0.3524122109344133
381,423,0.351777027070339
7,61,0.351147111541862
420,167,0.3499960750490516
565,190,0.3492432550467474
420,307,0.3484677818040206
499,251,0.3480857284975776
464,253,0.34808438562717214
47,454,0.3471655563138791
565,348,0.34673498389396024
499,119,0.34642300805443565
565,430,0.34630303057978234
420,456,0.34552199054334265
565,502,0.3454676032798564
381,608,0.34501004673758007
381,365,0.34404360926623456
121,31,0.34339107949040215
565,420,0.342541120055472
121,92,0.34105994270528023
464,307,0.339643494818101
381,368,0.33913821840230496
565,10,0.33870956630263827
381,238,0.3382666489265062
121,302,0.3380062564649289
121,368,0.33786779014190277
381,486,0.33776751638846186
464,456,0.33731019745275914
565,647,0.33722564683256673
431,486,0.33577607868973214
7,253,0.33444472012261833
121,186,0.33321410561080134
121,316,0.3331059373051915
565,345,0.3320431394920159
381,615,0.3309242574811021
565,525,0.3299462897079429
381,302,0.3297808522069728
499,56,0.32929585324822974
431,305,0.328047843627775
121,649,0.32725464198110593
189,454,0.32678467526153476
565,271,0.3266875487387255
565,619,0.32662206142839845
431,614,0.3264357103617459
431,110,0.3255030484948393
12,346,0.324178524878418
464,63,0.32394772147385986
420,633,0.32383962677421685
47,567,0.3235431628142295
381,70,0.3233134834708692
499,381,0.322805717759033
47,26,0.3213236102978492
420,305,0.32101872297826783
431,454,0.3206863787176712
7,109,0.3205852391216007
47,307,0.32014422580381086
381,75,0.3190204362065499
431,350,0.318811535680669
420,26,0.31872356825696363
381,419,0.31849550781051394
121,408,0.3183724569134443
565,295,0.31834501903035095
47,305,0.31774853202964587
381,499,0.3171314214514807
381,193,0.31706935385967117
12,656,0.31682221650205356
7,656,0.31669275773255406
565,597,0.31627941439653795
47,668,0.3157042468316162
381,559,0.31507978655542146
464,460,0.3150656687956531
7,304,0.3146922085675614
121,680,0.31409101137733514
270,430,0.3140748747322335
565,342,0.3138616150462753
47,350,0.3136562452559506
121,676,0.3133503563707376
565,87,0.3132694256049844
565,648,0.312858297370503
121,260,0.31280944155112467
47,460,0.312408354934621
381,219,0.3118632559090944
189,154,0.31182999094311215
565,14,0.3117961513760871
464,93,0.3116235333668652
121,319,0.3112671349693008
7,352,0.3111092774598691
121,238,0.3105632562948373
382,96,0.31050368651680066
431,191,0.3102658873117836
420,460,0.31024367786401985
189,31,0.3097967685319743
121,355,0.30907459516606206
565,542,0.3083250725994361
189,167,0.3082965865970508
431,348,0.30793881184084515
464,191,0.30781209674301024
7,96,0.307277756364777
381,355,0.3072327179317301
121,167,0.30722259010365566
565,238,0.3068449767991646
121,689,0.3066447546063492
431,1,0.3061487460149219
381,130,0.3052247589320227
382,368,0.3041367727774951
565,349,0.3040178569928777
565,419,0.30391429925059343
464,177,0.3036300645502313
189,503,0.30333837043764184
270,307,0.30311966848850647
464,359,0.3025835292109573
189,70,0.302418658442164
381,183,0.3020070600417225
565,505,0.30139719836059753
381,141,0.30129818345086334
420,381,0.3010948301408776
565,521,0.30093870830723857
431,656,0.2997274387683884
565,102,0.2994659422932801
565,584,0.2987180382935096
270,588,0.2976369245809736
464,586,0.29725208330288005
420,359,0.29638567360940216
121,261,0.29626269578149256
382,111,0.2959508932383979
47,565,0.2957661642255813
7,431,0.29559254496840986
47,337,0.2954271437588211
12,198,0.2951056152042517
565,458,0.2947698432627811
565,235,0.2940112818337031
420,193,0.29356613161053313
47,304,0.2935356298595579
565,497,0.2930767814107756
381,567,0.2917994445710001
431,565,0.29176677455383343
464,392,0.291650929767539
420,338,0.2912459519787141
464,116,0.29103644056226124
121,604,0.2907793324902879
420,520,0.29067427223506487
565,61,0.29054099487421037
565,422,0.2905043554737406
189,460,0.29024210314110743
12,210,0.2900353460257428
565,80,0.2898937279349588
12,676,0.2898845199349654
270,26,0.28892790317174266
382,675,0.288909682184474
47,139,0.2878547357594948
565,15,0.2877459062984082
565,632,0.2873828600922897
464,420,0.28730558458603683
381,110,0.2870266271426259
431,327,0.2869710524660179
12,31,0.28680908548527595
121,578,0.28679867338081366
565,488,0.286785934090307
565,486,0.28630995045423285
420,365,0.28605216672519485
565,460,0.2858289186897013
420,392,0.28568951086894984
189,365,0.2852210293470716
381,1,0.28518400071474453
189,327,0.28510881697824414
464,284,0.2849710716076509
381,167,0.28490707627470996
431,88,0.284679298328015
381,686,0.28460359128587076
121,354,0.28373486931937963
565,304,0.28367211526025354
270,154,0.2831457690443353
565,96,0.2828429632341188
431,229,0.2813910055863477
565,561,0.28136650441846317
382,219,0.2813519996180348
464,534,0.280703392384368
464,633,0.2792525424299312
431,167,0.2791258556800002
565,583,0.2785751374787884
7,592,0.27856533393134236
7,10,0.27803282307632565
7,1,0.2780100946808559
565,239,0.2776190631692486
420,426,0.2774823948892851
47,253,0.27729028335082667
381,431,0.27721619655901614
431,218,0.2763000976877319
565,329,0.27621589295443366
381,345,0.27616209970118305
381,412,0.2752816953686323
7,36,0.27481895407805695
7,294,0.27460024843551184
121,274,0.2744451906899444
431,154,0.2741371042204326
270,567,0.2736538916016534
7,591,0.2730356713934389
12,526,0.27279453503791395
381,429,0.27232258241210905
565,467,0.27220158900457403
565,344,0.27212593092074255
47,443,0.2721003699763558
12,260,0.2720943245857017
431,337,0.27190966614663586
464,675,0.27177908494599357
565,219,0.27171271220887966
381,619,0.2712467814552095
420,96,0.2710524098350444
420,535,0.2709169815852514
420,504,0.2706708229952643
431,365,0.2706399950296925
189,302,0.2706097761699231
565,229,0.2705230597356893
189,338,0.2702655666848847
431,96,0.27019990027481877
565,423,0.2701571865915115
189,359,0.27002662965956403
121,341,0.26991135900108837
565,335,0.2696916793876097
381,73,0.2696730337727014
121,327,0.2694073836726623
565,116,0.269301701832289
12,309,0.26929251870674764
47,116,0.26916062927689394
381,24,0.2690664375244811
381,349,0.2690404045486988
7,70,0.26849033847501347
431,359,0.26813376220938834
565,529,0.26812561115268696
381,115,0.268058468036733
420,543,0.2678086677084202
381,420,0.267765037825584
381,11,0.2675186758435091
431,108,0.26726005425819704
381,93,0.2669784450304088
47,191,0.26694513284551086
270,368,0.2668048497523144
47,75,0.26645938244621925
381,392,0.26645443505820965
47,426,0.2664241898307932
7,167,0.2661201356815851
121,348,0.2652675386169335
382,114,0.265247383221612
382,656,0.2651896526278373
47,162,0.2651530306902762
565,119,0.26513044332279007
565,191,0.2650659468536974
464,576,0.26488737924125644
121,111,0.26438014155743
270,633,0.2643607207825891
565,25,0.26399844168756004
121,573,0.2636906683353884
12,174,0.2635960493493228
270,365,0.2634088244381965
464,1,0.2632953775947835
420,191,0.263254860728172
431,198,0.26310840365724336
431,352,0.26292681067090773
270,327,0.2625355468406399
189,626,0.2622896023360191
121,96,0.26203878020654225
431,392,0.2620381815338544
565,559,0.26143066728859005
420,135,0.26119969545995375
464,154,0.2611012882166707
565,322,0.2610920076958841
464,468,0.26101247761493573
431,70,0.26088922802549913
382,565,0.26062366816987864
431,426,0.2601931727227029
431,210,0.2600539208098274
381,626,0.2599927016128037
565,217,0.25979678938623774
12,294,0.25979442445008055
565,298,0.25974628632312935
7,187,0.25965263378222525
381,675,0.25964900507728267
121,95,0.2594719893457479
565,461,0.2592084113242769
523,468,0.2589538820072517
382,253,0.2586112224710472
121,223,0.25850793908205444
381,125,0.25828689334485666
464,110,0.25813291039165615
499,440,0.2577461362436946
565,47,0.25769497863011054
565,681,0.25723741488511065
121,307,0.25683956911757827
420,635,0.2566777682527481
431,439,0.25636104238599705
565,36,0.25613792411968644
464,543,0.2561209390896277
464,66,0.25525169538541437
431,394,0.25500739282848384
464,426,0.25482629842792737
381,226,0.2547311735842455
121,185,0.2546822177770422
189,473,0.25465903790477845
431,187,0.2537233943300174
565,614,0.2536909735230654
420,354,0.25352826032915793
464,47,0.25306901166375934
121,295,0.2530382840519299
189,179,0.25290194196181803
12,92,0.25285001603039514
431,381,0.2524588352109477
431,345,0.252342334270204
420,112,0.2522567018163575
431,302,0.2519903462767102
565,627,0.2519600442890247
381,263,0.25169573854495864
464,504,0.25122186078881004
565,509,0.25120730021834287
12,605,0.25106056774194824
381,404,0.2510458154538292
565,635,0.25090651127860036
47,219,0.25085537374701883
382,379,0.25081743050648436
382,294,0.2505719510486192
7,486,0.2503302748396808
189,426,0.25020021421580574
565,453,0.2501189808380669
47,502,0.2499277137567831
431,521,0.249787887828594
47,93,0.24971686016386768
431,539,0.24971351046954485
420,63,0.24942794452063127
7,521,0.24933138969056248
121,633,0.24926617087582317
565,615,0.24909890634113754
431,262,0.24880675229968838
381,91,0.2485513966867517
47,633,0.24840726273086827
382,115,0.24839601672143427
121,312,0.24805606285480533
464,302,0.2480496780400689
499,456,0.2478770987655469
565,506,0.24736761671781762
420,31,0.24723774237686197
464,219,0.24657449665898773
121,298,0.24616573427356733
523,142,0.24614333173731306
47,381,0.24594263353075074
189,26,0.24575218037462712
499,218,0.24574701194768903
270,170,0.2456950922137447
7,454,0.2452924953974172
499,412,0.24483235347156415
565,437,0.24424275876180795
431,691,0.24414746917318136
381,244,0.24404892420870875
270,125,0.24376005681848922
499,617,0.24368630188078416
381,114,0.2433882778834083
420,652,0.24301045269073326
431,535,0.2429910705311828
565,524,0.24288350690617297
47,352,0.24274861215843507
381,180,0.24268768957913267
7,635,0.24254245190568102
270,114,0.24250700148672005
565,621,0.2424324686648345
431,339,0.24233804324618893
431,479,0.24222591177996014
121,379,0.24209327877821882
464,75,0.24205794322328314
189,392,0.24139588547814203
415,148,0.24087917363094313
382,431,0.24070955492359078
565,570,0.2406759648754515
420,75,0.2404208790815609
47,662,0.2403674870094157
189,570,0.24028230461177172
420,454,0.24028216551868162
565,143,0.24027085711079837
270,575,0.24025954276381403
381,458,0.24017526786317211
499,66,0.24001463154121472
565,600,0.23998967541558777
431,219,0.2396621426467798
420,36,0.23964278039287873
189,565,0.23940328009198297
382,109,0.23917015987397047
47,520,0.23892283074429344
420,567,0.2389189541374217
381,173,0.23879157468062687
464,119,0.23868579165620754
415,277,0.23858853221949647
381,604,0.2385522146438072
189,526,0.23850547163991448
431,635,0.23847292157658656
7,461,0.23836708868529805
382,75,0.23834207467950072
382,393,0.23827967021615784
382,426,0.23826602672616604
47,392,0.23821538521179975
464,345,0.2381243182733649
121,282,0.23772595810116515
47,535,0.23762094141349133
47,359,0.2376094505625642
189,307,0.2375223117687179
499,552,0.23745172059382993
415,570,0.23742472931374664
431,452,0.23732360934317315
523,565,0.2372199874809142
7,605,0.23712648722168833
189,490,0.237027880278418
565,142,0.23671393544866226
420,686,0.2366859374081121
565,463,0.23653427966441093
431,608,0.23653116329130652
189,505,0.23650751359143266
420,468,0.23648902159244226
121,504,0.23622836817672085
121,606,0.23621326701670498
420,302,0.2361615866606112
381,388,0.2361048387776646
381,135,0.23610374622411698
121,125,0.2360357489497415
382,423,0.23590519719459868
565,256,0.2357740150154511
12,295,0.23573255583815583
464,516,0.23568067230391251
431,661,0.23566308464261174
382,504,0.2356542311071322
121,346,0.23531933087867338
381,502,0.2352376783800597
381,684,0.23514180969820322
464,662,0.235094805590112
381,312,0.23507340642517646
382,24,0.2350338987814479
464,486,0.23483370266030565
381,148,0.234773362268979
381,111,0.23477265822084023
565,355,0.23466953008571348
565,130,0.23462444608201535
381,284,0.234598951340489
47,534,0.23404514224892828
47,63,0.23385919789712528
270,298,0.2337596520238335
420,575,0.23363684631273543
270,456,0.2336098447404339
7,198,0.2335527559814547
7,534,0.23351819927342363
189,309,0.23350165047642168
381,48,0.2333936535027653
464,626,0.23335370496055247
47,529,0.2333091712775711
121,429,0.23319692654548788
270,212,0.2331489430168332
381,411,0.23297749774925275
7,535,0.23295426849772669
420,70,0.23285873084865047
565,312,0.23213130303319268
47,586,0.23211491777738968
431,26,0.23196856083997705
7,305,0.23194244962956745
382,521,0.23182578046649055
381,241,0.23173001474819618
464,223,0.23169238237056966
12,221,0.2314512939192732
12,592,0.23138433037362957
565,412,0.23120365915639454
382,633,0.2309654357544466
121,273,0.23075659351098388
382,18,0.23055353618114363
381,377,0.2304662004041403
189,368,0.23030448800752454
189,504,0.2301624363529356
431,520,0.2301066715639797
565,416,0.2301034130302685
565,33,0.2300415051352816
381,529,0.2297399611481299
565,551,0.22971659003825617
565,473,0.22964506177925773
431,342,0.22946870148499865
381,557,0.2294363031309145
7,416,0.22927471198026608
565,185,0.2292395066243727
499,170,0.22895473862119634
189,186,0.22891244954779424
382,468,0.22880097421878917
47,24,0.22877225875626447
431,294,0.22873959257092163
381,57,0.22867817311975985
420,355,0.22863422815758624
565,139,0.2285639474480918
382,144,0.22847609097465474
431,567,0.22841906822087804
565,606,0.22823635823709323
47,7,0.22822468321506723
7,75,0.22797850441901438
420,444,0.22792473265330276
420,576,0.22787610745959402
415,419,0.22774795894423583
121,605,0.2276957035136717
121,456,0.22767715413778236
565,111,0.22737068136604585
121,625,0.22676284681651757
47,126,0.22672228744867398
565,443,0.2265851718613796
189,341,0.22657654782642248
121,91,0.22652247328932573
420,467,0.22651129869073242
381,488,0.2263996772417083
12,359,0.22605560372314876
464,61,0.22603075669639267
381,623,0.22600075213125556
381,304,0.22578821447630948
431,109,0.2257780205458832
381,367,0.2256437738863591
565,285,0.22557804617654686
431,410,0.22545201312886748
47,472,0.2251518173174356
121,40,0.22514914202523534
420,503,0.22506126714142038
565,73,0.22503918626730302
381,139,0.22485795710522802
431,160,0.22477474788338003
381,341,0.22474523117816203
523,170,0.22465826473825368
381,143,0.2246081902832872
420,464,0.22444095714260404
7,520,0.22438637723197666
381,520,0.22422108060989154
415,365,0.22402279590204138
270,180,0.2238842363095273
189,656,0.22359819890709257
431,529,0.22347723053777743
381,109,0.22319449059157045
565,664,0.22279298245387602
47,468,0.2226224735927584
415,423,0.22254061621135257
189,543,0.22251385789313952
121,489,0.22231320811490698
381,584,0.2219644463122577
464,617,0.22192866412129975
565,629,0.22174315959679036
464,539,0.22155018537200824
381,320,0.22129080039319224
565,337,0.2209213551327759
381,437,0.22085432157556642
121,140,0.2206421763362201
165,680,0.2204681873169419
270,341,0.22040568472635833
565,401,0.220308144355618
189,274,0.22021559837864554
12,274,0.21995020586978944
565,669,0.2199069725918681
121,619,0.2198784103547116
565,652,0.2198649198777278
12,354,0.21969351507976462
382,691,0.2195402331145582
47,486,0.21949793457371375
12,689,0.2190461191710134
165,686,0.21875789147745925
7,452,0.2186193596309454
189,372,0.21858668083388305
565,40,0.21824223296863443
47,461,0.21813058438873814
464,481,0.21809780490163544
431,223,0.21799843351081208
565,147,0.21794557098713524
270,110,0.21788893690476233
47,154,0.21782606976364094
270,239,0.2177529576983418
420,691,0.21769387730275294
381,460,0.21768678090736024
381,170,0.21765544330808748
420,170,0.2172250487018461
565,105,0.21721214915656534
381,210,0.21719479423085253
499,621,0.2170824617221859
121,221,0.21701988338550277
189,468,0.2170180676017994
381,430,0.2169673328133541
47,406,0.21682690500651544
464,552,0.21666572549685623
431,440,0.21663739656633377
270,91,0.21660462784173048
420,430,0.21659910227381407
464,497,0.2162753514103115
270,647,0.21624067523529122
121,376,0.2161453437751186
565,372,0.2160509758760349
382,66,0.21603816823132735
7,126,0.2159019936476186
523,365,0.21583087109431506
431,586,0.2157514091280162
420,680,0.2156903116747661
270,273,0.21561130199824263
12,162,0.21557592923279306
7,94,0.21553981662892557
420,583,0.21553662238468044
381,181,0.21547951447758573
47,177,0.21533411486735518
420,110,0.21532564040989965
565,108,0.21511888737174573
420,177,0.21479138055630725
431,307,0.21476568763689974
382,626,0.21458301835823929
47,539,0.21458065084889974
381,254,0.21457420028120336
270,490,0.21444187535461315
381,36,0.2140544556706537
431,538,0.21372291136357413
165,169,0.21371567820460025
431,188,0.21366634874479523
12,355,0.21356781607510286
381,162,0.21338349952193358
47,1,0.21326447058735748
381,526,0.21317510273822793
565,7,0.2131533211547525
565,403,0.21314429781783717
7,210,0.2130005044316372
420,499,0.21296905607483588
121,684,0.21288307271023943
565,262,0.2128575975880847
270,454,0.21279333017695365
565,510,0.21275587309903346
381,621,0.21264148321186302
431,648,0.21240096156779129
381,422,0.2122979677999991
382,206,0.21220209054974798
464,440,0.21219028478918492
565,189,0.2119808092651009
7,284,0.21195010059300398
420,440,0.21185256812618217
420,615,0.21162342276681909
47,464,0.21160829234421383
121,114,0.21154600582003294
565,479,0.2114998089931709
431,142,0.211387841961651
381,191,0.21130421959303683
381,107,0.21111993694939848
420,486,0.21107879034593677
189,446,0.21090186068216976
47,647,0.21085536298518934
499,391,0.21084291442830602
121,109,0.21083236262203764
381,214,0.2107402511951281
431,7,0.21070071016956196
565,166,0.21066972070913254
121,686,0.21052728744712862
523,319,0.21050752946260373
381,547,0.2104564637277042
565,623,0.21041921266415706
420,379,0.210403548761689
565,557,0.21023494735437517
523,350,0.21012476309101813
431,408,0.21007590350701702
420,223,0.20996493466727686
565,341,0.20996246514525188
420,139,0.2096137281988954
420,437,0.20959505566221778
7,468,0.2095214452100757
431,76,0.20947236075772985
381,393,0.20928491799961915
565,8,0.20916810690102522
121,437,0.20913154973113401
270,684,0.20895179973609762
47,10,0.20883743816913589
431,24,0.20882890148147834
382,489,0.20846987979263043
565,170,0.20844674173819994
523,521,0.20823234464873727
565,553,0.20813084566238474
431,662,0.20806477510583943
431,406,0.2080036209372056
189,355,0.20784213994143746
381,337,0.20782784690388018
565,499,0.20778033491654413
12,446,0.20762844651583948
189,223,0.20756431572793932
464,15,0.20756084551518653
565,174,0.2074510491785784
415,543,0.20742133538535565
565,411,0.20741944013593644
47,656,0.20720747682224763
381,119,0.207021419009501
121,467,0.20674347735194473
565,446,0.2066396383259917
7,333,0.2064060238396078
431,460,0.20639927269714214
270,680,0.20638453127717662
381,472,0.20634284015454873
565,421,0.20604301902845043
565,472,0.20596925954318648
382,486,0.2057209701426529
523,162,0.2055118333785035
464,443,0.20543226772731696
381,548,0.2053327315265318
464,162,0.20530114158227783
565,212,0.20518709887818481
565,441,0.2051638378357015
565,300,0.20512992834500401
121,279,0.2050829719679571
382,94,0.20445407844290567
121,521,0.20423531602287295
464,381,0.20419049132413042
382,140,0.20418212342168932
189,529,0.20411099783374653
270,604,0.2040870611793753
464,422,0.20408500027252519
499,567,0.20393479218689087
565,0,0.20387219815551563
382,244,0.20385735707802563
381,179,0.20383522205567436
464,167,0.20368353669135722
431,254,0.20364618540029553
382,529,0.2033671778691794
121,244,0.2033415368539375
565,198,0.20327569576868637
420,179,0.20305780418720046
121,490,0.20297362197311744
464,461,0.20295943957578633
464,691,0.20292393275039491
121,174,0.20291111484970414
431,139,0.2028017237313343
420,24,0.2027737114142668
565,244,0.20267968332341446
270,61,0.20260635721741113
464,337,0.20241316908940948
415,686,0.20235392334674832
165,170,0.20226965240898964
7,524,0.20224165659382462
381,96,0.202100482914755
270,570,0.2018652971421688
431,190,0.2018215811784592
523,543,0.20168563577968285
189,430,0.20165627617621096
431,524,0.20160618149191845
431,372,0.201460387880805
565,691,0.20140294538678477
420,676,0.20138755693326532
381,618,0.20135777842198507
565,354,0.2013442806199649
565,115,0.20122935341988726
420,18,0.20106685527218246
12,94,0.20104057130257721
381,576,0.20103695894405002
382,70,0.20102666953784945
431,335,0.2009945197713587
523,255,0.20083600434560284
420,425,0.20081332703158686
121,552,0.20065709430108747
431,170,0.20058360631447653
189,547,0.2005433471300846
464,391,0.20049965557343807
7,177,0.20049771911074774
382,617,0.20040976149625198
189,295,0.20039233123655362
121,419,0.2003415566197714
464,379,0.20026026381093529
47,61,0.20003040241049813
382,350,0.19998469694940524
420,66,0.1999610276314559
565,367,0.19995550612023955
270,503,0.19985446612960042
499,509,0.19965761209983565
464,669,0.19962716738015804
523,191,0.19960733087918647
464,7,0.1996052426232496
431,676,0.1995382987858458
464,139,0.19936701790373784
420,1,0.1992203874248907
47,167,0.1992166451282343
381,358,0.1991355556457081
464,140,0.1990704599496975
189,349,0.19888973903067714
420,190,0.19886701973661494
121,310,0.19878594816243683
121,180,0.1987486751375404
431,652,0.19865529585198324
47,96,0.198611932200688
121,565,0.19855612214737414
47,179,0.19822236135511762
382,304,0.19811947053658854
464,607,0.19811207194435065
382,536,0.1981096007565842
464,430,0.19795698835630712
270,411,0.1979283003416907
420,352,0.19782552134135345
565,676,0.19763557222495814
189,575,0.19752677455670203
7,460,0.19749450065456872
565,56,0.19749350255164422
420,40,0.19744290266367956
420,47,0.19740110697784877
431,576,0.1972574673095172
431,607,0.19715160369082904
565,103,0.19714007705562905
464,600,0.19704754815741846
420,490,0.1970423193090558
7,271,0.196617473453995
420,337,0.1965944410933119
420,282,0.19646794983528992
415,358,0.1964314002552826
47,664,0.1964201653373123
12,40,0.19637617587657533
47,368,0.1963710848698647
381,18,0.19631638614492367
121,393,0.19612421265011432
464,187,0.19611900942446392
47,576,0.19609630383502746
431,455,0.1960640535377885
415,467,0.1960510938441473
420,489,0.1960371254270108
464,502,0.1960224551178717
382,604,0.19594133388923826
121,94,0.19575686809083867
381,354,0.19571285042768402
415,57,0.19568354638382743
523,154,0.1956449621002156
121,547,0.19553189148372332
420,552,0.195504182042236
420,368,0.1954710554230534
464,179,0.19505511226520392
12,302,0.19495385518293407
382,241,0.19491493018365375
382,1,0.1948685563041137
381,627,0.1948680359414072
270,93,0.19486333254647017
121,444,0.19484913853122743
121,349,0.19472802175208667
464,346,0.19460681038675767
381,152,0.19454884116660479
189,112,0.1945220363665895
464,304,0.194495079833718
415,318,0.1944081103156179
381,229,0.19440535695465375
499,619,0.19433679054207306
382,345,0.1941720547339306
47,543,0.19400616139829047
12,570,0.1939579615653874
47,617,0.19394562575712282
431,87,0.19393567862538968
381,56,0.1939327860029621
47,66,0.19393238571084473
464,529,0.1938758739793987
165,426,0.19386908188709898
420,675,0.1938483128943694
121,130,0.19382747609355838
415,154,0.19380275538915945
523,535,0.1937750831876715
431,112,0.19369892125873697
7,116,0.1936640420988563
47,440,0.1935095355138526
420,253,0.19345273253652273
7,529,0.19329945450433927
165,359,0.19329652246859916
47,524,0.19315791172745414
431,150,0.19305584288989353
165,423,0.1929355788084053
47,591,0.19287260868357284
420,605,0.19283610735542017
464,472,0.1928220563228221
7,319,0.1927057006759196
381,190,0.1926285400931899
420,591,0.19239701775013632
270,431,0.19234331750280678
464,83,0.19231861079390458
565,141,0.1922984554712808
565,333,0.1922684937036513
415,676,0.1921368345895353
420,219,0.1920781667097809
270,358,0.19204648217847992
565,653,0.19203246844081714
420,166,0.19203013030685037
121,26,0.19200427263986036
189,238,0.19190962820106153
382,355,0.19190706219901166
12,543,0.19187575506151644
420,162,0.1917865248556922
464,114,0.19166829902720642
565,452,0.19157196534970744
381,690,0.19152987257281337
565,534,0.1914840298915652
121,235,0.1913272268785592
420,573,0.19127110307996262
381,10,0.1912199987947045
381,649,0.19114446586934108
431,422,0.19106891548616872
464,170,0.19104201804363136
381,682,0.19094717443262868
7,3,0.1909428196770891
165,607,0.1907025007901691
523,338,0.19068555684191124
565,352,0.19066563449011223
382,198,0.1904288142311109
431,368,0.19040736039211348
415,368,0.19028177030365695
12,648,0.1902055955240542
415,170,0.19015494384485046
464,444,0.1900917887045942
431,472,0.18995606265690246
565,662,0.189915370003358
565,400,0.189843831200461
382,31,0.1897526561264951
431,519,0.1896831188175008
189,210,0.18967970097654346
431,206,0.18965592247597096
431,195,0.18961871891335275
464,597,0.18960706294338414
420,309,0.18953351090694823
121,426,0.18944824989581427
464,193,0.18944453567297767
420,502,0.18940720424615623
420,607,0.18930958472869275
270,319,0.18922194848475096
431,382,0.1891919591632432
270,264,0.1891016243572138
565,358,0.18910079505982455
523,256,0.1889213138723623
464,36,0.18877570545600061
464,488,0.18873086846177617
431,456,0.18871090208502744
270,70,0.1886387930337248
382,7,0.18862700850810277
7,300,0.18861969127415695
12,684,0.18841875316495196
12,578,0.18840152931951706
121,126,0.188287857726912
189,668,0.1880589830709942
431,370,0.18800361617696068
121,127,0.18779508682657234
420,516,0.18743944191743192
381,126,0.1872798314061235
464,183,0.1872537608306794
565,187,0.18713853595990695
382,183,0.18713604458217256
121,422,0.1870528531493332
420,632,0.1870182192761333
121,135,0.18696224540633888
431,526,0.18695174025444067
382,381,0.18694020268138806
270,235,0.18691496570587257
121,440,0.18687195643280669
382,348,0.18683253906318287
381,14,0.18673090472524695
270,376,0.1866690234990554
381,391,0.18665504722271736
381,329,0.18657946809173026
464,70,0.18656549616369636
420,617,0.18646104824149512
47,223,0.18639141778263751
464,659,0.18631285026445832
382,57,0.18630476134839058
381,453,0.18625671262575222
189,664,0.18622630831873202
381,443,0.18621927777735475
565,297,0.1859902945547331
499,490,0.18596980922468573
431,241,0.18582925066556025
565,83,0.18570175092263505
431,66,0.18553456630820236
121,681,0.18550532327865182
270,190,0.18550114605996718
121,254,0.18548541939547591
431,510,0.18540938273006446
382,384,0.18539866152779724
47,602,0.1852751260819214
420,210,0.1851288469161012
381,352,0.18496320175520573
270,210,0.18492959061308617
381,553,0.18490726487828604
12,327,0.18483812125220161
381,31,0.1848039334649077
415,410,0.18466879570302713
121,586,0.18466425735402978
382,261,0.18459148830554062
499,633,0.18450213347050104
189,408,0.18449874645609973
565,625,0.18430182539962697
499,115,0.18420741378950564
47,431,0.18418401329362175
47,379,0.18413976212695046
420,619,0.18409256863174175
565,240,0.18406433163312735
12,90,0.18401141456140496
431,553,0.18398315692614095
464,163,0.18393468640891852
47,504,0.18377769494431326
47,452,0.1836801982785951
431,179,0.18355720917735324
499,426,0.18353196542905884
431,185,0.18346490053648368
523,675,0.18345634105587874
381,489,0.183422442397292
565,513,0.18332787052637367
165,615,0.18330904464371792
47,302,0.18328516028275016
499,570,0.18301665352603871
270,140,0.1829712792547877
464,64,0.18291167602126265
431,271,0.1828988510476143
47,519,0.1828495386114851
381,239,0.18278480826912735
381,535,0.18271194489131293
189,586,0.1825024951907395
7,539,0.18247669783933881
7,565,0.1824383454204788
12,66,0.18242232194500985
381,509,0.18240196347562254
464,635,0.18238236920493708
565,197,0.18236815263928338
7,343,0.1823182802195942
7,219,0.18222817186727536
121,629,0.18222446641363937
381,80,0.18219684344914117
499,423,0.1821158649132652
165,154,0.18210458867799967
270,668,0.18209704187292935
121,87,0.18189009109418194
165,619,0.18181561958261078
420,656,0.18176910353550513
565,686,0.18173201149310284
382,430,0.18172735827223915
381,158,0.18169990719544168
189,333,0.18167445983070785
381,94,0.18165233729014033
464,319,0.18160689984596273
121,59,0.18160397531378614
12,630,0.18156814027338414
431,94,0.1814647897399003
381,330,0.18135274205995475
381,492,0.18119771284890862
464,10,0.1811309346669765
565,11,0.18102726929486657
47,401,0.1810089117646169
464,388,0.1808195208234083
382,552,0.1808191518398828
189,66,0.1808191128279353
381,100,0.18076881688660698
270,202,0.18076859403698664
565,585,0.18068176421371848
431,490,0.18048508896711674
382,48,0.18048119522121264
565,169,0.18039589762693395
47,70,0.1802407320651192
270,167,0.18021546913905967
7,489,0.18020739497651705
121,454,0.18018951777910253
420,628,0.18010748006073815
189,318,0.1800211346129016
420,526,0.17992757272197746
121,14,0.179873584450775
121,572,0.17987305301895115
565,48,0.17984536716576555
270,615,0.1798346387042945
382,607,0.1797612395145754
499,549,0.179740145669195
7,426,0.17960913705961862
47,271,0.17945117829773913
499,379,0.1794276785032422
381,308,0.17941349118338712
189,36,0.17941198457758165
431,603,0.17939550713318694
7,536,0.17938826871222951
47,420,0.17930099934764712
420,180,0.17916014063985788
431,559,0.17915667230881177
189,393,0.17899119318338325
431,140,0.17884812776805525
381,169,0.17865909243794084
420,126,0.1786551102181588
382,623,0.178621792497436
7,614,0.1786061150659893
165,575,0.1785784134659716
7,382,0.178558303840144
523,177,0.1784170436572798
464,591,0.17839177335240194
121,107,0.17827376730528566
420,393,0.1782614040827322
12,410,0.17822960365934956
381,611,0.178206379127111
189,370,0.1781348686565829
12,430,0.17798600827982028
270,393,0.17791593932976704
420,198,0.17790730640171792
47,378,0.1779018680448448
47,492,0.17785908191436806
121,652,0.17777182188700805
464,473,0.17756053614770648
499,11,0.1775077129724308
7,274,0.17748078792861754
47,187,0.1774263335165378
165,652,0.17740824324522456
121,219,0.177344314166785
7,659,0.17720463552429483
47,193,0.17704822183088698
7,648,0.17704134987381256
270,309,0.1769251508089679
499,24,0.17690983579362834
415,430,0.17681229662463224
382,338,0.17665163841760162
121,659,0.17664939763978169
565,279,0.17651079441016065
415,66,0.17647027789393926
565,293,0.17637207641409353
165,96,0.1763443658104115
270,529,0.17630202620391042
189,139,0.17620346663196368
420,91,0.17616944968203332
565,656,0.17585859373580404
121,597,0.1757385867014416
382,440,0.1757204291002813
12,649,0.17570415818415705
420,255,0.17569731111539358
270,359,0.17558584482773507
464,190,0.17551358452968455
12,341,0.17539425084495128
431,48,0.1753645931981289
270,504,0.17532760229538435
415,677,0.1752936685269988
381,570,0.17520475039748687
381,140,0.17516192234087247
420,621,0.17503480703500823
464,520,0.17490913283982965
121,70,0.17490061942937224
382,586,0.1747997718376561
565,210,0.17476245443345587
7,640,0.1747032167270819
415,505,0.1746476655129787
121,412,0.17462929660483031
431,180,0.1746100651804072
415,588,0.1746071201760217
565,241,0.17458792775695264
189,683,0.17449455651817444
382,456,0.1744922219257437
47,604,0.17443510086914651
431,525,0.17441044590836452
431,3,0.17436232630487108
565,65,0.17429122816951126
431,10,0.17424680343762874
189,319,0.17418093764410525
420,341,0.17414620027764335
189,576,0.17382333921976195
381,206,0.17372098514244774
7,142,0.17365212066575997
47,345,0.17358363832090712
165,551,0.17349405611446853
431,534,0.17346323766942848
420,367,0.17345981463684318
189,463,0.17334856196341528
47,479,0.17333851597291453
381,382,0.1733206288711276
47,456,0.17323575314229442
7,607,0.17306080699195917
565,658,0.17255411652472158
499,194,0.17251451184515848
565,429,0.17248162668786793
189,535,0.17232334705127186
565,91,0.17232073314427268
464,298,0.17229727472849904
121,183,0.17219683994956614
431,388,0.17215707368800706
121,345,0.17203444225355932
189,239,0.17201012149763842
7,372,0.17167062791580628
165,684,0.1716451281831559
382,680,0.17163404298606666
381,116,0.17163093483479508
270,345,0.1715483671881348
431,177,0.17146876473735925
381,441,0.17138844174177473
381,591,0.17134318532360202
431,384,0.1713203296890482
381,551,0.17131556585543983
431,344,0.17124552461451936
431,15,0.1711162783307685
12,652,0.17102099000638962
47,327,0.1710022409072682
7,359,0.17092231260850688
7,345,0.17092129429336556
121,513,0.17086749168915943
415,386,0.17084201423284567
12,112,0.1708008198500596
464,189,0.17073173662554927
499,291,0.1706790009332845
381,47,0.17058499323849174
189,406,0.17042269385912184
464,96,0.1702649829999646
420,238,0.17025829149186741
189,606,0.1702212495517372
565,127,0.17013590080016622
12,189,0.17005614229462987
420,497,0.16998429721236855
431,116,0.16993287718787597
121,635,0.16992162469548397
7,66,0.16987303892188574
381,7,0.1698201546334471
121,318,0.16980191510607218
121,411,0.16976842186067492
189,255,0.16971562992919265
189,608,0.16969924793019903
47,659,0.1696949632320666
47,497,0.16969237149080849
165,570,0.1696899750078738
431,47,0.16965706833134833
565,350,0.16957946071922114
420,304,0.16956979002343958
270,295,0.1695414121384812
415,379,0.16949244365029478
420,372,0.16945825055439598
381,0,0.1694249196673178
523,572,0.16941865548215906
121,335,0.16927759225835498
121,294,0.16923262407617545
381,142,0.16922559686025176
47,537,0.1691997444386641
382,352,0.16919897039125997
431,467,0.16919233263277675
7,633,0.16917117939046653
381,235,0.16916450403439115
270,238,0.16912711279233905
121,216,0.16909832288500412
464,241,0.16899831818193445
270,420,0.16893045255461822
7,652,0.16891607163104722
565,37,0.16876036041008313
189,591,0.16869781148336585
189,597,0.16865147000592182
270,392,0.16860481457437423
565,250,0.1685796640486544
381,386,0.16849563184324096
12,397,0.16848996231394991
121,687,0.1684860992510318
12,272,0.16845595876970218
7,381,0.1684427746437671
431,623,0.16843742138811665
382,443,0.1684260867905797
189,381,0.16842216746447267
7,139,0.1683962208151017
565,107,0.16839303711094775
420,388,0.16836730450000273
565,588,0.16834700957939241
189,659,0.16831323385362557
165,327,0.16824351134708143
121,384,0.1682255422804979
464,112,0.16814350371906306
7,439,0.16813094944858856
12,185,0.1679473515502818
420,342,0.16789332603474305
382,305,0.16781770671973376
565,519,0.1678157983630672
47,342,0.16781236521954057
420,262,0.16778013078285084
431,54,0.1677602008733929
415,468,0.167748058601457
499,504,0.16769706167340198
464,262,0.1676887804660732
47,635,0.1676525830386868
47,675,0.1676387539758178
189,177,0.16756329499102982
121,160,0.16755417829528363
464,575,0.1674370533051145
121,148,0.1674276374484405
382,162,0.167420689666798
381,65,0.16741724480429798
565,179,0.1673798114059131
420,446,0.1673723264017891
565,326,0.1672990525207254
420,125,0.16724921063099749
565,682,0.16719734997083563
12,420,0.16716465918055445
464,535,0.16716269488990482
270,18,0.1671252435393249
7,365,0.16701628137902091
464,291,0.16687338138799096
121,505,0.16686672903265337
121,255,0.1668660885293551
381,449,0.16686527601069182
464,404,0.16684452119966633
431,503,0.16672732523606137
565,601,0.16670913187703398
12,489,0.1666590095742849
381,16,0.16658746690700724
523,75,0.16657666276791017
382,505,0.1665715550550775
420,239,0.16656622422305292
565,308,0.16653691778678417
565,406,0.16652998294626234
431,358,0.16649459943151423
121,361,0.1664283444367207
420,614,0.16642291770098405
464,80,0.1664098787981679
121,326,0.16639381009761953
381,298,0.1663709210938942
47,648,0.1662260486411548
165,456,0.16621015902723735
7,154,0.16616854675664636
7,481,0.16610221296333208
382,365,0.1660352275364546
12,686,0.1659550928605171
464,503,0.16592293258915092
565,361,0.16588006886541456
420,327,0.16587339831439848
464,393,0.16582109120925392
189,552,0.16579537108971415
499,143,0.1657276697019578
47,309,0.16572577088808582
121,129,0.1656670831059502
565,125,0.1656302724483097
415,604,0.1656273604058032
431,274,0.16560656043678523
464,239,0.165580954357596
565,382,0.1655465745603876
565,573,0.16553350558551153
121,218,0.16551794986033005
12,529,0.16539546389365714
415,80,0.16538331266650175
431,355,0.16532167265968672
381,658,0.16529729003707525
381,251,0.1652743273798167
189,160,0.1652623077620628
121,112,0.16518782794488399
420,322,0.1651197392344103
381,451,0.16510631221305572
121,400,0.1650980017673273
382,154,0.16487500877273714
270,31,0.1648712485847508
415,454,0.16473532247516848
7,47,0.16472154601317063
165,529,0.1647050042528289
420,626,0.16462040669235192
12,368,0.1645700453992603
431,130,0.16455829159621557
499,488,0.16451764472903446
165,355,0.1645108388142236
382,179,0.1644603570572911
415,551,0.16445874376757072
431,264,0.16442315153297296
381,539,0.1644155539507098
381,669,0.16434330238360345
420,662,0.1643177886982197
523,179,0.16419960541418196
381,481,0.16415660483378827
189,419,0.16413446570941043
565,671,0.16409985968196708
431,220,0.16402530500687984
381,2,0.16397865078307378
565,410,0.16393873918491655
523,167,0.16391487388003217
121,621,0.16389535496192575
565,140,0.16374180358440132
565,95,0.1637252004178564
121,33,0.16369874094848183
381,322,0.163671256609891
381,662,0.1636711881238169
420,294,0.16365121290580936
464,285,0.1635631709412245
499,605,0.16347725493471948
415,307,0.16347146901311385
121,333,0.16346215108407458
189,647,0.16340307759108788
523,504,0.163398429565893
420,537,0.16338929158513685
12,426,0.163284717698711
7,302,0.16324439861002973
47,103,0.1632275732459593
165,125,0.1632173529419279
420,244,0.16321369355522472
565,548,0.16320528390065367
121,372,0.16318189833696248
12,304,0.16313305609329912
189,456,0.16312499651443446
523,524,0.1630914431354043
121,474,0.16304336657480104
382,359,0.1630037985439048
431,629,0.16296968695707145
499,632,0.16289240101683375
270,440,0.16278075662896926
565,59,0.1627319137184447
121,226,0.16267360959737392
420,183,0.16244627784222412
7,241,0.16241487822179243
415,573,0.16240843863818732
565,88,0.16238410100878173
499,31,0.16236793415056988
420,7,0.16235261252661784
12,384,0.16234416506561006
189,216,0.16226895440759748
415,503,0.16225502850543522
420,114,0.16218757849683815
47,393,0.16218445610948437
382,170,0.16217422640662815
420,326,0.1621276945343681
565,42,0.16199689882927337
382,80,0.16187222833918924
431,606,0.16185713404425156
121,616,0.16178258743442775
270,520,0.16177888141164865
499,690,0.16172781574556822
382,370,0.16170867046171064
499,404,0.16162538272887622
121,212,0.16162525528934346
431,379,0.16156815931636623
415,529,0.16155542844931922
270,244,0.16145238693084182
415,414,0.1614245247857281
431,18,0.16141632550006454
121,592,0.16137788366457617
270,141,0.16135065551770955
499,305,0.16132880230801686
499,668,0.16131368393877554
499,26,0.1613082033579937
565,408,0.16125316022355657
565,90,0.16122696559672728
121,647,0.16120050251339219
7,223,0.16117087907725328
464,403,0.16115156135160938
523,26,0.16109233845233714
464,8,0.16100271038688638
420,221,0.16100127859940053
7,422,0.1609155970018063
382,312,0.1608985027889923
165,310,0.16087159536696685
565,53,0.16086036571572496
189,633,0.16085330153461375
464,14,0.1608370051105358
270,216,0.16076820393908514
7,63,0.16072224553823033
420,142,0.1606505888147612
47,284,0.1605802988977395
381,225,0.1605585252872126
464,180,0.16050536508745958
121,158,0.16048220856357284
420,648,0.1604643942886732
523,372,0.16045050332074362
7,262,0.16038727912423087
47,231,0.1603661058528754
121,576,0.16035402307080082
420,511,0.16032830720876104
270,467,0.16032216435628066
165,617,0.16027680040261527
165,167,0.16018405555904472
189,169,0.16015158530310256
12,567,0.1600929348113294
381,136,0.1600082313164376
431,322,0.1599790205795114
382,534,0.159960039987835
381,292,0.1599112983679196
499,680,0.1597920065628115
121,245,0.15974257211759996
431,93,0.15973129828755986
420,572,0.15972811797140504
499,543,0.1596409545070454
381,410,0.15963801919833878
381,92,0.15963339604134902
420,408,0.15962895704353053
189,635,0.15962371048757545
382,112,0.15955336414661767
420,285,0.15954947543194256
382,279,0.15953601043159446
121,410,0.15933095804619055
7,440,0.15932988546136445
121,311,0.15927038317781395
47,481,0.15925924229753052
464,108,0.15923090319936065
523,70,0.1592117565491103
464,647,0.15910022191361092
189,263,0.15909850574060344
270,535,0.15900365078730175
420,570,0.15897606290153254
47,607,0.15897155436839072
565,523,0.15895783424298185
189,379,0.15895651553549475
381,588,0.1589346327612829
381,683,0.15891603967763357
523,419,0.158914638689591
47,632,0.1589085820356794
121,615,0.15889193811558633
47,683,0.1588651273044939
12,335,0.1588477789061912
382,177,0.1588159249558253
420,404,0.15880441227251432
382,327,0.1587388506702357
382,439,0.15870768127923035
7,222,0.158539315632512
382,592,0.15853048557302749
523,626,0.15842986826783714
464,615,0.15842968355551995
431,561,0.1584119548477083
565,404,0.1583510867914427
464,31,0.15832922596517252
523,520,0.15830150664456272
381,519,0.15828992006352194
121,404,0.1581962496607554
189,458,0.15810341638238612
189,420,0.15809076813038653
420,419,0.15804841819291204
420,412,0.15802726151949412
499,559,0.1579575102156263
420,116,0.15792532563268027
431,640,0.15775736937406365
431,543,0.15775607684278695
189,680,0.15770966792301908
420,348,0.1576958824427715
12,572,0.15769159701340726
47,114,0.15745790146644348
381,350,0.157408953460753
499,656,0.15739941531059423
523,426,0.1572532844379784
121,392,0.1572214449559471
523,352,0.15718685592377174
121,10,0.1570639966986947
382,551,0.15705343814434597
189,183,0.1570451809849968
189,636,0.15700911680286528
415,230,0.1569006766299005
565,228,0.15687199283074682
464,536,0.15680864652965618
47,499,0.15673563644911354
499,586,0.15671109509669684
464,680,0.15664649222923363
565,480,0.1566364672281854
499,64,0.15663289167240868
431,572,0.1566292658788264
415,273,0.1566123598550716
381,112,0.15658853629206995
420,274,0.1565475253949036
7,346,0.15652764369613403
47,322,0.15643386716005256
381,510,0.15641673565847247
565,160,0.1563309746516067
381,585,0.1562692417352762
415,617,0.15621345435639256
420,254,0.15612772293277158
381,641,0.1560702113744464
565,636,0.1560668145227022
381,609,0.15595800075592517
189,661,0.15590697416601276
12,167,0.15581399081048544
270,373,0.15578200909319803
47,552,0.15572488265051654
270,419,0.15571762222707705
464,490,0.15564216954470106
464,358,0.15562477888874693
189,94,0.15561115996346628
499,253,0.1555870119651598
12,575,0.1555432207615281
523,31,0.155490649578809
565,537,0.15545776792175833
189,617,0.15545271173092376
12,154,0.15545120862211756
499,219,0.15539733017645843
165,186,0.15539188573413418
523,392,0.15538992016961298
381,613,0.15537905823640785
415,632,0.15536988035964708
12,408,0.15527138298557533
47,410,0.1552332268921489
7,110,0.15521385734732188
565,218,0.15514115596498904
165,458,0.1551368753857184
565,163,0.15503311557013813
523,359,0.15501472474144706
189,18,0.15488297142060545
47,36,0.1548768032096556
121,567,0.15486791719795578
431,659,0.15486432209468676
121,660,0.1548375139431635
420,539,0.15481896688647284
431,36,0.15480082674467496
499,565,0.15475783259312798
499,392,0.1546407132684458
189,354,0.15463822292925627
415,391,0.15463417296233445
420,505,0.15449812333247936
12,619,0.15449672411800203
464,271,0.15448360719622783
381,160,0.15447983887073996
381,569,0.1544741723241255
565,121,0.15447389850140963
565,188,0.15447362789734476
7,623,0.15447256262681777
381,474,0.1543776037299566
189,486,0.154360146372547
415,210,0.1543542627861408
189,140,0.15433641720574914
565,592,0.15433427909049796
189,348,0.15433099030867528
165,309,0.15431665039247347
165,504,0.15430744239639566
415,189,0.15419320597267092
523,656,0.15416953541285436
47,235,0.15415225194787036
7,93,0.1541354694094008
121,2,0.15410692910268087
523,368,0.1540982595623565
270,681,0.15409258705988527
121,590,0.15409236000646365
270,453,0.1540875886799621
270,485,0.15402354984849423
523,381,0.15400897519400364
12,130,0.15400218758051654
382,388,0.15399071134912254
420,57,0.15398477367904428
270,198,0.15379427550874977
189,96,0.15374233772857884
121,423,0.1537265837295069
415,261,0.1537074654371779
382,621,0.15352626554988247
381,497,0.15349455771833292
270,179,0.15349132449519856
431,591,0.15342641715032188
121,306,0.15341243506949492
565,449,0.1533152561719095
415,31,0.15323198115459244
464,350,0.15319426431718175
189,684,0.1530251533335935
565,455,0.15294087106628113
523,430,0.1528671126089612
565,64,0.1528563091330631
381,370,0.1528432971020406
415,575,0.1527385420555569
381,198,0.15269268724415347
382,73,0.15262610583441896
565,618,0.15261349306923028
464,525,0.15258314241056992
47,31,0.1525376291045107
415,456,0.15252341469564384
464,368,0.15249075635228215
270,255,0.15248884214253924
431,237,0.15243675509283838
415,185,0.15240457046135444
382,107,0.1524034495225168
381,295,0.15236305755523685
381,564,0.15236000353093468
381,533,0.15232387569440067
47,15,0.15231733592022847
381,63,0.15223451828647236
499,111,0.15223053003746245
431,420,0.15219568371476047
565,131,0.15216977197120884
47,621,0.15209886559764385
464,648,0.1520579713558671
431,319,0.1519494105517998
381,516,0.15194405626034385
7,492,0.15188123927880884
381,463,0.15183609653695918
565,536,0.15183099039647896
565,294,0.1518263851704596
47,399,0.15178417703137068
270,90,0.15167826944166196
523,229,0.1516702016018744
382,64,0.15163811809957117
12,100,0.1516336794814407
189,170,0.15161530345716617
270,333,0.15157332077410193
381,685,0.1515603391565384
565,688,0.15154848458564393
565,661,0.15151494501727142
431,161,0.15151406599011177
270,245,0.15148310979607466
464,652,0.15146160950220927
420,169,0.15138789871484515
420,658,0.15138764067075314
47,600,0.15136442072456513
499,179,0.15135112073318643
12,535,0.15133671823142386
381,620,0.15132971474615597
270,586,0.151207154235745
121,535,0.15117282573566707
464,365,0.15114697535406646
382,419,0.15109598669171287
270,510,0.1510143911078779
7,420,0.15093109449134767
523,337,0.15089004191939243
382,238,0.1508646764119881
121,253,0.15084518504252367
121,105,0.15082891258740072
12,126,0.1508250588136015
270,652,0.15078667336726342
381,518,0.15069427003949895
431,668,0.15068477612271017
381,461,0.1506543639114039
431,617,0.15055519121085711
565,339,0.15054408833245247
565,176,0.15054082033151073
381,342,0.15053641330235418
464,621,0.1504662850523161
431,647,0.1504554101391121
121,463,0.15039998438613428
382,519,0.15037985572949644
382,130,0.15034334263330823
499,659,0.15027977967504494
420,547,0.15025081832720336
565,106,0.1502329905826456
165,203,0.150220311522723
47,353,0.15020146058816153
464,453,0.15007801333965645
523,529,0.14998441766691908
499,320,0.14993835197082886
270,565,0.14985215505120392
189,358,0.14982034574984315
565,22,0.14979245807135463
420,160,0.14978737645239765
165,633,0.14978147283710638
381,147,0.14973376389152918
464,33,0.14972201715209216
270,348,0.14954211601240247
464,235,0.14951449518962043
270,304,0.14944668321340324
420,629,0.14934521065395295
7,130,0.14933431420077442
565,320,0.1493281950363133
420,101,0.14932362717707734
7,170,0.14929806405272408
565,109,0.1492491112656611
431,258,0.14922458229212254
382,26,0.14921589193408447
382,609,0.149201357694976
121,551,0.14908727867506635
189,197,0.14903776317328382
121,598,0.14896111226473735
565,153,0.14895846368876414
499,388,0.14890842474800225
415,350,0.1488181303597182
189,148,0.14872209141486517
415,504,0.14862439488767754
121,162,0.1486184484427523
381,656,0.1486021935120708
189,335,0.1484772431752926
381,521,0.14846408567847713
431,558,0.14845999685599823
381,172,0.14843847376117542
499,73,0.14843403983277514
121,11,0.14843236928448156
165,295,0.14842315478304507
7,229,0.1482314328179185
47,516,0.1482217266264517
565,444,0.14819846956400984
464,100,0.14818186766115438
165,408,0.14813477411423234
431,295,0.14809388207008747
47,583,0.14799811052009776
189,142,0.147919647732326
7,393,0.14786774335518318
523,633,0.1478221894697559
464,355,0.14781996642842232
420,510,0.14777947314448234
382,576,0.1476791448032342
7,87,0.14758512253529849
464,614,0.14756838846382606
565,613,0.1475654383764453
7,368,0.14751053716962936
382,10,0.14743658244624014
12,70,0.14741529298191752
464,510,0.1474076434073527
7,355,0.1473210230443397
270,188,0.14729401750351886
565,346,0.14720367450868732
381,327,0.14718168233814286
464,570,0.14715947862545073
523,302,0.14711137060250204
381,446,0.14710800040171162
464,352,0.14709543332286887
565,343,0.14709409146134236
499,437,0.14705156967958738
523,63,0.14704566918736525
420,33,0.1470391764955591
189,388,0.14701523607314437
382,167,0.1470124108122975
565,255,0.14696151396430254
189,604,0.14689050572492796
382,169,0.14687199885048216
47,170,0.1468114675364362
565,263,0.14679779896442
12,326,0.14679204419149908
464,103,0.14670037371521566
420,375,0.14668957739489338
189,614,0.1466787270093481
189,162,0.14665649029853547
565,231,0.1465984619921135
415,426,0.14658172462002414
431,222,0.14647637860552545
381,473,0.14647076470111237
523,339,0.14645107800622642
565,315,0.14637595334615014
420,100,0.14635096319966354
464,519,0.14633133999174822
420,376,0.14632038393694902
12,160,0.1463090008148926
270,221,0.14630001544266724
7,24,0.14621369105031892
47,119,0.1461875776912543
189,567,0.14617889260062947
189,12,0.14617626712341275
420,423,0.1461323970492218
464,329,0.1460850019145904
270,64,0.1460079440733387
420,623,0.14599882983642168
420,409,0.14594326498359175
381,221,0.14590347243308957
382,392,0.14590084117422383
420,429,0.14585636220584236
464,210,0.14576821157675557
189,7,0.14569564874921426
270,217,0.1456944870435421
165,446,0.14568615537807686
420,130,0.1456592192990171
7,377,0.14557545897929083
381,83,0.14555932029594024
270,274,0.14555853099629376
47,680,0.14555511006467167
523,349,0.14554252220954492
464,489,0.14553317254083956
499,63,0.14548127818959053
189,464,0.14547916339302372
431,231,0.14542312196239837
189,110,0.1453649071316674
415,346,0.14533819520576693
121,451,0.14532854350793664
565,369,0.14529819408537178
415,186,0.14529803535136596
382,422,0.1452738570375088
565,641,0.1452460373847591
382,570,0.14522477844968001
415,309,0.1452165795654766
189,174,0.14519207344096602
431,592,0.14517153568102026
565,291,0.14516841694258165
420,103,0.14516279120111042
189,367,0.14515223087812948
382,463,0.14511442448034365
415,24,0.14511178095145438
270,458,0.14510989951550501
420,339,0.14498132138537947
565,289,0.14482353587226543
464,330,0.14473107554676917
523,570,0.14472829580065277
464,258,0.14472765333956752
270,66,0.1447028994622654
415,629,0.14459367321926117
189,254,0.14453110900781457
189,350,0.14449620809593858
121,627,0.1444134973045208
499,96,0.14435976158037642
270,223,0.14433562514218592
420,377,0.14432971413134987
47,101,0.14428776221890507
415,140,0.14424622436456339
381,40,0.14422249193117953
431,163,0.14421058304891432
565,274,0.1442073266658151
382,210,0.1441936839047303
121,658,0.14417134186258346
12,576,0.1441191572650263
47,676,0.14410206284631474
381,106,0.14408681304253104
270,107,0.14407796163012976
382,174,0.14403688748043147
165,404,0.14402625580442888
382,337,0.14398464098507058
381,676,0.14397514030054298
565,318,0.14397165637278697
12,458,0.14388220140834004
499,608,0.14385946520022996
415,102,0.14382622605028866
12,238,0.14382516326301992
431,347,0.14380271785479276
165,422,0.1436858983218837
381,467,0.1436617970262183
565,572,0.14358015810277874
189,226,0.14357333580251644
12,236,0.1435712008414285
189,337,0.14348577544482338
499,449,0.14346233863119562
7,31,0.14339735170426893
189,607,0.14338622386825264
7,363,0.14338559687391678
420,61,0.14336901933300208
7,285,0.14333113927488736
189,40,0.14328920510291682
270,574,0.14328375323725653
420,553,0.14322609664459143
121,141,0.14312302753881445
431,430,0.14311667684511006
499,676,0.14306149066960439
165,543,0.14302682280419102
523,379,0.14301173383571958
47,690,0.1430011106912816
7,463,0.14293887001360397
565,558,0.14290750600282898
12,565,0.14287644780206815
381,439,0.14285698960765064
565,396,0.14282468763858272
565,100,0.1427874950752457
189,190,0.14277651638979974
7,552,0.14272939191263773
381,479,0.14264811459877214
464,198,0.14264415248052592
499,169,0.14256683615552554
415,649,0.14256366009963853
420,187,0.1425577026488984
565,603,0.14250646505703846
565,101,0.14246715847595337
7,608,0.14245174327936533
189,510,0.14242910469279127
431,226,0.14242123335729376
464,88,0.14241676746665477
47,653,0.14241597078627324
382,559,0.14239924377601842
382,396,0.1423716056289359
499,274,0.14232119935134005
189,521,0.1422456684353885
415,658,0.14219525833145924
415,393,0.14217116191707063
12,391,0.1421525858838619
189,191,0.14207764357682873
165,140,0.14206209180570836
420,143,0.1420527091590898
523,567,0.1420442902787123
121,66,0.14203372598685474
382,262,0.14200294374771075
189,675,0.14196287852103337
189,346,0.14194722894679498
7,375,0.14189202867334733
270,96,0.14183105171835453
464,458,0.1418189293778145
415,135,0.14177393630650326
431,279,0.14170260939270266
523,264,0.14168839684558557
499,365,0.14166795831518883
420,610,0.14158579167965446
12,203,0.14139519226691746
431,282,0.1413519157956387
270,329,0.14121786636285014
431,310,0.14120058306394284
381,182,0.14115943646422746
121,449,0.14115243299099092
381,681,0.14113512881839116
420,335,0.1409725442161747
7,515,0.14094422934125986
382,619,0.140877833646755
420,330,0.1408598027422442
7,684,0.14083947216824055
464,681,0.14078124415734944
189,572,0.14077650385250232
270,437,0.14076081673588758
7,586,0.14074612809438722
420,397,0.14068140274569796
431,260,0.14064072709683223
47,285,0.14062562039250842
121,57,0.14058664466531132
499,528,0.1405839310802847
464,335,0.14057698400649446
121,234,0.14054849798362118
565,554,0.14052785241323443
381,196,0.1404800011858967
381,348,0.14045984567348094
121,499,0.14045490991409304
415,26,0.14044907212218152
464,142,0.14044017198739708
420,241,0.140410024627924
464,166,0.14040022103536312
12,316,0.14039102433447886
523,551,0.14038557467337906
415,180,0.14031998809816779
431,346,0.1402302374445214
381,344,0.1401207857144802
189,57,0.1400967322298364
121,607,0.14007468183203609
431,40,0.14006040413686807
7,497,0.13997266059608074
121,656,0.13989264376759786
165,261,0.1398854100876534
523,635,0.13981458224988275
381,523,0.13978103451638257
270,302,0.13975591286674807
565,309,0.13975399439465253
165,411,0.1397503690076666
165,241,0.13974167178385025
121,685,0.13972359278612495
523,443,0.13964858451249237
270,525,0.13960067965562964
189,158,0.1395387734133088
382,271,0.13952912693936162
47,297,0.13952115166095452
270,335,0.1395194507757057
499,541,0.13946711721766394
415,547,0.1394309203869263
565,135,0.13943063207031764
12,629,0.13939723526012254
420,284,0.13928988396297687
381,261,0.13927603387073748
381,255,0.1392743525056325
165,94,0.13925956294989708
382,76,0.1392493095280758
565,683,0.13924873162930074
464,25,0.13914625209109777
420,158,0.13905179369325837
381,59,0.13903072513312895
565,94,0.1390216557950927
381,671,0.13896417664648916
523,647,0.13895192124897904
381,186,0.13891770013514598
189,61,0.13889679873095898
381,217,0.13889275141169766
189,453,0.13888474387588987
499,485,0.13886056921504644
415,327,0.13880816378189856
189,235,0.13879287625349104
381,648,0.1387893923877271
565,511,0.13867727486369924
431,537,0.13867375930296058
499,604,0.13862654433464847
565,640,0.1385840728617653
7,143,0.13854055089612236
382,585,0.1385156893069717
189,676,0.13846126004661166
415,96,0.13845810250255763
165,75,0.13843781026946644
431,333,0.13842635883736662
7,18,0.13839746837413672
189,384,0.13828207941870072
382,662,0.13826597896333648
12,386,0.1382375704775007
565,152,0.13818811344762694
12,261,0.1381703562205268
12,468,0.13816381509487777
189,536,0.13814354566293827
523,615,0.13804819405317373
189,669,0.1380270887961226
270,547,0.13800869657896397
47,375,0.13800457723331233
523,503,0.13800254191143257
565,610,0.13800042084138298
464,664,0.13797273993768097
12,231,0.13793728116048876
464,505,0.1379348800372307
121,458,0.13792771797961081
165,66,0.13790820469220363
381,309,0.13787374960109527
565,272,0.13781299114294782
12,511,0.13778305764367094
381,262,0.13765116529801613
382,311,0.13745082934221875
382,567,0.137442537931729
7,358,0.13742509109601408
464,574,0.13725643478153912
12,552,0.13722096646772997
189,605,0.13720371762079397
565,533,0.13719437924720176
431,680,0.1371548726020747
523,238,0.13713629050751328
121,496,0.13711046252770248
464,467,0.13707693734733908
270,346,0.1370292846558749
270,656,0.13695360294956402
431,621,0.1369279855852216
121,25,0.13686713870299594
7,293,0.13684508009753948
270,626,0.13683047223307004
565,245,0.1368128550456382
12,358,0.13680200805139525
420,202,0.1367608262675742
189,273,0.13672701119791747
189,401,0.13672384059500478
47,221,0.13669145503474442
165,381,0.13653139072855486
382,454,0.13652808532495272
165,365,0.1365278580361281
121,582,0.13649229621254674
523,96,0.13647990997136764
431,95,0.1364571830794735
165,148,0.13644579235078502
415,40,0.13639473904293134
420,73,0.13636540411761053
565,282,0.13635557230939513
165,31,0.13630945741191228
382,363,0.13628287579528756
381,103,0.13626611084480997
382,36,0.1362185403326443
270,109,0.1361486382886149
464,632,0.13611915339509773
12,271,0.13608455695602723
270,338,0.13603467756660367
165,304,0.13599893372074306
499,486,0.13589769054482045
420,659,0.1358781804249357
121,691,0.13584372846202927
381,664,0.1358260186564212
47,691,0.13582122630493126
464,24,0.13580616356037592
381,372,0.13573404341148987
415,429,0.13572981927079708
12,456,0.13572489949710895
431,583,0.1357105465345054
47,559,0.135700105351084
420,93,0.13566206901220437
431,551,0.1355464487695591
499,575,0.13554108440187188
382,416,0.1355409672631457
121,179,0.13551500950631476
464,203,0.13551334587913302
431,504,0.13546561335863616
415,559,0.13544895077381364
420,534,0.13538103325960585
12,158,0.13536276984509166
431,284,0.13536192427106908
523,223,0.1353277038966837
420,473,0.13530575619823149
523,552,0.1352914664911822
165,430,0.13528138701052025
382,652,0.13525250889545248
464,583,0.1352177234445914
415,680,0.1352111901300243
499,444,0.1352019250399978
381,433,0.13518100906666572
565,611,0.1351736606893298
121,522,0.13510804670702806
415,552,0.1351020185413032
381,660,0.13500755473017803
7,653,0.1349684150326268
47,236,0.1349556309553345
415,453,0.134954689748851
523,139,0.13492145516487794
499,153,0.13490922724416238
565,394,0.13490057797488322
523,253,0.13485951653094955
420,431,0.13484401592227332
165,486,0.13482188354586244
189,627,0.1347947609419281
381,220,0.1347822969477825
270,254,0.13477545252743203
47,33,0.13473287103342318
415,167,0.13467087105922443
420,410,0.1345802717835796
12,64,0.13454927173020925
415,367,0.1345451517439536
523,198,0.13454087381995883
464,604,0.13453890691342882
523,190,0.13452779153192493
12,235,0.13445460586923783
381,90,0.13444245882283237
420,319,0.13443838459690138
415,121,0.13443366124326475
431,197,0.134409543436702
464,11,0.13439912809074758
189,75,0.13436269538664564
47,365,0.13432879281213958
420,660,0.13430457307343116
165,335,0.1342741308473029
464,229,0.13425243781369106
420,245,0.13425158877885374
420,479,0.1342419360521149
47,592,0.13419755112491827
47,347,0.13416140400020343
499,90,0.13413274278072496
270,111,0.13410399654444394
415,91,0.13406311672110585
7,430,0.1340577366683627
381,464,0.13403609907701688
464,605,0.13393935941547175
270,372,0.1338870926781738
523,629,0.13387161877493894
420,119,0.13384323989941563
420,529,0.13383390228491057
420,264,0.13381935746989274
189,312,0.1337886278058231
431,221,0.13378237680747973
420,109,0.13377121488764196
189,449,0.13375806771280635
382,126,0.13372914839447148
382,668,0.13372563949129856
381,542,0.13370508201736678
420,481,0.13370323077444837
382,143,0.1337001878672836
7,179,0.13369826125259943
270,379,0.1335915737300012
464,377,0.13355607306525333
12,680,0.133552381133272
121,367,0.1335338128825726
381,421,0.13342704668836647
7,441,0.13336520036438615
121,414,0.13336516300508236
420,542,0.13333027731164648
523,446,0.13316576717042336
420,273,0.1331642203862188
47,229,0.13315928010221362
523,602,0.13313165683855205
121,169,0.13310033642446067
7,189,0.13309884751679493
415,59,0.13306783368678182
420,455,0.13302247691754918
47,438,0.1329739191243337
499,61,0.13297377519078515
431,14,0.1329637277331694
12,25,0.13295989343121764
12,467,0.13295812812501315
270,489,0.13294349961692187
431,575,0.1329028602496072
189,253,0.13287660350829336
7,190,0.13286462755994077
415,160,0.13285816474795603
565,136,0.13284509185718874
382,223,0.13283562429397827
165,649,0.1327953418301333
7,526,0.1327803877928884
12,135,0.13275189341701765
121,366,0.13273194708593203
7,40,0.13270689092904903
382,19,0.1326880963068652
565,386,0.13268527728044743
381,397,0.1325609603691142
189,218,0.13253957856800416
189,64,0.1325267634341506
381,88,0.13252530175818977
565,311,0.13249553383078208
270,166,0.13249278567098338
565,628,0.13249210870279712
381,346,0.13247033249993734
420,189,0.1324333070919167
523,526,0.13237530635570627
565,202,0.13232892034888877
415,119,0.13232755678812586
381,597,0.13231122288517816
565,377,0.132286939256015
523,683,0.1322453329032877
381,33,0.1322129284051798
12,197,0.13212929294866163
464,264,0.13208156463026346
420,557,0.13206379760382408
7,401,0.1320294000768576
165,219,0.13202051274709892
565,672,0.13201117556139763
121,559,0.1319624644917031
415,359,0.1319581287340455
420,10,0.13193364616461897
381,197,0.13190295100613011
382,367,0.1318538241254122
165,604,0.13183790315337215
47,142,0.13180568151541341
499,359,0.13179956779723156
121,455,0.1317335458184815
121,564,0.1317278387294067
121,626,0.13171754409597025
464,344,0.13167457480473715
464,690,0.13166020001030973
431,63,0.13163828329865537
499,460,0.13162845426929018
420,411,0.1316283070324916
165,419,0.1316212831791419
382,302,0.13160094580738854
7,172,0.13151633724019618
189,244,0.13149473384005697
499,529,0.13146075136548252
382,191,0.1314562205666325
189,481,0.13139168614053465
415,316,0.13138768704380036
382,683,0.13137342701365057
381,108,0.13134305742148913
499,420,0.13134188197595378
420,669,0.1313346675820671
415,238,0.13133335546687264
381,310,0.1313321938623992
420,240,0.13129947212161983
121,264,0.13125791859593855
420,525,0.1312567171103939
431,461,0.1311957143331116
381,554,0.13116541399598827
431,481,0.13114137089809114
382,282,0.1311324618432127
121,73,0.13110424435297083
523,174,0.13107856141314062
523,490,0.131065647267222
420,524,0.1310334156434141
189,559,0.13102732947451726
7,349,0.130987953154557
464,682,0.1309508549701608
523,169,0.13093677081623165
431,399,0.13093675109643713
420,488,0.1309198324403745
270,505,0.13088525914986648
420,585,0.13086514897464066
464,48,0.1308612162051815
565,12,0.13083869071412527
121,275,0.1308086337965002
382,412,0.13080037908552375
382,535,0.13079853170918632
381,166,0.13078639700555875
381,189,0.1307615919113299
523,534,0.1306600488460349
12,440,0.1306142497522098
47,597,0.1305681474775035
565,16,0.13055002557214795
47,614,0.1305494171034868
165,130,0.13054771882277116
381,606,0.13051562122551863
7,444,0.13043745507968593
270,632,0.13038515341510165
420,597,0.1303612172986088
415,60,0.1303432782276474
565,220,0.13031787639786782
47,254,0.13027480739740943
47,239,0.13022454833334737
499,36,0.1302105334017557
420,295,0.1301930062773933
47,377,0.13017876266450557
431,285,0.13017108242739037
121,303,0.13015960194060522
420,260,0.1301580251915412
121,409,0.13011414358020593
381,291,0.13009198915705023
420,329,0.1300749484442485
270,206,0.13003121369160195
165,429,0.13000412733631267
189,632,0.12999207776069116
415,94,0.1299880801817041
499,210,0.12997736556677872
7,567,0.12995221160022968
420,206,0.12993257073795952
189,588,0.12984164133527634
415,141,0.12980505154159203
523,109,0.12973871759841774
270,388,0.12969081986814177
565,222,0.1296846005411095
382,591,0.1296826685566814
523,187,0.129673284125693
12,310,0.12967003533504415
381,635,0.12965203272539808
415,446,0.12961997884427903
189,0,0.12961738782757162
415,397,0.12960056292896172
189,520,0.12956319383350748
523,93,0.1295349572458392
382,0,0.12949135254154792
189,47,0.12945664152407346
565,649,0.12942063834590986
47,241,0.12938239596739565
189,1,0.1293757289808063
420,344,0.1293396330825989
499,130,0.12924458029266958
523,126,0.12918573118849214
464,431,0.12915578151573207
121,110,0.12913200490836846
420,3,0.12912254022775876
165,73,0.1291208251564982
381,528,0.1290946900332098
47,160,0.1290926764434755
382,408,0.12907486546343375
565,574,0.1290633262029692
431,275,0.1290199260850699
523,210,0.12898273037703642
121,533,0.12889967839358593
523,479,0.1288427299471331
165,210,0.1288303219837489
565,124,0.12881217389277402
464,423,0.12878720155728704
381,339,0.1287781401954507
121,343,0.12877447184174892
189,524,0.12876790682270522
270,14,0.12876651886743332
270,176,0.12876081530251804
189,497,0.12875982014010354
420,384,0.12875878806708144
12,547,0.12868623363772755
165,370,0.12859241073008085
189,279,0.12857742690026336
420,345,0.1285716338441762
189,662,0.12852497500365093
420,311,0.12848854858636843
121,18,0.12846400530423432
189,106,0.12844743784824683
382,362,0.12842680727249325
431,101,0.12841281917039388
464,327,0.12840591017379782
523,668,0.12840581595952816
189,410,0.1283621376383915
499,691,0.12834510690752873
523,586,0.12832372513405507
381,538,0.12831698799964023
270,611,0.1283036061906137
12,633,0.1282931300307407
499,1,0.12827297180801223
499,584,0.1282710348451941
415,169,0.1282653637780198
420,506,0.12826369554448153
189,615,0.12824462829584146
523,235,0.12822433570259442
499,80,0.12822302340342176
420,11,0.12821838168417574
464,254,0.1282158589501928
121,119,0.12820769729349707
12,169,0.1281976690934028
565,172,0.12818848378016529
420,664,0.1281739790257116
165,449,0.12813974970020783
270,683,0.12807203204693532
270,355,0.12796524514774255
12,186,0.12794480793551216
381,425,0.127924692318742
7,160,0.1279024015616332
7,186,0.12790201871822268
464,216,0.12787105200612411
270,619,0.1278667416750963
415,341,0.12783996160430128
270,446,0.12783466763616916
47,538,0.12781803411699227
381,282,0.12779773537716524
381,131,0.1277731033076177
381,590,0.12777160610263819
165,675,0.12775109105503027
464,295,0.12772521592997882
189,534,0.1277136502825088
382,420,0.12769392934609822
464,111,0.12757271734667128
499,498,0.12757154992230638
7,272,0.1274796324261717
381,625,0.12746161967200442
523,307,0.1274495566811362
381,513,0.12738911527298372
381,260,0.12736048513101716
47,362,0.12734022367733472
47,388,0.12733584723124425
499,284,0.12731475431533323
189,681,0.1272555114231258
121,668,0.12720638324921518
415,668,0.12718966350482172
382,479,0.12718710817465706
270,261,0.1271007162154731
464,619,0.12704313377197607
12,392,0.12704173411266828
415,489,0.1269564057601942
464,656,0.12695189063733436
270,342,0.12695178728546253
121,640,0.12694775609792802
270,662,0.1269201778651011
523,1,0.12689767722832432
121,187,0.12687180149526542
121,176,0.12686955386443807
464,408,0.12686391758300639
7,603,0.12685683470306777
382,520,0.1268542538527456
420,105,0.12677007709020788
7,298,0.12670766633317135
12,422,0.12667895925605321
165,509,0.12666110234832176
270,205,0.12664433673090927
165,578,0.12660061649537488
47,143,0.12659476147328486
7,392,0.1265823654376003
381,247,0.12652220213891732
270,33,0.1265015580146531
464,354,0.12649195530232055
47,490,0.12647698796000595
189,619,0.1264669078545399
12,377,0.12645940977894293
523,659,0.12640260741909187
499,564,0.12633972438977994
415,607,0.1263052237031298
12,607,0.12623914019345361
381,647,0.12620830572433003
270,95,0.1261637258943647
270,426,0.1261604096976414
121,609,0.12612951364788685
270,0,0.12612856839762004
47,18,0.12607821395097693
381,294,0.12605689392519695
464,499,0.1259967954553749
499,190,0.12596536040132147
121,339,0.12592865890037136
565,324,0.1258838118191801
464,297,0.12583820122360218
420,310,0.12579023197439881
565,442,0.12577093753102894
189,496,0.1257407496095714
47,174,0.12573397133809686
431,143,0.1257194156580478
431,690,0.12567970985722932
464,547,0.1256764299424372
7,505,0.125634183419467
270,160,0.1256274628542063
47,521,0.1256074330612369
431,377,0.12554427124175171
431,149,0.1255064957565726
499,57,0.12548429138257072
565,206,0.12545571619470833
565,474,0.12545334582658743
420,604,0.1254393492145444
381,536,0.12543318615242843
381,578,0.125362221739837
381,561,0.1253258443261257
382,444,0.12532481614358607
382,273,0.12530101896013243
47,198,0.12527070449907352
121,100,0.12525117445050157
565,595,0.1252368909325166
420,312,0.12523108901496818
270,36,0.12522827541339987
464,339,0.12521655186651015
464,322,0.1251685021624571
381,153,0.1251653102995725
415,217,0.12514990651159047
565,173,0.1251422114664663
499,177,0.12511589821188795
381,480,0.12511515614796476
565,409,0.12511448825345728
12,573,0.125107581513468
431,124,0.12508651950296337
12,372,0.12504710965079258
165,153,0.12504010881577748
7,504,0.12502364927990506
12,379,0.12501317240068568
415,458,0.12496166762117694
415,302,0.12490227357202502
381,601,0.12485804030636062
121,198,0.12485698760223893
523,667,0.12483979592386929
189,489,0.1248040110359864
270,92,0.1247910257261929
270,40,0.12475404025187822
464,206,0.12474884129984302
189,403,0.12471234646096281
464,623,0.12465117838950616
523,393,0.1246433765864437
415,381,0.12462494732343936
431,437,0.1246149251894512
189,648,0.12459229190193957
165,302,0.12458625971422341
189,300,0.12448822513700127
189,145,0.1244043427105749
523,25,0.12439324924810459
12,319,0.12436599414078849
415,647,0.12430502302068093
415,110,0.12429339279896401
565,665,0.12424575404553839
565,475,0.12423619148014449
381,376,0.12415078669560904
431,552,0.12413263662132003
382,195,0.12411801579751076
565,149,0.12411786268628938
565,196,0.12407054490261837
121,653,0.12401183385144447
420,231,0.12400391969028324
47,108,0.12400160213197149
7,625,0.12399839583215248
415,355,0.12385911084193527
270,362,0.12384259649470415
270,115,0.12383710856463848
12,179,0.12383622243428896
420,140,0.12382232525400291
381,465,0.12382048555680902
523,547,0.1238181693482277
12,503,0.12381150100554801
565,129,0.12378784601191692
420,102,0.12371562569458644
189,452,0.12371370242724206
381,64,0.12368169743008087
189,689,0.12367240134220855
121,236,0.12362747800314143
382,510,0.12360423614563709
420,361,0.12359070471910377
499,367,0.12349574691265593
382,291,0.12348956089294205
189,92,0.12348064726371812
165,379,0.12344273138242566
499,162,0.12343138785778891
12,105,0.12338026380080548
382,307,0.12335762444655628
121,397,0.12332693004506905
382,488,0.1233124543861416
499,548,0.12329370166061308
420,391,0.1232683741485751
189,304,0.1232634618484768
431,604,0.12325060200105355
12,375,0.12322568174422308
565,549,0.12320193666416532
270,148,0.12317649632820346
499,526,0.12315206115054352
382,60,0.12312842935657281
420,148,0.12312592018951315
420,308,0.1231216277878492
7,279,0.12310910384953488
47,217,0.12309739800517469
420,235,0.12309169340286023
7,379,0.12308221800081089
565,92,0.12297690139262822
565,182,0.12293307045534424
565,258,0.1229238542345684
47,0,0.1228858054090249
381,185,0.1228632943116095
12,229,0.12282391498568905
464,341,0.12282371230335158
165,139,0.12277937595119225
382,628,0.12276339513895715
431,92,0.1227512515522572
47,216,0.12274111744110251
420,236,0.12271790112600918
565,52,0.12270201550480991
415,312,0.12269873366145266
464,401,0.12268319056465743
431,468,0.12263256147092975
523,662,0.1226265428658741
464,221,0.12261654708605875
189,305,0.12260018977742698
415,567,0.12259640518865796
381,187,0.12258790397911612
47,430,0.12257269953191678
121,617,0.12255797607816991
12,561,0.12251998483219795
431,610,0.12250293973728388
121,78,0.122498001786323
7,559,0.12245870293675448
381,42,0.12244303534197513
165,333,0.12242920950422052
415,130,0.12240658434602024
47,260,0.122387173567808
464,649,0.12236060580007818
270,617,0.12232563185553534
431,605,0.12232486966336183
420,386,0.12227632589682515
165,503,0.12225603711651745
565,78,0.12224006246487609
415,216,0.12220408544587538
189,573,0.12218240094539687
381,505,0.12216338059669207
270,75,0.12216228509686979
47,210,0.12215857891778541
499,114,0.12213896512521495
270,305,0.12212805969402324
420,108,0.1221062992087114
420,458,0.12210336281132667
189,411,0.1220742520231662
464,73,0.12205638458926382
565,299,0.12201263995350953
499,141,0.12196057996565907
382,274,0.12195776833691782
420,453,0.1219459274253815
464,222,0.12189342156353151
189,90,0.1218821975602579
189,34,0.12186865498468563
565,397,0.12186550499430024
464,550,0.12185646468102646
415,576,0.12184767179447133
270,449,0.12183683187420245
47,636,0.12179013171159933
431,632,0.12177448161592673
47,605,0.12177182545086186
523,285,0.12174684013581016
382,110,0.12166014845780446
121,80,0.12165087714348038
12,504,0.1216298376323033
523,295,0.12161550662458255
47,536,0.12156077336288088
12,121,0.12151357954396777
565,34,0.12148651774726883
270,139,0.12147627814509539
121,217,0.12144959353459152
165,216,0.12141716805550727
189,111,0.12139022904409344
565,215,0.12138248377930107
464,573,0.121315158243658
415,636,0.12130238765473528
565,330,0.12129496365194878
381,289,0.12128536337872373
12,431,0.12127490932825766
420,298,0.12122218870553432
7,502,0.12118523405621262
415,92,0.12118484145330226
499,330,0.12117854303465202
420,229,0.12117270883547519
189,240,0.12115911402825334
189,236,0.12114614911590829
270,106,0.12113632916586897
7,662,0.12113451147124336
7,399,0.12112693236796343
382,507,0.12108469245730595
381,387,0.12103310939471983
499,355,0.12101880792413088
431,216,0.12101386907378693
565,516,0.12100506246073289
270,464,0.12099071858391698
523,676,0.12096810854626665
270,289,0.12096729570668206
381,164,0.12095157846817475
565,581,0.1209286749199174
431,172,0.12091319499974335
415,656,0.12090894517764685
382,131,0.1208740134206583
121,239,0.12083357384788798
420,0,0.12074336462760861
165,391,0.12073661178002022
7,206,0.12071063465796217
270,677,0.12068194516979419
420,515,0.12066313376976892
523,135,0.12062266038635272
464,275,0.12059196844802261
381,396,0.12055544692287445
382,682,0.12053037561072749
7,348,0.12048774914494076
189,229,0.12044727064836044
565,49,0.12042726564509111
431,536,0.12037317021192206
165,14,0.12036363911641533
270,635,0.12035064828472807
382,575,0.12033858301257788
270,559,0.12033331219936065
382,397,0.12033256911285406
464,542,0.12032844493259666
431,0,0.12031395867150797
382,615,0.12026818218981142
415,44,0.1202485411107997
270,526,0.12024443849490808
464,521,0.12019757728630749
523,559,0.12015341065204711
420,129,0.12013521708281584
47,3,0.12009713884871177
189,423,0.12002632868599682
189,525,0.12000648451352633
523,312,0.11996328698173604
431,386,0.1199301952389697
165,397,0.11991800542853107
464,493,0.11989095208779124
381,25,0.11988024973154057
7,308,0.11987143323673466
381,259,0.1197547924971488
165,526,0.11973384923499097
523,410,0.11971066362427261
431,80,0.11967908824670037
415,335,0.11967246713289481
189,310,0.11967062059942232
189,262,0.11967021464757766
464,421,0.11965903486777699
431,547,0.11964914016800152
165,254,0.11963313245670255
189,472,0.11959206057296953
523,606,0.11957652172764807
47,168,0.11956828327878832
165,366,0.11953836570907062
270,56,0.1195379998047262
12,513,0.11952017671213319
189,506,0.11949011316136504
464,524,0.1194731505662411
415,295,0.11947258453549045
7,621,0.11946674301275825
523,195,0.11946409036502988
499,341,0.11940808505639408
464,21,0.11940616175189285
431,148,0.11938829008739238
523,221,0.11934423734936818
121,142,0.11928110130417849
382,410,0.11926258360256459
431,492,0.11925791789603414
415,463,0.1192572934324488
431,505,0.11924540876342607
381,279,0.11921992222979931
381,129,0.11921227164429822
381,494,0.1192005609873094
523,88,0.11917681595284058
464,3,0.11916798688590566
464,653,0.11916490147575691
189,326,0.1191477397244598
420,682,0.1191449003362752
121,403,0.1191357821845589
189,126,0.11913079681181467
189,277,0.11912517269428366
165,348,0.11911507521445838
382,597,0.11910061088298005
381,407,0.11907553604561526
189,553,0.1190694839065425
382,453,0.11904716197322884
420,536,0.11904586280625815
270,572,0.11904496443240298
499,216,0.11903604111693991
12,142,0.11901741353563704
464,333,0.11899805119315059
464,506,0.11894511176776235
523,14,0.11893878564619312
165,179,0.11893498504897652
382,460,0.1188515941521127
523,423,0.1188453885652495
12,333,0.11883543303456126
121,603,0.11883504690142618
420,625,0.11875866835393296
499,615,0.11873630001810065
420,574,0.11871750246216288
382,187,0.11871357387174652
499,225,0.11870966961896201
7,88,0.11868097675304363
415,548,0.11866426571716328
270,162,0.11859609122111656
165,559,0.11854201403305367
12,353,0.11853069696557456
12,451,0.11852289453215403
431,673,0.11850856075735858
381,300,0.11850632369486434
270,583,0.11839933544110214
499,307,0.11839375581597918
523,557,0.11837088976698298
382,437,0.11835854979520466
420,203,0.11832756177731305
189,221,0.11832274600324334
47,570,0.11829757830593177
12,348,0.11827167261746474
415,660,0.11825525756734093
464,479,0.11824327627009228
12,129,0.1182348451510532
47,615,0.11823359747178774
381,652,0.11823357834654313
270,73,0.11822319052367454
420,111,0.11821400998148887
7,394,0.11819827926740703
381,44,0.11817248189558202
12,318,0.11815507408163689
464,125,0.11815109608698501
7,195,0.11815024492024173
499,572,0.11814984008689904
165,90,0.11809904479418319
381,49,0.11807698953899044
499,662,0.11807455359686407
47,190,0.11803876944552676
381,76,0.1180239523988224
121,65,0.11797344744078189
499,411,0.11796089301570742
382,659,0.11791489954016135
121,431,0.11790830079883831
270,76,0.11790239718461061
431,473,0.11788138054623501
121,520,0.11787089381813577
270,88,0.11785944208599956
381,168,0.11785100207311242
415,239,0.11784366358513894
565,602,0.11783727479804647
189,316,0.11783555877319576
165,326,0.11782144672435543
121,536,0.11779300328779602
47,80,0.1177890768032674
565,181,0.11778781493327034
523,92,0.11775406732657183
7,76,0.11768427150357633
381,19,0.11767489341919882
415,472,0.11764944315790699
420,80,0.11761808922231382
47,238,0.1175863085688124
382,451,0.11757864911252015
12,202,0.11757803417016338
420,261,0.11756838429894832
420,107,0.11755376308210651
523,388,0.11754120848830135
270,135,0.11753946040449635
382,11,0.1174991359496247
420,581,0.11749620438961567
381,250,0.11747762321017664
420,551,0.11746266594030241
189,119,0.11744838082653433
565,620,0.11738117688642223
382,464,0.11737019793053448
415,486,0.1173599628248389
565,114,0.11735005838717409
382,506,0.11734962064390249
121,557,0.11734950509341156
12,388,0.11734935724983311
381,174,0.11734072947502437
7,221,0.11733334686841305
420,88,0.11732650611874877
523,632,0.11731689854223569
420,279,0.11729966708383464
189,397,0.11726218597954284
415,305,0.11724727582351459
565,445,0.11724279664339413
7,307,0.11721000963665906
189,10,0.11720825033617245
431,397,0.11718191249332328
189,294,0.1171484505248417
431,183,0.11713967120227785
382,421,0.1171070895758821
420,94,0.11709028975030528
499,42,0.11708253039644301
121,420,0.11706476992064048
382,386,0.11700410940100504
499,606,0.11699914225678475
189,443,0.11695088518282394
499,520,0.11694672533058512
382,212,0.1169256547873542
499,223,0.11687807032477064
270,561,0.11685128355177775
420,300,0.1168099150492811
415,253,0.1168001364194676
165,282,0.1167947959222439
7,26,0.1167667371173258
415,539,0.11675513551374192
381,306,0.11673346963623486
382,92,0.11670915886211322
165,26,0.1166679930401989
523,456,0.11665278588241418
382,196,0.11664851518841432
420,522,0.11664083693212775
270,412,0.11660622556359389
415,392,0.11653768742183275
420,611,0.11649972670738877
47,125,0.1164505145593804
189,198,0.11644671322677096
270,347,0.11641772294320651
464,238,0.11641724073147384
464,217,0.1163925954301203
270,229,0.1163736027278653
381,285,0.11634817634310264
523,294,0.11634493724009204
464,513,0.11631638458561208
415,235,0.11631195666693023
523,354,0.11627090543406435
464,294,0.11624937565024697
565,685,0.11622485040344241
165,499,0.11621357125107205
121,664,0.11619471524995417
464,593,0.11616532409101417
381,199,0.11615925825604666
12,559,0.11611859998928066
565,237,0.11611402456197713
523,367,0.11605776784616177
431,445,0.11605271370427551
420,64,0.11602754484010035
565,591,0.11598400391452683
121,291,0.11598199722902743
431,664,0.11598103423835802
165,567,0.11596344599887488
7,370,0.11595632373580854
165,588,0.1159559898519973
381,506,0.11593633982294906
270,299,0.11592688884734302
189,495,0.11590403750856063
7,576,0.11590147481940609
382,135,0.11583618530146339
415,191,0.11583199776565123
523,355,0.11582775832592676
431,682,0.1158270110185524
415,127,0.11578215705421231
270,474,0.11575194411223595
12,111,0.11574402981651291
189,550,0.1157416851413395
523,160,0.11573724518770927
189,261,0.11572808626259819
565,384,0.115627484098887
420,95,0.11560183773989804
381,236,0.1155910383747068
12,10,0.11558743613247294
12,597,0.1155416771281293
382,606,0.11551736743597518
565,566,0.11542087924179548
47,575,0.11540314811575861
464,102,0.11537126525457536
464,90,0.11534457026363018
12,282,0.11533823253445956
382,513,0.11533168636923745
270,311,0.11532368791864674
189,282,0.1153228751703687
7,610,0.11530995744126893
12,84,0.11527095806345361
270,468,0.11526722064835103
420,362,0.11526265236369938
381,672,0.11524054723996419
12,683,0.11517027230131742
415,284,0.1151132463135191
420,663,0.11511098142893987
7,108,0.11506670828308574
565,637,0.11504256822624871
270,548,0.11502203641947782
464,553,0.11501526294497542
47,561,0.1149959602058965
47,686,0.11495005761900444
415,22,0.11491718951177239
523,595,0.11487799666887409
381,400,0.11480999589752028
12,621,0.11476426135718502
464,412,0.11476156804411515
523,536,0.11474149107762019
12,187,0.11472281284233726
382,514,0.11470755986261151
420,216,0.11467761105574782
12,273,0.11467184203799385
47,264,0.1146528879698461
382,429,0.11464841709790544
189,376,0.11462752853820662
381,632,0.11462528942681184
523,40,0.11462320494322398
382,49,0.11461733697883762
12,557,0.11459951176992178
415,440,0.11459721800794852
565,478,0.114583051183702
47,416,0.11455679304994118
464,627,0.11447048155604611
121,1,0.1144661357554778
382,605,0.11441551578756884
499,354,0.11436009375483172
499,547,0.11435326815982841
431,354,0.11434083787933748
565,515,0.11433789947199087
270,384,0.11428012187595676
381,614,0.1142658535967456
464,274,0.11425776339818638
270,607,0.11425009260888493
415,61,0.1142424161810834
415,254,0.11422508763780644
382,603,0.11421721316824064
270,275,0.11417682035943236
565,214,0.11415323237026176
499,384,0.11415203507708023
121,608,0.11414361751963356
47,525,0.11412253501901229
420,416,0.11409055372666267
523,101,0.11408465970343494
121,75,0.11404476786422278
415,520,0.11401739001532922
382,310,0.1140153737567384
431,412,0.11399506969855373
431,585,0.1139912317128549
420,115,0.11399080912774852
270,429,0.11398957423323706
189,114,0.11397300307110163
499,193,0.11397004276142969
270,282,0.11395563838269913
415,412,0.11391022628481934
270,177,0.11390788318345861
47,262,0.11389903507942274
420,559,0.11389737677097085
523,660,0.11388401782069094
523,153,0.11385393759501869
464,526,0.1138380018988788
420,199,0.11383586604277537
270,330,0.1138348881180763
464,218,0.11380312260931094
565,316,0.1137924864026764
382,163,0.11378907013464747
420,212,0.11378124490805226
165,552,0.11374868975050997
47,515,0.11373284635825402
464,373,0.11370184635125999
381,274,0.11369147061764034
7,127,0.11367319240792946
165,658,0.11367233779975972
270,621,0.11363209245893414
381,622,0.11362241269049062
464,56,0.11360621292690266
420,217,0.11358717719216138
431,235,0.11358620530301211
270,260,0.11356217481319472
464,399,0.1135433805770505
382,435,0.11350082508802761
270,576,0.11349793239172865
381,124,0.1134061331417819
523,342,0.1133718653907944
381,687,0.11336237615061666
420,521,0.11330711821250587
523,429,0.11325396423457353
565,522,0.11323855904704586
7,15,0.11322844446164097
381,343,0.11317966047425765
420,92,0.11316506913861007
381,401,0.11315679029556375
382,543,0.11314657624061158
121,229,0.11311123038903288
431,464,0.11308192141502867
499,34,0.11304426369242304
382,65,0.11303503213740382
431,309,0.1130323919523227
47,423,0.11300670060308746
420,480,0.1130026512629969
12,140,0.11292607114533874
499,154,0.1129076760874783
165,181,0.11286525833859602
464,559,0.11284861323672937
12,647,0.11283824931112894
47,94,0.11282058169225731
381,450,0.11280640723688079
270,663,0.11280136584879477
382,142,0.11278967871673595
382,197,0.11276737928508015
382,8,0.11276700333661971
382,557,0.11273611202995966
464,250,0.11271930493931923
464,172,0.11271699398612336
415,177,0.11270723041998869
189,386,0.11270197301375165
381,550,0.11269254562265296
47,553,0.11266392277043509
565,19,0.11265186917171964
382,181,0.11264377369236324
47,349,0.11264154524701789
382,533,0.11262886757862328
382,499,0.11258337825807106
381,273,0.11257701150300717
523,499,0.11254439629339301
420,218,0.11250452971431713
381,303,0.11247045436647857
382,158,0.11244840575597952
382,129,0.112431822315932
420,491,0.11240546172739654
47,382,0.11240352803847586
499,468,0.11240072669760716
47,363,0.11238522110206844
420,373,0.1123495311380694
121,468,0.11233428114414179
420,346,0.11232999921317417
7,537,0.11229303975863034
431,488,0.11227578773520386
464,326,0.11225271750267717
189,14,0.11220856114063031
464,558,0.11212856356570641
381,435,0.11211194478043661
420,435,0.11202960159330567
565,366,0.11201290992656192
270,649,0.1120003500667452
420,463,0.11196955090343844
382,526,0.11193998251869468
464,537,0.1119362271871254
47,295,0.11193391939216008
165,197,0.11188512369171652
270,112,0.11187952619184381
464,382,0.1118557726734048
431,105,0.11184182494230642
382,240,0.11181695139543539
47,183,0.11177917497098404
12,376,0.11177392019024913
12,419,0.11175159241193307
523,605,0.11174216421199254
189,437,0.1116970853976228
415,42,0.11169620501119942
382,255,0.11168545700242843
189,502,0.11162279952249968
464,660,0.11161482436284528
499,534,0.11161128202510043
165,490,0.1115816044243968
382,688,0.11157970381534164
7,19,0.11155566096255164
12,617,0.11153744826012794
47,150,0.11152026396886837
431,684,0.11149959754651374
270,121,0.11145759762752379
189,686,0.11138226879703919
189,375,0.11136656919891896
381,636,0.11136639618956652
464,349,0.11134871519842564
189,429,0.11130926039668006
381,534,0.11128273182964252
565,362,0.11126995364072773
7,676,0.11126728230106399
464,538,0.11125044011880844
431,78,0.11124902481166218
523,607,0.1112342779048397
12,36,0.11120496655150616
12,218,0.11119547943177759
121,193,0.11117357666138253
7,103,0.11117230574340237
121,320,0.11116143256371536
165,505,0.1111450540406259
415,536,0.11113766672294882
382,47,0.11107462273843224
12,255,0.1110567861736316
565,3,0.1110447178936708
381,525,0.11099073076617487
523,444,0.11097729145613679
415,162,0.11097685337704866
270,664,0.1109727340896491
431,658,0.11093496532086003
499,302,0.11092999880484848
7,525,0.11091597358939523
431,597,0.11091328839868718
523,261,0.1109128055296978
499,451,0.11090819635480462
270,80,0.11090349322895662
270,602,0.11089019690226065
499,536,0.11086615976390753
464,369,0.11085718740496935
499,414,0.11082185937733459
12,212,0.11080764587324221
47,503,0.1107961841931015
47,372,0.1107846655499998
420,16,0.11075455473917699
499,264,0.11070057259741387
382,225,0.11069611559562602
382,217,0.11066605529760568
499,294,0.11064803140479727
415,114,0.1106235241938677
381,416,0.11060431626926366
381,616,0.11057761264821164
523,489,0.11055691070769207
189,33,0.1105209315837286
523,575,0.1104594304738081
415,218,0.1104493605457172
415,109,0.11044041946843772
12,24,0.11042848060850305
47,17,0.11041107569494969
382,358,0.1103975422028828
415,75,0.11038415127525396
270,660,0.11036299637834436
431,419,0.11036157606531385
189,42,0.11035627917453712
415,619,0.11035556438931506
7,342,0.11033054838472783
415,526,0.11028729682609623
523,16,0.11026668546559383
189,256,0.11025683163788147
382,346,0.11025204834597213
464,92,0.11019706626053286
47,112,0.11018160687389597
382,292,0.11017035882870682
420,403,0.11009292765023433
464,637,0.11007653793608767
189,215,0.11007081706144073
381,583,0.10996604209384475
382,441,0.10995578268340114
381,22,0.10995337023315634
499,480,0.10993415899995283
382,458,0.10991968400261512
415,338,0.10989520614434378
464,449,0.10989136430075976
523,108,0.10988946423111857
420,188,0.1098306066976334
7,682,0.10981761507046793
420,627,0.10980917018249779
464,686,0.10979485504380732
431,363,0.10978788509289791
165,565,0.10978761804899707
381,157,0.10977334734385706
565,589,0.10972510971113461
7,490,0.10969590530212217
189,298,0.1096811759104874
12,554,0.10967927322698126
381,629,0.10967775877381622
270,63,0.10967381330615694
121,143,0.1095698657637443
464,572,0.109556422604865
523,621,0.10954935842191292
431,615,0.10954876595328514
381,163,0.1095071032909586
121,383,0.10948611026308502
270,353,0.10948536829133011
189,620,0.10946490075953469
415,333,0.10946176599927702
12,628,0.10945390583865677
415,485,0.10941378905275966
189,11,0.10940572318793651
381,293,0.1093958603199937
189,558,0.10939378606644129
47,206,0.109375241487629
565,663,0.10937059278044177
523,181,0.10932839977055936
420,441,0.10932181581451332
121,242,0.10929707240955247
464,376,0.10929038519274384
420,661,0.10927165902604519
382,298,0.10926894766810312
381,37,0.10924290763713172
189,116,0.10924272975989818
12,668,0.10920379565080413
165,547,0.10919149773370629
464,215,0.10918663191704288
523,3,0.10918622410925134
270,15,0.10915656739242954
431,91,0.10915281339866784
415,125,0.10913931151207858
165,305,0.10913742647658883
464,272,0.10913610323847732
382,329,0.1091269533506645
420,492,0.10912262821031156
464,169,0.10909226049237235
7,114,0.10908834955933518
47,341,0.10908405056637406
382,480,0.10907955792924814
165,40,0.10903827131303274
47,274,0.1090243306824347
499,199,0.10901068108392127
165,36,0.1090033236495533
121,587,0.10899789951533324
382,632,0.10892759981466799
499,238,0.10892077365556005
523,661,0.10891928241988419
165,141,0.10887892578490918
165,689,0.10884616282977656
499,75,0.10875530481199447
431,570,0.10869680178998414
464,419,0.10864147250126462
382,503,0.1085900606679712
415,298,0.10856782952417006
165,368,0.10856157874023939
420,250,0.1085521632825433
189,603,0.10851436002428635
121,181,0.10850433967337073
47,240,0.10849833847360787
121,272,0.10849259980620835
420,592,0.10848557405326606
270,473,0.10847179886405814
382,372,0.10842337711270852
47,176,0.10839242167699177
47,397,0.10838323186348178
381,188,0.10837947291786176
7,600,0.10837411842074361
415,550,0.10835510012625718
7,397,0.10833810941022944
415,47,0.10833333858926228
382,490,0.10832424193379098
12,541,0.10830955978166182
523,218,0.10828152356528781
121,471,0.10825198936937197
464,255,0.10821094524417757
420,15,0.10820852467152944
121,518,0.10820705846283835
464,651,0.10815268681007201
12,241,0.108057599488319
431,589,0.10801426861614213
565,370,0.10800971832297901
121,675,0.10799630865267437
420,293,0.1079800588132875
270,126,0.10796153132153488
523,539,0.10793514126496787
121,524,0.10792442317767165
523,617,0.10792400343865528
382,199,0.10788550362179292
565,97,0.10787766776448354
565,605,0.10787517497070122
499,135,0.10787170786891973
165,554,0.10785726575760642
415,244,0.10784695171572758
47,180,0.10781788636019135
382,141,0.10781725968929473
565,667,0.10780688575078014
12,551,0.10779658032723059
420,83,0.10779471729906712
420,291,0.10778838863544189
420,649,0.10778734179982963
189,557,0.10775596148832031
499,431,0.107752869798006
121,424,0.10770768996906487
415,652,0.10768112818451561
189,587,0.10767436788121534
381,95,0.10766062895392177
270,460,0.10765368522765287
121,453,0.10762780689151429
420,472,0.10759595363084684
381,398,0.10758644134571405
382,635,0.1075833788054233
464,18,0.10755454872548985
165,18,0.10754473932135283
270,294,0.10754285789300709
189,672,0.10749241590604332
499,637,0.10747407262188562
165,107,0.10746944881227452
523,440,0.10745926707142026
431,349,0.10738204932220705
499,649,0.10736695099748057
431,429,0.10735267046107992
270,472,0.1073437255029264
189,105,0.10729810437405532
121,305,0.10726722079373757
523,274,0.10726685340794377
431,499,0.10724183856994567
464,261,0.10723105791332281
499,585,0.10722760202626068
7,677,0.10721503271901044
121,539,0.10721447962493035
499,503,0.10718383256841
415,199,0.10717397902599919
523,604,0.1071637611681868
270,361,0.1070951660619853
420,443,0.10708122279896315
189,440,0.10707301215978349
121,683,0.10706836608605542
47,319,0.10701359771145307
464,231,0.10698592030704085
523,416,0.10697421356854223
189,396,0.10696843658435588
270,149,0.10694865662134397
565,660,0.10694120191488661
464,439,0.10691338504863805
121,90,0.10688057592574664
7,668,0.10687144027217187
270,659,0.10685489296661488
499,93,0.10684747268193251
121,329,0.10684535653219764
381,231,0.1068288554948824
499,261,0.10682319248873218
270,415,0.10681063039536186
270,558,0.10680659060297731
189,551,0.10678703477405152
189,621,0.10678435933855664
189,59,0.1067468716414303
464,530,0.10672131511492165
415,352,0.10670057684785286
12,176,0.10668909459103308
121,292,0.1066853799419841
499,48,0.10666922287378203
165,561,0.10665119193574331
565,81,0.10662424940636477
47,215,0.10658334148813639
12,139,0.10653228462610315
270,300,0.1064904608978816
7,664,0.10648427783895158
523,589,0.10647281601345032
464,197,0.10646868502400372
381,549,0.10646075526227687
189,130,0.10643162673181249
12,114,0.10639195716269909
523,188,0.10634959994917573
47,429,0.10631769482709727
464,589,0.10629913236253409
270,552,0.10627704482148503
121,299,0.1062727668859946
420,600,0.10625247754375296
121,241,0.10622456740765512
431,446,0.10620433916854335
415,690,0.1061900348885569
415,535,0.10617633082560982
420,25,0.10617019684984344
12,217,0.10613727502654181
382,541,0.10611840106005437
189,623,0.1061133935657564
7,11,0.10610675067726784
431,273,0.10610179888283619
7,168,0.10607504158056019
382,190,0.10603050511591323
499,530,0.10601838644885254
47,244,0.10600595387743737
121,525,0.1059949036084389
270,397,0.10598238476681804
523,681,0.10594703413104654
431,450,0.10593804021742864
565,363,0.10593106023455497
499,368,0.10591532890371858
565,493,0.10590008007622828
189,217,0.10588743579415795
270,349,0.10587288229577849
121,277,0.1058702730737913
415,354,0.10586808571659485
499,458,0.10579364616673648
523,219,0.10578190626674676
12,59,0.10576192690761582
270,486,0.1057540082965881
165,412,0.10575065631980524
464,601,0.1057362856167546
12,279,0.10573420772301985
189,409,0.10573223293094332
523,507,0.10573173792896134
189,421,0.10571053937109229
420,234,0.10569446497419935
12,307,0.10568579186477862
12,8,0.10567333194082375
464,541,0.10562938818940973
270,608,0.1056227148635439
523,279,0.10560353112102905
270,578,0.10559011506418953
464,109,0.10557962755073386
121,661,0.10549042691922156
382,690,0.1054891194047454
382,491,0.10548034798622366
7,354,0.10547129906578927
189,63,0.10546672527300605
420,439,0.10546245730390366
431,291,0.105457892645965
47,40,0.10540654959766069
270,480,0.10538777790952637
121,338,0.1053668825846586
420,647,0.10536069687600497
381,15,0.10532850489530705
382,676,0.10531363408341286
464,661,0.10528539900735412
464,126,0.1052678552334378
47,300,0.10524249166114844
270,573,0.10523761592394396
565,2,0.1052372583364984
415,684,0.10521081230090192
189,629,0.10512351586979803
47,627,0.10503739751864331
47,205,0.10497982040030589
381,640,0.10495899548449372
270,381,0.1049540606368232
270,488,0.10495227677200847
382,572,0.10494187673275057
381,21,0.10490589797990058
382,119,0.10489541791393368
47,14,0.10487293092153674
165,80,0.10485669664258378
12,381,0.10483229281389382
523,588,0.10483149849858849
499,658,0.1048290169522014
382,97,0.10482003346630671
381,184,0.10481701621817581
165,238,0.10480347651003176
382,593,0.10477845587959529
381,218,0.10472171785197247
270,367,0.10469825474280502
415,173,0.10469075745547478
464,91,0.10465410149947389
431,627,0.10465102505555626
565,145,0.10464996477178864
381,275,0.10464932823384876
382,42,0.10458361353835827
499,454,0.1045731245623173
12,660,0.10456498649150231
415,129,0.10453924139347386
523,669,0.10453192450368032
464,663,0.10451549221893802
270,284,0.10448048535820327
499,472,0.10446933298251553
415,259,0.10444963375408856
382,661,0.10438113648075624
121,206,0.10437194267327193
189,352,0.10434976586323967
381,335,0.10433545309853058
189,373,0.10433526345835893
499,502,0.1043253053281962
47,488,0.1043187620721013
565,687,0.10431818516707404
420,681,0.10429758134360294
121,554,0.10429318921818216
121,375,0.10426628593018067
12,153,0.10423788027225481
464,511,0.10421710387775904
464,463,0.10420711391813363
165,518,0.10418927725523407
420,349,0.10418217799900904
382,220,0.10409725908133141
523,125,0.10407747662234232
499,167,0.10407222203492952
382,319,0.10402849560873347
420,8,0.10402236903231044
189,652,0.10402200262873013
499,198,0.10401541912339292
382,308,0.1040086034777859
165,44,0.1039972827800848
464,357,0.10399150691732635
431,311,0.10393020987241432
382,93,0.10389097231084726
270,606,0.10388453847455811
270,142,0.10386988517864444
382,166,0.10385316040897766
415,274,0.10384628436898989
12,219,0.10381039309978501
381,688,0.10379739015747422
565,273,0.10375385867223788
189,103,0.10374009782496539
270,592,0.103678624480409
47,558,0.10361788235433037
523,348,0.10360611562608542
415,403,0.10359841156630818
47,73,0.1035971869930955
270,352,0.10357100853955607
431,458,0.10355311495239178
165,92,0.10354725881818286
565,248,0.10350930363134442
270,416,0.10349785370406832
523,420,0.10348179922658023
12,223,0.10348024247071982
431,669,0.10347611824075444
381,8,0.10346140334554405
420,519,0.1034503571003717
382,525,0.10343086097327489
431,400,0.10342952080671348
189,592,0.10339955940862115
382,88,0.10339037191396364
499,342,0.10338527413883859
382,354,0.10335923330149925
189,108,0.1033454134225558
12,450,0.1032825224069152
381,598,0.10327791765462047
189,658,0.10327414817797972
464,240,0.10325528223403077
381,326,0.10325321529565698
420,224,0.10319353430128025
415,586,0.10318015736605649
464,256,0.10314698689561183
464,509,0.10309573091456396
415,605,0.10309335359402193
381,245,0.10305762855717646
7,8,0.10302823822020098
381,637,0.10302004966949124
270,481,0.10301857588332013
464,270,0.10300411372393584
189,690,0.10298595498272951
523,226,0.10295637752346
121,83,0.10295006932559017
565,207,0.10294455493820355
189,260,0.10291878733780171
420,545,0.10289895835318699
499,173,0.10289805366401719
382,539,0.10289803330652993
12,180,0.10289765776132173
431,202,0.10288742351148958
270,403,0.10287742176617817
415,661,0.10283940546595784
270,691,0.10281992477529127
420,14,0.10281495099428316
47,658,0.10280254166836572
523,186,0.10277682570677868
270,101,0.10277663177089405
12,505,0.10274644338980485
47,344,0.10273869295334237
165,160,0.10270576956294833
565,578,0.10269044769987137
381,272,0.10268341483490412
382,63,0.10267715551456187
420,197,0.10267684877239788
121,166,0.10264981420841553
47,652,0.1026398829298421
270,169,0.10260745394319261
415,608,0.10260202415770721
189,87,0.10254681970621066
464,129,0.1025380692435595
499,597,0.10252386879649379
464,259,0.10248924731394042
7,456,0.10247950263009158
7,412,0.10246914500788092
270,455,0.1024586386589614
420,382,0.1024519784984439
565,186,0.10238732762191502
121,0,0.10236665360870857
189,109,0.10236458988630459
420,318,0.10234968122189267
47,140,0.10233714818460435
431,316,0.10231014892006854
47,212,0.10230742295892399
464,94,0.10230254097853937
12,262,0.1023004826250193
7,264,0.10227728093103751
499,327,0.10227110323326777
189,187,0.1022691250281612
415,457,0.10225318999411397
12,312,0.10224877445025914
382,193,0.10223005238453849
270,582,0.10222956390622465
431,573,0.10220524412701197
47,111,0.10218835609771364
12,521,0.10215638298832046
381,373,0.10214199722525504
565,550,0.10212098482496851
464,82,0.1021058534728476
47,279,0.10209653100311666
431,506,0.10209466591141886
165,627,0.10208983500933504
382,622,0.10207592931805208
381,432,0.10204956061438902
499,345,0.1020364315664572
415,557,0.10202627318529268
47,294,0.10200285739507604
382,216,0.10198990594369978
499,592,0.10195506228312508
270,119,0.10192853051401188
420,538,0.10189298146941893
420,374,0.1018434759397416
270,306,0.10184322100242825
381,524,0.10182369966284184
499,92,0.10179614036119988
382,259,0.10179309370002017
12,195,0.1017818718240234
499,121,0.10173282485498096
464,438,0.10170798143057996
415,549,0.10170779601573707
189,231,0.10169453438023306
12,345,0.10169000310716157
47,293,0.10168659736870238
565,76,0.10166789697868933
420,461,0.10166087528296143
565,385,0.1016509717573057
565,296,0.1016488119915115
189,444,0.10163574528933216
382,548,0.10162475098909778
420,671,0.10162168143169205
12,675,0.1015893995295479
270,290,0.10158294336033723
165,180,0.10154262799293663
499,338,0.10153135000625757
189,467,0.10151752429279433
523,437,0.10151503962888027
189,322,0.10149929445338103
420,350,0.10147759590052811
499,298,0.10142908340647426
381,149,0.10142555850669356
431,293,0.10140048893022974
565,60,0.10139880033051388
121,548,0.10139248324096077
523,652,0.10137469240767023
420,640,0.10135404613289692
47,458,0.10133997018468965
47,489,0.10133512076292323
565,690,0.10131603474478769
165,100,0.10130299837614008
189,219,0.10130253346711302
499,375,0.10130154920797638
499,618,0.10127609909906635
121,44,0.10126678122542017
565,678,0.1012657202827615
420,332,0.10123047225612578
499,319,0.10121119148695736
189,422,0.10119641357271929
499,421,0.10117872057341304
270,354,0.10116070661674086
523,619,0.10112451980606128
381,144,0.10111574213815669
565,689,0.10108519800800365
270,253,0.1010644081245686
420,528,0.10106239158820125
189,188,0.10104819682797857
121,149,0.10103660232819216
565,203,0.10102597369670432
189,212,0.10099330232206326
12,403,0.10099291961622325
420,401,0.10098390924793808
420,414,0.1009703802270606
270,688,0.10092722914964077
431,619,0.10091959883824969
464,293,0.10088483820363613
121,144,0.10088151587248442
270,60,0.10088120918155659
431,19,0.10087862507503778
7,100,0.1008699730258641
12,615,0.10085019095033466
499,519,0.10084845684002741
270,259,0.10084021909241998
464,446,0.10083282934258035
189,578,0.10082782821065162
420,19,0.1008261892933592
499,241,0.10080729103950256
415,163,0.10080500864063908
47,87,0.10079842442329456
189,125,0.10079394149642008
499,65,0.10078034883454208
121,511,0.10076459487142979
12,429,0.10075251081827347
464,174,0.10074798647847956
523,525,0.10073763092341442
381,9,0.10072199420315206
565,684,0.10068906146030421
523,7,0.10068331723947756
464,107,0.10065970691118373
382,342,0.1006497536153995
464,105,0.10063387440014292
12,454,0.1006119785099023
415,635,0.10060967821996099
415,497,0.10060923942124304
431,50,0.10058120474243372
499,142,0.10057339821820853
165,318,0.1005513070981816
270,400,0.10054882474545324
415,633,0.10053082019120861
12,193,0.10051751837003156
565,435,0.10048341672672972
47,127,0.10048278305948984
431,441,0.1004613406552261
565,425,0.10043948888524652
7,661,0.10043283724858407
565,436,0.10038438862190643
415,241,0.10038055458724118
464,625,0.10037592592017901
431,125,0.10036559069115698
420,196,0.10035566693530434
523,682,0.10034564712328921
381,491,0.1003169039570681
381,366,0.10030064518458155
523,66,0.1002917012717196
270,94,0.1002725251384027
121,461,0.1002700078891377
499,166,0.100227399550335
382,2,0.10014878074433624
499,352,0.10013791633091784
420,513,0.1001240530636201
415,422,0.10010397891642699
121,93,0.10007196755587582
415,187,0.10002845777422245
189,100,0.10001639371129886
431,421,0.10000461894605682
499,109,0.09998395380692485
420,684,0.09997777037269709
523,373,0.09996134085752571
189,441,0.09994866964320723
382,343,0.09992064033982487
499,318,0.09990516404077097
499,430,0.09987815240798002
189,141,0.09986815200228458
499,429,0.09984103958968357
415,606,0.09983160217622009
121,139,0.09981649132487441
381,313,0.09980991378196874
270,48,0.09980766039167992
523,327,0.09980479204729142
565,259,0.09977527341911242
12,586,0.09975818370688697
523,49,0.09972219814150819
47,629,0.09970366297414736
565,221,0.09967838243091216
7,647,0.09967192960429254
523,341,0.09966872841589007
12,127,0.09964147606815045
382,522,0.0995944791161069
565,593,0.09958155086893766
270,173,0.09955714104153943
121,197,0.09955619590905639
415,202,0.09955410239613073
165,409,0.09955151791136219
12,206,0.09951999467653382
415,304,0.0994938114318872
382,250,0.09948221428828742
7,180,0.09947848073791069
415,95,0.09942373465726641
523,110,0.09939248552539105
382,309,0.09938066706628108
121,56,0.09936437833185954
464,147,0.09935509694765787
420,353,0.09931093218461066
189,88,0.09929878996267735
121,115,0.09929394854933285
381,600,0.09929026781939873
415,112,0.09927918438613678
12,393,0.09926647099982712
47,625,0.09925990865428275
523,206,0.09924093004123502
464,95,0.09923925167035305
420,387,0.0992347449316666
523,111,0.09921181484085821
382,614,0.09920867867982533
499,442,0.09917978505444656
165,393,0.09917709024651372
415,578,0.0991605092659752
189,461,0.09915917800803653
523,680,0.09915871632750706
12,626,0.09915504539928821
121,550,0.09914878424749057
12,322,0.09914175654672734
565,71,0.099116904899159
523,412,0.099077766873685
464,226,0.09907354743843434
415,689,0.09906753171968026
381,258,0.09906033929203567
7,339,0.09905041595266219
420,172,0.09902890681681539
12,455,0.09902398040008324
165,533,0.0989872530144124
464,185,0.09897940827544298
431,147,0.09897785372253315
121,63,0.09893930812136983
121,574,0.0989350615915291
565,224,0.09892174337903155
382,509,0.09886086997794596
415,659,0.09884392253591433
523,653,0.09883458024793436
121,259,0.09881745219845707
189,561,0.09880167978890879
189,180,0.09876178672881104
523,298,0.09872801222308528
270,387,0.09870118651147206
12,188,0.09869125098256291
165,550,0.09867881143614607
270,318,0.09864133940977855
565,517,0.09862983122165316
464,677,0.09862854589134243
420,299,0.09862610043347754
420,320,0.09861584092466999
415,272,0.09860572475263732
499,419,0.09858483515049563
12,640,0.09858288891596571
523,143,0.09855346894681329
165,229,0.09855192411424953
420,173,0.09852527109623606
464,195,0.09850721776374317
189,264,0.09849626411057706
189,404,0.0984839543647058
382,467,0.09847741816931174
121,106,0.09847043912651122
431,462,0.09843594566066224
565,373,0.09842959994494464
382,168,0.09840214072364983
47,348,0.09839287355512243
415,179,0.09835387170866156
499,339,0.09833752913920814
415,366,0.09832473747718375
420,438,0.09830500225489457
420,2,0.09829835619215627
121,553,0.09829527512119231
523,431,0.09829086351253265
189,102,0.09828590181906471
189,554,0.09826772786972654
165,372,0.09826265268074927
420,451,0.09826014062825561
270,262,0.09824259990114545
47,64,0.09821320615768797
47,547,0.09820252885721502
270,522,0.09817601419189642
523,216,0.09817049754952034
12,534,0.09815501838969524
7,316,0.09812671298215743
415,444,0.09810595155294978
382,353,0.09809286256362748
431,2,0.09808515763462604
381,592,0.09807989486288878
464,199,0.09806474247968015
47,149,0.09806093469897591
12,222,0.09805776348166223
270,181,0.09803628611368055
464,145,0.09803328896081767
121,486,0.09800761635176539
415,388,0.09797134252446256
165,24,0.09794289955520827
12,606,0.09793158649862957
189,73,0.0979240200572212
464,273,0.0979047820515211
523,103,0.09789031809980978
464,584,0.09787078140079083
415,223,0.09787063891978444
47,11,0.09785970140691963
270,87,0.09776606240063397
270,536,0.09776440202525888
12,61,0.09771894983659855
47,510,0.09771603579950834
47,2,0.09768039356390587
420,358,0.0976584333134761
382,611,0.09762858997070475
12,366,0.09762005518681087
431,239,0.09750529511232633
47,491,0.09741929460629516
47,619,0.09739051955971882
121,34,0.09738000640830215
499,244,0.09737476580970963
189,93,0.09735497007695762
47,255,0.09730033617306498
189,60,0.09729711271593809
382,547,0.09728788041599576
523,148,0.0972853674073336
523,664,0.0972847467244183
47,623,0.09727665767894739
431,102,0.0972572524382068
270,658,0.09721310212204781
270,226,0.09720632714415406
189,391,0.09720014548794836
47,444,0.09717903693378104
464,300,0.09714589867446094
12,177,0.09712285317391574
189,414,0.09711366950207025
499,422,0.09708925358959841
121,64,0.09707744742086914
270,422,0.09707408718424948
415,70,0.09705233349624497
381,269,0.09704332304915489
431,600,0.09703660834920667
415,348,0.09703594028042921
415,260,0.0970339310534764
523,236,0.09703168785895015
270,214,0.09699590096022087
381,256,0.0969764900040901
523,36,0.0969726116875248
431,587,0.09695767602981557
499,516,0.09695579870164923
499,214,0.09695141554434196
121,300,0.09692069860443532
189,324,0.09691217050125142
499,18,0.09691149890316712
47,548,0.0968959244403302
499,505,0.09689488155975048
121,168,0.09689366087816019
382,40,0.09688488065519794
270,279,0.0968807974572785
565,387,0.09687493432013854
499,172,0.09684295640338338
420,578,0.09683579096482826
12,95,0.09681910783240953
382,672,0.09681379814038685
382,236,0.09680469847117838
382,180,0.09680453792342275
464,143,0.09678474747240984
12,343,0.0967574119550104
431,366,0.09675639162662951
431,497,0.0967536593790094
499,180,0.09674714781710309
415,691,0.09674195209323479
523,183,0.09670030879012609
499,326,0.09668955743199895
7,322,0.0966735038703247
464,22,0.09667317631811237
499,409,0.09666422145044196
382,300,0.09664625186125836
189,199,0.09664410266739698
270,312,0.09662443590185589
270,605,0.09662052235359109
415,554,0.09661158385331592
464,545,0.09660546623783918
565,376,0.09659711277370825
382,318,0.09657954815829645
420,153,0.09657203476299409
431,100,0.09656723253530636
499,652,0.09655990860166858
121,16,0.09651800812607975
47,169,0.09651645283480546
12,481,0.09649516025193546
431,683,0.09648872928095718
499,581,0.09647246280037083
420,588,0.0964483612986935
420,601,0.09644394882969147
499,279,0.09640588973145815
464,367,0.09640463805287776
565,269,0.0963875061628769
431,34,0.09632291718445025
464,101,0.09632201945103812
189,431,0.09631017670770982
7,163,0.09629908137671842
189,628,0.09627713967634403
189,220,0.09626975049274858
121,497,0.09626757378699358
382,222,0.09626588132776648
270,564,0.09626572350368286
431,203,0.09619883341199738
499,254,0.09615511476779073
464,130,0.096139473228722
415,534,0.09611210075505465
189,366,0.0961035279124742
7,587,0.09609731616858253
121,515,0.09608129103149131
47,396,0.0960646043562131
464,121,0.09603493839473778
431,64,0.09603029570319813
523,50,0.09602170827252637
12,337,0.09602096454682986
12,26,0.09595120202091557
270,186,0.09593230141205861
7,344,0.0959183566919993
420,195,0.09588289179702092
499,531,0.0958826981011807
565,508,0.09583934221010909
121,473,0.09583781092093438
415,377,0.09583286263505203
382,235,0.09582836243585711
420,595,0.09580680801048996
499,188,0.09579512446421502
382,629,0.09578353244082505
464,585,0.09577574045793805
499,489,0.09577027543100405
7,14,0.09574969069767708
189,115,0.09574367156821222
464,188,0.0957225137364099
523,112,0.09569882711565002
189,353,0.09569053241371608
189,228,0.09568815518060408
7,632,0.0956652706002494
499,382,0.0956634359746281
431,127,0.09563783516596171
165,506,0.09562978300491144
47,109,0.09562588069700455
165,676,0.09562092156817115
381,605,0.09560581966831581
381,630,0.0955716915832877
270,310,0.09554511052048947
499,191,0.09553692318673403
165,437,0.09553671922613301
381,242,0.0955295251225261
189,150,0.09552189228687083
189,143,0.09549649660040088
270,686,0.09549344542153168
415,56,0.09548765019613266
381,316,0.0954827349706336
270,382,0.09546874493948657
464,236,0.09545730749539151
431,169,0.0954399068156857
420,181,0.09543147513486444
47,339,0.09541734163753482
165,307,0.0954103836398834
415,675,0.09538326309740076
12,490,0.09536258794559573
47,446,0.09535539661407119
189,149,0.09531525098924665
415,221,0.09531187465800453
270,71,0.09530102985563223
270,597,0.09529759168067956
382,518,0.09529747228753056
47,8,0.09529313445738241
12,339,0.09528966558936508
431,256,0.0952873144915421
7,445,0.0952840727758283
499,304,0.09528400284802721
420,690,0.09528367580288057
12,80,0.09526658786155331
382,542,0.09526173998949758
420,333,0.0952560797347982
420,174,0.09523488278921602
382,554,0.09523130056742987
464,611,0.09522973865737269
420,421,0.09520188265889923
499,239,0.09519700807685266
523,193,0.09519150256538997
12,441,0.09518048381448665
499,350,0.09516651876584449
565,353,0.09515510402067572
165,61,0.09514923625459393
189,80,0.0951266256709847
7,192,0.09511398676978584
382,256,0.09510780988578771
415,460,0.09510746430513677
189,363,0.09510085304256431
189,602,0.0950963276698149
523,533,0.0950934251575994
165,177,0.0950752568552419
431,250,0.09498496342913096
165,520,0.0949794563596653
189,185,0.09495860887094582
415,663,0.09490406526742837
47,355,0.09490320732157764
121,297,0.09490102941262488
565,254,0.09489312641552342
431,653,0.09488334399836013
381,202,0.09487626332597159
499,551,0.09485284539456301
47,78,0.09485201286415129
499,438,0.09484748930414448
499,176,0.09484476386655882
270,189,0.09483109129889986
464,342,0.09482621167742819
121,82,0.09479796506165393
464,299,0.09478767551891448
523,166,0.09477196823682871
499,473,0.09475915162349875
47,272,0.09473993286880172
12,593,0.0947185012772382
431,516,0.09469941619251765
189,24,0.09464686692811042
12,106,0.09464549622242967
499,131,0.09464368995318997
7,691,0.09461228790763324
12,108,0.09459426914397821
565,538,0.09459361833670632
415,145,0.0945790211153362
270,103,0.09457052053517812
382,239,0.09456878668615044
523,305,0.09451921953866692
415,626,0.09447304136253068
47,370,0.09445811756887151
189,135,0.09443823261292764
382,153,0.09442779634484838
121,462,0.09440813986649305
415,287,0.09439054661104751
7,148,0.09438825278632428
431,502,0.09438656099829347
431,193,0.09438560466330749
464,244,0.09438048626675301
7,181,0.0943768955205585
165,420,0.09437666889378193
47,439,0.09434327262673549
189,459,0.09432937285092644
189,342,0.09429951523028822
431,618,0.09429609218683659
420,665,0.09426236849440577
47,669,0.09420054327321462
12,520,0.09419720804612708
47,550,0.094193543867196
415,303,0.09419123258785571
7,421,0.09417630581258861
420,186,0.09416550928980201
270,7,0.09415993326065521
121,45,0.09415555618830837
47,467,0.09414584361653737
415,621,0.0941427399844049
464,416,0.09413683877035274
431,544,0.0941324754412649
415,431,0.09411252715871687
165,91,0.09405406343092629
47,441,0.09405287318592805
420,22,0.09402758558494913
565,414,0.09401198234484838
47,542,0.09399150605521624
523,100,0.09398144663550202
382,647,0.09397388792585532
270,410,0.09396462413248202
565,159,0.09394856526915323
565,336,0.09394824870810496
464,311,0.09392172410030948
47,606,0.0938962836152477
165,162,0.09388586528233686
523,90,0.09388537455441068
12,183,0.09381240588290558
12,254,0.09378898459833011
7,446,0.09378026671101511
464,551,0.09377438498956242
565,28,0.09377045941593136
464,683,0.09376444338642835
7,261,0.0937384270693399
499,497,0.09373504568578138
121,330,0.0937067371161985
415,481,0.09370243147047622
382,32,0.09369861649918373
382,101,0.0936909872395186
121,472,0.09365514497190237
431,69,0.09364214863449606
270,194,0.09364070619944168
7,326,0.09363532400122469
189,203,0.09362949380933654
270,519,0.093603820499861
7,575,0.09359133449163069
382,335,0.09353335407728401
415,533,0.09352340309489342
431,145,0.09351213890844494
47,523,0.09350001597435739
7,507,0.0934970881077845
189,168,0.0934701557130248
431,414,0.0934630700468527
382,263,0.0934595681199698
420,176,0.0934536426937064
499,524,0.09343447421477248
270,24,0.09341642614455303
270,542,0.09339811387635397
420,144,0.09338505441587808
270,511,0.09334683052247121
415,683,0.09333159552688128
270,45,0.09329569287333699
415,513,0.09329395789685037
121,450,0.09328656487617801
431,33,0.09327613100448327
121,509,0.09327327647592736
565,257,0.09325113787320455
270,492,0.09323231935072109
189,455,0.09322526291329014
7,435,0.09320664594432307
431,17,0.09319915706075059
523,452,0.0931825748031569
420,587,0.09314825133655666
270,219,0.09313033625027027
47,107,0.09311699425203597
189,15,0.09311617787605414
415,229,0.09310274087862355
464,629,0.09309719350638335
7,220,0.0930968070893144
565,630,0.09309021656699608
420,603,0.09305842315497267
464,410,0.09305489015972508
420,59,0.09305042483043648
415,408,0.09299054739444554
270,193,0.09298717343341528
121,194,0.09297811842436607
189,515,0.09296827646954331
189,97,0.09296373853902808
523,297,0.09294958619803083
499,277,0.09294950197591643
381,264,0.09294925637985627
431,158,0.09294678035790437
12,173,0.09293322113306066
381,276,0.09293112121020071
565,673,0.09292879882534723
381,333,0.0929239584928382
12,338,0.09290950829665232
7,472,0.0928995626373389
565,260,0.09288853394036208
165,354,0.0928711595212482
431,677,0.09285529209870169
523,583,0.09285208281878564
523,505,0.09284793914501889
464,409,0.0928282409396178
431,550,0.09281450361932503
270,514,0.09280943080257172
382,295,0.09279930861980996
565,471,0.09279429469838099
165,400,0.09279140634544127
270,439,0.09277342054880448
420,220,0.09276648622750375
464,160,0.0927655092823025
415,409,0.09271161410927373
415,88,0.0927093216976895
189,451,0.09270083317090166
189,107,0.0926798057503903
7,538,0.09267591143811654
165,126,0.09266395498574588
270,675,0.09262191273112817
47,589,0.09257462880250268
12,688,0.09256112544123338
499,441,0.09255699998669724
464,411,0.09252330520198411
565,29,0.092467406982793
47,651,0.09245328066303182
431,25,0.09245089591267895
270,620,0.09240832863349965
165,260,0.09237040057447025
121,177,0.09235754434102249
47,473,0.09232630850609584
7,573,0.09228902351763957
7,80,0.0922803163953522
382,275,0.09227884714891792
7,473,0.09227693312552884
47,367,0.09225218925148775
420,602,0.09224344087178175
420,584,0.09222307757507939
464,487,0.09219863400023778
382,391,0.09219184305025195
165,272,0.092124734642641
464,515,0.09211686859982113
415,262,0.09209402764577639
7,95,0.09206604748467617
464,58,0.09204602006895368
12,78,0.09204240187989335
415,1,0.09203579641263183
7,619,0.09201126440248739
121,36,0.09199714595525119
381,105,0.09198683816761596
381,507,0.09197604261816708
12,623,0.0919721619131775
189,206,0.09194447818631764
270,1,0.09194225112942211
464,394,0.09191828959893823
381,60,0.0919049482408213
270,581,0.09190426981955524
431,678,0.09189969890506537
121,42,0.09188438061219864
382,4,0.0918810097905825
523,614,0.0918721703116342
415,269,0.0918708051378654
270,612,0.09184693159386738
415,111,0.09183848249918455
464,260,0.09181126736544624
270,316,0.09180552021579658
47,457,0.09179843894214064
47,512,0.09177830623771639
415,326,0.09177155156423475
12,352,0.09177129459371242
415,664,0.09176121290105146
499,393,0.09174590628785056
523,80,0.09173939424156032
464,429,0.09172194642779159
464,19,0.09167455643062183
431,189,0.09167421862436508
523,318,0.0916733170405289
464,152,0.09164193929007639
565,451,0.09164036254854849
12,0,0.0916199158798579
565,266,0.09161932809692196
431,186,0.09161914898035281
12,73,0.09161763154900943
420,251,0.09161302278529024
431,227,0.09159893724399305
420,49,0.09158966394166707
121,188,0.09152678861552303
499,410,0.09152362404589212
499,463,0.09151990302258514
7,60,0.09151152624885586
12,659,0.09149909449995745
47,687,0.09147966458811281
464,384,0.09143848100635182
420,185,0.09143748318251055
47,256,0.09141435406481555
382,125,0.091376358135475
381,409,0.09135397768979732
189,399,0.0913127358230409
381,537,0.09129396183329595
7,410,0.09128512130142018
415,595,0.09128491908281218
7,629,0.0912759814331458
415,353,0.09127207613674379
165,521,0.09124051704598223
415,142,0.09123153141250144
420,366,0.0912290982383787
189,16,0.0912068167015108
523,127,0.0911726152808282
7,597,0.0911467787387303
47,588,0.09113854768593288
565,148,0.09105879611534283
420,106,0.09104391845612107
523,345,0.09103736549095581
189,272,0.09103053143342905
499,183,0.09102962490025607
431,59,0.09102385274515239
382,553,0.09101858048366687
121,13,0.0910113260028211
499,311,0.09099733328041332
382,561,0.09099729715931208
270,669,0.09099025248505861
420,485,0.09098145789273135
7,464,0.09096102995135746
165,392,0.09095006432621039
415,506,0.09094966485130529
523,358,0.09090971254232824
523,272,0.09087303054788833
431,435,0.09085078895177093
499,521,0.09084940045989098
565,560,0.09082355086907262
565,450,0.09081827522619376
270,521,0.09080068453099416
382,406,0.09079584793470892
382,326,0.09076407033080486
523,10,0.09075338860197948
7,240,0.09074530516009234
431,184,0.09074065717861142
464,636,0.09072276833695009
464,348,0.0907008151105565
382,150,0.09065703028100842
523,241,0.09064306933308933
270,524,0.09063444915677099
464,606,0.0906308472825607
165,647,0.09060893738856332
431,341,0.09060452875545907
12,109,0.09060297747752276
121,214,0.09060092678374022
12,542,0.09058701965204916
12,141,0.09058416513539636
464,212,0.09058132742198866
121,362,0.09057292982350472
381,444,0.09057103085702603
165,264,0.09057085592642275
565,45,0.09056530262563521
420,363,0.09051033867051268
121,287,0.09049717626369701
121,8,0.09047676398887146
189,462,0.09045522387442048
415,212,0.09045268478788218
381,417,0.0903976545888821
12,107,0.09039181906906935
499,576,0.09028857590201611
382,322,0.09028503688059156
47,584,0.09028202062957337
121,332,0.09026961608829813
382,673,0.09026509942720136
12,287,0.09026228720595225
7,218,0.09024070679338006
189,344,0.090240242111508
189,8,0.09023483696296936
464,42,0.0902177258378407
189,539,0.09021665817698814
431,244,0.09019121459344916
565,609,0.09019000252955559
165,358,0.09018910738385329
464,386,0.09018688928664849
270,350,0.09015607050526307
464,441,0.0901528339298238
431,530,0.09015278686829681
464,124,0.09013629718422361
121,145,0.0900883884426989
47,163,0.09008586679441796
270,183,0.09007467647989534
12,585,0.09005236925477113
121,108,0.09004692682114884
270,187,0.09003555129657546
464,309,0.09000017593164157
165,367,0.08997299810107266
189,230,0.08995882000510518
381,661,0.08995436035605718
381,297,0.08993257006425358
464,676,0.08990944843066756
270,444,0.08987923998538509
420,400,0.0898692139792427
121,350,0.08981805672759069
189,660,0.08981779361177084
464,442,0.08981353131174648
499,506,0.0898006038422265
270,130,0.08979965226003415
523,94,0.0897855968363389
565,677,0.08977887356934995
12,400,0.0897730872184962
12,671,0.08974022050843299
47,639,0.08973900549843297
499,260,0.08973790769998843
47,248,0.08971448490628062
381,663,0.08970600730860091
121,202,0.08970134430845492
464,186,0.08968983555121908
47,298,0.08968527906374829
499,513,0.08967122559471674
381,383,0.08964158588517208
464,158,0.08963926565940987
12,588,0.08963795616939531
12,473,0.08963252639477157
121,632,0.08962818754632024
270,516,0.08960502831639755
165,586,0.0895680128832319
12,463,0.08955919688504069
464,202,0.08955681584897411
431,111,0.08955081979243847
382,404,0.08953197195997592
523,322,0.08952554519205251
165,451,0.08948461769273447
565,487,0.0894528544168514
47,573,0.08944943569059097
189,516,0.08943152503222933
565,44,0.08942999068594067
499,629,0.0894228479234358
165,576,0.08941146519606091
270,450,0.08939587846120371
270,629,0.08939584631412041
7,409,0.08932699935788202
565,679,0.08930090008158545
7,231,0.08925125482885168
431,238,0.08924695941475283
565,530,0.0892464428079135
523,220,0.08924092624257064
12,93,0.08916049063701997
121,510,0.0891583216631464
165,255,0.08915759539500435
381,415,0.08912546634473778
270,423,0.08910008896752979
270,2,0.08909537727320138
499,27,0.08908771068726992
431,375,0.08907014450045617
121,528,0.08905738259459602
165,15,0.08905304693619454
420,42,0.08905251758911176
499,2,0.08903712431259722
270,10,0.08902191670558897
270,539,0.08901399224202415
382,523,0.0890119911703313
499,235,0.08901155907643474
7,617,0.08900561588833317
420,683,0.08895312324573874
165,142,0.0889427149629853
189,519,0.0889402388552622
189,610,0.0889264422516923
47,54,0.08890995749505273
464,135,0.08889108411685209
464,127,0.08888539602239874
420,54,0.08886295192835302
382,660,0.08884832244596895
189,616,0.08884688925910833
381,653,0.08881221156196528
499,539,0.08881111930965843
382,625,0.08880720386918561
7,408,0.08880137248480206
121,12,0.08872768146326922
415,245,0.08871143346410426
7,129,0.08868920784027544
121,665,0.08868491301816889
12,63,0.0886527277022459
165,145,0.08864930900021342
47,684,0.08864628475618135
420,673,0.08863818872754486
382,497,0.08857697803299663
415,319,0.08856970267422387
499,112,0.08855472958376431
382,316,0.08855472008881055
565,642,0.08855354301730499
165,244,0.08849632504829151
121,289,0.08848351585191808
7,166,0.08846862370638502
47,189,0.08844940185068283
189,311,0.08844812301773818
165,431,0.08844788130128046
565,277,0.0884474575851403
12,305,0.08843523772880683
565,276,0.08842890365841885
523,397,0.08842730755779661
47,373,0.08842383457595707
121,152,0.08840628375241946
12,184,0.08838851979909577
382,172,0.08838274342367677
523,308,0.08838169041519492
464,476,0.08837932816655321
420,226,0.08837456861088566
47,308,0.08834337193290111
464,620,0.08828311377779675
12,244,0.08827331975664233
7,327,0.08827002835963721
499,682,0.08826839656921862
121,270,0.0882576662336443
464,592,0.08822667166777114
7,106,0.08820094552315229
189,95,0.08819887325067459
121,61,0.08817648380985242
382,231,0.08814985716169531
420,56,0.08814684790261669
381,27,0.08813959239468068
431,8,0.0881187047253579
270,534,0.08811295788665592
499,152,0.0881023328046406
121,19,0.08807271785942981
47,411,0.08806577039373058
121,452,0.0880622811685956
523,408,0.0880331927652078
382,33,0.08803025196419133
415,597,0.08802497012794676
189,289,0.088011014493385
121,49,0.08797124426981993
12,690,0.08795936036337536
165,340,0.08792937086142573
420,289,0.08790684032848933
121,262,0.08790250730134475
381,628,0.08789434834603695
499,22,0.08788875748066734
523,648,0.08788090415760946
464,251,0.08785758693925137
464,549,0.0878567821098899
499,110,0.08784779040618405
415,48,0.0878458663954985
381,209,0.08784562753186487
7,260,0.08783035395243952
523,463,0.08781976721964675
12,502,0.08779459446415236
431,71,0.0877761324372009
12,661,0.08777305046052522
523,422,0.08777142084829168
121,614,0.08776055448461627
121,406,0.08772696145349437
381,318,0.08772500001003414
420,141,0.08771847464675535
565,357,0.08770245613840676
189,600,0.08769806871160757
12,616,0.08769005196549787
523,454,0.08768117316561977
523,250,0.08766265607118981
499,337,0.08765522834936791
381,384,0.08765297910296002
381,572,0.0876314704447558
415,572,0.08762962238343591
47,667,0.08761881051924766
415,270,0.08761048295661329
464,168,0.08760193416893619
381,194,0.0875985377178737
499,148,0.08758701808098547
7,450,0.08758680429486698
47,419,0.0875831308257843
565,439,0.08757457092576394
523,304,0.0875533442300996
382,283,0.08751279792726376
523,688,0.08751046637049222
47,343,0.08750376071285623
382,116,0.08750288015577604
464,370,0.08743233655607872
189,78,0.0874306455531852
523,19,0.0874247336967654
415,242,0.08740137415855569
499,70,0.08739649479181939
415,565,0.0873957951430317
189,345,0.08739437666722799
121,591,0.0873817711568943
523,47,0.08734589101623699
420,509,0.08733856690637742
12,509,0.08733334574760387
121,173,0.08732836436573486
415,521,0.08732474539334693
381,271,0.0872950755808601
47,518,0.08728715879802425
523,84,0.08728486357145462
121,391,0.08728390863026553
12,437,0.0872781310241022
523,585,0.08727764767430728
523,603,0.08723859078912097
7,202,0.087236922677467
121,230,0.08723100340247121
189,533,0.08722810829336483
121,584,0.08716876731090123
165,19,0.08716706026960763
464,400,0.08710819904895031
7,604,0.0870916530087825
464,182,0.08707820451980175
7,516,0.08705371910906326
12,510,0.08703342628683076
121,191,0.08700777273038914
499,481,0.08699462868205596
565,383,0.08699308137770814
270,614,0.08694536835001476
165,311,0.08694408372837795
420,689,0.08693974093545347
382,56,0.08690980183098847
12,163,0.08689257188328506
499,583,0.08687676784308145
523,486,0.0868702138218958
415,376,0.08686521195078613
565,391,0.08684744505104144
382,264,0.0868377685250701
499,369,0.0868257674364443
47,387,0.08682539554690517
382,414,0.08681377707176866
165,273,0.08680996278291277
12,472,0.0868081168206614
499,397,0.08678431555325382
12,453,0.08678114683807343
415,152,0.08677655134906266
121,271,0.08677491163947362
464,578,0.0867467660011828
121,561,0.08670740659141218
420,257,0.0867045950838071
189,113,0.08670435552790139
415,510,0.08669651805934454
189,687,0.08669123720314315
12,298,0.08668771966227602
121,460,0.0866856928289947
12,239,0.086682641440464
189,412,0.08666505512297083
420,222,0.08666272544315941
47,95,0.0866582538179295
121,24,0.0866443245630594
7,669,0.08663824590583487
12,564,0.08662809265063279
499,333,0.08660006892045775
415,93,0.08659437354351766
431,651,0.08659040758302725
12,240,0.08658752592735736
415,641,0.08658727014996566
464,60,0.08658226505533657
523,64,0.08657521709488941
382,215,0.08657235212963493
420,121,0.08654200322435825
415,622,0.08653873900180975
565,292,0.08653074562958168
464,587,0.0864977028696157
382,472,0.0864830971437728
382,588,0.08645372528153987
382,254,0.08642931132101625
464,548,0.08641137309410128
121,563,0.08640374932095297
464,561,0.08640353715054931
565,158,0.08640302460009949
415,214,0.08639280503695064
381,511,0.08636723613904387
270,616,0.08634852059387392
499,129,0.08634844745276841
189,144,0.08631461790435567
415,685,0.08629352720721267
189,25,0.08628581371413405
121,178,0.08627596596018801
382,100,0.08626179774412873
121,304,0.0862611137907137
464,378,0.08625217935085167
270,408,0.08623582229446776
464,498,0.08623228366358694
431,343,0.0862200569037342
415,490,0.086217296756812
431,451,0.08621381043368513
523,24,0.08620468693426248
189,214,0.08619334273525818
431,588,0.0861858930970199
381,478,0.08617654914306123
415,153,0.08617361313228225
499,461,0.08616681392908637
565,13,0.08615554158558844
565,9,0.08613866566886398
270,585,0.08613800579852099
464,406,0.08613715208252389
431,523,0.08608558921397068
431,73,0.0860778620293344
381,87,0.08605714171710449
189,241,0.08604348752771837
464,640,0.08602047233188723
415,251,0.08598882691137485
499,221,0.08598550109946415
382,583,0.08598521499764912
121,353,0.0859666562975279
420,445,0.08596316105839476
165,187,0.08594556804734214
189,479,0.0859437654129791
499,220,0.08594300222423289
523,329,0.0859383873591596
270,463,0.08591693566055077
431,217,0.08587349819039657
165,49,0.08584177827219046
121,195,0.08583006056950931
523,488,0.08581015611997123
7,467,0.08580522011554458
165,70,0.0857550898923327
431,688,0.08575465573012614
382,400,0.085753844689743
12,610,0.0857448431202324
523,58,0.08574287459640399
499,308,0.08573910818934127
565,17,0.08572673050260173
189,91,0.08572087563468787
270,100,0.0857125997507964
420,653,0.08562639940430278
523,403,0.08561772826018861
47,76,0.08561440314080422
431,298,0.0855799768600743
464,678,0.08556239177168455
121,677,0.08553123066498464
415,583,0.08552435544823654
381,6,0.08551403266955174
270,19,0.08550907471430931
47,574,0.08550541603817048
12,91,0.0854999999209817
415,190,0.08546937353679614
523,658,0.08546639994876995
382,221,0.08541889415355526
270,648,0.08541417351334839
7,216,0.08540553910765285
121,495,0.085404853583678
415,311,0.08540469093179735
381,560,0.0853840555236473
270,272,0.08535977895512598
270,414,0.0853232285640557
431,425,0.08531484342944565
121,213,0.08530597060834777
382,409,0.08528922847769208
189,387,0.08525829565349939
431,211,0.08524847832826074
270,653,0.08523746254904291
165,294,0.08522300776550105
431,557,0.08522028792569383
381,85,0.08519172274580605
47,83,0.08518902320149041
189,287,0.08518672141894018
121,386,0.08517176551845644
523,376,0.08517150181092636
523,506,0.08516618546141198
165,444,0.08514934683573212
381,442,0.08513786855384918
47,603,0.085089697123901
270,297,0.08508278025550847
415,484,0.08507883549178975
189,32,0.08506863971324803
499,136,0.08502800216913661
464,176,0.08502161932324881
381,414,0.08499329370832569
270,383,0.08495887318612601
499,126,0.08495408952496267
523,453,0.0848980340655679
431,427,0.08488928989003248
165,223,0.08487718595513712
12,608,0.08487170323865208
415,615,0.08486930773889532
165,373,0.08486364292128465
499,550,0.08485439505610327
464,279,0.08479639947228344
121,517,0.08478804727882162
464,554,0.08477757051974767
270,678,0.08470846295536345
499,467,0.08469248970647053
12,15,0.08465986451258192
47,130,0.08465971455264516
420,175,0.08465962652932241
415,313,0.08460868728150588
415,87,0.08460289262678712
270,337,0.08459733631418645
523,239,0.08458712684435069
47,449,0.08456980776905342
464,316,0.08455996844609973
420,90,0.08455508701468185
47,581,0.08455286721157239
381,408,0.08454331259301247
381,52,0.08452388720179445
121,342,0.0845204537803495
189,400,0.08452024142408184
523,593,0.08451730517087032
382,341,0.08450322730825642
189,522,0.08447488403537895
523,458,0.08446183066372716
415,499,0.08445669359928644
165,135,0.08445610406715547
12,583,0.0844423575493217
523,106,0.08443672737084947
420,678,0.08442472910471795
12,409,0.08442287041612039
381,476,0.08441703225619018
12,148,0.08439856350543495
165,226,0.08439673542921132
47,572,0.08437514860125617
523,480,0.08436037987452184
565,226,0.08435144722605034
270,443,0.08434348785668593
381,195,0.08433323139955703
381,403,0.08432517003793404
7,572,0.08428511214775887
7,193,0.08425776011400818
12,632,0.08421514561082885
47,318,0.08417823743015843
382,608,0.08415539081755008
47,106,0.08414336041627052
382,293,0.0841425264256853
382,344,0.08414106538186227
499,557,0.0841344886351741
499,573,0.08413045332900747
523,573,0.08410389838181362
7,185,0.08408189023644456
499,91,0.08407069563128373
165,464,0.08406509775256701
189,622,0.08404466797883803
420,550,0.0840373407640342
165,635,0.0840318494960156
47,394,0.08401899402671455
12,604,0.08401255088242958
270,129,0.08401033696390335
523,271,0.08400150282864223
121,595,0.08396149033454606
47,326,0.08394714117365135
270,497,0.0839454534631307
12,367,0.08394319060316974
270,533,0.08394195543834929
165,176,0.08394161346153287
189,673,0.0839177278185243
499,184,0.08391328204940414
381,29,0.08389881280245114
415,16,0.08389193546448002
165,221,0.08385783477560035
382,276,0.08385679197748569
7,570,0.08385591219614354
189,19,0.08384050879089142
565,417,0.08383629683052755
12,226,0.08381445883966757
47,403,0.08381370737607499
381,240,0.08381137060070552
431,404,0.08380416031112443
420,593,0.0837996829333512
431,584,0.08377400399124665
189,284,0.08376873386226373
189,297,0.08376821518376043
189,691,0.08375890680967024
420,78,0.08374797090477926
565,50,0.0837361793361543
12,415,0.08373583631792353
431,240,0.08373106473078915
415,236,0.08372636731449312
165,319,0.0837199777464605
382,90,0.08371931500629617
431,119,0.0836897868425784
12,277,0.08366532276303042
270,554,0.08363280582819935
7,453,0.08361638145103278
12,342,0.08361055965270499
464,658,0.0835631622603489
47,412,0.08355246659689733
382,284,0.0835420573172594
565,144,0.08352115028237506
7,48,0.08349691892767722
121,101,0.08346538089688589
165,682,0.08344785491484323
270,157,0.08342208773406884
523,686,0.08341466045200065
121,196,0.08340961122689337
121,240,0.08340632798170569
415,136,0.08335798169457359
270,603,0.08334665204678868
499,140,0.08334345509344998
464,437,0.08334237683265369
565,205,0.08333579862981814
121,133,0.08332523058632271
47,442,0.083318063183602
12,125,0.08330023883324318
165,473,0.0832813179504556
431,99,0.08328077663338147
565,306,0.08325407633245921
189,193,0.08325309708267307
499,160,0.08322425335435686
382,272,0.08320607873399789
464,673,0.08320175198262311
431,90,0.08317213836211754
381,204,0.08314637227764991
165,64,0.08310247047836736
420,548,0.08308927256309796
464,303,0.08306696061142192
382,446,0.08305201897488564
121,542,0.08303877063793423
420,564,0.08303501013276138
12,411,0.0830300569483216
382,339,0.08300716345735457
464,514,0.08300696422998924
121,688,0.08300406991149856
415,421,0.08299842198943286
189,584,0.0829925547067119
47,384,0.08298300122552894
464,679,0.08293666377709533
47,69,0.0829327673587946
523,293,0.08291804971792954
464,336,0.08285738073830605
499,4,0.08284887665481444
7,388,0.08284072234814184
464,136,0.08283876050624725
165,535,0.08281207687644428
431,476,0.08280498632264928
121,340,0.08273952602447818
523,467,0.08273776982765702
499,349,0.082722881596404
270,25,0.08270267736592138
499,372,0.08270263400016732
381,541,0.08268751565306715
499,335,0.08268148332539732
189,649,0.0826602987163603
415,322,0.08265866621753176
47,463,0.0826290621524001
382,411,0.08262720468386701
47,312,0.08262656583531412
499,636,0.08260032179784714
565,104,0.08258162913944952
7,176,0.0825773007787446
382,377,0.08255225741008522
420,541,0.08253583554508437
381,369,0.08249478196465436
431,212,0.0824863951304225
499,675,0.08240884632687392
499,33,0.08240273065340559
464,113,0.08240155546450316
12,190,0.08239971035038714
270,391,0.08239718603723764
165,110,0.08239426543875829
12,220,0.08236264110980732
464,491,0.08235395627657846
565,57,0.0823481504834056
12,444,0.08233890067271107
47,286,0.08232796707165327
382,538,0.08231425031822734
165,191,0.08231021332612738
7,58,0.08230710350118568
382,185,0.08230289493294625
523,592,0.08225968545092628
499,71,0.0822592903704507
189,65,0.08225685046637198
121,7,0.08222962655732394
523,406,0.08222544199093053
464,353,0.08220969823347511
7,309,0.08219499993453547
121,672,0.08219465330945808
415,584,0.08216931444380447
7,511,0.08213128001257633
565,590,0.08208746135668347
47,673,0.08208560264308495
270,78,0.08208504599253427
523,33,0.08208389815972598
523,244,0.08207773705373062
382,677,0.08207283873959437
12,350,0.08206456138546234
420,406,0.08204409337019414
12,416,0.08200572049806167
499,286,0.08197792169299936
270,551,0.08197499613902731
565,528,0.0819603624017699
270,687,0.08195677502524623
499,626,0.08192858288882802
12,518,0.08192629263658208
121,102,0.08192577550128206
270,442,0.08186955728017185
565,225,0.08185587180372685
415,625,0.08184818895579983
382,425,0.08184217128210831
499,464,0.08183965417827303
189,129,0.08183066082343127
381,495,0.08182925800651028
7,583,0.08181382135702948
165,183,0.08179663522358886
47,506,0.08178405387175253
165,544,0.08177428686936697
12,602,0.08175728502181238
499,139,0.08173151556909715
415,300,0.08172428627623779
165,11,0.08170247583125255
189,582,0.08169428952123231
7,429,0.0816756775027161
523,460,0.08163301924849213
189,315,0.08161886759016171
7,239,0.08161461726657689
464,40,0.08161136804308584
415,8,0.08161066221841862
382,108,0.08160612615104659
464,225,0.08158581128281227
523,400,0.08155492748410197
270,447,0.08149164670929618
420,53,0.08146050253449254
420,287,0.08145752281177611
165,668,0.0814297238579361
499,640,0.08141300615225644
420,554,0.08138960804373714
189,45,0.08136623742577953
270,623,0.08136511061699271
7,83,0.08132986402724464
47,225,0.0813225376518415
47,316,0.08132246553498121
189,583,0.08131488379675009
270,241,0.08130335852825182
189,81,0.0812735977833218
431,449,0.08127012059311631
464,192,0.08125882298188475
431,357,0.08125653941762945
165,592,0.08124449011981831
565,491,0.08124425300643454
523,553,0.0812204655883801
415,598,0.08119654757698269
431,272,0.08118796379308309
499,217,0.08116748084100078
270,143,0.08111742091041824
382,333,0.08111183095717155
499,295,0.08110606382921498
165,322,0.0810973553940812
415,402,0.08109557664013192
464,141,0.08109256118348852
420,394,0.08108567798713773
431,625,0.08107840866353277
382,599,0.08106640803995992
47,276,0.08106493913420415
523,691,0.08106479911240487
499,149,0.08105833942172747
7,238,0.08103610102363122
415,349,0.08100650411854829
12,234,0.08097146282296203
464,362,0.0809597090385142
121,88,0.08095819875346501
189,163,0.08094657216897447
270,240,0.08093908578038594
499,10,0.0809291031933628
523,513,0.08090689996638761
121,256,0.08089210075530515
382,366,0.08088596174986241
47,181,0.08087174793123245
420,478,0.08086636528507773
12,485,0.08085162069474347
499,607,0.08083138996692736
420,561,0.08082791405450343
499,446,0.08080990515150165
270,665,0.0808095809000016
189,181,0.08079440852002225
382,349,0.08078001709973803
523,76,0.08076265006090232
189,598,0.08073645424911194
464,312,0.08071993594447237
12,75,0.08070365372441701
523,275,0.08068379690675388
382,83,0.08067908151477024
420,422,0.08066555368959698
12,143,0.08066233234070015
499,436,0.08066009955305813
415,174,0.08065808673337192
47,228,0.08065137167279324
523,44,0.08064562355114555
381,71,0.08064391296064129
381,540,0.08061562859769605
7,547,0.0805802032209462
415,682,0.08057987903180323
270,231,0.08056741004566165
431,444,0.0805590507448333
382,524,0.08052845666652562
7,112,0.08051418086180463
47,437,0.08048876497802662
12,110,0.08047192901815783
121,344,0.08044651538894532
415,198,0.08042723407189176
165,353,0.08039162836039154
464,228,0.08038097700050924
499,677,0.08037039887500644
420,549,0.08035363871387352
499,316,0.08034804759057108
12,412,0.08034157533095453
431,214,0.08033791797678753
189,685,0.0803321571677656
12,253,0.08032696083355656
189,601,0.08030809969109837
415,523,0.08030713647018793
12,522,0.08028152715391686
121,613,0.08027287624610349
270,137,0.08026585243106016
12,528,0.08023107140305287
7,589,0.08020714539584338
415,627,0.08020597547464797
420,613,0.08018802527286402
415,614,0.0801747539333201
270,661,0.08016250354308413
415,452,0.08015719269072705
47,333,0.08014778750154657
523,310,0.08013143538851884
12,603,0.08011901362962345
270,257,0.08010285171693707
165,685,0.08010033776815635
12,664,0.08009147657873013
270,676,0.08007757242520863
431,121,0.0800518693392262
499,401,0.08004853791605812
47,374,0.08003844499285406
165,536,0.08003705218621807
165,435,0.08002656435532192
420,303,0.08002348281405472
464,194,0.08001597280011885
523,262,0.0800158970816815
415,64,0.0799780348531043
415,342,0.07994813457155651
415,648,0.07993647567465184
165,316,0.07993279290480353
165,443,0.07992333521383145
165,439,0.07991108444994383
565,168,0.07989622487755611
270,127,0.0798867249248959
415,12,0.07987947324936305
464,492,0.07985765343789701
565,457,0.07984611151423626
12,414,0.07983341189744374
464,245,0.07982740391477693
431,498,0.07981743039680357
381,286,0.07980464639469889
189,48,0.07979286622175569
523,114,0.07975369975070053
499,510,0.07973611365880848
7,419,0.0797357157874211
382,449,0.07970592140221136
464,455,0.07969902645308395
499,439,0.07967579009064918
189,523,0.07966809503097519
381,587,0.07961796399558013
464,106,0.07960164459146635
47,585,0.0795886114939299
523,649,0.07958672805373267
7,584,0.07956774123828918
381,406,0.07956653294974712
165,202,0.07955420999532112
270,208,0.07953934984124642
189,542,0.07953477893383652
189,377,0.0794984419028321
415,306,0.07949429711969098
499,346,0.07948962482311725
121,618,0.07948955453908166
431,515,0.07947302044073927
415,271,0.07947124437330795
12,672,0.07945712522791186
381,45,0.07945040867199087
431,672,0.079423974032539
121,374,0.07938181871593689
565,514,0.07937907894252218
420,275,0.07937857930817555
12,284,0.07936652884524549
47,306,0.0793639082015398
189,285,0.07935829047062966
565,462,0.07935820462616941
523,217,0.07935506564047821
499,8,0.07932829496837619
499,231,0.0793220929825541
47,541,0.07931687158108126
121,9,0.07930854136803157
381,603,0.0793031034398814
420,589,0.07928875495884183
189,625,0.07924253252016537
523,168,0.07922747104846571
464,684,0.07922420524090758
499,635,0.07922366878792242
382,452,0.07922270205009396
270,491,0.07917132117615586
499,648,0.07911975401930106
189,270,0.07911526841629626
12,662,0.07910517451416968
499,462,0.0790817418432704
165,350,0.07906386631439805
415,515,0.07905979243263249
420,598,0.07903947113441924
7,510,0.07901972937890057
565,275,0.07901322298291275
431,409,0.0789979581392459
499,518,0.07898367170916282
381,53,0.07898045023126771
523,608,0.07897063112666282
12,636,0.07896782753806174
382,684,0.07895875824294968
121,388,0.07892766080223657
523,472,0.07891425667562361
415,603,0.07890118467453049
12,382,0.07888700992966444
420,276,0.07886606869046443
415,343,0.07884874248367547
382,218,0.0788455038875204
47,222,0.07884222917838792
382,188,0.07884158101906803
415,100,0.07882953834663446
499,416,0.07881482753275607
381,673,0.07881192732243676
47,153,0.07880983173883965
420,271,0.07879446169748171
499,19,0.07878694357246256
7,92,0.07878353508222712
415,387,0.0787792135255276
121,163,0.07877027297247931
523,263,0.07876834491243144
12,423,0.07875257137479642
523,149,0.07874925097656331
464,173,0.07873333019569848
415,299,0.0787287668038609
523,684,0.07870453362579635
165,614,0.07867401710847771
565,99,0.07866487096134163
7,566,0.07865507458219238
415,433,0.07864943000999434
382,584,0.07863170866595875
12,691,0.07861924532823944
121,610,0.07861145462849711
270,152,0.0786074480452129
7,124,0.07859430494178303
565,374,0.07859011200970727
381,311,0.07857432380299771
121,337,0.07856225428309732
382,14,0.07855921841819771
165,342,0.0785526152313154
415,637,0.07854937459677913
189,416,0.0785374768953452
12,88,0.07851011777859203
415,2,0.07848327655375918
565,459,0.07847556305204757
523,528,0.0784680006321166
431,168,0.07846493657362263
47,677,0.07840816555857505
12,486,0.07839416021362865
415,231,0.07839041568654963
12,474,0.07838177194117059
165,312,0.07838118134615416
12,499,0.07837966863568227
121,377,0.07836421876228346
464,0,0.07836172113156202
523,623,0.07835042304661638
415,569,0.07834014728978245
464,334,0.078313095264186
499,630,0.07831268729805033
431,129,0.07828707135272965
565,375,0.07828126010662491
382,127,0.07824459354447404
121,678,0.07823821386430914
270,553,0.07821936722608806
7,0,0.07821817836729103
420,270,0.07821247064931935
523,538,0.07820152009809007
47,88,0.07817500880640423
382,637,0.0781568686284123
381,399,0.07814651281982019
121,58,0.07814138759969158
420,58,0.07813360149061753
189,343,0.07813009450391002
431,315,0.07809116656033979
12,276,0.07807836816521127
270,557,0.07806647231097669
523,576,0.07805699544917807
431,58,0.07802911195139577
499,0,0.07802494788838711
565,476,0.07799463522759945
381,573,0.07798430935774725
270,197,0.07797012510426234
499,535,0.07796344237790077
165,48,0.0779425378658452
270,144,0.07793961269599264
165,441,0.07793793161663112
165,251,0.07793746781607729
165,112,0.07793286633654313
47,598,0.07793026718243679
565,438,0.07792992813193383
415,420,0.0779255308068065
121,131,0.0778997293720717
165,468,0.07789538841194237
415,124,0.07788976770273563
12,103,0.0778891959663285
523,282,0.07784966978076031
165,274,0.07784732352908304
382,387,0.07782620161520719
381,212,0.07781303300158948
165,253,0.07778822918375441
415,310,0.07778285706647278
523,671,0.0777573187115176
499,272,0.07774160273814865
7,488,0.07774031724935208
189,121,0.07774009430002854
12,263,0.07773446685191314
270,609,0.0777234769707035
270,82,0.07769607791472569
382,375,0.07766716072273178
420,259,0.07763742005817016
382,385,0.07762829141596954
7,588,0.07761459128119966
499,280,0.07759507464487661
189,339,0.07759403131360386
382,636,0.07757813618680147
415,396,0.07755334391828163
464,150,0.07755180433282026
415,511,0.07755163903982709
270,256,0.07754881512037039
464,618,0.07751450222996528
499,417,0.07751389075756569
415,516,0.07751101773427839
47,186,0.07751040635354611
12,119,0.07750581032306188
47,422,0.07745542845139546
382,689,0.07744772243911194
499,94,0.07743916527090938
415,45,0.0773586850512193
464,528,0.07732760504201487
499,370,0.0773224534579331
381,514,0.07732113016829495
382,152,0.0773090893217728
382,186,0.0772927615436874
165,661,0.07729253438061581
499,127,0.07726334877972338
270,549,0.07721022353249862
464,480,0.07720634929963008
464,76,0.07718718340921384
121,382,0.07718428767973413
189,329,0.07717381354786336
523,0,0.07717041429039727
381,385,0.07716883503692322
165,502,0.07716051988200268
121,682,0.07715722754723137
165,626,0.07715560263330513
121,190,0.07714224373398491
7,543,0.07712993055849109
499,358,0.07712846372382137
47,640,0.07712597373791528
420,507,0.07711048914248506
420,194,0.07708691948175576
382,136,0.07708174592507991
7,590,0.07707052259136302
381,224,0.07704305390579314
7,627,0.07703351059974727
12,11,0.07703110787271993
381,101,0.07702437243598062
7,423,0.07702330615569672
7,628,0.07702096561771932
165,194,0.07697331959857766
499,259,0.07697078469883661
415,116,0.07696935149137459
270,11,0.07695486766784852
415,90,0.0769420945766926
523,203,0.07693892728003215
121,136,0.07692264330488577
12,519,0.07687942130349373
7,411,0.07687407268193237
523,185,0.07684257257299469
270,601,0.07682104258438074
7,235,0.07677386860503126
499,83,0.07676668757335851
270,21,0.07676020950530847
7,509,0.076751443519363
47,329,0.07674810535996997
47,291,0.07673004624762378
464,581,0.07672695961977981
565,184,0.07671801829401044
499,196,0.07669648508639951
431,453,0.07669552490478783
415,473,0.0766947450932807
420,343,0.07668321748928024
499,525,0.07664742609827592
189,306,0.07663915431903438
523,515,0.07663008866843717
381,498,0.07661795109569963
47,91,0.07661733057600825
464,630,0.07660332138543492
7,140,0.0765930612406533
431,514,0.07657962609629973
165,338,0.07657678317112848
420,306,0.07657357627192682
165,149,0.0765604690756483
381,545,0.07655402550450134
523,130,0.07655121339987152
523,91,0.07654957692474716
420,606,0.07651412601718528
12,443,0.07650606741075539
464,387,0.07649362702217526
464,687,0.07649350643555884
464,324,0.07648185032439908
431,367,0.07647583014465488
565,122,0.07646115092647222
381,558,0.0764421178579639
431,176,0.07644029524264308
381,562,0.07642435513980447
382,95,0.07641165590349411
12,344,0.07640222274104204
12,166,0.07639435767432606
12,635,0.0763741610461859
189,474,0.07637057612581587
165,57,0.0763640685669849
7,119,0.07636349926205183
165,185,0.07634251742348266
382,160,0.07633233232295598
464,248,0.07632708089531523
523,473,0.07628922704925613
381,78,0.07627793947301088
47,688,0.07627711556101241
12,539,0.07627069119603286
523,18,0.07626397804250898
415,602,0.07625411091231683
415,492,0.07624479420674818
415,587,0.07623661068734314
420,316,0.07623149740973623
464,318,0.076218802897939
415,183,0.07620625157095184
420,636,0.07620241034387153
189,653,0.07617863474624605
47,661,0.07616190303460924
382,648,0.07615600721305951
12,49,0.07614648944500144
431,665,0.07612308804014468
415,455,0.07611024155173385
382,87,0.07610149046521625
12,149,0.076092929871393
523,173,0.07608410359004744
12,524,0.07607628570145437
270,199,0.07607538145999576
12,349,0.07605357305281643
431,649,0.07604159891405907
523,474,0.07601890832826741
415,3,0.0760054543474184
381,34,0.07599233333035219
499,376,0.07598649877484771
270,9,0.07597392932751568
523,663,0.07595112072801614
499,95,0.07594367369711767
420,215,0.07593432167511743
47,476,0.07593278009792881
420,297,0.07589531674190189
7,680,0.07589284002920038
382,433,0.07589146537718003
499,40,0.07584692056879222
12,264,0.07583031957851238
12,536,0.07582516038984376
382,445,0.07581099906845426
189,618,0.0758046623521618
270,153,0.07578001240315209
12,600,0.07577287030188436
415,264,0.07576498518337575
381,455,0.07574949254704093
499,100,0.07569727198945003
565,541,0.07568112924812605
165,636,0.07566058058040996
121,263,0.07564915780668081
415,616,0.07563888671474725
420,248,0.07561026248349259
464,104,0.07560003071379244
523,519,0.07558324853734996
12,363,0.0755741841503885
121,506,0.07557165005115231
523,377,0.07555980910078025
382,492,0.07555949380850661
121,544,0.0755546611362072
165,403,0.07554885267370973
47,214,0.07554754173185611
270,344,0.0755468568584927
499,408,0.07554593503918532
431,459,0.0755250252225908
523,492,0.07551422607267827
270,27,0.07550462003918199
382,474,0.075501365361282
431,671,0.07547909564226346
431,579,0.07547565522839719
415,294,0.07546198959834997
165,143,0.07545026346996492
7,329,0.07543830131460108
415,73,0.07543122925611905
165,298,0.07542657224876329
420,256,0.07542297905850746
47,358,0.07540149930765608
382,211,0.07538088805022794
270,145,0.07534858681580048
464,435,0.07532048741735684
381,581,0.07531990445022618
189,415,0.07530759048085629
523,300,0.07529645825295572
499,245,0.07529377001910147
415,681,0.07528222883557156
431,303,0.07527094407383975
381,642,0.07525907096550896
381,97,0.07524819439970244
431,463,0.07524403755439868
270,220,0.07524379972298491
499,255,0.07521742403788673
12,145,0.07521194725817151
499,664,0.07519909856269684
165,593,0.07518671998044858
499,187,0.07516381192833568
189,589,0.07516156624820247
415,400,0.07516113963777184
7,585,0.07515661190498311
464,425,0.07514521698391777
382,550,0.07514141874858044
420,163,0.07512946301173178
420,518,0.07511038138115611
47,199,0.07510820496711777
165,115,0.07506255215996142
499,453,0.07503107812522156
382,640,0.07497832232913476
464,507,0.0749524047566313
47,354,0.07494338475501879
382,658,0.07491989028369597
523,303,0.07490658428673205
12,442,0.07487783512292016
189,182,0.07487310138571861
499,595,0.07487248067008007
189,424,0.07486809908496518
382,590,0.07485582849239426
565,58,0.07482197952694068
523,591,0.07481996845589133
121,116,0.07480096238407725
270,499,0.07474884721917792
431,255,0.07474735040649354
431,681,0.07473423717426657
165,329,0.07473307166565576
189,383,0.07473056521126864
12,329,0.0747267846874942
431,236,0.07472338530032316
47,141,0.07469085757578876
381,234,0.07466940093378512
270,584,0.07466849089418373
47,250,0.07465100454929526
381,99,0.07464674640149205
382,9,0.07462961547205545
12,687,0.07462944733731444
415,83,0.07462238928226374
165,500,0.07462204290788255
165,454,0.07461668214103803
420,157,0.07459374395931354
47,376,0.07457361307849136
121,481,0.07456354796426429
7,462,0.07455369906227732
270,673,0.07454450478125749
47,105,0.07454117846571943
7,616,0.07452412028096575
165,71,0.074506368877476
499,425,0.07447431953868514
420,370,0.07446364302748598
382,22,0.07445202138908853
382,59,0.07443146870780663
165,93,0.07442848318200146
420,149,0.07442490524630058
382,610,0.07442386311041854
121,439,0.07440496492943216
270,286,0.07439831024671449
420,137,0.07439644140011029
7,615,0.07432880177550494
565,204,0.07432698538621159
7,357,0.0743202235896714
270,322,0.07427348883844863
189,671,0.07427015298936732
270,102,0.07425000196469213
499,197,0.07424118061236029
189,237,0.07424029121156288
382,176,0.07423586071461585
165,472,0.07422138995519172
12,658,0.07422122621206614
499,7,0.07422043513421343
47,346,0.07421799094076864
565,328,0.07420172730050696
499,491,0.07418553048542159
499,661,0.07418397787072926
270,174,0.07417444112646548
47,533,0.07414519562304897
270,682,0.07414049976639803
415,7,0.07413843977659466
381,121,0.07413750740513932
270,277,0.07412345548116167
7,282,0.07411457161863162
464,205,0.07411441272971991
523,260,0.074102814047296
415,256,0.07408735308232887
189,166,0.0740757482312972
189,491,0.07407571052467637
523,384,0.07407283260537113
47,526,0.07406841640285226
47,513,0.0740635914486088
464,566,0.07403304916421426
47,620,0.07402611779141047
415,382,0.0740108746034391
47,610,0.07400904872028827
464,49,0.07400813749814673
189,259,0.0739755164622529
382,285,0.07397242753147884
47,414,0.07397031687888363
12,653,0.07394164311529729
121,199,0.07393166734605884
165,263,0.07392526212834649
270,185,0.07391097414639242
523,518,0.07391087169933507
499,343,0.07390254101970249
47,202,0.07387273349647513
415,610,0.0738433273507523
523,382,0.07380010898204185
565,199,0.07377513457355687
565,261,0.07377078433757069
499,106,0.07373923008382735
165,386,0.07370111444014077
415,250,0.07369518372177869
415,542,0.07368756837478034
415,193,0.07366578974108075
189,184,0.07366209914121212
47,493,0.07365726508210658
464,557,0.07365454981854243
415,282,0.0736444667176155
165,608,0.07363542345250704
565,433,0.07362253449039993
7,52,0.07361349838756127
121,381,0.07360040668438576
121,623,0.07359326075537259
381,299,0.07359322438202108
523,311,0.07358261864020224
7,553,0.07357570472004286
165,206,0.0735541969193767
523,346,0.07354849970156993
420,417,0.07354077319419396
12,677,0.07353385322541006
565,390,0.07350060890709834
270,303,0.07345451366493916
47,404,0.07344429335111835
47,188,0.07343828213508352
165,660,0.07343361165645433
523,335,0.07342574202917014
431,660,0.07340858082082875
499,647,0.07338981174256733
12,44,0.07338689025649461
165,664,0.0733780087603705
165,584,0.07334320417398
523,386,0.07334137193834417
121,228,0.07334018822450027
47,115,0.07332909642856693
565,587,0.0733237628662607
420,228,0.07329786468975802
381,452,0.07328564736174811
121,436,0.07327307741549441
431,312,0.07325403910686927
189,511,0.07324971012806494
523,449,0.0732299213912013
382,229,0.07321938240886328
189,53,0.07319927683180712
121,484,0.07319763796958625
523,11,0.07319491185966627
12,157,0.0731858057336785
165,564,0.07317817869912474
7,169,0.07312907855675764
121,251,0.07312771048711246
464,396,0.0731171209713171
464,115,0.0731059131191583
121,690,0.07310307623949978
7,519,0.07310120785209462
189,6,0.0730858931951677
382,664,0.07308434136947371
47,505,0.0730783450644211
12,256,0.0730779239940546
499,533,0.07307386525775167
420,396,0.0730642006638427
381,213,0.07305812326280811
12,669,0.07305005534062406
499,60,0.07302846251247574
121,648,0.07302315122654578
381,546,0.07301859258027217
565,234,0.0730168201775531
415,591,0.07301248617567155
565,178,0.0730003562076839
270,52,0.07299199615003925
565,622,0.07299173138046076
382,618,0.07296956398955033
499,554,0.07295513125548204
464,242,0.0729329199393157
165,124,0.07292473337532243
189,58,0.07291057623606313
415,36,0.0729001688156705
499,610,0.07286431504151386
382,442,0.07285941263690081
420,21,0.07284762658958893
270,690,0.07282689054348124
270,339,0.07282052810225997
165,440,0.07281519268631158
270,248,0.07280053520555246
47,251,0.072799180781686
464,148,0.07278780597650074
189,303,0.0727776482145883
499,15,0.07276627102336637
415,437,0.07275680880533686
270,191,0.07275506378197479
121,478,0.07268029478820112
499,377,0.07267589211312517
270,452,0.0726740736126418
415,630,0.07266219497972004
464,214,0.07264777326901048
565,518,0.07264199613731731
189,271,0.07263466728307212
415,373,0.07261091647299696
270,541,0.07260245558615266
431,332,0.07258021445047998
165,114,0.0725696551046771
523,326,0.07254253551592393
12,87,0.07253436062178935
270,386,0.07252833740097828
381,566,0.07252316315486722
121,636,0.07251914596747941
47,366,0.07250360126223193
565,616,0.07249338435617567
12,533,0.0724565980820043
565,283,0.07245644436706133
381,281,0.07244035361433175
270,630,0.07243643612896711
121,502,0.07242628683296654
415,451,0.07242018927058326
499,588,0.07241934182038162
420,493,0.07238044458652931
12,116,0.07235474087944958
499,282,0.07232120590821882
121,669,0.07231534567687369
189,378,0.07228297719952459
431,11,0.07225847945356945
382,560,0.07222462748643446
121,415,0.07221403104453093
382,478,0.07220495267737932
382,516,0.0721840806647129
382,373,0.07218393246588121
499,452,0.07217334200941179
415,491,0.07216149411539398
47,172,0.0721486462097942
270,47,0.07214761665648037
382,627,0.0721397202687482
464,665,0.07212214349610221
499,25,0.07211552736121606
47,470,0.07211051102126881
565,194,0.072092775095127
523,610,0.07207112252430503
464,184,0.07206986722666942
47,269,0.07206367962137321
499,47,0.0720546752494325
47,332,0.07205101565988556
165,7,0.07205045988665859
121,3,0.07204594950696841
7,25,0.07204484985327228
431,598,0.07203062506720541
165,690,0.07202614283131785
420,263,0.07201969515631942
12,52,0.07199183191166582
189,544,0.07198609806977528
382,148,0.07192607166295138
165,485,0.07192197883161831
431,251,0.07191603429804203
382,202,0.07189864647084998
431,542,0.07189556111206598
12,332,0.07189494651632058
165,109,0.07188441637213415
565,236,0.07187949657668032
381,522,0.0718702952276975
47,408,0.07185495318756827
381,334,0.07185119790416904
499,310,0.07183359996021042
12,57,0.07182808706271396
431,12,0.07182319834930322
565,332,0.07181072077182812
415,292,0.07180230062356978
431,330,0.07179895720854267
270,527,0.07179757453040125
499,309,0.07179245984949724
121,134,0.07178889939832589
165,510,0.071782740919412
270,124,0.07175859576385869
7,649,0.07173665687457816
270,502,0.071705036902596
415,561,0.07169567703334018
499,174,0.07165624858950276
420,558,0.07162793534230864
381,232,0.07162588232781851
415,25,0.07161367212568302
523,362,0.07160694913885814
431,107,0.07160294560071008
464,374,0.0716016798774035
47,455,0.07159477688391619
12,306,0.07159466172996834
7,561,0.07158734273869963
165,382,0.07158395462294927
499,574,0.0715794710626225
565,62,0.07157479131315413
47,421,0.07156684562729328
121,519,0.07155160003780703
464,465,0.07153555873890421
12,591,0.071518506002194
523,95,0.07149281983439058
165,1,0.07148895726484118
499,78,0.07147521447722364
121,352,0.07147401129839125
165,659,0.07145765198063328
382,528,0.07144757089913567
12,584,0.07144599996798852
47,478,0.07143972483819586
165,677,0.0714392374196284
499,566,0.07143174661733322
420,471,0.07141315428542411
420,12,0.07139233962673179
7,4,0.07139026196053444
165,539,0.07135464579473465
523,497,0.07135332530851163
189,394,0.07134672842996835
431,173,0.07133576980920285
47,100,0.07131027117003816
382,687,0.07130397525290123
165,653,0.07130027774738706
420,34,0.07129737696016054
381,374,0.07127704461772069
523,451,0.07121621826817742
499,303,0.07121289151824754
165,377,0.07121184613698821
270,667,0.07120308194433096
381,84,0.07120281610437258
12,548,0.07119276491071501
415,106,0.07118379676567373
121,231,0.07117645157847452
382,260,0.07115263213646916
420,523,0.07113659318879462
47,400,0.0711245952623307
7,367,0.07112421011612255
565,82,0.07111760043383011
415,49,0.07111299831555959
12,56,0.07110584090574008
382,498,0.07110148035118663
420,449,0.07109579376714077
121,189,0.07107935927726283
415,0,0.07106507210807889
382,91,0.07104124989457802
189,265,0.0710401490430378
270,640,0.07102205756212705
431,56,0.07101852714169551
270,44,0.07100606205246258
381,287,0.07099828137348795
7,318,0.0709917134972504
165,320,0.07097586629782421
381,689,0.07097320101737598
431,667,0.0709648724604679
270,435,0.07095653345654876
47,299,0.07095567558390357
7,506,0.07095030121596323
415,411,0.0709423538656325
189,173,0.07094141952361316
415,669,0.07093771357117858
431,97,0.07093046462830296
7,65,0.07092854147173133
7,606,0.07092478660230704
565,137,0.07090963323926142
189,499,0.07090955994833187
189,299,0.07090518601161384
7,259,0.07090385477297101
431,509,0.07088838545389232
47,258,0.0708876450162962
431,261,0.07088304809802677
415,502,0.07087900005086196
420,466,0.0708726398077036
464,451,0.07086625442098869
499,14,0.07085741222114221
7,183,0.07082875549456143
499,353,0.07082001567841884
121,593,0.07081423008117538
415,226,0.0708084288339279
565,432,0.07080490648688241
523,119,0.07077916418940582
565,447,0.07076833365699087
523,180,0.070762444697658
165,384,0.07075625100682235
7,297,0.07072701824593014
499,87,0.07070672399412177
12,18,0.07070644916616742
415,404,0.07069606734100486
381,436,0.07069337955988081
420,192,0.07069242880886605
382,602,0.07068579431678561
382,214,0.0706785646295276
523,65,0.07067160156880437
415,103,0.0706502159620356
121,662,0.07063625443000703
499,400,0.07061903940190513
47,409,0.07061333778057657
165,522,0.07061129451082958
382,558,0.07060505369361514
47,671,0.07059600138269478
499,611,0.07058681320381982
189,330,0.07058523821577674
523,141,0.07057360416341155
47,453,0.07056988630821476
420,152,0.07054812444663668
499,653,0.07054717210065621
121,203,0.07053770095258269
7,523,0.0705288544217937
464,602,0.07051187818526605
47,92,0.07049898203402405
431,181,0.0704845512802028
121,257,0.07047971051233556
499,514,0.07047961222417867
121,479,0.07046964502150517
165,259,0.07046298049590526
270,22,0.0704606857772453
381,127,0.07046034551698088
415,225,0.07041126678249304
464,588,0.07040885769320815
499,103,0.07039687459742847
121,103,0.07035960248459225
499,523,0.07035922691468034
431,318,0.07035151874592518
382,71,0.07033050080291545
415,168,0.07032887532745956
415,63,0.0702818897847787
12,421,0.07027538046460648
420,214,0.0702654764303901
47,335,0.0702517330234946
431,166,0.07023703517935011
47,90,0.07021705138743875
523,320,0.07019290606034134
7,312,0.07017879662149198
12,19,0.07017381604882508
121,534,0.07016580605433653
381,353,0.07016546329209301
47,689,0.070154570822051
420,616,0.07014829336767094
499,88,0.07014599527325086
415,449,0.07012769719862583
47,681,0.07009442834694801
382,601,0.07008452222681569
523,470,0.07008221340516678
464,689,0.07008096155617691
415,105,0.0700804461631762
464,445,0.07005638306817422
464,54,0.07004392600501586
464,315,0.07004265758696329
382,450,0.06998495496521626
415,14,0.06996128668835874
420,72,0.06995335141234062
47,273,0.06990683862674917
47,462,0.06990585470272828
415,384,0.06989871720799624
415,240,0.06987678487382065
165,597,0.06986935881442165
499,108,0.06984737649299594
415,618,0.06981295589963488
415,488,0.06981252721418339
382,574,0.06980667894994491
7,455,0.06976745477159597
523,259,0.0697600943049986
189,513,0.06974809406044591
381,222,0.06973876424664723
165,174,0.06972864674000201
382,330,0.06972365787813276
270,158,0.06971380911374729
431,689,0.06967406701329332
121,443,0.06966863440346256
165,414,0.06966232760349318
270,320,0.06964917209682547
523,600,0.06964682259028539
7,250,0.06963858799473036
189,560,0.06961433148134384
499,229,0.0696138704493933
499,471,0.06961151572970395
12,303,0.06960464878984891
420,324,0.06959561056176052
523,510,0.06959407429127315
189,82,0.06958459113093789
189,640,0.0695778123452462
121,475,0.06957417385882984
12,435,0.06957138674703288
382,173,0.06956090581838802
464,474,0.06956019478374666
270,234,0.0695429430351186
415,257,0.06952091387357211
420,452,0.06951674998265567
7,107,0.06951366519974492
47,104,0.06951242257029276
420,634,0.06950463976343914
382,105,0.06950178501947685
415,246,0.06948600379665629
47,637,0.06946250745723709
12,515,0.06945007767469964
420,168,0.06939990256718558
420,399,0.06935319953839945
523,415,0.06933598273642698
121,516,0.06931627836573219
420,184,0.06929860989572204
189,361,0.06929535918541588
165,60,0.06929473594103294
189,581,0.0692932318829654
12,613,0.06927888274831537
499,116,0.06926887741912255
523,309,0.06926579726277542
523,176,0.06924030587616746
270,627,0.06923999266972614
270,471,0.06923820819837855
189,3,0.06922841393031672
464,462,0.06920732675842937
165,589,0.06920049553318866
523,189,0.06917747366020126
7,658,0.0691661018673099
523,333,0.06913896663721182
415,592,0.06912817828093916
165,463,0.06911370224919933
382,269,0.0691128963074566
189,538,0.06910789603117476
189,485,0.06910603937930426
381,363,0.06909882696668022
7,595,0.06908043404063838
523,140,0.06906991310218062
7,136,0.06904978467227062
47,587,0.06903869427611026
189,483,0.06900825715841027
523,121,0.06898360103080853
382,25,0.0689812429255839
121,357,0.06896721064845092
270,340,0.0689491763859832
523,421,0.06894358191400124
523,199,0.06893860067185216
270,451,0.0689281323715351
7,620,0.06892158045981447
565,85,0.0689137017744736
47,203,0.06889930825271104
165,111,0.06889883886798338
12,587,0.06889212361078509
47,609,0.06889143903715429
499,689,0.06888863372791286
381,530,0.0688749697297377
165,300,0.06886649369938502
270,6,0.06885130540985368
499,396,0.0688509942955806
523,57,0.06884546008660485
12,215,0.06882707411451398
523,542,0.06881934962780782
381,457,0.06880542832765955
382,226,0.06879677701559005
431,636,0.06878573094507136
431,548,0.06876885073855915
415,276,0.06873696136888448
431,385,0.06873586161606161
189,667,0.068732614506533
415,188,0.06869996470505046
415,464,0.0686987103799553
565,286,0.06868570713899229
382,242,0.06867719286992245
415,126,0.06866405152880391
165,345,0.06863047528791011
270,163,0.0686271653893569
165,16,0.06862655203464131
415,339,0.0685718611586357
165,42,0.0685368736840573
464,181,0.06852169763223204
121,208,0.06851323563474479
382,511,0.0685115489023427
431,628,0.06850651591149276
415,436,0.06850213244622311
382,189,0.06846713684084045
431,686,0.06845932266065369
270,370,0.06842268711251848
47,415,0.06842066315525724
7,639,0.06841411390386663
381,471,0.0684109290828476
270,225,0.06840353217792856
7,550,0.06840147726282818
47,113,0.0683587893252852
270,613,0.06835400620710311
47,277,0.06834335651120599
189,593,0.06831304701734334
464,34,0.06831073738841888
415,11,0.0682920889656928
165,491,0.06827542048223105
464,74,0.06827205954863434
165,8,0.06826050703260553
565,195,0.06824689775127567
121,394,0.06824510920348992
12,614,0.06823873797665128
565,27,0.06823542545261645
382,30,0.0682285092440728
165,173,0.06822297057467025
565,133,0.06822018043978166
7,548,0.0681941159794201
47,551,0.06816617778496645
7,503,0.06810834926936378
420,32,0.06805353077556761
381,17,0.06804315596924741
464,603,0.06802602198559833
270,515,0.06801200848722999
431,361,0.06797829367123938
189,688,0.06796242499945829
189,293,0.06796124586656495
523,502,0.0679413995839784
415,441,0.06793453777825745
189,682,0.06793307706079696
415,416,0.06793271072105189
523,509,0.06790111127591358
121,347,0.06787965457258095
270,689,0.06786592553218436
7,145,0.06786396800744722
189,548,0.06786265424320988
165,673,0.06781290015609685
12,618,0.06780556495864656
165,9,0.06779538533975757
165,346,0.06779505392445122
464,478,0.06775537336799732
382,461,0.06768916212673835
415,10,0.06768294612260599
523,673,0.06767400668636747
523,212,0.06766064218183371
382,566,0.06765893193714038
189,172,0.06765149272224567
121,69,0.06761527808102898
12,216,0.06761404215805876
523,73,0.06757984455913042
189,104,0.06757713357615254
464,207,0.06757275541198268
7,551,0.0675666786580842
270,291,0.06756194924734621
381,394,0.06755467894052387
189,56,0.06754962294115881
420,147,0.06754831911019459
499,511,0.06753078579215464
165,585,0.06750244896428455
382,347,0.06750244453123193
121,204,0.06749055768453828
523,276,0.06748744330536634
165,557,0.06747101167689919
47,530,0.0674331433237657
12,182,0.06742948960961294
382,277,0.06742864522996739
270,590,0.06742376003866596
523,411,0.06741944514619412
270,12,0.0674117706526697
464,397,0.06740331447842966
523,34,0.06739048698676806
47,218,0.06738546281771444
189,122,0.06738366882685778
7,480,0.06737884495019097
381,283,0.06736680509102326
464,641,0.06734796938760018
565,69,0.06732532724806446
270,587,0.0673063855566573
165,195,0.06730162163525254
12,553,0.06729934505322006
381,340,0.06729875806544595
431,578,0.06728096922454742
381,347,0.06727267166653353
415,345,0.06726820556797389
431,141,0.06725671051655785
420,277,0.0672283693650398
464,628,0.06722379420085672
12,598,0.06722053693201789
499,403,0.06721191724850814
464,366,0.06721143057796762
420,688,0.06720913952776914
464,582,0.06718493558038612
523,404,0.06717913567639394
499,312,0.06712925827263183
420,124,0.06710331866872407
523,107,0.06704513986986244
431,53,0.06702655634017375
523,581,0.0670003248037395
189,679,0.06694143159141765
121,507,0.06692807023038179
12,357,0.06691622476196961
165,218,0.0669121726916543
464,424,0.06690275448085588
7,254,0.06690122327101572
415,34,0.06689953752370242
499,44,0.06689384258558631
165,425,0.06687997610688977
499,667,0.06687326015822637
7,258,0.06686534042163407
431,411,0.066854149955139
523,442,0.06685194681994171
12,228,0.06683777549022306
121,523,0.06683682382980458
47,19,0.06683105860206476
47,303,0.06681682865971225
165,284,0.06680271208601923
121,284,0.06680163259237998
499,157,0.06678032493552742
464,523,0.06673891640860583
7,310,0.06672781108527824
12,45,0.06671597729881433
270,375,0.06671402923538705
165,513,0.06668408820146773
431,360,0.06666418157703949
189,507,0.06665731833074753
47,427,0.06664379322877605
415,128,0.06662342779346699
382,473,0.06660646323796024
523,61,0.06660515194071123
415,687,0.06660381098049063
165,618,0.06658954206173184
420,672,0.06652450518025446
121,222,0.06651229362427506
415,219,0.06650709452474649
499,684,0.06649296750649525
523,636,0.06648739066483808
47,564,0.06648392566583118
47,173,0.0664775498725655
382,401,0.06646991228717664
189,320,0.06646150950574527
565,290,0.06642789151717897
270,58,0.06642215622124749
270,406,0.06641827280961737
47,511,0.06641531407442956
431,192,0.06639881898640736
189,222,0.06633335369179788
415,33,0.06631194783148274
382,448,0.06630123432300301
121,47,0.06630034544580901
12,1,0.0662970675873704
431,122,0.06629401058254837
382,649,0.06629146195243457
499,105,0.06626706129375481
121,465,0.06624550146414777
47,22,0.06623228781372456
165,262,0.06622950129157844
420,65,0.06620734362971428
523,284,0.06617728135014171
382,581,0.06611767721965425
565,146,0.06611294253712889
382,227,0.0661074040353778
431,224,0.06608715393268866
7,153,0.0660712933598626
7,217,0.0660692342227898
565,347,0.06606834382329349
382,376,0.06606610985023889
270,610,0.06605746158980158
189,152,0.06605084985275543
431,22,0.06603067880925251
165,387,0.06602170809040084
189,251,0.06601770672208115
165,603,0.06597870867881322
431,396,0.06594557882734925
270,136,0.06593875117660376
464,2,0.06593720734261264
47,25,0.06593365414621383
464,310,0.06593219281615131
499,207,0.06592776206125806
121,247,0.06592427863130977
415,590,0.06590935275173933
189,276,0.06590172485844518
121,671,0.06589392409384692
7,618,0.06589136112706655
415,528,0.06588392374891269
121,46,0.0658729936399199
165,277,0.06585586080408067
464,276,0.06584358913533711
165,605,0.06584105654671629
420,390,0.06584016758897125
165,349,0.0658374364299719
12,83,0.06581553913954069
415,620,0.06579664496798501
420,494,0.06579300115317709
382,455,0.0657795047473537
565,84,0.06576606992598663
565,424,0.06576468675644428
499,300,0.06575486256372733
12,300,0.06575059825300218
12,370,0.06574775241675486
7,244,0.06571913013550436
165,376,0.06570334180990167
415,139,0.06569779216366084
431,513,0.06569036249174592
270,509,0.06568441841328859
499,627,0.06567104980447756
12,523,0.0656638166091528
420,530,0.06563663583937288
499,102,0.06563342543559732
523,158,0.06562519857594856
189,178,0.06560852323127773
523,59,0.06560779765265477
47,58,0.06559216143883734
12,250,0.0655872885598076
47,310,0.06558228105439566
499,246,0.06558226326797328
431,423,0.06556798257887592
189,202,0.06556604825957099
381,594,0.06555215776879024
121,385,0.06555186719212969
165,33,0.06554892009823113
47,166,0.06552912319591428
165,606,0.06552846788164358
121,153,0.06552650711808511
523,625,0.06552462406942922
523,514,0.06551665388269634
415,671,0.0655099020809591
382,686,0.06550939349077237
382,578,0.06550684953628519
165,514,0.06550371078717987
12,678,0.06549601352702057
464,65,0.06548560502036611
12,34,0.06544805176495766
270,637,0.06541434391280693
382,502,0.06539986764564609
270,598,0.0653964691700376
415,215,0.06538758898230479
420,242,0.06536810418688285
382,205,0.06536139077613508
420,622,0.06535779498097236
499,542,0.06534393825473628
464,432,0.06533960912895333
121,370,0.06533836389902377
7,90,0.06533421939096493
7,226,0.06531217879398521
382,432,0.06531071036376207
382,34,0.06531029699168478
189,250,0.06530574568261742
7,121,0.06528129405520812
499,374,0.06527377164728515
464,72,0.06524906208033143
382,157,0.06524156191022555
121,124,0.06521799599051188
165,460,0.06520589553008026
189,245,0.06519686222285043
121,585,0.06519215022258386
431,403,0.06518597559534686
12,406,0.06518386305365573
7,513,0.06517725717581763
165,388,0.06515385299549412
165,190,0.06514465534262062
189,196,0.0651436434719318
165,196,0.06513810327773446
381,375,0.06513613042956966
121,435,0.0650979449244333
431,182,0.06509577115164861
420,465,0.06509090479138527
415,279,0.06508854610002614
165,545,0.06507063224265493
7,273,0.06507032425651046
382,139,0.06506092951684195
189,44,0.06505472684557917
121,493,0.06505197340126805
12,685,0.0650120457678807
165,10,0.06500996920508857
431,474,0.06500353910037604
47,57,0.06499716809404195
415,519,0.06499340358784866
415,498,0.06498882621970198
464,29,0.06494163090064038
270,227,0.06492709856442572
464,282,0.06491871635088885
464,308,0.06491474228830398
499,591,0.06489725497344778
47,451,0.06485863418766431
415,18,0.06482805623591616
499,478,0.06479174351070519
523,627,0.0647856424542646
565,399,0.064783582588046
420,630,0.06477704002577855
415,640,0.06474443080975842
189,585,0.06473551827160325
381,150,0.06471514686276647
464,622,0.06469446304205895
7,197,0.06469296663687255
189,266,0.06468113948407193
415,361,0.06468098724295451
431,60,0.06464952390602256
523,441,0.06464493806352271
381,438,0.06464476323910066
7,174,0.06463118116143897
382,436,0.06462847583061111
47,148,0.06461822078961856
270,203,0.06460493638391311
12,214,0.0645787512763158
7,59,0.06457461142038438
189,291,0.06454111680883813
47,226,0.06452095770260918
121,37,0.06450758205415458
382,121,0.06450628965443875
420,60,0.06450369077395629
12,492,0.06449906238193216
270,104,0.06449126668275842
523,689,0.064481053013713
420,131,0.06447649253944271
415,115,0.06444143794863635
7,188,0.06441813010317048
499,553,0.06441214079665356
270,236,0.06441093182504741
189,234,0.06440188433263405
121,220,0.06435330574612315
382,247,0.06434657594167859
381,54,0.06434022032357449
415,406,0.06433979185150529
270,523,0.06432812972711627
415,593,0.06432298453169823
165,245,0.06432172970457235
189,101,0.0643209572276779
523,640,0.06431496124709374
382,685,0.06428066565586686
464,496,0.06428060897468994
270,113,0.0642791035621971
165,127,0.06427279841656625
565,287,0.06427146521988814
381,515,0.06425074013340493
415,176,0.06424384475687674
523,690,0.06423189350027045
420,45,0.06422628397665787
121,250,0.06421202545741858
382,306,0.06420322233709527
12,516,0.06419684131559698
47,121,0.0641952128701065
47,34,0.06417510075525723
47,37,0.06416572450038917
47,74,0.0641552300592431
523,291,0.06414807128918004
382,600,0.06413734798880041
523,401,0.06410400159991803
523,215,0.06410213146634862
165,352,0.06409504906836246
189,204,0.06408598305661818
499,203,0.06408440590310502
523,597,0.06408387377013273
47,601,0.06408358840238222
382,103,0.0640819452540394
165,212,0.06408167176212126
381,267,0.06408165243772913
420,667,0.06408056427690967
12,7,0.06406750661138867
431,353,0.06405961083336063
431,599,0.06404648480289736
499,479,0.06403578568618286
499,232,0.06403330337557502
464,320,0.06399535939011994
7,73,0.06398879115384297
382,537,0.06396563466616123
464,234,0.06395199696276894
270,371,0.06394270263218023
499,313,0.06393853082641686
382,3,0.06393733909410058
121,363,0.0639134154932351
47,582,0.06390329222815316
12,452,0.06390282645694802
382,595,0.06390023056699189
381,485,0.06390011712251246
189,435,0.06386706471220173
189,382,0.06385611765988974
12,14,0.06385465193773968
270,495,0.06384028114815804
565,582,0.06382915364601177
431,297,0.06382796624446375
270,57,0.06382361217930917
431,174,0.06381694989987234
47,289,0.06381137107545189
12,682,0.06375048380295746
499,306,0.06374411567258438
523,245,0.06374106380751275
270,478,0.06373943396102133
189,438,0.06372930579839471
523,97,0.06372562314261561
415,143,0.06372000239019383
420,679,0.06369363688009123
12,124,0.06368179748219778
415,609,0.06367451769925206
121,128,0.06365481279425887
499,72,0.06364265868681299
7,335,0.06363200401574685
415,107,0.06362245521001648
47,682,0.06359991281064786
464,450,0.063592772848477
431,44,0.06359176180514836
189,153,0.06359025879107338
420,182,0.06358512675203723
165,313,0.0635465509794135
431,495,0.06354180642147889
270,628,0.0635309991771531
47,507,0.06352940641907788
431,74,0.06352350228219694
523,273,0.06350309377470134
420,476,0.06349914273613588
47,261,0.06349906812858302
189,439,0.06349353785237916
121,60,0.06348676676713388
431,257,0.0634766104044147
415,370,0.06347534992812966
420,415,0.06343366655812492
415,108,0.06343090236499138
415,394,0.06342775769419975
415,337,0.06342758743455264
121,373,0.06340484044462408
7,255,0.06339678987554838
165,610,0.06338631637568687
499,663,0.06338100177430238
47,71,0.06337507658058951
12,673,0.06337035478665495
420,385,0.0633602415661019
381,475,0.06335245017444059
381,448,0.06334140315640255
382,320,0.06333975486259392
7,622,0.06332841627774423
382,653,0.06332245371612853
47,135,0.06330965980314611
12,101,0.0632910352014674
165,497,0.06328996201153118
415,474,0.06328606590838284
415,197,0.06326421174154162
565,247,0.06325358103981524
381,30,0.06323409591734651
12,449,0.06323047572881782
12,497,0.06321692297721665
499,614,0.06321679637749864
420,87,0.06321372029579059
565,21,0.06320787221353232
270,228,0.06319758113384934
270,49,0.06319234462333131
415,435,0.06318007858735386
121,15,0.06316711136183428
523,476,0.06315813112693983
382,286,0.06315340825729801
165,691,0.06308757201816519
464,518,0.06307230910970206
47,595,0.06306561487151692
47,544,0.06304474046581393
565,157,0.06303865890326575
12,191,0.06303577588324855
270,42,0.06302692261977665
464,277,0.06301874166997572
415,553,0.06301290181679979
165,383,0.06300898064989263
499,257,0.06300782203283242
12,204,0.06300076713488358
415,525,0.06299546652185228
565,427,0.06299525277775322
165,489,0.06298854851106396
431,37,0.06298409047763769
499,269,0.0629334117145694
565,270,0.06292891669063164
12,181,0.06292483053084033
121,459,0.06291428287684937
382,303,0.06291344835352808
12,4,0.06289332010389663
464,196,0.06288980191364307
523,222,0.06288380126319715
431,522,0.06288313587807144
381,228,0.06286488712647602
431,373,0.06284947039818953
7,458,0.06284697247172313
165,671,0.06282989283509943
523,549,0.06282637744513023
270,651,0.06282509006054447
381,137,0.06281899250823163
499,290,0.06281640522204564
464,178,0.06281537009157775
165,683,0.0627907854470589
270,479,0.062790283008073
523,679,0.06277873573264012
464,263,0.0627697757896055
464,27,0.06276270599543934
189,176,0.06271556247723589
415,71,0.06264862430545776
189,641,0.06264348132732998
415,688,0.06263902268760745
499,206,0.06258672824385361
270,462,0.06253057701535097
464,375,0.06252135313526458
415,566,0.06252091666664744
121,416,0.0625005889757084
464,16,0.06245419323111232
121,258,0.06243851821394674
523,163,0.06241937812861429
12,3,0.06241822238885324
499,681,0.06241168246365197
382,383,0.062398972135813184
270,506,0.062397428548795444
165,687,0.06238139923072519
565,470,0.06237948314425695
270,271,0.06235386505589113
165,119,0.06233719646426581
165,341,0.062335624068724185
382,357,0.0623277190924549
499,202,0.062326728352143985
565,569,0.062321964865732285
12,478,0.06231960717278985
189,611,0.062317981166824764
382,313,0.06230002216390006
565,378,0.06229876958746991
499,178,0.06229309137215718
12,33,0.062277311126328304
464,122,0.06226805975161735
12,275,0.062228850516916207
270,625,0.06221731921215346
189,362,0.062206376807012874
565,465,0.06220176531235532
499,474,0.062197032741729455
12,461,0.062183715764745934
270,196,0.062175789227374496
415,509,0.062154675397363496
499,484,0.06214268980025103
189,195,0.06213137038208181
464,306,0.06209471437116513
499,415,0.06209270065624145
12,506,0.062086445619844624
381,678,0.06208301716595612
47,56,0.06206962010012083
431,153,0.06201734476206183
420,498,0.062015963004588275
565,507,0.062003580038138856
121,211,0.061995716016766386
499,623,0.06199379627546024
121,602,0.061983951342350095
165,415,0.06195825383217091
47,196,0.06193804133552264
499,262,0.06191014516567232
189,336,0.06190990741362541
499,222,0.06187585559278387
12,115,0.061862724258542987
165,193,0.06184392746198609
121,48,0.06184173194974662
270,409,0.06182523552695608
499,256,0.0618248128597776
165,76,0.061824200175407414
165,488,0.061806467864719036
165,662,0.06177999323149924
523,516,0.061733833453931866
382,515,0.06173137365902163
382,471,0.06172892160703752
382,620,0.06171577413597352
420,357,0.061711409464221684
381,424,0.06165179515031906
165,339,0.061632161757246035
165,656,0.06161731466842203
165,105,0.0616107208608078
415,21,0.061606959049907956
464,667,0.06160058536282101
12,488,0.06155592528183202
270,105,0.06155391701671194
464,383,0.06154566472487479
165,519,0.061512233849287785
415,172,0.06150533293145699
12,491,0.06150225915214862
431,685,0.0614976679039817
7,303,0.06149342040915984
415,82,0.061487686947029135
7,557,0.06147336371760217
382,544,0.06144802156851981
47,282,0.06144689439360048
270,377,0.06143136245737592
464,343,0.061419585576370846
189,313,0.0614117439673264
47,546,0.061387174072492494
415,545,0.06138291049795685
415,653,0.061345351261013245
415,493,0.06134353218570881
499,158,0.061304307175436036
47,578,0.061290096981501944
121,322,0.06128718864033555
420,450,0.061284670791969365
523,584,0.061272175588494536
270,222,0.06124906976934281
270,638,0.061227019445457075
382,476,0.06118615623183335
415,537,0.061159212853986795
499,195,0.061143013611858824
431,157,0.06114246626208277
431,103,0.061139471453343065
165,548,0.06113843790438142
121,541,0.06113447517010707
420,457,0.061128285674428864
523,409,0.0611186484865063
499,603,0.06109127752454985
382,62,0.061085264644487644
523,394,0.06107739159515638
165,396,0.06107492255532724
431,106,0.06106782674432766
121,537,0.06106466497812816
415,475,0.06106365469857969
7,384,0.06105715078521202
431,215,0.061022959172617505
420,127,0.06100339428831903
415,65,0.06098973697781878
499,362,0.0609768103114759
381,357,0.060966826421317025
420,596,0.06094959451843991
431,263,0.0609483672460541
523,52,0.06093382033139247
189,566,0.060919804410375575
121,52,0.06091212800293527
523,438,0.06090474629575651
165,553,0.06089362549946846
420,82,0.06089130744112507
12,99,0.06088977873625368
499,507,0.06088412434984829
7,660,0.06087141810542966
415,375,0.060854868588248026
165,598,0.06085040271536342
47,72,0.060849613048556975
47,566,0.06083155453596066
47,509,0.060806079542822286
381,602,0.06080459158011697
431,136,0.06080060006908338
499,363,0.06079186039057465
165,480,0.06078079368338983
165,621,0.06076404809711545
565,6,0.060758267955857766
381,315,0.060742039273423906
7,158,0.060719157816024605
121,622,0.06071673824787506
415,149,0.060703965929012824
420,178,0.06069114989196814
165,657,0.060688484057080994
121,396,0.0606874382708716
499,602,0.060679494446410444
523,548,0.06067949270716519
12,464,0.06063409214897374
270,507,0.06062966081326803
381,146,0.060601935721600796
420,113,0.060596578011415686
7,598,0.060588156949658155
565,150,0.06058195143343905
565,544,0.06057753854181583
464,613,0.06057657289229116
431,574,0.06055957971828716
165,199,0.06054288426092416
189,530,0.06053800613610062
121,492,0.060527984601287284
165,129,0.06052719129625627
165,34,0.06051605385561057
121,560,0.060508731267706305
165,629,0.06050848993239074
270,461,0.06049807017810625
420,677,0.06049286138175938
7,203,0.06048757927483921
464,313,0.06048329727290228
382,481,0.060459360881263045
382,573,0.06045909149814961
499,406,0.060426439386947355
165,663,0.060422342945268964
415,372,0.06040812895732117
270,421,0.06040698347276502
7,173,0.06038533574632874
565,164,0.060380889622886735
165,632,0.0603780195391667
523,12,0.0603602989828555
499,186,0.060338920553311054
270,641,0.060333222587059386
464,153,0.060329339704695166
382,12,0.060277964346624406
382,137,0.060270187701685476
499,387,0.06026600838840586
189,564,0.06026547756700685
165,65,0.0602453886014319
523,550,0.06023691377041164
189,475,0.06023345507074027
415,206,0.06021227306402438
499,492,0.06020062692421422
7,386,0.06017710574152213
189,425,0.06016742749387532
121,68,0.0601491250040076
431,329,0.06014592848673241
47,146,0.06013891993142387
7,499,0.060132792007663145
382,251,0.06013015191231874
47,522,0.06010860485278639
165,467,0.060099355942825124
464,290,0.06009556103106231
381,277,0.06008495510825689
464,286,0.06008218722066371
7,157,0.06007934542559462
165,623,0.06007879850871255
121,205,0.06007656375288665
565,564,0.060068789870189675
415,133,0.06002693074933143
165,421,0.059977740374177524
12,439,0.059976171428584225
382,403,0.05997488720367967
121,514,0.05996840752612357
420,590,0.059953215903938886
165,163,0.05994885644866678
121,445,0.05994292328935594
165,666,0.059936856483371014
381,248,0.05992423170916802
381,500,0.05991358182695694
415,479,0.05990215278789026
415,330,0.059898524499178804
499,435,0.05989768002918169
165,573,0.059895831875006494
7,115,0.05989309767714176
523,541,0.05986980212498516
165,337,0.05985506929026926
382,234,0.05984714439906565
523,42,0.05984505153610013
189,157,0.05982468862975959
382,159,0.059763730826073586
499,455,0.059754493367067556
165,95,0.05975447645952025
121,308,0.059746594187972145
47,391,0.05972647144947731
7,45,0.05971450059130616
523,363,0.059700802901693384
499,250,0.059695992533799716
523,83,0.059694825502761936
382,287,0.05969288571297023
382,399,0.05968839939757285
523,628,0.059678354106534465
165,101,0.05967235536756229
270,595,0.0596698695064128
415,220,0.059662409182431486
12,2,0.05966092043185499
165,450,0.05965581933013624
420,470,0.05965576349836451
381,12,0.059645111697970044
523,105,0.05963389115697018
381,102,0.059623171928179695
464,149,0.059592516274991014
47,616,0.0595918909323539
7,353,0.05959098774723152
431,320,0.05957585903899504
47,152,0.059562688975495
189,677,0.05955737053906528
499,348,0.05955201065473319
431,286,0.059548441923049575
464,671,0.05953661703104218
12,53,0.059525022602398316
382,563,0.059512672240218674
523,353,0.05950472642492433
431,581,0.05950221600948606
7,111,0.059501340799731746
565,310,0.0594914900250981
431,204,0.05947210351147223
565,4,0.059461407323166224
12,330,0.05945728438746867
499,76,0.05943707448464991
464,59,0.059410902913794354
7,101,0.059405143659613635
499,248,0.05939962973287331
431,528,0.059392833692690605
165,628,0.05938068489533417
165,239,0.05937284963980678
47,59,0.05937086720853939
415,144,0.059360622381973475
431,602,0.05935563838260821
12,560,0.05935456896393167
523,254,0.05934726368441548
165,279,0.05932931116797284
382,267,0.05931959362338828
7,236,0.05931252335003984
420,442,0.05931055210140974
7,64,0.05930985189995595
165,442,0.05930556003263425
415,594,0.05930488211403867
12,425,0.059276296520285564
415,518,0.059273727238252305
47,474,0.05927309799162355
121,667,0.05922938279164931
499,443,0.05922865201032127
7,147,0.05920804412980896
270,441,0.05920130259427175
431,401,0.059150049330725755
12,42,0.05911239993382564
381,128,0.05910830456692163
47,330,0.05910273677463007
165,172,0.059100861627633255
499,373,0.05906104317951365
12,460,0.05905059681824397
415,673,0.05904986485950486
7,105,0.05904701553885715
12,525,0.05901931510524444
431,326,0.05900777178855194
12,76,0.058997931468406484
47,42,0.05898968218329925
270,218,0.05898356610712106
7,256,0.058957262037499625
382,16,0.05894979544708149
415,401,0.058949216524888
270,53,0.05893919708000418
12,283,0.05891060014623645
165,455,0.058906821565398074
121,583,0.05889446578156961
381,574,0.058881317438394996
464,452,0.058874238929904114
270,544,0.05886737065784224
47,259,0.058843973218094196
47,192,0.058841810280604125
12,336,0.05883833227327314
189,29,0.05883602699350698
499,669,0.05883392731396523
270,518,0.05881715875008786
431,491,0.05880048093208141
565,498,0.05879908588161879
382,641,0.05879839034616552
47,593,0.058796383357033064
431,391,0.05879572323273989
270,258,0.05878648834432977
431,52,0.058779643310548836
499,322,0.05877745056589893
270,16,0.05877708343787343
381,362,0.05877280906499609
7,678,0.058753139698870006
121,417,0.058747003642502564
189,590,0.05874164766487835
270,122,0.05871486427371044
381,32,0.05870916057156744
7,347,0.058700786565358036
189,242,0.058692580442328494
523,15,0.05869142680694677
12,47,0.05868164859394296
7,57,0.058651865912546654
165,492,0.05864658811880926
464,257,0.058639128597636536
523,566,0.058609882340634196
12,663,0.05854814544113667
420,136,0.05854643263151861
415,258,0.05852022451761957
270,8,0.05851873724484633
189,308,0.05850243601983807
523,292,0.05850094273284995
431,245,0.05849958521783958
12,297,0.05849623789762229
499,292,0.05848022244529513
165,198,0.05847740123572545
12,373,0.05847456986070878
270,116,0.05847099856084618
523,71,0.05847063864782846
47,122,0.05846992740150884
382,15,0.05846609944592538
565,303,0.05846435618917355
523,315,0.05842404081937193
12,625,0.058392020539742455
270,108,0.05838871447971082
47,275,0.05835787391459827
499,273,0.058356681544768925
12,582,0.058336134448301866
189,275,0.05833333227581348
165,481,0.05832348387867926
431,135,0.05831385883057227
420,533,0.05830884371730958
381,631,0.05828946640355856
381,246,0.05828905539591977
165,228,0.0582807098143276
270,417,0.058279389856590744
382,361,0.05825378604707571
165,271,0.058195684224910164
381,496,0.05818800074677364
382,663,0.05818223366083186
565,512,0.05817794678122417
7,275,0.05817560854451804
523,129,0.05816187048613399
7,215,0.05814736959328855
189,442,0.058117046062466725
464,78,0.058084472685647
270,285,0.0580686616996246
415,623,0.05806342814796318
189,663,0.058039209030827064
121,184,0.05801241518696754
523,144,0.05799625640743221
7,324,0.05799040302994113
382,245,0.05798713586057161
189,574,0.05796260641688067
381,3,0.057948328511644685
415,166,0.057937812942594744
47,129,0.0579318978703023
499,329,0.05792347023685985
415,104,0.057874658937176957
464,71,0.05787437497121458
189,492,0.05787089010839278
7,512,0.057869682043880884
415,76,0.057855650459915135
523,56,0.05785358580932581
189,127,0.0578504118779059
431,541,0.0578162312678284
7,125,0.05779214453991803
499,613,0.057788000816700706
12,581,0.05775955361320288
415,563,0.05775709926666596
431,228,0.05775674068583799
7,671,0.057747122146247686
47,98,0.05774489400456519
7,451,0.05771921132035137
415,527,0.05770248720554172
382,681,0.057702299777293554
382,178,0.0576947659377607
523,485,0.057687320050071336
189,124,0.05768308702495016
415,425,0.05768182426165161
382,209,0.05766668671299648
415,184,0.05765417400891009
7,182,0.05762263437702936
12,48,0.05760488692005723
499,107,0.05759962376409926
499,683,0.05758089200894558
499,21,0.05757703821131193
431,438,0.0575654828072964
431,259,0.05755833515657561
415,589,0.057544062714536846
381,568,0.057540831003731974
47,178,0.05749409517867505
189,2,0.05749293911524713
7,152,0.05748091396079695
523,399,0.0574716249956938
121,315,0.057436636537129875
165,583,0.05743119255132024
165,297,0.057430162936268306
165,343,0.05741508451792154
382,102,0.057398235966031004
189,427,0.057393199095213246
165,257,0.05738718160804537
189,357,0.05737995858481594
47,49,0.05732859240082747
47,144,0.057328355568540844
415,665,0.05730811091887941
7,683,0.05730508566313874
165,363,0.05729628659461937
464,52,0.05727994564812252
415,222,0.057268323656279124
7,91,0.057266475768395254
431,277,0.05725294828003978
12,544,0.05723379054827151
431,104,0.05722200585233423
499,16,0.05720932888902081
47,185,0.057194847917412875
499,538,0.0571927530305661
189,528,0.05719147123270288
431,205,0.057172536569615594
464,639,0.05715578452600135
270,593,0.05710100471760995
565,301,0.057091999294176445
431,679,0.05705060989889503
165,217,0.05703187651281523
499,289,0.057025610322157534
7,672,0.057020550505947676
381,74,0.057004513134931135
523,387,0.05697683948076506
382,417,0.05697536395342294
420,97,0.056966007407940056
165,175,0.056941662725854256
47,549,0.05693352631038034
431,442,0.05693268162457081
47,425,0.0569159509484857
270,672,0.05691372072821118
165,250,0.05690009143962537
499,665,0.05689017063690268
523,116,0.05687735803881211
47,292,0.056875123620270654
189,498,0.05685224041576189
121,268,0.05683840097786317
420,566,0.056828102488382715
381,122,0.056794708251218996
523,375,0.0567543338988826
415,46,0.05673244223731338
7,508,0.05672745811769299
270,172,0.05672605257805602
565,208,0.05671360205548239
270,363,0.05669449619886238
499,628,0.05668338671961147
7,276,0.05666875856692803
121,224,0.05666275383010081
7,478,0.05666106221091011
499,101,0.05665981445289859
382,27,0.056650726581772
415,315,0.056638504697827476
420,687,0.05662268145731977
523,561,0.05661736336485234
121,269,0.05659623682460581
121,369,0.0565833584964099
121,464,0.05657917201623191
121,157,0.056568567599972225
165,580,0.05656613832531809
165,638,0.05655444180825237
523,60,0.0565440085837675
523,251,0.05653617887850612
499,236,0.05653153465056581
165,453,0.05652506295105649
7,341,0.056525022974250015
415,203,0.05651301997648375
415,157,0.05651134696368489
431,663,0.05650523578925547
415,443,0.05649695343022401
565,407,0.056484852200190394
381,657,0.05648382473582154
464,361,0.05647455990517546
431,57,0.05644043858053633
420,225,0.056399151846997606
47,27,0.056391019157798115
12,498,0.05636070586581855
382,678,0.0563492829933383
189,286,0.05633081643122599
165,2,0.056326355354411405
523,277,0.05631739322183233
121,243,0.0563165697428503
121,488,0.056293606491439815
121,387,0.056277444086280486
464,616,0.05626893740816702
499,189,0.05625602312359362
499,181,0.056228400649305295
565,113,0.056195088760305205
165,258,0.05619338479168628
270,459,0.05619094651070282
415,496,0.05615904481106235
420,292,0.0561517165859809
499,137,0.05614392557281142
415,476,0.05613730297210703
415,362,0.056134300582906485
415,101,0.0561132155839171
420,145,0.05611238241658383
431,383,0.056111985769699654
415,531,0.056107954516218195
165,334,0.056076096612361154
270,59,0.056067227096809696
12,60,0.056054845514171225
415,344,0.05605160861186533
420,52,0.05604576452497493
464,87,0.05603812573539862
415,234,0.05602859580992938
420,427,0.05601808182301506
7,493,0.05600546179242324
189,630,0.05596884600930778
121,276,0.05596411205587421
270,83,0.05593439898617783
499,163,0.055934284766339444
165,150,0.05592340055330723
523,455,0.0559223588342713
523,544,0.055894622754021635
382,128,0.05587416934056979
565,313,0.05586831320104357
523,197,0.055832720764024096
415,329,0.05582506972959094
420,258,0.05580206362065101
12,285,0.05578097668985718
420,637,0.055753224013319565
381,677,0.05574632572840304
523,481,0.05572700176725426
499,445,0.055720930799204205
523,361,0.055710175902059775
12,251,0.05567858238551708
7,403,0.0556742732265762
382,549,0.055667599547697164
12,97,0.05564867217492069
523,172,0.0556424316529035
270,159,0.05563026979935135
7,438,0.055626619390239565
189,62,0.05561512483129307
523,685,0.05561369623149901
7,149,0.0556053889651932
270,476,0.0556036308237382
565,138,0.0555898292487825
121,663,0.055587864892646034
464,522,0.05557529675158569
165,87,0.05555302016465817
415,601,0.055513333207708244
464,372,0.055505331289229395
381,324,0.05548885025592628
47,102,0.0554846588552302
415,450,0.05548334827743123
270,293,0.055480136443073834
382,374,0.05547289623282303
270,3,0.05546525724595988
270,589,0.05543372015343729
499,125,0.05540807243703712
464,35,0.05540265793361585
420,313,0.05539498415314691
499,688,0.05539238508979862
121,421,0.05536582866954628
12,387,0.05535238802737712
464,610,0.05535191007596791
499,482,0.05534616552898558
12,311,0.05533812403990203
189,518,0.05533152123818275
523,258,0.055330145937263375
420,378,0.05530846250273473
431,511,0.055278425618567086
189,537,0.05527827919890375
47,480,0.0552733486295468
415,19,0.05527209581905652
270,394,0.05526078737157773
165,495,0.05523550538346617
381,361,0.055223850073272136
499,209,0.05521474993128928
523,618,0.055181923262005585
165,63,0.055165969287801965
7,17,0.05514928119528236
431,593,0.05513299298259996
382,336,0.05512561894141051
12,259,0.05510996888683733
523,306,0.0550929987603974
415,255,0.05508639320290774
431,634,0.055075864555082
431,630,0.055063073163395544
415,196,0.05504757130555185
12,159,0.05503501240194239
121,246,0.055034580417514516
47,485,0.055027892221988846
415,357,0.05500350381579578
523,554,0.05500189576396149
382,6,0.05496360615475797
431,242,0.05496249833681443
12,196,0.054939647926173646
12,383,0.054923233247030356
499,122,0.054918367357340916
7,71,0.05491701339284203
12,136,0.05491684146068402
165,613,0.05491651668891931
189,248,0.05490776964625561
499,561,0.05489245803892555
165,648,0.05486751133232018
7,286,0.054845784671796134
415,6,0.05484105916834174
420,544,0.05483878764610661
12,71,0.054826422093232796
189,613,0.0547934347198675
499,687,0.05478940482306861
499,522,0.0547866696706882
420,336,0.05477855783920389
420,237,0.0547604641722884
189,508,0.05474990994790025
415,600,0.05470268589780937
165,572,0.054677051289459315
431,289,0.054666079530149375
499,258,0.05466417780116362
270,513,0.054655884980318
499,150,0.05464673753582653
12,622,0.05463236478462771
381,445,0.054617177019549344
420,685,0.05460785159388195
165,362,0.05456826952390564
415,131,0.05456021453120274
381,132,0.05455338583103147
523,578,0.05454287672892264
165,59,0.05453852091518103
270,457,0.05450157560762882
47,97,0.054496951555268965
499,402,0.05449646583683322
382,496,0.05449224415650344
12,538,0.054488138503318025
565,415,0.05448511552419683
270,251,0.05447969157217307
499,385,0.05446566350923884
7,295,0.05446455814244148
7,287,0.05446093209572569
121,498,0.054459340194341316
165,637,0.054458722644194484
7,383,0.05444558726572119
499,59,0.05444404014149776
47,197,0.05443511929145777
382,438,0.0544295093505174
415,53,0.05442511628978136
381,679,0.05442255376848619
165,560,0.05441189455724271
431,270,0.05440833624514953
523,115,0.05439898548094829
464,137,0.05439202790612502
121,215,0.054386190091086584
382,149,0.0543785726823633
523,248,0.05437472012453248
270,496,0.05436793346941234
431,622,0.0543592082363839
415,275,0.05435315197002282
270,600,0.054335241579408555
415,530,0.05432794060003456
420,474,0.05432331614449057
565,545,0.05432172040978517
523,435,0.05431699104701502
12,404,0.05431692648153035
420,500,0.05431088601481602
382,665,0.054304111752676035
523,343,0.0542962053709954
47,195,0.054276858088726045
189,258,0.05426795501214534
7,673,0.05425004219261623
420,546,0.05422890641968274
565,466,0.054227273748959935
121,85,0.05422628373793747
165,448,0.054206895173024384
270,178,0.054182729420891834
270,528,0.05417757575679296
415,286,0.05417613669420577
523,324,0.054163716647211625
523,370,0.05416371088455304
464,45,0.054162796991117555
121,476,0.05411369204414237
189,476,0.05409857618155246
415,524,0.05406518411454098
189,146,0.0540537910840529
420,104,0.05403580163313
121,637,0.054029334958039105
47,630,0.054026032057440145
499,133,0.054022489184709276
382,138,0.05400000759485734
499,361,0.053996524784349464
420,272,0.05398308135153981
47,136,0.05397736182315028
499,293,0.053968885579984395
165,590,0.05396744637346214
420,243,0.05394994351754755
382,485,0.05394342749890768
382,669,0.05393442831109105
47,450,0.05393065916172794
415,580,0.0539157769782459
382,564,0.05391172044649918
382,527,0.05390023678891872
12,122,0.05388682933589852
499,686,0.053883708367508255
47,435,0.05385456566743343
499,224,0.053854302234396675
523,228,0.05384970315893715
420,347,0.05383762188067803
382,667,0.05383725591471395
523,564,0.05381288184703706
382,280,0.053807187917617634
381,589,0.05380642622584235
415,585,0.05379835802283376
464,131,0.053787113321289465
165,498,0.05378590855047236
165,256,0.053781737259640854
382,495,0.05377992797077666
12,627,0.05377330096829722
499,476,0.05376984114926289
189,447,0.05376074774367512
165,214,0.05374990364412884
420,205,0.05374911133693054
165,136,0.05374652231407407
431,281,0.053745787969767485
415,438,0.053737554832776306
12,530,0.053732058524610014
499,13,0.05372362738815189
121,589,0.05372319868863685
270,328,0.05371849124560255
565,151,0.053713559902023256
415,461,0.05371344882840081
165,166,0.05369404197542584
121,466,0.05366742960664317
499,297,0.05366691281710256
7,2,0.05365110918923028
47,234,0.053632571306356666
565,54,0.053620621143834396
47,613,0.05361841934921346
415,564,0.05361129383568683
523,687,0.05360652894215735
381,462,0.053600820778709896
121,620,0.05357484183500333
499,336,0.053568074465465215
47,649,0.05356400055848161
165,83,0.053562579519539036
565,251,0.05356100850985544
47,220,0.05354146112144856
499,53,0.05352919994359041
523,37,0.053523650599769365
47,386,0.05350337097565843
415,439,0.053488013281702204
420,620,0.05348508803659226
523,522,0.05344989805921203
165,103,0.05339580605321305
523,257,0.05337148503785414
415,52,0.05331249327483229
382,671,0.053305930767170565
121,549,0.05330218329920574
464,672,0.05330083412345146
381,207,0.053294099789311704
47,145,0.05328983306730559
420,252,0.05328564714420335
415,662,0.05325980357698151
565,243,0.05322153470753714
165,209,0.05321743562143368
47,618,0.05321581425639756
464,598,0.053166697938086774
382,232,0.053147745126217366
270,591,0.05310514983536259
7,311,0.05310155981045956
165,344,0.053101380057401386
415,560,0.053097047451610424
464,281,0.05308917444456582
415,611,0.05308914050683646
565,281,0.053074414915634124
499,590,0.05307329315674748
165,665,0.05305048084772379
165,116,0.05303944993357673
165,641,0.05302725287084652
121,600,0.05302328852832472
499,271,0.053005144730736004
464,595,0.05300431578653617
121,313,0.05297245697651563
165,330,0.05293054503631538
7,84,0.052926462307984784
431,613,0.05292019784258968
381,176,0.0529153650747183
47,124,0.052864070303221
431,362,0.052860215066400325
420,118,0.05285023924119175
523,391,0.05284561501601479
7,22,0.05283556549804776
382,84,0.05282875080588699
7,681,0.05281357194864867
7,437,0.05279466702316502
415,78,0.05279360586541061
47,224,0.05279084411359871
165,616,0.05276379229302272
464,220,0.05274792657289306
189,283,0.0527471381622422
165,246,0.05274533496621169
189,131,0.05271215297396644
121,22,0.052708622752369746
565,494,0.052657220771145416
382,28,0.052639963547804876
47,487,0.0526375260437615
499,332,0.05263296265395037
523,225,0.05261691627200062
165,230,0.05261227971371629
381,4,0.05261048852297612
420,48,0.0525660486461811
420,98,0.052552117813147975
415,137,0.052531356729212074
47,663,0.05251364851735252
121,71,0.05251234599164017
165,410,0.052508967946740835
523,87,0.05248936002823377
270,147,0.05247537788398626
12,257,0.05246508395283543
270,618,0.05246132003560043
431,42,0.05245368079847738
189,4,0.052440505599259835
431,620,0.05243550274779751
381,595,0.052422964498300625
165,524,0.0524068744637087
189,466,0.05239916752738794
382,297,0.052389500936790935
523,136,0.052387880915456056
270,685,0.05238786787678437
7,362,0.05237445908776532
165,669,0.05236062668209548
499,450,0.05234345688898528
165,147,0.05231538997111145
12,667,0.052311647823156074
47,209,0.052281583310898515
565,634,0.05226438874817181
464,69,0.05226272301241819
189,71,0.05226203277524101
464,120,0.05225650861890358
12,172,0.05224682529405258
12,550,0.05222727881830501
382,494,0.05221239230848127
7,330,0.05217141666544117
47,495,0.05213751223471263
7,558,0.052112626348082385
464,688,0.052100723216514266
523,182,0.05209951740301508
523,396,0.05205379912195321
189,257,0.0520463631795825
381,508,0.05204335451739487
270,131,0.052032264404821144
189,488,0.052031521892330596
499,582,0.05199885771804699
523,240,0.05198086351471561
270,168,0.05197848238702833
165,602,0.05197498856453504
565,398,0.05197366641067166
381,58,0.05197039356490186
12,537,0.05195679248423533
47,628,0.051955877868510185
381,215,0.051949299348461146
523,8,0.05194835527346611
464,590,0.05194169309833199
121,441,0.05193621032832747
464,28,0.05189910077684608
270,498,0.051887541601252814
7,663,0.05186309239433664
47,45,0.05186270350042115
499,558,0.05186148903884714
121,654,0.051855212197487774
189,478,0.05185431123027871
381,145,0.05184224198843206
121,673,0.0518306202005925
523,41,0.051775158101960664
121,321,0.051757426381632034
464,414,0.05173531455052626
431,65,0.05172046544383816
47,369,0.0517062701223662
420,9,0.05165147218241091
565,175,0.051641181540235136
270,369,0.05163993008018839
7,487,0.05163261803731131
12,199,0.05163174814765973
464,363,0.05160660502563979
431,6,0.051603673506351165
499,168,0.05157155674217868
47,665,0.05156824019253813
464,415,0.05154697688253764
415,15,0.05152119459227393
165,275,0.05150975861992613
47,313,0.05149830413171074
420,609,0.05149388950865607
431,374,0.05148551858446839
420,639,0.05147948483510652
415,320,0.051443630333404225
189,37,0.05143297353778966
381,390,0.05142285392326406
565,655,0.051398967232864766
12,362,0.051387498134626064
165,247,0.051385488061508444
47,357,0.051375473287501944
499,515,0.051363408734522296
270,326,0.05135274764089031
415,280,0.05135017937545183
381,23,0.05128505081979561
381,208,0.05127430554011796
499,285,0.051273241314776
121,53,0.051263682477966525
189,280,0.051252860642251985
7,602,0.051240964116153954
165,131,0.05124047891322278
382,589,0.05120300019917341
121,281,0.051202730635179425
47,471,0.05119344587072066
464,144,0.051187675808848546
121,428,0.05117774384511506
7,277,0.05113269404706206
523,157,0.05112966880928782
523,462,0.051121013301533826
7,396,0.0511136091289791
415,363,0.0510823314963329
7,474,0.0510819973121374
165,611,0.05107880233782546
381,104,0.05107770299495792
431,616,0.05105310452357689
420,280,0.05105206925551362
523,124,0.05104478780088476
189,637,0.05103665459337089
420,50,0.05102941876207178
165,189,0.05102799468389945
420,540,0.05099575121168511
7,528,0.05094957747897077
415,495,0.0509278504633894
431,267,0.050921616712997934
121,401,0.050899604068586374
121,293,0.05089928046473995
523,122,0.05087956492029282
270,385,0.050868889075531894
165,303,0.05086542354738381
12,620,0.05085991087587277
420,495,0.05082403658967599
7,291,0.050820855409024784
165,630,0.05081593638365319
420,17,0.05081381421497374
523,231,0.0507861079285457
381,624,0.05077797188536829
499,226,0.05077212313765509
47,554,0.0507618039295373
381,237,0.050751479294256524
189,194,0.05074996977101354
523,537,0.05074359914566865
270,402,0.050742311142586864
121,182,0.05071749344618507
7,442,0.05071671203996724
12,374,0.05069898150737439
121,225,0.05067512555241758
565,211,0.05066182614414078
189,21,0.05065929518547779
415,205,0.05065654317552252
12,479,0.050652059146017274
431,485,0.050647586129274405
270,265,0.050645300963487815
565,527,0.0506394499415531
165,299,0.050628897893297276
165,511,0.05062256803710782
431,72,0.05060945887923454
189,634,0.05058738687684391
420,44,0.05057050424144002
47,263,0.050556126305165705
189,340,0.05055312836073935
189,678,0.05053594982297303
431,82,0.05053440265405078
565,599,0.050508218181218915
415,58,0.05050001197309058
523,21,0.05046089364560542
165,235,0.05045417114379752
270,182,0.05044456532194719
270,17,0.05044439202344697
464,555,0.05044231234467093
415,175,0.05044042498636521
431,554,0.05043476382158712
270,250,0.0504331908221321
189,22,0.05041458986416164
523,587,0.05041350495457893
420,35,0.05040627370722143
165,534,0.050405849266887064
270,308,0.05039837810287157
270,242,0.05038864767455023
381,402,0.0503842687143932
47,324,0.050383560098258756
523,369,0.05037428221601554
165,291,0.05036964723674916
499,673,0.050367428859679944
165,625,0.05036221540241639
121,50,0.05036023524769916
47,557,0.05034996453097687
47,232,0.05034062484289876
270,32,0.050317968744084646
565,646,0.050304475152826246
431,487,0.05029349218237383
565,485,0.050265775982309004
431,32,0.050265415467038346
189,471,0.05025908289932753
523,450,0.05025722329783287
415,541,0.05025182245804647
420,76,0.050236448226456024
381,665,0.05022813545878092
12,308,0.050201720680134385
464,347,0.0501952633102474
121,164,0.0501879256821268
7,400,0.05018219112503423
523,102,0.05014581650039919
381,517,0.05013635816488816
499,578,0.05011098802061465
270,263,0.05010378501062226
523,601,0.05008533332163654
415,37,0.050081137954244764
415,208,0.0500633663661054
189,509,0.05005743827032753
523,316,0.050046177116318855
7,251,0.05002469415608674
189,213,0.050023037724960105
523,598,0.05001811732537828
382,394,0.05000701509650735
565,562,0.04999407181519511
431,378,0.04998392423916347
165,538,0.04997880001276545
415,289,0.04996566922076132
415,574,0.04995848633968927
47,65,0.0499539343854937
415,195,0.049949412030141534
431,83,0.04994925220742121
12,313,0.04994867397358044
7,387,0.04994306795607437
7,593,0.04993938667573481
12,32,0.0499388104650451
189,46,0.04993429683230552
165,568,0.049929951590995836
523,527,0.04992881895570801
420,531,0.0499161554782713
565,227,0.049880052783498885
523,439,0.049854968829283204
382,415,0.04982839445120524
415,9,0.04982718215262987
523,574,0.0498218223344531
382,508,0.04982145657747935
382,203,0.04981806915731454
415,507,0.049817843173257687
7,687,0.049795213800751914
121,6,0.049763207873721446
12,178,0.04975663736664986
47,131,0.0497542250080914
499,587,0.049742630496220096
382,630,0.04973704362762999
7,391,0.04973586008599393
12,133,0.049727778277623515
270,215,0.04971651027176671
270,195,0.04971230318253754
121,99,0.049679245758907614
270,671,0.04967020517914877
7,665,0.04966899331237636
431,321,0.049666725280405354
464,533,0.049662067767038964
12,447,0.049656133174053194
523,45,0.04964234312603816
165,47,0.04961039537544033
121,581,0.04960030967256299
270,538,0.04958071008574845
121,324,0.0495788879249389
523,48,0.04957090284679835
270,396,0.04956643148418632
431,115,0.04954304319067966
165,528,0.04952068211764814
165,474,0.0495185140472256
121,32,0.04949146409660028
121,159,0.0494866334654618
431,292,0.04948228919755494
47,44,0.049466602004035416
464,289,0.04946210952351391
47,247,0.04945024844947225
189,494,0.04943015775637729
415,158,0.04942613049553444
523,205,0.049403341852676
382,37,0.049396194630094654
382,124,0.04939271916959298
270,401,0.049372130727497576
382,616,0.049372119950082595
7,459,0.04936198512381666
47,483,0.04935856041383716
121,54,0.04935814303166342
381,233,0.049341155399604625
499,182,0.04933419516764285
12,347,0.04930869511085373
165,361,0.04927779059178469
270,622,0.04927522158161056
165,595,0.049236927689933346
12,245,0.04922849914304629
165,479,0.04920358431149336
523,461,0.0492003414446605
121,104,0.04919155325301155
47,328,0.04915437073970697
415,628,0.04914255168083344
165,452,0.04912799594354775
431,469,0.04911430072011171
270,366,0.04909769325018249
165,22,0.049075414111100876
415,97,0.04906813164909997
7,135,0.0490678377683836
47,622,0.04905642193505356
499,147,0.0490500307455205
464,53,0.049039853582572235
431,81,0.04903273101368062
382,50,0.04903054442992225
121,334,0.04899309728932389
431,433,0.048992605326283405
382,587,0.04898477288629814
165,182,0.04898266169391658
523,214,0.04898046971638629
189,147,0.048974760558830925
121,172,0.04896302660376356
189,369,0.04894982192269807
499,29,0.048947441248536
270,230,0.04894309484135563
499,97,0.04893929035129304
7,415,0.04892037682088444
189,292,0.048889995939959865
7,42,0.04887998294493714
12,448,0.04885647886314464
420,71,0.04884149106288381
12,152,0.04883972273603463
189,52,0.04883820330928571
121,531,0.04881019621855683
464,227,0.048800436192900185
464,287,0.04879055435066144
165,515,0.0487626447576902
165,591,0.048727745838137916
47,660,0.04872250264059311
464,417,0.048721825979511454
7,686,0.048690992878910225
381,13,0.0486902063736522
189,84,0.04867628097004073
431,266,0.048671554864525055
7,141,0.0486570558582256
165,53,0.04863013564344284
12,641,0.048628113822795464
464,332,0.04862672986826175
47,311,0.04862624595368044
381,651,0.04860828443590362
565,546,0.048597589326111204
523,344,0.04858303285382898
382,582,0.04857804155929608
270,343,0.048564055162541885
270,46,0.0485586529351442
12,320,0.04855719785071313
189,595,0.04853285788900081
165,240,0.0485325524170863
165,25,0.04852956489044873
165,681,0.04852515424044467
431,287,0.0485142942201955
7,212,0.04850761965090994
499,593,0.04849033415318233
381,493,0.048472158753688176
47,433,0.04846627161271278
499,407,0.048451121725607074
189,28,0.04844230103023245
121,457,0.048439022034209724
523,128,0.048430398944372684
415,237,0.048426959973665355
7,205,0.04841661987102544
7,688,0.04840496793581779
523,465,0.04838847604309114
121,97,0.048384247618319894
499,9,0.04835012192032369
7,146,0.0483308937590952
382,475,0.04832754879933297
499,366,0.04828764154660796
431,500,0.04826405683415478
523,330,0.04825576709721088
420,432,0.04824207454557726
7,522,0.048226777277813125
12,466,0.04821030610800133
165,121,0.04820328798485601
523,666,0.048176056906783817
121,641,0.048163939529593414
165,88,0.048156626382811304
431,334,0.04814924271376157
499,212,0.04814843806744504
121,512,0.048117899024510316
523,677,0.04811707992310883
7,542,0.04810945987751469
7,667,0.04810893056591501
464,268,0.048092802448295384
464,594,0.04808811266119203
382,78,0.04808437385285123
464,157,0.0480802941051937
165,582,0.04807404998143454
12,50,0.048055709684155325
270,427,0.04805555899554801
431,549,0.04804215998474604
189,417,0.048017733991778874
415,291,0.048014451501950405
270,404,0.04801303285827061
189,480,0.047994594904605795
499,99,0.04799195613203035
165,102,0.047987555350704245
523,194,0.047976456768370306
7,248,0.04797291182640004
270,211,0.047971808235063314
382,224,0.04796317204343253
12,224,0.047932509859302586
165,222,0.04787400241343314
464,269,0.047857867385137226
121,566,0.04784078462884806
415,613,0.04783709933677766
499,263,0.04782699573232884
270,531,0.04781000342360939
499,49,0.047804019757766325
7,194,0.047799348209032144
565,405,0.04779837712493573
12,471,0.04772954226662702
565,128,0.04772027931968173
121,21,0.04770724224458646
165,433,0.04769609391542579
431,84,0.0476926038741347
382,598,0.047683115107997845
270,276,0.047673876026534674
415,612,0.04767150845771442
381,531,0.047670733181706025
381,328,0.04766835493047888
189,407,0.04766460537353628
165,178,0.04765556861625755
464,12,0.04764800412259206
121,670,0.04764253212411769
415,181,0.04761862583543862
7,533,0.047617332112821015
499,660,0.04760294447159783
7,150,0.04758505104216587
7,554,0.0475705939666939
12,361,0.04755225535564903
420,433,0.047521258435574955
382,106,0.04750281459667832
12,665,0.04749901357511752
431,564,0.04749465670174476
165,494,0.0474892192170019
189,76,0.04748307059787477
270,580,0.04747238221878388
7,263,0.047467485206717654
189,450,0.047464961745222085
270,424,0.04746271394678296
431,641,0.04744028366751639
270,281,0.04743084251392472
523,202,0.04743040656766033
431,590,0.047393493693103285
464,398,0.047389368504225246
499,466,0.04738248189462467
523,511,0.04738210329950569
7,306,0.04737184218670721
499,228,0.04737059489031564
431,196,0.047361812125278145
420,281,0.04732960219210586
431,199,0.047322994118792566
415,32,0.04732212143359954
381,211,0.0472973587117108
12,507,0.047289677107286016
523,478,0.047286059026656425
499,600,0.047264317024576195
420,514,0.047252047949397545
523,491,0.04724657848499173
165,516,0.047239841582756174
12,540,0.04723928748273354
499,537,0.04723425410224565
499,540,0.04723288806691094
47,16,0.04722365480762033
165,133,0.047223350904785175
121,283,0.04720661897557419
165,208,0.047202512696453446
270,398,0.047177122595306674
7,334,0.04716785630101694
270,438,0.047160363354739485
165,672,0.04715562116577659
420,27,0.04714727010258041
431,415,0.04714129482191584
381,582,0.0471309294762468
431,508,0.047128816482213134
7,581,0.047123131212537854
121,611,0.047117781916081694
121,448,0.047098393316865855
165,537,0.04707974604767988
7,630,0.04706378281960856
121,76,0.04704901965672824
189,445,0.04704637598009764
565,123,0.047038428586995855
47,28,0.04702413508232509
415,50,0.046991837407133995
47,361,0.04698627031410329
415,308,0.04698471070631143
7,82,0.04697412660083347
431,225,0.04696570063728874
464,247,0.046964328165328646
523,556,0.04693416215343325
165,581,0.04691416452231458
121,89,0.04690960662662849
189,432,0.046902980275518924
382,613,0.046901582158631265
381,610,0.04688848554176046
464,208,0.046877146888411346
121,237,0.04687155314829053
464,448,0.04686637007294677
565,448,0.046830017642222804
12,270,0.04682146941255973
523,113,0.04679125632361978
12,385,0.046766803157217256
270,407,0.046759108676809526
7,374,0.046735478499488566
165,507,0.04668567004429488
431,398,0.04667730426844702
270,184,0.04666568816172372
382,540,0.046659495047887745
382,38,0.04664555482912291
270,34,0.04664531463449889
382,462,0.046643261052074496
523,78,0.04663711766262201
415,247,0.04663116340485055
382,483,0.0466101038733686
415,232,0.046605410673029535
464,544,0.04656206956930338
12,681,0.04654793215397557
523,32,0.046535739466435216
415,478,0.04652558608492669
464,328,0.046523811445600964
565,156,0.04651981885173139
121,491,0.046518672204212255
523,582,0.04651590699466587
47,81,0.046500531155026864
420,369,0.04647911171167164
431,546,0.046478120360935515
12,569,0.04647569828559988
382,194,0.0464712009082582
270,562,0.04646956272842281
523,620,0.046466898741349155
431,601,0.04644418592586575
415,317,0.046424375781822166
381,487,0.04642194938607179
382,21,0.04641913203254731
47,266,0.04637624184741909
121,442,0.046367768820776215
189,470,0.04636646291719444
523,464,0.046357986620256156
121,558,0.0463496323618232
121,569,0.046320114504653155
165,289,0.04630924428648611
12,150,0.04628921074260347
499,631,0.04627808105286369
565,598,0.046267387704708035
499,465,0.046262740065300456
7,447,0.046245067730028344
523,152,0.04624232440869536
431,306,0.04623981657125613
499,6,0.0462193606613319
499,85,0.04619328885594518
420,79,0.04618827314662337
523,466,0.04618432017854107
165,401,0.046183896373770156
381,301,0.04614891854717081
464,495,0.04611262938910315
7,491,0.046099694909582045
165,4,0.04604676449716442
382,369,0.04604291888856832
7,28,0.04599072762422127
523,104,0.04596810383776336
499,344,0.04596183724946846
270,269,0.04595522639875592
431,152,0.04595355775068741
565,242,0.045948766544790215
415,538,0.045948578242315005
12,21,0.04593253360227943
431,566,0.04592058377515186
121,679,0.045915635183769614
189,541,0.04587233600980978
420,562,0.045851904362597874
12,574,0.045831108322345916
121,285,0.04583080953474858
7,679,0.04582169611068343
420,487,0.045800337235368534
270,65,0.045777550759189635
565,232,0.0457762475570595
121,427,0.045717917406023025
382,289,0.04568978312035919
47,280,0.045685937513949504
189,290,0.04565844315533694
464,17,0.04565692006459212
382,147,0.045646053289312156
431,308,0.04564432425973483
270,332,0.04564203528693326
165,0,0.045638981466870635
523,289,0.04562580121398346
464,151,0.04559921628008403
499,242,0.04559525867762722
12,258,0.04559374101225565
381,428,0.04558838941596802
415,678,0.045576941406940547
415,445,0.045568237294741534
12,496,0.045551393162277055
165,137,0.045527883954510816
381,38,0.04551527754173907
464,44,0.04551518854387914
415,332,0.04551507085265409
431,144,0.04550869055054985
382,184,0.045504110018761874
415,336,0.04550154940235947
121,29,0.04549633204364489
464,37,0.04549024133301356
431,687,0.04546217438250856
7,425,0.04541740671408208
431,299,0.045415896156757916
499,145,0.045404437622618456
270,487,0.04537983582607202
381,270,0.045377343717769705
382,52,0.04537481893038895
47,556,0.04537036777177254
47,53,0.04534784683246422
381,351,0.045326995562868524
189,665,0.045321771182997024
270,530,0.04530283004084712
464,232,0.04530272414775863
12,16,0.04529981228337578
499,275,0.04529290091794831
431,483,0.045265751527486055
499,555,0.045256222711786497
431,478,0.04525517274865287
189,334,0.04525440448929803
47,237,0.045242255006545586
415,290,0.04524151328384711
121,227,0.04523818047391299
189,549,0.045235014847274393
7,225,0.045212208886898274
12,289,0.04518746048057119
47,158,0.04517650225859952
381,593,0.04516441630838096
523,53,0.04513767637055528
165,292,0.04511265259463317
270,150,0.04510520901323546
382,72,0.045105100122119636
47,4,0.04509865985775326
565,334,0.04509676562889085
12,508,0.045084393444562006
121,290,0.04508422836459799
431,533,0.04507293155900529
431,313,0.04506329802988876
165,525,0.04504021813165125
7,574,0.04501548484210145
499,45,0.04501257423493469
7,433,0.0450102524156842
7,376,0.04497647497716684
189,211,0.04497454735959235
270,336,0.044964032477846236
165,483,0.04494514987772866
431,268,0.04492598013780931
431,595,0.04492127556217406
12,590,0.044887922859900495
499,82,0.04488041336839174
464,655,0.04487939727715486
499,394,0.0448658238439217
165,465,0.044845045466626994
165,270,0.044844937793230774
499,560,0.04484249428110097
565,35,0.044832243374641485
47,52,0.044829122603297
565,402,0.04480298994112023
165,678,0.04477682429598136
270,266,0.04475382513150155
382,612,0.04474311948789939
121,248,0.04473984425789282
165,56,0.04471684956050147
464,546,0.04469270472954343
420,569,0.04468240938219326
165,347,0.044647713009569975
499,151,0.04464302003105933
7,336,0.04462977552002737
270,237,0.04461124360729434
189,138,0.04458920052742676
499,546,0.04457337530189595
7,224,0.04455943027360876
431,637,0.044557652425516014
47,514,0.04455008884052113
47,257,0.044545303883104
415,213,0.0445448765576029
381,599,0.044527476743118154
420,6,0.04452530811999872
121,378,0.044513900050133406
121,62,0.044508387791125224
565,32,0.04447481011565343
165,587,0.04447273689616451
165,416,0.04446358367218989
189,267,0.04446268335027388
420,150,0.044454448592410316
499,299,0.04443522614857603
381,227,0.04443469644507062
7,232,0.044433503950029644
12,328,0.04442722293519739
189,594,0.04441967847197873
12,144,0.04439474284283073
499,625,0.04437643615435731
431,465,0.04436983851087629
565,651,0.044368493444879045
121,601,0.04433055000884078
431,29,0.044314978065933625
420,517,0.044307865815514
415,487,0.04428247157697844
415,667,0.04427629470682317
565,340,0.04427573834707736
431,518,0.044254015375537394
381,243,0.04424070256176105
431,232,0.04421133352709131
7,196,0.04420838344498212
165,530,0.044207086710869585
381,138,0.04420684411145649
165,285,0.044185129203466116
12,291,0.044181254469126484
464,482,0.044164657485124686
431,512,0.04414729643883233
270,436,0.044138761454838006
121,599,0.04412142842085843
523,414,0.044069914453842604
415,204,0.04405252707099589
47,32,0.044040987808886135
499,678,0.0440407193022636
415,544,0.04403247058840764
165,667,0.04402895973776344
165,225,0.04400926220662123
165,204,0.04400603052346446
415,27,0.04400291571806311
431,21,0.043969014944558335
565,280,0.04396717300777271
189,328,0.04396584364258826
189,205,0.043924414615640825
499,267,0.0439243545854438
165,357,0.0439125893798061
420,156,0.04390205631991454
431,448,0.04388175631810355
420,508,0.04386485116176639
523,366,0.0438487032208092
7,457,0.04384188478834613
189,246,0.04383600243155992
499,208,0.04383074861648227
165,332,0.04381410894111061
415,192,0.04381150567167362
381,205,0.04380421220267217
420,512,0.04380207375772892
12,242,0.04379899215108053
420,527,0.04379497297467846
381,35,0.04377943511491601
499,175,0.043760314167828065
464,560,0.043742039879612185
189,27,0.04373729910313002
47,466,0.043725251368339046
523,447,0.04371424965551408
382,58,0.04369147964480995
420,62,0.043691314040487796
47,161,0.04366977415349201
165,6,0.04366362797523468
415,398,0.04365995575309179
431,208,0.04365490946032057
431,475,0.04365310308416992
415,323,0.043637682456107184
382,44,0.043577401913438
415,465,0.043556742141098344
165,542,0.04355647678286568
415,194,0.043555793280346394
12,82,0.04353810781805652
420,582,0.04353782702817349
7,369,0.04352705968954225
565,639,0.043510406162628114
415,69,0.04350755380059238
165,32,0.043486027593112396
415,81,0.043477518080863226
165,475,0.043477160783219435
415,540,0.043451477297095156
381,266,0.0434437278080976
47,385,0.04343394557748321
189,500,0.04342676322626677
189,402,0.04342317738652657
165,651,0.04339352391436139
415,228,0.04337151794618766
121,433,0.043363078714246925
415,483,0.043341105395825266
12,147,0.043340855257130655
12,436,0.04333048311742286
523,445,0.04329927886930479
464,512,0.04327855620212697
7,78,0.0432735604728954
499,62,0.04326170640761577
12,27,0.043226481635034654
165,104,0.0432224046988841
499,340,0.043220176360692364
382,104,0.043204247786797594
47,445,0.043185924678736984
420,208,0.043177630822547525
12,475,0.04317735912977749
270,243,0.04317053473765442
499,494,0.043160960695494854
499,215,0.04315408330375302
47,531,0.04315361866001752
189,332,0.04313047928277115
464,224,0.0431269436293955
47,270,0.043110975108892946
415,471,0.04310880893435793
420,599,0.043103743594874566
499,84,0.04308241491554801
12,487,0.0430525476746975
12,9,0.04304540940574372
381,555,0.04303772477551488
499,641,0.04302123274918607
499,424,0.0430165613149686
189,83,0.04301477044083546
270,374,0.04301031072825356
523,622,0.042991806926070034
7,378,0.042947000006383865
165,106,0.04294310949594067
415,267,0.04293925981772486
523,2,0.042937944101219025
121,538,0.042929228865722674
7,234,0.0429232057533829
189,243,0.04291688455908578
420,315,0.042908273450667646
381,159,0.04290814184348674
565,612,0.042883984337237994
464,32,0.04287988700690296
12,566,0.042856599803551575
165,17,0.042856058162178266
382,562,0.042851568127039524
464,634,0.0428462133664725
7,366,0.0428349500747701
47,465,0.04282075812177424
270,599,0.042819742773015604
464,685,0.04281195783716857
415,522,0.04281114061561056
420,290,0.04280181914193753
523,672,0.042799845277036994
420,642,0.04279943889941147
121,84,0.04277990696472907
523,46,0.042753750595318676
420,618,0.042717392540642135
12,495,0.04267802859072579
382,248,0.04266108139155055
499,50,0.04264567359566608
464,563,0.042633919530105965
270,445,0.04263063390943977
499,52,0.042623229304887864
381,230,0.042618059487172844
523,242,0.04261350021174946
270,175,0.042612017661287895
499,639,0.04259766743712128
189,484,0.04258708751138844
7,414,0.0425855460140944
415,147,0.04257899079439135
415,41,0.04257336201485904
499,386,0.04256516735004731
499,237,0.042565014579718764
121,630,0.0425549435749532
523,224,0.04255391883405228
12,480,0.04255119366673377
381,527,0.04254956424641704
415,85,0.04253649651992767
415,62,0.042504724503500055
7,546,0.0424705483178304
12,609,0.042456942753908336
382,146,0.04244464973241124
165,276,0.04243690395134616
565,483,0.042425993873381265
499,12,0.042414595422970706
381,82,0.04240476174342835
499,685,0.04240298418185696
270,313,0.04239727950250067
12,611,0.042381998675414805
382,447,0.04237179149430863
165,158,0.042359985514765455
565,323,0.04233904458101935
523,540,0.04232391466642634
47,242,0.04232346313427485
12,514,0.042321444524869314
565,496,0.04231773654882268
270,566,0.04231021337861298
7,81,0.04228036917361159
523,590,0.042275723404502016
431,146,0.042275203704402964
415,512,0.042267681166867375
47,611,0.04225621123621667
165,432,0.04224256714404082
381,332,0.04223876282146002
7,541,0.04222282957909541
121,655,0.042220504956366575
121,122,0.04221042844837063
431,457,0.04219598570136374
523,678,0.04219069292046153
382,434,0.04216797467129953
12,299,0.04216688029764507
523,545,0.04215931697638559
565,568,0.04214350237706418
523,495,0.04214017999677461
420,74,0.04213470379021308
382,257,0.042134139548076176
7,449,0.042132224794129446
47,118,0.04212342037733346
431,230,0.04209812190462419
523,383,0.04206128329676292
121,4,0.04205272548647078
12,596,0.042052601529577245
499,672,0.042050785198284084
415,178,0.04204207350038752
499,266,0.04204167809092596
7,269,0.04203342316441896
499,601,0.04201952390943607
464,6,0.04201101367123494
165,417,0.0419647794395738
431,480,0.04191174159493085
7,313,0.04190883734767005
431,568,0.04189542449241302
381,290,0.041890573677995695
415,224,0.04188862830053575
499,598,0.04187896105254761
12,459,0.04186546997312666
7,636,0.04184363310773509
7,6,0.04183684986178076
420,164,0.041828361064430206
382,258,0.041826246179379474
431,269,0.0418034451576637
47,243,0.04180025499098865
499,243,0.0417757077751366
464,138,0.04175102968967999
165,688,0.04174863584927044
270,301,0.04174808323177158
12,102,0.04174319425904965
7,404,0.04174033378503855
523,133,0.04173482477550524
523,558,0.04172692046075272
189,599,0.04172473771170418
121,286,0.0417185807744394
165,407,0.04171105927967444
270,81,0.04170988631344857
565,563,0.04169904042384796
47,29,0.041698680339105385
415,638,0.04169574313793784
270,636,0.041690047681554245
382,580,0.04168110437288369
523,6,0.041678696004761595
165,620,0.041676943531688056
381,203,0.041673080485852325
499,124,0.041661078081365994
464,283,0.041661040688007016
121,418,0.0416310021700485
420,477,0.04162848529225085
382,13,0.04160929948159442
523,347,0.041604228981908166
165,622,0.04160179624964518
47,204,0.04159848686034704
381,28,0.04159232178126805
12,248,0.04157750472987876
7,12,0.0415733950638357
420,207,0.04154539389673564
189,269,0.04153888092378371
382,45,0.041529275042740656
382,99,0.04152845295676897
12,72,0.04152685543866879
270,85,0.041510146033315
47,340,0.041507703271475314
415,480,0.04150766448489864
523,563,0.04148873669957883
499,240,0.041468549160259556
464,483,0.0414624727451704
464,81,0.041435289864088606
565,540,0.04143411546726893
382,175,0.04143137321660413
270,37,0.041406222199859455
415,383,0.041398507439696086
431,387,0.04139321547627608
382,545,0.04138572408240924
12,558,0.041348032467691184
7,611,0.041342194215493004
270,545,0.04133266612102368
382,182,0.04132419485793097
565,118,0.041315346611484484
381,20,0.041301061269346136
431,432,0.04130013458927166
7,373,0.041293901643191175
189,208,0.04128733016028444
189,465,0.041284959051330006
499,347,0.04126791411775252
464,642,0.04126401050565457
499,270,0.04126340213323553
7,16,0.041261786440899485
382,228,0.041254309710343884
420,84,0.04125378656618065
12,292,0.041210520640868595
499,165,0.041195732859152935
7,13,0.041170864678188604
464,447,0.04113936109833026
382,477,0.04110810319265059
121,530,0.04110773577129945
415,38,0.04110098685763564
382,487,0.041061254114841135
415,263,0.04104666651482178
382,317,0.04104443634868053
499,616,0.04103052428081596
12,340,0.041013960807429695
12,194,0.04099870176304599
431,276,0.040981820429090085
7,33,0.04097758043329842
464,57,0.04097068626421022
165,280,0.04096365385108291
165,205,0.04093007055294208
431,178,0.04092730525258729
420,496,0.040886668388463034
381,483,0.040877962236569636
499,334,0.04085790841910748
415,482,0.04084988473438589
420,556,0.04083637687444862
47,281,0.04083607967614707
415,514,0.04082064536998163
499,671,0.04081535889985613
121,527,0.04081495278048704
382,643,0.04079974082810492
165,478,0.04079777279371992
420,30,0.040782638141429475
431,248,0.04077608551550696
47,227,0.04077013214945642
523,299,0.040736817433095845
381,178,0.04073213495931731
121,325,0.040730298077369276
431,639,0.040721766795233726
523,151,0.04071252793906367
415,501,0.04068649983838609
121,150,0.0406500610372916
7,228,0.0406477904689955
270,207,0.0406475469564397
7,214,0.040618406729976436
189,609,0.04060525317055704
431,113,0.04059877213645757
12,131,0.04059670756825674
12,462,0.04057544146880204
47,184,0.040560357590017235
12,269,0.040558221758313695
381,62,0.040544655347468775
523,424,0.04054337512113109
12,301,0.040541933278606064
382,457,0.040523230067687835
415,164,0.04047930861158439
47,43,0.04047928080893776
415,417,0.04046019011361362
270,204,0.04044828433825995
270,475,0.04044172338516869
523,184,0.040428360448689665
165,144,0.04042166281273812
565,495,0.040418276098593
464,385,0.04040830411659164
270,69,0.04039653792878935
47,207,0.04037629094264759
189,568,0.04036656580576226
565,265,0.04033647954247597
382,85,0.040322176136861926
499,185,0.04032068122231465
165,99,0.040313986096398115
464,457,0.040311207628394255
47,417,0.0403053971156413
7,257,0.04028405800519167
165,215,0.04025414563117312
464,427,0.040250494873583405
12,637,0.04023055445935152
523,9,0.04022143514739973
415,390,0.040204745794756365
415,666,0.04017695261156804
382,594,0.04017083202676555
499,276,0.0401606974897103
121,480,0.04015183946215032
270,324,0.040120744266908655
381,544,0.04012023989414991
189,562,0.040117123466362724
47,6,0.040083795418561115
189,374,0.040083325470855205
431,643,0.04008234535757481
431,41,0.04006246845228524
523,145,0.04003607954925854
12,81,0.04002255928582264
165,152,0.04001373871995514
165,236,0.039975628774246263
121,425,0.039954693904381125
420,395,0.03992894929091418
189,72,0.039926116748484286
420,266,0.039913303938925004
523,150,0.03990656911774827
12,438,0.039866480052032964
121,438,0.03986236475582412
499,58,0.03985596744448024
12,601,0.039835184805985975
189,433,0.03982836655808468
121,447,0.03981981602364095
165,640,0.03981263792450816
189,136,0.03981074819050105
565,325,0.03978357602134997
47,643,0.039777391623995705
165,306,0.03974689044513425
7,556,0.03973942024395087
381,667,0.039714157580520625
12,394,0.03970365505372752
121,402,0.03969237662900224
464,402,0.039688303679509346
165,325,0.03968772775831769
12,401,0.03968146430501949
565,41,0.03967362024139467
270,550,0.03965653204474581
499,622,0.03964934739158286
499,447,0.03964460877581535
7,613,0.03963448581463138
165,601,0.03962632968240648
431,234,0.039612584623605715
270,537,0.039576824527055916
47,447,0.03957236834639297
12,402,0.039562928508312875
121,500,0.03954681204254107
431,133,0.03953498678672533
7,530,0.03947036912491766
165,52,0.03945956162560934
565,72,0.03945463386565333
382,651,0.03944589486536847
382,679,0.03943424128903565
431,582,0.03942008630340532
415,672,0.03941410964618816
381,378,0.0394084907424426
165,45,0.03937219993989037
431,49,0.03936562567807951
165,374,0.03935949394459392
523,357,0.03935766108075539
431,283,0.039342432137267735
381,113,0.03930549113435536
47,175,0.039290238308774594
420,383,0.03927761340189597
415,385,0.039264939138429975
189,514,0.039243429623614844
189,347,0.039243127938369
121,407,0.039242558986844873
270,35,0.039235823895331645
382,332,0.03917542575134357
381,655,0.03917529664363443
415,297,0.03916075565695895
565,30,0.039156616299270176
431,611,0.03915294820839691
189,642,0.03915106654925029
415,4,0.03914448686207908
165,97,0.039141910451695135
565,484,0.039124158228633237
7,361,0.03912328287103975
189,13,0.03910545142295435
420,37,0.0390890547275853
431,247,0.039088854079093
499,159,0.039060005886975495
270,568,0.0390356471285834
121,351,0.039029266173604596
12,247,0.038991249630259135
382,243,0.038989711135507844
415,558,0.038950354376104675
47,500,0.03894351001390389
189,545,0.03893638615946695
165,287,0.0389352839293906
7,544,0.03893195343185309
431,496,0.0389225077366517
7,690,0.038917407858439494
431,137,0.03890889271718281
382,568,0.03890821185205751
270,54,0.038897866316183166
464,243,0.03889479913980047
47,678,0.03889024200534265
121,540,0.03887173080974075
381,165,0.03886394153858572
165,12,0.03885391887159749
499,620,0.03885076209909158
12,433,0.03884592829289254
7,518,0.03884027790935333
499,383,0.038833811923222966
464,494,0.038815989586531596
12,549,0.03880918579775865
420,146,0.038805026236394674
381,336,0.038739094370468206
420,594,0.03872849866195077
420,560,0.03872165212322324
47,634,0.03872024225827901
415,655,0.03870016402681359
523,616,0.038691604017515153
121,494,0.038628529481198805
7,689,0.03862519630230388
7,102,0.0386238107211471
165,37,0.03862179603625334
382,484,0.03858881707743457
431,376,0.038576003182609536
189,569,0.03857046059174659
7,53,0.03857003399511765
431,16,0.03854980048062546
420,436,0.03851657428965843
499,563,0.03850725667609021
499,544,0.03848773283829589
382,54,0.038466658762599824
270,50,0.038459751187720985
382,207,0.03845877189163309
270,84,0.03844967205467427
523,252,0.03844661287252672
12,424,0.0384438328821559
47,672,0.038428578782458006
523,332,0.03842588694473313
382,53,0.03842206355101268
7,427,0.038401708492262786
12,315,0.03837772034409343
431,207,0.03837153951862965
523,641,0.038365320650988965
381,77,0.03836296485750685
47,498,0.03833295663131515
381,580,0.03832315310557421
270,133,0.0383176470632104
189,161,0.0383121384227926
382,482,0.03831084739445688
12,679,0.03829763516828239
565,321,0.03828963404848866
431,246,0.03828880392667661
382,266,0.0382787269867526
270,395,0.03827159281617439
270,469,0.03823339438397646
165,609,0.038196806999394976
499,496,0.038180851143954746
431,417,0.03817524372701422
7,97,0.038154377081752
431,30,0.03815107092160482
121,432,0.03813756625505228
415,89,0.038102147869748644
47,60,0.038097976673348403
165,128,0.038088492031934824
382,145,0.03808642939117286
7,32,0.0380818454676399
382,74,0.03808049871250429
270,466,0.038075763731615274
464,356,0.03805106253631207
464,390,0.03803003416602834
420,28,0.03802431038243672
270,432,0.03802218059075233
381,43,0.03801834556173256
165,21,0.037992316470767125
270,97,0.03798455034247628
431,280,0.037983792008572055
499,37,0.037979843437944555
270,315,0.03793331132782861
189,54,0.037920684024744834
47,12,0.03791435033595503
165,399,0.03791405463746668
7,37,0.037909458437109425
415,266,0.03789580020862351
12,113,0.03788020050797805
464,161,0.037867589079368026
523,22,0.03784613449947951
565,469,0.037834147177443773
420,447,0.03782975677682669
47,320,0.03781259511455309
523,27,0.0377948886904259
189,356,0.03778827403493303
431,674,0.037787816108199236
431,517,0.03777179719282789
165,308,0.037768549775362266
189,639,0.037764918905189036
382,530,0.03776348131209783
565,38,0.037755885437551144
121,639,0.03775064620637797
165,541,0.0377416095547177
121,594,0.037734332786424615
12,432,0.03773276301179697
270,89,0.037690628630034285
431,13,0.03766344862040176
12,324,0.03766020997636735
121,666,0.03765596721721113
431,560,0.03765387845814765
415,150,0.03764256033437603
121,27,0.037629219911692255
499,204,0.037579551884850126
270,679,0.03757511156702292
270,425,0.03757327808694486
499,234,0.037555410620354196
420,462,0.03755073072392048
415,562,0.037542630680956736
464,252,0.03752738443597473
565,74,0.03751879163018375
189,247,0.037515170034298426
12,398,0.03750018540408805
12,123,0.037481648428764565
420,99,0.03746430560008254
7,417,0.03745702294036064
382,424,0.0374535438036876
165,224,0.037446410933247715
523,531,0.03739733491046566
381,447,0.03737540178565232
12,325,0.03737538479251832
420,151,0.03737508433091725
464,466,0.03736897914450991
523,237,0.037358905937003015
7,470,0.037328493257305306
523,611,0.03732686721813893
47,436,0.03732533933538859
7,245,0.0373170509682744
165,3,0.037316331572593876
12,237,0.037251555464818904
7,320,0.03723922859067174
420,85,0.0372279204425901
270,642,0.037227446819196264
382,164,0.03720403963162173
121,267,0.03716781281294168
7,289,0.037166565620638026
431,9,0.03714580028014197
415,462,0.037141022341228284
165,375,0.037137330032524035
47,48,0.03713367170566235
7,290,0.03712889282178383
189,49,0.03711796593378119
47,569,0.03710757114535724
12,225,0.03706654186066641
565,395,0.03705940177190231
270,483,0.03704195317400292
499,144,0.03703944038818612
382,17,0.037028969029497205
7,178,0.03702837726702642
121,579,0.03702809412588545
464,609,0.03702400345836003
523,432,0.03698426770177579
381,288,0.036982539522942684
121,580,0.036956110575252644
381,280,0.036956009812265246
165,577,0.0369401326862136
270,287,0.036938812773109266
431,171,0.03693645535310166
523,496,0.036927176529701795
523,28,0.03691356859389142
189,133,0.036900382543254014
382,466,0.03686446336013074
121,161,0.03686384633154195
420,402,0.03684381600152663
189,85,0.036842976995336306
47,35,0.03678604644170852
381,427,0.036771876663049444
382,113,0.0367690719370037
565,209,0.036768875522788964
523,477,0.03676357330305779
121,628,0.03674109208780117
382,246,0.036731767260593344
189,232,0.03672761962778865
499,457,0.03672577138043573
189,98,0.036712022602694634
7,56,0.03670934078403741
420,204,0.03670720956076191
7,122,0.03670259923592652
270,292,0.03670074227914317
47,137,0.03668039886011732
381,134,0.03665506424585455
121,336,0.03663380856348084
523,196,0.03660874147294654
47,508,0.03660232893964676
121,612,0.03658806984794754
47,432,0.036586306772646286
415,182,0.0365792919364741
565,643,0.036575362669259495
431,666,0.03655817879258229
47,459,0.03655570011593769
12,175,0.036530226847737754
382,123,0.036505294911839424
415,432,0.03650241425738972
382,500,0.036501821519066086
464,301,0.036498186252906094
12,267,0.03648315204244751
499,104,0.03647490016908897
523,475,0.03646170418021253
12,396,0.036460299659822164
189,164,0.03645258390158585
464,50,0.03644755226738193
565,246,0.03644603131501167
565,500,0.036413965891486544
415,248,0.03640090816852386
420,230,0.036394703372952
415,17,0.03639279812699517
189,151,0.036383092375274546
381,257,0.036360514712038466
464,9,0.03636030997967165
165,461,0.03635156437222098
499,651,0.036347600391666166
523,266,0.03633783643162635
121,175,0.03632947465335518
565,213,0.03632420276397962
415,599,0.036323525348645205
382,200,0.0363044784036422
431,4,0.03629878545539088
7,247,0.036286283904721786
431,340,0.03626474881624336
464,230,0.03625069820893823
7,495,0.03624081721726873
12,595,0.036222143914259555
431,45,0.036216482484632474
12,205,0.036185502248651406
415,374,0.03616112376354066
382,122,0.03614624772704141
381,41,0.03611501047030327
12,286,0.036114142059484
165,600,0.03610728098097864
420,651,0.03609602250917964
523,402,0.036091249228917946
523,4,0.036088606598615035
523,230,0.03604103949168678
7,204,0.03603226114928042
415,84,0.03596098778819645
415,442,0.03595800184910272
381,200,0.03595084149382925
47,50,0.03591698743420128
431,402,0.035900251679025066
7,578,0.035891981402721214
420,120,0.03588664574360759
523,281,0.0358758613600679
189,577,0.035871895908172156
565,631,0.03586549879518769
270,465,0.035857856229436394
464,351,0.03585503812064535
165,566,0.035850673296437825
523,630,0.035845834147476156
499,213,0.03582761233218872
165,654,0.035810771926300014
165,574,0.03580443028967392
499,589,0.03580360026325427
431,290,0.03577622424807087
381,466,0.035745565121003166
121,646,0.035745267019019956
523,243,0.03572783954925461
382,407,0.035725631872842084
415,517,0.03572041169577899
165,58,0.035718012894354376
7,496,0.03571114210805451
415,447,0.03570163136028311
121,265,0.03569373231074719
47,182,0.035678305480743716
381,321,0.03566937955813752
464,280,0.03566119962273907
381,563,0.03564401516994359
7,299,0.03563939252869881
189,224,0.03563526104385047
431,562,0.0356313607860139
7,34,0.03560478981902805
165,84,0.03558291757639934
7,104,0.03557606846760518
121,470,0.03553542692484361
420,563,0.03551466469084046
165,336,0.03550271969543858
121,137,0.03547429019299526
270,13,0.03545207453494799
431,165,0.03544578421031813
165,385,0.03543871843335987
415,227,0.0354363884704884
165,231,0.035431368983056225
565,155,0.035405331877559065
382,192,0.03540481367838776
464,475,0.03540296347121029
420,286,0.035396456877097034
47,496,0.035380365940355825
189,43,0.035365920656844144
12,500,0.035360179178540625
7,498,0.03535517039548564
7,514,0.03533220919219739
165,188,0.035317733737216646
7,74,0.03531271349045927
121,328,0.035305621540509174
270,99,0.03529362453022919
382,299,0.035265185146373994
7,494,0.035244396534914145
270,378,0.03524127611037058
420,81,0.03522313954726092
47,527,0.03521251839632458
565,594,0.035179603669174206
381,596,0.03517934921661023
499,205,0.035167244576242276
121,147,0.03515967312418144
382,151,0.03515589236609063
523,487,0.03515333004647845
121,624,0.03513531895428666
523,17,0.03511190180580999
165,234,0.035107684741334286
270,390,0.035098695173022575
499,315,0.035066794194951505
415,334,0.03506307385539782
415,151,0.035025522491301024
189,17,0.035011126645825064
499,390,0.03498844905242008
415,424,0.03497911040633751
381,5,0.034970430993422806
499,609,0.03496852052541873
420,122,0.03495541444198365
565,579,0.03494515510926139
565,531,0.034943749371571985
47,475,0.03491818203477679
12,527,0.03490171275512859
12,476,0.03489626375984983
381,459,0.03488820070565583
381,484,0.03488235671990011
415,293,0.03486556856398224
47,82,0.03486110239259946
382,133,0.034858286040637634
382,340,0.03484773661108938
165,674,0.03483468569082313
499,138,0.03482398350093181
47,21,0.03482002868552842
464,85,0.034810151941252795
47,287,0.034807421794797476
7,281,0.0348030428042734
165,523,0.034788382308434215
464,562,0.03477617057478735
165,78,0.03477596928027793
499,128,0.034759388857969656
381,46,0.034757438626849435
431,531,0.03475029336098285
7,113,0.0347486623497817
499,599,0.034746300940322376
499,288,0.034743840678210174
420,328,0.03473680273756591
431,296,0.034724213748891335
381,133,0.03471192650433406
189,296,0.03468448131370984
47,402,0.03468431621984886
382,270,0.03467669376341234
523,417,0.03467542636794045
464,67,0.034657239359572746
464,485,0.03464916977065049
420,41,0.03464788949273426
382,328,0.034590560289270225
464,155,0.03459051740085671
47,151,0.03457486085335816
165,267,0.03457359449439218
12,246,0.03457147008952874
121,232,0.03456788910154486
420,398,0.03454523184691148
47,211,0.03453346179183418
415,351,0.03453067881209604
382,69,0.034529817865507746
47,267,0.03450107108650581
499,357,0.034462074921395816
381,674,0.03446061907257814
381,278,0.034439501792681425
270,357,0.03441556250040076
415,283,0.03440234840845384
47,383,0.03439610424417601
565,674,0.03439468754168308
7,161,0.034391406012151966
464,433,0.03437808675563573
415,651,0.03437106822818082
431,28,0.03433893167458436
499,113,0.03433285710003561
12,168,0.03430111578894056
189,428,0.03427699527296242
523,178,0.03427357576502782
381,571,0.03423977469258679
12,579,0.03423699556826069
165,406,0.034222817566394226
12,599,0.034219338808207454
47,590,0.03421683252959294
7,485,0.03421541748663844
431,35,0.03420915190200399
270,146,0.03420494822458329
47,679,0.034170161444526524
7,385,0.03415379693427995
382,569,0.034134887813613644
121,266,0.034116549701809815
381,72,0.03411214109233462
415,285,0.03411015246861451
431,301,0.03409930621162785
381,249,0.03408359239409113
420,43,0.0340793686403561
565,580,0.03406407813224151
499,432,0.03406372138965468
270,155,0.034061855877962545
523,85,0.03402585758165993
499,146,0.0340191025622411
7,332,0.03401335187418183
165,293,0.0340063260204466
7,44,0.03399863852917686
464,55,0.03396968506224
165,351,0.03396964555179431
47,245,0.03396039141228802
12,22,0.03394884231240878
464,395,0.033942700146848415
523,560,0.03394137419333713
165,436,0.03394117293676544
165,540,0.03393265609943931
47,265,0.033923206415408975
523,325,0.03388723196014176
381,634,0.033884789469039285
47,194,0.033877384016365523
565,360,0.033857081149208164
565,20,0.0338365694564773
523,530,0.033823791668734136
431,424,0.033814280932758435
165,315,0.03380609758606331
270,546,0.033785991551858616
565,79,0.03377682072962153
7,549,0.03377427230709422
382,290,0.03376198368013113
47,641,0.0337617526592201
415,470,0.03375170910506985
121,545,0.03374398037890283
381,646,0.03372831206512358
464,517,0.033727396146397054
47,685,0.03372467957177357
121,151,0.03371224257320934
7,328,0.03369922175717618
165,402,0.03369827637905629
415,582,0.03366906656201729
121,390,0.03366634429623857
431,395,0.03366004205858126
7,72,0.03363580245344704
431,428,0.03360242070438946
420,631,0.0335906601668011
12,612,0.03356230023860534
523,69,0.03353914425941613
165,599,0.033528432072713055
165,558,0.03349897263232354
7,609,0.03349870846518961
189,50,0.033482570427804906
420,301,0.0334772082617947
381,296,0.03346060519720491
121,643,0.03344752378889584
47,315,0.03343850143872297
382,380,0.0334344912334543
121,81,0.03342598128544124
47,147,0.03342347116060926
12,655,0.03341263879223547
7,560,0.03341177558296738
523,211,0.03339767517877777
189,35,0.033387974311678795
431,356,0.03337618476818738
47,99,0.03336321976570618
7,601,0.033343139628912034
415,378,0.03329004514260872
189,385,0.03328394888520637
121,642,0.03326117205090065
189,651,0.03324436980370519
464,596,0.03318379878640202
464,321,0.03317290462033319
382,81,0.03317257544281516
165,184,0.03316380588145875
420,269,0.033143411367907105
523,204,0.03313816242585319
420,641,0.033128273563370406
47,321,0.033127075828449766
523,336,0.03310736801503482
165,168,0.03309671629957814
382,670,0.033095989918883705
47,278,0.033092320758802085
565,644,0.03308452910756622
381,577,0.0330839593163937
7,49,0.033079749586518874
12,493,0.03307652398836005
464,340,0.03304176884105423
12,146,0.03303704669271458
270,209,0.03303096180245525
415,579,0.033030114199801786
499,46,0.03302810377569024
382,324,0.03300775540475041
499,679,0.03297546382891705
12,545,0.03296015068615869
415,369,0.03293886457701707
415,657,0.03293835988280261
270,151,0.032919510087816864
12,638,0.032913417631286315
12,35,0.0329060494548683
7,184,0.03290501892316762
189,527,0.03290304202827517
165,74,0.03289050002781221
420,580,0.032887815468337904
499,3,0.032883869487878394
189,351,0.03287899438510716
523,459,0.03285263323865899
12,517,0.032831205155792555
382,89,0.032823701472754374
523,269,0.03278349991636851
189,120,0.03275238454050192
121,634,0.03271851927730675
121,74,0.03271464761475021
189,123,0.03271226749734743
523,665,0.032705164150696166
464,569,0.03270493640354127
270,560,0.03267992686973324
381,371,0.03267438405906774
381,639,0.032655246707086576
121,30,0.032647207406772065
12,128,0.03264679897204902
165,248,0.03264548579622228
523,596,0.03264345026038769
464,84,0.0326365456182815
499,646,0.03262778998218819
523,646,0.03259873065107979
382,465,0.03257986648300204
47,208,0.0325685070677132
12,17,0.032553011807820546
47,579,0.032547783382770396
121,280,0.032545599718005455
7,476,0.032529854944058446
7,483,0.03251530301075831
12,6,0.03249194237202325
464,128,0.03248248138283684
382,204,0.032476902082668645
523,374,0.03247338348896903
523,609,0.03246941381023815
420,448,0.032458198680018126
499,5,0.032442636284051335
431,159,0.03242301072131334
420,405,0.03238577888886992
382,402,0.032365206938709166
382,531,0.03236283016190475
565,556,0.03232619784190887
415,568,0.032317850430928684
523,457,0.03229911424343832
431,477,0.03228308757047252
189,325,0.032282497428463654
12,151,0.03227030169902196
499,475,0.03226863692526702
7,144,0.032241128981668185
189,192,0.03223900176683828
165,394,0.032234441116739995
12,589,0.03221937413926616
189,89,0.03216442059356535
47,484,0.03216247292736245
382,405,0.03212072548114499
382,378,0.0321044914374988
499,545,0.03209258294830925
47,657,0.032053002942432435
523,313,0.032045926431073506
499,495,0.032036799417466025
464,292,0.032035317261189834
382,642,0.032025788923375036
415,301,0.031997599769694615
189,288,0.03198337087594154
12,41,0.03198105516140683
415,494,0.03198067529975987
415,207,0.03196665800977795
7,641,0.03193924795175417
7,637,0.03192234713719012
12,371,0.03190780338076317
420,69,0.0319042751295046
415,399,0.03188199094145513
464,317,0.0318727300523408
189,540,0.03186999105930964
121,17,0.031863990216693755
270,639,0.031821436356699734
464,564,0.03181701446706002
464,237,0.03178828990344244
415,13,0.031786278954765886
565,230,0.03178423768656187
12,594,0.031779787544430636
499,17,0.03177427749809152
7,562,0.03175895587623095
381,405,0.031753081314256706
165,563,0.03174733783392354
382,213,0.03172769474193788
165,232,0.03171857417619829
499,493,0.03169629657098678
523,500,0.031686629756135364
499,642,0.03163973197716235
12,207,0.03163401774009196
47,560,0.03162471102964497
420,296,0.03159655024903482
499,477,0.03158921442402249
464,13,0.03154647123732646
523,270,0.03154283830903942
565,645,0.03151716341771539
382,634,0.03150188953366329
270,317,0.031484057023047574
464,233,0.031479930412347985
420,666,0.0314544018558968
270,213,0.031451226461425646
270,666,0.03145120192170605
165,594,0.03144843627867286
499,30,0.03141871539484297
523,286,0.031411706022162054
165,157,0.03138578788185372
420,5,0.03136552061267737
431,194,0.03133244414555422
565,165,0.03132287887073357
12,137,0.03131419382553428
7,270,0.031296804865703444
415,29,0.03129576422400585
12,65,0.031263300318305695
415,5,0.0312550846997425
382,237,0.031237896485824836
523,651,0.031225383797293314
165,269,0.031224945129861004
415,28,0.031215264967452288
189,405,0.031212542371223503
12,643,0.03118909565284621
7,655,0.031177573465292714
420,325,0.03116603321971989
431,470,0.03116175280112074
382,469,0.031140733066108015
270,128,0.031095075993144337
523,378,0.031093753199287814
415,577,0.031074684924298202
420,340,0.03107338136738033
270,321,0.031071189757579627
47,171,0.03106745178104913
47,528,0.031053330325017545
382,120,0.031049802755840038
165,569,0.031038835808324308
499,54,0.031013651681573284
499,487,0.031008043100692415
121,155,0.031007544204658104
420,4,0.030987688392133575
382,398,0.030987278437522033
415,281,0.030984273072672198
270,512,0.030983304490506593
415,466,0.030977468245723117
382,459,0.030974064887230295
165,108,0.030971915058794475
7,325,0.030948796043422586
121,674,0.030945828662151037
464,428,0.030908156971583157
121,657,0.030906137677124138
121,485,0.030891548848485082
499,324,0.0308788846962123
382,29,0.030870600342303607
420,483,0.03086299127812319
189,317,0.03086118522137738
523,82,0.030857063553426947
7,432,0.03079975688971071
420,29,0.030796048884767904
47,85,0.030792250058027056
189,390,0.030730868367145496
47,398,0.030730459317260157
121,508,0.030725490958936615
565,624,0.030690650562721297
47,159,0.030684571624874795
381,638,0.030677306509959666
189,612,0.030651106628266107
270,569,0.030636177910394632
381,645,0.030605502114010585
464,434,0.030603614124197865
121,477,0.030595747104848726
415,331,0.03059337505034798
523,131,0.030586133352264018
415,113,0.030583929091965063
189,563,0.030581960183782793
523,268,0.03056298937508071
431,38,0.030551064501914096
47,631,0.030541786414065634
7,448,0.030523326319535724
165,531,0.030491708558008392
523,81,0.03048697629017561
12,351,0.03048599695916158
464,133,0.03046159407645473
420,138,0.030436883902318034
165,266,0.03043193540540747
523,23,0.030421189028118616
431,134,0.030418484519256377
420,475,0.030417640076477317
565,482,0.030401647310841454
415,54,0.030398302084776757
7,243,0.03038084775462477
189,137,0.030377022546443887
523,147,0.030363968451150462
165,237,0.03036237704761317
420,247,0.030359588866054554
499,74,0.030316697435541568
523,351,0.030307305708801635
47,13,0.03030596569779721
523,246,0.030297587622389877
165,512,0.030291207458514973
12,445,0.030287915459402015
47,390,0.030281405571486616
464,643,0.030264411929775203
47,133,0.03025621336343307
12,378,0.03019562413300403
12,293,0.030190600799713755
47,395,0.030188668792923673
523,498,0.030178545832431805
189,596,0.030175026758018794
382,674,0.03016420958109767
523,385,0.030145622607377416
523,290,0.030139573579714127
420,334,0.030137139758821156
381,477,0.0301348329777416
189,646,0.030133744050182452
431,532,0.030131928106044432
464,459,0.03011809891312439
165,508,0.030080259909184184
464,674,0.030021854563932627
189,580,0.030020214227429023
382,556,0.029998195392113663
12,484,0.029997518125364674
431,27,0.029995301144837876
523,207,0.029964327600060646
7,685,0.02995805891582732
499,287,0.029946558858444827
499,233,0.029936798370146758
7,500,0.02993642317457005
165,462,0.02993299694652723
420,265,0.029920243783833497
7,599,0.029918984621442025
499,655,0.029910984924708804
165,207,0.029900696276135653
523,164,0.029899810206819616
165,122,0.02989028021809001
7,9,0.029884363415007314
415,389,0.02987597706094506
47,545,0.029851021519268335
12,568,0.029849715839797383
121,72,0.029848951402375958
565,86,0.029844776142045254
12,563,0.02983594495523935
464,360,0.029831219197225253
415,581,0.029820327878260264
420,624,0.029790728991759517
431,156,0.029762776272072425
189,225,0.02975400256181627
121,398,0.02974640051518939
415,448,0.029744732961937
121,207,0.02972011155634114
431,89,0.029697347508672096
47,200,0.029692012754282533
121,120,0.029682558898256193
270,192,0.029679635661521077
121,568,0.029673902294217024
464,470,0.029670037137060505
12,482,0.029668172171409782
47,201,0.029664132672141384
499,200,0.02965977434771278
420,568,0.029650189335488714
464,209,0.029610909359563602
270,323,0.02958701621969162
381,265,0.029586641125119904
464,97,0.029572059448488522
165,85,0.02954060068618236
565,654,0.029534811590659862
523,74,0.02951196943693998
7,424,0.02949995772917805
47,268,0.029483212035207665
464,599,0.02948258735695121
189,301,0.02947132502220724
431,493,0.029469833517515025
270,161,0.02943985544910616
431,466,0.02941351979885202
189,268,0.02940919213540808
270,29,0.029393770314881374
12,98,0.029387863093701522
565,356,0.02938777938764635
415,500,0.029378375900674963
420,201,0.02937117652070897
189,517,0.029370710441748743
121,113,0.02937043345149092
464,164,0.029364097110291778
499,398,0.029343313096664624
464,579,0.02933467457698576
381,79,0.029329713055632752
189,281,0.029321331189566178
7,30,0.029317109836872305
420,128,0.02931542535521482
12,266,0.029301797458481483
7,267,0.02929437868653703
499,378,0.02927918650395013
7,545,0.0292761677031084
189,207,0.02926766943389519
382,418,0.029215586209910653
165,321,0.029215038844772553
523,247,0.029205951911723
565,134,0.02919579866404081
382,230,0.029190266746088895
165,68,0.029182201051502616
12,457,0.02917331881258295
7,211,0.029156182715190545
7,131,0.029131643160011916
382,46,0.029128825733519093
165,555,0.029124208209783817
431,369,0.02910281920459147
499,562,0.02910223922236196
47,448,0.029096133847956333
431,175,0.029083118423819596
381,666,0.02906673338055449
382,351,0.029059826125820656
165,487,0.028968771223266302
7,54,0.028962298201007368
464,266,0.02895085425738234
431,594,0.028933775765799887
121,482,0.028927550135230753
12,37,0.028895622047955514
499,674,0.02889081157602448
499,118,0.02888216525713153
523,433,0.02886548355273652
189,493,0.02885834856574579
189,117,0.02882091202381861
523,484,0.02878276856127679
499,230,0.02877202508531513
12,58,0.02876418186984985
415,405,0.028750305664737824
270,579,0.028738252809136836
420,577,0.02873713883553072
12,104,0.028716769706012554
7,395,0.02870322539915836
270,650,0.028697069580228923
382,427,0.02868711334157692
121,546,0.028682659609965157
523,395,0.02867824818122182
420,161,0.028655442272553466
415,340,0.028654977545177717
165,41,0.028643032045208395
382,288,0.028640293371007625
382,268,0.02863708587396232
420,268,0.028620297250263726
47,290,0.028620133100724764
47,646,0.028600764639524625
420,86,0.028580604787488945
165,459,0.0285789078362546
431,336,0.028577809195942532
165,496,0.028544874165888988
47,540,0.02853253553154947
464,156,0.028514122341246288
499,325,0.028510456236249114
420,484,0.028506817823964248
165,283,0.028503828034632063
7,540,0.028501078963540087
12,465,0.028495391420642883
523,209,0.028492829820422297
12,651,0.02845719405154155
382,265,0.028452775968703076
7,237,0.02845265453229385
7,207,0.028414183992448317
499,643,0.02840373131756249
270,428,0.028403304226063717
382,646,0.028390707439800267
270,171,0.028386232391697103
121,399,0.028379290011204504
431,128,0.028329768241950156
7,137,0.028317875924315023
121,301,0.02828859749569335
189,655,0.028287746817249923
7,85,0.028267978815829195
565,666,0.02825273395767452
189,55,0.02824428036857769
523,283,0.02822601416492988
523,328,0.028217929906537265
12,268,0.02821672359180206
270,433,0.028202983059102748
420,612,0.028182516908082277
270,484,0.02818084537267168
415,146,0.02817867949165637
420,657,0.028171188097753663
499,283,0.028159318656013496
565,43,0.02813347212144395
189,546,0.02807457861638593
189,487,0.02806158547137366
464,471,0.02805601801423472
47,117,0.028029819461391145
431,123,0.02802632314108884
270,399,0.02802048142079871
464,527,0.027949751559110114
47,165,0.027934593188084673
523,99,0.027910473839432993
523,192,0.027908048486705556
7,138,0.027898969195980353
420,283,0.027886326397588302
47,164,0.027882664361856525
165,447,0.0278250403482299
189,457,0.027824955553967166
523,650,0.02781862841437728
165,28,0.027816486755415662
270,23,0.02781528948581855
382,208,0.027778090653033414
420,331,0.027756870044402953
47,156,0.02774957524186908
382,82,0.027743093406026716
7,471,0.027724380535861355
270,517,0.02769381054439938
420,638,0.027666085529988643
165,369,0.027663562367646763
12,334,0.027648690028259322
121,138,0.027645307651954793
464,531,0.02763310285514864
165,281,0.027621224954115682
523,280,0.027612501823024098
12,317,0.02761099157165957
12,230,0.02758896048047
415,596,0.027587533727014675
7,120,0.027573252505224972
464,646,0.027561175273788673
12,132,0.027554801159162853
270,280,0.027531860043177366
499,433,0.02752181243613576
121,323,0.027490420977547832
47,642,0.027478029435463226
420,482,0.027475269382778347
420,213,0.027467700540676522
382,517,0.027465243346022232
47,612,0.027457527841178643
415,118,0.02744856371245844
431,471,0.02744512423803819
499,428,0.02743573060818276
464,508,0.027422539253424114
415,371,0.02741062789563747
464,62,0.02739941312020469
47,407,0.02739842091967883
415,328,0.027378714231768495
381,470,0.027378639937083036
270,41,0.027376169672206754
12,29,0.027369619193861248
523,517,0.02735926962575055
431,646,0.027345671760676874
565,117,0.02734410562940155
47,55,0.027339817980857398
382,5,0.027323279027434973
523,213,0.02732280074487904
270,232,0.027315902624350755
382,512,0.027305028132269083
523,425,0.027291446520336982
431,98,0.027290398706208793
381,68,0.027285499587573682
565,268,0.02727103064315516
270,246,0.027270255820043957
464,51,0.027268395619040625
431,563,0.027253088958510703
381,252,0.02725208053933016
189,436,0.027239606867878095
464,371,0.027230654203204037
420,55,0.027204242940025644
12,642,0.02720146521568717
121,405,0.02719758929265965
189,321,0.027196401376345276
523,321,0.027187326918852266
7,579,0.02716709467973709
420,371,0.027161822480740783
381,161,0.027154337915912725
565,89,0.027152947767818267
420,233,0.02715122647316405
121,317,0.02715103601387331
523,232,0.02714905095550694
165,233,0.02714409566186654
523,234,0.027142351546152604
523,159,0.027140040844437857
499,69,0.027130444933841227
420,459,0.02712816582704379
165,517,0.027124698465047056
565,288,0.027088772175935756
499,211,0.02705322749554314
381,323,0.027047510315519767
165,227,0.027045682981730698
415,138,0.027025798522067677
270,500,0.02702227847548758
270,655,0.027012023088380226
121,35,0.02700597520037392
499,265,0.026970659645899172
270,325,0.026960175451062184
270,288,0.026949878122214842
12,74,0.026884577292786874
7,41,0.02688022745123735
523,29,0.026879320749210272
420,13,0.02683954969109121
189,9,0.026836119884806494
464,407,0.026826676808449676
165,29,0.026816336267221505
565,51,0.026801330128440774
415,99,0.02679637562367912
121,39,0.026783407940694833
121,483,0.026774587113101947
12,117,0.026772266620618906
270,283,0.02675094606045516
121,571,0.026728473125517117
189,556,0.026724056902901375
165,243,0.02671682003785933
565,120,0.026705699773680376
382,654,0.02669675128099886
121,132,0.026691112102876516
565,98,0.026689266293132428
270,138,0.02667202889794746
189,51,0.02667121569744498
420,267,0.026643504748179895
7,651,0.026613680713493775
415,35,0.026607250526890544
189,41,0.02660686737578254
12,79,0.02659815732841879
12,418,0.026596308205471462
7,27,0.026584378113274052
420,643,0.026583082290779252
12,54,0.026571908702732253
431,527,0.026570812248399158
565,55,0.02656275181213797
165,211,0.02653109958031617
464,79,0.026505080675867026
12,494,0.02648938496468871
431,655,0.026479809823325585
7,436,0.02641109035718866
7,292,0.0263974533337675
189,200,0.026393139124027108
270,200,0.026356207031806612
464,469,0.026353806193169405
270,268,0.02633897611854723
523,637,0.026332326744249228
464,4,0.026321502934145636
270,634,0.02630340235346247
523,512,0.02629099096892662
464,146,0.026275359560079495
12,555,0.02627055428415198
431,155,0.026254433243477007
415,132,0.02624533144476377
7,402,0.02624482508964008
7,315,0.026244539178825348
165,301,0.02623405224232563
499,41,0.026221366032551013
7,596,0.026211408131344573
415,555,0.026205504032860674
47,325,0.02619470517072512
270,132,0.02618830917151781
499,512,0.02617166414638095
165,323,0.026154848175275816
415,265,0.026149732346474663
47,562,0.026122571454278015
165,646,0.026115829249654294
121,156,0.02610540144615219
165,62,0.026088173442767475
47,494,0.026085316397383988
381,356,0.026083522279957062
47,424,0.026079120289058077
499,281,0.02606726034654969
431,43,0.026038366823175327
189,469,0.026028447366670895
523,30,0.026021163459169255
12,399,0.026018532322516764
464,657,0.026012317498592858
12,85,0.026010153125790973
382,325,0.026007779151081347
464,43,0.025956025285215782
7,265,0.025951655585642365
431,436,0.02593184067991951
47,30,0.025917838368307747
12,477,0.025916310645923254
165,81,0.025914566533102583
270,4,0.025891489978869357
565,161,0.02588815569397888
523,413,0.02588353229356117
499,596,0.025875131561950936
12,290,0.025870996102732902
382,360,0.02586349089321468
7,634,0.02585566366581069
7,164,0.025843970636387152
464,568,0.025836297968455914
165,89,0.02582774888753225
381,389,0.02580830120781394
381,51,0.025792273554415344
121,395,0.025774395582290784
499,483,0.025774203893494264
381,512,0.025767197265271467
270,247,0.025757612657962083
7,43,0.02574902200518628
165,161,0.025726864917844428
270,596,0.025712517050137832
431,288,0.02571156157157061
381,89,0.02570338754746797
121,596,0.025702214978943816
165,549,0.025700722519290228
420,68,0.025700268742462295
523,562,0.025697061527446767
270,74,0.025690410762811314
415,646,0.02569006830452446
415,325,0.025662429255071395
121,532,0.025658096231827767
165,679,0.025657658660964283
523,613,0.025637563317544305
382,334,0.02563636966472505
382,51,0.025629574405904236
415,122,0.025625478319199754
382,132,0.0256127758200262
12,69,0.025594562150700915
499,399,0.025590554456020827
47,41,0.025582486037530876
420,155,0.02558188146458726
499,134,0.02558076751229991
47,317,0.025578359481707433
270,508,0.025573644781173608
381,325,0.025561781436711627
189,477,0.025547561428816604
7,283,0.025534408692559588
270,493,0.025495521915945542
121,146,0.02549028095852906
47,134,0.02548591600445038
382,315,0.02547163608713917
415,120,0.025430583094834924
523,642,0.025429386462481145
415,556,0.02542587636197943
382,296,0.02542425603223777
415,51,0.025411753449140595
382,278,0.025385650976772707
464,612,0.025381846352040605
121,487,0.025326229680346285
7,151,0.025325596687554398
381,156,0.025324326620561586
431,380,0.025309584183020685
189,448,0.02530559351829126
47,301,0.025300959917895677
565,249,0.025296322800968867
121,577,0.02527851835344911
464,201,0.025264814552441773
165,476,0.025255545980926664
12,208,0.025247089587067187
464,68,0.025244685761085527
189,99,0.025198231587943896
165,159,0.025171636606810818
165,242,0.02516851077622864
189,395,0.025157334035777607
165,164,0.02514854245110322
523,146,0.025131725623200003
189,555,0.02510013983566
431,252,0.025053328544866197
565,46,0.02504814775846372
499,155,0.025046929606494427
165,27,0.025002085290733375
523,165,0.02497968848885059
523,436,0.024971432970712165
499,301,0.02496076043330499
381,155,0.024958064221251856
47,580,0.024957148061966108
381,50,0.024955792646679405
431,405,0.02494521896204401
523,296,0.02493385652113507
523,334,0.024931398510448538
381,81,0.024888583461774902
381,118,0.024886635599732882
7,280,0.024876034687435582
121,67,0.024867831149379623
381,612,0.024859849599788673
499,328,0.02484813774912208
382,493,0.02483595558381144
270,164,0.02481643398455953
420,356,0.024815838681953407
523,398,0.024802764377169457
565,371,0.02480244917822147
464,631,0.02479199525320696
382,281,0.02473710396930386
12,227,0.02471173894175168
464,99,0.024695748927915175
121,165,0.024681975770997507
165,596,0.024661780978154663
189,227,0.024652410569629635
7,242,0.024643433384590633
431,642,0.02463340166278152
464,211,0.024627619210807916
47,9,0.024581374271922377
523,156,0.024579663915259817
7,631,0.024547081928996253
499,81,0.024537825378793336
47,246,0.024526152210727504
381,579,0.024523010081105922
464,159,0.02450040711510685
415,679,0.02448444503443922
523,287,0.024481135381157693
270,434,0.024468652565151443
12,62,0.02446680495677074
431,351,0.024461603340386617
420,389,0.024451537683164694
464,577,0.024404495213235584
189,512,0.024404363608450847
7,465,0.024390730621523832
12,232,0.024383802193610082
420,434,0.0243794873438771
431,46,0.024372949312136044
189,30,0.024357596731011597
7,246,0.024350050409011652
499,227,0.024347382089089483
499,501,0.02434341379310651
415,654,0.024338466771354445
165,639,0.02432917898528434
523,227,0.02432310330017799
382,321,0.024306068726972788
7,475,0.024305612865278794
464,556,0.02428660113692848
499,594,0.024233377149577406
499,657,0.024229292821086146
431,86,0.02422768338406772
12,243,0.024218919586501127
12,562,0.02420802566579092
523,508,0.02419840363056741
420,227,0.024190729207101143
381,501,0.024189778230466516
382,470,0.02417320204245411
415,634,0.024160144838641765
270,540,0.02414763287047484
420,655,0.024145536479876252
7,644,0.02413439972996575
382,657,0.024133068169418403
382,650,0.024126396609820862
121,556,0.024086614334688644
523,657,0.024078008195155078
499,164,0.02406627209995718
382,134,0.02406032269646148
565,657,0.024058518685523108
565,267,0.024029288572365023
121,41,0.024014428614396587
270,334,0.023992006633826397
565,670,0.023983657730666356
165,579,0.023978756796837784
12,39,0.023973928742335286
499,459,0.023972928510702856
565,501,0.023969999872082808
499,351,0.02396716395802547
499,28,0.023964928489078857
431,654,0.023951025402370908
381,175,0.023935776496800627
7,517,0.023934048449608593
464,380,0.023921936326237996
415,74,0.023904959862230554
381,418,0.023903359754873742
270,594,0.023896541145216693
523,301,0.023894013883884426
12,13,0.02388987464939952
47,599,0.023873435627652657
382,639,0.023835480049254322
189,389,0.023820777385176753
189,398,0.023814587199365304
415,321,0.02381032217582185
47,38,0.02380925151710716
165,398,0.023807481336481518
464,500,0.023791576672521308
381,69,0.023779868314830165
431,390,0.023763219166118968
420,579,0.02375874755163286
415,161,0.02375727846910358
270,448,0.02374708356765721
431,569,0.02374463807204705
12,46,0.023744016739965856
420,360,0.023741477532780893
464,39,0.023741254052665025
523,639,0.023736350630749133
431,484,0.023709082030833474
7,252,0.02370780051060162
382,41,0.023689440803993773
7,132,0.023666142959840795
499,356,0.023654035347978025
270,657,0.02364210502507582
7,477,0.02363354255308748
381,123,0.023631829310281093
523,51,0.023626175613468466
382,20,0.02362274131591641
420,211,0.02361781682141848
189,69,0.023610743059397712
464,204,0.023604355069544922
464,323,0.023599172317380127
12,577,0.02358888316324014
7,469,0.02357579675322311
523,471,0.02356408354027256
189,645,0.023549825880061194
420,555,0.023537932398490023
189,156,0.023531380919258323
12,390,0.02351434504244298
381,86,0.02351197732581398
415,288,0.023509631719952486
499,123,0.023482679197735914
565,555,0.023467007728299297
270,631,0.023465110460299508
523,138,0.023456525829108746
415,407,0.023453467992341583
523,555,0.02344150127251337
499,571,0.023414444861368414
431,407,0.02340969211447084
165,477,0.02337738556880934
47,62,0.023373382185175467
464,540,0.023331929500675537
415,55,0.02332331159021419
415,347,0.023316789717148026
431,243,0.02331348090325709
47,157,0.02330924382455377
431,132,0.02325298787490896
431,447,0.023235445336780406
7,38,0.023227168449013902
420,407,0.02321538059526032
415,243,0.023211669314417926
464,23,0.023199859742878134
47,283,0.023194292106058233
415,418,0.023193556514617696
165,82,0.023142586080696654
431,79,0.023137923921888043
165,612,0.023136155297058703
431,131,0.023134386226637705
431,55,0.023133994593011492
499,645,0.023128365154335973
464,265,0.023115044121123918
12,417,0.02311368751986232
565,477,0.02310706190578831
420,644,0.023081357415710033
165,428,0.02308110882813127
420,317,0.023073322882698807
415,123,0.023071284283789052
47,482,0.02306854332425539
12,118,0.023059097673201218
121,631,0.023053759472791143
47,555,0.023045381087103124
382,644,0.023043365348766512
189,20,0.023026582588883515
431,85,0.023014594563752863
270,62,0.02300811954480245
47,405,0.022995163302544062
7,62,0.022965135517267993
7,227,0.022961926566083746
165,286,0.022934566543632098
7,230,0.022927939075222892
499,321,0.022926310932186965
189,418,0.022922559256637276
12,51,0.02291690112759335
7,650,0.02289010076478193
189,79,0.022889738104733548
431,545,0.022884870196894686
7,646,0.022864745407403717
12,369,0.022857909852634417
523,118,0.022857421129146245
523,137,0.02283756450780334
270,413,0.022820814120307273
420,46,0.02281641868943582
270,224,0.022812059405118528
523,265,0.022783561505665465
7,200,0.02275395668253368
431,609,0.022745252996551217
499,654,0.022739268632526316
523,340,0.02273903459749863
415,72,0.022719699138674172
47,120,0.02270113187160374
499,268,0.022698438271812223
420,123,0.022693616826804267
270,494,0.022683741228592662
415,296,0.02267265803807679
420,424,0.022672133603074344
431,164,0.022645194601154234
420,428,0.022643007913920144
47,336,0.022629282397639
523,532,0.02261373477014503
7,118,0.022597699910444406
165,134,0.02257433647303208
165,364,0.022567804926378308
464,267,0.022561726475817157
523,571,0.022559619079691045
420,418,0.022558035192714238
565,532,0.02252016177588758
499,79,0.022519861285418562
415,639,0.022505423757793915
523,117,0.022502362532249295
165,466,0.022499892115946146
12,165,0.02247893493576383
420,159,0.02247280834867032
270,555,0.02246686358125583
7,199,0.022461811305354778
189,631,0.022461020900574988
47,89,0.022460724775712506
499,389,0.02243566418771659
499,634,0.02243371740293621
7,99,0.02243360646425529
499,556,0.022425098534448667
47,155,0.02241958100527535
499,360,0.02241217220349819
499,666,0.022407991296673486
12,211,0.022406794326167184
415,314,0.022353262864014085
12,209,0.02233663913318913
270,351,0.022310507486736707
415,268,0.022309574744071997
523,483,0.02228549537572519
7,569,0.022276533539877325
431,494,0.022246325656177277
420,232,0.02223170580843669
431,580,0.022231238272516635
415,155,0.02222651942497392
47,364,0.02218188506677294
7,642,0.022181651311020227
189,657,0.022181197913502624
464,331,0.022180226054896446
420,20,0.02217119223377833
431,325,0.022121393349802003
420,165,0.022119494438850158
121,23,0.022107049608960986
165,113,0.02210537533287882
7,321,0.022095749527886455
7,407,0.022088280558401792
165,457,0.02207909974767018
415,324,0.0220763464581202
121,79,0.022047807264506843
12,407,0.022030217108388414
165,46,0.022012439215004263
420,674,0.022010684015117202
47,230,0.021999633886044537
415,631,0.02199520588790379
165,484,0.021992635013863684
464,46,0.021974308157010774
499,314,0.02196223908856446
7,466,0.021956798256933387
47,517,0.021946845631628572
270,470,0.02194657449031382
165,438,0.021935589901163014
431,631,0.021924347605173852
189,531,0.021916207125788168
415,546,0.021915853115043845
565,317,0.021911372005405712
381,364,0.021908684989093263
47,428,0.021903702600219992
565,5,0.021893608077285902
420,654,0.021893218768313277
431,328,0.021889221897374835
523,634,0.02187060710125702
464,132,0.021857694410277528
565,650,0.021856582421262143
499,612,0.021852674881133627
381,98,0.0217980863527386
165,471,0.021797200748623437
565,380,0.0217931372505094
12,252,0.02179231866281358
415,233,0.02175128909896298
499,89,0.021744124392902377
382,77,0.021743858539306098
431,650,0.021738835929404284
121,171,0.02173112996155529
565,23,0.021723058847669827
7,527,0.02170938552762647
47,568,0.02170909001322852
12,164,0.02169454757924498
47,469,0.021674601431333998
464,175,0.02165700042558976
165,445,0.0216474564040183
189,278,0.021642725230812516
7,390,0.021635829316371594
121,371,0.021629366930881223
464,666,0.021607666369849038
565,331,0.021596745174810285
165,220,0.021561506865264587
47,23,0.021555514497414097
381,268,0.02154698948691869
382,395,0.021546340641966217
431,555,0.021546316480838542
382,161,0.02153990413800725
382,624,0.021524419855843344
523,43,0.02150747584002218
7,128,0.02149908193757223
464,246,0.02149527243826496
382,546,0.021489564755997996
270,418,0.021475556139063403
7,323,0.02146203346403759
464,41,0.021408418043447567
165,296,0.021378736328609895
523,39,0.021372135147957348
7,159,0.021331980070006945
382,117,0.021326859361997647
415,642,0.021322249449545274
121,296,0.021303786537216922
189,413,0.02130063330064186
7,670,0.021274828723432917
523,569,0.021274771327400625
12,639,0.02126436925763687
12,556,0.021258615167063406
464,171,0.02123044718443835
7,208,0.0212281189601171
464,436,0.021218684580454526
382,323,0.021209821047913007
420,171,0.021200580498899627
431,23,0.021199981996026022
121,434,0.021189718278105132
12,265,0.021179738451688277
165,324,0.021173466077830664
47,655,0.021143399420997074
270,72,0.021124150828763247
431,5,0.021102279017759684
12,644,0.02107625338737338
189,74,0.02107546493277199
431,249,0.021071154169407115
12,531,0.02105974132658214
523,208,0.021050435665465012
381,192,0.021039232978202496
165,155,0.021038419348903218
7,582,0.02103744885509876
523,501,0.02099040522205102
270,134,0.020975508551186687
47,645,0.02095032542879097
464,123,0.02094434929978359
382,413,0.020941445159911348
270,296,0.020911576953765994
420,646,0.020897523001912187
7,39,0.020873894963245425
189,128,0.02085027569055161
47,323,0.02083326102035129
165,77,0.020818416363094443
420,321,0.020796123889970382
165,655,0.020794483306423407
7,133,0.020788444873676468
270,360,0.020767831356292486
382,201,0.020759951697896913
12,288,0.020727588304243455
12,281,0.020722196356257362
523,132,0.020718477386602974
12,356,0.020714607922440082
12,666,0.020695260959122625
189,118,0.02067755981975842
121,98,0.02066691172195083
431,324,0.020640391975698724
189,175,0.020639161815695677
270,249,0.020625965662275047
7,484,0.020624177302593506
499,580,0.0206127963266728
165,252,0.020608287632121094
165,171,0.020594031400638795
12,395,0.020588179931052025
12,280,0.020585166090952855
499,434,0.020543669754225016
523,267,0.02054144800428772
270,28,0.020536480740706332
47,84,0.020496602911206092
464,30,0.020493532648923424
382,156,0.020467089179652582
415,364,0.02045392063501702
523,448,0.02044702506095771
382,577,0.020416853980297005
464,296,0.02041373601635028
47,334,0.020402976941321354
189,674,0.02037072371684193
165,117,0.020370393561045353
12,156,0.02033597587287428
12,77,0.02033428411439879
12,483,0.02029632906680151
121,356,0.020294223528399272
499,448,0.020286597191943687
415,508,0.0202674336494332
565,200,0.020247761707334482
382,35,0.020216755408569195
420,246,0.020185628646152795
270,577,0.02018063548259832
420,134,0.020122462986428617
7,564,0.02011202798928674
464,325,0.02008069465884098
381,556,0.02007096165114982
121,469,0.020070861955122667
12,192,0.020043102411732495
382,356,0.019977256579848293
47,577,0.019971756359716316
565,389,0.019951401084869817
382,364,0.019945605828391718
165,378,0.01993471176848709
165,13,0.019903940654542908
499,568,0.019894255721382918
499,161,0.019893938524262165
499,500,0.019872336579006084
165,424,0.019871824545940452
121,252,0.019856834934546208
431,540,0.019851127341577204
121,43,0.019847663477565888
7,68,0.01984046240916667
12,546,0.019828548918236415
499,527,0.01979253871999525
382,301,0.019792243454122546
382,666,0.019790801991386005
12,89,0.019780946925701013
121,117,0.01976311808732904
420,133,0.019751093845581706
121,38,0.019728624724167306
565,68,0.019717737534790867
12,134,0.019694129395749622
499,323,0.01967003886863012
7,643,0.019632072906205864
189,571,0.01962106376210455
565,132,0.019613641419942075
415,98,0.019577804169638093
270,38,0.019574844637669207
7,98,0.019557436998253838
121,380,0.01954481063250001
499,296,0.019527174509403333
499,32,0.01952661479396546
420,323,0.0195076717180971
499,579,0.019506280427528156
499,98,0.019488664455717813
121,645,0.01945408476829293
464,118,0.01942589257118773
121,413,0.019413905695818644
7,531,0.019374952764450004
464,38,0.019363199550125963
499,247,0.019338943100181492
499,23,0.019327128824331487
565,233,0.01932480334632538
12,213,0.019324142402678438
189,380,0.01931055576568555
499,508,0.019296616433204516
12,5,0.019284419923883626
121,364,0.019284346339566716
382,165,0.019266767970371572
7,398,0.01924967960590209
189,134,0.01923520213193607
431,62,0.019225955753365588
189,638,0.01922529495765605
464,117,0.01921592169890286
431,389,0.019209306520770582
47,434,0.01920794986112664
381,39,0.01919368421590616
415,624,0.01918517561355369
420,89,0.019161175828550307
523,72,0.019159173766876498
464,484,0.01914330005664476
189,155,0.01913215545561967
431,596,0.01912598001445191
189,643,0.019111704397439824
523,62,0.019098206613619773
431,118,0.019090390878144597
7,21,0.019069617907996626
189,132,0.01904995967539518
431,120,0.019037850153136762
7,594,0.019022034322356874
12,427,0.018992246900705615
523,54,0.018991784423169313
165,642,0.018983706768363577
381,331,0.018942039014859375
165,5,0.018941651237089196
420,469,0.0189314844065685
121,123,0.018901995938874223
381,532,0.018871697794604406
270,654,0.018861067004293502
415,68,0.01885496320049736
12,171,0.018845200017163728
464,314,0.018838861298914402
121,651,0.018828538744925787
7,571,0.01882630495695658
165,527,0.018823421355445992
382,249,0.018804684207301976
431,117,0.01879869016505026
431,612,0.018795383980711757
499,171,0.01879288268959753
270,43,0.01874081727590988
499,470,0.018720488688459668
165,395,0.0187161963098783
165,23,0.018709110378973343
565,192,0.01870093261441402
270,156,0.018668922071291692
431,314,0.018647250330511747
415,477,0.018621179704951304
464,413,0.01855121425839433
270,532,0.018534957275820992
165,328,0.018520187664778517
47,654,0.018519752411612002
47,128,0.01851305879151536
415,278,0.018512178942313356
270,165,0.018507361995899654
165,138,0.01849162702300269
12,512,0.01848306229102868
47,39,0.01847304635643226
523,427,0.01846816466006083
47,296,0.018466062818634412
431,265,0.018459145085262422
565,351,0.018426406985584984
565,252,0.01840842926519806
12,631,0.01840575564640702
47,213,0.018361346079530272
12,470,0.018297182917179532
7,165,0.01827658253090054
189,159,0.01827565959874667
565,314,0.018224321015149553
270,5,0.018207002371705326
523,120,0.018188797607827746
523,360,0.018185347519672827
523,645,0.01818266584175854
189,209,0.018180929451394812
270,39,0.018171655726879385
12,428,0.01814705804325248
165,482,0.018118425505454998
7,563,0.018101039666046575
415,77,0.018066285056981456
165,54,0.018062505021308583
12,43,0.018058895375249163
121,562,0.018046422449773517
7,79,0.018026128253125082
415,532,0.01799888076530535
121,51,0.017994720085178984
47,644,0.017917549776259922
499,624,0.017916569468203813
189,39,0.017891565160716157
270,674,0.01787859997893687
420,39,0.017873655609726848
12,296,0.017870005200878433
382,390,0.017852649579706566
7,301,0.017850832714342832
499,427,0.017834025320508436
464,200,0.017776140007209312
7,134,0.01775025021689196
12,120,0.01774492487930619
523,494,0.017743487977132193
499,469,0.017742161962865374
47,314,0.01772865791447326
12,405,0.01772401338795118
499,77,0.017714179551191877
12,30,0.017698598603348794
431,138,0.017697255697632624
270,646,0.017679419266117952
121,20,0.017676534817335565
121,209,0.017673729598861654
165,67,0.01767286473961778
189,482,0.01766011710289856
7,296,0.017654408553733642
381,117,0.017624271407220844
382,314,0.017615287952308895
523,161,0.01760268327489935
381,650,0.017589836732033584
415,469,0.017583858868500123
270,556,0.017524825613204415
381,151,0.017514571448666912
121,314,0.017512660664238528
464,644,0.017507005039686593
415,156,0.017462538280835823
7,50,0.01745958110693007
47,360,0.0174241876836379
523,577,0.017415777114137897
7,532,0.01741407733331743
12,68,0.017412116788269275
415,249,0.01740130155806625
165,290,0.017399237728547356
7,156,0.017397444715746706
47,666,0.017381672934734204
431,209,0.01733533216940053
165,556,0.017303722228768255
47,594,0.017274223328770714
381,395,0.0172520695637195
431,371,0.01723660763237569
165,69,0.017233691045547412
47,351,0.01723265217580973
523,134,0.017221408125924032
523,288,0.0171511136120479
499,252,0.01714890507935357
415,30,0.01713939108055963
382,331,0.017127980086134403
420,278,0.01710488905250982
420,132,0.01707700444166022
431,670,0.01707380599537323
523,5,0.01706499816379673
382,86,0.01705913668208587
165,151,0.017011005774759214
47,138,0.0170026216323526
7,674,0.016995225190173234
47,356,0.01699046907659215
499,192,0.016984633008928857
270,267,0.01696602256207481
270,356,0.016959454149779042
523,155,0.01695283045777578
523,35,0.016945274625563025
47,596,0.016930526665333685
523,331,0.016929680385200943
565,596,0.016925265026490523
464,213,0.016923176024132486
189,579,0.016888617954573713
431,213,0.01685987528735623
420,23,0.01683688981366709
565,77,0.016829880268294618
121,192,0.016811960752516765
499,405,0.016803434268689226
165,413,0.016763584485715837
47,389,0.016751277254004146
431,68,0.01674092125710416
420,650,0.016713425569515643
382,118,0.016704525282831496
431,278,0.01668479876337555
7,501,0.016676253770410383
523,123,0.016674260353047053
12,321,0.016673282143012218
12,323,0.01667043217707549
431,20,0.01664561063749122
189,252,0.016583987947710953
415,459,0.016565074371375676
121,360,0.01656404562947768
523,469,0.0165607247607617
382,67,0.016560445334462263
464,405,0.016552655665569134
499,638,0.016543647040089184
7,5,0.016500180026171683
7,666,0.016493985645872223
415,86,0.016479657090293948
420,364,0.016457223757383357
382,655,0.016456050984804217
431,482,0.016441073734880903
165,501,0.016427145939580435
415,650,0.016419218782503582
499,39,0.016399377330096825
165,631,0.01639109841748829
270,79,0.016381834399507605
499,201,0.016381745006687723
381,314,0.016365614307362615
381,469,0.016349007275947555
165,200,0.016338559401630932
121,278,0.016335509829455645
7,340,0.016332253753079565
189,67,0.016328977088660435
499,317,0.016326347430526342
165,79,0.016281492099690507
431,200,0.016275589926802128
415,171,0.016262481186101813
431,67,0.016245431506939852
12,646,0.016241676746345735
420,314,0.016228603297735615
382,98,0.016227455183231237
499,413,0.016209811495133366
499,569,0.016193100751655237
499,132,0.016146722802113687
121,331,0.016145847060987404
7,645,0.01613945461623568
415,134,0.016104613506013152
523,390,0.016091615390283268
381,482,0.0160896284783684
12,55,0.016081203708267166
165,634,0.01608008980630724
47,477,0.016072932200150696
7,331,0.01606046708960754
47,563,0.01605977768030203
7,46,0.016054569696910326
499,517,0.01603868083790592
12,155,0.015998195835339526
381,67,0.015991723456209295
12,161,0.01598885936775432
189,314,0.015984372930881525
7,29,0.01598361066272933
12,138,0.015963086985799027
270,563,0.015960896717508964
415,571,0.015879875581500398
165,38,0.01587801678374508
165,50,0.015846773468692777
415,395,0.015844157787412282
464,654,0.015832217464386636
12,200,0.015814309191233406
121,555,0.015764801406450233
431,418,0.01576240300497417
431,151,0.015750055171776186
121,288,0.015741099542646738
189,666,0.015709477685635187
382,171,0.015707295158027466
565,67,0.015700372710518985
523,546,0.015668360077841045
382,638,0.015660358131585197
7,233,0.015642529274849836
189,670,0.015625686179364662
47,123,0.015613764864752421
12,360,0.015606107428035813
523,644,0.015582313186412032
464,5,0.01557610606000624
270,364,0.015573822569463495
523,233,0.01554803969421318
464,624,0.015507981654334552
7,117,0.015488341956076403
189,5,0.015470435551881743
7,428,0.015457969405986855
12,580,0.015452515837879202
121,233,0.01544429757646641
189,364,0.01541719982771504
270,67,0.015391941989403635
270,51,0.015362796877652459
270,68,0.015315686082293051
523,407,0.015309609755673234
165,86,0.01530587899322359
382,428,0.015284775724543773
523,599,0.01527043497088144
270,624,0.01525866110502539
523,175,0.015251451627656726
565,201,0.015248257882396896
47,288,0.015243550420718219
382,233,0.015160426194790105
381,120,0.015096319885225048
7,612,0.015085546835895875
121,644,0.01508039793414461
431,624,0.015067013707343199
165,278,0.01503836308962759
7,249,0.015024722042558822
523,249,0.015009590306069177
464,364,0.015004790929576113
415,200,0.014959411285945632
420,413,0.014916424848243062
7,568,0.014891827975819049
523,612,0.014842517724322506
431,644,0.014774811517063158
270,643,0.01477026089802507
464,249,0.01474212292175332
464,288,0.014715047150695595
7,69,0.014711457192210568
7,201,0.014689622027085037
189,532,0.014685959284162345
12,28,0.014676651873541613
189,165,0.0146480414526203
270,233,0.014627024018978028
7,23,0.014549326622566972
47,532,0.014548833793620838
382,68,0.014529927699048331
415,427,0.014527260146724928
420,51,0.014514857892019093
499,120,0.014500424572096833
7,175,0.014498150586631633
464,89,0.014497494348496672
165,123,0.014467683524636251
165,39,0.014451939881792912
270,120,0.014450521036793758
415,211,0.014426780048644875
189,68,0.014376453933704323
523,356,0.014373846234784575
165,192,0.014352545155993558
415,117,0.01431855667589471
270,331,0.014315558667012736
12,657,0.014301535695608726
382,23,0.014282682445036344
420,288,0.01427150897881484
415,428,0.014262477023058572
420,77,0.014258934498475125
565,577,0.01424045559037523
523,428,0.01422980303869081
189,171,0.014225878859477936
381,380,0.014215188572274775
270,314,0.014211596472529254
12,201,0.014170443226877662
12,634,0.01416854099571568
523,638,0.01412917996397873
47,79,0.014107854278929435
189,201,0.014106070980975943
523,86,0.014105409371069761
165,356,0.014081546771025653
165,650,0.014070934970809145
381,670,0.01406983565365643
381,413,0.014058933605496397
499,650,0.014031907160877167
270,20,0.0140055802886443
165,35,0.013972630656657055
12,670,0.013964254038480709
47,380,0.013953665323572333
420,38,0.013936095005143333
12,413,0.013935168274041423
382,631,0.013901327411882186
165,493,0.013900374016803864
523,568,0.013897776181824346
47,132,0.013892871478398806
431,331,0.013865315467983936
165,51,0.013831024301265014
270,86,0.013826684212509028
382,371,0.013820629648626844
382,555,0.013791649190328862
7,380,0.013786003936005249
464,77,0.01378510790007301
47,501,0.013775951856958159
499,38,0.013773833380156232
415,67,0.01369178320821364
165,562,0.013672116135818011
165,546,0.013663612259239746
499,156,0.013651686383387979
165,427,0.0136352963996291
270,380,0.013634332240390278
382,596,0.013609720806910466
7,555,0.013592720669782945
165,314,0.013589964771056624
121,5,0.013571937514118946
431,51,0.013558804788223532
523,674,0.01351576065092845
165,643,0.013512191005762255
382,579,0.01348074182072289
12,380,0.01347491788797649
189,360,0.013446665197318372
12,38,0.013446035784908326
381,171,0.013435329244264245
565,413,0.013424353983560702
189,233,0.013424193340040953
523,201,0.013416145340641058
420,571,0.013395787651206807
121,650,0.01339358532237326
12,249,0.01334366798600717
165,389,0.01332355399001714
523,278,0.013319146241195534
270,477,0.013300785484419987
165,118,0.013276548441791306
565,171,0.013268271505068766
165,132,0.013244522029842321
121,389,0.013231063250642326
270,123,0.013228174144952304
415,23,0.013218881334018929
47,67,0.013209757630320182
415,201,0.013155203622827117
499,86,0.013152598474467215
464,580,0.013140047055805449
270,645,0.013127599374852526
7,364,0.01310085136541234
381,643,0.013072597506185585
270,389,0.013049519141167353
431,323,0.013020544847983494
382,43,0.013004124289161211
420,67,0.012999507655821764
165,645,0.012953448722132185
499,117,0.01290032783028631
165,265,0.012897914116502351
431,638,0.012884985956517714
121,55,0.012874526516298501
7,482,0.012858501098644197
7,360,0.012851103978533859
270,278,0.012843230907422362
565,278,0.012836484356830853
415,165,0.01282593232829552
189,86,0.012810242131206346
7,266,0.012757020302442778
565,364,0.012756921649104441
121,501,0.012721763485631183
415,20,0.012721660087190051
499,331,0.012711999832039808
464,165,0.012673009428710441
523,389,0.01266808663813571
189,624,0.012635011157665696
270,55,0.012623319053612714
165,532,0.012606870068167818
165,120,0.012598374071973503
121,638,0.012563920549391948
499,380,0.012541940073520698
165,317,0.01252663300688677
499,35,0.012498698402630796
47,674,0.012490161054900532
12,571,0.01245732361781317
270,77,0.012424266139173152
464,477,0.012411036652499497
12,469,0.01239027565347011
420,351,0.01237939905235925
189,77,0.012378709650350761
165,72,0.012364511049788411
523,654,0.012306856769407305
381,360,0.012225289320208912
523,594,0.01220982631728887
381,55,0.012198187329245172
189,501,0.01217030837573956
499,68,0.01216992399608528
415,670,0.012168442239079652
270,252,0.012158526027200247
47,233,0.012151839841106033
189,323,0.012150843034794807
431,413,0.01214763791418227
47,624,0.012144566478184925
431,577,0.012126984004178172
431,556,0.012069787801182716
7,213,0.012068544103823473
499,55,0.012061047191383
523,371,0.01204503535924903
523,579,0.012030945697757051
47,371,0.012030908836161286
415,209,0.01200522891040783
270,118,0.011962668820243202
464,571,0.011956368791165071
7,418,0.011943578883530329
165,469,0.011927158033313751
523,580,0.011896416846483975
464,645,0.01188461992991135
464,532,0.011861882752140545
431,434,0.011827611508296726
431,317,0.01179988881345951
415,252,0.011784243677979868
382,155,0.0117786473560142
523,655,0.011766382770718974
165,156,0.011683001576958419
165,30,0.011660408173082603
382,252,0.01165512403749986
523,38,0.011645082606157138
523,171,0.011628349711278772
189,434,0.011622532204777833
270,201,0.011568076827210637
499,249,0.011563322954683779
431,39,0.01154312807359705
499,670,0.011519216393009202
12,364,0.01150776974713277
7,288,0.011476129904219732
415,644,0.011424652993630496
382,571,0.011422386671526832
523,493,0.01142185789294006
499,43,0.01141744300887752
47,51,0.011416373113457277
7,657,0.011358041818719258
382,389,0.011346108681385277
7,654,0.011288546107487925
12,624,0.01128081266421484
523,364,0.011274440106796322
464,86,0.011242028632510191
420,117,0.011231191200127562
165,268,0.011221039309443862
7,278,0.011211373635457073
165,390,0.011209248676847703
7,624,0.01120507069562742
523,55,0.01119172969384268
7,171,0.011183603064645095
464,389,0.011176112373475242
523,79,0.011175914631375792
420,501,0.011151583406238681
523,89,0.011147159646561886
431,657,0.011145796794245608
165,213,0.011095730375649614
7,89,0.011082257187118577
165,201,0.011059305584925194
523,68,0.01105509038576438
523,77,0.011052742102356648
523,405,0.011050084306887174
121,200,0.011042035839304312
7,123,0.011037159697894828
415,434,0.01099412859936073
499,577,0.010989068852925136
523,323,0.010985398786936591
431,201,0.010974977628130671
165,624,0.010934076194887737
7,577,0.010899480223373875
523,418,0.010894945119667076
499,644,0.010892364785359652
270,30,0.010881487784458712
415,159,0.010868725591146496
499,67,0.010863180985091264
431,233,0.010835425432422397
12,674,0.010832967582339178
499,20,0.01079705300984842
499,395,0.010779337699669964
165,249,0.010769346149810205
7,371,0.010751797153258082
47,46,0.010751686066763614
189,650,0.010721267224256831
464,98,0.010707667075987711
415,356,0.010690759529395077
565,434,0.01063173215188381
165,331,0.010600045795602952
121,201,0.01059003247140447
523,631,0.010588644192290426
165,98,0.010565214831214803
499,371,0.010559535299665206
12,67,0.010555687195396155
7,268,0.010498187610753404
523,13,0.010427359041238631
189,249,0.010403676649484671
415,43,0.010392163802510639
499,51,0.010382077048626353
270,482,0.010333503025952526
189,331,0.010271697107291094
12,501,0.010246662111771214
165,418,0.010240666198150521
7,86,0.010226299996336749
165,288,0.010139774056747024
7,405,0.0101265504614491
7,317,0.0100883517323732
189,23,0.010015009532348093
189,644,0.010007636312878645
121,28,0.010000587278048199
165,470,0.009998238726190989
523,643,0.009990693481934139
121,249,0.009990348826010038
270,117,0.009988481795594834
121,77,0.009980968670946317
270,644,0.009961863048018105
47,5,0.009961110446655206
565,638,0.00995948532527382
47,252,0.00995120869620896
415,674,0.009916125022860364
165,146,0.009890734194496232
47,77,0.00988217770249959
121,86,0.009870399857069376
523,67,0.009855514453306595
270,571,0.009834307679316376
431,571,0.009789630890189282
415,380,0.009741952246097191
165,55,0.009688672619664452
523,670,0.009632859462251323
189,38,0.009559838402430644
12,278,0.009550283721489986
165,670,0.009494148778174437
523,317,0.009476269517851937
565,428,0.009398156386970643
415,360,0.009357839615945654
420,209,0.009349131898679863
431,645,0.009305394893818634
382,79,0.009280845243030448
47,571,0.009264978868161656
12,314,0.009217511058636631
47,86,0.009199036000076892
270,670,0.009168159274223611
382,55,0.009153540948468725
270,98,0.009071428490783946
7,67,0.009033241542735215
47,20,0.008971068136710308
464,134,0.008937635581187434
464,650,0.008935758442289062
7,389,0.008928270431954464
7,35,0.008913739054402332
7,155,0.008912833227612492
382,532,0.008902014349331393
7,413,0.008796131919406812
415,413,0.008660775505555754
12,654,0.008607363411525681
431,77,0.008590036971977657
415,643,0.00858859435469244
47,249,0.008585333714081747
12,331,0.008583550333151875
165,43,0.008577355036172806
7,55,0.008555268598706587
12,23,0.008539637029833208
523,314,0.008518595496915573
121,118,0.008497604682731953
381,644,0.008482187176784695
565,39,0.008453108478576643
420,645,0.00829306036223798
12,650,0.008226466473102217
499,364,0.00814088681852536
381,317,0.008136383124650114
431,364,0.008049345449320233
189,371,0.008036377420017967
464,278,0.008025878247399568
189,654,0.007957352381843717
523,200,0.007910201335491245
499,278,0.00789320445995531
12,389,0.007888583114862341
415,39,0.007840497633853498
7,356,0.007836839178677751
165,571,0.007761333766264608
420,380,0.007749918368951816
165,644,0.007719833246255629
565,418,0.007547453213807922
464,638,0.00753997832136793
523,98,0.00747352821561979
464,501,0.0074280597412167155
7,77,0.007402687619023022
464,670,0.0073704605865346495
420,200,0.007311241474671694
47,68,0.007210596574101879
12,20,0.007163808677680161
270,501,0.0070053523612780486
165,434,0.006983500066493158
165,405,0.006920302510686243
420,249,0.006910347663080122
270,405,0.006884897004486689
382,39,0.006879260691625726
12,532,0.006828576792123328
7,580,0.006784024205455909
382,501,0.006772675381803942
420,532,0.006743830847794598
47,650,0.006685525608465515
415,79,0.006683235589313925
7,209,0.006675409236330047
7,314,0.006626700542356631
565,571,0.006473826010280761
464,20,0.006371126337926166
47,418,0.006365611086529147
523,482,0.006231833595596642
165,360,0.0061326397255930965
47,331,0.006089122841545697
7,434,0.0060884089009854035
7,351,0.006014379610914356
499,418,0.005915181797890091
7,20,0.005908972407159914
381,434,0.005879330083009747
47,413,0.005801133145679195
165,380,0.005784472319794855
47,670,0.0057666679672703615
12,233,0.00567756587194601
523,624,0.00544159101798496
523,380,0.005428593645657813
523,434,0.005206783271669484
12,645,0.005145746022231059
431,501,0.0050696466189281775
165,20,0.00488403329693591
382,645,0.004738525476678435
415,645,0.004649718002586009
381,654,0.0045929778868890785
523,20,0.004521905444325688
12,86,0.004183086925384568
464,418,0.0038947572584411587
499,532,0.003703998065355579
165,371,0.003689977897632974
7,638,0.0034732018147320765
381,201,0.0032055439632979825
7,51,0.0031723263049082203
47,638,0.0025066538846606197
12,434,0.0018304066211898278
420,670,0.001774954941130498
