700,1000,1.0
700,27,0.8228608724156121
700,1047,0.7571417881267604
700,710,0.6727069461012465
272,805,0.6724701600381462
700,851,0.6500312955939095
272,817,0.6336915079844829
700,395,0.6300744774295921
290,595,0.6177125542452478
272,487,0.5881370822450206
1106,425,0.5769540360426257
700,807,0.5752043924651321
272,230,0.5409042283187695
272,1002,0.5354872254465873
272,1080,0.5255935141247075
700,497,0.5241514830383185
700,834,0.5209990111904419
700,141,0.5204267230842337
700,540,0.5128412469977823
272,723,0.5050888254915645
272,287,0.5004716968530739
272,371,0.49412780558011926
272,389,0.48089063587148717
290,167,0.48078290076016483
272,1049,0.47932894569489015
700,623,0.47650197903510183
272,87,0.4740658435782463
290,94,0.47259648344564387
272,182,0.4695133498413714
1003,152,0.4682542415405769
272,828,0.46499203578188275
272,571,0.46430439409762114
700,4,0.4643013156793887
272,557,0.46254242294613773
272,377,0.46043441030484655
1106,795,0.4580655243106387
272,51,0.45689130219453294
700,808,0.45545886673177344
272,605,0.4535811506588378
272,616,0.4494831501100595
700,278,0.4483632579944446
1003,1004,0.44413135421311084
272,1064,0.44225282010010714
272,786,0.4404416587372707
700,1015,0.4376027621750043
272,450,0.43530345656350017
700,168,0.4341628774511034
1003,537,0.43406066174085545
272,224,0.43032667147981385
700,24,0.43002377107490203
1003,129,0.42689397626834186
1003,304,0.42657245056053417
272,528,0.42594949573095664
700,64,0.4232991384760928
1003,500,0.42265146469534465
272,1119,0.42072788635380587
700,593,0.4189782283401973
272,286,0.4143689336141251
1003,318,0.4129448431126046
272,772,0.410529613346987
700,1094,0.4074858198011905
267,440,0.4059181720438855
1003,715,0.4051446809353775
272,66,0.40505461371137236
272,150,0.40415125291562437
272,695,0.40235654394836823
700,3,0.40170697456953797
272,612,0.40149497039423204
1003,506,0.4000894705157222
272,563,0.39434566177021724
272,1005,0.3937963808991506
1003,966,0.39185705797643755
700,766,0.39087804545321453
272,878,0.3908602913678194
272,252,0.3908095184562196
700,652,0.38972111096951406
700,95,0.38813082273119937
272,833,0.38749310661274977
1003,1025,0.38655203466883264
272,275,0.3859568907546321
1003,175,0.38557127839969657
974,1107,0.385457659781881
272,475,0.3834346787358084
272,458,0.3829237215046048
700,581,0.38206668705204877
272,434,0.379715928354435
1003,205,0.37885434208778046
700,194,0.37880109528823047
1003,1094,0.3784732788683605
290,299,0.37638003095810163
700,1025,0.3733705652352797
1003,263,0.3732139410235453
700,990,0.3709864143561483
1003,246,0.37085369599467927
974,723,0.3662899729955925
1003,37,0.3661503097378665
272,223,0.36605585723382583
272,137,0.36531426706060455
700,129,0.3631430307147336
700,500,0.3616399158955714
700,132,0.36106870642772465
700,205,0.36041636894997675
1003,132,0.3600381995331626
700,341,0.35974189115103766
272,189,0.35466863765174694
272,891,0.35403453178535466
272,29,0.3537557764954195
700,846,0.3512802333765887
1003,581,0.3511864842727355
700,56,0.35075468307012214
974,1019,0.34911462335022936
700,505,0.3486892949119235
974,272,0.3483495745590631
700,914,0.3480655666486362
267,838,0.3471029734744758
974,223,0.3470626797998789
700,537,0.3467117006920585
272,1124,0.34559990675222896
1003,194,0.34473882635359676
1106,292,0.343833913909034
700,317,0.34359970593177125
974,371,0.34087803880030587
974,189,0.3406313156922375
974,776,0.339879974941335
700,533,0.33929279818760083
1003,807,0.3386660995485886
1003,190,0.3329634635830721
272,217,0.3326616937260561
272,935,0.3320407352005125
272,761,0.3313391404370469
272,153,0.3309718140529167
272,542,0.32922264902089116
188,163,0.3285379725047066
272,954,0.3285323774331408
974,828,0.32610888297555046
974,182,0.3251855537768712
272,146,0.3248054732997074
700,190,0.32360798198513563
272,662,0.3234631967220627
188,117,0.32341652422346306
700,1003,0.32248516631859736
272,1044,0.3224385099936436
1003,631,0.32225502675643647
272,839,0.3221237253044219
272,1019,0.321701653183822
272,293,0.32151428225313855
279,723,0.321411054574659
700,200,0.31994280036508616
700,453,0.3191334743448895
188,747,0.31851510113497916
1003,453,0.3182091847690966
272,544,0.3168572444027574
272,254,0.31684207951543614
272,974,0.31680423496069093
1106,1116,0.3167104943950982
267,407,0.3159438358984239
1003,141,0.31388831679153983
974,1119,0.31248318160555344
1130,462,0.31247781527998786
188,906,0.3116898166420876
700,477,0.3114372850633716
700,152,0.3112959938593253
272,1107,0.31114328979291955
974,1049,0.31079400995620293
1003,980,0.31006904144988046
267,102,0.31003598723297154
700,531,0.30981607760119584
1130,1036,0.3094690514763087
272,1083,0.30894377239373766
1003,700,0.30824053250763733
1003,110,0.3078944626515784
700,801,0.30787730008939934
279,1119,0.30784635443065406
974,850,0.3075162464385354
1003,0,0.3073846523698316
1003,79,0.30467878923376757
974,252,0.30415094506746726
272,345,0.3038909842868664
188,635,0.30362112238475425
272,92,0.30345023791659537
188,886,0.30326488782277716
272,868,0.30210896498507167
272,378,0.30201310751356436
188,275,0.3018480713403133
279,146,0.30141048994293934
1003,692,0.3009666157929754
279,805,0.300867739528296
1003,380,0.30059028185660297
290,671,0.3005525228282429
1003,5,0.29968473485656544
1130,967,0.29956305294522784
1130,925,0.2992934946762246
1003,99,0.29893036976165127
1003,143,0.2976315484634163
188,374,0.2969404970028261
272,862,0.29639777149883956
1003,24,0.29609856251506833
974,285,0.2960457884311722
700,479,0.29594666419850707
188,1083,0.29584393346214777
272,285,0.2957884787368553
272,268,0.29545505951161494
1130,546,0.2953423422254059
974,578,0.2952656301814295
272,836,0.29478477800772535
700,1109,0.2943314448271628
291,310,0.29403366965124955
188,209,0.2937260790635711
279,182,0.29321649868778166
272,387,0.29287555987466496
1003,844,0.29257904577221755
272,391,0.29172747287650735
700,355,0.29164263029098264
1003,824,0.2914273368668472
272,776,0.291426393932117
974,557,0.2903573593755825
700,966,0.29028764673983676
279,230,0.28999725798642095
272,906,0.289932312653807
1130,518,0.2896609754374288
1003,395,0.2893211081529196
1003,921,0.2883598723175683
279,528,0.28835038938556795
272,367,0.28832098706715376
700,304,0.2882500535770726
188,935,0.2881963752201239
974,476,0.288065908429163
1130,35,0.2876285758851612
272,1060,0.28532317389747097
974,92,0.28518215987065293
974,954,0.28485461481383106
272,850,0.28481306081342284
700,18,0.28474784873183584
272,307,0.28456230027872004
700,1120,0.28425038708014655
279,371,0.28370098394453663
272,598,0.2836040706503055
1003,845,0.28316162770866754
188,254,0.2831014964744879
1003,1001,0.2828060688172348
188,458,0.2825116207173577
267,562,0.28240746504045233
974,605,0.2822101647102486
279,66,0.282095899398346
700,685,0.2809771885203979
272,803,0.280570199041095
974,36,0.28053021591042376
188,908,0.2794823564772966
1003,457,0.279189860381005
188,519,0.278912488456211
700,815,0.2781604500106668
272,986,0.27771846619829654
279,833,0.2772874507113111
279,1019,0.2771821334873222
1003,559,0.27714901946033593
1130,253,0.2767362955815432
700,844,0.27617848392316796
700,980,0.27606813745878933
700,524,0.2759053068016401
974,805,0.2756431920476481
1130,877,0.27462712451048193
272,426,0.27450554805125754
272,635,0.2736825484829265
279,828,0.2727949683175536
272,476,0.2722653913942468
279,878,0.2718864710762124
188,772,0.2717632994262972
599,244,0.2716098296729845
974,146,0.2714576654411996
700,631,0.2711111613501829
974,662,0.27085593988897233
279,223,0.2707598414569235
1003,558,0.27066985263322546
279,476,0.27042392424838885
974,1080,0.27036063254887566
1003,757,0.2702569868546643
1003,381,0.2701608836531789
700,1095,0.2701356477137884
1003,3,0.2692224731775739
974,761,0.26917526032319233
188,1060,0.26850627506613844
1130,327,0.2683211683027058
272,515,0.2682327077817787
272,988,0.2681891506674948
974,817,0.2681662266033117
272,308,0.266326127458674
700,178,0.2661617025571539
188,786,0.26508460277257084
279,817,0.2644437618614944
1003,1120,0.2642213708121348
974,1056,0.26391168101813534
272,611,0.26372547508850674
1003,969,0.2635134770456041
1003,64,0.26336076296038896
272,36,0.26312626106608555
1106,280,0.26300181108489284
272,383,0.262527162004885
700,797,0.26188782899426993
974,563,0.2616995451753449
188,320,0.26168782974232735
279,1002,0.26158761021434346
1003,199,0.26146918802417596
188,192,0.26122232724343303
974,986,0.2610284767764701
700,948,0.26073884640554384
974,208,0.26033409487298015
279,761,0.2601349142158705
974,150,0.2600859282227559
974,279,0.25937025466850216
279,224,0.25924752504939713
188,293,0.25903013786554957
700,1001,0.2589631178320889
272,192,0.25889104196234797
279,450,0.2585222048746423
188,345,0.25847136287933675
974,544,0.2584649231726925
700,562,0.25841318198881613
272,260,0.2583423573720275
700,81,0.25769747699419265
279,1049,0.25755832475724816
279,605,0.2574863888691366
700,518,0.2574686967768847
267,174,0.2571631916984956
1003,609,0.25691685093226
700,921,0.25688454095659513
272,600,0.25667174430504636
1003,322,0.25587457275890574
1003,570,0.25586646422452924
1003,798,0.25579597805206256
1003,179,0.255699114919428
700,575,0.2549967825772923
974,522,0.2548954477274195
272,163,0.2546082921524745
1003,780,0.25438267001237735
1003,746,0.2539130937801443
1003,518,0.253887139681691
279,566,0.253408261094079
974,87,0.2532962498396109
279,87,0.2531578461311184
974,230,0.2526588565849515
279,850,0.25216735981351535
290,573,0.25212951755746327
700,826,0.252011837951998
700,1004,0.251829254008577
272,120,0.25161698305257174
974,1002,0.2513141872640878
1106,225,0.2512019273789846
1130,911,0.25091620151648814
1130,106,0.25083814240381436
1003,1023,0.25078804321108245
1130,113,0.25075015714871673
1003,626,0.2507400566420557
1130,211,0.2503629684404823
700,633,0.25023893831296884
1130,52,0.24989101067455868
1003,945,0.24945008174725128
700,1014,0.24921446846047104
272,908,0.24918454658665445
974,29,0.24917948503259044
974,268,0.24913121363718083
267,178,0.24910920852283558
700,380,0.2486219534051606
188,286,0.24848082044798636
279,272,0.24843122376947332
279,285,0.2479220643553885
279,153,0.24786337293585461
1130,633,0.24774394355245466
1003,1022,0.24756399851168548
291,404,0.2472200872169646
974,878,0.2470399598851305
267,645,0.24692787406750677
870,803,0.24647221897682847
279,974,0.24645364694330638
1003,1047,0.24632301085609504
700,692,0.24602164257406486
700,506,0.2458129951930162
279,189,0.2457541875995898
272,1013,0.24560862322098448
272,937,0.24556572348329517
700,1106,0.24543974245966552
700,456,0.2453314153625591
700,654,0.24504158091278497
272,438,0.24467286874107047
974,66,0.24440104408735047
188,1124,0.24426260824323637
700,263,0.24408143609376895
1003,638,0.24389024448155114
700,944,0.24346117179141982
272,1050,0.24311977578928046
188,387,0.2430937039624511
279,36,0.24267123721624742
974,528,0.24264473816083454
1003,204,0.24263972504847828
291,3,0.2421003419169708
700,61,0.24173916247615945
1003,310,0.2416999592396459
280,1106,0.2416567732357577
494,1088,0.2415924355630967
974,611,0.2411980852538361
1003,934,0.2410123852096641
974,391,0.2409286703331757
700,154,0.24066601028168835
279,986,0.24058176093834313
272,615,0.2402951667805122
1003,576,0.24024950744088522
1003,294,0.23999047405778576
1130,407,0.23977008598595864
1003,886,0.2395949708345646
1003,317,0.23928616388813506
279,367,0.2391724879310875
272,578,0.2389319816572829
1003,1000,0.23857459074901158
279,217,0.23855199518510165
272,1042,0.23848184117838012
279,150,0.23843143813002657
1003,652,0.23829589314572733
974,487,0.23826199332634215
700,985,0.2380301417364049
700,204,0.2379788537151372
279,1107,0.2377469313460938
1130,2,0.23766590152956282
974,833,0.23758419018932683
974,894,0.23755099280900904
1003,895,0.23749874705742283
1003,154,0.23723438367313188
1003,549,0.23711014534320177
1130,177,0.23705514505999267
1130,665,0.23698729113336425
1003,741,0.23697263518579761
272,522,0.23660099441933966
700,246,0.2365886632199889
1003,808,0.2361862462572275
272,471,0.23612699650337038
279,616,0.23577932887778355
1130,369,0.23573622552733153
1003,363,0.23550937320889606
974,217,0.23531076813386798
279,392,0.2351470891810168
188,695,0.23507197718462702
1003,876,0.23486923709821542
974,224,0.2346545332208155
1003,1015,0.2341665347212627
1003,180,0.23387530053678143
1003,28,0.2338243121403981
279,612,0.2336365340109196
1003,637,0.23361166090201854
1130,820,0.2329927651410965
188,389,0.2327648536409932
700,811,0.23275246531717178
1003,455,0.23211010849185906
599,1130,0.2316767043909563
700,143,0.2315499194085428
974,260,0.2314521077406834
974,389,0.23140665301189717
1003,341,0.231226632614828
188,229,0.23105603753287768
267,89,0.23083533799541403
267,462,0.2306714826096397
188,575,0.23052261268433294
290,340,0.23041375925176774
272,30,0.23040213328973266
188,283,0.23029866409122018
272,1081,0.23022299946083483
188,687,0.23007811886085197
272,106,0.229906177293098
279,434,0.22985553721906413
279,776,0.229832926115624
700,798,0.22975199771277488
272,38,0.22973674973670521
1003,181,0.22972743698207054
1003,644,0.22968878577416996
272,575,0.22945605192143756
700,900,0.22942837768270113
1130,941,0.2292464014488606
1130,910,0.22916972303454
272,513,0.22888558964505545
700,267,0.22885711287880858
700,746,0.22868275108846187
1003,27,0.22855657641863206
974,612,0.22850542011339392
974,600,0.22826871446131355
279,703,0.22825948737840887
279,92,0.22816598252793982
279,252,0.22809641389806518
272,1112,0.22805241571730384
267,967,0.22768399093165836
1130,310,0.22751377189244912
290,777,0.22746975640147413
279,527,0.22736335613662567
700,99,0.22722375264000325
974,494,0.22722164228308706
700,310,0.22701556289274524
1106,531,0.22694664685292967
974,546,0.22670075344500346
1130,266,0.22595147224279327
272,1056,0.22561879926681494
279,287,0.22537964077093445
267,531,0.2250929939400067
700,414,0.2250334557101784
279,487,0.22500865308439985
279,29,0.22497334194744287
1106,161,0.22470679866453896
267,1015,0.22446000622384996
279,557,0.22432512640496952
291,967,0.22432242603148178
700,444,0.22421840443776034
700,757,0.22413042294266847
1003,127,0.22404889437999617
1003,721,0.2240400165282185
700,340,0.22402805764177572
1130,599,0.2236349344437834
1003,990,0.22342590788033842
188,471,0.223311284555993
272,195,0.22296447020633495
974,542,0.22289985562540815
267,945,0.2228779561579347
272,639,0.2228151827944707
272,580,0.2224071844152189
700,690,0.2221775597859884
1003,103,0.22207610658158874
1003,297,0.2219822650967235
974,195,0.22187598104730927
700,110,0.2218167426368543
700,67,0.22162881178210384
700,1059,0.22154270885636326
188,615,0.22146600690146306
700,318,0.22131359465382217
1003,75,0.22102416796459232
279,542,0.22097177765358175
267,211,0.22078725353786766
700,161,0.22068632663549678
870,839,0.22011645558321913
700,904,0.2200144820703731
1003,1093,0.21997614846470684
291,57,0.21988948000362166
1003,624,0.21984678908559718
1003,710,0.21966579866118452
700,549,0.21963950510081792
974,988,0.21955606792252125
1003,53,0.21946506515944916
974,434,0.21933621392479538
1106,1072,0.21932921498505598
700,331,0.21930176568557086
1106,757,0.21903194474208146
974,598,0.21868928882646668
1130,813,0.21854498871168487
974,392,0.2185388230460114
700,1022,0.21817397380155293
279,268,0.21815122553379843
279,106,0.21800543041448672
974,580,0.21797248747035722
272,109,0.2179289707670377
279,554,0.2178478898204333
700,889,0.21755669982579595
700,175,0.21749362133620206
267,56,0.21739445291024556
599,15,0.2173728834612968
272,279,0.2171041316836033
974,438,0.21682527253188857
280,220,0.2167213932294275
700,824,0.21668062822083503
700,597,0.21659678455796003
267,700,0.21653402538750827
1130,243,0.2164155094218635
279,475,0.21639042066006012
1003,777,0.21595165161183918
279,662,0.21554827062330403
1003,926,0.2152612926294025
188,185,0.21525527996809868
1003,340,0.2151250398776653
974,930,0.2150874966940541
290,81,0.21479203341834688
1003,187,0.21477111183002623
279,1080,0.21474942651142595
279,308,0.214685599119407
1106,951,0.2145736599841351
700,901,0.21446706326703296
1003,1086,0.21434717358157063
1130,971,0.21434294538225823
870,935,0.21432111296428838
1003,901,0.21426071060195354
188,836,0.2141231739816998
599,351,0.21412174946456097
1130,856,0.21409486758117613
599,14,0.21372270830050796
188,1044,0.21370436372709653
700,847,0.2136252193302209
974,126,0.2133845038345113
1003,562,0.21332500343118585
291,834,0.21330249683789718
974,803,0.21278063729358893
870,283,0.212721673716931
700,970,0.21252318637669637
1106,454,0.2125219477798042
1003,463,0.21251083538672846
1003,1089,0.2123168900239912
974,1092,0.21227628505543036
1003,383,0.21225881633897084
974,370,0.2122262042026734
272,809,0.21217813010925218
870,327,0.21193399426187753
974,106,0.21191092514395343
974,450,0.21175406667807928
700,486,0.21151954802669745
1003,985,0.21143993236025696
272,1026,0.21140300739544624
1106,985,0.2112691048103379
700,817,0.21109294207810186
974,169,0.21088174367231974
1106,336,0.21083650587178568
272,173,0.21076626447560784
1106,838,0.21076020761065645
974,341,0.21061341940081343
700,836,0.21054020781619123
974,114,0.2104625879877197
272,86,0.21044046120959156
1003,254,0.21027778479438522
974,232,0.21021153828046074
279,195,0.21003059211050146
1130,793,0.21000594943699574
272,370,0.2099175949338202
272,117,0.20991722771747967
1003,534,0.2098451590654128
1003,454,0.20983981201040386
279,578,0.2095721297440789
1003,851,0.20932332482197488
272,202,0.20932330693729415
279,988,0.20900707527009468
1130,1108,0.2088842690796189
1003,756,0.20887325483017274
700,680,0.20860006806464734
267,797,0.2082938268017382
700,909,0.20791350417949428
272,331,0.20785281888948817
870,199,0.2077071136270835
1106,25,0.20767948639108708
272,409,0.20757173884159083
1130,703,0.2075322947431327
700,677,0.2075257891988503
267,479,0.20750962932502548
188,153,0.2074211582136672
272,682,0.2072909210691221
272,989,0.2072339395090861
1003,714,0.20717915442486196
188,378,0.20717383860867208
272,539,0.2070355779289454
272,700,0.20690432707468862
700,404,0.20679623198071634
974,868,0.2066107666411144
1003,290,0.20657005731784642
974,276,0.2065486994525171
1003,168,0.2063938505300907
1045,335,0.2063790913181437
272,143,0.20631768945117498
291,124,0.20628727454042947
700,1050,0.20627013862943436
1130,672,0.20621407848462917
291,726,0.20616332884507743
700,744,0.2060171449367688
188,1049,0.20592766711043362
1003,533,0.2059067473965847
870,272,0.205814558493673
700,523,0.20578590483124767
449,968,0.20569183184940118
974,218,0.20563657834028692
267,454,0.2055595823027096
188,160,0.20554666823484918
1130,732,0.205533494753342
870,1124,0.20529487826268847
1003,1110,0.2052682046500633
870,906,0.20519585343211072
272,589,0.205164427668301
272,527,0.20507237129586414
1130,545,0.2049719311940804
279,208,0.20478367477377962
974,642,0.20447344332403491
1003,292,0.204411080783739
1106,700,0.2043399083440775
599,356,0.20433982170800927
279,1074,0.20432849846187556
974,793,0.2043194287382815
188,891,0.20430468478140057
279,1064,0.2042744921812984
291,516,0.20415100960065466
700,1119,0.20406634228296594
279,513,0.20406119893876068
1003,738,0.20397969338281735
279,728,0.20379807039201256
188,611,0.2036338526703337
291,698,0.20345615300335168
291,696,0.2034257857455766
272,326,0.20335501647561896
279,839,0.2033523367448315
1003,575,0.20327693190222157
279,260,0.20320475552834796
700,612,0.20319423229134684
974,383,0.2030582601757937
279,30,0.20302647846951496
1003,685,0.20292442001402958
272,849,0.20286337327512186
700,819,0.2027285258245365
291,113,0.2025593057579828
291,231,0.20251713645624073
700,159,0.2025028786554117
188,224,0.20245266433094158
700,668,0.20241358874669166
974,1125,0.2023829819257944
291,700,0.20238126477722373
1130,413,0.20231757844677348
272,602,0.20225549059544298
700,53,0.20223473939906883
974,515,0.20209694042685583
272,903,0.20206994018566576
870,772,0.20204132154995624
974,1082,0.2017717160987342
272,692,0.20167448718114236
280,708,0.20155450100106226
700,895,0.20154025098266964
1003,142,0.20147081278855608
279,930,0.20135275373018416
700,558,0.20129540860802503
700,287,0.2012637594556248
1130,1122,0.20112481605910637
700,127,0.2010987176697151
700,272,0.20108405999397203
700,1007,0.20105997135215686
280,795,0.20100371347926665
279,34,0.2009570732830007
870,519,0.20093486990989506
599,837,0.20064230386357157
974,155,0.20053828380874367
272,870,0.20049825901939428
700,995,0.2004307134704122
1130,888,0.2003541474007364
1003,1067,0.20013486023811045
272,199,0.20006671916726632
1130,745,0.20000475408190108
279,6,0.19998651691715202
1130,162,0.19994677390898413
700,207,0.19971861585316714
279,873,0.19971397685754214
1003,400,0.1995981995630523
700,336,0.1995409988194645
291,864,0.19951162663479222
1003,720,0.199401461671253
1003,931,0.19936590767541335
700,886,0.19919008651186718
1003,178,0.19903894839817335
974,307,0.19902500379353238
272,208,0.19902411793659971
1003,77,0.19900818218778002
700,726,0.19895476585513341
974,539,0.19858525167725882
290,175,0.19853192875319445
974,672,0.19840691217681658
279,389,0.19839154157457145
1003,548,0.19830813293967808
974,647,0.19823242496973786
279,635,0.19812980500234145
974,308,0.1980671706623529
1003,597,0.198051558379536
279,848,0.19795594540066794
700,969,0.19795367783423973
700,559,0.19791503379195693
1130,179,0.19789014471978933
1130,208,0.19785165652189435
272,1039,0.19782242381444745
1003,516,0.19778156656370016
1003,71,0.19776068868223332
272,90,0.19774072032991669
974,90,0.19767482231960284
291,474,0.19765482231807896
1003,725,0.1975720956329128
1130,218,0.19748900990851337
700,412,0.1974592447432983
974,635,0.19742340206942066
1130,236,0.1973876194159673
1130,1105,0.19735639166511668
1003,206,0.19728375063639875
279,343,0.19727054034941716
1130,773,0.1972554296791913
267,854,0.19716308989139797
1130,754,0.19716222818364648
1003,690,0.19713039771088303
188,419,0.19709231885069145
1130,244,0.19685049440499133
272,740,0.1968220941546944
974,1064,0.1966617020040699
279,438,0.19660736950831204
1003,512,0.1965578902711447
700,602,0.19642792365983308
974,35,0.19639521202195634
1003,277,0.19611939442007703
1003,611,0.19611873139914712
279,391,0.19607449922327858
1003,278,0.19603350492749066
279,522,0.19591732021653854
700,391,0.19589656039892644
599,593,0.19587850206071472
870,254,0.19579396525847864
291,685,0.19574069619321804
700,570,0.19560119355900435
700,620,0.19546171030601298
272,636,0.1954308038105208
1003,602,0.1954181173669821
1003,900,0.1953702792061508
974,571,0.19520040257565258
1130,867,0.19511559092300212
870,480,0.195085485833746
870,37,0.1950578438977629
279,256,0.19501674367586802
188,1112,0.19495241320988102
272,392,0.19494142921056745
1003,336,0.1949102032915282
1003,599,0.19486712187004415
279,232,0.1948307330012145
279,894,0.19474954621780433
1003,634,0.1946922080572995
279,250,0.19469124948529112
279,539,0.19457542772657366
279,137,0.19449303027184342
1130,319,0.19442968113474482
870,381,0.1944152794778305
1003,439,0.19433369646217585
1106,52,0.19433102326716925
188,287,0.19424732501046874
272,23,0.19424079417532208
1003,973,0.19422946797064544
1106,50,0.1940165710949196
1003,31,0.19399331847415408
290,648,0.19379502301517423
272,732,0.1935632659842674
291,845,0.19345405379530511
1130,249,0.19341860300671093
272,1063,0.19329407676065055
974,627,0.19325377485437295
1130,392,0.1932326490842758
700,720,0.19307911529487565
700,1019,0.19297947783774927
1106,750,0.19295410405994218
700,313,0.1929305404759235
974,786,0.1927608719343906
1003,200,0.19275453502085257
870,747,0.19263623082171305
1130,454,0.19262548235054244
272,794,0.19262287860857036
974,602,0.19262084760505843
1130,126,0.19261183652564365
1003,1075,0.1925341275764733
1130,333,0.1924405658038651
974,839,0.19238879031438338
700,156,0.19237155227942615
272,898,0.19236020863486986
870,891,0.19224071644765378
974,30,0.19222206961776792
291,190,0.1922121864487967
1130,1096,0.19216220286398444
1130,335,0.19215575435341187
291,715,0.19210409985804316
1130,741,0.19199416060511154
700,534,0.19198382589151222
700,795,0.19190979119732623
1130,1114,0.19186981929057204
1130,429,0.1918586930621312
974,971,0.19184228066282646
272,627,0.19177775896269147
279,602,0.1916873951297482
974,728,0.1916843870866861
1003,482,0.19166731701839493
291,52,0.19161959332816936
599,814,0.19156981758199992
1003,259,0.19135437332118266
1003,826,0.19134634624735716
1003,687,0.1913188081927615
1003,892,0.1913119921903917
700,1067,0.19122090825771665
272,8,0.1911671743237515
700,284,0.1911326111451984
1003,502,0.19106388196608193
1003,135,0.1910569895085537
700,291,0.1909997196900442
101,599,0.1909686076172124
272,842,0.19093140194603248
188,377,0.19089805042258134
272,473,0.19089719691683607
1130,554,0.19088850709502475
974,474,0.19085187090736644
267,312,0.19084165455331908
1003,448,0.19082261054993682
279,286,0.19067586096502176
1003,1081,0.19058255821730974
1003,801,0.19057026667372454
1130,36,0.19049588880411772
700,780,0.19046788083459854
870,1021,0.19041388772881218
272,727,0.19040587171236686
1106,211,0.19033937174815502
974,85,0.190263140931426
272,768,0.190261260520639
1130,1073,0.19023181286146304
700,600,0.19021889050799126
700,424,0.19015015036859167
1130,567,0.19011401690210683
870,393,0.18999779134393585
1003,769,0.1899885777409918
700,516,0.1898793289294699
1130,337,0.18987295780022453
1130,539,0.189735183827928
494,109,0.18958698579459093
272,114,0.1895385638081273
974,49,0.18949848835509864
870,886,0.18943018662551092
1003,591,0.1894110589204041
700,387,0.1893934518953246
1106,479,0.18936721985156973
1130,124,0.18913797690297707
1130,566,0.1890925875015047
700,5,0.188998020184839
272,419,0.18896486047057232
478,607,0.1889033736530277
1106,819,0.18888188053385563
279,544,0.18877775096459884
272,966,0.1887487309544844
599,47,0.18874586680908212
974,507,0.18874400283795206
928,415,0.18870360040476844
1106,365,0.18861277833883355
272,905,0.18852012563366843
1130,49,0.18851991405412794
291,74,0.18834254286476257
267,518,0.1883235616461949
1003,595,0.188310697884087
1130,178,0.18826251971626867
1130,1031,0.18816987660612627
280,237,0.18811726916181878
291,1025,0.18806971483858942
267,1001,0.187960672992161
291,717,0.1879514721516514
1130,1113,0.18792103008499442
267,459,0.1878359005595126
1003,1098,0.18782181160561973
188,475,0.18779979261954102
17,1111,0.1877619819720308
272,209,0.18776087861909452
700,106,0.18774849109486996
279,856,0.18772875222664737
1106,328,0.18762760593501895
974,379,0.18751723682373655
1003,201,0.18751095531379405
272,315,0.18750204545291113
1003,1068,0.18747334778077265
700,232,0.18739053577793138
279,954,0.18737689249291628
1003,831,0.18733334461402334
1130,821,0.18730165056696077
279,235,0.18725131801221784
1130,406,0.18724141211847473
1003,417,0.18722255282926434
1130,451,0.18721144749814092
17,584,0.18719047677030665
974,513,0.1871686993993955
599,1010,0.187038699255561
700,661,0.1870004023598767
974,983,0.1869695898220448
1130,1034,0.18681389713556143
291,479,0.18673654784484714
700,390,0.18673596046222807
279,772,0.18670574384015304
1130,498,0.18670513835075095
700,483,0.1866210870588777
494,276,0.18650725381276545
279,412,0.18643763085752163
974,315,0.18642589412851654
101,270,0.18638927628898802
272,355,0.18638823590106532
290,975,0.1863714853599303
1130,119,0.18617404615435276
291,916,0.18610272000614542
272,460,0.18605580133968397
1130,578,0.1860247557854765
1003,815,0.18602009741530798
1130,351,0.186009473994536
279,868,0.1859913596281951
700,334,0.18596602944607704
188,450,0.18590841800047522
272,374,0.1858880514287645
1130,960,0.18584148180973425
870,908,0.18583313922187794
478,201,0.18582753319518872
279,910,0.185803052404085
700,193,0.18579821454713702
974,1051,0.1857872537832144
974,442,0.18577839886741868
700,436,0.1857402732187728
1003,977,0.18563288236036654
599,1092,0.18547556606265111
870,990,0.185417751583013
1106,780,0.18534039436980757
267,1011,0.1853274860498204
267,914,0.1852988215182498
272,2,0.1852930446732198
188,803,0.18528044380052627
1003,728,0.1852447968232861
1003,484,0.18516929647154337
870,188,0.18510602792698277
290,339,0.18499941125517905
700,624,0.18499438393792483
700,666,0.18498807650402477
290,978,0.18496791067803492
279,159,0.18495657892126446
291,1094,0.18493771848574486
1106,517,0.18491568396103167
700,57,0.1848566894656786
272,1074,0.18484142097250253
700,1008,0.1848177290974572
494,233,0.18480498721774977
188,563,0.18470524226887985
599,398,0.18470480529195815
1130,1093,0.1846640972448969
1130,291,0.18463194666727722
974,38,0.1846282707899756
974,23,0.1846242218755265
1003,735,0.1846162680827447
1003,633,0.1845453837477414
1003,137,0.1845275149829568
1106,1001,0.18451982832750455
928,175,0.18450775990756915
1130,428,0.18444282475217577
1003,247,0.18436363486531876
1003,203,0.18435120822921436
1003,394,0.18433751218294608
1003,1114,0.18431573705416723
1130,9,0.18431272502236154
1003,488,0.18427989736574626
1003,288,0.1842751440733239
599,355,0.18419784943490702
279,935,0.18416471854276706
1003,836,0.18414605830990521
1106,79,0.1841300886430836
974,1090,0.18409669983115204
272,792,0.184095131374636
974,377,0.184067512575356
1106,553,0.1840516679185712
1130,930,0.18402962947945398
272,116,0.18400676805074984
1003,243,0.18397737999926128
1003,207,0.18389257998974512
272,814,0.1838822459341367
1003,913,0.1838724104963654
1130,912,0.1838721713618415
870,275,0.18385856541797307
267,0,0.183802895789986
599,568,0.18371315277513817
974,848,0.18365744681396512
700,1111,0.18355480504732483
599,440,0.18344114101394027
1130,1115,0.18343537187404327
188,199,0.18342269953713647
1003,928,0.18341568923151594
1003,275,0.18340973856639983
291,1004,0.1833208101489122
272,341,0.1832659398274532
1003,925,0.1832474136231849
1003,623,0.1832112538293464
1130,383,0.18307136275961614
960,691,0.1830411604455332
1003,235,0.1829535615124991
280,495,0.18293541331768137
1106,134,0.1829145774437645
279,862,0.1828824312635793
1003,632,0.18286012774515692
1045,610,0.18281318518339512
1130,469,0.18279514147399745
700,29,0.18276018621670623
267,497,0.18267563156432426
1003,1050,0.18266736390415228
928,920,0.18259263328924333
870,980,0.18256308752353834
1003,711,0.18256069535028294
272,1009,0.18246617327255377
279,871,0.18245946210750902
279,1051,0.18243811599504312
291,406,0.18239691665602023
1130,564,0.18235145593821778
291,249,0.18233244198721152
494,183,0.1823043718347997
1130,199,0.1822648378437811
700,526,0.1822529681595532
272,922,0.1822511017277551
1003,390,0.18222708715030791
291,145,0.1822068859401453
974,554,0.18216911080461856
279,983,0.1821678854854847
870,120,0.18216068242210653
974,843,0.18212833831164116
279,627,0.1820829718475868
1106,831,0.18199299340697467
279,307,0.18198838713888058
272,379,0.18197506685370254
700,417,0.18195877242775588
974,171,0.18195598214785838
1130,602,0.1819216950602976
1003,122,0.1819086202909321
279,870,0.181884552929121
960,572,0.18185195691534767
279,619,0.18179054419403792
700,964,0.18178099676240783
291,211,0.181735711000334
188,1013,0.18173056488768397
279,1073,0.18166930775750523
700,1116,0.18164658085551905
1003,789,0.18164369873349423
1003,898,0.18159096778994477
272,1067,0.18158575445710928
279,786,0.18158158777456365
17,356,0.18154371260953464
700,925,0.18148206260435643
1003,841,0.18147146135099482
599,236,0.18146020801948018
272,873,0.18144976887421443
700,1112,0.1814172795792989
974,153,0.1813879952860709
291,550,0.1813618242107809
1003,629,0.18132147996597653
700,1023,0.1812480730850245
1130,727,0.18111914659363995
928,1075,0.18111526418222457
1130,1030,0.18100887078351924
700,307,0.18099514798826158
1130,929,0.18092120535071843
279,636,0.18077962058435187
272,858,0.18075049720944425
700,557,0.18071935183895452
870,611,0.18071405860879677
974,1130,0.18070643888680563
1003,461,0.18065188700292267
1003,496,0.18062177685833594
974,616,0.18051070595555668
700,599,0.18039845138534322
1003,649,0.18039428536269578
974,426,0.1803928009452344
272,155,0.18032426319389938
188,227,0.18031180198832675
1130,648,0.18030016673889945
1130,837,0.18028979608708354
870,687,0.1802731477627931
1003,727,0.18018870745101565
279,865,0.18014272958592592
1106,1022,0.18010719774522663
101,982,0.18010479084139427
700,541,0.18001210839013376
1130,737,0.18001204121227132
279,420,0.17996599177554137
599,705,0.17995796782478432
267,431,0.17988497586231944
101,290,0.1798793396133038
1130,896,0.17984071261538537
700,257,0.1797932141399916
1003,674,0.17976043187419125
700,579,0.1797530828360971
1130,289,0.17975170471602697
1003,1072,0.17968221579300458
267,468,0.17963484066005245
291,506,0.1796251835345253
700,596,0.17958636831585348
1130,339,0.17953262981744836
1003,640,0.17947975714072284
1106,152,0.17947560276252922
1003,25,0.1793335197913764
267,752,0.17932933631648068
279,1062,0.17930417509676422
279,1017,0.1792821591107777
279,796,0.17916424718692683
272,131,0.17915289917243268
291,1114,0.17909592000176716
599,101,0.1790561956826788
1130,501,0.1790518506080742
974,343,0.17901293371639598
974,730,0.17901102880542136
17,670,0.17886743937826954
1003,617,0.17886257620285168
1003,197,0.1788546142830917
17,728,0.17881991285393473
700,383,0.17879269572815937
1003,149,0.17876920878205663
700,721,0.1787529522034113
279,939,0.17872779238086742
1106,398,0.17872534097680237
1003,265,0.1787056407365646
1130,988,0.17867389147892415
279,23,0.1786168490061789
1003,397,0.1786137824972219
974,527,0.1785890570546548
1003,231,0.17857908081569687
1003,365,0.17856639293324308
1130,420,0.17845918361818172
700,184,0.1784230103289912
1130,716,0.1783392312423882
494,974,0.17833417861984135
17,189,0.17830414309038456
272,856,0.1782366392642919
291,846,0.17821352678345098
700,430,0.17815462274745364
1130,750,0.1781412243548877
700,119,0.17808561061363684
272,554,0.17804199643285853
267,623,0.1780358397646208
1130,869,0.17802235331287342
1003,1016,0.1780120105305139
1130,704,0.17799087375467457
279,515,0.17798807685367896
1003,503,0.17798384772667822
974,120,0.17797637100424402
974,275,0.17796499260113866
1003,935,0.1779056807726368
494,1082,0.177904073260474
478,89,0.17786740218061686
279,598,0.1778332669900577
870,635,0.17781453839647285
960,349,0.17777837981611816
279,85,0.17773784072298837
1130,358,0.17770266128980355
1106,247,0.177689539638177
1130,442,0.17760786479611163
974,910,0.1775551630194298
1130,92,0.17754392876973474
700,293,0.17752023586073387
1003,899,0.17751031824563981
1003,762,0.17749516087167144
870,1060,0.1774949974226359
291,808,0.1774914616377361
599,249,0.1774811552402178
960,865,0.17741353361203552
599,85,0.1773991732001256
700,225,0.17739433094012622
1003,883,0.17737967189451234
599,436,0.17722552834028812
478,462,0.17721660404979336
700,408,0.17719920207233913
700,510,0.1771948058471751
279,304,0.1771939628653647
279,370,0.17715889230227833
599,238,0.17711170030884468
1130,365,0.17703995880291507
700,769,0.17698465755238896
700,791,0.1769730896746402
700,638,0.17697117412825203
1003,902,0.1769667883451421
599,49,0.17694430932236038
1130,658,0.17691384430507243
1003,26,0.17687427039199682
1003,136,0.1768281156501157
599,960,0.17682112085793653
279,924,0.1767825424310841
272,507,0.17673193550710642
279,600,0.1766723140605823
279,1056,0.17664259893189546
272,915,0.1766392708985833
280,641,0.17663873289107748
1003,214,0.17662922438228013
1106,844,0.17662551154998066
599,82,0.17658895752251286
960,343,0.17657410512495958
279,126,0.17653527201102182
599,251,0.17652473931412258
1003,42,0.1764457895702819
279,1005,0.17643611800051023
188,120,0.17639568220870674
1003,1106,0.17636373360261146
974,1034,0.17634958191404118
1130,165,0.17634229062854412
1003,1011,0.1763329864982791
267,455,0.1763247651353872
700,427,0.176314091277728
974,659,0.17631023007714727
870,136,0.17627294326774315
700,157,0.1762697672738966
599,587,0.176210303664261
17,1036,0.17620413452812428
279,580,0.17616498151067647
1003,331,0.1761546222096931
279,460,0.17614989549434765
700,753,0.17614765642250668
1003,716,0.17613451117707024
870,1005,0.1761334428374012
17,906,0.1761092202825908
1003,975,0.17605976013544603
928,1052,0.1760267479814389
1106,816,0.17600425440352838
1003,693,0.17596895497108353
291,581,0.17592344686752276
1106,675,0.1758435888364563
974,96,0.17578244980893634
272,274,0.1757768876583817
1003,1112,0.17577626655168085
279,794,0.17567867054177805
1106,441,0.17561540146387755
870,969,0.17561359960116002
272,956,0.17557600110725033
1003,21,0.17555037406359134
1130,589,0.17551137952879897
700,490,0.1755028272492094
700,1061,0.17549293063857652
291,360,0.1754679584716935
1003,753,0.17546790431024625
599,627,0.17546487801082464
494,651,0.17545941183679384
1106,322,0.17544882175860116
1106,540,0.1754266423574801
279,116,0.17541247476829486
700,748,0.17539047722259182
1003,418,0.17537608697413337
870,615,0.1753728009524262
279,672,0.17536690194665944
700,230,0.17533402259923753
870,925,0.1753098050537813
279,212,0.1753074201836466
1003,361,0.1752992571955076
974,877,0.17526387876977648
1003,979,0.1752558889496374
188,487,0.17524824677137163
870,575,0.17522903937739165
291,149,0.17512530008060476
1003,29,0.1751222461015483
267,822,0.17511065720772698
1130,101,0.1750633653485278
1106,440,0.1750457130248881
272,1034,0.17503917860024776
1003,327,0.17497107536478793
1106,158,0.17495354253729098
974,116,0.1749261192409458
1003,148,0.17492000068958208
974,202,0.17487656871485344
700,378,0.1747515558302179
1003,441,0.1747486516253102
188,1042,0.17471956930769827
272,327,0.17467884162900352
1106,143,0.17463562258669843
700,698,0.17454346434462073
1003,759,0.17453661692849762
974,924,0.17449263396501768
974,856,0.17443902516726698
1130,838,0.1744327499128181
291,725,0.1743841425319909
974,1009,0.17437277405250254
974,420,0.1743346532442999
1130,174,0.17425358228453985
700,88,0.1742289343050894
478,950,0.1741997637140596
291,888,0.17416535262620378
17,624,0.17415335486775108
267,654,0.17410812323441122
1003,1095,0.17409677487629216
1106,497,0.17402794854300985
280,981,0.17396249534163533
870,831,0.17393471610365632
1003,889,0.17390446246449234
1003,323,0.17383046876266028
700,765,0.17366160467347205
1003,220,0.173626862697876
1130,1121,0.17361877254160876
101,1085,0.17359472125721156
700,285,0.17353685152380754
1003,816,0.17352792097329553
870,293,0.17346521413195842
1130,98,0.17338768889844566
291,1130,0.17338480794547725
700,945,0.1733838862178058
291,453,0.173373475531771
1130,620,0.17334778940698198
822,1095,0.17333262608777103
1003,541,0.17332269414351456
974,11,0.17331456616173044
1130,642,0.17326290025860366
188,817,0.17321535417692666
279,437,0.17320820609298204
870,836,0.1731733024179125
1003,147,0.17316859168361493
291,1015,0.17316549601665088
974,912,0.17314460761459224
1003,139,0.17302273665322032
974,351,0.1729160920029328
291,729,0.17287243774236186
700,450,0.17284026889640972
1003,335,0.17281561833807896
1106,89,0.17280202528545877
1106,976,0.17276459721864318
700,496,0.17275514629740882
267,151,0.17273164004143546
101,916,0.17270108014362748
700,686,0.17269282884793744
279,379,0.17266967903213
928,775,0.1726595075306013
1130,1021,0.17264933789869483
700,845,0.17262325993010846
974,859,0.17256034404087117
494,384,0.17255846714629003
974,475,0.17252368950397257
700,75,0.1724407321242489
272,672,0.17242799851419294
599,1129,0.17242132612164418
822,267,0.1722422527662291
188,870,0.17224210735756354
272,194,0.17223306242716815
700,573,0.17221389603849604
1003,667,0.17216064657404356
870,216,0.17214119128379826
291,710,0.17213957798719345
599,821,0.1721190664944748
1003,963,0.1721179968925473
267,795,0.17199607379914858
1130,276,0.17198936304401935
870,644,0.17197647405349173
974,939,0.1719749635919497
1003,723,0.17196492942087466
291,37,0.17195261193932998
1130,3,0.17192935698428785
599,734,0.17190934686956444
974,1044,0.1718681235406122
291,177,0.1718116797002899
279,905,0.17177453153103098
1130,1048,0.17176335634364606
1130,707,0.17172465455910935
1130,492,0.17170592216420666
280,709,0.17168672414723732
870,41,0.17168345702196952
822,1043,0.1716437101532651
599,126,0.1716371898452634
272,655,0.17154441074459975
974,700,0.1715411591078722
478,122,0.17151540821576883
1003,555,0.17147123899280645
279,19,0.17145350590576758
928,430,0.17145283706650502
1003,540,0.17139236530507662
272,169,0.1713735834791214
700,922,0.1712771265242956
1003,635,0.17127083530986406
1003,497,0.1712702452202108
870,809,0.17125777286656416
279,1081,0.17121234041059047
870,544,0.1712017004125294
101,1130,0.17119962732631414
974,732,0.1711922077115385
1130,399,0.1711139353833495
974,445,0.17110526888897817
478,297,0.17109150076229232
290,1003,0.1710863061171765
928,57,0.17106804264563485
1130,776,0.1710494305185217
870,829,0.1710421285334434
267,540,0.17103476281748348
700,923,0.1709694195135936
1106,950,0.17094849488953356
290,5,0.1709355887238173
928,1054,0.170888855357711
599,218,0.1708530854442674
974,452,0.17083970179938882
700,551,0.17081466255177621
974,682,0.170794695512871
1130,156,0.17079463672513015
291,27,0.17076384012334156
279,386,0.17075801930551027
700,431,0.17073350948717814
974,199,0.17073177330145262
974,1026,0.17072301971739348
1003,834,0.17071778484821998
272,48,0.1707125788138799
267,990,0.17070554438604837
928,591,0.17067064021669842
1003,993,0.17065414907857973
279,274,0.17062063423858628
1130,900,0.1706142695192116
1130,85,0.17060927363786077
279,426,0.1705814156906035
494,85,0.17056665128866813
279,563,0.1705646020089502
1130,221,0.1705521180855512
1106,505,0.1705413999553371
279,275,0.1705377225728902
291,853,0.17053655796462783
1003,531,0.17053461099528675
974,935,0.17052024527108992
1130,968,0.170469514817191
494,351,0.17045581088408987
960,783,0.17044262941308616
478,468,0.17043675778836365
974,138,0.1704148607036194
1003,425,0.1704054324794982
17,260,0.1703891573202229
272,242,0.17030278234466809
1003,312,0.17027606030351583
974,925,0.1701686571411342
1003,800,0.17015283598192346
1106,826,0.1701269585514539
290,482,0.17009138127873308
279,366,0.1700271630695661
700,841,0.16998294211449055
1130,990,0.16995285854537334
291,129,0.1699392794129682
974,17,0.16992829771217766
700,952,0.1699184030847836
700,254,0.16991456718880585
1130,660,0.16991180176881399
1106,482,0.16988273841066803
291,959,0.16983110386481795
700,1075,0.16981364299159601
700,926,0.1697701482694971
1130,865,0.1697688949032999
1003,449,0.1697438898862137
700,73,0.16970776611243593
974,2,0.16967890399465643
700,179,0.16967249314401925
280,1079,0.16966440217629053
599,478,0.16965870516845946
1106,408,0.1696500875746233
700,776,0.1696418654364048
1003,981,0.16961455648426674
599,872,0.16958924163967415
279,427,0.1695652488589178
1130,18,0.16956032222137418
700,1011,0.16948628876650923
1106,477,0.16942380511209118
1003,1104,0.16940771207150504
870,286,0.16933614881699185
1003,302,0.16932398293157963
17,478,0.16928480318833863
279,814,0.16924253096131975
290,101,0.1692270028681866
279,732,0.16919410307010668
1106,808,0.16912172429217315
291,495,0.16911611629127601
700,459,0.16906322780286767
272,258,0.16903916437031563
974,137,0.16902394062463125
1106,855,0.16902249006083644
279,695,0.1689946557916823
279,809,0.16897301061863856
291,964,0.16896440326444315
1130,285,0.16892447184100065
1130,872,0.1688787048327185
1003,467,0.168863172670434
1003,430,0.16883203073901476
1003,920,0.16882849398401908
822,562,0.16881957009287968
291,141,0.16880479946569615
1003,1077,0.1688046320956105
267,492,0.16877148073019113
1003,238,0.1687428634701883
267,52,0.16873227080316514
700,266,0.16872948796612933
1003,879,0.16871290217343426
1130,58,0.16868146123346403
870,292,0.16867669442448324
599,1007,0.16866848274169047
870,137,0.1686644597289787
272,782,0.16866311110449617
870,127,0.16865264303773556
17,337,0.168626618151435
1130,936,0.16862246563750163
1003,806,0.16862069643893615
700,1026,0.1686047009030143
1003,230,0.16858213119630214
188,600,0.16857451351792077
279,611,0.16856302425101405
1130,624,0.16856130635092462
1130,226,0.16855199889003145
1003,412,0.16855077160387552
1003,481,0.16853382817338217
291,148,0.1685310057752214
494,222,0.16851246419499993
291,1007,0.16851205435532932
1106,294,0.16844964614572744
700,946,0.16844783495945242
1003,319,0.16836241414291164
1130,267,0.1683520062743073
17,92,0.1683424077397084
279,1006,0.16830996049336563
272,232,0.16827638655809785
279,682,0.1682459098456402
272,154,0.16822027707905457
272,376,0.1682017976329606
599,209,0.16816673803474907
974,903,0.16814484224719992
1003,992,0.16806619939817286
279,751,0.16804270694839535
1106,61,0.16804236695931427
700,74,0.16802204284915587
188,862,0.16799187510037356
1130,15,0.16795564930283735
1106,945,0.16792354607485488
1106,56,0.16788375509167758
700,650,0.16788365041266365
272,278,0.16785959333405523
272,807,0.16785379697957997
974,213,0.16782933212859388
960,314,0.16778800155455445
279,1013,0.16775224134010516
290,453,0.16770601685951927
279,642,0.16769076871182167
1003,1121,0.167675844573998
974,858,0.1676355591058407
290,963,0.16762933850777623
822,1014,0.16761646955314854
599,408,0.16761488292453894
291,1003,0.1676102447004113
1003,639,0.16759160315125074
1003,790,0.1675895143539957
279,254,0.16757101430041493
279,1030,0.16756817923734113
870,176,0.1675497168017408
1003,157,0.16754890665998895
1106,567,0.16754793918472274
272,148,0.16752193103908614
870,786,0.167451175672181
267,932,0.16742363829436627
700,973,0.1674196459150854
700,15,0.1674191332201813
279,690,0.16741031537696385
700,1080,0.16734760400829046
974,677,0.16728399942406716
974,809,0.1672703235915627
1130,739,0.16726815132417133
272,546,0.16724169852838858
291,266,0.1672364484958394
1130,1009,0.16721615950066512
700,704,0.16719827943447998
1130,1111,0.16718921688071067
101,255,0.16718240959594485
700,878,0.1671759906233083
1106,428,0.16716910508701194
290,617,0.16716703543120012
599,140,0.16714263744368937
1045,314,0.1671387710127147
280,123,0.16712836241075063
1003,868,0.167119806574229
599,561,0.16705218825932627
822,755,0.1670428289191363
1130,493,0.16703876999641812
700,507,0.16699291678286635
1003,283,0.166988095132021
291,680,0.16696506917086953
17,432,0.16691941669716046
1130,628,0.16691493884922526
272,848,0.16691341436212928
291,992,0.16691068011567506
870,746,0.16690266975186177
870,493,0.1668894147263372
1106,314,0.16686996782872623
272,787,0.16680479071212656
974,501,0.16677670009763707
1003,209,0.1667438302370693
1003,267,0.1667121682384863
1003,972,0.16671044510943814
1106,1098,0.16668741262808529
599,818,0.16667850604887666
267,923,0.16665440947722887
291,780,0.16656854669472504
870,387,0.16655792784882498
700,794,0.16652558022494687
1003,821,0.16652014272987584
700,659,0.1664974504774117
599,685,0.16649389613067017
599,910,0.1664671586520682
1003,664,0.16645664159827325
870,377,0.16643800399327807
17,674,0.16641207346737621
870,453,0.16638911934807776
1130,999,0.16638285346722395
1106,570,0.16638271487156445
1003,566,0.1663754570044243
267,509,0.1663712132639949
188,348,0.16634226740173957
974,1122,0.16633518570599112
1003,456,0.16617574707782243
272,1111,0.1661122559078834
974,861,0.166108987809493
1003,426,0.1661012748609429
1003,107,0.16608000762319652
1130,511,0.16607622420316828
870,209,0.16606433236177098
599,888,0.16606130506331868
291,354,0.16603653613247116
291,924,0.16601071319984753
1130,682,0.16599325875002297
1003,860,0.16596583318246405
1003,382,0.16593718248865638
599,159,0.16593011043309222
1003,88,0.16589522654558125
17,545,0.16587156250065202
700,354,0.165859317822493
974,529,0.16585154032452396
1003,909,0.1658428155030562
974,86,0.16582759902750904
272,320,0.16581637718365855
1003,1087,0.1658159958867228
870,444,0.16572657435201277
1003,414,0.16572308160455074
974,273,0.1656842860096869
17,325,0.1656757362088805
599,676,0.1656587614087705
700,361,0.16564630565196198
290,16,0.16563733507486825
1003,968,0.16561543468312784
291,665,0.1656010221105684
1003,907,0.1655836476609969
870,794,0.16557055354125536
974,792,0.16555962912739383
101,959,0.16555105260671382
291,1047,0.16555012452931664
1130,311,0.16548221182763745
700,732,0.1654658533052731
1106,123,0.16542039991896335
1003,1127,0.1654152596103621
1130,828,0.16541482071755326
291,418,0.16541481470085168
272,6,0.16541054248974585
974,655,0.16540946222336134
700,403,0.16540067048970625
1130,231,0.16539720145552309
700,19,0.16538592843852076
290,585,0.16536303770798758
279,740,0.1653375766657781
974,972,0.16532496649733106
1003,698,0.1653240941607631
599,291,0.165314851455605
700,503,0.16531235547416648
599,124,0.165296306740412
279,276,0.1652412146841822
1130,939,0.16524008589172604
279,792,0.16523080544196495
272,250,0.16519820083113795
279,971,0.16518906646763876
974,842,0.16517353095227894
870,118,0.1651511464064429
17,642,0.16510878242700627
1106,1103,0.16509573696910018
870,832,0.16507143463721258
1003,257,0.16506167854850437
17,137,0.16505093442052782
700,102,0.1650385732994317
1130,34,0.16502147841404616
478,1108,0.1650153023947664
272,318,0.16500749086067976
279,1099,0.16499500618956503
279,345,0.16499435667856027
870,612,0.16499302609546396
280,363,0.16498498314089663
1003,770,0.1649560583834566
279,474,0.16495504244673756
1130,958,0.16495066539200673
974,1036,0.16491653057219063
822,962,0.1649156858351631
279,875,0.1649128866552626
494,793,0.1649120253807873
1106,363,0.1649004048967935
267,313,0.1648887608178876
279,38,0.16485944196277352
1130,133,0.16485514314654987
279,784,0.1648522499343951
290,14,0.16484324796975197
272,843,0.16480236963182945
870,536,0.16479966983446265
1003,1005,0.1647771410078276
279,293,0.16477044194717927
291,679,0.1647696650534345
1003,786,0.16474240240568397
870,1077,0.1647416170802928
1003,505,0.16472825445291295
870,5,0.16472341228116338
700,991,0.16470409681069062
1003,353,0.1646896264048468
1130,767,0.16468385309479747
291,746,0.16467968085187032
599,1125,0.16466789300559612
272,451,0.16465496379691996
272,690,0.1646276419600944
822,725,0.1646097350985452
1106,562,0.16460545013710257
188,599,0.16455757755985362
1003,69,0.16454923305213806
279,1118,0.16454520676370127
822,729,0.16453385726387898
1003,232,0.16446063643006567
272,686,0.16443763896071892
291,22,0.1644140629532891
1130,689,0.16438871807464583
928,1105,0.1643663843054484
1003,1018,0.16435282552624206
599,652,0.16431756933187638
1003,45,0.16429926335182649
101,955,0.1642952999995911
279,674,0.16428645914711693
272,11,0.16428129651921497
1003,184,0.16427876341882355
700,987,0.16427729972065666
478,430,0.16427111920667592
1003,144,0.1642386360001887
974,227,0.16421981713210249
279,803,0.16421646778858695
272,205,0.1642147914705675
700,1103,0.1641406275270259
272,894,0.1641284508252996
1003,846,0.1641207256398327
291,778,0.164120381887171
188,1028,0.16411976405132928
267,680,0.1641037749780648
928,781,0.1641022605166243
291,462,0.16407510152283977
599,117,0.16406719327463637
599,496,0.16404607854329523
1130,1062,0.16403632817606836
280,496,0.16401641544703852
17,556,0.16401199998073066
478,1129,0.16395399458095428
974,686,0.16393038909534002
1130,301,0.16392975342247207
1130,1018,0.16392100458800316
1003,668,0.1638863184086103
960,501,0.16388108937476753
870,503,0.16387673893290652
272,791,0.1638571109697997
700,711,0.16385014776874457
974,320,0.16384145228831065
280,553,0.1638380144818806
960,592,0.16383040472138602
494,552,0.16381480672926238
1130,367,0.16380685126396619
599,784,0.163795261312637
291,997,0.16377481260842805
291,165,0.16373976098936568
1003,519,0.16372836276618682
974,712,0.1637230792528079
1003,940,0.16371204316800525
870,389,0.16366868158745387
1003,751,0.16364620056695647
1130,535,0.16363623836637717
974,887,0.16362111121184095
290,880,0.16361480650282587
870,333,0.1635939434697779
974,159,0.16358371037994968
1130,478,0.16358263846424131
1106,431,0.16356788078115614
974,67,0.16352410723558458
1003,188,0.16349650932927798
279,571,0.16344780200787376
599,866,0.16343617722064824
700,0,0.163368297349693
1106,267,0.16336802492650057
1003,601,0.16336525059566076
494,1115,0.16333579000914686
870,588,0.1633274996634421
267,934,0.16331829966548972
599,1050,0.16330906241902954
974,748,0.16330843329971906
974,240,0.1632604497033961
449,356,0.16322128260848962
494,74,0.1632151767992174
974,1100,0.16321439658882078
974,1033,0.1632009061920794
928,439,0.16318872907723095
279,546,0.16315371475810528
974,131,0.16312082218156285
700,854,0.16310658162341501
101,1117,0.16308746845684313
291,907,0.163084876598088
1130,109,0.1630432293089931
1106,0,0.16304049709524124
1130,670,0.16303496704704568
1106,966,0.16302299048989846
1003,271,0.16300060133348485
599,546,0.1629898923009839
1130,443,0.1629843209228549
870,1128,0.16296541457001404
1003,241,0.1629615719640673
974,166,0.162943081853689
478,813,0.1629418154554466
17,1108,0.1629247524060626
1130,0,0.16291102628083573
1130,331,0.16290913685269287
1003,106,0.16287881319650868
272,784,0.16287808169988607
290,143,0.16286866369573025
1106,911,0.16284123564853153
870,256,0.1628366451392341
291,200,0.16283311573852227
599,360,0.16283274140020335
700,550,0.16281838419345582
974,782,0.1628171696205927
17,1083,0.1628141125035356
1003,896,0.16280969012202492
494,871,0.16277910554478794
279,552,0.16277779672195122
279,2,0.1627582165211852
17,947,0.16274774635142486
974,219,0.16273677166514433
272,269,0.16273161720898252
960,943,0.16269559801267364
279,324,0.1626532457134416
870,810,0.1626368875022975
279,494,0.1626347180489115
974,890,0.16261919514718667
960,58,0.16261254587519727
1130,404,0.16257415480902854
279,35,0.16257290134320004
974,969,0.16256392224742416
1003,483,0.16254239985576083
478,255,0.162510347582393
870,279,0.16250433647916945
1003,804,0.16248663731309343
17,248,0.16248656281522134
279,326,0.16242366979909398
1106,282,0.16240747985646864
974,794,0.16238737893012714
1130,1067,0.16237738256943837
1003,729,0.16237679920047568
928,691,0.16236144443643435
974,409,0.1623583650158953
291,393,0.16235443992961335
279,529,0.16233859661179356
291,1113,0.16233121683653262
291,820,0.16230093229475342
1130,348,0.16228509687167353
870,426,0.16225965642248566
1003,532,0.16225770413382024
974,287,0.16224424892607964
272,17,0.1622376256919498
1003,313,0.16223417490071299
279,377,0.1622339354348367
1130,200,0.16220370775966678
280,1037,0.16218982565577644
279,791,0.16215537940543903
700,237,0.16214646957766768
290,380,0.16213808563134202
928,876,0.16213685615765255
1130,343,0.1621181261331023
700,979,0.16211539660316968
279,1026,0.1621066245929202
494,830,0.16210487741339372
494,13,0.16209812044051308
1003,543,0.16208704477028413
974,261,0.1620869918878729
279,471,0.1620858057482895
494,242,0.16208466944360989
101,1052,0.16207033044488472
272,1,0.16206374951089508
272,910,0.16202625726860537
700,803,0.16201947086829185
279,686,0.16201619183251023
974,703,0.16200059252067958
1003,748,0.16199589304088627
494,1036,0.16197536735344695
870,229,0.16197226123392874
494,111,0.1619655348749594
101,264,0.16195465021306682
272,480,0.16194852622045758
1003,415,0.16194093569022763
1003,747,0.16192584723533768
279,1115,0.16192441564427004
1130,577,0.16187286076357757
291,244,0.16186987948116513
974,220,0.1618650364621696
974,402,0.16184068907247695
960,112,0.16182947542709966
267,1106,0.16182371933234538
700,1031,0.1618188893957503
267,621,0.16180559641798592
700,259,0.1617867970837872
291,304,0.16178496860265287
700,728,0.1617760009735399
290,941,0.1617657979338669
272,95,0.16175475126672986
1003,1052,0.1617363660595391
974,937,0.16173383960332122
101,574,0.161709598213134
1003,324,0.16170823753494026
974,228,0.16168368103934935
478,17,0.16165695124730103
974,9,0.16164743382156557
1130,297,0.1615981022324315
1130,1053,0.16158863593170417
1130,894,0.1615811619955263
960,818,0.16157562933970637
960,515,0.16156166339852254
188,1064,0.1615434568193199
279,1120,0.1615186021970049
291,222,0.1615043279861055
1130,223,0.16148329581190707
599,466,0.16147181967643592
1003,976,0.16140680268658572
599,116,0.16140525365505623
1003,771,0.16139567531608054
1130,843,0.1613751456425112
974,908,0.16132553929652094
280,1089,0.1612673178286041
870,926,0.16125778976527638
928,186,0.16124341571115047
279,858,0.1612399272747571
279,155,0.16123791778299632
974,867,0.16123706295316673
1130,924,0.1612286665536759
267,317,0.16122391315551085
974,979,0.1611955349253102
960,130,0.161140464624862
279,622,0.16113455232878976
974,59,0.16113291415438719
870,988,0.16111646709891833
700,1013,0.16111374082570426
870,334,0.16111041082851688
974,105,0.16106828565692205
700,684,0.16106760753422927
188,639,0.1610494735597252
1003,553,0.16104720569003866
599,940,0.1610421990272572
291,429,0.1610335865304845
291,5,0.1610275694418005
267,884,0.16098135705929648
1130,873,0.1609706901515175
291,414,0.16096444853047748
291,568,0.1609483761249698
272,790,0.16089602092882907
1003,656,0.1608802700862781
188,1005,0.1608661295818884
1130,847,0.16086581327073637
928,448,0.16085789788528515
1106,901,0.16085615100866119
279,378,0.16084365593101202
291,64,0.16082636129171507
1003,880,0.1608260693996485
1003,334,0.16078643549975527
1003,364,0.16074029739273876
1003,978,0.1607359758734509
272,245,0.16070174945201218
700,484,0.16069321522696273
599,642,0.16068799841291986
599,678,0.16067489374085292
700,103,0.16066583053006284
870,951,0.1606636941255458
700,853,0.16065347317162498
279,4,0.16063628261950347
279,1044,0.16062584761674595
272,1125,0.16059276382811194
1130,792,0.1605834244167244
1003,948,0.1605795300855667
1130,476,0.16054617505316346
272,80,0.16051776584801014
974,823,0.16050163330092818
279,433,0.16047913440012337
280,481,0.16047148728373073
272,687,0.1604697610535144
267,341,0.16044073175734525
279,739,0.1604337930407152
1130,645,0.16043100747917444
870,942,0.16042920444699105
494,356,0.16041244498713816
272,216,0.160411303647001
279,473,0.16039268488345595
870,163,0.1603714094533309
974,274,0.16034832931578177
700,974,0.16033991373684472
870,362,0.160321341948067
974,787,0.16031252818259797
870,345,0.1603040553139329
290,400,0.16028757731865026
974,266,0.16028506504246412
1130,1033,0.1602828670341423
700,873,0.16027825328162165
272,852,0.16026904192946242
974,1112,0.16026606206960511
870,153,0.16026034723868895
974,173,0.16019342008657075
700,594,0.16018203000610165
822,689,0.16018187578101065
1003,796,0.1601490334452993
291,657,0.16014603159152604
960,583,0.16010874120454235
291,1000,0.16010729899180978
1130,44,0.1601033050247526
974,109,0.16009630854542412
870,231,0.1600712528703793
974,269,0.16005275159433388
599,794,0.16005115437920417
700,955,0.1600495625795307
279,836,0.16003555754770563
700,279,0.16001300639088653
279,543,0.15999331527470448
870,1121,0.15992765581129992
870,798,0.15992637252658076
17,338,0.1599248058510588
974,796,0.15992023797599075
290,1068,0.15991378993738645
1130,296,0.15990698057001648
974,936,0.15990347644922512
1130,982,0.1598936510451193
870,46,0.1598753829641513
1130,269,0.1598616878790199
974,751,0.15983190597971608
599,261,0.15982335935684555
870,135,0.1598032891862195
700,723,0.15979421513330927
928,965,0.15975862075539438
1130,65,0.15974038235875046
291,752,0.15973602631443792
291,351,0.1597244157019081
1003,57,0.15970430760927173
974,1015,0.15968468922087828
870,785,0.15966863509455193
1003,1017,0.15964032036597992
279,701,0.15961969462111097
290,508,0.1596107153153647
599,959,0.15960634910767185
1003,654,0.15959612374340462
700,261,0.1595959681508395
279,867,0.15959186222194752
101,1088,0.1595508059366406
291,184,0.15952206359340063
279,829,0.15950419841864305
188,1021,0.15950103903530705
1003,1108,0.15949873887515337
291,675,0.15948823236764612
1130,385,0.15946255861279887
272,407,0.15945135358315843
700,240,0.15945116601119202
974,636,0.15944647608266063
870,99,0.1594416333061717
960,892,0.1594202350029824
1130,547,0.15939973815671002
280,555,0.15939555848227965
1130,527,0.15938168866734326
700,455,0.1593015892456624
1130,619,0.1592745785975777
279,1078,0.1592700538789417
291,102,0.15919928367232095
1003,1034,0.1591925700504523
700,864,0.15917567372449268
272,188,0.1591751494250706
1130,96,0.15916812042639153
599,191,0.15915701844682034
1003,172,0.15915000426709439
700,805,0.15914077955604003
1130,169,0.15913622203922473
1130,488,0.1591207116914412
478,469,0.15909806548924516
870,513,0.1590569588576786
1130,818,0.15902452141081647
272,171,0.1590233600935847
280,840,0.15899964390333657
1106,882,0.15896443771474333
599,413,0.15891172612205026
974,739,0.15888453881754352
599,95,0.15886010077371418
960,619,0.1588464833142439
1003,291,0.1588357800364583
291,477,0.15883277000772641
279,202,0.15882954491817391
279,651,0.15882575502724802
272,576,0.15881458503004184
1003,641,0.1588046687738126
280,1116,0.15879976940769425
974,852,0.15879536135209368
870,296,0.15878009019105194
272,565,0.158720244518329
599,804,0.1587199468992562
494,307,0.1587180069009714
928,372,0.1587128933593415
1130,761,0.15868873505221043
279,333,0.15868263883627573
272,1131,0.1586741819361783
279,912,0.15863546155012112
279,295,0.15863467509070117
291,328,0.15863340784951174
1130,1012,0.15859850990912094
870,554,0.15859478326338922
494,165,0.1585808205983598
272,1110,0.15858076530172566
822,417,0.15857929658512754
267,534,0.1585536807822486
272,21,0.15854984568513014
870,715,0.15854012022439687
267,328,0.15850748029442388
599,1065,0.15848729099861983
700,231,0.1584854846941646
1003,1061,0.15848109286376663
974,80,0.1584729699770187
1003,995,0.15846910514712784
974,51,0.15845741315956935
17,416,0.15844834759664925
188,87,0.15844820938581794
1106,919,0.15842680400763193
188,669,0.1584012085909259
1130,866,0.15838057259857005
279,245,0.1583769588637242
870,571,0.15837107912376597
1106,742,0.15836683282922875
188,1050,0.15835401700928567
974,716,0.15834781384954102
17,98,0.15833700852666588
17,588,0.15833134095777143
280,509,0.15832872443840698
974,904,0.1583219178432557
700,247,0.15831426814367341
870,385,0.1583024653058725
1106,395,0.15829942569226313
494,1018,0.15829730769323053
1106,107,0.1582972705921006
599,1085,0.15829499836209143
17,159,0.15829470719747693
290,825,0.15828908014276855
279,887,0.15828171426705132
272,39,0.15826139832237118
1003,671,0.15825162040554644
17,925,0.15821601183246073
1045,691,0.158176880465128
101,783,0.15816667626981662
928,756,0.15816604359853575
1003,46,0.15814839160445687
1130,735,0.15814287578838124
291,424,0.15813676809574922
1003,388,0.1581362540417399
478,797,0.15813580344287345
290,457,0.1581305455318613
494,636,0.15812734618140467
188,768,0.15811595202525625
928,709,0.15810479907865382
1130,70,0.15809404865538065
272,261,0.15807877087837624
870,1025,0.1580634238602385
1130,104,0.1580504942183588
870,616,0.1580485821961314
279,891,0.1580439924714651
1003,81,0.15800381846761521
188,137,0.15800320137268814
494,171,0.1580019889010049
267,436,0.1579898977404591
599,1008,0.15797935098968655
1003,1007,0.15797916283588886
267,179,0.15795981049442392
101,759,0.15795873759559412
291,599,0.1579375916924865
494,452,0.1579339205684439
870,581,0.15791816202305464
494,678,0.1579093133086761
822,707,0.15788791576025868
279,183,0.15786465994350005
700,1126,0.15786152659569985
272,633,0.15786092147066563
1130,455,0.15785774610319755
494,309,0.15783996292927147
870,115,0.15782192368589257
974,100,0.15777651328305364
1130,508,0.15776528122903702
494,218,0.15775111823969057
478,69,0.15774123075103585
1106,131,0.1577324540787649
1003,4,0.15772618410140266
974,865,0.15772547536022985
17,740,0.157691247925356
928,401,0.157681199905326
188,116,0.1576682242948382
279,763,0.15766747340373918
928,921,0.15765310283941153
974,421,0.15764634708899658
1130,729,0.15762259982360455
870,252,0.15761465917966902
870,109,0.1576125564737387
279,120,0.15760972453009062
267,694,0.15755994823730085
1106,897,0.1575596674876753
822,481,0.15755684942545845
870,198,0.1575285804003837
960,35,0.15752297032449972
1003,10,0.1574667274382932
494,45,0.15746294911115452
974,236,0.15744461487748682
700,1063,0.15743418820816957
974,493,0.15741082412531754
974,367,0.15739006615119688
700,89,0.15738393195157627
494,352,0.1573711936708689
960,86,0.1573382217163859
272,271,0.15733761111587874
1003,316,0.1573270330233091
188,522,0.1573243022685024
974,250,0.15731466696495655
928,757,0.15728235343548805
291,759,0.15727478781418996
272,747,0.1572733466100557
279,1042,0.15727082363023512
1003,134,0.15722994452898217
700,986,0.1572222828954659
1130,534,0.15720585406198978
1130,328,0.1572054908693644
700,252,0.15719437165811803
279,218,0.15716049260197182
974,4,0.15712492148414423
1003,607,0.15710459694323498
494,1012,0.15709744743375917
928,812,0.1570651685741108
272,1033,0.15705215428375063
267,463,0.15704913060036435
974,242,0.1570346007657106
291,428,0.15702175004216698
700,211,0.1570077793179379
279,429,0.15700356212218003
101,693,0.1569986345130154
1045,841,0.15699703027944714
700,1034,0.15699671961955022
974,873,0.15697040815333432
291,127,0.15695882505111386
974,949,0.15693130515947507
290,177,0.15692043370924044
272,193,0.1569123762050769
700,322,0.1568959883604674
494,43,0.156888994865241
478,719,0.15686658509618978
700,96,0.1568620600846788
700,586,0.15684371283398243
700,60,0.15684183833257054
1003,535,0.15683287233271906
928,142,0.15682577794033264
478,566,0.15682038392695807
494,34,0.15679617796943937
822,76,0.15678537728954414
974,460,0.15675847267821316
1003,694,0.15675000672720646
272,624,0.15674990078716458
870,471,0.15674892650808478
599,696,0.15674653500939073
870,989,0.15674009637204894
599,967,0.15671844329687162
599,586,0.15671584605321706
1130,903,0.15668919136534762
272,348,0.156666067003026
974,301,0.15665923943402163
290,547,0.1566486526786582
494,894,0.15660969345145392
1130,316,0.15658497938731766
1003,446,0.15657393035328138
267,297,0.15654467132832742
1130,353,0.1565433347491417
1130,258,0.15653133323226137
1003,596,0.15652601389612952
700,323,0.15652461013500318
272,829,0.15652061533737144
870,1013,0.15651335058729363
1106,729,0.15651201741070525
494,546,0.15649834034621798
17,569,0.1564763611228781
494,315,0.1564685021430316
1106,829,0.1564636679995868
1106,31,0.15645346159045287
291,456,0.15645188969126822
974,1038,0.15642894429967544
700,328,0.15642646229824309
1003,434,0.15642214807041108
700,367,0.15641770062462865
870,331,0.15641481237626162
1003,1013,0.15639803521797246
1003,733,0.15639512563544125
1003,473,0.15637569390869924
494,273,0.15637161080804746
974,295,0.15636970875703302
599,215,0.15636535566576787
267,1082,0.1563348593171029
599,738,0.15631208902666544
700,611,0.15628909794497428
291,534,0.15628167539603477
700,758,0.15627664233928137
1130,984,0.15622637349242557
700,31,0.1562262233711906
267,915,0.15619945900864315
870,1,0.15616793218683508
267,147,0.15614992051056942
188,903,0.15613465920916023
870,145,0.15612981567742207
974,989,0.15612694733249796
290,346,0.15609416511274565
700,774,0.15608375611590514
700,957,0.15604895827832782
17,607,0.15601391989406876
1130,472,0.15601328585975058
188,536,0.15596914707986737
291,800,0.15596680685748804
700,816,0.15596209231808922
700,393,0.15590107106552398
974,419,0.1558907956865151
928,1003,0.15585612731970466
291,531,0.15584963871843013
1003,722,0.1558432580967892
700,1081,0.15584247679695812
272,703,0.1558094072216667
1106,73,0.15579718504058962
272,136,0.1557953966414608
1003,245,0.15579357594497303
974,1101,0.15578001530735286
599,1127,0.15577427803191105
870,282,0.15569385614446515
290,91,0.15568646455872556
494,447,0.15567360961655935
599,127,0.15567038117143392
1130,664,0.1556628622234398
1130,234,0.15565531977875316
974,586,0.15565004094786242
478,180,0.1556401801097432
1003,767,0.1556254403167923
1130,515,0.15560795505679442
494,1091,0.1556006493670865
279,908,0.1555946486376877
494,676,0.1555868311276105
870,79,0.15558087338604804
974,33,0.15557373359594937
1130,949,0.15557195643786745
960,830,0.1555710259238552
1003,499,0.15556950976174655
822,617,0.1555693800318366
870,326,0.15555352494448946
974,60,0.15554622510011287
291,620,0.15551644130081826
17,737,0.155512902850981
17,896,0.15548546386411938
1130,306,0.15548172544182204
272,178,0.15547768301017734
1130,653,0.15546427705968083
272,58,0.15545376710415781
279,731,0.15545042774038925
272,811,0.15544031388636884
17,1124,0.155425597970833
267,900,0.1554132503736255
1003,823,0.15540703432861344
279,657,0.15540376606098233
1130,882,0.15537293307664043
291,699,0.15536550277088243
700,139,0.15534957166909688
974,678,0.15533491851192172
870,921,0.15532793345678392
272,256,0.15531929591239266
974,1070,0.1553191889521898
1106,987,0.15529465502099385
1106,710,0.15528559604604295
1003,91,0.15526411731537637
478,664,0.15526168174583832
822,573,0.15523185819731852
700,705,0.1552176007940578
280,6,0.15521412527354675
101,70,0.15520530395469403
1130,453,0.15517629093264634
599,992,0.15517272068532353
1003,150,0.15517055112353956
700,171,0.15516498964142075
928,570,0.15516395558928414
974,111,0.1551559987541613
700,934,0.15514233865564778
700,629,0.15512755048189694
599,156,0.15511392341651334
101,775,0.15511353988043813
599,697,0.15511148979723405
870,941,0.1551070868378889
1003,1070,0.1550925192494078
1130,1125,0.15508844871773322
494,1030,0.15508052565477448
599,1035,0.15507588415928433
1130,309,0.15507582372645337
1130,125,0.15505235254046076
700,645,0.155033063622147
188,127,0.15503126899152594
1003,328,0.1550250990253619
291,732,0.15501010795056988
272,749,0.1550038621949619
272,702,0.15497213471041296
960,1066,0.15495310484008984
870,205,0.15494105926104892
700,858,0.15492910633384227
17,243,0.15491890944440342
272,859,0.15490106958565314
1130,203,0.154894075081103
870,235,0.15488971530759665
700,935,0.1548660329350114
291,269,0.154856335622163
974,74,0.15485521366508284
870,727,0.15485145557749416
974,847,0.15485091540480642
1130,494,0.154844698126536
599,793,0.1548362080277776
1130,579,0.1548315247356359
1003,389,0.15481984535832416
280,316,0.1548120442183149
1130,544,0.15480899161226738
822,545,0.1548046586476672
870,84,0.15480332410403658
822,158,0.15476595589423575
279,109,0.1547637064166438
974,133,0.15476368408067698
1003,1066,0.1547561089931071
1130,479,0.154728384201268
599,100,0.15471703009281407
599,409,0.15470604872452517
960,938,0.15469901226590269
280,1023,0.15469428774729999
700,697,0.15468659001025817
1130,678,0.1546613856779407
974,891,0.15464612049854976
1003,403,0.15463320310635703
478,485,0.1546318944495764
267,478,0.15463086329025164
960,1073,0.1546303174712467
279,125,0.15462737142495797
290,799,0.1546210747252354
1003,95,0.15461536184264685
1003,781,0.1545825469608209
1106,663,0.15456540023099893
1003,435,0.15455883479544164
1130,250,0.15455182432493544
290,538,0.15453886843893105
188,353,0.1545172406720399
267,874,0.15451305688861708
1130,550,0.15450700131086506
272,802,0.1544937934045021
291,101,0.15446868050317775
928,720,0.15446504261601923
267,375,0.15446164559769102
1130,1101,0.15445549973618222
494,660,0.15444216357345977
291,221,0.15443863510286696
291,82,0.15443794513046355
1130,181,0.15443197012342605
272,452,0.15442628520108964
700,268,0.1544052935065605
870,39,0.1543821534651125
974,12,0.1543816719847788
599,1126,0.15437179263428663
700,806,0.1543697261752644
1003,167,0.15436316952594256
17,122,0.1543598095353346
700,262,0.15435215038548653
17,421,0.15434156832294932
494,412,0.15432842786533213
700,445,0.15432062766376298
599,1009,0.1542953937369472
272,712,0.1542921293110895
1130,1055,0.15428735034212585
599,1030,0.15426964808899862
272,751,0.15426272462714347
599,74,0.15425617088198912
449,691,0.15421585700202464
279,184,0.1542064367464135
1130,959,0.15420277183612865
291,301,0.15419993894299094
870,878,0.15418803868887349
1130,809,0.15417148552068236
279,823,0.15417025608189677
279,173,0.1541677759944194
974,265,0.1541647813251083
974,24,0.15415408163329364
1003,736,0.15415210915493008
279,171,0.15414206805882102
290,675,0.1541389329316779
974,1022,0.1541320347505933
272,804,0.1541314335520685
700,470,0.15411829214590275
870,410,0.1540885111374565
870,125,0.15406974357462946
974,909,0.15406899096346505
1106,45,0.15406830452690345
188,616,0.15406825323580728
279,1101,0.1540583610127578
870,475,0.1540350047836713
1130,531,0.15402338259800671
17,228,0.15401515834285698
478,1029,0.15401321353193756
974,862,0.15399322216157837
279,1083,0.1539874026846332
267,73,0.15398725507213798
272,373,0.15398561359646415
291,232,0.1539788375297611
928,927,0.15395674416259766
1003,765,0.1539537527407913
599,445,0.15394269789590864
291,305,0.1539417053624075
1106,464,0.1539381337194804
279,458,0.153922964825002
279,51,0.1539204727108116
279,402,0.15391125415822945
599,448,0.1539059830553009
1130,647,0.1538984560921299
1130,636,0.15386501122715468
291,596,0.15385493795657984
974,608,0.15385316587768996
822,332,0.15383505596410188
1106,142,0.1538122787395051
267,638,0.1538105730724843
960,1101,0.1538058989034619
17,377,0.1537948810002548
599,222,0.15379129337941866
279,358,0.15378914380146758
494,362,0.15378314815472868
700,754,0.15377711834390362
279,331,0.153772209639155
291,847,0.15376318422668417
974,196,0.1537340009145144
290,883,0.1537308672823281
1003,50,0.15370598112237338
700,855,0.15367009186735148
279,1124,0.15366425805183018
1003,282,0.1536615312922501
700,883,0.1536454307327195
870,1083,0.1536380397388405
188,787,0.15362963530536533
928,75,0.1536208707592173
1003,927,0.1536014520020803
599,739,0.15359278274962243
599,904,0.15358959042269157
700,670,0.15358840063632118
291,659,0.153562622146456
280,10,0.15351643802306822
700,133,0.1535032647696245
279,956,0.15348950413199294
700,1009,0.15346388832949423
974,899,0.1534618428095894
494,858,0.15345054469800987
1003,280,0.15345032828816685
279,399,0.15342999650212746
279,383,0.15340924642844173
1003,123,0.1534022514233566
494,219,0.1533975834044485
870,383,0.15338536888566356
599,173,0.15334338923735436
279,387,0.15332214613170997
279,17,0.15331521367752463
1130,405,0.1533122095744279
291,511,0.1533107042476146
1003,779,0.15330919331834944
1003,724,0.15330831790452348
272,621,0.153292763745689
279,676,0.15328413398095664
974,902,0.15326622899666126
1003,429,0.1532607209036422
700,1024,0.15324591188525646
17,571,0.15324417143663135
599,320,0.15323029799016152
188,426,0.15322953538389197
700,26,0.1532273391202973
1045,388,0.15322122408904446
478,429,0.1532047188583687
272,234,0.15320156001326649
1130,657,0.1531794549609759
700,984,0.1531746013132519
700,487,0.15316006927108167
279,445,0.15314399429752554
1003,442,0.15313753498251112
267,493,0.15311694724751476
870,782,0.1531099938394
974,61,0.15310690995447096
822,520,0.15307653336754923
974,128,0.15307268802994256
1130,214,0.1530725905432228
291,982,0.15307217541319867
1003,145,0.15307202768236913
870,719,0.1530526516752386
1003,988,0.15304781206276052
272,519,0.15303853521074642
1130,424,0.1530333180625675
272,68,0.15302639831659468
1106,306,0.15302571449389135
960,228,0.15301768443816888
1130,902,0.15300480054740911
1003,719,0.15297153464437244
1130,570,0.15294834163424983
870,950,0.15293225868917776
928,1016,0.15290546829628657
267,344,0.15290298844993816
1106,238,0.15290051597585141
279,937,0.1528997634739059
700,938,0.15287378139243327
974,929,0.1528524894278404
974,646,0.15283928343969144
822,311,0.152836740890261
974,185,0.15282787207051787
478,257,0.15277154007566154
267,225,0.1527588687751159
599,374,0.15274619479055515
279,362,0.15273529907455696
291,1093,0.15273499717825148
1106,1005,0.15272029127888478
960,658,0.15271787624144226
291,564,0.15271616447672845
700,918,0.15270537828392827
974,399,0.1527045400908542
870,1127,0.1526987521220511
1003,944,0.1526844392271264
700,866,0.15265516489919032
870,441,0.15265201949406582
267,737,0.15264860528081448
822,485,0.15264794279834276
291,1048,0.15262690565362574
267,626,0.15261712210954037
870,875,0.15261248452787773
1003,593,0.15261067737540965
101,940,0.15260387401028916
478,239,0.15260233090533243
599,811,0.15260116687584324
700,137,0.15257793519660323
267,597,0.15256576498578486
1106,227,0.15253986963898486
101,319,0.15252617115224382
700,509,0.15252410272838754
700,1069,0.1525145341205747
870,728,0.15250916983738075
1003,387,0.15250495389773633
267,800,0.1524805743836545
1106,18,0.15247334768172252
974,953,0.15246375446582208
599,130,0.1524243138278462
870,17,0.15241924353271052
17,769,0.1524186181111135
1003,863,0.1524037208606888
870,1064,0.15239216734513011
700,731,0.15237839091058256
494,620,0.15237419540105743
1130,553,0.15237030324025072
700,55,0.15236377395390474
188,115,0.15234385312095527
1130,222,0.15233323812650892
17,208,0.15232355531424596
267,637,0.15232105393747888
279,628,0.15231528650965498
974,369,0.15229847700293447
494,399,0.15228791171164074
291,1018,0.15228486677135517
494,504,0.15227889974652853
101,126,0.15227035086118468
1003,465,0.1522601407247424
700,50,0.15225836560664643
290,415,0.1522513809389274
267,135,0.15224965247944952
960,295,0.15224790867483814
974,628,0.15223650318712065
1003,803,0.1522292747181337
974,706,0.15221743173344962
272,1032,0.15221566821162405
17,342,0.15221172170271718
290,812,0.15220806182324362
974,886,0.15219603891139383
494,1038,0.152191857471723
478,270,0.1521727742402549
599,982,0.15213615208662917
974,791,0.15212546951150832
1130,697,0.15210428479201096
1130,325,0.1520904986687525
17,887,0.1520840800018754
974,342,0.1520767645425996
272,529,0.15206678248507813
700,7,0.15206672444684366
17,775,0.15204420771298177
700,452,0.15201819823937907
290,37,0.15199585067599117
291,904,0.15198634732872934
494,1127,0.15198565205560366
599,393,0.1519745280079958
267,881,0.15195904465018123
870,180,0.15195350794493157
1130,370,0.15194116452252543
279,452,0.15193942526757134
1130,341,0.15193869903742505
960,852,0.1519350713717993
974,311,0.15192425083981617
1130,97,0.15191496524675108
974,956,0.15187570144051488
272,666,0.1518729321874263
1003,104,0.151856378180112
700,32,0.15183727253270804
1106,296,0.15183600507901926
101,736,0.15183224377408686
494,942,0.15182432407920135
870,187,0.1518188221770919
494,1010,0.15179421758309844
272,1115,0.15179404386598086
188,525,0.15177946944511087
272,822,0.15174964036577235
1106,680,0.1517208541617906
1130,533,0.15171486863923875
1130,760,0.15170588131036938
291,53,0.15169681387412648
494,1028,0.15168716760566506
279,1094,0.15168025055596532
291,950,0.1516754194138929
291,707,0.15167175128196578
599,926,0.15166422970192242
1106,1003,0.15164458420604335
870,260,0.1516385617904634
870,861,0.151632932960487
279,890,0.15161356428550574
272,1003,0.15160998225406605
290,881,0.15160651215857843
1130,88,0.15160603143565665
279,658,0.15159983394355142
928,934,0.15158995163041952
700,241,0.15158851354867894
267,1096,0.15157551547075285
279,929,0.15155867520716834
700,468,0.15155734599041695
188,93,0.15155074121078504
494,196,0.1515346839682419
700,679,0.15151725629812896
974,695,0.15150776948367897
291,132,0.15149968681804232
1106,725,0.15149961435144196
101,694,0.15149331521139697
494,603,0.1514914119094122
870,761,0.15147946609818028
101,789,0.15147725496622153
960,942,0.1514504249222257
279,128,0.15144873683192808
1130,228,0.15143646627574153
101,291,0.15142722767067865
599,691,0.15142431084064317
700,564,0.15140576094236047
267,826,0.15139907489334203
1130,826,0.15139438122092483
272,1029,0.1513903272259479
1130,778,0.15138282641092998
870,93,0.15138082295609973
1130,1102,0.15137537952621422
870,373,0.15136520558728941
478,1051,0.15135163687897396
290,1131,0.1513390719573941
494,212,0.15133648863264296
700,13,0.15133449020840153
974,88,0.151328713724174
1106,669,0.15132855571525677
870,817,0.15131349165501218
1106,239,0.15129748494992246
291,494,0.1512952418589891
1003,234,0.15127807374215846
1130,303,0.15127463506971334
700,302,0.15127378225302462
700,438,0.15125868607130113
974,783,0.15125178752522697
478,507,0.1512233797275052
1045,799,0.15121150941411254
291,461,0.15120251700336604
291,481,0.15117750888640308
974,6,0.1511521681050273
1130,1017,0.1511508041020062
700,59,0.15114656422845407
974,300,0.1511441389950952
17,859,0.15114266574811952
599,714,0.15113976358947087
290,1041,0.1511374633617252
1130,764,0.1511160209225417
290,288,0.15111027984435288
599,314,0.1511055629705875
478,210,0.15110428863569322
960,274,0.15109274766784783
1003,1117,0.1510905490633862
928,771,0.15108711799639252
279,213,0.15106563131766992
700,714,0.15106393089687192
272,990,0.15104812199231626
822,100,0.15103263525925553
1003,120,0.15103074246522066
272,170,0.1510139026677123
1130,128,0.15100268663131913
272,1090,0.15099276199537953
1130,242,0.1509918918896484
1003,768,0.1509836903062119
1130,974,0.15096320104554015
870,893,0.1509521474998186
700,428,0.15094756974195803
700,688,0.15094490258173868
1003,346,0.15092448124458813
188,512,0.150918879085477
1106,773,0.15091179207538374
267,861,0.15090690803538936
870,248,0.1508988981625944
822,1113,0.15088730666349304
974,1053,0.15087814865415305
700,473,0.1508542988947004
279,1125,0.15085213720218096
974,1005,0.15085095469380622
928,319,0.15084039671926827
1130,944,0.15081365065768196
1130,312,0.1507749032159821
974,239,0.15076750530925803
822,398,0.1507641725828477
822,478,0.15075870072946052
822,517,0.1507548380254856
1003,785,0.15071742417254205
700,145,0.15071736946506126
599,643,0.1506971717045307
280,693,0.15069412745539063
1003,749,0.15069307995142023
449,885,0.15068369373143467
272,226,0.15067823897849658
870,349,0.15067678993156633
272,793,0.150671526769515
1130,874,0.15062006007517362
974,932,0.15061216992726303
1003,1054,0.15059794235532073
291,395,0.1505907349221181
1130,1119,0.15058891966358195
1130,656,0.15056712326769764
700,583,0.1505639065898227
290,560,0.1505401485678537
974,1065,0.15053781987783701
291,750,0.15052209698804223
291,98,0.15049825475671416
17,493,0.1504964087711599
1003,957,0.150479156231858
974,656,0.15047384655574753
928,945,0.15047186116866595
700,577,0.15047104085870455
928,1079,0.15046799052074614
960,169,0.15046426136855615
291,631,0.1504620300848563
494,822,0.150450346186967
101,1054,0.1504344850074425
279,357,0.15042144295822832
291,813,0.15040870207432502
700,446,0.15040614991596893
1130,871,0.15040268398085632
1003,1065,0.1504022841249426
291,661,0.15039789082759494
822,1055,0.1503953594587043
449,716,0.15037896643229062
974,192,0.15035622548409702
822,393,0.15035538002442672
494,88,0.15034966309397663
272,960,0.15032862280330142
822,433,0.15032802306125176
974,552,0.1503159790900814
974,396,0.15031566239342264
17,829,0.15030926733846742
494,712,0.15030907843368257
478,599,0.15029924437080366
599,1098,0.15027261940756123
478,248,0.15026639061047126
974,119,0.15026040316440173
928,630,0.1502537885688118
17,146,0.15025104814203652
1003,1060,0.15023693177006836
1003,396,0.1502325689110721
279,80,0.1502313340719755
974,254,0.15022805750008925
478,536,0.15022335071722653
1130,1100,0.15020993976605115
870,83,0.15020356289152487
974,774,0.1501925692334137
1045,432,0.15017020560158315
290,885,0.15016826830249042
17,1117,0.15014075398347362
267,1007,0.15013908116328026
272,67,0.15012823266746755
870,896,0.150125784884853
870,320,0.15012046880509677
17,930,0.1501130563129142
599,672,0.15010585380711536
290,1056,0.15010019261747426
974,451,0.1500825065285253
478,567,0.1500757156652548
290,520,0.15007460141416853
17,164,0.15006510803793405
494,1053,0.15006338535937655
1106,821,0.15006179815747014
870,33,0.1500581898392548
870,790,0.15003980071666162
822,495,0.15003933541524364
870,378,0.1500375741127154
272,489,0.150015425429816
870,1049,0.150012399175551
267,97,0.15000119424255517
822,21,0.1499926758003918
870,416,0.1499838008127653
1003,996,0.14997525898720065
700,913,0.14997360305290597
272,303,0.1499626024289243
1130,996,0.14994957676837994
272,149,0.14994863524060606
700,419,0.14994098439952136
599,474,0.14993729661853805
291,518,0.14992238067909638
279,298,0.1499155596471451
291,55,0.14990706131045456
280,365,0.14990643714221255
478,854,0.14990478982008076
870,904,0.14990153389088165
272,359,0.14990009483963074
290,603,0.14989419426630893
291,349,0.14989376133407226
974,581,0.14989237347181006
280,819,0.14988709436683154
974,1062,0.14988597765129452
291,1012,0.14985757290196783
1003,385,0.14984936479383956
1130,213,0.1498481537940892
17,1085,0.1498463633315961
290,506,0.14983907747320174
1003,1109,0.14982685233723222
960,1063,0.14979994978072195
272,1051,0.1497980223574237
290,1018,0.1497918395677645
700,117,0.14978591719673337
974,822,0.1497753687449721
272,176,0.1497743337463608
700,84,0.14977096339028625
974,814,0.1497540419630532
280,177,0.14975069446795983
17,1074,0.14974802814438584
291,569,0.1497431236117382
291,156,0.14971300777026414
700,928,0.1497055966070215
279,615,0.14970078533319717
1130,1092,0.1496751184524271
974,619,0.14967135757308278
1130,560,0.14965827429928139
267,504,0.14965110221736871
700,320,0.14964471288626338
188,839,0.1496446323166424
494,783,0.1496297893832266
17,475,0.1496273005236513
291,1071,0.14961338070058944
279,376,0.14959748976616813
291,1088,0.14959722441221873
279,525,0.1495874973830163
272,984,0.14957999712131115
870,194,0.14957754132826753
494,521,0.14956821461105652
1003,1079,0.1495674769893326
960,1130,0.1495629061460553
1003,305,0.14955610584885182
279,946,0.14955074654575135
267,593,0.14952964370874666
974,806,0.14952690570724309
1130,91,0.14951538721635074
700,43,0.14950995277101908
1003,864,0.1495017058043328
974,1103,0.14948913108538467
700,571,0.14948398592439266
291,1067,0.14948130118870753
279,395,0.1494770297331065
188,265,0.14946847884953995
599,489,0.1494497195129612
494,392,0.14943482442957584
928,946,0.14942483198320444
1130,676,0.14941743416781067
1130,1019,0.1494169479987115
494,517,0.1494158096890392
494,1008,0.1494117742934161
974,212,0.1493970777946777
960,677,0.14939616109126988
870,190,0.14939228249767
870,996,0.14938776985648244
1130,800,0.14937069966056932
974,360,0.14936382555369748
1130,625,0.14936192980059004
291,24,0.14936125356244193
974,812,0.14935661758026156
188,640,0.14934929531647922
1130,261,0.14934581163177155
1130,685,0.14933801617075382
700,777,0.14932195197431208
870,905,0.14932061845763253
478,909,0.1493197753485525
272,663,0.14931878985751695
974,740,0.14931308571474833
17,898,0.14929803859307475
1130,597,0.14928951998884069
1130,59,0.1492740924420071
290,742,0.1492515697301459
272,566,0.1492504746835897
599,235,0.14923993988710704
700,344,0.14923845812904885
272,1015,0.1492358099592648
700,150,0.14923255357312756
267,1118,0.1492171979979081
974,72,0.14921682770706154
272,85,0.14920033308375938
1130,618,0.1491966474496349
599,1053,0.14919492609567414
17,241,0.14919206865612517
449,421,0.14919137152169565
974,429,0.1491802121454439
478,312,0.14917080427926827
101,338,0.14916624647897475
272,1082,0.14914750914076946
291,369,0.1491389913377054
974,701,0.14912275700101507
279,1090,0.14911167654155372
1130,993,0.14909152076224538
279,902,0.149085555579834
700,321,0.14908477339065293
1045,421,0.14907992208674262
599,138,0.14907540496483979
974,767,0.14906806206838724
1003,705,0.14905662704410358
494,451,0.14905535628620786
700,752,0.14905398791777735
494,221,0.1490476596678904
494,618,0.14903709198531143
870,341,0.14902328841792506
870,1024,0.1490121948556584
870,724,0.1490023817084459
478,837,0.14899294775686558
1003,524,0.14898740433979923
272,798,0.1489721740186881
870,947,0.148968845592494
291,259,0.14896516610838628
1003,984,0.1489630849055251
700,242,0.14895714805112753
700,54,0.14895558205152512
1106,357,0.14895102975274474
599,856,0.1489380756746592
870,268,0.14893387228119942
1106,330,0.14892859351978308
478,673,0.14892655614640293
1003,287,0.1489240210604705
494,686,0.1489232969055193
1003,493,0.1489208149255765
870,1126,0.1489173013534464
290,927,0.14891313111977336
478,573,0.14891244462825892
1003,330,0.14888383428781765
291,35,0.1488776891727159
599,120,0.14887350068567576
1130,725,0.14886390548914247
291,240,0.14886234453298008
267,280,0.14885766342047224
599,867,0.14885405650633532
1130,314,0.14883780069880304
700,236,0.14879465355287377
700,727,0.14878963434656922
870,594,0.14878502915011949
822,511,0.14877792263216943
279,733,0.14876783452798126
279,135,0.14875922356108784
188,51,0.14875873530777045
188,587,0.14874053980147758
478,82,0.14874048666208714
1003,708,0.14873921518758457
870,997,0.1487326418800816
1130,393,0.14873091352965784
279,1039,0.14872844417227118
272,1061,0.14872636213163948
1130,414,0.148725475649596
1106,887,0.14871337179942576
822,641,0.14870835163909155
822,14,0.14869337709197702
1130,161,0.1486863680636185
1106,972,0.1486614248702317
1106,1046,0.14865671655547485
1003,1100,0.1486525032074633
960,379,0.1486400613883242
279,443,0.14861612503937674
101,770,0.14860071227924265
700,598,0.1485992602350508
272,534,0.14859497210188488
272,1069,0.14859454371503128
291,755,0.1485701894509669
17,495,0.1485347144593751
700,199,0.14850714314120325
279,111,0.1485059011607243
494,80,0.14850496902885518
599,961,0.14850393071497658
1003,82,0.1485029492977061
17,653,0.14850206577191538
1003,510,0.14849975275986793
478,63,0.14849799166476832
267,564,0.1484908945951708
1003,1116,0.14848540357497428
974,720,0.14848219211313995
290,638,0.14847669453519008
974,47,0.1484633084034188
279,130,0.1484605202688171
974,98,0.14845072484713787
870,527,0.1484421275686345
101,365,0.14843329867920677
1106,683,0.14841398752800147
928,1023,0.14841391224901349
494,427,0.14840868061000312
17,378,0.14840694570369606
1130,548,0.1484014440689247
279,469,0.14840031830694742
188,290,0.14838820904248248
870,518,0.14835665090080913
1003,750,0.14835259873048223
599,266,0.14834994660143372
188,653,0.14834671930146676
101,54,0.1483388383008941
494,420,0.14833362108561335
822,758,0.1483129870986589
960,958,0.14830538465763987
700,567,0.1483007835087577
700,437,0.14828479120432428
291,995,0.14827925075906434
291,282,0.14826998198361996
1130,868,0.1482695519371996
1003,344,0.148259358222386
599,749,0.14825881872622468
494,382,0.1482446577040276
974,1050,0.14824242144424174
928,147,0.1482391459545346
700,251,0.14823513552288223
101,701,0.1482094698174386
1106,814,0.14820265385156403
188,1098,0.14819411932392618
280,773,0.14818014045636013
494,949,0.14816075443046595
599,414,0.14814597700348514
974,104,0.1481419760555096
494,848,0.14814093300912567
1106,704,0.14813243869400952
599,309,0.14812971338371458
700,694,0.1481119683784128
870,883,0.14810220169572405
272,41,0.14809868521436828
1106,410,0.1480972334240899
700,41,0.14809424082427736
1130,302,0.1480924185008649
478,407,0.1480712266538959
822,760,0.14807113700747282
822,923,0.14806573237255163
700,392,0.14803345812296653
974,509,0.14802983825020916
1106,1094,0.14801964046404553
17,754,0.14801634748501202
291,253,0.14801463031280804
1106,640,0.14800303217538868
290,837,0.14797827276118164
1130,447,0.14797620302557876
1003,293,0.14797242116513767
267,24,0.14797192284031258
870,104,0.14795978722325728
272,608,0.1479381102797317
1130,233,0.14793714132984945
291,181,0.1479355873216606
291,851,0.1479321260186887
267,26,0.14790822585585434
267,95,0.14790721586183392
974,579,0.14790451755292391
822,767,0.14790383577385394
599,319,0.14789805424721855
478,1130,0.1478870401804563
494,279,0.14788150020936675
279,188,0.14787662092589235
1106,128,0.14786743090703747
279,354,0.14786599009601062
279,999,0.14786092119681654
494,529,0.14785637066870985
974,449,0.1478479545203596
599,128,0.14784236951581248
974,76,0.14781692239597313
700,585,0.14781453219479965
700,1049,0.14781218128633852
1130,338,0.14781215157427577
267,625,0.14779893862270627
599,375,0.14779791814760124
1003,994,0.14779776074076326
1003,61,0.14779695961924336
974,1078,0.1477962825000878
290,228,0.14779604886016437
700,275,0.14778867787554834
1130,1088,0.1477867195650487
700,681,0.14778095201840716
974,922,0.14777609548530318
291,668,0.1477702711043886
1003,847,0.14776802828010532
1003,345,0.14776094372169613
974,205,0.14775817814017125
267,457,0.14775495541994652
17,893,0.14775007845385107
974,112,0.14774193222298185
1003,731,0.14773124109958416
291,638,0.14772809887268834
599,62,0.147720538508334
1003,174,0.1477095046000047
17,616,0.14770648951572743
1130,752,0.1476988334301506
279,338,0.14769475647274113
974,1128,0.14766717115103964
1003,1123,0.1476645015043428
974,565,0.14766033505789142
17,917,0.14765819374541705
101,123,0.14764335702770354
101,186,0.14761958243479734
272,890,0.1476172462221594
291,646,0.14758577440367493
279,90,0.14757839647149953
279,536,0.14757652850685946
1106,688,0.14756468032038556
1130,255,0.1475496354426944
599,296,0.14754655036709236
291,532,0.1475426699430835
822,756,0.14753943523375007
291,1009,0.14753752348963012
1130,1026,0.14753654076761544
291,644,0.14753465137773944
599,311,0.14752999832783112
974,898,0.1475117876514869
1130,765,0.14750873909956788
1130,360,0.14750200365047184
974,999,0.14749996264430096
291,1072,0.14748744100933048
17,870,0.1474823380382512
1130,463,0.14747752777649747
974,1059,0.1474562506006615
870,868,0.14745027818587095
1003,416,0.14743937206883515
290,965,0.1474380589019349
870,317,0.14741577725500402
974,385,0.14740579201611162
974,233,0.14738760942635667
700,672,0.14737487972387783
291,587,0.1473684030489344
101,288,0.14736599654755217
279,911,0.14734590187472252
1130,852,0.14734422079190865
870,139,0.14733763769263167
960,907,0.14732905920547193
101,545,0.14732731837254825
700,21,0.14732627852535587
279,61,0.1473158522906695
1130,512,0.1473068320923276
478,572,0.14730309293281732
101,478,0.14729797447214502
700,397,0.1472874479001639
700,959,0.14727796290180756
1130,502,0.1472634952374754
1106,508,0.14726220455877045
1130,176,0.14725856257340894
1106,654,0.14725851272154689
960,337,0.14723339918984474
17,998,0.14721746316834378
700,965,0.14717886782565232
974,412,0.14714687246983077
700,140,0.14714614743075308
960,759,0.14713878542064476
1130,356,0.14713582304926004
17,44,0.14713008124329477
1130,520,0.14712936341777938
1106,110,0.14712863060568399
101,364,0.14712302503350114
494,73,0.14712136559966
17,117,0.14711923061809584
279,984,0.14711891496499255
494,213,0.14711842214607748
1106,253,0.14711492285326327
101,992,0.1471012124268906
960,215,0.14709377190929152
267,952,0.14708456204507298
1130,614,0.1470644602423372
1130,744,0.14705946488730773
1106,299,0.14705828077341135
279,364,0.14703407188674822
291,490,0.14702351858881382
291,942,0.14702097861317487
188,144,0.14701701142223486
494,337,0.14700161038509826
272,930,0.14697697788898959
700,83,0.14697038458463216
928,1040,0.14696983179902479
1106,509,0.14696412431251119
279,903,0.14696218871192998
279,233,0.1469578225433665
1130,102,0.14695274491315063
700,68,0.14694367827772423
822,308,0.14694159372937116
974,799,0.14694018524532446
272,491,0.1469379512443831
599,859,0.14693690027107684
1003,951,0.14693157579378746
494,859,0.14693046955721475
291,526,0.14691545337063955
279,788,0.14690542715294636
291,751,0.1469049631851189
822,55,0.14689414663988873
188,489,0.14688316228858722
478,97,0.14685787437767917
974,280,0.14685073405181456
599,164,0.1468488972778163
1130,1020,0.14681838285311288
974,314,0.14681817047574675
188,594,0.14681708067565927
960,576,0.14679089088154165
700,722,0.14678988839064366
279,170,0.14677504613099543
1106,744,0.14676749807652448
599,396,0.1467626946781693
822,347,0.14676268305923784
280,1098,0.1467609173856604
870,998,0.14674297136343775
290,368,0.14674028726160185
1130,495,0.14672578687527063
1106,71,0.1467204348812597
267,347,0.1467182734673917
267,500,0.1467165004611734
279,859,0.14671299323171919
267,744,0.14668741170773955
822,933,0.14667930218172887
928,151,0.14667134498339623
960,987,0.14667063849048922
700,176,0.14666274267881743
279,315,0.14666009995893806
494,739,0.1466580383803359
1106,765,0.14664173908326122
291,622,0.14664008803390502
700,842,0.14663516087837455
700,360,0.14663502219682686
870,1043,0.14662290826952487
599,511,0.14662264602963251
478,288,0.14661747864444122
1130,315,0.14660989138820604
267,788,0.14659198903673432
822,440,0.14658758460312674
17,144,0.14657698688471835
291,381,0.1465704834537824
974,1102,0.14655717586111097
494,338,0.1465563469233419
290,247,0.14653815141696114
478,840,0.1465248165081335
1003,163,0.14652418132955214
272,445,0.14651919755417833
1106,316,0.14651832499073686
974,727,0.14651755024441848
291,264,0.14651732080047442
17,419,0.14651509059930104
1003,745,0.1465043607378649
291,559,0.14649215972946483
494,249,0.14648659454585955
974,433,0.14648164183587156
1003,812,0.14647001509621846
291,316,0.1464650625967883
974,44,0.14645981252931134
478,39,0.14645239363860799
291,357,0.14644417983663882
267,896,0.14644053182030245
870,297,0.1464366175758678
1130,709,0.14642486779009953
974,690,0.1464193138630013
974,577,0.14640818888676244
494,295,0.14640074706335482
960,46,0.14639379054810503
1003,819,0.14639255737843546
279,480,0.1463908941019494
267,633,0.14638726648784195
494,665,0.14638378021228998
1003,354,0.1463837325993051
291,576,0.14637169429983324
974,802,0.14637013759015954
974,620,0.14636530839966055
599,362,0.14635914190139276
700,635,0.14635731528175908
960,983,0.14635694377515635
1106,895,0.14635152036330032
1003,574,0.14634416528999908
478,942,0.14632209318000813
870,1075,0.1463184915473821
290,1054,0.1463067667273956
870,450,0.14630327373413043
267,390,0.1463015639398374
870,414,0.14629802655248778
1130,427,0.14628270070180066
267,67,0.14628075977075075
928,895,0.14627440093288874
279,790,0.1462683278899006
494,449,0.1462635667741762
267,133,0.14625672857177857
599,737,0.14624896741956275
1003,59,0.14624742340839822
478,298,0.14624308195762625
700,501,0.1462353986431021
1045,718,0.14623343666381153
974,665,0.14622870135469523
291,651,0.14622783077499069
279,1061,0.1462231900938267
267,1095,0.14622107852228136
974,1006,0.14621776456666805
272,469,0.14621581417354404
267,897,0.14619179976673427
700,1051,0.14618497342334416
494,291,0.1461827284316527
291,273,0.14617689512349652
279,266,0.146174095152625
17,217,0.1461639833463457
822,436,0.1461499563008973
1106,401,0.14614233144247463
870,284,0.14612668335350368
291,126,0.14612523205876515
478,233,0.14611628910440655
1045,69,0.14609722399273575
279,314,0.1460849554565856
279,337,0.14608446571901462
494,1056,0.14608344657085767
291,375,0.1460810542196275
822,982,0.14607983000282868
700,294,0.14607755322866295
494,35,0.14607562318059314
494,866,0.14606793740970656
272,827,0.1460677824031468
280,885,0.14604536510927796
870,722,0.14603656854109592
1003,1113,0.1460321353881439
599,659,0.14602398314040896
290,1122,0.14602202630667854
1003,1105,0.14602025081617273
280,289,0.14600587718962707
700,371,0.1460046425721504
478,1048,0.14600368351114099
700,1078,0.1460012387097729
928,79,0.14599507797088274
17,911,0.14599452850718966
1130,1097,0.14599333696465147
1130,342,0.1459768716381412
101,931,0.1459747366693165
17,724,0.14596817324588815
1106,1054,0.14596319525888155
478,472,0.1459587783959716
974,952,0.14595348555858664
188,988,0.14593989929029733
494,977,0.14593959209807733
267,365,0.14593120597480147
700,640,0.14592517662758284
1003,55,0.1459162767018965
1106,180,0.14591537641719116
272,433,0.14589697934030502
974,849,0.14588159629254555
700,1074,0.14586856689356406
1106,847,0.14586832409169734
599,957,0.14586776992064665
1130,726,0.145844848142928
17,661,0.14583670102781757
700,743,0.14582466803180605
974,955,0.1458011959284196
974,592,0.14579723572373943
1130,854,0.14579212277325126
290,499,0.145783881797246
974,405,0.14576290488633695
599,3,0.1457598746933813
870,556,0.14572596516190395
1106,921,0.14572225485992404
280,823,0.14571557305829425
1003,125,0.14571399826074888
267,629,0.14571090273671047
700,256,0.14571039982649933
1130,373,0.14570902824911397
700,874,0.14569705615635203
1003,325,0.14568813118488153
960,1110,0.14568027037016792
188,436,0.1456779486867509
599,731,0.14567522642425426
279,263,0.1456709772268075
291,990,0.1456636545846763
279,196,0.14564951404202808
272,806,0.1456483630773488
478,65,0.1456449574164921
870,160,0.14563763587695444
1130,705,0.1456131642105863
291,50,0.14560789617151018
478,440,0.1455691447127271
17,858,0.14556851647851013
279,977,0.14555519322615446
478,946,0.14555015551750347
1106,448,0.1455491238404663
599,789,0.14554881880670334
494,7,0.14554438798650796
494,771,0.14553684940143566
1130,621,0.14553590654932674
870,756,0.1455326552719503
700,1048,0.14552755591632116
1130,997,0.14552707565835243
279,644,0.1455241740474136
290,203,0.14551601071775955
599,583,0.14551182155134768
290,943,0.1455108985747976
1003,557,0.14550798141353097
974,905,0.1455056059479301
101,547,0.14549920570386646
291,999,0.14549322269303175
599,850,0.14548749409016573
1106,591,0.1454871782882704
928,632,0.14546613759254043
1106,701,0.14546420750384162
280,933,0.1454631692515565
960,1009,0.14546184580142493
478,925,0.1454559709802856
478,492,0.14544694204702396
272,581,0.14544453169211263
279,565,0.1454417695400754
494,650,0.1454380421180792
928,745,0.14543153328072203
494,875,0.14542127574423963
700,134,0.14541666743143536
1130,1001,0.1454025629178921
279,625,0.14539945692250056
1130,890,0.145395975432104
267,709,0.14538748275503824
870,887,0.14537424640650942
291,574,0.14537077689187
700,1039,0.14536150387911603
291,562,0.14535521739647028
1130,140,0.14534826820346625
291,690,0.14534237186719715
267,1122,0.14534122215451747
822,766,0.14531012776631466
870,631,0.14530339949680446
291,114,0.14529512684348403
822,1066,0.14529138953344095
928,42,0.14528746861942904
1003,289,0.14528587441839388
1106,462,0.1452849302345229
974,326,0.14528226626428645
1003,507,0.14527277894147528
101,555,0.1452538359958785
1106,866,0.14524271943481462
1130,1010,0.14524254379083973
870,529,0.1452365934120693
17,466,0.14523574701641345
291,1041,0.14523318930137732
1003,162,0.14520829584410933
870,508,0.14520678696579623
272,72,0.14519758363817634
478,774,0.14519253960755996
1003,22,0.1451888711366096
478,140,0.14518810389642428
291,634,0.14518345620046244
1003,1045,0.1451749375356139
974,264,0.14517065466132367
822,488,0.14516021196064716
960,894,0.14515940901098465
494,443,0.1451529957473284
822,592,0.1451463396542503
822,625,0.14514380172857205
101,441,0.14514219807002265
17,583,0.1451380323553927
291,650,0.1451284864929374
101,607,0.14512405959610294
1130,324,0.14511903650630847
599,979,0.14511796657968853
700,162,0.1451177898313042
599,924,0.14511708801913561
291,502,0.14508691267194493
822,714,0.14508605223095064
280,294,0.14507776332861821
272,324,0.14507480815534893
700,890,0.1450747823141846
928,10,0.14505129623695867
960,961,0.14504620491679743
1003,273,0.14504565551385495
870,791,0.1450445680915132
272,1078,0.14503879606538012
700,1089,0.1450285850233713
599,882,0.145026996361104
494,551,0.14502505365947196
1003,320,0.1450189804224801
974,83,0.1450044230099791
272,556,0.1449943276305697
1130,992,0.14499417268869755
1003,13,0.14499109124534115
870,300,0.14498218397451865
974,470,0.14498051071924295
280,683,0.14497244978633744
17,39,0.14496730065085528
960,373,0.1449536444758315
272,765,0.144943743882111
494,530,0.1449410106152717
1130,1008,0.14494065046165516
494,16,0.14493411033078388
291,965,0.14492998323034548
1003,404,0.14492800715888154
478,267,0.14492360199510265
1130,121,0.14491593913974032
928,683,0.14491351278697562
1003,398,0.14489318888899633
272,300,0.1448915626727065
101,197,0.14486519416073107
700,373,0.14485771489188176
188,485,0.14484972914671404
101,716,0.14483895964164595
267,50,0.14483505936550495
272,1038,0.14482429670195013
599,788,0.14481866615225109
1106,973,0.144818022459854
1003,1076,0.14481567355399727
599,469,0.14481292499751866
700,332,0.14480076711391726
1130,281,0.14478282416640342
1130,264,0.14477803243603374
101,78,0.144771268770134
291,263,0.14476890533374057
1130,1054,0.14476543697741415
870,911,0.1447631127003023
1045,164,0.14475898506111792
272,196,0.14474837982711644
267,741,0.14474642213792183
1106,722,0.1447374689078332
1130,1,0.14473716715786764
291,176,0.14472887549682034
494,827,0.1447227222608778
1130,806,0.14471408195128782
700,761,0.14470249535775043
1130,410,0.1447023520835636
291,427,0.14469957560763277
960,995,0.1446974758953057
478,423,0.1446858322421948
1003,598,0.14468060923241058
700,664,0.14467959660968932
494,746,0.14467165733413934
1106,75,0.14464945565348172
279,269,0.14464039438643728
279,32,0.1446359120376517
974,165,0.1446290227096846
188,922,0.14461978951868468
870,845,0.14461690434000396
279,178,0.14461159220358638
291,358,0.14460933965503778
272,44,0.1446074324612064
1003,300,0.1446063724469068
1106,902,0.14458408721111513
1003,321,0.14456901446451845
101,1065,0.144551538853266
1106,193,0.14454617699414093
599,567,0.14454443311919385
1003,401,0.14453687561557527
974,1024,0.14453608745062202
279,899,0.14452671016456098
279,822,0.14452481511938187
291,912,0.14452093892593623
279,11,0.14451687343656092
272,212,0.14451124142426028
1003,68,0.14450211403370194
494,1099,0.14449659314589722
599,929,0.14449646266466543
1130,592,0.14448277663704906
290,521,0.14447737842028724
822,45,0.14444873479700057
188,25,0.1444434510858029
17,695,0.1444349960645438
291,960,0.14442728659639542
17,793,0.14442115984618906
272,97,0.1444115526354537
478,706,0.14440801656221874
1106,13,0.14440731629253314
974,518,0.1443991885113404
1130,584,0.14439834381619823
1003,355,0.14439760780973637
1130,552,0.14438521574818303
279,100,0.14437266609871732
974,639,0.144370186597299
17,51,0.14436266854209728
272,706,0.14435979698690196
494,1024,0.1443561584104744
1106,741,0.14435362674483904
928,649,0.14433420429125307
291,1110,0.14433138503484685
870,1080,0.14432901532810266
1130,180,0.14430679306943897
870,71,0.14430044855276397
1130,248,0.14429274526604013
870,1091,0.144285646074103
280,186,0.14427761432775713
494,1069,0.14425963754042231
478,1010,0.14424002392940347
1106,1076,0.14423197863411752
279,785,0.1442283057565468
974,768,0.1442210392873647
267,1126,0.14421821495621628
870,466,0.14421694287582176
700,637,0.14419563283536757
1106,876,0.14419278647255285
478,164,0.14418364705682193
17,1027,0.14416627310038252
188,666,0.14416486978940618
279,906,0.1441566921956966
17,327,0.1441433757652907
17,78,0.14414286359919176
1130,290,0.14413991496248932
960,898,0.1441227453281901
290,431,0.14412099988594748
974,1104,0.1441153780986634
494,1130,0.1441068052006022
291,931,0.14409108870379497
870,287,0.14408958808772268
290,755,0.1440836569764046
974,303,0.14407126686341837
291,262,0.1440640516279932
960,469,0.14405221830230314
700,725,0.14404961408778022
700,717,0.14404901094683903
272,10,0.144044169946654
101,606,0.14403948893170346
1130,72,0.1440363074743381
1003,794,0.14403347601479655
280,147,0.14402940546258297
272,1025,0.14402824172509404
272,282,0.14402712536912202
101,745,0.1440265026554159
1130,270,0.14402490161417136
960,606,0.14401488029590923
1003,7,0.14401388138951077
272,1001,0.14400970816609474
1106,472,0.14400577203407164
17,128,0.14397888780700888
494,1029,0.14397876573870136
960,1088,0.14397623595051534
272,503,0.14397113599733333
279,318,0.14396279248461982
272,474,0.14395118819102254
974,376,0.1439460002327281
1130,730,0.14394379486678224
17,521,0.1439307255917349
1106,457,0.1439306684199417
291,483,0.14391045406006
870,258,0.14390976741085557
870,182,0.14390108396043036
700,772,0.14389923267013568
1130,1058,0.14389690075492642
272,652,0.14389173220691065
1130,1082,0.1438896470312253
928,1131,0.14388601711274399
974,815,0.1438854446659299
267,266,0.14388470657468208
1130,751,0.14388262640840016
17,1041,0.1438798650942916
928,963,0.14387823439925654
700,226,0.14387511016534954
1003,775,0.14386575470271673
279,782,0.14386219893594915
17,88,0.14385713301831216
700,411,0.14384384483822846
101,470,0.1438409540109887
272,643,0.14383814217837826
494,173,0.14383474758174347
974,670,0.1438330699423178
17,459,0.14383060734736228
700,829,0.14381696714460268
291,344,0.14381084046698867
494,924,0.14380945807273404
267,485,0.1438087908063027
267,314,0.14380577058823563
272,130,0.14378377095535355
1130,77,0.14377771494373415
279,141,0.14377040204224573
279,422,0.14376704091655765
272,191,0.1437599863358967
279,931,0.14375922386595133
17,267,0.1437522209698455
700,708,0.14374465684000667
279,104,0.14373894457162575
928,982,0.14373848745302295
291,671,0.1437376386764208
599,780,0.1437279307847966
494,15,0.14372729249786656
974,237,0.1437240115858916
272,35,0.14372106845236027
279,678,0.14371012182460113
928,884,0.1437080580249408
1003,840,0.143705895738886
1003,411,0.1437053603384761
822,995,0.14370026032689764
928,390,0.1436990337368435
599,699,0.1436967184558539
700,480,0.14369668526739243
822,744,0.143692650718342
267,704,0.14367899675961576
870,714,0.1436786558878982
494,2,0.1436762910768796
1003,916,0.14366510494801676
17,264,0.14365882816078954
101,551,0.14364736619223464
700,513,0.1436465033761692
291,788,0.14364546749237386
17,563,0.14363681702497239
494,332,0.14363381255259763
291,802,0.14362986843167003
291,376,0.14361461995183247
700,522,0.14361329537499742
1003,191,0.14360000523831645
1003,260,0.14359793058148057
1003,509,0.14358954885035494
1003,342,0.1435878807361709
17,939,0.1435876426614397
272,103,0.1435805647693471
974,567,0.14357556359120782
279,192,0.1435733848508198
101,942,0.14354928027318575
974,1120,0.1435313940219032
279,98,0.1435278869879117
272,728,0.14352331025831652
974,622,0.14351854367471378
17,551,0.1435168560812835
290,281,0.14351343505288264
700,343,0.14351097411807395
928,976,0.14350208723396038
272,246,0.14349944028144535
291,478,0.1434866191986575
478,519,0.14347901458904103
974,699,0.14347694216793364
870,359,0.14347032009744734
267,725,0.14345623496325582
280,319,0.14344301442747226
1130,680,0.14344109262711435
974,663,0.1434210639061912
272,560,0.1434120376772057
101,172,0.14340245144074562
290,779,0.14338751448302345
700,1113,0.143376685686597
272,628,0.14337371304876212
1003,689,0.14337208913202087
870,590,0.14336809587325786
960,98,0.14336798896773917
700,357,0.14336412301860613
291,198,0.14336139248961682
960,688,0.14336096490102856
974,687,0.143352912058398
279,215,0.1433462698865055
928,879,0.14334515289219932
1106,673,0.14334203986826463
101,20,0.14333696477059318
822,187,0.14333436107281247
870,314,0.14332754498221714
17,186,0.14331684712323936
267,289,0.1433094248413559
188,860,0.1433087377948633
700,759,0.14330812373498547
101,1045,0.14330616384891637
1130,659,0.14329075800077493
279,352,0.1432772929981135
974,621,0.14327540851036114
17,1017,0.14326931865089007
291,777,0.14323194320089327
1130,334,0.14322642304079836
478,236,0.14322391509236967
700,989,0.14322309590080734
291,11,0.1432136575356961
974,673,0.14320325195346684
700,113,0.1431994641927907
267,1072,0.1431993293730616
974,46,0.14319539004757942
1130,1068,0.14319428901038797
599,239,0.1431899780955083
101,484,0.1431758628909868
1106,1053,0.14317326120222995
478,113,0.14314640168296733
928,889,0.14313121412269159
280,673,0.14312990267480127
960,774,0.1431202894909081
960,309,0.14311486642278848
290,172,0.14310793682252582
1003,427,0.14310271491787815
267,1068,0.143094036723114
267,227,0.1430889806998358
700,476,0.1430888916214424
1130,8,0.1430768348854091
494,215,0.14307353513805204
17,707,0.14307230541945917
1130,118,0.14306869188203566
494,778,0.143065859330023
1003,616,0.14306518819745448
974,810,0.14305921189164425
974,490,0.14305874623907067
188,230,0.1430563039744659
960,1045,0.14305522338066146
279,768,0.14305519672085548
822,123,0.14305403159037647
974,8,0.14303974979882153
272,486,0.14303828268560725
1003,186,0.143028282911794
822,811,0.14301984076943505
17,751,0.14301859740485978
1003,164,0.14301440715419636
1130,160,0.14300642095849314
1130,587,0.14299679138148444
822,724,0.1429959686289088
1130,60,0.14298807459953858
494,1129,0.1429759551200336
822,342,0.1429439206136243
599,103,0.14294244694261832
101,820,0.14294186930885033
272,941,0.14293040768813778
1106,121,0.14292994462659614
267,989,0.14291537903127827
974,1115,0.14290566310091476
17,97,0.1428951505854109
974,283,0.14288081642673497
290,500,0.14287784614039217
279,239,0.14287210486388974
974,384,0.14287183691841368
272,342,0.1428356922351209
290,1087,0.14283552565742008
279,264,0.14280950036853068
870,919,0.14279766469215768
599,1118,0.1427969244737015
1003,1099,0.14279540382501704
291,683,0.14279027165593527
870,892,0.14278875157245585
1130,464,0.14278850884582123
1130,138,0.14278360451935268
279,787,0.1427823643121797
960,758,0.1427811619891332
974,1058,0.1427783041706164
700,740,0.14275285743025237
700,381,0.1427490299168648
1130,523,0.1427484468016725
700,218,0.14273546373422025
279,114,0.14271824600835323
700,400,0.14271396022738853
101,665,0.14270897663393642
700,547,0.14270442007669804
17,1075,0.14270286044644873
974,251,0.14270067332930636
1106,417,0.14269488760975596
279,228,0.1426936629118432
279,631,0.14269059017443655
1003,422,0.14268719908139835
599,589,0.14268321604090184
279,673,0.14268307443583855
494,865,0.1426794565763995
1106,281,0.14267896814121162
700,185,0.14267249234045
822,1089,0.1426702619703124
599,498,0.14266773199971836
272,736,0.14266562040509062
700,850,0.1426635502671591
101,750,0.14266004742661756
1003,850,0.14266003059553342
17,198,0.14265246982301535
17,180,0.1426434958078187
870,665,0.14263988346118345
974,249,0.14262086297023724
290,692,0.1426162541396463
974,345,0.14261181217844923
279,323,0.14261016781789215
290,775,0.14260068791097127
272,531,0.14259750411961222
1130,220,0.1425945096791067
700,138,0.14259275594997942
599,1039,0.14258499223685833
1003,70,0.14257943768690637
1130,622,0.14257687737956762
279,311,0.14257493541124241
291,206,0.14256919207387234
101,22,0.14256829262148138
291,105,0.14256606674934763
599,1088,0.14256085510507063
1130,39,0.14255804256069957
870,543,0.14255789207348654
870,949,0.14255704406357944
494,118,0.14255503395347635
272,609,0.1425442718081312
974,1039,0.14254073483769564
822,155,0.14253955060959675
599,245,0.1425389733449005
267,653,0.14253547399601782
291,743,0.1425353516470193
17,779,0.14251416150980936
974,651,0.14251206391346122
1106,312,0.14250268955704035
870,363,0.1425013857246401
188,535,0.14248893457697395
870,505,0.142488185458329
279,535,0.1424678525484853
290,131,0.14246751156259324
188,150,0.14246315572325366
1003,612,0.14246280349920223
1130,791,0.14245939094571544
1130,347,0.14244974082127937
494,1100,0.14244299032372576
928,1045,0.1424290158401339
291,1120,0.1424215606076899
1003,833,0.14241405919049388
822,454,0.14239637603628466
279,1092,0.14238863889353606
599,111,0.14238607777003456
974,991,0.14238454754958724
599,302,0.14238338542435114
974,305,0.14238121372439627
291,1031,0.14237089822303442
700,20,0.14236649465437926
974,14,0.14236017862851252
974,1097,0.14235800332747964
1106,120,0.14235482645662503
272,98,0.14235397355749055
700,104,0.14235371373685374
599,206,0.14234570804404273
599,208,0.14234518392621381
599,677,0.14233967112563553
17,833,0.14233421300381618
960,703,0.1423294463850677
700,28,0.14232368156683659
101,681,0.1423236506354774
870,423,0.14232131339941895
290,334,0.14231571488549186
291,446,0.14231500777142564
290,320,0.14231202687538505
1106,403,0.1423033751276756
494,751,0.1423020976937819
291,73,0.14229115622141492
928,900,0.14228116450633005
700,905,0.1422708327493852
599,214,0.1422685580885606
1106,603,0.14226407191821142
279,847,0.14226369340351616
279,1031,0.14225817956706718
279,997,0.14225178812551134
1130,598,0.14224227239796164
700,245,0.1422344834574784
599,68,0.1422339745419379
1130,581,0.14222842319101017
599,853,0.14222492448337226
1003,547,0.1422231351113672
17,1066,0.14222105025099505
1003,352,0.14220354556640438
700,420,0.14219715147942807
974,987,0.14219662280904313
494,402,0.14219244865415837
1106,824,0.14219165534337935
188,590,0.14218406122334773
960,871,0.1421827836038993
101,1016,0.14217479752151804
279,551,0.1421733221748381
280,329,0.14217159934327225
188,1038,0.14217067519890694
279,88,0.14216774444464134
700,1124,0.14216222106047907
974,1131,0.14215968494153752
1130,1118,0.1421563230491323
1106,637,0.14214471774627346
822,593,0.14214335797743716
478,418,0.14214232479467723
1130,379,0.1421394184603611
291,4,0.1421381440843365
1106,167,0.14209161944498372
494,49,0.14207198669105486
870,374,0.14205446799433305
870,237,0.14205394595833898
1106,823,0.14204920882570568
822,888,0.14204245574640054
1130,686,0.142038393852573
700,592,0.14203271324110772
822,870,0.14202450429701952
1003,1041,0.1420176901466452
494,172,0.1419992061989962
822,931,0.1419951428283077
870,307,0.14199136963602924
17,301,0.1419905266044707
478,879,0.1419866694722287
974,818,0.14198422017007456
291,688,0.14198282772458076
599,584,0.14198175379177763
1003,513,0.14197820291125518
101,496,0.1419720679222315
1003,1057,0.141970361934188
1003,19,0.1419653947101697
1130,832,0.14196165392021617
599,105,0.141928139330124
279,706,0.14192753091220997
870,236,0.14192723393168108
599,843,0.14192648328975052
188,748,0.14192458052724907
599,34,0.14191751418790666
700,277,0.1419129047939813
280,388,0.1419126375530747
700,36,0.1419114643393386
478,303,0.14190085652564652
267,533,0.1418930810388147
700,695,0.14188561983372716
1130,480,0.1418751340784231
279,33,0.14186681213060626
1003,582,0.1418650185669073
928,302,0.14186245501953032
700,227,0.1418574249588112
17,962,0.14185703804806984
279,804,0.14185645538022093
700,239,0.14185412363718197
700,881,0.14185409026730092
272,742,0.14184503353729142
188,887,0.14184467449984095
272,733,0.14184370267686583
1003,374,0.1418304206558385
1106,807,0.14182993951598688
822,762,0.14182649984645104
494,1078,0.14180795634519938
478,998,0.1418077002747494
279,992,0.14180522804493897
1106,470,0.141802131174152
494,956,0.14178101899086418
974,676,0.14178013196444028
449,800,0.14177638694579522
1130,1076,0.14177224973881708
974,561,0.14177074296559614
291,311,0.1417616032379342
279,812,0.14175944815675814
974,226,0.14175831340957926
279,996,0.14175740179176416
1130,509,0.1417505937471549
974,330,0.14174923483315469
928,926,0.14173522485586929
188,571,0.14173119996093206
974,749,0.14173114606717072
272,32,0.1417301744524585
267,750,0.14172944614297986
494,833,0.14172889122738985
291,551,0.1417283521271138
291,597,0.14171978750083658
1003,603,0.14171628335237968
599,386,0.1417156796403924
960,250,0.1417148670210084
478,717,0.1417104807700768
17,33,0.14169743205779226
267,355,0.14169349687403604
279,435,0.14168766259005594
1003,857,0.14168411714757786
870,321,0.1416797311284498
1130,74,0.1416793428476174
494,155,0.14167873084485347
1003,423,0.1416582605762381
700,136,0.14165325284896277
1106,756,0.14165149178726197
279,1050,0.14164841395071698
1003,491,0.14164352312433995
494,577,0.14163913329772335
272,213,0.14163748349905128
478,755,0.14162762802408738
870,822,0.14161891843010752
870,116,0.14160734048684506
700,738,0.14160518018996812
1106,381,0.14159917102559552
291,255,0.14159388761798827
870,134,0.14158827469166124
1130,210,0.14157391392229376
1130,770,0.1415695703509572
870,459,0.1415618717094352
478,896,0.14156069814551872
17,934,0.14155904173814077
494,406,0.1415577707789308
290,447,0.14155017636489833
1106,1014,0.14154638430886787
870,259,0.14154217810972053
291,154,0.14154010475236337
599,815,0.14153552798210875
1106,608,0.14153421244177122
1003,84,0.14153022362702328
290,900,0.14152308708601238
1003,12,0.14152178904961685
279,105,0.14151592611878397
280,93,0.14151138439938035
974,235,0.1414950906090515
1003,615,0.14149056863522783
700,591,0.14148457908814727
449,177,0.1414799169260294
1003,156,0.14147314766914074
1003,572,0.14147054920153615
599,879,0.14146429705639624
17,963,0.1414618955018963
974,424,0.14146042378177007
279,1009,0.14145589199604883
1003,1131,0.14145489297034225
291,664,0.14144482511066195
290,1077,0.1414442016091082
279,1058,0.14143182226245973
267,667,0.1414142844645567
700,435,0.1414073255529591
870,934,0.1414028439382871
599,650,0.1413995048070812
101,1118,0.14137905130339984
449,1020,0.1413716582261636
822,1105,0.14137046290627447
700,857,0.14136851719748886
272,239,0.14136454422895292
870,563,0.14135243523484714
17,613,0.14134857672263504
974,43,0.1413471654403488
279,517,0.14134521621778368
1130,201,0.1413407558493972
291,276,0.14133872063594094
700,627,0.14133775866640763
599,512,0.14131425516960314
494,608,0.14130722295988082
928,711,0.14130169038874896
870,465,0.14129212560721996
291,413,0.1412844642879496
494,613,0.14128427168053814
1106,57,0.1412812091991698
1130,568,0.14128099367591473
700,181,0.1412791243942709
822,396,0.1412784166412728
279,281,0.14127542393113238
478,658,0.14127206152259433
478,869,0.14126310221894509
279,724,0.14126309306894566
599,419,0.14125235007647585
17,530,0.14124795931850143
291,767,0.14124307553534624
599,607,0.14123969347652238
279,9,0.14123946137944948
290,498,0.14122910459396656
478,1109,0.14122450071770348
279,1112,0.1412206155536809
928,509,0.14120574355371607
290,1032,0.14120271141203686
1106,495,0.14119817032870122
700,517,0.14119413508737816
17,918,0.14118628281366732
1106,456,0.141182271500985
1003,437,0.14118161185332026
700,879,0.14117164655695416
478,128,0.1411710225015134
870,366,0.14116687347545967
599,368,0.1411654972201907
1130,1051,0.14116428057933778
599,999,0.14116163499925435
272,405,0.1411486277999277
478,758,0.14114775089126325
290,246,0.1411456367159929
700,932,0.14114381642040785
974,615,0.1411416438316515
974,594,0.14113916045174169
279,938,0.14111589017537388
1003,62,0.14111579774841107
494,358,0.14111547905274374
291,214,0.14111290375301008
1106,265,0.14110485322512561
870,58,0.14110407258539187
974,657,0.14110267388032344
1003,366,0.14110043189577673
700,389,0.14109932628816912
17,915,0.1410854289969021
870,582,0.14108461035675118
188,735,0.14108237415603564
974,836,0.141080688770568
267,1113,0.14108055419418816
188,385,0.14107734378541653
928,204,0.14107566955990963
478,479,0.14107230119720723
478,328,0.1410632072600103
599,1100,0.14105988333313146
478,618,0.14105342191642606
449,1108,0.14105327046543828
290,302,0.1410531494002551
17,1100,0.1410467000163668
1130,855,0.14103521280715176
17,1063,0.1410287539033234
279,1059,0.14102193008752625
1130,1117,0.1409959403914176
599,1062,0.14099343106049744
478,76,0.1409888081692236
1106,290,0.14098792510794367
960,109,0.14098580972764743
974,1069,0.1409844227314931
494,464,0.14097125792166895
1130,411,0.14096944819102486
188,425,0.1409693744471943
1130,394,0.14096683626411788
1106,1037,0.14096333338305742
279,175,0.14095949639141542
1003,874,0.14095820303184595
17,1,0.14095444466266988
599,871,0.14095396945702934
494,525,0.14095246063035174
280,617,0.14095033758391123
1003,195,0.1409390679318541
267,799,0.14093796296353336
1003,970,0.1409345800785084
974,348,0.14092386781631608
1106,900,0.1409112078120396
290,350,0.14090592606455754
478,704,0.14089272525525673
494,410,0.1408760243176936
1003,32,0.1408649504157026
960,586,0.1408631187757062
870,219,0.14085286393675656
599,451,0.1408428977516674
1130,466,0.14084234894713465
280,654,0.14083546179130885
280,234,0.1408348179398205
279,240,0.14083020552080405
478,582,0.14082457720808675
700,504,0.14082348585071808
478,406,0.14082180222035526
267,811,0.14082141744912763
1003,153,0.140795924392504
1106,767,0.140795445023579
974,48,0.1407925621716741
1130,136,0.14079085392638513
478,1097,0.14078889966109084
279,835,0.14078506594625448
700,114,0.14078166898964373
1003,96,0.14076315942652676
1130,842,0.1407576646520133
17,827,0.14074568125438408
870,1026,0.14073604413879676
974,1063,0.14073343211735947
1003,742,0.140729331406624
272,110,0.14072269761029857
960,48,0.1407163343726526
974,416,0.14071465514155007
279,608,0.14071201159867894
700,876,0.14071014905140003
822,883,0.14070471766362272
290,669,0.14069816991061923
1130,702,0.14069801096015105
1130,562,0.14069466095018757
1130,352,0.1406937921344933
974,827,0.14069153522202557
290,322,0.14069085730688322
870,768,0.14069024132766147
494,424,0.14068820180985822
1130,17,0.14068589138889065
1130,777,0.1406843456874629
1003,447,0.1406820620893324
17,587,0.1406754734132585
1003,213,0.14067010988667575
974,966,0.14066935903615274
1003,183,0.14066872698201757
279,416,0.14066860905217562
17,1089,0.14066799156576948
291,825,0.14066694904209567
279,618,0.1406668437375022
272,1129,0.1406569648196572
1106,840,0.14064608270456508
822,998,0.1406434264211445
1003,621,0.14064008401807612
1130,300,0.14063746995862605
1130,446,0.14063602095321517
1106,596,0.14063284905842732
17,800,0.14063239017339293
822,471,0.14062941710749202
291,637,0.14062893966739362
1106,993,0.140628597421576
1003,709,0.1406227434472253
17,84,0.14062113545141003
960,84,0.14061796558515474
1130,1066,0.1406165269102881
17,1002,0.14061271419040133
478,108,0.14061059161344874
279,329,0.1406097647203158
494,950,0.14060858818850527
974,39,0.14060162091020253
279,697,0.14059328038343444
700,933,0.1405929777032116
928,432,0.14059179693941248
1003,917,0.14058871021182262
188,347,0.14058436096570534
272,385,0.14058248514626112
974,198,0.14058045240434344
870,760,0.1405799339959439
1106,176,0.14057915634344717
700,617,0.14057744274403194
599,1099,0.14057602820082002
101,296,0.14057018699743326
478,1090,0.14055304657874168
974,339,0.14055288209655023
960,702,0.14055209355119988
928,762,0.14054676701593025
17,647,0.14054645240370278
272,561,0.14054360639063987
1130,391,0.14053961206791793
272,1058,0.14053743766040497
928,978,0.14053560335040316
101,50,0.14052739877006507
280,238,0.14052588758275195
494,619,0.14051866983784547
279,81,0.14051840464021764
267,1077,0.14051838384211568
279,414,0.14051341595512
1130,835,0.14050613646175186
494,543,0.1405050081355129
279,689,0.14050207602347878
272,132,0.14049928272609502
267,832,0.14049653034386556
599,8,0.14049616906120588
974,458,0.1404936926096897
822,494,0.14049368639469237
870,735,0.1404844026018667
1130,170,0.1404829701193475
1130,749,0.14047965345210844
188,743,0.14047120686352477
290,430,0.1404683875251439
1045,394,0.14046797804174324
279,342,0.14046648672493425
1130,422,0.14045834929620832
272,1059,0.1404533156589483
17,6,0.14045327923807668
974,1,0.14044798906039044
870,1065,0.14043896527340854
291,1095,0.14040873217202912
1003,299,0.14039843141148764
1003,527,0.1403981002085152
928,860,0.14038915693765636
599,226,0.14038216751951751
974,267,0.14037481381781342
700,1033,0.14036905357822677
870,32,0.14036771578684254
960,810,0.14036692627032524
870,488,0.14036388287041657
279,442,0.14036341880113629
272,9,0.14036326937852553
279,950,0.1403610452125005
700,349,0.1403587902800118
870,355,0.14035293226996404
494,647,0.1403433638049926
822,63,0.14034207564363466
279,489,0.14034164435981566
870,192,0.14033033469490885
1106,948,0.1403282375397451
272,526,0.14031955875203989
279,802,0.1403135377036326
267,766,0.1402967756797345
1003,329,0.14028942273675166
599,851,0.14028892233368898
17,610,0.14027531129106763
290,1079,0.14027234300766325
267,334,0.14026214138133003
700,116,0.1402565198015198
188,72,0.14025504345577883
974,323,0.14024915723474066
960,705,0.14024600286409003
870,391,0.14023883034506246
870,458,0.14023393457091046
290,372,0.1402327167520566
1003,1021,0.14022989974460318
599,560,0.14022943359589282
1130,465,0.14022767188795837
279,506,0.14022049104599515
267,180,0.1402149579900114
870,917,0.14021454174562437
1130,643,0.1402140756370416
928,872,0.1402127699346016
279,71,0.14020245689918667
17,527,0.14017362128355648
280,432,0.14017243699178994
599,2,0.14016566952462878
280,62,0.1401628659559533
700,849,0.14015805807060633
960,530,0.14015353661625632
17,1071,0.14015150026390194
291,1058,0.1401445240024312
1106,798,0.14014351622979185
1003,349,0.1401431687814913
494,372,0.14014316509725808
599,1083,0.14013876976593997
478,241,0.1401327365954474
280,1052,0.14012264336113997
449,1057,0.1401204991296085
870,1014,0.14011895959871168
974,489,0.14011847890757081
478,832,0.1401178477439153
822,264,0.14011735426180466
700,144,0.14011665874381005
1130,532,0.1401149931980882
290,773,0.1401065749806585
700,1046,0.14010294708170717
960,9,0.1401023586115902
960,74,0.14009663135188605
1130,722,0.14009194348823778
494,405,0.14008969183381645
267,1032,0.14008462079924466
960,967,0.1400786032239542
291,166,0.14007766726313617
960,301,0.14007759816627077
279,842,0.14006538019251064
290,663,0.14006157370564537
1106,763,0.14006048755522832
974,350,0.14004240061905734
870,854,0.14003701341538113
101,418,0.14003421362764018
1130,961,0.14002929625896332
290,634,0.1400286338675083
272,108,0.14002311037358062
974,772,0.14002224972080052
1003,391,0.1400163712561859
1130,950,0.14001239966210557
700,100,0.14001109656727198
267,408,0.14000103665595656
599,601,0.1399914844424285
17,578,0.13998526687534515
700,1104,0.13998415008372853
291,681,0.13998395990155504
290,118,0.1399775220026299
1003,166,0.13996211155651475
449,289,0.13996200206406786
974,1099,0.13996127410214088
974,582,0.1399512947916986
928,122,0.13994923367100168
1130,252,0.13994870274941615
291,430,0.1399450761105213
290,972,0.13993770088094734
17,835,0.1399343129773854
870,524,0.1399338250454379
1130,774,0.1399228317777183
17,974,0.13992107395471176
280,207,0.13992088488944865
960,234,0.13992086781352747
267,785,0.13991137253868474
822,325,0.1399047472386543
870,470,0.13990295830618824
822,648,0.13990015164254632
1130,433,0.13989100623075984
188,994,0.13987623973299926
870,802,0.13987496655318898
478,857,0.13986927862806373
974,717,0.13986844067212933
1106,91,0.13986833769255017
700,128,0.13986258898541806
478,118,0.1398605032587764
974,984,0.13985160332629598
279,626,0.139850499977391
478,721,0.1398382387081445
1003,485,0.13982845411160483
700,781,0.13982753853306418
928,472,0.139826173762214
291,789,0.13982577004174745
1130,644,0.13982490637458608
478,402,0.13981209245797652
700,375,0.13980243867391437
1003,1071,0.13980045662800714
1130,606,0.13979542789417188
494,467,0.13979411722121562
928,750,0.13979296723333431
291,373,0.1397912119444411
1130,489,0.13978281578552249
279,957,0.13978222157351525
279,261,0.1397800777792043
272,200,0.13976896433310262
291,1105,0.13976680153581436
494,574,0.1397665541865231
1003,58,0.1397540143660065
1130,198,0.13975218836019443
101,151,0.13974909933867422
478,1085,0.13972964432732682
1130,40,0.13971980256066752
1003,965,0.13971978985252378
17,369,0.13971953469560447
599,783,0.1397190867624574
960,2,0.13971907328089836
960,491,0.13970995240658285
599,347,0.13968313290795067
101,162,0.13968267291479317
700,882,0.13968020851236645
101,201,0.13967864682493938
279,1034,0.13967864477376224
599,958,0.13967809856517918
17,520,0.1396746603148592
17,443,0.13967118478553328
1130,402,0.13966046861266104
17,451,0.13964723800311266
599,188,0.13964634384183433
291,890,0.1396435181069347
101,958,0.13964256405096004
272,763,0.13963916818764643
279,309,0.13963571801051278
272,229,0.13963031702733456
974,306,0.1396263904363958
291,619,0.1396245407474252
1130,559,0.13962385498016422
291,172,0.13962115571103145
870,44,0.13961119716473802
290,103,0.13960564779450102
291,606,0.13960225355129152
279,385,0.13959810849572632
272,317,0.13959558499330155
1130,586,0.13959112455937706
291,1111,0.1395846591107166
272,386,0.1395822705488672
1130,12,0.13957564517476553
700,182,0.13957538033479072
272,796,0.139570622476259
974,681,0.13955642365389972
870,614,0.13955289807643995
267,556,0.13954582948272515
272,384,0.13954434808533112
279,679,0.13953609640525524
599,608,0.1395344115177324
1130,827,0.13952934205274925
280,821,0.13952740753116402
599,195,0.1395252579326719
1003,362,0.13951537646883783
700,542,0.1395130492887743
17,60,0.1395122932355211
1106,760,0.1395116872721771
974,190,0.1395077939701977
272,420,0.13950673336927233
960,413,0.13949781813229567
700,92,0.13949312747544076
478,1122,0.1394853314345007
101,388,0.1394808601846979
279,163,0.1394790674956611
280,874,0.1394627588949573
599,922,0.13945346971485822
291,1099,0.13945345361767805
101,905,0.13944740964140653
700,983,0.13944376338145706
494,138,0.13944178012004427
478,142,0.13943830455820716
928,425,0.1394369644588213
928,601,0.13943303767714613
822,838,0.13943248118540907
599,670,0.13943135421902778
599,56,0.13942345071860154
870,731,0.13942072258292817
279,688,0.13941786154242916
494,997,0.13941738191447517
267,31,0.13941581633327862
188,809,0.13941396750064874
1106,179,0.1394093054095112
700,749,0.13940566754009945
974,604,0.13940391467421684
1130,330,0.1394028770157294
279,8,0.1394027669141205
822,493,0.1394011732691787
272,139,0.13940089781451884
1106,585,0.13939951191387764
291,1053,0.13939703373442347
272,158,0.13939638105500218
291,604,0.13939287660690622
291,705,0.13938892254071558
599,382,0.1393750309871198
822,564,0.13937396263907914
870,857,0.13936394173232755
267,726,0.1393635478648863
700,1099,0.13936354370465417
822,135,0.13935382707251046
267,411,0.13934907640765587
1106,558,0.1393444392899827
101,80,0.13933777957618296
279,510,0.13933497281191115
290,548,0.13933123227588282
822,530,0.13932798953129594
700,715,0.1393235089010499
291,917,0.13932034591745268
1130,1065,0.1393039093830295
960,893,0.13930308146037515
291,436,0.13930102661736563
279,320,0.1392946457484648
870,653,0.13928663797836463
599,919,0.1392858238338493
279,351,0.13928205051529985
17,873,0.13927453990354974
17,1033,0.13926891632453708
449,1088,0.13926481146365938
101,481,0.13925285988326505
700,768,0.13924736494457776
272,1128,0.1392470489952449
960,860,0.13923654712434713
599,1112,0.13923603398267742
960,359,0.1392268570658255
599,468,0.1392230732870869
700,565,0.13921202571824287
101,649,0.13920657892376614
870,1070,0.13920243973001617
279,115,0.13920063266743224
870,481,0.13919221582015237
291,741,0.13918705842238924
1130,775,0.13918253869398575
1130,1043,0.13917500423273615
870,630,0.1391723436131838
1106,1109,0.13917231188549573
17,1090,0.1391700644917314
960,221,0.13916692250055368
291,353,0.1391582950378972
928,164,0.13915714789652842
928,31,0.13914294447892947
700,892,0.13913685305607043
1130,47,0.13913564019406255
101,1127,0.13912474762475668
272,983,0.13912392265485451
478,170,0.13912161966515713
870,929,0.13911549123002
974,614,0.13911165758164945
1003,521,0.1391063384502324
974,1037,0.13910376199038246
599,984,0.13910287394667695
1106,481,0.13909980602886096
1003,528,0.13909367540160425
290,1027,0.1390810568635876
290,329,0.13906669390180962
272,1073,0.13906161152164873
272,1091,0.13905679957308664
870,154,0.13905190029958675
1130,368,0.13904662498332288
279,74,0.13904524437547292
279,49,0.1390442623187866
1130,543,0.13903781507867402
494,590,0.13903680054549744
960,32,0.13903260173731585
272,844,0.13903251106467135
1003,610,0.13903038830360648
960,674,0.13902757867584495
870,530,0.1390223373903847
599,1017,0.1390142752269162
1130,82,0.13900213063268818
1106,1084,0.1389848662473142
17,458,0.13898235018709187
17,1125,0.1389817151211242
290,270,0.13898139982968996
960,977,0.13898046859512886
291,500,0.13897571876385192
599,950,0.13896817999028732
599,1096,0.13896003344836527
870,849,0.13894900130615798
17,929,0.1389470930913487
291,1037,0.13894678974905078
700,1017,0.1389305351974958
17,973,0.13892226175011846
267,577,0.13891578524617262
870,411,0.13891372411576694
17,227,0.13891316316479058
1130,445,0.1389102515193022
1106,394,0.13890097663478487
1106,982,0.1388970358064661
272,37,0.13888407997069413
267,1130,0.1388823830328878
599,930,0.13887980071074338
188,657,0.13887670700391663
17,271,0.13887250106939505
928,1129,0.13885736128981976
700,940,0.13885599254291742
1003,444,0.13885012119679543
928,499,0.13884470483154857
822,688,0.13884201436387775
1003,60,0.13883430972408206
1003,675,0.13883165451524265
279,883,0.1388299229881276
291,926,0.1388278634957589
599,962,0.13882783811251956
478,81,0.1388198324291489
279,639,0.1388191811105449
280,973,0.13881818920819175
960,492,0.13881812688472828
1106,12,0.1388162174923501
599,1109,0.1388107060997697
1130,858,0.13881047154873064
960,198,0.13880841457428866
17,460,0.13880774568889392
290,186,0.13880320956096112
599,648,0.13879275127597188
870,873,0.13878520792038965
822,950,0.13878461664691125
17,923,0.13878135190614035
478,820,0.13877766395932242
290,733,0.13877570982393228
928,1071,0.13877402448239368
291,1085,0.13876727214175127
188,22,0.13876560369533592
279,961,0.1387574802524681
822,956,0.13875398588579535
974,1087,0.13875369630080767
478,866,0.1387533307753401
188,788,0.13875291648564206
960,323,0.13874968224532613
494,730,0.13874940669281502
291,781,0.13874413053484522
101,648,0.13874147710129855
599,597,0.1387312455614759
870,251,0.13872948141526817
478,1066,0.1387252916889451
599,1122,0.13872525602018315
101,1128,0.13872190472677465
1130,989,0.1387167741467211
279,922,0.13871456971331167
291,28,0.1387118840880013
494,655,0.13869668664530463
291,823,0.13869610871712493
272,881,0.13869160327733385
17,812,0.1386861608717396
272,647,0.13868527386443247
822,638,0.13868428760996462
1003,421,0.13868324598253418
291,815,0.13868189689391122
1106,724,0.13868111353815085
928,960,0.13868070418796083
599,799,0.13867592309510726
291,313,0.1386749279173475
494,385,0.13866517220444596
700,23,0.13866406659868297
1106,779,0.13865037982026485
267,553,0.13865007326149428
494,679,0.13865004111768006
1130,257,0.13864352490676674
974,19,0.13863739458423036
1003,343,0.13862830828504663
599,541,0.13862780516256307
599,1101,0.1386239636010586
291,88,0.13860738500348918
291,955,0.13859505988468
279,670,0.13859235030101347
700,590,0.13858836472708483
290,364,0.1385856650162
279,271,0.1385713324008853
974,1074,0.13856928667415297
280,767,0.13856557514564183
279,643,0.1385650549447463
1106,221,0.13855780799329584
290,781,0.13855691108395152
822,206,0.13855168642526583
478,919,0.13854641699151388
1106,957,0.13854555316126194
494,962,0.1385432886175093
1130,610,0.13854133323828838
267,523,0.13854125751450685
478,920,0.13854057559401203
279,863,0.13853477850141577
291,488,0.13853165781261134
290,713,0.13851807720928475
478,265,0.13851708639265603
974,1030,0.1385038700326715
494,423,0.13849743914513465
188,663,0.1384928914193997
870,1067,0.13848466677907903
822,102,0.1384833164292717
101,368,0.1384754298395655
478,927,0.13847443243647437
17,335,0.1384727264948124
267,291,0.13846439459248572
494,852,0.13846403784600245
1130,728,0.13846312674208816
291,338,0.13845892670854879
1106,967,0.13845887735837387
279,852,0.1384566921364247
1003,884,0.13845266033379222
960,676,0.1384520895319058
280,270,0.1384490147691486
1003,284,0.13844564030527692
449,568,0.13844026824703679
822,338,0.13843988384835426
494,76,0.13843680450113804
101,17,0.1384261809939163
700,1097,0.1384241962512538
290,901,0.13841855924597693
494,1017,0.13840999866860337
478,917,0.13840932511774073
1003,950,0.13840263646364842
599,947,0.13838163945847343
279,219,0.13837826894972324
1130,857,0.1383660539432157
1003,933,0.1383613393706983
272,899,0.13834378346333115
599,196,0.13833757233920765
822,291,0.13832584079617613
870,119,0.1383188501313244
700,860,0.1383098735037163
960,498,0.13829503416371383
1130,1099,0.13827817349168062
267,237,0.13827326779591523
1106,524,0.13827120730714296
17,850,0.1382588506218993
101,337,0.13825667074806042
1130,583,0.13825535162383548
478,764,0.13825380254049546
1003,911,0.1382531521533706
291,933,0.13825248597633727
974,286,0.13825032409169732
449,545,0.1382499081616013
1130,696,0.13824104265587375
17,559,0.13824044097607738
267,103,0.13823112684147792
478,884,0.1382289804226355
960,604,0.13822461585687582
17,1070,0.13821705828633254
494,915,0.1382111922742538
290,626,0.1382013378244669
478,975,0.13819685514335764
974,1096,0.13819352047179667
478,73,0.13818838409968462
870,346,0.1381872718032167
279,495,0.13818659492277152
494,770,0.13818233813334094
279,283,0.138173334625755
17,823,0.13817152105666752
494,879,0.13816985760782208
291,537,0.13816433304414164
870,51,0.1381562332339086
17,133,0.13815598692380796
267,613,0.13815224558534825
272,533,0.1381407529503934
822,911,0.13813923247908635
974,422,0.13813832019220673
494,587,0.1381264262408162
494,188,0.13811017623531338
290,20,0.1381071421509406
1045,648,0.13810276361245635
822,613,0.13809836560041777
291,340,0.13809493709125262
267,816,0.1380920378840771
291,822,0.13809192573819135
17,980,0.13808358404126717
280,290,0.13806597545433533
1130,804,0.1380623412358909
1003,670,0.13806037583932734
267,882,0.13805974088122372
1003,517,0.13805815988767742
17,1078,0.13805120125723896
1003,18,0.13804731505183176
599,707,0.1380439742850513
700,223,0.13804162009419077
974,857,0.13803352620293308
17,543,0.13802898670749916
870,357,0.138027568773045
290,63,0.13802464686424123
974,284,0.13802314969914112
290,382,0.1380218692365414
1106,754,0.1380189722948986
279,793,0.13801378494034516
290,1012,0.13801329515192473
700,800,0.13801257859723895
1130,241,0.13801029622560124
279,52,0.13801023956481082
494,1055,0.13801010522366544
478,903,0.13800653659414047
291,535,0.13799625500108964
870,946,0.13798743150383436
290,277,0.13798230734555247
599,773,0.13798203887165975
928,767,0.13797769308334504
960,561,0.13796940356961257
1003,219,0.13796926418930028
700,502,0.13796923518941356
700,868,0.13796818979189623
1106,445,0.13796378634127213
928,449,0.13795715936349023
599,67,0.13795709584449878
1106,406,0.13795555848391317
290,1121,0.13795264603028803
280,415,0.13795099321126594
272,613,0.1379487826290262
700,38,0.1379487170117051
599,248,0.1379437903207003
1106,70,0.13792869701500307
960,1115,0.13792396601234863
272,190,0.137912629352676
101,1091,0.1379119752910547
1003,760,0.13790903968182308
478,638,0.13790463698247363
1003,1096,0.13790348272681882
870,157,0.13789397584205781
291,970,0.13788386220409335
928,502,0.13788352760706024
599,479,0.1378740685749586
1003,523,0.13786259575620008
974,667,0.13785715159651676
478,403,0.13785317428739063
290,864,0.13785010731390523
960,239,0.13784068749819325
280,718,0.13783875801674478
1106,880,0.13783267749025976
599,523,0.13783087344573663
279,568,0.137816728163731
290,525,0.13780897831068842
267,748,0.1378087622333995
272,34,0.13780800602744112
974,623,0.13779249551890008
272,656,0.13778313260968492
700,418,0.13777763908930407
974,508,0.1377753856692325
870,881,0.13777023516568127
101,713,0.13776968731562156
17,979,0.13776798778665958
290,701,0.13776754148777592
279,273,0.13776647570275333
1003,78,0.1377649642047256
494,501,0.13776268047069865
1106,1031,0.1377616721797912
974,397,0.13775909245205623
494,843,0.13775280407765772
101,560,0.13774585226223343
494,539,0.1377455768319921
188,1104,0.13773625071910062
279,692,0.13773212910995863
290,869,0.13772472585088202
700,112,0.13772424365567837
290,255,0.13771770669344965
279,893,0.13771732436478365
1130,825,0.13771106751129158
291,138,0.1377074488845353
291,656,0.13770096574997842
279,221,0.1376955718090238
279,216,0.13769429075627976
960,467,0.13769304312438027
1003,1014,0.1376912989093555
17,426,0.13768319995298448
291,76,0.1376775900706078
1106,748,0.13767724270529708
279,989,0.13767420806337252
101,656,0.13767147991432999
280,632,0.1376655889489144
272,225,0.137664723860376
1003,799,0.13766028757631896
494,1058,0.13765312635878021
101,1029,0.13765110005582182
928,28,0.13765098064556291
101,238,0.1376387811212911
290,601,0.13763875646092485
700,1062,0.1376381505185159
1003,643,0.13763448464101816
267,503,0.1376281384260189
478,923,0.13762734142144042
1130,574,0.1376271671943624
478,881,0.13762596173160843
1130,713,0.13762199039884035
822,523,0.1376208248234285
272,134,0.13762026289707432
478,693,0.1376176759925519
291,257,0.1376127381827118
17,996,0.13761122684420032
1106,914,0.13760499726396905
101,352,0.13759785720518256
101,184,0.13759784426566993
272,227,0.13759428633900597
279,258,0.1375842838638764
974,327,0.13758087100886532
928,993,0.1375768300351172
188,892,0.13756112032466225
928,257,0.13754962833850196
1003,688,0.13754776339454167
870,142,0.13754631161102226
870,961,0.13754434027933812
291,902,0.13754310250882743
478,45,0.13753717864608928
1130,93,0.13753684526484763
17,87,0.13753494509772035
494,313,0.13752720451335337
101,975,0.1375261549664958
974,734,0.1375258060395648
17,173,0.13751956729440531
599,470,0.1375064997661989
291,270,0.1375062691408276
272,674,0.13750427284165298
188,521,0.13749615507655896
267,406,0.13748949014302658
700,674,0.13748504986131516
974,101,0.13747842204155827
494,39,0.1374779704598764
700,939,0.13746963631229236
960,521,0.13745968448383986
870,1089,0.13745230007345116
188,952,0.1374492736953114
700,1114,0.13744820725838786
870,629,0.13744669660527797
478,456,0.1374448455632377
494,606,0.13744297865536
267,54,0.13744096125021452
822,83,0.1374409050832575
291,1034,0.13744060969733507
494,107,0.13742707972161824
870,736,0.13741819881282433
494,82,0.13740915845864277
449,69,0.13740734820738984
870,622,0.13740610922551152
290,361,0.13739578713426379
599,931,0.13738361720587683
822,303,0.13738339058648927
279,577,0.1373824271337778
974,855,0.13736623044839502
478,733,0.13736215031847923
928,667,0.13736098058541088
700,981,0.13734371328222308
700,1,0.13734240884442622
272,551,0.13733696148792113
1003,443,0.13732449057152754
291,171,0.13731616548579245
974,1007,0.13731022792579461
279,1012,0.1373101713220272
700,372,0.13730953667281354
494,58,0.13730914269122346
974,193,0.13730361817429784
272,994,0.13729570390253912
1130,671,0.13729080569511803
870,263,0.13728991795952528
494,369,0.13728800968032656
494,514,0.13728682953047336
974,40,0.137272373684381
1003,372,0.13726868784542193
267,953,0.13726197163786066
101,926,0.13726023627871686
291,1115,0.13725290283177288
1130,940,0.13724739331240582
188,381,0.13724525385196668
822,192,0.1372431239132763
478,493,0.13724194176203228
279,861,0.13724064589955726
1003,351,0.13722291413412482
494,438,0.13722212855949348
1106,1057,0.13722166990200724
974,526,0.13722096999558397
267,125,0.13722061638016836
1106,965,0.13721598473063032
974,145,0.1372132035883208
267,278,0.137206305767017
599,443,0.13720585660377657
870,1039,0.137194137734453
267,1014,0.1371845003364803
291,54,0.13718195612900613
870,191,0.13717778546726137
974,928,0.13717444512672314
494,306,0.13717125358007354
1130,1116,0.1371665639177384
700,364,0.1371658405033576
960,734,0.13716482727812007
822,1100,0.137162629198005
279,1033,0.13716257939084822
599,932,0.13716195586655378
822,985,0.13715945741363536
290,576,0.1371582607037879
478,913,0.1371576545497805
1130,580,0.13715358635186226
822,1048,0.1371527497892287
267,1129,0.13714495526354234
960,1098,0.13713458091107844
870,683,0.13712949212730027
494,226,0.13712547316348656
188,37,0.13712327516586328
478,484,0.13711651784692075
101,269,0.1371157448803806
17,324,0.13711021386993424
279,1001,0.13710781647381956
291,72,0.13710384939328538
928,466,0.1371034549142755
188,219,0.13709412051110828
700,485,0.13709071248431087
1003,744,0.1370898791032287
974,530,0.13708277509739875
291,323,0.13708018159496724
870,684,0.1370750912964425
291,26,0.13706847731333868
291,1127,0.13706632958487006
1106,353,0.1370632031290033
870,960,0.13705993180174722
1003,1102,0.13705624704139724
1130,1087,0.13705567853607564
599,763,0.13704873920456143
1003,676,0.13704767949889976
974,130,0.13704003412982174
1130,629,0.13703900430766303
280,899,0.1370384175348765
928,255,0.13703656596356406
478,645,0.13703181966741618
291,854,0.13702990840484214
870,21,0.1370269450043585
960,125,0.13702654860678992
101,423,0.13701512115622433
974,1066,0.13700242074172958
1106,4,0.13700129519312956
822,480,0.1369979373384566
279,226,0.13698900623938734
822,108,0.13698888044749508
290,390,0.13697756501810648
599,764,0.13697059655151936
280,335,0.13696965626656316
928,863,0.13696818230443863
599,521,0.13696752328499529
291,837,0.13696181484504324
101,568,0.1369613681445867
478,135,0.13695689756336685
960,55,0.13695498892038338
290,835,0.13695343846133756
960,155,0.13694392160377505
599,618,0.13694215126765924
478,863,0.13694200663871886
267,70,0.13692904454910537
1003,918,0.13692655342852242
188,707,0.13692054787736144
280,637,0.13691857917847086
101,413,0.1369184555117353
974,381,0.13691518164280997
1106,68,0.13691477476978667
101,1063,0.1369102690326208
1045,122,0.13690758825747246
822,680,0.1368894878736006
478,674,0.13687816699084876
279,138,0.13686447663050788
101,928,0.1368589466828694
700,111,0.13685707538380767
291,319,0.13685043862749438
188,457,0.13684486795184103
17,1054,0.13683568677383554
290,756,0.13683191476485612
1130,734,0.1368302518000658
822,51,0.1368204239395393
928,547,0.136813018412691
700,295,0.13680591873537123
599,869,0.13679707605186786
1003,43,0.13678869840975758
1003,550,0.13678540352057555
960,264,0.13677976114651522
101,1093,0.13677862186449583
17,308,0.1367762190422178
1003,215,0.1367744670296058
478,908,0.13677353408406037
1003,233,0.13676715103680012
1003,681,0.1367631713169103
267,360,0.13675399303921737
291,19,0.13675239175094037
822,133,0.13674935369003877
870,456,0.13673785445252354
960,406,0.136736958495851
870,487,0.13672090729923045
870,708,0.13671396511238706
700,713,0.1367133655331891
290,736,0.13670852382703805
101,236,0.13670562077467388
599,492,0.13669938824543534
279,278,0.13669898445487239
960,659,0.1366959641427405
822,587,0.1366939567918185
291,496,0.1366932147867285
478,771,0.13669008786785372
700,877,0.13668602209989056
267,1109,0.1366766894705682
928,26,0.1366739361652971
279,64,0.13666961635394304
974,760,0.13666956811044514
1130,719,0.1366652347780843
279,909,0.13665724051010728
101,1100,0.1366508884839803
17,427,0.1366473104243399
870,72,0.13663922511574708
599,325,0.13663604569650567
700,359,0.13662620943604242
1130,22,0.1366247500447044
599,577,0.13662067248986678
822,891,0.13661900215128517
870,53,0.13661430801327043
1106,928,0.13660558510479628
101,669,0.13660208328752707
960,376,0.13659859618309358
1003,569,0.13659473265892835
267,738,0.13659068895772106
1130,975,0.13658949992127886
494,892,0.13658866578345844
1003,630,0.13657948617624124
928,1084,0.13657887048003856
280,152,0.1365771856605118
279,953,0.13657222243369718
17,23,0.1365713273285784
822,442,0.13654902655604403
291,621,0.13654718106232477
17,713,0.13654649151397782
599,813,0.1365438491733605
870,295,0.13654314520790278
960,410,0.13654186943798471
101,483,0.13652596602846692
188,511,0.1365247706699868
1130,524,0.13652461122919907
17,1043,0.13652407205890854
599,257,0.13652314888280243
822,272,0.136522531436653
494,912,0.13652230670318458
188,884,0.13652106409439907
291,1035,0.13652078906755266
272,521,0.1365162735278011
494,271,0.1365133236149379
101,998,0.13651149235707685
291,454,0.13650895138956187
974,309,0.1365058060794388
870,60,0.13650504713752282
1130,273,0.1365040959686698
700,1073,0.13649991142434287
188,170,0.13649758038605758
280,484,0.1364906920622055
494,75,0.13648383533255462
822,1102,0.13647212749579604
1106,953,0.13646717132905248
974,551,0.13646057495602099
279,987,0.13645790138174096
291,469,0.13645625138587336
17,171,0.1364536831549682
290,889,0.1364503297667674
870,397,0.13644874044138974
290,157,0.1364462891787559
599,841,0.1364447831551272
478,712,0.13644397585104145
291,61,0.13644309839262506
272,265,0.13644032527135155
974,1042,0.13643785204796946
291,666,0.1364343071458356
870,375,0.13643175404227723
1130,964,0.1364289821658802
974,830,0.13642372617396398
960,913,0.1364125473098877
974,684,0.13640379515739812
599,614,0.13638478794722456
870,329,0.13638429129697052
974,259,0.13638183905731024
599,169,0.1363817612937619
974,337,0.13637849184868617
1106,1035,0.13637483415780702
17,658,0.13637135506473128
700,288,0.13637067667414485
188,867,0.13636256100554003
1130,790,0.13635234189119294
870,1028,0.13634849161442475
290,725,0.13634511041457487
599,241,0.1363447532581585
928,779,0.13634129177821466
870,271,0.1363359530455712
478,277,0.13633544959898336
960,490,0.13633359801994036
1003,1020,0.13633344380608525
960,872,0.13632414667063175
272,304,0.1363239118694518
1130,731,0.1363134216915244
279,185,0.13630521373587856
17,294,0.1362952112333206
478,96,0.1362861331725505
1106,1047,0.13628134375596493
17,726,0.13628043547400637
974,1073,0.13626549694941262
494,953,0.13626123114020325
279,356,0.13626032263491297
272,887,0.1362554973715225
290,122,0.1362539086000248
267,505,0.13625109499084093
17,402,0.13625046537399593
700,165,0.1362278864807053
267,306,0.13621747041285404
928,918,0.13621568466492648
279,749,0.13621073525879965
1106,449,0.1362068544354677
1003,410,0.1362062194302306
17,418,0.13620606206535696
279,1104,0.13620522585534012
101,45,0.13620421000330943
974,258,0.13620283500338132
1106,95,0.13620231087032117
478,443,0.1362002503994614
1003,530,0.13619249797303068
279,843,0.13619243517937368
267,425,0.13618047016486806
280,277,0.1361749490759621
974,1124,0.13617399721740822
1106,934,0.13617243466639126
478,1035,0.13616830754965564
599,1110,0.1361681142849346
17,988,0.13616593473908792
960,949,0.13616430931141674
17,119,0.1361627449070713
267,1116,0.13616085449431567
494,105,0.1361603574006992
822,11,0.13616012775023656
1106,655,0.13615132207444752
599,253,0.13615065831907652
960,202,0.13614493071659556
279,86,0.13613458493363373
494,508,0.1361304197381445
599,348,0.13613021648594642
1130,933,0.13612966540695415
290,918,0.13612962371466666
449,147,0.13611113221804497
870,210,0.1361040283638876
17,251,0.13610229288546402
974,866,0.13609993503495085
101,938,0.1360980555634313
279,590,0.13609630368710895
1130,432,0.13609283250072857
291,866,0.13608482163234095
1106,709,0.1360844767398284
1106,573,0.13607897479832745
478,859,0.1360780322519236
279,952,0.13607561852055738
1003,855,0.13607551442556068
1130,679,0.13607322340167025
1003,565,0.13606341219256401
101,366,0.13605856000361957
272,766,0.13605652946802288
291,928,0.13605524056380777
599,830,0.1360517475352341
280,827,0.136049681466232
17,832,0.1360468180394365
494,774,0.1360373777144221
267,1048,0.13603679808307936
290,79,0.13603548351872718
700,1035,0.13603369186691533
290,824,0.1360333938091127
1003,1028,0.1360274935801311
1003,622,0.13602667635663906
290,491,0.13601142078060788
17,1024,0.13601061696957786
272,525,0.13600805353562326
494,785,0.13600713337090706
870,952,0.13600653699635717
870,55,0.13599672672750177
1003,885,0.13599236781013743
1130,111,0.13599148717960677
599,604,0.13598898186713068
1130,48,0.1359795873342904
291,946,0.13597253962359385
494,1107,0.13596926049193142
101,840,0.1359655411340089
822,1122,0.13595165486307792
870,999,0.13595134136969592
478,626,0.13594663829715364
272,673,0.1359444164246798
1003,1063,0.1359433053562772
599,87,0.1359380632624561
291,1073,0.1359258870227229
478,845,0.135921232405764
700,814,0.13591943893473546
1106,177,0.13590690417756537
1106,1020,0.13590637002004938
822,947,0.13590402296183882
449,455,0.1359040111438384
700,474,0.1358995775161818
700,852,0.13588953009044144
291,765,0.13588139767616408
280,1043,0.13587928435601818
478,191,0.13587693518714283
267,820,0.1358766925600617
267,446,0.1358766318332339
960,39,0.13587243264364127
290,356,0.13587124722061683
928,789,0.13586563917873437
494,673,0.1358610628259065
478,501,0.13586069832253445
700,840,0.13584035786678517
101,297,0.13583990047753097
290,197,0.13583887532030048
290,526,0.13583749551466492
599,73,0.13583494124350012
494,810,0.13583020604211435
279,37,0.13582839619330755
494,923,0.13582526182843788
700,42,0.13582483458956585
291,547,0.13582227216079912
478,432,0.13581788503633974
494,726,0.13580980461207065
974,302,0.13580909974808378
17,657,0.13580736776154004
870,902,0.135797139609503
974,569,0.13578878647491924
279,526,0.1357884897088344
1003,605,0.13578600677412375
822,73,0.1357850457189167
960,111,0.13578487578541643
1003,838,0.13578473282142461
960,730,0.13578367782309472
822,153,0.1357824120278792
960,711,0.13578191386098046
822,479,0.13578079377521945
960,773,0.13577549950449583
599,644,0.135775191494842
1003,94,0.13576722106992167
101,405,0.13576408790645453
700,796,0.13576270350983943
478,18,0.1357556143925603
974,1021,0.1357509562008072
478,1040,0.1357505730019995
1003,953,0.13574856941151628
17,322,0.1357463125123631
272,60,0.13572939904398817
272,619,0.13572782888953494
822,596,0.13572259018080113
928,641,0.13571257419000796
1130,646,0.13571195659174262
1003,743,0.1357004907967988
1130,187,0.13569236785070243
17,224,0.13569092751633824
478,752,0.1356875729764703
928,270,0.1356839697192204
1106,918,0.13568254782292433
1003,1033,0.13568120681479634
279,149,0.13567661878484955
279,131,0.13567334044591686
928,1027,0.1356712974449018
1106,745,0.13566475026151126
700,48,0.13566423315233736
974,256,0.1356638499661787
478,779,0.13565850386547051
291,1104,0.13565564961199383
960,424,0.1356548409938796
291,711,0.1356431587193225
599,578,0.13563405183688157
1003,272,0.13563377606854746
1003,937,0.13563019343492821
290,486,0.1356134033805152
290,588,0.13561142880029298
928,238,0.13560054634587412
700,863,0.13559729565313158
1130,1127,0.1355954706324562
17,1091,0.1355953868481852
478,183,0.13559440660728123
291,633,0.13559247413742995
478,657,0.13559164540584168
1130,1075,0.13558667243424635
870,419,0.1355750829113873
700,183,0.1355746909582514
449,721,0.13556163124584156
290,707,0.1355565981583218
291,274,0.13555272174125024
291,940,0.13554937366417455
1003,817,0.1355475192376466
1106,246,0.13554620077152152
494,814,0.13553438736873513
494,522,0.13553311838443707
1003,1037,0.1355220226186466
870,354,0.1355207361429744
1130,859,0.13551731028372482
599,533,0.13551065428971346
291,949,0.13550696294545755
494,498,0.1355068221186343
599,308,0.1355005548722804
290,83,0.13549943017810084
272,893,0.1354952936193562
279,481,0.13549501442818923
960,580,0.13549167028942583
1130,384,0.13548814410115365
290,93,0.13548777772774412
974,177,0.13548587447118968
17,839,0.13548547344480694
870,567,0.1354751647941966
291,844,0.1354738706268681
870,847,0.13546305446110854
290,982,0.1354604631738108
822,630,0.13545626440824907
272,332,0.13545452276809927
494,119,0.13545279510373198
822,251,0.1354489492061124
870,1071,0.13544535390982276
870,706,0.13544166766863552
822,779,0.13544092408210118
290,913,0.13543967756721256
494,474,0.1354370233085517
1003,1043,0.13542330049040618
279,1037,0.13542017685473715
1130,86,0.13541841350451356
494,299,0.13541597939800243
291,119,0.13541020603925086
960,212,0.13539774852684236
291,998,0.13539285194050973
494,659,0.13539158809368568
870,763,0.13538888619017578
822,77,0.13537520030941472
599,923,0.13537400579575082
291,976,0.13537308580633034
478,325,0.1353640767549602
1106,851,0.13536327770691134
1106,681,0.135363055821048
1003,822,0.13536177541382244
822,89,0.13536154893821958
599,301,0.13535766980544786
1106,916,0.13535608396697385
870,1032,0.1353449520380779
599,770,0.13534411227138027
599,636,0.13534392745847384
17,7,0.13534388494362104
870,64,0.13534177214747123
101,495,0.1353286780648072
822,561,0.13532857653912167
599,1037,0.13532373263048667
478,976,0.13531972831048247
478,667,0.13531959967562548
279,584,0.13531952043770865
974,574,0.13531836434374603
291,32,0.13531196582112595
928,996,0.13530841336643404
822,222,0.13529920441095764
291,368,0.13529032047889794
928,668,0.13529027075567623
1130,1006,0.1352798086737814
279,1028,0.13526966878324576
870,1027,0.13525537494426546
870,1117,0.13525522602618759
974,81,0.13525343482375385
101,16,0.13525255233862038
700,519,0.13525074732383094
599,515,0.13523924229139417
188,232,0.13523747172381329
494,40,0.13523216344383526
928,971,0.1352287382321554
700,702,0.13522698936838398
599,743,0.13521908320928158
1003,1111,0.13521774385311475
700,1056,0.13521754800408176
928,301,0.1352151565164241
478,253,0.13521197104934723
291,714,0.13520720851610069
870,964,0.13520658935951752
870,506,0.13520613619074734
599,420,0.13520049035711748
974,942,0.13519974166303864
700,788,0.1351989285595051
1003,360,0.1351981145909183
700,163,0.13519619494158222
494,661,0.1351881455204884
960,416,0.13517892956314412
870,792,0.13517799195091318
272,416,0.13517068407859525
188,96,0.13516850572888928
272,584,0.13515810300904396
279,69,0.13514923211061125
267,517,0.1351483221708525
974,1046,0.13514779248150927
928,16,0.13514523201887274
478,1028,0.1351411071268907
599,768,0.13513885571709836
1130,588,0.1351351449087383
599,369,0.13513477865389303
1130,483,0.13512309407205808
700,271,0.13512232469551394
960,915,0.13511781734855674
272,1085,0.1351149562567036
870,958,0.1351135893373232
1003,628,0.13511259567205078
17,358,0.13510915745985935
700,40,0.13510613207002556
478,44,0.13510594042533242
599,1033,0.1350996765176804
870,464,0.13509175631765838
291,618,0.13509101374812577
974,247,0.13508973776847652
1106,533,0.13508487233350494
279,962,0.13507884714568621
700,215,0.13507478125873001
599,861,0.13507399545296866
822,279,0.13506131440095623
267,113,0.13506078815982098
280,401,0.13506069586900674
974,1081,0.13505986795750824
280,499,0.13505485958042132
599,192,0.13505480941875833
928,1125,0.1350545866432367
1003,281,0.13505420263203574
1106,1066,0.13503904587914106
279,730,0.13503869834320814
1106,112,0.13503345341779172
494,981,0.13503063208289126
1106,885,0.1350306268581341
478,369,0.13502347659890254
101,832,0.13501608859386446
599,1069,0.13501597229653403
101,14,0.1350154350275319
822,203,0.13501537393346036
870,59,0.13501297332534787
1003,63,0.13501076136231902
188,329,0.1350103211375807
272,470,0.1350081983060963
870,243,0.13500806556530326
1106,1045,0.13500684829981022
279,798,0.1350061964251722
960,753,0.13499674826825578
822,594,0.1349839798938831
188,1027,0.1349835447875804
1106,1075,0.13497530739262215
291,1050,0.13497481740728326
267,559,0.13497422425788
280,210,0.13497000566480422
1003,1069,0.1349672066262114
870,429,0.13496574369956266
870,42,0.13495802780102448
599,464,0.13495333634145926
928,63,0.13494839868734446
279,872,0.13494699248802627
1003,717,0.1349459584746081
494,370,0.13493901272872014
1130,62,0.13493851268304016
599,35,0.13493313917777502
599,321,0.13493148947156036
291,362,0.1349296400594932
280,645,0.13492555169379566
188,1123,0.13492399348971618
494,1117,0.13492269196270731
700,951,0.13491886864625624
700,66,0.13491698951032954
1130,145,0.13491015163210338
1106,1052,0.13490759932239133
960,882,0.13489650562267133
494,9,0.13489491619187802
1003,262,0.13489114089049026
188,346,0.13489038112791377
290,640,0.1348894159581418
478,1123,0.1348855042925236
291,1078,0.1348742159646597
291,730,0.13486573339556074
960,399,0.1348618007743067
478,888,0.13486072152898945
267,7,0.1348538373339884
599,465,0.13485262891341462
17,226,0.13485017743102012
1130,917,0.13484970730958695
1003,893,0.1348471362795524
960,996,0.13484060663802078
291,337,0.13483932902967674
290,523,0.1348285182167118
928,322,0.13482640691618555
279,700,0.13481864505864227
822,1063,0.1348161860135644
494,765,0.13481528750121713
279,234,0.13481446104743852
870,1090,0.13481366712304452
974,606,0.13480843468898765
1106,994,0.13479788667217824
188,782,0.1347971116145433
290,124,0.13479416328040617
17,504,0.13479283841266484
1130,830,0.1347927868514036
17,768,0.1347902183650619
291,411,0.13478077321269727
1130,430,0.13477781704052552
700,589,0.1347690012900953
1130,212,0.13476692886174643
449,907,0.13476545448005908
267,41,0.13476529297560447
267,985,0.13475838067215629
822,572,0.1347559436393023
188,810,0.13475021984580215
101,9,0.13474821596519124
17,461,0.1347465773367729
494,653,0.13474057457096267
101,234,0.1347371235501905
1130,350,0.13473453403082564
478,449,0.134730741115141
599,504,0.1347233978444192
279,949,0.1347206705209827
279,464,0.13471852369835585
1106,460,0.1347154694290376
974,923,0.13470880030536297
101,691,0.13470726267628697
599,916,0.13470552566773536
870,15,0.134704713256558
1130,423,0.13470255170719903
1003,432,0.13470144711375667
101,340,0.13470063458821527
290,75,0.13468762517849325
870,277,0.13468326152228968
290,942,0.1346828516712582
599,76,0.13467585774071003
974,461,0.13467075438982454
960,809,0.1346626048773473
960,451,0.13466136897356396
101,572,0.13466066795909523
279,47,0.13465741764215006
960,1017,0.13465612124954954
974,975,0.13465561904445597
974,743,0.13465412805229046
188,67,0.1346471260033506
494,628,0.1346469100746135
599,305,0.13464194729803786
272,187,0.1346415280858347
290,188,0.13464004644313773
290,86,0.13463995924589617
928,887,0.1346377230470155
1106,588,0.13463512505679753
1130,251,0.13463292792840517
188,1003,0.13461755147981885
700,11,0.13461493249137407
17,1065,0.13461468525570294
974,870,0.13461376817222995
494,206,0.1346053417088942
870,442,0.13459794800250202
1106,10,0.13459664916407665
17,837,0.13459512383986985
291,909,0.13459510943860992
494,445,0.13459353096221036
478,1068,0.13459306428597786
1045,716,0.1345921079168113
279,561,0.1345862924837857
960,465,0.13458437206744306
870,401,0.13458080141052084
17,872,0.1345774090578031
17,1030,0.13457710552168803
974,1111,0.13457333213022288
960,660,0.13456647338382427
291,341,0.13456449785145055
17,455,0.13456350876489107
272,399,0.13455680692607122
478,789,0.13455627024803968
188,1092,0.1345505827454327
974,188,0.13455018256268755
928,1010,0.1345403209909082
267,393,0.13453914092822386
478,938,0.13453755351748498
1003,843,0.13453182932551133
1130,604,0.13452885348072355
1130,1069,0.1345242399402432
974,660,0.13452398907962917
599,298,0.1345163777346228
974,702,0.1345156060752001
974,543,0.13451029898708886
870,101,0.13450733029903963
822,607,0.13450188896832208
700,326,0.13449668902373899
1130,55,0.1344904933930488
291,40,0.13448311447320396
478,1045,0.13448091978281976
870,1079,0.13447824148246454
822,48,0.13447610982781547
1003,193,0.13446273864356664
291,400,0.13445653520769849
478,237,0.13445395605304009
101,15,0.13445199265314056
291,1014,0.13444251290120052
1003,431,0.13443384993030383
188,79,0.13441802657560273
822,486,0.13441474225546213
822,840,0.1344117648501571
280,400,0.13440946775986626
870,204,0.13440776633759902
870,499,0.1344018703433206
822,17,0.13439925319628485
101,856,0.13439489551291106
960,245,0.1343907771104563
17,608,0.1343853699443062
1003,1073,0.13438424263620266
280,375,0.1343785630430493
960,489,0.1343756480573167
960,991,0.13437524975158383
494,93,0.13437455846817933
478,1105,0.13436665874985773
1106,103,0.1343615173303831
1106,422,0.13436002652072776
599,557,0.1343566711567497
101,629,0.13434953595453825
822,492,0.13432874572714434
974,324,0.13431382326138824
1130,521,0.13431164390403733
870,673,0.13430595004989662
279,564,0.13430361449933295
267,350,0.1343022029166021
974,437,0.13430219562069848
17,468,0.13429349792331768
599,842,0.13428708394871477
17,188,0.1342837221263735
1003,450,0.13428161028115543
272,159,0.13427861487959342
822,499,0.13427073946393223
599,486,0.13426823431260385
1003,904,0.13426739418986747
1003,648,0.134262136537092
291,179,0.13426041710440914
272,185,0.13424596795191
267,919,0.13424566650301137
279,382,0.13422895531646922
291,796,0.1342288088556027
188,391,0.13422487606541023
974,844,0.13422472809256247
1130,279,0.13422224386671183
267,855,0.13420768061379665
822,897,0.13419920253685325
1130,216,0.13419864745643365
291,1021,0.13419655429533192
870,183,0.13419587816960427
1003,613,0.13418939675376368
280,404,0.13418484631155808
290,845,0.1341788277618999
974,679,0.13416851260731386
291,722,0.13415846800096284
599,865,0.13415674373573716
1003,124,0.13415561438184598
870,96,0.13415331752888218
280,1020,0.13415159814303437
494,902,0.13415105504811542
290,981,0.13415089285551812
599,207,0.13414916742659558
974,325,0.13414368263629226
291,79,0.13414365150885205
478,1118,0.13414364445095373
1130,215,0.13413807772298075
291,290,0.1341378527042286
700,885,0.1341372730214493
280,357,0.13413403033417307
267,1069,0.1341339143261022
188,77,0.13412776936751694
974,180,0.1341273408168357
599,1108,0.13412513138595072
822,172,0.1341227520857354
1003,755,0.13412186861626424
870,1044,0.13412011171413496
870,1086,0.13411468203645377
17,487,0.1341133144471013
478,11,0.1341127889907225
974,654,0.13410907705108577
1130,114,0.13410885285803
822,783,0.13410746260082013
870,40,0.13410569997973854
291,388,0.13410303822710037
1130,952,0.1341022142580746
279,991,0.13410009415478433
928,1066,0.13409959422898268
1106,649,0.13409798559383723
1130,481,0.1340977107752627
870,939,0.13409563125082066
974,535,0.1340915685857171
188,965,0.13409019694773133
599,172,0.13408388967512158
291,194,0.13408136804798734
291,956,0.1340803141923664
960,584,0.13407746071381224
1106,1067,0.1340767561569574
870,144,0.1340745312849062
494,59,0.1340729292034973
494,325,0.1340724467632311
279,1032,0.13407183170987594
1106,661,0.13406216958493347
599,343,0.13406136524562165
1003,130,0.13406027297899845
870,797,0.134058764624539
478,1088,0.134055721628025
478,467,0.13405571506725736
291,69,0.1340539976398628
291,239,0.1340520676366872
700,580,0.13405178006528165
279,482,0.13405014982681954
267,364,0.13404821701646194
17,730,0.134043898702694
17,636,0.13404375592869205
290,763,0.13404016215933873
974,359,0.13403587786803392
494,840,0.13403496218446023
272,535,0.134032762866602
1130,452,0.13402746429169798
291,1109,0.13402735607011854
291,392,0.13402668966169234
280,33,0.1340247702219223
17,1037,0.1340246494518831
1106,305,0.1340197782839876
1003,119,0.13401921527186433
599,471,0.13401703608092547
1003,881,0.13401525105884912
822,954,0.13401211292125406
494,668,0.1340029177510789
974,466,0.13399979901471773
279,656,0.13399973769165488
599,1121,0.1339964432978913
822,22,0.133993838871372
1130,421,0.13398850827927763
272,912,0.1339866282569537
1130,1123,0.13398637575515407
700,838,0.1339862330176239
188,78,0.13397657013504383
822,1097,0.1339660788532449
599,620,0.13396602809250124
1130,1038,0.13396485305857248
279,586,0.1339640537793888
599,45,0.13395323514657517
267,677,0.13395183684079612
960,785,0.13395162567639396
494,1092,0.13394630950965447
822,953,0.13394359121431348
960,1006,0.13393709866893058
1106,896,0.13392916734847002
870,894,0.13392810184652978
1003,373,0.13392658100748112
599,946,0.13391979438868545
272,835,0.1339186951739464
700,17,0.13391606972172074
1130,193,0.13390791945787428
928,410,0.13390413343946755
272,532,0.133897960337183
1003,1128,0.13389490824090913
280,183,0.13389218572906814
280,120,0.13389166452053874
1003,67,0.13388691442825845
1106,970,0.13388532970631203
960,193,0.13388081453622905
1106,1096,0.13388018803282567
1003,773,0.13387911503682443
272,1086,0.133877496815905
974,583,0.13387356923432403
494,1068,0.13387321513852485
928,656,0.13387272440817696
960,877,0.13386819856403015
478,390,0.1338581737540704
974,961,0.13385535177421015
267,17,0.1338520431329892
1130,590,0.13384794322132026
822,468,0.13384210174638983
17,792,0.13384117367716178
870,979,0.13382115171900733
272,366,0.13382018501960283
1130,344,0.13381900104893169
478,54,0.13381696094108148
599,564,0.133815148385048
279,176,0.13380795484405109
17,732,0.1338064948049894
700,370,0.13380422502150705
1106,141,0.13379971673256624
870,758,0.13379845407699698
267,118,0.13379572094820416
101,339,0.1337910388870038
478,941,0.1337908891458868
974,216,0.13377982187506052
599,639,0.13377842691230674
478,197,0.13377470909639988
478,459,0.133768820625442
290,1086,0.13376090394431853
822,43,0.1337578444758108
279,630,0.13375124523305013
478,634,0.13375123734152589
280,875,0.13374774059064856
974,478,0.13374645380805328
974,1060,0.1337427427073321
494,683,0.13374172328439746
280,750,0.13373334644293114
1130,357,0.1337282233206511
1003,908,0.13372515037842495
928,913,0.1337212726131679
494,806,0.13372081210149014
974,826,0.1337179526959566
101,825,0.13371780956235632
267,689,0.13370426500458538
267,303,0.13370091604967224
928,203,0.13369608962011875
290,210,0.13369338265730454
1003,16,0.13368634962032497
928,1123,0.13368286139406016
870,123,0.13368211981575015
974,117,0.13367961972029832
279,531,0.1336750403968849
267,248,0.13367144003015483
291,248,0.13366646912530844
960,956,0.13365793746953541
267,819,0.13365708920798966
1106,388,0.13365396277308506
101,650,0.1336531232885469
17,667,0.13364837447268088
291,443,0.13364752016784798
267,685,0.13364598575143607
188,688,0.13364542452101455
17,275,0.13364539319725163
974,871,0.13364488545094794
17,434,0.13364062974137786
870,193,0.13363910308266275
822,197,0.1336344705811081
822,736,0.133632016000203
291,697,0.1336305165658314
494,535,0.1336282388222246
290,810,0.13362259066888285
960,820,0.13362179935651988
974,22,0.1336207153581393
291,677,0.1336206848382048
267,655,0.1336183289748906
291,1,0.13361750394755362
822,464,0.13361001562709945
279,134,0.1336045711842093
17,1130,0.13359756695602534
1130,449,0.13358340886075645
1130,650,0.13357954991200066
599,262,0.13357610616860338
17,736,0.1335756148971384
478,126,0.13357496935949312
272,494,0.13356776736548132
700,86,0.13356751657174543
1003,665,0.1335669567134283
478,461,0.13356466813169207
17,179,0.13356452024478452
870,752,0.13355947320400882
822,799,0.13355907389936766
974,1127,0.13355514962849507
267,14,0.13355215713267465
1106,186,0.13355106684239818
1130,1035,0.13354879085791344
291,762,0.13354439950744906
700,196,0.1335411920074316
1130,94,0.13354089204175715
974,514,0.13353951055099342
822,384,0.133537565682717
272,395,0.13353646739030525
267,3,0.13352082020221057
478,204,0.1335032462098856
478,235,0.1335007172853926
267,754,0.13350049685516627
700,548,0.133499021326142
1003,560,0.13349565182934597
478,206,0.13349549783368897
279,532,0.13348851101916165
700,208,0.1334877594058717
1106,1023,0.13348179121584786
478,514,0.1334740769670565
101,1030,0.13347083543268476
494,202,0.133465177912182
1003,1006,0.13345872654359558
291,920,0.13345672651910193
870,597,0.13345519870504133
870,670,0.13345495874560204
291,1062,0.13345478632496977
17,441,0.13345170603472015
974,517,0.13344956647927653
188,323,0.13344697956328289
974,1079,0.13344663416705294
267,348,0.13344640290566503
928,400,0.1334429773678214
1106,933,0.13344267097824475
478,357,0.13344080414121484
188,40,0.13343221309416867
599,282,0.13343178737489417
188,1084,0.13343074273574335
1130,794,0.13342749879503804
599,240,0.13342602482393293
272,854,0.13341893917191072
700,203,0.13341859313264867
599,603,0.13341749974358316
1130,972,0.13341711579435908
1130,784,0.13341561859461615
1003,359,0.1334131436683293
279,1091,0.13340323327501694
870,1085,0.13340318290107936
494,417,0.1333964146660515
290,934,0.13338897394908056
291,364,0.13338845422030698
291,577,0.1333815792616257
870,733,0.13337835720384594
928,481,0.13337548162160767
700,751,0.133370927735538
17,91,0.13336798500823752
974,938,0.13336722084075603
291,586,0.13336373162462992
494,41,0.1333625943243251
280,50,0.13335502549135098
1130,998,0.13335498566890175
974,144,0.1333535423751563
290,381,0.13335115866344022
1106,610,0.13334341428189744
822,684,0.13333656162818627
1106,1011,0.13333285917875357
870,646,0.13333163658547226
279,915,0.13333038297767677
101,869,0.13333001850285375
928,110,0.13332912595939322
928,314,0.1333229525713313
494,1062,0.1333192993525992
494,164,0.13331503687150184
1003,160,0.1333041716700605
279,993,0.13330085414625437
974,943,0.13329835669718634
17,48,0.13329602508747024
974,255,0.13329594997576122
1003,140,0.13329384908682
928,198,0.1332859653479008
822,808,0.1332755896433323
928,246,0.1332741862666299
700,209,0.13327348872279862
700,462,0.13327266687364678
290,99,0.13327082136695098
870,633,0.13327008917152616
700,530,0.13326834896620235
494,823,0.13326832808895853
290,318,0.13326032208606692
822,945,0.13325948417695782
1130,308,0.13325876435656472
280,1076,0.13325606840314444
599,759,0.1332543511486351
1003,303,0.1332506111574704
478,799,0.1332497731445901
188,893,0.13324280762244692
1106,1016,0.1332427162018293
599,72,0.1332421689820826
1003,618,0.13323920976232592
1130,634,0.13323269121222825
700,489,0.13323245243071435
599,213,0.13322907427996802
101,737,0.13322837591371137
494,473,0.133228343643317
291,872,0.1332250725670684
1003,525,0.13321334062122536
700,405,0.13320813107444923
870,713,0.1332067094428118
291,16,0.1332033974454089
700,789,0.13320054561708763
188,330,0.13319983841674052
599,242,0.13319749026388067
974,174,0.1331970673429451
822,423,0.1331970589441889
974,629,0.13319558559013076
870,716,0.1331915214590927
188,628,0.1331913350902431
1106,641,0.13318272766726047
1130,986,0.1331765516552103
822,12,0.13317420930656584
188,334,0.13317075327781625
290,193,0.13316794833379375
1106,210,0.13316039129440332
494,125,0.13315825967365658
17,120,0.13315667096698544
1106,863,0.13315179679055172
960,924,0.1331367984292788
494,429,0.1331257002958417
291,884,0.13312348719496453
960,147,0.13311124878434138
279,154,0.13310860241530184
870,835,0.1331004792975135
291,10,0.13310044999686313
280,1087,0.13309670057153944
494,329,0.13309112830405648
494,8,0.1330851987204208
494,18,0.13308311481124183
928,368,0.1330823873814695
1003,1084,0.13307248785377196
1130,1077,0.13306911924218046
272,953,0.13306893918957433
1003,56,0.13306769846107913
272,925,0.1330620940853391
17,891,0.13305984143331276
928,330,0.1330594010375546
279,520,0.1330562709312141
928,574,0.13305398790708792
700,396,0.13304437758752305
291,623,0.13304231210632686
478,464,0.1330411075734495
870,330,0.1330399571154253
267,321,0.133039783762862
974,599,0.13303925129995292
928,201,0.1330369144068685
822,866,0.13303358744443566
974,722,0.13303208273202546
17,1101,0.13302874409538218
188,408,0.13302668063882353
974,880,0.13302509932050385
1106,1043,0.13302282733164916
960,873,0.13302108296519993
272,677,0.1330198828892978
700,422,0.13301442496551522
1130,608,0.1330129815941147
188,510,0.13301035770106942
1130,76,0.13300760226800729
291,325,0.1330059977839107
928,777,0.1330047212553148
822,510,0.13300369348943433
280,255,0.13299616902410025
700,283,0.1329935826511148
974,64,0.1329907242792727
870,965,0.13298956588464497
17,885,0.13298683395308067
599,286,0.13298440828124833
1106,609,0.13297665037762652
478,754,0.1329757671652478
928,640,0.13297142798799566
17,697,0.13297012327837365
974,160,0.1329665924165123
1003,642,0.1329632120814553
17,136,0.1329521366988677
290,110,0.13295124295568733
960,722,0.13295082480710427
17,424,0.1329470841893705
870,796,0.13294612319246144
494,1126,0.13294513314079368
101,726,0.13293740598151155
478,1100,0.13293213488697347
974,21,0.13292296710870824
1130,29,0.13291864327651792
272,536,0.13291582422541895
1003,30,0.1329154665259962
267,1097,0.1329124254973959
822,368,0.1329038424182553
928,37,0.1329027223288289
17,787,0.13289812628098796
870,826,0.1328959440700914
974,718,0.13289325387895834
1045,789,0.13289227072892446
870,1053,0.13288797940778804
279,169,0.13287686441861624
494,1125,0.13287257932144023
1106,958,0.13286703020041074
822,353,0.13286604230374807
279,1016,0.13285886648538323
974,465,0.132852743066967
1106,923,0.13284273015220172
700,47,0.13283758566890086
1130,780,0.13283602166391048
291,449,0.1328357481166145
188,439,0.13283552211383481
1130,386,0.13283543328877434
1130,467,0.132834469820032
17,139,0.13283039264914184
700,767,0.13282809557965813
822,994,0.1328260975040034
494,994,0.13282543309535355
290,932,0.13282362627981034
960,409,0.13281256681032555
1106,302,0.13280815061016987
1130,332,0.13280617538192208
494,594,0.13280575983094
1003,784,0.13280392099805918
101,779,0.1327981962655748
700,461,0.13279672362117417
478,724,0.13279552811667275
1130,84,0.13278538068863677
478,762,0.13277833530478012
279,898,0.13277771977046413
272,710,0.13277602211040782
700,538,0.1327752828621847
279,652,0.1327693771682959
960,972,0.13276377374867981
1003,651,0.13276218171307724
700,439,0.1327559791815414
974,403,0.13275246592766385
279,194,0.13274888914770602
17,503,0.13273943496100915
870,863,0.1327393435273551
1003,682,0.13273692612172733
188,326,0.13273175016552294
870,1074,0.13272749732329342
1106,465,0.13272670689243193
870,151,0.13272653615263097
17,93,0.1327213224957164
928,105,0.13272084919793495
870,132,0.13271588768261067
272,28,0.1327111917896667
1130,746,0.1327059404172932
17,669,0.13269321321492475
279,43,0.13269245830231843
291,961,0.13269139219378268
599,1045,0.13268936129866798
188,165,0.1326877370082967
1003,590,0.1326843704111008
291,121,0.13268295693598647
870,150,0.1326823123378167
960,740,0.13268007977158702
870,195,0.13267739761272773
478,694,0.13266336946019758
101,671,0.13266120479836757
974,125,0.132660152127008
974,775,0.13265550106952906
870,1041,0.1326554645427549
188,446,0.13264556657745283
870,695,0.13263684889828325
700,733,0.13263537220451416
494,978,0.13263117915930558
267,200,0.13260345558860726
1106,893,0.1325998941795149
1003,108,0.13259855128734446
974,735,0.1325970504728629
1130,235,0.13259008662931296
101,259,0.13258447984894206
700,554,0.13258342397301323
870,869,0.1325801324423658
291,136,0.13257839623163406
279,655,0.13257513026973305
960,511,0.13257461286604866
599,437,0.13257455107785526
279,979,0.13256790290860018
272,128,0.13256343592060407
870,78,0.1325583044418942
1130,155,0.1325428568801423
1003,428,0.13253948509200575
291,591,0.13253757539926675
870,186,0.13253606707791377
1003,101,0.13252866550680925
290,238,0.13252802703420855
101,1043,0.13252599919225197
1003,393,0.13250821860322443
974,435,0.1325064988150173
700,488,0.1325062726726849
974,332,0.1325051388929491
700,421,0.13249950844948027
101,944,0.13249618047891748
17,945,0.1324940791929695
960,782,0.1324921464074184
870,928,0.1324853867667046
279,470,0.13248145724237081
478,630,0.1324804672308911
870,492,0.13248005313579417
1106,108,0.13247816962772863
1003,947,0.13247325494914397
101,422,0.1324706919822307
700,607,0.13246930124347236
279,16,0.1324670293699613
17,315,0.13246580773108335
1003,86,0.13245642491488485
188,441,0.1324557678735534
974,1061,0.13245249521493338
700,217,0.13245224491939203
870,433,0.13245118091873626
272,523,0.13244916620608374
822,1062,0.13244785735835476
291,773,0.13244324905406465
870,468,0.13244275098103603
188,943,0.13244238959162594
1130,1015,0.13244156544674068
870,87,0.13243927629064117
279,719,0.13243490954006987
101,108,0.13243436501917574
101,94,0.13243285083375544
291,333,0.13242467165911195
280,399,0.13242445876951084
478,753,0.13242434367854533
272,510,0.1324242739759591
188,473,0.13242402572052556
1130,771,0.13241796103390346
279,969,0.13240962433509681
974,248,0.1324088125703286
279,129,0.132403682709366
290,1057,0.13240239687269487
1106,380,0.13239755935498296
1106,435,0.13238379784418958
494,470,0.1323789949198864
822,414,0.13237764598229737
1106,758,0.13237526129296365
279,423,0.1323720288542199
291,738,0.1323716935170068
494,580,0.13235257980441123
494,585,0.13235009973295203
290,191,0.1323462098352018
1130,194,0.13234062680643582
291,115,0.1323395683999098
1003,159,0.1323384128413122
267,993,0.13233537347382507
960,706,0.13233536688248004
272,322,0.13233368604322351
280,690,0.1323308321064396
272,642,0.13232920519054098
290,468,0.13232833434070665
1003,38,0.1323273104896325
494,815,0.1323025099833934
188,802,0.1323024617093364
1130,78,0.13230015113321017
291,281,0.13228929820064408
290,933,0.1322843015477489
599,874,0.1322800051925045
291,625,0.13227924479060818
974,804,0.1322788901319024
1130,884,0.13227870402095787
870,542,0.1322784605509016
267,976,0.13227667361283585
279,62,0.1322766445874849
1106,538,0.13227445969052662
870,938,0.13227313646815916
870,114,0.13227279790111218
478,530,0.13227092793962525
17,104,0.13226378630471974
291,472,0.13226306393471104
960,525,0.1322630059083221
290,902,0.13226074566670906
279,77,0.1322584742141088
188,848,0.13225553063912018
1003,782,0.13225062805643492
1003,515,0.13224969945443177
291,702,0.1322478132755402
1106,393,0.13224424242269486
478,314,0.13223450996713842
960,85,0.1322342302864613
822,849,0.13223140763156588
290,78,0.1322307763715191
599,387,0.1322185220238464
290,1040,0.13221720790685304
267,82,0.13221681234224855
870,855,0.1322144753226643
960,1070,0.1322113546264212
272,121,0.13221089416217657
279,1008,0.1322075678628734
1130,24,0.13220483222313037
870,149,0.1322000950553273
1003,253,0.13218931938552161
1106,447,0.13218649142311648
870,753,0.1321846890286808
291,1076,0.13218357097599484
1003,498,0.13218218542938998
291,303,0.1321790575446358
272,333,0.13217833415177874
267,139,0.13217659784194777
101,810,0.13217359020670194
280,421,0.13217285775256232
290,466,0.13216965000607547
291,1065,0.13216330339141588
599,1115,0.13215770733276003
478,1058,0.13215258132806754
1003,932,0.13214471426312882
700,605,0.1321432181945058
494,853,0.13214186788030277
267,996,0.13214075715049398
267,363,0.1321400908775589
291,12,0.13213737372847828
1106,289,0.1321231859016851
1106,713,0.13211998672802677
478,1065,0.13211875898418984
599,876,0.1321186849713975
17,822,0.13211530418375167
960,296,0.13211089460134234
290,262,0.13210129779469984
974,1110,0.13210031508099984
478,20,0.13209547275351655
870,185,0.1320931483961928
599,165,0.1320849369509353
291,1061,0.1320838030156941
101,718,0.13208186547186118
1130,115,0.13208069066043227
960,160,0.13208054576433564
1003,734,0.1320795595382628
291,1006,0.13207645199445606
272,861,0.13207582710596455
822,681,0.13206764058747897
960,905,0.13206524697675953
101,796,0.13206185213152427
599,693,0.1320517642586197
188,384,0.1320478638830895
291,123,0.1320461044650471
974,34,0.13204341603897465
822,305,0.1320433596615239
279,112,0.13204063295819832
279,144,0.1320387886566287
272,651,0.13203848153345818
870,344,0.13203625141466513
928,825,0.13203582022196353
1003,1097,0.13203373884084257
279,738,0.13202916086900343
1003,368,0.1320257977981159
870,350,0.13202544810286812
290,884,0.13202501234581998
700,416,0.1320187740190906
960,698,0.1320127547112177
267,1057,0.13200829932392574
599,364,0.13200485487064587
291,1027,0.13200434620071255
1106,702,0.13199766130577295
870,428,0.13199723658469759
290,104,0.1319950606522876
700,634,0.1319882259542029
870,689,0.13198545261030878
870,1131,0.13198265332422957
700,784,0.13197920843133978
188,977,0.13197850631833222
1106,548,0.1319784084888135
494,698,0.1319769185274614
478,660,0.13197403438486502
291,739,0.13197372777734753
17,977,0.1319733714737461
272,428,0.13197276860161522
279,978,0.1319690931402982
267,1070,0.1319668309518396
599,406,0.1319665693798712
700,379,0.13196645384498157
17,357,0.13196253077052242
101,56,0.13195665711703683
960,108,0.13195066575875938
974,338,0.13194752125190648
822,532,0.13194647267679246
17,938,0.13194522625621855
267,684,0.13194496515734783
478,687,0.13194438767102779
870,280,0.1319409357656017
449,514,0.13193986411879924
272,847,0.13193856012607938
822,939,0.13193532708383696
870,703,0.13193415778293582
870,105,0.13193284462037702
291,175,0.13193276539535853
700,71,0.13193209104644552
494,130,0.13192882966167285
822,437,0.13192874333467774
1106,1104,0.13192568710183428
188,1080,0.13191606767299965
279,771,0.13191543529094985
291,89,0.13191538313332168
17,158,0.13191490832610978
279,699,0.13191443504787054
960,861,0.13191392899004983
1130,295,0.1319128778000667
291,247,0.13191030006459406
960,437,0.13190805214836443
478,1054,0.13190588275870047
478,160,0.13189629052350882
974,472,0.1318924031744866
279,970,0.13189171842127342
478,603,0.13188811347260937
700,622,0.1318847567432841
960,426,0.13188307063692498
478,47,0.13188285225413152
1003,672,0.13188088247160842
291,91,0.13188085092872587
1003,647,0.13187715219124077
291,212,0.13187543556927775
1130,863,0.13187435755827795
291,332,0.1318721870189732
188,279,0.13186773379319572
280,322,0.13186212444039308
291,754,0.13185888009685584
1130,576,0.13185732474279743
267,1091,0.13185646428690814
279,317,0.13185120121589364
279,409,0.13184985756564752
267,545,0.13184697165675047
280,675,0.13184603667729478
478,790,0.13184358130465756
1045,1020,0.13184187595964147
870,1055,0.13183772468461216
822,717,0.13183694548948607
478,42,0.13183165001414518
599,28,0.13182866995112774
960,603,0.13182834258565174
267,1031,0.13182207661373163
1130,712,0.13182101969654042
267,273,0.1318197768099532
870,485,0.13181803166924302
279,493,0.13181655895748232
17,672,0.1318162627728973
822,330,0.13181556492944652
599,404,0.13181148087741468
822,619,0.13181098328151708
1130,945,0.13181058293902254
494,216,0.13180779743919413
822,162,0.13180582795249524
188,626,0.13180530820462896
1130,403,0.13180290418786803
599,846,0.1317985949048821
928,837,0.13179100739824312
272,735,0.13178756579949127
267,488,0.13177341064259912
960,258,0.1317704474628923
478,760,0.13175843906873255
279,647,0.13175391631696234
1106,545,0.13175364743870827
1130,538,0.1317528063698086
494,422,0.13174379042427067
17,396,0.13173542326927568
188,987,0.1317266461145875
870,63,0.13172582586771758
290,609,0.13172403359421855
974,892,0.1317218326067012
279,91,0.13171794497138253
101,739,0.13170907327187023
494,944,0.13170877424813143
928,1089,0.13170844114218544
279,424,0.13170268461834037
1003,998,0.13169155019185788
1130,363,0.13169113953081518
599,633,0.13169025429583414
280,77,0.13168715923504123
101,559,0.13168198769525746
1130,396,0.1316759196808705
974,832,0.13167435760979865
291,246,0.13167350126366165
1130,33,0.13167175340727363
494,1020,0.13166949561081243
494,134,0.1316690750135875
1130,893,0.1316684448680391
822,489,0.13166687449604111
17,614,0.13166211254406537
599,270,0.13165970524448217
279,262,0.13165933359568024
478,1018,0.13165352187177126
960,69,0.13164335448072534
1003,584,0.1316425728726378
822,1027,0.13162222518394337
1003,962,0.1316138719279852
1130,994,0.13161217159594446
700,406,0.13161079136707265
272,955,0.13160897653247172
17,13,0.13160593035884025
1003,906,0.13160039527851983
494,476,0.13159586218002187
960,138,0.13159480549466987
870,22,0.13159388542647774
960,135,0.1315923224800865
599,778,0.13158581237435493
478,242,0.1315857304632142
494,1045,0.1315857171056797
1106,409,0.13158232267560543
478,654,0.13157417982291517
494,555,0.13157293605455198
822,71,0.13157121133906036
599,890,0.13156939860724068
960,642,0.13156581109051257
291,1075,0.1315656172032062
960,412,0.13156458136410482
1130,1007,0.13156360311690093
960,696,0.13156306986005475
1106,32,0.13156013568788477
279,1131,0.1315593977524664
974,151,0.1315581113957181
478,1069,0.13155405323559002
870,977,0.1315499624801057
101,62,0.13154881098720297
494,409,0.13154679295863766
1106,350,0.13154345863129926
272,1028,0.13154046219821694
267,810,0.13153994555418194
1130,149,0.13153948874862292
1130,401,0.13153924927737126
1003,250,0.13153505481128772
1106,947,0.13153406610035082
1106,300,0.13153212123485747
1130,20,0.13153117727095026
279,28,0.13152758525585667
279,734,0.13152681385584686
101,210,0.13152580874503286
700,82,0.13152478610978457
1003,151,0.13151026784623537
960,6,0.13150875027285652
291,9,0.13150725675183153
822,70,0.13150544470770584
290,1071,0.1315051048144024
974,93,0.13150368728714915
700,582,0.13150295944342216
1003,216,0.13149829232113502
974,1008,0.13149560529188392
1130,468,0.13149105364298136
478,705,0.13148516799134838
928,206,0.13148028382657767
960,1058,0.13147932484759822
1130,833,0.13147734888140492
974,245,0.13147644172666914
290,1102,0.13146792775285843
280,1113,0.13144376103314512
870,19,0.13143940471406582
17,1128,0.1314280671793442
279,524,0.13142271835239364
17,47,0.13141559237057598
974,271,0.13141473645475416
478,339,0.13141158694921676
17,544,0.13141134257686074
494,342,0.13140590580809902
599,754,0.13140553889175366
280,151,0.13140239749920973
279,397,0.13140162255738091
494,1063,0.1313989148825159
478,949,0.13139655705470982
870,528,0.13139233723974644
267,660,0.1313865747034259
101,145,0.13138426868899547
494,448,0.1313836154989251
267,262,0.1313811869400166
928,418,0.13137783361699096
822,1037,0.13137775401058918
291,885,0.1313766257029761
1130,779,0.13137607942368593
494,630,0.13137372713959852
291,895,0.1313729544829438
928,405,0.13137139505454587
290,721,0.13137027046863436
700,880,0.13136867551989098
822,80,0.1313660642353082
291,508,0.13136575062508773
1106,537,0.13136514531315224
1106,138,0.13136435473044855
279,1110,0.13136239661712557
291,298,0.13135731330493558
101,637,0.1313485022568085
494,435,0.13134510267990324
478,214,0.13134493906169548
494,788,0.13134426639623006
974,113,0.1313345682067798
1130,229,0.13133037448127563
1106,463,0.1313267360245665
494,1034,0.13132123083369462
1003,764,0.13132051059722957
1003,697,0.1313182188118959
1130,931,0.13131694161404975
1130,23,0.1313134241248109
17,961,0.1313082411701447
1106,1000,0.13130759708005596
599,168,0.13130682056482212
279,332,0.13129867999163639
1130,188,0.1312948963288423
494,818,0.1312902063298752
1106,712,0.1312873660838999
291,128,0.13128447209430352
280,107,0.13128114463922172
494,241,0.1312758260782566
478,861,0.13127538395815
870,907,0.13127040263266032
960,939,0.13126817435598162
494,701,0.13126703951249624
1003,228,0.1312621918958569
700,961,0.13126130848129705
267,124,0.13125906496072898
494,376,0.13125796795465763
974,872,0.1312579120314114
101,1024,0.13125610794058543
272,951,0.13124961608202926
822,112,0.1312492231278628
960,1026,0.13124485407979783
822,928,0.13124453028015806
599,700,0.13124372930227846
599,529,0.13123763567708632
822,1006,0.13123674920994882
960,793,0.13123009409712943
1003,567,0.1312286380927901
478,684,0.13122457763477063
599,864,0.13122324894597648
870,669,0.13122269125236358
494,578,0.1312193634878371
1003,1124,0.13121690414501527
700,699,0.13121426320989818
272,604,0.13121109727277672
1130,632,0.13120796072850255
291,921,0.13120781405282908
822,887,0.13120734702784234
494,820,0.13119915187044662
974,771,0.131198138169707
17,2,0.1311980259901726
101,493,0.13119248150202828
960,513,0.13118131414082984
1045,1113,0.13118095522208287
1130,556,0.1311790157642564
700,543,0.1311786484864661
478,1053,0.13117750260645675
700,146,0.13117496482944124
17,213,0.13117460130279732
279,587,0.13116826198784254
1003,1062,0.13116796967947736
599,758,0.13116597559099777
272,676,0.1311616754871457
279,919,0.1311599090333749
974,613,0.13115555128428508
822,1042,0.13114510975451601
974,194,0.13114321784381422
478,958,0.13114131888394118
279,1055,0.13114028283808524
599,995,0.13113929840498695
101,472,0.1311278082035568
1130,173,0.13112622921055128
870,371,0.13112592915925655
17,374,0.13112501450745545
960,1071,0.1311241604858824
822,916,0.1311210824107946
1130,262,0.13111966629483668
870,166,0.13111609710518585
700,1107,0.13111292342172706
272,688,0.1311128262420275
974,1031,0.1311109601918981
870,262,0.13110981358952797
599,1024,0.1311086341577674
17,331,0.13110119837326642
599,104,0.13110102956363037
272,321,0.1310960441892385
272,455,0.13109392307875223
1106,719,0.13109079429105883
974,321,0.13109055245147996
272,219,0.13108832301953038
291,111,0.13108693508716923
974,564,0.13108201180904216
599,555,0.13106628932381945
822,867,0.13106623996777436
290,257,0.13105862618514022
822,1010,0.1310580639953499
280,281,0.1310474162557429
599,964,0.13103106996059372
1003,112,0.13102912131769456
974,163,0.13102871738762015
974,661,0.13102658561907213
1130,288,0.13101994979464526
101,491,0.13101612865671153
1130,1037,0.13100682964107593
599,11,0.13100292547385434
599,83,0.1310023248210654
188,585,0.13100137900349976
478,169,0.13099955061582208
1003,1101,0.13098715879381706
267,60,0.130983793936907
974,853,0.13098095175155527
279,960,0.1309804472737528
267,42,0.13097696686543095
960,661,0.13097655971623579
188,1090,0.13096925260245484
17,1021,0.13096277052732744
188,684,0.13096223165777815
599,359,0.13095678692012455
290,762,0.1309548356857189
822,1041,0.13095227102352672
280,934,0.1309509802829516
870,478,0.130945456783797
700,822,0.13093823857143347
822,359,0.13093744308115565
1106,749,0.13093437731642876
272,678,0.13093396369627278
279,830,0.1309228305980349
280,142,0.1309147366100247
870,660,0.13090914325028474
700,90,0.13090841526925623
494,755,0.13090778250302207
494,489,0.13089946889036475
267,1103,0.1308979846797893
974,915,0.13089781810322756
870,918,0.13089354819948704
928,62,0.13089091302062356
494,126,0.1308865139921194
599,782,0.13088601714050893
101,800,0.13088452829668348
960,1131,0.1308806129994291
1106,1058,0.13087884932809526
1106,624,0.13087820714858373
870,97,0.13087431891749862
494,582,0.13087262789133275
928,741,0.13087181336655476
279,556,0.13086976279734092
974,694,0.13086375926259874
1130,256,0.13085819211765617
478,823,0.13085791073813105
101,502,0.1308573391763293
870,812,0.13085501660174778
290,407,0.13085374741631592
494,724,0.1308504592516299
599,621,0.13084974801049198
1003,594,0.13084036184586906
494,61,0.13083343764473557
17,40,0.1308327162653094
1106,77,0.13083204663526396
1003,952,0.13082999496117634
101,872,0.130824790389002
599,978,0.13081512737836942
17,444,0.13081428331904926
101,762,0.1308139964674776
974,1091,0.13080863383857336
974,97,0.13080842542192667
494,565,0.13080353170954004
188,514,0.13079650766288395
494,296,0.13079447531206778
279,1072,0.13078994557152468
599,202,0.13078980311169056
279,646,0.13078946174596193
1003,357,0.13078582024446114
870,30,0.1307828767889456
280,814,0.13077851753682507
700,1121,0.13077074877309947
870,347,0.1307675783355108
272,684,0.1307664280241426
290,119,0.1307661076942403
960,965,0.13076164118409506
290,445,0.13076018805225878
290,961,0.13075848502534615
974,443,0.13075713341697284
599,559,0.13075161258775828
291,764,0.1307488313278637
478,821,0.13074870257063184
101,697,0.1307484486440426
700,527,0.13074055664713688
870,422,0.13073862612441844
1003,653,0.13073731709108363
494,1102,0.13072999095678645
280,439,0.13072522164310782
700,1006,0.13072022170524053
700,804,0.1307184151338613
599,435,0.1307165501803445
960,627,0.13071426955192586
478,524,0.1307107946434252
478,918,0.1307043057262383
1130,638,0.13070243196261203
599,366,0.13069919137654604
267,161,0.1306919738626717
700,812,0.1306868460600767
272,623,0.1306862331829542
494,697,0.13068558860246943
291,669,0.1306823198817751
279,834,0.13068120542975387
974,957,0.13067646548737694
494,336,0.1306762319689845
1003,579,0.13067609403889383
1130,973,0.1306742242444932
960,364,0.13067409091315002
822,151,0.13067152986150027
101,243,0.1306623637561395
928,364,0.13065947853066084
822,147,0.13065900926195903
960,590,0.13065780659473003
279,1018,0.13065498163402572
1106,485,0.13065161652364854
870,534,0.13064721595259746
494,960,0.13064704675864386
974,504,0.1306453936390957
822,448,0.13064117787526178
1106,318,0.13063000389044352
928,446,0.1306296919101377
280,197,0.13062968424929183
870,898,0.13062965811056876
17,155,0.1306266151717282
1106,593,0.13062634177400934
1003,526,0.13062345067815975
494,832,0.13062237155765782
599,80,0.13061981615937057
1130,227,0.13061379693855527
1003,520,0.13061058305069068
822,1084,0.13060875106394043
974,664,0.1306053975933256
291,673,0.1306040917448733
599,350,0.1306023556152846
1130,699,0.13060172803371078
1130,904,0.1305990268611293
1130,661,0.13059524215611948
478,711,0.1305949078815497
291,520,0.13059094040061797
1003,956,0.13058474368926118
960,219,0.13058396123593932
280,164,0.13057966855382308
17,376,0.13057865613434172
1003,171,0.13057558166326763
599,372,0.13057187908249612
291,969,0.13056550011700221
599,742,0.13055935032940935
494,1035,0.1305550711949114
494,964,0.13055110845315485
290,569,0.13054482634884343
188,404,0.13054302302595006
974,521,0.13053961140453813
449,432,0.1305375254028364
599,748,0.13053565140724477
272,220,0.13053559537929782
290,234,0.1305316816682739
700,206,0.1305304649310548
1130,1110,0.13052892758704546
960,383,0.13052872495989115
1130,1028,0.1305226560468823
928,91,0.13052142954333837
272,1100,0.1305162646133783
494,538,0.1305149106472871
599,273,0.1305135451861925
1130,372,0.13050963604724297
101,1092,0.13050739666744846
267,991,0.13050647359157871
1130,753,0.13050156751858197
700,632,0.13049906276567969
267,148,0.13049712364769378
1130,948,0.1304929519186573
478,647,0.13048640536098044
279,504,0.13048447935149501
928,103,0.13047767516584519
960,326,0.13047500453670569
494,991,0.13047367541442545
822,356,0.13047058912550502
279,396,0.13046561912884974
870,457,0.13046423203197371
279,880,0.13045611085922723
599,399,0.13045509657256898
188,7,0.13044850011745496
960,119,0.13044719614488232
290,403,0.13044660355174137
267,176,0.1304450498826964
974,244,0.1304413908074484
279,327,0.13043728584786923
870,762,0.13043313168472168
822,42,0.13042916797770115
290,712,0.1304286849166559
494,1040,0.13042623377238424
101,1020,0.13042334965904964
599,447,0.1304142590839801
188,383,0.1304131830004436
290,630,0.13041024548939886
1003,72,0.13040979365605082
17,991,0.1304082184690766
822,764,0.13040390806770258
700,626,0.1304017463113377
974,428,0.13039266801685645
822,992,0.13039177618849332
101,382,0.1303869858983226
870,825,0.1303853297099694
478,1082,0.1303846426629504
599,19,0.13038011132959093
280,893,0.13037889795279048
267,1085,0.13037174387241016
272,748,0.13037036159503554
599,210,0.1303699336867014
1003,960,0.1303667742328396
974,778,0.13035662374129875
188,158,0.13035333667180046
870,448,0.13035060417966948
870,504,0.13034788292727653
822,830,0.13034646421423593
291,363,0.13034350638275222
974,82,0.1303432110901167
494,174,0.13034080161284461
494,373,0.13033825519171827
700,121,0.13033705377296426
1106,16,0.13033435052382092
272,228,0.13033233826785065
291,785,0.13033063797130584
599,628,0.13032908949695104
478,281,0.1303287803479761
17,910,0.1303279430479236
494,888,0.13032239859189376
1003,657,0.13032118421311722
280,1057,0.13031724076401446
272,774,0.13031643685904132
960,8,0.13031568157107842
960,1048,0.1303154778455603
17,585,0.13031326709570257
188,467,0.13031274202980792
1130,90,0.13031055657660318
478,491,0.13029855278001404
599,123,0.13029517856415468
478,591,0.1302938729160299
822,397,0.13029367707305717
267,4,0.13029021259216986
822,865,0.1302883761988872
960,664,0.13028647387055667
188,736,0.13028589539201674
870,625,0.13028044979724338
478,262,0.1302772428346415
279,748,0.13027376832082765
279,1128,0.1302618775967438
599,449,0.13026162515687725
599,840,0.13025792985141743
188,588,0.13025657131956173
822,225,0.13025395129108533
1130,1059,0.1302517047681987
700,1005,0.1302440282611766
700,1057,0.13024252707560707
599,96,0.13023976790572228
291,321,0.130238968302544
101,936,0.1302374080838595
494,702,0.13023064795528158
449,750,0.13022474899872188
267,170,0.1302247416852935
494,957,0.1302236768108723
280,829,0.13021926995081542
974,1098,0.1302142773329611
822,166,0.13020769062852777
974,1017,0.13020454361321335
870,1087,0.13019864093270153
478,594,0.13019539155211846
279,1045,0.1301919764445049
599,211,0.13018965285655487
870,702,0.1301852929470622
280,640,0.13018491385005587
101,582,0.13017663394369794
1106,101,0.1301763386877891
494,641,0.13017495829446646
494,140,0.13017224813595984
494,1051,0.1301677744385323
974,1025,0.13016726535416048
1003,718,0.1301659539650412
291,42,0.13016369901923808
870,983,0.13016311955735033
700,37,0.13016161660117068
599,1041,0.13015682422733718
280,1011,0.13015412094113765
267,573,0.1301479794347625
279,904,0.13014201263828332
870,261,0.130141562413386
822,858,0.1301407346134265
599,403,0.13014068881342658
279,1029,0.13013207963098544
1106,1081,0.13012710569336064
279,507,0.13012108423337349
599,441,0.13011963933377205
599,800,0.13011947173961796
267,68,0.13011400681580415
188,958,0.1301131623159956
599,801,0.13011240825078502
960,121,0.13011192845594208
494,280,0.1301097676971007
1003,646,0.13010873181736093
1003,938,0.13010667230674064
870,993,0.13009178773360602
494,1046,0.13009171357928292
17,548,0.13008939702057265
599,54,0.1300862810728024
1130,1024,0.1300840512871652
1106,174,0.13008126493028505
1106,277,0.13007776353271572
599,753,0.1300743781646732
700,641,0.13007368310722822
280,325,0.1300709280806589
290,1106,0.13006596223956646
272,509,0.13006576771910383
974,142,0.1300650608590152
1130,603,0.13006418451470714
599,796,0.13006336778256303
17,818,0.13006265824873683
101,910,0.13006173317797926
700,325,0.1300578709093216
1130,362,0.13005256835920562
188,763,0.13004867522182878
1130,1107,0.13004429535088816
478,280,0.13004358198884644
290,760,0.130041417101189
700,45,0.13003984520535283
1003,673,0.1300389745698673
870,981,0.13003849933043157
494,269,0.13003756236624894
960,348,0.13003727380963706
1130,68,0.13003681839798384
870,289,0.13003103979228092
1130,7,0.13002873479930446
494,484,0.13002757152673658
1003,1078,0.13002234698297432
870,591,0.13001830094312267
494,791,0.13001688188726343
449,1129,0.1300142677617258
17,582,0.13000802556141897
974,143,0.13000232343148696
188,33,0.13000042939955614
974,1068,0.12999757242965604
280,247,0.12999712419982995
700,561,0.12999680823624793
928,65,0.12999333531377946
599,30,0.12999171954326488
1003,131,0.12998702649401506
291,13,0.12998569112818548
494,999,0.129983824147622
101,358,0.1299797783717408
290,987,0.12997501213133614
928,1077,0.12997302826224355
267,386,0.1299703873454213
974,944,0.12996889725661687
478,701,0.12996471312578886
960,982,0.12996424301847276
478,444,0.1299583231063705
1106,361,0.12995808698941386
1003,420,0.12995592898898822
1130,655,0.1299550444087518
494,745,0.12995425229324706
291,1126,0.12995317338930173
280,729,0.12994838127093147
928,631,0.12994762793685796
291,459,0.1299381483335325
700,265,0.12993490137117275
290,187,0.12993420213222057
494,910,0.12993286504167034
188,302,0.12993268005479794
291,1055,0.12992934756192734
870,711,0.12992931902672736
272,940,0.1299222039296796
822,1091,0.12992118602626868
1130,207,0.12992014111388872
974,940,0.12991685403147993
1130,899,0.12991367302998072
478,822,0.12990987890679234
267,444,0.12990960617408162
17,286,0.12990942114660933
17,867,0.12990487889547786
478,25,0.12990470495542697
822,585,0.12990357169230587
478,172,0.1299024774069797
290,512,0.12989257717330208
870,108,0.12988509326573244
1106,879,0.1298844525084509
1106,549,0.12988226107812387
188,881,0.1298815247956098
599,17,0.12987908164625786
1130,674,0.1298786803384422
279,140,0.1298766712121161
267,21,0.12987288582393966
974,221,0.1298715544127932
279,770,0.12986812011203033
478,1078,0.1298667737111938
928,917,0.12986662945694868
478,827,0.12986624051497953
974,785,0.12986153204307002
494,657,0.12986104235375479
599,1043,0.12985081613422744
700,1130,0.12985028647126
928,766,0.12984497183380317
960,881,0.12983604677550187
291,294,0.12983258057044586
1003,1031,0.12981928410102064
291,309,0.12981474095694553
267,357,0.12981234046596968
101,350,0.12981108205115352
188,82,0.12980577942816815
290,76,0.12980553610906187
272,871,0.12980544854818238
1106,580,0.1298023243677564
870,1061,0.12980077104575705
928,455,0.1297966184905786
279,301,0.129795797754804
1003,684,0.12979080359941608
101,821,0.12978970714604066
599,835,0.1297865502116999
279,83,0.12978638585411983
1130,962,0.129783806205928
822,240,0.12976888299911307
279,444,0.1297665868109249
291,514,0.12976380442922475
1003,1008,0.12976368526915003
599,280,0.12976320113499482
599,974,0.129762715289181
17,361,0.1297618352804288
449,20,0.12976145824257346
17,560,0.1297556247634836
870,130,0.12975500578954094
188,875,0.1297547053198239
188,655,0.12975448397734715
101,409,0.12975366814567055
1003,83,0.1297460614028101
267,948,0.12974079548230183
599,1032,0.1297395130953597
290,148,0.12973883484183854
870,651,0.1297325803956946
599,234,0.12972844341879103
17,76,0.12972782630706908
494,124,0.12972730907765398
928,488,0.12972685075152013
272,715,0.12972615860604933
494,499,0.12971819320734065
478,994,0.1297178555206798
279,614,0.1297063528074444
1003,666,0.12970081526489013
290,461,0.12969583529589016
267,681,0.12969444817003004
870,1052,0.12969098756273814
101,864,0.1296901064411183
478,70,0.12968643895532603
291,250,0.12967901629621748
1106,516,0.12967829979919937
494,1070,0.1296724903069739
290,976,0.12966982942409028
101,666,0.12966621804770567
1130,802,0.12966198005291774
599,1068,0.12965554462288684
822,174,0.12964786620648117
17,442,0.12964243723915422
17,34,0.12963862048973193
280,897,0.12962722384229913
1003,538,0.12962638744373348
928,1114,0.1296243824642283
700,441,0.1296224113855755
960,802,0.12961939958837215
599,550,0.12961846083231773
1106,1131,0.12961164315413437
1130,504,0.12960594831584504
599,706,0.12960529035876306
700,646,0.12960452227879574
494,245,0.1295965611186698
1106,170,0.129595286669417
870,305,0.129592691833637
17,579,0.12959015289481282
822,839,0.12958148044382278
974,863,0.12958103588766368
599,342,0.12958005009795986
1130,166,0.12957120184689927
478,131,0.1295688304687624
267,843,0.12956859402676482
928,953,0.12956510918644798
290,42,0.12956318304725628
599,397,0.12956162838223678
478,74,0.12955860729303284
822,1116,0.1295551752071733
494,488,0.12955383603599965
1003,1040,0.12955160508716895
870,386,0.12955003537545318
599,352,0.12954799766054872
599,787,0.12954744159137396
17,877,0.12954671131440051
960,1040,0.12954310598107865
290,181,0.12954206312998437
870,278,0.12954147781753053
599,160,0.12953724204218384
272,1070,0.12953314971901633
101,1097,0.12953222613883872
870,1045,0.12952498762941264
1106,215,0.12951967472678014
700,1118,0.12950920059149706
599,736,0.12950913687913196
1130,459,0.12950849505558537
291,630,0.12950773873159802
101,591,0.12950638428902234
928,1093,0.12950615760477072
494,561,0.12950399573160204
280,567,0.1295038051123753
290,574,0.12949475293119844
870,352,0.1294943091550225
599,329,0.12948396124700873
822,460,0.12947945990390844
494,478,0.12947701331282815
1106,720,0.12946805671828276
279,199,0.1294632062688214
822,95,0.129460702435069
17,1038,0.12945848718874314
822,970,0.12945458957281042
974,896,0.12945134069994546
960,291,0.12943926818833995
267,186,0.1294388837482595
1003,100,0.12943062062962918
291,197,0.1294278853679998
870,407,0.12942340739173636
17,382,0.12942160195014696
599,1046,0.1294182713979408
494,682,0.12941596595570493
279,209,0.12941257436253326
280,240,0.12941069231862495
279,259,0.12940946552406196
822,157,0.12940632745513017
870,438,0.12940595539170358
267,603,0.1294048201260036
974,697,0.12940479412796047
974,181,0.12939732510923793
478,742,0.12939728488807214
1106,559,0.12939416242240606
1130,932,0.12939390987117355
1130,1029,0.12938612825808243
267,261,0.1293772993428915
291,1057,0.1293732393597804
1003,315,0.12937288677681436
1003,8,0.12937083200562
101,658,0.1293699975960961
478,291,0.12936880244282076
494,601,0.12936841082718817
478,707,0.12936839570937847
928,537,0.12934699009245276
700,693,0.12934454526811237
599,346,0.12934139380154377
291,724,0.12934116007009472
101,353,0.1293409028921532
188,650,0.1293402429527305
101,743,0.129338186195134
279,428,0.12933630022450937
291,396,0.12931880796570192
279,466,0.12931484960279807
272,1092,0.12931385910647752
291,46,0.12930991718622553
291,632,0.12930954709901557
1003,266,0.12930568121429983
279,576,0.12930136759883218
101,976,0.1293011715698039
291,658,0.12929947751053047
974,471,0.1292979477173809
17,627,0.12929673553961482
279,20,0.129295468385842
974,386,0.12929282934812034
267,193,0.12929196131377743
291,420,0.12928145780045594
1130,1063,0.12927100068884834
599,741,0.1292703887534593
700,1016,0.12926284727717133
700,377,0.12925505713979307
700,1101,0.12925225252729575
290,996,0.12924965070822847
17,853,0.12924738991429904
280,362,0.12924554837237315
101,284,0.12924421603990646
291,561,0.12924361338162024
599,539,0.12924274314920295
974,978,0.12923800064187932
870,306,0.12923512234084053
280,488,0.1292339983238947
974,20,0.1292323372261279
101,1057,0.1292319009918076
478,777,0.1292282596592916
188,71,0.12922582194891163
17,612,0.12922132560034347
494,1006,0.12921373853859547
870,604,0.12921362992612012
1003,477,0.12921259264628052
1003,964,0.12921239387983802
960,952,0.1292100012778753
290,629,0.1292087537158618
974,107,0.12920521841720148
1106,1114,0.129204439085167
822,1011,0.12920109536474858
700,996,0.12920058164480744
974,625,0.1291999710206691
494,703,0.12918993264164647
1106,65,0.12918919863548914
974,318,0.129187925808326
291,806,0.1291847946357234
279,21,0.12918059761040895
1045,156,0.12917894950912814
279,1070,0.12917812709017
478,12,0.12917288294437815
974,781,0.12917262438538848
960,375,0.12916761284807807
478,588,0.1291673287821699
974,538,0.12916272941895088
290,1084,0.12915688188121882
290,882,0.12915380152235875
1106,498,0.12915269207372046
960,44,0.12915183920409368
700,290,0.12914855281199092
279,113,0.12914711094661577
822,650,0.12914671397942748
494,62,0.1291434228596227
700,787,0.12914142612423923
291,1040,0.12913343740597535
188,501,0.1291334108449994
960,550,0.12913051205639395
700,988,0.12913010220528842
974,1086,0.1291279358618279
280,802,0.12912617878686464
478,186,0.12912605123801135
870,405,0.1291241681348835
279,932,0.12912240384941853
1106,769,0.12911864157595102
188,398,0.1291155705678161
870,294,0.12911478779516483
599,424,0.12911375400720895
272,823,0.12911337998332384
870,1051,0.1291109864179334
290,584,0.12911068402969356
1106,1028,0.12911005939374082
17,349,0.12910998930736892
280,603,0.12910917862734134
280,760,0.12910742292525124
188,849,0.1291072960339393
272,614,0.12910410695691643
1003,825,0.12910207016091269
1130,848,0.1291018042993629
1130,43,0.1290928599799229
960,543,0.12908890842616352
974,846,0.12908619785082767
1130,1016,0.12908302225026838
188,17,0.12908300055978436
267,220,0.12908228427561175
279,877,0.12908074746228912
291,186,0.12907362236639272
290,1129,0.12907222526768442
280,12,0.129071384672324
17,1010,0.12906998602190703
188,1008,0.1290593912026106
291,118,0.12904434917435667
280,68,0.12904340307525897
1130,901,0.1290432050261186
1130,783,0.12904248495714976
870,54,0.12903982633653976
478,1128,0.12903900944573682
267,743,0.12903834637823627
279,46,0.12903561052773976
599,892,0.12903464981859308
822,101,0.1290330741198542
279,413,0.129030136834923
928,318,0.1290281365908309
974,459,0.1290242469749112
478,249,0.12902214822885177
290,928,0.12902110406011527
17,1076,0.12902031087414478
101,384,0.12901941425995728
822,540,0.1290189522644917
478,1121,0.12901664478678526
290,694,0.12901288468298058
700,937,0.12901252946162126
870,206,0.12901189578086159
1130,112,0.12900946999238466
17,770,0.12900504720579403
188,321,0.1290024779810298
1003,192,0.12900162103374402
290,7,0.1290007991720387
101,870,0.12900056551166217
267,279,0.12898895208872832
822,565,0.1289887255320525
291,643,0.12898698314782428
870,618,0.12898463182654443
291,1084,0.12897909076000408
700,173,0.12897739170924172
478,577,0.12896944205050315
267,472,0.1289681729815077
870,613,0.1289647487805345
599,495,0.1289626992794297
1003,691,0.1289626911864145
1106,648,0.12896158987301362
700,608,0.1289572658163191
599,750,0.12895491564603892
1106,774,0.12895107975523423
822,490,0.12894797819638798
700,665,0.12894068262611805
478,133,0.12893302433641493
478,951,0.12892931665880975
267,469,0.12892818028803849
291,1066,0.1289210328480752
494,250,0.1289208006000361
822,84,0.12891978102230006
599,354,0.12891749401047134
599,776,0.12891734117517795
17,532,0.12891718328590362
279,305,0.1289149254096561
494,386,0.12891463209672469
700,786,0.1289143850159803
280,1071,0.12891364847189332
960,173,0.12891139964224937
188,1066,0.12891095988825463
928,526,0.1289091834246737
1130,875,0.1289049399894133
1003,877,0.12890334442286605
280,314,0.12890134392634803
291,601,0.1288954062224525
928,558,0.1288943861550769
974,893,0.12889052277759885
17,1006,0.1288877674504744
279,664,0.12888635823954964
1106,19,0.1288860060737694
822,126,0.12888465588280174
1003,726,0.12887862597327288
267,33,0.12887596051758196
17,764,0.1288689448474756
478,188,0.12886832737886614
272,240,0.12886720265763335
599,998,0.1288663666506659
599,680,0.1288658404736215
478,1103,0.1288654380395112
822,825,0.1288633986217349
188,237,0.1288569633152596
478,352,0.12885409544876977
1003,269,0.12885060035616064
291,505,0.1288482775270608
188,166,0.12884533844361745
101,683,0.12883405903390727
700,643,0.12883241412418686
291,629,0.12883211380799364
974,257,0.12882913565836374
290,1038,0.1288211293752484
960,1041,0.12881975509490684
267,1040,0.12881664631588458
291,1008,0.1288137430952054
1003,495,0.12881025693324996
17,212,0.12880791058329877
449,713,0.12880510979887638
17,62,0.12880320488790306
1130,89,0.12879826618490517
280,1103,0.1287963772572816
1106,740,0.12879348722867448
279,519,0.1287897553613278
494,667,0.12878625664464827
822,821,0.12878483331751117
1130,915,0.1287802552181968
478,48,0.12877987515666298
928,99,0.12877903464972412
1003,196,0.12877683451565403
494,184,0.12877614741165383
478,361,0.12877372179196223
291,452,0.12877007792806447
822,574,0.12876595253286033
870,1100,0.12876437755052036
870,68,0.12875491062955383
188,298,0.12874849326207743
267,380,0.1287394320438923
599,704,0.12873757368329003
599,112,0.12872671587775308
822,1103,0.12872421571013912
494,943,0.1287224170281925
700,298,0.12872191079706702
494,324,0.12872052937241366
960,755,0.12872022812254896
101,764,0.12871905049656265
974,464,0.12871651348604748
188,879,0.12871527565721202
928,506,0.1287129814773294
188,830,0.12870698504295489
279,685,0.12870679901155058
599,526,0.12870363030588422
188,206,0.12870038133565545
291,910,0.12869748356552296
188,354,0.12869678688363242
822,188,0.1286897215777882
700,415,0.1286895483165465
478,897,0.12868596276278102
494,890,0.1286830219755996
279,765,0.12867856708187667
279,303,0.12867622857622074
822,114,0.12867175177640072
1106,857,0.1286717491710776
280,221,0.1286692883737773
1003,987,0.12866741353373257
279,886,0.12866589852990878
928,134,0.12866437033199896
291,521,0.12865339720820815
1106,126,0.12865269779802138
1130,991,0.12865039820373853
870,765,0.12864855948793072
291,744,0.12864811030833734
700,706,0.12863940110737512
870,1068,0.1286369401199629
478,943,0.12862923659464257
272,753,0.12862835619303087
974,913,0.1286249713340214
279,119,0.12862338812472981
960,628,0.12862241765025026
1106,500,0.12862208302778566
291,1096,0.12861846439380764
1003,829,0.12861662152963663
974,312,0.1286165365088119
700,613,0.1286151600673743
1106,139,0.12861282735744256
478,196,0.12860739678065558
1003,480,0.12859696881411467
188,960,0.12859455013823218
599,727,0.12858704705004148
280,572,0.12858696787177548
1003,914,0.12858560376595182
267,486,0.12858326470957118
478,1093,0.12858253857092694
101,1031,0.1285769567820285
960,42,0.12857541467533243
494,899,0.12857429975089205
974,480,0.12857156984195522
1130,274,0.128567428243333
1130,388,0.12855507614834458
822,893,0.12855353720122145
870,858,0.12855293615660213
974,879,0.12854988234858064
599,90,0.12854704061170877
599,274,0.12854638553431222
870,991,0.12854501624198586
1003,875,0.12854482887292984
700,394,0.12854469565498902
101,688,0.1285421803636666
291,238,0.12854028031245515
960,841,0.1285394278464395
17,341,0.1285364591194233
478,439,0.12853381585102358
494,928,0.12853377433277624
960,411,0.1285313017181841
960,368,0.12852895658065708
478,520,0.12852351489469327
1003,486,0.12851962596567632
1003,1046,0.12851952046323634
188,63,0.12851594020075935
1106,874,0.12851358613469036
960,620,0.12851144809653098
279,1109,0.12851057316303363
267,1045,0.12850719315649958
974,191,0.12850630744603178
928,552,0.1285038799191701
1003,339,0.12850327036444356
188,494,0.1284987937141088
494,708,0.12849670864810764
279,801,0.12849640741748727
960,347,0.1284903857580808
700,529,0.12848928938477638
700,783,0.12848836505847674
599,38,0.12848610554093529
974,158,0.12848507334110337
1130,572,0.12848489296599935
822,750,0.12848445555080829
1106,860,0.12848256857864435
960,1062,0.12848220934094368
1003,407,0.12848196014905303
279,463,0.12848103351503307
1130,298,0.1284808470239991
267,606,0.1284800618513103
700,1098,0.12847844160632732
272,545,0.12847538669361602
1003,586,0.12847475926065255
960,433,0.12847257818481114
1003,350,0.12846970961672366
101,999,0.12846771105843835
272,865,0.1284666524341942
267,222,0.12846649915575212
280,796,0.1284664508896487
822,989,0.12846497590639444
291,467,0.12846329267228435
188,499,0.1284632221982774
1003,699,0.12846021940383606
1003,869,0.12845865906751222
974,965,0.12845809892367585
822,16,0.1284576216801417
960,369,0.1284572545211819
279,13,0.1284566597419157
279,1126,0.1284545771085681
1106,964,0.1284526399246871
870,970,0.12845221442072566
494,856,0.12845191334700007
870,820,0.12844801554058927
822,131,0.12844773760312314
478,466,0.12844392453934733
272,754,0.12844160116033002
267,449,0.12843497256296077
1130,733,0.1284338379479506
17,484,0.12843265067030066
822,1018,0.12842916615318226
960,668,0.12842905831071036
928,388,0.12842775780222587
1003,489,0.12842536287198406
822,1088,0.12842321509751256
1130,928,0.12842307615703233
700,792,0.12842224532457233
267,511,0.12842042124361897
599,852,0.1284203024204558
870,1004,0.12841948880208312
291,1108,0.12841769174264286
290,608,0.12841668315826846
188,30,0.12841427931902516
494,354,0.12841245432752343
822,669,0.12841165964095919
1106,324,0.12840736035919675
272,466,0.12840551076279577
494,472,0.12839908230710387
599,184,0.12839637311240637
267,911,0.12839286983390968
700,1123,0.12839125303602517
188,340,0.12838856930672585
599,702,0.12838312313778763
960,926,0.12838230798429498
291,958,0.12838220864830993
478,625,0.1283808545522152
1130,759,0.1283807429379732
960,473,0.12836962471063545
272,1123,0.1283684519821529
822,297,0.12836688039651606
870,532,0.1283649807063888
17,272,0.12836291395148117
700,388,0.12836211995048008
17,429,0.1283607246098843
870,564,0.12835651923348912
870,1101,0.12835443029859808
267,701,0.12835274691716375
290,984,0.1283349655222382
870,1048,0.12833281338386832
17,472,0.1283205727837242
494,65,0.1283196944610262
700,871,0.1283193823988374
1106,678,0.128317942505324
1106,303,0.12830813329550617
1106,532,0.1283077625676512
700,169,0.1283059682828068
291,1087,0.12830475881101325
478,556,0.12830373262898015
272,1122,0.12830325420220706
1045,675,0.12829979494447535
870,778,0.12829623141943228
928,651,0.1282953239390726
279,712,0.12829382500021905
960,235,0.1282904803352011
478,215,0.12828455048249138
279,347,0.12828379461194983
700,927,0.1282816096489204
1003,386,0.12828041819511865
870,685,0.12828037804416204
700,898,0.12827618392325257
1106,917,0.1282756957933746
494,869,0.12827403962044942
290,496,0.12827049504187446
822,550,0.1282674356984699
279,575,0.1282637289222673
478,162,0.128261585943353
822,876,0.12826053221187697
599,822,0.12825872686480216
494,311,0.12825768810114244
290,936,0.12825733072690462
822,973,0.1282565122324695
1130,1103,0.1282548234178658
700,345,0.12824744083072737
822,250,0.12824643426215332
101,207,0.12824527533620605
960,403,0.12824451493878816
870,592,0.12824371176727983
279,369,0.12824300486093562
1106,216,0.12823251666089858
101,943,0.1282324867066136
870,1112,0.12823086874221026
17,814,0.12823017691969726
478,800,0.12822159133782005
290,0,0.12821915106532827
1106,467,0.1282187235932654
960,694,0.12821205798736657
1130,822,0.12820961975538075
870,682,0.1282051350907804
974,170,0.12820067524116166
101,647,0.128194911116173
870,707,0.12819382917815675
291,236,0.12819215682700716
928,305,0.1281912915772316
291,330,0.12818926517644894
478,824,0.12818718047819888
599,313,0.1281834086676415
280,769,0.1281819072453537
1106,913,0.12817989801256344
291,415,0.12817948661896614
478,431,0.12817466861059962
1106,943,0.12817382023560298
1003,1012,0.1281715311586164
279,661,0.12816819821276718
700,1086,0.12816659921072607
478,991,0.12816016101121103
974,566,0.12815836055082688
101,394,0.12815755245302324
1130,245,0.1281553121456278
1045,558,0.1281521366309203
974,764,0.12814539790225848
822,105,0.12814459948816703
974,178,0.1281425771103078
188,778,0.12813481966221554
870,202,0.1281278799236241
272,972,0.12812571353198665
17,651,0.12812519869636055
101,335,0.1281149672958682
974,854,0.1281149616609217
1130,225,0.12810742652513626
280,510,0.12810742333541372
279,1,0.12810633388152348
1003,198,0.12810498609163562
494,23,0.1281016530159669
279,456,0.12809987711474044
267,731,0.12809736464287794
478,947,0.12809676430272104
599,55,0.128094858210451
272,441,0.12809397323846172
822,590,0.12808497787879067
960,682,0.12808138291227644
188,721,0.12808068308177714
960,1104,0.12807942713032566
870,161,0.12807854954193978
290,816,0.12807681494156486
17,306,0.12807662488472657
870,319,0.12807289770487562
494,792,0.1280717796206871
870,238,0.12807084980126332
291,811,0.12807048265821128
960,436,0.12807012080012897
822,418,0.12806506617902308
17,804,0.12806425918927827
280,447,0.12805954583440915
478,604,0.12805759828385968
17,538,0.12805569706250167
822,78,0.12805454353446524
960,745,0.12805401614674117
17,721,0.12805345047361608
960,813,0.12805170090858775
291,402,0.12805158512941345
101,897,0.12804995171398284
1003,696,0.1280472062062911
822,968,0.12804618667703374
870,771,0.12803430805099364
1130,1095,0.1280326460204964
974,950,0.12803165944383568
494,643,0.12802918865668048
279,321,0.12802379772474826
870,124,0.12802165937104282
1106,400,0.1280214182993289
599,771,0.12801536118835957
290,1091,0.1280118690799946
1130,892,0.1280115760216946
267,1067,0.12799958742251447
960,888,0.1279989926759069
822,237,0.12799228668027843
928,733,0.12799117162190718
17,63,0.1279904414937346
1130,1070,0.12798018853977014
494,929,0.12797638329556071
188,507,0.12797347166713186
101,316,0.1279721259335555
494,348,0.1279713344526594
291,139,0.12797002248061887
1130,172,0.1279691992052147
267,880,0.12796754273756464
1130,1027,0.12795590999930942
1003,758,0.12794806660269664
280,741,0.1279440908427351
272,626,0.12794270055047144
267,973,0.12794034843967209
279,132,0.1279394113223866
280,582,0.12793896886163297
279,59,0.12793564483035277
960,792,0.12792915864666285
267,435,0.12792773243558622
1106,718,0.12792716988370023
280,72,0.12792664130449474
599,536,0.1279252157844417
1130,1040,0.1279242234803177
272,769,0.1279206062081042
101,12,0.1279197518467915
188,342,0.1279191722240439
1130,582,0.1279177168693726
870,545,0.12790823499785248
870,26,0.12790316189611442
960,435,0.12790279235578267
494,26,0.12790222155028125
599,955,0.12790195059254003
1106,83,0.12789932887966166
478,646,0.1278990255192039
928,725,0.12788724850297167
279,806,0.12788535889760952
279,653,0.12788087296417527
700,39,0.12787941631091382
101,1105,0.12787140763681443
870,267,0.12786814849538594
1003,905,0.1278662837191718
870,764,0.12786543132285336
17,857,0.12786411199652098
494,36,0.12785908540291202
279,824,0.12785844970018884
1130,496,0.1278584303260549
279,941,0.12785354437982602
280,157,0.12785207481156266
1130,831,0.1278519281333081
870,1035,0.12784609307156403
290,1001,0.12784434434617092
1106,1089,0.12784404762212173
822,857,0.12784352919371408
279,604,0.12784278528935575
960,869,0.1278422672121016
17,997,0.12783761479402506
494,1033,0.12783643815267381
1106,601,0.1278351053675055
822,238,0.1278331684310403
870,807,0.12783206511392065
267,913,0.12782637712540962
478,178,0.12782470717823832
188,556,0.12782442227326846
478,589,0.12782161085157853
700,546,0.1278204682774476
478,928,0.12781947456207443
870,909,0.12781427033381845
870,25,0.12780847901137563
870,400,0.12779784861290935
494,17,0.1277944257035012
960,60,0.1277910921311488
1130,718,0.1277909914027686
960,311,0.12778248079454615
700,813,0.12777655369762864
1003,946,0.1277746878058682
478,234,0.12777292963469306
1003,20,0.12777211770650884
291,1070,0.1277680011335249
960,248,0.12776721384896433
291,59,0.1277647712531766
272,361,0.12776295900759524
870,1076,0.1277620148485986
700,742,0.1277590116876368
188,5,0.12775840393303903
267,158,0.12775827194740969
291,14,0.12775802915266915
974,668,0.12775639250694307
1130,969,0.12775353669263131
870,427,0.1277495641309755
1003,774,0.12774765086791612
870,1072,0.12774736940131695
17,28,0.12774620492467909
291,183,0.1277436846076886
870,721,0.12773672538582995
290,1099,0.12773486428880307
267,583,0.1277319825829447
974,1013,0.1277305658018959
478,1071,0.1277231118212826
494,1057,0.1277198947984649
974,601,0.12771711468688265
101,1046,0.12771369575572014
478,1074,0.1277101215509214
870,121,0.12770987240924067
478,1086,0.1277046338034885
17,347,0.12770403295472954
101,1087,0.12769702629246296
478,8,0.1276950036006416
290,555,0.12769384860858726
960,40,0.1276893780345565
1130,305,0.12768641705452846
700,843,0.12768438336776355
188,131,0.12767879031564566
974,1088,0.12767733299827425
870,94,0.12767715344729802
1130,683,0.12767549046391155
1106,736,0.12767248452076227
279,121,0.12766767482140148
494,490,0.12765826812576436
960,957,0.1276579081938339
272,1008,0.12765516663580825
188,402,0.127655139154092
1130,186,0.127651973284398
599,166,0.12764520967566356
290,212,0.12764291535767727
1130,987,0.1276407020706334
870,916,0.12764065913658407
478,300,0.1276404191113203
279,449,0.12763952973850917
599,1061,0.12763889522854174
974,589,0.12763839911971525
1106,889,0.12763482261004047
478,105,0.12763276850960723
974,588,0.1276326689599951
974,558,0.12763183861245142
267,912,0.12762792696017813
17,985,0.12762603174469458
494,842,0.12762569331005122
960,7,0.1276246771549114
1130,151,0.12762386805037168
822,588,0.12762117104970006
188,483,0.1276203403106396
1003,961,0.1276189509410682
928,549,0.12761863756803704
17,718,0.12761810653289968
494,411,0.1276144876435378
291,297,0.1276110198556792
928,101,0.12760615211210544
700,300,0.12760203804922743
700,823,0.12759458849731958
822,1046,0.12759440266547306
1003,384,0.12759278535841176
974,698,0.12759104055228618
478,1059,0.12759079092722792
1106,671,0.1275875825551844
700,149,0.1275861428155889
17,368,0.12758609112649894
700,870,0.12758555715051764
188,861,0.12758450039429317
291,1032,0.12757847916896495
1106,386,0.127575261823154
272,936,0.12757205861893323
700,614,0.12757082424655464
478,19,0.12757063719365672
822,229,0.12757050570330733
822,498,0.12756949800312084
291,31,0.12756745865574246
870,971,0.1275671226651554
1003,788,0.12756503291683802
188,919,0.12756038516379722
1106,792,0.12755513539825225
960,133,0.1275512343777404
17,849,0.12754779047016582
822,97,0.1275468626850376
279,242,0.1275460103675424
494,100,0.1275437919464398
101,880,0.12754232264568852
700,312,0.1275384880828849
279,853,0.12753241043771335
17,935,0.1275322234612365
1003,1035,0.12753162657069875
960,382,0.12753044192588514
291,343,0.12752543906528957
17,10,0.12752397123707782
290,645,0.1275235529722539
928,664,0.12752238613589342
870,86,0.12752190779335032
280,901,0.12752026776396155
1130,596,0.12752018464062725
272,630,0.1275119902237988
290,1016,0.1275048000782997
478,696,0.1275002011552049
101,1077,0.12749882435865606
279,599,0.12749777608411977
291,417,0.1274970534118926
291,579,0.12749557438387557
494,796,0.12749317063569435
960,397,0.12749214656270957
494,936,0.12749181263837875
101,639,0.12749179072393116
494,191,0.12749028816409178
290,655,0.12748790361511322
267,100,0.1274859981590447
870,242,0.12748187238975017
700,195,0.12748108984272158
290,40,0.12748049175757906
1130,510,0.12747773561736186
1130,105,0.12747095732242575
272,1027,0.1274686827825168
599,303,0.1274665056450674
1106,822,0.12746573797900831
960,1128,0.12745533495512673
960,670,0.12745333230332237
928,717,0.1274504998612813
822,582,0.12744305252115895
478,583,0.12744147877745957
101,690,0.12744143033170124
267,1110,0.12744110115258814
1106,490,0.12743387348202992
700,1127,0.12743315050960752
291,883,0.12743077390847024
599,516,0.1274304523462183
101,282,0.12742875686667238
1130,67,0.12742783257038023
599,326,0.12742653673653637
599,520,0.12742493859512188
1106,1126,0.12742469728088018
870,522,0.1274181685232197
17,542,0.12741268487426424
290,305,0.127412519052868
101,755,0.12740892484598024
928,397,0.12740677547941873
974,84,0.12740535733547093
478,490,0.12739961421947144
1130,561,0.12739958090083373
280,502,0.1273968214756594
822,1127,0.12739583456263728
960,751,0.12739160320269563
960,1078,0.12739006148521434
101,914,0.12738792784935463
1106,752,0.12738756432606646
478,35,0.1273859790621359
960,350,0.1273828989453749
700,260,0.1273798920409328
960,790,0.12737600228186818
478,494,0.12737591383919647
822,1028,0.12737472758192045
1130,32,0.1273720736427544
494,210,0.12737053000153292
822,621,0.12736709491395376
101,920,0.12736536594444195
272,1104,0.12736285255225335
101,1068,0.12735975861489224
599,928,0.12735946763359235
478,474,0.12735169340913552
1130,1057,0.1273511369834907
494,897,0.12734772390253263
290,160,0.12734664965986175
1106,927,0.12734656052211182
1003,14,0.12734361417511653
870,76,0.12734361013242057
267,549,0.12733943362128003
17,410,0.12733838682126097
188,411,0.12733813451688392
870,553,0.1273308316605515
700,33,0.1273293577389751
1130,569,0.12732671767516582
599,615,0.1273245863333005
1106,333,0.12732323179052707
1003,494,0.12732306071807584
599,358,0.12732173269511543
478,737,0.12732157064040014
280,689,0.12731959148164887
267,975,0.1273173229064609
280,1066,0.12731385561278427
822,139,0.12731377616782952
280,1046,0.12731363144577454
279,975,0.12731084646902108
974,556,0.12730921535758907
494,1103,0.12730613208288777
1106,1079,0.1273008841800034
870,966,0.12729875378694872
17,218,0.12729494529816948
974,585,0.12729423376079502
928,1078,0.12729321040945685
974,742,0.12729249225715494
974,523,0.12729056349963871
974,536,0.12728777871298472
267,705,0.12728105403443488
870,298,0.12727671958905032
17,969,0.12727505381378013
279,849,0.12727420132329426
599,703,0.12727373893103258
928,607,0.1272727424599925
494,1032,0.12727258389396884
101,550,0.12727250644232618
974,869,0.12727049032147736
17,931,0.12726307174401358
1130,980,0.127261686582009
449,933,0.12726085239341423
822,924,0.12725961468556968
17,933,0.12725796344069357
267,366,0.12725729552359996
494,260,0.12725657553672406
17,151,0.1272559828620875
700,1105,0.12724005314350884
599,278,0.127233281419837
928,306,0.12722618063915875
822,963,0.1272260822934362
1106,784,0.12722142305588757
272,1031,0.1272138239364834
188,41,0.12721294080984916
822,784,0.12721232092490828
101,467,0.12721154205575103
188,926,0.127210387958014
478,718,0.12720857003366162
599,1081,0.127206680423715
599,914,0.1272004429314249
494,491,0.1271965238451014
870,589,0.12719611880526074
928,69,0.1271941465942484
1106,214,0.127192465992018
280,253,0.12718189975315614
272,401,0.12717761980635803
599,569,0.12717623876106435
279,511,0.1271740628821795
700,621,0.12717193293104953
870,1007,0.12717066584109762
700,734,0.12717051228377055
290,158,0.12716982298979682
1003,529,0.12716730027321868
1106,582,0.1271669250637141
449,365,0.12715903448543975
1130,108,0.1271494043385648
291,676,0.1271484138371458
17,311,0.12714685423669084
478,1104,0.12714567498945745
267,1055,0.12714160337484548
478,543,0.1271413650188777
478,1126,0.12714107967892116
17,482,0.12713866603712448
960,1076,0.12713732407349035
974,645,0.12713616293743982
188,529,0.12713335625864733
822,243,0.1271288560172519
822,742,0.12712712090364772
1130,139,0.12712342355753012
272,938,0.1271168220368299
494,350,0.12711618500255284
17,1018,0.12711608925856693
822,216,0.12711154864355706
279,133,0.12711124726107778
822,790,0.12711114840390905
974,1035,0.1271111466149571
960,280,0.12710966998946646
960,1102,0.12710832561210367
101,521,0.12710704425946462
101,425,0.12710475391737885
290,294,0.12710335393935615
822,62,0.12710273437776798
272,919,0.12710238200924417
960,514,0.12710106376544997
974,18,0.1271009870202872
101,933,0.12709874149035863
599,40,0.1270952650499842
272,96,0.12709448502058374
1003,109,0.12709269183085783
17,54,0.12709263240716043
291,144,0.12709224732575175
1003,655,0.12709132884101068
1106,881,0.12708083776900905
478,185,0.12707878843934559
17,234,0.12707786590338357
1130,1032,0.1270755818203719
1106,1123,0.12707349054270353
267,1102,0.1270713997674898
870,285,0.12706770757550664
822,375,0.12706665696473682
599,339,0.12706618646010642
1130,437,0.12706572343202077
822,1117,0.12705691545967748
291,529,0.12704665349025926
17,573,0.12704253654961964
291,867,0.1270399987332855
17,905,0.12703437231217693
494,649,0.1270287433693226
478,730,0.12702492460821535
478,166,0.1270221045544779
974,115,0.12701584857769613
974,455,0.12701397231486355
1003,11,0.1270102753019209
870,75,0.12700729944396
291,880,0.12700594509257718
478,1016,0.1270030507718503
599,606,0.12699854262376392
870,561,0.126998130445279
974,745,0.12699627056892912
280,1081,0.12699562424223101
279,501,0.12699409879544038
1003,778,0.1269935715664892
17,116,0.12699124065725492
279,70,0.1269884803898733
291,720,0.12698709076303558
17,625,0.1269836225417829
101,25,0.126980784695449
822,698,0.1269749010609414
494,30,0.12697191111958156
870,66,0.12696034706336912
267,666,0.12695843809317195
1003,830,0.1269581785536307
101,26,0.12695680687623415
700,471,0.12695610563157397
17,465,0.12695376033433603
280,547,0.1269526589353637
822,111,0.12694846761165646
700,442,0.12694619716569028
974,505,0.12693871468475554
974,576,0.12693847923684787
279,15,0.12693671403673798
960,874,0.12693342242680536
700,896,0.1269316808240763
478,911,0.12693159995822037
494,54,0.12693122863654593
928,746,0.12693087684701226
279,807,0.12692393776234812
494,604,0.1269176739439879
599,993,0.12691479060046482
291,464,0.12691434968033663
291,162,0.12691331318126942
272,24,0.12691278077094578
494,227,0.1269113973068052
974,502,0.12690905490338258
291,1082,0.12690461396198469
1106,815,0.12690392712595772
290,770,0.12690132531630705
700,978,0.12690128720787067
928,71,0.12689630753499306
870,264,0.12689144302548808
280,45,0.12688952192416672
1106,339,0.12688931572309034
928,722,0.12688846993937303
1130,782,0.12688697232536741
870,1098,0.12688379773890307
17,203,0.12687183275747319
291,1068,0.12687029011611506
1003,897,0.1268664052983715
960,38,0.12686397144470263
188,835,0.12685855112684222
960,546,0.12685672681312743
280,968,0.126855983862012
1106,778,0.12685553833471075
101,968,0.12685301828231588
494,44,0.12685219256131247
494,760,0.12684982448456117
290,530,0.12684979396524595
870,664,0.1268457046184975
291,204,0.1268430260674821
17,894,0.12683970917868254
1106,46,0.12683211101015648
1106,346,0.1268301609650839
974,824,0.1268254271268447
188,251,0.1268229716147002
870,213,0.12681942497934726
599,370,0.12681699937690352
17,35,0.12681059992831334
928,399,0.12680986009099146
291,900,0.126806295847842
1130,157,0.12680624813075994
267,525,0.12680604778513133
478,877,0.12680388389213396
1106,607,0.1268010757131024
478,221,0.12679537340783884
291,991,0.12679159946520005
188,403,0.12678184725029507
449,335,0.12677547184586005
17,856,0.1267709778746769
1003,592,0.12677044467922854
700,125,0.1267702421051743
599,668,0.12676890480453518
494,663,0.12676607064697407
478,250,0.12676454917033508
101,140,0.1267641509070512
279,78,0.12676194331311688
280,446,0.12675898564972618
700,491,0.12675369127177638
291,530,0.1267513241500609
1106,706,0.12675105378463467
1130,673,0.12674656367230702
494,207,0.12674465925998282
478,686,0.12674456190073416
494,240,0.12674006141988564
478,653,0.1267345356684569
870,658,0.12673344858779348
822,803,0.1267326295451083
1003,1118,0.1267325451811309
822,136,0.1267315992637922
290,1,0.12673018812421874
17,828,0.12672808257506007
101,1010,0.12672759149593038
267,57,0.1267271920019156
17,772,0.12672711103991358
974,495,0.12672709159072082
974,649,0.12672593851042016
279,118,0.12672446066599283
188,291,0.12672046564457054
494,861,0.12671770551868275
1003,737,0.12671451761638816
101,735,0.12671440601304138
188,938,0.12671089945121675
267,416,0.1267102275671859
267,853,0.12670900436831553
101,1039,0.12670812868587983
1130,955,0.12670505232385695
599,517,0.12669898050034556
101,233,0.12669553049042673
1130,10,0.12669106350728448
822,241,0.12668651240873274
17,101,0.12668194838642133
960,788,0.12667855307064263
290,719,0.12667689921554165
290,485,0.12667619764913085
291,875,0.12667362205444255
960,418,0.1266725673852869
599,1057,0.1266700153588279
974,919,0.12666845108297162
928,864,0.12666838775690545
960,466,0.12666827832501296
1130,812,0.1266666656209868
478,1117,0.12666486207437536
290,749,0.12666131117774662
960,614,0.126660137879079
870,801,0.12665978972244715
822,832,0.12665940484942487
478,584,0.12665573457147042
960,222,0.12665428721442712
101,1084,0.1266485114672644
290,54,0.12664764890170463
272,412,0.12664592953736262
974,65,0.12664524622693246
1130,681,0.1266445119290501
599,385,0.12664362342055385
494,70,0.12664242822119093
290,752,0.1266410893482254
960,494,0.12663993622553546
101,899,0.12663703838261894
928,532,0.12663527512060002
279,172,0.12663128253424547
1106,797,0.12662999330350744
1106,375,0.12662643473615653
17,960,0.1266226835098862
1130,956,0.1266218253131304
478,346,0.126619257896916
870,143,0.1266165994191583
1003,1049,0.1266147716841072
960,116,0.12661414880201932
188,596,0.12661242615630242
822,881,0.12661190271200387
291,663,0.12661109806746174
1003,890,0.1266098492801099
17,854,0.12660754596777707
974,55,0.1266074053878105
1003,991,0.12660470377609703
478,148,0.12660379812873784
928,981,0.12660004170946423
279,762,0.12659837702464816
279,300,0.1265919870825958
700,1044,0.12658855016429757
279,348,0.1265881092163811
960,213,0.12658792296320043
188,811,0.12658342892754093
1130,490,0.126580885444828
1106,98,0.12657964863928514
17,201,0.1265746678538411
494,1101,0.12657253108946515
17,8,0.12657121724522305
494,740,0.1265685982876367
188,979,0.1265682300428459
478,302,0.1265675526915265
267,395,0.12656314083544215
494,323,0.12656117537663877
188,947,0.12655635951071387
280,382,0.1265542195112885
494,268,0.12655297018196496
822,227,0.126552274474282
478,410,0.12654985659907572
101,329,0.1265494189323315
870,501,0.12654924245043903
1003,887,0.1265486450810559
599,323,0.12654850335925075
599,193,0.12654792193588663
960,65,0.12654644301669452
478,1007,0.12654469391409978
870,413,0.12653729034861333
1106,835,0.12653676512907183
291,347,0.12653521419297498
960,187,0.1265348502543507
870,897,0.1265315465389488
188,196,0.12652872350325695
960,452,0.12652812458768428
700,130,0.12652051573441916
290,1023,0.12651918560390493
280,288,0.12651880904562776
291,1069,0.12651849137767582
272,1014,0.12651470158885078
17,114,0.12651254479401103
822,193,0.12651031193632098
1106,360,0.12650542756873145
494,831,0.12650257015844427
960,971,0.12650246845592483
1130,38,0.12650142582713728
1003,949,0.12649437196324256
280,356,0.1264926656297134
700,350,0.12649207508188437
290,591,0.12648985307155752
290,363,0.12648945575947448
870,303,0.12648237412255348
101,971,0.12647905812784177
1106,43,0.12647763468080195
291,592,0.12647696034216552
599,39,0.1264760976178909
478,306,0.1264694118271448
478,968,0.12646940997866607
1106,492,0.1264676114198829
188,1118,0.1264653686444724
188,565,0.12646499774091244
960,36,0.12645984064523724
290,151,0.12645661582686196
870,138,0.12645652998466647
974,753,0.1264561975558521
279,265,0.1264559923234701
279,746,0.12645364838124667
700,825,0.12645240677615996
599,1111,0.12645066371671332
822,555,0.1264478433501835
599,941,0.12644770988406712
280,229,0.12643936580101986
960,338,0.12643933236242036
279,1041,0.1264367478966478
599,378,0.1264343238590594
960,422,0.12643407980356297
291,613,0.12642911205281718
1130,919,0.12642856323395665
1003,375,0.12642630528189186
1003,408,0.12642480859106475
700,362,0.12642323977069178
960,962,0.12641788555341718
870,203,0.1264138334291783
974,525,0.12640735145994555
822,1118,0.12640372004347802
279,365,0.12640322673203605
279,229,0.12640260027579783
822,514,0.12640186513220972
478,734,0.12639936017852005
1130,130,0.12639837980815657
960,22,0.12639707895425434
822,890,0.12639524178788397
928,951,0.12638944371954589
188,305,0.12638797142484995
101,961,0.12638739962654
974,779,0.1263862720174352
17,971,0.1263825644218685
1003,882,0.12636720118087524
291,590,0.12636718129153046
17,147,0.12636516625225072
1003,625,0.12636504061518125
822,647,0.12636415124485426
17,437,0.12636193388269762
870,821,0.12635883153012378
272,1095,0.12634981596771092
291,771,0.12634942470937902
101,262,0.12634925593437607
870,701,0.12634741701440744
700,1065,0.12634584501626592
822,306,0.12634534120989366
960,447,0.12634439528281258
960,601,0.12634349823260757
960,333,0.12633746967926096
870,173,0.1263293192022952
599,785,0.12632882659672967
494,904,0.12632854993984935
291,245,0.12632185120539083
279,181,0.12631903207138162
599,965,0.12631649235001396
700,1045,0.1263163091823354
599,747,0.12631591190238695
279,1084,0.1263130319753778
960,577,0.1263096517742454
291,648,0.1263070117363121
17,725,0.12630481753096479
822,88,0.12629716590636159
279,881,0.12629498805711645
494,711,0.12629402682551127
822,44,0.1262924430789281
267,588,0.12629121060442386
478,104,0.12628959331764983
870,129,0.12628804831038537
478,336,0.12628431125186693
17,802,0.12628388091171372
478,13,0.12627816775026318
280,482,0.12627700364486244
960,835,0.12627313057628295
700,187,0.12627094492233795
974,463,0.1262673403812915
478,498,0.12626495127128698
478,552,0.1262638428844758
188,190,0.12625413830056875
17,1121,0.12625351213775482
494,583,0.12624205914117267
478,1020,0.12624149568255125
870,823,0.1262390135846906
272,350,0.1262381496665967
279,316,0.1262379279430511
1106,1059,0.12623740460495578
279,1103,0.12623724147207832
279,721,0.12623699693907575
280,461,0.1262366227807227
17,561,0.1262334882201323
267,427,0.12622926129879314
478,1041,0.12622677591948117
494,465,0.12622549846761444
267,791,0.1262247399117193
1130,484,0.12621485253455778
279,95,0.12621118227183745
494,300,0.12620992607185977
279,10,0.12620909456112936
1106,514,0.1262089422163769
870,573,0.12620264746063353
267,1075,0.12620253694414113
822,996,0.1262013662001234
1003,835,0.126199295193767
101,121,0.126195030245738
279,722,0.1261900842997297
478,364,0.12618914406786128
291,267,0.12618796599924353
17,978,0.12618659291003256
822,233,0.12618308310549758
700,407,0.12618259952364064
280,663,0.12618030589966017
267,63,0.1261788968463464
17,420,0.12617825846399489
279,1111,0.12617763950082908
291,70,0.12617716374591015
101,313,0.12616777180142313
17,1035,0.12616364486015588
279,197,0.12616116891861295
291,497,0.12615785755133052
960,1121,0.12615688531661137
267,580,0.12615480500534987
290,1117,0.12615116108237978
974,864,0.1261501027392642
478,482,0.12614705550663174
1106,632,0.12614605101830625
280,643,0.12614013723451556
1130,80,0.12614000907078066
822,1078,0.1261351298504352
599,170,0.12613332585415235
267,717,0.1261303206703419
1106,166,0.12612864405573962
1003,15,0.12612505786716138
700,736,0.12611722342919413
280,1096,0.12611558642655885
478,193,0.126114005119099
974,897,0.12611166968850368
267,410,0.12610911391495258
1106,418,0.12610751550314714
974,560,0.12610599142200826
188,827,0.12610175265840684
870,640,0.1260977670947111
700,785,0.12609578734104718
1106,963,0.12609306888078578
1106,203,0.1260924152204349
822,730,0.1260887091385954
478,433,0.12608733944132341
1003,923,0.12608712738963332
974,378,0.12608711867821878
822,321,0.12608553758963975
974,618,0.1260845103989355
870,170,0.12607740155981323
700,828,0.1260773697850717
822,629,0.12607557995424717
822,907,0.12607176448739657
478,614,0.12606889662493848
599,1084,0.12606812002006515
17,1005,0.12606712105996992
1106,243,0.12606689482835962
291,41,0.12606510310054678
870,937,0.12605816115469065
272,175,0.12605754117167012
870,1050,0.12605699867226833
478,1076,0.12605675144922948
960,648,0.12605211831909227
478,972,0.12605046503182346
272,1062,0.12604668850560682
960,673,0.12604471424952532
291,655,0.12604453380721026
279,601,0.1260439048412331
974,423,0.1260431684814357
494,971,0.12604047275191724
17,1060,0.1260382649790074
17,592,0.12603825828716883
700,977,0.12603045974760999
291,1026,0.12603010297812772
1106,846,0.1260289262729121
870,226,0.12602839495812318
280,372,0.12602327221978107
1106,936,0.12602326514873183
188,11,0.12602225144336893
290,863,0.12602205872677122
1003,585,0.12602204464795871
700,463,0.1260214051586853
822,443,0.1260211295407526
494,114,0.12602081781847949
1003,237,0.12601909319587878
870,667,0.12601786909685256
291,83,0.1260170043175328
960,946,0.12601290718877198
478,622,0.12601018718153875
974,721,0.12600928971773354
1130,45,0.1260074886931243
599,1034,0.1260070292209201
700,848,0.12600413068689587
870,131,0.12600409870353135
599,730,0.1260010584696531
960,589,0.12599964415765727
478,416,0.12599884971103764
1003,795,0.12599675310708996
188,691,0.12599070161708198
822,606,0.12598899171730082
188,1053,0.1259889820585175
478,726,0.1259887194339688
1106,160,0.1259883773866392
1003,405,0.12598302617906862
291,1038,0.1259822583809907
188,282,0.12597726387171046
188,1117,0.12597696233676028
272,995,0.12597669550497168
101,111,0.1259764263155807
700,1090,0.12596936490206626
599,330,0.1259644338193432
822,1045,0.12596438352973927
928,313,0.12596404721167218
1130,11,0.1259635711125012
17,16,0.12596068113281908
279,257,0.12595730472021005
928,329,0.12595720642898403
494,743,0.1259549145790624
870,694,0.12595079736212256
272,896,0.12595015062089163
188,184,0.1259428449941105
870,948,0.1259420679197289
101,310,0.1259416110921969
279,606,0.1259399892783632
822,983,0.12593940211313773
960,1091,0.1259374945963746
478,546,0.12593743471311453
272,734,0.12593649970423706
870,146,0.12593525712080156
267,716,0.12593284227038082
101,344,0.12593246458199675
700,508,0.12592445689556567
822,317,0.12592442105821466
599,713,0.1259243977053036
1130,853,0.12592362219852526
267,464,0.1259219124033645
478,999,0.12591533802012697
279,205,0.12591419699929784
700,309,0.12591383704020187
1003,669,0.12591241546750168
478,315,0.12591032060402693
599,507,0.12591028767865764
17,196,0.12590821971432475
188,358,0.12590755783348268
494,526,0.12590466041441511
822,467,0.12590215343662586
279,936,0.12590113637482822
279,959,0.1259004739946758
1106,220,0.12589987641527758
974,958,0.12589755057957042
1106,884,0.12588970898721208
1003,1048,0.1258858899097945
17,702,0.12588402234098292
291,1030,0.12588290462309812
291,43,0.1258826801293036
599,300,0.1258815255724677
700,358,0.12588099477550257
279,1122,0.12588023680593197
290,960,0.1258761006381684
870,805,0.12587418440361176
478,870,0.125873702686476
272,504,0.12587345820159004
870,74,0.1258730976945726
279,592,0.12587125305630467
974,427,0.12586998714828077
928,156,0.12586916702294595
272,119,0.12586505338878878
870,1010,0.12585943546013395
17,115,0.12585936027467026
974,874,0.12585926740641376
279,384,0.12585901277722605
280,91,0.1258568587442835
272,343,0.12585447044821607
290,962,0.12585182253011148
822,28,0.12585069731019144
494,480,0.12584908966405964
291,437,0.12584674466573775
291,879,0.12584337071479054
960,1113,0.12584283235238644
928,290,0.12584015605235133
1003,492,0.12583144327277856
960,731,0.12583132919886136
822,932,0.12583039793888584
1130,627,0.12582886785223324
494,588,0.12581770131906303
870,1058,0.12581733362686018
272,55,0.1258170541398208
1003,460,0.1258164168641985
17,345,0.1258153152639302
291,1029,0.12581059070735554
267,901,0.12580365156315432
17,964,0.12580104093961253
870,605,0.1257969702003878
279,650,0.1257965630123429
974,206,0.12579412513171614
960,144,0.12579351586544368
1003,959,0.1257930805850073
494,92,0.1257918475490742
870,1110,0.1257885885401733
1106,762,0.12578818615469656
188,928,0.125785005611655
1130,840,0.12578480338516726
1130,71,0.12578460864093582
280,789,0.12578300541121654
928,1037,0.1257818483750698
870,569,0.1257807076431263
17,166,0.12578023186979495
494,758,0.12577821597648428
1130,28,0.12577777866568898
870,743,0.12577023946107285
974,361,0.12576607688650498
1130,763,0.1257650334769087
928,227,0.12576207411391854
870,598,0.1257590110419253
188,1087,0.1257585864637463
290,12,0.12575509397685103
494,281,0.12575426248194652
870,572,0.12575057503451595
279,84,0.12574679791450735
960,290,0.1257414255848533
478,243,0.12573791486753752
1130,957,0.1257366642613117
279,166,0.1257348912582832
280,699,0.12573271438083752
494,330,0.12573250511917164
822,788,0.1257320441773674
17,719,0.12572780349405493
1003,356,0.12572385558382204
1106,423,0.1257233638351701
1130,864,0.1257202833035162
822,781,0.1257137929944506
974,968,0.12570492636877612
960,321,0.12570490817891458
101,646,0.1257043799535226
1003,1055,0.12570129627199206
101,499,0.125691575634601
928,681,0.12568663542469088
1045,579,0.1256811507491764
291,451,0.12567826401935242
960,366,0.12567708676631853
188,240,0.12567613516958645
1130,922,0.1256748349086487
17,717,0.12567416952465915
291,130,0.12567135321450607
960,251,0.12567029195602086
1003,811,0.12566967689542918
267,214,0.12566691477322384
494,31,0.12566549425926368
1106,811,0.12566395536225736
494,265,0.12566088850485183
267,614,0.12566075822767916
188,692,0.12565026220006167
870,1046,0.1256484713721749
291,860,0.12564720895189516
1106,113,0.12564525196027895
272,731,0.12564166047458206
17,989,0.12564039052618148
960,256,0.1256395976878273
188,883,0.12563199599515038
267,978,0.12563169292715834
1130,42,0.1256301051419471
272,668,0.12562738603234228
267,134,0.12562687763132757
974,1003,0.12562678655647494
494,176,0.12561423856962042
267,258,0.12561111028478544
1106,989,0.12561089800750802
291,1028,0.12560764316491912
478,311,0.1256003996364174
101,874,0.1256002726940613
17,105,0.1255997869854999
1003,115,0.12559712466477715
960,303,0.12559475223075994
17,1064,0.12559071755951293
1003,732,0.12558834646975614
960,651,0.12558406705811603
478,198,0.12558258321939347
1106,731,0.1255821442104861
267,18,0.1255819763594591
478,849,0.12558173570864564
1045,172,0.12558083362769515
1130,565,0.12557897359019873
822,1029,0.12557323974420573
17,233,0.12557201321207606
280,249,0.1255706273597403
1106,715,0.12557002289718072
494,646,0.12556846836387384
291,448,0.12556703418225962
291,159,0.12556223169370517
494,556,0.12556065131040364
599,310,0.12555670635111257
291,385,0.12555482917207522
700,1087,0.12555396608730618
700,719,0.1255491886242708
272,49,0.12554758846209077
17,392,0.1255429917126171
700,682,0.12554194664152482
870,507,0.1255331449274281
494,84,0.12553107033334282
822,645,0.12552912635675623
822,298,0.12552791465081883
822,918,0.12551303051167842
1130,947,0.12551074486757346
188,472,0.125508324317224
928,289,0.1255072059073652
1003,9,0.12550696872017927
1003,867,0.1255033844029209
17,604,0.12550206436445274
870,661,0.12549913095357038
870,585,0.12549873019975982
1003,1082,0.12549324864176065
974,129,0.1254931363730677
272,398,0.1254899430787167
494,884,0.12548836863550739
494,235,0.12548645231126834
478,351,0.12548622111765056
700,46,0.1254852875051734
1130,526,0.12548491638080028
1130,190,0.12548388537023283
290,549,0.12548094711282573
478,417,0.125479642663473
928,788,0.1254773266702232
822,115,0.12547715429380538
870,621,0.12547698743866104
291,484,0.12547680522563012
17,676,0.12547498674989044
870,181,0.12547186799927867
279,14,0.12546975468943886
599,41,0.1254683844097593
279,649,0.12546441290701335
1130,444,0.12546194710112013
494,699,0.12546057105797492
478,62,0.1254588207961872
822,997,0.12545801322208092
478,579,0.1254568045277435
188,699,0.1254563402342468
928,613,0.12545025268960425
1106,1040,0.1254435842945184
700,920,0.12544349114706832
290,84,0.12544256057637765
599,949,0.12544009133575834
960,842,0.1254385096608543
974,352,0.12543836125288965
822,118,0.1254350351552417
700,536,0.1254307997237
494,520,0.12543040129802135
974,1126,0.12543022981978308
1106,344,0.1254240362558038
272,730,0.12542324574309974
291,770,0.12541981501574012
870,415,0.12541568048912083
267,338,0.12541475491963733
928,618,0.12541351479628146
870,987,0.12541205522910812
870,1123,0.12541172457636468
599,20,0.125408483814971
279,895,0.1254083663625932
17,743,0.12540545337218606
1130,142,0.1254028669226727
700,25,0.12539646286838416
822,791,0.1253958121691475
494,1027,0.12539488243705646
1106,942,0.1253910901646956
1003,683,0.12539050881755284
291,133,0.1253902475769267
279,222,0.12539005713452747
1003,1024,0.12538537177240225
290,958,0.1253808114121303
290,744,0.1253787916647746
1106,832,0.12537607359660047
17,386,0.12537209299281485
599,84,0.12537165159594352
279,816,0.1253674743275654
267,652,0.12535688644076198
290,444,0.1253544451163378
291,394,0.12535442516584322
494,596,0.12535146657960208
17,1097,0.12535042129192617
272,442,0.1253496502327739
478,71,0.1253421603054379
494,669,0.12534001217024338
267,1123,0.1253379200223727
279,965,0.12533321814217419
478,375,0.1253255684851055
280,340,0.12532448942037855
822,701,0.12532375733676485
822,863,0.12532127541023114
478,569,0.12531874980357308
291,47,0.1253179236485273
291,1118,0.12531508382105885
928,1117,0.12531432558162486
290,641,0.12531269037797618
279,1065,0.12531166928988646
974,263,0.12530950281958264
188,351,0.12530749121278853
188,191,0.12530481732113616
960,1097,0.12530170633166812
599,473,0.12530037895325544
1106,1050,0.12529905921025244
188,212,0.12529333439371912
291,77,0.12529276212508014
478,659,0.1252909197790835
960,1087,0.12529003847374623
280,31,0.12527583006621723
101,281,0.12527200426380258
17,53,0.12527031250819498
279,68,0.12527012122770972
974,555,0.12526830667961575
291,994,0.12526539330301298
101,235,0.12526399307165942
1130,122,0.12526379401360155
974,882,0.1252629168340818
1003,1091,0.1252616664594347
960,210,0.12525614187363993
291,306,0.12525530163225868
974,32,0.12524888911796067
291,107,0.1252485593755241
1003,853,0.125245697225656
700,386,0.125241473618909
478,470,0.12523982957929855
822,177,0.12523183391132217
272,872,0.1252299762885653
870,240,0.12522968879347485
478,783,0.12522920442554994
928,316,0.1252270371261636
291,962,0.1252240824241321
700,30,0.1252231059192973
188,405,0.12522194083774965
279,680,0.12522177210824365
1130,943,0.12521894130674743
290,875,0.1252186335690942
188,660,0.12521785091617907
188,1030,0.1252165530632376
494,704,0.1252160747716135
822,1090,0.125215829627118
1003,839,0.12521516156222715
494,432,0.12521495004827538
290,385,0.12521426075381162
928,947,0.12521164445523394
101,590,0.1252110386914628
599,687,0.12521029988575358
960,477,0.12520822715199692
1106,496,0.12520571315408388
478,880,0.12520300407630677
478,258,0.12520144094122412
700,667,0.1252012752129322
494,572,0.12520107200284916
928,699,0.12519095393353302
1130,887,0.12519055055923534
17,473,0.12518849591229936
101,778,0.12518766994205646
478,349,0.12518687112075813
188,831,0.12518587572290799
267,269,0.12518071454364124
870,62,0.12518011302547224
279,467,0.12517680439072434
188,825,0.12517460199558567
974,1011,0.12517359674115888
1106,156,0.1251730732445769
290,583,0.12516982168545887
822,551,0.12516973067067227
870,1022,0.12516648747009196
279,1040,0.12516520784823482
1106,613,0.12516418332655868
928,693,0.12516189161847618
822,280,0.1251608605559742
960,764,0.1251599212544809
1130,374,0.12515839492492126
101,552,0.12515303783367235
1045,769,0.12515161297150587
822,1024,0.12515108843776093
188,1063,0.12514866082176598
280,720,0.1251473777703094
870,67,0.12514337278593102
974,347,0.12514308083103107
449,1043,0.12514115316631652
700,348,0.1251385849864434
478,555,0.12513853293858362
101,565,0.1251379079891641
279,1053,0.12513423406089946
599,401,0.1251338495216872
101,359,0.12513335119929908
494,749,0.1251332255170169
700,158,0.12513171436264767
1003,296,0.12512959310175953
822,676,0.12512366119656473
974,1118,0.12511909023071519
101,298,0.12511567028177126
960,398,0.12511204707301202
494,359,0.12511084409767184
700,148,0.12510995020346122
960,687,0.12510389443838013
822,1087,0.12510319005359696
101,488,0.1251012626878968
1003,348,0.1251011187578202
960,643,0.1250999622462758
291,142,0.12509579031506152
960,342,0.1250950237893354
599,1105,0.12509272483626568
599,831,0.12509169927936487
1130,529,0.12509071411054848
279,164,0.12508913175165953
291,383,0.12508876815297534
822,778,0.12508758047641225
478,174,0.12508741123298364
928,380,0.12508208994446304
17,317,0.12508106299965752
822,917,0.12508100918129877
1106,960,0.1250803051447115
280,928,0.12507703995078961
17,916,0.12507408922128
822,207,0.12507369753515465
478,679,0.12507233429760842
267,727,0.12506702773552006
188,618,0.12506650866482513
974,366,0.12506563117207634
928,417,0.1250605199299712
1003,229,0.12505686153683299
478,447,0.12505588159048506
478,964,0.12505064539671448
1130,1042,0.12505052984650208
700,862,0.12504815851964518
928,282,0.1250470075316408
974,298,0.1250378296851082
494,346,0.12503770369823944
101,157,0.12503395439967865
1106,1077,0.125033518013485
291,708,0.12503324535012011
17,388,0.1250329466191489
822,376,0.1250297081369879
599,726,0.12502784182276394
267,561,0.1250272602194566
291,435,0.12502560198821697
272,661,0.12502403749711957
928,666,0.125019952843231
478,1015,0.12501904531688238
870,860,0.12501787759520963
870,602,0.12501782617826024
101,981,0.12501647999458687
1003,301,0.12501484282599484
960,432,0.12500990865213196
974,731,0.12500429603671198
291,168,0.12500300897642225
101,253,0.12500104537402035
870,943,0.12499958118351805
1003,997,0.12499738507366981
700,782,0.1249963531011773
280,473,0.12499370701403174
494,1128,0.12499240542026664
1130,814,0.12498414733139797
290,298,0.1249829232722275
1130,897,0.12498008330069522
960,743,0.12497990068783559
1003,858,0.1249765130946619
188,221,0.12497496443362835
599,88,0.12497404967181368
960,370,0.12497270437705395
960,998,0.12497261183083348
17,30,0.12497193569119108
974,58,0.12497166684074955
870,885,0.12497153434858836
17,995,0.12496996184792317
599,290,0.12496985715391247
101,144,0.12496888839669908
17,494,0.12496883084807003
478,121,0.12496808728641122
822,752,0.12496754875730211
280,1072,0.12496213692252663
290,614,0.12496032699632074
928,975,0.12495636301049487
974,496,0.1249499159531977
101,301,0.12494833913192158
1106,415,0.12494732127223791
291,667,0.12494268765578129
870,552,0.12494227982755447
870,749,0.12494108880116797
291,158,0.12494069058196161
478,266,0.1249373991564128
478,936,0.12493287974824331
279,143,0.12493228053343321
1106,837,0.12492833304399467
101,360,0.12492696801129781
17,692,0.12492590711027587
188,755,0.12492226620191257
494,220,0.12492189713226674
1130,499,0.1249210741547144
1130,265,0.12491884830302556
494,251,0.12491740841191501
101,109,0.12491611192681011
17,1031,0.12491608309234549
478,1037,0.12491470216492326
974,510,0.12491279137080925
870,435,0.12491214813689633
188,864,0.12491134273371493
17,321,0.12491106096207909
188,984,0.12490961554015838
291,517,0.12490826293786227
478,1102,0.12490604538957828
478,924,0.12490509848949222
974,736,0.12490446242388983
279,349,0.12490376214645021
974,693,0.12490294884101642
290,1059,0.12490115915723957
1106,644,0.12489855147165577
478,961,0.12489152278110248
870,511,0.1248870044466117
700,604,0.12488660232159211
188,1122,0.12488543756934092
17,183,0.12488508443033572
478,627,0.12488075571304216
188,1041,0.12488045863299761
1130,461,0.12487997257105453
870,43,0.12487497713204986
478,538,0.12487333756778857
280,22,0.12487164462151239
272,812,0.12486909545348547
974,704,0.12486804047408773
478,123,0.12486733412773748
17,693,0.12486712028685946
17,309,0.12486664175948362
267,196,0.1248650516839454
1003,588,0.12486333249786263
494,63,0.12486283465444789
17,348,0.12486205226097845
17,121,0.12486106589584722
1106,1061,0.12486000631613564
267,827,0.12485956450366248
272,276,0.12485597918529935
822,47,0.12485366218096682
279,558,0.12485346336792315
267,477,0.12485294637598057
870,365,0.12485112595484664
822,1035,0.12485089783418932
188,1043,0.12485052349233113
960,548,0.12485030814821868
1003,438,0.12484970434763172
870,48,0.12484958509362468
267,1052,0.12484237177215826
280,825,0.12484149032823837
17,689,0.12484036249024791
1130,1091,0.12483821367967318
272,255,0.12483793798790176
291,779,0.12483560839182455
478,413,0.12483408432667799
822,1058,0.12483399070274429
101,1027,0.1248245358611425
960,439,0.12482354453383776
1130,1098,0.1248226095043073
1106,411,0.1248226047538795
478,778,0.12481890782611246
291,871,0.12481642075738383
290,222,0.12481246799704117
272,979,0.12481043879196717
822,358,0.12480919391729713
290,413,0.1248088836225529
822,262,0.12480875363283295
960,1039,0.1248060866962086
290,41,0.12480607319524795
280,465,0.12480419588021074
17,72,0.12480325846518898
599,806,0.12480102574712408
1003,258,0.12479983192978733
188,449,0.12479783704398588
960,1035,0.12479634922164595
974,358,0.12479364585259377
870,548,0.12479249445750204
17,786,0.12478820111414057
599,634,0.12478605585736365
1130,1078,0.12478557740130847
599,647,0.12478362576196732
870,819,0.1247822219567139
272,512,0.12477994994545412
291,727,0.12477714290190353
599,118,0.12477687561533318
870,102,0.12477252742201503
928,484,0.12477086237023191
1106,830,0.12477040662354132
17,485,0.12476883751878169
478,629,0.12476745623506544
870,666,0.12475521283945093
188,742,0.12475039671215292
599,762,0.12475034875373023
870,546,0.12474807122115639
478,649,0.12474245397949259
267,43,0.12473923731739053
822,976,0.12473846641128127
870,697,0.1247371293224627
272,999,0.12473574100916811
599,1097,0.1247349250281212
478,722,0.12473377484471794
960,1123,0.12473177834251728
279,666,0.1247301063379914
291,840,0.12472819906872197
1003,606,0.12472705105427158
290,280,0.12472350553628361
17,255,0.12472082620987804
291,653,0.12472029481980595
1106,491,0.12471791344801533
272,1004,0.12471629362545213
870,652,0.12471320101467122
974,349,0.12470984138720964
494,115,0.12470943000008715
599,12,0.12469816752825581
17,452,0.12469733340758161
1130,321,0.12469679419134157
17,266,0.12469049281780616
870,369,0.12468964833510006
960,1029,0.12468651659585989
960,749,0.12468272910332118
17,1096,0.12468107175395718
960,273,0.12468027973901387
928,973,0.12468009468799739
290,316,0.12467927093734105
291,947,0.12467678773860809
1106,1048,0.12467623675847567
17,781,0.12467284911522956
279,818,0.12467002442904253
1003,436,0.1246595190748537
280,860,0.12465938803518606
822,737,0.12465888283190649
599,1071,0.12465864221637088
599,52,0.12465681607444266
272,1000,0.12465435714250923
822,1012,0.1246525947612833
478,49,0.12465137349190217
291,63,0.12464876220978868
974,747,0.12464861911930597
1106,764,0.12464598617697133
870,90,0.12464548027763327
822,13,0.1246443229128901
279,799,0.12464257212340049
279,1063,0.1246344852097678
279,405,0.12463367941824365
870,1023,0.12463328651672909
101,118,0.12463084676288672
478,401,0.1246231103431548
870,112,0.12462065574812363
267,1054,0.12462034644494675
960,34,0.12461960373679394
267,763,0.12461848872743266
870,403,0.1246182657182606
700,316,0.12461589081056201
870,148,0.12461535534971031
960,940,0.1246113261946796
290,1024,0.1246108732632826
101,751,0.12460926396284579
960,686,0.12460905847277974
290,716,0.1246086277820328
290,977,0.12460682958917024
17,602,0.12460641861830123
1106,436,0.1245991960923325
599,439,0.12459549759510143
960,855,0.12459120698206938
974,473,0.12459100458998021
478,675,0.12459061666133596
974,970,0.1245902953178949
870,576,0.1245851317756551
290,328,0.12458353183343403
599,75,0.12458042079783446
494,566,0.12457927450856475
101,663,0.12457769798770542
1130,375,0.12457696744541444
1106,708,0.12457651844565677
928,957,0.12457564358387974
870,398,0.12457445302939017
974,346,0.12457212430387511
17,360,0.1245664676804418
1003,872,0.12456587641636441
188,980,0.12456409722290121
870,491,0.12456389521505437
1003,165,0.1245621301291202
101,1096,0.12455869629866623
822,8,0.12455699740525056
974,1067,0.12455413941795976
267,339,0.12455291058682216
272,160,0.12455269885305163
188,712,0.12455207556724875
478,714,0.12454997392373658
1003,295,0.12454762442847918
960,241,0.12454756358245246
700,347,0.1245474989973345
960,12,0.12454402110323032
494,952,0.12454353787257455
928,675,0.12454227965361765
188,541,0.12453823503313677
960,1081,0.12453667596984426
188,758,0.12453319074317631
1130,158,0.12453295421766224
822,670,0.12452619759886127
188,936,0.12452167011528803
1106,452,0.12452116618646779
494,802,0.12452114474347516
291,540,0.12452091971639602
494,881,0.12451710088365404
272,347,0.12451355860015377
494,854,0.12451247742772435
291,491,0.12451136430596052
17,205,0.12451121291043857
960,825,0.1245086838179786
1106,645,0.12450827370232495
960,443,0.12450806387616231
700,93,0.1245059493629936
494,731,0.12450230349206999
280,449,0.12450219117549387
599,228,0.1245018575859549
822,1123,0.1244989522221163
960,532,0.12449875677934835
974,415,0.12449833862637945
870,288,0.12449732356662215
928,637,0.12449642487974724
599,1089,0.12449575079719237
290,1004,0.1244943321309962
870,957,0.1244937472479408
960,932,0.12449312864053834
1003,1058,0.12449001437309168
188,713,0.12448733285509472
188,486,0.12448523064984553
974,253,0.12448419202023382
1130,717,0.12448287308266796
700,1053,0.12448190291198415
494,987,0.12447913678100861
870,1129,0.12447797178228955
960,423,0.12447062729430147
478,838,0.12447060512291926
290,699,0.1244670428897159
291,1017,0.12446522971188065
974,293,0.12446483269274614
870,815,0.12446424397644619
822,705,0.12446130921777307
291,827,0.12445634779985254
188,448,0.12445487207781354
280,425,0.12445419744986312
101,730,0.12445285963201907
478,668,0.12444893298882657
960,827,0.1244488801300045
928,606,0.12443705315427396
974,167,0.1244323815027764
280,870,0.12443170433302145
928,729,0.12443162450135178
478,907,0.12443109298795162
700,303,0.12442981215112155
478,284,0.12442953752846012
478,362,0.12442895727344838
272,236,0.12442268216866872
291,704,0.12442064744765544
494,169,0.12441719108992996
290,300,0.12441458134038832
822,140,0.12441008229982871
279,594,0.1244096865637716
291,300,0.12440526644051944
272,141,0.12440489477604841
101,918,0.12440481830913874
928,569,0.12440443319619272
1106,510,0.12440362222456541
822,819,0.12440305070996796
267,596,0.12440088315558318
17,83,0.12439895578859028
267,93,0.1243957851238938
188,261,0.12439311997224871
700,916,0.12439287692219414
974,587,0.12439273613063712
960,547,0.12439214564822033
494,882,0.12438934735326038
279,398,0.12438734847285758
1003,1107,0.12438550568987414
494,1041,0.12438472373196718
870,994,0.12438417607093069
267,857,0.12438223702221257
280,336,0.1243785910550834
188,1045,0.1243751703940838
267,576,0.12437139106673897
974,733,0.12436922448164615
188,366,0.12436462576068784
822,812,0.12436357306067744
267,1104,0.12436334193263485
974,545,0.12436327911544462
822,603,0.12435801443605668
928,738,0.12435665088129744
1130,692,0.12435619347873664
17,927,0.12435360049086605
960,699,0.12435116466259212
1045,953,0.12434965063367291
478,1070,0.12434868030372043
974,492,0.12434745961233452
974,610,0.12434144933355992
974,91,0.12434138278606545
974,532,0.12433636013697129
928,143,0.1243316185343556
700,1018,0.12432988090316402
494,995,0.12432779040561531
870,649,0.12432626835226339
1003,264,0.12432373702060685
870,23,0.1243198800326145
291,1045,0.12431907150200364
17,1118,0.12431528656504272
599,733,0.12431227942256928
267,981,0.1243093311889795
974,1040,0.12430787704203297
700,576,0.12430676383232206
478,810,0.12430536822463618
870,648,0.1243051864633281
928,334,0.12430268481600075
290,46,0.12430140422672972
267,271,0.12430138331045171
478,442,0.124299655204269
17,279,0.12429938346659
279,465,0.12429590992971976
17,785,0.12429357492070546
870,903,0.12429247751847629
960,271,0.12429221595339614
478,787,0.12428435283363917
928,902,0.12428256780367299
279,419,0.12428218563616245
974,994,0.12428036830420826
280,983,0.12427573173355369
928,108,0.12427492553770697
291,108,0.12427353170753323
870,978,0.12426988035611701
822,54,0.1242674565166328
822,569,0.12426700015213472
599,565,0.12426697372164362
494,12,0.12425926872335494
291,468,0.1242592425030184
1003,608,0.1242566065180727
960,1046,0.12425571686347266
1003,955,0.1242554719665581
1130,829,0.1242535545765056
870,167,0.1242521025585635
291,552,0.12425101006154476
870,437,0.12425089726473433
974,485,0.12425078802679995
870,494,0.12424977607736347
449,767,0.12424744728926089
291,617,0.12424607620287331
870,343,0.12424578823858326
700,859,0.12424356821828958
1130,326,0.12424282979516987
290,970,0.1242422437461287
599,666,0.12424147517829416
478,112,0.12423591309446223
279,1093,0.1242345070571277
272,127,0.12423208499840405
1003,713,0.12423191600494725
494,344,0.12423169880208591
17,816,0.12422864890883294
974,1108,0.12422822435470263
960,853,0.12422318991185016
17,709,0.12422191271149113
494,554,0.12422172395538034
290,184,0.12422071569964858
279,677,0.12421725454683932
822,944,0.12421593828446899
822,769,0.12421568312132107
1106,5,0.12421415377667396
928,45,0.12421182961993996
478,68,0.1242103943480114
17,214,0.12420355844083639
870,526,0.12420169360868598
928,624,0.12419951425290021
17,108,0.12419765214768233
17,1001,0.12419445378504367
960,45,0.12419287174668299
101,84,0.12419095059940109
599,181,0.12418991118965803
599,491,0.12418856261301103
1106,658,0.1241863344727729
494,996,0.1241849491102584
960,526,0.12418325994836209
1106,634,0.12418113065976878
478,259,0.1241765257086043
960,484,0.12415877438095163
478,100,0.12415722078170283
960,941,0.12415691375164027
267,883,0.12415212107942442
1003,852,0.1241511179546697
599,903,0.12415040402951787
478,176,0.12414642333149649
700,636,0.12414190720378095
599,909,0.12413998643670794
188,20,0.1241396968330336
870,368,0.1241367645616684
17,1131,0.12413629621076278
188,107,0.12413367230971924
17,860,0.12413084178948776
599,185,0.12413051216521918
291,15,0.12412692902349634
478,1046,0.12412348789132603
1003,309,0.12412142951133355
290,511,0.12412032405899974
928,17,0.12412012511098744
1130,688,0.12411529454684896
267,121,0.12411170327937716
291,993,0.12411147274712096
870,80,0.12411052327083139
478,601,0.1241088328882308
290,771,0.12410853869996753
280,520,0.1241078262915444
101,654,0.12410566918020825
290,100,0.12410446628582067
272,1055,0.12410359643013645
822,441,0.1241031504788403
290,481,0.12410208589350465
101,536,0.12410202312806572
267,201,0.12410165672616627
494,121,0.12409986615865755
960,277,0.12409912589359964
478,77,0.12409232589527186
1003,49,0.12408845668518952
290,231,0.12408830035766137
478,967,0.12408662538450002
267,733,0.12408200459624402
1130,103,0.12408034364767681
290,552,0.12407922345188385
17,1114,0.12407452024690017
290,743,0.1240725882714121
822,422,0.12406980012039363
280,857,0.12406957006957188
960,754,0.12406438128702087
700,399,0.12406365320881214
822,411,0.12406164776932327
870,133,0.12406053128425165
928,457,0.12405941804728017
280,498,0.1240561058620013
188,805,0.12405569457502788
279,759,0.12405548591798225
291,733,0.12405506451297417
974,127,0.12405281550540935
291,1101,0.1240511941550019
700,1029,0.12404884440377612
1106,478,0.1240474082802786
17,790,0.12404578146611168
101,835,0.12404557485708455
279,758,0.1240407077473378
870,725,0.124039094090118
267,895,0.12403864367731456
1003,332,0.12403717352494299
17,14,0.12403074012375759
960,646,0.12403056478014429
870,461,0.1240228112782958
188,538,0.12401645752042362
599,508,0.12401457244700236
870,364,0.12401305195848321
974,918,0.12401198261604704
101,164,0.12400875307671552
17,897,0.12400797473528109
478,1057,0.12400416489508603
494,305,0.12400297004872415
101,634,0.1240026093662163
599,1079,0.12400202155062394
279,736,0.12400108629755424
494,1061,0.1239988643015136
291,1103,0.12399680713912575
599,432,0.12399318277037785
291,975,0.12399226649125172
17,780,0.12398894714042467
280,684,0.12398839177102607
291,134,0.12398800799955505
188,715,0.12398600112255345
267,837,0.12398300338769414
1130,271,0.12398261434957258
700,618,0.12398202522457157
478,499,0.12397616151438458
822,465,0.12397539718985792
870,29,0.12397245810190263
267,846,0.12397224452858831
870,207,0.12396551909411571
101,566,0.1239653752321545
700,1100,0.12396395240931878
279,48,0.12395970620439806
280,1054,0.12395518702455638
599,657,0.12395268992690056
17,1102,0.12395217781840796
974,354,0.12395211565591163
494,403,0.12395034739796354
974,885,0.12395021577666694
1130,609,0.12394931416076217
822,519,0.12394890596856795
188,379,0.12394821732990587
494,166,0.12394558868818725
870,879,0.12394386598217302
974,262,0.12393941363808567
188,1032,0.12393300475391827
599,459,0.12392962273121019
494,876,0.12392894341056479
291,62,0.12392663234027308
267,361,0.12392588032816747
478,568,0.12392519995449189
928,1111,0.12392098292755012
494,482,0.12392012512446876
290,729,0.12391901894897528
17,333,0.12391871458434173
822,541,0.12391605224607576
188,9,0.12391553848754139
188,352,0.123911022403186
291,439,0.12391088136512335
928,634,0.12390989028991754
700,616,0.1239097004286149
267,77,0.1239096151511152
478,929,0.12390881481346543
101,408,0.12390820088992704
599,446,0.12390298602911369
700,1085,0.12390168881833735
599,745,0.12389729325529635
1106,40,0.12389609200440935
188,492,0.12389192361815686
290,893,0.12389171272753416
1106,48,0.12389125015857028
1130,239,0.1238869207869026
1106,1071,0.12388659216503085
279,1024,0.1238864375278958
17,632,0.12388085695094918
279,18,0.12387823978638877
267,651,0.12387821032805721
822,521,0.12387715833535101
1003,583,0.12387393923066622
870,531,0.1238718738254413
974,234,0.12387150645506524
928,610,0.12386631232486252
279,60,0.12386591355183216
974,110,0.12386576546733191
599,658,0.12386382733772985
822,991,0.12386237670854576
290,284,0.12386172819423483
1003,604,0.12385963237407041
599,161,0.12385527807999522
700,511,0.12385483751871676
478,1,0.12385339560203965
17,435,0.1238528761078091
272,965,0.12385263514444463
822,408,0.1238478627011159
267,1084,0.12384462208978579
822,739,0.12384150611775929
822,699,0.1238395147831425
870,1033,0.12383659261874665
599,698,0.12383562326741797
928,961,0.1238280581021779
290,112,0.1238265564161035
279,764,0.12382366567461237
599,891,0.12382155629190293
928,870,0.12382023002914572
279,374,0.12381727738385871
974,134,0.12381659000929172
599,42,0.12381644065302563
1106,489,0.12381583329344162
478,1077,0.12381436058778665
1003,556,0.12381276286902473
290,610,0.12381197313661471
17,928,0.12380640143043779
267,448,0.12380592276736913
290,582,0.12380258289754639
1106,929,0.1237990707931851
188,991,0.12379747001651352
272,147,0.12379717260325493
17,123,0.12379257988528504
101,33,0.12379119053491901
279,40,0.12378856295639493
822,40,0.12378564813103203
188,790,0.12378326445030596
870,913,0.12378288178811443
279,884,0.12378266281575298
599,106,0.12377651094362818
870,103,0.12377619477292247
928,160,0.12377126280892536
1003,466,0.12377007828926812
478,875,0.12376881481265402
188,689,0.1237666309954365
1003,65,0.12376566020734384
1130,485,0.12376537782487396
1003,1080,0.12376277612352682
960,233,0.12375915747952235
1130,46,0.12375822103847178
279,381,0.12375768561824428
291,541,0.12375454639732567
1130,797,0.1237542969403914
17,57,0.12375371465259155
870,332,0.12375038725450949
960,959,0.12374822892212295
291,572,0.12374262147511392
188,854,0.12373886140062634
928,940,0.12373625339000179
1130,346,0.12373502366705755
1106,946,0.12373408706130867
17,958,0.1237336768833709
494,1104,0.1237323322612387
1130,1079,0.12372981522738408
599,540,0.12372845959342071
290,114,0.12372837948650008
267,398,0.12372651367803758
1003,223,0.12372602088771682
974,355,0.12372408860736402
1003,6,0.12372406213708109
599,686,0.12372183757395458
974,413,0.12372078585059051
974,335,0.12372033976910589
17,323,0.12371948320346629
870,862,0.12371862157379004
599,13,0.12371733253472027
17,145,0.12371655054717996
291,447,0.12371272227503607
599,428,0.1237115645021682
870,394,0.12370921212596321
280,162,0.12370543009400987
599,44,0.12370054048605694
1130,184,0.1237004405772338
291,277,0.12369420414475313
267,1035,0.12369248824746193
822,1013,0.1236877327153549
1130,503,0.12368570666014202
960,1021,0.12368302365447953
1130,1014,0.1236815718828758
928,784,0.12368040944028838
960,538,0.12367839071589426
101,49,0.12367749728128118
478,504,0.12367663480574372
599,1063,0.123675408267351
291,874,0.12367107272347079
1130,154,0.12367095588632196
974,711,0.12366801367404898
822,882,0.12366769145171329
279,1036,0.12366639052831163
494,1048,0.12366338942146561
17,366,0.12366073317392492
1003,501,0.12365733662812532
279,410,0.12365504646370105
101,660,0.12365380444834888
599,1020,0.12365320990350072
1003,870,0.12364753893279848
599,775,0.12364606953411911
494,397,0.12364288932086907
1106,242,0.1236426537680867
17,50,0.12364161805788192
17,683,0.12364051965045014
1003,936,0.1236370654226067
188,490,0.12363704870626027
101,3,0.12363465244459947
101,699,0.12363369564235585
599,765,0.1236306839535437
974,1014,0.12362759161806826
279,857,0.12362565273648109
494,264,0.1236208925951055
267,162,0.12361490008392371
1106,790,0.12361463020033513
700,10,0.12361386799219709
870,738,0.12361316307230628
1130,436,0.12361287737208698
17,488,0.12361265875149184
822,773,0.12360900067704038
291,1091,0.12360859263550701
188,818,0.12360803395365466
1130,920,0.12360770446968421
1003,80,0.12360342041630008
272,883,0.12360004407329304
494,536,0.12359409152862354
17,298,0.12359221835575233
267,586,0.12358922534035298
478,171,0.12358441065901643
870,417,0.12358336717535572
1106,523,0.12358228214620924
17,536,0.12357924292672569
101,577,0.12357887737872586
700,712,0.12357373770923666
960,114,0.123572564058844
291,984,0.12356967100223702
494,1073,0.12356966442588392
870,445,0.12356210239789785
822,505,0.12356087337128187
822,884,0.12355844816008976
17,807,0.12355593522278413
478,526,0.12355509499777943
599,1040,0.12355331219209992
290,968,0.12354918269293419
188,1121,0.12354647095712269
599,334,0.12354074576005876
700,907,0.12354029906587947
1106,483,0.123538944710863
188,993,0.12353590536056376
279,827,0.12353283232801959
822,484,0.1235326045554347
1130,63,0.12352928775901828
291,641,0.12352794216910087
494,735,0.12352656907142756
291,465,0.12352504873728158
974,398,0.12352470537050465
1130,54,0.12352407653404389
599,971,0.12352304777834296
17,409,0.12352231905678361
974,1057,0.12351947636254194
280,763,0.12351760176335803
960,826,0.12351625424576296
188,757,0.12351589187590764
291,412,0.12351318388793572
290,711,0.12351121482128642
267,107,0.12350912825330068
494,674,0.12350867511250099
290,405,0.1235078038533045
960,361,0.12350619888165887
494,979,0.12350502106333631
188,756,0.12350495711691452
1106,1070,0.12350008524836342
870,656,0.12349800975049764
267,181,0.12349748648899476
279,368,0.1234973165774867
960,784,0.12349656986385328
188,1077,0.12349025082218851
1003,740,0.12348670657120012
279,1067,0.1234832452787534
101,503,0.12347863124966056
494,855,0.12347683613674547
17,339,0.12347393384078328
1106,59,0.12347341416545819
1106,1032,0.12347315634093216
279,683,0.12347206933717894
822,609,0.12347129499284178
870,774,0.12346175803875602
1106,818,0.12345860507687784
1130,292,0.12345798541103362
280,80,0.12345776533229463
290,907,0.12345607856590872
700,292,0.12345366124843737
1106,926,0.12345243198178461
494,1097,0.12345058055340717
974,653,0.12344848419945051
280,538,0.12344847225577621
188,783,0.12344837412420688
1003,730,0.12344825057549731
960,746,0.12344248066985641
599,412,0.1234407724526359
974,382,0.12343340652292654
1130,16,0.12343121344330114
599,729,0.1234300955921231
700,669,0.12342051416663172
494,705,0.12341625866855645
188,203,0.12341565084537685
494,591,0.12340974601797548
279,774,0.12340506076259869
291,359,0.12340323821713181
291,996,0.12340053213553072
1003,445,0.12339912637424345
928,354,0.12339819731451247
478,350,0.12339768601357243
290,950,0.12339663406066145
974,486,0.12339620830506454
822,654,0.12339443701547621
494,168,0.12339175559746315
291,258,0.12338876978989784
478,486,0.12338680610623869
279,1025,0.12338449199310755
974,744,0.12338137073509055
960,622,0.12337393035190891
101,46,0.123372294689353
599,977,0.12337226463382672
272,886,0.12336774216622963
291,737,0.12336631417163664
1003,1027,0.12335494396219623
101,43,0.12335427854667544
188,852,0.1233535582905363
17,932,0.12334864742354273
960,684,0.1233484282432658
478,1127,0.12334785823754334
700,250,0.12334645775284521
870,692,0.12334592494837206
17,1120,0.12334481009885255
494,564,0.12333891602845462
870,538,0.12333386076898009
822,346,0.12333339372801183
279,750,0.12333155133373064
478,58,0.12332957186563372
822,915,0.1233262375752036
870,674,0.12332471012612437
280,397,0.12332370989615078
272,1036,0.12332333167669614
267,1090,0.12331741229216917
974,759,0.12331641270477385
599,662,0.12331612803093846
974,1071,0.12331451385300825
101,486,0.12331355582811926
928,694,0.12331285563008183
478,374,0.12331145162761803
279,372,0.12331090489491185
599,655,0.12330900884874424
599,943,0.12330782308654062
960,1084,0.12330623984673937
494,19,0.12330603286461579
280,0,0.12329909089789662
1106,154,0.12329753192207192
700,701,0.123295274896892
822,966,0.12329352730261853
267,6,0.12329346876470784
449,186,0.12327691808304707
494,1042,0.12327414133584895
17,422,0.12327292272024294
1106,625,0.12327211764575648
599,1056,0.12327140394823868
494,579,0.12327120639689011
974,418,0.12327000351333871
494,20,0.12326776062759319
272,396,0.12326735937747658
478,353,0.12326368989779433
279,667,0.12326010841901122
974,296,0.12325982546008372
17,618,0.12325623220631365
1106,589,0.12325604898154345
1130,313,0.12325208367494013
291,421,0.12325153995244131
599,514,0.12325141795664085
290,47,0.12324917930085587
267,734,0.12324867210543035
17,274,0.12324825121434967
870,1099,0.12324757095729647
870,922,0.12324688621294304
1003,587,0.12324663935218919
1045,889,0.12324451925091447
291,21,0.12324224743674253
291,798,0.12323709018055506
599,617,0.12323545226591444
478,405,0.12323468822819156
279,675,0.12323123797647773
478,1114,0.12322888444493325
272,932,0.12322398892421109
291,819,0.1232235910419294
478,661,0.12322152948120568
960,970,0.12321910945146235
1003,41,0.12321771620867276
478,763,0.12321565624278731
188,584,0.12321562403983001
101,299,0.12321406207676128
700,514,0.12320840203316807
928,763,0.12320834554654651
1045,1084,0.12320387857306458
478,677,0.12320384138671754
291,106,0.12320294590892901
101,402,0.12320194939372967
1130,21,0.12319242649284068
478,222,0.12319075553187306
279,1096,0.12318937988285102
272,1099,0.12318884836020848
291,215,0.1231861094383838
280,1042,0.12318603274123058
280,219,0.1231855981469434
188,812,0.12318449858796605
1003,464,0.12318449393614234
272,969,0.12318436005032546
291,863,0.12318234887426863
478,295,0.12317961065082984
279,346,0.12317866585259647
822,903,0.12317823715496709
822,880,0.12317798868934389
188,668,0.1231764348519714
822,361,0.12317536275469407
974,414,0.12317420761799017
101,295,0.1231712774232747
1130,946,0.12316956103263288
494,6,0.1231583261336379
700,368,0.12315808709270919
291,570,0.12315794369738894
494,558,0.12315608492004639
279,255,0.12315426101871067
494,993,0.12314914248674969
478,1036,0.12314518540400232
17,734,0.12314390320094078
494,592,0.12313927680270303
494,532,0.12313796395687741
960,240,0.12313588330003256
1003,706,0.12313533874635257
1106,271,0.12313514104354832
188,100,0.12313366834168582
291,1097,0.12313184332862992
267,1093,0.12313046851955836
101,584,0.12312838793492155
822,382,0.12312174108802702
1106,1087,0.12311774372012642
870,606,0.12311471678303232
1106,151,0.12311454839796541
1130,1090,0.12311360698270295
960,1117,0.12311117690172461
870,848,0.1230991667578846
17,433,0.12309828487522209
291,441,0.12309796908069782
1106,42,0.1230893475845743
291,442,0.12308831835131379
267,332,0.12308672062679418
700,1020,0.12308441001464629
1130,456,0.12308209783602131
280,917,0.1230797700765965
1130,1071,0.12307898190807566
279,244,0.12307550956093763
291,689,0.1230748876557942
494,366,0.12307484900955828
267,1006,0.12307298851040611
291,352,0.12307167766904868
188,896,0.12307163317653404
928,639,0.12307106795254553
17,646,0.1230695080565671
599,411,0.12306929940928849
822,363,0.12306348696115987
291,787,0.12306308940733904
870,818,0.12306086846149925
1130,693,0.1230598873829738
290,994,0.12305831732192973
700,606,0.12305748079016134
17,553,0.12305400497854416
291,457,0.12305217821009141
1130,909,0.12305213131017674
974,1076,0.12305014695784784
290,1067,0.12304781859383199
279,1046,0.12304475279471085
700,820,0.12304348498178677
599,524,0.12304317919274317
478,276,0.12303971769880616
291,756,0.12303961875423147
1130,654,0.12303692017928992
822,663,0.12303671236143165
291,948,0.1230364194777499
599,997,0.12303244963303435
267,582,0.12303153045861727
291,524,0.12303031275803074
1106,770,0.12302986837513072
1003,113,0.12302984630705578
494,681,0.12302972041924741
101,449,0.12302919969775429
494,586,0.1230275408770262
291,324,0.12302421260213629
272,40,0.12302417821132682
188,1115,0.12301775971283176
700,210,0.12301218748215985
1130,706,0.12300861532749603
17,514,0.12300852514396844
279,96,0.12300813102454371
279,717,0.12300477658264615
272,518,0.12300330032310396
494,584,0.12300241279941043
870,467,0.12300134072696756
700,830,0.12299884304226161
17,1012,0.1229955601229031
822,782,0.12299500628527522
494,523,0.12299484020914299
267,352,0.12299151376737139
290,596,0.12299040441539275
478,781,0.12298950395875914
1003,1044,0.12298835846374176
291,157,0.12298743261592025
974,1095,0.1229859952601995
101,907,0.122979376685283
291,734,0.1229727188884371
494,644,0.12297258400379155
279,145,0.12297075090730632
822,560,0.12297059515351455
700,1110,0.12297002284006393
960,608,0.1229681736940936
267,145,0.12296601417543104
17,1129,0.12295931265780242
700,512,0.1229565717124005
599,121,0.12295537917831319
822,283,0.12295141151888433
1003,919,0.12295018279280533
494,717,0.12294978047379665
494,262,0.12294957755601804
599,9,0.12294715410958414
17,350,0.12294622078035493
700,80,0.12294201341265215
1003,848,0.1229362590811251
188,953,0.12293288204522779
280,781,0.12293266902298715
870,1038,0.12293037700908886
960,149,0.12292883258297929
974,62,0.12292734066297804
188,271,0.12292670989418891
700,656,0.12292651216779683
290,115,0.12292452828481905
280,158,0.12292268218744523
478,289,0.1229220281319594
1130,1074,0.12292097110885282
700,198,0.12291626686203948
599,717,0.12291596282121596
291,44,0.1229158860421834
1130,937,0.12291462050643023
822,125,0.1229128012650758
291,918,0.1229107058217206
290,738,0.12290775984739308
1003,314,0.12290751962441145
1130,6,0.12290544130194622
599,1131,0.12289712627401063
291,405,0.12289706098803828
272,349,0.12289660568813976
1106,332,0.12289316736493734
101,185,0.1228865707241406
599,25,0.12288487419217824
1130,191,0.12288188288626227
279,548,0.12288180866738796
494,732,0.12288159213425565
1003,659,0.12287846976719005
494,32,0.12287750347234952
822,1039,0.1228763235369697
101,972,0.12287579181767956
870,1029,0.122873018260934
101,824,0.1228719928859347
478,502,0.12287170691738225
1106,461,0.1228705073360473
290,309,0.12286770542968013
960,59,0.12286468564313188
974,410,0.12285834078623235
928,708,0.12285695764097454
1106,212,0.12285279305853954
17,216,0.12285200696431736
272,1101,0.12285165539011743
291,503,0.12285161174682561
291,614,0.12285058873997216
279,687,0.12284849516193912
960,5,0.12284836508768128
700,315,0.12284824399807362
974,575,0.12284693258515363
101,604,0.12284164686654621
272,344,0.12284071444879638
700,831,0.12283982805468056
17,107,0.12283874572176591
928,498,0.12283778211020749
290,1035,0.1228369145986041
494,656,0.12283580837091174
822,618,0.12283531243508969
478,962,0.12283306758814784
280,282,0.12282570916946874
974,139,0.12282532042252126
478,424,0.12282514332843365
101,251,0.12282491526856532
267,16,0.12282374939961398
291,582,0.12282317705316356
272,63,0.12282096970642889
279,742,0.12281912048871253
974,590,0.12281361476500435
17,567,0.12281258550492523
280,816,0.12280882885694296
101,553,0.12280781098742667
599,570,0.12280731715492782
101,724,0.12280659751130994
290,463,0.12280610393366465
1130,541,0.12279987917482528
1130,240,0.12279865882347468
290,951,0.1227980070822622
272,237,0.12279744105029686
280,1038,0.12279657719135811
188,210,0.12279477071873178
478,483,0.12279183785274587
291,476,0.12279167745813942
478,830,0.12278898597219609
290,360,0.12278846454758617
188,65,0.12278710506266932
272,971,0.12278660712026238
101,469,0.1227863064493598
17,679,0.1227839757906216
267,949,0.12278157241277429
960,384,0.12278138531440948
101,594,0.1227783648971443
101,725,0.12277462455940567
599,663,0.12277072778356145
291,525,0.1227707228081874
478,610,0.12276861190302235
272,644,0.12276642716175859
188,333,0.12276559970593376
478,748,0.12276557530763119
494,303,0.12275582267110761
928,948,0.12275428285663209
494,112,0.12275021394122493
17,630,0.1227493378414631
822,657,0.12274781798843173
599,410,0.12274706745583493
700,401,0.12274598926640211
291,703,0.12274530361885529
974,215,0.12274245012089016
279,523,0.12274147677947599
1130,364,0.12273853978286217
478,149,0.12273810829796092
279,1035,0.12273777828660888
280,745,0.12273631138860885
280,976,0.12273564504630798
188,504,0.12272966983654855
1003,522,0.12272935122183604
1106,359,0.12272804651343493
1106,997,0.12272705922202115
291,1020,0.1227269692818479
700,65,0.1227264475175032
272,867,0.12272527240182034
960,171,0.12272225867424268
494,920,0.1227222021207204
494,718,0.12271916430394125
494,68,0.12271840417623527
478,669,0.12271811747102535
17,184,0.12271646136975708
870,895,0.12271618202653593
188,465,0.12271432929298082
494,322,0.12271365523610905
700,353,0.12271361750706085
17,714,0.12271043105490247
478,72,0.1227089530096474
1130,639,0.12270523230977803
267,936,0.12270433158711987
960,76,0.12270324698562257
291,49,0.12270316346113559
267,977,0.12270250316735631
928,298,0.12269905636615797
1106,785,0.12269901051744189
974,407,0.12269522840146486
267,316,0.12269186665331346
599,527,0.12269093264207591
822,721,0.12269064412328176
290,868,0.12269009754378128
700,832,0.1226878601109287
188,1126,0.12268705610131143
1130,816,0.12268669772355088
291,593,0.12268553083155621
267,618,0.12268449291117772
1003,943,0.12268336059543636
188,552,0.12268308064851563
291,745,0.12268099370761582
291,216,0.12268043027540623
599,969,0.12268022429179946
822,410,0.12268017341726643
101,509,0.12267921570941805
1130,1052,0.12267906770323717
272,198,0.12267788334190512
272,262,0.12267705645875905
290,59,0.12267522222311832
290,373,0.12267475077786366
1003,76,0.12267022859345404
478,290,0.12266890705173206
1130,880,0.12266648945820671
17,952,0.12266470518699986
960,666,0.1226628074130194
494,252,0.12266195914550936
1130,41,0.12266149958341972
272,358,0.12265694326744611
974,996,0.12265519892820129
1106,1015,0.12264813742539167
17,615,0.12264804088296817
290,376,0.1226478530012362
449,179,0.12264453974801943
960,415,0.12264346447641956
291,265,0.12264098106561988
822,1076,0.12264058993091281
101,1082,0.12263869596219286
17,394,0.12263836457088406
17,89,0.12263744414378426
1130,412,0.1226372047428257
291,482,0.12262912769440958
700,651,0.12262886024092251
1003,695,0.1226273642758867
290,897,0.12262682327681645
101,1071,0.12261980033496009
188,68,0.12261656045580384
478,806,0.12261651781100799
1003,508,0.12261445238568176
960,560,0.12261445014012384
494,627,0.12261243134242127
1003,1059,0.12260995795569929
822,869,0.12260792887945547
870,872,0.12260629754816829
599,548,0.1226045361479749
822,367,0.12260420296924793
974,707,0.12260300636286403
960,316,0.12259625577765494
494,1077,0.12259202943669002
599,596,0.12258645815510708
928,350,0.12258590364976309
188,368,0.12258226204259885
599,724,0.12258102243263932
291,1121,0.12257979805579436
599,336,0.12257898107137498
101,247,0.12257679794145429
279,632,0.12257639886667328
272,929,0.12257548303784195
960,243,0.12257369646376998
280,187,0.12257204088142173
188,344,0.12257062804565189
279,108,0.12256986747909829
870,1097,0.12256951087996469
870,224,0.12256623980043183
928,1046,0.12255865383566884
101,793,0.12255844985209825
1130,117,0.12255716045989098
291,801,0.12255706817407959
1130,282,0.12255327282946918
599,684,0.12254729182834993
599,1086,0.12254557174116384
279,927,0.12254493926602567
17,572,0.12254491825801035
291,93,0.12254417570944486
188,12,0.12253950682086756
101,714,0.12253522641792913
267,624,0.12253418908358421
599,619,0.12253045764823751
599,1055,0.1225297069398192
1130,641,0.1225233712489376
870,549,0.12252316668559056
279,514,0.12252248863086357
960,67,0.12252207543918754
279,808,0.12251918509909575
599,176,0.12251846740957088
280,411,0.12251824453400265
494,308,0.12251688433764552
870,663,0.12251659482190988
1130,183,0.12251376316723937
870,316,0.12251363394856098
822,829,0.12251270894474024
700,280,0.12251161792823392
599,59,0.12250675418852255
494,913,0.12250668322412216
1130,513,0.12250565359186806
188,819,0.12250550664382143
478,1072,0.12250339254551734
272,1106,0.1225023538121571
478,437,0.12250038256824394
478,639,0.12249983309568166
17,1080,0.12249952032380036
700,351,0.12249942285195543
1003,240,0.12249734086498561
1106,931,0.12249647970041785
291,350,0.12249473748347317
700,888,0.12249138987167053
1106,853,0.12248944311690745
1106,864,0.12248849568053151
960,401,0.12248059726928667
928,250,0.12247509056786746
1130,470,0.12247424184666847
960,41,0.12247156522384631
870,539,0.12246822352722397
280,324,0.12246782361388178
267,706,0.12246502399394334
1003,176,0.12246497662659096
700,528,0.12246450425410466
17,955,0.12246381910402623
1130,934,0.1224636446783608
101,115,0.12246169692450835
279,555,0.12245910305158415
599,1090,0.12245902203922249
267,657,0.1224585623890701
291,1092,0.1224563186882348
279,928,0.12245469870464326
188,551,0.12245221850709924
599,1067,0.12245070654024587
700,1082,0.12245058461717202
279,270,0.12245031698687313
272,18,0.12244996952865113
822,7,0.12244931928106785
280,1032,0.1224472186013094
17,708,0.12244457346432945
449,585,0.12244161384755205
822,215,0.12244160687014434
494,284,0.12244043686841796
267,760,0.1224395564113345
974,960,0.12243952634780512
960,386,0.1224372618555819
1130,69,0.1224371683608748
478,510,0.12242996278410863
700,201,0.12242818855568825
928,1128,0.12242808686993178
822,288,0.1224280563833414
928,1106,0.12242703636594525
291,355,0.12241839422045875
494,379,0.12241481825070907
700,478,0.12241342120916882
494,764,0.12241283890980253
1130,742,0.12241072306605903
1045,572,0.12241007445329088
478,67,0.12240958587457881
960,298,0.12240529051095429
279,914,0.1224037273976325
280,491,0.12240206567031452
870,217,0.12240005832168972
1106,1030,0.12239848149266568
478,43,0.12239760592754327
974,288,0.12239695642503083
267,385,0.12239499449352177
700,219,0.12239284136106374
599,1027,0.12239096817726114
267,870,0.12238567575157057
478,384,0.12238073552481363
1003,614,0.12238062990742603
974,411,0.12237870037294377
928,1076,0.12237744293340676
928,800,0.12237294389404436
599,566,0.12237137811670012
974,705,0.12237032203929564
1003,561,0.12236913105324326
188,718,0.12236383108241558
1130,159,0.12235871773825821
960,105,0.12235712924312446
599,987,0.1223568331026387
279,810,0.1223566488044756
290,448,0.12235542087660216
822,401,0.122354474140572
599,65,0.12235214844523412
928,715,0.12234992795551222
291,843,0.12234732002207258
1106,827,0.12234578526550975
960,626,0.1223423615263325
928,357,0.12233949612782637
1130,19,0.1223390710897812
101,1041,0.12233785803880758
870,787,0.12233743767796944
599,671,0.12233739579314105
494,947,0.12233481449825388
974,669,0.12233472800247411
822,149,0.12233456267298932
291,2,0.1223309803175102
272,980,0.12232471858512162
17,41,0.12232248495349687
822,787,0.1223208877194053
280,433,0.12231455857215702
822,445,0.12231256124509726
17,783,0.12231160182412974
1045,78,0.12230907803871321
291,649,0.12230449499965376
870,220,0.12230402128245693
700,189,0.12230336760730257
17,720,0.12229898306220216
870,47,0.12229786733134819
822,919,0.12229665751826538
101,1040,0.12229142596768493
478,228,0.12228947077864046
478,775,0.12228911743843983
822,660,0.12228792740521305
17,641,0.122285403076491
290,135,0.12228525877341984
291,1052,0.1222835215245173
101,875,0.12228165127578196
188,498,0.12228156115532493
928,312,0.12228100114123935
17,643,0.12228053727856693
928,535,0.12227847961857105
599,883,0.1222733761284415
700,956,0.12227173266328191
17,852,0.12227128943038677
17,191,0.12227110883275351
599,190,0.12227018465716187
17,704,0.12227003306139865
17,476,0.12226919021467969
17,549,0.12226819934294092
700,142,0.12226594192438127
17,423,0.12226567651072938
272,952,0.12226489455556765
17,1026,0.12226249214420366
1130,724,0.12225973455784388
974,469,0.12225813364343133
188,258,0.12225566413622262
1003,1126,0.12224950459728559
478,970,0.12224907683823703
101,431,0.12224535662207998
279,457,0.12224477129201036
17,346,0.12224430198716783
599,162,0.12224248442137033
188,698,0.12224232818164411
599,722,0.1222422964859036
101,239,0.12224057480205608
700,1038,0.12223951609542157
478,219,0.12223743529706657
17,384,0.12223671415045198
928,60,0.12223474937778327
267,585,0.12223148795920484
1106,574,0.12222703682383315
599,857,0.12222607627538092
279,107,0.12222561621003113
960,843,0.12222527314838741
1130,75,0.12222442458604452
870,215,0.12221860517685063
960,647,0.12221759102568627
974,73,0.12221704357141348
272,882,0.12221690430594923
1106,84,0.12221477431346642
478,34,0.12220946551529462
494,986,0.12220245561673043
822,444,0.1222008749823492
1130,514,0.12220010025542741
267,326,0.12219708269968325
17,284,0.12219689937782177
599,133,0.12219576663711809
279,187,0.12219417743148668
478,419,0.12219211476602376
188,905,0.12218834708658702
272,1045,0.12218789380877557
599,1042,0.12218745455004623
974,658,0.12218349608539367
1106,145,0.12218173730431724
494,689,0.12218168893540651
928,1110,0.1221779221686243
478,115,0.12217551565817673
188,822,0.12217491656589739
291,1131,0.12217351134382887
272,306,0.12217200033393899
279,617,0.12217067561619722
101,323,0.12217023342136465
822,482,0.12217020248711251
700,835,0.12216932149925937
290,685,0.1221679402641476
272,968,0.12216494804119483
101,769,0.12216466428551198
17,550,0.12215835810437581
822,768,0.1221538838719706
280,1126,0.12215102642191522
280,20,0.12215047428881526
494,1071,0.12215010110499135
974,446,0.1221497956367725
870,348,0.12214458951560583
280,957,0.12214262339292403
822,19,0.12214113383802182
267,69,0.12214002203734785
1106,520,0.12213891370715911
17,112,0.12213890019272514
822,121,0.12213768686452209
822,999,0.12213429050573224
870,1008,0.12213426035281516
1003,376,0.12213065215527323
960,859,0.12212513067152986
1003,701,0.12212496855161392
960,693,0.12212469445260464
870,241,0.12212385328704647
1130,849,0.1221237892353307
17,1069,0.12212002908417616
17,490,0.12211958473451849
494,837,0.12211819614729794
101,334,0.12211793447180541
1130,83,0.12211636364882955
101,446,0.1221160065957972
599,631,0.12211587954685045
1106,424,0.12211214864388903
700,433,0.12211192597331032
279,1027,0.12210964827925723
188,60,0.12210962728123617
101,917,0.12210803754869887
1003,680,0.1221079888576375
267,439,0.12210572308779319
188,644,0.12210028469151504
267,19,0.12209998916892027
17,888,0.12209921809515953
974,406,0.1220991501262432
822,386,0.12209425659501762
599,477,0.1220904047880289
280,368,0.12208576853638393
290,567,0.12208526391049189
478,216,0.12208434271604043
17,799,0.12208371640500348
17,505,0.12208244371398078
1130,197,0.1220812284353566
974,491,0.12207574810232293
870,676,0.12207397696576774
1106,63,0.12207075223405024
101,158,0.12207072947266404
478,463,0.12206897058720667
822,214,0.12206818417450328
17,12,0.12206611318487147
1106,258,0.12206553552878027
280,997,0.12206482041290843
17,999,0.122059163936548
290,590,0.12205883875026739
1130,26,0.12205637196882776
870,1040,0.12205504392149283
599,551,0.12205449259192946
279,139,0.12205303840071992
101,993,0.12205087899221367
267,579,0.12204822417513435
279,203,0.12204367049041366
478,251,0.12204334085970055
1003,536,0.12203957168180962
101,167,0.12203668237526405
478,534,0.12203565772970172
17,297,0.12203480767749428
267,898,0.12203091965699238
494,349,0.12202837829920506
599,719,0.12202641473507247
822,366,0.12202135173789377
272,459,0.12201679304035676
280,25,0.1220162894893955
188,592,0.12201589782229905
494,375,0.1220110411548887
291,647,0.12201064115929589
1003,818,0.12200977193463468
267,699,0.12200952214378855
822,771,0.12200895698010726
188,759,0.12200805270663043
17,574,0.122007766205708
101,625,0.12200552135334143
291,981,0.12200511844513512
188,1016,0.12200442716062075
290,77,0.12199889216482337
101,538,0.121998349572447
17,415,0.121998254651418
101,98,0.12199780931548142
700,1042,0.12199752325727452
478,997,0.12199295411302541
101,40,0.12199251370524367
494,33,0.12199100584703595
478,465,0.1219908359721803
478,841,0.12198712135943086
17,134,0.12198651846485443
928,912,0.12198245856211672
494,1076,0.12198174642252185
494,297,0.12198094947169554
188,245,0.12198084052369454
700,917,0.12198069018813514
870,1122,0.12197982823230098
17,705,0.12197395791039546
599,157,0.12197352818128272
870,6,0.1219727027628558
279,811,0.12197126804428061
267,471,0.12197040533779613
280,622,0.12196922974208178
870,816,0.12196391059794183
478,663,0.12196334578733586
1130,555,0.12196288328209876
700,108,0.12195979574079288
267,943,0.121958016661037
928,728,0.12195450253447898
870,227,0.12195374108820112
1106,781,0.12195258365022518
494,544,0.1219517660212124
101,512,0.12195132066698698
1106,939,0.12195057713500086
822,765,0.12195053162909963
599,712,0.12194860394970823
272,294,0.12194820492450523
17,313,0.12194776167180912
700,625,0.12194766613267446
188,431,0.12194614159351266
267,939,0.1219403386258155
188,118,0.12193925386958913
494,777,0.12193842570099675
272,904,0.12193804501472039
267,461,0.12193704113149438
822,435,0.12193700431229382
494,290,0.12193522061222031
1003,983,0.12193227421553231
494,825,0.12192843128488151
267,247,0.12192802811033913
822,124,0.12192467986720439
188,683,0.1219234113865225
1106,105,0.12192212511907946
822,491,0.121920593495631
928,907,0.12191705582709016
1106,20,0.12191364474649831
700,861,0.12191267968199841
822,373,0.12191115937811113
1130,110,0.12191028349885352
599,848,0.12191021321357025
290,798,0.12190923090634964
700,327,0.12190065951446041
494,589,0.12189781937521686
928,277,0.12189511183382756
290,788,0.12189095836937676
1130,701,0.12188490639582072
974,1105,0.1218795296395202
267,210,0.12187949575162461
279,885,0.12187718270481927
974,447,0.12187684455035484
599,423,0.12187143846946101
17,36,0.12186984281047289
599,653,0.12186977393956369
188,670,0.12186922048230484
822,818,0.12186707617965224
1106,968,0.1218666621422306
267,1071,0.12186436119928064
188,613,0.12186186470433834
17,209,0.12185990023098969
974,773,0.12185959805560977
279,148,0.12185897780827021
291,892,0.12185633338444896
267,441,0.12185273153170359
974,630,0.12185271800850758
494,197,0.12185188321465676
822,170,0.12185100470653085
279,1105,0.1218500522070245
478,111,0.12184688611021137
290,26,0.12184264673860543
822,200,0.12184022610712866
291,719,0.12184013521752739
17,256,0.12183952189657353
1130,691,0.12183894374595662
1130,329,0.12183640545628023
101,435,0.12183606081477898
279,753,0.12183541043312979
960,739,0.12183453027250483
280,514,0.12183414241000373
822,512,0.12183144797132767
1130,698,0.12182859471430013
478,1031,0.12182609640286034
599,394,0.12181940423461889
1130,675,0.121817476886259
267,496,0.12181715043516889
272,722,0.12181698390279322
267,53,0.12181377170963474
822,1125,0.12181049130029083
188,331,0.12180866000284263
1106,390,0.12180814536985132
279,246,0.12180795547639936
280,861,0.12179450619472221
279,800,0.12179376312125989
279,162,0.12179118756602068
17,756,0.12178790745440436
478,10,0.12178490652275695
1003,451,0.12178417732628795
291,314,0.12178406824487019
494,413,0.12178365941349917
870,634,0.12177908140695781
101,583,0.12177320126408903
280,714,0.12177266097273379
1003,702,0.12176952661201282
1106,183,0.1217693399638701
280,46,0.1217679249588258
870,1001,0.12176751255987969
960,697,0.12176662432561519
267,83,0.12176245022339117
279,161,0.1217610191406995
822,704,0.12175820762549752
280,386,0.12175763785367784
188,401,0.12175622598372321
267,231,0.12175547646389535
822,757,0.12175432216820468
1106,629,0.12175310147803321
478,784,0.12175188952842414
1106,86,0.12175162434891725
188,140,0.12175072868680377
928,53,0.1217502500694288
928,411,0.12174474503638387
494,946,0.12173992096504041
280,919,0.12173663402426414
1106,444,0.12173434045132184
700,1027,0.12173241772292447
1106,284,0.1217321032621758
822,463,0.12172721943860866
280,775,0.12172484942959222
188,649,0.12172370650948627
599,1123,0.12171875049846025
870,245,0.12171274540481575
280,920,0.12171245051813784
478,1032,0.12171191362113702
17,149,0.12171074959884787
17,994,0.12170805606537034
279,876,0.12170785915702471
101,1034,0.12170785123652048
188,136,0.12170501161568571
291,1089,0.12170479496058902
290,550,0.12169735629855861
1003,866,0.12169150928677124
279,948,0.12169033703697045
478,329,0.12168991274315451
974,541,0.12168934282722474
101,610,0.12168651350896076
272,181,0.12168480516576297
599,980,0.12168475440376801
17,170,0.12168336495285594
290,321,0.12168265990663688
822,584,0.12168231212078744
822,898,0.12168223126630198
1130,684,0.12168154030054532
822,552,0.12168113055353595
291,382,0.12167913425117381
291,1046,0.12167537494039278
1106,849,0.12167329614336794
478,802,0.12167308567001807
279,512,0.12166952251133441
101,608,0.12166878452015767
279,574,0.12166750973114185
17,199,0.12166630200701034
291,193,0.1216626894132827
960,928,0.12166209060692189
928,44,0.1216587380875022
101,332,0.12165681072147094
279,640,0.12165507671573635
280,1055,0.1216522086372296
1106,664,0.12164863955329498
928,396,0.12164818227067213
17,913,0.12164678384142012
599,1021,0.12164672049914708
1003,93,0.12164367408755154
822,774,0.12164269164373205
17,892,0.12163658051706913
870,312,0.121634653909331
974,1117,0.12163229417945787
188,913,0.12163209520693949
494,812,0.121631046333551
870,172,0.12163045026974176
960,97,0.1216295356979625
291,1054,0.121626768006823
478,1034,0.12162502652145478
1106,241,0.1216242592919462
974,906,0.12162256948382218
17,1061,0.12162136118024218
1106,825,0.12161826252858474
494,282,0.12161792808393602
449,148,0.1216173236427722
188,602,0.12161638384002917
822,290,0.12161550639999846
290,714,0.12161205970504596
291,1102,0.12161185212360599
1106,802,0.12161058677356545
1106,340,0.12160754158440785
1003,114,0.12160526050904391
928,609,0.12160356960375167
279,344,0.12160225314639883
960,449,0.12159830332539308
822,712,0.12159813273072023
599,873,0.12159662625906277
291,830,0.12159555628059342
822,362,0.12159317829775103
494,97,0.12159176339985749
1106,204,0.12159019772157595
822,196,0.12158994333281717
700,696,0.12158991969517917
599,36,0.12158807460237667
279,198,0.12158515305597706
870,699,0.12158509579345401
599,534,0.12158449801362224
478,7,0.12158049972369227
494,419,0.12157907717382259
1106,543,0.12157890880220623
280,203,0.1215785273211756
280,656,0.12157439430994049
188,679,0.12157415190856483
478,454,0.12157256581022184
101,105,0.12157218902876855
599,545,0.1215711826290256
267,244,0.12156913495500658
101,82,0.12156518014856475
1106,556,0.12156295863832058
928,661,0.12156246599680545
267,226,0.12155643113135774
1130,951,0.12155440385759901
1106,579,0.12155236844333218
870,189,0.12155230203650115
700,525,0.1215514037524811
279,1077,0.12154547192292407
188,697,0.1215438135406813
291,271,0.12154282328029854
870,200,0.12154279630803254
267,55,0.12154159279596724
478,138,0.1215391280196357
870,338,0.12153852702147921
188,530,0.12153778838027289
267,40,0.12153761330229139
272,7,0.12153625276472321
280,927,0.12153212723764488
599,970,0.1215298732877199
291,202,0.12152871476800456
1130,263,0.1215253151939203
974,689,0.12151949851436071
1130,667,0.12151866011687577
599,901,0.12151254515122746
188,359,0.12151238167975931
279,284,0.12151220854572993
478,31,0.12151197378344393
279,39,0.12151151255034345
17,70,0.12151006431172912
822,248,0.12150816691380766
1106,862,0.12150654276668903
928,384,0.12150554748826593
17,516,0.12150380591278724
494,162,0.12150022413154485
17,372,0.1214971793323007
700,660,0.12149698990231089
280,1128,0.12149395645146983
960,1129,0.12149303917484872
974,1114,0.12149204957355939
870,514,0.12149098828427907
1130,601,0.12148966484184999
267,604,0.12148674987161541
17,176,0.12148573714570615
478,745,0.12148427541769326
280,835,0.12148417346687398
267,294,0.12147760321759755
822,431,0.12147711690315782
17,881,0.12147684218896111
272,599,0.12147565865496247
291,196,0.1214755593669579
188,1081,0.12146945744644168
870,596,0.12146944432246437
960,25,0.12146864393742561
279,781,0.12146722475400232
279,998,0.12146671566049368
449,461,0.12146200876215849
478,388,0.1214616836433977
870,890,0.12146150239441496
822,718,0.12146062205727894
290,682,0.12145835933285236
267,1008,0.12145417864869605
928,422,0.12145106494567944
280,264,0.12144820153828668
928,740,0.12144719197526559
960,62,0.12144700398006311
1130,1046,0.12144592368606202
1003,452,0.1214437147922222
974,1029,0.12143735497632546
822,683,0.12143642873441197
870,502,0.12143639606951681
700,273,0.12143586923619878
291,936,0.12143378918581971
280,1068,0.12143305662509392
974,333,0.12143167289338541
928,376,0.12142939412878678
101,324,0.12142905290243722
1130,431,0.12142847464299107
974,666,0.12142676468711491
17,250,0.12142651140722277
280,63,0.12142623786710276
822,601,0.1214251928657836
599,552,0.12142390509922515
279,1106,0.12142095599346425
1130,196,0.12141830483099197
101,508,0.12141775299745078
188,386,0.1214141913630823
101,104,0.12141317756477675
17,739,0.12141293079773884
1106,690,0.12141194528696542
1130,30,0.12141115832561697
974,917,0.1214071469483742
1106,115,0.1214062385587631
17,797,0.12140582412734027
272,594,0.12140488002689277
478,809,0.12140368402229139
17,866,0.12140324118732661
870,811,0.12140123822252706
280,667,0.1213990200331135
974,920,0.12139845481338069
494,706,0.12139772420967622
291,423,0.12139756771925521
17,1082,0.12139661068952375
101,53,0.12139645115284185
1106,237,0.1213956205639996
700,465,0.12139277167107068
101,1017,0.12139136383452913
267,668,0.12138630070762012
928,972,0.12138293451048117
960,763,0.1213826601243521
291,693,0.12138066888114928
822,72,0.12138062863238963
599,247,0.12137621519045462
188,468,0.12137545210698386
494,437,0.12137490635722263
960,390,0.12137288271546984
494,259,0.12137258416450203
101,630,0.12137145955733163
822,284,0.121370007716759
974,1032,0.12136646493146255
291,187,0.12136611810554546
928,157,0.12136103942867775
1003,121,0.12136051423828251
822,864,0.12135579673224067
101,372,0.12135351380595365
870,924,0.12135271799250387
960,237,0.12135141474711213
494,185,0.12135121447359251
494,128,0.12135063461059292
478,1021,0.12134782978506617
870,486,0.12133999000323184
700,78,0.12133679385665458
267,229,0.12133158924488352
291,881,0.1213280821258195
822,987,0.12132753258820766
974,784,0.12132443310799043
101,19,0.12132267219502033
279,665,0.12132148155920243
960,718,0.12131994437083292
188,1046,0.12131943389697711
822,31,0.12131861314306691
291,100,0.12131783365649298
494,742,0.12131714718470027
291,433,0.12131694514761947
1106,298,0.12131665002138425
494,25,0.12131646591169529
494,553,0.1213154721962042
822,862,0.1213133726000343
928,39,0.12131201446458569
599,681,0.12131180858329407
1106,623,0.12130900431603514
279,267,0.12130303573687101
1003,739,0.12129911617108363
974,50,0.12129828749041152
478,558,0.1212974689551463
928,197,0.12129306378775084
267,72,0.12128652441369346
599,32,0.12128551477295677
280,651,0.12128057029363432
974,436,0.12127905324293295
870,1096,0.12127778164273977
960,261,0.12127722577246883
928,1086,0.12127648706546476
974,835,0.12127586126581757
700,936,0.12127561032105681
478,330,0.12127327919420688
822,1032,0.12126967423602929
291,1106,0.12126084101140557
700,224,0.12126061014160736
280,719,0.12125831604183546
17,96,0.12125786583578557
449,197,0.12125762641824246
822,183,0.12125594068904472
267,740,0.12125437867757326
291,684,0.12124912538933838
280,1041,0.12124730228190313
1130,743,0.12123949059180733
188,202,0.12123737595567484
280,601,0.1212368652470819
1106,841,0.12123318570095627
449,947,0.12122562687851961
928,737,0.12122495988006327
280,423,0.12122430291525742
494,321,0.12122263794114731
291,251,0.121217694931689
960,669,0.12121671177401043
101,763,0.12121417812169108
870,769,0.12121273117044704
17,344,0.12121187253684672
267,374,0.12121162518972511
1106,82,0.12120947561101089
290,171,0.12120929852056411
494,78,0.12120929714357016
272,165,0.12120674872086096
1106,560,0.12120314782303293
188,954,0.12120180107128846
290,133,0.12120159524534094
280,1117,0.12119753272098219
1130,714,0.12119503792970734
700,963,0.121193759666989
974,156,0.12119094468431962
280,354,0.12118638292594629
267,863,0.12118398727015486
291,941,0.12118397732070181
272,501,0.1211814114863654
960,104,0.12118047535193677
494,675,0.12117931295190568
1003,406,0.12117910669024973
822,406,0.12117340265605253
870,328,0.12116864710021934
478,57,0.12116842795596786
290,48,0.12116811064238638
17,682,0.12116714769102131
188,731,0.12116295286487226
960,249,0.12116294920248205
1106,1024,0.12116261860477627
870,880,0.12116112729010015
279,375,0.1211605213004593
1130,748,0.12115971779600189
101,585,0.12115677160778078
280,109,0.12115652759941375
101,673,0.12115589320172389
267,498,0.1211547770166797
478,1006,0.1211537807675566
1130,100,0.12115363503087725
267,758,0.12115087048213169
17,332,0.12114692612375923
974,985,0.12114490806797906
279,533,0.12114286234619318
188,8,0.12114168944737436
290,289,0.12114035921883075
17,363,0.12113887340884803
599,752,0.12113864546802905
960,231,0.12113735350989532
17,983,0.12113677091935
1106,168,0.12113640004865897
599,884,0.12113558489513866
960,115,0.12113361027048915
280,730,0.12113119375682514
822,556,0.1211287675119588
188,625,0.12112350607669099
928,309,0.12112098042373753
960,460,0.12112067394415316
822,1077,0.12111979285798512
974,550,0.12111910961709592
280,694,0.1211163216352439
928,365,0.12111630500047744
599,255,0.12111579471907732
599,113,0.12111309652511956
188,390,0.1211119101195171
291,233,0.12111164021719645
1106,8,0.12110873482440239
1130,381,0.12110439983647611
960,23,0.12110433960970138
1130,905,0.12110317005894325
974,790,0.12110168592487185
494,367,0.12110149454226789
101,1103,0.12109912468767926
928,1085,0.12109901991345871
974,570,0.12109872098000066
974,503,0.12109409134860147
870,472,0.12109354648379908
870,586,0.12109193004724618
279,582,0.12109189759390888
870,201,0.12109133908527625
279,1003,0.12108546923884074
870,396,0.12108428667958317
101,882,0.12107577457999373
700,902,0.12107335638010022
478,107,0.12107212962571713
870,888,0.12107026536835074
960,902,0.12106826450233112
822,1115,0.12106661479737997
960,555,0.1210664425059272
290,606,0.12106576243485179
17,232,0.12106330669799449
822,255,0.12106319718895796
599,972,0.12106220593690979
974,876,0.12106134948745838
974,140,0.12105967739686138
700,747,0.12105888919964827
478,212,0.1210587099658598
822,394,0.12105816950357866
870,830,0.12105739518612335
17,352,0.12105505509553022
188,1131,0.12105437030211695
822,258,0.12105204551571278
960,574,0.12105017071100954
17,1086,0.12104914474188366
1106,775,0.12103817561665674
1106,125,0.12103646542109595
1106,547,0.12103531976691
960,738,0.1210319912552938
101,361,0.12103182345118756
700,810,0.12102989714049642
494,885,0.12102363587729692
478,533,0.1210209882084422
1106,944,0.1210198702262835
494,870,0.12101552734418448
1130,536,0.12101496697000497
272,440,0.12101439364762859
822,943,0.12101091394925048
291,485,0.12100442406332446
1003,54,0.12100389666584999
870,510,0.12099949977505606
822,667,0.12099732008776558
494,91,0.12099577188452756
1106,998,0.1209913050228271
478,1125,0.12098976203869047
267,650,0.1209895891887511
101,670,0.12098950729239683
870,688,0.12098736836870558
494,83,0.1209866204743231
101,203,0.1209860180668323
272,463,0.12098352075868542
1106,806,0.12097797400017783
279,313,0.12097773981393133
280,764,0.12097690877089871
101,403,0.12097620027087228
1130,164,0.12097589349110638
494,1037,0.12097502524172385
101,696,0.12096970160338733
291,896,0.12096961193867849
599,373,0.12096909603473417
101,689,0.12096834361037126
279,744,0.12096825785176521
478,1038,0.12096644957473655
188,114,0.12096368352577544
700,619,0.12096268973771257
279,994,0.12096262084569709
974,650,0.12095990995851834
822,813,0.12095692151652948
291,963,0.12095580988961674
101,523,0.1209522253215687
291,709,0.12095190194556263
101,346,0.12095003253303449
17,464,0.1209494546494965
279,306,0.12094853191796637
1003,645,0.12094752361565739
279,237,0.12094687763070383
1130,720,0.12094566373513943
1003,256,0.12094228756197473
1130,953,0.1209398826191105
822,964,0.12093963669618443
1106,334,0.12093907911312976
290,683,0.1209373567260192
599,122,0.12093641933238422
599,233,0.12093608178064534
974,207,0.120933157995188
279,483,0.12093192440332912
599,256,0.12093042374924524
700,1102,0.12092890645792401
822,861,0.12092877940320179
822,847,0.12092688226871669
974,511,0.12092518415456123
599,899,0.12092398277828155
279,165,0.12092392915857055
599,1128,0.12092385864466285
478,816,0.120922474653107
1106,44,0.12092181189019695
1106,1090,0.12092171424071069
1003,307,0.12091890816955513
280,257,0.12091682441092166
928,1032,0.12091663911709645
267,888,0.12091547137240229
1130,756,0.12091503656868363
1106,1027,0.12091287902403638
188,349,0.12091254496875896
974,831,0.12090681341751851
1003,470,0.12090655916662923
974,364,0.12090519059022398
290,449,0.1209014974402833
101,41,0.1209010642077773
822,937,0.12089777129013422
599,810,0.12089649683235001
280,916,0.1208937377096134
494,719,0.12089351934524825
700,191,0.12089100960337545
280,417,0.12088836115292582
101,1073,0.12088584978418145
1130,185,0.12088534008430916
974,1001,0.1208850657547125
1106,962,0.12087565198148001
960,534,0.12087182624001647
700,63,0.12086851829186827
478,512,0.12086465296256635
17,936,0.12086040393882146
101,520,0.1208604004726089
974,362,0.12085986972056809
974,1077,0.1208596256986807
478,739,0.12085920324954759
290,401,0.12085836591787533
279,743,0.12085587356975994
870,16,0.12085525934138232
1003,577,0.1208548454149442
599,483,0.12085432978891475
290,459,0.12085235893296915
267,298,0.12085198867294106
17,596,0.1208519425556638
478,621,0.12085111928997101
1130,525,0.12085016691144011
870,358,0.12084871554157962
1130,439,0.12084556339651562
928,755,0.12084450730915422
599,1102,0.12084169519571736
279,888,0.12084030919352105
870,376,0.1208401337917126
17,876,0.12083603154265837
870,164,0.12083451959593637
599,433,0.12083378794283724
290,993,0.12083346257383368
280,212,0.12083274838681314
700,555,0.12083261850505275
188,706,0.12083200590023822
17,1055,0.12082375167409064
290,1097,0.12082305822558609
280,459,0.1208185872895956
272,457,0.12081460800736477
291,566,0.1208145093018029
291,652,0.1208138701174969
17,140,0.12081287624244649
291,913,0.12081199522013834
290,206,0.1208094757429902
290,28,0.12080868864303092
478,245,0.12080247949782204
822,82,0.12080238322777098
280,1045,0.12080125484346756
1106,813,0.1207968819052259
267,879,0.12079490532508759
870,269,0.1207940079469057
870,962,0.12079366529873778
188,292,0.1207917260583706
599,129,0.1207905217766242
1106,347,0.12078804081696747
188,508,0.12078654863287461
188,789,0.1207817556441855
928,835,0.12078045341932137
17,1099,0.12077839946874856
494,21,0.1207761939112765
101,771,0.12077203377047226
870,726,0.12077164185752494
17,74,0.12076960299634067
700,2,0.12076914005685124
1130,769,0.12076827092075323
17,446,0.12076781179848702
290,21,0.12076716273688136
101,787,0.12076167150391058
17,469,0.12076064148694245
494,759,0.12075270276901917
700,1060,0.12075154655092875
101,962,0.1207512326551065
928,548,0.12075089114292074
494,1,0.12074869086472549
290,1045,0.12074248886378995
478,548,0.12074243581501816
17,937,0.1207420386066791
928,983,0.1207418451339923
478,40,0.12074102340810249
494,927,0.12074057263279432
960,107,0.12073943777218714
291,191,0.12073731461324193
290,613,0.12073622965147303
291,470,0.12073417465203523
101,135,0.12073230780401163
974,680,0.12072988618387537
478,1092,0.12072945835118419
870,607,0.12072683640783886
960,964,0.12072558163092649
1106,691,0.12072417044992138
494,918,0.1207224811917585
960,438,0.12072157014057508
449,1123,0.12072150731247745
267,954,0.12072061971553276
599,1059,0.12071967086960556
291,548,0.12071836771466955
188,456,0.12071208794770477
700,281,0.12071040407439611
272,19,0.12070885575013843
822,59,0.12070824974211995
822,249,0.12070606973164244
494,319,0.12070518786511676
478,1024,0.12070401586815101
1106,364,0.12070377764260577
188,548,0.12070377440053184
1106,60,0.12070267108541073
960,1086,0.12070212727299286
188,978,0.12069707930166675
101,181,0.12069150772966805
267,922,0.12069131689954182
188,1102,0.12068913007698623
1130,1072,0.12068573826000882
272,61,0.12068467600501205
272,424,0.12067866059343402
478,489,0.12067865802351448
188,233,0.12067757912063165
478,151,0.12067575557736933
17,760,0.1206756719849388
291,416,0.12067527008949631
279,1047,0.12067151556416757
478,207,0.12067104480977255
599,927,0.12066986593726717
188,15,0.12066811670870482
290,53,0.12066807773972094
974,183,0.12066777079517142
700,253,0.12066550301008343
279,411,0.12066547691287481
700,440,0.12066534872795963
928,324,0.12066412326391686
870,535,0.12066392409015671
928,915,0.12066377660890085
290,735,0.12066240610578084
290,679,0.12066218808178644
700,910,0.12065651512249713
101,830,0.12065617998456177
1106,181,0.12065544553059941
1106,981,0.12064858604646429
822,329,0.1206455712092418
494,339,0.1206441966213797
870,515,0.1206398403905984
280,101,0.1206394004687579
101,69,0.12063930536405489
291,660,0.12063781665230491
17,252,0.12063526625397923
101,32,0.12063445306070711
494,228,0.12063442571868908
960,352,0.12063267992922168
267,108,0.12062730318685448
870,460,0.12062651620714128
280,594,0.1206240817809063
974,408,0.12062395247238543
478,1008,0.12062376547642409
272,65,0.12062340799996335
478,812,0.1206208412727865
700,662,0.12061872536860613
272,701,0.1206164905425694
974,1129,0.12061065094396349
822,709,0.12061021301830761
700,376,0.12060928180994197
272,1006,0.12060772209800555
272,145,0.12060417570338659
290,97,0.12059259697642377
279,955,0.12059212827307271
700,202,0.12058888795773165
101,569,0.12058651597426054
928,221,0.12058507844054629
928,97,0.12058442003234998
279,609,0.12058390817754802
1106,1093,0.12058288147860259
494,446,0.12058164944087928
279,707,0.12057917107381902
188,466,0.12057901213924058
1106,1086,0.1205786123511287
101,430,0.12057383107438129
17,943,0.12057318942941324
290,1089,0.12056988368630922
494,333,0.12056838354765939
822,814,0.12056655520501215
494,428,0.12056363236917994
188,1012,0.12056352221021117
17,242,0.12056185504073655
188,112,0.12055898639521793
599,332,0.12055824388997818
1130,237,0.12055782281072573
291,296,0.12055696003215671
960,920,0.12055691190917107
267,735,0.120553989895621
928,614,0.12055148410660664
17,771,0.12055044348086635
700,998,0.12054797337580891
267,207,0.12054718413778567
928,869,0.12054714349225101
280,216,0.12054651953111546
822,659,0.12054423353510657
280,697,0.12054201666296059
960,919,0.12054120117617498
280,1131,0.12053817615010487
700,258,0.12053639486385065
928,172,0.12053616931051025
494,976,0.12053591548529353
974,674,0.12053486197890732
822,1051,0.12053249707469406
960,402,0.12053176214840074
928,698,0.12053148887538905
928,813,0.12053060856785823
478,1096,0.12052932759669144
494,664,0.12052635437077878
494,101,0.1205217208233235
17,941,0.12051904538629908
700,615,0.12051629511127701
17,118,0.12050900366184529
290,819,0.12050654573058155
279,702,0.12050537902507946
101,465,0.12050471999211174
599,849,0.12050447864724424
494,434,0.1205010175627699
267,1041,0.12049991925099574
290,765,0.12049824764245191
822,649,0.12049712677343984
822,938,0.12049666649145958
280,53,0.12048820009922202
17,686,0.1204832596006252
974,344,0.12047697764089649
267,646,0.12047651973389231
478,516,0.12047585244031528
17,609,0.12047556699324734
494,1072,0.12047417409136685
700,778,0.12046913728336327
1106,1117,0.12046537254889508
1106,679,0.12046389976593201
478,305,0.12046322081219947
870,609,0.12046207783448559
599,108,0.12046064713452567
599,942,0.12045981289159663
1106,416,0.12045755319513127
17,1077,0.12045435111845036
1130,516,0.1204521570300621
279,841,0.12045133063209353
280,713,0.12044913765182799
928,346,0.12044773410990223
478,708,0.12044691863016854
870,463,0.12044617838053306
101,397,0.12044594011668461
700,899,0.12044570595855503
478,78,0.1204428425811311
974,597,0.12044151517985101
599,718,0.12044128380910739
478,592,0.12043920986915728
928,280,0.12043864850864458
1130,398,0.12043635080701631
101,849,0.12043424563741144
870,339,0.12043219830827177
267,1012,0.12042930858500399
599,289,0.12042889220055786
1130,1104,0.12042838878310991
960,597,0.12042777788614727
974,1123,0.12042226391418433
960,140,0.12042092294649637
101,1070,0.12041715852814971
17,909,0.12041633922512907
1130,219,0.1204152964475519
1130,144,0.12041437512152811
291,952,0.12041350376246225
478,932,0.12041151464399197
279,393,0.12040845458420453
280,806,0.12040532899288214
188,956,0.12040501064769543
290,706,0.12040254972645359
974,819,0.1204003857244824
188,478,0.12040012929808122
870,309,0.12039922561829844
599,912,0.12039898684528327
822,65,0.12039700197779203
960,356,0.12039589813943076
478,1033,0.12039534806869268
280,960,0.12039222222728244
478,996,0.12039055336529784
291,99,0.12039052195915348
974,763,0.12038853770258558
974,7,0.1203878500596479
960,994,0.120384666339366
272,46,0.12038231692231366
290,214,0.12037991127052232
1003,861,0.12037989851157803
272,382,0.1203789279285114
188,918,0.12037861945655877
478,613,0.12037645494365368
17,124,0.12037605650040793
1130,789,0.12037331800856409
870,628,0.1203673098898046
494,214,0.12036582625720181
478,363,0.12036447175657178
494,244,0.12036336668924193
267,480,0.12036213155719942
101,617,0.12036167674206398
1003,783,0.12036063208959523
960,21,0.12035961830936877
478,1091,0.12035758260888213
290,162,0.12035341875224469
599,832,0.12035295011847753
974,1055,0.12035131978457482
974,993,0.12034997616633654
870,677,0.12034817372169244
974,688,0.12034719736091765
870,704,0.12034652637257087
478,691,0.12034182743040464
494,917,0.1203414969789549
974,222,0.12034068953160425
17,174,0.12033852684217368
17,656,0.12033746772312248
1106,620,0.12033685683694886
1130,879,0.12033310512665508
1106,362,0.12033285101004207
494,1095,0.12033051553485721
928,541,0.12033022598765261
17,747,0.12032886785093994
267,957,0.12032593234460703
494,819,0.12032487973767743
17,759,0.12032298148355272
870,1111,0.12032130186818533
17,1107,0.12032019381924947
290,185,0.12031662097945467
101,406,0.1203121768688845
960,216,0.12030973460837832
599,125,0.12030939076315615
822,316,0.12030696677068554
17,300,0.12030446106296362
928,516,0.12029956185485709
599,875,0.12029854413577244
188,798,0.12029396240413337
291,460,0.12029345903855082
1106,899,0.12029248006296404
279,684,0.1202883033990571
279,1085,0.12028711776833388
1106,248,0.12028494954363841
960,262,0.12028485817400243
822,372,0.12028481921597861
17,813,0.12028419252590034
188,604,0.12028064311063856
960,993,0.12027699842557579
700,515,0.12027634896482198
17,555,0.12027617403892547
272,800,0.12027481856888905
700,1093,0.12027447999793048
290,439,0.12026911852542163
928,536,0.1202689296960776
870,50,0.12026560934331208
870,1015,0.12026470549511305
928,13,0.12026185917752201
599,790,0.12026167787309457
494,756,0.1202601915941328
494,937,0.120259970856977
280,448,0.12025905723770293
870,603,0.12025815174058108
188,932,0.1202558159086176
822,614,0.1202554514947361
290,1126,0.12025224178521259
188,696,0.12025188267908697
188,799,0.12024924196263206
822,309,0.12024875188679014
870,107,0.1202480665142055
267,530,0.12024572258921647
494,753,0.12024556851956357
1130,787,0.12024347233335486
290,1076,0.12024139487113938
494,401,0.12024088762516266
188,46,0.12024008493506419
17,370,0.12023933886815155
870,490,0.12023692261686493
870,953,0.12023639757951678
1130,977,0.12023632651633472
279,825,0.12023481263910907
290,754,0.1202341402370644
279,472,0.1202340602187903
478,915,0.1202338072553509
279,874,0.12022932798270108
870,877,0.12022456116074412
1003,999,0.12022267608092725
1003,225,0.1202203428946169
928,880,0.12021897288395295
700,663,0.12021865465176428
188,937,0.12021736417177328
279,75,0.1202150727596909
291,112,0.1202129405269129
960,752,0.12020743788823202
291,403,0.12020258091765003
1045,14,0.1202009270004065
870,1017,0.1201947552456302
974,841,0.12018838401876426
17,215,0.12018700704915113
599,991,0.12018496474525414
188,464,0.12018209567539259
974,603,0.12017944880849911
1003,922,0.12017880692530195
960,126,0.12017588305677704
267,37,0.12017511784103722
974,757,0.12017403316007587
267,696,0.12016770636555749
267,15,0.12016738801727929
290,142,0.1201660320008454
267,514,0.12016381386858313
870,686,0.12016273676295826
291,953,0.12015423886555383
1106,446,0.1201520877321604
870,600,0.12015179490052996
478,973,0.12015176750482899
478,688,0.12014949499043047
280,402,0.12014716969975882
494,396,0.12014691314813122
599,779,0.12014403942455007
188,1071,0.12013997455039031
822,913,0.12013994302483957
960,31,0.12013950755172458
280,855,0.12013847633820357
822,628,0.12013708995288595
822,892,0.12013623495848344
870,773,0.12013609483306441
974,63,0.12013498876679804
478,656,0.12013309082078388
870,469,0.12013297228463761
478,735,0.12013278278822097
478,274,0.12012998781810932
280,1021,0.12012925872351018
272,758,0.12012880163945115
1130,537,0.12012809797698039
1106,735,0.12012653315888157
17,1045,0.12012536545920625
1106,614,0.12012481655516123
700,658,0.12012261619179934
1106,372,0.12012216119983098
700,809,0.1201218002393566
290,282,0.12012021713562268
272,650,0.12011845553960827
17,565,0.12011777068737899
267,259,0.12011701553986716
700,449,0.1201139305887774
974,161,0.1201097604764448
870,577,0.12010796556736257
822,1038,0.12010560300604584
822,726,0.12010456342771295
290,604,0.12010157889096669
494,860,0.1201015222833963
494,159,0.12010137949249011
928,482,0.12009718255448248
17,239,0.12009366283972771
870,583,0.12009353085130882
822,231,0.12008888095910134
494,569,0.12008737516072958
280,804,0.12008563236625369
188,780,0.12008542876010694
974,624,0.12008348923994955
870,196,0.12007960806965678
290,353,0.12007647511138798
928,398,0.12007431228384985
267,622,0.12007280339752888
928,576,0.1200727858659796
974,102,0.12007138756560952
101,214,0.12006548190839018
494,1106,0.12006523994511051
700,79,0.12005802233914362
17,517,0.12005722375539757
267,173,0.12005655228977666
599,575,0.12005604583906479
188,1114,0.12005513834011437
928,490,0.12005271884460077
290,514,0.12005235895558718
101,515,0.12005210014245128
599,1070,0.12005129341704818
1003,842,0.12004985002103787
279,280,0.1200483628488048
599,279,0.12004802689405493
974,1018,0.12004593852833641
1003,679,0.12004583530541704
279,210,0.12004506932803576
290,722,0.12004350099688438
822,733,0.12004262237988703
974,946,0.12004209356811049
290,225,0.12004189958042752
870,184,0.12004098758358592
700,62,0.12003876026944203
494,779,0.12003817569446759
291,1022,0.12003786525747517
494,1122,0.12003683223496384
1003,787,0.12003534813563692
267,512,0.12003507422900316
478,955,0.12003098042880715
291,882,0.12002814422122997
291,510,0.12002785532589923
188,272,0.1200244483114772
1003,832,0.12002278115750685
279,943,0.12002273889091195
279,603,0.12001779619178005
17,408,0.12001501272082776
279,560,0.1200133394785022
188,949,0.12001323468673367
822,1040,0.12001134702292462
494,60,0.12000863348167341
478,901,0.1200071944859382
478,532,0.12000630078860765
279,373,0.12000529633352469
700,687,0.12000506202075148
494,1026,0.1200038163022973
280,982,0.11999586194321141
974,724,0.1199916241055612
280,61,0.11999154678523816
700,653,0.11999008146809827
101,447,0.1199893179169375
599,646,0.11998896242410917
279,745,0.11998844123943286
478,916,0.11998584722746124
700,941,0.11998557103484143
974,883,0.1199847428830827
279,942,0.11998466827955871
1130,898,0.1199844332120989
101,213,0.11998400002508801
17,744,0.11998185520829242
188,1125,0.1199815338311099
1106,213,0.11997754414573746
494,492,0.11997676400366998
974,640,0.11997402680640093
700,730,0.119972858385974
1130,651,0.11996796944067707
478,874,0.11996472112692472
478,867,0.11996423862160993
599,502,0.11996154946914087
822,1109,0.11995928898989258
1003,170,0.11995782443463258
101,831,0.11995628432574394
870,696,0.11995532282754456
188,517,0.11995319348671889
188,734,0.11995204259235376
494,909,0.11995161267822999
870,601,0.11994918969774755
870,274,0.11994833411098971
960,770,0.11994802414551849
928,543,0.1199476221223922
267,560,0.119942913873588
870,310,0.11994217273223612
599,1038,0.11994190034005044
290,1070,0.11994083429598311
478,370,0.11993961114430413
290,433,0.11993524719364315
290,50,0.11993310148654579
494,961,0.11992877322907038
101,72,0.11992871306176346
17,749,0.11992821715003953
101,309,0.1199267442831133
267,203,0.11992625334315471
291,927,0.11992567632534055
101,58,0.11992409278709064
101,133,0.11991997375762946
188,983,0.1199184472003629
478,939,0.11991813909128332
17,525,0.11991709626672452
478,981,0.11991399388309751
700,97,0.1199087292533016
290,357,0.11990718515779676
1130,885,0.11990488381529003
1106,999,0.11990102367567815
101,1115,0.11990073406069095
478,689,0.11989547883428758
700,975,0.1198949833762285
290,813,0.11989413409175984
188,244,0.1198919260369728
974,1045,0.11989125674363771
870,141,0.11989098721831894
974,118,0.11989038991609817
974,963,0.11988925056986757
1106,1099,0.1198872351122117
478,14,0.11988623471903812
974,997,0.11988622487456058
599,868,0.11988587974286662
822,1067,0.11987801753621534
870,446,0.11987743038489018
290,1104,0.11987575977634693
478,992,0.11987539214295163
1003,459,0.11987478888770946
599,1072,0.11987040255903034
188,451,0.11986772040555536
291,553,0.11986666497622918
700,994,0.1198654202164708
188,435,0.1198650074326839
599,131,0.11986280763994964
960,613,0.11986003294800249
974,121,0.11985925005294581
272,270,0.11985923798225064
17,195,0.11985572216274686
870,265,0.11985508352375633
700,960,0.11984337126520898
700,1115,0.11984316987772657
960,953,0.11984307829127357
822,58,0.1198413855316272
290,241,0.1198392824839057
960,870,0.11983807004010474
267,34,0.11983796035805686
599,349,0.11983791647447561
870,657,0.11983749535568146
291,151,0.11983567224498354
188,84,0.11983562944280894
290,451,0.11983442604477015
700,856,0.11983375986078118
870,323,0.11983367731716021
290,472,0.11983092773273923
267,710,0.11983004825567577
928,170,0.11982508548464402
267,532,0.11982484420259695
1003,1029,0.11982459225906007
822,337,0.11981944143072779
822,855,0.11981928199190749
101,678,0.11981921522493748
17,698,0.11981787027672579
822,25,0.11981716054462976
101,136,0.11981569251321168
870,940,0.1198093943748607
188,350,0.1198061499999794
272,437,0.11980575638836645
599,915,0.11980344163021067
290,123,0.11980302944142601
17,752,0.11980165511337074
101,1079,0.11979845710721047
960,1105,0.1197960863074355
1003,433,0.11979146090227893
974,801,0.11978837770527644
1106,439,0.11978676590057175
17,594,0.11978540438853993
17,762,0.11978438067922925
599,384,0.11978424540377432
870,290,0.11978210221698889
700,434,0.11978204618773834
494,133,0.11978106573341983
1106,541,0.1197791524457848
960,973,0.11977416272864999
494,713,0.1197736893489043
700,70,0.11977333692215082
17,407,0.11976930838082228
960,679,0.11976709904198926
17,951,0.11976635487660009
280,166,0.11976504127586685
17,207,0.11976473011997298
291,721,0.11976431714883402
280,267,0.1197639742081129
974,135,0.11976374330785969
290,296,0.11976161229977338
1003,286,0.11975846340204964
280,628,0.1197580904662233
974,762,0.11975735598231665
1106,875,0.11975664966849105
272,283,0.11975438514931734
290,664,0.11975414707865575
960,456,0.11975295609076719
960,1114,0.11975285720067058
928,491,0.11975154153141207
279,201,0.11974890833654285
870,565,0.11974856943541108
101,1069,0.11974725478708967
17,417,0.11974668691021872
960,1085,0.11974531564353948
1003,98,0.11974490744144581
599,683,0.11974242361239505
870,276,0.11974190354378235
1003,472,0.11974148067898109
267,931,0.11974111474252676
1106,100,0.11973815726292562
1106,1006,0.11973620009518232
494,151,0.1197343728955116
974,754,0.11973411709116799
870,223,0.11973364254064603
822,899,0.11973347372084747
478,90,0.11973193438177089
272,81,0.11972984368829988
599,107,0.11972945011893533
188,296,0.11972790606226373
101,1076,0.11972756755282189
928,83,0.11972712129917097
279,958,0.1197261294953838
599,48,0.11972371787302677
928,792,0.1197227924233045
267,927,0.1197226239075473
928,361,0.11972005941995259
279,157,0.11971947984925861
267,524,0.11971932659224842
279,406,0.1197171297492168
928,590,0.11971608460082656
17,288,0.11971548680108973
870,315,0.11971317109345374
1003,797,0.11971112332830709
960,665,0.11970695430032671
599,1031,0.11970683066809298
478,887,0.11970508256857884
17,848,0.11970117434038224
1106,1128,0.11969898377517013
494,46,0.11969806864681033
291,1024,0.11969703807777421
188,527,0.11969284572152797
272,746,0.1196883523030297
279,698,0.11968783647709798
101,195,0.11968739885024328
291,261,0.1196871427456543
188,702,0.11968594995224056
267,963,0.11968555478705674
1130,397,0.11968472512385496
1106,122,0.11968462573071398
101,173,0.11968020184567693
17,289,0.11967985094127376
1130,938,0.11967948659937261
822,90,0.11967925486664635
291,585,0.11967762864372732
822,577,0.11967740504171318
272,795,0.11967654675936543
267,960,0.11967618079349326
449,10,0.11967595848759714
928,1024,0.11966533420770563
188,437,0.1196632618436604
494,1087,0.11966076542177286
478,773,0.11965889355416592
974,934,0.11965084659368057
272,588,0.11965020208143608
280,1035,0.11964913834181695
101,326,0.11964610924354263
290,678,0.11964267437938052
188,1051,0.1196390839932118
291,766,0.11963721929482155
928,1011,0.11963637243213839
17,660,0.11963260134628893
290,553,0.11963135440716148
822,457,0.11962910149536515
599,33,0.11962818882692318
974,568,0.11962099872322518
1106,622,0.11961551182886489
188,874,0.11961261749015349
17,776,0.11960790058481174
290,644,0.11960560798342731
478,60,0.11960415159550476
478,41,0.11960341368811472
478,641,0.11960174881921178
279,567,0.11960141308062103
870,698,0.11959795079418294
279,1086,0.11959544534051805
291,804,0.11959389384330445
960,504,0.11959322711676268
599,405,0.11959255854443561
1003,347,0.11958860481882425
822,1129,0.11958749284959322
290,259,0.1195874235191683
974,372,0.11958686477202095
279,231,0.1195859028745398
928,234,0.11958451736805924
494,696,0.11958091764569319
822,853,0.11957585156715746
928,857,0.11957581344456182
267,713,0.11957190478630632
267,1010,0.11956890851818612
1130,907,0.11956836993092244
822,796,0.11956773401855546
870,899,0.11956551560427109
280,489,0.11956314584666224
290,687,0.11955917353946537
272,1093,0.11955851144791865
960,714,0.11955744753227147
960,201,0.11955598026324926
974,132,0.11955423943354698
478,904,0.11955188889888714
188,659,0.11954167644552914
272,402,0.1195409647062813
928,179,0.11954021140725238
1106,941,0.11953969077543804
101,124,0.11953751571983443
280,1125,0.1195342243093169
279,866,0.1195331583141295
494,511,0.11953113546303547
928,424,0.1195306299928911
291,1100,0.11952873756002869
700,773,0.11952871253443532
870,122,0.1195272066713618
700,324,0.11952499404446762
599,673,0.11952463459412228
870,846,0.11952397130227653
188,1,0.11951876154235462
17,261,0.11951718050844842
279,1130,0.11951631627104463
960,49,0.11951519946073204
1106,136,0.11951470764758318
101,1055,0.11951315210847974
291,498,0.11951123628611351
1003,90,0.11950996158852827
478,788,0.11950571750806664
494,998,0.11950468766450653
960,211,0.11950401632852006
17,373,0.11950251459327271
280,90,0.11950221231434228
1130,73,0.11950130556087464
928,382,0.11950127983084102
870,222,0.11950114251708631
1106,219,0.11950027320304722
494,863,0.11949599347405357
17,733,0.11949484204013826
599,201,0.11949409018936766
291,1098,0.11949384145123002
280,384,0.11949191993433955
700,1092,0.11948680327131803
17,1044,0.11948478652384863
291,775,0.1194828645284111
279,1071,0.1194821862845026
478,587,0.11947707407735507
700,274,0.11947433618974578
1130,788,0.11947378216869013
974,373,0.11947367508620352
188,121,0.11947322868668421
1130,860,0.1194711301400276
291,859,0.11946788261059353
599,333,0.11946754665503352
599,171,0.11946160463376797
101,733,0.11946154558059169
928,408,0.11946107385157817
280,346,0.11945894735862769
494,1007,0.11945332125587038
291,501,0.11945043016252942
280,1024,0.11945039843755528
188,564,0.11944990461935374
280,733,0.11944944437665009
267,712,0.1194472598666564
478,333,0.11944681830543848
870,639,0.11944519476352881
478,46,0.11944483414507476
279,621,0.11944385464114951
960,464,0.11944344822128754
279,335,0.11944250841605228
870,681,0.11943819960643824
267,101,0.11943661202123544
280,201,0.11943476418151944
870,1054,0.11943020740560306
101,618,0.11942903679630573
599,1103,0.11942792167732548
478,399,0.119427003476525
290,202,0.11942641167021685
17,1081,0.11942585315058996
280,7,0.1194237011055736
478,102,0.11941998935041771
974,26,0.1194177227729175
279,709,0.11941719203298012
267,185,0.11941623940265648
700,588,0.11941460535084054
267,974,0.11941367012633043
291,706,0.11941341871445682
960,429,0.1194118674245053
822,1096,0.1194070110299654
17,1029,0.11940566466047398
272,4,0.11940510062061663
494,439,0.11940150863736135
494,170,0.11939581076611369
478,1115,0.11938582475936448
280,625,0.11938353197454687
279,477,0.1193828285705447
280,1100,0.11938024652004726
291,235,0.119379759736915
928,442,0.11937883496100214
478,969,0.1193761202640861
599,1028,0.11937532777940653
599,472,0.11937080403892959
290,955,0.11936967523553041
599,224,0.11936880407639082
700,839,0.11936834679024165
928,281,0.11936832645015917
974,632,0.11936740431319039
870,1059,0.11936454248258584
280,309,0.11936160046173076
822,122,0.1193605565383094
960,735,0.11935783407371098
928,174,0.1193567302688752
101,48,0.11935480036760125
1130,323,0.11935432824666771
822,171,0.11935348631785991
870,842,0.11935275285437921
494,610,0.11935183190776036
291,466,0.11934965519474158
974,329,0.11934722117046122
822,33,0.11934583067690524
700,976,0.11934386968843609
17,649,0.1193429742026466
928,555,0.11934271443958398
822,677,0.11934140186643853
870,678,0.11934122799552818
599,475,0.11934002806637291
1106,521,0.1193385485882152
101,705,0.11933775944079178
494,816,0.1193374055824549
870,512,0.1193371669417812
279,783,0.11933649808889712
290,1100,0.1193342941604365
279,840,0.11933353518914835
1130,995,0.11933320319592781
960,1103,0.11933156553286461
279,486,0.11932935137116087
822,60,0.1193231537372432
478,145,0.11932314204801008
17,483,0.11932307370468517
822,319,0.11932239042904065
870,954,0.11932109174812683
290,337,0.11932079460878776
101,256,0.11932007862515556
928,827,0.11931931000820328
101,758,0.11931486341855217
290,672,0.1193148504339891
960,82,0.11931100215335466
478,247,0.1193105591399241
974,365,0.11931020375006016
974,1048,0.11931010455054265
1130,280,0.11930972126171085
478,1009,0.11930540826656429
599,751,0.11930438697019172
494,984,0.11930399446726443
700,1032,0.11930366066471333
822,957,0.11930224362322173
291,915,0.11929978413055425
267,331,0.11929632941606805
1106,486,0.11929257039342955
494,388,0.11929219700482989
17,269,0.11928818717791319
1130,419,0.1192853227333289
478,1084,0.11928509457286424
272,897,0.11928498582978668
822,93,0.11928390786268887
960,158,0.11928082075730166
280,467,0.119279442961294
974,756,0.11927570786048848
188,762,0.11927250010698702
1130,926,0.1192692994850796
974,441,0.11926891783472873
1003,212,0.11926889504264934
494,1084,0.11926874348649136
267,570,0.11926838281098141
870,304,0.11926787275475156
1106,480,0.11926666654752432
291,410,0.11926639361401759
17,354,0.11925936177162634
870,1118,0.11925315160951108
267,842,0.11925032421836688
494,444,0.11924842514592457
279,1076,0.11924572961255472
1003,47,0.11924464695269622
870,732,0.11924329051601984
478,366,0.11924205042395597
291,339,0.11924162411943488
279,353,0.1192414743633924
960,472,0.11924074770041607
188,34,0.11923314582550298
101,65,0.11923198524614881
599,499,0.1192297842144988
1003,766,0.11922932206760777
280,943,0.11922899807598322
17,1079,0.11922550185622721
960,1012,0.11922451207981277
279,572,0.11922437332752812
870,804,0.11922194329837571
599,635,0.11922041392575908
599,827,0.11922035227837731
101,400,0.11921919555213768
494,460,0.11921875928754228
101,1109,0.11921596270655385
290,919,0.11921355124583644
279,663,0.11920725282266692
478,460,0.11920669710007929
928,942,0.11920667572027678
478,1039,0.11920666127661526
290,484,0.1192052567909537
960,1061,0.11920462234246003
280,262,0.11920280809558366
290,332,0.11920280484966708
279,122,0.1191977448051433
280,951,0.11919632454085297
478,101,0.11919551625636435
974,77,0.11919500916605638
272,112,0.1191936159781259
101,155,0.11918799936071724
599,877,0.11918581959081437
267,25,0.11918575717058343
599,402,0.11918344977375017
822,165,0.11918294555946476
1106,734,0.11918221664969705
1130,1085,0.11918168851521602
280,830,0.11918057530750756
101,855,0.11917785646701734
700,779,0.11917613911391327
822,646,0.11917564024857241
291,640,0.11917260970654014
700,997,0.11917204514319592
17,528,0.11917162106022042
279,325,0.11916905742470174
1106,977,0.11916799373575704
17,529,0.11916711930717036
822,872,0.11916704781769011
188,110,0.11916525255848853
822,661,0.11916482482958554
1130,810,0.11916095549359156
700,58,0.1191601196154262
267,84,0.1191579055876371
974,962,0.11915629454762902
17,899,0.11915448866028704
17,1123,0.1191518141353793
494,970,0.11915055409787
822,961,0.11914880175657713
494,963,0.11914852873091061
290,263,0.11914847525073684
1003,306,0.11914774834232067
960,979,0.11914588179951793
267,402,0.11914527043286634
272,987,0.1191426351114742
1003,479,0.11914172257177458
1003,620,0.11913602407511728
290,169,0.1191355257553455
928,1101,0.11913394241616612
280,889,0.11913348963888885
291,835,0.11913317020074592
494,614,0.1191307008161749
599,497,0.11913062123394359
1130,382,0.11912729610945133
280,115,0.1191238563425076
928,931,0.11912316682827527
822,719,0.11912299274512472
267,1125,0.11912197139391335
1130,50,0.1191214732639467
290,832,0.11911983951073978
974,696,0.11911969638982123
17,855,0.1191184418058876
1130,336,0.11911833628063424
870,637,0.11911827069611003
101,1066,0.11911786010860971
188,823,0.11911650223772494
700,535,0.11911329455785152
822,265,0.11911321324678245
17,694,0.11911115104542769
1130,785,0.11910979714615383
17,591,0.11910867882997135
870,734,0.11910858165710445
1003,298,0.11910755788731148
478,525,0.11910648718091854
478,511,0.1191056776260186
599,415,0.11910533449396922
290,369,0.11910438701481257
1003,888,0.1191036691928657
822,289,0.11910132032702637
1130,473,0.11910020527950042
1106,488,0.11910001563632672
822,702,0.1190999649776245
928,875,0.11909517417040555
494,72,0.1190943554493662
267,994,0.11909370750141106
188,641,0.11908938494510704
960,1055,0.11908633189393024
17,603,0.11908445558996485
279,58,0.11908197234683104
17,46,0.1190809541103425
928,464,0.11908050160530831
822,914,0.11907932925455751
280,451,0.11907915099630284
599,588,0.11907897428750394
700,930,0.11907814592582956
272,1012,0.11907543468350942
700,264,0.1190742085993756
272,543,0.11906845809022268
267,658,0.11906823161312068
822,1128,0.11906514425614043
478,564,0.11906234382264713
290,1010,0.11906102334095152
599,81,0.11906064465485965
17,875,0.11905822203084176
17,229,0.11905409792405361
599,1029,0.11905343010949798
700,954,0.11905283878632371
267,869,0.11905265883922873
188,853,0.11905207562812219
291,188,0.11905063633554137
291,793,0.11905056611892499
599,1011,0.11905025328113032
188,264,0.11904986584263903
478,313,0.11904950526067284
870,1042,0.11904863349887099
928,500,0.11904644341403682
478,713,0.11904535351333335
478,560,0.11903985590375118
279,715,0.11903980166764708
870,214,0.11903862693025584
960,91,0.11903815739346109
974,41,0.11903429960446492
1106,572,0.11903362319946657
822,810,0.1190334438835595
188,589,0.11903333937288309
960,796,0.11903333604870044
267,510,0.11903025768087112
974,1106,0.11902885384005724
290,62,0.11902648812431298
599,317,0.11902560411830555
17,842,0.11902402948214935
478,382,0.11902296687471049
17,65,0.11902271455737962
599,367,0.11902253561265252
267,292,0.11902118858470336
291,372,0.11901723085829703
267,1046,0.11901713796580705
478,165,0.11901449794437804
700,366,0.11901268954496008
272,743,0.1190123702513203
960,854,0.11900997237768939
101,437,0.11900908385535275
1106,104,0.11900714029598186
272,506,0.11900539259347662
1130,519,0.11900492878240504
974,838,0.11900483738817044
700,1070,0.11900302789742986
17,249,0.1190024466858763
1106,597,0.11899794181631994
822,26,0.11899440460353783
291,869,0.11899145198151326
960,621,0.11898865303323743
928,643,0.11898812927982265
101,1006,0.11898781226899804
1106,961,0.11898665106109675
822,402,0.11898546117949893
599,542,0.11898488086918187
280,76,0.11898318480572481
822,666,0.11898261528643947
1106,352,0.11898235414815202
17,825,0.1189819574491198
1003,182,0.11897791875409011
188,101,0.11897540784337156
478,590,0.11897440463589451
188,622,0.11897097196110872
599,660,0.1189704608084127
960,499,0.11896581164510255
960,899,0.11895957597697632
1003,942,0.118959466792307
478,960,0.1189569035796691
290,455,0.11895684794401977
960,794,0.11895596467117762
291,295,0.11894697816107958
188,463,0.1189460104017186
1130,916,0.11894474008284298
291,173,0.11894445739009751
188,281,0.11894318431257513
17,258,0.11894305108913011
280,778,0.11893923121294267
599,27,0.11893697640280354
494,632,0.11893435089492041
870,551,0.11893423483490145
1045,1105,0.11893395083111495
267,860,0.11893382107198407
290,758,0.11893199871061279
17,1051,0.11893187331539413
822,879,0.11893152694806045
272,218,0.11893150671115633
599,976,0.11892892062787176
870,65,0.1189265332638004
494,347,0.11892387454679848
291,977,0.11892200194974109
267,359,0.11891866787197809
822,978,0.1189132201668249
290,352,0.11891055900539155
291,594,0.11890989476469863
599,881,0.11890640850385052
17,491,0.11890495137349699
267,47,0.1189043327597721
822,179,0.11890296935527604
1003,663,0.1188998836320699
599,623,0.11889860523463074
188,869,0.11889322988293959
290,621,0.118889456994729
1106,753,0.11888942719146615
928,210,0.1188892443096343
870,281,0.11888610886694934
188,42,0.11888585237492102
870,1020,0.11888322903432061
599,630,0.11888059152237686
290,998,0.11887896739442595
279,339,0.11887809510943216
974,281,0.11887668751827687
280,977,0.11886907737129623
478,586,0.11886482716343069
928,553,0.11886350986832252
272,679,0.11886195749895362
599,285,0.11886186436132533
17,1048,0.11886118888996895
1003,989,0.11886103758615173
280,508,0.11886073692751084
822,130,0.11885845308960537
599,649,0.11885822319635943
101,857,0.118857527508084
267,65,0.11885381441596113
960,556,0.11885365152600369
478,301,0.11885241874890796
822,936,0.11885165155064421
280,848,0.11885094937801534
870,404,0.11884793659497585
478,643,0.11884647934963655
291,897,0.11884182958026669
960,868,0.11884060110970186
494,1039,0.11883705656847947
700,494,0.11883398557013439
280,478,0.11883075433445954
17,400,0.11882856742557585
960,875,0.11882801046800366
870,520,0.1188272003528116
960,188,0.11882535030471007
599,963,0.11882220537310183
1003,514,0.11881886698509526
1003,849,0.11881753810052668
449,729,0.11881511168986188
101,893,0.11881212282668728
272,248,0.11881036849316112
822,447,0.11880886444153838
700,675,0.11880510874852539
960,569,0.11880414923992708
17,320,0.11879856215685014
188,43,0.11879775100009426
974,875,0.11879595415797922
188,568,0.11879110063176236
17,699,0.11878817839141498
290,789,0.11878723260657673
279,681,0.11878546676781603
17,552,0.11878289364186163
280,972,0.11878115262904446
279,22,0.11877893070417321
822,975,0.1187789112908726
1003,370,0.11877856509603918
17,470,0.11877564023221857
17,820,0.11877138328904506
974,439,0.11877049506127432
599,155,0.11876962083859006
1130,637,0.11876770165577433
17,329,0.11876731143891824
478,882,0.11876673811321448
478,666,0.11876537506989668
700,610,0.11876532332944503
870,1114,0.11875571489580236
974,431,0.11875533659174242
478,283,0.11875499249836352
478,117,0.11875322040080051
280,490,0.11875274089074081
267,590,0.11875165796128206
478,376,0.11875066032584596
17,399,0.11874984865486873
928,849,0.1187490697118795
17,889,0.11874863435635344
272,841,0.11874855288449958
960,63,0.1187481338548942
1106,11,0.11874752648139851
822,860,0.11874685360900201
494,483,0.11874667686834561
291,1128,0.11874245899562735
17,640,0.11874095085787598
267,284,0.11873933965992765
280,1069,0.11873747610917383
822,160,0.11873657297088364
960,83,0.11873286493056025
960,1042,0.11873120338325784
188,863,0.11872656297204774
17,270,0.11872501166220839
291,545,0.11872492566212783
822,708,0.11872462733476544
870,944,0.11872254051143748
494,298,0.11872190343801736
1130,1011,0.11872091986040934
280,204,0.11872086038408432
1106,499,0.11872077122896033
928,847,0.11871917415566267
101,1036,0.11871875682123477
17,185,0.11871846366400997
279,660,0.11871812551562719
291,1036,0.11871608981674091
960,164,0.11871580221912865
928,620,0.11871480059214726
928,107,0.11871446720532897
272,266,0.11871395911541757
1003,97,0.11871212953090565
188,899,0.11871155068068798
272,875,0.11870818415182142
17,467,0.1187076094136112
267,929,0.11870458402403296
272,88,0.1187037029743487
1130,349,0.1187026633751732
17,1062,0.11870251761133249
101,112,0.11870081053515459
17,1046,0.11870028095196417
267,951,0.11869830941220448
1106,788,0.11869701600699625
870,889,0.11869603010324976
494,123,0.11869566683071239
928,261,0.11869277990465141
478,862,0.11869121574667466
870,882,0.11868975970712417
700,382,0.11868974958763338
267,970,0.11868936247234496
279,516,0.11868414304688324
599,1082,0.11868159001880756
1003,678,0.1186810461128401
494,516,0.118679941138924
279,897,0.11867881188413207
1003,155,0.11867565236140029
822,57,0.11867457209414568
599,135,0.1186735029153503
290,625,0.11867338502149337
1106,890,0.11867280906207203
870,36,0.11867265335202867
870,712,0.11867167266125231
870,560,0.11866758698039397
280,964,0.11866288534659171
17,716,0.11866195003240357
279,711,0.11866065817151071
101,444,0.11865901847849136
870,992,0.11865711297940659
700,609,0.11865650018027517
822,1072,0.11864924705582879
279,752,0.11864791138992173
494,671,0.11864571084378879
870,452,0.11864569557787544
928,452,0.11864523918690087
599,93,0.11864473332368715
870,541,0.11864366622575147
494,597,0.11864118672016437
928,212,0.11864005389558188
291,48,0.11863946007315461
267,122,0.11863533913601527
101,139,0.11863401315709918
280,241,0.11863278900835444
272,590,0.11863248776434451
1003,478,0.11863219357017257
494,720,0.11863043907400278
870,901,0.11862548980557786
291,753,0.1186249842685711
267,753,0.11862262724866685
1106,1121,0.11862128107213206
478,743,0.11861763975545929
870,864,0.11861717466039516
928,359,0.11861680013001093
599,58,0.11861643676891812
1130,438,0.11861563422802208
267,732,0.1186154549608163
267,243,0.11861202198660135
280,949,0.11861059288051433
1130,1120,0.11861058392119433
290,1029,0.11860983908223141
101,707,0.11860942569172646
290,783,0.11860681653320074
290,745,0.11860601077320354
974,498,0.11860311096519142
290,541,0.11860021845678359
1130,640,0.11860006079935863
272,352,0.1185994387106535
279,415,0.11859824497057236
599,755,0.11859744113171819
974,1010,0.11859675003453042
974,68,0.11859551379643433
870,447,0.11859380791584224
478,158,0.11859367667722327
822,802,0.11859352258645157
700,282,0.11859232351718242
279,485,0.11859201214192525
17,59,0.11859155821622114
928,679,0.1185912228742533
822,295,0.11858920120299576
291,810,0.11858645295016176
280,950,0.11858511331927407
290,718,0.118582694395866
494,857,0.11858113889040055
960,760,0.1185795916290559
1106,1102,0.11857449802747383
928,525,0.11857432649955357
494,766,0.11857327988064296
188,470,0.1185730253853615
1106,643,0.11857013929638027
1106,871,0.11856760946965832
101,464,0.11856614994825153
822,56,0.11856371947268388
267,140,0.11856289262701442
17,162,0.1185625198730807
478,203,0.11856178364161114
188,733,0.11855377719263868
272,105,0.11854709054059526
279,1079,0.11854695985621835
599,519,0.1185466246381956
870,483,0.11854509535380697
17,1052,0.11854407324397487
494,548,0.11854280916757375
291,18,0.11854176569354499
267,663,0.11854075987782993
188,234,0.11853903920543395
478,678,0.11853732109328133
870,361,0.11853428412505107
494,198,0.11853139749603268
960,520,0.11853021681419881
1106,594,0.11853012328749797
960,816,0.11852961117195389
291,335,0.11852949662811596
928,586,0.11852750305673693
1003,1064,0.11852727703063731
928,353,0.1185249805078451
280,13,0.11852495805189721
870,643,0.11852384370846332
700,929,0.11852336987164504
974,737,0.11852104471298683
101,1012,0.11851942991403881
279,714,0.11851785206826622
599,701,0.11851684715303494
494,42,0.11851397192466458
494,47,0.11851087753661786
17,778,0.11851042080002523
928,1058,0.11850991552304387
928,824,0.11850944976622696
960,804,0.11850574816777978
267,918,0.11850444024705241
272,33,0.11850286328799303
290,65,0.11850273590716372
290,490,0.11850051471225789
188,722,0.11850040036515319
1106,53,0.11849928440215471
279,696,0.11849901945182667
960,675,0.11849790647480246
101,91,0.11849385258138974
822,413,0.11849266046996265
494,258,0.11849160116997086
1106,366,0.11849017262537515
290,577,0.11848993490638866
960,657,0.11848961831581951
1130,623,0.11848778355808236
291,782,0.11847759819745404
291,774,0.11847558493082297
1106,677,0.11847423003448411
188,447,0.11847312971056242
1130,1025,0.11847011568019977
1106,144,0.11846820711725019
478,535,0.11846768859387144
17,153,0.11846706293088755
822,526,0.11846647627653734
280,231,0.11846443999527594
188,1036,0.11846437390637427
272,111,0.1184623710451627
960,183,0.11845961970623034
188,410,0.11845894236394795
599,115,0.11845616472096193
1045,770,0.11845609140985436
290,717,0.11845251192871549
478,1061,0.11844977121765404
1003,504,0.11844774757550099
272,978,0.11844662116121833
279,403,0.11844512035395265
1106,421,0.11844462981641997
822,452,0.11844298018386684
974,210,0.11844128301978811
599,679,0.11843908088124964
870,113,0.11843554826110242
1003,402,0.11843520573794616
279,54,0.11843475292817772
291,327,0.11843415641671777
478,354,0.11843252474132471
494,442,0.11843117352519929
101,822,0.11842756769131248
494,149,0.11842755892748487
599,174,0.11842562906820929
599,225,0.11842532430281058
960,170,0.11842508081803246
822,1126,0.11842251367292737
101,613,0.118421212794795
494,486,0.11842078305065448
870,619,0.1184201807506149
101,813,0.11842011281790059
870,927,0.11842009840382182
1106,630,0.11841859833568213
272,997,0.11841389826184823
17,535,0.118412720083918
1003,458,0.11840974798309561
870,617,0.11840680972663163
478,1027,0.11840510765620826
280,898,0.11840501064849965
928,731,0.11840292404153331
599,547,0.11840275312696329
101,659,0.11840218470546474
960,880,0.11839895807580156
280,48,0.11839764528851501
928,587,0.11839463450786954
494,1098,0.1183939164447976
960,719,0.11838928901283148
290,822,0.1183887580977816
822,905,0.11838569937694009
267,394,0.11838439990197207
974,201,0.11838202058455892
494,626,0.11838083647854776
267,719,0.1183794728748735
101,47,0.1183787226506395
17,202,0.11837790349181464
291,943,0.11837682157364943
290,911,0.11837243425681998
188,480,0.11837213465716237
101,226,0.11837052860182212
291,431,0.1183692225370815
1003,1032,0.11836920308164109
17,1095,0.11836656153171103
1130,630,0.1183657746050091
272,780,0.11836559486525663
280,435,0.11836415363646301
280,26,0.11836200306911913
928,93,0.11835878319564679
101,191,0.1183581170540714
1130,530,0.1183558384542676
279,973,0.11835525518187104
1003,116,0.11835244753221831
599,77,0.11835018913816499
1003,600,0.11833951475036755
17,727,0.11833691018569474
960,636,0.11833601610041077
188,577,0.11833585986658046
928,133,0.11833236082602665
1130,134,0.11833208791169854
101,768,0.11833025141941383
101,632,0.11832935918246636
17,501,0.11832867105178556
822,75,0.11832787517309194
870,955,0.11832765159739446
478,38,0.11832330962832247
822,144,0.11832298193052111
974,291,0.1183222186663235
101,719,0.11832187540738297
1130,441,0.11832184229997132
267,925,0.11831944157847121
960,929,0.11831916023820806
822,61,0.11831796995254157
1106,295,0.11831738466657306
1130,1041,0.11831722178578209
101,138,0.118317094672978
17,949,0.11831689221700567
822,952,0.11831608000855369
188,337,0.11831533654151728
290,306,0.11831513479529304
272,1040,0.11831357007378285
700,498,0.11830944962860254
101,799,0.11830817225011833
280,686,0.11830506225061262
870,421,0.11830484165739188
101,106,0.11830209628009793
870,13,0.11830114849579502
1130,25,0.11830103636363327
17,826,0.1182967176099638
188,804,0.11829482033297982
1106,606,0.11829456021350183
188,133,0.1182945372933041
279,610,0.11829342589345442
280,706,0.11829126376499406
1130,147,0.11828503787507705
700,553,0.11828502882967448
478,570,0.1182825367009808
290,860,0.1182812085839151
1045,781,0.11828088837243106
272,552,0.11828056694944093
1106,455,0.11827785508988162
279,588,0.11827596547574373
101,333,0.11827469971583303
267,887,0.11827305834136397
272,83,0.11826731318211942
101,303,0.11826662334727585
822,547,0.11826620795533678
1106,949,0.11826573815992415
599,421,0.11826451840478856
17,436,0.1182643227251767
279,363,0.11826293595557867
822,948,0.11825827666234914
280,65,0.11825537854799777
478,632,0.11825501800406567
101,667,0.11825373063246761
494,666,0.11824700228961217
290,43,0.11824511396526816
267,302,0.1182421135985858
960,77,0.11824019933949907
17,157,0.11823995197107655
870,158,0.11823923987451286
188,890,0.1182296057625408
700,1128,0.11822925141815381
700,764,0.11822807447228523
291,492,0.11822708977886869
700,118,0.11822621104213032
17,489,0.11822320944212192
17,222,0.11821814709934277
290,739,0.11821527123404177
290,25,0.11821501468929588
928,393,0.11821198204064969
974,290,0.1182113648740827
928,144,0.11820997906632232
700,413,0.11820949736557765
101,960,0.11820635985543773
1106,766,0.1182063047131016
280,274,0.11820537638588402
870,874,0.11820308811149437
1130,1086,0.11820171211380368
188,477,0.11820137985828277
267,1076,0.11819985105123462
599,948,0.11819941645692623
478,347,0.11819697559764981
279,251,0.11819648661829256
928,33,0.11819543067635639
17,43,0.11819466416287262
822,797,0.11819447318084796
960,617,0.11819156957955693
267,501,0.11819132156949563
188,235,0.11819036905572702
960,1027,0.11818924364033458
700,735,0.11818379844629767
291,763,0.11817838714543019
280,358,0.11817783003110097
870,250,0.11817387107848615
291,899,0.11817315792908742
494,361,0.11816948787355586
928,1030,0.11816941013565839
188,1065,0.11816830227124162
17,954,0.11816348655750097
928,655,0.11815980414267468
188,1097,0.11815747743779012
478,427,0.11815610269174838
280,228,0.11815522271849449
599,345,0.1181534048163399
478,702,0.11815213469052174
267,80,0.11814780121177533
822,483,0.11814726801538393
494,232,0.11814226125767519
280,679,0.11814182385198421
101,644,0.11814139651369691
101,1102,0.11813819204741179
188,969,0.11813674240597935
478,309,0.11813614510525061
279,933,0.11813319419686072
279,290,0.11813299331584762
494,658,0.1181315093730835
280,191,0.11812937032308887
1130,1112,0.11812797204158625
267,938,0.11812582285930436
267,661,0.11812498834102408
101,330,0.11812465023094455
960,890,0.11812248251577684
101,866,0.11812189119925208
960,1010,0.11812026825661645
267,483,0.11811891243065496
822,503,0.11811729107944467
291,901,0.11811711183029301
822,228,0.11811521725990748
267,1018,0.11811468883969353
1106,96,0.11811327723993037
291,288,0.11811314081997443
960,297,0.11811287822623863
494,939,0.11811278445800998
494,1016,0.11811264050657264
101,941,0.11810869540894012
280,881,0.11810755231177533
291,818,0.11810728147117083
822,958,0.11810531791960506
267,491,0.11810451152217331
17,42,0.11810414466278972
1106,684,0.11810345779539948
928,70,0.11810231899488591
280,579,0.11810131929364286
478,650,0.11810128556735844
279,579,0.11809969693145139
974,648,0.1180993325697805
494,684,0.11809644139023531
290,820,0.11808895694095041
17,302,0.11808728102371023
1106,206,0.11808602216354451
101,932,0.11808448800318898
17,629,0.11808425127254608
279,1060,0.11808321961865571
17,431,0.11807681074848562
1130,1039,0.11807656136473252
291,104,0.11807623836633503
974,78,0.11806567173993449
267,59,0.11806507645620518
822,694,0.11806413378511549
279,708,0.11806305171712413
280,460,0.11806124828085204
1106,592,0.1180584144524592
291,522,0.11805800514821295
291,218,0.11805763130208577
101,877,0.11805274013555539
960,166,0.11805245544559659
822,1017,0.11804824132248991
1106,200,0.11804593203190297
101,202,0.11804385216548711
267,702,0.11804281255767073
101,806,0.1180415377265751
822,461,0.11804118556358045
291,504,0.11804073258117696
1106,959,0.11803948331162462
291,409,0.11803652025882475
974,270,0.11803464412938659
822,653,0.11803221260692212
279,778,0.11803151439244108
1130,418,0.11803024569051612
291,348,0.11802843415390979
1106,978,0.11802809673886232
700,333,0.11802648049168679
291,6,0.11802475520626271
700,649,0.11802393787
478,852,0.11802292164472222
960,502,0.11801830611021238
188,154,0.11801759312950227
700,306,0.11801638004707328
870,95,0.11801270823736444
188,829,0.11801161130480713
494,887,0.11801126059241646
1106,697,0.11801111858744531
17,1011,0.1180102690972748
272,74,0.1180096970171811
267,413,0.11800944750338628
1106,854,0.11800775126345418
188,533,0.11800705190945934
267,821,0.1179984883567438
188,620,0.11799835138878731
960,1043,0.11799685505011563
17,605,0.11799637121203395
272,400,0.11799581793110461
960,1090,0.11799538216242685
822,984,0.11799506225591176
599,590,0.11799374501059565
101,315,0.11799340029458805
101,160,0.11799306465523048
17,944,0.1179929822456693
17,984,0.11799258358092901
1106,78,0.11799213894938936
1106,812,0.1179918229060886
494,1066,0.11799085045846926
1130,889,0.11799012375189116
17,788,0.11799001256587541
17,1115,0.11798939805187293
290,80,0.11798769769420381
267,115,0.1179872958198872
17,1039,0.11798535699525269
960,70,0.11798423323936903
478,32,0.11798166422763333
1106,659,0.11797804880036336
599,613,0.11797702796130319
1106,432,0.11797699667272188
478,855,0.11797644794545831
822,312,0.11797456261935482
1106,90,0.1179736154094336
700,678,0.11797125545324785
280,707,0.11796681874667864
494,236,0.11796399416605313
974,54,0.11796347157697501
290,304,0.11796215842000883
974,136,0.11796102582689012
960,615,0.11796099173580324
700,1079,0.11795953265566661
188,413,0.11795386874711473
279,360,0.11795369227142623
822,1131,0.11794824156112438
974,1028,0.11794301016668815
290,693,0.11794147378054273
599,829,0.1179382571326452
101,963,0.11793480733606855
17,922,0.11793239382157061
280,71,0.11793197683114688
290,1118,0.11792952235556334
267,219,0.11792912080582785
280,1029,0.11792836831766032
17,1013,0.11792645720789209
272,1127,0.11792429500559685
599,86,0.11792418670160303
267,1078,0.117922323602303
279,550,0.11792148417572404
928,992,0.11792127199175045
928,901,0.11791795633493558
960,936,0.11791379789642416
478,332,0.11791212228425858
974,933,0.11791188628022707
974,1023,0.1179114532074623
822,538,0.11790828619717245
1106,443,0.11790815361112524
960,315,0.1179061640031987
700,192,0.11790504615928285
822,1054,0.11790465586176416
279,207,0.11790144365111871
960,1057,0.11790125274964908
280,801,0.11790113267175026
478,220,0.11790032062889493
188,356,0.11789591077695354
478,873,0.11789476166045602
974,387,0.11789004327012209
290,1055,0.1178865659822978
494,560,0.1178855939252744
494,931,0.11788472788009152
494,208,0.11787925591222573
280,321,0.11787913941124943
17,390,0.11787846454961588
700,180,0.11787567950838009
700,1052,0.11787498576483875
822,632,0.11787328590049345
494,302,0.11786997352337253
279,972,0.11786698184554376
290,895,0.11786527225252724
188,939,0.11786289136905388
478,397,0.11786231645848032
101,73,0.11786176340252465
1130,284,0.11786120710281094
822,1074,0.1178602285542343
870,489,0.11785958676003665
449,549,0.1178575397893345
478,125,0.11785647146178466
599,939,0.11785576872238242
960,1031,0.11785517682161062
700,760,0.11785341338456101
478,829,0.11785055221006682
1106,197,0.11784943105420838
17,843,0.11784412553660735
494,637,0.11784198138084179
17,830,0.11784198110383236
928,349,0.11784197941033427
822,979,0.11784145989414767
1130,195,0.11784070512638309
599,1078,0.11783966900996862
1130,1045,0.11783823806511053
974,10,0.1178367025351145
478,156,0.11783664333981396
960,976,0.11783598866833972
822,993,0.11783544350144232
599,295,0.11783216869346133
478,608,0.11782983642648663
1130,457,0.11782960157279984
280,38,0.11782221122380683
267,362,0.1178217256807674
267,1079,0.11781760973736446
1130,861,0.11781672821941014
822,504,0.11781640945602394
272,1118,0.11781601471195442
101,510,0.11781469303568756
290,32,0.11781433870040964
280,1016,0.11781230296155348
599,682,0.11781114833631416
1130,649,0.11781094916717402
17,447,0.11781075514309505
822,449,0.11780751546994304
700,308,0.11780514330310808
494,821,0.11780321000227267
279,634,0.11780237720201756
928,441,0.11780009312217131
870,558,0.1177994363170126
17,103,0.11779680799232843
17,225,0.11779507190517886
870,843,0.11779331713554346
280,1030,0.11779027022838538
279,136,0.11778918227409091
267,470,0.11778894706652235
700,229,0.11778851575261903
291,103,0.11778758920254413
478,508,0.11778479864591469
188,156,0.11778178511833559
494,813,0.11777655896334459
1106,251,0.1177708458487675
870,482,0.1177684544575429
700,1076,0.117768192707796
960,653,0.11776770473682158
700,286,0.11776188374145487
17,512,0.11775445383489541
974,483,0.11775155444257454
870,641,0.11775083464854315
974,609,0.11775060220467701
870,382,0.11774950097484986
478,319,0.11774682333868983
101,166,0.11774611489460791
1003,772,0.11774557720186887
1106,1038,0.11774401200736735
291,1044,0.11774297316675764
272,757,0.11774202104294768
17,541,0.1177390752771491
822,50,0.11773749335638899
599,145,0.11773417983765945
1003,475,0.11773313924489137
1130,918,0.117732685350343
974,816,0.11772632525177369
700,197,0.11772579087782506
928,1020,0.11772542919257437
290,827,0.1177212577961216
267,44,0.11772115573748029
280,1074,0.11772104744873685
494,283,0.11772096873484196
822,835,0.11771803362016572
291,748,0.11771562949048643
1130,417,0.11771424762936235
17,277,0.11771245903714678
17,919,0.11771124359533529
101,511,0.11771092653975125
188,855,0.11770960380975871
960,765,0.11770826443227674
870,496,0.11770576681933614
279,645,0.11770449340101458
101,244,0.11770323955324503
267,417,0.1177030347294962
822,706,0.1177018987078586
599,102,0.11770131718629014
279,585,0.11770100924849244
870,1120,0.11770095065069687
870,178,0.11769944475537164
494,549,0.11769854268625798
291,399,0.11769704282428844
272,422,0.11769605927215798
974,631,0.1176956909881777
478,240,0.11769523890655055
1106,590,0.1176919928833688
960,644,0.11769117220793046
101,1129,0.11769070385979617
1130,13,0.11768970664630077
974,313,0.11768782539669335
17,221,0.11768454198537917
478,1012,0.11768196844819737
478,940,0.11768043156290618
494,789,0.11768036696822134
478,957,0.1176799338333375
280,334,0.11767880661370668
267,998,0.11767785923684479
1003,854,0.11767373791743749
188,423,0.11767235370873634
928,979,0.11767136869011302
822,273,0.11767115034886332
188,678,0.11766988740410268
599,281,0.11766609222319815
279,1069,0.11766407544547465
870,976,0.11766213887463545
822,474,0.11766066521570027
280,1012,0.11765812140599086
280,373,0.1176574253159096
928,565,0.11765630256320932
188,183,0.11765469444628533
291,68,0.11765415176957038
188,614,0.11765269873964704
1106,162,0.11765185879879081
1106,188,0.11765099691911039
870,1104,0.1176506348283616
494,1111,0.11764485618726704
478,642,0.11764157091664422
1106,148,0.11763919737492066
101,884,0.11763719027287717
17,1040,0.1176366492990487
700,520,0.11763453210997568
272,625,0.11763432199598464
494,919,0.11763343927730038
822,178,0.117632390549063
291,583,0.11763085970600819
870,741,0.11763061103324465
928,810,0.11763039715106186
599,344,0.11762450911856898
870,1012,0.1176239922288111
478,926,0.11762392651613986
279,1089,0.1176230192423933
101,31,0.1176221435329697
267,829,0.11762173084324554
17,55,0.11761985652806947
494,1052,0.11761788080600144
928,977,0.11761692737376264
290,597,0.11761616781445472
188,603,0.11761590956832955
291,329,0.1176149397220169
700,454,0.11761410586950403
188,339,0.11761336952760669
188,643,0.11760549144383607
599,78,0.11760362657221106
280,963,0.11759969310402021
494,938,0.1175995240633333
928,241,0.11759905631987222
822,908,0.11759814573728568
870,705,0.11759741793007952
494,48,0.11759545435175768
960,16,0.11759517302006171
928,362,0.11759459878839236
928,646,0.1175927964346185
700,718,0.11759270401161846
599,1073,0.11759237773399821
291,911,0.11759174902841536
599,735,0.11758765897571778
974,755,0.11758373805311587
279,766,0.1175784752386772
291,876,0.11757564766195573
928,166,0.11757478925612065
478,412,0.11757456351202411
291,862,0.11757150441268856
1106,938,0.11756724914887351
291,968,0.1175640442777902
870,1107,0.1175624543572213
17,296,0.11755809792447305
1106,1055,0.11755809239901584
272,538,0.11755730504242635
478,680,0.11755039711821111
960,701,0.11754808180825926
267,736,0.11754782226415693
291,1059,0.11754572727181394
599,163,0.1175446805313884
928,959,0.11754443112966001
188,76,0.11754399120373414
17,590,0.11754261202003534
17,920,0.11754191556388414
290,764,0.11753910099145042
280,587,0.11753397384553962
290,774,0.11752422774289605
291,821,0.11752415126464226
974,998,0.11752017969600935
960,312,0.11751914128503067
291,1043,0.11751592636870607
267,904,0.11751190717486903
280,43,0.11751162743851466
960,157,0.1175113544503184
1003,1103,0.11751020059174118
17,1122,0.11750878457368949
1106,26,0.11750718661570252
188,307,0.11750371948618975
101,957,0.1175022853405618
700,1125,0.11750184825495101
1106,892,0.1174995032560577
960,289,0.11749880945076695
267,997,0.11749706628287067
928,288,0.11749282812634847
101,1007,0.11749005892785518
1106,198,0.11748722686258933
272,465,0.11748702438654249
494,357,0.11748622963636128
291,543,0.11748458679761138
1003,409,0.11748115715869036
822,543,0.11747861153122553
291,944,0.11747725362893949
101,919,0.11747165942047898
188,582,0.11746978817914153
291,694,0.11746847400544692
960,68,0.1174653926260197
449,632,0.11746495499695273
870,624,0.11746220854849891
101,266,0.11746020158272548
478,161,0.11745501646053076
17,601,0.11745488493581259
290,782,0.1174545236245371
101,376,0.11745412559456887
272,168,0.1174528540415785
290,734,0.11745263473713834
928,897,0.11745110309822367
1106,1074,0.11745054461588342
1106,667,0.11744809159960493
870,165,0.11744437632905634
290,1096,0.11744107454872689
494,568,0.11743808089062865
272,660,0.11743602423970663
17,305,0.11743438607286703
1106,93,0.11743394065763291
599,431,0.11743308255789896
822,344,0.11743209924815816
478,651,0.11742815805115098
1106,551,0.11742139202244437
188,69,0.11741827826663512
700,967,0.11741810623993428
1106,301,0.1174164010099292
279,735,0.117415692517058
822,1086,0.11741367925856627
101,818,0.11741360757418373
272,582,0.11741171898011991
1106,598,0.11741150024820869
267,32,0.11741131579940621
267,422,0.11740935605900074
478,231,0.11740624167818912
599,1054,0.11740451406268877
974,353,0.1174036610735272
291,346,0.11740261344453648
822,535,0.11740181839921106
870,1057,0.11740022076196342
960,1032,0.11739910432248225
17,675,0.11739795896419497
101,130,0.11739765252148121
960,1016,0.11739670284366753
700,469,0.1173948673634505
599,430,0.11739013317878574
494,782,0.11738943601673799
279,41,0.11738909525842275
870,995,0.11738846892218455
700,105,0.11738714521428957
101,7,0.11738683023379079
291,97,0.11738376304647617
17,513,0.11738344374851775
1130,359,0.11738118042906935
1106,791,0.11738086598222136
700,337,0.11737983512157123
188,44,0.117379393506849
267,466,0.11737781208208987
700,124,0.11737757941824864
101,1,0.11737605142243494
700,1010,0.11737458542230016
280,712,0.11737458251282458
280,717,0.11737346597436212
188,241,0.1173721059594379
17,31,0.117371967191624
267,221,0.11737108811918645
700,76,0.1173689992010027
700,276,0.11736769047080398
280,1084,0.11736576900424012
188,119,0.1173654789940789
1106,565,0.11736530345906122
290,251,0.11736461747509852
272,449,0.11736422873025315
1106,147,0.11736272312505093
1045,1053,0.1173604242904798
478,529,0.11735988131789218
279,478,0.1173574674086202
17,684,0.11735705321955002
599,197,0.11735551074662691
291,857,0.11735472893188911
1003,589,0.11735308890657935
272,281,0.11735138587902427
928,647,0.11734948385470086
960,344,0.11734887377281718
494,640,0.11734599830588378
188,239,0.11734316134166899
280,215,0.1173364613771932
1003,820,0.11733536969539003
280,810,0.11733430672707204
267,329,0.1173282508109002
291,841,0.11732770318500071
1106,231,0.1173253295733346
272,20,0.11732349112293625
974,907,0.11732250377144171
101,67,0.11732233411416224
188,1105,0.11732202949395791
291,65,0.11732097701873057
928,121,0.11732061062608433
1130,148,0.11731818884398496
188,719,0.11731288015132085
928,696,0.11731199698140819
1106,870,0.11731087028724778
478,523,0.1173102766205633
272,222,0.1173097743309411
17,884,0.11730929784810448
960,897,0.11730758470707335
822,843,0.11730645766422197
101,451,0.11730637929110511
101,915,0.11730349000030789
272,221,0.1173020187998917
494,645,0.11730192628903502
291,742,0.11730135151203505
599,740,0.11730039368255853
960,503,0.11729843313996915
1106,707,0.11729841814429072
17,634,0.11729754928374346
599,907,0.11729652357944945
494,714,0.11729635205783016
478,1017,0.11729631409620413
960,678,0.11729581344815655
822,570,0.1172900865417944
17,665,0.11728811585374449
870,945,0.11728627129095007
290,1073,0.11728623027947871
279,1082,0.11728487980871789
494,722,0.11727771158129273
101,524,0.11727449330428388
822,496,0.11727350957505611
188,569,0.11726965761854947
928,735,0.11726585496635028
974,596,0.11726575928062015
17,763,0.11726487685046628
17,1084,0.1172646477902749
599,674,0.11726345995240227
928,550,0.11725969815554232
280,73,0.11725257068236981
290,618,0.1172512853449109
267,187,0.11724811667958099
928,742,0.11724310607027426
1106,920,0.11724237125426758
928,1102,0.11723989375406432
928,465,0.11723899863115751
280,535,0.11723851454199874
101,169,0.1172359651243626
478,738,0.1172309851397597
1106,442,0.11722965812751761
822,104,0.11722936363658291
478,791,0.11722864300306914
188,19,0.11722844148505916
478,716,0.11722647898366262
974,758,0.11722351880361905
1130,736,0.11721828555352751
478,883,0.11721779954630418
960,101,0.11721572118448735
870,273,0.11721326829937047
267,281,0.1172099535932719
267,353,0.11720866970801715
267,907,0.1172051808380432
290,71,0.11720466052550652
279,889,0.11720452074407336
267,581,0.1172044768447377
188,673,0.11720049980724886
870,418,0.11720037807892687
928,952,0.11720012261695452
291,379,0.11719811018253236
960,128,0.11719411737837901
478,703,0.11719003918930256
17,883,0.11718993955147437
928,300,0.11718514210422092
700,724,0.11717787280377055
280,11,0.11717608845598947
870,1084,0.11717329071561577
101,685,0.11717254314993274
291,384,0.11717135258247144
494,609,0.11716878962256429
974,467,0.11716522422743961
280,532,0.11716475392463503
478,136,0.11716052627292346
928,215,0.11715993419084472
291,972,0.11715531537746912
279,359,0.11715520273999436
1130,435,0.11715430432571584
267,594,0.11715203703890745
960,123,0.1171500239614411
101,443,0.11715000330111572
478,853,0.1171498995127964
290,347,0.11714283156851989
494,907,0.11714082224879896
974,289,0.11714059663462692
280,915,0.11713955581341606
1003,89,0.11713833902701418
188,62,0.11713737886742673
974,709,0.11713535187128854
599,594,0.11713465821667139
494,867,0.11713385356136857
290,702,0.11713078052298379
494,301,0.11712972854256086
494,277,0.11712806707832814
188,912,0.11712729278561948
290,565,0.1171266288026992
1003,2,0.11712384645993594
188,951,0.11712356012881957
1003,661,0.11712182625065586
478,124,0.11711803219429509
1106,1009,0.11711763893809263
272,924,0.11711290977565167
478,818,0.11711135654871935
272,505,0.11710849275556791
17,890,0.1171082552194499
822,357,0.11710384334492825
101,889,0.11710288315956147
700,374,0.11710173870528315
928,331,0.11710128328715852
974,42,0.1171000377590975
267,983,0.11709957820325206
928,773,0.11709854575795228
101,1121,0.11709652891607884
280,853,0.11709317014213345
280,225,0.11709214272487536
290,467,0.11709134625241957
291,760,0.11708985644943677
870,1002,0.11708893176132733
599,918,0.11708818295024703
1003,249,0.11708779584059896
870,1081,0.11708488564316956
478,539,0.11708435375164149
700,1117,0.1170841551413424
599,22,0.11708249022389744
17,968,0.11708119501880178
101,949,0.11708008805233651
267,535,0.11707842864640775
279,659,0.11707781557417833
290,921,0.11707690798700594
822,748,0.11707673359583126
700,410,0.11707636977546401
279,1048,0.11707627448268597
1106,1008,0.11707624389663648
928,1087,0.11707541274584338
279,147,0.1170718009223389
1106,979,0.11706703843645348
291,1016,0.1170666109793278
494,1065,0.11706623308389555
290,1028,0.11706600614042967
290,686,0.11706595886768058
700,398,0.11706558202309712
101,717,0.11706468502118957
494,181,0.1170619754029336
974,1083,0.11706159397166051
1130,268,0.11706153559650873
1106,836,0.11705944385193665
870,974,0.1170561045664709
101,436,0.11705610312986338
494,903,0.11704835329538629
17,696,0.1170473412034491
928,568,0.11704575960961165
478,963,0.11704423948923459
928,140,0.11704357211079223
291,480,0.11704187480134605
822,497,0.1170418005042811
822,219,0.1170414897087487
960,916,0.1170388086727417
280,100,0.11702994417237995
960,778,0.11702852699796197
870,462,0.11702807586080527
1130,361,0.11702513772251269
101,965,0.11702135045199137
599,63,0.11702049468597997
700,475,0.1170200651991663
960,655,0.11701924457278844
290,70,0.11701661577886485
1130,927,0.11701485704846172
17,510,0.11700935507178156
960,937,0.11700861775202616
822,201,0.11700744335802202
478,227,0.11700539592048191
1106,561,0.1170052654939025
928,991,0.11700429600742462
267,679,0.11700236656502076
822,142,0.11700118027292372
280,34,0.11699802230453098
928,1068,0.11699715877429459
1106,932,0.11699646992635854
17,777,0.11699372977372542
928,653,0.11699169556619862
478,324,0.11699003744667608
870,799,0.11698955112128759
870,9,0.11698953745344669
101,248,0.11698767365063795
101,1028,0.1169869242082889
188,1048,0.11698649214120024
101,850,0.11698573740885015
478,550,0.11697950656785833
1003,658,0.11697909873089728
1003,929,0.11697735202967154
188,214,0.11697498275156465
974,241,0.116972945936454
928,899,0.11697269326187391
1106,626,0.11697264009346807
291,852,0.11696962691255336
17,73,0.11696879124929721
974,900,0.11696574859512845
478,547,0.11696351457863781
928,55,0.11695937077712258
188,1086,0.11695904992578877
599,870,0.11695720583653271
960,594,0.11695241256470279
101,471,0.11694960120019976
870,342,0.11694863768142146
267,490,0.11694773372349307
1106,469,0.11694474735579453
267,1127,0.11693945806955298
1106,191,0.11693824754609083
279,1010,0.11693303978155359
188,306,0.11692992156498586
599,579,0.11692704794112911
290,33,0.11692584135144028
928,437,0.11692354487001816
494,71,0.1169222249403593
101,258,0.11692164768739176
960,507,0.11692078697866767
279,390,0.11691983276280365
280,258,0.1169194488871775
267,835,0.11691757857193993
291,243,0.11691653705427223
478,1011,0.11691526718449337
279,508,0.1169123463848073
494,989,0.11691147518926316
101,52,0.11690767572601658
188,667,0.11690518006193912
267,61,0.11690445222577568
870,659,0.11690416724703397
599,392,0.11690394394600027
494,368,0.11690392953732383
17,652,0.1169036975101559
870,608,0.11690250612856445
870,311,0.11690085783292464
101,97,0.11689953331272115
928,296,0.11689937413811975
279,633,0.11689868734995738
279,439,0.11689837632489551
1130,354,0.1168965615878667
280,551,0.11689300388035145
700,115,0.1168908696859428
188,81,0.11688971169514759
101,273,0.11688939575634491
478,731,0.11688774338615018
822,415,0.11688689094092805
700,962,0.11688621526872206
599,538,0.1168859056498684
290,619,0.11688561287289831
599,388,0.11688529155061513
974,788,0.11688526285993309
928,865,0.11688149411582152
599,1113,0.11687979607218527
1003,226,0.1168792636541987
960,1126,0.11687863105249607
700,1043,0.11687804225126211
700,931,0.11687760637352765
1106,843,0.11687663929435331
822,1030,0.11687628224117436
290,323,0.11687625576182346
290,1130,0.11687602237152886
478,404,0.11687573774569195
1106,427,0.1168755175178184
272,1021,0.11687379692748805
267,722,0.11687332288637145
870,717,0.11686905541179553
279,468,0.1168674903820918
1130,1128,0.11686608037030718
290,784,0.11686512964884914
494,625,0.11686460478478645
494,116,0.11686183330662431
974,884,0.11686125431460788
1106,329,0.11686046745423354
290,301,0.1168558004184837
280,1040,0.1168545244943995
17,359,0.11685368942850143
17,236,0.11685187148203936
188,1039,0.11685150790172827
1003,712,0.1168455571378405
279,484,0.11684279090143095
870,439,0.1168426209345414
280,604,0.11684211529035148
974,70,0.11684181781119497
974,951,0.11684129790058553
974,519,0.11683778775016736
1106,739,0.11683644361447651
960,357,0.11683279267406808
599,936,0.11683215560878936
478,890,0.11683196663309027
1130,238,0.11682618582300737
960,849,0.11682328648532964
478,617,0.11682121309518609
928,158,0.11682107954359605
280,614,0.11682048612236631
960,596,0.11681539294138371
1045,708,0.11681526872084373
1003,177,0.11681401307537094
478,229,0.11681345495004575
290,166,0.1168131536448073
599,1052,0.1168109939613792
291,736,0.11680814411395943
478,811,0.11680488366091576
822,419,0.11680483118973829
494,145,0.11680409813832786
974,499,0.11680056705919116
291,919,0.11679998050529344
599,1006,0.11679664806927104
1106,226,0.11679276838940214
822,841,0.11679230119794205
188,1109,0.11679189755788347
272,970,0.11679157133088769
188,443,0.11679131681577494
928,82,0.11678904277768232
870,430,0.11678882481451622
267,1,0.11678804644603397
700,1055,0.11678722718601775
188,295,0.11678668290684613
17,343,0.11678543511285618
870,1030,0.11678535591158144
870,449,0.11678490874160877
101,386,0.11678191892674748
599,986,0.11677988358815311
974,798,0.1167757716723196
1003,686,0.11677358082775051
870,1069,0.11677334798188606
280,884,0.11677004893406806
960,683,0.11676825098126888
17,403,0.11676132514028448
291,228,0.11675727593074739
101,456,0.11675656510131585
478,640,0.11675355866174342
291,861,0.11675197185669539
974,404,0.11675117744010546
17,238,0.11674845887389435
928,764,0.11674795941171055
870,140,0.11674793357914057
291,131,0.11674681396500172
974,692,0.11674513761493845
599,709,0.11674352694846729
960,324,0.11674339548443068
17,940,0.11674202493505835
290,607,0.1167384265229344
478,26,0.11673591410090416
101,885,0.11673525682344939
290,11,0.11673465078999352
1106,975,0.11673319362603393
960,485,0.11673291143088
928,671,0.11673223945217168
822,270,0.11673099887157355
1003,763,0.11672764270666405
17,169,0.11672524533340714
17,11,0.11672455385485961
822,637,0.116723136722791
494,1096,0.11672188828238662
291,877,0.11672003719803715
1130,1061,0.11671990862844875
1130,781,0.11671928747712935
960,209,0.11671756441453689
700,107,0.11671620315574052
279,1100,0.1167052281838524
290,1052,0.11670431668823396
291,1079,0.11670204016400998
822,901,0.11669771701155145
599,920,0.11669518883479495
188,677,0.11669308069422171
280,134,0.11669206319738118
599,1016,0.1166907662741871
494,709,0.11668877889101624
870,110,0.11668853321317457
974,634,0.11668841442985402
17,68,0.11668310677303739
822,693,0.11668070745389306
1106,67,0.11668063743701473
280,574,0.11667799555655627
280,959,0.11667657756051307
1003,511,0.11667648707794138
1003,210,0.11667394353779931
599,264,0.11667254233094901
290,129,0.11667121687356609
870,291,0.11666960308647871
280,1101,0.11666917349658573
928,323,0.11666875232652336
599,98,0.1166682489723934
700,552,0.11666491317477462
870,324,0.11666162446408321
870,34,0.11666111308963563
974,520,0.11665788502154113
1106,894,0.11665743452758687
822,9,0.11665586464546468
1003,111,0.11665470829013581
1130,409,0.11665268808731928
279,447,0.11665132292720404
188,630,0.11664923718044772
599,994,0.11664691218235466
1106,799,0.11664399650003038
928,77,0.11664317904330918
494,801,0.11664196464495066
188,148,0.11664092230334444
599,625,0.11664038853337648
822,940,0.11663559578079116
280,742,0.11663527490773475
1003,827,0.11663397297475353
974,57,0.11662594324980169
494,160,0.11662530396027447
280,945,0.11662497997398519
960,689,0.11662387252362832
17,1098,0.11662267775468634
17,381,0.11662241423179232
101,603,0.11662234953291312
1106,205,0.1166215283833865
291,75,0.11662080651422305
928,774,0.11662006932830603
960,358,0.11661431401930647
267,20,0.11661234668992902
494,288,0.1166119088309155
700,833,0.11660874224363175
272,99,0.1166045299231751
478,130,0.1166040873961737
17,621,0.1166030076819224
870,38,0.11660057199548661
1130,796,0.11659902802941445
599,944,0.11659855973173495
101,473,0.1165951200248167
1106,1,0.11659417682175129
870,742,0.11659040013449062
700,958,0.116590174982623
1130,965,0.11658968747563717
599,312,0.11658877330670143
101,396,0.11658855173761706
974,316,0.11658814987583502
870,1019,0.11658771063073041
822,428,0.11658717590366913
822,365,0.11658664870985562
478,157,0.11658579400282708
599,535,0.11657905046227895
478,296,0.1165769044961697
1106,604,0.11657648031049357
188,632,0.11657281021289202
478,1055,0.11657215227214242
822,586,0.11657214581199192
478,342,0.11657103296289227
960,272,0.11656881040800651
478,750,0.1165676224851958
928,218,0.11656680721172911
700,992,0.11656576691904055
700,556,0.11656221535734063
280,961,0.11656211355275307
700,188,0.11655822131633303
1003,379,0.11655495837070817
188,705,0.11655483529248713
17,810,0.11655420782341178
822,1007,0.11655240306531263
290,1128,0.11655223491472659
599,938,0.11655099463705672
290,107,0.11655087460953047
267,165,0.11654817614481203
1130,978,0.11654737964126229
494,96,0.11654279101628316
870,174,0.11654171394007318
974,357,0.11654148789011826
928,72,0.11653705193443728
870,788,0.1165368937724171
822,852,0.11653679609186494
928,596,0.11653313560379869
870,1102,0.11653186975224142
101,156,0.11653050422379109
870,1082,0.11653040759981334
599,277,0.11652975022998271
291,731,0.1165274242970293
700,532,0.1165265672358511
870,632,0.11652605831224015
17,380,0.11652515026861318
599,1,0.11652253474923321
1003,424,0.11652220080472651
17,975,0.1165177934263165
494,797,0.11651752918969951
101,460,0.11651575591392842
101,468,0.11651265498439307
870,98,0.11651263937060663
822,929,0.1165124957568369
291,242,0.1165117656319074
599,139,0.11650980716771285
280,521,0.1165096843249028
188,39,0.1165090912901871
17,711,0.11650805845250371
280,9,0.11650798930152119
280,332,0.11650410948592267
272,435,0.11650089677932537
494,959,0.11649662945070162
1003,474,0.11649115550971449
478,912,0.11649017279155553
599,187,0.11648900183520372
101,535,0.11648228643467155
599,525,0.11648209036934833
188,992,0.11647982566855757
279,451,0.11647965440051058
870,744,0.1164786709464604
279,24,0.1164779784184751
478,681,0.1164765741350193
494,204,0.11647638753825297
1003,930,0.11647540039113424
478,422,0.1164738195448179
928,375,0.1164717395345576
494,693,0.11647067989761904
1106,555,0.11646959348613518
291,135,0.11646865225930478
1003,440,0.11646859184364934
17,367,0.11646110896639258
101,149,0.11646102630318803
494,874,0.11646037656321337
478,421,0.11646015202809346
291,578,0.1164595483541621
272,770,0.11645931825287326
291,610,0.11645865017845865
101,404,0.11645718216760434
188,105,0.11645702856455144
1130,317,0.116455041200667
1106,577,0.116451080756742
599,186,0.1164490495764049
188,38,0.11644858397758459
822,815,0.11644840169604274
291,7,0.116446266909921
870,709,0.11644623711978608
267,376,0.11644414854428108
290,483,0.11644198171381329
291,973,0.11644187154832442
960,1127,0.1164388889685355
279,225,0.11643873906491436
188,111,0.11643812586033593
974,25,0.11643520572907075
960,11,0.11643437154740009
700,482,0.11643329943133991
290,946,0.11643205419131153
272,144,0.11642990837878121
960,951,0.11642734432902359
928,660,0.11642709907437139
17,480,0.11642241010838357
17,293,0.11642232575147277
17,405,0.11642080998295498
290,216,0.11642071150605082
599,92,0.11641824848785988
928,294,0.11641466030408643
290,909,0.11641424752621848
1106,81,0.11641393668960001
188,560,0.11641209158506613
267,236,0.11641187187321729
494,567,0.11641141642318115
928,1039,0.1164093602475222
291,499,0.11640676493436704
17,1093,0.11640543078434537
494,804,0.11640449059193672
478,225,0.1164018091484857
101,645,0.11640099579822198
822,837,0.11639880152529132
822,1092,0.1163950741498677
1106,689,0.11639482601823736
272,1102,0.11639439001406025
17,498,0.11639390773134951
188,959,0.11639148884094605
700,539,0.1163894110080801
960,639,0.11638894328068075
101,680,0.11638818113069484
101,922,0.11638710266529029
822,220,0.11638420024408101
928,239,0.11638398300875419
188,187,0.1163839635693663
279,718,0.11638329068311676
478,628,0.11638258260866959
494,394,0.11637885582844269
478,323,0.11637653962191098
272,900,0.11637530606025347
101,734,0.11637454084295575
101,300,0.116374318060676
17,351,0.11637178133945127
599,1076,0.11636935749880403
279,845,0.11636773835447058
449,617,0.11636685839663675
188,273,0.11636516850435649
267,572,0.11636386040737086
290,1020,0.11635973681347483
280,994,0.11635664390261027
101,679,0.1163548277905001
188,1079,0.1163543466376744
1003,809,0.11635361149461342
272,909,0.11635157164892083
280,318,0.11635122281215579
267,669,0.11635067326407993
188,1089,0.11635004813252012
870,431,0.11634938175105534
272,573,0.11634515005418603
267,550,0.11634500162260668
599,885,0.11634405809937838
291,609,0.11634363399493866
974,277,0.1163394741884643
291,718,0.11633690624931949
272,622,0.11633637356002317
291,832,0.11633401519915464
272,421,0.11633389759368148
960,330,0.11633347104942908
974,246,0.11633297864709777
188,47,0.11633122617092553
1106,638,0.11632875739503008
188,583,0.11632823601177908
290,394,0.11632764603466489
188,1037,0.11632606948940277
267,941,0.11632498625424542
599,956,0.11632400619553962
279,93,0.1163219981834733
101,994,0.11632130431854931
870,402,0.11631513984834359
960,1099,0.11631412137405998
928,356,0.1163134482084094
960,663,0.11631236731840543
1130,260,0.11631005991932775
291,78,0.11630917311078698
1106,7,0.1163046913820366
188,674,0.1163027235347142
1106,262,0.11629947219471959
101,71,0.11629749389128875
960,536,0.11629743310405735
1106,250,0.11629697173748264
960,948,0.11629634872238737
279,102,0.11629259999649917
280,517,0.11628910172840085
870,781,0.11628845287822315
290,724,0.11628527252839353
279,538,0.11628475223265956
188,172,0.11628184533574196
974,456,0.11627932891008973
870,443,0.11627913668191203
928,964,0.11627822875914023
928,719,0.11627810620009421
290,676,0.11627769519771128
101,1110,0.11627681988011358
494,955,0.11627671836669973
101,791,0.11627657767181156
822,971,0.11627579996500001
1106,804,0.11627492392455645
700,69,0.11627344003930438
291,784,0.11627018484830683
267,640,0.11626723578440276
928,955,0.11626673587568882
101,415,0.11626669246704392
960,139,0.11626663954098161
291,1077,0.11626384022320735
822,568,0.1162636983710283
280,188,0.11626351531057051
494,672,0.11626249804151172
101,1048,0.11626104558434146
280,326,0.1162605333242164
700,689,0.11626007277082656
17,4,0.1162592850476944
494,261,0.11625707568520818
599,626,0.11625459401332004
599,591,0.1162510310232506
822,525,0.11625078895593575
960,332,0.11624875816922273
280,754,0.11624845912117145
267,12,0.11624842247643379
17,1103,0.11624740290565325
960,832,0.11624643002558097
101,401,0.11624634486943596
267,256,0.11624478690503692
870,221,0.11624446650431113
1003,862,0.11624253020923513
188,845,0.11624224276741593
291,1122,0.11624181196860542
290,660,0.11623993436719239
279,123,0.11623788555888576
478,974,0.1162323579448029
928,787,0.11623072697144995
101,727,0.11623056969644723
280,180,0.11622705356538239
1106,17,0.11622680027317754
1130,14,0.11622517918663584
291,140,0.11622491338973341
101,1011,0.1162247507455614
822,409,0.11622220427322842
279,330,0.11622112711762093
280,504,0.11621955755335256
1003,248,0.11621606426060901
290,416,0.11621541015652295
267,76,0.11621351978200015
599,265,0.11621339944391244
700,221,0.11621214441847003
290,587,0.11621081177852169
599,661,0.11621077448234163
290,422,0.11620884004200802
1130,963,0.11620773264189933
280,370,0.11620757227164452
1106,529,0.11620754539160628
101,970,0.11620548578006305
599,31,0.1162037621936159
974,69,0.11620153579666952
272,962,0.1162010870952489
822,34,0.11620101030222939
291,312,0.11619934744410305
478,804,0.11619850850187517
188,549,0.11619589302724136
1003,752,0.11619569889250461
478,316,0.11619333395444825
291,386,0.11619277133015375
290,1090,0.11619255037479384
822,643,0.11619124098496172
188,288,0.11619088538329862
267,806,0.11618560874605996
599,227,0.11618509811386983
267,755,0.1161841091425148
928,754,0.11618117016739743
188,409,0.11618021092423972
272,1097,0.11617905748491394
290,769,0.11617770720483037
17,58,0.11617660103438296
101,289,0.11617590641538963
280,108,0.11617551418762431
494,889,0.11617467409609317
870,233,0.11617418245219314
291,302,0.11616960800408233
870,827,0.11616775922615885
822,281,0.11616512430802259
101,325,0.11616428437619102
478,765,0.11616257151965485
599,825,0.11616217230335805
188,415,0.1161613325845451
17,81,0.11615867555705428
1003,338,0.11615856790559428
928,673,0.1161561686583606
1130,669,0.11615442060213241
272,696,0.11614773802924472
280,512,0.11614621901985149
599,937,0.11614510883456097
870,693,0.11614107006735512
267,670,0.11614102808628174
1106,743,0.11614084219567275
17,1112,0.11613828772542233
290,510,0.11613790287906989
599,1066,0.11613609272194693
290,806,0.11613519061330166
1003,161,0.11613249149516995
494,246,0.11612925187450042
478,715,0.11612904724670267
17,580,0.11612111417889281
822,352,0.11611261673329877
272,944,0.1161097697391507
494,738,0.11610934902889504
188,631,0.11610932458547564
279,837,0.1161044755545069
870,650,0.11610160216291726
1003,958,0.11610142662358904
290,1046,0.1160995179121283
101,653,0.11609242010519033
822,282,0.11609036506317501
822,955,0.1160876179653751
267,541,0.1160862706208802
17,523,0.11608617428221064
599,467,0.11608389430637205
960,346,0.11608348849906262
1106,338,0.11608328507754144
870,806,0.11608255760653617
822,1112,0.11607822821294037
494,794,0.11607527409758413
279,50,0.11607520558210188
700,153,0.11607409961269254
17,77,0.11606859853883289
1130,355,0.11606841638772314
101,504,0.11606713024765326
290,22,0.11606505435444955
1130,908,0.11606461059111146
960,884,0.1160642556876653
478,1075,0.11606096811620477
1130,477,0.11605984949136373
960,779,0.11605610665410811
17,507,0.11605565038506445
870,234,0.11605085929339673
290,399,0.1160477093371991
290,180,0.11604697706177827
290,13,0.11604240111703136
279,918,0.11604128362559857
1130,976,0.11604078176017019
280,1061,0.1160378034506882
188,1029,0.11603631591314117
280,584,0.11603575208147257
928,765,0.11603384182963691
494,248,0.11603092670052245
1106,568,0.11603012056556754
478,1062,0.11602953998003622
280,818,0.11602876376517098
822,713,0.11602440577291803
290,848,0.11602085632570255
1130,542,0.11601593756330351
870,920,0.11601568913495286
478,23,0.11601424232441468
101,983,0.11601083513315615
1106,852,0.11601077959446196
267,384,0.11600563138817326
267,813,0.11600166231394159
291,422,0.11600092865686455
974,108,0.11599978021461103
494,433,0.1159982071674466
822,459,0.11599798018700945
101,561,0.11599618124169174
1106,587,0.11599179370694597
267,759,0.11599089528195032
101,196,0.11598674044388363
960,1034,0.11598654392947305
870,12,0.11598476353547761
17,1059,0.1159838070264843
272,928,0.11598162040562869
290,1116,0.11597991476111653
700,569,0.11596946326720964
188,316,0.11596922938721219
101,277,0.11596877424440011
279,400,0.11596806396055981
478,394,0.11596338842786058
928,494,0.11596326562973248
974,738,0.11596234320072797
188,491,0.11596227124238366
267,999,0.11595898972473989
1106,1051,0.11595730663132464
494,811,0.11595607744275425
960,47,0.11595351176625493
17,599,0.11595238897237806
870,963,0.11595031104310814
280,347,0.11594940142869066
478,565,0.1159438452616745
870,923,0.11594309739414312
478,1087,0.11594147305813503
1130,277,0.11594095742758107
280,655,0.1159400210451472
267,768,0.11593906638387669
279,1004,0.11593859868099213
1003,1038,0.11593823660472928
822,191,0.11593783848791776
822,1061,0.11593663734507884
291,607,0.1159363678386134
17,401,0.11593591767101705
1003,662,0.1159355382666066
291,914,0.11593260022128701
974,103,0.11592950206659307
928,585,0.11592778737561991
494,835,0.11592263699093562
279,754,0.11592258193459241
101,212,0.11592018772994464
478,574,0.11591853150421343
494,108,0.11591709217342874
101,784,0.1159170379374212
101,586,0.11591683498066419
928,579,0.11591536175405351
822,842,0.1159138292389732
188,841,0.11590709953742752
870,1009,0.1159058304292128
1106,536,0.1159047163657079
870,408,0.11590281266756403
188,1014,0.11590269233422691
1106,493,0.1159015703261248
290,857,0.11590083449823799
279,737,0.11590062333976806
290,121,0.1159001328100183
1106,33,0.11589528160710615
960,649,0.11589251400519834
1106,991,0.11589214052701803
101,125,0.11588920884875213
960,362,0.1158834730306136
280,344,0.11588308751120308
101,995,0.11588236052169813
478,80,0.11588133061567861
188,658,0.11588091711652067
1003,48,0.11588025594826515
290,650,0.11588008985183165
478,905,0.11587829181575643
267,630,0.11587180985562821
188,361,0.1158584051738055
272,681,0.11585617947832867
599,952,0.11585289413106643
478,338,0.11585285865454341
960,618,0.1158522622391648
279,1113,0.11585109427114602
267,1053,0.1158484867301553
599,732,0.11584529549200415
267,639,0.11584400443658519
17,295,0.11584059577131613
449,55,0.11584035472091206
870,70,0.11583762438178603
279,980,0.11583672776904065
822,518,0.11583663315258108
870,915,0.11583654280855811
1003,871,0.11583539420032145
928,205,0.11583417544103587
267,818,0.11583316864847912
870,1066,0.11583223652349513
1106,922,0.11583014882227463
599,1018,0.1158292266997126
291,749,0.11582786882880386
17,492,0.11582628478610696
291,33,0.11582204742748203
599,21,0.11582183862650838
280,747,0.11581582005719436
822,405,0.11581341167990675
1106,940,0.11581317202174525
870,1006,0.11581287485558178
960,79,0.11581287135419899
1106,727,0.11581232156509114
478,864,0.11581168377825027
280,592,0.11580835227665341
928,48,0.11580720288737431
188,634,0.11580029591146965
291,538,0.11579650467947043
960,299,0.11579461580235229
291,342,0.11579200131586102
960,917,0.11579073129963761
928,421,0.11578572506011237
478,893,0.1157856425264868
280,782,0.1157821411656479
279,710,0.11578109899973524
494,784,0.11578074018419686
188,651,0.11577806690327412
280,873,0.11577651644679413
279,491,0.1157703140189559
928,512,0.11576997275116184
1045,720,0.11576914949599573
272,84,0.11576767629613478
17,554,0.11576749499850929
1130,400,0.11576610576977696
267,958,0.11576505868531808
974,584,0.11576318599448746
1003,703,0.11576298336839867
974,448,0.11576279909440003
101,964,0.11575646696972348
822,234,0.11575581887248593
101,349,0.11575155682491575
267,177,0.11575026353503634
17,156,0.11574827588503969
1003,185,0.11574691668330342
494,550,0.1157452789044892
928,748,0.11574359810274346
17,71,0.11574320343270113
17,838,0.11574281258284455
478,899,0.1157420112335879
188,147,0.11574178603177768
960,283,0.11574052832203176
599,757,0.11573913244332854
822,529,0.11573718379141226
822,18,0.1157359079483016
599,953,0.11573377914144271
280,47,0.1157322875990166
960,1059,0.1157307614118534
494,328,0.11572550108177208
960,43,0.11572359272825312
822,348,0.11572126945984286
478,3,0.11571828913117432
478,1067,0.11571739818902022
1003,74,0.11571625309743248
280,1090,0.11570654876764264
280,758,0.11570590584133586
17,240,0.11570558636900206
822,176,0.1157049463196944
101,21,0.11570413750568645
822,379,0.11570391412202863
17,330,0.11570022015957634
101,530,0.11569679948994424
279,1038,0.11569484822861976
1106,714,0.11569126145970755
974,13,0.11569119909327483
928,877,0.1156905384416865
1003,551,0.11569047435604081
101,819,0.11568701467182528
1003,891,0.11568552524789569
17,20,0.11568485033841547
822,548,0.1156833535404214
279,591,0.11568219053975953
960,1069,0.11568150885459734
290,388,0.11567650762175614
478,720,0.11567509024549531
188,765,0.1156688807374968
928,463,0.11566797278532387
101,10,0.11566736915563836
101,852,0.11566709513508436
188,1068,0.11566594155868873
280,880,0.11566408617014921
290,920,0.11566285556257365
700,235,0.11565990225947034
700,77,0.11565903416239892
822,244,0.11565741769270774
272,408,0.11565573095239602
279,249,0.11565435141323731
291,938,0.11565273330580636
928,844,0.11565206686462018
822,740,0.11563662315940018
290,494,0.11563574859276413
478,264,0.11563548893659815
928,284,0.11563242416180276
599,460,0.11563112082489281
290,632,0.11562957771305944
267,742,0.11562931088697034
1106,413,0.11562643702003261
188,274,0.11562620146548414
1130,1081,0.11562601671829366
272,880,0.1156230260815923
17,993,0.11562111426793077
822,665,0.11561752471947351
928,503,0.1156155840598349
279,72,0.11561487215953682
599,792,0.11561306237964655
599,863,0.11561077245245845
188,270,0.11561042210935135
280,815,0.1156086992434194
267,656,0.11560864847230838
870,813,0.1156081731318933
494,400,0.11560772629078336
291,957,0.11560750512944613
599,553,0.11560585806343168
279,648,0.11560436957268708
960,791,0.11560340705219285
279,917,0.11560201464671797
267,354,0.11560061098106217
280,548,0.11560033279801532
494,415,0.11559922742338402
290,992,0.11559772759455038
822,1059,0.11559695159862507
280,589,0.1155945021610537
267,1027,0.11559412238024232
267,665,0.11559275193785708
928,423,0.11559072552358605
494,1109,0.11559023259057936
17,1104,0.11559021025072559
599,854,0.11558910646027232
188,880,0.11558902176838297
928,20,0.11558853989035073
267,698,0.11558754957386176
17,130,0.1155852105993105
928,753,0.11558467932981382
267,724,0.11558436076687977
928,538,0.11558130227435746
700,875,0.11557699332530204
267,567,0.11557650471967024
478,860,0.11557639122812807
928,248,0.11557603576032757
17,397,0.11557592068144372
870,584,0.11557569922450756
101,871,0.11557367421393802
291,536,0.11557303641281098
267,191,0.11557186368902173
599,490,0.11557069014278093
188,372,0.1155696459503906
267,216,0.11556899196335363
101,861,0.11556788079069702
822,1099,0.11556740683836664
974,363,0.11556740367754575
17,0,0.11556601228884195
267,643,0.11556517412460623
280,176,0.11556516551821881
290,344,0.1155649231373396
478,785,0.11556291810743295
291,80,0.11555755327811054
700,1041,0.11555452880414407
188,701,0.11555017478045343
17,362,0.11554880426432151
928,162,0.1155483771215711
279,855,0.11554649548449207
101,490,0.11554419307062118
280,55,0.11554029205977205
928,292,0.11553811074606235
960,879,0.11553772212616183
822,235,0.11553564598201423
822,472,0.11553542379475709
101,853,0.11553285351187512
822,439,0.11552927155334938
1106,660,0.11552715057312711
279,73,0.11552692248696939
870,884,0.11552643058120793
822,253,0.11552565780810849
478,541,0.11552528621645894
1130,841,0.11552492570738289
960,72,0.11552481124396717
960,336,0.11552291544752359
870,8,0.1155227990795463
700,943,0.11552156071715414
188,324,0.11552143719492997
960,93,0.11551926828925682
822,46,0.11551817681586994
870,169,0.11551773367494507
494,135,0.1155174246617048
267,834,0.11551534658780069
267,942,0.11551411149471531
822,128,0.11550949546561133
960,1096,0.11550865770620422
290,872,0.11550627352136501
928,485,0.11550420163134369
188,859,0.1155040160603393
1130,232,0.11550317264175894
870,147,0.11550232797877727
291,987,0.11550179156770181
101,222,0.11549961969732568
1106,738,0.11549941872221685
822,531,0.11549560976102477
870,690,0.1154937213580305
960,927,0.11549339338406821
188,375,0.11548491350334152
101,421,0.11548394237233771
960,885,0.11548216411386278
267,840,0.11547983345448973
599,324,0.11547824857677812
599,237,0.11547629172567955
267,893,0.11547625916040044
17,161,0.11547457901822954
280,466,0.11547205939967616
494,466,0.11547204396981407
974,162,0.1154716002426602
280,526,0.11547142102018587
267,460,0.11546809221722756
494,431,0.11546636521773197
101,674,0.11546492621137938
291,226,0.11546307720685588
280,1003,0.11546164420359832
280,785,0.11546111157137094
267,1117,0.11545873596731186
928,342,0.11545843926276247
1106,694,0.11545768430184433
974,15,0.11545675998484274
101,514,0.11545544291420567
188,832,0.11545490266096801
290,291,0.11545439086920715
494,982,0.11545370325608677
960,508,0.11545026737219667
280,1058,0.11544835446180726
822,134,0.11544707715123109
280,845,0.11544687240968794
599,494,0.11544605909727174
928,271,0.1154441938272304
290,841,0.1154434136444925
822,816,0.11544211751721785
188,1006,0.11544129858843175
267,1029,0.11543217313842953
17,912,0.11542910125050998
478,177,0.11542696366887265
188,416,0.1154268856082584
291,58,0.11542574332197963
17,688,0.11542407086299694
267,373,0.11542374132905546
960,408,0.11542337266880562
494,136,0.11542276973496543
478,213,0.1154223092686275
188,779,0.11541872792037886
870,850,0.11541541980769633
1106,21,0.11541471633141803
188,840,0.11541388961269064
494,98,0.11541324234939351
272,629,0.1154109201577314
272,579,0.1154075560827855
822,277,0.11540613971362837
478,749,0.11540438325333141
1130,981,0.11540212488750241
290,649,0.11540018310325711
870,675,0.1153999632014868
478,147,0.11539865387477848
822,369,0.11539708794021648
291,284,0.11539675432132593
17,412,0.11539475706947659
928,73,0.11539194447238274
974,149,0.11539185610853292
291,838,0.11538543714777603
822,946,0.11538534125080509
870,390,0.11538373373703628
1003,39,0.1153836711640208
974,229,0.11537937501545124
17,385,0.11537859836688422
599,1012,0.11537833988680958
267,649,0.11537588396848468
188,376,0.11537577583017367
17,753,0.11537389618909737
870,626,0.11537341751750022
188,134,0.11537286582118668
1045,650,0.11537192991924371
272,530,0.11537134863908012
291,812,0.11537042857400288
17,290,0.11536920032777395
1106,270,0.11536701539025666
280,125,0.11536608916770724
188,13,0.11536559381148348
101,321,0.1153630815104547
290,1043,0.11536259775595561
188,311,0.11536247841382967
478,727,0.11535660722019409
700,423,0.11535649339513998
188,997,0.11535351865362335
974,683,0.11535325756584185
101,218,0.11535240015514092
188,201,0.11535003659639581
928,213,0.11534969374277401
1130,486,0.1153490023413158
478,995,0.11534316842891458
599,1048,0.11533618188891002
478,984,0.11533338237874935
291,203,0.1153326013033246
1106,861,0.11533209224600992
291,603,0.11533025024482876
494,22,0.11532840202995677
267,587,0.11532838302452207
267,1003,0.1153234520786898
494,880,0.11532208794113222
279,1108,0.11532190681314701
960,598,0.11531839570721752
599,802,0.11531637522722328
291,213,0.11531443086650393
290,787,0.11531326611492802
494,86,0.11531172358252276
17,1032,0.11531008305735094
700,741,0.115309321987563
494,57,0.11530633815213812
700,1012,0.11530366176877849
1003,490,0.1153033241714385
700,893,0.11530185094717818
478,269,0.11530146186088322
928,161,0.11530110433593467
101,165,0.11529906755934588
822,501,0.11529634922132029
1106,433,0.11529087785510124
494,507,0.11528281386457172
960,1077,0.1152826366714547
1106,80,0.11528022614183771
1130,131,0.11527556848708488
960,681,0.11527463512934312
17,220,0.11527400985195733
870,959,0.1152730569086376
291,636,0.11526937260699557
599,1036,0.11526654127886059
599,219,0.11526370211325242
280,903,0.11526219135653758
101,1101,0.1152610451047223
279,1095,0.11525968077132312
290,804,0.11525879154273852
1106,584,0.11525850742347453
478,261,0.11525792694966316
267,1099,0.11525710529560197
1106,1018,0.11525482218545126
101,1126,0.11525479448765838
494,237,0.11525468881256756
870,31,0.11525426615358429
870,1011,0.11524931234286011
290,708,0.11524805549009332
1130,61,0.1152395494792383
599,632,0.11523946891775907
279,704,0.11523893153195414
290,219,0.11523845438206982
960,284,0.11523824196759432
1130,591,0.11523414033755605
1003,660,0.1152319818610953
599,422,0.11523159181555533
822,949,0.11523041714548789
188,941,0.11522712584586231
494,975,0.11522387681731534
291,326,0.11522316779585016
928,130,0.11522295150122405
960,305,0.11521665708259579
478,551,0.11521547294078764
700,409,0.11521175544707314
267,774,0.1152115795268468
17,712,0.11521029551874876
280,122,0.11520996573171799
870,473,0.11520862781392541
974,980,0.11520818831883779
101,860,0.11520769419756151
291,565,0.1152042196454707
870,92,0.11520361511330723
974,976,0.11520319250392647
1130,613,0.11519995620942616
291,1123,0.11519931545001803
101,1074,0.11519470506613343
494,733,0.11518802233887823
478,411,0.11518351968942644
822,327,0.1151828671769242
700,467,0.11518258630060242
279,913,0.11518198721880668
280,556,0.11517925622945561
280,419,0.11517857418455671
17,539,0.11517060306738754
599,23,0.11516902152750566
974,482,0.1151683642504475
822,138,0.11516698551565213
279,832,0.11516615690703136
1003,865,0.1151584475978196
870,257,0.115154204567221
280,405,0.11515256968059376
1045,547,0.11515248316832852
928,759,0.11515206736958701
101,950,0.11515205498357065
700,1002,0.11515077111378393
494,104,0.11515008451950547
267,688,0.11514147056119005
700,228,0.11514143923954027
267,155,0.11513862715661355
101,398,0.11513745704249181
1003,44,0.11513653179014215
279,1117,0.11513419917725655
974,752,0.1151330264011631
188,198,0.11513027439824547
599,554,0.1151275433442956
1003,810,0.11512738599449683
267,808,0.11512564324575104
960,269,0.11512505773759456
928,190,0.11512325429450557
599,427,0.11512200309465351
280,300,0.11511916731452572
17,187,0.11511864109089076
478,181,0.11511414603352263
960,255,0.11511321762748478
599,894,0.11510802087794042
188,902,0.11510701265184836
928,76,0.11510652859947863
870,372,0.11510580298335654
267,777,0.11510539068195158
928,831,0.11510522107709428
1130,322,0.11510413183150832
822,1069,0.11510327031512939
870,679,0.11509844999406667
267,1128,0.11509837063143623
280,955,0.1150981326756368
188,607,0.11509737804975993
494,972,0.11509697920129944
1130,1131,0.11509510897002544
17,515,0.11509116889252881
494,862,0.11508955773257677
870,516,0.1150865775851717
870,627,0.1150852171832425
870,841,0.11508479574685132
974,336,0.11508312591835924
494,547,0.11508130465480289
17,280,0.11507997898699378
291,1033,0.11507841055065515
1106,192,0.11507659881807938
291,893,0.11507319589201663
290,330,0.11507317108127908
1106,676,0.11506740924383346
279,350,0.1150636898331902
1106,437,0.11506025553662112
928,148,0.11505824861605733
599,429,0.1150553531064254
101,752,0.11505340467886697
928,799,0.11505329664292749
101,1021,0.11505058572794503
17,666,0.11505055165044405
101,1113,0.11504927863549116
1003,915,0.11504699986051048
1106,1033,0.11504639629361654
17,90,0.11504401613451605
188,414,0.11504340395458627
290,643,0.11504284295425908
290,495,0.11504094104833693
188,195,0.11503979501606862
870,523,0.11503775867157677
960,582,0.11503579345364644
700,52,0.11503578886776583
267,707,0.11503302240763663
928,100,0.11503247908338522
101,188,0.11503203855313975
870,388,0.11503188476922434
870,454,0.11502485105456035
870,636,0.11502480651948108
267,194,0.11502344613327974
290,229,0.1150208774166144
822,871,0.11501924240969102
17,619,0.11501867816278902
279,160,0.11501779396650177
870,1037,0.1150154780062651
974,685,0.11501400869625993
494,274,0.1150127416774142
101,977,0.11501231431082463
1106,172,0.11501214270115691
290,727,0.11501153087113013
267,928,0.11500899056109583
267,864,0.11500884663562956
101,482,0.11500878622463902
1106,810,0.11500851815482736
822,420,0.11500712938809016
478,937,0.11500660025427208
700,739,0.11500291174285322
101,393,0.11500143537224872
1045,927,0.11500132291647494
290,684,0.11499757197347307
267,184,0.11499755587265546
974,401,0.1149932441035421
188,961,0.11499251147397867
1130,626,0.11498954151867834
17,546,0.11498762000193816
960,516,0.11498735708742211
960,463,0.11498435399250596
17,100,0.11498391280534538
449,157,0.11498322772050314
974,5,0.11498167976845872
1106,310,0.11498028688107044
188,1010,0.11497972465505961
279,1097,0.11497957529826856
188,503,0.11497956613813433
928,721,0.11497901406363285
494,622,0.11497845938220413
494,256,0.11497680012625772
822,754,0.11497558830645609
599,480,0.11497538220731127
599,694,0.11496930434814252
17,26,0.1149656746258083
928,196,0.11496031173617065
17,981,0.11495631305474188
974,633,0.11495224926311146
1003,105,0.11495072290441673
822,734,0.11495039258833575
17,462,0.1149462895238574
599,933,0.1149462357467397
1003,173,0.11494552254698831
280,113,0.11494288817157314
267,962,0.114941826010653
279,593,0.11494135439105051
822,456,0.11493766241216907
960,177,0.11493732458035699
928,447,0.11493680311081775
291,701,0.11493495810090211
279,947,0.114934144605956
599,973,0.11493263291011616
870,574,0.11493168323776963
188,1103,0.11492823640879438
17,1119,0.11492413553927652
478,481,0.11492165059509898
599,284,0.11491919539019514
17,355,0.11491810440813377
188,897,0.11491734147355324
279,624,0.1149166887738755
599,482,0.11491468804585475
17,861,0.11491259065829558
700,1021,0.11491043528442157
1106,693,0.11490797730867085
1106,768,0.11490597693463173
101,117,0.11490152216367587
272,488,0.11490027879649288
960,1008,0.11489624387885801
188,774,0.11489196794340072
870,1063,0.11489080993950629
279,755,0.11488801365022062
822,951,0.11488671492896634
290,1021,0.11488402132620738
478,99,0.11488399179036829
928,78,0.114882521506693
599,91,0.11488163568555385
1003,242,0.11487957948263819
599,194,0.11487149501048767
478,819,0.11487134525350097
290,207,0.11486459814730025
700,1037,0.11486171012168633
272,550,0.11486144406625111
272,411,0.11485951583925641
267,697,0.1148581841733658
101,379,0.11485559353197348
1106,619,0.11485258824955596
928,830,0.11485005838546417
188,882,0.11484986302716083
700,755,0.11484919912243881
279,79,0.11484705459486808
928,622,0.11484536105650131
279,294,0.11484273913516814
700,756,0.11484272546300102
494,5,0.11483938561333694
17,831,0.11483753286322247
494,50,0.11483475832151423
267,467,0.11483325678344838
870,152,0.11482957925243654
1003,939,0.11482681482574623
1106,617,0.11482622876463834
494,748,0.11482094301701538
700,949,0.1148174489123144
599,1091,0.11481459164263108
188,574,0.11481417463875451
1130,711,0.11481262437630203
188,207,0.1148125803824259
870,318,0.11481090573818883
101,709,0.11480657139898978
822,691,0.11480526475588869
1106,1021,0.11480323279148641
494,312,0.11480264431565004
267,112,0.11480235930883777
188,417,0.11479957359438839
494,10,0.11479926984161716
599,908,0.11479889826999605
290,61,0.11479758938367374
290,96,0.11479408719481203
599,43,0.11479358253825249
974,607,0.11479325777514221
272,1046,0.11479320483818434
478,842,0.11479213340509054
188,1070,0.11479158556853865
267,764,0.11478947999914715
1106,777,0.1147869809615035
494,512,0.11478576683797512
267,166,0.11478248047103204
1130,970,0.11478200238717247
280,892,0.11478193932802042
267,188,0.11478171464325777
279,253,0.11478164077714956
291,932,0.11478143142633715
280,251,0.11478064532414112
279,951,0.1147806159208887
822,741,0.11477778899152156
188,576,0.1147761703348678
17,508,0.1147724036463387
960,1092,0.11477226414975977
272,877,0.11477209234368738
101,622,0.11476763872464275
822,831,0.11476716610259506
188,785,0.11476516412390914
700,601,0.11476508664611826
700,729,0.11476256635822345
267,423,0.1147619477868869
599,667,0.11475808974673407
478,559,0.1147570039723259
870,117,0.1147547780536027
267,307,0.11475158080244545
974,901,0.11475018204293348
267,346,0.11474957577922892
1106,311,0.11474955123782653
1106,696,0.11474806147283528
291,855,0.11474791205049664
17,312,0.1147463550926636
280,273,0.11474458279467127
1106,800,0.11474418837802106
599,26,0.11474227950829352
101,77,0.11473891805350833
599,338,0.11473694318795631
267,10,0.11473459681378688
928,336,0.11473443293099135
291,628,0.11473046947388708
1003,636,0.11472919384035309
928,58,0.11472818262365247
1106,355,0.11472368246172646
188,814,0.11472230724153937
960,922,0.11471963159776813
928,841,0.11471933962264015
599,744,0.11471633240294984
101,357,0.11471313408173604
700,999,0.1147104249476868
188,97,0.1147096615314464
290,38,0.11470798441631591
280,485,0.11470766197819894
478,1023,0.114706780923564
494,503,0.11470468906402773
267,414,0.11470303871783914
267,168,0.1147005085188515
280,437,0.11469871993513754
188,422,0.11469102863405932
272,564,0.1146857810383079
1130,979,0.11468397138763746
974,982,0.11468006966084998
279,499,0.11467855368206491
478,408,0.11467696039969827
599,1104,0.11467683007257257
1003,580,0.11467480346247853
101,1059,0.11467443421969398
101,534,0.1146719560283342
267,1039,0.11467065010164117
928,332,0.11467012588097264
478,386,0.11466562852873129
822,589,0.11466398722928113
188,871,0.11465981852844287
700,384,0.11465699452778469
267,494,0.11465401886913089
280,646,0.11465260000941166
928,677,0.11464851536877663
928,504,0.11464844195846424
478,282,0.11464603501883824
960,1020,0.11464495474469201
494,456,0.1146446506118913
599,335,0.11464457578320983
822,634,0.11464136342366327
17,1016,0.11464023362447186
822,775,0.11464021851492043
822,462,0.11463912264427654
291,8,0.11463864995455998
272,71,0.11463681508205167
822,69,0.11463235930973238
291,493,0.11463152974727339
928,435,0.1146277801296384
870,28,0.11462695492513794
822,300,0.11462542905837747
700,305,0.11461588948093245
599,905,0.11461444027879232
279,705,0.11461263290372946
599,989,0.11461201196415223
291,654,0.11461166524739774
279,417,0.11460840295072781
17,703,0.11460444053006215
280,148,0.11459646144730203
188,155,0.11459593778417683
17,245,0.11459580476636354
1106,503,0.11459549608474605
822,622,0.11459541666885266
974,948,0.11459467031025511
599,97,0.11459265892013876
700,630,0.11458947821683889
291,814,0.11458821026575293
272,1094,0.1145880250388851
974,334,0.11458643986859475
291,842,0.11458535083889905
290,418,0.11458457940521609
928,214,0.11458319009920467
822,696,0.11458040502834205
494,914,0.11457881334968398
188,315,0.11457832287084042
478,744,0.11457592099902503
280,879,0.11457466983658747
822,370,0.11457416318296101
280,403,0.11457243896500875
478,400,0.11456804755269136
291,626,0.11456761712623684
928,530,0.11456713240136103
478,79,0.11456662360678632
928,1051,0.11456522314178337
291,201,0.11456426178033391
870,620,0.11456195570132903
291,848,0.11456141487076453
494,744,0.11456102792605487
478,16,0.11455972102656971
291,241,0.11455933503608934
478,889,0.11455870319428414
478,770,0.1145566804752464
267,90,0.11455526365517427
822,549,0.11455452685148798
822,524,0.11455450855261545
1003,337,0.114554367347468
290,658,0.11454818372775812
188,256,0.11454788220988
188,985,0.11454595633851966
1106,564,0.11454529883213697
267,144,0.11454497048099119
822,221,0.11454331545419279
188,396,0.11454049899874011
478,477,0.1145401801002229
290,680,0.114536064604897
279,177,0.11453292957440982
960,18,0.1145307695141833
974,209,0.11452685984746977
267,956,0.11452665343198162
870,91,0.11452462430168499
822,349,0.11452239120059718
870,865,0.11452204244426284
17,589,0.11452112720404177
1130,517,0.11452010683511812
267,825,0.11451507762080351
267,300,0.11451412042068361
960,20,0.11451386451593401
290,504,0.1145136683540208
290,636,0.114512066020273
960,363,0.11450875092410032
267,787,0.11450623834899938
960,459,0.11450516576731164
599,638,0.11450400592977562
280,170,0.11450395264318643
280,1006,0.1145002570875811
494,691,0.11449754473086868
101,93,0.11449743465157206
822,690,0.11449332896292376
1003,279,0.11449318239020984
974,641,0.11449285075314365
188,32,0.11449177419343848
928,1048,0.11449022870160284
291,556,0.11448973823262969
928,909,0.11448665565317953
188,1026,0.11448506344871237
822,806,0.11448501238846472
280,1129,0.11448423097788145
101,122,0.11448353567125501
1106,323,0.11448307258584733
494,736,0.11448190460078769
822,856,0.11447879742671672
291,334,0.11447698477196841
267,409,0.11447691214955055
17,235,0.11447679480576349
280,409,0.11447555087250758
279,12,0.1144754806005286
280,588,0.11447492466490612
700,34,0.11447446045695094
101,305,0.11447327445127264
1130,921,0.1144711483476004
290,138,0.11447110464040738
870,162,0.1144705964274287
290,446,0.11446881846924808
290,991,0.1144683729787527
974,992,0.11446745999717484
290,917,0.11446703401313243
928,854,0.11446518257459026
928,90,0.1144651489250471
960,394,0.11446366523105392
599,645,0.11446286528016061
101,532,0.1144622627084574
267,301,0.11446163840246765
290,460,0.11446126303733899
928,1014,0.11446030001289423
279,1087,0.11445642176976419
1106,569,0.11445480091011262
188,981,0.11445343328908138
188,482,0.11445272636929381
960,191,0.11445044762043918
279,981,0.11444984025597305
494,66,0.11444920298776874
870,525,0.1144435753951902
1106,149,0.11444208321782821
1130,913,0.11444040035027399
928,874,0.11444009021918858
279,641,0.11443781878500164
188,964,0.11443763193198084
291,922,0.11443729625701063
478,368,0.11443711008891672
280,121,0.11443710212644428
1106,903,0.11443709436635555
267,1086,0.11442879127392283
291,486,0.11442098612420681
960,737,0.11441917399158658
267,987,0.11441679989831369
267,947,0.11441632332367209
494,642,0.11441435325872885
290,72,0.11440874722840781
1003,222,0.11440756815992226
494,416,0.11440542408772612
267,330,0.11440355533408081
188,820,0.11440154518918766
599,271,0.11439989021774191
291,979,0.11439972164582651
280,630,0.11439894168940332
870,859,0.11439841734259805
101,702,0.11439828980179083
960,100,0.1143945044357182
960,1033,0.11439407572726285
101,322,0.1143911280376107
290,654,0.11438981929956349
1130,923,0.11438615274502312
960,325,0.11437974104551718
870,840,0.11437964370847382
290,673,0.11437768858122686
960,396,0.11437683901997764
291,398,0.114374054303144
279,607,0.1143729421049576
290,1011,0.11436904795290177
494,707,0.11436795701846386
267,296,0.11436755259991677
290,537,0.11436723511598255
822,1101,0.11436622526518285
822,198,0.11436520007542247
279,288,0.11436184125750379
478,337,0.11435864223954563
17,620,0.1143578380946336
290,681,0.11435648661298298
700,827,0.11435333503691288
960,302,0.1143518816717173
279,99,0.11435066927002696
17,784,0.11434975753052519
974,380,0.11434137150456782
599,855,0.11434115831234727
188,730,0.11434100673206636
870,550,0.1143399043410377
17,326,0.11433985798752104
870,45,0.114338056512915
974,186,0.1143377740599435
267,770,0.11433659060163552
449,1016,0.11433630132471197
1130,416,0.11433476490056714
290,423,0.11433029830207982
928,1061,0.11432969974147132
478,747,0.11432950720832669
291,219,0.11432921469392
478,415,0.11432762341362303
291,30,0.11432693395829806
279,446,0.11432330438745217
280,271,0.1143226168500672
960,226,0.11432238847153398
974,637,0.11431528344853835
478,273,0.11431463077567539
928,689,0.11431375493783129
188,694,0.11431128216952337
1003,571,0.11430939359384691
280,731,0.11430761030861554
700,560,0.11430476973720677
267,156,0.11430451974072481
928,768,0.11430445173267244
960,814,0.11430331822541373
101,1032,0.11430328874601454
478,9,0.11430307565391887
928,1033,0.11430230535179375
870,852,0.11430225600392972
960,1024,0.11429976271009276
188,488,0.11429714697181327
272,403,0.11429584507159977
188,88,0.11429579010804974
870,313,0.11429373949105048
267,610,0.1142933252792993
101,842,0.11429315397210635
290,1123,0.11429173910578677
272,646,0.11429066901656912
290,31,0.11428974517517179
1130,366,0.11428866475175277
267,447,0.11428592386079307
279,191,0.11428166729538021
279,1020,0.11427995707618295
870,972,0.11427856838672829
1130,460,0.11427813950472936
960,33,0.11427800667184741
1130,408,0.1142760167270636
478,697,0.11427533563540758
272,907,0.11427519857800161
960,197,0.11427503613627354
599,379,0.11427443658941487
17,758,0.11427163164429688
291,735,0.11427081052216469
280,298,0.11427012347853421
960,535,0.11426891227144778
1003,73,0.11426883694183489
1003,941,0.11426876069697958
272,764,0.114268045725319
290,108,0.11426732832293245
188,204,0.11426625047332913
267,565,0.1142656865199629
494,513,0.11426539307329071
280,569,0.11426078910345983
280,1086,0.11425971488118278
928,676,0.11425957744264623
280,494,0.11425941196765017
700,44,0.1142585418712994
188,738,0.11425830463413175
290,666,0.11425812982107966
700,1054,0.11425616691051962
101,42,0.1142550148786128
960,259,0.11425380186825587
188,130,0.11425301788186061
267,13,0.11425192086903734
188,637,0.1142503370738202
17,946,0.11424949899856944
291,573,0.11424820793758542
960,124,0.11424777577184216
280,1121,0.11424770946497202
960,909,0.11424419480408611
599,493,0.11424418758132023
478,952,0.1142440233658294
280,984,0.11424282328905427
960,13,0.11424235409177438
272,273,0.11424088672273328
974,400,0.11423963552296817
449,963,0.11423612674301417
599,968,0.11422804291755237
1003,419,0.11422792951553079
870,126,0.11422685569541231
1130,594,0.11422625524211798
700,578,0.11422622178400456
928,582,0.1142251725314089
267,116,0.11422498491551906
280,734,0.11422365153284632
960,26,0.1142209614848763
188,857,0.11422066264806272
822,345,0.11421905401210225
1106,1029,0.11421839904955214
599,306,0.11421793121246801
17,987,0.11421756204524969
494,688,0.11421723516400847
1130,474,0.11421438870033437
960,481,0.11421425969533651
290,336,0.11421370214065663
279,760,0.11420838604021859
188,558,0.11420696486890931
960,588,0.11420576559975107
928,599,0.11420500029609998
1106,717,0.11420400243917023
101,159,0.11420177520028751
599,64,0.11420111402559258
272,468,0.11420066621883551
822,656,0.11420041518218693
960,848,0.11419845994384259
960,840,0.11419805243429453
188,1055,0.1141979841004304
17,522,0.11419665557386308
291,366,0.11419648360275123
17,606,0.11419268037136578
1106,130,0.11419119969904633
280,265,0.11419082905524373
822,173,0.11418990076948196
928,1029,0.11418940479848595
449,214,0.11418718351641918
290,886,0.11418660938887172
960,1036,0.11418658540707415
960,999,0.11418285689004182
101,96,0.11418193998403584
279,583,0.11417398254126213
279,896,0.11417252981476911
291,0,0.11417086119115522
478,858,0.1141703752853356
267,1087,0.11416813379196537
291,1042,0.11416338056493834
280,111,0.11416300786539323
267,940,0.11416217815194883
870,1073,0.11416216603824014
960,656,0.11415680458880934
478,409,0.1141553506975493
101,265,0.11415232191344107
928,510,0.11415060775264443
974,123,0.1141490622568519
494,933,0.11414253798662906
101,1061,0.11414138194934843
290,661,0.11414115854050759
290,741,0.11414112875788986
280,261,0.114140095528286
188,255,0.11413910421630323
280,596,0.11413726563460418
449,559,0.11413517443066643
290,426,0.11413415017593538
279,589,0.11413395858508088
928,621,0.11413286760804374
478,396,0.11413137974961644
960,372,0.11413020139671454
280,144,0.1141277166848691
267,264,0.11412709044390855
188,792,0.11412635623141183
960,823,0.11412560007005011
822,930,0.11412413118041605
188,80,0.11412407710126703
17,414,0.11412399240109243
101,811,0.11412290349296833
1106,937,0.11412180494911653
494,28,0.11412177449844763
974,881,0.11411975351938154
974,573,0.11411684806684479
101,271,0.11411636945576058
101,742,0.11411469528359208
700,319,0.11411404201102145
478,271,0.11411324130663804
1130,617,0.11411085042170709
101,881,0.1141013732322766
1003,52,0.11409990340171337
1106,155,0.11409901439938808
870,853,0.11409709594309751
279,247,0.11409310793524804
700,101,0.11409304803892485
478,88,0.11409293793186989
290,952,0.11409228427672716
1003,468,0.11409117317244263
267,241,0.11408819467618354
928,492,0.11408781479176743
928,21,0.11408611618749374
478,759,0.11408262723752945
267,71,0.11408109013413008
974,187,0.114078460042328
928,1035,0.1140781549274404
272,832,0.1140767146005213
1130,507,0.11407208208903624
449,210,0.1140707021775772
822,161,0.11406865741727529
928,152,0.11406864987049646
494,468,0.1140652362917836
188,91,0.11406146597638858
267,876,0.11406008317025315
1003,40,0.11406003403115636
960,136,0.11405712862480785
494,716,0.11405616247269491
822,1057,0.11405398880837511
928,684,0.11405253664268937
188,621,0.11404753641003197
280,962,0.1140468633464897
279,668,0.1140459524269872
1106,459,0.11404534890700233
290,653,0.11404457449580233
291,554,0.11404403226212781
291,816,0.11404336244771258
870,232,0.11404291190619688
188,826,0.11404230015629464
291,408,0.11404007802243589
279,156,0.11403946726647761
272,902,0.11403882907019244
188,138,0.11403616274146314
267,452,0.11403554231540243
478,699,0.11403550314632988
291,17,0.11402994333353605
272,641,0.11402725493681459
870,89,0.11402658020417702
280,350,0.1140228470977134
101,541,0.11402089145531104
1130,549,0.11401771794004754
1106,1127,0.11401669858516124
291,849,0.11401064060117855
870,1125,0.1140102139295077
280,882,0.11400945843642342
1045,1088,0.11400922778239729
101,712,0.1140064404156166
291,870,0.11400485188059482
1106,261,0.11400403676249929
290,905,0.1139989843665177
960,420,0.11399877151859622
101,664,0.11399870391231454
291,674,0.11399804903413657
822,6,0.11399612962779707
822,256,0.11399369587974673
1106,595,0.11399207369045469
188,90,0.11399030009402353
267,430,0.11398988271109343
700,919,0.11398576245495971
290,853,0.11398379096378132
928,243,0.11398309420711478
928,989,0.11398291874913044
188,929,0.1139816921800242
974,154,0.11398165434784292
494,648,0.11397867907524614
101,90,0.11397834435469618
974,388,0.11397626318535126
290,1127,0.11396967691199124
822,32,0.11396803667844489
290,338,0.11396764182081703
188,362,0.11396430915716863
928,431,0.11396315157362863
188,1076,0.11396047688790731
960,771,0.11396043372653453
272,259,0.11395820674641405
17,281,0.11395558806594772
267,778,0.11395024599420384
101,912,0.11394902197571985
1003,1090,0.11394733202372063
494,461,0.1139451891075423
960,799,0.1139445711866352
822,673,0.11394380776393954
272,860,0.11394239979838361
494,247,0.1139409019316243
267,79,0.113940712039026
267,1056,0.11394029492877644
17,879,0.11393766749547385
870,986,0.11393745883636303
822,1,0.1139332271934774
1130,895,0.11393125846164219
17,1072,0.11393058840369909
928,276,0.11392953756448923
870,824,0.11392758634443681
599,268,0.11392501969996319
188,955,0.11391473644340651
599,781,0.11391084120694416
822,350,0.1139104898688542
822,360,0.11391022988168965
267,718,0.11390909299422557
267,1028,0.11390881779783091
279,448,0.11390288586148341
101,638,0.11390149197234606
928,1103,0.11389960991880034
494,734,0.11389859384727441
1003,564,0.11389679564549404
494,234,0.11389549982043291
974,197,0.1138896511780009
974,981,0.11388870424022471
279,76,0.113887646198742
822,1081,0.11388751635392615
267,299,0.11388699207046524
280,702,0.113883805680161
1003,138,0.11388310253312142
188,215,0.11388104765761853
280,644,0.11387865794396318
291,678,0.11387804934970579
870,1034,0.11387715773422709
974,964,0.11387478397356332
290,922,0.11387376729687733
280,909,0.1138736183395591
1130,1126,0.11387188602795231
280,737,0.11387030299428352
870,610,0.11386920332049953
1106,872,0.11386649224547558
101,894,0.11386627834219407
1003,805,0.11386543770910963
478,91,0.11386404702612872
1130,167,0.1138618332039121
700,1091,0.11385688008813215
870,7,0.1138563612840528
17,970,0.1138550525092959
272,295,0.11385349445555248
291,584,0.1138488525421717
290,396,0.11384819468156873
17,864,0.11384629787062996
1106,354,0.1138462320144637
599,1087,0.11384522482512306
17,735,0.11384497110633025
928,340,0.11384422622672538
870,111,0.1138433789219954
291,560,0.11384155538013375
280,608,0.1138408831794873
822,85,0.11384050500851159
17,413,0.11383837833645322
822,780,0.11383797221466307
974,1020,0.1138378251490846
17,142,0.1138360845109021
599,708,0.11383372996511198
960,288,0.11382976966015164
101,23,0.11382974203160585
599,641,0.11382516028130969
960,1030,0.11382238919881021
822,446,0.11382172547556678
290,274,0.11381986520794111
599,629,0.11381685077930206
870,197,0.11381617053611004
1106,451,0.11381483465790994
700,447,0.11381121869135043
280,351,0.11380853824280673
188,313,0.11380848485127329
822,400,0.11380712456439765
1106,185,0.11380482845942387
290,319,0.11380368041053758
928,338,0.11379680478866515
290,938,0.11379539094016525
1045,1057,0.11379529160813513
928,59,0.11379504560119785
960,89,0.11379353527261181
478,139,0.1137914113583486
870,451,0.1137829909259055
974,977,0.1137815453536046
478,766,0.11377717400121608
17,566,0.11377248907798536
279,1007,0.11376612693520889
272,166,0.11376585769740531
974,1027,0.11376494725516546
974,317,0.11376469707513273
700,147,0.11376326904540891
290,258,0.1137611854932909
267,1060,0.11375879962033923
1106,399,0.113758675234594
101,517,0.11375838655425799
1106,912,0.11375762328808182
272,857,0.11375441426738768
822,455,0.11375425670552042
290,657,0.1137507201323431
1106,583,0.11375045729019842
1106,511,0.11374930105572424
280,647,0.11374856403981018
1003,912,0.1137460092316638
291,903,0.11374349453558538
280,619,0.11374077876878978
291,170,0.11374071827648215
960,747,0.11373935289801024
290,233,0.11373823701260555
700,894,0.11373357847788929
1130,700,0.113727687689165
1045,1010,0.11372727248106984
494,754,0.11372691864267565
928,712,0.11372465809357453
1130,129,0.11372241653884788
291,1117,0.11372178460201485
267,1020,0.11372037786543449
17,463,0.1137191811698841
974,214,0.1137189341803093
700,14,0.11371746414309511
17,177,0.11371437046429797
17,868,0.11371375066254563
188,433,0.11371273906317039
291,60,0.11371120520749567
928,840,0.11370603567623375
494,510,0.1137025789638952
291,642,0.11369793851466087
1106,646,0.1136966014484812
188,484,0.11369536062383215
974,375,0.11369382771082054
291,797,0.1136930485035713
822,792,0.11369033950582806
822,664,0.11368920210334553
1003,274,0.11368851835324002
822,91,0.11368252572411514
960,218,0.11368170021913859
928,183,0.11368041540520957
291,740,0.11367856949632649
960,984,0.11367683318957218
17,165,0.11367675334972412
279,596,0.11367554967264223
272,547,0.1136739983630719
1130,883,0.1136729346933686
928,923,0.1136722876344355
478,22,0.11367167365864622
291,155,0.11367090578825453
599,400,0.1136702318389788
494,983,0.1136681910280502
291,161,0.11366583814676204
1003,619,0.11366578115817078
1106,869,0.11366341977449759
700,432,0.11366267956830121
17,411,0.11366256198941732
101,913,0.11365919527651146
449,266,0.11365847355214267
494,157,0.11365353897890874
17,254,0.11365229213003364
928,229,0.113651270065107
101,1037,0.11365067371876449
960,625,0.113650353831149
700,762,0.11364964188909533
700,821,0.1136488549697627
870,932,0.11364817469234356
870,757,0.11364610536035967
101,1051,0.11364446785335847
280,876,0.11364162833497042
267,584,0.11364118653093218
1106,402,0.1136393300651067
267,433,0.11363785044870221
290,1108,0.11363523946195812
700,1068,0.11362992860242055
291,397,0.11362898341210437
494,239,0.11362638063961854
290,85,0.11362362560948891
17,806,0.11362339862837204
290,589,0.11362274954877864
290,730,0.11362248337143807
17,992,0.11362156320305943
870,936,0.11362140352297861
599,880,0.11361994835531956
267,801,0.11361542060240015
280,1091,0.11361271229525473
928,392,0.11361258126184469
267,845,0.11361132842246872
870,353,0.11360818632508413
17,172,0.11360610975538003
290,331,0.11360562932721058
101,216,0.11360155691412831
1106,730,0.1135990406374338
280,858,0.11359847256762576
1130,662,0.11359836041804715
599,212,0.11359688546471966
267,242,0.11359437842504172
974,444,0.11359423465125816
599,216,0.11359365649694834
928,933,0.1135925967457168
494,285,0.11359031423515234
17,67,0.11359012434462185
280,755,0.11359005131849922
291,988,0.11358994864223382
960,573,0.11358967163447387
267,342,0.11358854034457296
17,32,0.1135836329564448
290,1069,0.11358356570873986
960,307,0.1135829111200591
870,301,0.11358129812785696
974,813,0.11357929576984868
1106,1041,0.11357831369789684
290,620,0.11357480858267137
1130,1023,0.11356971216199176
1106,111,0.11356871813975025
1130,668,0.1135678076173307
1130,175,0.11356645859200394
974,488,0.11356093407731674
267,634,0.11356024025575613
17,957,0.11355901882500884
267,747,0.1135588374495432
822,727,0.11355740922325136
267,465,0.11355420202141256
1045,7,0.11355368957218556
494,1031,0.11354895208700344
928,943,0.11354860460483752
280,541,0.11354343293007182
960,442,0.11354289389809144
870,730,0.11354053610450465
188,539,0.11353897663509584
870,409,0.11353892976632404
1106,384,0.11353725493649054
974,1041,0.11353602665043006
101,597,0.11353567038616864
188,601,0.11353566209687599
1003,239,0.11353364037173241
700,174,0.11353214711894885
290,879,0.11353100135226156
960,1007,0.11352688440561538
478,865,0.11352660030485752
478,93,0.11352430845198466
188,444,0.11352321612258069
17,110,0.1135221627716267
974,959,0.11351929836228332
960,480,0.11351271992104274
101,767,0.11351120798287324
478,872,0.11351103917550706
272,583,0.11351046514301705
267,238,0.11350662098365553
280,337,0.11350438488645717
101,231,0.11350267874484056
280,16,0.11350187268732057
279,779,0.11349890155939492
700,16,0.1134978979102448
1130,491,0.11349734057110351
974,484,0.11349051334318158
599,893,0.11348996325332512
280,379,0.11348763307018865
478,596,0.11348639671331677
101,675,0.11348522839593365
280,86,0.11348489714954528
101,929,0.11348468701597421
494,872,0.11348150819346883
870,1105,0.11347678020499403
17,655,0.11347297669851553
101,198,0.11347188956781128
870,1103,0.11346854745180752
280,671,0.11346793907115416
928,0,0.11346508981838782
188,749,0.11346093371759235
272,934,0.11345916996481918
101,76,0.11345681063543664
599,283,0.11345637456693278
101,424,0.11345590048028692
974,204,0.11345465792210034
101,342,0.11345279542877006
700,771,0.11345243824640697
267,228,0.11345178830043579
960,680,0.11345036383850765
822,390,0.11345034786597004
1106,195,0.11345000392567861
290,551,0.11344830231555797
291,826,0.11344285142528547
1106,468,0.11344218057324723
822,873,0.11344155132974855
928,520,0.11344074980724667
478,561,0.11344004070583494
101,280,0.11343908777527556
1130,171,0.11343871570050247
870,956,0.1134345505706214
188,48,0.11343450768165488
280,704,0.11343316999987725
101,640,0.11342991871598308
1106,313,0.11342939623997086
928,892,0.11342695828369503
1106,955,0.11342630518573239
478,683,0.11342175697626936
279,831,0.11342096553645795
1106,76,0.11341961639212442
599,640,0.1134193632360351
870,973,0.11341751766220906
700,1129,0.11341483394844674
267,119,0.11341371190310393
290,568,0.11341365143166417
1003,128,0.11341363996434516
700,972,0.1134116337656214
17,1116,0.11341045488618377
279,569,0.11340608998486203
290,174,0.11340375167456916
1106,69,0.11340133498436956
17,230,0.11340027201532825
291,589,0.11340005880478891
290,140,0.11340001775444314
188,102,0.1133953600340621
17,428,0.11339358491782091
928,1,0.1133927632738687
928,1097,0.11339264359144834
700,869,0.11339204551820041
700,1122,0.11338793725693586
267,944,0.11338430055754954
960,52,0.11338335383187999
290,134,0.11338164936287333
272,593,0.11338086979373506
17,353,0.11338067670798509
928,295,0.11337813749837024
272,1035,0.11337674015114221
960,419,0.11337666633309564
291,152,0.11337625896320577
267,8,0.11337323303322505
17,570,0.11337087740893759
822,743,0.11336862930802637
291,174,0.11336346868268479
960,353,0.11336265793254144
870,20,0.11336080131688857
17,904,0.11335718599595455
291,178,0.11335582384900943
280,831,0.11334900022799073
822,844,0.11334787548226971
272,427,0.1133399908470622
279,394,0.11333794409186453
267,789,0.11333192505409324
494,144,0.1133315620957506
272,125,0.11332986636164237
267,601,0.11332881088259213
960,207,0.11332870578936495
1106,348,0.1133247986938716
599,622,0.11332421616196695
272,353,0.11332334095187122
188,656,0.11332307711069528
280,361,0.11332248709120152
267,309,0.1133205532823283
267,282,0.11331857280805246
449,1052,0.1133167278820532
700,587,0.11331633539470201
599,582,0.11331356660261158
17,9,0.11331268813389066
280,1085,0.11331176283002581
290,379,0.11331160680213806
478,344,0.11331136486547941
1106,883,0.11331054226557159
822,334,0.1133082262596681
478,898,0.11330574186286443
494,790,0.11330529686156139
291,164,0.11330529140310786
267,683,0.11330480763991889
280,539,0.11330402123024545
478,1052,0.11330399038155992
928,406,0.11329727102666295
494,1121,0.11329687724032673
280,78,0.11329525630112786
272,917,0.11329525310742371
290,715,0.11329493581793956
267,277,0.11329261051217017
870,784,0.11329059271303028
822,354,0.11328913467966394
599,158,0.11328871818823222
494,1110,0.11328836152245894
974,516,0.11328767824977788
1106,349,0.11328762885508213
279,117,0.11328357394183176
822,296,0.11328116543503906
188,1099,0.11327989351769076
272,683,0.11327746474708478
280,143,0.11327561314942065
280,8,0.11327163898742733
101,556,0.11327149797451805
101,229,0.11326876322525718
290,358,0.11326871853184257
960,667,0.11326477323992996
494,77,0.11326003527585507
101,399,0.11325886813913381
974,1072,0.11325608640726376
280,970,0.11325534558082176
599,845,0.11324898793426567
974,95,0.11324504050977954
290,215,0.1132439788476304
279,334,0.11324325233292
267,96,0.11324260045455542
17,663,0.1132404210163629
101,5,0.11323960966547957
17,486,0.11323301903948237
101,997,0.1132282834704393
960,544,0.11322409778080345
599,1077,0.11322395854474067
599,532,0.11322345023191897
290,161,0.11322307093292414
1106,915,0.11322134895736793
928,303,0.113220041280639
188,429,0.11321796330194096
494,326,0.1132171634946858
822,794,0.1132159641885415
280,724,0.11321517561830925
17,766,0.1132122538165342
17,15,0.11320952629768664
960,329,0.11320575403609276
101,662,0.11320463210392527
494,694,0.11320316033446676
267,1023,0.11319876538929527
267,335,0.11319767957686351
188,524,0.11319735319493275
870,1062,0.11319429241839081
188,898,0.11319385103656665
17,671,0.11319339103010008
1045,509,0.11319106516873795
280,1118,0.11318720689523387
928,22,0.11318669225236538
960,281,0.11318594026585778
1130,762,0.1131858199127312
188,1058,0.1131817802447418
870,247,0.11318053918679385
1130,79,0.11317600445284386
960,553,0.11317534721406072
101,59,0.11317243140086153
101,1122,0.11317053695560779
267,138,0.11317019168282154
280,1062,0.11316922414415428
478,931,0.1131689249677172
280,213,0.11316854376992652
870,10,0.1131679031194472
822,536,0.1131677504573636
267,916,0.11316719914688188
291,989,0.11316604336009065
870,557,0.11316536267270735
290,417,0.11316378817373417
928,1055,0.1131629437544648
17,1105,0.1131627357690845
1106,358,0.11316159584780607
291,758,0.11315988997527693
960,704,0.113156181311857
279,312,0.11315557823110484
1130,585,0.11315325326183105
188,866,0.11315220861480692
599,337,0.11315140010385198
279,459,0.11314918769499552
822,826,0.11314909446175846
280,1073,0.11314479220878386
478,782,0.11314419543191968
267,445,0.1131400901883594
700,151,0.11313755253024081
928,739,0.11313405660025108
280,844,0.11313155140472594
17,379,0.11313075003588864
101,643,0.1131286404346967
822,1053,0.11312859545588912
1106,259,0.11312784218306034
188,917,0.1131252712572539
1106,820,0.11312306501797172
279,408,0.11311966431363583
267,128,0.11311576979395974
928,852,0.1131154239265374
279,826,0.11311389451112572
822,751,0.1131111321071284
870,844,0.11311084181476502
280,649,0.11310883191406039
290,874,0.1131079256717543
291,331,0.11310780311711924
960,910,0.11310725912162455
870,100,0.11310696324979413
449,737,0.11310663817370471
974,821,0.11310454376878315
188,427,0.11310380618288597
267,591,0.11310357933371275
870,587,0.11310181717567332
101,193,0.1131013735135209
960,833,0.11310072731397167
700,953,0.11309858436091136
478,33,0.11309620424173705
17,706,0.1130942769936132
700,464,0.11309374745379892
17,564,0.11309316089799344
279,63,0.11309278270129496
1106,845,0.11309242674207748
1045,933,0.11309133380281777
101,579,0.1130910166548091
280,359,0.11308576464441532
822,269,0.11308566883353072
101,879,0.11308395009866919
599,1014,0.11308348677506072
188,312,0.11308218121709909
494,11,0.11307878016681125
280,366,0.11307841101087522
822,168,0.11307775535221498
279,879,0.11307712479827743
960,308,0.11307315251880196
960,923,0.11306831631126302
599,259,0.11306813776238153
290,243,0.11306781851884552
290,566,0.11306774891650105
1130,801,0.11305816170954434
290,359,0.11305578652625815
17,659,0.11305354651871179
700,906,0.11305317842137357
280,738,0.11304942206262353
17,375,0.11304917100158851
272,569,0.11304665902718218
272,985,0.11304623447270938
700,296,0.11304562569973342
188,238,0.11304554427965342
1106,796,0.1130446900590895
1106,196,0.11304272426851131
1003,1,0.11304069709589423
101,131,0.11304022593327592
599,299,0.11303843824745193
700,897,0.11303740205616514
279,361,0.11303735378089612
822,711,0.1130361355410503
494,932,0.11303594903827771
279,214,0.11303267371531542
960,15,0.11303001960355182
188,973,0.11302889653569964
974,643,0.11302874109233742
870,647,0.11302049690507013
290,957,0.11301677302522557
188,801,0.11301454712769468
822,920,0.11301375747278934
478,709,0.11301115109593872
101,1104,0.1130109082045153
822,1026,0.11301065383535873
188,920,0.11300802232123391
272,586,0.11300709699310513
280,999,0.1130050598899983
700,671,0.11300423778160186
279,1098,0.11300301905530774
267,831,0.11300271829633474
478,378,0.11300223266507511
494,541,0.11300202718657945
267,802,0.11300045455332776
290,196,0.11299910032660018
267,49,0.11299617470451855
188,754,0.11299020756037703
870,77,0.11298288685389624
101,416,0.1129819151681368
928,855,0.11298180863411018
928,1022,0.11297907324664644
17,499,0.11297823644900777
188,550,0.11297807161649066
290,1006,0.11297297518545407
960,776,0.1129728479647843
291,280,0.11297063314484869
17,722,0.11297052312125648
960,165,0.1129688420433788
188,724,0.1129672398760879
1130,202,0.11296669272042249
478,83,0.11296525555571646
280,145,0.11296369104011854
494,940,0.11296353681939705
960,552,0.11296147029037278
960,815,0.11296124935919975
101,373,0.11296004115066256
1130,31,0.11295944737460316
960,319,0.11295820863272528
928,1008,0.11295814536897676
1106,1097,0.11295712969220842
290,501,0.11295522103648477
494,948,0.11295502327168956
822,639,0.1129531634229466
928,311,0.11294567872461575
494,1022,0.11294112649915151
928,829,0.11294021330603028
928,149,0.11293915025656484
267,538,0.1129391264694488
1106,662,0.11293593553824112
188,711,0.11293287526304262
188,322,0.11292590743376772
928,929,0.11292384406263747
188,259,0.11292319256300647
188,806,0.11292036970145258
291,1010,0.11291972682040474
822,679,0.11291825756888474
1003,1026,0.11291685334468257
478,1022,0.11291681169876698
928,707,0.11291567002772177
599,898,0.11291490215493419
822,1034,0.11291339445875115
1106,256,0.11290888937299214
928,760,0.11290275526379823
291,471,0.11290194499133165
280,1078,0.1128987149960791
599,895,0.11289777662382894
101,708,0.11289619705323908
279,1102,0.11289446963903998
599,250,0.11289216944065804
599,816,0.11289116237915808
700,924,0.1128886936209298
17,1092,0.11288585148935919
101,1072,0.11288377899852713
101,628,0.11287546818166475
960,181,0.11287447363088615
188,332,0.11287389401396844
279,291,0.1128726843851488
267,783,0.11287184901164361
290,627,0.11286974026460202
478,521,0.11286910210459875
822,23,0.11286870715989542
291,672,0.11286849534776573
188,771,0.11286464480862621
101,682,0.11286038174063338
974,322,0.11285975567825228
449,502,0.11285918282037719
267,823,0.11285693101463042
974,184,0.11285623730920243
822,777,0.1128556737919084
280,749,0.11285530392962159
188,1040,0.11285483329793172
974,572,0.11285302210238465
494,187,0.11285273911363637
822,159,0.11285158858955364
822,67,0.11285138109168001
822,15,0.11284907179647703
280,352,0.11284750307794869
1106,907,0.11284660391110814
280,256,0.11284606690238755
267,782,0.11284150762163944
1003,333,0.11283900709351961
478,321,0.1128389963242812
449,982,0.11283527456675943
494,930,0.11283356914364909
279,797,0.11283311936849018
478,348,0.1128309976749912
449,711,0.11283035305229706
599,774,0.11282441346940437
1003,704,0.11282324101995239
1106,484,0.11282216048598155
17,316,0.11281968171671182
960,360,0.11281796160966283
928,997,0.11281762404455767
449,541,0.11281395210608251
279,860,0.11281161235373355
17,262,0.11280766437658425
280,431,0.1128045179504801
291,125,0.11280450636602567
267,917,0.11280332743053881
494,729,0.11280272107171133
291,20,0.11280198344915889
700,492,0.11280090261202846
928,256,0.11279855124914774
267,22,0.11279683724080117
928,8,0.11279507023861131
279,716,0.11279334550479393
290,204,0.11279000259366449
960,742,0.11278739827402426
188,813,0.11278699686505876
478,496,0.11278676375499262
928,6,0.11278552466007682
280,173,0.11278548041308589
822,98,0.11278505627903887
101,934,0.11278466209395292
700,85,0.11278463437956333
960,708,0.11278285929358874
599,756,0.11278273609821667
974,16,0.11278043066646407
267,276,0.11277917219550103
290,1053,0.11277622765896284
280,822,0.11277559762563395
1003,270,0.11277503065472867
822,276,0.11277214954348187
974,417,0.11277099505642303
188,16,0.11276919769585138
700,971,0.11276894446470145
188,775,0.11276767344220935
1106,1068,0.11276709019932618
291,336,0.11276425627545288
188,59,0.11276314521581783
1003,859,0.11275968349060479
290,199,0.11275782978933085
870,751,0.11275066454666852
101,927,0.1127495070075103
188,226,0.11274774234633181
822,902,0.11274755932048562
272,1018,0.1127474297621241
17,622,0.11274640672217393
1130,663,0.11274337317265702
267,499,0.1127398308466456
290,147,0.11273916141311392
494,360,0.11273642549737978
599,485,0.1127364234237544
478,978,0.11273559321311379
822,324,0.11273497160086678
599,114,0.11273222767826738
960,208,0.11272832540215647
267,862,0.11272724426139984
101,592,0.11272529306111241
101,684,0.11272511707186153
494,353,0.1127250912141426
870,982,0.11271998018575255
974,1054,0.11271990864661646
599,981,0.11271822240776362
960,517,0.11271688699935813
279,1015,0.1127166651400629
974,593,0.11271573468350018
279,869,0.11271511287174332
291,96,0.11271436105433026
1130,738,0.1127139579567181
700,1108,0.11271118510115948
870,432,0.11271034673813875
928,716,0.11270756518455866
101,1108,0.11270671600343586
101,411,0.1127051057315613
494,776,0.11270202424231501
1003,326,0.11270135101399895
279,97,0.11269984891200036
1003,802,0.11269865512127011
267,664,0.11269797035991938
101,228,0.11269573380127501
449,547,0.11269536794824085
700,91,0.1126927740354768
494,893,0.11269213425208809
478,52,0.11269103346296762
280,1053,0.1126899000037769
291,769,0.11268887993010487
280,790,0.1126887628595343
188,946,0.11268857470101111
974,393,0.11268836814492635
1130,426,0.112678942000224
290,748,0.11267888403041984
101,939,0.11267795854171127
290,668,0.11267685620532358
822,339,0.11267399704850604
960,427,0.11267374201236594
974,432,0.11267280121069041
267,149,0.11267227852013367
822,716,0.1126717019438737
494,769,0.11266824560076034
928,592,0.1126652191662691
599,791,0.11266444466309965
974,45,0.1126623348927227
280,736,0.11266233292766138
960,762,0.11266056892986366
1130,1084,0.11265943554011568
290,592,0.11265923250137004
17,690,0.11265825834703229
1130,116,0.11265609939652133
280,471,0.11265260299711641
291,361,0.11265003467779548
291,365,0.11264967572694533
700,790,0.11264702536495617
960,405,0.11264216980992094
291,608,0.11264200073613767
101,619,0.112641276256985
960,483,0.11263786285709466
267,1094,0.11263755345077978
1106,202,0.11263614030681515
267,403,0.11263099431588511
974,617,0.112623973436593
267,235,0.11262339437431156
1106,909,0.11262256748300632
290,244,0.11262239762601153
280,607,0.11261935747974276
280,184,0.11261872611406132
272,296,0.11261817472006154
272,670,0.11261752935217742
599,376,0.11261411198946912
267,183,0.1126132294749106
188,686,0.11261011660110291
478,993,0.11260714293580343
928,669,0.11260676796238073
188,671,0.11260648002432369
272,336,0.11260200620310319
290,855,0.11260190003743513
290,767,0.11259863064628206
291,90,0.11259525750317684
1106,782,0.11259431693701637
17,914,0.11259196402835736
267,507,0.11259122752767312
17,126,0.11258904505051937
478,835,0.1125873232802287
599,243,0.11258634322075955
822,374,0.11258403178860286
188,923,0.11258329157245538
17,681,0.11258292360166859
1130,983,0.11257826716390028
280,542,0.11257708363305255
279,530,0.11257625837581701
599,572,0.11257381294412921
17,617,0.11257209399698519
960,461,0.11257168188202539
188,73,0.11256974626309306
17,85,0.11256754006560935
280,762,0.11256602081157363
267,484,0.11256548520940342
960,856,0.11256503293611365
960,634,0.11256356913309959
17,181,0.11256297182138537
478,144,0.11255882477135784
822,385,0.11255723661665468
17,526,0.11255719569620962
960,421,0.11255673807525676
188,142,0.11255604992768652
267,98,0.11255595504677307
188,610,0.11255527340728132
291,473,0.11254997414865528
267,1051,0.11254973625290085
478,385,0.1125490182500408
280,479,0.11254736360067308
101,34,0.11254602846486861
17,502,0.11254548880472577
494,576,0.11254501139752862
17,449,0.11254475969458706
280,245,0.11254341497269532
870,82,0.11254157124620116
272,404,0.11253668815717034
101,249,0.11253458293999777
449,54,0.11253221072322778
478,359,0.11253206492814963
272,958,0.11253036953180347
290,267,0.11252718609505392
280,609,0.11252290960900915
928,560,0.11252199074397266
188,940,0.1125211027277569
272,64,0.11252106892634166
960,775,0.11251853017907983
822,1106,0.11251533841352718
822,599,0.112512625200873
960,203,0.11251213512128952
478,256,0.11251192820440528
974,468,0.11251082916397807
822,470,0.1125104721173602
17,454,0.11250764985846817
1003,1009,0.11250655241314862
188,197,0.11250086158367391
101,492,0.11250009307881638
290,971,0.11249866713885033
599,340,0.1124983726717006
17,86,0.11249788744352754
291,824,0.11249651098470556
960,242,0.11249577041130643
290,60,0.1124920357163703
279,490,0.11249121976060489
101,516,0.11248380711190509
272,699,0.11248369329141193
290,646,0.11248355496704854
267,157,0.11248294289445128
188,70,0.11248176037056275
101,722,0.11248093112202927
928,404,0.11247994092536921
960,541,0.11247952512138534
822,904,0.11247542684542382
960,631,0.11247409150809456
290,892,0.11247282801925268
928,617,0.11246477910195926
279,418,0.1124644942174054
188,528,0.11246364181604049
1106,135,0.11246275701809677
822,874,0.11246190869985376
101,677,0.11245795045143954
290,731,0.11245705865350274
272,558,0.11245670769501383
478,1110,0.11245551621613964
280,669,0.11245472331353265
101,987,0.1124528192980855
928,226,0.11245108358538383
290,221,0.11244981182664422
599,109,0.11244749830104073
928,626,0.11244716662197947
17,511,0.11244672889640965
267,979,0.11244474398956492
478,373,0.1124439020298684
188,682,0.11244178913029818
290,271,0.11244091567322603
494,524,0.11243915546833472
478,892,0.11243730741039935
822,416,0.11243456146804731
267,27,0.11243243150345213
101,704,0.11243226091997123
1106,373,0.11243159894118754
1106,755,0.11242972674836253
960,238,0.11242707704564327
1106,1120,0.11242189195957655
960,265,0.11241479212951817
290,545,0.11241459381475072
928,798,0.1124129660863095
188,1128,0.11241279161913259
17,840,0.11241273266815105
822,896,0.11240582186567932
279,773,0.11240387388653662
1106,140,0.11240382798446541
960,918,0.1123972071497842
870,498,0.11239661844555815
478,435,0.11239469210432572
1106,342,0.11239402564529392
1106,705,0.11239360863000257
478,609,0.1123926416216995
1106,801,0.11239072699838666
279,968,0.11239017580052535
188,842,0.11238898601011686
478,644,0.11238664443990597
1130,57,0.11238654947932263
272,104,0.11238353420815791
188,284,0.11238331982739436
822,364,0.11238149032070935
1003,17,0.11238019571583846
290,478,0.11237334018689316
290,785,0.11237313007627742
17,924,0.11237061246832243
700,214,0.11236997766235339
267,290,0.11236787074117155
272,726,0.11236287166800929
101,13,0.11236235625934816
290,6,0.11236143654995326
599,458,0.11235940925235936
290,58,0.11235919281908054
188,108,0.11235706685093148
290,677,0.11235314461078297
188,760,0.1123511511162392
974,797,0.11235103634632126
478,549,0.11235014575884542
928,749,0.11234998308653245
960,1038,0.1123493654098825
267,519,0.1123474003965668
280,418,0.11234738188487196
17,902,0.11234628050142767
188,927,0.11234437739682673
267,536,0.11234272008885961
280,629,0.11234259712619984
822,502,0.11234090960963548
279,55,0.1123370741497761
17,111,0.11233678884708799
822,608,0.11233611135846733
291,1039,0.11233602027334083
290,68,0.11233489847672157
870,789,0.11233423600256608
188,145,0.11233313867932491
267,295,0.11233263281779672
101,240,0.11233255610192822
279,53,0.11233223310340588
822,323,0.11233048509958847
101,1114,0.11232961625502907
478,767,0.11232919066319307
290,559,0.11232372279569929
822,427,0.11231055643911696
17,1007,0.11230536375009585
17,821,0.11230512772204548
1130,824,0.11230471561266302
1106,552,0.11230438153936506
599,675,0.11230410858622829
280,606,0.11230390786567136
1130,294,0.11230041962191743
1106,534,0.11229855996522295
101,876,0.1122973777408973
1003,627,0.11229652961804688
960,989,0.11229538658597536
291,945,0.11229332705140867
280,696,0.11229321134246095
17,811,0.11229210990203248
188,373,0.11229154924640425
960,787,0.11229096497724374
188,709,0.11228593989797613
1106,1062,0.11227916149746175
101,1062,0.11227821731016392
290,973,0.11227817502474201
188,573,0.11227755660567137
291,512,0.11227240280814367
290,939,0.11226921150422661
870,718,0.11226601261176852
870,800,0.11226405116105016
101,946,0.11225907072480835
822,534,0.11225758887107898
290,689,0.11225749055998929
822,722,0.11225648425397418
1003,971,0.11224874094500294
280,530,0.11224833871896396
188,428,0.11224673868747866
928,758,0.11224631931344785
291,39,0.11224536726752564
17,1113,0.11224403121181499
17,253,0.11224274389853989
279,440,0.11224229400298992
272,453,0.11224143756580254
1106,771,0.11224057159827348
101,895,0.11223998749292673
267,598,0.11223903452536059
291,315,0.11223823135410205
17,782,0.11223238284086874
272,1037,0.11223227947133621
267,641,0.1122294226079873
928,922,0.11222925498033955
101,183,0.11222621700633004
279,127,0.11222602585037458
822,735,0.11222403137176246
279,669,0.1122228567002413
279,1127,0.11221621398131844
700,737,0.11221164809184238
599,897,0.11221070848455417
599,353,0.11220990135555128
290,915,0.1122079334507045
928,657,0.11220256175108588
928,718,0.11220101066403199
599,71,0.11219834549614932
267,311,0.11219673158204517
188,205,0.11219498716854301
960,736,0.11219122117506297
1106,229,0.11218843242978749
1130,1106,0.11218617834237735
700,311,0.11218596275383202
822,387,0.11218485089893274
267,569,0.11218442108531416
290,435,0.11218407786398833
822,731,0.11218190255570296
290,858,0.1121793330043556
188,459,0.11217877377189067
1003,276,0.11217852593533764
478,815,0.11217770187341929
1003,1056,0.11217683655209103
974,947,0.11217541579699472
290,164,0.11217443089810736
1003,377,0.1121730357179482
267,693,0.11217228793430237
478,979,0.1121711948499117
1106,504,0.1121706289927482
870,1115,0.11216887559405976
280,1123,0.11216247510464179
17,49,0.1121624197733525
17,678,0.11216155871481266
280,374,0.112161291707888
188,85,0.11215868623131932
101,859,0.11215817696156109
17,789,0.1121576266567688
478,98,0.11215358294409328
101,328,0.11215209290214603
267,283,0.11215126097606382
928,734,0.11214871372183996
188,963,0.11214857751854791
870,876,0.1121464325507741
478,545,0.11214513489115356
291,94,0.11214362779167253
1130,876,0.1121405767321934
188,523,0.1121375736153365
101,6,0.11213755689940749
101,2,0.1121374128293752
280,867,0.11213575355465244
17,577,0.11213441428417276
290,454,0.11213271748977989
188,976,0.11213195446165594
267,955,0.11213003488515608
494,371,0.11212911956894898
267,131,0.11212807988641932
870,662,0.11212773880828601
870,73,0.11212299395461596
928,269,0.11211889593303004
101,44,0.11211756029889787
1106,525,0.11211365781256613
272,991,0.112113573342801
272,1120,0.11211020168552095
822,763,0.1121094879498409
599,767,0.11210795776945187
478,885,0.11210707587549273
17,668,0.11210668566799706
267,240,0.11210158090506762
700,234,0.11209892202937538
267,382,0.11209315783473943
822,591,0.11209143027521597
17,755,0.11208709768479627
101,756,0.11208708072266578
1106,656,0.11208559509919518
478,335,0.11208389697658784
279,541,0.1120818501262818
494,103,0.11208030080490561
928,663,0.11207739838707573
291,370,0.11207651040243574
1003,462,0.1120760976834095
478,436,0.11206972279385488
291,227,0.11206861620228493
870,225,0.11206600179664836
960,306,0.11206110503191437
188,481,0.11206014382665583
188,267,0.11205961715629952
290,128,0.1120587904265706
494,180,0.11205834123083526
291,207,0.11205517879050111
290,45,0.11205425806827402
1130,415,0.11205305257005405
1130,247,0.11204814003763372
1106,274,0.11204792506175071
599,46,0.11204628699155536
101,142,0.11204626565529266
822,424,0.11204356390038266
494,55,0.11204311587432791
1130,1056,0.11204077461832886
1130,107,0.1120403909891319
960,486,0.11203866516856081
188,58,0.1120375254014627
17,1028,0.1120373729904167
1106,385,0.11203517227465795
974,626,0.11202953757049039
280,41,0.11202550436318653
1106,379,0.11202435892014141
1106,527,0.11202275398984904
928,263,0.11202158657152327
290,474,0.11202111295784169
101,494,0.1120203689838261
1106,376,0.11201791503300768
188,23,0.11201665385275543
494,90,0.11201200493566506
494,1113,0.11201166394920863
1106,682,0.11201073916682378
280,975,0.11201010378193764
280,866,0.11200593763444826
1106,1095,0.11200498164501435
960,717,0.11200342629076139
822,927,0.1119999814966756
1003,761,0.11199793201058694
280,1104,0.11199521291387587
494,864,0.1119951946365639
267,892,0.11199482867544554
928,111,0.11199266918018913
928,556,0.11199249859461377
1106,14,0.11199107429569514
599,229,0.1119907563770916
700,628,0.11199070775269404
870,476,0.11199037347970163
822,697,0.11198780179678972
822,438,0.11198620524692826
960,19,0.11198210503052164
960,955,0.11198207945676639
101,355,0.1119797747436789
188,704,0.11197684752079132
280,936,0.11197564208581727
280,1028,0.11197531827943923
1130,799,0.11196693961179524
17,456,0.11196606206519445
101,263,0.11196555204855538
280,701,0.11196289278420361
272,1017,0.11196164899545488
279,236,0.11196146789998607
279,854,0.11196072094997693
267,217,0.11195597357965141
928,819,0.11195489988958772
1130,694,0.11195232234639818
700,346,0.11195105105567871
822,507,0.11194937218945326
1130,747,0.11194873176592078
870,424,0.11194696711773873
290,98,0.11194496071750104
279,26,0.11194012237362647
188,873,0.11193970623537275
188,889,0.11193736441367322
1003,255,0.11193574927383045
267,1038,0.11193187604431538
478,1043,0.11193096802287808
974,548,0.11192920312962823
290,720,0.11192673623496087
478,488,0.11192641625117086
822,941,0.11191978102775753
17,865,0.11191855741269569
280,620,0.11191806230340962
279,1123,0.11191746076939778
928,115,0.11191231676472813
272,394,0.11190866652370454
17,673,0.11190734601647094
290,1058,0.11190041522225382
960,876,0.1118992256288523
17,903,0.1118970107263254
960,724,0.1118969864061938
17,738,0.11189695203677619
822,302,0.11189664046186845
478,218,0.11189391450136728
291,210,0.11189359830561675
280,330,0.11189261236487678
700,12,0.1118924315740405
928,932,0.11189028460482829
267,607,0.1118892096766418
870,420,0.11188871599303088
1003,23,0.11188740530544129
1045,713,0.11188662107772024
290,1033,0.11188341921683904
1106,956,0.11188160011666473
291,889,0.11187662947770101
960,470,0.11186983531641785
494,621,0.11186899946935888
974,945,0.11186622470143925
478,794,0.11186091397476065
974,708,0.11186058647723057
960,650,0.11185673075815206
1106,787,0.11185422394170204
267,1101,0.11185065092102776
17,841,0.11184928636770276
17,524,0.11184882779893818
267,288,0.11184563784185138
17,637,0.1118455655831679
279,498,0.11184516144311446
272,184,0.11184501085824723
928,650,0.11184383219617255
101,1058,0.11184231030006876
599,7,0.11183695040714259
870,239,0.11183282955764351
272,992,0.11183079275628417
267,513,0.11182996852923129
1003,358,0.11182810502195244
280,84,0.1118259576711904
1003,1042,0.11182518603203358
17,273,0.11182408674387435
599,664,0.11182339697083547
101,390,0.11181679513431028
290,561,0.11181665213223183
1003,573,0.11181548508476516
272,93,0.11181347053864357
822,967,0.11181299884105682
599,390,0.11181256357127597
960,151,0.11181233438118712
974,770,0.11181054541410651
290,507,0.11180985220261801
17,364,0.1118095459106822
960,1053,0.11180690948260724
17,882,0.11180448960086273
279,693,0.11180238673643679
974,714,0.11180104517330193
700,655,0.11179905710120398
822,53,0.11179846187924411
272,1043,0.11179591283374102
17,965,0.1117928861301443
101,489,0.11178461058462817
101,979,0.11178234617320378
928,782,0.11178175662477276
928,138,0.11178066756672261
960,509,0.11177949120815901
478,360,0.11177839533450702
280,590,0.11177719166352669
279,44,0.11177626598889213
188,369,0.11177617289139924
1106,396,0.11177357921258438
280,996,0.11177178395298513
267,105,0.11177002612198425
101,753,0.11176899918660607
822,827,0.11176815376111661
267,995,0.11176671392767626
290,1008,0.11176655007118995
267,765,0.11176412798475513
188,645,0.11176204169911035
478,741,0.11176114336335698
280,472,0.1117605567346268
279,42,0.11176043089003615
279,694,0.11175332891278761
1106,657,0.11175214304521643
974,1116,0.11174851161172425
822,875,0.11174712198510744
290,704,0.11174666200709481
279,613,0.11174491749362084
291,792,0.11174179620928869
101,347,0.11174063938636301
822,169,0.11173976735584654
974,719,0.11173911256590639
290,295,0.11173567304503847
700,166,0.1117353399066571
188,438,0.1117321994283409
700,574,0.1117292618492039
290,947,0.11172817557577239
1130,942,0.111727981325759
17,586,0.11172546644366133
290,740,0.11172263707971834
188,591,0.1117212677707933
17,650,0.11171992240225977
101,459,0.11171884259883529
101,626,0.11171614571943497
17,774,0.11171318833089662
1003,792,0.11170894102115721
1003,311,0.1117072850115688
960,857,0.11170232838446219
700,1072,0.11170199407576357
267,99,0.1117016983977876
272,779,0.11170017750108692
494,767,0.11169982407026618
478,989,0.11169847610617283
17,389,0.11169843673610723
188,876,0.11169607132035672
1003,837,0.11169562866650269
494,485,0.11169369193283239
291,971,0.11169235070266426
960,1111,0.11169059558088933
494,203,0.1116881048233567
822,604,0.11168514248948905
928,1026,0.11167778204918276
870,218,0.11167493939949093
974,895,0.11167198575798759
599,136,0.11167005356669903
280,202,0.11166649718849252
1106,586,0.11166582906876416
101,847,0.11165988945073844
478,1106,0.11165823877270026
267,58,0.11165586084198485
267,714,0.11165563914611233
599,917,0.11165265099086695
280,859,0.11165078072270429
101,883,0.11164999266995762
280,922,0.11164974402550344
188,995,0.11164802475159293
101,947,0.11164463386817373
280,565,0.11164175252671928
101,924,0.11164151412560812
290,840,0.11163531604328714
101,548,0.11163429974948648
188,151,0.1116342793099136
700,865,0.11163421635504694
478,671,0.11163385351884134
599,151,0.11163191773914483
188,357,0.11162940277566362
822,745,0.11162638251237282
700,703,0.11162344619083327
494,1059,0.11162328147813828
928,237,0.1116191724345453
1003,261,0.11161274929731924
974,995,0.1116125742120328
280,305,0.11161014665427843
494,799,0.11160498529238846
267,1042,0.11159927908996979
478,655,0.11159725333468026
280,987,0.1115923157294445
822,749,0.11159182751953889
17,819,0.11159177973911948
291,783,0.11159158625527152
960,997,0.11158971428849698
822,804,0.11158883780841154
101,28,0.11158833821384939
188,125,0.11158673229937145
494,809,0.1115864390298005
599,417,0.11158143779923906
188,146,0.11158037909758739
494,781,0.1115794489694334
291,691,0.11157861391292107
291,712,0.11157769224702098
267,369,0.111576026269034
700,402,0.11157240041997701
700,220,0.11156908668612606
279,1021,0.11156622880627835
101,812,0.11156527498401696
928,511,0.11156320734091722
822,226,0.11155857340033921
188,382,0.1115561865052144
1003,878,0.11155125601910977
272,866,0.11155092987403328
290,651,0.11154820688515026
272,76,0.11154461241347269
280,856,0.11154303643102356
928,43,0.1115417261058802
494,787,0.11154022245716365
494,343,0.11153908493716207
188,764,0.11153835165341705
494,131,0.11153745101925691
478,987,0.11153702337863881
280,948,0.11153528198624287
960,176,0.11153145249056594
188,1082,0.1115297413074268
101,1014,0.11152855573119189
101,816,0.11152800641940455
267,749,0.11152309211104246
960,71,0.11152062091991913
478,420,0.11151811542815042
1106,639,0.11151725358501215
290,959,0.11151697415933744
1130,259,0.11151674444632334
1003,217,0.1115159615958275
280,233,0.11150949461495495
928,785,0.1115080757204443
272,653,0.1115077272072754
960,806,0.11150753288282464
928,1069,0.11150750900376641
280,54,0.11150692727728247
494,877,0.11150629172881055
928,970,0.11150623485609563
280,70,0.11150609940112652
700,301,0.11149547193779785
928,369,0.11149387047265565
101,302,0.11149325709780798
974,1093,0.11149129008431538
974,203,0.11149116948116172
599,836,0.111490804467322
101,655,0.11148820469255612
280,525,0.11148518468802769
928,473,0.1114846518879161
272,1096,0.11148336736006145
101,498,0.1114811837433
928,299,0.11148019845703391
928,958,0.11147399399991816
101,575,0.11147254740160954
101,748,0.1114711066661781
290,912,0.11146808595904557
822,336,0.11146664262369811
960,1082,0.11146532164476254
1106,1013,0.1114628968097656
599,177,0.11146237581683024
599,797,0.11146233936095389
101,485,0.11146164726611911
960,834,0.11146092816974758
449,236,0.11145810945053211
700,709,0.11145660843133096
267,937,0.11145444345992749
870,745,0.11145121462895298
272,138,0.11144988358409741
290,524,0.11144922528556694
928,603,0.11144784421249876
928,688,0.111443461565253
599,983,0.11144259683809433
280,353,0.11144073006680288
272,91,0.11144005452409667
17,82,0.11143452684511716
960,707,0.11143306639882011
1106,278,0.11143222895551132
700,186,0.11143184485111281
870,1109,0.11143056611387497
267,437,0.111428654402645
822,1068,0.11142078829840717
822,658,0.11141626165180145
188,1096,0.1114156008622266
280,1022,0.11141530000449586
822,107,0.11141422406002206
280,743,0.11141401829749212
1003,545,0.11141379006785689
1130,721,0.1114120029234201
928,1121,0.11141070146449258
494,680,0.11140975034202175
1106,209,0.11140367574038193
272,1011,0.11139992821164446
291,523,0.11139972187811693
494,496,0.11139902783301246
1045,568,0.11139520742168588
290,1037,0.11139507430803759
1106,23,0.1113936428203224
280,276,0.11138959859923116
267,506,0.11138581872999721
290,1114,0.1113843473176102
267,659,0.11138402208564085
822,399,0.11138381479249004
478,676,0.11137898443138924
928,15,0.11137778651625613
449,65,0.11137695673061285
279,964,0.1113745257719928
290,527,0.11137414647817705
928,264,0.11137280242589934
267,529,0.11137178529106888
272,957,0.11136818909252257
290,239,0.11136665096036777
822,145,0.11136448809876015
17,874,0.11136373038753154
1106,228,0.1113584397752792
290,44,0.11135212975230525
1106,466,0.11135060302162483
494,773,0.11135045564283923
279,152,0.11135039966859438
280,759,0.1113502202548309
188,680,0.11134874841221411
188,149,0.11134784247617431
188,872,0.11134740837116418
290,410,0.1113422031488599
280,576,0.11133974419856862
188,996,0.1113380752390397
494,634,0.1113358008017726
1003,828,0.1113332987643728
1045,775,0.11133080911405256
870,521,0.1113295082942935
291,713,0.11132739595568045
960,903,0.11132565493991024
700,72,0.11132466334151665
870,500,0.11132447427864584
280,139,0.11132398646088745
101,1083,0.11132195158966289
17,1126,0.111320344157592
599,50,0.1113188580765917
101,208,0.11131695616212017
188,277,0.11131413242001363
188,606,0.11131128927457136
1106,668,0.11131086989965581
599,1117,0.11131014816787765
494,1118,0.11130872930054363
960,863,0.11130781349565609
280,279,0.11130652813472504
290,529,0.11130460060996943
478,871,0.11130349746443371
928,328,0.11130338905652717
188,999,0.11130211143961201
599,288,0.11130142316480618
700,1064,0.11129835704951475
1003,1115,0.11129778531722216
267,142,0.11129730706727642
280,410,0.11128958217523874
280,416,0.11128493064155835
822,820,0.11128425802786496
822,189,0.11128271872745701
279,1068,0.11128257367592694
267,404,0.11127689902847906
280,376,0.11127655768078537
290,964,0.1112754909379625
974,675,0.11127136074310344
928,273,0.11126728298680429
267,204,0.11126557002775549
700,8,0.11125889829739892
870,984,0.11125784265624539
960,641,0.11125771602909129
870,777,0.11125640542019204
478,103,0.11125618083608137
822,301,0.11125571169530672
494,780,0.11125220669261829
822,49,0.11124982441703425
599,913,0.1112438155926442
267,396,0.11123758972324314
974,462,0.11123360189039239
280,799,0.11123337222373209
928,645,0.11123283988026317
101,601,0.11123120810180716
478,1111,0.11122956189436467
960,73,0.11122942026346974
101,991,0.11122821454142784
280,464,0.11122796129211808
17,1087,0.11122557995483898
17,448,0.11122532646170628
870,228,0.11121776738752444
280,385,0.11121694277780551
1003,87,0.11121277737438325
267,921,0.11121214485282993
1106,711,0.1112120970845756
822,859,0.11121176517202037
1106,234,0.1112113882064272
279,180,0.11121036322883002
599,416,0.11120978703078416
280,452,0.11120723332421578
974,1012,0.11120722338301098
188,83,0.11120708892231158
928,769,0.11120315537830558
478,187,0.11119645908886701
188,885,0.11119570294135166
928,1038,0.11119355095321544
928,191,0.11119149172738901
17,1009,0.11119021786113767
822,466,0.111187555427121
291,686,0.11118744946712195
822,432,0.11118514939701694
928,176,0.11118219718380817
478,1013,0.11118110909607055
188,608,0.11118055368081332
928,40,0.11117926530759024
188,228,0.11117785208267458
494,225,0.11117264458722585
478,441,0.1111723280410129
290,778,0.1111712572036622
822,674,0.11117122605034235
291,645,0.11117098637115802
599,721,0.111168942783824
267,1013,0.11116847279482892
267,1063,0.111165989594925
101,312,0.11116582135095374
272,1041,0.11116568604450093
291,507,0.11116480334285252
290,842,0.11116425840885098
974,481,0.11116315137376609
291,929,0.11116000008301888
822,245,0.1111568980756532
928,832,0.11115556419837275
290,398,0.11115491000533435
928,580,0.11115025372654365
280,1039,0.11114813181704297
928,871,0.1111458239606676
291,167,0.11114427617075925
279,769,0.11114232673807663
1045,270,0.11113688211684426
290,273,0.11113584015420923
17,125,0.11113487267996418
928,1043,0.11113314384569847
17,291,0.11113252057629903
280,688,0.1111313775656797
1003,378,0.11113052788281166
272,500,0.11112868871881681
267,160,0.11112263483270929
101,902,0.11112240973963379
960,889,0.11112197568936198
188,914,0.1111219289763184
494,404,0.11112171734032439
267,1121,0.11112046367933358
267,866,0.11111967778943109
960,587,0.11111839560296037
101,731,0.11111819302981929
822,942,0.11111536965836184
1106,326,0.1111134952742423
101,956,0.11111205806985529
822,579,0.11111201645793903
290,794,0.11110838517405196
291,234,0.11110657211901595
599,610,0.11110436881380215
17,863,0.11110241213027428
478,340,0.11110091927750917
960,1089,0.11109932116981158
478,736,0.11109751549746506
1003,1019,0.11109602429238505
272,1098,0.11109382309886591
974,1121,0.11109155914046599
822,164,0.11108914832721224
822,981,0.11108835257646031
870,1088,0.11108622105940903
188,791,0.11108517054985835
280,681,0.11108189485320749
188,1031,0.11107884554429384
928,594,0.11107874519681198
188,770,0.11107860441212834
267,608,0.11107816309630136
272,133,0.11107725323720029
960,565,0.11107646515920415
700,164,0.11107301638183217
267,74,0.11107162303525954
101,525,0.11106902000733478
290,818,0.11106841918308864
494,775,0.11106795944116439
101,529,0.1110671201801892
280,938,0.11106706444809117
478,848,0.11106619747583572
279,549,0.11105834845345822
279,920,0.11105693835438187
267,865,0.11104956827934134
17,1022,0.111049527421347
494,378,0.11104731679854293
870,406,0.11104716702229747
101,219,0.11104629834729142
291,380,0.11104241285700035
494,1124,0.11103547384421873
101,103,0.11103349481194033
1106,1007,0.11103162616933798
290,670,0.1110299396604853
494,849,0.1110284328358106
17,334,0.11102433788117785
280,787,0.11102049115559935
188,440,0.1110185764325405
478,119,0.11101788130298697
1045,992,0.11101516128159615
272,853,0.11101491814425755
449,555,0.11101347281579499
700,269,0.11101093084650543
478,956,0.11100617417858175
290,149,0.11100358875933405
960,831,0.11100236682444846
188,1017,0.1109987239329853
494,469,0.11099573627196911
599,1120,0.11099563998008774
822,86,0.1109942739616541
290,790,0.1109919179465387
17,38,0.1109900507312693
101,474,0.11098956949916927
272,911,0.11098853316609389
291,45,0.11098581505625335
1106,473,0.11098290079315787
960,733,0.11097987581669357
279,1023,0.1109784803792926
599,57,0.11097707822520321
1106,207,0.11097580632733406
599,70,0.11096826786722225
478,1030,0.11096678529449612
272,312,0.11096129316457574
280,788,0.11096030639261217
822,210,0.11095963292826515
870,484,0.11095894396677244
279,220,0.11095803648552811
478,30,0.11095031987412646
822,1008,0.110948306659957
599,556,0.11094552832528967
291,109,0.11094528714233569
267,968,0.11094469655739096
494,142,0.11094460408790092
700,947,0.11094406096922733
290,940,0.11094198429535283
290,1078,0.11093245158848392
291,56,0.11093191344079081
870,455,0.11092878327141072
267,521,0.11092595880393817
1106,64,0.11092143012371479
272,698,0.11091928325716544
267,213,0.11091718098476909
280,408,0.11091418392108313
17,972,0.1109026492665082
974,765,0.11090189955368593
870,828,0.1109014020691355
960,539,0.11089658576541772
188,460,0.11089234589720925
478,637,0.11088897457975215
870,871,0.11088580717575937
960,777,0.11088432027541288
188,970,0.11087897261681291
870,302,0.1108788705424532
494,1003,0.1108749267616369
960,512,0.1108748749379166
822,1020,0.11087335328481386
960,933,0.11087262389731996
291,25,0.11087111921464468
960,220,0.11086894363875081
1106,1122,0.11086767529262932
279,277,0.11086721057171844
280,668,0.110863923053999
280,59,0.11086269718375301
822,1021,0.11086262374452284
267,426,0.1108624613325222
960,446,0.11085967552312698
960,127,0.1108581252200124
478,95,0.1108517310108139
928,994,0.11084741555560317
290,953,0.11084665208174763
290,242,0.11083584586503456
17,204,0.11083363246885271
267,745,0.11083180651575407
272,126,0.11083149620547271
267,552,0.11082866534686124
1106,97,0.11082846417571578
960,712,0.11082591028418154
267,780,0.11082105110093254
188,294,0.11081737468937947
188,318,0.1108169286649507
291,985,0.11081618202884956
290,948,0.11081443009584356
700,707,0.11081400651566967
188,242,0.11081126527315889
279,103,0.1108099550776486
700,1028,0.11080252835633729
272,309,0.11080220231917191
599,656,0.11080214721133802
1003,1085,0.11080188038419186
494,573,0.11079818347221347
272,718,0.11079784932547414
928,985,0.1107973462887894
279,521,0.110794307681641
928,112,0.11079175455820252
280,940,0.11078941483090117
928,3,0.11078842425691476
291,444,0.11078762842764692
974,777,0.11078496151735422
280,613,0.11078157001415716
188,642,0.1107811596691606
17,244,0.1107797245678269
101,809,0.11077587280184498
870,655,0.11077432091834169
280,311,0.11077348221611769
494,841,0.11077185478986673
267,730,0.11077095764638806
279,691,0.11076630196849617
267,636,0.11076462806171887
1003,793,0.11076413693890416
599,1058,0.1107626196917514
599,690,0.11075981556436702
188,393,0.11075946945148622
974,292,0.11075465963170772
279,944,0.11075139343458221
101,729,0.11074899696070226
494,922,0.11074821364751244
700,352,0.1107415052306268
928,1092,0.11074139129623968
272,1071,0.11074010995735585
494,217,0.11073653937143418
291,289,0.11073648815543284
928,589,0.11073134208439876
1106,54,0.11073112895367819
17,206,0.11073110279221554
700,568,0.110725717781674
478,293,0.11072558988342206
870,680,0.11072551186632218
928,638,0.11072097272382175
1130,206,0.11071984409553921
494,316,0.11071881504450228
960,864,0.11071535496556628
700,429,0.11071328577971563
870,325,0.11071188941069099
700,584,0.11070958749414114
101,867,0.11070451178777717
599,232,0.11069891681237526
291,865,0.11069843011249858
272,508,0.1106968937784677
494,193,0.11069565958527625
17,907,0.1106922764110175
1106,319,0.11069172752471623
960,867,0.11069114837217357
599,220,0.11068506552112585
700,993,0.11068504272908473
928,402,0.11068276159206471
267,647,0.11068202907968698
1106,283,0.11068059996038218
1106,653,0.11067873024666183
101,237,0.11067531208908772
822,1071,0.11067512170954777
700,770,0.11067335022017152
101,68,0.11067181995000068
17,439,0.11067098792144553
279,492,0.11066983716349253
272,280,0.1106684729934654
267,305,0.11066696794823459
188,888,0.11066569529889833
974,726,0.11066152331335079
822,388,0.11065971022935227
974,506,0.11065657986113245
870,384,0.11065500596349838
974,820,0.11065375131338351
101,706,0.11065204743889781
1106,628,0.11065198332526435
290,696,0.11064838095128182
1106,685,0.11064386240591241
290,1074,0.11064353081553151
960,184,0.11064297170298117
928,962,0.11064021837766301
279,553,0.11063885825314042
101,241,0.11063795327784853
290,628,0.11063674480134164
478,1095,0.11063535432795236
822,912,0.11063335461269515
101,1035,0.11063266741099077
290,622,0.11063137525877025
17,953,0.11062916190071766
928,335,0.11062877015613616
280,161,0.1106283758740757
974,534,0.1106248541802743
290,503,0.11062386117308566
291,898,0.11062216474346431
928,608,0.11062115587918143
928,25,0.11061815053687205
291,978,0.11061771317125019
700,1131,0.11061419064293017
1106,368,0.11061382311137224
188,424,0.11061206888067027
928,127,0.11060852573860461
101,744,0.11060631612774466
700,330,0.11060482355381876
599,503,0.11060019505015423
478,448,0.11059676816218104
974,931,0.11059625290301393
101,1106,0.11059176971721599
870,106,0.11059146767094276
280,869,0.1105888252505568
272,311,0.11058797132313773
822,119,0.11058794134253111
188,843,0.11058738771925827
960,931,0.11058691161007818
870,0,0.1105867884527984
928,444,0.11058599412408363
188,915,0.11058144857755638
1130,708,0.1105802919433905
101,595,0.11057841013193102
928,225,0.11057112245751738
1130,757,0.1105707241506566
188,269,0.11056595547809298
974,94,0.1105610801936538
267,720,0.11056083416301983
17,926,0.1105603180967266
960,474,0.11055518364164295
494,1131,0.11054829981839977
960,482,0.11054817205782776
280,17,0.11054342353303592
290,265,0.11053379160195087
822,1110,0.11053304163039432
494,1086,0.11052942563678654
1003,903,0.11052817732852382
290,256,0.1105263147275633
478,200,0.11052583386646599
17,393,0.11052554198348064
188,308,0.11052479589419784
272,826,0.11052469921128273
17,80,0.11052272640006162
960,585,0.11052058116195441
267,324,0.11051858335678597
822,81,0.110517974705167
267,972,0.11051205194860933
960,257,0.110509479900481
188,176,0.11050888226867833
101,777,0.11050871259456968
279,775,0.11050358673034064
960,599,0.11050356520631864
599,444,0.1105020765113858
267,771,0.11050152047465701
974,75,0.110501272044148
1130,850,0.11049659589249564
599,501,0.11049425017403003
272,737,0.11049296423030941
494,146,0.11049076745231992
974,147,0.11049007262721627
279,581,0.1104890296583097
279,380,0.11048526439749179
1130,666,0.11048265100034727
280,1027,0.11048183657820292
291,23,0.11047652518814657
974,394,0.11047373325478126
822,567,0.1104712727932233
960,476,0.11046883873037029
291,809,0.11046883218264703
928,999,0.11046532031549915
928,564,0.11046120273092101
1106,1017,0.11046118973321128
267,885,0.11046085048013546
267,872,0.11046011429583193
280,739,0.11045756042732371
599,149,0.11045535962070294
188,452,0.11045382931039603
101,788,0.11045262086364344
17,662,0.1104523742225951
290,213,0.11045202405556556
188,714,0.1104511107132835
280,583,0.11045102243209835
928,966,0.11045035326170997
870,244,0.11044651231005527
1106,1085,0.11044430861153023
272,610,0.11044336093500894
290,802,0.11044077403283196
101,863,0.11044072985463675
188,664,0.11044021359193948
1130,448,0.11044010479712615
290,311,0.11043970909468576
1106,49,0.11043623246702187
599,144,0.11043313296753449
599,1044,0.11043178639707522
1003,1092,0.11042957638524663
478,428,0.11042647082751422
700,499,0.11042470718812109
188,740,0.1104236123079799
928,348,0.11042251253825196
267,520,0.11042203061200821
928,428,0.11041859477591855
267,443,0.11041544731652236
290,1031,0.11041473092435179
928,317,0.11041458240659104
17,976,0.11041351151538492
280,248,0.1104120583181553
960,744,0.11041200887436506
280,149,0.1104099839066152
1106,507,0.11040688467142913
449,243,0.11040530247940596
267,46,0.11040242148122192
1003,982,0.11040236447997623
960,145,0.11040225845753339
17,1127,0.11040166733166026
478,606,0.11040143876310171
928,474,0.11040016777995758
974,1052,0.11040012787697218
290,432,0.11039885408334674
599,1075,0.11039236037770465
267,889,0.11039103463318278
1130,615,0.11039091355208491
101,698,0.11038969283098013
272,107,0.11037477058103666
290,999,0.11037312685375884
291,639,0.11037291226921499
1130,53,0.11037263136026731
290,737,0.11036653044103768
1045,569,0.1103665107007688
291,34,0.11036487515883749
1106,502,0.11036465778068655
101,1038,0.11035808122370662
599,231,0.11035703424171571
280,774,0.1103559460803393
1106,888,0.11035563441358523
272,517,0.11035397896465274
700,867,0.1103519615997963
188,1061,0.11035159318733162
494,687,0.11035126696919464
188,727,0.11035092828087403
960,1,0.11035087688609628
478,953,0.11034713515515317
1106,530,0.11034554670839301
279,1054,0.11034435232203554
1130,283,0.1103408968466014
974,164,0.11033893036558466
280,956,0.11033536623648861
290,105,0.11033518578641373
700,657,0.1103319500837569
267,48,0.11033015346629614
478,1063,0.1103301132979617
267,1115,0.11032924667022055
870,412,0.11032824712165762
870,1108,0.11032606564486333
494,737,0.11032562207477258
267,379,0.11032515764781241
1130,819,0.11032303804183238
101,8,0.11031861729941246
280,674,0.11031829081029992
928,678,0.11031789265085216
700,544,0.11031278517668983
1106,62,0.11031123221293435
1106,865,0.11031006047948022
1106,34,0.11030836640773159
280,516,0.11030517090748161
101,83,0.11030468274206115
1003,251,0.11030132483179078
960,568,0.1103008600046419
267,574,0.11030056836215268
960,253,0.11029963195811163
290,268,0.11029562966922901
700,122,0.11029354250958953
494,289,0.11029207823257682
290,1103,0.11029178853638127
599,769,0.1102855054055258
267,859,0.11028510708665876
267,234,0.11028375596869783
478,948,0.11028374256924878
101,614,0.11028305020019685
478,358,0.11028236660870193
272,801,0.1102798391529007
1106,240,0.11027746162609059
928,247,0.11027682915882066
700,135,0.1102735892571289
822,563,0.11027128783150765
280,97,0.11027027946930586
101,174,0.11026788582089653
290,170,0.11026608859607046
272,113,0.11026130175837812
494,965,0.11025909729314216
272,43,0.11025675483923505
279,780,0.11025660989790449
267,847,0.11025504596218592
494,272,0.1102537535154441
101,953,0.11024992003286246
188,998,0.11024523061094836
101,215,0.1102444345266534
280,130,0.11024223289735587
290,458,0.11024174614206902
188,962,0.11023898611811467
870,61,0.11023835580469807
1106,1091,0.1102372485369155
17,750,0.11023720759290541
290,558,0.11023427209169398
188,547,0.11022917173139016
960,225,0.11022663732944325
290,1048,0.11022588098536162
188,931,0.11022545047226137
267,526,0.11022522282733771
17,633,0.1102249346275524
101,888,0.1102248596649208
279,455,0.11022467245328399
599,954,0.11022392735211034
101,741,0.1102222058494926
822,753,0.11022190331507424
272,483,0.11022057206426941
101,438,0.1102087067853384
17,731,0.11020823542520826
494,229,0.11020781259232981
822,475,0.1102070918295857
822,429,0.11020672707635934
101,661,0.11020322432585573
870,783,0.11020078304834907
267,871,0.11019726211226852
928,47,0.11018850252977942
822,889,0.11018709165347157
928,50,0.11018444159162966
291,873,0.11018352133403603
822,407,0.11017862288766749
1106,954,0.1101739236262394
272,567,0.11017378169213367
928,394,0.110172462731328
928,321,0.11017128173804723
291,1090,0.1101665671374361
267,721,0.11016268672459806
1106,618,0.11016231937458035
101,802,0.11016121670386861
272,694,0.11015609191286437
17,869,0.1101560211404703
960,1028,0.11015601177065026
494,148,0.1101549820878669
267,1108,0.11015146208447674
822,602,0.11015128791707883
494,398,0.11015111150675959
280,295,0.11015053035283015
101,890,0.11014674993994605
280,568,0.11013618462623156
279,241,0.11013493153332138
188,572,0.1101229080953284
822,451,0.11012263679362354
960,1037,0.11011945008260353
272,325,0.11011695657721389
599,665,0.11011573878591806
1130,870,0.1101154398841935
478,517,0.11011416872181981
960,887,0.11011234996835491
974,811,0.11011185082444928
700,1036,0.1101080391342268
599,418,0.11010680036434171
267,673,0.1101039982908634
272,977,0.11010340637617311
870,720,0.11010115404353867
494,571,0.1101006271166658
267,257,0.11010035277769505
290,830,0.11009992159559921
478,155,0.11009693209273505
290,414,0.11009260714529938
280,339,0.11009193377974555
101,711,0.11009141624837897
272,632,0.11009042670731604
478,279,0.1100873896932035
272,298,0.11008006528594234
101,620,0.11007820155213945
1130,740,0.11007637296469938
291,546,0.1100756334037958
291,939,0.11007556003187462
188,909,0.11007498242900268
17,701,0.11007484023137708
267,5,0.11007073592005966
960,768,0.11006680017095957
494,505,0.11006126917086688
101,1033,0.11005844377681369
928,949,0.11005656069997272
700,98,0.11005591863889116
1106,9,0.11005534692863396
101,952,0.11005445321761326
870,723,0.11005390005034926
870,755,0.11005370837596723
290,402,0.11005309798064175
1003,554,0.11005236106791848
599,543,0.11005146323511494
272,313,0.11005143993450825
1130,135,0.11005065493330365
101,171,0.11004993501750848
279,1014,0.11004869743088404
279,67,0.11004672546699687
974,691,0.11004663247663983
599,522,0.11004459669077411
290,245,0.11004386283339666
449,454,0.11004344067582636
101,81,0.1100432690740841
101,624,0.11004300618250322
291,887,0.11004083164207183
494,542,0.11004071104406392
928,358,0.11004020827546904
494,477,0.1100338899479863
960,431,0.11003364966127825
974,888,0.11002632048645973
290,797,0.11002389049490949
478,184,0.11002295512380554
290,562,0.11002225232727066
928,1028,0.1100194749269391
599,51,0.11001588080057985
960,478,0.11001572813744553
291,539,0.11001481192344678
478,114,0.110011813479676
822,315,0.11001032540883439
928,470,0.11000909478971668
188,104,0.1100068893211896
280,725,0.11000453926560651
280,752,0.11000160477557935
290,535,0.11000086093310002
1130,376,0.10999352710477167
267,548,0.10999296815866992
290,532,0.1099926388938179
280,21,0.10998988716850676
822,576,0.10998902315496364
280,837,0.1099886655399313
1106,996,0.10998419377174819
478,503,0.10998391861513651
291,38,0.10998226360220728
599,221,0.10998009652605877
267,78,0.10998005603395786
822,610,0.10997981306387333
494,515,0.10997936621586216
290,859,0.1099753828985606
870,360,0.1099730961459579
188,280,0.10997163520643843
188,1035,0.10997155542306974
280,185,0.10997147959717447
279,756,0.10996646424012949
928,845,0.10996484773169325
449,670,0.10995875302922507
188,717,0.10995533190407056
101,412,0.10995155416812333
17,25,0.1099507497465601
960,192,0.10995063232590366
1106,269,0.10994934983252178
960,726,0.10994672604951627
188,474,0.10994561026150111
822,1079,0.10994529083808319
870,230,0.10994305869670688
280,560,0.10994208642610569
17,742,0.10994103634739866
291,1002,0.10993617066127485
291,192,0.10993472309022902
928,793,0.10993414771714495
494,883,0.10993353044372846
478,983,0.10993037710078032
290,791,0.10992962320961892
17,664,0.1099283990516308
928,1004,0.10992830125116182
272,713,0.1099275517649415
188,430,0.10992666457448981
928,1065,0.10992524838358474
267,456,0.10992484454515493
974,652,0.10992455338280126
290,55,0.1099206380759931
599,461,0.10991423628451107
960,232,0.10991415286026153
478,959,0.10991254373173859
188,1069,0.10991094091200718
101,1042,0.10990958749288138
101,1008,0.10990880175327461
267,933,0.1099081762470286
478,585,0.1099074272307118
17,715,0.10990513920774422
290,887,0.10990240408097607
17,371,0.10989649702151046
928,826,0.10989586752461593
290,1072,0.10989440368053686
700,248,0.10989135195170699
188,744,0.10989089550469872
928,843,0.10988864296363031
290,292,0.10988476290952984
974,457,0.10988135784310203
478,327,0.10988127229196346
101,790,0.10988030342014828
494,457,0.10987801209541911
478,471,0.10987777826064878
960,729,0.10987757754122111
1106,187,0.10987621272425924
280,942,0.10987272421792776
1130,168,0.10987136023262045
599,860,0.1098709858084303
478,372,0.10986986360563869
974,916,0.10986925388168663
974,713,0.10986893168001094
267,631,0.1098674866515093
599,16,0.1098659117547058
290,854,0.1098561829502671
478,84,0.10985462653866816
478,365,0.10985178111300556
478,446,0.10984496592371411
279,995,0.10984396392283764
279,31,0.10983970257513771
280,890,0.10983899239288598
290,139,0.1098380854018076
822,212,0.10983207168078088
1130,881,0.10983058780979747
494,662,0.10982981204897416
290,470,0.10982918647345008
17,21,0.10982544780889036
17,440,0.10982124032421359
494,763,0.10981864500898862
1130,390,0.10981621353601442
279,82,0.10981332185759815
188,1073,0.10981247006514086
1003,33,0.10981078234050476
279,821,0.10980880807472693
822,68,0.10980735325255023
279,248,0.10980672901168374
599,1003,0.10980616268799473
599,203,0.10980556822645617
272,214,0.10980535441529168
928,783,0.10980509050466922
960,1051,0.10980334366248137
960,57,0.10979535292755759
272,172,0.10979342844739944
974,390,0.10979230973351567
1003,1030,0.10979133294865095
280,627,0.10979027128486776
279,1011,0.10978967537205082
928,573,0.10978362889511784
478,292,0.1097828901562457
291,71,0.10978156378630785
291,930,0.10978130767548744
960,445,0.10978065579073534
101,967,0.10977875131315734
928,184,0.10977864130658858
101,865,0.10977722850487541
188,394,0.10977706977607224
599,563,0.10977647234322753
280,918,0.10977641306400873
960,821,0.10977638256772171
101,1090,0.10977470324439649
928,846,0.10976668878709188
1106,1115,0.10976485120962351
290,509,0.10975915853197225
974,746,0.10975855556401538
822,922,0.10975681718017294
101,419,0.10975226175129399
599,1060,0.10975058874384744
280,849,0.10974978895945867
870,322,0.10974773908022688
291,390,0.1097463392462439
279,227,0.10974439189093399
822,675,0.10973794144808673
290,502,0.10973729680971303
974,591,0.10972962289886001
1130,758,0.10972395934369729
101,641,0.10972310692015957
599,896,0.10972224349578213
928,628,0.10972223036561901
272,15,0.10972184150772644
494,253,0.10972151793666572
291,937,0.10972058948647123
188,248,0.10972007588177685
974,973,0.10971765214197414
1106,898,0.10971650610574801
101,526,0.10971242120082292
478,455,0.10971158809131062
17,1014,0.10970980679075708
478,977,0.10970822937296117
188,169,0.10970626733617818
101,687,0.10970625852196088
280,83,0.10970287148926017
188,98,0.10970066489454862
188,216,0.10970025611803572
290,437,0.1096989902312801
599,819,0.10969775303690954
494,67,0.10969553676173481
188,739,0.10969464759207617
280,812,0.109692573431795
928,352,0.10969076074567155
267,322,0.10968833712401539
280,269,0.10968392911798495
928,818,0.1096834586589505
290,386,0.10967615525907869
960,709,0.10967558408156712
960,1120,0.10967339027228647
822,770,0.10966860129191056
494,898,0.10966834059849706
291,317,0.10966214102315675
279,340,0.10965805143599208
870,69,0.10965685856787244
1106,171,0.1096541377529563
17,1067,0.10965225224561843
188,815,0.10965073150526575
928,480,0.10964844629784294
101,785,0.10964770089697425
290,697,0.10964149063050169
928,85,0.10963606000513237
1045,1076,0.10963546312067646
280,44,0.10963332175916266
272,831,0.10963324335783128
960,1065,0.10962975394680986
267,1024,0.10962692304865168
1003,568,0.10962670572803289
478,729,0.10962559071753909
822,1023,0.10962320008427871
494,1089,0.1096230298032085
279,296,0.10961435297497699
267,265,0.10961365637921712
974,829,0.10960964892951301
1130,127,0.10960959275050364
822,846,0.10960441038266139
280,618,0.1095964499630604
17,154,0.10959487112112919
700,676,0.10959389662949727
599,328,0.1095896894733634
290,1039,0.10958349257446051
290,916,0.10958049685986379
974,860,0.1095800795716871
280,932,0.10957824536196557
1106,1069,0.10957418411220293
478,831,0.1095715644484411
1106,1012,0.1095704398169613
599,760,0.10956843591404049
960,185,0.10956793021377158
280,666,0.10956727730343
599,902,0.1095656949183559
188,1033,0.1095593950555645
1130,677,0.10955727244557757
188,654,0.10955460947900597
272,444,0.1095504236757042
267,358,0.10954864726956853
272,129,0.10954620129015004
280,813,0.10954104577198776
17,287,0.10954064277829473
928,567,0.10953910442073567
478,965,0.1095381880938098
960,142,0.10953814252110901
960,1100,0.1095369182997731
822,508,0.10953646564511638
290,780,0.10953612729465302
1003,1122,0.1095351125292531
494,1074,0.10953376307297759
700,460,0.10953302173793035
928,508,0.10953165272664424
870,1092,0.10953037037811593
188,75,0.10952585752299585
599,380,0.10952570471044995
17,135,0.10952450838376403
1106,1113,0.10952254370921301
700,872,0.1095203233454551
267,1062,0.10951879979807008
267,175,0.10951507781817572
928,704,0.10951496227350686
1003,227,0.10951193620739955
449,759,0.10951098168566312
1106,737,0.10951025978434782
279,518,0.1095085531036347
494,393,0.10950652782181837
928,413,0.10950218368839826
279,819,0.10950175095645605
280,32,0.10950079902082159
188,708,0.1094989603468623
101,221,0.10949734848006157
1106,746,0.1094962851899097
267,849,0.10949137933107637
478,1056,0.1094912288969523
960,1074,0.10949102803871404
290,1088,0.10948581232522883
822,184,0.10948477438169699
101,113,0.10948470703320959
290,899,0.10948375911446144
1106,245,0.10948222520467434
1003,369,0.10947824087477001
280,871,0.10947609075942198
101,410,0.10947439381246331
700,335,0.10947430730877396
822,615,0.10947318615711557
1106,1082,0.10947239843835191
267,781,0.10946959664015647
279,1121,0.10946686736042567
1130,482,0.10946094531180593
279,815,0.10946053994155844
101,738,0.10945722872610272
267,368,0.10945564980217774
822,1065,0.10945113716895546
101,429,0.10945021713458461
478,86,0.10944466495291809
928,245,0.10944320234300148
822,52,0.1094410729356962
960,801,0.10943849754118527
928,125,0.10943812432810344
494,654,0.10943583777263224
291,84,0.10943562132890987
494,1023,0.10942476916323178
974,71,0.10942174004216394
188,502,0.1094200296254337
290,269,0.10941735539276841
279,496,0.10941676300988909
290,1113,0.10941662615482184
599,728,0.1094145082811043
1106,304,0.10941218528726641
960,102,0.1094109855777955
280,348,0.10941051580480751
188,99,0.10941030312781946
478,56,0.10940976562039696
822,274,0.10940837054539704
449,220,0.10940731126355331
267,372,0.10940632310271196
822,1082,0.10940551795709792
267,400,0.10940326211820996
960,148,0.10940316921811089
700,1071,0.10939991794306872
700,1058,0.10939946142837123
478,457,0.10939677846320234
1106,72,0.10939624128006525
17,160,0.10939556510680763
870,175,0.10939426622908982
478,982,0.10938785588378554
1003,471,0.10938534522688637
960,672,0.10938490967204804
928,478,0.10938337740108975
280,443,0.10937866654326818
1106,952,0.10937809073501938
1106,124,0.10937766817841216
267,405,0.10937748817604336
494,1081,0.10937656980016923
478,756,0.10937633452694133
478,930,0.109376146836784
478,211,0.10937375286788259
1106,512,0.10937316166652768
17,22,0.10937234765876423
960,716,0.109367469514591
700,884,0.10936495382312886
700,109,0.10936154092944429
101,845,0.10936124600773967
494,1044,0.10935946837210574
1106,703,0.10935757705537134
974,921,0.10935684214851576
267,1131,0.10935550199208
17,1020,0.10935524506346112
822,848,0.10935490491692605
599,61,0.10935458447527922
267,215,0.10935183307132876
279,200,0.10935037573114989
822,990,0.10934985266291025
279,57,0.10934393429795312
478,167,0.10934127144999377
188,561,0.10934010020038183
188,399,0.1093397796909089
928,123,0.10933804944288726
822,10,0.10933798918349266
928,89,0.1093370518633598
449,770,0.10933530606589222
1130,607,0.1093313560003697
700,1040,0.10932930496092029
101,676,0.10932700652179453
267,984,0.10932385704816235
290,637,0.10932374881524412
928,1053,0.10932207410615456
101,381,0.10932113601221882
290,829,0.10932103578386834
822,20,0.10932062530833475
494,1019,0.10932009613628436
101,100,0.10931990944744037
960,542,0.10931952492936585
599,689,0.10931852113631782
928,347,0.109315919588733
960,741,0.10931521000485542
188,930,0.10931085684178486
928,744,0.10931050918279604
494,677,0.10930866328057257
279,505,0.10930805741895304
822,113,0.10930582676537735
272,597,0.10930442081421134
1106,255,0.10930167570209542
101,834,0.10930131088121045
101,351,0.10929905469108049
101,363,0.10929669991793682
494,829,0.1092959905540381
290,831,0.10929177788535141
267,779,0.1092887058302542
17,598,0.10928822075016008
290,870,0.10928754404174379
267,154,0.10927940498740574
280,1092,0.10927384432541554
928,956,0.10927230420484974
1003,813,0.1092715737302191
599,592,0.10927082223864042
101,137,0.10926807122058177
822,1070,0.10926648477262324
290,473,0.10926638790545302
700,443,0.10926564673327885
822,759,0.10926403250190034
188,309,0.10926094227907232
822,642,0.10925807894049232
188,86,0.10925757088930017
478,6,0.10925536156084766
188,532,0.10925474099961441
267,249,0.10925116676625922
599,142,0.10924937310131953
279,726,0.10924659770506913
290,315,0.10924542104047327
272,1084,0.10924456395508561
290,594,0.10924358787581881
267,401,0.10924323801003417
290,519,0.10924063973115168
279,638,0.10923973081436894
928,743,0.10923757103683142
17,956,0.10923434874539234
188,442,0.10923369759359941
17,445,0.10922763443312052
494,267,0.10922136790513992
822,39,0.10922024744503082
101,862,0.10921995119098629
290,249,0.10921995019485571
188,681,0.10921946847708638
17,131,0.10921838576634955
1106,382,0.10921635727133691
1106,190,0.10921509704569206
280,138,0.10921442789931823
280,312,0.10921393914173494
188,135,0.10921373039401125
960,174,0.10921167726955552
272,595,0.10921079684901043
1106,426,0.10921078429813777
267,495,0.10921044829006454
1045,916,0.1092057211650691
599,510,0.109205145276356
478,725,0.1092030075133214
101,1018,0.10919900270245407
599,263,0.10919781504462317
17,846,0.10919579101738473
272,115,0.1091909775324711
17,69,0.10919095452093769
974,769,0.10918537606188133
188,1091,0.10918140776394843
17,299,0.10918074399721409
279,430,0.10918023150776916
870,642,0.10917282642082089
478,1014,0.10917118516756585
17,1050,0.10917114411576226
870,1003,0.10916977991922969
290,248,0.10916897622460706
928,433,0.10916793620123146
291,934,0.10916627251703188
928,373,0.10916624589800555
267,878,0.10916462914553167
822,686,0.10916359999918689
494,139,0.10916163573158512
267,251,0.10915962629446208
17,680,0.10915595324106318
960,400,0.10915487356743245
822,785,0.10915074633347806
101,823,0.10914901396032684
1003,677,0.10914614821630209
974,840,0.10913666889811911
599,505,0.10913501840023229
101,798,0.1091329806077034
272,830,0.10913218871002817
449,172,0.10913009992838332
928,1006,0.10912985451368726
279,901,0.10912914118596376
291,463,0.10912868510837521
101,38,0.10912190289656955
822,185,0.10911483060718194
1130,551,0.1091138766026172
290,23,0.10910558786829648
599,777,0.1091028644322778
494,53,0.1091005848993127
822,333,0.10909196028131661
279,65,0.1090910632755088
267,274,0.1090775835760177
928,54,0.10907740553617691
267,91,0.10906282480888937
1003,117,0.10906268389641598
494,958,0.10906043412536227
267,418,0.10905830793514515
599,844,0.10905215077314367
1106,404,0.10905184908633346
17,127,0.10904933742326635
1106,1101,0.10904640344151671
280,349,0.10904566815625387
188,364,0.10904561385035536
291,401,0.10904488972490145
267,551,0.10904393028910499
870,479,0.10904369399985488
478,906,0.10904058282298601
822,885,0.10903836840722349
17,644,0.10903796297289275
928,815,0.10903559212604211
928,1088,0.10903299593718768
280,958,0.10902554524613568
478,902,0.10902373848295144
974,200,0.10902288383684469
870,931,0.10902278249905865
974,1084,0.10902225270771118
974,845,0.10902121954974003
974,715,0.10901943621735961
960,637,0.10901933956857011
290,1065,0.10901745463324791
478,294,0.10901400479219922
1106,321,0.10901291592515183
960,713,0.10901076545178509
1106,55,0.10900602155374217
449,725,0.10900387857546538
700,9,0.10900370090924015
494,167,0.10900327322518938
188,636,0.10900242905604857
599,18,0.10899971404091942
290,69,0.10899684882962471
822,286,0.10898924086406593
974,926,0.10898723192123756
188,174,0.10898622883451113
267,197,0.10898604608823279
279,204,0.10898589706635707
599,1106,0.1089849516045023
599,580,0.10897595014065534
101,454,0.10897050624286615
599,258,0.10897048005296801
188,161,0.10896970355198037
870,477,0.10896583965723781
870,867,0.10896382633647073
822,1121,0.10896166783527517
267,1061,0.1089610199501725
280,104,0.10895931770712809
188,544,0.1089574770550233
267,39,0.10895659991997286
280,198,0.10895336327007361
599,269,0.10895145353900482
279,620,0.10894980192478224
870,179,0.10894945969686937
279,432,0.10894866928228727
599,60,0.10894464822758665
101,703,0.10894364082489012
279,966,0.1089352508311204
290,516,0.1089340677874177
822,343,0.1089327813959884
974,31,0.10893178930837902
267,323,0.10893088596459656
290,579,0.10892850673023087
290,367,0.10892397767622501
822,154,0.1089233975881152
188,132,0.10892255693525865
494,951,0.10891945750592577
280,511,0.10891877482988141
974,559,0.10891749926668294
101,75,0.10891716550734078
280,1008,0.10891665309879421
494,847,0.10891120886378867
188,665,0.10889872939638608
599,357,0.10889846715815263
700,472,0.10889679422369196
17,237,0.10889646037237245
280,636,0.10889492964689063
928,1001,0.10889364949419424
291,790,0.10889243946357158
188,957,0.10889186202223156
478,933,0.10889165616421996
267,675,0.10889128483107131
928,724,0.10888953475338776
1003,367,0.10888521914361543
1106,550,0.10888174069991939
870,270,0.10887912310672672
478,670,0.1088780849167351
280,58,0.10887556010165451
478,768,0.10887507119524888
822,636,0.10886814416643234
822,1093,0.10886781404245034
267,159,0.1088670545083751
478,769,0.10886629976660187
599,1114,0.10886614348102766
267,516,0.10886409452685951
290,997,0.10885977895820816
478,793,0.10885790735618331
290,349,0.10885364580600451
280,653,0.1088531926596871
928,938,0.1088530860098484
101,147,0.10884903079187819
279,727,0.10884825958499952
267,792,0.10884483010291163
822,651,0.10884264164632905
101,119,0.10883824461331947
291,829,0.10883778494202007
101,11,0.10883305310348852
188,924,0.10883248730131101
599,198,0.10883133991270735
290,39,0.10882953405512194
928,802,0.10882947903041812
272,783,0.1088287695066799
960,756,0.10882608538285359
478,0,0.10882573019267035
272,1087,0.10882489942236886
267,333,0.10882199648992591
101,841,0.10881964809744464
291,807,0.10881702328947317
279,94,0.10881408565865512
928,128,0.10881222973559414
449,447,0.10881222911903062
280,1127,0.10881078998012411
1106,974,0.10880935382877628
1130,528,0.1088085702363953
974,825,0.10880556592038687
1106,337,0.10880271774813335
279,110,0.10880258448792571
928,41,0.10879661323599707
101,477,0.1087964747800088
700,603,0.10879020209752287
928,916,0.10878840766825654
599,292,0.10878717970435832
280,784,0.1087858337049949
280,852,0.10878011955269094
928,88,0.10877934667761475
188,513,0.10877872081355595
478,1099,0.10877490313385808
960,904,0.10877460913435484
870,775,0.10877379884312907
267,212,0.1087703874373067
478,692,0.10876732375190792
279,1066,0.10876645290584905
599,609,0.108765285082219
291,1081,0.10876474214641844
17,761,0.10876471659328245
272,689,0.10876444529685741
267,1033,0.10876427843572191
1106,1118,0.1087623788551827
928,202,0.10876087165917935
822,421,0.1087607862627046
290,517,0.10875718878805747
101,984,0.10875491807253908
822,294,0.10875484763206794
494,1123,0.10875154510618364
267,899,0.10875140237957776
267,415,0.10874895826004156
960,17,0.1087476202589124
17,809,0.10874221916169398
188,469,0.10874198265340485
280,226,0.10873842003749215
928,445,0.10873298437999893
1106,1110,0.10872609857137777
870,1031,0.10872512797097685
1106,102,0.10872375762180583
928,998,0.10872265257277716
599,573,0.10871978823080243
494,1090,0.10871907216236736
599,711,0.10871371182664019
599,858,0.10871168222380836
290,452,0.10871057319363903
272,851,0.10870883022313259
290,564,0.10870428510482011
1106,905,0.10870337916120566
928,648,0.10870231743676745
1106,291,0.10870227242164734
494,94,0.10870197153275336
1130,755,0.10870063140493827
290,1110,0.10869964719068963
188,103,0.10869640828051103
290,705,0.10869475199185899
188,1078,0.10869395291172003
280,342,0.10869163227662981
267,421,0.10868898698766172
1003,34,0.10868773772965754
960,462,0.1086841093199621
974,927,0.10868386266846873
290,464,0.10868265976767212
267,609,0.10868141945403055
1130,425,0.10868015304571542
960,992,0.10867971504836538
928,98,0.10867930209063803
928,702,0.10867887373028365
1106,39,0.10867605762564717
494,752,0.10867512197303573
494,545,0.10867407704515673
17,282,0.10867323484216097
280,621,0.10867180189529613
290,130,0.10866665641649038
599,178,0.1086611084304516
494,1114,0.10866102939757082
928,366,0.10865900788386575
267,568,0.10865886625816032
1106,184,0.1086569823555643
960,92,0.10865695995821649
290,111,0.10865601493120693
272,79,0.10865537924376083
822,109,0.10864888188973436
928,903,0.10864773963394724
279,401,0.10864467916006801
928,1072,0.10864416135761092
101,211,0.10864248931766995
960,113,0.10864203596940238
267,1058,0.10864201428958782
1106,698,0.1086369388489528
974,644,0.10863678306175217
822,403,0.10863382536730988
188,646,0.10863255542448472
267,136,0.10863092041748058
272,267,0.10861870489783801
188,360,0.10861734204561631
188,553,0.10861643090239127
290,156,0.10861631088854057
449,781,0.10861584610987543
870,740,0.1086109548134421
1106,615,0.10861084734788762
928,866,0.10860665957554978
291,1051,0.108606442958786
599,571,0.10860356027150599
279,503,0.10860266013448555
279,238,0.10859880055358621
870,1106,0.10859843532065364
870,739,0.10859378447711124
960,300,0.10859295241167362
1106,99,0.10859117397478045
280,1059,0.10858917709065098
101,1056,0.1085882340681037
928,131,0.10858292800211237
290,1101,0.10858070808090871
928,244,0.10857700312058657
822,509,0.10857479822130511
280,952,0.10857421549804436
822,516,0.10857240129181012
280,302,0.10856878329302636
291,1086,0.10856687950941821
599,272,0.1085649319015305
267,798,0.10856306026383673
1106,263,0.10856266443327425
290,144,0.10856214647218965
272,118,0.1085613561211864
290,427,0.10856050860316432
267,600,0.10855931686247466
188,720,0.10855402963609877
17,102,0.10855324905038055
17,292,0.10855296080253773
280,993,0.10855113269113686
279,158,0.10854956729892473
272,16,0.10854857486422587
101,930,0.10854624726804324
960,640,0.1085449413731025
960,654,0.10854384479744743
267,28,0.10854234074429678
279,101,0.10853977827700141
1106,983,0.1085356864429961
290,751,0.10853428981704732
280,944,0.10853370082443371
960,10,0.10853147328572413
188,586,0.1085299717701883
960,510,0.10852921723558348
960,591,0.10852860528309316
280,42,0.1085279350076261
279,654,0.108527443499922
267,1064,0.10852562466220332
494,762,0.108525465746959
928,583,0.10852156638783443
188,262,0.1085209578683942
280,705,0.10851837676068228
267,198,0.10851522940828698
1130,434,0.10851016476711496
17,52,0.10850844179298405
17,593,0.10850689718123802
960,944,0.10850642383601108
494,147,0.10850444648686117
267,946,0.10850312373392924
822,1098,0.10850184429521702
279,534,0.10849833170726096
280,160,0.10849512126168492
17,729,0.10849469846797088
700,339,0.10849451431304796
279,461,0.1084928003654134
700,238,0.10849090085006108
478,698,0.10849082877180521
1045,325,0.10848735932524282
494,161,0.10848688911404357
822,473,0.10848498673966347
267,965,0.10848444846166566
599,1013,0.10848415323111894
280,1044,0.10848280795925659
1106,789,0.10848175668710708
17,319,0.1084777094493552
599,1093,0.10847727498061259
17,862,0.10847696205355403
478,37,0.10847318048387147
17,19,0.10847118021977357
280,390,0.10847053997766497
290,220,0.10847033416155294
291,624,0.10846880430747094
928,790,0.10846118856622336
280,89,0.1084574880824762
280,1114,0.1084555689818007
1003,133,0.10845309220353622
280,227,0.10844895760062141
188,124,0.10843576763284135
188,737,0.10843139671444633
928,188,0.1084306831802377
291,831,0.10842853521360063
928,1091,0.10842763360343344
870,88,0.10842533081516563
272,179,0.10842343120992651
291,549,0.10842189418019722
280,296,0.10841629079400673
272,207,0.10841616686920835
928,893,0.10841333893361844
599,585,0.10841146650745306
188,317,0.10841106013773245
494,436,0.10840443247460356
599,287,0.10840322259464778
101,39,0.10840300884360107
280,698,0.10839960268802118
280,883,0.10839713821633772
101,543,0.10839646319110398
870,517,0.10839555577592482
700,644,0.1083951605240093
928,629,0.10839437477659997
974,549,0.10839338631792286
279,925,0.10839310216676311
870,837,0.10839074783819005
280,39,0.10837897002590322
974,89,0.1083781081625567
272,649,0.10837764839699532
290,931,0.10837685008366106
280,394,0.1083735511672457
700,51,0.10837178905997323
1106,1042,0.10836701751959159
101,187,0.10836636056096942
494,895,0.10836572955400564
267,902,0.1083649224319613
960,812,0.1083638683326085
974,282,0.10836219346451365
822,163,0.10835535740509057
290,572,0.108354018733341
960,610,0.10835237193003532
188,222,0.10835058336758537
280,586,0.10833542809112538
1003,118,0.10833277988732903
960,154,0.10833177512852456
17,1058,0.10832996443102648
700,802,0.1083210553488927
960,523,0.10831919190311229
870,308,0.10831829298192298
272,22,0.108317259893255
279,388,0.10831435792423454
101,923,0.10830988105660182
974,124,0.10830962427815571
960,118,0.10830684223970263
700,466,0.1083062255822886
101,621,0.10830613116028119
272,329,0.10830413744420068
1106,995,0.10830235713672912
188,327,0.10830043551162144
188,597,0.10829572296038434
267,153,0.10829432280571531
822,1036,0.10828771620223497
1106,474,0.10828656003087796
928,598,0.10828367498920297
494,481,0.10828304364741731
272,215,0.10828280940436714
188,418,0.10827870661764027
267,123,0.10827573090445196
291,588,0.10827323536895493
290,1075,0.10827188910502382
928,572,0.10826853749587025
1130,371,0.10826582692281617
822,1104,0.10826409586515379
928,483,0.10826361110301438
280,214,0.10826233578347659
599,887,0.10825827771127823
280,610,0.1082564196341431
267,961,0.1082563897800674
101,774,0.10825417993914581
478,1113,0.10825194846624679
280,965,0.10825012569674723
291,1074,0.10824826185445666
449,538,0.10824530179177186
267,62,0.10824228080449438
267,628,0.1082420296664584
267,86,0.10824062474742636
599,688,0.10823951927054021
822,242,0.10823664754176457
267,325,0.10823563723995151
279,502,0.10823344395447648
188,28,0.10822840622309483
478,944,0.10822613152963328
700,289,0.10822503618423855
599,6,0.1082241712087117
599,925,0.10822197821458651
822,211,0.10821940824030005
291,923,0.10821204718144699
928,219,0.10820715109162095
290,659,0.10820609275236126
1106,356,0.10820579436210681
267,964,0.10820560930237082
1106,554,0.10820442013434871
188,253,0.10820373780742494
870,57,0.10820304772273946
101,747,0.1082017211154319
1106,273,0.108192735300764
700,213,0.10819181046188112
267,9,0.10819078683666536
928,251,0.1081878140246805
960,276,0.10818666427037814
1003,1074,0.1081861741289164
267,875,0.10818493473617731
290,159,0.1081845930555093
272,499,0.10818441302293809
290,876,0.1081803983905334
478,619,0.10817798019048985
449,1075,0.10817760132976191
1106,1063,0.10817505887538036
101,107,0.1081737265104568
290,753,0.10817260734801168
928,778,0.10817123817827107
280,735,0.10816601639389721
1106,233,0.10816414037465265
1003,244,0.10816280922297561
290,8,0.10816252638116584
17,791,0.10815973604485442
599,361,0.10815969806277376
280,529,0.10815776886988406
188,128,0.10815776677478556
494,617,0.10815776242761647
279,302,0.10815736308506388
494,14,0.10815662619788209
478,1101,0.10815480164664755
290,326,0.10815005554061442
280,483,0.10814971513742885
478,620,0.10814913371892494
290,163,0.10814380177285868
822,377,0.10814308144937133
272,1130,0.10814024715868063
478,513,0.10813233030225654
478,1131,0.10812893939043912
280,313,0.10812847330615379
928,259,0.10812706455825692
1003,392,0.10812306052809718
478,1042,0.10811598561947242
928,360,0.10810832740013934
267,502,0.10810104965475567
478,202,0.10809460672399983
290,543,0.10809043896032626
101,948,0.10808550714436442
870,759,0.10808404757177324
267,442,0.10808376740761502
928,46,0.10808374658062372
279,720,0.10808286928337431
290,443,0.10808268645651234
822,640,0.10808168325449782
449,1084,0.10807994727737011
279,168,0.10807762498053412
928,386,0.10807622328943013
290,843,0.10807439688325382
290,586,0.10807288386460855
290,348,0.10806923953520907
290,393,0.10806582544001678
494,430,0.10806367818366475
188,526,0.10806079411648506
928,135,0.1080594373507233
188,26,0.10805862854937402
700,647,0.10805583290997418
1003,1010,0.10805328505021812
101,57,0.10805290378598471
188,1129,0.10804814349313872
17,219,0.10804482013693445
870,159,0.1080386296925445
291,122,0.10803725235937134
280,503,0.10803469759267781
928,890,0.10803314796404881
960,883,0.10803072833
960,214,0.10803009607906718
267,304,0.10802215024041427
928,806,0.10802179312216208
1106,47,0.10801989683916367
267,592,0.10801349324162988
1106,41,0.1080131727971667
1045,669,0.10801145477347811
188,420,0.10801029363992092
599,316,0.10800682301881528
700,1084,0.10800152219084111
280,744,0.10800129493340226
272,996,0.10799899412002212
17,1053,0.107998908156325
279,892,0.10799446177746136
478,740,0.10798769866653414
1045,1102,0.10798355910018043
974,297,0.1079779105823611
1130,345,0.10797732395609026
960,96,0.10797730630385144
188,164,0.10797083096702376
599,808,0.10796939983598823
290,428,0.10796619144312544
188,168,0.10796567866242517
928,96,0.10796544191863877
494,99,0.10796229933462147
267,428,0.10795995847414439
280,639,0.10795978858436617
101,170,0.10795739895862978
17,1019,0.10795724943857889
267,1112,0.10795574220222315
267,508,0.10795407701952203
822,553,0.10795058594268155
928,904,0.1079436442606444
17,966,0.10794223401480807
188,412,0.10794057898168333
188,916,0.10793970040510224
188,794,0.10793865745701788
290,375,0.10793804110102317
1003,1119,0.10793580790887287
494,905,0.10793483319430776
928,924,0.10793274197671827
599,820,0.10793071490189769
290,556,0.1079281839478812
290,102,0.10792730911285864
494,441,0.10792723633478053
700,683,0.10792609316477353
279,453,0.10792013371265356
279,5,0.10791675247756921
280,907,0.10791653748618167
280,770,0.10791619698581302
280,650,0.10791616094533686
599,951,0.10791514062968646
1106,222,0.10791448104429187
279,1052,0.10791431203049989
188,1007,0.10791376022390928
290,944,0.10791366943335105
280,364,0.10791312925501016
960,417,0.10791205277048048
267,94,0.10791001330319316
280,658,0.10790757961723972
280,323,0.10790752545961205
280,315,0.10790630130218208
974,374,0.1079060906451686
928,468,0.10790397103032218
1106,716,0.10789630323698463
17,1088,0.10789599887925931
291,602,0.10789488298138085
478,876,0.10789390040154695
1045,923,0.10789351052611608
188,1002,0.10789339996559473
960,75,0.10789000397512266
188,520,0.10788978212661865
928,944,0.10788883752568881
1045,177,0.10788857534438324
822,0,0.1078857728907261
822,202,0.10788447768867189
1106,420,0.10788406969234816
188,299,0.10787403971043413
599,530,0.10787018034825066
280,765,0.10786988823229307
870,814,0.10786428003882452
928,1012,0.10786243332566638
272,235,0.10785980493070557
974,1089,0.10785797159144893
822,611,0.10785764227094286
960,153,0.10785616759428951
599,363,0.10785400202975691
101,1123,0.10785377843788323
870,912,0.10785130396274167
700,915,0.10785064444783492
290,18,0.10784268891472845
17,474,0.10784078633321009
1130,146,0.10783486082507848
494,418,0.10783393584545933
188,858,0.10783358254976942
101,55,0.10783199795767964
280,711,0.10783044210222031
928,486,0.10782970138060026
928,12,0.1078293532247185
974,52,0.10782802381494412
494,231,0.10782685268093689
188,900,0.10782369447694903
1003,189,0.10782229899386907
928,822,0.10782075552993135
290,109,0.10782066587437875
494,458,0.10781690562002076
290,709,0.10781220029723157
267,703,0.10781152459769235
1106,1129,0.10780926678949346
188,432,0.1078090205218536
960,444,0.10780720938246911
272,788,0.10780550510314654
1106,599,0.1078053806044404
279,186,0.10780235732101028
279,637,0.10780179659514921
822,217,0.10779836231324054
279,243,0.10779776866922514
1106,686,0.10779709586192565
279,1043,0.10779579425949816
974,512,0.1077934655802456
101,754,0.10779228971546803
267,803,0.10778989098281518
494,533,0.10778944834481943
449,895,0.1077866163702996
267,104,0.10777955720478345
1106,783,0.10777856305580945
960,963,0.10777822931491987
822,793,0.10777766074683136
280,222,0.10776751185370895
280,119,0.10776491995690146
822,127,0.1077621146640693
478,226,0.10776158984610305
494,727,0.10775609129010455
700,155,0.10775387000647052
494,1009,0.10775056771462896
188,55,0.10774498809730947
478,310,0.10774431505375767
279,1129,0.10774155994188363
290,861,0.10774139951109221
279,7,0.10774054582941849
822,204,0.10773750165508414
272,592,0.10773567600948677
291,1116,0.10773419193821974
101,651,0.10772936646907752
17,265,0.10772925515597677
928,291,0.10772310232718899
188,753,0.1077167579124986
700,338,0.10771555326494602
280,1099,0.10771541483235637
280,328,0.10771372417084532
1106,397,0.10771211628841959
599,826,0.10771034630537663
280,1033,0.10770953030434104
960,527,0.10770775521382239
291,799,0.10770619019951921
280,463,0.10770354814322856
17,990,0.10770312510811927
1106,910,0.10770249123352359
291,299,0.10770160246088697
478,55,0.10769926941194875
928,1057,0.10769730273181119
822,103,0.10769579634757767
700,481,0.10769271056096091
478,1073,0.10769074235740508
1106,535,0.10768665288870123
494,629,0.1076845721855079
101,596,0.10768427975545718
494,81,0.1076815094150519
928,584,0.10767700241330137
928,1059,0.10767683108977608
101,417,0.107672051593987
101,765,0.10766866564372413
188,303,0.10766777636794042
822,522,0.10766770966114071
101,760,0.10766575118153753
101,128,0.10766537484937048
188,1059,0.10766474858751897
101,227,0.10765740589913528
280,888,0.10765622681159048
478,75,0.10765548399015112
267,206,0.10764998104125914
290,890,0.10764964780179338
599,1004,0.10764684758156692
599,481,0.10764487923295238
928,987,0.10764389055831598
928,980,0.10764385658531811
1106,88,0.10764288235938116
822,1073,0.10763973130898237
280,40,0.10763528416476628
267,111,0.10763309737637872
101,985,0.10762834950064051
290,342,0.10762616988187033
928,339,0.1076199443942819
188,751,0.10761665896384662
700,745,0.10761611187896088
478,28,0.10761459976922823
928,853,0.10761430756440393
822,30,0.107609699674234
928,1090,0.10760935122769692
494,593,0.10760777655498564
188,703,0.10760744606060349
822,1005,0.10760340743903382
101,63,0.10760307826378837
1003,211,0.10759616866132275
960,54,0.10759424951596612
101,60,0.10759160870622474
272,161,0.10758767531297331
279,882,0.10758733446308875
822,895,0.10758471964307109
960,891,0.10758454566111865
280,1065,0.1075838773856113
974,176,0.10758353588020003
279,789,0.10757570869533485
822,261,0.10757430464443173
17,568,0.10756948821939166
272,183,0.10756780420537573
101,461,0.10756422452618888
280,1088,0.10756376005582313
17,303,0.10756287295974176
449,28,0.10756233448038079
478,825,0.10756085465524022
478,796,0.10755978424610253
290,240,0.10755733616777133
279,1022,0.10755725204092943
101,937,0.10754993067946778
272,372,0.10754801944835286
822,259,0.10754402594364817
822,239,0.10754386806453835
960,339,0.10754370090287385
188,6,0.10754311059155207
17,871,0.10754129432562677
267,253,0.10753790629932541
478,398,0.10753553824179533
1003,650,0.1075354069304493
1003,563,0.10753422516344721
267,971,0.10753270040807644
290,313,0.10753071368190358
101,588,0.1075242505610494
478,473,0.10752391715624382
17,817,0.10752316137268715
290,17,0.10752092648246425
267,890,0.10752079781436026
290,923,0.10751900223045646
928,94,0.10751703957713535
700,216,0.10751613300369725
101,462,0.10751270593413453
291,1013,0.1075119529348855
928,809,0.10751187833365654
280,991,0.10750845190803006
188,247,0.10750645288946474
291,208,0.10750063520438609
960,564,0.10749837372794044
17,18,0.10749279502477647
188,676,0.10748887204877572
870,246,0.10748832044623403
272,892,0.10748687432285799
267,729,0.10748556878601975
101,573,0.10748497704899884
280,131,0.10748453455777784
1106,631,0.10748418846757313
101,480,0.10748183979567273
928,1098,0.10747957379660801
101,442,0.10747602200684599
188,10,0.10747501716824483
290,127,0.1074701836019033
280,911,0.1074701453280767
272,423,0.10747004050579
1003,539,0.10746882491848918
822,326,0.10746719737761343
870,1016,0.10746552019916758
272,334,0.10746486424148949
272,249,0.10746126581611577
478,922,0.10745964780203439
267,1074,0.10745709553193533
928,514,0.10745330064674939
1130,631,0.10745316739595044
17,61,0.1074509715472033
101,432,0.10745011126358966
960,388,0.10744856517896995
1003,158,0.10744539128430493
279,713,0.10744465476556019
290,366,0.10744296396220164
267,804,0.10744224527731411
280,436,0.10744219568141872
280,14,0.1074418321221114
1106,249,0.1074413460437108
290,493,0.10744018390162678
272,920,0.10744004358250564
822,620,0.10743861042625859
478,690,0.10743759395864234
101,362,0.10743591251290277
1130,823,0.10743435240985126
101,348,0.10742721118007273
101,909,0.10742350507232049
449,942,0.10741500852927412
928,881,0.10741314803260808
280,165,0.10741164780754932
494,89,0.10740882053246423
822,809,0.1074044815088561
1045,1016,0.10739520056569744
290,411,0.10739140565224034
599,692,0.10739017240836216
101,336,0.10738874095064355
267,255,0.10738196236049836
17,677,0.10738077514069669
960,414,0.10738058238039852
291,1083,0.10737625043288922
267,767,0.10737526169862535
449,388,0.10736343014379228
928,1126,0.1073612764981269
1106,117,0.10735639523993577
188,543,0.10735026174728403
267,1089,0.1073496858498261
928,919,0.10734940446391449
280,486,0.10734819831285095
17,687,0.10734583820427741
267,132,0.10734581110486492
272,375,0.10734521469240148
974,122,0.10734232228635127
188,1085,0.10733793573871526
822,64,0.10733718770459359
700,131,0.1073305297617077
478,540,0.1073298313476237
188,1018,0.1073283892180824
928,64,0.10732477159652759
188,493,0.10732311781665518
272,26,0.10731590992327898
101,89,0.10731250549433763
928,460,0.10731203496374586
272,490,0.1073074341058091
599,454,0.10730551756781756
280,1070,0.10730409056682923
188,1009,0.10730305213680472
272,511,0.10730131257413933
272,330,0.10729673691267173
267,841,0.1072960160832475
17,387,0.10729406290504993
599,132,0.10729363013376213
280,19,0.10728663693283673
928,713,0.10728588595997576
478,895,0.10728274907945971
188,54,0.10728183057158652
279,844,0.10728068357978832
1106,325,0.1072767230700398
974,430,0.10727654919373575
101,245,0.10726846996513541
974,225,0.10726796919495606
290,374,0.1072649672901004
101,354,0.1072646675627692
17,1073,0.10726280680956442
291,489,0.10726233210140321
290,441,0.10726191314712548
267,715,0.1072602786345629
188,797,0.10725929696566444
494,320,0.10725871178645328
1106,986,0.10725568244347004
17,477,0.10725344091705931
478,159,0.10725114076282033
279,206,0.1072507488468814
700,566,0.10724582445663962
280,864,0.1072442257677209
960,630,0.1072387993165032
960,156,0.10723574908554313
188,171,0.10723303867023672
188,675,0.10722825811046251
280,905,0.10722610181005719
279,982,0.10722575376197215
928,220,0.10722559528255723
267,575,0.10722522439733476
599,89,0.10722106449025687
17,328,0.10721821786886102
290,674,0.10721351382257033
928,604,0.10721321689508365
188,388,0.10721311880943603
822,789,0.10721166735149844
188,1024,0.10720816073576923
974,157,0.10720481941411382
291,229,0.10720456629731202
290,132,0.10720228323362395
960,282,0.1072007979404338
494,1093,0.10720024498982014
267,686,0.10719864459481174
870,568,0.10719825878190159
280,791,0.10719493969495544
822,1130,0.10718962084122582
494,868,0.10718921100303018
17,148,0.10718000984616463
267,708,0.10717303438620462
1106,22,0.10717136370006955
272,738,0.10716931196541331
290,9,0.10716917211956183
960,986,0.10716197182719461
101,1086,0.10716025945702626
280,832,0.10716017198883263
272,42,0.10715986398623664
960,267,0.107158300305013
599,878,0.10715796608033527
290,218,0.10715672222386959
290,465,0.10715622059484349
101,814,0.10714788253320234
290,852,0.10714525597461597
1106,315,0.10713332992256082
822,960,0.10713308098564764
279,545,0.1071283920054171
1106,647,0.10712797247239139
960,385,0.10712561767590587
290,866,0.10712254443469175
822,1044,0.10712219994630452
928,736,0.10712138061848242
188,579,0.1071142284042533
928,185,0.10711263453733805
870,930,0.10711254830795816
928,1104,0.10710904223398354
290,688,0.10710777909263287
700,233,0.10710614627567776
272,601,0.10710458849563825
272,290,0.10710417345472024
974,453,0.10710305975532494
822,678,0.10710174145033437
599,906,0.10709816921696769
822,180,0.10709704442855397
267,739,0.10709654686312516
188,944,0.10709456600358333
478,50,0.10709309672434
478,425,0.10709089864469526
494,600,0.1070897698382763
599,720,0.10708790312111117
279,89,0.10708625954627214
101,668,0.10708288900507822
101,837,0.10707747005268452
290,89,0.1070751680558672
870,671,0.10707321317594372
449,755,0.10706756599934239
291,292,0.1070662220766775
267,233,0.10706325864324477
280,895,0.10706249901552854
290,312,0.10705924392850424
280,284,0.10705668581573219
1106,651,0.10705092973472191
17,948,0.10705057293299455
960,1011,0.1070496713113159
449,319,0.10703924064410157
928,1074,0.10703895229384632
101,549,0.1070325761873632
101,452,0.10702822078802429
279,431,0.1070260631142411
974,789,0.10702527161222954
960,901,0.10702524651512821
280,896,0.1070227269668668
267,784,0.10702021095409041
101,827,0.10701967748870866
17,457,0.1070179493067761
974,211,0.1070123476517269
960,1109,0.10700797933537161
101,951,0.10700664127570104
1045,947,0.10700433199835944
272,305,0.10700368992420142
280,81,0.1070020882829669
272,47,0.1070015060771581
974,671,0.10699773873124997
188,113,0.10699741785565636
290,201,0.10699480909187249
267,1081,0.10699168185547368
188,537,0.10698947261323631
272,820,0.10698674393943793
290,602,0.10698608797604621
1106,38,0.10698239715015793
280,140,0.10698179704638856
1106,1039,0.10697384563409637
290,198,0.10697209101950365
449,123,0.10697128236058959
188,445,0.10697075539808666
290,979,0.10696703260375368
870,336,0.10696661960744051
280,634,0.10696631616047665
188,95,0.10696416072829718
280,477,0.10696250218332083
1045,555,0.106959483306637
928,1073,0.10695577559561874
700,521,0.1069536799021909
267,75,0.106953467924406
101,192,0.10695243382910319
267,1114,0.10695069607039846
700,6,0.10694700054528689
478,209,0.1069452427565665
960,122,0.10693083212771631
291,85,0.10692728972894286
928,654,0.10692340930451598
17,628,0.10692274564529307
870,856,0.10692157766020101
494,638,0.10692088425806079
280,591,0.10691817017695672
17,901,0.1069134824468078
101,1053,0.10691198285528186
494,414,0.10690940382116182
291,555,0.10690862778820413
928,1118,0.1069078193590183
974,172,0.10690631860056679
870,729,0.10689845528964578
17,247,0.10689722900685046
280,259,0.10689718568017667
1106,201,0.1068950532198929
267,349,0.10688830074107289
272,845,0.10688321278584934
279,846,0.10688275014480825
494,502,0.10688023825373391
449,959,0.10687910683357053
188,57,0.10687797774819384
267,959,0.10687711132551905
272,840,0.10686893283855046
17,880,0.10686623871297883
478,990,0.10686161463542772
101,439,0.10685718494009412
1106,687,0.10685520935255696
974,368,0.10685074356787662
188,297,0.10684901479869983
272,448,0.10684599685126135
1106,699,0.10684554104635119
494,475,0.10684224799510243
928,11,0.10684186690801761
1003,542,0.10684139860841274
870,1093,0.10683832972694811
280,1026,0.10683447174539985
101,206,0.10683424048175526
974,1085,0.10683122193250538
599,442,0.10683061529772495
101,448,0.10682781034526463
478,728,0.10682624313578891
478,792,0.10682154370107882
822,96,0.1068191680130869
928,141,0.10681821829667813
17,801,0.10681707409254995
449,998,0.10681640547442454
279,142,0.10681279043912792
1106,809,0.10681258402899559
822,74,0.10681209755246955
280,1075,0.10681074252058785
928,937,0.10680985247202725
17,197,0.1068097289804916
188,162,0.10680971770417949
822,934,0.10680831822527057
599,1026,0.10680594342902937
101,168,0.10680424386658399
1045,1108,0.10680268238122653
290,903,0.10679480875383829
1130,299,0.10679348896853261
494,992,0.10679176927258424
280,1093,0.10679166186582148
272,443,0.10679159047637686
290,125,0.10679109999617091
272,755,0.10679090878591338
928,333,0.10678945338867621
494,38,0.10678665457905312
272,264,0.10678507484824175
101,892,0.10677807107941376
280,422,0.10677669015987781
267,245,0.10677214683483634
17,79,0.10677008719904951
272,54,0.10676587944537005
280,283,0.10676348384814693
272,13,0.10676048303214375
267,775,0.1067579769279424
290,324,0.10675636229964972
822,728,0.10675459542968624
700,818,0.1067538248115232
267,1037,0.10675285806487883
290,297,0.10675240619100472
280,60,0.10675238756257337
870,1078,0.10675141170618194
960,819,0.10674241662459666
599,183,0.10674088522797177
272,1121,0.10673930434746046
974,1075,0.10673903266273263
478,426,0.10673851063148332
494,954,0.1067346776501243
928,19,0.10673314760017678
974,1043,0.1067296206714328
494,973,0.10672882080974057
272,813,0.10672842536837249
928,545,0.10671739716272981
1003,1039,0.10671580512902165
17,558,0.10671423725640881
101,564,0.10671258364523106
279,813,0.10671028066754756
928,1070,0.1067095770599134
599,154,0.10670206321965389
101,1095,0.10670162575049896
188,193,0.10670100984047083
188,1101,0.10670019646723805
928,443,0.10669088549849376
290,1082,0.10668838703342304
188,784,0.10668283015029772
290,327,0.10668003912993816
928,859,0.10667869447733745
280,124,0.10667764083432148
494,292,0.10667224976474125
928,477,0.10667024532517873
700,691,0.10666639510797103
1130,611,0.10666482204268914
928,936,0.10666225176784878
101,781,0.10666005468087338
267,790,0.10665296768447687
494,901,0.10665021443294503
290,956,0.10664819046059236
267,38,0.1066480543543624
494,1011,0.10664755007749867
101,903,0.10664741169278659
280,1009,0.10664736147056537
478,480,0.10664727777717872
599,862,0.10664445524871287
101,1023,0.10664395827240991
599,823,0.10664228233435519
494,824,0.10663970459251018
960,978,0.10663863788950252
280,333,0.10663788724674886
272,664,0.10663773998903352
291,1063,0.1066354104736142
599,669,0.1066327990514086
280,757,0.10662814069572693
101,261,0.10662456079229894
1106,164,0.1066220518887917
494,941,0.10661835847632885
272,657,0.10661819095422456
267,762,0.10661456630548861
17,336,0.10661157888788032
822,926,0.10660508987247061
290,279,0.10660068667492445
700,369,0.10659927435903908
188,1011,0.10659656907198432
290,772,0.10659383791894783
101,728,0.10659379472339098
272,102,0.10659226706032987
188,781,0.10658710038571143
870,253,0.10658492174945128
449,1079,0.10658123846139168
494,335,0.10657922135244728
272,885,0.10657813185720044
928,898,0.10657469801346085
290,1030,0.10656751895241173
599,407,0.10656458529998261
960,1023,0.10656411653272617
599,79,0.10656329641154617
188,122,0.10655964040796853
280,420,0.10655724657911608
101,969,0.10654729390145011
960,822,0.10654565617745516
928,436,0.10654542765720482
101,740,0.10654418454154631
928,501,0.1065421555041399
870,967,0.10654207129451723
188,1072,0.10654066762076135
478,615,0.10653729076725665
290,937,0.10653525536471896
188,796,0.1065247978141388
290,264,0.10652155013185219
267,451,0.10651831058522697
478,53,0.10651819992452322
478,497,0.10651673401111385
822,746,0.10651672141157863
494,182,0.1065112068349684
700,458,0.10650822870397937
478,648,0.10650622295070816
960,720,0.10650326188066447
1130,573,0.1065027632198965
290,980,0.10649483981712377
449,646,0.10648520737482829
960,229,0.10648490747588282
478,414,0.10647501587153922
700,170,0.10647369833923333
291,728,0.10647266529681393
1106,794,0.10647251577056005
272,346,0.1064701831490218
870,14,0.1064692680634259
1045,396,0.1064672945451656
599,1023,0.10646300397144705
700,297,0.10645555740365768
974,807,0.10645128851693324
280,998,0.1064471731125532
1130,808,0.10644557298858853
478,1079,0.10644430822759986
291,533,0.10644342148799706
1106,1078,0.10644151774749994
1130,1109,0.10644082443525191
280,740,0.10643901446111757
267,1043,0.10643854610093381
494,201,0.10643647577316033
974,328,0.10643446891209975
449,45,0.10643060377289373
188,767,0.1064304531154859
494,728,0.10642830430842165
870,11,0.10642689033071173
822,655,0.10642569102775913
280,931,0.10642448456159924
272,1076,0.10642416812692755
478,602,0.10641672566132994
449,1093,0.10641549228816663
290,924,0.10641240601684983
599,452,0.10641193302398355
974,524,0.10640489718051399
290,456,0.10640461035623355
1003,35,0.10640348301636157
960,80,0.10640205597065436
290,293,0.10639747885657522
599,996,0.10638917212228836
17,626,0.10638790145098652
700,123,0.10638784868662791
494,873,0.10638514096508883
17,471,0.10638226572825421
290,136,0.10637407284895675
822,687,0.10636956339331247
822,1052,0.10636945488549639
272,1022,0.10636728770045464
290,844,0.10636651404662228
272,362,0.10636266360969979
17,654,0.1063610495524703
1003,85,0.10636052469726864
928,129,0.10635807120981254
280,753,0.10635705828577126
478,1098,0.10635603445816086
1045,897,0.10635449614641254
960,975,0.10635426625335487
17,75,0.10634448829423176
17,836,0.10634409397491602
928,858,0.10634319543519931
478,1026,0.10632670595020279
870,155,0.1063262634724033
101,720,0.1063209880399249
267,169,0.10631974687553314
279,940,0.10631514334249917
267,419,0.10631368786951619
1106,85,0.10631191546403032
960,468,0.1063105308298175
822,554,0.10630845515619068
280,454,0.10629912884980941
188,397,0.10629465673394868
188,816,0.1062917656119377
280,112,0.10628639811876901
280,105,0.10628543894442341
822,668,0.1062826238323797
188,276,0.10628137185884966
267,930,0.10627655786972787
960,1014,0.10627588664726093
700,968,0.1062754165399742
449,634,0.1062731645674159
870,379,0.10627196770001407
870,474,0.1062693842120961
290,397,0.10626756467515568
279,179,0.1062662169336914
272,874,0.10626579582668327
478,61,0.10626457877591694
279,864,0.1062608300469377
267,674,0.10625763370120815
928,1096,0.10625594701930301
101,501,0.10625310362889437
280,169,0.10624802412998065
188,341,0.10624785825371319
17,398,0.10624773879534333
280,543,0.1062455454026923
272,368,0.10624506308369486
290,253,0.10624207061797199
1045,643,0.10624063334310212
1106,1073,0.10623804970573657
700,716,0.10623569021649393
267,620,0.10623112668221056
188,557,0.10622708333216865
822,720,0.10622516979872532
280,657,0.10621905074296803
188,1022,0.10621250749468744
17,959,0.1062122203033655
267,424,0.10621065015650323
478,393,0.10620720150230499
101,804,0.1062032831493039
188,213,0.10620069116169749
280,299,0.10619852357473501
101,375,0.10619547923236664
1106,367,0.10619271864591374
960,896,0.10618797540259131
188,972,0.10618786829943665
267,1021,0.10618466256631763
279,741,0.10618077525112161
17,1106,0.10617404571798496
17,438,0.10617214391577895
960,270,0.1061711108055422
267,432,0.10617081586461354
822,616,0.1061693039323973
290,969,0.10616884180117551
960,1072,0.10616571094150841
1130,954,0.1061620373004736
494,527,0.10615894359162184
272,943,0.10615884129818161
494,611,0.10615510522919387
870,668,0.10615334943623538
17,611,0.10615108148162414
101,1075,0.10615016565622652
1106,1112,0.10614725759540132
928,363,0.10614632027783509
291,407,0.10614616098422187
1106,576,0.1061436767815627
928,32,0.10614196856728182
928,1130,0.10614155374272427
267,1017,0.10614135250190318
599,637,0.10614133513191688
101,773,0.10614132402662206
960,1068,0.1061411078193352
101,369,0.106139546366048
928,885,0.1061318401987242
822,477,0.10613013770346715
494,192,0.1061297064787925
1130,1060,0.10612835875479269
478,518,0.10612456501723751
822,257,0.10612436353746173
101,257,0.10612277629601688
1130,1129,0.10612054343705263
928,459,0.10611748598512753
290,1051,0.10611665027071486
870,766,0.10611618882795569
928,577,0.10611144591681848
290,929,0.10610587493232658
101,306,0.1061026104758339
599,66,0.10609675112416726
101,554,0.10609470103347485
291,180,0.10609428207467776
478,522,0.10609407017878757
960,551,0.10609346272491735
974,533,0.10608998872775079
101,343,0.10608507966646795
1130,163,0.10608395996508477
188,1110,0.10608183602414208
101,1099,0.10608147896903938
1106,858,0.10607620817902831
478,238,0.10607277769272029
822,380,0.10606512445060942
279,45,0.1060602619412821
960,88,0.10605446639003115
928,416,0.10605359332153044
494,509,0.10605305149843078
101,846,0.10605180663254041
280,561,0.10604978993617313
1106,621,0.10604561762653496
101,148,0.10604534121184413
267,756,0.1060453107062369
290,1105,0.10604395053298725
17,175,0.10604306597084621
290,412,0.10604034694143695
17,138,0.10604024913104924
280,676,0.10603911746405703
494,846,0.10603585216360331
449,110,0.10603236537852279
188,627,0.10603162413480388
280,206,0.10602509404389153
101,904,0.10602231280898773
928,403,0.10602060028090457
101,242,0.10602055894312351
267,992,0.10601862196101251
478,672,0.10601562250272381
267,757,0.10601400557847747
101,463,0.10601073085222264
1106,165,0.10601001584881665
290,1017,0.10600500976389537
272,645,0.10600181646348202
449,916,0.10599455123717447
822,1022,0.10598951582087338
960,632,0.10598522308230364
974,914,0.10598483036824013
822,732,0.10598182607513054
290,82,0.10597989954153382
822,798,0.1059766648499245
1130,307,0.10596930445840679
449,257,0.10596763199075455
188,516,0.1059627436148954
494,195,0.10596071475738282
272,338,0.10595698679073061
478,1089,0.10594877499158065
478,1116,0.105947742952625
267,678,0.10594619065188259
101,576,0.10594261966967547
188,690,0.10594222142863373
290,365,0.10593810245979528
1130,715,0.10593643680840803
1045,401,0.10593546657672884
17,557,0.10593422821501977
1130,795,0.10593154103323756
280,69,0.10592168761087861
101,589,0.10592152066660147
1106,412,0.10592043623208984
494,1021,0.10591758177182607
272,1024,0.10590539469692642
267,81,0.1059052883644964
280,566,0.10590210127372866
280,597,0.10590100842196004
280,396,0.10590069631590185
290,1085,0.10589699093430754
960,1118,0.10589090625004904
960,947,0.10588870201951142
822,430,0.10588291622098178
1106,405,0.10588163970488386
101,161,0.1058799631944629
478,554,0.1058779667834125
960,789,0.10587406576713883
1106,414,0.10587104204487513
17,765,0.10586297823791514
188,49,0.10586151697376654
188,1057,0.10585563647580698
291,445,0.10584919680258324
188,1130,0.10584833375959944
279,926,0.10584814329765375
280,771,0.10584740651743442
870,212,0.10584112264275161
822,972,0.10583662484790199
960,911,0.10583049272562779
267,270,0.10583022047266168
267,489,0.10583017260811614
280,842,0.10582889929445354
1003,202,0.1058281193102228
290,534,0.10582596965293073
101,782,0.10582401345542906
960,524,0.10582261186836892
188,338,0.10582040454321547
974,837,0.10581206512984383
280,1120,0.10581087345432726
1106,157,0.1058056726316324
870,367,0.10580404921871661
960,247,0.10580317772485301
494,926,0.10579876816024772
1106,217,0.10579243115246452
960,162,0.10578954310971754
280,303,0.10578938746512308
279,777,0.10578429265707585
267,617,0.10578317328688927
870,737,0.10577697970848725
272,69,0.10577554859016794
960,195,0.10577451893728264
272,834,0.10577225647186024
870,691,0.10577106341763348
822,894,0.1057700727229023
280,118,0.10576656893663254
870,559,0.10576589347113935
272,760,0.10575908925953062
822,977,0.10575552871283495
188,278,0.10575323099406947
960,367,0.10575000005133121
1106,650,0.10574863113646321
291,858,0.1057464357950568
700,1083,0.10574480444354949
272,243,0.10574435725546903
272,140,0.10573927484487756
101,250,0.10573842490352477
599,934,0.10573632060532753
17,803,0.10572823449869806
1003,1083,0.10572007192537172
928,714,0.10571956324716661
290,945,0.10571905727469616
280,843,0.10571881894657373
272,520,0.10571684563349333
267,164,0.10571500294052959
290,408,0.10571403287634568
188,777,0.10571253509339079
960,981,0.10570852797000574
928,427,0.10570801149215434
478,380,0.1057025820124536
188,495,0.10570217720457112
272,1047,0.10570020719510324
700,255,0.10569988069709273
267,482,0.10569826077481363
1106,980,0.10569635744718953
478,326,0.10569623468621596
280,995,0.10569610240235719
1106,1026,0.1056959106178327
280,989,0.10569542331093819
17,193,0.10569389839923263
101,445,0.10569172620456492
267,315,0.10569008931460558
291,116,0.10568954423306773
267,589,0.10568389748733122
279,310,0.10568222525401479
960,1095,0.10568089081019083
822,800,0.10567953740037275
101,898,0.10567404768982684
279,820,0.10567344309834614
1106,665,0.10567203558303388
291,185,0.1056679259405745
928,706,0.10566605357722295
101,1098,0.10565653362437671
272,210,0.1056528459012314
822,263,0.10565216236658001
478,636,0.1056507704613618
272,855,0.10565037782680856
290,56,0.10564837660345056
101,973,0.10564759424129334
1106,317,0.10564678706285704
1003,974,0.10564497069822171
928,1031,0.10563678315936022
291,558,0.10562631732015139
280,398,0.10562491309034025
599,94,0.10561893559186504
494,800,0.10561862872798504
1106,848,0.10561777081307538
928,249,0.10561706307896679
272,577,0.10561586790433176
280,624,0.10561388600210973
822,877,0.10561329792032753
17,1023,0.10561289461765676
822,213,0.10560959001574309
1106,94,0.1056029252539067
188,89,0.10559672893219231
280,98,0.10559011791077834
1106,868,0.10558835444062228
599,24,0.10558640923832277
267,905,0.10558391575954383
960,1106,0.10558356756900156
17,109,0.10558254559154553
280,128,0.10558152246128999
101,180,0.10557924306052315
700,793,0.10557862011397415
870,566,0.10557409407485777
822,583,0.10557264459998099
267,367,0.10557110337714275
960,633,0.10556438254392253
291,225,0.10555566450657138
478,134,0.1055554071600656
290,420,0.10553564924552744
1106,842,0.1055347795303058
494,670,0.10553361709924038
599,900,0.10553189048208883
822,1111,0.10552863541094747
101,848,0.10552551363892812
272,876,0.10552238759173814
280,626,0.10552009165744701
870,1113,0.10551926695474209
280,1097,0.10551820794200621
280,585,0.10551469340508308
1045,981,0.10551262443564002
280,923,0.10550788847451019
822,1060,0.10550707144445551
290,154,0.10550474338551086
101,331,0.10550360056173007
1106,733,0.10550197595807959
188,609,0.10549961873481366
290,1098,0.10549917146841928
1003,1002,0.10549317612409731
494,390,0.10549063983578544
960,90,0.10548820792568576
960,186,0.1054879271153298
478,59,0.10547672378276612
272,1065,0.10547578910373924
290,983,0.10547299440242912
494,459,0.10546737162998059
272,413,0.10546348681531306
267,909,0.10546245709272238
290,926,0.1054613363552451
494,122,0.10545611854355251
870,351,0.10545202019291988
290,492,0.10544202460009555
17,639,0.10544092008742323
928,68,0.10543964711014978
960,448,0.10543953674538975
101,1078,0.10543353540426516
928,412,0.10542824405096132
478,595,0.10542777942120052
1130,123,0.10542735484598936
928,274,0.10542541605009896
1106,984,0.1054209983896496
267,130,0.1054171503220223
1003,707,0.10541116546167907
599,488,0.10541051174627945
267,815,0.10541031442569075
700,908,0.10540521294717507
279,25,0.10540490775286886
870,337,0.10540206597051137
267,1111,0.10540118220126332
272,1077,0.10539232827998256
188,300,0.10538961371866135
1045,1011,0.10538846932416332
960,50,0.10538317189716676
280,243,0.10538002193430347
1106,751,0.10537966771688563
267,1065,0.10537952306421215
279,336,0.1053786641687157
267,851,0.10537543428791171
870,168,0.10537187989155405
17,878,0.10537107967735503
267,336,0.10536379078755573
272,52,0.10536246095746683
188,497,0.10536220267164506
822,627,0.10536104350690444
449,610,0.10535950203660212
101,311,0.1053564842800301
928,344,0.10535215774177396
494,1060,0.10534666019441044
478,921,0.10534604527174359
101,466,0.10534599983625913
974,278,0.10534264600877397
494,52,0.10534072053748054
870,299,0.10533946888486455
267,830,0.10533856612182525
928,119,0.10533437259100414
478,21,0.10533021430014829
700,212,0.10533004018650155
267,644,0.10532336315150151
494,1054,0.10532233180911846
599,695,0.10531888151475863
822,738,0.10531593521510253
17,518,0.10531529685980781
280,863,0.10531441211315375
870,748,0.10531414507114244
290,1061,0.10531302155741797
870,770,0.10530901190017056
478,662,0.10530871221551445
280,691,0.1053057082245977
17,844,0.10530509545805244
1106,666,0.10530381143671262
272,410,0.10529312313503678
822,41,0.1052917276344123
280,659,0.1052913641597167
188,186,0.10528979854381373
1045,863,0.10528978627773292
272,257,0.10528972098876942
188,61,0.10528681355603421
822,965,0.10528650615553103
272,1057,0.1052756040450039
974,294,0.1052743780495094
822,469,0.10527319937706772
928,258,0.10527097492830012
17,748,0.10526659682977901
188,1074,0.10526368580542171
272,381,0.1052632148573871
101,829,0.1052614077802468
928,9,0.10525976439383455
1045,950,0.1052550104548271
974,967,0.10525186414244865
279,963,0.1052503581981252
272,446,0.1052470832597262
101,370,0.10524703147154393
101,815,0.10524558568120941
928,118,0.10524419558975405
291,983,0.10524113418248454
822,313,0.10524087921057682
478,232,0.10524066975164328
280,171,0.10524031893803448
291,791,0.10523881993681689
272,667,0.10523299041860111
290,436,0.10522884379891873
1003,873,0.10522673669069936
960,268,0.10522473504516686
974,56,0.1052244397940604
870,866,0.10522160112295761
494,721,0.10521768820737644
17,29,0.1052131864128968
17,365,0.1052111724730459
599,462,0.10521071440164097
1045,148,0.1052077857938159
870,654,0.10520708724366168
291,580,0.10520031781960068
1003,754,0.10519618472174766
494,1105,0.10519567553960141
188,139,0.1051906419016608
974,99,0.10518305222903529
822,1114,0.10518194666909106
700,572,0.10518128603414172
290,1066,0.10518044485811871
291,278,0.10517484912429013
599,1000,0.10517112196200909
188,617,0.10517088766554061
280,56,0.10516979055981177
280,470,0.10516911602664863
267,852,0.10516876182500776
494,257,0.10516747452593288
280,887,0.10516725989537616
272,50,0.10515748275502249
449,390,0.10515194402924513
280,1048,0.10515059630090356
280,783,0.10514947787815314
101,749,0.10514660469063367
599,267,0.10514133354812148
870,399,0.10513853040633608
928,770,0.10513607361623833
928,821,0.10513586049340896
960,131,0.10513248048975841
822,988,0.1051310002364549
188,605,0.10512274352131581
267,687,0.10512005754323274
599,5,0.1051200143047721
928,701,0.10511955313396364
494,1120,0.10511539632288686
449,912,0.10511049705056097
188,821,0.10510725163741926
599,134,0.10510723628393884
280,865,0.10510492499091961
290,183,0.1051029500993165
494,495,0.10510041699104333
101,320,0.10509762444822955
822,598,0.10509261446118433
449,297,0.10509150835202667
280,338,0.10509058227415034
290,759,0.10508763169489488
291,1125,0.1050856534434384
960,800,0.10508480941737486
974,340,0.10508252164214311
478,110,0.1050804622407796
1106,519,0.10507963572879163
272,711,0.10507862464138602
1106,859,0.10507611534275454
17,648,0.10507145456109608
822,404,0.10507105157867154
272,482,0.10506858242774039
928,200,0.10506181693389913
928,262,0.10506072661699563
870,579,0.10505494968069476
478,452,0.10505380371442363
188,336,0.10505021785578098
599,147,0.10505013779530394
928,551,0.10504721577600772
101,808,0.1050457019267922
290,1042,0.1050357958179718
267,543,0.10503381943507228
267,239,0.10502726905230794
478,116,0.10502631531291735
290,1025,0.10502106492619877
272,555,0.10502030083373808
17,268,0.10501921010731718
822,94,0.10501790735716295
290,801,0.10501742657668046
267,397,0.10501505795290308
1045,975,0.10501123845722102
188,662,0.1050083550230952
960,912,0.10500683188139523
478,846,0.10500463545230637
188,249,0.10500287074215521
1130,815,0.10500037683501594
290,421,0.10499895629058363
267,632,0.10499846986963783
272,3,0.10499484335615314
279,124,0.1049939607165998
599,175,0.1049932716822668
279,167,0.10499035258766706
870,156,0.10498534555248178
700,763,0.10498485598196507
290,995,0.10498092313804236
478,451,0.10497390887449733
974,729,0.10496899270773051
928,968,0.10496602169958721
928,265,0.10496579914071591
1130,558,0.1049653606981095
478,343,0.10496414146065305
101,433,0.10496288632658113
267,1098,0.10495303632626714
272,756,0.1049501571068362
974,231,0.10494418484380276
17,638,0.10494412151856214
17,767,0.10494309586187806
960,354,0.10493846295786728
280,493,0.10493722575873125
478,633,0.10493558018705101
280,979,0.10493210963398379
290,57,0.10492957846113127
1106,793,0.10492639268442894
974,1109,0.10492220566401088
267,1009,0.10491827178147733
272,151,0.1049054100206622
101,453,0.10490258578943404
267,1073,0.10490144657580788
291,509,0.10489952323526895
272,101,0.10489155861433845
101,792,0.10489110931810532
290,237,0.10489092077445072
272,785,0.1048837971063527
700,457,0.10488244592929907
974,941,0.10487838446762071
272,288,0.1048779697577286
1045,1012,0.10487389267324064
1045,243,0.1048698722045544
267,209,0.10486980259813
870,1018,0.10486691994818648
1130,380,0.10486569173974755
280,88,0.10486229491802619
822,571,0.10486097022721311
291,86,0.10485828952696322
101,522,0.1048563820547558
478,355,0.10485286119567469
599,824,0.10484905077651965
928,730,0.1048481064020687
700,639,0.10484639628064733
960,1079,0.10484619143744998
494,607,0.10484414687119685
267,547,0.1048430367886583
272,244,0.10483899749536266
928,911,0.10483683877201648
700,648,0.10483408312293523
960,748,0.10483047929199918
188,1020,0.1048257426175491
822,671,0.10482549680160855
1106,236,0.10482148248776173
272,1030,0.10481798663512863
494,334,0.1048128845243991
279,193,0.10481177920141606
449,900,0.10481108764799281
928,588,0.1048108005687764
960,434,0.10481034972128919
494,1079,0.10480982052993919
700,1066,0.10480884864128691
188,266,0.1048080043726278
478,581,0.10480452748704931
272,879,0.1048005363570348
974,53,0.10480002131627197
290,795,0.10479951179364708
290,145,0.10479281833032975
478,391,0.10479211202731124
290,254,0.10479121397663241
188,406,0.10479025731180366
280,369,0.10478536034420265
17,645,0.1047801850203027
17,430,0.10477298800472964
822,218,0.10476575549615384
17,178,0.10476526999156216
279,923,0.10476378430163993
188,732,0.10476272099087021
101,911,0.1047589144948033
1106,494,0.1047550345935983
101,990,0.10475117677768109
267,388,0.1047496881585724
272,1108,0.10474938630357279
291,886,0.10474858593434441
1003,469,0.10474369171018542
280,427,0.10474270113064527
279,900,0.10474145358280672
599,812,0.10473959878735077
290,67,0.10473874043131824
101,267,0.10473828354053212
822,1108,0.10473518464938808
267,682,0.10472935511184037
494,768,0.10472658716448988
870,495,0.10472529801217403
870,580,0.10472489762307466
290,1034,0.10472377161529771
478,495,0.10471482315833539
280,946,0.104708950282277
870,436,0.1047029427436044
101,134,0.1047021596371681
17,210,0.10470094216170522
494,158,0.10469809685713405
290,392,0.10469341876366638
101,86,0.10469302260551629
188,1108,0.10468984278010544
700,22,0.10468796649248832
188,647,0.1046779795604787
290,155,0.10467526217689961
1003,308,0.1046677612851914
599,365,0.10466661899741841
1106,501,0.10466268175878123
700,912,0.10466238647040103
272,211,0.10465954814987437
1106,834,0.104654382822286
290,235,0.10464949787898337
478,2,0.10464007933455881
1045,118,0.10463815048558692
494,314,0.10463558964383605
960,279,0.10463426145729846
290,236,0.10463395139229237
1130,378,0.10463385731881931
188,950,0.10463063664505211
291,95,0.10463063295232489
290,1109,0.10463034169221538
280,953,0.10461612324253669
974,175,0.10461217588146701
928,216,0.10461179556059581
928,905,0.1046099018349124
267,671,0.10460908139576792
279,151,0.10460771905410832
272,705,0.10460273907394807
478,682,0.1046022943552168
478,506,0.10460145650303897
188,693,0.10459384543287643
928,984,0.10459276517837982
928,705,0.10459251243224588
291,1011,0.1045904732762117
822,381,0.10458391935120526
280,306,0.10458282288806765
1106,279,0.10458165555514323
272,339,0.10457329281403031
599,834,0.1045708765901562
188,570,0.10456894333863237
822,148,0.10456891931018587
870,255,0.104565446792976
1045,238,0.10456448843087006
822,181,0.10455809577134574
928,796,0.10455377575248219
700,1096,0.10455333392369129
478,780,0.10455194303819398
1003,552,0.10454972518256908
928,697,0.10454819095127404
478,597,0.10454658169799562
290,90,0.10454518774845227
700,249,0.10453773829455726
17,99,0.10453756533649555
280,196,0.10453655505366871
928,325,0.10453597278039721
599,450,0.10453576520342778
478,795,0.10453513706832986
280,96,0.10453483627784034
928,682,0.10453320317691871
822,1085,0.10453128922601489
290,10,0.1045275708322917
870,595,0.10452319908280736
290,226,0.10452138317413122
960,1125,0.10451357457080075
960,1108,0.1045096391474404
928,187,0.10450920762190824
822,35,0.10450818584278304
101,374,0.10449609495069245
290,34,0.10448702589687776
267,473,0.10448579933422908
928,114,0.10448082092825783
101,154,0.10447325933557361
599,10,0.10447269041359697
1130,56,0.10447216604954518
279,729,0.10446299694581909
280,1017,0.10446223986598871
272,25,0.10444728646421357
272,1016,0.10444450265621157
928,467,0.10444380568544478
280,678,0.10444144217931801
700,887,0.10444105671715934
599,1074,0.10443982386872407
870,1056,0.10443878389003317
290,570,0.10443693718356815
928,816,0.10442947207760718
101,427,0.10441792325565316
272,502,0.1044125339449447
822,600,0.10441197784604107
267,23,0.10440380938705358
599,847,0.10440372361102869
822,335,0.10440105484514424
279,547,0.1044007240857845
960,1067,0.10439678827140633
700,342,0.1043965310918959
280,661,0.10439641089507914
960,103,0.10439560250880285
188,534,0.1043900038183432
870,1130,0.10438822702414967
17,1109,0.10438748265994782
280,577,0.10438713419598072
1130,540,0.10438425802710849
290,116,0.10438193473024868
272,1114,0.10438176413842888
960,519,0.10437942929757331
974,37,0.10437746419826671
478,379,0.1043728998588696
974,808,0.10437163063179213
1003,894,0.10436609238594553
280,1014,0.10436572807476935
928,381,0.10436560329867382
188,878,0.10436503232274125
101,854,0.10436343062885364
928,752,0.10436184276403548
1106,1100,0.10436144054387586
290,873,0.10436126479613955
599,911,0.10435531635035042
280,156,0.10435416355655133
960,167,0.10435103387725689
291,195,0.10433996996459095
267,711,0.10433981476184939
928,126,0.10433371059780006
267,1030,0.10433134171057626
960,78,0.10432536249833448
960,750,0.10431791170544091
960,1122,0.104315634675026
272,606,0.1043144467965311
267,399,0.10431168440788455
870,440,0.10431000274428683
928,233,0.10430989034275712
449,1040,0.10430662547954128
494,1085,0.10430084154675714
822,458,0.10430003817242413
974,990,0.10429914490281102
928,461,0.10429469142304287
280,1102,0.10428764985664231
822,425,0.10428695436708436
870,1116,0.10428438049091858
870,975,0.10428431929024043
101,642,0.10428342668718964
1106,58,0.10427731778807932
290,283,0.10427278274582609
1003,66,0.1042691870023499
267,1059,0.10426843168638282
822,1033,0.10426740266945234
272,340,0.1042665367393141
188,661,0.1042635602822666
101,428,0.10425906149592386
599,322,0.10425839540200621
599,200,0.10424997781532616
101,978,0.10424543365937305
1106,28,0.10424111328180291
291,147,0.10423579918438977
494,463,0.10422903281210863
974,1113,0.1042284447292046
290,513,0.10422747885695148
494,79,0.10421724017399714
101,901,0.10421171690245956
279,747,0.10421064651109903
494,534,0.10420992590001767
700,950,0.10420974200276958
494,120,0.10420176147119048
960,365,0.10419630849637546
279,757,0.10419274805520075
290,223,0.10418164178265453
291,455,0.10417528347396081
478,803,0.10416990729867683
101,598,0.10416696485158387
188,1062,0.1041638576280416
279,597,0.10416276941685937
188,745,0.10415511632305309
960,196,0.10414762590268237
1130,834,0.10414529760404866
280,445,0.10414385757572163
272,397,0.1041378783458858
822,695,0.10413402259559859
290,896,0.10413305391917568
1130,798,0.10413109447879887
928,222,0.1041275521757876
272,658,0.10412624504029536
272,799,0.10412266048017617
279,355,0.10411937327605016
928,995,0.10411349726575843
599,651,0.1041118851304775
101,580,0.10411061206957306
928,80,0.10410859455398214
188,1127,0.10410378849969544
1003,399,0.10410128008634821
188,328,0.10410102968956027
599,391,0.10410089421980345
101,721,0.10409062336987689
188,773,0.10408786665054816
1130,1083,0.10408686408107569
280,181,0.10408671509768336
279,767,0.10408596141842905
870,754,0.10408537785745932
870,562,0.10407869589504447
1130,497,0.1040765209527457
960,236,0.10407576751018492
928,811,0.10406107976856116
267,429,0.10405904940298553
494,177,0.10405845840892052
1045,139,0.10404980910204172
960,609,0.10404940321188026
449,837,0.10404713018870854
272,574,0.104039884614087
290,667,0.10403660585449533
280,82,0.10403574601053953
272,884,0.10403157790496713
870,834,0.10402991185910399
822,1056,0.10402633717275023
290,811,0.10402505190572289
290,30,0.10402302209963271
449,397,0.10402039417457071
188,752,0.10400297179938486
960,1044,0.10400219146789946
494,381,0.10400091060016414
478,334,0.10399938872471866
188,31,0.10399878105897428
101,801,0.10399412754721792
291,237,0.10398841959283617
974,243,0.10398733074747242
272,354,0.10398595070224245
960,493,0.10398242319377776
291,670,0.10398046604189796
449,745,0.1039790752767158
449,107,0.10397655666946212
279,328,0.10397155869559571
290,914,0.10397041902252344
280,492,0.10396933431909275
960,441,0.10396897051793028
267,381,0.10396538937729959
449,927,0.1039651396502687
188,933,0.10396501473133982
928,1116,0.10396390786426889
822,195,0.10396361883342838
290,815,0.10395790631773229
870,1095,0.10395172409173432
700,385,0.10394886815881109
17,942,0.10394550246748618
280,947,0.10393397345012212
279,629,0.10392805266736423
188,1075,0.10392513847282212
1130,1089,0.10392405221736818
870,1119,0.1039218707224486
280,102,0.10392049520872793
291,905,0.10391873233523198
290,800,0.10390899027728173
280,291,0.10390448381131014
599,254,0.10390040114356057
494,1108,0.10389359102762649
599,463,0.10388731078934332
290,985,0.10388697490821214
1106,904,0.10388550173015412
1106,118,0.10388282485967094
478,934,0.10388215561634113
974,1016,0.1038821426661313
1130,81,0.10388207049360997
188,29,0.10387992485449594
272,12,0.10387986504374117
101,974,0.10387979789963202
267,926,0.10387548361610177
928,1099,0.10387493394378165
17,509,0.1038727253169996
928,670,0.10386772525445566
449,816,0.10386525512046649
822,38,0.10386122090586612
272,461,0.103860412781579
928,625,0.10385961757549438
928,7,0.10384326931663125
822,747,0.10384206002100749
290,642,0.10384069581081327
188,1052,0.10382948472885656
272,724,0.10382492365094986
272,824,0.10380867040402708
494,598,0.10380674600592413
478,299,0.10379804664343617
267,542,0.1037955374805256
1045,343,0.10379432896395704
1045,244,0.10379180664232159
599,153,0.10378732369609112
272,393,0.10378453523609107
822,271,0.10377964893594639
599,294,0.10377921352892479
101,1131,0.10376740818459357
928,644,0.10376730204087696
101,88,0.10376009082679989
188,461,0.10375840600394058
1045,198,0.10375210794660017
928,23,0.10375062043333877
974,766,0.10374523756585595
272,781,0.10373660178406105
822,247,0.10373580107874172
822,969,0.1037297729655715
599,574,0.10372908305901725
272,775,0.10372864385580735
449,78,0.10372415224007349
290,867,0.10371419885461255
1003,102,0.10371413191261437
478,553,0.1037060203525907
17,700,0.1037038638611125
101,505,0.10369737763888541
280,430,0.10369127361633848
1045,356,0.10368916264897907
960,837,0.10368554299298756
290,747,0.1036844676790118
1045,397,0.10368429570883235
280,929,0.10367885992176273
280,424,0.10367339506357137
272,301,0.10367316070237692
960,313,0.1036694780275266
700,495,0.1036634760133398
101,177,0.10365283918152396
279,436,0.10365128427242466
279,1057,0.10364851323187252
290,536,0.10364686764674651
267,337,0.1036464596155853
822,260,0.10364630724438814
290,1125,0.10364317805406711
290,176,0.10363942103778859
290,1063,0.10362667093888255
280,680,0.10362504387535572
928,145,0.1036161396351761
928,619,0.10361448674705197
928,171,0.10361229627586324
188,975,0.10361053232575698
822,412,0.103609795815676
272,973,0.10360766904121901
928,941,0.10360675209680253
280,826,0.10359298348496103
280,722,0.10358801605740801
1106,127,0.1035863790700274
928,658,0.1035838980687217
599,509,0.103582460280289
494,408,0.1035813974038755
101,1060,0.10358057102650993
478,307,0.10358021577998729
272,773,0.10357986949225605
101,558,0.10357873965620754
1003,1125,0.10357429906542423
1106,728,0.10357323476220477
272,284,0.10357310076649241
188,769,0.1035710088238695
267,438,0.10356365272826691
700,451,0.10356353511441248
290,343,0.10356330149475564
822,328,0.1035625943030751
494,106,0.10356186086996487
272,152,0.10356069340653822
928,1042,0.10356021628487176
272,559,0.10355980012268567
960,549,0.10355919688951112
478,910,0.10355707577994834
17,150,0.10355535709876998
280,172,0.10355448073248083
188,865,0.10354979622790927
700,299,0.10354611393770563
599,839,0.10353746442424465
290,442,0.10353113742578539
960,81,0.10352851533096273
290,1092,0.10352784753761834
272,78,0.10352400615905986
599,746,0.1035163169239958
272,913,0.1035151211968377
290,469,0.10351328126034066
599,150,0.10351093457890634
478,980,0.10351064358733741
599,381,0.10350833132098239
822,307,0.10350815164234425
280,378,0.10350342534391059
101,533,0.10349952095124126
928,1062,0.10349628769287637
280,250,0.1034890163496512
960,579,0.10348661306679567
280,469,0.10348512667738531
1045,1022,0.10347285508787095
928,14,0.1034725129849805
290,406,0.10347122375607713
599,217,0.10346999851280689
188,257,0.10346812716968053
1130,5,0.10346514523119085
290,656,0.10346100156240044
280,468,0.10345775573749812
928,1122,0.10345357117073767
280,1031,0.10345136393021118
101,1003,0.10345017294010127
478,1083,0.1034458960555983
1106,1002,0.10344560785596257
1106,335,0.10343838106142314
928,2,0.10343773151207449
290,986,0.10343693781704712
101,345,0.1034306381647699
188,260,0.10342484956741076
494,156,0.10341826272963926
290,949,0.10340964506208299
1106,1036,0.1034089457509023
928,49,0.10340855689719225
279,322,0.10340547831643977
1003,1051,0.10339679830762925
188,971,0.10339347803886852
280,393,0.10338862977036521
1106,327,0.10338823581519652
272,675,0.1033864647981082
449,762,0.10338477134051782
290,488,0.10338137385051427
599,457,0.10337920215580135
101,276,0.10336941531632916
188,567,0.1033666953154527
449,509,0.10336455140601108
267,824,0.10336427262764429
188,181,0.10336178809290578
870,249,0.10336158308670067
280,103,0.10335958027437837
822,974,0.10335619608713362
290,424,0.10334914448355348
928,517,0.1033479094625739
267,218,0.10333040149073701
17,623,0.103330191497307
188,506,0.10332383749779446
272,157,0.10332354160669369
822,1124,0.10332295586795842
17,847,0.1033168708303432
17,795,0.10330765591455199
290,877,0.10330644977616217
1106,600,0.10329792243243667
928,507,0.10329589551979511
494,750,0.10329173481922316
272,541,0.1032887171354541
280,660,0.10328790144865571
272,1075,0.10328771656360124
1130,340,0.10328763406023951
870,555,0.10328628317678738
272,620,0.103283400316315
449,558,0.10328244959561804
272,1053,0.10327955056811011
290,404,0.10327805899037389
1045,649,0.10327764251788428
267,966,0.10327588251699542
188,974,0.1032741297511609
267,769,0.10327286153034303
700,1077,0.1032726011274836
449,165,0.10326456493747652
449,430,0.10325783649511838
494,493,0.10325283491781671
101,794,0.10325189570535602
290,462,0.10325175302480746
279,671,0.10324609614442357
822,801,0.1032426022226418
1106,873,0.1032419606719422
822,566,0.10323197578755791
267,2,0.10323104778038483
870,3,0.10322880034011313
494,985,0.10322339467461218
1106,1065,0.10321211345906837
272,889,0.10320629850560505
700,448,0.10320608436117167
494,243,0.10320400927478447
974,477,0.10320209080971135
267,537,0.10320197836898932
960,732,0.10319963671909838
291,757,0.10319844648901634
928,469,0.1031966113287768
291,595,0.10319527251683822
700,673,0.1031854658678964
101,989,0.10318152490719347
279,1116,0.10318024259541082
599,600,0.1031761067719808
928,136,0.1031750325642892
960,1093,0.10317123886051058
280,894,0.10316991757954158
1130,1022,0.1031689207326391
17,257,0.10316784668980236
599,315,0.10316671726411797
188,159,0.10316266566992927
928,882,0.10316231981923486
928,34,0.10315866714429321
928,1018,0.10314601185720355
101,546,0.1031439395004488
960,172,0.10314150174544678
279,27,0.10314011747458707
822,761,0.1031364884097798
280,536,0.10313115318234169
280,682,0.10312892421849888
280,75,0.10312821380374261
1045,760,0.10312706130080984
494,255,0.10312199581247841
267,263,0.1031193975462947
290,647,0.10311725923228143
188,52,0.1031161492772071
494,189,0.1031146550703108
960,554,0.10311290463834802
928,791,0.10311159681869887
928,165,0.10310419417056436
1045,948,0.10309368603809999
272,415,0.10309115768426799
272,778,0.10308345226512282
279,945,0.10308054108363818
291,768,0.10307910755821198
267,648,0.10307601213213921
1106,971,0.10306697943416031
17,259,0.10306428307427719
291,432,0.1030622104368587
960,1004,0.1030536428205066
478,856,0.10305351110104526
280,301,0.10305237275783305
478,985,0.10304913326564007
494,186,0.10304398141466047
101,176,0.10302885413508796
599,985,0.10302505114703474
870,380,0.10301620298801943
290,796,0.10301424875596724
267,690,0.10300688811925204
280,85,0.10300358579856152
272,1116,0.10300154555265895
272,926,0.1030000898561359
478,798,0.10299973464698073
1106,674,0.10299873573264899
1045,372,0.10298791515312765
101,587,0.10298768665843668
449,1065,0.10298425620494653
272,825,0.1029703633549347
928,81,0.10296990120778776
279,282,0.10296842986495515
272,1079,0.10296748954055397
272,818,0.1029603978641787
1003,413,0.10295745501001577
449,624,0.10295664238093657
101,61,0.10295399097970803
279,211,0.10294477838207011
101,746,0.10294338926550006
449,481,0.10293351463829245
280,1110,0.10293257766764906
960,811,0.10292608934831438
188,94,0.10290424072851487
1045,630,0.10290249887880193
280,242,0.10289619152482438
700,982,0.10289521691341107
700,329,0.10288502724880266
1045,28,0.10288078479681083
280,513,0.10287650462539843
290,1060,0.10286492233685073
928,939,0.10286214838218533
1106,429,0.10286004817470194
280,429,0.10285301386800672
280,937,0.10284933560676854
960,839,0.10284341293080669
599,1051,0.10283716166396055
928,823,0.10283641007690357
272,380,0.102835836400032
1106,419,0.10283470535165415
928,595,0.10282508145395698
272,1113,0.10282303054590206
1045,609,0.10282155248516621
449,363,0.10281769188469198
960,728,0.10281304325905789
1106,374,0.10280679473293416
478,438,0.10280552174620038
700,903,0.10279934878903133
290,419,0.10279379599544117
280,748,0.1027871666843288
267,1124,0.10278627369704821
267,378,0.10277758630508671
1003,236,0.10277560196510843
1003,221,0.10276866785015285
928,1108,0.10276596867504142
478,445,0.10276444361446525
928,1021,0.1027638964691181
494,102,0.10276366517438768
280,428,0.10276088096467066
928,861,0.10276027547809147
267,920,0.10275958681711156
17,600,0.10275884882338933
599,654,0.1027569711541881
280,244,0.10274797287859122
280,811,0.10274464198929585
267,848,0.10274162383495926
188,554,0.10274096064749491
928,780,0.1027370292157717
188,652,0.10272869950122476
1045,729,0.1027263585973079
17,1068,0.10271824478305062
928,524,0.10271638070332752
17,824,0.10271484185511376
267,615,0.10270895284651772
599,716,0.10270753920402755
928,1041,0.10269688153116717
280,232,0.10269551157986194
17,211,0.10269544665584104
599,809,0.10269511239878647
280,239,0.10269044840126182
494,238,0.10268775024873743
870,81,0.10268576587036192
822,355,0.10267993300166299
290,1093,0.1026769784506982
1130,66,0.10267054246127352
494,223,0.10266153741722162
494,64,0.10266029037097438
188,619,0.10265898532832828
494,1014,0.1026559328968786
272,233,0.10265557069680716
188,1054,0.10265527818242892
960,570,0.10265491720886574
267,481,0.10264898380799918
267,319,0.10263895531271802
599,484,0.10263588679760662
928,124,0.10263495009454841
1045,1079,0.10263276588398738
280,360,0.10262974301408372
290,384,0.10262606060537482
101,627,0.10262238846273265
279,299,0.10261921033512306
449,53,0.10261820982299474
599,1022,0.10261788255289078
1106,1064,0.10261760876916393
1106,652,0.10261169616649504
928,385,0.10261108241697273
928,169,0.10261057948795631
290,362,0.10260972893970037
928,533,0.10260032906005827
101,843,0.10259483898078763
290,821,0.1025928891550395
1003,51,0.10259153507316124
960,829,0.10258288122756028
17,982,0.1025822316292865
960,769,0.10257319855898692
928,561,0.10257284331713903
101,1009,0.10257229288716659
1106,636,0.10256691653777336
974,889,0.10255385210916139
279,537,0.10254768501161557
960,495,0.10254055667682277
280,67,0.10253915921748416
280,768,0.10253581874052464
494,471,0.10253294632844225
1045,22,0.10253216613582782
870,833,0.10252423920569086
267,143,0.10252233831225253
478,695,0.10252103624781747
101,567,0.10252035989425
1045,289,0.1025202435738249
599,889,0.10251903579752915
291,256,0.1025172679274126
188,542,0.10251513167859722
1045,53,0.10251429461755743
1106,133,0.10251330354131348
1003,224,0.1025096769123134
272,436,0.102509165805956
928,521,0.10250748625919313
280,412,0.10248906935615636
290,615,0.10248671225379788
1130,846,0.10248396538055098
974,911,0.10248353103325734
188,877,0.10247558001584138
599,204,0.10247463940232822
290,333,0.10247355111727857
928,883,0.1024727617137126
928,493,0.10247272530536494
928,851,0.10246767706992577
449,692,0.10245265719504006
291,1056,0.10245205537698855
599,766,0.10244530602689624
291,868,0.10244086557915742
700,799,0.10243571034074424
272,939,0.10243567303635845
101,420,0.10242779532402141
478,914,0.10242189778278694
449,709,0.1024207174102901
272,863,0.10241907561852759
272,429,0.10241872760411301
188,21,0.10241454573364354
928,797,0.10240969552177373
280,246,0.10240902450616036
822,1016,0.10240316278771701
290,768,0.10240288575805996
1003,986,0.10240069809454622
478,246,0.10239518986544303
960,690,0.10239515640851875
280,1111,0.1023947251830627
17,106,0.10239109700944142
1045,767,0.1023884617189297
280,133,0.10238643599450636
290,1022,0.10237809152474721
960,381,0.10237214104929465
188,904,0.10236348038667607
267,163,0.10236276416318527
599,455,0.10236012880280142
1130,505,0.10235384682737574
870,171,0.1023511458386058
290,477,0.10234926304053556
267,88,0.1023398757968375
280,550,0.10232605054148314
1045,514,0.1023246879562708
870,128,0.10231382514980016
290,698,0.10230963802125591
272,135,0.10230820391816192
17,597,0.10230717749174671
1106,6,0.10230390547823735
188,319,0.1023021920112404
960,545,0.10229799350980422
599,1047,0.10229520514503773
101,204,0.10229429831784713
494,209,0.10229427970701514
188,846,0.10228265573731914
478,544,0.10228261295471443
267,420,0.10228228280233037
280,792,0.10227814641379027
1045,955,0.10226991841122147
478,341,0.1022693827319098
188,1100,0.1022683988123719
280,434,0.10226620238791592
272,797,0.10226453237363148
188,355,0.10224783098886112
974,741,0.10223534057153051
280,23,0.10223145199623936
17,163,0.10222069354122026
822,527,0.10221904212079566
960,715,0.10221700359017111
960,30,0.10221610433417597
1003,791,0.10221567555173862
290,250,0.1022094900760997
960,53,0.10219579889095785
870,779,0.10219460244931639
960,767,0.10218985949620418
928,814,0.1021796536943903
280,685,0.10217795680064767
188,407,0.10217494806554529
928,1109,0.10217019992172097
928,337,0.10216925043127688
280,1050,0.10215300042120537
272,918,0.10215167517068986
960,430,0.10215009926710845
960,721,0.10214486773852077
272,498,0.10214475537642421
280,846,0.10214420847194154
188,189,0.10213637541521968
272,62,0.10213471492645462
280,114,0.10213419165445727
272,739,0.10213179216510723
822,137,0.10212818228513619
928,228,0.10212725562491251
960,159,0.10211932536633717
1130,506,0.10211463155612491
290,823,0.102111264890176
822,299,0.10210270934058384
822,1075,0.10210093888467409
101,1089,0.10209972172477579
494,293,0.10209922700415344
101,780,0.10208969002475043
280,524,0.10208140407073577
101,657,0.10208052730824888
960,457,0.10207724954157692
280,766,0.10207695165761617
290,898,0.10207296156040144
449,206,0.1020665270185113
188,741,0.10206619876247289
291,951,0.10206514995796807
290,480,0.10206471877655222
1045,158,0.10206204175665157
599,886,0.10206076981521527
478,331,0.1020580830446721
267,109,0.10205501589410715
280,552,0.10204924830271864
291,322,0.10204794552164183
870,509,0.10204277209089645
101,1081,0.1020387913639053
291,307,0.10203793057407372
870,570,0.10202697907386421
928,672,0.10202596691569207
290,15,0.10202285110842539
101,672,0.10201333883365155
928,429,0.10201054271569644
974,299,0.10200992734296148
290,554,0.10200106030829344
17,908,0.10199564391933169
960,163,0.10199506763162443
17,886,0.10199193646387479
101,887,0.10198618924959812
1106,759,0.10197663058661728
291,160,0.10197403142564065
928,61,0.10196707936132693
280,677,0.10196342593301473
279,573,0.10196130128468449
1106,288,0.10195986146027024
928,231,0.10195484734072054
599,438,0.10195424558726023
280,672,0.10195043244135604
188,593,0.10194958000149418
960,638,0.1019472279064197
1106,539,0.10194567307186873
272,869,0.10193824343865673
494,1050,0.10193235620797486
974,479,0.10193093243801775
1106,309,0.10192574575449911
1045,825,0.10192369522007565
1130,766,0.10192036728898445
599,395,0.1019197843260834
188,515,0.10191960794481189
290,988,0.10191302552968164
272,549,0.10190734343477792
290,429,0.10190712836183774
101,1111,0.1019058721566065
188,45,0.1019056438276723
280,841,0.10190434558186168
17,745,0.10190266133952976
928,86,0.10189399379804305
17,95,0.10189229416235061
280,921,0.10188806665251496
928,659,0.10188749811872375
17,547,0.10188693953783061
928,456,0.10188557656413504
1130,593,0.10188039661027147
494,1013,0.10187685401809497
290,1036,0.10187262743227667
188,1025,0.10186883966894018
290,732,0.10186656809764527
822,845,0.10186579831322992
928,38,0.10186421152631024
960,1054,0.10186379707202271
267,1016,0.10186326827177973
1045,585,0.10185793614008766
478,843,0.1018577732092796
478,575,0.10185534732699408
272,316,0.10185423063431381
267,171,0.10185173432613019
291,716,0.10185098447078669
280,1095,0.10184754855097176
928,804,0.10184313244268019
822,116,0.10184276360841846
188,726,0.10184251914949936
279,907,0.10183768742011892
960,607,0.10183241191159004
1106,924,0.10183168266181167
1003,169,0.10182839579040347
272,927,0.10182548657291773
870,52,0.10181615053458049
928,84,0.10181584927128876
494,639,0.10181106870499852
188,343,0.10180808906786336
599,69,0.10180146825371693
449,16,0.10179922952804857
272,89,0.10179734151721906
1106,430,0.10178994182422067
960,1052,0.10178442618720186
291,419,0.10177664018097657
291,374,0.10176999873451527
960,180,0.10176873342510186
822,1120,0.10176790779762773
279,289,0.10175936256572075
974,148,0.10175862728900352
290,19,0.10174247495104181
700,49,0.10174219345724854
928,1112,0.1017305565977968
280,1,0.10172992911021021
1106,308,0.10172251197943663
822,322,0.1017196686732378
494,615,0.10171953235546
1045,629,0.10171567338043216
700,363,0.10171521340412955
1106,257,0.10171417742906406
290,871,0.10170556610804378
291,1023,0.10169700185212374
267,127,0.10169064144845111
279,421,0.10168575392522722
279,934,0.10167756186003074
1106,1056,0.10167601883080502
822,331,0.10167320059007524
272,946,0.10166808548109971
1106,320,0.10166802103928106
101,609,0.1016645676135053
101,908,0.10166412212215666
272,762,0.10166269061970948
960,134,0.10166133546206413
960,846,0.10165081999981168
1106,1010,0.10164430826354491
291,67,0.1016272972532191
822,515,0.10161532905705095
478,387,0.10161153514746216
188,14,0.10161143544595419
272,414,0.10160995875864368
101,858,0.10160846354338696
272,993,0.10160799416839995
478,195,0.10160641177377447
188,895,0.10160049372044502
272,292,0.10158860413462542
290,378,0.10156801887819181
101,797,0.10156738517465916
928,674,0.10156589319147528
928,253,0.10155561495423736
101,385,0.10154782483217663
280,444,0.10154606950487402
928,438,0.10154599053450244
267,555,0.10154522090611758
478,5,0.10154416779719769
1003,1088,0.10154388230092683
870,211,0.10154170112025118
280,554,0.10153681810434331
279,976,0.10153370927910259
478,15,0.10153083410853381
290,908,0.10152645942999682
279,623,0.1015251981885615
822,854,0.10151747831908797
290,1081,0.10151514576005348
101,114,0.10151514296792147
272,263,0.10150979169346402
822,1064,0.10150726746130546
1106,1130,0.10150118016991991
272,206,0.10150112130535434
267,458,0.10150076672549314
267,1026,0.10149712278122401
928,529,0.10148984053710086
1045,0,0.10147775277980393
101,996,0.1014772026230753
272,493,0.1014732309682149
960,529,0.10147155310861382
272,864,0.10146181690022846
494,0,0.10145904746289416
1106,153,0.10145859270892112
974,1004,0.101457168806481
188,400,0.10145576954993588
279,462,0.10144273416225472
17,519,0.10143360751030228
928,867,0.1014329250136709
280,1010,0.1014314610610375
928,513,0.10142907395271157
449,718,0.10142884982649436
599,327,0.10142449844225684
17,1008,0.10141983875042404
101,116,0.10141690255425555
822,580,0.10141533367697328
280,563,0.10141045102753907
494,200,0.10140986765652715
822,132,0.1013998738215154
822,318,0.10139011447666825
188,948,0.10138976990245342
1106,856,0.10137586557029077
478,85,0.10137527510916086
290,354,0.10137331740930988
267,45,0.10137234539894183
960,404,0.10137054312471838
101,455,0.10137047515550503
272,297,0.10136955059054924
17,1034,0.10136382952421766
101,225,0.1013591851441344
17,741,0.10134783763739742
1045,54,0.10134615996249664
974,800,0.10134479089682424
280,292,0.10134341533768057
928,240,0.10134163424591643
1106,672,0.10133963797135821
960,985,0.10133853940301048
272,981,0.1013335759871184
267,812,0.10132705211165612
272,241,0.10132685492198924
272,697,0.10131605367768357
1045,70,0.10131553981029605
267,903,0.10131500893022655
928,489,0.10131303244641651
928,1120,0.10131152528237967
272,721,0.1013083342542422
1106,169,0.10130794854595963
478,751,0.10129839590271307
101,283,0.10129475599670278
188,847,0.101293996450202
290,1062,0.1012852105921768
928,326,0.10127632166455107
599,710,0.10127486644429325
272,947,0.10126928296179968
188,837,0.10126679813928735
188,301,0.10126261649259931
960,292,0.10126133696500011
188,856,0.101260317494394
870,540,0.10125981371504594
1106,272,0.10124825524471477
272,418,0.10124710692468615
280,726,0.10124426956192381
960,387,0.10124215443396553
272,180,0.10123874431790827
290,1014,0.10123780182137772
279,838,0.1012367305268835
494,51,0.10123453533836069
960,1018,0.10123300202415596
188,509,0.10123167624154758
478,576,0.10122531189644916
17,307,0.10121653507261752
494,540,0.10121218702296117
494,878,0.10120910749041415
1106,383,0.10120629014702728
599,383,0.10120302247091587
290,792,0.10120194882072832
1106,471,0.10120179332676263
267,1120,0.10120093951221151
280,167,0.10119722082653348
290,126,0.10119663502008663
17,167,0.10119532266842805
974,638,0.10119415274994042
267,327,0.10119333854208057
974,79,0.10118897781555396
101,900,0.10118248159515525
1130,182,0.10116846609156256
188,901,0.10116800709620792
267,627,0.10116540226631761
279,441,0.10116525263551872
17,94,0.10116293438723666
101,838,0.10115992251307235
272,704,0.10115913947228233
290,849,0.10115262632322729
101,692,0.101149678683145
928,1082,0.10114863694803945
267,676,0.10114716037904592
928,842,0.10114229290533609
272,963,0.10114020802865635
1106,343,0.1011384721517134
1045,920,0.10113667452639215
290,227,0.10113535070199015
101,868,0.10113447725848111
290,471,0.10113280172511896
599,513,0.10113011575515936
1106,293,0.10112802850955832
494,387,0.10112200557383941
280,751,0.10111699730413024
870,533,0.1011139391901432
822,117,0.10110877336283758
280,211,0.10110785470432969
822,209,0.10109774008655582
960,393,0.10109392325768778
280,914,0.1010859636769728
494,270,0.10107604287431317
280,779,0.10107504078471045
280,413,0.10106448541035543
1045,552,0.10106154292440829
279,570,0.1010604457132222
280,777,0.10105526623401884
822,910,0.10105137098202897
494,286,0.10104908650553016
272,70,0.10104812876928926
17,631,0.10104810058791003
280,1077,0.10104482366172247
272,923,0.10104422078484854
960,1056,0.10103067044877943
928,888,0.1010295930944811
267,809,0.10102307847602844
478,801,0.10101966544096466
188,173,0.10100954712065639
280,1007,0.10100678815167059
17,576,0.10100589269659402
822,662,0.10100456322209239
822,186,0.10100425800511557
1130,204,0.10100203433816522
960,781,0.10099860821975132
960,566,0.10099748440690302
267,202,0.1009916768376156
267,1066,0.10098815526335869
1106,513,0.1009820754590338
272,617,0.10097853483322333
1045,226,0.10097747066016849
1003,954,0.10097560802251107
822,1031,0.10097545053058561
599,148,0.1009752077659641
1045,541,0.10096640756851244
188,225,0.10095701013764481
101,1116,0.10095683147849237
17,1003,0.10094996237152871
599,456,0.10094631356406578
290,370,0.10094038785229624
267,877,0.10093359426470938
267,867,0.10093327584002618
494,563,0.10093114923418386
960,428,0.10092750323604872
279,1114,0.10092011810924677
267,51,0.10091310340548514
280,716,0.10091259736903994
188,370,0.1009059938293068
1130,844,0.10090439068895232
494,365,0.10090414587798993
822,612,0.10090208595031336
188,989,0.10090031860759899
290,434,0.10089813665135747
478,199,0.10089218354305224
291,426,0.10088888274526137
101,1044,0.10088528081888905
290,862,0.10088144800219191
279,174,0.1008674735856774
290,846,0.10086671948490629
188,540,0.1008665829131606
272,231,0.10085854242319225
290,113,0.10085462307059093
267,320,0.10084741604783491
1130,768,0.10084624806608675
449,976,0.10084292009040761
267,796,0.10083475782348451
267,894,0.10082389597733403
1045,1052,0.10081883619992069
478,635,0.1008086739881116
494,211,0.10080313605300578
960,374,0.10079713014322697
449,1023,0.10079333639036575
700,160,0.100790779580717
1106,378,0.10078834131782204
17,1049,0.10078738263693886
599,576,0.10078169325322954
599,276,0.1007747638888366
17,24,0.10077413672834049
272,323,0.10076987737305966
928,414,0.10076860846966207
280,1082,0.10076360110508022
1130,320,0.10075521263674206
267,773,0.10075388180105385
291,356,0.10075363283469897
449,170,0.1007498460498234
1106,526,0.1007480214397925
974,440,0.10074779200561922
101,314,0.1007473191145846
280,179,0.10074352212062974
700,595,0.10073605075864447
494,278,0.10073427137086231
101,190,0.10073283525017691
928,896,0.10072522681417177
17,691,0.10071769810992201
17,895,0.10070757045609624
599,1064,0.1007031832086565
494,426,0.10070196497080604
272,709,0.10069400022079053
449,930,0.10069399812224243
870,933,0.10069373265343688
272,439,0.10068585929088229
928,838,0.10068411640671318
188,250,0.10068369926573205
291,169,0.10067140692935445
101,636,0.10066521957591246
272,815,0.10066493300114794
290,73,0.10065496937318047
822,906,0.10065342303970973
1106,159,0.10064816205735008
101,74,0.1006424699366116
494,1119,0.10064232845414715
291,527,0.10063390696015818
870,645,0.10063328463146787
1106,116,0.1006310926032596
928,180,0.10063002538579804
928,283,0.10062937461068187
188,263,0.10062457979692446
478,317,0.10062405200177182
822,795,0.10061946120153759
870,18,0.10061432339558483
928,665,0.10061334588186023
449,1113,0.10060967138192822
494,345,0.10059727083485812
822,900,0.10059326494535127
1106,297,0.10059274266631447
928,74,0.10059016766440647
267,343,0.10058133189621775
478,971,0.10057931580171607
494,137,0.10057745785414679
280,847,0.10056846196729685
960,488,0.10056668819144357
1045,771,0.1005659668674335
870,793,0.10055901581453693
290,580,0.10055571277501796
267,340,0.10055437901924519
280,519,0.10054626398951921
822,700,0.10054451224256616
291,544,0.10053953854158963
290,409,0.10053911561362511
1045,368,0.10053903789691455
1130,687,0.10053845940278053
101,695,0.10053447268847554
449,22,0.10053143420706831
101,507,0.10052850666747408
1106,369,0.1005280339906226
188,580,0.10052780819022009
188,231,0.1005234319359843
188,217,0.100523187942709
280,135,0.10052204574419754
290,539,0.10052036855403736
870,85,0.10051976929263995
870,266,0.10051725611220365
599,167,0.10050836281428038
960,930,0.10050419925360389
960,227,0.10049976787286516
449,804,0.10048609132627281
822,450,0.1004856095639882
1045,354,0.10048134760907475
290,152,0.10048103119125557
1106,522,0.10047795365756075
1106,30,0.10047758370561466
1045,671,0.1004761600396215
280,523,0.1004698169047384
1130,612,0.1004516922116747
822,156,0.10045049475068206
1130,985,0.10044515463614205
928,1013,0.10044353005260255
291,567,0.10044213645126125
267,11,0.10044086072538438
101,0,0.1004394204771801
1045,606,0.10043915482700311
974,238,0.10043908040780877
928,440,0.1004379606866126
272,251,0.10042767708648002
272,464,0.10040974205956525
822,378,0.10040108205950116
280,797,0.10039004649862542
822,959,0.10038904468101546
267,924,0.10035437065479831
928,370,0.1003498210611116
17,794,0.10034416244051787
280,116,0.1003433782931422
494,886,0.10034302430207748
290,209,0.10033561135527812
1003,856,0.1003328304415658
928,471,0.10033047064488985
960,968,0.10032948005728216
1130,192,0.10032392557743702
928,687,0.1003174330881335
280,15,0.10031734975075408
1130,914,0.10031392669963307
870,340,0.10031342223705095
1106,331,0.1003109944354016
280,850,0.10030951324787378
188,157,0.10030400919204774
291,894,0.1002994170973264
870,985,0.10028306657961662
494,294,0.10028007624495217
101,414,0.10027709229452617
1130,845,0.10027497431233905
870,24,0.10027355586176805
17,496,0.10027026106642285
17,276,0.10026355056224046
1045,284,0.10026090168728527
272,568,0.10026057610386208
272,1072,0.1002563718994842
1130,1013,0.10025230992818908
290,726,0.10024861341164223
272,335,0.10024514290149622
928,181,0.10024477222390366
974,795,0.10023561800638539
494,421,0.10022958409609771
870,4,0.10022897883240656
272,810,0.10022253459213246
280,824,0.10021599676239291
188,1056,0.10020763214788692
188,728,0.1001904913915399
279,341,0.100182965819591
599,549,0.10018111672322513
101,24,0.10018038024910185
974,750,0.10016901511179109
928,279,0.10016744277477005
928,496,0.10015989706759118
822,595,0.10015926079807934
290,1124,0.10015284849373972
267,906,0.10014898001645706
928,409,0.10014749413487274
290,205,0.10014693135190109
449,299,0.10013968172530092
599,798,0.10013574604449657
478,509,0.10013571534434852
267,527,0.10012345284851437
1045,142,0.10011761690146521
101,209,0.10011484116578222
449,763,0.10011049353349588
494,374,0.10010699173889634
700,222,0.10010488173620041
290,308,0.10010227853449322
974,331,0.10010043041589975
1130,839,0.10009705984722508
188,123,0.10008023881836754
870,623,0.10007787299018153
280,442,0.10007719135662255
272,1109,0.10007493695720134
280,1063,0.10007022265303805
928,104,0.10006537091641161
1106,1092,0.10006521386209653
272,948,0.10006502472610737
822,1050,0.10005177663156077
494,154,0.10005082643227449
267,1092,0.10005042370657884
290,52,0.10004695219075342
280,457,0.10004694129592301
960,858,0.10004536577043044
1045,49,0.10003759018870263
272,553,0.10003481794425491
822,672,0.10003236095419799
17,1004,0.10003082590380236
822,558,0.10002684665572234
280,664,0.10002001498730048
599,53,0.10001159199271079
494,1075,0.10000905679310017
960,328,0.10000030803388268
280,794,0.10000000744148448
1045,311,0.099992660663063
822,824,0.09999142279140721
101,833,0.09998312103345539
272,164,0.09998183512092582
1130,99,0.09997843517460665
822,626,0.0999777411419706
1106,29,0.09997618935627794
449,638,0.09997454430209456
290,847,0.09997209261083959
478,173,0.09997031744186036
17,900,0.09996878142528556
1003,268,0.0999667624786204
928,1100,0.09996621444776423
822,575,0.09996397975385929
1045,1055,0.09996136545155015
272,122,0.09996044977110069
928,139,0.0999519868803135
478,1081,0.09995068937720483
974,537,0.09992806512049277
188,35,0.09992228621952277
290,935,0.09991028062325198
960,61,0.09990569009182833
928,159,0.09990484343072475
188,50,0.09990186128213867
101,85,0.09990098881248019
928,692,0.09990071001312588
101,500,0.0999000595921396
449,364,0.09989574746380082
494,331,0.09988361643997788
290,888,0.09988106723436334
494,921,0.0998787143050982
188,236,0.09987769943534949
599,182,0.09987706306431772
280,441,0.09987353327234681
960,645,0.09987069901631805
280,1036,0.09986974067824908
101,544,0.09986485480627623
494,163,0.09985222220012133
280,297,0.09984851279094804
272,1126,0.09984751532774795
280,913,0.09983419840709565
1106,74,0.09983381241923427
272,100,0.0998319398809513
272,916,0.0998204678680904
291,615,0.09981732935337073
17,1110,0.09981395910396433
280,480,0.0998041609164561
494,110,0.09980392030073318
449,779,0.09980013197271645
188,496,0.09979404611510627
1045,242,0.09978855832451625
17,1057,0.09978072807027592
272,456,0.09977005146868449
101,127,0.09976883628352846
449,920,0.09976330850107028
272,744,0.09976212500705887
700,545,0.0997611863670371
272,204,0.09975547795905357
960,845,0.0997544274699429
1130,143,0.09974562029078128
272,31,0.09973872043803449
272,837,0.09973550105856502
928,600,0.09973412876531135
870,914,0.09971392911681155
272,914,0.09971182005014266
1045,918,0.09970770674506879
188,907,0.09970185191154941
290,766,0.09969805355610466
928,1095,0.09969732507590759
17,391,0.09969627638683039
267,844,0.09969586278921418
960,671,0.09969198060345551
188,1095,0.09969178856370023
1130,150,0.0996879316216905
280,793,0.0996836664162419
272,496,0.09968226056290769
267,1105,0.09967803708875045
494,364,0.09967599762422585
960,727,0.09967152048238469
1003,92,0.09966126595756715
478,168,0.09966079773446765
822,268,0.09965819755018036
280,756,0.09965755947283093
478,894,0.09964541968992859
478,847,0.09964460908349923
928,703,0.09964427644602798
280,193,0.09963194085072428
272,201,0.09962068128100837
17,5,0.09961693370919406
280,562,0.09961293569332295
870,638,0.09961116951059304
188,1120,0.0996102666300896
1130,862,0.09959996253397514
960,278,0.09958923471894032
272,351,0.09956990834289549
267,172,0.09956533074107894
494,969,0.09955775348090633
272,789,0.09955403097374946
928,420,0.09955151944979064
494,479,0.09955059780173363
101,179,0.09954926793335889
188,143,0.0995453634914464
822,886,0.09953776024380624
280,900,0.0995353357697499
960,141,0.09952151866762826
188,968,0.09951946340340027
1045,162,0.09951686396494287
1106,268,0.09951381068309546
478,120,0.0995038936528866
101,457,0.09949880480206728
272,431,0.09949309065726684
928,848,0.09948614296383199
1106,438,0.09948331846907942
870,356,0.09948075178264397
17,773,0.09947736919849189
267,695,0.09947622239746853
700,891,0.0994740590758714
272,816,0.09946783427915669
822,351,0.09946702952944719
494,798,0.09946677501118685
188,629,0.09946491757233876
928,820,0.09946302612319421
1045,867,0.09945912130314234
267,988,0.09945712913713593
272,447,0.09945621351241497
267,807,0.09945437856335389
291,279,0.09945224707284737
599,1095,0.0994452979448949
188,56,0.09944470647563272
267,192,0.09944433053335576
188,74,0.0994263229446292
272,949,0.09941354674554445
1130,209,0.09940967243010235
1045,384,0.09940963815613467
267,310,0.09940884661488521
700,87,0.09939801260318776
272,708,0.09939207663483646
599,146,0.09938066032265022
494,383,0.09938054343939984
1045,301,0.0993784619047542
1130,690,0.09937207179224625
290,746,0.09937179047975607
280,474,0.0993703110033469
188,910,0.09936171653693791
478,814,0.09935969985010545
188,945,0.09935424759687209
280,1130,0.09935322107170891
494,570,0.09934776806007484
1106,930,0.09934221053054781
272,369,0.09933695039384614
1045,274,0.09933533450795896
279,488,0.09933347893205402
822,340,0.09933248946253248
478,1060,0.09933020600010434
101,1022,0.09932836494685052
101,615,0.09932576976505535
290,165,0.09932223924943437
449,553,0.09932125761147755
960,602,0.09931910816172362
960,1013,0.09931723770006098
279,916,0.09931166572403514
700,493,0.09930617756627023
101,79,0.09930600987987614
1106,726,0.0993058427113839
599,921,0.09929924823985778
700,642,0.09929809934883292
599,307,0.09929658474027284
291,682,0.09929237608789657
272,467,0.09927849532683067
960,392,0.09927691255178578
822,513,0.09927534481905759
280,573,0.0992718067327056
291,600,0.0992667250626161
272,514,0.09926436182062828
928,232,0.0992604342603648
272,964,0.09925826641555997
449,921,0.09925770843197404
272,390,0.09925044371561324
267,117,0.09924642392752774
928,155,0.09924434497932982
272,618,0.09924068827893294
494,69,0.09923878487400449
822,293,0.09923518722863481
822,644,0.09922738357200238
291,794,0.09922477340872073
267,1100,0.09921913634260925
1003,814,0.0992165613508767
928,109,0.09921173868186808
1130,64,0.09920359266801146
700,270,0.09920141586769449
700,563,0.09919852850222234
1045,45,0.09919294635991267
267,794,0.09919197490806857
478,217,0.0991879366753501
449,950,0.09918605544650787
188,434,0.09918159879618652
280,507,0.09916937101505051
101,407,0.0991643556765362
870,497,0.09916415139029239
188,1111,0.09915664918843203
1130,600,0.09915662008285699
280,380,0.09914769430485551
494,826,0.09913905591772423
960,766,0.0991362419996941
700,750,0.099118231390925
599,975,0.09911629628234643
700,942,0.09911428303175204
272,197,0.09910538525123891
870,370,0.09910195394722834
960,355,0.09910027474844188
290,836,0.09909621082852774
1106,1111,0.09908955436224598
494,266,0.0990802479272997
1130,471,0.09905362725304241
599,612,0.09904836506694963
449,1045,0.09904758552006869
279,559,0.0990466398666695
449,896,0.09904352438104921
494,355,0.0990429586029354
478,453,0.09904288617305447
928,559,0.09903713530994741
280,939,0.09902629948643701
449,681,0.09902106476192435
1106,132,0.09902103152942116
291,81,0.0990183929549746
101,1019,0.09901797783862643
267,982,0.09901379283540986
960,575,0.09900975963150839
822,597,0.09900357680835334
280,902,0.09900208525379181
494,891,0.09899956906711282
960,496,0.09899910773566363
974,319,0.0989987925751956
478,304,0.09899291903005955
290,179,0.09899287395302973
1106,351,0.09898786276725197
188,921,0.09898268330745248
188,824,0.09897111056326643
279,595,0.09895959346731818
188,1034,0.098956168280817
267,642,0.0989549662518614
928,56,0.09895286593430053
700,177,0.09894289822557807
478,836,0.09893820732155514
1045,942,0.09893185700452713
17,45,0.09892918462636402
267,554,0.09892323680331958
822,1003,0.09891971246035994
449,484,0.09891966065754981
290,310,0.0989107055520126
928,1115,0.09890770772631542
960,567,0.09890561827982083
290,303,0.09890377095822202
101,30,0.098902703688211
272,607,0.09889708986301288
1106,208,0.0988910070362579
1045,561,0.09888884048739928
280,924,0.09886231875592696
870,547,0.09885954960977023
17,534,0.09885890884764172
822,146,0.09885788415751354
272,631,0.0988528650921648
870,599,0.09884619584804213
272,1020,0.09883325223285558
272,1048,0.09883178901521417
291,143,0.0988317854734769
272,472,0.09882527521453782
599,426,0.09881943801928476
449,607,0.09880427329438626
960,866,0.09880243114632797
870,2,0.09880231615912546
494,153,0.09879755344555584
290,515,0.0987937066704339
1045,59,0.09878487335589545
290,793,0.09878413135903456
280,49,0.09877573125489274
1045,329,0.09876516234338013
279,454,0.09875684921457356
494,747,0.09875620549460827
449,276,0.09875256155860286
599,141,0.09874355251986555
291,1129,0.09874323931006836
478,4,0.09874179038731135
1106,387,0.098737908498961
1045,869,0.09872762077459239
280,218,0.09869488675538399
1106,173,0.09867897868413199
599,37,0.09867505855038376
478,1025,0.09867248358592506
272,548,0.0986713511577998
272,156,0.09867131734342391
290,814,0.09867011675195878
478,1094,0.09866892974057818
494,692,0.09866241488756038
291,117,0.09866125049191878
928,1009,0.09865898804093437
188,18,0.09864922909608011
960,204,0.09864410364095005
188,672,0.09864010592758694
1045,1018,0.098638973614259
1045,1023,0.098638319398622
290,88,0.09863191450435792
101,274,0.09862666537443286
1045,467,0.09862563542723554
290,635,0.098619452450599
101,945,0.09861611900760037
267,64,0.09861206740209776
290,1007,0.09861087010703169
494,968,0.09860962728432685
272,388,0.09860278662646521
1003,285,0.09859101734052626
272,933,0.098588904041656
280,670,0.09858791677245324
279,319,0.09858105361862439
272,931,0.0985792757344449
870,900,0.09857516277591208
1045,959,0.09857486769628035
290,904,0.09856609947221195
17,283,0.09856573545551833
290,826,0.09856527393348165
272,57,0.0985571611125852
960,1094,0.09855685907986089
280,687,0.09854385997375474
870,767,0.09852441422025958
494,725,0.09851126501691036
1130,217,0.09850923602869577
960,407,0.09850820790622755
478,322,0.09850275606807182
280,1004,0.0984966804106416
17,192,0.09849315440326771
101,1067,0.09849258908140136
267,85,0.0984867062968673
1106,732,0.0984831650026321
1106,627,0.09847516911849517
272,337,0.09846713593396451
494,695,0.09846057500138747
290,865,0.09845378446647259
290,703,0.0984352880035482
494,440,0.09843422860867347
700,1088,0.09842286712611256
267,1004,0.098418858529469
449,648,0.09841497374848149
290,489,0.09841273415542506
290,809,0.0984124831402435
291,925,0.09841203276959938
960,120,0.09840352130994101
280,174,0.0983957774249542
928,113,0.0983880942822885
280,57,0.09838244297856844
928,236,0.09838203190500819
494,340,0.09837892421556534
449,560,0.09837623459552243
960,847,0.09837348912023013
280,127,0.09837068944790878
822,167,0.09836700835781796
267,858,0.09836368726457387
290,856,0.09835674573953669
478,94,0.09834967889356665
188,325,0.0983494831005441
291,519,0.09833616932882709
494,1005,0.09833252334164382
1106,1105,0.0983319036315476
960,685,0.09832521860696405
290,1115,0.09832000806343914
272,277,0.09831635020440557
478,665,0.09830948327192884
1003,371,0.0983088190265947
1106,163,0.09828650845509071
974,595,0.09828269599080063
928,267,0.09828187652660969
822,624,0.0982742124719486
17,182,0.09826634621144735
1106,37,0.09826200797534138
1045,790,0.09825305940340029
822,278,0.09825261266632607
267,691,0.09825091882013803
974,531,0.0982446430647102
1045,856,0.09823669418073223
1003,1053,0.09823209264053631
599,616,0.09823118279499807
290,192,0.09822417578120664
188,53,0.0982229173047631
822,310,0.09821652274133022
280,406,0.09821536239483757
272,638,0.09821341344014724
188,807,0.0982104256273628
928,379,0.09820901322329058
1045,247,0.09820374715926405
267,619,0.09820077476513087
478,1112,0.09819786501669116
1130,811,0.09819532371501132
17,481,0.09819015084179748
290,665,0.09818975890036315
267,571,0.09818845539209824
280,236,0.09818806364583443
822,925,0.09818583748344872
822,99,0.09818117073358185
280,862,0.09817157280809478
478,244,0.09814715158693149
822,823,0.09814592752485837
478,179,0.09814558868546293
291,110,0.09814067067816364
494,179,0.09813896111187702
17,231,0.09813543913368117
494,1112,0.09813133674413062
101,479,0.0981274328513546
272,328,0.0981215439247072
1045,499,0.09812061144606461
822,921,0.0981154352786495
290,325,0.0981124365898201
267,272,0.09810782796798263
267,387,0.09809943002277492
17,340,0.09809011356835924
290,930,0.09808668156769745
280,820,0.0980838199000404
290,276,0.09808147086710184
290,757,0.09807572894743692
1045,810,0.0980704957422956
1130,878,0.09805875266483406
928,207,0.09805716040828212
870,672,0.09803638058378163
101,200,0.09802601368741941
280,1108,0.09802502391602909
822,878,0.09801566612081147
822,1001,0.09801352420158628
290,49,0.09801014243547126
928,1127,0.09800643832007504
280,159,0.0979983226214545
478,127,0.09799459931150195
290,631,0.09798431578580723
1045,41,0.09798387895659041
188,982,0.09797793608710016
272,430,0.0979770775652692
280,136,0.09797046042900866
870,1036,0.09796778766990732
928,297,0.09796623082013936
1045,857,0.09795874133655068
280,559,0.0979532544809431
280,1051,0.09794796369929672
822,528,0.09794547972066837
1130,278,0.09792793487385619
1045,463,0.09792650175345584
494,562,0.09792317576571828
17,1042,0.09791575433204693
599,624,0.09791454277170722
272,1052,0.09791211586590452
291,260,0.09791093249071538
290,633,0.09790942121766974
101,18,0.09790780895446255
291,268,0.09790753265712597
290,624,0.09790430189480935
494,29,0.09788048164469534
291,391,0.09787534041499162
960,56,0.0978658831264271
1106,891,0.09785877936254675
960,797,0.09784381841765491
267,873,0.09784039926394929
1045,591,0.09783880183136921
822,539,0.09783031441658041
290,750,0.09783004395863708
928,351,0.09782615556911059
1045,1114,0.09781032606544707
449,769,0.09780082633221054
1106,218,0.09778414477590419
290,838,0.09777876960001161
494,723,0.09777580603367123
280,580,0.09777468156124669
822,909,0.09776657481394574
599,537,0.09775932732784257
188,505,0.09775685496245488
188,335,0.0977556649259575
272,741,0.09774533565520466
280,665,0.09774420411946284
449,164,0.09774382589753719
267,308,0.09774171677512769
272,720,0.09773554676446874
960,340,0.09773322887092398
267,599,0.09772966984397632
599,99,0.09772175078855053
188,1106,0.09771523367422888
291,513,0.09771466842534782
272,961,0.09770576706091422
280,570,0.09770202245611008
928,30,0.09769272234374142
822,1083,0.09768467195767101
700,911,0.09767813195761524
17,562,0.09767362762264403
291,1112,0.09767032946166826
1045,399,0.09766931590771873
272,492,0.09766602731533867
1003,1130,0.09766317696647632
101,217,0.09765325562408818
101,873,0.09765019567091593
290,200,0.09764830454336111
291,283,0.09764719442240968
272,669,0.09763674172298858
1106,747,0.09762359193389822
1106,66,0.09761556477609214
290,438,0.09761492140829446
928,914,0.09761063861460662
279,190,0.09760623080456544
267,751,0.0975976158964778
1045,642,0.09759614405081893
272,685,0.09759553613384894
494,602,0.09758422717371712
290,1111,0.09758190463575293
928,168,0.09758044808352948
1045,2,0.09757718551116848
1130,4,0.09756673542120534
279,509,0.09756550111771488
280,438,0.09756482967781993
1045,107,0.09756462155950493
291,1107,0.09756265630525947
928,801,0.09756004799998648
928,856,0.09755979067542864
1106,119,0.09755723819777341
291,850,0.09755332004231115
478,886,0.0975500826283277
290,1013,0.09754302242102725
1045,1059,0.09753871152163615
272,759,0.0975287640675902
822,1009,0.09752836765400451
960,1107,0.0975238949944003
272,247,0.09752355214496039
272,59,0.09751358272211419
272,707,0.09751143741333781
478,505,0.09750388469825554
449,1058,0.09749607217278942
1003,218,0.09748933043376233
494,363,0.09747266341208974
870,335,0.09744879700869002
267,250,0.09744565500031571
17,595,0.09744499516448656
272,998,0.09744392110421292
101,766,0.09744287934479916
1106,992,0.09743702114467205
1045,277,0.09743682908155914
188,208,0.0974336638024378
280,18,0.09742996026089945
1045,604,0.0974280687533034
17,404,0.09742013154158598
188,623,0.09741457645712759
928,726,0.0974142091284119
272,291,0.09740907842359035
1045,525,0.09739874574101616
700,426,0.09739810527530754
291,856,0.09739800896998085
280,780,0.09739782149037525
960,1022,0.09739717475880721
870,434,0.09739411968343976
272,634,0.09739411144128031
494,127,0.09738590597469471
960,914,0.09737398957463507
280,974,0.0973603777047754
101,380,0.09735654888739324
280,800,0.0973484516814435
1045,97,0.09732978726485488
272,771,0.09732888350082473
1045,907,0.0973286979515196
290,1050,0.09732834415508232
188,268,0.09732413107688032
974,3,0.09732370546183441
188,66,0.09731989408501408
272,75,0.09731072573441919
101,37,0.09730982578506958
928,615,0.09730458489228191
101,292,0.09730437219649822
272,1103,0.09730237904969528
291,980,0.09730124965783793
700,1030,0.09729852729575669
599,331,0.09729741218778173
1045,978,0.09729475583099807
17,285,0.09728305158647421
478,900,0.09728273614923143
478,631,0.09727391511118945
1106,27,0.09726975486717535
960,1003,0.09726671460773312
101,220,0.09725877322874091
822,266,0.09725871008014882
822,120,0.09725130039357636
960,260,0.09724611781320824
449,118,0.09724359980003712
280,545,0.09724072866762806
101,578,0.09723443466246116
478,356,0.09722488456936268
928,304,0.09722462163065915
188,648,0.0972217963853307
870,208,0.09720705618806617
494,425,0.09720323797293545
928,523,0.09719403957773058
960,322,0.09719143541172924
1045,936,0.0971836551869626
272,53,0.0971791429958167
1045,1075,0.0971758210132701
928,566,0.09716857694772463
494,896,0.09715845956008315
1045,1085,0.0971524384544596
267,246,0.09715213034114704
870,700,0.09714747127245557
1106,1125,0.09714245631123236
280,642,0.09713795743077858
272,719,0.09712913198057696
17,723,0.0971144660797778
290,1095,0.09711355437751146
478,192,0.09711033607754806
188,555,0.09711005367204573
700,356,0.09710602075557745
267,30,0.09710380395641116
960,635,0.09710059921755142
960,1075,0.09710058990031581
478,260,0.09709721889616735
1045,968,0.09709433553696586
478,598,0.09709133636667211
928,519,0.09708417861704514
960,954,0.09707852788765989
101,102,0.09707652821701798
928,132,0.09706845847341615
1003,146,0.0970618348744525
17,575,0.0970532962444996
822,426,0.09704895159641835
279,56,0.09704555846899006
494,224,0.09703889801977357
1130,595,0.09703161147990616
267,412,0.0970263714359866
101,1125,0.09702144053102563
599,772,0.09701480991880089
280,117,0.09701018317845518
291,51,0.09700526101230114
1003,924,0.09700361755866227
960,294,0.09699955109051601
449,372,0.09699912943893986
280,615,0.09698696977278945
1045,1086,0.09698563084715062
1106,407,0.09697899201728243
267,566,0.09696601855481261
1045,574,0.09696520028051836
494,113,0.09695919136904338
449,860,0.09695764070515371
478,154,0.09695420320631154
280,209,0.09695314953874958
700,365,0.09695238817889613
1045,430,0.09694754356689586
599,988,0.09692843583490848
290,974,0.0969261791326309
279,985,0.09692496157214596
700,244,0.0969176963803483
1130,522,0.0969157157130945
1106,150,0.0969150432735664
1106,458,0.09690264449156315
870,392,0.0969001929311512
822,320,0.09689662945210012
1045,31,0.09689572830847534
280,155,0.09689357157363802
188,1004,0.09689320218052744
494,911,0.09689311519954534
280,941,0.09688858094720244
267,232,0.09688678951246202
17,453,0.09688516461001034
101,367,0.09687997132000636
101,392,0.09687651433816172
974,28,0.09686076702289594
290,383,0.09684886320169252
290,894,0.0968468313085331
1106,1004,0.09683856551168495
290,232,0.09683481795930396
1130,605,0.09682825462276552
822,542,0.09682514794581651
822,292,0.09682424364980996
272,162,0.09682386053887407
960,895,0.0968080641897825
272,901,0.09680796266682302
822,623,0.09680521355408604
280,28,0.09680477879731546
599,605,0.09680414601871216
928,451,0.09679960980539307
280,564,0.09679852977416982
267,120,0.09679788999105349
272,819,0.09678496742591737
928,18,0.09678283343875319
272,975,0.09678208853905149
960,66,0.09675855524451143
101,562,0.09675791528856932
188,633,0.09675745895697023
290,217,0.09674485141123498
599,558,0.0967431112086267
1045,578,0.09674200786416325
960,95,0.09674131119706272
188,578,0.09674076450938005
290,1026,0.09673132965279917
280,331,0.09671933412010789
870,56,0.09671030996722364
1130,1044,0.0967039941761681
290,106,0.09670110921655861
290,575,0.09670070845088061
928,24,0.09670059760834407
1130,377,0.09670027059309505
960,886,0.09668937567193982
1106,1060,0.09668751590612683
188,729,0.09668410383359442
101,327,0.09667814411371019
599,137,0.0966769825664612
267,285,0.09667094596608129
478,685,0.09666361182666099
101,294,0.09665816111509395
822,389,0.09665197801840691
279,851,0.09664082881574211
449,495,0.09663120875250952
290,1009,0.09662964746533993
17,533,0.09662872942284574
960,624,0.09662095749671232
290,355,0.09661821048553333
290,691,0.0966082967727146
272,596,0.0966079229155597
960,320,0.09660485152548827
1130,51,0.09659374998474236
599,110,0.09659367554980966
928,320,0.09658779807407931
188,1093,0.09658469431537434
279,297,0.0965830693442017
449,366,0.09658029679419113
267,370,0.09657377096291264
267,391,0.09657255456245581
17,246,0.09657178346261629
1106,235,0.09656740457673613
960,351,0.096567059736999
17,815,0.09656607985082545
188,967,0.09656012858070255
1003,252,0.09655769160859093
960,206,0.0965498559954251
449,601,0.0965421641152713
449,609,0.09653689994528662
870,780,0.0965318001052389
291,320,0.09652601825420064
928,1017,0.09652309664629033
494,1043,0.09652246366606428
822,236,0.09651945223609186
272,895,0.09651930447604742
272,693,0.0965093820543654
101,527,0.09650632591652729
494,757,0.09649129843450821
1045,785,0.09649079400955206
960,629,0.09649064942361321
1045,755,0.09648928984763311
1045,208,0.09647863858105597
280,967,0.09647414465762706
290,74,0.09646439677287476
101,120,0.09645935902229263
272,767,0.09643852066239847
1045,201,0.09642713035302296
822,232,0.09642649604885356
188,289,0.09642431123745794
1003,967,0.09641859278419508
272,640,0.09641539987541527
1045,1123,0.09641390524047669
17,143,0.09641368251605419
1106,370,0.09640843312526072
101,563,0.09639792443548237
822,476,0.09638392198930841
290,906,0.09638263324908836
1045,461,0.09638060765569917
822,578,0.09637306642499827
272,540,0.09636552543854185
700,94,0.09634989722572515
494,633,0.09634245897640635
280,727,0.09633127827595495
960,600,0.0963312374005725
1045,203,0.09632889480096735
599,119,0.09632783537146157
17,113,0.09632754572046913
870,49,0.09631419283619877
928,315,0.0963129910781627
290,261,0.0963122170888616
449,592,0.09630284086239806
280,235,0.09629544074751197
960,662,0.09629317825345851
272,432,0.09629211944112735
1106,721,0.09628458255333297
267,672,0.09628263865335657
101,686,0.09627966901558778
280,992,0.09627239484590357
494,916,0.09626154216276778
478,757,0.09625823745079028
272,976,0.09625800846706059
101,1050,0.09625435375704315
1130,1050,0.09625181325005883
960,563,0.09624700558386433
188,1116,0.09624198569094647
960,862,0.09624164439593383
290,600,0.0962180111596446
101,896,0.09621163765791099
17,796,0.09619446539064787
599,725,0.09618824054796708
1106,1044,0.09618631572102371
101,1013,0.09618014790185538
478,109,0.09616949091039172
1106,761,0.09615530393225992
822,682,0.09614969213846386
1106,969,0.0961482162810715
290,522,0.0961479938246279
599,1080,0.09614326305227622
290,639,0.09614124591727748
1045,255,0.09614091587519784
188,581,0.09614065385046523
280,355,0.09613531079898051
280,260,0.09613063358831378
870,838,0.09612806510873843
272,14,0.09610382194252098
928,700,0.09610306598285324
272,186,0.09610181157333807
272,454,0.09610106455038551
188,986,0.09610083009701989
449,603,0.0960959860464803
449,708,0.09608536255125019
272,1117,0.09608382253155026
188,800,0.09607742804413617
449,579,0.09606234850263791
478,434,0.09605503228736774
960,453,0.09605213970300037
280,51,0.0960455873554622
449,394,0.09604485243345603
101,163,0.09604289192983029
928,534,0.09603475994216826
291,627,0.09602946492225148
280,602,0.09602384796205009
267,746,0.09601902621507319
280,537,0.09601257904811225
279,921,0.09600257562464896
599,304,0.09600114959836782
188,2,0.09599738358101721
272,360,0.09599064894181561
928,974,0.09598667934319206
449,284,0.09598496949775111
101,980,0.09598307975813743
1130,304,0.09597889798977552
101,925,0.09597542182463327
700,167,0.09596831080649623
1106,1019,0.09596124859935588
1045,1058,0.09595424505342053
1045,502,0.09594830418285631
449,1054,0.09594776398008581
494,967,0.09594772669554445
1106,276,0.09594045644979249
272,516,0.09594030159400563
449,667,0.0959321032719913
599,180,0.09590885662179523
960,161,0.09590282114547391
928,751,0.09590211358454463
599,476,0.09589913935569055
1045,678,0.09588891780782258
478,1044,0.09587812002284075
494,850,0.09587545390323308
1045,874,0.09585966075074324
960,824,0.09585172014464031
188,380,0.09585167695142227
974,780,0.09584661499237983
960,450,0.09584615086038166
928,1034,0.0958440962809839
290,307,0.09583842969610018
494,690,0.0958280537465238
1106,557,0.0957900014563726
272,587,0.09577631941590987
1045,12,0.09576249057228045
1130,891,0.09574313329596007
960,217,0.0957367406314019
960,28,0.0957274945006377
267,969,0.09572106728217229
280,648,0.0957046601983514
291,598,0.09568927735113056
1106,877,0.0956847638457101
17,757,0.09567972668831345
272,485,0.09567275037809778
101,1026,0.09566507261945865
960,908,0.09566126620134612
188,566,0.09565873575276694
272,821,0.09565835877419256
1130,458,0.09565690605753663
1106,15,0.09565468154737887
928,266,0.09564730527058567
928,116,0.09564717021820018
280,986,0.0956463103146395
928,419,0.0956439388542963
1003,126,0.09563592520674692
267,167,0.09563310855682328
478,320,0.09563059705004376
928,52,0.09562549463529123
280,168,0.09562103279833171
974,547,0.09561574403483813
1045,917,0.09561336519046014
101,633,0.09559186062138526
928,686,0.0955879527454515
17,56,0.0955839965361567
1045,197,0.09557734596871416
928,1067,0.09557092820286063
280,721,0.09556974049242167
1045,628,0.09556951468896834
822,87,0.09556352568945778
960,1116,0.09556342472101359
449,328,0.0955602513094457
188,838,0.09555061236866036
280,600,0.09555040292993071
494,327,0.09554831419076174
272,174,0.09554772089262702
960,798,0.09554104666506485
599,990,0.09553982396531115
928,272,0.0955349380216339
272,808,0.09553399657387296
449,144,0.09553174111414876
188,638,0.09551756899219875
267,886,0.09551091720635983
290,662,0.0955082678620257
870,425,0.09549551493256168
272,1089,0.09549492224977837
101,95,0.09549154138204913
272,77,0.09549057882645366
494,652,0.09548658195336178
928,930,0.09548644506891248
267,1088,0.09547691029600322
928,627,0.09547611157773592
599,1025,0.09546896044253159
272,717,0.09545324003006445
1045,984,0.09544865816411807
101,1120,0.0954450946321566
279,292,0.09543654731704426
974,27,0.09542923954295171
188,934,0.09541576276395891
449,911,0.09541547667573824
290,4,0.09540082789819197
928,343,0.09538370732402572
928,235,0.09538289564385961
822,500,0.09537163352301478
1045,679,0.09536797348737988
1106,633,0.0953579952032605
974,168,0.09535508576405893
449,467,0.09534294874149463
280,99,0.09533798078648145
17,581,0.0953298009498166
494,761,0.09532942718796296
280,95,0.0953154646461437
272,73,0.09531285047232617
280,868,0.09531107569039032
280,877,0.09530138307254266
928,195,0.09527840497338944
870,968,0.09527176374645739
928,1063,0.09524838887829187
449,492,0.09524821908786249
494,844,0.09524406188796408
928,35,0.09523597567583786
599,761,0.09522140545314821
960,179,0.09520282020457728
267,1022,0.09519233171228624
101,232,0.09518630643311696
822,4,0.0951802371708324
290,66,0.09517703849051563
928,597,0.09516989536527304
280,94,0.09516911514709521
928,154,0.09516319983347803
1045,520,0.09516085809460782
272,94,0.09515868911972875
1130,1003,0.09515259009803309
188,211,0.09515025248369789
272,56,0.09514728548548726
494,455,0.09512733655967688
478,600,0.09512288021828022
1045,823,0.09510580587072251
449,738,0.09510277732775944
272,888,0.09509816431906128
267,578,0.09509654211106157
928,495,0.09509392841973963
291,440,0.09508968614110586
267,129,0.09507186480395899
291,974,0.09505370456721686
272,203,0.0950503096399313
928,67,0.0950479573986546
478,611,0.09504682908425627
1045,660,0.09504287645387673
928,539,0.09504263846646743
928,1036,0.09504248001970865
478,988,0.0950318508326557
101,99,0.09502511167286246
478,392,0.09502241307869318
17,37,0.09502007812936247
290,211,0.09501553447037109
188,365,0.09501115784051273
960,29,0.09500949809091713
1130,120,0.09498592699918991
280,904,0.09498108438949066
960,266,0.09497981388002036
960,1112,0.09497623928187843
1045,206,0.09496902097954225
1045,91,0.09495954473362246
449,693,0.0949580669929576
1106,264,0.09495279663565945
280,930,0.09495118711497592
188,304,0.09494128400013246
822,986,0.09493386019899451
101,539,0.0949291182141927
272,745,0.09491160258772523
17,406,0.09491014423107651
478,1003,0.09489432271420717
280,638,0.09489181325679986
928,167,0.0948917546979491
1045,709,0.09487238090384112
449,1105,0.0948654812111219
267,152,0.09486334559912528
1045,1041,0.09486249696493533
1106,476,0.09485049986761246
272,665,0.09484805693739987
449,306,0.09483936225637794
101,652,0.09483285728215081
478,826,0.09483104855414488
960,168,0.09481922517333621
291,611,0.09480513940817317
599,1124,0.09480322314629998
700,837,0.09479263757821531
700,775,0.09478883268460737
188,624,0.0947880414924921
478,624,0.09478663517134017
188,109,0.09477905930039193
1045,13,0.09477084936907706
1045,855,0.09476509017593882
478,562,0.09476294987404194
974,454,0.09475503491065862
494,559,0.09475021942536131
599,602,0.09473662724090293
291,687,0.09473633860784797
1045,622,0.09472797292546295
101,839,0.0947238792086841
272,659,0.09471758550570226
928,1007,0.09470784960060802
290,1120,0.09467727356151064
267,793,0.09467589839927432
822,224,0.09467469586669928
272,838,0.09466860550356701
1130,272,0.09466441790036378
449,238,0.09466435299622565
928,807,0.09465985300393383
928,208,0.094657163706386
290,581,0.09465624041400042
822,703,0.09465462446402167
280,456,0.09464879748034495
17,479,0.09464009143228469
1106,566,0.09463819391441376
928,969,0.0946380982184207
291,662,0.09463385487946034
960,14,0.09463111551168762
928,454,0.09462865536852164
272,752,0.09462505852453668
291,272,0.09462425934862932
822,559,0.0946180201846392
267,474,0.0946116653792573
101,513,0.09460708725187815
1045,964,0.0946056587272056
599,453,0.0945997782562893
272,142,0.09459568820747183
291,223,0.09458579522730379
188,182,0.09457559051810775
494,845,0.09456707003821267
280,926,0.09454425536438926
280,558,0.0945412802439351
870,750,0.09453944238278522
267,1050,0.09453930618915958
1106,244,0.0945302699431089
1045,222,0.09452684523066428
1106,528,0.09451825438040247
960,505,0.09450594970267191
290,989,0.0944987141931937
290,578,0.09449782814493653
272,364,0.0944930242503175
974,141,0.09449048260477072
291,986,0.09448913043402835
272,572,0.0944677589016746
928,873,0.09446738713862325
478,761,0.09445166708206208
928,497,0.09444976350897387
291,367,0.09444477989573283
449,756,0.09444419425716077
928,834,0.09444307350333939
449,346,0.0944306037254556
280,798,0.09442860954831381
449,135,0.09441808024550494
928,642,0.09439823547248262
290,1107,0.09439515989041697
478,700,0.09436987305782411
17,798,0.09436679909091439
267,814,0.09435642771542331
449,572,0.0943548282840495
1106,391,0.09435209406642878
280,652,0.0943519855642966
449,863,0.09435161584272972
494,407,0.09434832750828
101,570,0.09434654601772437
290,173,0.0943311695208323
280,1094,0.09432537145937889
1106,695,0.09432443098691465
1045,1028,0.09432385665828347
494,497,0.09432189068365836
272,45,0.09431447900558118
960,345,0.09430450034582064
1003,910,0.09429673537083237
478,377,0.09429127135939398
267,1047,0.09428747577347152
478,254,0.09428141237440284
290,194,0.09427942008291815
1045,101,0.09427804061854245
599,544,0.09426637494258319
478,986,0.09425728195191484
599,293,0.0942544087436751
1130,851,0.09423174079335052
188,200,0.09421449037380847
290,990,0.09421110398946969
700,35,0.09420871799288584
928,910,0.09420604560618927
291,220,0.09420467223205113
279,725,0.09420000430849929
291,387,0.09419300719686392
478,891,0.09419279471498326
280,872,0.09418632891464526
188,180,0.09418567009572361
960,780,0.09417725852666117
1045,963,0.09416935332410367
1045,157,0.09416748554539588
928,894,0.09415518278096931
928,173,0.0941492794272227
928,636,0.09414554841512214
1106,518,0.09414373422938266
974,553,0.09413952003058985
290,195,0.09413728876009407
599,252,0.09412092134463247
1045,956,0.09412016824690174
449,1038,0.09411980534326199
1045,842,0.09411837392571647
291,308,0.09411584999351741
974,179,0.09411016088267518
960,244,0.09410682547474317
101,35,0.094106824752879
280,1105,0.09410401449338397
272,846,0.09410232301877068
478,935,0.09410015509620144
272,585,0.09409929789580124
960,200,0.09407996864054342
478,732,0.09407583747965377
822,1049,0.0940754783613459
280,732,0.09406962504621103
267,392,0.09406090295119801
960,531,0.09405755684745463
1045,811,0.09405686598209834
870,177,0.09405606069270195
928,690,0.09405565617402498
101,542,0.09403843697534711
928,51,0.0940346490966531
267,260,0.09402948003155828
1045,640,0.09402780991797192
1045,741,0.09402554344055057
1130,886,0.09400702847538145
1045,983,0.09400568500112409
1106,194,0.09400499468290906
599,377,0.09399306108419078
280,549,0.09399130445957563
494,380,0.09398175195331601
101,132,0.09396185685660291
494,1067,0.09395119782456349
494,900,0.09394881229888347
188,834,0.09394470714638767
478,580,0.09394049009312856
267,1025,0.09392861537227155
291,891,0.09392153476076878
272,477,0.09391445109905926
494,741,0.09391141661976761
272,302,0.09391019985836378
272,253,0.09389945570974764
928,102,0.09389318659061358
960,595,0.09388546847108781
599,297,0.09388231386623319
280,5,0.09388117374643264
494,624,0.09387628396016343
291,205,0.09387130168403911
599,945,0.09386024659951585
449,512,0.09385168734480917
290,910,0.09383663133083718
960,761,0.09383477855692679
1106,453,0.09382965071459926
1045,802,0.09381915314344554
290,605,0.09381358651733342
1045,229,0.09381203742024985
960,1060,0.09379235325504033
101,954,0.0937885579199873
272,982,0.0937622898501082
822,836,0.09375106507111643
291,92,0.0937428294780767
280,505,0.09374114253761014
188,925,0.0937400622125891
1045,10,0.09373618677202777
449,931,0.0937329388718287
960,1083,0.09372033026913397
280,414,0.09371631331846102
272,417,0.09368453597654858
280,886,0.09368411778123356
478,839,0.09368232016360492
188,1088,0.09366378074845144
290,505,0.0936597003723024
478,345,0.09365458613001726
272,299,0.09365197246391907
280,1122,0.09364135698869518
101,986,0.0936410653861478
599,434,0.09364027281864087
101,458,0.093640158296182
478,189,0.09362885852277257
272,462,0.0936279550428608
272,524,0.09362742560427424
1045,193,0.09362580120066052
1130,318,0.09362575433216029
449,499,0.09361551803044292
449,1085,0.09361497946737533
478,163,0.09360349289367291
960,51,0.09360347727215904
960,906,0.09359410893847574
1045,446,0.09359066445674541
478,623,0.09356355520091889
272,729,0.09356079151318254
280,440,0.09355132930986591
928,242,0.09354611845140734
101,308,0.09353109482855394
928,193,0.09352988225383291
928,1025,0.09350910067521802
822,392,0.09350517942692466
267,1083,0.0935045675551207
188,750,0.09349912262913164
1045,993,0.09348779950468913
870,795,0.09347397493152465
960,94,0.09346873146715898
1106,24,0.0934529779280314
1045,972,0.09344932691833982
280,501,0.0934268557978238
188,766,0.09342228551127134
1045,478,0.09341027094007809
928,862,0.09339814234894715
290,275,0.09339719662007297
478,776,0.09339402426750584
280,52,0.09338791690825739
267,1036,0.09338580506514992
928,527,0.09338432621449194
822,314,0.09337016507494834
188,1023,0.093349817833677
928,554,0.0933458082279337
272,921,0.09334132754520853
17,986,0.09333709605743463
928,680,0.0933343730886042
1045,973,0.09331508696708823
478,527,0.09330264496393
928,211,0.09329675679379773
280,195,0.09328079385692548
272,27,0.09327842020533293
1045,734,0.09327774981331416
1045,491,0.09326931843127241
449,294,0.09326561909057624
928,395,0.09326171965117322
1045,553,0.09326072342397013
478,286,0.0932532661144998
1130,1124,0.09325180271903852
291,163,0.09324646720267883
188,371,0.09324625626138967
974,425,0.09323980533713101
478,1050,0.09323574016604678
272,637,0.09322035375032436
290,544,0.09321674112604258
1106,867,0.09321023284107492
1106,692,0.09320949511944103
101,518,0.09320935810329964
960,838,0.09320702370958547
960,334,0.0932023665962194
267,908,0.09318876022784356
960,189,0.09318549056973353
280,200,0.0931800190451067
449,1001,0.09317523236661698
101,143,0.09316768680137687
1130,137,0.0931648960684948
478,966,0.09315937201677857
449,259,0.09314947194869191
822,2,0.09313029117978112
1045,556,0.0931221235138747
478,208,0.09311906082064333
1130,293,0.09311661596929359
1106,307,0.09311070832539235
17,132,0.09310564028795938
280,854,0.09310135499816183
494,528,0.09309753161152899
290,1064,0.09309394944848903
101,377,0.09309029914310703
291,217,0.09308470397934354
960,335,0.0930588395075315
1045,58,0.0930527628039047
101,178,0.09304985673698364
188,942,0.09304426033222758
1106,908,0.09301709813804492
290,542,0.0930115112917045
267,146,0.09300154921321356
280,4,0.09299366645735596
280,809,0.09299230009801092
822,275,0.09297678208183699
101,803,0.09296603801251649
822,285,0.09295397837355879
267,1044,0.09294896717855225
17,200,0.09294661540237839
960,0,0.0929457474798211
17,194,0.09294191049844072
1045,752,0.09293355229944168
974,834,0.09293248232473063
1045,464,0.09293200448680419
1045,860,0.09293198939006575
101,387,0.09292458809228325
17,66,0.09290032764745654
280,838,0.09286831450652933
449,244,0.09286000613137387
101,886,0.09285824584117087
960,533,0.09285746935972342
928,1113,0.0928561894598218
291,1064,0.09285071331379768
928,794,0.09284908727615966
974,0,0.09283667456226397
700,172,0.09283229569166611
280,320,0.0928272580796553
101,631,0.09280404386280719
960,99,0.09278943896970458
1045,621,0.09278054391601251
1106,2,0.09274655047415899
1045,47,0.09274621386875266
478,1064,0.0927434952329697
101,293,0.09274194740402128
494,599,0.09272987475386617
700,126,0.09272479740559553
449,752,0.09272199767591675
1045,295,0.09271684426199113
272,725,0.0927025427462327
599,598,0.09268960502900551
599,1094,0.09268662973857922
449,180,0.09268342749223372
1045,632,0.09268322241190345
279,479,0.09267556448120655
1045,259,0.09265355747491315
494,95,0.09262966325244838
1045,449,0.09261153979629225
478,285,0.0926022940634108
449,821,0.0925976486996352
478,308,0.09256858712567623
449,910,0.09253538412410289
280,1083,0.09252939858484055
494,908,0.09251303090913034
267,476,0.09249669849951561
17,746,0.09249149750042193
17,383,0.09248525311801979
1045,436,0.09246905376991243
272,1007,0.09245718426164662
272,777,0.09245468833781464
1045,788,0.09244593195542511
1130,652,0.09244197461097996
599,0,0.09244136944810519
1003,1036,0.09242353435059789
974,500,0.09241945613739742
290,208,0.0924051161900854
272,942,0.09239965147538885
267,539,0.09239578327121145
1045,928,0.09239549063263178
267,114,0.09239363914569318
1045,944,0.09238492847851759
280,522,0.09238451005026352
1130,189,0.09237121878369647
280,978,0.09236441162460723
1045,400,0.09236337247152339
291,575,0.09235845778092516
1003,487,0.09235744332814495
928,1056,0.09235189463306406
290,391,0.09233249354364162
494,450,0.09233057191718719
101,279,0.09232336973739655
280,1115,0.09232236504722569
1130,1005,0.09231452349068706
280,598,0.09231332964017237
494,838,0.09231329961648473
960,969,0.0923044786311195
17,223,0.09229097957778921
960,757,0.09228872101569588
1106,232,0.09227381925446908
101,268,0.09226394363676178
1045,62,0.09225292090611449
1045,319,0.09225019375675327
188,844,0.09224682889386052
449,665,0.09224352883163753
1045,742,0.09224030530120196
449,889,0.09223697287015473
290,351,0.09223301404667576
280,343,0.09222927310415768
17,537,0.09222710322304777
494,595,0.09221584228770315
280,971,0.09221002958725191
272,1054,0.09220271949154933
188,1113,0.09220129923164896
280,908,0.09220015775482787
290,690,0.09219527849212122
101,795,0.09218838677891743
1045,910,0.09217209828489357
272,562,0.09216994866189178
101,260,0.09216843648621476
280,703,0.09216840461166928
494,631,0.09214615626719212
101,906,0.092135778758114
928,367,0.09211751683135695
280,367,0.09210180798549861
267,910,0.09209983524253122
478,1004,0.09209252179853165
267,515,0.09208785415186754
101,278,0.09208222665196657
291,515,0.09207308294983466
960,725,0.09207248470730471
1045,704,0.09206169120753005
960,974,0.0920605850886431
494,263,0.0920398177353241
449,917,0.09203041407888105
494,1083,0.09202680421385226
272,124,0.09201458445607075
960,558,0.09199897152449354
1130,132,0.09199650612458203
599,341,0.09197960635146066
494,152,0.09197926487197383
267,836,0.0919759304775221
960,1005,0.09197369003567273
1045,330,0.09196999323183289
822,631,0.09195630487171977
1106,87,0.09194704456869804
101,440,0.09193420148132661
279,497,0.09192654812331051
290,593,0.09192369384032432
280,163,0.09191099639858243
1130,695,0.0919102752438163
1106,475,0.09189672612378387
599,199,0.09189552479115723
1106,1034,0.09189396079358901
188,1067,0.09189274226316844
449,992,0.09188777587983754
478,746,0.09186495914606974
494,934,0.09186090467623394
449,778,0.09186026099780939
188,966,0.09184020848192247
599,487,0.09183147961778244
478,381,0.09181959697617328
1003,546,0.09181491719173208
280,599,0.09181432027172517
267,635,0.09180348005545555
1045,565,0.09180249861725409
188,126,0.09179422835375041
290,611,0.09177859943680582
1045,719,0.0917601329547026
928,434,0.09175371299953375
599,562,0.09174499770093762
449,329,0.09169739310817406
267,150,0.09169561876891437
822,79,0.09168263944045309
478,367,0.09167783624480866
599,833,0.09166858428684554
1045,1034,0.09166549649508014
290,839,0.0916505601987017
1106,114,0.09164720261933043
599,838,0.09164176972539287
188,793,0.09163278992949207
928,542,0.0916325300352148
267,856,0.0916293401553547
291,438,0.09162916061641962
928,540,0.09162744878417446
478,137,0.0916245911597191
974,562,0.09162304118675518
960,700,0.09162200838252886
267,546,0.09161852501356767
267,35,0.09161703230001712
290,533,0.09161048387858495
960,900,0.09160683561551772
1045,1033,0.09160587542495116
494,56,0.09159604123050556
449,1010,0.09158565205535084
291,1060,0.09158419780319825
1045,375,0.09158413019069385
599,189,0.09157938645081971
822,1080,0.09157364201612667
960,150,0.09155519444438302
822,27,0.09155180898893063
478,458,0.09155077703096444
960,1019,0.09154524578242582
928,581,0.09154330927064895
272,289,0.09153976413445224
1045,1097,0.09153518066730275
17,1056,0.09152842886672947
928,732,0.09152681161273114
494,519,0.09151954626430363
1045,962,0.0915139200275741
1106,886,0.09150354120879778
1130,966,0.09149989825127224
290,2,0.09149603357156033
272,945,0.09148549075160178
188,894,0.09146996375995524
449,867,0.09146540653729218
272,123,0.0914644496009434
449,1087,0.09144557379739149
188,723,0.09144267204959647
1045,943,0.09143932148532706
928,986,0.09143661122611191
478,652,0.09143166353688553
101,285,0.09142490064316866
280,1109,0.09142420946535537
599,179,0.09142225001499742
1106,833,0.09140355027791106
1045,160,0.0913954819486902
1106,266,0.09138162085610248
272,603,0.0913529493945108
272,959,0.09134750412079962
928,117,0.09133999535647748
1045,1069,0.09133350847245286
928,5,0.0913323507956035
494,391,0.09132828708943555
17,278,0.09131653128409065
449,333,0.09131375408145054
960,808,0.09129517022543472
1045,1029,0.09128266255262338
960,522,0.09127671400140126
272,714,0.09127335239943357
478,531,0.09127028625318295
188,392,0.09126432647171619
290,335,0.09122940010466515
928,1060,0.09122627373122558
272,495,0.09122537706970642
188,175,0.09122326522044806
272,654,0.09121277386520735
1045,693,0.09121057065406582
494,1116,0.09120619594431095
272,497,0.09120055809933357
822,533,0.09119991577163568
1130,389,0.09119498531378073
960,310,0.09119003246718262
1106,642,0.09118864924023722
1045,220,0.09118096169225715
494,623,0.09117980908253877
101,1004,0.09117651813298663
1045,359,0.0911644732793138
188,152,0.09114757538555111
599,611,0.09113995513297787
101,700,0.09112761920535256
101,199,0.0911229428637442
960,137,0.09111637992560498
449,825,0.09111146136738918
449,773,0.09110899653360073
188,64,0.09110536793120334
279,404,0.09108725651973783
960,479,0.09107530904056685
1106,670,0.09107397102148196
1045,140,0.09106460260027624
280,808,0.0910456165519061
494,318,0.09102119199913035
449,871,0.09101400728152062
928,307,0.09100693521738937
267,662,0.0909911819184777
599,205,0.09097891557329478
280,912,0.09097778624410828
267,522,0.0909762089188202
599,828,0.0909709500847811
1045,762,0.09096754159319198
449,827,0.09095180765064871
101,715,0.09094555582519787
478,175,0.09094344536233716
272,484,0.0909408540743431
17,64,0.0909326339161993
478,51,0.09092760657321282
1045,99,0.09092609176238386
1045,25,0.09092204873852898
599,425,0.0909180365861699
1045,448,0.09091793554093754
599,581,0.09091575235539165
280,985,0.09090898288878195
1045,273,0.09090659118321966
974,310,0.09087958649998146
272,5,0.09087918476935461
599,803,0.09087466871012691
449,494,0.09087252799025164
280,308,0.0908672731957232
478,1124,0.09085278760435714
272,478,0.09084289031895611
1045,1121,0.09083098448254658
449,588,0.09081768844390774
822,776,0.09080081711778036
1106,544,0.0907981784282121
279,795,0.09078249899708372
822,652,0.09078086892698327
280,2,0.09077355629928209
280,154,0.09076699521343037
1106,146,0.0907566526445395
17,845,0.0907507564557985
822,633,0.09075055005910347
188,218,0.09074594762106392
449,88,0.0907437250007161
101,623,0.09074216702091457
188,223,0.0907373200476234
449,771,0.0907191645382794
188,194,0.09071820982631319
188,421,0.0907079802279012
928,310,0.09070110333562759
928,633,0.09070077820518695
449,26,0.0906949797773965
449,928,0.09068770722194763
960,593,0.09068297960475404
478,542,0.09066759169531743
960,506,0.09066456321789813
290,190,0.0906621188054881
1045,912,0.09066040795063313
188,911,0.09065766852086156
599,152,0.09065594825706881
279,1088,0.09065378169795697
1106,839,0.09064619354812557
272,950,0.09063861438868245
974,497,0.09063721083854445
290,599,0.09063256028123755
1130,786,0.09062948181562824
1045,346,0.09062880739143402
188,177,0.09061892381201754
290,117,0.0906117044038218
272,357,0.09061037949381932
1130,152,0.09060514800805651
449,997,0.09059812418282892
291,252,0.09059561953079923
1045,380,0.09059329646328648
478,954,0.09058838311180402
449,1077,0.09058419252777146
1045,169,0.09056857127922112
870,35,0.0905658636211724
280,746,0.09055366703341403
290,153,0.09055214246314622
279,1075,0.09054482012057331
449,108,0.09053646729795295
870,808,0.0905346366763384
101,434,0.0905154965741043
1045,151,0.09051368995522438
1045,376,0.09051334840306456
960,286,0.09051255177635746
1045,991,0.09051157397695019
1130,723,0.09050412568955052
1003,544,0.09050233977768811
267,389,0.09050189596603346
928,602,0.09050088174004253
1045,408,0.09048986616652396
960,1050,0.09048947196096885
291,571,0.09048831858895534
280,605,0.09048708506239432
188,4,0.09047350137919873
1045,995,0.09047323804624395
1045,778,0.09046025393792848
1045,530,0.09044349284402096
1045,657,0.09044286023150763
1106,345,0.09044132573307134
290,1019,0.09043865421181684
1045,570,0.0904315488474661
17,531,0.09042857937787081
279,562,0.09041832221547755
188,243,0.09041100530844898
1045,251,0.0904082593268453
1045,1129,0.09039730349894415
449,985,0.09037990845222192
449,1018,0.0903797121978673
928,1044,0.09037802107369122
928,747,0.09037360913289591
280,307,0.09036500389917568
280,1013,0.09033071156027206
267,487,0.09032515006892072
960,146,0.09032090698510983
101,175,0.09031540053125664
494,4,0.09031311378822021
449,413,0.09031152627697106
449,49,0.09030454724577876
291,776,0.09029353472588314
1045,1046,0.09029101435016376
1045,180,0.09027996804466477
188,598,0.09027851112594788
449,975,0.09026758532006997
928,652,0.0902650556314444
928,505,0.09026087513076142
1045,288,0.09025991793230422
822,199,0.09024024484876543
1045,773,0.0902330399320837
1106,109,0.09021223666904235
822,5,0.09021011946667157
188,310,0.09019580514283641
272,406,0.09019232886525724
1130,37,0.09016873227113043
17,304,0.09016809126891874
822,772,0.09016151169730015
1045,385,0.09015802992144926
280,1067,0.09015012063844138
291,833,0.09014450423070648
478,571,0.09014144809723136
290,1044,0.09014095947401042
17,967,0.09013162190714774
188,367,0.09012650587745971
449,418,0.09012321695463726
1045,832,0.09010163725793388
267,558,0.09009158793023812
1045,337,0.09007702069515174
449,841,0.09007641333083452
1045,257,0.09005784231248316
1045,115,0.09004803545003773
291,345,0.09001779181036264
449,446,0.09001537215681711
1045,39,0.09000579074123206
272,238,0.08999670366530652
822,36,0.0899885231723831
1045,696,0.0899696940033548
960,110,0.08995930537357685
280,1060,0.08994957570530517
280,1018,0.08994576069010642
1045,299,0.08993880365417313
291,318,0.08993557942971812
960,455,0.08992084570299202
272,680,0.08992062161131956
1106,286,0.08991442244992034
960,786,0.08990401956564066
290,1112,0.08989073438416594
267,268,0.08988882043362323
1045,1126,0.08988876962994888
599,1019,0.08988869600240482
974,304,0.08986715220447089
101,600,0.08985878705496606
1045,1042,0.08984753987898891
478,515,0.08984565158594741
960,945,0.08983970117533022
599,1116,0.08983508168792
1045,684,0.08982667475980659
1045,108,0.08982555852143413
290,64,0.08981387305049075
449,801,0.08980404962253921
290,1083,0.08979586931553787
960,795,0.08978077276764812
870,851,0.08977839861573307
822,1002,0.0897663868240738
290,168,0.0897595782860686
291,612,0.08974886873159922
280,74,0.0897441077035757
1045,634,0.08970293941093775
1106,575,0.08969526166403241
17,1015,0.0896891091707503
17,168,0.08968462472598732
478,834,0.08967241007108843
1045,831,0.08966528255696575
280,891,0.08966350689627468
17,921,0.08964924866804125
1045,858,0.0896410318582221
1130,500,0.08963890295572723
1045,835,0.0896362788575605
1106,563,0.08963420931613708
478,616,0.08962195335708652
290,954,0.08961258375839017
267,383,0.08960192705216902
1045,913,0.08958866476759707
280,1064,0.0895854739956382
188,106,0.08958510256212024
1130,387,0.08957969064820513
101,317,0.0895789811582759
1045,931,0.0895746646997124
1045,435,0.08957131737602486
700,120,0.08956885141621881
188,545,0.0895662877165927
17,318,0.08956598056367648
494,836,0.0895586772552563
1045,68,0.08954478020370299
1045,949,0.0895442095578729
449,222,0.0895379703588664
188,546,0.0895299941115237
280,208,0.08952501610993391
1045,651,0.08951817309187433
960,327,0.08951807685565114
822,635,0.08951279825649973
1106,434,0.08951208681354864
1045,840,0.08950853310146736
822,434,0.08950815761904145
280,1001,0.08950419720792264
928,562,0.08949853151989266
478,868,0.08949340636717448
599,786,0.08948895781220975
1045,74,0.08948812052743707
188,363,0.08948008092175565
928,808,0.08947587774231265
478,146,0.08947156058422243
272,1105,0.08946999968914117
960,578,0.08946969821780786
267,190,0.08946058027437809
1045,743,0.08945577319994698
1045,1074,0.08944994374368903
1045,658,0.08944580342514243
291,378,0.089439100888981
272,310,0.08942755581914058
449,981,0.08941530248573358
599,1005,0.0894040692679679
928,355,0.08939366348792539
1045,958,0.08937754430241401
599,260,0.08936980730052711
267,1034,0.08934221011009928
290,87,0.0893413292293444
870,776,0.08933597552508697
290,440,0.08933424106594007
1045,619,0.0893108943431917
449,334,0.08930238959046372
1045,529,0.08929245792135967
1045,664,0.08928169839982042
280,761,0.0892814127471152
279,967,0.08927328396095634
1045,871,0.0892721323757116
1045,472,0.08927180160821065
1045,666,0.08926935565948925
101,307,0.08926631854966993
290,497,0.0892619800646965
1045,724,0.08925023289738222
494,795,0.08923222545472417
599,246,0.08921508297651175
960,252,0.08921255572286116
494,454,0.08920943428649833
960,4,0.08919202390528097
449,995,0.08918621460063814
974,1000,0.08918188131300218
1045,1103,0.08917882617706849
267,287,0.08917602502475025
280,387,0.0891697900123276
1106,1083,0.08915467490406902
494,772,0.08915046175109581
822,66,0.08913291614970068
280,506,0.08912857365203994
928,194,0.08912423567662227
449,753,0.08909654491289114
960,377,0.08909474348779167
188,167,0.08909211416084244
1045,439,0.08908537701951438
1045,764,0.08907970334702403
280,839,0.08906747144690576
272,671,0.08905743579494844
1045,459,0.08905607970900402
291,475,0.08905448338274434
101,1112,0.08905252448151836
280,426,0.08905141817400927
290,345,0.08903534393606129
279,0,0.08903331471339859
974,725,0.08902831055078911
928,475,0.08902376336168312
267,986,0.0890194980477368
267,126,0.08901867580391215
928,95,0.08901644382746983
478,1120,0.08900588513530826
1045,1024,0.08900253728920492
449,1003,0.08900127031627579
1045,738,0.0889973052192389
291,906,0.08898258666897405
494,537,0.08895208462006989
267,106,0.08894076408874656
960,254,0.08893840682672444
290,278,0.08893496054219
449,548,0.0889306771903466
17,425,0.08891686939106169
291,458,0.08891616849379841
101,356,0.0889126757666118
280,310,0.08890810580986522
291,839,0.08889121589965222
478,844,0.08888933798481773
188,246,0.08888778512174389
1003,1129,0.08888601934467433
280,30,0.08887554438346774
290,51,0.08885833308988607
1106,515,0.08885691579949698
1045,339,0.08884922479479701
960,331,0.08883705353860821
267,351,0.08883035600492198
1045,429,0.08881915304957815
1045,110,0.08881197041394662
290,540,0.08880917800721992
101,878,0.08880660269494131
822,246,0.08880361905107442
267,980,0.08879995208563216
291,747,0.08879624994704961
188,455,0.0887954980687381
290,35,0.08877195625084976
290,36,0.08877124801763868
1045,601,0.08875724206609976
1045,281,0.08875510406897698
290,286,0.08874698334787154
599,595,0.08874252065035063
960,921,0.08874064861697176
494,575,0.08873005357225258
290,850,0.08872125235250523
291,209,0.0887117535798671
1045,659,0.08870579313507868
267,141,0.08870358789213946
449,330,0.0887022167339854
291,795,0.08869577746240678
1106,223,0.08869148060313986
1045,82,0.08867681094573178
267,318,0.08867592819786416
478,593,0.0886652399460618
290,317,0.08865418200760307
960,475,0.08865245963318173
494,685,0.08865203831587536
267,1005,0.0886466211103087
1045,216,0.08863531844244686
928,727,0.08862949787928621
188,220,0.08862257476427084
1045,170,0.08860893822959626
272,1023,0.08860717242789173
1045,551,0.08860695983041779
101,836,0.08860634999540273
101,519,0.08860305457407294
1045,1030,0.08858924612727243
1045,1021,0.08857317722234817
280,36,0.08856753550550721
291,285,0.08856637677769062
280,1056,0.08853513177015476
1045,791,0.08852760367417516
960,836,0.08851721201322531
822,685,0.08850832250166989
1045,784,0.0884965902223351
1045,443,0.08849324891727703
101,36,0.08849106844750915
1045,390,0.08848887227361187
1045,73,0.08848811937604409
928,546,0.08848564771049881
1045,469,0.08847849302062377
1045,758,0.08847742014491351
1045,779,0.08847248837428728
478,578,0.08846874706152791
599,275,0.08846520885931523
101,475,0.08845904871474856
267,195,0.08844692669643668
101,891,0.08844081468412433
960,293,0.08844055185772547
974,1047,0.08843352807334184
478,36,0.08842587800449588
1045,620,0.08841966231095857
1106,260,0.08840966141935504
449,288,0.0884000201996134
290,475,0.088399712713266
928,950,0.08839314178356586
1106,1108,0.08839008754113178
1045,711,0.08837946239597849
188,1094,0.08837691184850092
494,37,0.08837080142668233
449,121,0.08836249755797577
1106,178,0.08835889489610554
101,844,0.08835620816751312
449,277,0.08833413536379793
280,1034,0.08833315223026714
599,4,0.08832690946438923
449,296,0.08832325130118619
272,1068,0.08832178330165126
1045,19,0.08831123569024824
494,635,0.08830933541653349
449,1089,0.08830822771516787
188,559,0.08830480211941072
449,820,0.08829834429130727
449,167,0.08829039519282679
1045,960,0.0882874039843487
1045,903,0.08828488215495241
1106,506,0.08828293943564541
870,1094,0.08828176475582138
449,884,0.08827029790821335
1045,668,0.08826197274958063
101,1001,0.08825829806281157
1045,65,0.08824817463196534
822,935,0.08824628651146656
494,287,0.08824520151777411
101,391,0.08823982265213205
449,640,0.08823194207291257
1106,616,0.0882255166490134
449,443,0.08822550881168637
822,391,0.08821787908236141
1130,246,0.0881931467749689
449,463,0.08819203248490655
449,353,0.08819030245570118
599,795,0.08819026681680071
1045,753,0.08816905695340431
449,166,0.08816394324775777
960,803,0.08815333171250625
291,434,0.08815216676761435
822,29,0.0881514057791235
1045,84,0.08814496707270293
1045,830,0.08814060220412497
267,595,0.08813508109937501
870,578,0.0881338622644992
1045,191,0.08813184512563796
1045,423,0.08811640199335298
449,77,0.08811580200276527
1045,589,0.08811354533496313
1106,1088,0.08811093486015702
272,1066,0.0881103547799478
700,243,0.08810628900979198
188,531,0.08810510787064599
960,950,0.08810372773168144
870,593,0.08809240887124517
267,728,0.08809165072276072
928,260,0.08808881880888392
449,818,0.08808285153443277
1045,663,0.0880603645794197
101,1124,0.08805137459173791
1045,15,0.0880483520521622
280,272,0.08803780005928208
188,1001,0.0880304244831641
494,117,0.08800264148783667
267,772,0.08799930614184377
272,591,0.08799740105662322
700,314,0.08799622651930125
272,1010,0.08799447397098227
1045,416,0.08798566885754491
870,537,0.08797690758143206
928,1094,0.08797020073598355
494,317,0.08796631496400703
1045,617,0.08794597468089364
822,341,0.08793254050768343
290,803,0.08793238826137914
1045,951,0.08791871189750244
272,82,0.08790504272311768
267,891,0.0878894060527499
290,285,0.08788329336377838
1045,315,0.0878801860445345
494,925,0.08787608989567557
267,110,0.08787458990402683
494,803,0.08786747029940661
188,685,0.08786007740644998
291,692,0.087858835553738
1045,96,0.08784901258627824
1045,422,0.08782679960650898
478,808,0.08782513037864167
291,146,0.08782144648784368
449,642,0.08781513872452107
478,268,0.0878148574416046
599,29,0.08781459310943908
960,117,0.08779969097496852
17,500,0.08779381905503367
280,304,0.08778540050097969
1045,694,0.08777510337934999
960,378,0.08777276972665657
449,33,0.0877720319647472
449,972,0.0877696720185691
449,428,0.08774895565568311
1045,744,0.08773641506438272
1045,456,0.08772787594121362
1045,702,0.08770587437681987
1045,1111,0.08770013957502218
290,314,0.08769603970683765
1045,940,0.08767074124261755
267,345,0.0876541350050519
267,36,0.08765057924836991
1045,843,0.08764959968820595
1045,83,0.08764552022392663
478,318,0.0876438940860439
1130,254,0.08763199112698254
290,479,0.08763086777901709
279,990,0.08761522616503417
1045,919,0.08760517932808029
449,151,0.0876007162705054
101,51,0.08759496046599485
822,371,0.08758790354048168
960,652,0.08758548565540414
1045,1068,0.08757916821124447
1106,542,0.08757873151422982
101,571,0.08755739434554255
1045,1077,0.08753777425017803
101,757,0.08752495209527446
1106,1124,0.08752226805061553
1045,135,0.0875152634171203
1045,613,0.087503345694535
449,536,0.08749926269722552
280,285,0.08749797225163276
267,92,0.08747811934923495
267,528,0.08746948236117595
960,844,0.08746918143815474
1045,517,0.08746888158094451
267,1000,0.08746394461210465
1045,80,0.08743001555491722
291,954,0.08742347170663067
494,150,0.08742246425942168
1106,51,0.08740012769675423
1045,344,0.08739676526901488
870,910,0.08739502766278878
974,1094,0.08739384357729173
267,66,0.08739129666270971
280,37,0.08738648417753528
17,805,0.0873754457062442
1045,587,0.08737427725408317
494,906,0.08737241347218246
449,406,0.08737011433285591
1130,906,0.08735875524806683
928,515,0.08735660730370758
1045,495,0.08734785311976836
599,1107,0.08734613749794355
1045,853,0.08733905034964397
1045,360,0.08733329233006866
1130,95,0.08733000347300801
960,440,0.08732940936032603
449,678,0.08732458905314612
1003,476,0.0873242259879844
1045,35,0.0873080586592959
478,475,0.08730696320552057
279,1000,0.08730670388772294
188,453,0.0873042117324302
1045,859,0.08728630379882649
272,716,0.08728621832631273
1045,379,0.08728062481158762
1045,636,0.08727275753887158
599,966,0.0872706028704883
1045,17,0.08726591328203653
478,24,0.08726562962245879
1106,106,0.08726188920972992
599,715,0.08725642589843974
928,327,0.08724631558531257
272,363,0.0872339876157246
280,633,0.08722684433511009
928,278,0.08721789528577674
290,700,0.08721300866677095
280,531,0.08721198754535844
101,732,0.08721029640311287
280,593,0.08720601867714743
280,515,0.08720600748206771
478,92,0.08720288596971426
280,1124,0.087200627063537
280,954,0.08719346213266378
928,345,0.08717668005972987
1045,748,0.08716688317392934
280,906,0.08716492755199651
449,978,0.08715007621333952
1045,241,0.08714337931997074
494,87,0.08713051584516002
822,110,0.08712512920181541
290,120,0.08711782043465123
101,378,0.08710925081931853
290,531,0.08710667316983603
290,695,0.08710256386721633
291,36,0.08709623033726382
101,776,0.08707336371456408
494,557,0.08705858466604219
101,537,0.08705762140387907
1045,455,0.08704507227735284
290,557,0.08704176627484365
1045,994,0.08703812927178427
280,533,0.08703762426502126
822,868,0.0870307001116712
1045,402,0.0870303428152858
1045,996,0.08702458729370018
1045,488,0.08701884077522114
1045,865,0.08700165554748716
974,356,0.08700044493993317
290,761,0.08699680188502189
1045,262,0.0869937036043604
449,478,0.08698515273346238
1003,208,0.08698305376926325
280,534,0.08697688303898307
449,543,0.08696820362086356
1045,774,0.0869601918081818
1045,431,0.0869429936400183
928,1081,0.08693316964452205
494,230,0.0869246939799016
1045,548,0.08692411472875936
494,945,0.0869175720901024
1045,875,0.08690934635445711
449,802,0.08689965456779239
290,925,0.08687992182494639
928,1005,0.0868795071060967
1045,915,0.08687874917059475
101,110,0.08687447781180171
1045,899,0.08682785155789055
280,623,0.0868276347641146
1045,202,0.08682743015370754
822,834,0.08682519305876604
1045,173,0.08682352587197004
188,716,0.08682277400346088
1045,149,0.08682159568615685
494,1049,0.08680917626964277
1045,1043,0.08680189253101721
960,178,0.08679886565043256
280,345,0.086776137555685
1045,46,0.08675500610660224
1045,300,0.08674735777900709
1106,803,0.0867439050599775
1045,586,0.08672067829861162
928,544,0.08671011838749731
1045,353,0.08670926186740412
1045,219,0.08670585514981548
478,537,0.08670446207557662
449,131,0.08670046367094211
494,700,0.08668166318409831
101,826,0.08668039044389826
1045,1,0.08667442736171058
290,266,0.08667411182057284
291,528,0.08666809705625733
1045,510,0.08666542626684876
1045,683,0.08665272195953733
449,483,0.08664660984623898
1045,880,0.08664598380047346
449,422,0.08663991135067532
101,29,0.08663400138663241
449,405,0.08662985641293772
1045,136,0.08662850933087012
1045,233,0.0866093465477985
291,542,0.08660463052765192
291,120,0.08660223138489401
960,925,0.08659568061063637
1106,36,0.08658887098437532
449,971,0.08658818461027064
290,260,0.086587057780073
290,598,0.08658007643437299
267,29,0.08656408964178985
1045,882,0.0865596652149842
928,426,0.08655281140449647
1106,252,0.08652826077779754
1045,888,0.08652614757626444
1130,803,0.08652440019127895
928,685,0.08652208073881817
822,223,0.08650697628223229
449,689,0.08650277743807756
1045,1066,0.08650169318965176
1130,836,0.08649847343719361
291,908,0.08649605908151768
960,559,0.08649506838185547
280,35,0.08646651068962988
960,194,0.08646299918735027
1045,77,0.08645678960504852
1106,1119,0.08645402131939046
449,586,0.08644761259260876
1045,98,0.08644724070169231
267,224,0.0864348094793603
449,75,0.08643416668822526
1045,196,0.08643202537315446
599,506,0.08641726202957206
928,522,0.08639876414056856
960,246,0.08639689178341686
1045,298,0.08639585336714671
291,761,0.08638807530629718
267,839,0.08637258072589397
1045,717,0.08636788596857088
960,1064,0.08636346399885272
928,4,0.08636246503644683
267,434,0.08635772812873917
290,92,0.08635550918482816
1045,72,0.08635167860075973
291,377,0.08635114080360896
1045,852,0.08635092621163665
449,99,0.08633996527900238
974,540,0.08633746014782516
1045,493,0.08632189937337419
290,728,0.08631505476920023
1045,538,0.08631286756252904
960,471,0.08629999787221757
1045,240,0.0862922951449359
1045,837,0.08628509883937886
1045,1118,0.08628074117243642
449,1066,0.08627799136837108
928,374,0.0862662389137826
290,341,0.08626297899021582
101,611,0.08625858015882348
1045,490,0.08625313265442051
494,24,0.08625312327492367
280,836,0.08624333018085656
1045,914,0.0862413857204216
17,1094,0.0862383368621124
1045,276,0.0862315810966498
1045,701,0.08622816586297982
449,1027,0.08622265624416997
1130,616,0.08622236404902373
960,380,0.08621734619820373
280,132,0.0862119163799216
17,635,0.08621116576429645
449,1086,0.08620940556385044
101,921,0.08620743452623908
1045,26,0.08619211695325592
1045,583,0.08617967197259727
822,546,0.08617559941203808
1045,946,0.08617467950699528
188,129,0.0861601777190202
1045,1089,0.08615632285316191
1045,90,0.086128270598495
1045,306,0.08609727646963887
1045,403,0.08609444872820325
267,850,0.08606509960688707
1045,117,0.08606505155790273
822,453,0.08603973358209817
188,746,0.08603587014035652
960,263,0.08603190316100233
1106,635,0.086031808758155
494,377,0.08602000921280842
1045,494,0.08600687544053162
449,140,0.0860061664090903
928,593,0.08599860533369498
1106,377,0.08598361038843172
449,204,0.08598190734549016
1045,1006,0.08598100308551067
1045,313,0.08597473045696555
1045,1027,0.0859744617095407
449,354,0.08596344630641549
478,945,0.08595704517449837
290,425,0.08595184430074017
449,764,0.0859388312713172
449,1012,0.08589239906329332
1045,1131,0.08588568840700998
1106,772,0.08587941562340377
101,593,0.08587204111794873
280,616,0.08587176352101172
290,652,0.0858610071534449
101,761,0.08585230962598765
449,683,0.08584330426894689
960,935,0.08583927272876027
449,382,0.0858346695243648
1045,985,0.08583416927254676
960,37,0.08583251600997749
449,943,0.08580744593561511
17,540,0.08580435803406433
291,1005,0.08580368837373602
478,153,0.08579504053475631
1045,248,0.08578675237993495
449,13,0.08577740960664954
449,918,0.08577620537088335
449,62,0.08577422970244203
928,209,0.08576059032560139
1045,847,0.08575508088133006
1045,796,0.08575383545491982
188,476,0.08574464585163802
188,700,0.08574175008038258
928,308,0.08573996014689995
1045,543,0.08573769634006517
280,710,0.08572894504785356
822,252,0.0857246803258434
279,540,0.085712062970836
280,476,0.08571193229783826
291,487,0.08570746136148664
1045,511,0.08569841865472973
280,199,0.08569778423606889
1045,686,0.08569674074440858
101,426,0.08567513840814099
449,583,0.08566502005779748
928,925,0.08565545712824425
279,425,0.085654503491009
280,728,0.08563231713285585
449,411,0.08563024603593888
272,356,0.08561401121485598
449,789,0.0855991264747351
1045,641,0.08559900202728785
1045,63,0.08559056658065126
267,544,0.0855867953408223
822,208,0.08557770559797298
17,685,0.08557601414456704
1003,776,0.08557190052416926
1130,440,0.0855605403998997
1130,575,0.0855468159834786
280,910,0.08554179662437833
1045,256,0.08553783851999244
290,29,0.08553363022413053
1106,906,0.08552443531079987
449,291,0.08551629696919119
1045,179,0.08551448736893734
928,1000,0.08551263553448803
280,217,0.08550257770361713
928,120,0.0854995947776914
188,141,0.08549392883903324
279,407,0.08548920522768574
290,272,0.08548584674624729
101,506,0.08548471346114686
1045,357,0.08548316168896729
494,935,0.08547801249036148
101,1005,0.08546478555101203
1045,415,0.08546391501876882
928,163,0.08542914377810411
960,605,0.08542231200872621
1045,1038,0.08540866152732879
290,137,0.08540684736721811
449,629,0.08540074205990708
1045,699,0.08539603568829525
1045,1065,0.08539160308106142
449,245,0.08539016946448248
478,383,0.0853684033608052
928,954,0.08536218565040125
188,36,0.08535815029880042
1045,594,0.0853457819650693
1045,885,0.08533940642647769
267,950,0.08533719973738511
1045,603,0.08532990385476447
188,828,0.085329596085533
599,531,0.08532744529707113
449,233,0.08532500920972115
1045,957,0.08532291623637499
449,325,0.08531165936857936
280,700,0.08528699876251264
101,581,0.08527719410917553
1045,681,0.08526249035003403
449,247,0.08525752750148058
1045,320,0.08524676104655392
449,282,0.08524230689741459
267,602,0.08523906301862982
290,3,0.08523735230708622
280,192,0.08522840802838319
1045,818,0.08522811059159352
1045,688,0.08522384892288336
822,544,0.08520059622731191
1106,450,0.0851990218092137
1045,324,0.08519647548882008
17,710,0.08518739452593943
1045,822,0.08518469272774304
960,285,0.0851776926234858
291,557,0.08517744594975626
478,263,0.0851652966872798
280,266,0.08515836935703233
101,194,0.08514814584848711
1045,550,0.08514705029193784
101,988,0.08513006223990824
1045,342,0.08511423499239204
822,692,0.08510722482566489
1045,1040,0.08510519158963904
290,24,0.08508732389237361
1045,745,0.08505762536369095
449,796,0.08505429075962603
960,562,0.08503653925913808
599,230,0.08503477018263156
1045,269,0.08503407681039425
280,126,0.08502953014599424
449,1072,0.08502418207273446
1045,1039,0.085021886256626
1045,1048,0.08501446573186855
290,1094,0.08501386956020135
17,834,0.0850130130602988
599,1049,0.08501080406314135
928,795,0.08500847580043422
290,563,0.08499932891525686
449,532,0.08499292081656669
101,272,0.08498143933389402
188,795,0.08497692914403313
1045,809,0.08496824707338951
290,776,0.08496000192020862
449,302,0.08495921363459132
449,338,0.08495683604433445
1045,442,0.08495404132190985
267,377,0.08495112462248783
449,1068,0.08494267160582206
449,496,0.08493893865361309
449,1055,0.08493189386480081
494,143,0.08492533524666998
960,425,0.08491200823817918
449,490,0.08490479453501129
494,786,0.0848871416568833
101,286,0.08487749336144935
1045,1035,0.08487344026730849
1045,637,0.08485795437013018
449,924,0.0848475313230993
1045,1127,0.08484749573728771
1045,1099,0.08484628758685338
280,381,0.08484201486846703
599,223,0.0848364380726215
280,527,0.08483296974449596
17,808,0.0848250129964242
290,528,0.0848056205497271
449,400,0.08478558376214758
928,575,0.08478095818115773
449,241,0.08476657886499858
267,293,0.08476642396604639
291,966,0.08476412572344265
188,850,0.0847627623525711
494,828,0.08476168071123978
101,772,0.08476103016497173
188,562,0.08475453105293135
1045,185,0.08475375077178206
280,1047,0.08475277583227601
449,1102,0.08474845896784779
267,786,0.08474815985262169
449,187,0.08474558222768412
280,189,0.0847410366592238
1045,361,0.08472974330079977
449,869,0.08472479578950427
599,723,0.08472478726241317
1130,1004,0.08472425748618954
449,198,0.08471490630697184
1045,1091,0.08471444297613027
822,487,0.08470733743626124
960,934,0.08469984732285328
478,1107,0.08469158935803064
1045,131,0.08468758202895352
449,1106,0.08468578033824496
1045,138,0.08468107553329313
1045,176,0.08465128318918064
291,199,0.08464724085219245
1045,362,0.08463719451644046
1045,866,0.08463315683517164
960,199,0.08463306118550244
494,462,0.08463083818638824
1045,712,0.08462262092809059
449,994,0.08459908227117928
279,500,0.08459495223494949
449,840,0.0845881914143933
960,612,0.08458681278856603
17,450,0.0845827874792933
822,851,0.08458206165906322
449,191,0.08456980398836918
1045,100,0.08455615461734721
449,0,0.08455256971641015
101,476,0.0845350393356831
280,969,0.08452582204715636
928,1064,0.08452343901133196
449,785,0.08451426114306637
449,669,0.084508524298458
1045,707,0.08450500501347658
478,278,0.08449478884863662
449,281,0.08449084713450433
478,563,0.08448619175221976
449,375,0.08448436332725354
188,178,0.08447547375527258
1045,736,0.08446962785065124
494,839,0.08446109244864136
1130,563,0.08446011158001157
494,808,0.0844454600184365
928,453,0.0844399658952274
494,199,0.0844275308396189
1045,327,0.08440237965719981
449,775,0.08438051845324253
822,710,0.08437883506301132
267,453,0.08437095157073282
1045,816,0.08436788878759886
449,883,0.08436098421378135
1045,656,0.08435393619320779
101,66,0.08435289934539474
449,361,0.08435137565324759
449,508,0.08435031065535
1045,872,0.08433626860446368
478,143,0.08432982221709838
1130,557,0.0843189685651662
449,564,0.08430289661606942
1045,155,0.08429733260129062
960,988,0.08428818814426893
290,623,0.08425597539704476
960,106,0.08424561330810829
449,134,0.08422965804128943
960,304,0.0842280576662909
1045,93,0.08422668246301594
960,223,0.08422328145296903
449,183,0.08422143375354486
280,578,0.08422018971648053
280,224,0.08420707050923083
928,387,0.08420651475098512
188,595,0.08420500315061019
449,500,0.08420218033862022
188,3,0.08420054805596566
960,772,0.08418418998838702
1045,352,0.08418378306929356
974,395,0.08417459419901628
928,1050,0.0841743408737462
1045,922,0.08415878702865286
280,29,0.08415867643277597
449,188,0.08415017275724342
960,190,0.08414767148154605
1045,504,0.08413161550993258
101,851,0.08413025070179987
822,194,0.08412679822239719
449,439,0.08410962181830059
1045,483,0.08410805055591161
1045,998,0.0840968714415852
101,1064,0.08408479333992248
1130,571,0.08408204406575451
494,178,0.08405746777869738
449,574,0.08405117617019232
449,591,0.0840472537272818
1045,1051,0.08404122827287958
1045,592,0.08403753582108033
291,1001,0.08403510979672162
1045,338,0.0840316444697052
1045,783,0.08403136035986322
1045,76,0.08399460947654132
1045,1061,0.0839870066334782
101,318,0.0839862666216671
1045,929,0.08398052717413658
1045,85,0.0839609612895178
449,248,0.08395891039458589
1045,433,0.08395606798746227
449,101,0.08394738253244298
494,988,0.0839470940092685
267,563,0.08394315965204732
272,365,0.0839249494711726
449,219,0.08392265443783396
478,772,0.08391456517066735
449,63,0.08390897602796155
291,1080,0.08390891701966023
1045,470,0.08390377207981556
17,506,0.08390172081856799
449,831,0.08388993462798196
1045,265,0.08388834663233463
449,94,0.08388798737813503
1045,489,0.08387817563522729
449,1131,0.08387034683905634
478,1047,0.0838701700476129
1045,302,0.08386951980611178
1045,305,0.08385694093628837
1045,849,0.08385405119473884
1045,646,0.08384294161691097
1045,418,0.0838420808663423
1045,477,0.0838418802229504
1045,804,0.08384064082558355
1045,411,0.08382213752594576
290,786,0.08381746706229487
1045,294,0.08379313849936298
1045,608,0.08377915111834942
449,888,0.08377195660789431
1106,175,0.08376745999915815
449,489,0.08374881830725112
1045,976,0.08374236349233198
272,750,0.08373341494461325
1045,938,0.08373028946454576
1106,805,0.08372222092469442
280,695,0.08372177250880919
449,799,0.08372059583095842
449,59,0.08372058949213457
449,569,0.08370325271399816
280,528,0.08369240494115346
1045,737,0.08369104015962973
1045,321,0.0836875089937253
822,786,0.08368319288433956
267,612,0.0836828904412723
928,761,0.08367862904221401
449,280,0.08367304254793045
280,1112,0.08367282180512388
280,407,0.0836646082467151
1106,925,0.08365864623511055
1045,21,0.08365280860977096
449,44,0.08363921578731368
290,518,0.08362473851785615
960,980,0.08359333659324587
478,828,0.08358960226408055
449,1116,0.08355932644157081
280,293,0.08354823529130277
1045,215,0.08354178753383837
478,476,0.08352403259512536
188,868,0.0835085703932946
280,475,0.08349967888368093
267,356,0.08349696107837273
1045,386,0.08349000745454921
449,510,0.08348943105356972
1045,43,0.0834868117934629
449,1097,0.08347113894689882
280,110,0.08346731096486526
494,966,0.08346404713628412
449,305,0.08344729229136845
291,836,0.08344604776515596
449,876,0.08343674966747279
928,908,0.08343646858752601
928,268,0.08342557102401538
280,392,0.0834220814600597
1045,864,0.08342107729927607
1045,210,0.08341922176747565
101,252,0.08341567813610591
1045,706,0.08339237323305664
449,556,0.08338725712625926
449,813,0.0833762362720107
1045,924,0.08337514415690933
280,595,0.08336680551225689
1045,851,0.08336034517290701
960,528,0.0833603330217044
1106,224,0.08335518854274751
449,100,0.0833302211468454
928,177,0.08332796800068688
267,935,0.08331215918243458
599,1002,0.08330711798378317
1045,264,0.08330555017430774
928,391,0.08330528524775947
1045,596,0.08329252690901943
449,344,0.08329003838014806
290,178,0.08328366278411352
449,980,0.08327883289678276
290,891,0.08327309426818204
1045,536,0.08327128176355707
1045,625,0.08325988957143217
1045,86,0.0832554086814456
272,314,0.0832530275069362
822,537,0.08324287681378119
280,1005,0.08323939119595072
1045,347,0.08322497833863583
1045,392,0.08319795842245407
494,990,0.08318934860666097
1045,214,0.08318744845621587
1045,466,0.0831747844805873
1003,578,0.08317339684301983
449,360,0.08317122105150539
17,497,0.08317062511588656
449,614,0.08314513644023762
449,760,0.08313629134147224
1045,213,0.08313613141366388
290,967,0.0831312912925653
822,190,0.08312964506285131
1045,932,0.08312514513460488
1045,485,0.08312112248550932
1045,564,0.08311575723293012
1045,873,0.08310676701938244
449,290,0.08310633242811441
1106,990,0.08308591193376531
449,1103,0.08307124391693815
960,458,0.08306854953749852
101,92,0.08306033330290338
928,616,0.08305593877034385
1045,71,0.08304769252784806
494,1064,0.08302773036095029
870,395,0.08301332980517524
960,454,0.08300729990846975
960,571,0.08299494098540684
960,1002,0.08299140334700553
974,152,0.08298869649455623
960,1124,0.08298157652353533
449,68,0.08297913921064516
449,1104,0.0829678479087628
960,64,0.08296544751914807
1045,134,0.08295408457829953
1045,676,0.08295408004277069
1045,121,0.08295294290358916
1045,452,0.08295055698902544
1130,935,0.08294756986561265
280,455,0.08294647586945454
1045,147,0.08293632235181345
290,966,0.0829143502672557
17,1047,0.08290407258189804
449,451,0.08290026901006346
960,540,0.08289370567590569
449,32,0.08288750402751364
822,1094,0.08287246133073714
290,95,0.08287149112569035
449,1074,0.08286818626618934
1045,1092,0.08286092787724925
928,662,0.08285709492753209
1045,819,0.08285361576198491
449,628,0.08283160583729347
449,462,0.08282919954539192
449,221,0.08281835426714784
599,1119,0.08281618570450522
928,106,0.08280709989036564
478,66,0.08280339461719892
280,497,0.08279192429453161
449,606,0.08279077041843948
1045,145,0.08278796115265777
1045,428,0.08277134083859555
449,934,0.08277109703611336
449,323,0.08276540368425128
1045,1071,0.08276151669122127
291,29,0.08272201370042062
449,618,0.08271969705872814
1045,989,0.08271532423124847
1045,333,0.08271298124611276
449,156,0.08271012043244912
494,834,0.08270885781303176
1045,905,0.08270739376511879
449,822,0.08266246435107302
290,834,0.08265116115256048
1045,1093,0.08261750241668937
188,92,0.08260524825246818
1045,410,0.08260343317947859
1045,297,0.08259295172800539
494,275,0.08259259409863923
1045,366,0.08257664365037866
599,500,0.08257612743569284
290,377,0.08257231563760005
1130,772,0.08256991663049879
449,216,0.08256449805106614
188,179,0.08255879557199294
1045,1078,0.08254158527957714
188,725,0.08253987906144403
188,1107,0.08253201210416596
822,205,0.08253195526975704
1045,768,0.0825200125078004
1045,409,0.08251257213007152
928,518,0.08250937904671087
449,310,0.08247758153232576
478,1002,0.08247162829708739
1045,48,0.0824484322220943
449,448,0.0824427939874236
1130,710,0.08243189518513014
1106,287,0.08243043209030021
449,706,0.08242321590400993
1045,1116,0.08242278176504475
280,935,0.08240149510005791
449,503,0.08240113069913627
1045,447,0.08239958474878901
822,828,0.08238938426072706
1045,207,0.08238930919693903
449,358,0.08238213364120507
1106,254,0.08237836488492582
280,807,0.08236827583037472
1045,492,0.08235787384012169
449,105,0.08234865975641069
1045,588,0.08234442591225
449,359,0.08234313757336133
1045,1087,0.08233632966046968
1045,125,0.08233616299780366
1045,797,0.08233170152152072
1045,997,0.08233108741669524
1045,111,0.08232739383983977
1045,725,0.08232097268829373
960,966,0.08231403140568963
280,79,0.0823134190954349
1045,40,0.0822999941456596
449,7,0.08228970702087358
478,500,0.08227483638535761
449,993,0.08226395243238868
1045,326,0.0822613625642136
928,192,0.0822529324684944
1045,123,0.08224902029663957
822,106,0.08223606967761271
449,953,0.08223131627672389
822,92,0.0822181302641764
1045,228,0.08221475806807764
449,368,0.0822105712472392
267,189,0.082207893367665
928,836,0.08220389338338241
449,298,0.08219601364434699
960,1080,0.08219364912923607
449,946,0.08216539122037363
1045,877,0.08216302583883024
1045,349,0.08215929654145225
101,129,0.08215700161400256
928,407,0.08215528136138497
478,710,0.0821510633154536
494,715,0.08213876579780267
449,939,0.08213115485513602
280,662,0.08212973770959588
449,697,0.08211397848843618
188,612,0.08210453705807585
280,141,0.08210052385127407
1106,578,0.08208349696743976
449,719,0.08207438164356042
449,349,0.08207143178842662
1045,473,0.08205927690327858
449,650,0.08205193870206655
1045,680,0.08204832561876607
1045,130,0.08204356933496618
449,249,0.0820385538216104
1045,271,0.0820192262052089
1106,392,0.08201525555659442
188,990,0.08201404031783613
1045,406,0.08200925755990814
1045,977,0.08200741594107258
974,851,0.08200508371524212
449,408,0.08199444502233111
188,252,0.0819940258154645
478,272,0.08199296954242505
101,612,0.08198202882927642
1045,20,0.08197616613064743
1045,1098,0.08196911425532065
101,4,0.08195961365751711
449,301,0.0819574188892453
1045,9,0.08194069764923476
1045,624,0.08193401602599089
822,506,0.08190883641403959
1045,1032,0.08190622449418015
1106,129,0.08190342490336068
291,563,0.0819029889779394
449,130,0.08189571958140744
290,1005,0.08189369966248093
1045,258,0.08189000730802859
188,833,0.08188818850856007
478,1001,0.08188000012463889
1045,328,0.08186606034746945
449,12,0.08185545767023766
267,1019,0.08185187709013096
1045,667,0.08184556277336097
449,91,0.0818433247945679
1045,482,0.08183973523238519
449,658,0.08183946501085014
1045,508,0.0818370819730612
1045,861,0.0818328847192607
290,1049,0.08183198098309818
272,481,0.0818306276562846
960,616,0.08181877007709992
478,878,0.08179849681636951
188,851,0.08179139429528293
1045,308,0.08178799691840816
449,441,0.08178749250041206
1045,524,0.08178680143095325
1045,480,0.08176642427759237
449,416,0.08176334809860546
101,189,0.08173510019979197
822,605,0.08171247444671721
101,616,0.08171147564347123
267,616,0.08170612848559608
1045,501,0.08167737691485143
188,0,0.08166453274903272
449,1031,0.08166186169812563
1003,36,0.08162404171233807
1045,1101,0.08161703000023941
928,563,0.0816074061365373
1045,42,0.08159474416592907
494,531,0.08156952313549012
449,741,0.08155130825016114
449,485,0.0815461424936238
822,1107,0.08150165261747676
494,1004,0.08149786390611154
1045,412,0.08147686132494274
449,472,0.08147650605113657
272,479,0.08147238226791827
101,341,0.08146224196864281
449,742,0.08145306849638088
188,462,0.08144953808554459
449,70,0.08143906669536513
1045,1070,0.0814327460778905
494,254,0.08143028824435461
1045,904,0.08142616785308245
1045,33,0.0814082178710291
449,622,0.08140790356889764
822,1004,0.0814051262015277
449,115,0.08140466987598728
449,1022,0.08139578145486827
478,850,0.08139332026531214
1045,52,0.08138263282148421
1045,653,0.0813826155978233
478,141,0.0813795878991143
267,611,0.08137928769229573
960,224,0.0813730307316982
449,498,0.08137005197811063
928,1083,0.08136056841760077
700,425,0.08135699627350217
494,980,0.08135563893359132
1045,144,0.08135500907815656
449,352,0.0813524475572513
449,433,0.08134470316499295
449,587,0.08133032797969948
449,855,0.08132677269050548
290,450,0.08132329803457174
280,263,0.08129148851117717
1045,218,0.08128077093325474
449,1032,0.0812657841171464
280,268,0.08126272334077672
1045,50,0.08126034391950424
449,649,0.08124637432023386
478,371,0.08124554202568439
290,476,0.0812400938768695
188,285,0.08123869993995358
1045,812,0.08123445429229614
1045,1037,0.08122731889482741
449,43,0.08120534968492205
928,36,0.08120470639082962
449,530,0.081194413722076
101,146,0.08118573692840976
1045,765,0.08118433856252198
449,480,0.0811828834331194
267,450,0.08117593884085049
449,40,0.08117180245351562
1045,763,0.08116287942990681
1045,445,0.08116145261539358
928,891,0.08115325671820744
449,877,0.08115127586561102
449,936,0.08114610061815507
101,224,0.08114341895794987
1045,279,0.08113606781387905
1045,420,0.08113102543331904
960,391,0.08112161125287032
1045,161,0.08111551750825574
101,246,0.08110519618538563
928,695,0.08110350895114071
960,129,0.08110084339540287
449,1099,0.08109342227860901
928,988,0.08108710019013775
449,734,0.08108397250931801
1045,188,0.08108030881272789
290,833,0.08106412269497434
1045,645,0.08104535767178207
280,540,0.0810418043197744
1045,535,0.08104095709664982
1130,635,0.08103822309952298
1045,813,0.08103065193450615
1045,32,0.08102116552512592
1045,75,0.08101793046272196
280,571,0.08101539426499932
1045,827,0.0809875881540864
1045,697,0.0809662894288038
822,152,0.08096122941004322
1045,312,0.08094871521602562
1045,225,0.08094090644417609
1106,35,0.08093517953752888
267,1080,0.08092229576151476
291,1124,0.0809150514535087
101,1025,0.08090933242942819
960,182,0.08090301350745335
17,314,0.08089111768841636
960,318,0.08088069838239849
1045,890,0.0808765383697226
290,571,0.0808594859614186
1045,614,0.08085899898176419
1130,1002,0.08085776409629909
449,253,0.08085197193364095
449,270,0.0808465783577444
928,623,0.0808382868945312
1045,303,0.08083151887756732
272,648,0.08082708416623013
822,150,0.080822497345453
1045,754,0.08081815715827825
1106,988,0.0808124381012131
267,137,0.08080811287174368
1045,838,0.08080425797161567
1045,749,0.08080172099627388
1045,405,0.0807914424738229
290,224,0.08076384363230768
291,371,0.08076313302291815
272,691,0.08076167364131803
1045,1017,0.08075387831468996
928,383,0.08074632485346453
1045,159,0.08073793793836898
101,710,0.08073340920269621
1045,965,0.08072738879285445
449,525,0.08072189076679955
449,235,0.08070969430738024
478,605,0.08070745417067439
1045,309,0.08067625388157112
1045,735,0.08067594692005942
1045,417,0.08067103799144279
280,391,0.08065941104829949
449,1126,0.0806580765168666
280,833,0.08065588909656662
478,1119,0.08064830581967257
960,695,0.08064131991065619
822,143,0.0806078936283258
449,401,0.08060530872471433
449,1029,0.0805993332238497
449,520,0.0805823135064088
280,575,0.08058144212865048
449,962,0.08056816751885014
449,956,0.08056816624578052
599,389,0.08056580298879519
1106,546,0.08055348669824144
1130,475,0.08055239104203732
1045,884,0.08055195796959129
928,578,0.08055180065367068
1045,249,0.08054919523734219
928,27,0.08054213686048262
280,278,0.0805315441562834
1045,212,0.08052577000549471
291,254,0.08051447246578296
272,570,0.08049154918387473
449,1034,0.0804892411785953
822,383,0.0804830323401425
290,387,0.0804723881745968
449,125,0.08047028558469083
960,497,0.08046392508744471
1045,16,0.0804544713615266
449,674,0.08045323720672794
1045,55,0.08043400484715717
1045,893,0.08043161616600494
449,1037,0.08042999830973381
928,710,0.08041320945872535
494,612,0.08040104510499102
494,1080,0.08038857351037337
449,768,0.08037138151626434
1045,183,0.08036360903189156
478,395,0.08035818863291214
290,146,0.08033628902992164
1045,221,0.08033453377567634
1045,486,0.08032958423445033
822,833,0.08032288289111135
449,787,0.08030183916197742
1045,516,0.08029436132725569
1045,647,0.08028233115744435
449,504,0.08027901174000855
1045,1104,0.08027874898945507
928,378,0.0802715661206667
449,474,0.0802711689108998
449,726,0.08026949331129805
1045,682,0.0802484115518466
449,639,0.08023146233287191
1045,484,0.08022474362142067
449,1028,0.08021747201286242
1045,124,0.08021068564342675
1045,731,0.08020684780313328
449,316,0.08020380311085391
822,182,0.08020157201369825
1045,166,0.08018232759537064
449,83,0.08017444273199353
188,710,0.0801732581773411
1045,104,0.08017019224688637
280,146,0.0801680325579804
1045,291,0.08014368508244392
101,540,0.08014214437240469
291,695,0.08013889416715123
928,612,0.08013440661478455
449,339,0.08013210452088655
1045,1110,0.08011618126840636
1045,23,0.08011586542630231
1045,848,0.08011502665234246
449,955,0.0801122585227764
290,150,0.08009458748385821
1045,465,0.08008850374835981
449,215,0.08007281314983856
449,50,0.08004826146407165
449,919,0.08004439988072123
449,550,0.08003977896638276
449,660,0.08003863707792495
1045,895,0.08003626925562173
1045,44,0.0800360255436868
449,1046,0.08002969950978685
494,310,0.080021439760024
1045,582,0.08000655086880414
928,146,0.07996009328820229
449,596,0.07995716342000228
101,287,0.07994100680361078
449,872,0.07993936788583662
1045,1117,0.07993741074759475
1045,566,0.07992929754044278
188,500,0.07992507616262151
494,616,0.07992302184316558
280,252,0.07992260977256524
928,850,0.0799216315515109
478,389,0.07991916625169417
478,64,0.07991581391891929
478,786,0.07991351099098432
1045,655,0.07988841708723894
449,671,0.07988153707391663
1045,181,0.0798802695649436
291,1119,0.07985986602359654
1130,87,0.07984716876357142
101,383,0.07984452235242118
280,137,0.079832055989547
1045,892,0.07982770780193141
822,715,0.0798212906000365
290,808,0.07981790585096193
449,552,0.07980276631351091
449,122,0.07978744802825195
1045,618,0.07977601484853035
1045,323,0.07977391607930447
17,950,0.07974836936650344
291,616,0.07974718428038297
1045,776,0.07974310308041839
449,1071,0.07973880073895867
449,402,0.0797229138282837
1045,398,0.07971505292453401
449,1076,0.07970329200885304
449,784,0.07969106744860523
449,964,0.07968672566488717
1130,141,0.07968439423232906
1045,600,0.07967667086835017
1045,515,0.0796736096348322
494,851,0.07966727978148279
1045,57,0.0796530181518814
449,521,0.0796237633234281
1045,1054,0.07960911379747847
449,944,0.07960738258400997
449,445,0.07956523203927333
188,314,0.0795559866614207
449,849,0.0795542789163156
478,106,0.0795283851768362
1045,512,0.07952321672070305
928,293,0.07952155630715523
1045,444,0.07951962612780418
1106,285,0.07951887853764836
1045,925,0.0794815637625798
449,73,0.07948098505620184
1045,112,0.07947307874243292
1106,602,0.07947046540612643
928,287,0.07946861736392333
449,664,0.07946295412034415
928,839,0.07945987240753145
290,287,0.07945130530143857
1106,199,0.07944461009552359
928,803,0.07943902430738436
280,87,0.07943795013063651
1045,174,0.07942833488718135
1045,689,0.07942464240956873
1045,282,0.07940518530887146
1045,290,0.07939842500655102
1045,503,0.07938214688076319
494,1002,0.07936828284449825
928,571,0.07936572070854601
449,655,0.07935872718351844
928,886,0.07935585270337318
272,425,0.07934955814422216
960,878,0.07932845866267445
1045,573,0.07932676783040234
449,351,0.07930761901150829
1045,806,0.07930178233896863
1045,102,0.0793005137563642
1045,982,0.0792822023402861
1045,235,0.07926940297425426
960,537,0.07926436097272134
449,570,0.07925516997789192
449,743,0.07925459648296226
1045,505,0.0792505820891988
291,878,0.07923619144943211
280,715,0.07923294809236554
1045,332,0.07922604017541178
188,454,0.07922265650235576
449,842,0.07920792258832657
272,537,0.07919818650826928
1130,286,0.07919633494607213
449,507,0.07918962632555296
928,377,0.07918865627130012
1045,1115,0.07918293381895003
449,417,0.07917264860731676
1045,526,0.07917031653858501
478,1005,0.07916760999998818
1045,739,0.07916130941239465
478,150,0.07915977274737843
449,696,0.07915652593207317
449,464,0.07914368752435981
1045,930,0.07914201431980449
449,58,0.07913236588703933
449,967,0.07912834896217803
478,129,0.07912554451596279
449,515,0.07911787978516918
1045,283,0.07910975864986616
449,488,0.07910102543935624
478,190,0.07908449171242812
449,758,0.07906776856861318
1045,952,0.079061236198221
928,1047,0.0790380209065567
449,71,0.07903770479413798
449,932,0.07903144579512394
101,150,0.0790248910759456
279,3,0.07901423378605636
478,205,0.07901186795028048
1045,987,0.0790085091106376
1045,1128,0.07900416526933425
449,111,0.0789794219041348
1045,1062,0.07895433715230285
280,150,0.07894764869010527
960,230,0.0789352047053806
1106,612,0.0789336798150029
449,864,0.07893198186294963
494,132,0.07892812655949186
599,318,0.07892259437965927
449,1011,0.0789143991528917
1045,451,0.07889971514588427
449,435,0.07889914397749818
1045,726,0.07889316693397683
1045,1122,0.07888954128989896
1045,1096,0.0788857337654491
1045,560,0.0788821360714455
928,254,0.07887976441814835
1045,437,0.07887083556019364
101,450,0.0788696935353439
1045,937,0.07885862244873593
449,812,0.07885323372151365
1045,34,0.0788490628746353
960,152,0.07882701845217255
17,1025,0.07882398115111147
822,3,0.07881278821636789
449,590,0.07879832907694446
449,199,0.07879808570075873
478,275,0.07878805453580984
449,93,0.0787801105235509
267,475,0.07876921749747072
449,875,0.07876064363841134
449,957,0.07875431461865218
599,817,0.07873713288408551
822,805,0.07873516873199916
272,177,0.07873491543036196
1045,879,0.0787342852438797
1045,961,0.07873318317542621
1045,705,0.07872589617921784
1106,275,0.0787063336078596
449,791,0.07869181581508142
280,631,0.07868839239914714
1045,184,0.07868086809827507
1045,532,0.07866628857100257
928,476,0.07866538852870206
928,178,0.07866299720312588
449,196,0.07866129423346667
449,774,0.07865597126749177
822,980,0.07863254661427084
1045,1007,0.07861276236946586
280,612,0.078595234672493
449,641,0.07858195804583049
1045,1073,0.07856899864233864
101,64,0.07856333199755683
1045,199,0.07853059122170673
449,1059,0.07851906328335218
449,704,0.07850785763597044
17,263,0.07850608269814435
478,833,0.07849761595103831
449,314,0.07848895041638679
267,286,0.07848723728771231
1045,549,0.07847953368287464
449,600,0.07845446961405883
1045,460,0.07845022723842894
1045,116,0.078449629516159
280,878,0.07844800289042775
1045,280,0.07843810151897769
449,879,0.07843749455654808
928,29,0.07842644918298883
267,868,0.07842553452658171
822,37,0.07838974796991972
822,1015,0.07838955560883151
101,497,0.07837938810807378
449,913,0.07836918505828282
1045,584,0.07836726925131725
291,153,0.07836613249668044
101,152,0.07835421556718275
449,491,0.07835322658431373
960,1049,0.07834602405089985
290,141,0.07834410704266916
1045,665,0.07834235791075983
449,1130,0.07833686009529557
1045,1036,0.07833379951404376
449,677,0.07833080673605128
449,336,0.07832259932449012
267,761,0.07831933844945126
449,940,0.07831912887821299
1106,571,0.07830617916760994
449,466,0.07830320713139892
1045,1009,0.07829453532048647
449,41,0.0782925546434227
449,694,0.07829204111866266
280,458,0.07828592453924264
101,635,0.07827785257485857
449,810,0.07826467473841972
1045,820,0.07826456549349402
928,878,0.07826431877598818
928,1002,0.07826223580006071
291,286,0.07826159748285108
1045,369,0.07825346652729244
960,132,0.07825188925012105
280,611,0.07824470865069182
928,217,0.07824462900289045
449,444,0.07824193303459243
1045,30,0.07823394788824861
494,487,0.07822555928383045
1045,1056,0.0781965300399562
1045,11,0.07818880113059004
272,0,0.07818506716263654
449,239,0.0781846816562568
449,260,0.07818250590112648
449,300,0.0781692073530599
1106,850,0.07814242021845874
449,735,0.07814152300723451
599,1015,0.0781405278057549
1130,205,0.07812642127618596
1045,672,0.07812599900690034
1130,275,0.0781215238629754
1045,854,0.07811031049873705
267,208,0.07810435025828719
960,623,0.0781027281588637
449,469,0.07809665693410107
449,486,0.07809060858959309
449,604,0.07807539349438221
1106,1080,0.07806789561082571
1130,450,0.07806074705492644
449,977,0.07805856153070144
1045,441,0.07805816291834014
1045,909,0.07805332747916137
449,625,0.07805314734614316
188,1047,0.0780368273654942
449,1048,0.07803225734613227
272,167,0.0780280178502594
1045,373,0.07802792648264188
17,141,0.07802789896808499
280,182,0.07801142522403959
449,951,0.07800715298024243
494,453,0.07800189985723163
822,557,0.07798066414720826
449,663,0.07797861430089464
449,882,0.07796913023463298
1045,239,0.07796646362717527
1045,231,0.07795417706226095
449,653,0.0779533801835138
1045,60,0.07793167961920737
449,659,0.07792534802642845
267,692,0.07791260749546212
449,915,0.07790597712182629
1045,945,0.07790476045771258
1045,6,0.07789158314112068
1106,1107,0.07788982126424421
449,303,0.07788240606012166
449,213,0.07785725602549044
449,890,0.07784707320592749
280,377,0.07783884117963102
267,223,0.07782431797144378
822,254,0.07781558865861894
449,637,0.07778007145924971
494,389,0.07777770683319907
449,630,0.07777482041212365
928,450,0.07777288039603429
1045,336,0.07776790950192439
449,880,0.07776517936301114
449,470,0.07775747091176873
290,851,0.077754178745033
494,1094,0.07775315049954104
1045,870,0.0777496762531346
449,31,0.07774466721690435
280,544,0.0777419868391368
1045,358,0.0777330994743154
280,254,0.07773098859752321
599,143,0.0777251204080669
449,923,0.0777217018596566
449,11,0.07772065252311268
449,396,0.0777205065185033
449,1062,0.07771304334483925
449,1109,0.07770731165221502
1045,801,0.07770446025034568
1045,261,0.07770328540314266
280,66,0.07769531595592177
449,373,0.0776951846932723
1130,224,0.07769152200321768
291,635,0.07769099983898468
290,395,0.07768492074087678
960,828,0.07768434601259458
188,808,0.0776690821641229
1045,350,0.07766704829694818
822,175,0.0776135110573116
449,523,0.07760851201814406
291,150,0.07760530473361411
1045,673,0.07760227569446089
449,332,0.0775877381849255
478,528,0.0775689142203359
1045,187,0.07756609293641373
1045,887,0.07755979401099489
449,60,0.07755682384340488
267,371,0.07754029878437187
1106,786,0.07753341520890367
1045,8,0.07751086957156939
822,24,0.07751007879996953
291,425,0.07748434746763477
449,739,0.07746964613593763
267,557,0.0774611925847339
449,578,0.07745657708699398
1106,137,0.07744657964965367
449,1100,0.07743873009914669
101,602,0.07743850668165557
1130,1064,0.07742434617022328
1106,935,0.07740849637341897
267,205,0.07739027150299321
1045,253,0.07736405312551006
449,369,0.07736354357708404
1045,730,0.0773630681480297
449,675,0.07734661353054562
449,865,0.07733269298874143
478,29,0.07732306023890557
101,1107,0.07732204676863193
494,805,0.07732062829340211
1045,292,0.0773184724279039
478,287,0.07731476672613091
449,6,0.07731144336905055
974,710,0.07730381856390857
1045,627,0.07730338358634077
101,205,0.07730316615655207
1045,419,0.07728047263713624
449,565,0.07727342224627867
822,141,0.0772682975367842
1045,876,0.07724845348259236
478,612,0.0772350737097166
960,1119,0.07723260955141978
449,830,0.07723147941057192
1045,759,0.07722568282012313
1045,94,0.07720790078940283
1045,756,0.07720449942268327
928,776,0.07720212734316231
449,853,0.07719981648291963
449,783,0.07716247355865968
1045,18,0.07715282089202266
449,340,0.07714306534061299
449,176,0.0771293887613876
449,482,0.07712839806754017
494,341,0.07712780493615023
1045,67,0.07711198501250904
1045,721,0.07708766309929464
449,949,0.07707739247941923
280,786,0.07707717143145028
280,453,0.07707682357454561
1045,751,0.07705837370551656
449,929,0.07705774603284846
101,182,0.07703046647679451
1130,153,0.07702575626010313
280,834,0.07702099959874757
267,252,0.07700222902700737
1130,1080,0.0769901971383599
449,9,0.0769874397698275
449,1041,0.0769838982107174
449,712,0.07698296406628136
1045,424,0.07698293890422146
1045,1026,0.07697871752998674
1106,817,0.07697671818608223
449,554,0.07697241801157736
290,616,0.0769723471067858
494,518,0.07696823897299747
101,254,0.07696377594583544
101,935,0.07696031742989388
291,803,0.07695379736276899
1045,814,0.0769532519439555
17,190,0.07693361479396785
1045,496,0.07692861527592909
188,395,0.07692331208455121
1045,89,0.07689276214064472
1045,105,0.07688803963099233
1045,296,0.0768794920771949
449,265,0.0768780966436027
449,1,0.07687006648872814
449,465,0.07685755622508145
449,717,0.07684706574483866
1045,1031,0.07684144180818896
449,139,0.07682710282528028
1045,227,0.07682648591024852
449,423,0.07681734976893725
1045,1106,0.07681261092641486
449,524,0.07680959151003292
960,143,0.07680293170883047
280,803,0.07680018246401962
1045,926,0.07679987960569712
449,384,0.07679943804636545
449,273,0.07679725256618462
1045,740,0.07678543562034706
1045,245,0.0767824179784654
1045,38,0.07677394930201283
449,162,0.07677251982827045
449,84,0.07677119248823991
1045,523,0.07676932121178508
928,479,0.07676701442209774
1045,1090,0.07676385599423391
449,23,0.0767415311462385
1045,128,0.0767349908876829
449,684,0.07672736676062965
1045,334,0.07672306830883259
272,967,0.07671929915832668
1045,521,0.07669817439443105
449,897,0.07669106412329642
1045,56,0.07668617013399243
1045,590,0.07668345895761652
478,194,0.07666505226639853
1045,316,0.07665887537489162
1045,911,0.0766511800538962
449,832,0.07663975760689803
449,376,0.07663904084924972
449,149,0.07663129579178966
449,724,0.07662458879296918
1045,507,0.07662148715220372
478,1049,0.07661679280105668
478,557,0.07661109786177318
267,1002,0.07660956210751091
449,231,0.07660209212390608
291,189,0.07659589764217224
1045,580,0.0765746600787253
1045,1008,0.07656861500571131
449,142,0.0765623452728384
449,21,0.07656143145387805
280,92,0.07655927028736884
1130,230,0.0765372206383213
17,3,0.07653353254074184
822,230,0.07652728743728919
1106,776,0.07651628053400511
1106,878,0.07651006829505332
280,129,0.07649990844700835
960,851,0.0764897806109496
1045,413,0.07648705269369636
101,1094,0.07645844323101966
1045,382,0.07645604291270106
188,761,0.07644962004850259
478,152,0.07644896448797922
449,258,0.07644434128483767
478,87,0.07643133792398453
290,546,0.07641322089863344
449,410,0.07640259230162127
449,657,0.07638730077770621
1045,438,0.07638433877704168
822,1000,0.07637964393832707
1045,364,0.07637311413402978
960,175,0.07636851180232934
280,635,0.07635987886651212
1045,787,0.07634081698574906
1045,941,0.07633166680227062
1045,970,0.07631760216610037
449,322,0.07630174597474072
449,613,0.07629810264673083
928,92,0.07629711926377979
1106,611,0.07629017770735563
291,935,0.07628513196027016
1045,900,0.07627083878071941
188,1015,0.0762688287429549
449,1091,0.07626105168834418
17,152,0.07625402410047359
1106,1025,0.07624142619153702
449,1110,0.07623930953124419
928,153,0.07623683113784362
928,868,0.07623276991363696
1045,414,0.07622823587608446
291,389,0.07619364213916889
449,714,0.07618681352835766
449,237,0.07618569215971668
449,824,0.07616694297011788
960,27,0.07615406386274375
280,980,0.07615175153254423
1045,967,0.07614740584950458
1045,999,0.07613229352575962
272,1088,0.0761298314459637
1045,370,0.07612140694837427
1045,898,0.07609637093086292
267,275,0.07609530630977827
449,136,0.07608357403851475
188,24,0.07608017275845519
101,275,0.07607559997296709
449,707,0.07607321972969176
449,201,0.07605904941483181
599,528,0.07605816507499141
449,205,0.07605521140839555
101,304,0.076053921156798
1045,539,0.07604462695997179
17,310,0.07604161786697483
1045,468,0.07603712914517538
280,175,0.07603682568441605
449,1056,0.07603483963604042
449,350,0.07600016286630933
449,597,0.07599034894449995
280,966,0.07596788781626494
449,792,0.07596682195975706
449,685,0.07596169041584715
1045,674,0.07595271257271215
449,313,0.07594827491100128
101,828,0.07593310146194358
101,786,0.07593184717771799
928,967,0.07591370738300882
101,531,0.07591056095296302
960,805,0.07589818550638783
291,224,0.07588491902481728
870,710,0.07586709223606283
599,807,0.07586277867889699
1045,883,0.0758591442658053
1045,577,0.07585156384724723
280,327,0.07584440658196702
449,1112,0.07584063257029167
449,744,0.07583741006782847
280,462,0.07582484510416465
928,199,0.07582421750409295
1045,133,0.07581999802352625
1045,777,0.07580994985816793
928,458,0.07580861489679291
449,870,0.07579167245843092
1045,246,0.075771694029809
449,1117,0.07576787313009715
290,1002,0.07576732249746684
291,772,0.07574082604857794
1045,733,0.07572110076726951
290,1015,0.07571945265678097
1045,690,0.07571716943889231
1045,260,0.07569813707678574
188,479,0.07568073561540106
1045,824,0.07567330160792564
449,535,0.07567305051591447
1045,1003,0.07566843288441635
449,124,0.07564547167323352
928,285,0.0756442994397274
928,1124,0.07562565961648439
449,766,0.07561724133616239
1045,498,0.07560250248865813
449,539,0.07559726631167975
280,1019,0.07559302734568099
449,112,0.07558491068120068
494,605,0.07558450933760578
280,383,0.0755825359981136
449,937,0.07556922488308944
449,987,0.07556556656290023
449,128,0.07555888551206932
960,611,0.07554845336699495
1045,171,0.07552155023225357
1045,234,0.07551674652291462
449,138,0.07551526673171523
449,643,0.07551185442907185
1045,661,0.07550905139013878
272,319,0.0755080964988731
290,189,0.075507703087093
449,790,0.07550462297879398
449,874,0.0754833577798049
1045,980,0.0754552533707743
822,287,0.07545381601093397
101,153,0.0754481242065784
449,534,0.07544099656128092
449,680,0.07542219298749551
449,529,0.07541967321196048
478,1019,0.07538949555384715
1045,457,0.07538792156707934
449,255,0.07538672485656006
928,772,0.07538542583554697
1045,750,0.0753761123057736
1045,979,0.07536731440103127
1045,829,0.07535793324355819
960,807,0.07534995790133761
291,450,0.07534736873783886
449,996,0.07532350961665556
928,286,0.07531987651956275
449,656,0.07531517338819602
928,66,0.07531123317244355
599,805,0.07530515998398887
960,692,0.07529366898732481
449,991,0.07528569304226183
449,970,0.07527309901561144
1045,782,0.07523686335229181
870,1047,0.07522882934290383
267,254,0.07522596145038399
280,851,0.07521530128639879
267,605,0.07520647041847749
1045,192,0.07520433541495798
960,710,0.07520406702856736
280,487,0.07519600814150838
1130,287,0.07519171417416534
1106,605,0.07519006203211269
478,132,0.07518302442153788
449,226,0.0751817609748266
449,72,0.07517342268718331
494,506,0.07517074557714193
599,518,0.07516468093904445
822,723,0.0751546215684767
960,581,0.07515446945803494
101,223,0.07514585725241679
17,851,0.07513870725836629
449,362,0.07512279132377539
449,1039,0.0751222505004789
449,161,0.07509358426144086
449,251,0.07509324276022847
449,42,0.07506727102607233
960,990,0.07504838764682231
928,531,0.07504554440061639
449,835,0.0750385356491524
478,223,0.07503121380825625
449,398,0.07502625220029342
928,605,0.074986879414797
280,287,0.07496968725565198
449,621,0.0749690689104493
449,1009,0.07496297967610775
280,557,0.0749567011838731
449,357,0.07494368858924483
1106,828,0.07492158470267381
449,127,0.07491830722999131
291,66,0.07489490760781992
1045,747,0.07488883029878712
449,1095,0.07487854575115002
449,14,0.07486462832956715
449,866,0.07484216877004338
1045,204,0.07483965644155606
449,431,0.07483472191478327
280,450,0.07481121637180616
449,599,0.07480879817466587
1045,1112,0.07479887870776256
1045,626,0.07479651200698766
1106,487,0.07479084445057138
290,878,0.07478578512979647
449,34,0.07474253055850152
267,1049,0.07471663130898198
449,1033,0.07470609045175258
960,317,0.07470173881231518
478,851,0.07466443185204766
449,1070,0.07465444991278705
449,611,0.07463575298682279
1045,404,0.07460760942123401
449,958,0.07459930639594836
449,242,0.07455797757223998
960,275,0.07454578526913529
449,797,0.0745419877536483
449,749,0.07453573184506217
291,182,0.07453224656138578
449,427,0.07452439317461662
449,97,0.07451784659916562
928,833,0.07449692386404397
449,730,0.0744968242535543
449,309,0.07449597168955069
449,922,0.07449455947928757
1045,792,0.07448719916896233
1130,27,0.07448039948971011
960,487,0.07447455565085843
1130,1094,0.07445260081554454
1045,644,0.07445135437722
449,46,0.07443373919249191
960,371,0.07442095984786638
1045,195,0.07441629130020413
928,906,0.07440658204777423
1045,513,0.07440632215793776
478,252,0.07440559863963037
449,973,0.07440549302865544
449,76,0.07440243296384906
449,1101,0.07435948048421295
1045,365,0.0743384450958531
928,1107,0.0743381453393647
1045,545,0.07433277391673702
449,240,0.07430293582855965
449,1017,0.07430024208435337
449,154,0.07428928109378473
1045,61,0.07428787244826575
1130,1047,0.07427888634409358
449,952,0.07427123041150976
449,668,0.07425165537097704
449,1096,0.07424349672710788
449,1053,0.07424021826345206
188,776,0.07423870904025696
1045,722,0.07423733558096997
449,594,0.07423665501895502
291,293,0.07423212261563314
101,528,0.07422694367838736
1045,896,0.0742116962960596
449,158,0.07418666641192653
1045,1014,0.07418525656580734
1045,605,0.07418435328310934
960,24,0.0741729641662251
1106,341,0.0741713749752155
928,137,0.07416914048999942
449,584,0.07412093237153457
449,143,0.07412092487101651
449,720,0.0741132067093006
1045,367,0.0741090734190186
1106,723,0.07410441702239834
1045,236,0.07408129212527031
1045,363,0.07407844056538704
449,256,0.0740743040515107
1045,268,0.07407309214965785
280,317,0.07407250398359107
928,341,0.07404384475781975
449,415,0.07403992771146278
449,1006,0.0740296592642158
449,793,0.07401440643981895
449,577,0.07399418539097141
449,274,0.07398132029663092
449,901,0.07397004417187236
449,399,0.07396974924640984
599,371,0.0739595900875726
1106,92,0.0739402613606685
449,269,0.07390762289044045
449,229,0.07390658245587792
822,817,0.07389268339425913
1045,1072,0.07388280920947565
1045,727,0.07388043185017992
1106,3,0.07384234338106285
449,516,0.07382668248786506
960,723,0.07382338103409262
449,722,0.07382102383238963
1045,272,0.07381863473759721
101,389,0.07378347092005937
449,1030,0.07377794162435707
960,1015,0.07375866297565899
1045,815,0.07375387986625774
928,462,0.07374505622830077
1045,167,0.07373884962020837
1045,113,0.0737268378509196
928,990,0.07370863046375627
449,1114,0.0737021358930183
1045,846,0.07370150810442105
449,47,0.07369274168014193
1045,901,0.07368774167741499
449,385,0.07368197274314507
280,1080,0.07367257379003285
1045,186,0.07366902506408969
449,999,0.07366147384327765
449,892,0.07365605704339209
449,225,0.07364766224448685
449,185,0.07363734102861272
1045,826,0.07362866980863758
1045,79,0.07362566292979977
1045,481,0.07362339813855984
449,702,0.07361457467997433
449,904,0.07361315308442082
449,938,0.07359878399253442
822,129,0.07358937914171607
1045,921,0.07357966394747437
1045,348,0.07357373606383649
101,605,0.07355802896114026
449,699,0.07355598605950835
280,286,0.07353740401329942
449,315,0.07352301906168267
1045,1013,0.07352288842195806
1106,189,0.07349705607815653
280,990,0.07347779826656281
449,518,0.07347267995314082
449,598,0.07346616324328407
449,311,0.07346534579774239
280,925,0.07344208851580233
822,1047,0.07343825686930719
1045,800,0.07343109669207185
449,342,0.07342783123783006
928,528,0.073408364668933
449,414,0.07340633257458594
449,984,0.07338594242925069
449,698,0.07337908984065548
267,199,0.07335053184549287
1045,766,0.07334012990590778
449,1115,0.07333422685677869
1045,165,0.07332877791649463
267,776,0.0732921404671781
1045,821,0.07328764670429126
449,914,0.0732808384027416
960,557,0.07328070642850243
449,526,0.07324866785890619
1045,1109,0.07322748792177951
280,692,0.07321674745053978
960,87,0.07320666145726479
1045,1100,0.07320535688729707
449,39,0.07320067026159571
449,501,0.07319902769261866
449,1121,0.07318199494917468
449,1073,0.07318167305923304
1045,427,0.07315697081670391
280,64,0.07315499537760628
449,116,0.07314917625686329
449,1035,0.07313535755324359
449,262,0.0731351239622509
449,66,0.0731295141675519
280,776,0.07311319744128601
449,169,0.07310903835628604
1045,554,0.07310374536863247
870,27,0.07307353315272688
960,850,0.07306646832885212
478,450,0.07305155796142293
449,96,0.07304254422780516
1045,322,0.07302451234855818
599,935,0.07301272860142907
1045,677,0.07299865239320939
449,181,0.07299259135943473
449,1051,0.07298854126272013
291,828,0.072967085303686
928,635,0.07293434901764317
822,1019,0.07293260280924511
449,746,0.07293204984286218
494,129,0.07290003877178206
291,137,0.07289126524694083
267,723,0.07288193154633743
1045,1082,0.07287676366806323
291,1019,0.07286407706624971
449,589,0.0728505790300874
1045,845,0.07283704985540013
1045,355,0.07283515006697276
290,389,0.07282298156633053
1045,971,0.07282179907218383
449,80,0.07281485331286984
17,395,0.07281463076289918
1045,597,0.07280974083107346
449,1069,0.07275767553836385
449,1061,0.07274912420076152
449,493,0.07274892049534301
449,1008,0.07274509507343428
449,567,0.07272402588268953
1045,576,0.07271353023524788
280,230,0.07270722833074887
17,129,0.07270313774279756
928,224,0.07268051988914029
1045,266,0.07267849304357393
449,412,0.07265591670000038
1045,519,0.07264771704337145
449,1063,0.0726475695568166
1045,934,0.07264754854489082
1045,471,0.07262168840221613
960,1025,0.07260578899264465
101,1015,0.07260503302199235
280,546,0.07260177027845732
449,582,0.07259717253677588
1045,474,0.07259511808377656
449,429,0.07258462300694832
449,203,0.07257124300849532
1045,567,0.07256512389587633
494,175,0.07250751088653123
449,731,0.07247194136451887
449,380,0.07243830391103268
1045,598,0.07243813213133286
449,174,0.07241360601542157
449,104,0.07238925707125823
494,205,0.07238910710972116
1045,119,0.07234259939450038
267,833,0.07233805523162753
449,546,0.07229144994017964
449,857,0.07228681100873631
1045,293,0.07228522926506861
188,27,0.07225340843202782
1045,607,0.07224765649090543
290,182,0.07223644596494552
449,990,0.07222874863920947
449,409,0.07222722092638034
928,1080,0.07222608202985611
449,788,0.07220673655800142
449,1024,0.07219564459988269
1045,670,0.07219115721469482
449,457,0.07216989087321082
1045,66,0.07216392696628135
1045,527,0.07215250555568632
449,1118,0.07212624860925357
1045,544,0.07212228693687199
290,612,0.07210579703133459
599,1001,0.07209868241179634
291,786,0.0720356847853752
449,326,0.07202414182682694
280,275,0.07202128497938229
449,264,0.07199401563748231
1106,182,0.0719737848182236
280,27,0.07196027374064827
822,850,0.071953194004413
267,87,0.07192542097567821
1045,237,0.07188796414675477
449,386,0.07188677619962809
188,1019,0.07187040074056318
928,275,0.0718563293960663
478,487,0.07184590449914675
449,676,0.07181778691650914
1045,654,0.0717795432995604
928,252,0.07177749190332222
280,1002,0.07177462540657753
1045,1130,0.07175203622574435
449,902,0.07172295652070207
101,371,0.07171783663062947
960,1047,0.0717176057850987
1045,891,0.07171004359675211
449,679,0.07170112264724328
1045,714,0.07168076935899782
1045,559,0.07167463250561104
449,551,0.07167344566142858
449,48,0.07166377405943626
449,437,0.07161352010878333
449,511,0.07159067722308245
449,673,0.07157298514279525
449,965,0.07156852981015402
1045,250,0.07155716112995808
449,321,0.0715482066951855
960,205,0.07154606520339933
1106,1049,0.07148932763273773
449,736,0.07148851181932375
1045,638,0.07148336581956359
449,894,0.07146785883821431
449,705,0.07146247645975304
1045,732,0.07143826498723015
1045,902,0.07143618114416767
449,442,0.07143187911409972
449,279,0.07141764698877567
449,19,0.07141761071807105
822,395,0.07140226158403033
1045,1060,0.07139655166422686
1045,687,0.07139327005368375
449,1128,0.07137283673764527
449,57,0.07134640031388086
449,960,0.0712992574427354
449,468,0.07127729373500001
1045,862,0.07126851627834276
449,1098,0.07126818876125159
449,218,0.07123380943758068
280,1107,0.07122102211376606
449,207,0.07121375511144044
449,1007,0.07117841976507172
449,202,0.07114449140246798
449,348,0.07111566564625382
449,688,0.0710717980075608
1106,389,0.07106200292384246
449,757,0.07105287774434169
449,782,0.07104591853546047
449,666,0.07101261638592465
449,263,0.07096820291111682
1045,454,0.07095773220531532
449,90,0.07095694994306471
101,87,0.07095127736010434
449,175,0.07094916575534199
449,308,0.07092203317536602
449,602,0.07087418485393256
449,941,0.07086123462347423
449,682,0.07082139829664354
449,30,0.07081584171884237
449,98,0.07080854038027283
1045,974,0.07077217748927786
449,733,0.07076632080976028
449,961,0.07076520862684155
449,212,0.07075519541020597
449,67,0.07075356930345074
449,324,0.07074276512210612
1045,120,0.07073952771966725
280,828,0.07073060372802321
928,87,0.07070976058411914
449,15,0.07068641791588294
1045,1063,0.0706824969835858
449,636,0.07067971521025383
1045,211,0.07066969687894466
101,141,0.0706476451047193
449,751,0.0706274480043366
101,27,0.07062720181939751
928,223,0.07062395508370253
1045,986,0.07060853434869886
449,86,0.07060810492804533
291,87,0.07054490596902914
280,153,0.07053607432626782
1045,542,0.07051975794168767
928,786,0.07051094784665768
449,312,0.07050697437004422
449,347,0.07050676064042687
280,988,0.07050618046127102
290,1080,0.0704965421741222
449,1127,0.07049346824364582
1045,393,0.07049064157821038
960,287,0.07043991445181572
449,754,0.07043483795724753
280,178,0.07043392602551402
1045,639,0.07041703036185158
928,230,0.07041443881778521
1045,1095,0.07039265088695171
449,160,0.07038045633042214
494,141,0.07037549098602884
494,304,0.07036653801344157
449,979,0.07036165935957066
1045,793,0.070353395111029
449,887,0.07034483618355446
822,304,0.07032499375223518
449,845,0.07031525714285788
449,268,0.07030615499209236
494,3,0.07030382986557412
449,337,0.07029896668834837
267,828,0.07029124450656435
449,576,0.07028050614098828
1130,395,0.07026837456752147
290,27,0.07026794269328178
449,580,0.07026332755846786
449,133,0.07025553372312862
449,477,0.07019887738253298
1045,703,0.07019835644379756
267,1119,0.07018385980864549
449,184,0.07015455001016609
449,852,0.07014117574765213
449,686,0.07013529745364666
449,647,0.07010504771094422
291,275,0.07006110394919429
1045,698,0.07002771945484082
449,403,0.06999992202613144
449,1090,0.069981879892177
822,1119,0.0699815338014003
188,1119,0.06997402942208399
449,856,0.06996090694314398
267,1107,0.06993423499466628
1045,88,0.06991695678264402
1045,4,0.06987997655895826
1045,534,0.06986825848638073
449,661,0.06986648394387732
449,819,0.06985945197638561
1045,378,0.06982857495281604
449,1013,0.06982476355932211
1045,381,0.06982200152611165
1045,834,0.069779831269311
449,1078,0.06977335542699645
290,252,0.06975350291200047
1045,1083,0.06973458507724628
1045,969,0.06971495592361963
449,798,0.06969843320485247
449,8,0.06968100958870216
449,829,0.06967331520352615
478,224,0.06966639794904837
449,815,0.06966527245838962
449,171,0.06964361153067844
449,948,0.06963614269308072
1045,894,0.06963433253338751
449,619,0.06961521081972705
1045,615,0.0696126073774595
280,395,0.06959582766286504
449,271,0.0695759882012417
101,966,0.06957504846888413
449,595,0.0695448840953721
449,814,0.06953513903501884
960,3,0.06948316484644847
449,748,0.06947873282520091
1106,371,0.06944040419953416
1045,81,0.06943484103713761
494,500,0.06942174747686944
1045,391,0.06938833973503102
1106,230,0.06936836993532804
1045,374,0.06935678616763645
1045,939,0.06931678864080272
449,861,0.0692988588388504
449,38,0.06929600314204627
449,379,0.06928938538449919
280,772,0.06927183843268991
928,935,0.06924575232876444
1045,794,0.06922839341606729
291,605,0.0692254547993538
101,230,0.06920756487945925
449,381,0.06920616162497917
478,1080,0.06920316500751343
449,903,0.06920170871512663
494,710,0.06919840515885371
101,1080,0.06916821119345704
449,974,0.06915611345655702
449,17,0.06913313603994148
290,230,0.06908295735168236
1045,595,0.06907568403341327
449,898,0.0690518729525671
449,732,0.06900710266768349
449,195,0.06898894061618892
449,82,0.06892514247229657
1045,798,0.06889516160812784
449,620,0.06886980672474192
1045,114,0.06886876237270496
101,1119,0.06884578553986034
280,389,0.06884473473404334
928,828,0.06883781682083949
449,452,0.06883034235759411
449,393,0.06882310019615147
449,1036,0.06880854764827563
449,608,0.06880600071033248
290,807,0.06878572737893203
449,806,0.06878499294412611
1045,154,0.06873832790288026
449,460,0.0687087456429053
1045,881,0.06870791810886599
449,267,0.06869906020628114
449,103,0.06868340048324256
449,61,0.06863785402598013
449,56,0.0686276759667203
1045,340,0.06859444870483604
280,371,0.06857684695925934
449,566,0.06857275960999962
449,780,0.06850554128657442
449,89,0.06843826910019231
449,561,0.06842883032368706
188,518,0.06839933691224905
1045,1044,0.06839147612465986
449,809,0.06836144316002757
449,420,0.06835527755780389
449,848,0.06834648281648546
449,370,0.06832000460588633
101,557,0.0683197747847535
449,626,0.06829984787451256
449,1026,0.06828453221145596
449,811,0.06826922979462216
449,701,0.06826486365506546
449,823,0.06825271558368513
449,113,0.06824935323879916
1045,103,0.06823928917196136
449,651,0.06823542913131878
494,194,0.06822317463593086
449,200,0.06821249399932063
1045,1119,0.06819872983441357
290,487,0.06819152591550534
280,24,0.06817971368538542
1045,36,0.06816159927423696
449,227,0.0681593280714881
1045,200,0.06809716744988556
449,85,0.06809265129455484
101,1002,0.06804504393950023
1045,746,0.06799008209706968
291,287,0.0678592812349572
449,899,0.06781762993409969
280,106,0.06781130677190356
449,627,0.06780481396747684
960,395,0.0677693515801186
928,611,0.06774329643275785
449,155,0.06770388774729605
1045,331,0.06766167321788223
960,341,0.06765395951002522
1045,611,0.06761960593592423
822,1025,0.06760857080487785
449,208,0.06760431474207512
267,182,0.06759895105052505
494,190,0.06758519361951323
449,794,0.0675462012691534
280,205,0.0675459434090184
449,114,0.06752471502310517
449,152,0.06749765114917598
449,969,0.0674792230031461
280,1119,0.06745962343812327
449,119,0.06742552182900191
449,834,0.06741882394415015
1045,267,0.06741030574734357
280,1025,0.06740056520822615
928,1015,0.06739388034728269
449,1111,0.06737310294380291
449,145,0.06736649550500254
290,710,0.06736051142539998
449,847,0.06735404438412193
1045,633,0.06728852756272574
449,295,0.06726754456923571
449,473,0.06720405910036215
494,1047,0.06719796623908249
449,858,0.06718872224432115
101,1047,0.0671576100396746
960,518,0.06714478466048575
449,168,0.06713737091076749
928,189,0.06711886130815627
1106,581,0.06708142011795672
449,909,0.06701588396546826
928,150,0.06698122881738573
449,905,0.06690314442186199
1045,109,0.06688732809258251
449,173,0.06682692447871938
1045,351,0.06681532088002336
928,557,0.06679716796427934
449,893,0.06679435927025033
1045,1125,0.06679190927360133
449,456,0.06669798057681614
449,989,0.06669600264793356
1045,127,0.06651646741476668
449,925,0.06648852801508469
1045,462,0.06643012502631628
449,64,0.06634787712745453
449,52,0.06634663682613397
449,1125,0.06634570016235125
449,246,0.06631998717851059
1045,757,0.06631254086377332
1045,1050,0.06629586440414888
449,261,0.06627781973856946
449,1092,0.06622224027359691
449,740,0.06620856103850194
449,106,0.06619332586525906
1045,1120,0.06618866768350182
1045,612,0.06613709783370587
494,1015,0.06605176818176288
449,193,0.06602421769665853
280,500,0.06602215660499662
449,776,0.06599548162234208
449,517,0.06593980462498095
449,391,0.06593206833912164
449,765,0.06592305104949074
1045,954,0.06591364474490254
101,487,0.06588267951183693
1045,440,0.06585053705478358
449,407,0.06583834529922425
449,881,0.06582459709917432
291,1049,0.0658009515351169
449,292,0.06579908399471503
1045,908,0.06579011214832457
101,395,0.06577818995697049
449,232,0.06576652167596417
449,426,0.06576270159132128
1045,407,0.0657069683697153
449,1042,0.0656909050703421
822,807,0.06569066110823431
280,3,0.06565592092357835
101,807,0.06561974672461666
449,35,0.06558752912746371
1045,1107,0.065553336676363
1045,307,0.06555163943266198
478,27,0.06551893735704527
449,228,0.06548562593095342
449,304,0.06546157349570177
449,983,0.06540632074639433
1045,426,0.0654005996672641
494,1025,0.06538318492891192
1045,599,0.06534476780275322
1045,728,0.06534322706527096
449,728,0.0653389544551183
449,645,0.06519991459815
449,654,0.06519722206693435
449,331,0.0650896945062752
449,945,0.06508430033012502
449,844,0.06507763739413269
449,479,0.06502697021341404
960,1001,0.06499280586114596
1045,1081,0.06492114006523722
449,436,0.06491246989513182
1045,533,0.06489120636498537
449,318,0.06483467279057997
960,389,0.06477921845498338
1045,425,0.06476729716280183
290,371,0.06476188518627399
449,438,0.0647369377936688
449,424,0.06473072395730035
290,1047,0.06472968874014576
280,805,0.06472341011565763
449,1021,0.06465984150389238
822,581,0.06465317467165525
1045,868,0.06464860184787746
449,527,0.06459793141093405
1045,828,0.06454892476843546
449,178,0.06453203164000725
449,854,0.06447984173908215
928,805,0.06437833911672364
449,926,0.064365627167277
449,102,0.064322185850002
494,817,0.06431475260383712
290,1119,0.06428144716256576
1045,780,0.0642562812282181
928,389,0.06419149890249926
449,522,0.06419116051873597
449,25,0.06415976295444052
280,190,0.06414208721752937
1045,286,0.06410884811843211
1045,652,0.0641049504331732
449,234,0.0640935918633369
449,74,0.06404861994469664
1045,126,0.06404761891349234
1045,95,0.06404313835028658
1130,1049,0.06401842281164079
1045,387,0.06399611620872804
1045,345,0.06399105714429515
449,873,0.06398489864535749
1045,795,0.06396780444350157
449,859,0.06396055241025683
449,644,0.06395654299479629
267,230,0.06394664078741234
449,690,0.06391434015449533
1130,807,0.06391381789816925
1130,487,0.06384674647703535
1045,522,0.06384292396604185
1045,5,0.06384146857510145
449,278,0.06377508534387122
449,846,0.06376280679746159
449,605,0.06372727700042896
1045,152,0.06370864427610927
449,159,0.06368798110912945
449,283,0.06367069128859018
928,182,0.06365619436031998
449,777,0.06363453511399011
1045,285,0.06362861279331833
291,805,0.06361670740289244
1045,662,0.06354937918551769
478,805,0.06352578607643189
449,593,0.0634230075075383
449,838,0.06341680441356608
449,1082,0.06339791532146427
449,573,0.06335937147171068
1045,602,0.06335336740636913
449,459,0.06330165669329169
449,1014,0.06329757282823348
478,182,0.06329328262510446
1045,29,0.0632928186783989
1045,232,0.06323913428129205
1045,479,0.06323507475102126
1045,168,0.0632265800434674
449,2,0.06321268057695047
449,250,0.0632101797577352
449,18,0.06320200947532864
449,795,0.06318692196733937
1045,178,0.06316520949248682
449,3,0.06310858821693942
494,27,0.06308442354962941
449,51,0.06298111651604514
280,223,0.06292478518215897
280,194,0.0628989175022097
1045,209,0.06288603626862885
101,1049,0.06288376393858525
960,500,0.06283467311052385
494,1001,0.06278585576646938
449,307,0.06277626953220153
449,544,0.06276085875075663
1045,850,0.06264173735940844
449,851,0.06262069087539669
1045,692,0.06260527171345477
1045,546,0.0625801154449329
1045,163,0.06252855604117195
449,703,0.06248495322529437
449,1122,0.062478317945059994
478,230,0.0624588277289486
1045,252,0.06240246499160893
1045,886,0.062350603285671914
1045,844,0.06231692253687384
1045,593,0.06226247605187807
449,988,0.06223786600040626
1045,476,0.06221854970996942
1045,528,0.062091220378281575
1045,278,0.06206491569424639
449,513,0.062038713603598375
1045,51,0.06202240040593777
449,1107,0.06200713825842309
1045,836,0.06199135004848787
494,395,0.06196629421938317
449,343,0.06195428493441406
1130,1000,0.06188074361056122
1045,475,0.06169832225406876
449,878,0.06169380668565753
449,672,0.06167435505122154
17,27,0.06164319985631914
449,190,0.06163213975686066
267,805,0.06162609873243841
1045,92,0.061579756713717286
449,81,0.06155393244010071
928,1019,0.06146043380318879
1045,150,0.06144933089502041
290,828,0.061443177230727036
449,434,0.06139735822139178
449,126,0.06139373861055294
928,1119,0.061301189812353885
1045,1067,0.061301180922685355
449,404,0.06126975119204907
1045,808,0.061241474238807984
449,986,0.06118851748492078
1045,966,0.06106186724182011
1045,458,0.06101315065351062
494,807,0.0609863637343898
449,562,0.06095019115769478
1045,217,0.06092258198829178
101,805,0.06088900795127905
1045,715,0.06085271890714091
449,843,0.060834388189959496
494,581,0.06081055722672638
449,850,0.060690843252328944
449,367,0.06067936741951843
1045,497,0.0605674401308047
291,230,0.06050689249762757
449,862,0.060484659527095384
1045,146,0.06046847079478212
449,36,0.06044836669195025
1045,906,0.060371431125907364
928,371,0.060283225690858346
1045,631,0.06027398670941216
960,1000,0.0602121873568058
1045,263,0.05989655012802688
267,817,0.0598795979487258
449,327,0.05987161022877632
280,581,0.05983412082969099
449,392,0.05978866609786802
1045,318,0.05976452027268282
449,633,0.05973036194906277
928,487,0.0597130908800167
449,192,0.05965775464751224
280,518,0.0596172283420735
1045,839,0.059570660293669926
1045,64,0.05949212306962205
280,723,0.05947995596560413
449,272,0.05945439092284625
17,1000,0.0594232051367715
928,817,0.05941401908788527
1045,189,0.059411360193954224
478,807,0.059406352876841775
1045,803,0.05938535386601316
1045,540,0.059377937896954905
101,723,0.05931554684791445
1045,575,0.0592571285327206
1045,623,0.059116054006307844
1045,710,0.05907521639757607
449,419,0.059007675067900445
1045,27,0.05893651480793309
1045,537,0.05893518657258844
1045,1005,0.058934580584553205
449,211,0.05890573657400095
478,723,0.05880506956849007
1045,141,0.05877816400517499
291,723,0.05872608896307926
870,1000,0.05869139248133628
449,575,0.058682255375873134
1045,685,0.058613080991118165
449,92,0.05861211744190533
449,378,0.058539590919582586
449,209,0.05852672078769675
280,341,0.05847643396438469
449,189,0.05841149748708396
449,662,0.05839038499760984
449,652,0.058370644530883
1045,434,0.05835525693706063
449,761,0.05831797105276914
1045,563,0.05809682519674081
449,533,0.05808460811018685
449,345,0.05803584157718355
449,355,0.05803058217212364
449,612,0.05800343437028046
449,966,0.057948135643824984
1045,761,0.05786547336731998
449,1081,0.057789373737180995
449,715,0.05776705742325682
290,723,0.057762536863026626
928,1049,0.05766346264139342
449,1067,0.057661020159134026
1045,500,0.05760260582637527
1130,805,0.057549359321996216
449,727,0.05748442221637732
449,440,0.05718923299894963
449,285,0.057141807474274824
449,1044,0.057088148591582746
188,1000,0.057019042215238985
1045,1019,0.05699308635980357
280,817,0.05696103143690012
1045,1124,0.05693320528514411
449,150,0.056916364374381336
1045,562,0.05691315797651298
1130,817,0.05676819248718489
449,425,0.05674810791924555
1045,153,0.056702984695978315
1045,988,0.05667464214000624
1045,143,0.05666097859612488
290,1000,0.05665289959853958
449,1120,0.05662674893584382
1045,395,0.05657886933592544
449,24,0.056548232650229964
290,817,0.056511598445831694
449,1060,0.05648056403626763
478,817,0.05645438488198697
449,540,0.05643371450920638
449,5,0.05643239210893613
1045,24,0.05629088273243852
449,109,0.056257174566918464
1045,87,0.05613137091312409
449,687,0.05611974647856661
1045,506,0.056095145706947964
449,4,0.056058780855238514
1045,137,0.05603473330524855
960,817,0.05602221035565148
449,1005,0.05601165745519145
449,1064,0.05594133458534899
449,803,0.055931427175211074
449,868,0.055908548300548686
449,79,0.05585537082163669
449,623,0.055816592476442335
1045,1094,0.05576682251809859
449,1050,0.05574178166623539
1045,182,0.055659154852420824
449,886,0.05547309988224028
449,476,0.055460961529684244
1045,1047,0.055411692414473565
449,95,0.05538328932649758
1045,304,0.05537704774958995
449,120,0.055362835348920385
449,475,0.05529513626092926
280,1049,0.05529248335268711
449,839,0.0552811761866547
1045,772,0.05526070840176965
1045,695,0.055253361322824227
449,891,0.055200852971466034
449,471,0.05509457308690554
449,505,0.05508977146337997
449,747,0.05508891684778708
928,723,0.0550176031835651
1045,557,0.05495537437831623
280,1015,0.05491494828117222
1045,700,0.0549102716943866
449,387,0.05487101076528302
449,129,0.05481733015615148
1045,317,0.054773507085163084
101,1000,0.05473351424275606
449,1025,0.054678225592738744
449,615,0.05466977929603473
1045,175,0.054657558406852755
1045,635,0.05461918139223814
1045,224,0.05459410062587942
449,826,0.05453941900950089
449,453,0.054523857340995706
478,1000,0.05449860328169291
449,542,0.0542943414876441
449,908,0.05428640148680099
449,163,0.05420892306030606
449,616,0.05414408017387587
1045,254,0.054130352775680485
1045,1002,0.05400295380457131
1045,383,0.05397930794844414
449,906,0.053966516377430475
449,836,0.05395650531137421
449,519,0.05387169899683852
449,146,0.05382933821498593
449,581,0.05372817682979324
1045,833,0.05358398373125704
449,537,0.05341930099766102
1045,37,0.053414071845230705
449,695,0.05340424935010642
449,700,0.05337797659300085
1045,453,0.05323952061550737
449,954,0.05309453583112543
1045,531,0.05308215653526433
291,817,0.05304806332289847
449,252,0.053036195318265006
1045,377,0.052855642789952334
1045,571,0.0527240373310611
1045,878,0.05264538967212064
449,217,0.05264165108943693
449,458,0.05251334122375091
1045,786,0.05240072912981243
1045,1004,0.0523889186803041
449,528,0.0523115772859206
449,29,0.05229920632892185
449,531,0.052297918975655305
1045,1064,0.05202794858649522
449,320,0.05184910869527826
449,37,0.05164956906031535
290,805,0.05158260000061824
1045,132,0.05157403466819883
1045,616,0.05156893303355125
449,631,0.05156361660438313
1045,518,0.05150026046788762
1045,3,0.05144050356036586
101,817,0.05141928940328279
280,1000,0.051203186767751874
449,223,0.05114118144165926
1045,310,0.0510721780522741
1045,341,0.051060052612964604
449,374,0.05085981121031549
449,808,0.05084097652742848
449,497,0.05081491149846463
449,635,0.05072358268467855
1045,275,0.0504329310904295
1045,1001,0.05043243048526755
449,563,0.05035979310336243
1045,129,0.05028312954591159
449,772,0.050239369714324474
1045,935,0.05008747941484652
449,224,0.049975294475018944
1045,487,0.049944601718667526
449,506,0.049912809749836855
449,293,0.049908867664757155
449,317,0.04983233870028056
1045,1080,0.049801675846578866
449,286,0.04978075494012997
1045,205,0.04940336352715322
449,341,0.04933875767746016
1045,223,0.04929164320665702
1045,106,0.04913673823796227
449,117,0.04906060058633246
1045,450,0.04900282708414454
449,833,0.048960971857054204
449,87,0.04890186926158432
1045,371,0.048830836287997115
449,828,0.04881140330690923
449,137,0.04876078257560873
449,1004,0.0486619314233217
1045,190,0.04850185594992444
449,275,0.04841527527532934
449,1124,0.04832586257399477
449,383,0.048297747517483426
449,807,0.0482782145556034
449,571,0.04818035699021321
449,1015,0.04816832292565834
449,1083,0.04792642889122357
1045,389,0.04781019444298597
449,153,0.047680129171850286
1045,990,0.0472771748256468
449,377,0.047192407623273966
449,1119,0.04718734803560098
494,1000,0.04711616953782733
449,132,0.04677930851109257
449,389,0.046722108710112384
1045,1049,0.04644499221136446
449,1019,0.046398622675786205
449,1002,0.04632724068904332
1045,287,0.0462492592359772
449,395,0.04618932896968981
449,254,0.04556712218325065
1045,581,0.04527834959119104
1045,230,0.045266719682023455
1045,1015,0.045055855375237035
449,1094,0.044922879816717956
449,194,0.04484266770209057
449,27,0.044799288670174
449,557,0.04467632863349708
1045,1025,0.04333536890887548
449,1047,0.043114760707062404
449,710,0.04289428684264036
449,935,0.04277910016050246
1045,194,0.04256526771589706
1045,805,0.04225662933004308
449,1080,0.04224612231327651
449,141,0.04219812367799557
1045,807,0.04184032993814479
449,182,0.041696366704288244
449,723,0.04118396362932412
449,371,0.04074898111386249
449,450,0.04025262835611486
449,487,0.039870707448817835
449,786,0.039234749587636564
449,817,0.038068739764738777
449,1049,0.037725387971535955
449,805,0.0371394271822617
449,287,0.03680618950619215
449,230,0.03676641390821579
449,1000,0.03573603483179571
1045,723,0.03514149126127167
1045,1000,0.034734607962821025
1045,817,0.034098983061924916
