 
 -------------- celery@sduu-SYS-7049GP-TRT v5.4.0 (opalescent)
--- ***** ----- 
-- ******* ---- Linux-6.8.0-52-generic-x86_64-with-glibc2.35 2025-04-05 21:02:57
- *** --- * --- 
- ** ---------- [config]
- ** ---------- .> app:         worker:0x71d46f000dc0
- ** ---------- .> transport:   redis://localhost:6379/0
- ** ---------- .> results:     redis://localhost:6379/0
- *** --- * --- .> concurrency: 48 (solo)
-- ******* ---- .> task events: OFF (enable -E to monitor tasks in this worker)
--- ***** ----- 
 -------------- [queues]
                .> celery           exchange=celery(direct) key=celery
                

[tasks]
  . app.tasks.atac_tasks.run_atac_analysis
  . app.tasks.communication_tasks.run_cellphone_analysis
  . app.tasks.integration_tasks.run_integration
  . app.tasks.scanpy_tasks.run_scanpy_analysis
  . app.tasks.trajectory_tasks.run_trajectory_analysis
  . app.tasks.velocity_tasks.run_rna_velocity

[2025-04-05 21:02:57,262: WARNING/MainProcess] /home/zyxing/anaconda3/envs/scanpy-app-backend/lib/python3.9/site-packages/celery/worker/consumer/consumer.py:508: CPendingDeprecationWarning: The broker_connection_retry configuration setting will no longer determine
whether broker connection retries are made during startup in Celery 6.0 and above.
If you wish to retain the existing behavior for retrying connections on startup,
you should set broker_connection_retry_on_startup to True.
  warnings.warn(

[2025-04-05 21:02:57,267: INFO/MainProcess] Connected to redis://localhost:6379/0
[2025-04-05 21:02:57,268: WARNING/MainProcess] /home/zyxing/anaconda3/envs/scanpy-app-backend/lib/python3.9/site-packages/celery/worker/consumer/consumer.py:508: CPendingDeprecationWarning: The broker_connection_retry configuration setting will no longer determine
whether broker connection retries are made during startup in Celery 6.0 and above.
If you wish to retain the existing behavior for retrying connections on startup,
you should set broker_connection_retry_on_startup to True.
  warnings.warn(

[2025-04-05 21:02:57,271: INFO/MainProcess] mingle: searching for neighbors
[2025-04-05 21:02:58,279: INFO/MainProcess] mingle: all alone
[2025-04-05 21:02:58,294: INFO/MainProcess] celery@sduu-SYS-7049GP-TRT ready.
[2025-04-05 21:03:30,045: INFO/MainProcess] Task app.tasks.scanpy_tasks.run_scanpy_analysis[c5df852a-fcc1-480c-907f-e16baab42c1b] received
WARNING: saving figure to file /home/common/zyxing/singcell-benchmark/backend/data/results/temp_figures/violin_qc_violin_57a59e43-e40e-4106-aae5-016b643e05d2_c12acdb0-834c-450c-98f6-f1ab835d5991.png
filtered out 21 cells that have less than 200 genes expressed
filtered out 7505 genes that are detected in less than 3 cells
normalizing counts per cell
    finished (0:00:00)
extracting highly variable genes
    finished (0:00:00)
--> added
    'highly_variable', boolean vector (adata.var)
    'means', float vector (adata.var)
    'dispersions', float vector (adata.var)
    'dispersions_norm', float vector (adata.var)
computing PCA
    with n_comps=50
    finished (0:00:00)
computing neighbors
    using 'X_pca' with n_pcs = 30
    finished: added to `.uns['neighbors']`
    `.obsp['distances']`, distances for each pair of neighbors
    `.obsp['connectivities']`, weighted adjacency matrix (0:00:03)
computing UMAP
    finished: added
    'X_umap', UMAP coordinates (adata.obsm)
    'umap', UMAP parameters (adata.uns) (0:00:01)
running Leiden clustering
    finished: found 3 clusters and added
    'clusters', the cluster labels (adata.obs, categorical) (0:00:00)
ranking genes
    finished: added to `.uns['rank_genes_clusters']`
    'names', sorted np.recarray to be indexed by group ids
    'scores', sorted np.recarray to be indexed by group ids
    'logfoldchanges', sorted np.recarray to be indexed by group ids
    'pvals', sorted np.recarray to be indexed by group ids
    'pvals_adj', sorted np.recarray to be indexed by group ids (0:00:00)
WARNING: saving figure to file /home/common/zyxing/singcell-benchmark/backend/data/results/temp_figures/umap_umap_leiden_57a59e43-e40e-4106-aae5-016b643e05d2_2cf0f44a-5d67-4fd9-b51a-8ee17fa54e11.png
[2025-04-05 21:03:36,863: WARNING/MainProcess] Moved plot to /home/common/zyxing/singcell-benchmark/backend/data/results/57a59e43-e40e-4106-aae5-016b643e05d2/umap_leiden.png
[2025-04-05 21:03:37,528: WARNING/MainProcess] ---------------------------------------------
[2025-04-05 21:03:37,529: WARNING/MainProcess] TASK c5df852a-fcc1-480c-907f-e16baab42c1b: Attempting to return SUCCESS.
[2025-04-05 21:03:37,529: WARNING/MainProcess] Final Serializable Summary: {'original_shape': {'obs': 428, 'var': 19738}, 'qc_calculated': True, 'qc_plot_path': '/home/common/zyxing/singcell-benchmark/backend/data/results/57a59e43-e40e-4106-aae5-016b643e05d2/qc_violin_before_filter.png', 'shape_after_basic_filter': {'obs': 407, 'var': 12233}, 'normalized': True, 'hvg_calculated': True, 'shape_after_hvg': {'obs': 407, 'var': 3817}, 'pca_done': True, 'neighbors_done': True, 'umap_done': True, 'clustering_done': {'method': 'leiden', 'resolution': 0.5}, 'marker_genes_calculated': True, 'marker_genes_path': '/home/common/zyxing/singcell-benchmark/backend/data/results/57a59e43-e40e-4106-aae5-016b643e05d2/marker_genes_leiden.csv', 'umap_plot_path': '/home/common/zyxing/singcell-benchmark/backend/data/results/57a59e43-e40e-4106-aae5-016b643e05d2/umap_leiden.png', 'processed_data_path': '/home/common/zyxing/singcell-benchmark/backend/data/results/57a59e43-e40e-4106-aae5-016b643e05d2/57a59e43-e40e-4106-aae5-016b643e05d2_processed.h5ad'}
[2025-04-05 21:03:37,529: WARNING/MainProcess] ---------------------------------------------
[2025-04-05 21:03:37,529: WARNING/MainProcess] TASK c5df852a-fcc1-480c-907f-e16baab42c1b: Entering finally block.
[2025-04-05 21:03:37,529: WARNING/MainProcess] TASK c5df852a-fcc1-480c-907f-e16baab42c1b: Found 0 temp items to remove.
[2025-04-05 21:03:37,529: WARNING/MainProcess] TASK c5df852a-fcc1-480c-907f-e16baab42c1b: Closed matplotlib figures.
[2025-04-05 21:03:37,530: WARNING/MainProcess] TASK c5df852a-fcc1-480c-907f-e16baab42c1b: Exiting finally block.
[2025-04-05 21:03:37,532: INFO/MainProcess] Task app.tasks.scanpy_tasks.run_scanpy_analysis[c5df852a-fcc1-480c-907f-e16baab42c1b] succeeded in 7.484974329825491s: {'status': 'Complete', 'results_summary': {'original_shape': {'obs': 428, 'var': 19738}, 'qc_calculated': True, 'qc_plot_path': '/home/common/zyxing/singcell-benchmark/backend/data/results/57a59e43-e40e-4106-aae5-016b643e05d2/qc_violin_before_filter.png', 'shape_after_basic_filter': {'obs': 407, 'var': 12233}, 'normalized': True, 'hvg_calculated': True, 'shape_after_hvg': {'obs': 407, 'var': 3817}, 'pca_done': True, 'neighbors_done': True, 'umap_done': True, 'clustering_done': {'method': 'leiden', 'resolution': 0.5}, 'marker_genes_calculated': True, 'marker_genes_path': '/home/common/zyxing/singcell-benchmark/backend/data/results/57a59e43-e40e-4106-aae5-016b643e05d2/marker_genes_leiden.csv', 'umap_plot_path': '/home/common/zyxing/singcell-benchmark/backend/data/results/57a59e43-e40e-4106-aae5-016b643e05d2/umap_leiden.png', 'processed_data_path': '/home/common/zyxing/singcell-benchmark/backend/data/results/57a59e43-e40e-4106-aae5-016b643e05d2/57a59e43-e40e-4106-aae5-016b643e05d2_processed.h5ad'}}
[2025-04-05 21:05:58,042: INFO/MainProcess] Task app.tasks.velocity_tasks.run_rna_velocity[fb4f12af-4df3-4b51-9daa-3c662b414c4b] received
[2025-04-05 21:05:58,311: WARNING/MainProcess] An unexpected error occurred during RNA Velocity analysis: Required layers 'spliced' and 'unspliced' not found in the original AnnData file.
[2025-04-05 21:05:58,311: WARNING/MainProcess] Traceback (most recent call last):
  File "/home/common/zyxing/singcell-benchmark/backend/app/tasks/velocity_tasks.py", line 55, in run_rna_velocity
    raise ValueError("Required layers 'spliced' and 'unspliced' not found in the original AnnData file.")
ValueError: Required layers 'spliced' and 'unspliced' not found in the original AnnData file.
[2025-04-05 21:05:58,320: CRITICAL/MainProcess] Unrecoverable error: ValueError('Exception information must include the exception type')
Traceback (most recent call last):
  File "/home/zyxing/anaconda3/envs/scanpy-app-backend/lib/python3.9/site-packages/celery/app/trace.py", line 453, in trace_task
    R = retval = fun(*args, **kwargs)
  File "/home/zyxing/anaconda3/envs/scanpy-app-backend/lib/python3.9/site-packages/celery/app/trace.py", line 736, in __protected_call__
    return self.run(*args, **kwargs)
  File "/home/common/zyxing/singcell-benchmark/backend/app/tasks/velocity_tasks.py", line 288, in run_rna_velocity
    raise e # Re-raise so Celery marks as failed
  File "/home/common/zyxing/singcell-benchmark/backend/app/tasks/velocity_tasks.py", line 55, in run_rna_velocity
    raise ValueError("Required layers 'spliced' and 'unspliced' not found in the original AnnData file.")
ValueError: Required layers 'spliced' and 'unspliced' not found in the original AnnData file.

During handling of the above exception, another exception occurred:

Traceback (most recent call last):
  File "/home/zyxing/anaconda3/envs/scanpy-app-backend/lib/python3.9/site-packages/celery/backends/base.py", line 354, in exception_to_python
    exc_type = exc['exc_type']
KeyError: 'exc_type'

The above exception was the direct cause of the following exception:

Traceback (most recent call last):
  File "/home/zyxing/anaconda3/envs/scanpy-app-backend/lib/python3.9/site-packages/celery/app/trace.py", line 470, in trace_task
    I, R, state, retval = on_error(task_request, exc)
  File "/home/zyxing/anaconda3/envs/scanpy-app-backend/lib/python3.9/site-packages/celery/app/trace.py", line 381, in on_error
    R = I.handle_error_state(
  File "/home/zyxing/anaconda3/envs/scanpy-app-backend/lib/python3.9/site-packages/celery/app/trace.py", line 175, in handle_error_state
    return {
  File "/home/zyxing/anaconda3/envs/scanpy-app-backend/lib/python3.9/site-packages/celery/app/trace.py", line 227, in handle_failure
    task.backend.mark_as_failure(
  File "/home/zyxing/anaconda3/envs/scanpy-app-backend/lib/python3.9/site-packages/celery/backends/base.py", line 167, in mark_as_failure
    self.store_result(task_id, exc, state,
  File "/home/zyxing/anaconda3/envs/scanpy-app-backend/lib/python3.9/site-packages/celery/backends/base.py", line 526, in store_result
    self._store_result(task_id, result, state, traceback,
  File "/home/zyxing/anaconda3/envs/scanpy-app-backend/lib/python3.9/site-packages/celery/backends/base.py", line 973, in _store_result
    current_meta = self._get_task_meta_for(task_id)
  File "/home/zyxing/anaconda3/envs/scanpy-app-backend/lib/python3.9/site-packages/celery/backends/base.py", line 998, in _get_task_meta_for
    return self.decode_result(meta)
  File "/home/zyxing/anaconda3/envs/scanpy-app-backend/lib/python3.9/site-packages/celery/backends/base.py", line 425, in decode_result
    return self.meta_from_decoded(self.decode(payload))
  File "/home/zyxing/anaconda3/envs/scanpy-app-backend/lib/python3.9/site-packages/celery/backends/base.py", line 421, in meta_from_decoded
    meta['result'] = self.exception_to_python(meta['result'])
  File "/home/zyxing/anaconda3/envs/scanpy-app-backend/lib/python3.9/site-packages/celery/backends/base.py", line 356, in exception_to_python
    raise ValueError("Exception information must include "
ValueError: Exception information must include the exception type

During handling of the above exception, another exception occurred:

Traceback (most recent call last):
  File "/home/zyxing/anaconda3/envs/scanpy-app-backend/lib/python3.9/site-packages/celery/backends/base.py", line 354, in exception_to_python
    exc_type = exc['exc_type']
KeyError: 'exc_type'

The above exception was the direct cause of the following exception:

Traceback (most recent call last):
  File "/home/zyxing/anaconda3/envs/scanpy-app-backend/lib/python3.9/site-packages/celery/worker/worker.py", line 202, in start
    self.blueprint.start(self)
  File "/home/zyxing/anaconda3/envs/scanpy-app-backend/lib/python3.9/site-packages/celery/bootsteps.py", line 116, in start
    step.start(parent)
  File "/home/zyxing/anaconda3/envs/scanpy-app-backend/lib/python3.9/site-packages/celery/bootsteps.py", line 365, in start
    return self.obj.start()
  File "/home/zyxing/anaconda3/envs/scanpy-app-backend/lib/python3.9/site-packages/celery/worker/consumer/consumer.py", line 340, in start
    blueprint.start(self)
  File "/home/zyxing/anaconda3/envs/scanpy-app-backend/lib/python3.9/site-packages/celery/bootsteps.py", line 116, in start
    step.start(parent)
  File "/home/zyxing/anaconda3/envs/scanpy-app-backend/lib/python3.9/site-packages/celery/worker/consumer/consumer.py", line 746, in start
    c.loop(*c.loop_args())
  File "/home/zyxing/anaconda3/envs/scanpy-app-backend/lib/python3.9/site-packages/celery/worker/loops.py", line 97, in asynloop
    next(loop)
  File "/home/zyxing/anaconda3/envs/scanpy-app-backend/lib/python3.9/site-packages/kombu/asynchronous/hub.py", line 373, in create_loop
    cb(*cbargs)
  File "/home/zyxing/anaconda3/envs/scanpy-app-backend/lib/python3.9/site-packages/kombu/transport/redis.py", line 1352, in on_readable
    self.cycle.on_readable(fileno)
  File "/home/zyxing/anaconda3/envs/scanpy-app-backend/lib/python3.9/site-packages/kombu/transport/redis.py", line 569, in on_readable
    chan.handlers[type]()
  File "/home/zyxing/anaconda3/envs/scanpy-app-backend/lib/python3.9/site-packages/kombu/transport/redis.py", line 979, in _brpop_read
    self.connection._deliver(loads(bytes_to_str(item)), dest)
  File "/home/zyxing/anaconda3/envs/scanpy-app-backend/lib/python3.9/site-packages/kombu/transport/virtual/base.py", line 1017, in _deliver
    callback(message)
  File "/home/zyxing/anaconda3/envs/scanpy-app-backend/lib/python3.9/site-packages/kombu/transport/virtual/base.py", line 639, in _callback
    return callback(message)
  File "/home/zyxing/anaconda3/envs/scanpy-app-backend/lib/python3.9/site-packages/kombu/messaging.py", line 656, in _receive_callback
    return on_m(message) if on_m else self.receive(decoded, message)
  File "/home/zyxing/anaconda3/envs/scanpy-app-backend/lib/python3.9/site-packages/celery/worker/consumer/consumer.py", line 685, in on_task_received
    strategy(
  File "/home/zyxing/anaconda3/envs/scanpy-app-backend/lib/python3.9/site-packages/celery/worker/strategy.py", line 207, in task_message_handler
    handle(req)
  File "/home/zyxing/anaconda3/envs/scanpy-app-backend/lib/python3.9/site-packages/celery/worker/worker.py", line 225, in _process_task
    req.execute_using_pool(self.pool)
  File "/home/zyxing/anaconda3/envs/scanpy-app-backend/lib/python3.9/site-packages/celery/worker/request.py", line 754, in execute_using_pool
    result = apply_async(
  File "/home/zyxing/anaconda3/envs/scanpy-app-backend/lib/python3.9/site-packages/celery/concurrency/base.py", line 153, in apply_async
    return self.on_apply(target, args, kwargs,
  File "/home/zyxing/anaconda3/envs/scanpy-app-backend/lib/python3.9/site-packages/celery/concurrency/base.py", line 30, in apply_target
    ret = target(*args, **kwargs)
  File "/home/zyxing/anaconda3/envs/scanpy-app-backend/lib/python3.9/site-packages/celery/app/trace.py", line 651, in fast_trace_task
    R, I, T, Rstr = tasks[task].__trace__(
  File "/home/zyxing/anaconda3/envs/scanpy-app-backend/lib/python3.9/site-packages/celery/app/trace.py", line 574, in trace_task
    I, _, _, _ = on_error(task_request, exc)
  File "/home/zyxing/anaconda3/envs/scanpy-app-backend/lib/python3.9/site-packages/celery/app/trace.py", line 381, in on_error
    R = I.handle_error_state(
  File "/home/zyxing/anaconda3/envs/scanpy-app-backend/lib/python3.9/site-packages/celery/app/trace.py", line 175, in handle_error_state
    return {
  File "/home/zyxing/anaconda3/envs/scanpy-app-backend/lib/python3.9/site-packages/celery/app/trace.py", line 227, in handle_failure
    task.backend.mark_as_failure(
  File "/home/zyxing/anaconda3/envs/scanpy-app-backend/lib/python3.9/site-packages/celery/backends/base.py", line 167, in mark_as_failure
    self.store_result(task_id, exc, state,
  File "/home/zyxing/anaconda3/envs/scanpy-app-backend/lib/python3.9/site-packages/celery/backends/base.py", line 526, in store_result
    self._store_result(task_id, result, state, traceback,
  File "/home/zyxing/anaconda3/envs/scanpy-app-backend/lib/python3.9/site-packages/celery/backends/base.py", line 973, in _store_result
    current_meta = self._get_task_meta_for(task_id)
  File "/home/zyxing/anaconda3/envs/scanpy-app-backend/lib/python3.9/site-packages/celery/backends/base.py", line 998, in _get_task_meta_for
    return self.decode_result(meta)
  File "/home/zyxing/anaconda3/envs/scanpy-app-backend/lib/python3.9/site-packages/celery/backends/base.py", line 425, in decode_result
    return self.meta_from_decoded(self.decode(payload))
  File "/home/zyxing/anaconda3/envs/scanpy-app-backend/lib/python3.9/site-packages/celery/backends/base.py", line 421, in meta_from_decoded
    meta['result'] = self.exception_to_python(meta['result'])
  File "/home/zyxing/anaconda3/envs/scanpy-app-backend/lib/python3.9/site-packages/celery/backends/base.py", line 356, in exception_to_python
    raise ValueError("Exception information must include "
ValueError: Exception information must include the exception type
 
 -------------- celery@sduu-SYS-7049GP-TRT v5.4.0 (opalescent)
--- ***** ----- 
-- ******* ---- Linux-6.8.0-52-generic-x86_64-with-glibc2.35 2025-04-18 15:49:28
- *** --- * --- 
- ** ---------- [config]
- ** ---------- .> app:         worker:0x79fd58481f40
- ** ---------- .> transport:   redis://localhost:6379/0
- ** ---------- .> results:     redis://localhost:6379/0
- *** --- * --- .> concurrency: 48 (solo)
-- ******* ---- .> task events: OFF (enable -E to monitor tasks in this worker)
--- ***** ----- 
 -------------- [queues]
                .> celery           exchange=celery(direct) key=celery
                

[tasks]
  . app.tasks.atac_tasks.run_atac_analysis
  . app.tasks.communication_tasks.run_cellphone_analysis
  . app.tasks.integration_tasks.run_integration
  . app.tasks.scanpy_tasks.run_scanpy_analysis
  . app.tasks.trajectory_tasks.run_trajectory_analysis
  . app.tasks.velocity_tasks.run_rna_velocity

[2025-04-18 15:49:28,825: WARNING/MainProcess] /home/zyxing/anaconda3/envs/scanpy-app-backend/lib/python3.9/site-packages/celery/worker/consumer/consumer.py:508: CPendingDeprecationWarning: The broker_connection_retry configuration setting will no longer determine
whether broker connection retries are made during startup in Celery 6.0 and above.
If you wish to retain the existing behavior for retrying connections on startup,
you should set broker_connection_retry_on_startup to True.
  warnings.warn(

[2025-04-18 15:49:28,831: INFO/MainProcess] Connected to redis://localhost:6379/0
[2025-04-18 15:49:28,831: WARNING/MainProcess] /home/zyxing/anaconda3/envs/scanpy-app-backend/lib/python3.9/site-packages/celery/worker/consumer/consumer.py:508: CPendingDeprecationWarning: The broker_connection_retry configuration setting will no longer determine
whether broker connection retries are made during startup in Celery 6.0 and above.
If you wish to retain the existing behavior for retrying connections on startup,
you should set broker_connection_retry_on_startup to True.
  warnings.warn(

[2025-04-18 15:49:28,833: INFO/MainProcess] mingle: searching for neighbors
[2025-04-18 15:49:29,839: INFO/MainProcess] mingle: all alone
[2025-04-18 15:49:29,856: INFO/MainProcess] celery@sduu-SYS-7049GP-TRT ready.
[2025-04-18 15:50:18,198: INFO/MainProcess] Task app.tasks.scanpy_tasks.run_scanpy_analysis[b6b430cf-6f6c-403c-9f6c-6848ff3cbf40] received
WARNING: saving figure to file /home/common/zyxing/singcell-benchmark/backend/data/results/temp_figures/violin_qc_violin_fa4db84f-1943-4105-b891-86c25c6a7ea8_9c2d0d3e-25e6-4a34-b44c-82edb3b3a638.png
filtered out 19024 genes that are detected in less than 3 cells
normalizing counts per cell
    finished (0:00:00)
extracting highly variable genes
    finished (0:00:00)
--> added
    'highly_variable', boolean vector (adata.var)
    'means', float vector (adata.var)
    'dispersions', float vector (adata.var)
    'dispersions_norm', float vector (adata.var)
computing PCA
    with n_comps=50
    finished (0:00:00)
computing neighbors
    using 'X_pca' with n_pcs = 30
    finished: added to `.uns['neighbors']`
    `.obsp['distances']`, distances for each pair of neighbors
    `.obsp['connectivities']`, weighted adjacency matrix (0:00:03)
computing UMAP
    finished: added
    'X_umap', UMAP coordinates (adata.obsm)
    'umap', UMAP parameters (adata.uns) (0:00:06)
running Leiden clustering
    finished: found 8 clusters and added
    'clusters', the cluster labels (adata.obs, categorical) (0:00:00)
ranking genes
    finished: added to `.uns['rank_genes_clusters']`
    'names', sorted np.recarray to be indexed by group ids
    'scores', sorted np.recarray to be indexed by group ids
    'logfoldchanges', sorted np.recarray to be indexed by group ids
    'pvals', sorted np.recarray to be indexed by group ids
    'pvals_adj', sorted np.recarray to be indexed by group ids (0:00:00)
WARNING: saving figure to file /home/common/zyxing/singcell-benchmark/backend/data/results/temp_figures/umap_umap_leiden_fa4db84f-1943-4105-b891-86c25c6a7ea8_60673eeb-8506-4361-bbb2-883e93da780d.png
[2025-04-18 15:50:31,451: WARNING/MainProcess] Moved plot to /home/common/zyxing/singcell-benchmark/backend/data/results/fa4db84f-1943-4105-b891-86c25c6a7ea8/umap_leiden.png
[2025-04-18 15:50:31,721: WARNING/MainProcess] ---------------------------------------------
[2025-04-18 15:50:31,721: WARNING/MainProcess] TASK b6b430cf-6f6c-403c-9f6c-6848ff3cbf40: Attempting to return SUCCESS.
[2025-04-18 15:50:31,721: WARNING/MainProcess] Final Serializable Summary: {'original_shape': {'obs': 2700, 'var': 32738}, 'qc_calculated': True, 'qc_plot_path': '/home/common/zyxing/singcell-benchmark/backend/data/results/fa4db84f-1943-4105-b891-86c25c6a7ea8/qc_violin_before_filter.png', 'shape_after_basic_filter': {'obs': 2700, 'var': 13714}, 'normalized': True, 'hvg_calculated': True, 'shape_after_hvg': {'obs': 2700, 'var': 1872}, 'pca_done': True, 'neighbors_done': True, 'umap_done': True, 'clustering_done': {'method': 'leiden', 'resolution': 0.5}, 'marker_genes_calculated': True, 'marker_genes_path': '/home/common/zyxing/singcell-benchmark/backend/data/results/fa4db84f-1943-4105-b891-86c25c6a7ea8/marker_genes_leiden.csv', 'umap_plot_path': '/home/common/zyxing/singcell-benchmark/backend/data/results/fa4db84f-1943-4105-b891-86c25c6a7ea8/umap_leiden.png', 'processed_data_path': '/home/common/zyxing/singcell-benchmark/backend/data/results/fa4db84f-1943-4105-b891-86c25c6a7ea8/fa4db84f-1943-4105-b891-86c25c6a7ea8_processed.h5ad'}
[2025-04-18 15:50:31,722: WARNING/MainProcess] ---------------------------------------------
[2025-04-18 15:50:31,722: WARNING/MainProcess] TASK b6b430cf-6f6c-403c-9f6c-6848ff3cbf40: Entering finally block.
[2025-04-18 15:50:31,722: WARNING/MainProcess] TASK b6b430cf-6f6c-403c-9f6c-6848ff3cbf40: Found 0 temp items to remove.
[2025-04-18 15:50:31,722: WARNING/MainProcess] TASK b6b430cf-6f6c-403c-9f6c-6848ff3cbf40: Closed matplotlib figures.
[2025-04-18 15:50:31,722: WARNING/MainProcess] TASK b6b430cf-6f6c-403c-9f6c-6848ff3cbf40: Exiting finally block.
[2025-04-18 15:50:31,724: INFO/MainProcess] Task app.tasks.scanpy_tasks.run_scanpy_analysis[b6b430cf-6f6c-403c-9f6c-6848ff3cbf40] succeeded in 13.525024383794516s: {'status': 'Complete', 'results_summary': {'original_shape': {'obs': 2700, 'var': 32738}, 'qc_calculated': True, 'qc_plot_path': '/home/common/zyxing/singcell-benchmark/backend/data/results/fa4db84f-1943-4105-b891-86c25c6a7ea8/qc_violin_before_filter.png', 'shape_after_basic_filter': {'obs': 2700, 'var': 13714}, 'normalized': True, 'hvg_calculated': True, 'shape_after_hvg': {'obs': 2700, 'var': 1872}, 'pca_done': True, 'neighbors_done': True, 'umap_done': True, 'clustering_done': {'method': 'leiden', 'resolution': 0.5}, 'marker_genes_calculated': True, 'marker_genes_path': '/home/common/zyxing/singcell-benchmark/backend/data/results/fa4db84f-1943-4105-b891-86c25c6a7ea8/marker_genes_leiden.csv', 'umap_plot_path': '/home/common/zyxing/singcell-benchmark/backend/data/results/fa4db84f-1943-4105-b891-86c25c6a7ea8/umap_leiden.png', 'processed_data_path': '/home/common/zyxing/singcell-benchmark/backend/data/results/fa4db84f-1943-4105-b891-86c25c6a7ea8/fa4db84f-1943-4105-b891-86c25c6a7ea8_processed.h5ad'}}
[2025-04-18 15:50:46,534: INFO/MainProcess] Task app.tasks.trajectory_tasks.run_trajectory_analysis[1ebbd568-e07d-4aa7-a28f-d78e26eb87f3] received
computing Diffusion Maps using n_comps=15(=n_dcs)
computing transitions
    finished (0:00:00)
    eigenvalues of transition matrix
    [1.         0.9992301  0.9933529  0.9849966  0.98304415 0.9671725
     0.942832   0.9389226  0.8946745  0.88487643 0.8526565  0.8258938
     0.8218592  0.8066022  0.7640978 ]
    finished: added
    'X_diffmap', diffmap coordinates (adata.obsm)
    'diffmap_evals', eigenvalues of transition matrix (adata.uns) (0:00:00)
WARNING: saving figure to file /home/common/zyxing/singcell-benchmark/backend/data/results/temp_figures/diffmap_diffmap_fa4db84f-1943-4105-b891-86c25c6a7ea8_b03a3d39-f193-481d-867a-5626e0bdbc86.png
running PAGA
    finished: added
    'paga/connectivities', connectivities adjacency (adata.uns)
    'paga/connectivities_tree', connectivities subtree (adata.uns) (0:00:00)
--> added 'pos', the PAGA positions (adata.uns['paga'])
WARNING: saving figure to file /home/common/zyxing/singcell-benchmark/backend/data/results/temp_figures/paga_graph_paga_graph_fa4db84f-1943-4105-b891-86c25c6a7ea8_b01a727d-1a61-4678-a1ee-fad3a9aa2c2d.png
[2025-04-18 15:50:47,604: WARNING/MainProcess] Warning: Could not generate PAGA UMAP plot: 'umap'
[2025-04-18 15:50:47,606: INFO/MainProcess] Task app.tasks.trajectory_tasks.run_trajectory_analysis[1ebbd568-e07d-4aa7-a28f-d78e26eb87f3] succeeded in 1.0712468139827251s: {'status': 'Complete', 'results_summary': {'source_data_id': 'fa4db84f-1943-4105-b891-86c25c6a7ea8', 'diffmap_done': True, 'diffmap_plot_path': '/home/common/zyxing/singcell-benchmark/backend/data/results/fa4db84f-1943-4105-b891-86c25c6a7ea8/diffmap.png', 'paga_done': True, 'paga_graph_plot_path': '/home/common/zyxing/singcell-benchmark/backend/data/results/fa4db84f-1943-4105-b891-86c25c6a7ea8/paga_graph.png'}}
 
 -------------- celery@sduu-SYS-7049GP-TRT v5.4.0 (opalescent)
--- ***** ----- 
-- ******* ---- Linux-6.8.0-52-generic-x86_64-with-glibc2.35 2025-05-14 19:54:13
- *** --- * --- 
- ** ---------- [config]
- ** ---------- .> app:         worker:0x7d28bd6edf40
- ** ---------- .> transport:   redis://localhost:6379/0
- ** ---------- .> results:     redis://localhost:6379/0
- *** --- * --- .> concurrency: 48 (solo)
-- ******* ---- .> task events: OFF (enable -E to monitor tasks in this worker)
--- ***** ----- 
 -------------- [queues]
                .> celery           exchange=celery(direct) key=celery
                

[tasks]
  . app.tasks.atac_tasks.run_atac_analysis
  . app.tasks.communication_tasks.run_cellphone_analysis
  . app.tasks.integration_tasks.run_integration
  . app.tasks.scanpy_tasks.run_scanpy_analysis
  . app.tasks.trajectory_tasks.run_trajectory_analysis
  . app.tasks.velocity_tasks.run_rna_velocity

[2025-05-14 19:54:13,051: WARNING/MainProcess] /home/zyxing/anaconda3/envs/scanpy-app-backend/lib/python3.9/site-packages/celery/worker/consumer/consumer.py:508: CPendingDeprecationWarning: The broker_connection_retry configuration setting will no longer determine
whether broker connection retries are made during startup in Celery 6.0 and above.
If you wish to retain the existing behavior for retrying connections on startup,
you should set broker_connection_retry_on_startup to True.
  warnings.warn(

[2025-05-14 19:54:13,056: INFO/MainProcess] Connected to redis://localhost:6379/0
[2025-05-14 19:54:13,056: WARNING/MainProcess] /home/zyxing/anaconda3/envs/scanpy-app-backend/lib/python3.9/site-packages/celery/worker/consumer/consumer.py:508: CPendingDeprecationWarning: The broker_connection_retry configuration setting will no longer determine
whether broker connection retries are made during startup in Celery 6.0 and above.
If you wish to retain the existing behavior for retrying connections on startup,
you should set broker_connection_retry_on_startup to True.
  warnings.warn(

[2025-05-14 19:54:13,059: INFO/MainProcess] mingle: searching for neighbors
[2025-05-14 19:54:14,070: INFO/MainProcess] mingle: all alone
[2025-05-14 19:54:14,082: INFO/MainProcess] celery@sduu-SYS-7049GP-TRT ready.
[2025-05-14 19:56:02,575: INFO/MainProcess] Task app.tasks.scanpy_tasks.run_scanpy_analysis[494ce70d-36fe-4b7e-9b99-d1cc57616e60] received
WARNING: saving figure to file /home/common/zyxing/singcell-benchmark/backend/data/results/temp_figures/violin_qc_violin_32e38f93-277b-4797-a28b-16e7fccc3f64_91315f29-a27f-4780-9c01-dba0b2201b5f.png
filtered out 1 genes that are detected in less than 3 cells
normalizing counts per cell
    finished (0:00:00)
WARNING: adata.X seems to be already log-transformed.
extracting highly variable genes
    finished (0:00:00)
--> added
    'highly_variable', boolean vector (adata.var)
    'means', float vector (adata.var)
    'dispersions', float vector (adata.var)
    'dispersions_norm', float vector (adata.var)
computing PCA
    with n_comps=50
    finished (0:00:00)
computing neighbors
    using 'X_pca' with n_pcs = 30
    finished: added to `.uns['neighbors']`
    `.obsp['distances']`, distances for each pair of neighbors
    `.obsp['connectivities']`, weighted adjacency matrix (0:00:03)
computing UMAP
    finished: added
    'X_umap', UMAP coordinates (adata.obsm)
    'umap', UMAP parameters (adata.uns) (0:00:06)
running Leiden clustering
    finished: found 8 clusters and added
    'clusters', the cluster labels (adata.obs, categorical) (0:00:01)
ranking genes
    finished: added to `.uns['rank_genes_clusters']`
    'names', sorted np.recarray to be indexed by group ids
    'scores', sorted np.recarray to be indexed by group ids
    'logfoldchanges', sorted np.recarray to be indexed by group ids
    'pvals', sorted np.recarray to be indexed by group ids
    'pvals_adj', sorted np.recarray to be indexed by group ids (0:00:00)
WARNING: saving figure to file /home/common/zyxing/singcell-benchmark/backend/data/results/temp_figures/umap_umap_leiden_32e38f93-277b-4797-a28b-16e7fccc3f64_345867d1-6536-4b9f-a8ff-dae63f854dc1.png
[2025-05-14 19:56:15,719: WARNING/MainProcess] Moved plot to /home/common/zyxing/singcell-benchmark/backend/data/results/32e38f93-277b-4797-a28b-16e7fccc3f64/umap_leiden.png
[2025-05-14 19:56:16,348: WARNING/MainProcess] ---------------------------------------------
[2025-05-14 19:56:16,348: WARNING/MainProcess] TASK 494ce70d-36fe-4b7e-9b99-d1cc57616e60: Attempting to return SUCCESS.
[2025-05-14 19:56:16,348: WARNING/MainProcess] Final Serializable Summary: {'original_shape': {'obs': 3696, 'var': 1945}, 'qc_calculated': True, 'qc_plot_path': '/home/common/zyxing/singcell-benchmark/backend/data/results/32e38f93-277b-4797-a28b-16e7fccc3f64/qc_violin_before_filter.png', 'shape_after_basic_filter': {'obs': 3696, 'var': 1944}, 'normalized': True, 'hvg_calculated': True, 'shape_after_hvg': {'obs': 3696, 'var': 370}, 'pca_done': True, 'neighbors_done': True, 'umap_done': True, 'clustering_done': {'method': 'leiden', 'resolution': 0.5}, 'marker_genes_calculated': True, 'marker_genes_path': '/home/common/zyxing/singcell-benchmark/backend/data/results/32e38f93-277b-4797-a28b-16e7fccc3f64/marker_genes_leiden.csv', 'umap_plot_path': '/home/common/zyxing/singcell-benchmark/backend/data/results/32e38f93-277b-4797-a28b-16e7fccc3f64/umap_leiden.png', 'processed_data_path': '/home/common/zyxing/singcell-benchmark/backend/data/results/32e38f93-277b-4797-a28b-16e7fccc3f64/32e38f93-277b-4797-a28b-16e7fccc3f64_processed.h5ad'}
[2025-05-14 19:56:16,349: WARNING/MainProcess] ---------------------------------------------
[2025-05-14 19:56:16,349: WARNING/MainProcess] TASK 494ce70d-36fe-4b7e-9b99-d1cc57616e60: Entering finally block.
[2025-05-14 19:56:16,349: WARNING/MainProcess] TASK 494ce70d-36fe-4b7e-9b99-d1cc57616e60: Found 0 temp items to remove.
[2025-05-14 19:56:16,349: WARNING/MainProcess] TASK 494ce70d-36fe-4b7e-9b99-d1cc57616e60: Closed matplotlib figures.
[2025-05-14 19:56:16,349: WARNING/MainProcess] TASK 494ce70d-36fe-4b7e-9b99-d1cc57616e60: Exiting finally block.
[2025-05-14 19:56:16,352: INFO/MainProcess] Task app.tasks.scanpy_tasks.run_scanpy_analysis[494ce70d-36fe-4b7e-9b99-d1cc57616e60] succeeded in 13.776268733665347s: {'status': 'Complete', 'results_summary': {'original_shape': {'obs': 3696, 'var': 1945}, 'qc_calculated': True, 'qc_plot_path': '/home/common/zyxing/singcell-benchmark/backend/data/results/32e38f93-277b-4797-a28b-16e7fccc3f64/qc_violin_before_filter.png', 'shape_after_basic_filter': {'obs': 3696, 'var': 1944}, 'normalized': True, 'hvg_calculated': True, 'shape_after_hvg': {'obs': 3696, 'var': 370}, 'pca_done': True, 'neighbors_done': True, 'umap_done': True, 'clustering_done': {'method': 'leiden', 'resolution': 0.5}, 'marker_genes_calculated': True, 'marker_genes_path': '/home/common/zyxing/singcell-benchmark/backend/data/results/32e38f93-277b-4797-a28b-16e7fccc3f64/marker_genes_leiden.csv', 'umap_plot_path': '/home/common/zyxing/singcell-benchmark/backend/data/results/32e38f93-277b-4797-a28b-16e7fccc3f64/umap_leiden.png', 'processed_data_path': '/home/common/zyxing/singcell-benchmark/backend/data/results/32e38f93-277b-4797-a28b-16e7fccc3f64/32e38f93-277b-4797-a28b-16e7fccc3f64_processed.h5ad'}}
[2025-05-17 15:52:40,827: INFO/MainProcess] Task app.tasks.scanpy_tasks.run_scanpy_analysis[0c72de5b-b5e0-407b-bdb0-4918e8808ccb] received
WARNING: saving figure to file /home/common/zyxing/singcell-benchmark/backend/data/results/temp_figures/violin_qc_violin_7f1493ee-8d5d-4345-a6ea-1d32def34ad9_f8d26926-70ac-4035-9fa4-a61264e4c9e3.png
filtered out 19024 genes that are detected in less than 3 cells
normalizing counts per cell
    finished (0:00:00)
extracting highly variable genes
    finished (0:00:00)
--> added
    'highly_variable', boolean vector (adata.var)
    'means', float vector (adata.var)
    'dispersions', float vector (adata.var)
    'dispersions_norm', float vector (adata.var)
computing PCA
    with n_comps=50
    finished (0:00:00)
computing neighbors
    using 'X_pca' with n_pcs = 30
    finished: added to `.uns['neighbors']`
    `.obsp['distances']`, distances for each pair of neighbors
    `.obsp['connectivities']`, weighted adjacency matrix (0:00:00)
computing UMAP
    finished: added
    'X_umap', UMAP coordinates (adata.obsm)
    'umap', UMAP parameters (adata.uns) (0:00:05)
running Leiden clustering
    finished: found 8 clusters and added
    'clusters', the cluster labels (adata.obs, categorical) (0:00:00)
ranking genes
    finished: added to `.uns['rank_genes_clusters']`
    'names', sorted np.recarray to be indexed by group ids
    'scores', sorted np.recarray to be indexed by group ids
    'logfoldchanges', sorted np.recarray to be indexed by group ids
    'pvals', sorted np.recarray to be indexed by group ids
    'pvals_adj', sorted np.recarray to be indexed by group ids (0:00:00)
WARNING: saving figure to file /home/common/zyxing/singcell-benchmark/backend/data/results/temp_figures/umap_umap_leiden_7f1493ee-8d5d-4345-a6ea-1d32def34ad9_13385162-39f9-4458-86cb-4d36f60d2074.png
[2025-05-17 15:52:49,700: WARNING/MainProcess] Moved plot to /home/common/zyxing/singcell-benchmark/backend/data/results/7f1493ee-8d5d-4345-a6ea-1d32def34ad9/umap_leiden.png
[2025-05-17 15:52:50,014: WARNING/MainProcess] ---------------------------------------------
[2025-05-17 15:52:50,015: WARNING/MainProcess] TASK 0c72de5b-b5e0-407b-bdb0-4918e8808ccb: Attempting to return SUCCESS.
[2025-05-17 15:52:50,015: WARNING/MainProcess] Final Serializable Summary: {'original_shape': {'obs': 2700, 'var': 32738}, 'qc_calculated': True, 'qc_plot_path': '/home/common/zyxing/singcell-benchmark/backend/data/results/7f1493ee-8d5d-4345-a6ea-1d32def34ad9/qc_violin_before_filter.png', 'shape_after_basic_filter': {'obs': 2700, 'var': 13714}, 'normalized': True, 'hvg_calculated': True, 'shape_after_hvg': {'obs': 2700, 'var': 1872}, 'pca_done': True, 'neighbors_done': True, 'umap_done': True, 'clustering_done': {'method': 'leiden', 'resolution': 0.5}, 'marker_genes_calculated': True, 'marker_genes_path': '/home/common/zyxing/singcell-benchmark/backend/data/results/7f1493ee-8d5d-4345-a6ea-1d32def34ad9/marker_genes_leiden.csv', 'umap_plot_path': '/home/common/zyxing/singcell-benchmark/backend/data/results/7f1493ee-8d5d-4345-a6ea-1d32def34ad9/umap_leiden.png', 'processed_data_path': '/home/common/zyxing/singcell-benchmark/backend/data/results/7f1493ee-8d5d-4345-a6ea-1d32def34ad9/7f1493ee-8d5d-4345-a6ea-1d32def34ad9_processed.h5ad'}
[2025-05-17 15:52:50,015: WARNING/MainProcess] ---------------------------------------------
[2025-05-17 15:52:50,015: WARNING/MainProcess] TASK 0c72de5b-b5e0-407b-bdb0-4918e8808ccb: Entering finally block.
[2025-05-17 15:52:50,017: WARNING/MainProcess] TASK 0c72de5b-b5e0-407b-bdb0-4918e8808ccb: Found 0 temp items to remove.
[2025-05-17 15:52:50,017: WARNING/MainProcess] TASK 0c72de5b-b5e0-407b-bdb0-4918e8808ccb: Closed matplotlib figures.
[2025-05-17 15:52:50,017: WARNING/MainProcess] TASK 0c72de5b-b5e0-407b-bdb0-4918e8808ccb: Exiting finally block.
[2025-05-17 15:52:50,023: INFO/MainProcess] Task app.tasks.scanpy_tasks.run_scanpy_analysis[0c72de5b-b5e0-407b-bdb0-4918e8808ccb] succeeded in 9.19344132579863s: {'status': 'Complete', 'results_summary': {'original_shape': {'obs': 2700, 'var': 32738}, 'qc_calculated': True, 'qc_plot_path': '/home/common/zyxing/singcell-benchmark/backend/data/results/7f1493ee-8d5d-4345-a6ea-1d32def34ad9/qc_violin_before_filter.png', 'shape_after_basic_filter': {'obs': 2700, 'var': 13714}, 'normalized': True, 'hvg_calculated': True, 'shape_after_hvg': {'obs': 2700, 'var': 1872}, 'pca_done': True, 'neighbors_done': True, 'umap_done': True, 'clustering_done': {'method': 'leiden', 'resolution': 0.5}, 'marker_genes_calculated': True, 'marker_genes_path': '/home/common/zyxing/singcell-benchmark/backend/data/results/7f1493ee-8d5d-4345-a6ea-1d32def34ad9/marker_genes_leiden.csv', 'umap_plot_path': '/home/common/zyxing/singcell-benchmark/backend/data/results/7f1493ee-8d5d-4345-a6ea-1d32def34ad9/umap_leiden.png', 'processed_data_path': '/home/common/zyxing/singcell-benchmark/backend/data/results/7f1493ee-8d5d-4345-a6ea-1d32def34ad9/7f1493ee-8d5d-4345-a6ea-1d32def34ad9_processed.h5ad'}}
[2025-05-17 15:53:06,301: INFO/MainProcess] Task app.tasks.trajectory_tasks.run_trajectory_analysis[d7e0ac44-17bd-4f95-9728-63bfe9ecb200] received
computing Diffusion Maps using n_comps=15(=n_dcs)
computing transitions
    finished (0:00:00)
    eigenvalues of transition matrix
    [1.         0.9992301  0.9933529  0.9849966  0.98304415 0.9671725
     0.942832   0.9389226  0.8946745  0.88487643 0.8526565  0.8258938
     0.8218592  0.8066022  0.7640978 ]
    finished: added
    'X_diffmap', diffmap coordinates (adata.obsm)
    'diffmap_evals', eigenvalues of transition matrix (adata.uns) (0:00:00)
WARNING: saving figure to file /home/common/zyxing/singcell-benchmark/backend/data/results/temp_figures/diffmap_diffmap_7f1493ee-8d5d-4345-a6ea-1d32def34ad9_5ff25b61-ffec-4a6f-aae9-0f80552dd7db.png
running PAGA
    finished: added
    'paga/connectivities', connectivities adjacency (adata.uns)
    'paga/connectivities_tree', connectivities subtree (adata.uns) (0:00:00)
--> added 'pos', the PAGA positions (adata.uns['paga'])
WARNING: saving figure to file /home/common/zyxing/singcell-benchmark/backend/data/results/temp_figures/paga_graph_paga_graph_7f1493ee-8d5d-4345-a6ea-1d32def34ad9_17ab312b-4c41-44dc-a84e-ce866aa44a54.png
[2025-05-17 15:53:07,562: WARNING/MainProcess] Warning: Could not generate PAGA UMAP plot: 'umap'
[2025-05-17 15:53:07,565: INFO/MainProcess] Task app.tasks.trajectory_tasks.run_trajectory_analysis[d7e0ac44-17bd-4f95-9728-63bfe9ecb200] succeeded in 1.262507114559412s: {'status': 'Complete', 'results_summary': {'source_data_id': '7f1493ee-8d5d-4345-a6ea-1d32def34ad9', 'diffmap_done': True, 'diffmap_plot_path': '/home/common/zyxing/singcell-benchmark/backend/data/results/7f1493ee-8d5d-4345-a6ea-1d32def34ad9/diffmap.png', 'paga_done': True, 'paga_graph_plot_path': '/home/common/zyxing/singcell-benchmark/backend/data/results/7f1493ee-8d5d-4345-a6ea-1d32def34ad9/paga_graph.png'}}
[2025-05-17 15:53:52,443: INFO/MainProcess] Task app.tasks.atac_tasks.run_atac_analysis[f615cdca-454e-4447-b275-e9d24eb6bf30] received
[2025-05-17 15:53:53,548: WARNING/MainProcess] Warning: Failed during QC calculation or plotting: "Could not find keys '['n_features_by_counts']' in columns of `adata.obs` or in adata.var_names."
Traceback (most recent call last):
  File "/home/common/zyxing/singcell-benchmark/backend/app/tasks/atac_tasks.py", line 77, in run_atac_analysis
    sc.pl.violin(atac, qc_vars, jitter=0.4, multi_panel=True, show=False, save=f"_{temp_qc_filename}")
  File "/home/zyxing/anaconda3/envs/scanpy-app-backend/lib/python3.9/site-packages/legacy_api_wrap/__init__.py", line 80, in fn_compatible
    return fn(*args_all, **kw)
  File "/home/zyxing/anaconda3/envs/scanpy-app-backend/lib/python3.9/site-packages/scanpy/plotting/_anndata.py", line 839, in violin
    obs_df = get.obs_df(adata, keys=keys, layer=layer, use_raw=use_raw)
  File "/home/zyxing/anaconda3/envs/scanpy-app-backend/lib/python3.9/site-packages/scanpy/get/get.py", line 296, in obs_df
    obs_cols, var_idx_keys, var_symbols = _check_indices(
  File "/home/zyxing/anaconda3/envs/scanpy-app-backend/lib/python3.9/site-packages/scanpy/get/get.py", line 186, in _check_indices
    raise KeyError(
KeyError: "Could not find keys '['n_features_by_counts']' in columns of `adata.obs` or in adata.var_names."
[2025-05-17 15:53:53,550: WARNING/MainProcess] Warning: Error during filtering: Column name from .obs or one of the var_names was expected but got total_counts.. Proceeding with unfiltered data if possible.
[2025-05-17 15:53:53,551: WARNING/MainProcess] Warning: TF-IDF failed: module 'scanpy.preprocessing' has no attribute 'tfidf'. Skipping.
computing PCA
    with n_comps=51
    finished (0:00:01)
[2025-05-17 15:53:55,391: WARNING/MainProcess] LSI (SVD) completed. Using components 1 to 50.
computing neighbors
    finished: added to `.uns['neighbors']`
    `.obsp['distances']`, distances for each pair of neighbors
    `.obsp['connectivities']`, weighted adjacency matrix (0:00:00)
[2025-05-17 15:53:55,404: WARNING/MainProcess] Neighbors graph calculated on LSI components.
computing UMAP
    finished: added
    'X_umap', UMAP coordinates (adata.obsm)
    'umap', UMAP parameters (adata.uns) (0:00:00)
[2025-05-17 15:53:55,591: WARNING/MainProcess] UMAP calculation completed.
running Leiden clustering
    finished: found 4 clusters and added
    'clusters', the cluster labels (adata.obs, categorical) (0:00:00)
[2025-05-17 15:53:55,610: WARNING/MainProcess] Leiden clustering completed.
WARNING: saving figure to file /home/common/zyxing/singcell-benchmark/backend/data/results/temp_figures/umap_atac_umap_clusters_2996d73c-4e95-4658-b156-07924ee94fdd_2e037caf-8b21-4909-a7de-c254a7ba43cd.png
[2025-05-17 15:53:58,563: WARNING/MainProcess] Saved processed ATAC AnnData to /home/common/zyxing/singcell-benchmark/backend/data/results/2996d73c-4e95-4658-b156-07924ee94fdd/2996d73c-4e95-4658-b156-07924ee94fdd_processed_atac.h5ad
[2025-05-17 15:53:58,568: INFO/MainProcess] Task app.tasks.atac_tasks.run_atac_analysis[f615cdca-454e-4447-b275-e9d24eb6bf30] succeeded in 6.123781128786504s: {'status': 'Complete', 'results_summary': {'source_data_id': '2996d73c-4e95-4658-b156-07924ee94fdd', 'data_loaded': True, 'initial_shape': {'obs': 100, 'var': 108377}, 'qc_calculated': False, 'qc_plot_path': None, 'tfidf_done': False, 'lsi_done': {'n_components_used': 50}, 'neighbors_done': True, 'umap_done': True, 'clustering_done': True, 'umap_cluster_plot_path': '/home/common/zyxing/singcell-benchmark/backend/data/results/2996d73c-4e95-4658-b156-07924ee94fdd/atac_umap_clusters.png', 'processed_adata_path': '/home/common/zyxing/singcell-benchmark/backend/data/results/2996d73c-4e95-4658-b156-07924ee94fdd/2996d73c-4e95-4658-b156-07924ee94fdd_processed_atac.h5ad'}}
[2025-05-17 15:54:34,334: INFO/MainProcess] Task app.tasks.integration_tasks.run_integration[2c6ed5bf-5707-4542-b5df-7cbf5bcefae4] received
computing PCA
    with n_comps=50
    finished (0:00:00)
computing batch balanced neighbors
WARNING: consider updating your call to make use of `computation`
	finished: added to `.uns['neighbors']`
    `.obsp['distances']`, distances for each pair of neighbors
    `.obsp['connectivities']`, weighted adjacency matrix (0:00:01)
computing UMAP
    finished: added
    'X_umap', UMAP coordinates (adata.obsm)
    'umap', UMAP parameters (adata.uns) (0:00:04)
WARNING: saving figure to file /home/common/zyxing/singcell-benchmark/backend/data/results/temp_figures/umap_umap_integrated_batch_integrated_1747468472453_c0d82e14-beee-4a17-9d36-82ce611eb575.png
[2025-05-17 15:54:42,010: INFO/MainProcess] Task app.tasks.integration_tasks.run_integration[2c6ed5bf-5707-4542-b5df-7cbf5bcefae4] succeeded in 7.675638168118894s: {'status': 'Complete', 'results_summary': {'integrated_data_id': 'integrated_1747468472453', 'concatenated_shape': {'obs': 3338, 'var': 208}, 'pca_on_concatenated': True, 'integration_method': 'bbknn', 'neighbors_done': True, 'umap_done': True, 'umap_batch_plot_path': '/home/common/zyxing/singcell-benchmark/backend/data/results/integrated_1747468472453/umap_integrated_batch.png', 'integrated_data_path': '/home/common/zyxing/singcell-benchmark/backend/data/results/integrated_1747468472453/integrated_1747468472453_integrated.h5ad'}}
[2025-05-17 15:55:02,269: INFO/MainProcess] Task app.tasks.integration_tasks.run_integration[1225166f-dfab-4808-bd37-ffea676ad733] received
computing PCA
    with n_comps=50
    finished (0:00:00)
computing batch balanced neighbors
WARNING: consider updating your call to make use of `computation`
	finished: added to `.uns['neighbors']`
    `.obsp['distances']`, distances for each pair of neighbors
    `.obsp['connectivities']`, weighted adjacency matrix (0:00:00)
computing UMAP
    finished: added
    'X_umap', UMAP coordinates (adata.obsm)
    'umap', UMAP parameters (adata.uns) (0:00:04)
WARNING: saving figure to file /home/common/zyxing/singcell-benchmark/backend/data/results/temp_figures/umap_umap_integrated_batch_integrated_1747468500420_75411c8f-1ce3-42ff-8516-4461b94acbb8.png
[2025-05-17 15:55:08,931: INFO/MainProcess] Task app.tasks.integration_tasks.run_integration[1225166f-dfab-4808-bd37-ffea676ad733] succeeded in 6.6611149394884706s: {'status': 'Complete', 'results_summary': {'integrated_data_id': 'integrated_1747468500420', 'concatenated_shape': {'obs': 3338, 'var': 208}, 'pca_on_concatenated': True, 'integration_method': 'bbknn', 'neighbors_done': True, 'umap_done': True, 'umap_batch_plot_path': '/home/common/zyxing/singcell-benchmark/backend/data/results/integrated_1747468500420/umap_integrated_batch.png', 'integrated_data_path': '/home/common/zyxing/singcell-benchmark/backend/data/results/integrated_1747468500420/integrated_1747468500420_integrated.h5ad'}}
[2025-05-17 15:57:08,690: INFO/MainProcess] Task app.tasks.integration_tasks.run_integration[00cb7b59-56e9-4a33-a2a0-e0fef27dfbfa] received
computing PCA
    with n_comps=50
    finished (0:00:00)
computing batch balanced neighbors
WARNING: consider updating your call to make use of `computation`
	finished: added to `.uns['neighbors']`
    `.obsp['distances']`, distances for each pair of neighbors
    `.obsp['connectivities']`, weighted adjacency matrix (0:00:00)
computing UMAP
    finished: added
    'X_umap', UMAP coordinates (adata.obsm)
    'umap', UMAP parameters (adata.uns) (0:00:04)
WARNING: saving figure to file /home/common/zyxing/singcell-benchmark/backend/data/results/temp_figures/umap_umap_integrated_batch_integrated_1747468626836_2d9c261c-4ebb-4c54-a979-8980d22ae5db.png
[2025-05-17 15:57:15,677: INFO/MainProcess] Task app.tasks.integration_tasks.run_integration[00cb7b59-56e9-4a33-a2a0-e0fef27dfbfa] succeeded in 6.985388414002955s: {'status': 'Complete', 'results_summary': {'integrated_data_id': 'integrated_1747468626836', 'concatenated_shape': {'obs': 3338, 'var': 208}, 'pca_on_concatenated': True, 'integration_method': 'bbknn', 'neighbors_done': True, 'umap_done': True, 'umap_batch_plot_path': '/home/common/zyxing/singcell-benchmark/backend/data/results/integrated_1747468626836/umap_integrated_batch.png', 'integrated_data_path': '/home/common/zyxing/singcell-benchmark/backend/data/results/integrated_1747468626836/integrated_1747468626836_integrated.h5ad'}}
[2025-05-17 15:59:47,966: INFO/MainProcess] Task app.tasks.velocity_tasks.run_rna_velocity[7c21d8d7-6f7a-4bf1-b4a4-2a9bab1c5488] received
[2025-05-17 15:59:48,264: WARNING/MainProcess] Found 'spliced' and 'unspliced' layers in 562893d9-6dff-447b-9baf-a60e257b9adc.h5ad
[2025-05-17 15:59:48,265: WARNING/MainProcess] Warning: No processed/integrated AnnData found. Using original data for velocity calculation. Embedding plots will likely fail unless 'umap' exists in original data.
[2025-05-17 15:59:49,344: WARNING/MainProcess] Filtered out 20801 genes that are detected
[2025-05-17 15:59:49,345: WARNING/MainProcess]  
[2025-05-17 15:59:49,345: WARNING/MainProcess] 20 counts (shared).
[2025-05-17 15:59:49,627: WARNING/MainProcess] Normalized count data:
[2025-05-17 15:59:49,627: WARNING/MainProcess]  
[2025-05-17 15:59:49,627: WARNING/MainProcess] X, spliced, unspliced.
[2025-05-17 15:59:49,966: WARNING/MainProcess] Extracted 2000 highly variable genes.
[2025-05-17 15:59:49,968: WARNING/MainProcess] /home/zyxing/anaconda3/envs/scanpy-app-backend/lib/python3.9/site-packages/scvelo/preprocessing/utils.py:705: DeprecationWarning: `log1p` is deprecated since scVelo v0.3.0 and will be removed in a future version. Please use `log1p` from `scanpy.pp` instead.
  log1p(adata)

[2025-05-17 15:59:49,972: WARNING/MainProcess] Logarithmized X.
[2025-05-17 15:59:49,973: WARNING/MainProcess] /home/common/zyxing/singcell-benchmark/backend/app/tasks/velocity_tasks.py:75: DeprecationWarning: Automatic neighbor calculation is deprecated since scvelo==0.4.0 and will be removed in a future version of scVelo. Please compute neighbors first with Scanpy.
  scv.pp.moments(adata_for_velocity, n_pcs=30, n_neighbors=30) # Calculate moments

[2025-05-17 15:59:49,973: WARNING/MainProcess] /home/zyxing/anaconda3/envs/scanpy-app-backend/lib/python3.9/site-packages/scvelo/preprocessing/moments.py:71: DeprecationWarning: `neighbors` is deprecated since scvelo==0.4.0 and will be removed in a future version of scVelo. Please compute neighbors with Scanpy.
  neighbors(

[2025-05-17 15:59:49,982: WARNING/MainProcess] computing neighbors
[2025-05-17 15:59:50,115: WARNING/MainProcess]     finished
[2025-05-17 15:59:50,115: WARNING/MainProcess]  
[2025-05-17 15:59:50,115: WARNING/MainProcess] (0:00:00)
[2025-05-17 15:59:50,115: WARNING/MainProcess]  
[2025-05-17 15:59:50,115: WARNING/MainProcess] -->
[2025-05-17 15:59:50,116: WARNING/MainProcess]  
[2025-05-17 15:59:50,116: WARNING/MainProcess] added 
    'distances' and 'connectivities', weighted adjacency matrices (adata.obsp)
[2025-05-17 15:59:50,122: WARNING/MainProcess] computing moments based on connectivities
[2025-05-17 15:59:50,787: WARNING/MainProcess]     finished
[2025-05-17 15:59:50,787: WARNING/MainProcess]  
[2025-05-17 15:59:50,787: WARNING/MainProcess] (0:00:00)
[2025-05-17 15:59:50,787: WARNING/MainProcess]  
[2025-05-17 15:59:50,787: WARNING/MainProcess] -->
[2025-05-17 15:59:50,787: WARNING/MainProcess]  
[2025-05-17 15:59:50,787: WARNING/MainProcess] added 
    'Ms' and 'Mu', moments of un/spliced abundances (adata.layers)
[2025-05-17 15:59:50,790: WARNING/MainProcess] computing velocities
[2025-05-17 15:59:51,951: WARNING/MainProcess] /home/zyxing/anaconda3/envs/scanpy-app-backend/lib/python3.9/site-packages/scvelo/tools/optimization.py:184: DeprecationWarning: Conversion of an array with ndim > 0 to a scalar is deprecated, and will error in future. Ensure you extract a single element from your array before performing this operation. (Deprecated NumPy 1.25.)
  gamma[i] = np.linalg.pinv(A.T.dot(A)).dot(A.T.dot(y[:, i]))

[2025-05-17 15:59:52,209: WARNING/MainProcess]     finished
[2025-05-17 15:59:52,209: WARNING/MainProcess]  
[2025-05-17 15:59:52,209: WARNING/MainProcess] (0:00:01)
[2025-05-17 15:59:52,209: WARNING/MainProcess]  
[2025-05-17 15:59:52,209: WARNING/MainProcess] -->
[2025-05-17 15:59:52,209: WARNING/MainProcess]  
[2025-05-17 15:59:52,209: WARNING/MainProcess] added 
    'velocity', velocity vectors for each individual cell (adata.layers)
[2025-05-17 15:59:52,287: WARNING/MainProcess] computing velocity graph (using 4/48 cores)
[2025-05-17 15:59:52,302: WARNING/MainProcess]   0%|          | 0/3696 [00:00<?, ?cells/s]
[2025-05-17 16:00:02,314: WARNING/MainProcess]     finished
[2025-05-17 16:00:02,314: WARNING/MainProcess]  
[2025-05-17 16:00:02,314: WARNING/MainProcess] (0:00:10)
[2025-05-17 16:00:02,314: WARNING/MainProcess]  
[2025-05-17 16:00:02,314: WARNING/MainProcess] -->
[2025-05-17 16:00:02,315: WARNING/MainProcess]  
[2025-05-17 16:00:02,315: WARNING/MainProcess] added 
    'velocity_graph', sparse matrix with cosine correlations (adata.uns)
[2025-05-17 16:00:02,318: WARNING/MainProcess] computing velocity embedding
[2025-05-17 16:00:03,030: WARNING/MainProcess]     finished
[2025-05-17 16:00:03,031: WARNING/MainProcess]  
[2025-05-17 16:00:03,031: WARNING/MainProcess] (0:00:00)
[2025-05-17 16:00:03,031: WARNING/MainProcess]  
[2025-05-17 16:00:03,031: WARNING/MainProcess] -->
[2025-05-17 16:00:03,031: WARNING/MainProcess]  
[2025-05-17 16:00:03,031: WARNING/MainProcess] added
    'velocity_umap', embedded velocity vectors (adata.obsm)
[2025-05-17 16:00:03,213: WARNING/MainProcess] /home/zyxing/anaconda3/envs/scanpy-app-backend/lib/python3.9/site-packages/scvelo/plotting/utils.py:68: DeprecationWarning: is_categorical_dtype is deprecated and will be removed in a future version. Use isinstance(dtype, pd.CategoricalDtype) instead
  return isinstance(c, str) and c in data.obs.keys() and cat(data.obs[c])

[2025-05-17 16:00:03,216: WARNING/MainProcess] /home/zyxing/anaconda3/envs/scanpy-app-backend/lib/python3.9/site-packages/scvelo/plotting/utils.py:68: DeprecationWarning: is_categorical_dtype is deprecated and will be removed in a future version. Use isinstance(dtype, pd.CategoricalDtype) instead
  return isinstance(c, str) and c in data.obs.keys() and cat(data.obs[c])

[2025-05-17 16:00:03,218: WARNING/MainProcess] /home/zyxing/anaconda3/envs/scanpy-app-backend/lib/python3.9/site-packages/scvelo/plotting/utils.py:68: DeprecationWarning: is_categorical_dtype is deprecated and will be removed in a future version. Use isinstance(dtype, pd.CategoricalDtype) instead
  return isinstance(c, str) and c in data.obs.keys() and cat(data.obs[c])

[2025-05-17 16:00:03,231: WARNING/MainProcess] /home/zyxing/anaconda3/envs/scanpy-app-backend/lib/python3.9/site-packages/scvelo/plotting/utils.py:68: DeprecationWarning: is_categorical_dtype is deprecated and will be removed in a future version. Use isinstance(dtype, pd.CategoricalDtype) instead
  return isinstance(c, str) and c in data.obs.keys() and cat(data.obs[c])

[2025-05-17 16:00:03,234: WARNING/MainProcess] /home/zyxing/anaconda3/envs/scanpy-app-backend/lib/python3.9/site-packages/scvelo/plotting/utils.py:68: DeprecationWarning: is_categorical_dtype is deprecated and will be removed in a future version. Use isinstance(dtype, pd.CategoricalDtype) instead
  return isinstance(c, str) and c in data.obs.keys() and cat(data.obs[c])

[2025-05-17 16:00:03,246: WARNING/MainProcess] /home/zyxing/anaconda3/envs/scanpy-app-backend/lib/python3.9/site-packages/scvelo/plotting/utils.py:68: DeprecationWarning: is_categorical_dtype is deprecated and will be removed in a future version. Use isinstance(dtype, pd.CategoricalDtype) instead
  return isinstance(c, str) and c in data.obs.keys() and cat(data.obs[c])

[2025-05-17 16:00:03,248: WARNING/MainProcess] /home/zyxing/anaconda3/envs/scanpy-app-backend/lib/python3.9/site-packages/scvelo/plotting/utils.py:68: DeprecationWarning: is_categorical_dtype is deprecated and will be removed in a future version. Use isinstance(dtype, pd.CategoricalDtype) instead
  return isinstance(c, str) and c in data.obs.keys() and cat(data.obs[c])

[2025-05-17 16:00:03,272: WARNING/MainProcess] /home/zyxing/anaconda3/envs/scanpy-app-backend/lib/python3.9/site-packages/scvelo/plotting/utils.py:68: DeprecationWarning: is_categorical_dtype is deprecated and will be removed in a future version. Use isinstance(dtype, pd.CategoricalDtype) instead
  return isinstance(c, str) and c in data.obs.keys() and cat(data.obs[c])

[2025-05-17 16:00:03,635: WARNING/MainProcess] saving figure to file
[2025-05-17 16:00:03,635: WARNING/MainProcess]  
[2025-05-17 16:00:03,635: WARNING/MainProcess] ./figures/scvelo_velocity_embedding_umap_grid_562893d9-6dff-447b-9baf-a60e257b9adc_e130012e-7c48-4aad-889f-84d99bd858dc.png
[2025-05-17 16:00:03,635: WARNING/MainProcess] Saved grid plot to /home/common/zyxing/singcell-benchmark/backend/data/results/562893d9-6dff-447b-9baf-a60e257b9adc/velocity_embedding_umap_grid.png
[2025-05-17 16:00:05,007: WARNING/MainProcess] /home/zyxing/anaconda3/envs/scanpy-app-backend/lib/python3.9/site-packages/scvelo/plotting/utils.py:68: DeprecationWarning: is_categorical_dtype is deprecated and will be removed in a future version. Use isinstance(dtype, pd.CategoricalDtype) instead
  return isinstance(c, str) and c in data.obs.keys() and cat(data.obs[c])

[2025-05-17 16:00:05,009: WARNING/MainProcess] /home/zyxing/anaconda3/envs/scanpy-app-backend/lib/python3.9/site-packages/scvelo/plotting/utils.py:68: DeprecationWarning: is_categorical_dtype is deprecated and will be removed in a future version. Use isinstance(dtype, pd.CategoricalDtype) instead
  return isinstance(c, str) and c in data.obs.keys() and cat(data.obs[c])

[2025-05-17 16:00:05,011: WARNING/MainProcess] /home/zyxing/anaconda3/envs/scanpy-app-backend/lib/python3.9/site-packages/scvelo/plotting/utils.py:68: DeprecationWarning: is_categorical_dtype is deprecated and will be removed in a future version. Use isinstance(dtype, pd.CategoricalDtype) instead
  return isinstance(c, str) and c in data.obs.keys() and cat(data.obs[c])

[2025-05-17 16:00:05,022: WARNING/MainProcess] /home/zyxing/anaconda3/envs/scanpy-app-backend/lib/python3.9/site-packages/scvelo/plotting/utils.py:68: DeprecationWarning: is_categorical_dtype is deprecated and will be removed in a future version. Use isinstance(dtype, pd.CategoricalDtype) instead
  return isinstance(c, str) and c in data.obs.keys() and cat(data.obs[c])

[2025-05-17 16:00:05,025: WARNING/MainProcess] /home/zyxing/anaconda3/envs/scanpy-app-backend/lib/python3.9/site-packages/scvelo/plotting/utils.py:68: DeprecationWarning: is_categorical_dtype is deprecated and will be removed in a future version. Use isinstance(dtype, pd.CategoricalDtype) instead
  return isinstance(c, str) and c in data.obs.keys() and cat(data.obs[c])

[2025-05-17 16:00:05,034: WARNING/MainProcess] /home/zyxing/anaconda3/envs/scanpy-app-backend/lib/python3.9/site-packages/scvelo/plotting/utils.py:68: DeprecationWarning: is_categorical_dtype is deprecated and will be removed in a future version. Use isinstance(dtype, pd.CategoricalDtype) instead
  return isinstance(c, str) and c in data.obs.keys() and cat(data.obs[c])

[2025-05-17 16:00:05,036: WARNING/MainProcess] /home/zyxing/anaconda3/envs/scanpy-app-backend/lib/python3.9/site-packages/scvelo/plotting/utils.py:68: DeprecationWarning: is_categorical_dtype is deprecated and will be removed in a future version. Use isinstance(dtype, pd.CategoricalDtype) instead
  return isinstance(c, str) and c in data.obs.keys() and cat(data.obs[c])

[2025-05-17 16:00:05,050: WARNING/MainProcess] /home/zyxing/anaconda3/envs/scanpy-app-backend/lib/python3.9/site-packages/scvelo/plotting/utils.py:68: DeprecationWarning: is_categorical_dtype is deprecated and will be removed in a future version. Use isinstance(dtype, pd.CategoricalDtype) instead
  return isinstance(c, str) and c in data.obs.keys() and cat(data.obs[c])

[2025-05-17 16:00:05,489: WARNING/MainProcess] saving figure to file
[2025-05-17 16:00:05,489: WARNING/MainProcess]  
[2025-05-17 16:00:05,490: WARNING/MainProcess] ./figures/scvelo__velocity_embedding_umap_stream_562893d9-6dff-447b-9baf-a60e257b9adc_22799458-4f17-4f4c-a8a8-1b4fc05c418d.png
[2025-05-17 16:00:05,490: WARNING/MainProcess] Warning: Velocity stream plot file not found at figures/scvelo_velocity_embedding_umap_stream_562893d9-6dff-447b-9baf-a60e257b9adc_da7399f3-e779-47cd-b2a2-f497992a0b15.png or figures/velocity_embedding_umap_stream_562893d9-6dff-447b-9baf-a60e257b9adc_bb7344cb-9fcc-4e88-aec1-5d5d7ee0dacf.png
[2025-05-17 16:00:05,495: INFO/MainProcess] Task app.tasks.velocity_tasks.run_rna_velocity[7c21d8d7-6f7a-4bf1-b4a4-2a9bab1c5488] succeeded in 17.52668747957796s: {'status': 'Complete', 'results_summary': {'source_data_id': '562893d9-6dff-447b-9baf-a60e257b9adc', 'original_data_loaded': True, 'velocity_calculated': {'mode': 'stochastic'}, 'velocity_graph_calculated': True, 'grid_plot_path': '/home/common/zyxing/singcell-benchmark/backend/data/results/562893d9-6dff-447b-9baf-a60e257b9adc/velocity_embedding_umap_grid.png'}}
[2025-05-17 16:00:45,108: INFO/MainProcess] Task app.tasks.scanpy_tasks.run_scanpy_analysis[46f722bf-3b40-4377-804f-b97716c9f198] received
WARNING: saving figure to file /home/common/zyxing/singcell-benchmark/backend/data/results/temp_figures/violin_qc_violin_40d22670-c649-419d-bead-25496a809df6_e9ce1a76-2374-4205-8223-fed907a4312c.png
normalizing counts per cell
    finished (0:00:00)
extracting highly variable genes
    finished (0:00:00)
--> added
    'highly_variable', boolean vector (adata.var)
    'means', float vector (adata.var)
    'dispersions', float vector (adata.var)
    'dispersions_norm', float vector (adata.var)
computing PCA
    with n_comps=50
    finished (0:00:00)
computing neighbors
    using 'X_pca' with n_pcs = 30
    finished: added to `.uns['neighbors']`
    `.obsp['distances']`, distances for each pair of neighbors
    `.obsp['connectivities']`, weighted adjacency matrix (0:00:00)
computing UMAP
    finished: added
    'X_umap', UMAP coordinates (adata.obsm)
    'umap', UMAP parameters (adata.uns) (0:00:05)
running Leiden clustering
    finished: found 7 clusters and added
    'clusters', the cluster labels (adata.obs, categorical) (0:00:01)
ranking genes
    finished: added to `.uns['rank_genes_clusters']`
    'names', sorted np.recarray to be indexed by group ids
    'scores', sorted np.recarray to be indexed by group ids
    'logfoldchanges', sorted np.recarray to be indexed by group ids
    'pvals', sorted np.recarray to be indexed by group ids
    'pvals_adj', sorted np.recarray to be indexed by group ids (0:00:00)
WARNING: saving figure to file /home/common/zyxing/singcell-benchmark/backend/data/results/temp_figures/umap_umap_leiden_40d22670-c649-419d-bead-25496a809df6_83068ed0-35ef-405f-a670-b594ef66a518.png
[2025-05-17 16:00:54,188: WARNING/MainProcess] Moved plot to /home/common/zyxing/singcell-benchmark/backend/data/results/40d22670-c649-419d-bead-25496a809df6/umap_leiden.png
[2025-05-17 16:00:54,467: WARNING/MainProcess] ---------------------------------------------
[2025-05-17 16:00:54,467: WARNING/MainProcess] TASK 46f722bf-3b40-4377-804f-b97716c9f198: Attempting to return SUCCESS.
[2025-05-17 16:00:54,467: WARNING/MainProcess] Final Serializable Summary: {'original_shape': {'obs': 2730, 'var': 3451}, 'qc_calculated': True, 'qc_plot_path': '/home/common/zyxing/singcell-benchmark/backend/data/results/40d22670-c649-419d-bead-25496a809df6/qc_violin_before_filter.png', 'shape_after_basic_filter': {'obs': 2730, 'var': 3451}, 'normalized': True, 'hvg_calculated': True, 'shape_after_hvg': {'obs': 2730, 'var': 685}, 'pca_done': True, 'neighbors_done': True, 'umap_done': True, 'clustering_done': {'method': 'leiden', 'resolution': 0.5}, 'marker_genes_calculated': True, 'marker_genes_path': '/home/common/zyxing/singcell-benchmark/backend/data/results/40d22670-c649-419d-bead-25496a809df6/marker_genes_leiden.csv', 'umap_plot_path': '/home/common/zyxing/singcell-benchmark/backend/data/results/40d22670-c649-419d-bead-25496a809df6/umap_leiden.png', 'processed_data_path': '/home/common/zyxing/singcell-benchmark/backend/data/results/40d22670-c649-419d-bead-25496a809df6/40d22670-c649-419d-bead-25496a809df6_processed.h5ad'}
[2025-05-17 16:00:54,467: WARNING/MainProcess] ---------------------------------------------
[2025-05-17 16:00:54,468: WARNING/MainProcess] TASK 46f722bf-3b40-4377-804f-b97716c9f198: Entering finally block.
[2025-05-17 16:00:54,469: WARNING/MainProcess] TASK 46f722bf-3b40-4377-804f-b97716c9f198: Found 0 temp items to remove.
[2025-05-17 16:00:54,469: WARNING/MainProcess] TASK 46f722bf-3b40-4377-804f-b97716c9f198: Closed matplotlib figures.
[2025-05-17 16:00:54,469: WARNING/MainProcess] TASK 46f722bf-3b40-4377-804f-b97716c9f198: Exiting finally block.
[2025-05-17 16:00:54,471: INFO/MainProcess] Task app.tasks.scanpy_tasks.run_scanpy_analysis[46f722bf-3b40-4377-804f-b97716c9f198] succeeded in 9.361720640212297s: {'status': 'Complete', 'results_summary': {'original_shape': {'obs': 2730, 'var': 3451}, 'qc_calculated': True, 'qc_plot_path': '/home/common/zyxing/singcell-benchmark/backend/data/results/40d22670-c649-419d-bead-25496a809df6/qc_violin_before_filter.png', 'shape_after_basic_filter': {'obs': 2730, 'var': 3451}, 'normalized': True, 'hvg_calculated': True, 'shape_after_hvg': {'obs': 2730, 'var': 685}, 'pca_done': True, 'neighbors_done': True, 'umap_done': True, 'clustering_done': {'method': 'leiden', 'resolution': 0.5}, 'marker_genes_calculated': True, 'marker_genes_path': '/home/common/zyxing/singcell-benchmark/backend/data/results/40d22670-c649-419d-bead-25496a809df6/marker_genes_leiden.csv', 'umap_plot_path': '/home/common/zyxing/singcell-benchmark/backend/data/results/40d22670-c649-419d-bead-25496a809df6/umap_leiden.png', 'processed_data_path': '/home/common/zyxing/singcell-benchmark/backend/data/results/40d22670-c649-419d-bead-25496a809df6/40d22670-c649-419d-bead-25496a809df6_processed.h5ad'}}
[2025-05-17 16:00:57,372: INFO/MainProcess] Task app.tasks.communication_tasks.run_cellphone_analysis[d4d457e8-9a00-498a-b518-960f995831e2] received
[2025-05-17 16:00:57,546: WARNING/MainProcess] Using counts from adata.X
[2025-05-17 16:00:57,547: WARNING/MainProcess] Using gene identifiers from AnnData index (.var_names)
[2025-05-17 16:00:57,584: WARNING/MainProcess] Starting CellPhoneDB statistical analysis...
[2025-05-17 16:00:57,584: WARNING/MainProcess]   Meta file: /home/common/zyxing/singcell-benchmark/backend/data/results/40d22670-c649-419d-bead-25496a809df6/temp_cpdb_input/meta.tsv
[2025-05-17 16:00:57,584: WARNING/MainProcess]   Counts file: /home/common/zyxing/singcell-benchmark/backend/data/results/40d22670-c649-419d-bead-25496a809df6/temp_cpdb_input/counts.h5ad
[2025-05-17 16:00:57,584: WARNING/MainProcess]   Database path: /home/common/zyxing/singcell-benchmark/backend/cellphonedb_data/v5.0.0/cellphonedb.zip
[2025-05-17 16:00:57,584: WARNING/MainProcess]   Output path: /home/common/zyxing/singcell-benchmark/backend/data/results/40d22670-c649-419d-bead-25496a809df6/cellphonedb_out
[2025-05-17 16:00:57,584: WARNING/MainProcess]   Threads: 4
[2025-05-17 16:00:57,677: WARNING/MainProcess] Reading user files...
[2025-05-17 16:00:57,710: WARNING/MainProcess] The following user files were loaded successfully:
[2025-05-17 16:00:57,710: WARNING/MainProcess] /home/common/zyxing/singcell-benchmark/backend/data/results/40d22670-c649-419d-bead-25496a809df6/temp_cpdb_input/counts.h5ad
[2025-05-17 16:00:57,710: WARNING/MainProcess] /home/common/zyxing/singcell-benchmark/backend/data/results/40d22670-c649-419d-bead-25496a809df6/temp_cpdb_input/meta.tsv
[ ][CORE][17/05/25-16:00:57][INFO] [Cluster Statistical Analysis] Threshold:0.1 Iterations:1000 Debug-seed:-1 Threads:4 Precision:3
[ ][CORE][17/05/25-16:00:57][INFO] No CellphoneDB interactions found in this input.
[2025-05-17 16:00:57,836: WARNING/MainProcess] ERROR during CellPhoneDB execution: 'significant_means'
[2025-05-17 16:00:57,836: WARNING/MainProcess] Traceback (most recent call last):
  File "/home/common/zyxing/singcell-benchmark/backend/app/tasks/communication_tasks.py", line 140, in run_cellphone_analysis
    cpdb_statistical_analysis_method.call(
  File "/home/zyxing/anaconda3/envs/scanpy-app-backend/lib/python3.9/site-packages/cellphonedb/src/core/methods/cpdb_statistical_analysis_method.py", line 148, in call
    significant_means = analysis_result['significant_means']
KeyError: 'significant_means'
[2025-05-17 16:00:57,836: WARNING/MainProcess] An unexpected error occurred: CellPhoneDB analysis failed: 'significant_means'
[2025-05-17 16:00:57,836: WARNING/MainProcess] Traceback (most recent call last):
  File "/home/common/zyxing/singcell-benchmark/backend/app/tasks/communication_tasks.py", line 140, in run_cellphone_analysis
    cpdb_statistical_analysis_method.call(
  File "/home/zyxing/anaconda3/envs/scanpy-app-backend/lib/python3.9/site-packages/cellphonedb/src/core/methods/cpdb_statistical_analysis_method.py", line 148, in call
    significant_means = analysis_result['significant_means']
KeyError: 'significant_means'

During handling of the above exception, another exception occurred:

Traceback (most recent call last):
  File "/home/common/zyxing/singcell-benchmark/backend/app/tasks/communication_tasks.py", line 165, in run_cellphone_analysis
    raise ValueError(f"CellPhoneDB analysis failed: {cpdb_error}") # Re-raise to fail the task
ValueError: CellPhoneDB analysis failed: 'significant_means'
[2025-05-17 16:00:57,844: CRITICAL/MainProcess] Unrecoverable error: ValueError('Exception information must include the exception type')
Traceback (most recent call last):
  File "/home/common/zyxing/singcell-benchmark/backend/app/tasks/communication_tasks.py", line 140, in run_cellphone_analysis
    cpdb_statistical_analysis_method.call(
  File "/home/zyxing/anaconda3/envs/scanpy-app-backend/lib/python3.9/site-packages/cellphonedb/src/core/methods/cpdb_statistical_analysis_method.py", line 148, in call
    significant_means = analysis_result['significant_means']
KeyError: 'significant_means'

During handling of the above exception, another exception occurred:

Traceback (most recent call last):
  File "/home/zyxing/anaconda3/envs/scanpy-app-backend/lib/python3.9/site-packages/celery/app/trace.py", line 453, in trace_task
    R = retval = fun(*args, **kwargs)
  File "/home/zyxing/anaconda3/envs/scanpy-app-backend/lib/python3.9/site-packages/celery/app/trace.py", line 736, in __protected_call__
    return self.run(*args, **kwargs)
  File "/home/common/zyxing/singcell-benchmark/backend/app/tasks/communication_tasks.py", line 230, in run_cellphone_analysis
    raise e # Re-raise so Celery marks as failed
  File "/home/common/zyxing/singcell-benchmark/backend/app/tasks/communication_tasks.py", line 165, in run_cellphone_analysis
    raise ValueError(f"CellPhoneDB analysis failed: {cpdb_error}") # Re-raise to fail the task
ValueError: CellPhoneDB analysis failed: 'significant_means'

During handling of the above exception, another exception occurred:

Traceback (most recent call last):
  File "/home/zyxing/anaconda3/envs/scanpy-app-backend/lib/python3.9/site-packages/celery/backends/base.py", line 354, in exception_to_python
    exc_type = exc['exc_type']
KeyError: 'exc_type'

The above exception was the direct cause of the following exception:

Traceback (most recent call last):
  File "/home/zyxing/anaconda3/envs/scanpy-app-backend/lib/python3.9/site-packages/celery/app/trace.py", line 470, in trace_task
    I, R, state, retval = on_error(task_request, exc)
  File "/home/zyxing/anaconda3/envs/scanpy-app-backend/lib/python3.9/site-packages/celery/app/trace.py", line 381, in on_error
    R = I.handle_error_state(
  File "/home/zyxing/anaconda3/envs/scanpy-app-backend/lib/python3.9/site-packages/celery/app/trace.py", line 175, in handle_error_state
    return {
  File "/home/zyxing/anaconda3/envs/scanpy-app-backend/lib/python3.9/site-packages/celery/app/trace.py", line 227, in handle_failure
    task.backend.mark_as_failure(
  File "/home/zyxing/anaconda3/envs/scanpy-app-backend/lib/python3.9/site-packages/celery/backends/base.py", line 167, in mark_as_failure
    self.store_result(task_id, exc, state,
  File "/home/zyxing/anaconda3/envs/scanpy-app-backend/lib/python3.9/site-packages/celery/backends/base.py", line 526, in store_result
    self._store_result(task_id, result, state, traceback,
  File "/home/zyxing/anaconda3/envs/scanpy-app-backend/lib/python3.9/site-packages/celery/backends/base.py", line 973, in _store_result
    current_meta = self._get_task_meta_for(task_id)
  File "/home/zyxing/anaconda3/envs/scanpy-app-backend/lib/python3.9/site-packages/celery/backends/base.py", line 998, in _get_task_meta_for
    return self.decode_result(meta)
  File "/home/zyxing/anaconda3/envs/scanpy-app-backend/lib/python3.9/site-packages/celery/backends/base.py", line 425, in decode_result
    return self.meta_from_decoded(self.decode(payload))
  File "/home/zyxing/anaconda3/envs/scanpy-app-backend/lib/python3.9/site-packages/celery/backends/base.py", line 421, in meta_from_decoded
    meta['result'] = self.exception_to_python(meta['result'])
  File "/home/zyxing/anaconda3/envs/scanpy-app-backend/lib/python3.9/site-packages/celery/backends/base.py", line 356, in exception_to_python
    raise ValueError("Exception information must include "
ValueError: Exception information must include the exception type

During handling of the above exception, another exception occurred:

Traceback (most recent call last):
  File "/home/zyxing/anaconda3/envs/scanpy-app-backend/lib/python3.9/site-packages/celery/backends/base.py", line 354, in exception_to_python
    exc_type = exc['exc_type']
KeyError: 'exc_type'

The above exception was the direct cause of the following exception:

Traceback (most recent call last):
  File "/home/zyxing/anaconda3/envs/scanpy-app-backend/lib/python3.9/site-packages/celery/worker/worker.py", line 202, in start
    self.blueprint.start(self)
  File "/home/zyxing/anaconda3/envs/scanpy-app-backend/lib/python3.9/site-packages/celery/bootsteps.py", line 116, in start
    step.start(parent)
  File "/home/zyxing/anaconda3/envs/scanpy-app-backend/lib/python3.9/site-packages/celery/bootsteps.py", line 365, in start
    return self.obj.start()
  File "/home/zyxing/anaconda3/envs/scanpy-app-backend/lib/python3.9/site-packages/celery/worker/consumer/consumer.py", line 340, in start
    blueprint.start(self)
  File "/home/zyxing/anaconda3/envs/scanpy-app-backend/lib/python3.9/site-packages/celery/bootsteps.py", line 116, in start
    step.start(parent)
  File "/home/zyxing/anaconda3/envs/scanpy-app-backend/lib/python3.9/site-packages/celery/worker/consumer/consumer.py", line 746, in start
    c.loop(*c.loop_args())
  File "/home/zyxing/anaconda3/envs/scanpy-app-backend/lib/python3.9/site-packages/celery/worker/loops.py", line 97, in asynloop
    next(loop)
  File "/home/zyxing/anaconda3/envs/scanpy-app-backend/lib/python3.9/site-packages/kombu/asynchronous/hub.py", line 373, in create_loop
    cb(*cbargs)
  File "/home/zyxing/anaconda3/envs/scanpy-app-backend/lib/python3.9/site-packages/kombu/transport/redis.py", line 1352, in on_readable
    self.cycle.on_readable(fileno)
  File "/home/zyxing/anaconda3/envs/scanpy-app-backend/lib/python3.9/site-packages/kombu/transport/redis.py", line 569, in on_readable
    chan.handlers[type]()
  File "/home/zyxing/anaconda3/envs/scanpy-app-backend/lib/python3.9/site-packages/kombu/transport/redis.py", line 979, in _brpop_read
    self.connection._deliver(loads(bytes_to_str(item)), dest)
  File "/home/zyxing/anaconda3/envs/scanpy-app-backend/lib/python3.9/site-packages/kombu/transport/virtual/base.py", line 1017, in _deliver
    callback(message)
  File "/home/zyxing/anaconda3/envs/scanpy-app-backend/lib/python3.9/site-packages/kombu/transport/virtual/base.py", line 639, in _callback
    return callback(message)
  File "/home/zyxing/anaconda3/envs/scanpy-app-backend/lib/python3.9/site-packages/kombu/messaging.py", line 656, in _receive_callback
    return on_m(message) if on_m else self.receive(decoded, message)
  File "/home/zyxing/anaconda3/envs/scanpy-app-backend/lib/python3.9/site-packages/celery/worker/consumer/consumer.py", line 685, in on_task_received
    strategy(
  File "/home/zyxing/anaconda3/envs/scanpy-app-backend/lib/python3.9/site-packages/celery/worker/strategy.py", line 207, in task_message_handler
    handle(req)
  File "/home/zyxing/anaconda3/envs/scanpy-app-backend/lib/python3.9/site-packages/celery/worker/worker.py", line 225, in _process_task
    req.execute_using_pool(self.pool)
  File "/home/zyxing/anaconda3/envs/scanpy-app-backend/lib/python3.9/site-packages/celery/worker/request.py", line 754, in execute_using_pool
    result = apply_async(
  File "/home/zyxing/anaconda3/envs/scanpy-app-backend/lib/python3.9/site-packages/celery/concurrency/base.py", line 153, in apply_async
    return self.on_apply(target, args, kwargs,
  File "/home/zyxing/anaconda3/envs/scanpy-app-backend/lib/python3.9/site-packages/celery/concurrency/base.py", line 30, in apply_target
    ret = target(*args, **kwargs)
  File "/home/zyxing/anaconda3/envs/scanpy-app-backend/lib/python3.9/site-packages/celery/app/trace.py", line 651, in fast_trace_task
    R, I, T, Rstr = tasks[task].__trace__(
  File "/home/zyxing/anaconda3/envs/scanpy-app-backend/lib/python3.9/site-packages/celery/app/trace.py", line 574, in trace_task
    I, _, _, _ = on_error(task_request, exc)
  File "/home/zyxing/anaconda3/envs/scanpy-app-backend/lib/python3.9/site-packages/celery/app/trace.py", line 381, in on_error
    R = I.handle_error_state(
  File "/home/zyxing/anaconda3/envs/scanpy-app-backend/lib/python3.9/site-packages/celery/app/trace.py", line 175, in handle_error_state
    return {
  File "/home/zyxing/anaconda3/envs/scanpy-app-backend/lib/python3.9/site-packages/celery/app/trace.py", line 227, in handle_failure
    task.backend.mark_as_failure(
  File "/home/zyxing/anaconda3/envs/scanpy-app-backend/lib/python3.9/site-packages/celery/backends/base.py", line 167, in mark_as_failure
    self.store_result(task_id, exc, state,
  File "/home/zyxing/anaconda3/envs/scanpy-app-backend/lib/python3.9/site-packages/celery/backends/base.py", line 526, in store_result
    self._store_result(task_id, result, state, traceback,
  File "/home/zyxing/anaconda3/envs/scanpy-app-backend/lib/python3.9/site-packages/celery/backends/base.py", line 973, in _store_result
    current_meta = self._get_task_meta_for(task_id)
  File "/home/zyxing/anaconda3/envs/scanpy-app-backend/lib/python3.9/site-packages/celery/backends/base.py", line 998, in _get_task_meta_for
    return self.decode_result(meta)
  File "/home/zyxing/anaconda3/envs/scanpy-app-backend/lib/python3.9/site-packages/celery/backends/base.py", line 425, in decode_result
    return self.meta_from_decoded(self.decode(payload))
  File "/home/zyxing/anaconda3/envs/scanpy-app-backend/lib/python3.9/site-packages/celery/backends/base.py", line 421, in meta_from_decoded
    meta['result'] = self.exception_to_python(meta['result'])
  File "/home/zyxing/anaconda3/envs/scanpy-app-backend/lib/python3.9/site-packages/celery/backends/base.py", line 356, in exception_to_python
    raise ValueError("Exception information must include "
ValueError: Exception information must include the exception type
[2025-05-17 16:02:16,558: INFO/MainProcess] Task app.tasks.scanpy_tasks.run_scanpy_analysis[80429a27-fc6d-4314-b3db-39a42935b791] received
WARNING: saving figure to file /home/common/zyxing/singcell-benchmark/backend/data/results/temp_figures/violin_qc_violin_3e60a90e-4f96-408e-8ac3-1d6ba561adb0_e4f64b1b-b3f4-40af-9b74-169e4bc30883.png
filtered out 19024 genes that are detected in less than 3 cells
normalizing counts per cell
    finished (0:00:00)
extracting highly variable genes
    finished (0:00:00)
--> added
    'highly_variable', boolean vector (adata.var)
    'means', float vector (adata.var)
    'dispersions', float vector (adata.var)
    'dispersions_norm', float vector (adata.var)
computing PCA
    with n_comps=50
    finished (0:00:00)
computing neighbors
    using 'X_pca' with n_pcs = 30
    finished: added to `.uns['neighbors']`
    `.obsp['distances']`, distances for each pair of neighbors
    `.obsp['connectivities']`, weighted adjacency matrix (0:00:00)
computing UMAP
    finished: added
    'X_umap', UMAP coordinates (adata.obsm)
    'umap', UMAP parameters (adata.uns) (0:00:04)
running Leiden clustering
    finished: found 8 clusters and added
    'clusters', the cluster labels (adata.obs, categorical) (0:00:00)
ranking genes
    finished: added to `.uns['rank_genes_clusters']`
    'names', sorted np.recarray to be indexed by group ids
    'scores', sorted np.recarray to be indexed by group ids
    'logfoldchanges', sorted np.recarray to be indexed by group ids
    'pvals', sorted np.recarray to be indexed by group ids
    'pvals_adj', sorted np.recarray to be indexed by group ids (0:00:00)
WARNING: saving figure to file /home/common/zyxing/singcell-benchmark/backend/data/results/temp_figures/umap_umap_leiden_3e60a90e-4f96-408e-8ac3-1d6ba561adb0_cd0b0726-bc18-4d90-8dba-348b648f7b75.png
[2025-05-17 16:02:24,876: WARNING/MainProcess] Moved plot to /home/common/zyxing/singcell-benchmark/backend/data/results/3e60a90e-4f96-408e-8ac3-1d6ba561adb0/umap_leiden.png
[2025-05-17 16:02:25,138: WARNING/MainProcess] ---------------------------------------------
[2025-05-17 16:02:25,139: WARNING/MainProcess] TASK 80429a27-fc6d-4314-b3db-39a42935b791: Attempting to return SUCCESS.
[2025-05-17 16:02:25,139: WARNING/MainProcess] Final Serializable Summary: {'original_shape': {'obs': 2700, 'var': 32738}, 'qc_calculated': True, 'qc_plot_path': '/home/common/zyxing/singcell-benchmark/backend/data/results/3e60a90e-4f96-408e-8ac3-1d6ba561adb0/qc_violin_before_filter.png', 'shape_after_basic_filter': {'obs': 2700, 'var': 13714}, 'normalized': True, 'hvg_calculated': True, 'shape_after_hvg': {'obs': 2700, 'var': 1872}, 'pca_done': True, 'neighbors_done': True, 'umap_done': True, 'clustering_done': {'method': 'leiden', 'resolution': 0.5}, 'marker_genes_calculated': True, 'marker_genes_path': '/home/common/zyxing/singcell-benchmark/backend/data/results/3e60a90e-4f96-408e-8ac3-1d6ba561adb0/marker_genes_leiden.csv', 'umap_plot_path': '/home/common/zyxing/singcell-benchmark/backend/data/results/3e60a90e-4f96-408e-8ac3-1d6ba561adb0/umap_leiden.png', 'processed_data_path': '/home/common/zyxing/singcell-benchmark/backend/data/results/3e60a90e-4f96-408e-8ac3-1d6ba561adb0/3e60a90e-4f96-408e-8ac3-1d6ba561adb0_processed.h5ad'}
[2025-05-17 16:02:25,139: WARNING/MainProcess] ---------------------------------------------
[2025-05-17 16:02:25,139: WARNING/MainProcess] TASK 80429a27-fc6d-4314-b3db-39a42935b791: Entering finally block.
[2025-05-17 16:02:25,140: WARNING/MainProcess] TASK 80429a27-fc6d-4314-b3db-39a42935b791: Found 0 temp items to remove.
[2025-05-17 16:02:25,140: WARNING/MainProcess] TASK 80429a27-fc6d-4314-b3db-39a42935b791: Closed matplotlib figures.
[2025-05-17 16:02:25,140: WARNING/MainProcess] TASK 80429a27-fc6d-4314-b3db-39a42935b791: Exiting finally block.
[2025-05-17 16:02:25,142: INFO/MainProcess] Task app.tasks.scanpy_tasks.run_scanpy_analysis[80429a27-fc6d-4314-b3db-39a42935b791] succeeded in 8.583010143600404s: {'status': 'Complete', 'results_summary': {'original_shape': {'obs': 2700, 'var': 32738}, 'qc_calculated': True, 'qc_plot_path': '/home/common/zyxing/singcell-benchmark/backend/data/results/3e60a90e-4f96-408e-8ac3-1d6ba561adb0/qc_violin_before_filter.png', 'shape_after_basic_filter': {'obs': 2700, 'var': 13714}, 'normalized': True, 'hvg_calculated': True, 'shape_after_hvg': {'obs': 2700, 'var': 1872}, 'pca_done': True, 'neighbors_done': True, 'umap_done': True, 'clustering_done': {'method': 'leiden', 'resolution': 0.5}, 'marker_genes_calculated': True, 'marker_genes_path': '/home/common/zyxing/singcell-benchmark/backend/data/results/3e60a90e-4f96-408e-8ac3-1d6ba561adb0/marker_genes_leiden.csv', 'umap_plot_path': '/home/common/zyxing/singcell-benchmark/backend/data/results/3e60a90e-4f96-408e-8ac3-1d6ba561adb0/umap_leiden.png', 'processed_data_path': '/home/common/zyxing/singcell-benchmark/backend/data/results/3e60a90e-4f96-408e-8ac3-1d6ba561adb0/3e60a90e-4f96-408e-8ac3-1d6ba561adb0_processed.h5ad'}}
[2025-05-17 16:02:29,280: INFO/MainProcess] Task app.tasks.communication_tasks.run_cellphone_analysis[fc908b02-0673-4737-905f-1368122b0ef9] received
[2025-05-17 16:02:29,426: WARNING/MainProcess] Using counts from adata.X
[2025-05-17 16:02:29,426: WARNING/MainProcess] Using gene identifiers from AnnData index (.var_names)
[2025-05-17 16:02:29,456: WARNING/MainProcess] Starting CellPhoneDB statistical analysis...
[2025-05-17 16:02:29,456: WARNING/MainProcess]   Meta file: /home/common/zyxing/singcell-benchmark/backend/data/results/3e60a90e-4f96-408e-8ac3-1d6ba561adb0/temp_cpdb_input/meta.tsv
[2025-05-17 16:02:29,456: WARNING/MainProcess]   Counts file: /home/common/zyxing/singcell-benchmark/backend/data/results/3e60a90e-4f96-408e-8ac3-1d6ba561adb0/temp_cpdb_input/counts.h5ad
[2025-05-17 16:02:29,456: WARNING/MainProcess]   Database path: /home/common/zyxing/singcell-benchmark/backend/cellphonedb_data/v5.0.0/cellphonedb.zip
[2025-05-17 16:02:29,456: WARNING/MainProcess]   Output path: /home/common/zyxing/singcell-benchmark/backend/data/results/3e60a90e-4f96-408e-8ac3-1d6ba561adb0/cellphonedb_out
[2025-05-17 16:02:29,456: WARNING/MainProcess]   Threads: 4
[2025-05-17 16:02:29,519: WARNING/MainProcess] Reading user files...
[2025-05-17 16:02:29,551: WARNING/MainProcess] The following user files were loaded successfully:
[2025-05-17 16:02:29,551: WARNING/MainProcess] /home/common/zyxing/singcell-benchmark/backend/data/results/3e60a90e-4f96-408e-8ac3-1d6ba561adb0/temp_cpdb_input/counts.h5ad
[2025-05-17 16:02:29,552: WARNING/MainProcess] /home/common/zyxing/singcell-benchmark/backend/data/results/3e60a90e-4f96-408e-8ac3-1d6ba561adb0/temp_cpdb_input/meta.tsv
[ ][CORE][17/05/25-16:02:29][INFO] [Cluster Statistical Analysis] Threshold:0.1 Iterations:1000 Debug-seed:-1 Threads:4 Precision:3
[2025-05-17 16:02:29,647: WARNING/MainProcess] /home/zyxing/anaconda3/envs/scanpy-app-backend/lib/python3.9/site-packages/cellphonedb/src/core/models/complex/complex_helper.py:40: DeprecationWarning: DataFrameGroupBy.apply operated on the grouping columns. This behavior is deprecated, and in a future version of pandas the grouping columns will be excluded from the operation. Either pass `include_groups=False` to exclude the groupings or explicitly select the grouping columns after groupby to silence this warning.
  complex_to_protein_ids = complex_composition.groupby(COMPLEX_ID).apply(lambda x: x[PROTEIN_ID].values).to_dict()

[ ][CORE][17/05/25-16:02:30][INFO] Running Real Analysis
[ ][CORE][17/05/25-16:02:30][INFO] Running Statistical Analysis
[2025-05-17 16:02:31,118: WARNING/MainProcess]   0%|          | 0/1000 [00:00<?, ?it/s]
[2025-05-17 16:02:31,266: WARNING/MainProcess]   0%|          | 5/1000 [00:00<00:29, 34.04it/s]
[2025-05-17 16:02:31,405: WARNING/MainProcess]   1%|1         | 13/1000 [00:00<00:20, 47.60it/s]
[2025-05-17 16:02:31,525: WARNING/MainProcess]   2%|2         | 21/1000 [00:00<00:17, 55.44it/s]
[2025-05-17 16:02:31,629: WARNING/MainProcess]   3%|2         | 27/1000 [00:00<00:17, 56.25it/s]
[2025-05-17 16:02:31,745: WARNING/MainProcess]   4%|3         | 35/1000 [00:00<00:15, 60.64it/s]
[2025-05-17 16:02:31,873: WARNING/MainProcess]   4%|4         | 43/1000 [00:00<00:15, 61.36it/s]
[2025-05-17 16:02:31,989: WARNING/MainProcess]   5%|5         | 51/1000 [00:00<00:14, 63.75it/s]
[2025-05-17 16:02:32,104: WARNING/MainProcess]   6%|5         | 58/1000 [00:00<00:14, 62.91it/s]
[2025-05-17 16:02:32,235: WARNING/MainProcess]   6%|6         | 65/1000 [00:01<00:15, 59.62it/s]
[2025-05-17 16:02:32,351: WARNING/MainProcess]   7%|7         | 72/1000 [00:01<00:15, 59.81it/s]
[2025-05-17 16:02:32,456: WARNING/MainProcess]   8%|7         | 79/1000 [00:01<00:14, 61.76it/s]
[2025-05-17 16:02:32,586: WARNING/MainProcess]   9%|8         | 86/1000 [00:01<00:15, 59.21it/s]
[2025-05-17 16:02:32,698: WARNING/MainProcess]   9%|9         | 93/1000 [00:01<00:15, 60.08it/s]
[2025-05-17 16:02:32,811: WARNING/MainProcess]  10%|#         | 101/1000 [00:01<00:14, 63.25it/s]
[2025-05-17 16:02:32,968: WARNING/MainProcess]  11%|#         | 108/1000 [00:01<00:15, 56.37it/s]
[2025-05-17 16:02:33,083: WARNING/MainProcess]  11%|#1        | 114/1000 [00:01<00:16, 55.24it/s]
[2025-05-17 16:02:33,186: WARNING/MainProcess]  12%|#2        | 120/1000 [00:02<00:15, 55.95it/s]
[2025-05-17 16:02:33,291: WARNING/MainProcess]  13%|#2        | 126/1000 [00:02<00:15, 56.32it/s]
[2025-05-17 16:02:33,397: WARNING/MainProcess]  13%|#3        | 132/1000 [00:02<00:15, 56.46it/s]
[2025-05-17 16:02:33,497: WARNING/MainProcess]  14%|#3        | 138/1000 [00:02<00:15, 57.41it/s]
[2025-05-17 16:02:33,629: WARNING/MainProcess]  14%|#4        | 144/1000 [00:02<00:16, 53.32it/s]
[2025-05-17 16:02:33,730: WARNING/MainProcess]  15%|#5        | 150/1000 [00:02<00:15, 54.96it/s]
[2025-05-17 16:02:33,855: WARNING/MainProcess]  16%|#5        | 156/1000 [00:02<00:15, 52.75it/s]
[2025-05-17 16:02:33,955: WARNING/MainProcess]  16%|#6        | 163/1000 [00:02<00:14, 57.32it/s]
[2025-05-17 16:02:34,074: WARNING/MainProcess]  17%|#7        | 171/1000 [00:02<00:13, 60.49it/s]
[2025-05-17 16:02:34,177: WARNING/MainProcess]  18%|#7        | 178/1000 [00:03<00:13, 62.61it/s]
[2025-05-17 16:02:34,300: WARNING/MainProcess]  18%|#8        | 185/1000 [00:03<00:13, 60.79it/s]
[2025-05-17 16:02:34,419: WARNING/MainProcess]  19%|#9        | 192/1000 [00:03<00:13, 60.18it/s]
[2025-05-17 16:02:34,522: WARNING/MainProcess]  20%|#9        | 199/1000 [00:03<00:12, 62.38it/s]
[2025-05-17 16:02:34,643: WARNING/MainProcess]  21%|##        | 207/1000 [00:03<00:12, 63.52it/s]
[2025-05-17 16:02:34,759: WARNING/MainProcess]  21%|##1       | 214/1000 [00:03<00:12, 62.50it/s]
[2025-05-17 16:02:34,881: WARNING/MainProcess]  22%|##2       | 221/1000 [00:03<00:12, 60.99it/s]
[2025-05-17 16:02:34,989: WARNING/MainProcess]  23%|##2       | 228/1000 [00:03<00:12, 62.04it/s]
[2025-05-17 16:02:35,107: WARNING/MainProcess]  24%|##3       | 235/1000 [00:03<00:12, 61.22it/s]
[2025-05-17 16:02:35,227: WARNING/MainProcess]  24%|##4       | 243/1000 [00:04<00:12, 62.80it/s]
[2025-05-17 16:02:35,368: WARNING/MainProcess]  25%|##5       | 250/1000 [00:04<00:12, 58.42it/s]
[2025-05-17 16:02:35,475: WARNING/MainProcess]  26%|##5       | 256/1000 [00:04<00:12, 57.78it/s]
[2025-05-17 16:02:35,575: WARNING/MainProcess]  26%|##6       | 262/1000 [00:04<00:12, 58.31it/s]
[2025-05-17 16:02:35,741: WARNING/MainProcess]  27%|##6       | 268/1000 [00:04<00:14, 49.81it/s]
[2025-05-17 16:02:35,844: WARNING/MainProcess]  28%|##7       | 275/1000 [00:04<00:13, 54.51it/s]
[2025-05-17 16:02:35,952: WARNING/MainProcess]  28%|##8       | 282/1000 [00:04<00:12, 57.22it/s]
[2025-05-17 16:02:36,057: WARNING/MainProcess]  29%|##8       | 288/1000 [00:04<00:12, 57.17it/s]
[2025-05-17 16:02:36,165: WARNING/MainProcess]  30%|##9       | 295/1000 [00:05<00:11, 59.51it/s]
[2025-05-17 16:02:36,277: WARNING/MainProcess]  30%|###       | 302/1000 [00:05<00:11, 60.28it/s]
[2025-05-17 16:02:36,389: WARNING/MainProcess]  31%|###       | 309/1000 [00:05<00:11, 60.98it/s]
[2025-05-17 16:02:36,516: WARNING/MainProcess]  32%|###1      | 316/1000 [00:05<00:11, 59.14it/s]
[2025-05-17 16:02:36,631: WARNING/MainProcess]  32%|###2      | 323/1000 [00:05<00:11, 59.56it/s]
[2025-05-17 16:02:36,775: WARNING/MainProcess]  33%|###3      | 331/1000 [00:05<00:11, 58.17it/s]
[2025-05-17 16:02:36,896: WARNING/MainProcess]  34%|###3      | 339/1000 [00:05<00:10, 60.51it/s]
[2025-05-17 16:02:37,015: WARNING/MainProcess]  35%|###4      | 347/1000 [00:05<00:10, 62.45it/s]
[2025-05-17 16:02:37,127: WARNING/MainProcess]  35%|###5      | 354/1000 [00:06<00:10, 62.53it/s]
[2025-05-17 16:02:37,254: WARNING/MainProcess]  36%|###6      | 361/1000 [00:06<00:10, 60.18it/s]
[2025-05-17 16:02:37,354: WARNING/MainProcess]  37%|###6      | 368/1000 [00:06<00:10, 62.69it/s]
[2025-05-17 16:02:37,515: WARNING/MainProcess]  38%|###7      | 375/1000 [00:06<00:11, 55.57it/s]
[2025-05-17 16:02:37,616: WARNING/MainProcess]  38%|###8      | 382/1000 [00:06<00:10, 59.00it/s]
[2025-05-17 16:02:37,770: WARNING/MainProcess]  39%|###8      | 389/1000 [00:06<00:11, 54.25it/s]
[2025-05-17 16:02:37,879: WARNING/MainProcess]  40%|###9      | 395/1000 [00:06<00:11, 54.48it/s]
[2025-05-17 16:02:37,993: WARNING/MainProcess]  40%|####      | 401/1000 [00:06<00:11, 53.85it/s]
[2025-05-17 16:02:38,105: WARNING/MainProcess]  41%|####      | 407/1000 [00:06<00:11, 53.78it/s]
[2025-05-17 16:02:38,227: WARNING/MainProcess]  41%|####1     | 414/1000 [00:07<00:10, 54.90it/s]
[2025-05-17 16:02:38,329: WARNING/MainProcess]  42%|####2     | 420/1000 [00:07<00:10, 56.06it/s]
[2025-05-17 16:02:38,457: WARNING/MainProcess]  43%|####2     | 426/1000 [00:07<00:10, 53.03it/s]
[2025-05-17 16:02:38,589: WARNING/MainProcess]  43%|####3     | 434/1000 [00:07<00:10, 55.41it/s]
[2025-05-17 16:02:38,716: WARNING/MainProcess]  44%|####4     | 442/1000 [00:07<00:09, 57.75it/s]
[2025-05-17 16:02:38,820: WARNING/MainProcess]  45%|####4     | 448/1000 [00:07<00:09, 57.78it/s]
[2025-05-17 16:02:38,958: WARNING/MainProcess]  46%|####5     | 455/1000 [00:07<00:09, 55.42it/s]
[2025-05-17 16:02:39,078: WARNING/MainProcess]  46%|####6     | 463/1000 [00:07<00:09, 58.73it/s]
[2025-05-17 16:02:39,213: WARNING/MainProcess]  47%|####6     | 469/1000 [00:08<00:09, 54.12it/s]
[2025-05-17 16:02:39,336: WARNING/MainProcess]  48%|####7     | 476/1000 [00:08<00:09, 54.94it/s]
[2025-05-17 16:02:39,454: WARNING/MainProcess]  48%|####8     | 484/1000 [00:08<00:08, 58.66it/s]
[2025-05-17 16:02:39,568: WARNING/MainProcess]  49%|####9     | 492/1000 [00:08<00:08, 61.87it/s]
[2025-05-17 16:02:39,687: WARNING/MainProcess]  50%|####9     | 499/1000 [00:08<00:08, 60.96it/s]
[2025-05-17 16:02:39,821: WARNING/MainProcess]  51%|#####     | 506/1000 [00:08<00:08, 58.22it/s]
[2025-05-17 16:02:39,933: WARNING/MainProcess]  51%|#####1    | 512/1000 [00:08<00:08, 56.83it/s]
[2025-05-17 16:02:40,054: WARNING/MainProcess]  52%|#####1    | 519/1000 [00:08<00:08, 57.23it/s]
[2025-05-17 16:02:40,174: WARNING/MainProcess]  53%|#####2    | 527/1000 [00:09<00:07, 60.02it/s]
[2025-05-17 16:02:40,300: WARNING/MainProcess]  53%|#####3    | 534/1000 [00:09<00:07, 58.66it/s]
[2025-05-17 16:02:40,424: WARNING/MainProcess]  54%|#####4    | 541/1000 [00:09<00:07, 58.01it/s]
[2025-05-17 16:02:40,534: WARNING/MainProcess]  55%|#####4    | 547/1000 [00:09<00:07, 56.99it/s]
[2025-05-17 16:02:40,661: WARNING/MainProcess]  55%|#####5    | 553/1000 [00:09<00:08, 53.94it/s]
[2025-05-17 16:02:40,769: WARNING/MainProcess]  56%|#####6    | 561/1000 [00:09<00:07, 59.54it/s]
[2025-05-17 16:02:40,889: WARNING/MainProcess]  57%|#####6    | 568/1000 [00:09<00:07, 59.10it/s]
[2025-05-17 16:02:40,993: WARNING/MainProcess]  57%|#####7    | 574/1000 [00:09<00:07, 58.71it/s]
[2025-05-17 16:02:41,100: WARNING/MainProcess]  58%|#####8    | 581/1000 [00:09<00:06, 60.66it/s]
[2025-05-17 16:02:41,234: WARNING/MainProcess]  59%|#####8    | 588/1000 [00:10<00:07, 57.83it/s]
[2025-05-17 16:02:41,367: WARNING/MainProcess]  60%|#####9    | 596/1000 [00:10<00:06, 58.63it/s]
[2025-05-17 16:02:41,467: WARNING/MainProcess]  60%|######    | 603/1000 [00:10<00:06, 61.54it/s]
[2025-05-17 16:02:41,587: WARNING/MainProcess]  61%|######1   | 610/1000 [00:10<00:06, 60.55it/s]
[2025-05-17 16:02:41,693: WARNING/MainProcess]  62%|######1   | 617/1000 [00:10<00:06, 62.14it/s]
[2025-05-17 16:02:41,812: WARNING/MainProcess]  62%|######2   | 624/1000 [00:10<00:06, 60.99it/s]
[2025-05-17 16:02:41,937: WARNING/MainProcess]  63%|######3   | 631/1000 [00:10<00:06, 59.52it/s]
[2025-05-17 16:02:42,053: WARNING/MainProcess]  64%|######3   | 637/1000 [00:10<00:06, 57.17it/s]
[2025-05-17 16:02:42,180: WARNING/MainProcess]  64%|######4   | 645/1000 [00:11<00:06, 58.94it/s]
[2025-05-17 16:02:42,311: WARNING/MainProcess]  65%|######5   | 653/1000 [00:11<00:05, 59.68it/s]
[2025-05-17 16:02:42,415: WARNING/MainProcess]  66%|######5   | 659/1000 [00:11<00:05, 59.12it/s]
[2025-05-17 16:02:42,536: WARNING/MainProcess]  67%|######6   | 666/1000 [00:11<00:05, 58.75it/s]
[2025-05-17 16:02:42,643: WARNING/MainProcess]  67%|######7   | 673/1000 [00:11<00:05, 60.54it/s]
[2025-05-17 16:02:42,744: WARNING/MainProcess]  68%|######8   | 680/1000 [00:11<00:05, 63.05it/s]
[2025-05-17 16:02:42,889: WARNING/MainProcess]  69%|######8   | 687/1000 [00:11<00:05, 57.66it/s]
[2025-05-17 16:02:42,990: WARNING/MainProcess]  69%|######9   | 693/1000 [00:11<00:05, 58.19it/s]
[2025-05-17 16:02:43,110: WARNING/MainProcess]  70%|######9   | 699/1000 [00:11<00:05, 55.66it/s]
[2025-05-17 16:02:43,245: WARNING/MainProcess]  71%|#######   | 706/1000 [00:12<00:05, 54.35it/s]
[2025-05-17 16:02:43,345: WARNING/MainProcess]  71%|#######1  | 713/1000 [00:12<00:04, 58.38it/s]
[2025-05-17 16:02:43,450: WARNING/MainProcess]  72%|#######1  | 719/1000 [00:12<00:04, 58.07it/s]
[2025-05-17 16:02:43,568: WARNING/MainProcess]  73%|#######2  | 726/1000 [00:12<00:04, 58.47it/s]
[2025-05-17 16:02:43,699: WARNING/MainProcess]  73%|#######3  | 734/1000 [00:12<00:04, 59.34it/s]
[2025-05-17 16:02:43,800: WARNING/MainProcess]  74%|#######4  | 741/1000 [00:12<00:04, 62.05it/s]
[2025-05-17 16:02:43,930: WARNING/MainProcess]  75%|#######4  | 748/1000 [00:12<00:04, 59.26it/s]
[2025-05-17 16:02:44,051: WARNING/MainProcess]  76%|#######5  | 755/1000 [00:12<00:04, 58.95it/s]
[2025-05-17 16:02:44,159: WARNING/MainProcess]  76%|#######6  | 761/1000 [00:13<00:04, 57.97it/s]
[2025-05-17 16:02:44,279: WARNING/MainProcess]  77%|#######6  | 769/1000 [00:13<00:03, 60.62it/s]
[2025-05-17 16:02:44,431: WARNING/MainProcess]  78%|#######7  | 776/1000 [00:13<00:04, 55.38it/s]
[2025-05-17 16:02:44,550: WARNING/MainProcess]  78%|#######8  | 784/1000 [00:13<00:03, 58.84it/s]
[2025-05-17 16:02:44,688: WARNING/MainProcess]  79%|#######9  | 791/1000 [00:13<00:03, 56.13it/s]
[2025-05-17 16:02:44,819: WARNING/MainProcess]  80%|#######9  | 799/1000 [00:13<00:03, 57.64it/s]
[2025-05-17 16:02:44,933: WARNING/MainProcess]  81%|########  | 807/1000 [00:13<00:03, 61.07it/s]
[2025-05-17 16:02:45,049: WARNING/MainProcess]  82%|########1 | 815/1000 [00:13<00:02, 63.39it/s]
[2025-05-17 16:02:45,195: WARNING/MainProcess]  82%|########2 | 822/1000 [00:14<00:03, 58.10it/s]
[2025-05-17 16:02:45,308: WARNING/MainProcess]  83%|########2 | 829/1000 [00:14<00:02, 59.25it/s]
[2025-05-17 16:02:45,422: WARNING/MainProcess]  84%|########3 | 836/1000 [00:14<00:02, 59.74it/s]
[2025-05-17 16:02:45,537: WARNING/MainProcess]  84%|########4 | 843/1000 [00:14<00:02, 60.14it/s]
[2025-05-17 16:02:45,655: WARNING/MainProcess]  85%|########5 | 850/1000 [00:14<00:02, 59.81it/s]
[2025-05-17 16:02:45,769: WARNING/MainProcess]  86%|########5 | 857/1000 [00:14<00:02, 60.34it/s]
[2025-05-17 16:02:45,892: WARNING/MainProcess]  86%|########6 | 864/1000 [00:14<00:02, 59.26it/s]
[2025-05-17 16:02:45,994: WARNING/MainProcess]  87%|########7 | 870/1000 [00:14<00:02, 59.11it/s]
[2025-05-17 16:02:46,098: WARNING/MainProcess]  88%|########7 | 876/1000 [00:14<00:02, 58.77it/s]
[2025-05-17 16:02:46,225: WARNING/MainProcess]  88%|########8 | 882/1000 [00:15<00:02, 55.02it/s]
[2025-05-17 16:02:46,343: WARNING/MainProcess]  89%|########8 | 889/1000 [00:15<00:01, 56.23it/s]
[2025-05-17 16:02:46,470: WARNING/MainProcess]  90%|########9 | 897/1000 [00:15<00:01, 58.37it/s]
[2025-05-17 16:02:46,571: WARNING/MainProcess]  90%|######### | 904/1000 [00:15<00:01, 61.36it/s]
[2025-05-17 16:02:46,694: WARNING/MainProcess]  91%|#########1| 911/1000 [00:15<00:01, 59.98it/s]
[2025-05-17 16:02:46,797: WARNING/MainProcess]  92%|#########1| 918/1000 [00:15<00:01, 62.15it/s]
[2025-05-17 16:02:46,905: WARNING/MainProcess]  92%|#########2| 925/1000 [00:15<00:01, 62.96it/s]
[2025-05-17 16:02:47,021: WARNING/MainProcess]  93%|#########3| 932/1000 [00:15<00:01, 62.14it/s]
[2025-05-17 16:02:47,141: WARNING/MainProcess]  94%|#########3| 939/1000 [00:16<00:01, 60.87it/s]
[2025-05-17 16:02:47,248: WARNING/MainProcess]  95%|#########4| 946/1000 [00:16<00:00, 62.29it/s]
[2025-05-17 16:02:47,351: WARNING/MainProcess]  95%|#########5| 953/1000 [00:16<00:00, 63.74it/s]
[2025-05-17 16:02:47,475: WARNING/MainProcess]  96%|#########6| 960/1000 [00:16<00:00, 61.35it/s]
[2025-05-17 16:02:47,580: WARNING/MainProcess]  97%|#########6| 967/1000 [00:16<00:00, 62.94it/s]
[2025-05-17 16:02:47,696: WARNING/MainProcess]  97%|#########7| 974/1000 [00:16<00:00, 62.19it/s]
[2025-05-17 16:02:47,812: WARNING/MainProcess]  98%|#########8| 981/1000 [00:16<00:00, 61.55it/s]
[2025-05-17 16:02:47,940: WARNING/MainProcess]  99%|#########8| 988/1000 [00:16<00:00, 59.30it/s]
[2025-05-17 16:02:48,063: WARNING/MainProcess] 100%|#########9| 995/1000 [00:16<00:00, 58.54it/s]
[2025-05-17 16:02:48,159: WARNING/MainProcess] 100%|##########| 1000/1000 [00:17<00:00, 58.68it/s]

worker: Warm shutdown (MainProcess)

worker: Warm shutdown (MainProcess)
[ ][CORE][17/05/25-16:02:48][INFO] Building Pvalues result
[ ][CORE][17/05/25-16:02:48][INFO] Building results
[2025-05-17 16:02:48,326: WARNING/MainProcess] Saved deconvoluted to /home/common/zyxing/singcell-benchmark/backend/data/results/3e60a90e-4f96-408e-8ac3-1d6ba561adb0/cellphonedb_out/statistical_analysis_deconvoluted_05_17_2025_160248.txt
[2025-05-17 16:02:48,327: WARNING/MainProcess] Saved deconvoluted_percents to /home/common/zyxing/singcell-benchmark/backend/data/results/3e60a90e-4f96-408e-8ac3-1d6ba561adb0/cellphonedb_out/statistical_analysis_deconvoluted_percents_05_17_2025_160248.txt
[2025-05-17 16:02:48,329: WARNING/MainProcess] Saved means to /home/common/zyxing/singcell-benchmark/backend/data/results/3e60a90e-4f96-408e-8ac3-1d6ba561adb0/cellphonedb_out/statistical_analysis_means_05_17_2025_160248.txt
[2025-05-17 16:02:48,331: WARNING/MainProcess] Saved pvalues to /home/common/zyxing/singcell-benchmark/backend/data/results/3e60a90e-4f96-408e-8ac3-1d6ba561adb0/cellphonedb_out/statistical_analysis_pvalues_05_17_2025_160248.txt
[2025-05-17 16:02:48,332: WARNING/MainProcess] Saved significant_means to /home/common/zyxing/singcell-benchmark/backend/data/results/3e60a90e-4f96-408e-8ac3-1d6ba561adb0/cellphonedb_out/statistical_analysis_significant_means_05_17_2025_160248.txt
[2025-05-17 16:02:48,335: WARNING/MainProcess] CellPhoneDB statistical analysis completed successfully.
[2025-05-17 16:02:48,335: WARNING/MainProcess] Warning: CellPhoneDB output files (significant_means.txt, pvalues.txt) not found. Skipping plot generation.
[2025-05-17 16:02:48,338: WARNING/MainProcess] Removed temporary directory: /home/common/zyxing/singcell-benchmark/backend/data/results/3e60a90e-4f96-408e-8ac3-1d6ba561adb0/temp_cpdb_input
[2025-05-17 16:02:48,340: INFO/MainProcess] Task app.tasks.communication_tasks.run_cellphone_analysis[fc908b02-0673-4737-905f-1368122b0ef9] succeeded in 19.058866307139397s: {'status': 'Complete', 'results_summary': {'source_data_id': '3e60a90e-4f96-408e-8ac3-1d6ba561adb0', 'cpdb_output_dir': '/home/common/zyxing/singcell-benchmark/backend/data/results/3e60a90e-4f96-408e-8ac3-1d6ba561adb0/cellphonedb_out', 'meta_file_generated': '/home/common/zyxing/singcell-benchmark/backend/data/results/3e60a90e-4f96-408e-8ac3-1d6ba561adb0/temp_cpdb_input/meta.tsv', 'counts_file_generated': '/home/common/zyxing/singcell-benchmark/backend/data/results/3e60a90e-4f96-408e-8ac3-1d6ba561adb0/temp_cpdb_input/counts.h5ad', 'cellphonedb_run_success': True, 'plots_generated': False}}
[2025-05-17 16:04:53,487: INFO/MainProcess] Task app.tasks.scanpy_tasks.run_scanpy_analysis[1c1c644f-8e56-4814-9a88-5664f95b5087] received
WARNING: saving figure to file /home/common/zyxing/singcell-benchmark/backend/data/results/temp_figures/violin_qc_violin_41063ec3-e9bf-4a62-a163-c56d1cfec3b6_7aa5b4b4-ee68-4d16-a37b-4a31d3d69d5c.png
filtered out 19024 genes that are detected in less than 3 cells
normalizing counts per cell
    finished (0:00:00)
extracting highly variable genes
    finished (0:00:00)
--> added
    'highly_variable', boolean vector (adata.var)
    'means', float vector (adata.var)
    'dispersions', float vector (adata.var)
    'dispersions_norm', float vector (adata.var)
computing PCA
    with n_comps=50
    finished (0:00:00)
computing neighbors
    using 'X_pca' with n_pcs = 30
    finished: added to `.uns['neighbors']`
    `.obsp['distances']`, distances for each pair of neighbors
    `.obsp['connectivities']`, weighted adjacency matrix (0:00:00)
computing UMAP
    finished: added
    'X_umap', UMAP coordinates (adata.obsm)
    'umap', UMAP parameters (adata.uns) (0:00:04)
running Leiden clustering
    finished: found 8 clusters and added
    'clusters', the cluster labels (adata.obs, categorical) (0:00:00)
ranking genes
    finished: added to `.uns['rank_genes_clusters']`
    'names', sorted np.recarray to be indexed by group ids
    'scores', sorted np.recarray to be indexed by group ids
    'logfoldchanges', sorted np.recarray to be indexed by group ids
    'pvals', sorted np.recarray to be indexed by group ids
    'pvals_adj', sorted np.recarray to be indexed by group ids (0:00:00)
WARNING: saving figure to file /home/common/zyxing/singcell-benchmark/backend/data/results/temp_figures/umap_umap_leiden_41063ec3-e9bf-4a62-a163-c56d1cfec3b6_952cf77d-51ef-490a-b756-76d84e0c5b04.png
[2025-05-17 16:05:01,944: WARNING/MainProcess] Moved plot to /home/common/zyxing/singcell-benchmark/backend/data/results/41063ec3-e9bf-4a62-a163-c56d1cfec3b6/umap_leiden.png
[2025-05-17 16:05:02,209: WARNING/MainProcess] ---------------------------------------------
[2025-05-17 16:05:02,209: WARNING/MainProcess] TASK 1c1c644f-8e56-4814-9a88-5664f95b5087: Attempting to return SUCCESS.
[2025-05-17 16:05:02,209: WARNING/MainProcess] Final Serializable Summary: {'original_shape': {'obs': 2700, 'var': 32738}, 'qc_calculated': True, 'qc_plot_path': '/home/common/zyxing/singcell-benchmark/backend/data/results/41063ec3-e9bf-4a62-a163-c56d1cfec3b6/qc_violin_before_filter.png', 'shape_after_basic_filter': {'obs': 2700, 'var': 13714}, 'normalized': True, 'hvg_calculated': True, 'shape_after_hvg': {'obs': 2700, 'var': 1872}, 'pca_done': True, 'neighbors_done': True, 'umap_done': True, 'clustering_done': {'method': 'leiden', 'resolution': 0.5}, 'marker_genes_calculated': True, 'marker_genes_path': '/home/common/zyxing/singcell-benchmark/backend/data/results/41063ec3-e9bf-4a62-a163-c56d1cfec3b6/marker_genes_leiden.csv', 'umap_plot_path': '/home/common/zyxing/singcell-benchmark/backend/data/results/41063ec3-e9bf-4a62-a163-c56d1cfec3b6/umap_leiden.png', 'processed_data_path': '/home/common/zyxing/singcell-benchmark/backend/data/results/41063ec3-e9bf-4a62-a163-c56d1cfec3b6/41063ec3-e9bf-4a62-a163-c56d1cfec3b6_processed.h5ad'}
[2025-05-17 16:05:02,209: WARNING/MainProcess] ---------------------------------------------
[2025-05-17 16:05:02,209: WARNING/MainProcess] TASK 1c1c644f-8e56-4814-9a88-5664f95b5087: Entering finally block.
[2025-05-17 16:05:02,210: WARNING/MainProcess] TASK 1c1c644f-8e56-4814-9a88-5664f95b5087: Found 0 temp items to remove.
[2025-05-17 16:05:02,210: WARNING/MainProcess] TASK 1c1c644f-8e56-4814-9a88-5664f95b5087: Closed matplotlib figures.
[2025-05-17 16:05:02,210: WARNING/MainProcess] TASK 1c1c644f-8e56-4814-9a88-5664f95b5087: Exiting finally block.
[2025-05-17 16:05:02,212: INFO/MainProcess] Task app.tasks.scanpy_tasks.run_scanpy_analysis[1c1c644f-8e56-4814-9a88-5664f95b5087] succeeded in 8.72457966580987s: {'status': 'Complete', 'results_summary': {'original_shape': {'obs': 2700, 'var': 32738}, 'qc_calculated': True, 'qc_plot_path': '/home/common/zyxing/singcell-benchmark/backend/data/results/41063ec3-e9bf-4a62-a163-c56d1cfec3b6/qc_violin_before_filter.png', 'shape_after_basic_filter': {'obs': 2700, 'var': 13714}, 'normalized': True, 'hvg_calculated': True, 'shape_after_hvg': {'obs': 2700, 'var': 1872}, 'pca_done': True, 'neighbors_done': True, 'umap_done': True, 'clustering_done': {'method': 'leiden', 'resolution': 0.5}, 'marker_genes_calculated': True, 'marker_genes_path': '/home/common/zyxing/singcell-benchmark/backend/data/results/41063ec3-e9bf-4a62-a163-c56d1cfec3b6/marker_genes_leiden.csv', 'umap_plot_path': '/home/common/zyxing/singcell-benchmark/backend/data/results/41063ec3-e9bf-4a62-a163-c56d1cfec3b6/umap_leiden.png', 'processed_data_path': '/home/common/zyxing/singcell-benchmark/backend/data/results/41063ec3-e9bf-4a62-a163-c56d1cfec3b6/41063ec3-e9bf-4a62-a163-c56d1cfec3b6_processed.h5ad'}}
[2025-05-17 16:05:12,074: INFO/MainProcess] Task app.tasks.trajectory_tasks.run_trajectory_analysis[82a64b15-b238-4b89-b4c5-5c42666b4544] received
computing Diffusion Maps using n_comps=15(=n_dcs)
computing transitions
    finished (0:00:00)
    eigenvalues of transition matrix
    [1.         0.9992301  0.9933529  0.9849966  0.98304415 0.9671725
     0.942832   0.9389226  0.8946745  0.88487643 0.8526565  0.8258938
     0.8218592  0.8066022  0.7640978 ]
    finished: added
    'X_diffmap', diffmap coordinates (adata.obsm)
    'diffmap_evals', eigenvalues of transition matrix (adata.uns) (0:00:00)
WARNING: saving figure to file /home/common/zyxing/singcell-benchmark/backend/data/results/temp_figures/diffmap_diffmap_41063ec3-e9bf-4a62-a163-c56d1cfec3b6_f6235b99-5bed-4ad3-9572-ec094d05ad1c.png
running PAGA
    finished: added
    'paga/connectivities', connectivities adjacency (adata.uns)
    'paga/connectivities_tree', connectivities subtree (adata.uns) (0:00:00)
--> added 'pos', the PAGA positions (adata.uns['paga'])
WARNING: saving figure to file /home/common/zyxing/singcell-benchmark/backend/data/results/temp_figures/paga_graph_paga_graph_41063ec3-e9bf-4a62-a163-c56d1cfec3b6_6c48dbad-948e-4929-9056-dd04f0d48371.png
[2025-05-17 16:05:12,877: WARNING/MainProcess] Warning: Could not generate PAGA UMAP plot: 'umap'
[2025-05-17 16:05:12,879: INFO/MainProcess] Task app.tasks.trajectory_tasks.run_trajectory_analysis[82a64b15-b238-4b89-b4c5-5c42666b4544] succeeded in 0.804727241396904s: {'status': 'Complete', 'results_summary': {'source_data_id': '41063ec3-e9bf-4a62-a163-c56d1cfec3b6', 'diffmap_done': True, 'diffmap_plot_path': '/home/common/zyxing/singcell-benchmark/backend/data/results/41063ec3-e9bf-4a62-a163-c56d1cfec3b6/diffmap.png', 'paga_done': True, 'paga_graph_plot_path': '/home/common/zyxing/singcell-benchmark/backend/data/results/41063ec3-e9bf-4a62-a163-c56d1cfec3b6/paga_graph.png'}}
[2025-05-17 16:05:39,360: INFO/MainProcess] Task app.tasks.communication_tasks.run_cellphone_analysis[897e54b4-debb-480b-b411-6beac7f2f1c9] received
[2025-05-17 16:05:39,489: WARNING/MainProcess] Using counts from adata.X
[2025-05-17 16:05:39,490: WARNING/MainProcess] Using gene identifiers from AnnData index (.var_names)
[2025-05-17 16:05:39,519: WARNING/MainProcess] Starting CellPhoneDB statistical analysis...
[2025-05-17 16:05:39,519: WARNING/MainProcess]   Meta file: /home/common/zyxing/singcell-benchmark/backend/data/results/41063ec3-e9bf-4a62-a163-c56d1cfec3b6/temp_cpdb_input/meta.tsv
[2025-05-17 16:05:39,519: WARNING/MainProcess]   Counts file: /home/common/zyxing/singcell-benchmark/backend/data/results/41063ec3-e9bf-4a62-a163-c56d1cfec3b6/temp_cpdb_input/counts.h5ad
[2025-05-17 16:05:39,519: WARNING/MainProcess]   Database path: /home/common/zyxing/singcell-benchmark/backend/cellphonedb_data/v5.0.0/cellphonedb.zip
[2025-05-17 16:05:39,519: WARNING/MainProcess]   Output path: /home/common/zyxing/singcell-benchmark/backend/data/results/41063ec3-e9bf-4a62-a163-c56d1cfec3b6/cellphonedb_out
[2025-05-17 16:05:39,519: WARNING/MainProcess]   Threads: 4
[2025-05-17 16:05:39,580: WARNING/MainProcess] Reading user files...
[2025-05-17 16:05:39,614: WARNING/MainProcess] The following user files were loaded successfully:
[2025-05-17 16:05:39,614: WARNING/MainProcess] /home/common/zyxing/singcell-benchmark/backend/data/results/41063ec3-e9bf-4a62-a163-c56d1cfec3b6/temp_cpdb_input/counts.h5ad
[2025-05-17 16:05:39,615: WARNING/MainProcess] /home/common/zyxing/singcell-benchmark/backend/data/results/41063ec3-e9bf-4a62-a163-c56d1cfec3b6/temp_cpdb_input/meta.tsv
[ ][CORE][17/05/25-16:05:39][INFO] [Cluster Statistical Analysis] Threshold:0.1 Iterations:1000 Debug-seed:-1 Threads:4 Precision:3
[2025-05-17 16:05:39,701: WARNING/MainProcess] /home/zyxing/anaconda3/envs/scanpy-app-backend/lib/python3.9/site-packages/cellphonedb/src/core/models/complex/complex_helper.py:40: DeprecationWarning: DataFrameGroupBy.apply operated on the grouping columns. This behavior is deprecated, and in a future version of pandas the grouping columns will be excluded from the operation. Either pass `include_groups=False` to exclude the groupings or explicitly select the grouping columns after groupby to silence this warning.
  complex_to_protein_ids = complex_composition.groupby(COMPLEX_ID).apply(lambda x: x[PROTEIN_ID].values).to_dict()

[ ][CORE][17/05/25-16:05:39][INFO] Running Real Analysis
[ ][CORE][17/05/25-16:05:39][INFO] Running Statistical Analysis
[2025-05-17 16:05:39,862: WARNING/MainProcess]   0%|          | 0/1000 [00:00<?, ?it/s]
[2025-05-17 16:05:39,981: WARNING/MainProcess]   0%|          | 2/1000 [00:00<00:58, 16.95it/s]
[2025-05-17 16:05:40,109: WARNING/MainProcess]   1%|          | 9/1000 [00:00<00:24, 39.82it/s]
[2025-05-17 16:05:40,217: WARNING/MainProcess]   2%|1         | 15/1000 [00:00<00:21, 46.51it/s]
[2025-05-17 16:05:40,356: WARNING/MainProcess]   2%|2         | 23/1000 [00:00<00:19, 51.34it/s]
[2025-05-17 16:05:40,475: WARNING/MainProcess]   3%|2         | 29/1000 [00:00<00:19, 50.99it/s]
[2025-05-17 16:05:40,606: WARNING/MainProcess]   4%|3         | 35/1000 [00:00<00:19, 49.28it/s]
[2025-05-17 16:05:40,786: WARNING/MainProcess]   4%|4         | 43/1000 [00:00<00:20, 47.29it/s]
[2025-05-17 16:05:40,912: WARNING/MainProcess]   5%|5         | 51/1000 [00:01<00:18, 51.91it/s]
[2025-05-17 16:05:41,022: WARNING/MainProcess]   6%|5         | 57/1000 [00:01<00:17, 52.69it/s]
[2025-05-17 16:05:41,159: WARNING/MainProcess]   6%|6         | 65/1000 [00:01<00:17, 54.55it/s]
[2025-05-17 16:05:41,291: WARNING/MainProcess]   7%|7         | 73/1000 [00:01<00:16, 56.36it/s]
[2025-05-17 16:05:41,416: WARNING/MainProcess]   8%|8         | 81/1000 [00:01<00:15, 58.58it/s]
[2025-05-17 16:05:41,534: WARNING/MainProcess]   9%|8         | 89/1000 [00:01<00:14, 61.25it/s]
[2025-05-17 16:05:41,637: WARNING/MainProcess]  10%|9         | 96/1000 [00:01<00:14, 63.01it/s]
[2025-05-17 16:05:41,763: WARNING/MainProcess]  10%|#         | 104/1000 [00:01<00:14, 63.19it/s]
[2025-05-17 16:05:41,883: WARNING/MainProcess]  11%|#1        | 112/1000 [00:02<00:13, 64.16it/s]
[2025-05-17 16:05:42,015: WARNING/MainProcess]  12%|#2        | 120/1000 [00:02<00:13, 63.10it/s]
[2025-05-17 16:05:42,138: WARNING/MainProcess]  13%|#2        | 128/1000 [00:02<00:13, 63.66it/s]
[2025-05-17 16:05:42,270: WARNING/MainProcess]  14%|#3        | 136/1000 [00:02<00:13, 62.60it/s]
[2025-05-17 16:05:42,446: WARNING/MainProcess]  14%|#4        | 143/1000 [00:02<00:15, 54.05it/s]
[2025-05-17 16:05:42,552: WARNING/MainProcess]  15%|#5        | 152/1000 [00:02<00:13, 61.62it/s]
[2025-05-17 16:05:42,660: WARNING/MainProcess]  16%|#5        | 159/1000 [00:02<00:13, 62.44it/s]
[2025-05-17 16:05:42,799: WARNING/MainProcess]  17%|#6        | 166/1000 [00:02<00:14, 58.55it/s]
[2025-05-17 16:05:42,951: WARNING/MainProcess]  17%|#7        | 174/1000 [00:03<00:14, 56.60it/s]
[2025-05-17 16:05:43,057: WARNING/MainProcess]  18%|#8        | 181/1000 [00:03<00:13, 58.96it/s]
[2025-05-17 16:05:43,205: WARNING/MainProcess]  19%|#8        | 188/1000 [00:03<00:14, 55.02it/s]
[2025-05-17 16:05:43,333: WARNING/MainProcess]  19%|#9        | 194/1000 [00:03<00:15, 52.67it/s]
[2025-05-17 16:05:43,439: WARNING/MainProcess]  20%|##        | 202/1000 [00:03<00:13, 58.51it/s]
[2025-05-17 16:05:43,562: WARNING/MainProcess]  21%|##        | 209/1000 [00:03<00:13, 57.94it/s]
[2025-05-17 16:05:43,669: WARNING/MainProcess]  22%|##1       | 215/1000 [00:03<00:13, 57.47it/s]
[2025-05-17 16:05:43,784: WARNING/MainProcess]  22%|##2       | 222/1000 [00:03<00:13, 58.48it/s]
[2025-05-17 16:05:43,893: WARNING/MainProcess]  23%|##2       | 229/1000 [00:04<00:12, 60.15it/s]
[2025-05-17 16:05:44,016: WARNING/MainProcess]  24%|##3       | 236/1000 [00:04<00:12, 59.17it/s]
[2025-05-17 16:05:44,134: WARNING/MainProcess]  24%|##4       | 244/1000 [00:04<00:12, 61.75it/s]
[2025-05-17 16:05:44,245: WARNING/MainProcess]  25%|##5       | 251/1000 [00:04<00:12, 62.14it/s]
[2025-05-17 16:05:44,347: WARNING/MainProcess]  26%|##5       | 258/1000 [00:04<00:11, 63.86it/s]
[2025-05-17 16:05:44,466: WARNING/MainProcess]  26%|##6       | 265/1000 [00:04<00:11, 62.27it/s]
[2025-05-17 16:05:44,588: WARNING/MainProcess]  27%|##7       | 273/1000 [00:04<00:11, 63.33it/s]
[2025-05-17 16:05:44,711: WARNING/MainProcess]  28%|##8       | 281/1000 [00:04<00:11, 63.85it/s]
[2025-05-17 16:05:44,834: WARNING/MainProcess]  29%|##8       | 289/1000 [00:04<00:11, 64.32it/s]
[2025-05-17 16:05:44,959: WARNING/MainProcess]  30%|##9       | 297/1000 [00:05<00:10, 64.22it/s]
[2025-05-17 16:05:45,066: WARNING/MainProcess]  30%|###       | 304/1000 [00:05<00:10, 64.39it/s]
[2025-05-17 16:05:45,197: WARNING/MainProcess]  31%|###1      | 311/1000 [00:05<00:11, 60.88it/s]
[2025-05-17 16:05:45,302: WARNING/MainProcess]  32%|###1      | 318/1000 [00:05<00:10, 62.42it/s]
[2025-05-17 16:05:45,447: WARNING/MainProcess]  33%|###2      | 326/1000 [00:05<00:11, 60.27it/s]
[2025-05-17 16:05:45,550: WARNING/MainProcess]  33%|###3      | 333/1000 [00:05<00:10, 62.00it/s]
[2025-05-17 16:05:45,671: WARNING/MainProcess]  34%|###4      | 340/1000 [00:05<00:10, 60.66it/s]
[2025-05-17 16:05:45,781: WARNING/MainProcess]  35%|###4      | 347/1000 [00:05<00:10, 61.60it/s]
[2025-05-17 16:05:45,882: WARNING/MainProcess]  35%|###5      | 354/1000 [00:06<00:10, 63.63it/s]
[2025-05-17 16:05:45,992: WARNING/MainProcess]  36%|###6      | 361/1000 [00:06<00:10, 63.56it/s]
[2025-05-17 16:05:46,125: WARNING/MainProcess]  37%|###6      | 368/1000 [00:06<00:10, 59.89it/s]
[2025-05-17 16:05:46,240: WARNING/MainProcess]  38%|###7      | 376/1000 [00:06<00:09, 62.79it/s]
[2025-05-17 16:05:46,382: WARNING/MainProcess]  38%|###8      | 383/1000 [00:06<00:10, 58.12it/s]
[2025-05-17 16:05:46,502: WARNING/MainProcess]  39%|###9      | 391/1000 [00:06<00:10, 60.62it/s]
[2025-05-17 16:05:46,630: WARNING/MainProcess]  40%|###9      | 398/1000 [00:06<00:10, 58.79it/s]
[2025-05-17 16:05:46,738: WARNING/MainProcess]  40%|####      | 404/1000 [00:06<00:10, 58.00it/s]
[2025-05-17 16:05:46,869: WARNING/MainProcess]  41%|####1     | 412/1000 [00:07<00:09, 58.97it/s]
[2025-05-17 16:05:47,007: WARNING/MainProcess]  42%|####2     | 420/1000 [00:07<00:09, 58.60it/s]
[2025-05-17 16:05:47,119: WARNING/MainProcess]  43%|####2     | 428/1000 [00:07<00:09, 62.18it/s]
[2025-05-17 16:05:47,258: WARNING/MainProcess]  44%|####3     | 435/1000 [00:07<00:09, 58.28it/s]
[2025-05-17 16:05:47,370: WARNING/MainProcess]  44%|####4     | 442/1000 [00:07<00:09, 59.48it/s]
[2025-05-17 16:05:47,490: WARNING/MainProcess]  45%|####5     | 450/1000 [00:07<00:08, 61.52it/s]
[2025-05-17 16:05:47,602: WARNING/MainProcess]  46%|####5     | 457/1000 [00:07<00:08, 61.77it/s]
[2025-05-17 16:05:47,745: WARNING/MainProcess]  46%|####6     | 464/1000 [00:07<00:09, 57.37it/s]
[2025-05-17 16:05:47,864: WARNING/MainProcess]  47%|####7     | 472/1000 [00:08<00:08, 60.32it/s]
[2025-05-17 16:05:48,006: WARNING/MainProcess]  48%|####7     | 479/1000 [00:08<00:09, 56.65it/s]
[2025-05-17 16:05:48,127: WARNING/MainProcess]  49%|####8     | 486/1000 [00:08<00:09, 56.96it/s]
[2025-05-17 16:05:48,274: WARNING/MainProcess]  49%|####9     | 494/1000 [00:08<00:09, 56.10it/s]
[2025-05-17 16:05:48,388: WARNING/MainProcess]  50%|#####     | 502/1000 [00:08<00:08, 59.91it/s]
[2025-05-17 16:05:48,489: WARNING/MainProcess]  51%|#####     | 509/1000 [00:08<00:07, 62.38it/s]
[2025-05-17 16:05:48,612: WARNING/MainProcess]  52%|#####1    | 516/1000 [00:08<00:07, 60.73it/s]
[2025-05-17 16:05:48,713: WARNING/MainProcess]  52%|#####2    | 523/1000 [00:08<00:07, 62.95it/s]
[2025-05-17 16:05:48,825: WARNING/MainProcess]  53%|#####3    | 530/1000 [00:08<00:07, 62.75it/s]
[2025-05-17 16:05:48,935: WARNING/MainProcess]  54%|#####3    | 537/1000 [00:09<00:07, 63.05it/s]
[2025-05-17 16:05:49,063: WARNING/MainProcess]  55%|#####4    | 545/1000 [00:09<00:07, 62.91it/s]
[2025-05-17 16:05:49,200: WARNING/MainProcess]  55%|#####5    | 553/1000 [00:09<00:07, 61.39it/s]
[2025-05-17 16:05:49,307: WARNING/MainProcess]  56%|#####6    | 561/1000 [00:09<00:06, 64.94it/s]
[2025-05-17 16:05:49,416: WARNING/MainProcess]  57%|#####6    | 568/1000 [00:09<00:06, 64.78it/s]
[2025-05-17 16:05:49,540: WARNING/MainProcess]  57%|#####7    | 575/1000 [00:09<00:06, 62.17it/s]
[2025-05-17 16:05:49,652: WARNING/MainProcess]  58%|#####8    | 582/1000 [00:09<00:06, 62.30it/s]
[2025-05-17 16:05:49,777: WARNING/MainProcess]  59%|#####8    | 589/1000 [00:09<00:06, 60.34it/s]
[2025-05-17 16:05:49,903: WARNING/MainProcess]  60%|#####9    | 596/1000 [00:10<00:06, 58.74it/s]
[2025-05-17 16:05:50,016: WARNING/MainProcess]  60%|######    | 603/1000 [00:10<00:06, 59.73it/s]
[2025-05-17 16:05:50,146: WARNING/MainProcess]  61%|######1   | 611/1000 [00:10<00:06, 60.26it/s]
[2025-05-17 16:05:50,276: WARNING/MainProcess]  62%|######1   | 619/1000 [00:10<00:06, 60.62it/s]
[2025-05-17 16:05:50,400: WARNING/MainProcess]  63%|######2   | 627/1000 [00:10<00:06, 61.86it/s]
[2025-05-17 16:05:50,505: WARNING/MainProcess]  63%|######3   | 634/1000 [00:10<00:05, 63.13it/s]
[2025-05-17 16:05:50,643: WARNING/MainProcess]  64%|######4   | 641/1000 [00:10<00:06, 58.98it/s]
[2025-05-17 16:05:50,750: WARNING/MainProcess]  65%|######4   | 647/1000 [00:10<00:06, 58.21it/s]
[2025-05-17 16:05:50,874: WARNING/MainProcess]  65%|######5   | 653/1000 [00:11<00:06, 55.17it/s]
[2025-05-17 16:05:51,011: WARNING/MainProcess]  66%|######6   | 661/1000 [00:11<00:06, 56.24it/s]
[2025-05-17 16:05:51,124: WARNING/MainProcess]  67%|######6   | 669/1000 [00:11<00:05, 60.34it/s]
[2025-05-17 16:05:51,229: WARNING/MainProcess]  68%|######7   | 676/1000 [00:11<00:05, 61.99it/s]
[2025-05-17 16:05:51,346: WARNING/MainProcess]  68%|######8   | 683/1000 [00:11<00:05, 61.32it/s]
[2025-05-17 16:05:51,468: WARNING/MainProcess]  69%|######9   | 690/1000 [00:11<00:05, 60.11it/s]
[2025-05-17 16:05:51,580: WARNING/MainProcess]  70%|######9   | 697/1000 [00:11<00:04, 60.79it/s]
[2025-05-17 16:05:51,707: WARNING/MainProcess]  70%|#######   | 705/1000 [00:11<00:04, 61.56it/s]
[2025-05-17 16:05:51,825: WARNING/MainProcess]  71%|#######1  | 713/1000 [00:11<00:04, 63.46it/s]
[2025-05-17 16:05:51,936: WARNING/MainProcess]  72%|#######2  | 721/1000 [00:12<00:04, 65.90it/s]
[2025-05-17 16:05:52,061: WARNING/MainProcess]  73%|#######2  | 728/1000 [00:12<00:04, 62.75it/s]
[2025-05-17 16:05:52,173: WARNING/MainProcess]  74%|#######3  | 735/1000 [00:12<00:04, 62.70it/s]
[2025-05-17 16:05:52,285: WARNING/MainProcess]  74%|#######4  | 742/1000 [00:12<00:04, 62.67it/s]
[2025-05-17 16:05:52,409: WARNING/MainProcess]  75%|#######5  | 750/1000 [00:12<00:03, 63.16it/s]
[2025-05-17 16:05:52,516: WARNING/MainProcess]  76%|#######5  | 758/1000 [00:12<00:03, 66.40it/s]
[2025-05-17 16:05:52,632: WARNING/MainProcess]  76%|#######6  | 765/1000 [00:12<00:03, 64.66it/s]
[2025-05-17 16:05:52,735: WARNING/MainProcess]  77%|#######7  | 772/1000 [00:12<00:03, 65.53it/s]
[2025-05-17 16:05:52,862: WARNING/MainProcess]  78%|#######7  | 779/1000 [00:12<00:03, 62.15it/s]
[2025-05-17 16:05:52,991: WARNING/MainProcess]  79%|#######8  | 786/1000 [00:13<00:03, 59.53it/s]
[2025-05-17 16:05:53,121: WARNING/MainProcess]  79%|#######9  | 794/1000 [00:13<00:03, 60.13it/s]
[2025-05-17 16:05:53,239: WARNING/MainProcess]  80%|########  | 801/1000 [00:13<00:03, 59.96it/s]
[2025-05-17 16:05:53,343: WARNING/MainProcess]  81%|########  | 808/1000 [00:13<00:03, 62.00it/s]
[2025-05-17 16:05:53,450: WARNING/MainProcess]  82%|########1 | 815/1000 [00:13<00:02, 62.90it/s]
[2025-05-17 16:05:53,582: WARNING/MainProcess]  82%|########2 | 822/1000 [00:13<00:02, 59.61it/s]
[2025-05-17 16:05:53,702: WARNING/MainProcess]  83%|########2 | 829/1000 [00:13<00:02, 59.25it/s]
[2025-05-17 16:05:53,808: WARNING/MainProcess]  84%|########3 | 836/1000 [00:13<00:02, 61.16it/s]
[2025-05-17 16:05:53,910: WARNING/MainProcess]  84%|########4 | 843/1000 [00:14<00:02, 63.22it/s]
[2025-05-17 16:05:54,047: WARNING/MainProcess]  85%|########5 | 850/1000 [00:14<00:02, 59.02it/s]
[2025-05-17 16:05:54,149: WARNING/MainProcess]  86%|########5 | 856/1000 [00:14<00:02, 58.95it/s]
[2025-05-17 16:05:54,286: WARNING/MainProcess]  86%|########6 | 863/1000 [00:14<00:02, 56.24it/s]
[2025-05-17 16:05:54,423: WARNING/MainProcess]  87%|########7 | 871/1000 [00:14<00:02, 56.97it/s]
[2025-05-17 16:05:54,532: WARNING/MainProcess]  88%|########7 | 879/1000 [00:14<00:01, 61.44it/s]
[2025-05-17 16:05:54,661: WARNING/MainProcess]  89%|########8 | 886/1000 [00:14<00:01, 59.26it/s]
[2025-05-17 16:05:54,760: WARNING/MainProcess]  89%|########9 | 893/1000 [00:14<00:01, 62.03it/s]
[2025-05-17 16:05:54,876: WARNING/MainProcess]  90%|######### | 900/1000 [00:15<00:01, 61.51it/s]
[2025-05-17 16:05:55,024: WARNING/MainProcess]  91%|######### | 907/1000 [00:15<00:01, 56.61it/s]
[2025-05-17 16:05:55,138: WARNING/MainProcess]  92%|#########1| 915/1000 [00:15<00:01, 60.41it/s]
[2025-05-17 16:05:55,272: WARNING/MainProcess]  92%|#########2| 922/1000 [00:15<00:01, 57.77it/s]
[2025-05-17 16:05:55,403: WARNING/MainProcess]  93%|#########3| 930/1000 [00:15<00:01, 58.68it/s]
[2025-05-17 16:05:55,527: WARNING/MainProcess]  94%|#########3| 936/1000 [00:15<00:01, 55.69it/s]
[2025-05-17 16:05:55,657: WARNING/MainProcess]  94%|#########4| 943/1000 [00:15<00:01, 55.13it/s]
[2025-05-17 16:05:55,762: WARNING/MainProcess]  95%|#########5| 950/1000 [00:15<00:00, 58.14it/s]
[2025-05-17 16:05:55,872: WARNING/MainProcess]  96%|#########5| 956/1000 [00:16<00:00, 57.11it/s]
[2025-05-17 16:05:55,990: WARNING/MainProcess]  96%|#########6| 963/1000 [00:16<00:00, 57.91it/s]
[2025-05-17 16:05:56,113: WARNING/MainProcess]  97%|#########7| 971/1000 [00:16<00:00, 59.97it/s]
[2025-05-17 16:05:56,217: WARNING/MainProcess]  98%|#########7| 978/1000 [00:16<00:00, 61.96it/s]
[2025-05-17 16:05:56,342: WARNING/MainProcess]  98%|#########8| 985/1000 [00:16<00:00, 60.15it/s]
[2025-05-17 16:05:56,465: WARNING/MainProcess]  99%|#########9| 992/1000 [00:16<00:00, 59.10it/s]
[2025-05-17 16:05:56,569: WARNING/MainProcess] 100%|#########9| 999/1000 [00:16<00:00, 61.42it/s]
[2025-05-17 16:05:56,576: WARNING/MainProcess] 100%|##########| 1000/1000 [00:16<00:00, 59.83it/s]
[ ][CORE][17/05/25-16:05:56][INFO] Building Pvalues result
[ ][CORE][17/05/25-16:05:56][INFO] Building results
[2025-05-17 16:05:56,756: WARNING/MainProcess] Saved deconvoluted to /home/common/zyxing/singcell-benchmark/backend/data/results/41063ec3-e9bf-4a62-a163-c56d1cfec3b6/cellphonedb_out/statistical_analysis_deconvoluted_05_17_2025_160556.txt
[2025-05-17 16:05:56,757: WARNING/MainProcess] Saved deconvoluted_percents to /home/common/zyxing/singcell-benchmark/backend/data/results/41063ec3-e9bf-4a62-a163-c56d1cfec3b6/cellphonedb_out/statistical_analysis_deconvoluted_percents_05_17_2025_160556.txt
[2025-05-17 16:05:56,759: WARNING/MainProcess] Saved means to /home/common/zyxing/singcell-benchmark/backend/data/results/41063ec3-e9bf-4a62-a163-c56d1cfec3b6/cellphonedb_out/statistical_analysis_means_05_17_2025_160556.txt
[2025-05-17 16:05:56,760: WARNING/MainProcess] Saved pvalues to /home/common/zyxing/singcell-benchmark/backend/data/results/41063ec3-e9bf-4a62-a163-c56d1cfec3b6/cellphonedb_out/statistical_analysis_pvalues_05_17_2025_160556.txt
[2025-05-17 16:05:56,762: WARNING/MainProcess] Saved significant_means to /home/common/zyxing/singcell-benchmark/backend/data/results/41063ec3-e9bf-4a62-a163-c56d1cfec3b6/cellphonedb_out/statistical_analysis_significant_means_05_17_2025_160556.txt
[2025-05-17 16:05:56,765: WARNING/MainProcess] CellPhoneDB statistical analysis completed successfully.
[2025-05-17 16:05:56,765: WARNING/MainProcess] Warning: CellPhoneDB output files (significant_means.txt, pvalues.txt) not found. Skipping plot generation.
[2025-05-17 16:05:56,769: WARNING/MainProcess] Removed temporary directory: /home/common/zyxing/singcell-benchmark/backend/data/results/41063ec3-e9bf-4a62-a163-c56d1cfec3b6/temp_cpdb_input
[2025-05-17 16:05:56,771: INFO/MainProcess] Task app.tasks.communication_tasks.run_cellphone_analysis[897e54b4-debb-480b-b411-6beac7f2f1c9] succeeded in 17.409957830794156s: {'status': 'Complete', 'results_summary': {'source_data_id': '41063ec3-e9bf-4a62-a163-c56d1cfec3b6', 'cpdb_output_dir': '/home/common/zyxing/singcell-benchmark/backend/data/results/41063ec3-e9bf-4a62-a163-c56d1cfec3b6/cellphonedb_out', 'meta_file_generated': '/home/common/zyxing/singcell-benchmark/backend/data/results/41063ec3-e9bf-4a62-a163-c56d1cfec3b6/temp_cpdb_input/meta.tsv', 'counts_file_generated': '/home/common/zyxing/singcell-benchmark/backend/data/results/41063ec3-e9bf-4a62-a163-c56d1cfec3b6/temp_cpdb_input/counts.h5ad', 'cellphonedb_run_success': True, 'plots_generated': False}}
[2025-05-17 16:07:05,129: INFO/MainProcess] Task app.tasks.velocity_tasks.run_rna_velocity[0bdfb510-d1e3-4941-acb6-dca7b37fb1d8] received
[2025-05-17 16:07:05,399: WARNING/MainProcess] Found 'spliced' and 'unspliced' layers in 59cc947a-c2e9-4e57-980c-c2a7cba2f10a.h5ad
[2025-05-17 16:07:05,400: WARNING/MainProcess] Warning: No processed/integrated AnnData found. Using original data for velocity calculation. Embedding plots will likely fail unless 'umap' exists in original data.
[2025-05-17 16:07:06,549: WARNING/MainProcess] Filtered out 20801 genes that are detected
[2025-05-17 16:07:06,549: WARNING/MainProcess]  
[2025-05-17 16:07:06,549: WARNING/MainProcess] 20 counts (shared).
[2025-05-17 16:07:06,844: WARNING/MainProcess] Normalized count data:
[2025-05-17 16:07:06,844: WARNING/MainProcess]  
[2025-05-17 16:07:06,844: WARNING/MainProcess] X, spliced, unspliced.
[2025-05-17 16:07:07,690: WARNING/MainProcess] Extracted 2000 highly variable genes.
[2025-05-17 16:07:07,691: WARNING/MainProcess] /home/zyxing/anaconda3/envs/scanpy-app-backend/lib/python3.9/site-packages/scvelo/preprocessing/utils.py:705: DeprecationWarning: `log1p` is deprecated since scVelo v0.3.0 and will be removed in a future version. Please use `log1p` from `scanpy.pp` instead.
  log1p(adata)

[2025-05-17 16:07:07,696: WARNING/MainProcess] Logarithmized X.
[2025-05-17 16:07:07,698: WARNING/MainProcess] /home/common/zyxing/singcell-benchmark/backend/app/tasks/velocity_tasks.py:75: DeprecationWarning: Automatic neighbor calculation is deprecated since scvelo==0.4.0 and will be removed in a future version of scVelo. Please compute neighbors first with Scanpy.
  scv.pp.moments(adata_for_velocity, n_pcs=30, n_neighbors=30) # Calculate moments

[2025-05-17 16:07:07,698: WARNING/MainProcess] /home/zyxing/anaconda3/envs/scanpy-app-backend/lib/python3.9/site-packages/scvelo/preprocessing/moments.py:71: DeprecationWarning: `neighbors` is deprecated since scvelo==0.4.0 and will be removed in a future version of scVelo. Please compute neighbors with Scanpy.
  neighbors(

[2025-05-17 16:07:07,716: WARNING/MainProcess] computing neighbors
[2025-05-17 16:07:08,009: WARNING/MainProcess]     finished
[2025-05-17 16:07:08,009: WARNING/MainProcess]  
[2025-05-17 16:07:08,009: WARNING/MainProcess] (0:00:00)
[2025-05-17 16:07:08,009: WARNING/MainProcess]  
[2025-05-17 16:07:08,009: WARNING/MainProcess] -->
[2025-05-17 16:07:08,009: WARNING/MainProcess]  
[2025-05-17 16:07:08,009: WARNING/MainProcess] added 
    'distances' and 'connectivities', weighted adjacency matrices (adata.obsp)
[2025-05-17 16:07:08,014: WARNING/MainProcess] computing moments based on connectivities
[2025-05-17 16:07:08,658: WARNING/MainProcess]     finished
[2025-05-17 16:07:08,659: WARNING/MainProcess]  
[2025-05-17 16:07:08,659: WARNING/MainProcess] (0:00:00)
[2025-05-17 16:07:08,659: WARNING/MainProcess]  
[2025-05-17 16:07:08,659: WARNING/MainProcess] -->
[2025-05-17 16:07:08,659: WARNING/MainProcess]  
[2025-05-17 16:07:08,659: WARNING/MainProcess] added 
    'Ms' and 'Mu', moments of un/spliced abundances (adata.layers)
[2025-05-17 16:07:08,660: WARNING/MainProcess] computing velocities
[2025-05-17 16:07:09,686: WARNING/MainProcess] /home/zyxing/anaconda3/envs/scanpy-app-backend/lib/python3.9/site-packages/scvelo/tools/optimization.py:184: DeprecationWarning: Conversion of an array with ndim > 0 to a scalar is deprecated, and will error in future. Ensure you extract a single element from your array before performing this operation. (Deprecated NumPy 1.25.)
  gamma[i] = np.linalg.pinv(A.T.dot(A)).dot(A.T.dot(y[:, i]))

[2025-05-17 16:07:09,938: WARNING/MainProcess]     finished
[2025-05-17 16:07:09,939: WARNING/MainProcess]  
[2025-05-17 16:07:09,939: WARNING/MainProcess] (0:00:01)
[2025-05-17 16:07:09,939: WARNING/MainProcess]  
[2025-05-17 16:07:09,939: WARNING/MainProcess] -->
[2025-05-17 16:07:09,939: WARNING/MainProcess]  
[2025-05-17 16:07:09,939: WARNING/MainProcess] added 
    'velocity', velocity vectors for each individual cell (adata.layers)
[2025-05-17 16:07:10,009: WARNING/MainProcess] computing velocity graph (using 4/48 cores)
[2025-05-17 16:07:10,013: WARNING/MainProcess]   0%|          | 0/3696 [00:00<?, ?cells/s]
[2025-05-17 16:07:20,265: WARNING/MainProcess]     finished
[2025-05-17 16:07:20,265: WARNING/MainProcess]  
[2025-05-17 16:07:20,266: WARNING/MainProcess] (0:00:10)
[2025-05-17 16:07:20,266: WARNING/MainProcess]  
[2025-05-17 16:07:20,266: WARNING/MainProcess] -->
[2025-05-17 16:07:20,266: WARNING/MainProcess]  
[2025-05-17 16:07:20,266: WARNING/MainProcess] added 
    'velocity_graph', sparse matrix with cosine correlations (adata.uns)
[2025-05-17 16:07:20,268: WARNING/MainProcess] computing velocity embedding
[2025-05-17 16:07:21,084: WARNING/MainProcess]     finished
[2025-05-17 16:07:21,084: WARNING/MainProcess]  
[2025-05-17 16:07:21,086: WARNING/MainProcess] (0:00:00)
[2025-05-17 16:07:21,086: WARNING/MainProcess]  
[2025-05-17 16:07:21,086: WARNING/MainProcess] -->
[2025-05-17 16:07:21,086: WARNING/MainProcess]  
[2025-05-17 16:07:21,086: WARNING/MainProcess] added
    'velocity_umap', embedded velocity vectors (adata.obsm)
[2025-05-17 16:07:21,278: WARNING/MainProcess] /home/zyxing/anaconda3/envs/scanpy-app-backend/lib/python3.9/site-packages/scvelo/plotting/utils.py:68: DeprecationWarning: is_categorical_dtype is deprecated and will be removed in a future version. Use isinstance(dtype, pd.CategoricalDtype) instead
  return isinstance(c, str) and c in data.obs.keys() and cat(data.obs[c])

[2025-05-17 16:07:21,281: WARNING/MainProcess] /home/zyxing/anaconda3/envs/scanpy-app-backend/lib/python3.9/site-packages/scvelo/plotting/utils.py:68: DeprecationWarning: is_categorical_dtype is deprecated and will be removed in a future version. Use isinstance(dtype, pd.CategoricalDtype) instead
  return isinstance(c, str) and c in data.obs.keys() and cat(data.obs[c])

[2025-05-17 16:07:21,283: WARNING/MainProcess] /home/zyxing/anaconda3/envs/scanpy-app-backend/lib/python3.9/site-packages/scvelo/plotting/utils.py:68: DeprecationWarning: is_categorical_dtype is deprecated and will be removed in a future version. Use isinstance(dtype, pd.CategoricalDtype) instead
  return isinstance(c, str) and c in data.obs.keys() and cat(data.obs[c])

[2025-05-17 16:07:21,297: WARNING/MainProcess] /home/zyxing/anaconda3/envs/scanpy-app-backend/lib/python3.9/site-packages/scvelo/plotting/utils.py:68: DeprecationWarning: is_categorical_dtype is deprecated and will be removed in a future version. Use isinstance(dtype, pd.CategoricalDtype) instead
  return isinstance(c, str) and c in data.obs.keys() and cat(data.obs[c])

[2025-05-17 16:07:21,299: WARNING/MainProcess] /home/zyxing/anaconda3/envs/scanpy-app-backend/lib/python3.9/site-packages/scvelo/plotting/utils.py:68: DeprecationWarning: is_categorical_dtype is deprecated and will be removed in a future version. Use isinstance(dtype, pd.CategoricalDtype) instead
  return isinstance(c, str) and c in data.obs.keys() and cat(data.obs[c])

[2025-05-17 16:07:21,312: WARNING/MainProcess] /home/zyxing/anaconda3/envs/scanpy-app-backend/lib/python3.9/site-packages/scvelo/plotting/utils.py:68: DeprecationWarning: is_categorical_dtype is deprecated and will be removed in a future version. Use isinstance(dtype, pd.CategoricalDtype) instead
  return isinstance(c, str) and c in data.obs.keys() and cat(data.obs[c])

[2025-05-17 16:07:21,314: WARNING/MainProcess] /home/zyxing/anaconda3/envs/scanpy-app-backend/lib/python3.9/site-packages/scvelo/plotting/utils.py:68: DeprecationWarning: is_categorical_dtype is deprecated and will be removed in a future version. Use isinstance(dtype, pd.CategoricalDtype) instead
  return isinstance(c, str) and c in data.obs.keys() and cat(data.obs[c])

[2025-05-17 16:07:21,337: WARNING/MainProcess] /home/zyxing/anaconda3/envs/scanpy-app-backend/lib/python3.9/site-packages/scvelo/plotting/utils.py:68: DeprecationWarning: is_categorical_dtype is deprecated and will be removed in a future version. Use isinstance(dtype, pd.CategoricalDtype) instead
  return isinstance(c, str) and c in data.obs.keys() and cat(data.obs[c])

[2025-05-17 16:07:21,668: WARNING/MainProcess] saving figure to file
[2025-05-17 16:07:21,668: WARNING/MainProcess]  
[2025-05-17 16:07:21,668: WARNING/MainProcess] ./figures/scvelo_velocity_embedding_umap_grid_59cc947a-c2e9-4e57-980c-c2a7cba2f10a_dbbe8c3a-59bd-4678-b86d-120b1dfa812e.png
[2025-05-17 16:07:21,669: WARNING/MainProcess] Saved grid plot to /home/common/zyxing/singcell-benchmark/backend/data/results/59cc947a-c2e9-4e57-980c-c2a7cba2f10a/velocity_embedding_umap_grid.png
[2025-05-17 16:07:23,051: WARNING/MainProcess] /home/zyxing/anaconda3/envs/scanpy-app-backend/lib/python3.9/site-packages/scvelo/plotting/utils.py:68: DeprecationWarning: is_categorical_dtype is deprecated and will be removed in a future version. Use isinstance(dtype, pd.CategoricalDtype) instead
  return isinstance(c, str) and c in data.obs.keys() and cat(data.obs[c])

[2025-05-17 16:07:23,054: WARNING/MainProcess] /home/zyxing/anaconda3/envs/scanpy-app-backend/lib/python3.9/site-packages/scvelo/plotting/utils.py:68: DeprecationWarning: is_categorical_dtype is deprecated and will be removed in a future version. Use isinstance(dtype, pd.CategoricalDtype) instead
  return isinstance(c, str) and c in data.obs.keys() and cat(data.obs[c])

[2025-05-17 16:07:23,056: WARNING/MainProcess] /home/zyxing/anaconda3/envs/scanpy-app-backend/lib/python3.9/site-packages/scvelo/plotting/utils.py:68: DeprecationWarning: is_categorical_dtype is deprecated and will be removed in a future version. Use isinstance(dtype, pd.CategoricalDtype) instead
  return isinstance(c, str) and c in data.obs.keys() and cat(data.obs[c])

[2025-05-17 16:07:23,070: WARNING/MainProcess] /home/zyxing/anaconda3/envs/scanpy-app-backend/lib/python3.9/site-packages/scvelo/plotting/utils.py:68: DeprecationWarning: is_categorical_dtype is deprecated and will be removed in a future version. Use isinstance(dtype, pd.CategoricalDtype) instead
  return isinstance(c, str) and c in data.obs.keys() and cat(data.obs[c])

[2025-05-17 16:07:23,072: WARNING/MainProcess] /home/zyxing/anaconda3/envs/scanpy-app-backend/lib/python3.9/site-packages/scvelo/plotting/utils.py:68: DeprecationWarning: is_categorical_dtype is deprecated and will be removed in a future version. Use isinstance(dtype, pd.CategoricalDtype) instead
  return isinstance(c, str) and c in data.obs.keys() and cat(data.obs[c])

[2025-05-17 16:07:23,084: WARNING/MainProcess] /home/zyxing/anaconda3/envs/scanpy-app-backend/lib/python3.9/site-packages/scvelo/plotting/utils.py:68: DeprecationWarning: is_categorical_dtype is deprecated and will be removed in a future version. Use isinstance(dtype, pd.CategoricalDtype) instead
  return isinstance(c, str) and c in data.obs.keys() and cat(data.obs[c])

[2025-05-17 16:07:23,086: WARNING/MainProcess] /home/zyxing/anaconda3/envs/scanpy-app-backend/lib/python3.9/site-packages/scvelo/plotting/utils.py:68: DeprecationWarning: is_categorical_dtype is deprecated and will be removed in a future version. Use isinstance(dtype, pd.CategoricalDtype) instead
  return isinstance(c, str) and c in data.obs.keys() and cat(data.obs[c])

[2025-05-17 16:07:23,102: WARNING/MainProcess] /home/zyxing/anaconda3/envs/scanpy-app-backend/lib/python3.9/site-packages/scvelo/plotting/utils.py:68: DeprecationWarning: is_categorical_dtype is deprecated and will be removed in a future version. Use isinstance(dtype, pd.CategoricalDtype) instead
  return isinstance(c, str) and c in data.obs.keys() and cat(data.obs[c])

[2025-05-17 16:07:23,534: WARNING/MainProcess] saving figure to file
[2025-05-17 16:07:23,535: WARNING/MainProcess]  
[2025-05-17 16:07:23,535: WARNING/MainProcess] ./figures/scvelo__velocity_embedding_umap_stream_59cc947a-c2e9-4e57-980c-c2a7cba2f10a_3e313ff6-daf9-4330-9bcb-dc422e39c240.png
[2025-05-17 16:07:23,535: WARNING/MainProcess] Warning: Velocity stream plot file not found at figures/scvelo_velocity_embedding_umap_stream_59cc947a-c2e9-4e57-980c-c2a7cba2f10a_4466f404-597a-4888-b846-aa9d63e4ea10.png or figures/velocity_embedding_umap_stream_59cc947a-c2e9-4e57-980c-c2a7cba2f10a_7dddccb2-1db7-4047-b467-b1bdd2ca4bb1.png
[2025-05-17 16:07:23,539: INFO/MainProcess] Task app.tasks.velocity_tasks.run_rna_velocity[0bdfb510-d1e3-4941-acb6-dca7b37fb1d8] succeeded in 18.408038003370166s: {'status': 'Complete', 'results_summary': {'source_data_id': '59cc947a-c2e9-4e57-980c-c2a7cba2f10a', 'original_data_loaded': True, 'velocity_calculated': {'mode': 'stochastic'}, 'velocity_graph_calculated': True, 'grid_plot_path': '/home/common/zyxing/singcell-benchmark/backend/data/results/59cc947a-c2e9-4e57-980c-c2a7cba2f10a/velocity_embedding_umap_grid.png'}}
[2025-05-17 16:08:03,400: INFO/MainProcess] Task app.tasks.integration_tasks.run_integration[f5f97ac9-67cd-4448-86f0-392d6b711c37] received
computing PCA
    with n_comps=50
    finished (0:00:00)
computing batch balanced neighbors
WARNING: consider updating your call to make use of `computation`
	finished: added to `.uns['neighbors']`
    `.obsp['distances']`, distances for each pair of neighbors
    `.obsp['connectivities']`, weighted adjacency matrix (0:00:00)
computing UMAP
    finished: added
    'X_umap', UMAP coordinates (adata.obsm)
    'umap', UMAP parameters (adata.uns) (0:00:04)
WARNING: saving figure to file /home/common/zyxing/singcell-benchmark/backend/data/results/temp_figures/umap_umap_integrated_batch_integrated_1747469281525_76e40aff-00b9-42e7-9c02-a201f3d5012a.png
[2025-05-17 16:08:09,795: INFO/MainProcess] Task app.tasks.integration_tasks.run_integration[f5f97ac9-67cd-4448-86f0-392d6b711c37] succeeded in 6.394168362952769s: {'status': 'Complete', 'results_summary': {'integrated_data_id': 'integrated_1747469281525', 'concatenated_shape': {'obs': 3338, 'var': 208}, 'pca_on_concatenated': True, 'integration_method': 'bbknn', 'neighbors_done': True, 'umap_done': True, 'umap_batch_plot_path': '/home/common/zyxing/singcell-benchmark/backend/data/results/integrated_1747469281525/umap_integrated_batch.png', 'integrated_data_path': '/home/common/zyxing/singcell-benchmark/backend/data/results/integrated_1747469281525/integrated_1747469281525_integrated.h5ad'}}
[2025-05-17 16:12:18,657: INFO/MainProcess] Task app.tasks.scanpy_tasks.run_scanpy_analysis[52a87c83-656a-414f-850b-0fb9bca8b0fa] received
WARNING: saving figure to file /home/common/zyxing/singcell-benchmark/backend/data/results/temp_figures/violin_qc_violin_6d3f5eb7-08a2-4d0b-87fd-cd30fceba68e_48f40557-834d-40ed-967b-05abdce7b35a.png
filtered out 19024 genes that are detected in less than 3 cells
normalizing counts per cell
    finished (0:00:00)
extracting highly variable genes
    finished (0:00:00)
--> added
    'highly_variable', boolean vector (adata.var)
    'means', float vector (adata.var)
    'dispersions', float vector (adata.var)
    'dispersions_norm', float vector (adata.var)
computing PCA
    with n_comps=50
    finished (0:00:00)
computing neighbors
    using 'X_pca' with n_pcs = 30
    finished: added to `.uns['neighbors']`
    `.obsp['distances']`, distances for each pair of neighbors
    `.obsp['connectivities']`, weighted adjacency matrix (0:00:00)
computing UMAP
    finished: added
    'X_umap', UMAP coordinates (adata.obsm)
    'umap', UMAP parameters (adata.uns) (0:00:05)
running Leiden clustering
    finished: found 8 clusters and added
    'clusters', the cluster labels (adata.obs, categorical) (0:00:00)
ranking genes
    finished: added to `.uns['rank_genes_clusters']`
    'names', sorted np.recarray to be indexed by group ids
    'scores', sorted np.recarray to be indexed by group ids
    'logfoldchanges', sorted np.recarray to be indexed by group ids
    'pvals', sorted np.recarray to be indexed by group ids
    'pvals_adj', sorted np.recarray to be indexed by group ids (0:00:00)
WARNING: saving figure to file /home/common/zyxing/singcell-benchmark/backend/data/results/temp_figures/umap_umap_leiden_6d3f5eb7-08a2-4d0b-87fd-cd30fceba68e_ab1c47ac-bf6b-487a-95df-ac44e4dec0d8.png
[2025-05-17 16:12:27,208: WARNING/MainProcess] Moved plot to /home/common/zyxing/singcell-benchmark/backend/data/results/6d3f5eb7-08a2-4d0b-87fd-cd30fceba68e/umap_leiden.png
[2025-05-17 16:12:27,487: WARNING/MainProcess] ---------------------------------------------
[2025-05-17 16:12:27,488: WARNING/MainProcess] TASK 52a87c83-656a-414f-850b-0fb9bca8b0fa: Attempting to return SUCCESS.
[2025-05-17 16:12:27,488: WARNING/MainProcess] Final Serializable Summary: {'original_shape': {'obs': 2700, 'var': 32738}, 'qc_calculated': True, 'qc_plot_path': '/home/common/zyxing/singcell-benchmark/backend/data/results/6d3f5eb7-08a2-4d0b-87fd-cd30fceba68e/qc_violin_before_filter.png', 'shape_after_basic_filter': {'obs': 2700, 'var': 13714}, 'normalized': True, 'hvg_calculated': True, 'shape_after_hvg': {'obs': 2700, 'var': 1872}, 'pca_done': True, 'neighbors_done': True, 'umap_done': True, 'clustering_done': {'method': 'leiden', 'resolution': 0.5}, 'marker_genes_calculated': True, 'marker_genes_path': '/home/common/zyxing/singcell-benchmark/backend/data/results/6d3f5eb7-08a2-4d0b-87fd-cd30fceba68e/marker_genes_leiden.csv', 'umap_plot_path': '/home/common/zyxing/singcell-benchmark/backend/data/results/6d3f5eb7-08a2-4d0b-87fd-cd30fceba68e/umap_leiden.png', 'processed_data_path': '/home/common/zyxing/singcell-benchmark/backend/data/results/6d3f5eb7-08a2-4d0b-87fd-cd30fceba68e/6d3f5eb7-08a2-4d0b-87fd-cd30fceba68e_processed.h5ad'}
[2025-05-17 16:12:27,488: WARNING/MainProcess] ---------------------------------------------
[2025-05-17 16:12:27,488: WARNING/MainProcess] TASK 52a87c83-656a-414f-850b-0fb9bca8b0fa: Entering finally block.
[2025-05-17 16:12:27,489: WARNING/MainProcess] TASK 52a87c83-656a-414f-850b-0fb9bca8b0fa: Found 0 temp items to remove.
[2025-05-17 16:12:27,489: WARNING/MainProcess] TASK 52a87c83-656a-414f-850b-0fb9bca8b0fa: Closed matplotlib figures.
[2025-05-17 16:12:27,489: WARNING/MainProcess] TASK 52a87c83-656a-414f-850b-0fb9bca8b0fa: Exiting finally block.
[2025-05-17 16:12:27,491: INFO/MainProcess] Task app.tasks.scanpy_tasks.run_scanpy_analysis[52a87c83-656a-414f-850b-0fb9bca8b0fa] succeeded in 8.832888948731124s: {'status': 'Complete', 'results_summary': {'original_shape': {'obs': 2700, 'var': 32738}, 'qc_calculated': True, 'qc_plot_path': '/home/common/zyxing/singcell-benchmark/backend/data/results/6d3f5eb7-08a2-4d0b-87fd-cd30fceba68e/qc_violin_before_filter.png', 'shape_after_basic_filter': {'obs': 2700, 'var': 13714}, 'normalized': True, 'hvg_calculated': True, 'shape_after_hvg': {'obs': 2700, 'var': 1872}, 'pca_done': True, 'neighbors_done': True, 'umap_done': True, 'clustering_done': {'method': 'leiden', 'resolution': 0.5}, 'marker_genes_calculated': True, 'marker_genes_path': '/home/common/zyxing/singcell-benchmark/backend/data/results/6d3f5eb7-08a2-4d0b-87fd-cd30fceba68e/marker_genes_leiden.csv', 'umap_plot_path': '/home/common/zyxing/singcell-benchmark/backend/data/results/6d3f5eb7-08a2-4d0b-87fd-cd30fceba68e/umap_leiden.png', 'processed_data_path': '/home/common/zyxing/singcell-benchmark/backend/data/results/6d3f5eb7-08a2-4d0b-87fd-cd30fceba68e/6d3f5eb7-08a2-4d0b-87fd-cd30fceba68e_processed.h5ad'}}
[2025-05-17 16:12:39,721: INFO/MainProcess] Task app.tasks.trajectory_tasks.run_trajectory_analysis[33faed4f-6cea-4e43-af9c-4524f25dacb2] received
computing Diffusion Maps using n_comps=15(=n_dcs)
computing transitions
    finished (0:00:00)
    eigenvalues of transition matrix
    [1.         0.9992301  0.9933529  0.9849966  0.98304415 0.9671725
     0.942832   0.9389226  0.8946745  0.88487643 0.8526565  0.8258938
     0.8218592  0.8066022  0.7640978 ]
    finished: added
    'X_diffmap', diffmap coordinates (adata.obsm)
    'diffmap_evals', eigenvalues of transition matrix (adata.uns) (0:00:00)
WARNING: saving figure to file /home/common/zyxing/singcell-benchmark/backend/data/results/temp_figures/diffmap_diffmap_6d3f5eb7-08a2-4d0b-87fd-cd30fceba68e_06bb9eb5-2913-4181-acf7-730394f016ca.png
running PAGA
    finished: added
    'paga/connectivities', connectivities adjacency (adata.uns)
    'paga/connectivities_tree', connectivities subtree (adata.uns) (0:00:00)
--> added 'pos', the PAGA positions (adata.uns['paga'])
WARNING: saving figure to file /home/common/zyxing/singcell-benchmark/backend/data/results/temp_figures/paga_graph_paga_graph_6d3f5eb7-08a2-4d0b-87fd-cd30fceba68e_bab9df32-689a-446d-9b1e-36d54d0c3f5e.png
[2025-05-17 16:12:40,509: WARNING/MainProcess] Warning: Could not generate PAGA UMAP plot: 'umap'
[2025-05-17 16:12:40,512: INFO/MainProcess] Task app.tasks.trajectory_tasks.run_trajectory_analysis[33faed4f-6cea-4e43-af9c-4524f25dacb2] succeeded in 0.7899793181568384s: {'status': 'Complete', 'results_summary': {'source_data_id': '6d3f5eb7-08a2-4d0b-87fd-cd30fceba68e', 'diffmap_done': True, 'diffmap_plot_path': '/home/common/zyxing/singcell-benchmark/backend/data/results/6d3f5eb7-08a2-4d0b-87fd-cd30fceba68e/diffmap.png', 'paga_done': True, 'paga_graph_plot_path': '/home/common/zyxing/singcell-benchmark/backend/data/results/6d3f5eb7-08a2-4d0b-87fd-cd30fceba68e/paga_graph.png'}}
[2025-05-17 16:12:47,610: INFO/MainProcess] Task app.tasks.communication_tasks.run_cellphone_analysis[8b3db02a-820d-4669-9b40-d296ed102ffc] received
[2025-05-17 16:12:47,767: WARNING/MainProcess] Using counts from adata.X
[2025-05-17 16:12:47,767: WARNING/MainProcess] Using gene identifiers from AnnData index (.var_names)
[2025-05-17 16:12:47,800: WARNING/MainProcess] Starting CellPhoneDB statistical analysis...
[2025-05-17 16:12:47,800: WARNING/MainProcess]   Meta file: /home/common/zyxing/singcell-benchmark/backend/data/results/6d3f5eb7-08a2-4d0b-87fd-cd30fceba68e/temp_cpdb_input/meta.tsv
[2025-05-17 16:12:47,801: WARNING/MainProcess]   Counts file: /home/common/zyxing/singcell-benchmark/backend/data/results/6d3f5eb7-08a2-4d0b-87fd-cd30fceba68e/temp_cpdb_input/counts.h5ad
[2025-05-17 16:12:47,801: WARNING/MainProcess]   Database path: /home/common/zyxing/singcell-benchmark/backend/cellphonedb_data/v5.0.0/cellphonedb.zip
[2025-05-17 16:12:47,801: WARNING/MainProcess]   Output path: /home/common/zyxing/singcell-benchmark/backend/data/results/6d3f5eb7-08a2-4d0b-87fd-cd30fceba68e/cellphonedb_out
[2025-05-17 16:12:47,801: WARNING/MainProcess]   Threads: 4
[2025-05-17 16:12:47,872: WARNING/MainProcess] Reading user files...
[2025-05-17 16:12:47,908: WARNING/MainProcess] The following user files were loaded successfully:
[2025-05-17 16:12:47,908: WARNING/MainProcess] /home/common/zyxing/singcell-benchmark/backend/data/results/6d3f5eb7-08a2-4d0b-87fd-cd30fceba68e/temp_cpdb_input/counts.h5ad
[2025-05-17 16:12:47,908: WARNING/MainProcess] /home/common/zyxing/singcell-benchmark/backend/data/results/6d3f5eb7-08a2-4d0b-87fd-cd30fceba68e/temp_cpdb_input/meta.tsv
[ ][CORE][17/05/25-16:12:47][INFO] [Cluster Statistical Analysis] Threshold:0.1 Iterations:1000 Debug-seed:-1 Threads:4 Precision:3
[2025-05-17 16:12:48,002: WARNING/MainProcess] /home/zyxing/anaconda3/envs/scanpy-app-backend/lib/python3.9/site-packages/cellphonedb/src/core/models/complex/complex_helper.py:40: DeprecationWarning: DataFrameGroupBy.apply operated on the grouping columns. This behavior is deprecated, and in a future version of pandas the grouping columns will be excluded from the operation. Either pass `include_groups=False` to exclude the groupings or explicitly select the grouping columns after groupby to silence this warning.
  complex_to_protein_ids = complex_composition.groupby(COMPLEX_ID).apply(lambda x: x[PROTEIN_ID].values).to_dict()

[ ][CORE][17/05/25-16:12:48][INFO] Running Real Analysis
[ ][CORE][17/05/25-16:12:48][INFO] Running Statistical Analysis
[2025-05-17 16:12:48,173: WARNING/MainProcess]   0%|          | 0/1000 [00:00<?, ?it/s]
[2025-05-17 16:12:48,306: WARNING/MainProcess]   0%|          | 1/1000 [00:00<02:05,  7.97it/s]
[2025-05-17 16:12:48,408: WARNING/MainProcess]   1%|          | 7/1000 [00:00<00:28, 35.29it/s]
[2025-05-17 16:12:48,524: WARNING/MainProcess]   1%|1         | 12/1000 [00:00<00:25, 38.96it/s]
[2025-05-17 16:12:48,634: WARNING/MainProcess]   2%|2         | 21/1000 [00:00<00:17, 55.57it/s]
[2025-05-17 16:12:48,756: WARNING/MainProcess]   3%|2         | 27/1000 [00:00<00:18, 52.98it/s]
[2025-05-17 16:12:48,863: WARNING/MainProcess]   4%|3         | 35/1000 [00:00<00:16, 60.18it/s]
[2025-05-17 16:12:48,966: WARNING/MainProcess]   4%|4         | 42/1000 [00:00<00:15, 62.48it/s]
[2025-05-17 16:12:49,116: WARNING/MainProcess]   5%|4         | 49/1000 [00:00<00:16, 56.27it/s]
[2025-05-17 16:12:49,235: WARNING/MainProcess]   6%|5         | 56/1000 [00:01<00:16, 57.14it/s]
[2025-05-17 16:12:49,345: WARNING/MainProcess]   6%|6         | 63/1000 [00:01<00:15, 58.91it/s]
[2025-05-17 16:12:49,451: WARNING/MainProcess]   7%|6         | 69/1000 [00:01<00:15, 58.38it/s]
[2025-05-17 16:12:49,561: WARNING/MainProcess]   8%|7         | 75/1000 [00:01<00:16, 57.14it/s]
[2025-05-17 16:12:49,668: WARNING/MainProcess]   8%|8         | 81/1000 [00:01<00:16, 56.82it/s]
[2025-05-17 16:12:49,777: WARNING/MainProcess]   9%|8         | 88/1000 [00:01<00:15, 59.08it/s]
[2025-05-17 16:12:49,898: WARNING/MainProcess]  10%|9         | 95/1000 [00:01<00:15, 58.76it/s]
[2025-05-17 16:12:50,014: WARNING/MainProcess]  10%|#         | 102/1000 [00:01<00:15, 59.19it/s]
[2025-05-17 16:12:50,123: WARNING/MainProcess]  11%|#         | 109/1000 [00:01<00:14, 60.69it/s]
[2025-05-17 16:12:50,244: WARNING/MainProcess]  12%|#1        | 116/1000 [00:02<00:14, 59.78it/s]
[2025-05-17 16:12:50,393: WARNING/MainProcess]  12%|#2        | 124/1000 [00:02<00:15, 57.54it/s]
[2025-05-17 16:12:50,533: WARNING/MainProcess]  13%|#3        | 132/1000 [00:02<00:15, 57.40it/s]
[2025-05-17 16:12:50,665: WARNING/MainProcess]  14%|#4        | 140/1000 [00:02<00:14, 58.46it/s]
[2025-05-17 16:12:50,776: WARNING/MainProcess]  15%|#4        | 147/1000 [00:02<00:14, 59.68it/s]
[2025-05-17 16:12:50,877: WARNING/MainProcess]  15%|#5        | 153/1000 [00:02<00:14, 59.52it/s]
[2025-05-17 16:12:50,978: WARNING/MainProcess]  16%|#5        | 159/1000 [00:02<00:14, 59.50it/s]
[2025-05-17 16:12:51,109: WARNING/MainProcess]  16%|#6        | 165/1000 [00:02<00:15, 55.03it/s]
[2025-05-17 16:12:51,247: WARNING/MainProcess]  17%|#7        | 172/1000 [00:03<00:15, 53.59it/s]
[2025-05-17 16:12:51,352: WARNING/MainProcess]  18%|#8        | 180/1000 [00:03<00:13, 59.62it/s]
[2025-05-17 16:12:51,480: WARNING/MainProcess]  19%|#8        | 187/1000 [00:03<00:14, 58.00it/s]
[2025-05-17 16:12:51,606: WARNING/MainProcess]  20%|#9        | 195/1000 [00:03<00:13, 59.73it/s]
[2025-05-17 16:12:51,751: WARNING/MainProcess]  20%|##        | 202/1000 [00:03<00:14, 55.82it/s]
[2025-05-17 16:12:51,854: WARNING/MainProcess]  21%|##        | 208/1000 [00:03<00:14, 56.50it/s]
[2025-05-17 16:12:51,972: WARNING/MainProcess]  21%|##1       | 214/1000 [00:03<00:14, 54.88it/s]
[2025-05-17 16:12:52,101: WARNING/MainProcess]  22%|##2       | 222/1000 [00:03<00:13, 57.08it/s]
[2025-05-17 16:12:52,207: WARNING/MainProcess]  23%|##2       | 229/1000 [00:04<00:12, 59.43it/s]
[2025-05-17 16:12:52,338: WARNING/MainProcess]  24%|##3       | 236/1000 [00:04<00:13, 57.52it/s]
[2025-05-17 16:12:52,441: WARNING/MainProcess]  24%|##4       | 242/1000 [00:04<00:13, 57.77it/s]
[2025-05-17 16:12:52,551: WARNING/MainProcess]  25%|##4       | 248/1000 [00:04<00:13, 56.79it/s]
[2025-05-17 16:12:52,666: WARNING/MainProcess]  26%|##5       | 255/1000 [00:04<00:12, 57.94it/s]
[2025-05-17 16:12:52,818: WARNING/MainProcess]  26%|##6       | 263/1000 [00:04<00:13, 56.10it/s]
[2025-05-17 16:12:52,943: WARNING/MainProcess]  27%|##7       | 271/1000 [00:04<00:12, 58.41it/s]
[2025-05-17 16:12:53,091: WARNING/MainProcess]  28%|##7       | 278/1000 [00:04<00:13, 54.73it/s]
[2025-05-17 16:12:53,205: WARNING/MainProcess]  29%|##8       | 286/1000 [00:05<00:12, 58.82it/s]
[2025-05-17 16:12:53,310: WARNING/MainProcess]  29%|##9       | 293/1000 [00:05<00:11, 60.98it/s]
[2025-05-17 16:12:53,436: WARNING/MainProcess]  30%|###       | 300/1000 [00:05<00:11, 59.20it/s]
[2025-05-17 16:12:53,550: WARNING/MainProcess]  31%|###       | 307/1000 [00:05<00:11, 59.97it/s]
[2025-05-17 16:12:53,673: WARNING/MainProcess]  32%|###1      | 315/1000 [00:05<00:11, 61.41it/s]
[2025-05-17 16:12:53,797: WARNING/MainProcess]  32%|###2      | 323/1000 [00:05<00:10, 62.38it/s]
[2025-05-17 16:12:53,945: WARNING/MainProcess]  33%|###3      | 330/1000 [00:05<00:11, 57.27it/s]
[2025-05-17 16:12:54,070: WARNING/MainProcess]  34%|###3      | 338/1000 [00:05<00:11, 59.20it/s]
[2025-05-17 16:12:54,190: WARNING/MainProcess]  34%|###4      | 344/1000 [00:06<00:11, 56.61it/s]
[2025-05-17 16:12:54,299: WARNING/MainProcess]  35%|###5      | 351/1000 [00:06<00:11, 58.65it/s]
[2025-05-17 16:12:54,401: WARNING/MainProcess]  36%|###5      | 357/1000 [00:06<00:10, 58.73it/s]
[2025-05-17 16:12:54,502: WARNING/MainProcess]  36%|###6      | 363/1000 [00:06<00:10, 58.80it/s]
[2025-05-17 16:12:54,603: WARNING/MainProcess]  37%|###6      | 369/1000 [00:06<00:10, 59.02it/s]
[2025-05-17 16:12:54,720: WARNING/MainProcess]  38%|###7      | 375/1000 [00:06<00:11, 56.61it/s]
[2025-05-17 16:12:54,859: WARNING/MainProcess]  38%|###8      | 382/1000 [00:06<00:11, 54.44it/s]
[2025-05-17 16:12:54,982: WARNING/MainProcess]  39%|###9      | 390/1000 [00:06<00:10, 57.69it/s]
[2025-05-17 16:12:55,097: WARNING/MainProcess]  40%|###9      | 397/1000 [00:06<00:10, 58.57it/s]
[2025-05-17 16:12:55,210: WARNING/MainProcess]  40%|####      | 404/1000 [00:07<00:10, 59.50it/s]
[2025-05-17 16:12:55,328: WARNING/MainProcess]  41%|####1     | 410/1000 [00:07<00:10, 56.88it/s]
[2025-05-17 16:12:55,446: WARNING/MainProcess]  42%|####1     | 416/1000 [00:07<00:10, 55.10it/s]
[2025-05-17 16:12:55,577: WARNING/MainProcess]  42%|####2     | 423/1000 [00:07<00:10, 54.60it/s]
[2025-05-17 16:12:55,679: WARNING/MainProcess]  43%|####3     | 430/1000 [00:07<00:09, 58.23it/s]
[2025-05-17 16:12:55,810: WARNING/MainProcess]  44%|####3     | 436/1000 [00:07<00:10, 54.19it/s]
[2025-05-17 16:12:55,940: WARNING/MainProcess]  44%|####4     | 442/1000 [00:07<00:10, 51.66it/s]
[2025-05-17 16:12:56,057: WARNING/MainProcess]  45%|####4     | 448/1000 [00:07<00:10, 51.62it/s]
[2025-05-17 16:12:56,165: WARNING/MainProcess]  46%|####5     | 456/1000 [00:07<00:09, 57.70it/s]
[2025-05-17 16:12:56,345: WARNING/MainProcess]  46%|####6     | 462/1000 [00:08<00:11, 48.09it/s]
[2025-05-17 16:12:56,452: WARNING/MainProcess]  47%|####6     | 468/1000 [00:08<00:10, 50.10it/s]
[2025-05-17 16:12:56,556: WARNING/MainProcess]  48%|####7     | 475/1000 [00:08<00:09, 54.58it/s]
[2025-05-17 16:12:56,673: WARNING/MainProcess]  48%|####8     | 483/1000 [00:08<00:08, 58.68it/s]
[2025-05-17 16:12:56,778: WARNING/MainProcess]  49%|####9     | 490/1000 [00:08<00:08, 60.78it/s]
[2025-05-17 16:12:56,928: WARNING/MainProcess]  50%|####9     | 497/1000 [00:08<00:09, 55.74it/s]
[2025-05-17 16:12:57,040: WARNING/MainProcess]  50%|#####     | 505/1000 [00:08<00:08, 60.05it/s]
[2025-05-17 16:12:57,166: WARNING/MainProcess]  51%|#####1    | 513/1000 [00:08<00:07, 61.22it/s]
[2025-05-17 16:12:57,277: WARNING/MainProcess]  52%|#####2    | 520/1000 [00:09<00:07, 61.72it/s]
[2025-05-17 16:12:57,380: WARNING/MainProcess]  53%|#####2    | 527/1000 [00:09<00:07, 63.40it/s]
[2025-05-17 16:12:57,503: WARNING/MainProcess]  53%|#####3    | 534/1000 [00:09<00:07, 61.26it/s]
[2025-05-17 16:12:57,619: WARNING/MainProcess]  54%|#####4    | 541/1000 [00:09<00:07, 60.99it/s]
[2025-05-17 16:12:57,733: WARNING/MainProcess]  55%|#####4    | 548/1000 [00:09<00:07, 61.09it/s]
[2025-05-17 16:12:57,856: WARNING/MainProcess]  56%|#####5    | 555/1000 [00:09<00:07, 59.81it/s]
[2025-05-17 16:12:57,972: WARNING/MainProcess]  56%|#####6    | 562/1000 [00:09<00:07, 59.97it/s]
[2025-05-17 16:12:58,098: WARNING/MainProcess]  57%|#####6    | 569/1000 [00:09<00:07, 58.69it/s]
[2025-05-17 16:12:58,200: WARNING/MainProcess]  58%|#####7    | 576/1000 [00:10<00:06, 61.21it/s]
[2025-05-17 16:12:58,321: WARNING/MainProcess]  58%|#####8    | 583/1000 [00:10<00:06, 60.15it/s]
[2025-05-17 16:12:58,435: WARNING/MainProcess]  59%|#####8    | 590/1000 [00:10<00:06, 60.56it/s]
[2025-05-17 16:12:58,560: WARNING/MainProcess]  60%|#####9    | 597/1000 [00:10<00:06, 59.19it/s]
[2025-05-17 16:12:58,661: WARNING/MainProcess]  60%|######    | 603/1000 [00:10<00:06, 59.14it/s]
[2025-05-17 16:12:58,765: WARNING/MainProcess]  61%|######    | 609/1000 [00:10<00:06, 58.84it/s]
[2025-05-17 16:12:58,872: WARNING/MainProcess]  62%|######1   | 616/1000 [00:10<00:06, 60.70it/s]
[2025-05-17 16:12:59,003: WARNING/MainProcess]  62%|######2   | 623/1000 [00:10<00:06, 58.28it/s]
[2025-05-17 16:12:59,113: WARNING/MainProcess]  63%|######3   | 631/1000 [00:10<00:05, 62.42it/s]
[2025-05-17 16:12:59,241: WARNING/MainProcess]  64%|######3   | 638/1000 [00:11<00:06, 59.97it/s]
[2025-05-17 16:12:59,365: WARNING/MainProcess]  64%|######4   | 645/1000 [00:11<00:06, 58.77it/s]
[2025-05-17 16:12:59,488: WARNING/MainProcess]  65%|######5   | 653/1000 [00:11<00:05, 60.81it/s]
[2025-05-17 16:12:59,609: WARNING/MainProcess]  66%|######6   | 661/1000 [00:11<00:05, 62.26it/s]
[2025-05-17 16:12:59,711: WARNING/MainProcess]  67%|######6   | 668/1000 [00:11<00:05, 64.03it/s]
[2025-05-17 16:12:59,843: WARNING/MainProcess]  68%|######7   | 675/1000 [00:11<00:05, 60.47it/s]
[2025-05-17 16:12:59,955: WARNING/MainProcess]  68%|######8   | 682/1000 [00:11<00:05, 60.94it/s]
[2025-05-17 16:13:00,074: WARNING/MainProcess]  69%|######8   | 689/1000 [00:11<00:05, 60.34it/s]
[2025-05-17 16:13:00,177: WARNING/MainProcess]  70%|######9   | 696/1000 [00:11<00:04, 62.49it/s]
[2025-05-17 16:13:00,302: WARNING/MainProcess]  70%|#######   | 703/1000 [00:12<00:04, 60.39it/s]
[2025-05-17 16:13:00,447: WARNING/MainProcess]  71%|#######1  | 710/1000 [00:12<00:05, 56.15it/s]
[2025-05-17 16:13:00,569: WARNING/MainProcess]  72%|#######1  | 717/1000 [00:12<00:05, 56.50it/s]
[2025-05-17 16:13:00,714: WARNING/MainProcess]  72%|#######2  | 725/1000 [00:12<00:04, 56.04it/s]
[2025-05-17 16:13:00,855: WARNING/MainProcess]  73%|#######3  | 733/1000 [00:12<00:04, 56.36it/s]
[2025-05-17 16:13:00,977: WARNING/MainProcess]  74%|#######4  | 741/1000 [00:12<00:04, 58.88it/s]
[2025-05-17 16:13:01,083: WARNING/MainProcess]  75%|#######4  | 747/1000 [00:12<00:04, 58.24it/s]
[2025-05-17 16:13:01,195: WARNING/MainProcess]  75%|#######5  | 754/1000 [00:13<00:04, 59.46it/s]
[2025-05-17 16:13:01,301: WARNING/MainProcess]  76%|#######6  | 760/1000 [00:13<00:04, 58.65it/s]
[2025-05-17 16:13:01,416: WARNING/MainProcess]  77%|#######6  | 766/1000 [00:13<00:04, 56.82it/s]
[2025-05-17 16:13:01,540: WARNING/MainProcess]  77%|#######7  | 774/1000 [00:13<00:03, 59.17it/s]
[2025-05-17 16:13:01,662: WARNING/MainProcess]  78%|#######8  | 782/1000 [00:13<00:03, 61.11it/s]
[2025-05-17 16:13:01,798: WARNING/MainProcess]  79%|#######8  | 789/1000 [00:13<00:03, 58.02it/s]
[2025-05-17 16:13:01,915: WARNING/MainProcess]  80%|#######9  | 795/1000 [00:13<00:03, 56.08it/s]
[2025-05-17 16:13:02,024: WARNING/MainProcess]  80%|########  | 802/1000 [00:13<00:03, 58.27it/s]
[2025-05-17 16:13:02,135: WARNING/MainProcess]  81%|########  | 809/1000 [00:13<00:03, 59.70it/s]
[2025-05-17 16:13:02,243: WARNING/MainProcess]  82%|########1 | 815/1000 [00:14<00:03, 58.51it/s]
[2025-05-17 16:13:02,362: WARNING/MainProcess]  82%|########2 | 822/1000 [00:14<00:03, 58.57it/s]
[2025-05-17 16:13:02,480: WARNING/MainProcess]  83%|########2 | 828/1000 [00:14<00:03, 56.30it/s]
[2025-05-17 16:13:02,618: WARNING/MainProcess]  84%|########3 | 836/1000 [00:14<00:02, 56.79it/s]
[2025-05-17 16:13:02,745: WARNING/MainProcess]  84%|########4 | 844/1000 [00:14<00:02, 58.72it/s]
[2025-05-17 16:13:02,851: WARNING/MainProcess]  85%|########5 | 850/1000 [00:14<00:02, 58.22it/s]
[2025-05-17 16:13:02,966: WARNING/MainProcess]  86%|########5 | 858/1000 [00:14<00:02, 61.47it/s]
[2025-05-17 16:13:03,079: WARNING/MainProcess]  86%|########6 | 865/1000 [00:14<00:02, 61.61it/s]
[2025-05-17 16:13:03,205: WARNING/MainProcess]  87%|########7 | 872/1000 [00:15<00:02, 59.75it/s]
[2025-05-17 16:13:03,334: WARNING/MainProcess]  88%|########7 | 878/1000 [00:15<00:02, 55.44it/s]
[2025-05-17 16:13:03,451: WARNING/MainProcess]  89%|########8 | 886/1000 [00:15<00:01, 59.30it/s]
[2025-05-17 16:13:03,574: WARNING/MainProcess]  89%|########9 | 894/1000 [00:15<00:01, 61.04it/s]
[2025-05-17 16:13:03,689: WARNING/MainProcess]  90%|######### | 902/1000 [00:15<00:01, 63.52it/s]
[2025-05-17 16:13:03,803: WARNING/MainProcess]  91%|#########1| 910/1000 [00:15<00:01, 65.42it/s]
[2025-05-17 16:13:03,921: WARNING/MainProcess]  92%|#########1| 917/1000 [00:15<00:01, 63.59it/s]
[2025-05-17 16:13:04,048: WARNING/MainProcess]  92%|#########2| 924/1000 [00:15<00:01, 60.92it/s]
[2025-05-17 16:13:04,172: WARNING/MainProcess]  93%|#########3| 932/1000 [00:15<00:01, 62.01it/s]
[2025-05-17 16:13:04,290: WARNING/MainProcess]  94%|#########3| 940/1000 [00:16<00:00, 63.72it/s]
[2025-05-17 16:13:04,411: WARNING/MainProcess]  95%|#########4| 948/1000 [00:16<00:00, 64.50it/s]
[2025-05-17 16:13:04,535: WARNING/MainProcess]  96%|#########5| 956/1000 [00:16<00:00, 64.45it/s]
[2025-05-17 16:13:04,643: WARNING/MainProcess]  96%|#########6| 963/1000 [00:16<00:00, 64.58it/s]
[2025-05-17 16:13:04,765: WARNING/MainProcess]  97%|#########7| 970/1000 [00:16<00:00, 62.36it/s]
[2025-05-17 16:13:04,885: WARNING/MainProcess]  98%|#########7| 977/1000 [00:16<00:00, 61.11it/s]
[2025-05-17 16:13:04,988: WARNING/MainProcess]  98%|#########8| 984/1000 [00:16<00:00, 62.89it/s]
[2025-05-17 16:13:05,104: WARNING/MainProcess]  99%|#########9| 991/1000 [00:16<00:00, 62.20it/s]
[2025-05-17 16:13:05,220: WARNING/MainProcess] 100%|#########9| 998/1000 [00:17<00:00, 61.69it/s]
[2025-05-17 16:13:05,275: WARNING/MainProcess] 100%|##########| 1000/1000 [00:17<00:00, 58.50it/s]

worker: Warm shutdown (MainProcess)

worker: Warm shutdown (MainProcess)

worker: Warm shutdown (MainProcess)

worker: Warm shutdown (MainProcess)
[ ][CORE][17/05/25-16:13:05][INFO] Building Pvalues result
[ ][CORE][17/05/25-16:13:05][INFO] Building results
[2025-05-17 16:13:05,414: WARNING/MainProcess] Saved deconvoluted to /home/common/zyxing/singcell-benchmark/backend/data/results/6d3f5eb7-08a2-4d0b-87fd-cd30fceba68e/cellphonedb_out/statistical_analysis_deconvoluted_05_17_2025_161305.txt
[2025-05-17 16:13:05,415: WARNING/MainProcess] Saved deconvoluted_percents to /home/common/zyxing/singcell-benchmark/backend/data/results/6d3f5eb7-08a2-4d0b-87fd-cd30fceba68e/cellphonedb_out/statistical_analysis_deconvoluted_percents_05_17_2025_161305.txt
[2025-05-17 16:13:05,417: WARNING/MainProcess] Saved means to /home/common/zyxing/singcell-benchmark/backend/data/results/6d3f5eb7-08a2-4d0b-87fd-cd30fceba68e/cellphonedb_out/statistical_analysis_means_05_17_2025_161305.txt
[2025-05-17 16:13:05,418: WARNING/MainProcess] Saved pvalues to /home/common/zyxing/singcell-benchmark/backend/data/results/6d3f5eb7-08a2-4d0b-87fd-cd30fceba68e/cellphonedb_out/statistical_analysis_pvalues_05_17_2025_161305.txt
[2025-05-17 16:13:05,421: WARNING/MainProcess] Saved significant_means to /home/common/zyxing/singcell-benchmark/backend/data/results/6d3f5eb7-08a2-4d0b-87fd-cd30fceba68e/cellphonedb_out/statistical_analysis_significant_means_05_17_2025_161305.txt
[2025-05-17 16:13:05,424: WARNING/MainProcess] CellPhoneDB statistical analysis completed successfully.
[2025-05-17 16:13:05,425: WARNING/MainProcess] Warning: CellPhoneDB output files (significant_means.txt, pvalues.txt) not found. Skipping plot generation.
[2025-05-17 16:13:05,429: WARNING/MainProcess] Removed temporary directory: /home/common/zyxing/singcell-benchmark/backend/data/results/6d3f5eb7-08a2-4d0b-87fd-cd30fceba68e/temp_cpdb_input
[2025-05-17 16:13:05,434: INFO/MainProcess] Task app.tasks.communication_tasks.run_cellphone_analysis[8b3db02a-820d-4669-9b40-d296ed102ffc] succeeded in 17.822443095967174s: {'status': 'Complete', 'results_summary': {'source_data_id': '6d3f5eb7-08a2-4d0b-87fd-cd30fceba68e', 'cpdb_output_dir': '/home/common/zyxing/singcell-benchmark/backend/data/results/6d3f5eb7-08a2-4d0b-87fd-cd30fceba68e/cellphonedb_out', 'meta_file_generated': '/home/common/zyxing/singcell-benchmark/backend/data/results/6d3f5eb7-08a2-4d0b-87fd-cd30fceba68e/temp_cpdb_input/meta.tsv', 'counts_file_generated': '/home/common/zyxing/singcell-benchmark/backend/data/results/6d3f5eb7-08a2-4d0b-87fd-cd30fceba68e/temp_cpdb_input/counts.h5ad', 'cellphonedb_run_success': True, 'plots_generated': False}}
[2025-05-17 16:14:16,554: INFO/MainProcess] Task app.tasks.velocity_tasks.run_rna_velocity[f88482d8-a37c-4f4a-9882-10b3d91f44fa] received
[2025-05-17 16:14:16,820: WARNING/MainProcess] Found 'spliced' and 'unspliced' layers in 128f0148-31e9-43b0-85f4-3d762cc4a1d3.h5ad
[2025-05-17 16:14:16,822: WARNING/MainProcess] Warning: No processed/integrated AnnData found. Using original data for velocity calculation. Embedding plots will likely fail unless 'umap' exists in original data.
[2025-05-17 16:14:17,955: WARNING/MainProcess] Filtered out 20801 genes that are detected
[2025-05-17 16:14:17,955: WARNING/MainProcess]  
[2025-05-17 16:14:17,955: WARNING/MainProcess] 20 counts (shared).
[2025-05-17 16:14:18,259: WARNING/MainProcess] Normalized count data:
[2025-05-17 16:14:18,259: WARNING/MainProcess]  
[2025-05-17 16:14:18,259: WARNING/MainProcess] X, spliced, unspliced.
[2025-05-17 16:14:18,598: WARNING/MainProcess] Extracted 2000 highly variable genes.
[2025-05-17 16:14:18,598: WARNING/MainProcess] /home/zyxing/anaconda3/envs/scanpy-app-backend/lib/python3.9/site-packages/scvelo/preprocessing/utils.py:705: DeprecationWarning: `log1p` is deprecated since scVelo v0.3.0 and will be removed in a future version. Please use `log1p` from `scanpy.pp` instead.
  log1p(adata)

[2025-05-17 16:14:18,602: WARNING/MainProcess] Logarithmized X.
[2025-05-17 16:14:18,603: WARNING/MainProcess] /home/common/zyxing/singcell-benchmark/backend/app/tasks/velocity_tasks.py:75: DeprecationWarning: Automatic neighbor calculation is deprecated since scvelo==0.4.0 and will be removed in a future version of scVelo. Please compute neighbors first with Scanpy.
  scv.pp.moments(adata_for_velocity, n_pcs=30, n_neighbors=30) # Calculate moments

[2025-05-17 16:14:18,603: WARNING/MainProcess] /home/zyxing/anaconda3/envs/scanpy-app-backend/lib/python3.9/site-packages/scvelo/preprocessing/moments.py:71: DeprecationWarning: `neighbors` is deprecated since scvelo==0.4.0 and will be removed in a future version of scVelo. Please compute neighbors with Scanpy.
  neighbors(

[2025-05-17 16:14:18,612: WARNING/MainProcess] computing neighbors
[2025-05-17 16:14:18,893: WARNING/MainProcess]     finished
[2025-05-17 16:14:18,894: WARNING/MainProcess]  
[2025-05-17 16:14:18,894: WARNING/MainProcess] (0:00:00)
[2025-05-17 16:14:18,894: WARNING/MainProcess]  
[2025-05-17 16:14:18,894: WARNING/MainProcess] -->
[2025-05-17 16:14:18,894: WARNING/MainProcess]  
[2025-05-17 16:14:18,894: WARNING/MainProcess] added 
    'distances' and 'connectivities', weighted adjacency matrices (adata.obsp)
[2025-05-17 16:14:18,899: WARNING/MainProcess] computing moments based on connectivities
[2025-05-17 16:14:19,562: WARNING/MainProcess]     finished
[2025-05-17 16:14:19,563: WARNING/MainProcess]  
[2025-05-17 16:14:19,563: WARNING/MainProcess] (0:00:00)
[2025-05-17 16:14:19,563: WARNING/MainProcess]  
[2025-05-17 16:14:19,563: WARNING/MainProcess] -->
[2025-05-17 16:14:19,563: WARNING/MainProcess]  
[2025-05-17 16:14:19,563: WARNING/MainProcess] added 
    'Ms' and 'Mu', moments of un/spliced abundances (adata.layers)
[2025-05-17 16:14:19,565: WARNING/MainProcess] computing velocities
[2025-05-17 16:14:20,642: WARNING/MainProcess] /home/zyxing/anaconda3/envs/scanpy-app-backend/lib/python3.9/site-packages/scvelo/tools/optimization.py:184: DeprecationWarning: Conversion of an array with ndim > 0 to a scalar is deprecated, and will error in future. Ensure you extract a single element from your array before performing this operation. (Deprecated NumPy 1.25.)
  gamma[i] = np.linalg.pinv(A.T.dot(A)).dot(A.T.dot(y[:, i]))

[2025-05-17 16:14:20,926: WARNING/MainProcess]     finished
[2025-05-17 16:14:20,926: WARNING/MainProcess]  
[2025-05-17 16:14:20,926: WARNING/MainProcess] (0:00:01)
[2025-05-17 16:14:20,926: WARNING/MainProcess]  
[2025-05-17 16:14:20,926: WARNING/MainProcess] -->
[2025-05-17 16:14:20,926: WARNING/MainProcess]  
[2025-05-17 16:14:20,926: WARNING/MainProcess] added 
    'velocity', velocity vectors for each individual cell (adata.layers)
[2025-05-17 16:14:20,996: WARNING/MainProcess] computing velocity graph (using 4/48 cores)
[2025-05-17 16:14:21,003: WARNING/MainProcess]   0%|          | 0/3696 [00:00<?, ?cells/s]
[2025-05-17 16:14:30,997: WARNING/MainProcess]     finished
[2025-05-17 16:14:30,998: WARNING/MainProcess]  
[2025-05-17 16:14:30,998: WARNING/MainProcess] (0:00:10)
[2025-05-17 16:14:30,998: WARNING/MainProcess]  
[2025-05-17 16:14:30,998: WARNING/MainProcess] -->
[2025-05-17 16:14:30,998: WARNING/MainProcess]  
[2025-05-17 16:14:30,998: WARNING/MainProcess] added 
    'velocity_graph', sparse matrix with cosine correlations (adata.uns)
[2025-05-17 16:14:31,000: WARNING/MainProcess] computing velocity embedding
[2025-05-17 16:14:31,627: WARNING/MainProcess]     finished
[2025-05-17 16:14:31,627: WARNING/MainProcess]  
[2025-05-17 16:14:31,627: WARNING/MainProcess] (0:00:00)
[2025-05-17 16:14:31,628: WARNING/MainProcess]  
[2025-05-17 16:14:31,628: WARNING/MainProcess] -->
[2025-05-17 16:14:31,628: WARNING/MainProcess]  
[2025-05-17 16:14:31,628: WARNING/MainProcess] added
    'velocity_umap', embedded velocity vectors (adata.obsm)
[2025-05-17 16:14:31,776: WARNING/MainProcess] /home/zyxing/anaconda3/envs/scanpy-app-backend/lib/python3.9/site-packages/scvelo/plotting/utils.py:68: DeprecationWarning: is_categorical_dtype is deprecated and will be removed in a future version. Use isinstance(dtype, pd.CategoricalDtype) instead
  return isinstance(c, str) and c in data.obs.keys() and cat(data.obs[c])

[2025-05-17 16:14:31,778: WARNING/MainProcess] /home/zyxing/anaconda3/envs/scanpy-app-backend/lib/python3.9/site-packages/scvelo/plotting/utils.py:68: DeprecationWarning: is_categorical_dtype is deprecated and will be removed in a future version. Use isinstance(dtype, pd.CategoricalDtype) instead
  return isinstance(c, str) and c in data.obs.keys() and cat(data.obs[c])

[2025-05-17 16:14:31,780: WARNING/MainProcess] /home/zyxing/anaconda3/envs/scanpy-app-backend/lib/python3.9/site-packages/scvelo/plotting/utils.py:68: DeprecationWarning: is_categorical_dtype is deprecated and will be removed in a future version. Use isinstance(dtype, pd.CategoricalDtype) instead
  return isinstance(c, str) and c in data.obs.keys() and cat(data.obs[c])

[2025-05-17 16:14:31,793: WARNING/MainProcess] /home/zyxing/anaconda3/envs/scanpy-app-backend/lib/python3.9/site-packages/scvelo/plotting/utils.py:68: DeprecationWarning: is_categorical_dtype is deprecated and will be removed in a future version. Use isinstance(dtype, pd.CategoricalDtype) instead
  return isinstance(c, str) and c in data.obs.keys() and cat(data.obs[c])

[2025-05-17 16:14:31,796: WARNING/MainProcess] /home/zyxing/anaconda3/envs/scanpy-app-backend/lib/python3.9/site-packages/scvelo/plotting/utils.py:68: DeprecationWarning: is_categorical_dtype is deprecated and will be removed in a future version. Use isinstance(dtype, pd.CategoricalDtype) instead
  return isinstance(c, str) and c in data.obs.keys() and cat(data.obs[c])

[2025-05-17 16:14:31,807: WARNING/MainProcess] /home/zyxing/anaconda3/envs/scanpy-app-backend/lib/python3.9/site-packages/scvelo/plotting/utils.py:68: DeprecationWarning: is_categorical_dtype is deprecated and will be removed in a future version. Use isinstance(dtype, pd.CategoricalDtype) instead
  return isinstance(c, str) and c in data.obs.keys() and cat(data.obs[c])

[2025-05-17 16:14:31,811: WARNING/MainProcess] /home/zyxing/anaconda3/envs/scanpy-app-backend/lib/python3.9/site-packages/scvelo/plotting/utils.py:68: DeprecationWarning: is_categorical_dtype is deprecated and will be removed in a future version. Use isinstance(dtype, pd.CategoricalDtype) instead
  return isinstance(c, str) and c in data.obs.keys() and cat(data.obs[c])

[2025-05-17 16:14:31,832: WARNING/MainProcess] /home/zyxing/anaconda3/envs/scanpy-app-backend/lib/python3.9/site-packages/scvelo/plotting/utils.py:68: DeprecationWarning: is_categorical_dtype is deprecated and will be removed in a future version. Use isinstance(dtype, pd.CategoricalDtype) instead
  return isinstance(c, str) and c in data.obs.keys() and cat(data.obs[c])

[2025-05-17 16:14:32,188: WARNING/MainProcess] saving figure to file
[2025-05-17 16:14:32,188: WARNING/MainProcess]  
[2025-05-17 16:14:32,188: WARNING/MainProcess] ./figures/scvelo_velocity_embedding_umap_grid_128f0148-31e9-43b0-85f4-3d762cc4a1d3_ebc971b0-e9a2-4a94-a710-252abcb078d1.png
[2025-05-17 16:14:32,188: WARNING/MainProcess] Saved grid plot to /home/common/zyxing/singcell-benchmark/backend/data/results/128f0148-31e9-43b0-85f4-3d762cc4a1d3/velocity_embedding_umap_grid.png
[2025-05-17 16:14:33,585: WARNING/MainProcess] /home/zyxing/anaconda3/envs/scanpy-app-backend/lib/python3.9/site-packages/scvelo/plotting/utils.py:68: DeprecationWarning: is_categorical_dtype is deprecated and will be removed in a future version. Use isinstance(dtype, pd.CategoricalDtype) instead
  return isinstance(c, str) and c in data.obs.keys() and cat(data.obs[c])

[2025-05-17 16:14:33,587: WARNING/MainProcess] /home/zyxing/anaconda3/envs/scanpy-app-backend/lib/python3.9/site-packages/scvelo/plotting/utils.py:68: DeprecationWarning: is_categorical_dtype is deprecated and will be removed in a future version. Use isinstance(dtype, pd.CategoricalDtype) instead
  return isinstance(c, str) and c in data.obs.keys() and cat(data.obs[c])

[2025-05-17 16:14:33,591: WARNING/MainProcess] /home/zyxing/anaconda3/envs/scanpy-app-backend/lib/python3.9/site-packages/scvelo/plotting/utils.py:68: DeprecationWarning: is_categorical_dtype is deprecated and will be removed in a future version. Use isinstance(dtype, pd.CategoricalDtype) instead
  return isinstance(c, str) and c in data.obs.keys() and cat(data.obs[c])

[2025-05-17 16:14:33,603: WARNING/MainProcess] /home/zyxing/anaconda3/envs/scanpy-app-backend/lib/python3.9/site-packages/scvelo/plotting/utils.py:68: DeprecationWarning: is_categorical_dtype is deprecated and will be removed in a future version. Use isinstance(dtype, pd.CategoricalDtype) instead
  return isinstance(c, str) and c in data.obs.keys() and cat(data.obs[c])

[2025-05-17 16:14:33,605: WARNING/MainProcess] /home/zyxing/anaconda3/envs/scanpy-app-backend/lib/python3.9/site-packages/scvelo/plotting/utils.py:68: DeprecationWarning: is_categorical_dtype is deprecated and will be removed in a future version. Use isinstance(dtype, pd.CategoricalDtype) instead
  return isinstance(c, str) and c in data.obs.keys() and cat(data.obs[c])

[2025-05-17 16:14:33,616: WARNING/MainProcess] /home/zyxing/anaconda3/envs/scanpy-app-backend/lib/python3.9/site-packages/scvelo/plotting/utils.py:68: DeprecationWarning: is_categorical_dtype is deprecated and will be removed in a future version. Use isinstance(dtype, pd.CategoricalDtype) instead
  return isinstance(c, str) and c in data.obs.keys() and cat(data.obs[c])

[2025-05-17 16:14:33,618: WARNING/MainProcess] /home/zyxing/anaconda3/envs/scanpy-app-backend/lib/python3.9/site-packages/scvelo/plotting/utils.py:68: DeprecationWarning: is_categorical_dtype is deprecated and will be removed in a future version. Use isinstance(dtype, pd.CategoricalDtype) instead
  return isinstance(c, str) and c in data.obs.keys() and cat(data.obs[c])

[2025-05-17 16:14:33,631: WARNING/MainProcess] /home/zyxing/anaconda3/envs/scanpy-app-backend/lib/python3.9/site-packages/scvelo/plotting/utils.py:68: DeprecationWarning: is_categorical_dtype is deprecated and will be removed in a future version. Use isinstance(dtype, pd.CategoricalDtype) instead
  return isinstance(c, str) and c in data.obs.keys() and cat(data.obs[c])

[2025-05-17 16:14:34,066: WARNING/MainProcess] saving figure to file
[2025-05-17 16:14:34,066: WARNING/MainProcess]  
[2025-05-17 16:14:34,066: WARNING/MainProcess] ./figures/scvelo__velocity_embedding_umap_stream_128f0148-31e9-43b0-85f4-3d762cc4a1d3_da02a383-c170-44c6-86d5-1115e63474df.png
[2025-05-17 16:14:34,066: WARNING/MainProcess] Warning: Velocity stream plot file not found at figures/scvelo_velocity_embedding_umap_stream_128f0148-31e9-43b0-85f4-3d762cc4a1d3_3f54bca0-3c47-425a-aac9-7fdcc54c8872.png or figures/velocity_embedding_umap_stream_128f0148-31e9-43b0-85f4-3d762cc4a1d3_51eb9a4a-c179-4244-845c-a0e1ab5d575e.png
[2025-05-17 16:14:34,069: INFO/MainProcess] Task app.tasks.velocity_tasks.run_rna_velocity[f88482d8-a37c-4f4a-9882-10b3d91f44fa] succeeded in 17.513879218138754s: {'status': 'Complete', 'results_summary': {'source_data_id': '128f0148-31e9-43b0-85f4-3d762cc4a1d3', 'original_data_loaded': True, 'velocity_calculated': {'mode': 'stochastic'}, 'velocity_graph_calculated': True, 'grid_plot_path': '/home/common/zyxing/singcell-benchmark/backend/data/results/128f0148-31e9-43b0-85f4-3d762cc4a1d3/velocity_embedding_umap_grid.png'}}
[2025-05-17 16:15:14,666: INFO/MainProcess] Task app.tasks.integration_tasks.run_integration[f7926beb-38b9-45c3-a9d8-e97687e62896] received
computing PCA
    with n_comps=50
    finished (0:00:00)
computing batch balanced neighbors
WARNING: consider updating your call to make use of `computation`
	finished: added to `.uns['neighbors']`
    `.obsp['distances']`, distances for each pair of neighbors
    `.obsp['connectivities']`, weighted adjacency matrix (0:00:00)
computing UMAP
    finished: added
    'X_umap', UMAP coordinates (adata.obsm)
    'umap', UMAP parameters (adata.uns) (0:00:04)
WARNING: saving figure to file /home/common/zyxing/singcell-benchmark/backend/data/results/temp_figures/umap_umap_integrated_batch_integrated_1747469712776_f6d89dc2-b98a-414f-a9c9-951a4f3f5240.png
[2025-05-17 16:15:20,876: INFO/MainProcess] Task app.tasks.integration_tasks.run_integration[f7926beb-38b9-45c3-a9d8-e97687e62896] succeeded in 6.2092128889635205s: {'status': 'Complete', 'results_summary': {'integrated_data_id': 'integrated_1747469712776', 'concatenated_shape': {'obs': 3338, 'var': 208}, 'pca_on_concatenated': True, 'integration_method': 'bbknn', 'neighbors_done': True, 'umap_done': True, 'umap_batch_plot_path': '/home/common/zyxing/singcell-benchmark/backend/data/results/integrated_1747469712776/umap_integrated_batch.png', 'integrated_data_path': '/home/common/zyxing/singcell-benchmark/backend/data/results/integrated_1747469712776/integrated_1747469712776_integrated.h5ad'}}
[2025-05-17 16:15:29,916: INFO/MainProcess] Task app.tasks.integration_tasks.run_integration[a5f4de9e-14f0-40e4-9373-b14970fb9768] received
computing PCA
    with n_comps=50
    finished (0:00:00)
computing batch balanced neighbors
WARNING: consider updating your call to make use of `computation`
	finished: added to `.uns['neighbors']`
    `.obsp['distances']`, distances for each pair of neighbors
    `.obsp['connectivities']`, weighted adjacency matrix (0:00:00)
computing UMAP
    finished: added
    'X_umap', UMAP coordinates (adata.obsm)
    'umap', UMAP parameters (adata.uns) (0:00:04)
WARNING: saving figure to file /home/common/zyxing/singcell-benchmark/backend/data/results/temp_figures/umap_umap_integrated_batch_integrated_1747469728022_220bc1d0-f7a3-4a09-9806-8d0e6125ea38.png
[2025-05-17 16:15:36,140: INFO/MainProcess] Task app.tasks.integration_tasks.run_integration[a5f4de9e-14f0-40e4-9373-b14970fb9768] succeeded in 6.222381402738392s: {'status': 'Complete', 'results_summary': {'integrated_data_id': 'integrated_1747469728022', 'concatenated_shape': {'obs': 3338, 'var': 208}, 'pca_on_concatenated': True, 'integration_method': 'bbknn', 'neighbors_done': True, 'umap_done': True, 'umap_batch_plot_path': '/home/common/zyxing/singcell-benchmark/backend/data/results/integrated_1747469728022/umap_integrated_batch.png', 'integrated_data_path': '/home/common/zyxing/singcell-benchmark/backend/data/results/integrated_1747469728022/integrated_1747469728022_integrated.h5ad'}}
[2025-05-17 16:16:27,829: INFO/MainProcess] Task app.tasks.atac_tasks.run_atac_analysis[b33e1f3d-bec3-4844-96b4-bd9979d766f9] received
[2025-05-17 16:16:28,866: WARNING/MainProcess] Warning: Failed during QC calculation or plotting: "Could not find keys '['n_features_by_counts']' in columns of `adata.obs` or in adata.var_names."
Traceback (most recent call last):
  File "/home/common/zyxing/singcell-benchmark/backend/app/tasks/atac_tasks.py", line 77, in run_atac_analysis
    sc.pl.violin(atac, qc_vars, jitter=0.4, multi_panel=True, show=False, save=f"_{temp_qc_filename}")
  File "/home/zyxing/anaconda3/envs/scanpy-app-backend/lib/python3.9/site-packages/legacy_api_wrap/__init__.py", line 80, in fn_compatible
    return fn(*args_all, **kw)
  File "/home/zyxing/anaconda3/envs/scanpy-app-backend/lib/python3.9/site-packages/scanpy/plotting/_anndata.py", line 839, in violin
    obs_df = get.obs_df(adata, keys=keys, layer=layer, use_raw=use_raw)
  File "/home/zyxing/anaconda3/envs/scanpy-app-backend/lib/python3.9/site-packages/scanpy/get/get.py", line 296, in obs_df
    obs_cols, var_idx_keys, var_symbols = _check_indices(
  File "/home/zyxing/anaconda3/envs/scanpy-app-backend/lib/python3.9/site-packages/scanpy/get/get.py", line 186, in _check_indices
    raise KeyError(
KeyError: "Could not find keys '['n_features_by_counts']' in columns of `adata.obs` or in adata.var_names."
[2025-05-17 16:16:28,869: WARNING/MainProcess] Warning: Error during filtering: Column name from .obs or one of the var_names was expected but got total_counts.. Proceeding with unfiltered data if possible.
[2025-05-17 16:16:28,870: WARNING/MainProcess] Warning: TF-IDF failed: module 'scanpy.preprocessing' has no attribute 'tfidf'. Skipping.
computing PCA
    with n_comps=51
    finished (0:00:01)
[2025-05-17 16:16:30,739: WARNING/MainProcess] LSI (SVD) completed. Using components 1 to 50.
computing neighbors
    finished: added to `.uns['neighbors']`
    `.obsp['distances']`, distances for each pair of neighbors
    `.obsp['connectivities']`, weighted adjacency matrix (0:00:00)
[2025-05-17 16:16:30,749: WARNING/MainProcess] Neighbors graph calculated on LSI components.
computing UMAP
    finished: added
    'X_umap', UMAP coordinates (adata.obsm)
    'umap', UMAP parameters (adata.uns) (0:00:00)
[2025-05-17 16:16:30,963: WARNING/MainProcess] UMAP calculation completed.
running Leiden clustering
    finished: found 4 clusters and added
    'clusters', the cluster labels (adata.obs, categorical) (0:00:00)
[2025-05-17 16:16:30,983: WARNING/MainProcess] Leiden clustering completed.
WARNING: saving figure to file /home/common/zyxing/singcell-benchmark/backend/data/results/temp_figures/umap_atac_umap_clusters_53a4960c-14f8-407c-a8dd-a17c4b49646a_2cff8f06-3961-4542-b3d5-d76563c68958.png
[2025-05-17 16:16:33,770: WARNING/MainProcess] Saved processed ATAC AnnData to /home/common/zyxing/singcell-benchmark/backend/data/results/53a4960c-14f8-407c-a8dd-a17c4b49646a/53a4960c-14f8-407c-a8dd-a17c4b49646a_processed_atac.h5ad
[2025-05-17 16:16:33,773: INFO/MainProcess] Task app.tasks.atac_tasks.run_atac_analysis[b33e1f3d-bec3-4844-96b4-bd9979d766f9] succeeded in 5.942167269065976s: {'status': 'Complete', 'results_summary': {'source_data_id': '53a4960c-14f8-407c-a8dd-a17c4b49646a', 'data_loaded': True, 'initial_shape': {'obs': 100, 'var': 108377}, 'qc_calculated': False, 'qc_plot_path': None, 'tfidf_done': False, 'lsi_done': {'n_components_used': 50}, 'neighbors_done': True, 'umap_done': True, 'clustering_done': True, 'umap_cluster_plot_path': '/home/common/zyxing/singcell-benchmark/backend/data/results/53a4960c-14f8-407c-a8dd-a17c4b49646a/atac_umap_clusters.png', 'processed_adata_path': '/home/common/zyxing/singcell-benchmark/backend/data/results/53a4960c-14f8-407c-a8dd-a17c4b49646a/53a4960c-14f8-407c-a8dd-a17c4b49646a_processed_atac.h5ad'}}
[2025-05-17 16:18:14,667: INFO/MainProcess] Task app.tasks.scanpy_tasks.run_scanpy_analysis[d7fa119e-ccda-46a5-a300-2ec0b5a041c0] received
WARNING: saving figure to file /home/common/zyxing/singcell-benchmark/backend/data/results/temp_figures/violin_qc_violin_696f8106-379f-4403-91c7-30d3de384e66_024f371a-6729-4510-808a-747db5ab06dd.png
filtered out 19024 genes that are detected in less than 3 cells
normalizing counts per cell
    finished (0:00:00)
extracting highly variable genes
    finished (0:00:00)
--> added
    'highly_variable', boolean vector (adata.var)
    'means', float vector (adata.var)
    'dispersions', float vector (adata.var)
    'dispersions_norm', float vector (adata.var)
computing PCA
    with n_comps=50
    finished (0:00:00)
computing neighbors
    using 'X_pca' with n_pcs = 30
    finished: added to `.uns['neighbors']`
    `.obsp['distances']`, distances for each pair of neighbors
    `.obsp['connectivities']`, weighted adjacency matrix (0:00:00)
computing UMAP
    finished: added
    'X_umap', UMAP coordinates (adata.obsm)
    'umap', UMAP parameters (adata.uns) (0:00:04)
running Leiden clustering
    finished: found 8 clusters and added
    'clusters', the cluster labels (adata.obs, categorical) (0:00:00)
ranking genes
    finished: added to `.uns['rank_genes_clusters']`
    'names', sorted np.recarray to be indexed by group ids
    'scores', sorted np.recarray to be indexed by group ids
    'logfoldchanges', sorted np.recarray to be indexed by group ids
    'pvals', sorted np.recarray to be indexed by group ids
    'pvals_adj', sorted np.recarray to be indexed by group ids (0:00:00)
WARNING: saving figure to file /home/common/zyxing/singcell-benchmark/backend/data/results/temp_figures/umap_umap_leiden_696f8106-379f-4403-91c7-30d3de384e66_21940781-d958-4820-aa6a-75e5a83407aa.png
[2025-05-17 16:18:23,154: WARNING/MainProcess] Moved plot to /home/common/zyxing/singcell-benchmark/backend/data/results/696f8106-379f-4403-91c7-30d3de384e66/umap_leiden.png
[2025-05-17 16:18:23,453: WARNING/MainProcess] ---------------------------------------------
[2025-05-17 16:18:23,453: WARNING/MainProcess] TASK d7fa119e-ccda-46a5-a300-2ec0b5a041c0: Attempting to return SUCCESS.
[2025-05-17 16:18:23,453: WARNING/MainProcess] Final Serializable Summary: {'original_shape': {'obs': 2700, 'var': 32738}, 'qc_calculated': True, 'qc_plot_path': '/home/common/zyxing/singcell-benchmark/backend/data/results/696f8106-379f-4403-91c7-30d3de384e66/qc_violin_before_filter.png', 'shape_after_basic_filter': {'obs': 2700, 'var': 13714}, 'normalized': True, 'hvg_calculated': True, 'shape_after_hvg': {'obs': 2700, 'var': 1872}, 'pca_done': True, 'neighbors_done': True, 'umap_done': True, 'clustering_done': {'method': 'leiden', 'resolution': 0.5}, 'marker_genes_calculated': True, 'marker_genes_path': '/home/common/zyxing/singcell-benchmark/backend/data/results/696f8106-379f-4403-91c7-30d3de384e66/marker_genes_leiden.csv', 'umap_plot_path': '/home/common/zyxing/singcell-benchmark/backend/data/results/696f8106-379f-4403-91c7-30d3de384e66/umap_leiden.png', 'processed_data_path': '/home/common/zyxing/singcell-benchmark/backend/data/results/696f8106-379f-4403-91c7-30d3de384e66/696f8106-379f-4403-91c7-30d3de384e66_processed.h5ad'}
[2025-05-17 16:18:23,453: WARNING/MainProcess] ---------------------------------------------
[2025-05-17 16:18:23,453: WARNING/MainProcess] TASK d7fa119e-ccda-46a5-a300-2ec0b5a041c0: Entering finally block.
[2025-05-17 16:18:23,454: WARNING/MainProcess] TASK d7fa119e-ccda-46a5-a300-2ec0b5a041c0: Found 0 temp items to remove.
[2025-05-17 16:18:23,454: WARNING/MainProcess] TASK d7fa119e-ccda-46a5-a300-2ec0b5a041c0: Closed matplotlib figures.
[2025-05-17 16:18:23,454: WARNING/MainProcess] TASK d7fa119e-ccda-46a5-a300-2ec0b5a041c0: Exiting finally block.
[2025-05-17 16:18:23,456: INFO/MainProcess] Task app.tasks.scanpy_tasks.run_scanpy_analysis[d7fa119e-ccda-46a5-a300-2ec0b5a041c0] succeeded in 8.78705274220556s: {'status': 'Complete', 'results_summary': {'original_shape': {'obs': 2700, 'var': 32738}, 'qc_calculated': True, 'qc_plot_path': '/home/common/zyxing/singcell-benchmark/backend/data/results/696f8106-379f-4403-91c7-30d3de384e66/qc_violin_before_filter.png', 'shape_after_basic_filter': {'obs': 2700, 'var': 13714}, 'normalized': True, 'hvg_calculated': True, 'shape_after_hvg': {'obs': 2700, 'var': 1872}, 'pca_done': True, 'neighbors_done': True, 'umap_done': True, 'clustering_done': {'method': 'leiden', 'resolution': 0.5}, 'marker_genes_calculated': True, 'marker_genes_path': '/home/common/zyxing/singcell-benchmark/backend/data/results/696f8106-379f-4403-91c7-30d3de384e66/marker_genes_leiden.csv', 'umap_plot_path': '/home/common/zyxing/singcell-benchmark/backend/data/results/696f8106-379f-4403-91c7-30d3de384e66/umap_leiden.png', 'processed_data_path': '/home/common/zyxing/singcell-benchmark/backend/data/results/696f8106-379f-4403-91c7-30d3de384e66/696f8106-379f-4403-91c7-30d3de384e66_processed.h5ad'}}
[2025-05-17 16:18:35,803: INFO/MainProcess] Task app.tasks.trajectory_tasks.run_trajectory_analysis[4b87d130-f63e-4929-b0b0-e7fe97928fcd] received
computing Diffusion Maps using n_comps=15(=n_dcs)
computing transitions
    finished (0:00:00)
    eigenvalues of transition matrix
    [1.         0.9992301  0.9933529  0.9849966  0.98304415 0.9671725
     0.942832   0.9389226  0.8946745  0.88487643 0.8526565  0.8258938
     0.8218592  0.8066022  0.7640978 ]
    finished: added
    'X_diffmap', diffmap coordinates (adata.obsm)
    'diffmap_evals', eigenvalues of transition matrix (adata.uns) (0:00:00)
WARNING: saving figure to file /home/common/zyxing/singcell-benchmark/backend/data/results/temp_figures/diffmap_diffmap_696f8106-379f-4403-91c7-30d3de384e66_f5d6053a-a66b-47f6-a987-e02ed1d1ab52.png
running PAGA
    finished: added
    'paga/connectivities', connectivities adjacency (adata.uns)
    'paga/connectivities_tree', connectivities subtree (adata.uns) (0:00:00)
--> added 'pos', the PAGA positions (adata.uns['paga'])
WARNING: saving figure to file /home/common/zyxing/singcell-benchmark/backend/data/results/temp_figures/paga_graph_paga_graph_696f8106-379f-4403-91c7-30d3de384e66_088ecb44-68a8-4982-ab6d-38c8d001763c.png
[2025-05-17 16:18:36,632: WARNING/MainProcess] Warning: Could not generate PAGA UMAP plot: 'umap'
[2025-05-17 16:18:36,634: INFO/MainProcess] Task app.tasks.trajectory_tasks.run_trajectory_analysis[4b87d130-f63e-4929-b0b0-e7fe97928fcd] succeeded in 0.8304440705105662s: {'status': 'Complete', 'results_summary': {'source_data_id': '696f8106-379f-4403-91c7-30d3de384e66', 'diffmap_done': True, 'diffmap_plot_path': '/home/common/zyxing/singcell-benchmark/backend/data/results/696f8106-379f-4403-91c7-30d3de384e66/diffmap.png', 'paga_done': True, 'paga_graph_plot_path': '/home/common/zyxing/singcell-benchmark/backend/data/results/696f8106-379f-4403-91c7-30d3de384e66/paga_graph.png'}}
[2025-05-17 16:18:39,372: INFO/MainProcess] Task app.tasks.communication_tasks.run_cellphone_analysis[f83b460c-60a8-4edf-9bb1-a6c6b554b776] received
[2025-05-17 16:18:39,492: WARNING/MainProcess] Using counts from adata.X
[2025-05-17 16:18:39,493: WARNING/MainProcess] Using gene identifiers from AnnData index (.var_names)
[2025-05-17 16:18:39,523: WARNING/MainProcess] Starting CellPhoneDB statistical analysis...
[2025-05-17 16:18:39,523: WARNING/MainProcess]   Meta file: /home/common/zyxing/singcell-benchmark/backend/data/results/696f8106-379f-4403-91c7-30d3de384e66/temp_cpdb_input/meta.tsv
[2025-05-17 16:18:39,524: WARNING/MainProcess]   Counts file: /home/common/zyxing/singcell-benchmark/backend/data/results/696f8106-379f-4403-91c7-30d3de384e66/temp_cpdb_input/counts.h5ad
[2025-05-17 16:18:39,524: WARNING/MainProcess]   Database path: /home/common/zyxing/singcell-benchmark/backend/cellphonedb_data/v5.0.0/cellphonedb.zip
[2025-05-17 16:18:39,524: WARNING/MainProcess]   Output path: /home/common/zyxing/singcell-benchmark/backend/data/results/696f8106-379f-4403-91c7-30d3de384e66/cellphonedb_out
[2025-05-17 16:18:39,524: WARNING/MainProcess]   Threads: 4
[2025-05-17 16:18:39,596: WARNING/MainProcess] Reading user files...
[2025-05-17 16:18:39,630: WARNING/MainProcess] The following user files were loaded successfully:
[2025-05-17 16:18:39,630: WARNING/MainProcess] /home/common/zyxing/singcell-benchmark/backend/data/results/696f8106-379f-4403-91c7-30d3de384e66/temp_cpdb_input/counts.h5ad
[2025-05-17 16:18:39,630: WARNING/MainProcess] /home/common/zyxing/singcell-benchmark/backend/data/results/696f8106-379f-4403-91c7-30d3de384e66/temp_cpdb_input/meta.tsv
[ ][CORE][17/05/25-16:18:39][INFO] [Cluster Statistical Analysis] Threshold:0.1 Iterations:1000 Debug-seed:-1 Threads:4 Precision:3
[2025-05-17 16:18:39,723: WARNING/MainProcess] /home/zyxing/anaconda3/envs/scanpy-app-backend/lib/python3.9/site-packages/cellphonedb/src/core/models/complex/complex_helper.py:40: DeprecationWarning: DataFrameGroupBy.apply operated on the grouping columns. This behavior is deprecated, and in a future version of pandas the grouping columns will be excluded from the operation. Either pass `include_groups=False` to exclude the groupings or explicitly select the grouping columns after groupby to silence this warning.
  complex_to_protein_ids = complex_composition.groupby(COMPLEX_ID).apply(lambda x: x[PROTEIN_ID].values).to_dict()

[ ][CORE][17/05/25-16:18:39][INFO] Running Real Analysis
[ ][CORE][17/05/25-16:18:39][INFO] Running Statistical Analysis
[2025-05-17 16:18:39,901: WARNING/MainProcess]   0%|          | 0/1000 [00:00<?, ?it/s]
[2025-05-17 16:18:40,042: WARNING/MainProcess]   0%|          | 1/1000 [00:00<02:19,  7.15it/s]
[2025-05-17 16:18:40,187: WARNING/MainProcess]   1%|1         | 11/1000 [00:00<00:22, 43.95it/s]
[2025-05-17 16:18:40,327: WARNING/MainProcess]   2%|1         | 19/1000 [00:00<00:19, 49.91it/s]
[2025-05-17 16:18:40,459: WARNING/MainProcess]   3%|2         | 27/1000 [00:00<00:18, 53.92it/s]
[2025-05-17 16:18:40,587: WARNING/MainProcess]   4%|3         | 35/1000 [00:00<00:16, 56.85it/s]
[2025-05-17 16:18:40,703: WARNING/MainProcess]   4%|4         | 42/1000 [00:00<00:16, 57.95it/s]
[2025-05-17 16:18:40,830: WARNING/MainProcess]   5%|4         | 48/1000 [00:00<00:17, 54.44it/s]
[2025-05-17 16:18:40,933: WARNING/MainProcess]   5%|5         | 54/1000 [00:01<00:17, 55.55it/s]
[2025-05-17 16:18:41,062: WARNING/MainProcess]   6%|6         | 60/1000 [00:01<00:17, 52.62it/s]
[2025-05-17 16:18:41,176: WARNING/MainProcess]   7%|6         | 67/1000 [00:01<00:16, 55.10it/s]
[2025-05-17 16:18:41,283: WARNING/MainProcess]   7%|7         | 73/1000 [00:01<00:16, 55.37it/s]
[2025-05-17 16:18:41,411: WARNING/MainProcess]   8%|8         | 80/1000 [00:01<00:16, 55.21it/s]
[2025-05-17 16:18:41,514: WARNING/MainProcess]   9%|8         | 87/1000 [00:01<00:15, 58.70it/s]
[2025-05-17 16:18:41,627: WARNING/MainProcess]   9%|9         | 94/1000 [00:01<00:15, 59.60it/s]
[2025-05-17 16:18:41,743: WARNING/MainProcess]  10%|#         | 101/1000 [00:01<00:15, 59.89it/s]
[2025-05-17 16:18:41,853: WARNING/MainProcess]  11%|#         | 108/1000 [00:01<00:14, 60.94it/s]
[2025-05-17 16:18:41,979: WARNING/MainProcess]  12%|#1        | 115/1000 [00:02<00:14, 59.23it/s]
[2025-05-17 16:18:42,087: WARNING/MainProcess]  12%|#2        | 121/1000 [00:02<00:15, 58.19it/s]
[2025-05-17 16:18:42,220: WARNING/MainProcess]  13%|#2        | 129/1000 [00:02<00:14, 58.87it/s]
[2025-05-17 16:18:42,347: WARNING/MainProcess]  14%|#3        | 137/1000 [00:02<00:14, 60.13it/s]
[2025-05-17 16:18:42,478: WARNING/MainProcess]  14%|#4        | 145/1000 [00:02<00:14, 60.38it/s]
[2025-05-17 16:18:42,610: WARNING/MainProcess]  15%|#5        | 153/1000 [00:02<00:13, 60.53it/s]
[2025-05-17 16:18:42,711: WARNING/MainProcess]  16%|#6        | 160/1000 [00:02<00:13, 62.74it/s]
[2025-05-17 16:18:42,842: WARNING/MainProcess]  17%|#6        | 167/1000 [00:02<00:13, 59.73it/s]
[2025-05-17 16:18:42,954: WARNING/MainProcess]  17%|#7        | 174/1000 [00:03<00:13, 60.46it/s]
[2025-05-17 16:18:43,082: WARNING/MainProcess]  18%|#8        | 181/1000 [00:03<00:13, 58.71it/s]
[2025-05-17 16:18:43,196: WARNING/MainProcess]  19%|#8        | 187/1000 [00:03<00:14, 57.25it/s]
[2025-05-17 16:18:43,315: WARNING/MainProcess]  19%|#9        | 193/1000 [00:03<00:14, 54.94it/s]
[2025-05-17 16:18:43,445: WARNING/MainProcess]  20%|##        | 200/1000 [00:03<00:14, 54.51it/s]
[2025-05-17 16:18:43,583: WARNING/MainProcess]  21%|##        | 207/1000 [00:03<00:14, 53.30it/s]
[2025-05-17 16:18:43,693: WARNING/MainProcess]  21%|##1       | 213/1000 [00:03<00:14, 53.66it/s]
[2025-05-17 16:18:43,821: WARNING/MainProcess]  22%|##2       | 220/1000 [00:03<00:14, 54.03it/s]
[2025-05-17 16:18:43,950: WARNING/MainProcess]  23%|##2       | 228/1000 [00:04<00:13, 56.44it/s]
[2025-05-17 16:18:44,077: WARNING/MainProcess]  24%|##3       | 236/1000 [00:04<00:13, 58.42it/s]
[2025-05-17 16:18:44,181: WARNING/MainProcess]  24%|##4       | 243/1000 [00:04<00:12, 60.79it/s]
[2025-05-17 16:18:44,322: WARNING/MainProcess]  25%|##5       | 250/1000 [00:04<00:13, 57.06it/s]
[2025-05-17 16:18:44,457: WARNING/MainProcess]  26%|##5       | 258/1000 [00:04<00:12, 57.70it/s]
[2025-05-17 16:18:44,590: WARNING/MainProcess]  27%|##6       | 266/1000 [00:04<00:12, 58.44it/s]
[2025-05-17 16:18:44,725: WARNING/MainProcess]  27%|##7       | 274/1000 [00:04<00:12, 58.70it/s]
[2025-05-17 16:18:44,866: WARNING/MainProcess]  28%|##8       | 282/1000 [00:04<00:12, 58.16it/s]
[2025-05-17 16:18:44,990: WARNING/MainProcess]  29%|##9       | 290/1000 [00:05<00:11, 59.88it/s]
[2025-05-17 16:18:45,118: WARNING/MainProcess]  30%|##9       | 298/1000 [00:05<00:11, 60.71it/s]
[2025-05-17 16:18:45,220: WARNING/MainProcess]  30%|###       | 305/1000 [00:05<00:11, 62.60it/s]
[2025-05-17 16:18:45,350: WARNING/MainProcess]  31%|###1      | 312/1000 [00:05<00:11, 59.93it/s]
[2025-05-17 16:18:45,472: WARNING/MainProcess]  32%|###1      | 319/1000 [00:05<00:11, 59.22it/s]
[2025-05-17 16:18:45,605: WARNING/MainProcess]  32%|###2      | 325/1000 [00:05<00:12, 54.64it/s]
[2025-05-17 16:18:45,710: WARNING/MainProcess]  33%|###3      | 331/1000 [00:05<00:12, 55.36it/s]
[2025-05-17 16:18:45,830: WARNING/MainProcess]  34%|###3      | 337/1000 [00:05<00:12, 53.76it/s]
[2025-05-17 16:18:45,944: WARNING/MainProcess]  34%|###4      | 343/1000 [00:06<00:12, 53.44it/s]
[2025-05-17 16:18:46,054: WARNING/MainProcess]  35%|###4      | 349/1000 [00:06<00:12, 53.68it/s]
[2025-05-17 16:18:46,187: WARNING/MainProcess]  36%|###5      | 355/1000 [00:06<00:12, 50.88it/s]
[2025-05-17 16:18:46,290: WARNING/MainProcess]  36%|###6      | 362/1000 [00:06<00:11, 55.49it/s]
[2025-05-17 16:18:46,397: WARNING/MainProcess]  37%|###6      | 368/1000 [00:06<00:11, 55.61it/s]
[2025-05-17 16:18:46,503: WARNING/MainProcess]  37%|###7      | 374/1000 [00:06<00:11, 55.91it/s]
[2025-05-17 16:18:46,608: WARNING/MainProcess]  38%|###8      | 381/1000 [00:06<00:10, 59.16it/s]
[2025-05-17 16:18:46,716: WARNING/MainProcess]  39%|###8      | 387/1000 [00:06<00:10, 57.97it/s]
[2025-05-17 16:18:46,840: WARNING/MainProcess]  39%|###9      | 394/1000 [00:06<00:10, 57.43it/s]
[2025-05-17 16:18:46,945: WARNING/MainProcess]  40%|####      | 402/1000 [00:07<00:09, 62.91it/s]
[2025-05-17 16:18:47,045: WARNING/MainProcess]  41%|####      | 409/1000 [00:07<00:09, 64.83it/s]
[2025-05-17 16:18:47,174: WARNING/MainProcess]  42%|####1     | 416/1000 [00:07<00:09, 61.22it/s]
[2025-05-17 16:18:47,278: WARNING/MainProcess]  42%|####2     | 423/1000 [00:07<00:09, 62.90it/s]
[2025-05-17 16:18:47,406: WARNING/MainProcess]  43%|####3     | 430/1000 [00:07<00:09, 60.16it/s]
[2025-05-17 16:18:47,526: WARNING/MainProcess]  44%|####3     | 437/1000 [00:07<00:09, 59.69it/s]
[2025-05-17 16:18:47,647: WARNING/MainProcess]  44%|####4     | 444/1000 [00:07<00:09, 59.09it/s]
[2025-05-17 16:18:47,758: WARNING/MainProcess]  45%|####5     | 450/1000 [00:07<00:09, 57.63it/s]
[2025-05-17 16:18:47,909: WARNING/MainProcess]  46%|####5     | 457/1000 [00:08<00:10, 53.59it/s]
[2025-05-17 16:18:48,012: WARNING/MainProcess]  46%|####6     | 463/1000 [00:08<00:09, 54.78it/s]
[2025-05-17 16:18:48,131: WARNING/MainProcess]  47%|####6     | 469/1000 [00:08<00:09, 53.47it/s]
[2025-05-17 16:18:48,270: WARNING/MainProcess]  48%|####7     | 476/1000 [00:08<00:09, 52.52it/s]
[2025-05-17 16:18:48,434: WARNING/MainProcess]  48%|####8     | 482/1000 [00:08<00:11, 46.70it/s]
[2025-05-17 16:18:48,541: WARNING/MainProcess]  49%|####8     | 487/1000 [00:08<00:10, 46.77it/s]
[2025-05-17 16:18:48,661: WARNING/MainProcess]  50%|####9     | 495/1000 [00:08<00:09, 52.54it/s]
[2025-05-17 16:18:48,762: WARNING/MainProcess]  50%|#####     | 502/1000 [00:08<00:08, 56.76it/s]
[2025-05-17 16:18:48,900: WARNING/MainProcess]  51%|#####1    | 510/1000 [00:08<00:08, 57.16it/s]
[2025-05-17 16:18:49,041: WARNING/MainProcess]  52%|#####1    | 518/1000 [00:09<00:08, 57.10it/s]
[2025-05-17 16:18:49,176: WARNING/MainProcess]  53%|#####2    | 526/1000 [00:09<00:08, 57.73it/s]
[2025-05-17 16:18:49,306: WARNING/MainProcess]  53%|#####3    | 533/1000 [00:09<00:08, 56.53it/s]
[2025-05-17 16:18:49,436: WARNING/MainProcess]  54%|#####4    | 541/1000 [00:09<00:07, 57.98it/s]
[2025-05-17 16:18:49,569: WARNING/MainProcess]  55%|#####4    | 549/1000 [00:09<00:07, 58.68it/s]
[2025-05-17 16:18:49,707: WARNING/MainProcess]  56%|#####5    | 557/1000 [00:09<00:07, 58.43it/s]
[2025-05-17 16:18:49,826: WARNING/MainProcess]  56%|#####6    | 565/1000 [00:09<00:07, 60.93it/s]
[2025-05-17 16:18:49,957: WARNING/MainProcess]  57%|#####7    | 572/1000 [00:10<00:07, 58.61it/s]
[2025-05-17 16:18:50,078: WARNING/MainProcess]  58%|#####8    | 580/1000 [00:10<00:06, 60.83it/s]
[2025-05-17 16:18:50,183: WARNING/MainProcess]  59%|#####8    | 587/1000 [00:10<00:06, 62.28it/s]
[2025-05-17 16:18:50,288: WARNING/MainProcess]  59%|#####9    | 594/1000 [00:10<00:06, 63.50it/s]
[2025-05-17 16:18:50,394: WARNING/MainProcess]  60%|######    | 601/1000 [00:10<00:06, 64.23it/s]
[2025-05-17 16:18:50,509: WARNING/MainProcess]  61%|######    | 608/1000 [00:10<00:06, 63.16it/s]
[2025-05-17 16:18:50,630: WARNING/MainProcess]  62%|######1   | 615/1000 [00:10<00:06, 61.48it/s]
[2025-05-17 16:18:50,772: WARNING/MainProcess]  62%|######2   | 622/1000 [00:10<00:06, 57.33it/s]
[2025-05-17 16:18:50,904: WARNING/MainProcess]  63%|######2   | 629/1000 [00:11<00:06, 55.94it/s]
[2025-05-17 16:18:51,043: WARNING/MainProcess]  64%|######3   | 635/1000 [00:11<00:07, 51.83it/s]
[2025-05-17 16:18:51,155: WARNING/MainProcess]  64%|######4   | 643/1000 [00:11<00:06, 57.23it/s]
[2025-05-17 16:18:51,270: WARNING/MainProcess]  65%|######4   | 649/1000 [00:11<00:06, 55.73it/s]
[2025-05-17 16:18:51,377: WARNING/MainProcess]  66%|######5   | 655/1000 [00:11<00:06, 55.84it/s]
[2025-05-17 16:18:51,482: WARNING/MainProcess]  66%|######6   | 662/1000 [00:11<00:05, 58.90it/s]
[2025-05-17 16:18:51,589: WARNING/MainProcess]  67%|######6   | 668/1000 [00:11<00:05, 58.07it/s]
[2025-05-17 16:18:51,694: WARNING/MainProcess]  67%|######7   | 674/1000 [00:11<00:05, 57.74it/s]
[2025-05-17 16:18:51,821: WARNING/MainProcess]  68%|######8   | 681/1000 [00:11<00:05, 56.83it/s]
[2025-05-17 16:18:51,935: WARNING/MainProcess]  69%|######8   | 689/1000 [00:12<00:05, 60.87it/s]
[2025-05-17 16:18:52,060: WARNING/MainProcess]  70%|######9   | 696/1000 [00:12<00:05, 59.29it/s]
[2025-05-17 16:18:52,173: WARNING/MainProcess]  70%|#######   | 703/1000 [00:12<00:04, 60.05it/s]
[2025-05-17 16:18:52,294: WARNING/MainProcess]  71%|#######1  | 710/1000 [00:12<00:04, 59.40it/s]
[2025-05-17 16:18:52,411: WARNING/MainProcess]  72%|#######1  | 717/1000 [00:12<00:04, 59.59it/s]
[2025-05-17 16:18:52,520: WARNING/MainProcess]  72%|#######2  | 723/1000 [00:12<00:04, 58.19it/s]
[2025-05-17 16:18:52,645: WARNING/MainProcess]  73%|#######3  | 731/1000 [00:12<00:04, 60.14it/s]
[2025-05-17 16:18:52,747: WARNING/MainProcess]  74%|#######3  | 738/1000 [00:12<00:04, 62.32it/s]
[2025-05-17 16:18:52,862: WARNING/MainProcess]  74%|#######4  | 745/1000 [00:12<00:04, 61.90it/s]
[2025-05-17 16:18:52,975: WARNING/MainProcess]  75%|#######5  | 752/1000 [00:13<00:03, 62.01it/s]
[2025-05-17 16:18:53,097: WARNING/MainProcess]  76%|#######5  | 759/1000 [00:13<00:03, 60.51it/s]
[2025-05-17 16:18:53,218: WARNING/MainProcess]  77%|#######6  | 766/1000 [00:13<00:03, 59.62it/s]
[2025-05-17 16:18:53,344: WARNING/MainProcess]  77%|#######7  | 773/1000 [00:13<00:03, 58.44it/s]
[2025-05-17 16:18:53,456: WARNING/MainProcess]  78%|#######8  | 780/1000 [00:13<00:03, 59.59it/s]
[2025-05-17 16:18:53,568: WARNING/MainProcess]  79%|#######8  | 786/1000 [00:13<00:03, 57.85it/s]
[2025-05-17 16:18:53,705: WARNING/MainProcess]  79%|#######9  | 794/1000 [00:13<00:03, 57.97it/s]
[2025-05-17 16:18:53,823: WARNING/MainProcess]  80%|########  | 802/1000 [00:13<00:03, 60.93it/s]
[2025-05-17 16:18:53,933: WARNING/MainProcess]  81%|########  | 809/1000 [00:14<00:03, 61.74it/s]
[2025-05-17 16:18:54,069: WARNING/MainProcess]  82%|########1 | 817/1000 [00:14<00:03, 60.74it/s]
[2025-05-17 16:18:54,184: WARNING/MainProcess]  82%|########2 | 825/1000 [00:14<00:02, 63.26it/s]
[2025-05-17 16:18:54,302: WARNING/MainProcess]  83%|########3 | 832/1000 [00:14<00:02, 62.08it/s]
[2025-05-17 16:18:54,413: WARNING/MainProcess]  84%|########3 | 839/1000 [00:14<00:02, 62.37it/s]
[2025-05-17 16:18:54,527: WARNING/MainProcess]  85%|########4 | 846/1000 [00:14<00:02, 62.04it/s]
[2025-05-17 16:18:54,669: WARNING/MainProcess]  85%|########5 | 853/1000 [00:14<00:02, 57.67it/s]
[2025-05-17 16:18:54,776: WARNING/MainProcess]  86%|########5 | 859/1000 [00:14<00:02, 57.27it/s]
[2025-05-17 16:18:54,898: WARNING/MainProcess]  87%|########6 | 867/1000 [00:14<00:02, 59.71it/s]
[2025-05-17 16:18:55,000: WARNING/MainProcess]  87%|########7 | 874/1000 [00:15<00:02, 62.16it/s]
[2025-05-17 16:18:55,128: WARNING/MainProcess]  88%|########8 | 881/1000 [00:15<00:01, 59.80it/s]
[2025-05-17 16:18:55,242: WARNING/MainProcess]  89%|########8 | 888/1000 [00:15<00:01, 60.26it/s]
[2025-05-17 16:18:55,369: WARNING/MainProcess]  90%|########9 | 895/1000 [00:15<00:01, 58.57it/s]
[2025-05-17 16:18:55,475: WARNING/MainProcess]  90%|######### | 901/1000 [00:15<00:01, 58.03it/s]
[2025-05-17 16:18:55,604: WARNING/MainProcess]  91%|######### | 908/1000 [00:15<00:01, 56.76it/s]
[2025-05-17 16:18:55,715: WARNING/MainProcess]  91%|#########1| 914/1000 [00:15<00:01, 56.05it/s]
[2025-05-17 16:18:55,847: WARNING/MainProcess]  92%|#########2| 921/1000 [00:15<00:01, 55.12it/s]
[2025-05-17 16:18:55,957: WARNING/MainProcess]  93%|#########2| 928/1000 [00:16<00:01, 57.53it/s]
[2025-05-17 16:18:56,072: WARNING/MainProcess]  94%|#########3| 935/1000 [00:16<00:01, 58.51it/s]
[2025-05-17 16:18:56,175: WARNING/MainProcess]  94%|#########4| 941/1000 [00:16<00:01, 58.33it/s]
[2025-05-17 16:18:56,309: WARNING/MainProcess]  95%|#########4| 948/1000 [00:16<00:00, 56.40it/s]
[2025-05-17 16:18:56,427: WARNING/MainProcess]  96%|#########5| 956/1000 [00:16<00:00, 59.64it/s]
[2025-05-17 16:18:56,532: WARNING/MainProcess]  96%|#########6| 963/1000 [00:16<00:00, 61.57it/s]
[2025-05-17 16:18:56,655: WARNING/MainProcess]  97%|#########7| 970/1000 [00:16<00:00, 60.18it/s]
[2025-05-17 16:18:56,780: WARNING/MainProcess]  98%|#########7| 978/1000 [00:16<00:00, 61.30it/s]
[2025-05-17 16:18:56,910: WARNING/MainProcess]  99%|#########8| 986/1000 [00:17<00:00, 61.50it/s]
[2025-05-17 16:18:57,036: WARNING/MainProcess]  99%|#########9| 994/1000 [00:17<00:00, 62.07it/s]
[2025-05-17 16:18:57,124: WARNING/MainProcess] 100%|##########| 1000/1000 [00:17<00:00, 58.06it/s]
[ ][CORE][17/05/25-16:18:57][INFO] Building Pvalues result
[ ][CORE][17/05/25-16:18:57][INFO] Building results
[2025-05-17 16:18:57,293: WARNING/MainProcess] Saved deconvoluted to /home/common/zyxing/singcell-benchmark/backend/data/results/696f8106-379f-4403-91c7-30d3de384e66/cellphonedb_out/statistical_analysis_deconvoluted_05_17_2025_161857.txt
[2025-05-17 16:18:57,294: WARNING/MainProcess] Saved deconvoluted_percents to /home/common/zyxing/singcell-benchmark/backend/data/results/696f8106-379f-4403-91c7-30d3de384e66/cellphonedb_out/statistical_analysis_deconvoluted_percents_05_17_2025_161857.txt
[2025-05-17 16:18:57,297: WARNING/MainProcess] Saved means to /home/common/zyxing/singcell-benchmark/backend/data/results/696f8106-379f-4403-91c7-30d3de384e66/cellphonedb_out/statistical_analysis_means_05_17_2025_161857.txt
[2025-05-17 16:18:57,299: WARNING/MainProcess] Saved pvalues to /home/common/zyxing/singcell-benchmark/backend/data/results/696f8106-379f-4403-91c7-30d3de384e66/cellphonedb_out/statistical_analysis_pvalues_05_17_2025_161857.txt
[2025-05-17 16:18:57,301: WARNING/MainProcess] Saved significant_means to /home/common/zyxing/singcell-benchmark/backend/data/results/696f8106-379f-4403-91c7-30d3de384e66/cellphonedb_out/statistical_analysis_significant_means_05_17_2025_161857.txt
[2025-05-17 16:18:57,304: WARNING/MainProcess] CellPhoneDB statistical analysis completed successfully.
[2025-05-17 16:18:57,304: WARNING/MainProcess] Warning: CellPhoneDB output files (significant_means.txt, pvalues.txt) not found. Skipping plot generation.
[2025-05-17 16:18:57,308: WARNING/MainProcess] Removed temporary directory: /home/common/zyxing/singcell-benchmark/backend/data/results/696f8106-379f-4403-91c7-30d3de384e66/temp_cpdb_input
[2025-05-17 16:18:57,309: INFO/MainProcess] Task app.tasks.communication_tasks.run_cellphone_analysis[f83b460c-60a8-4edf-9bb1-a6c6b554b776] succeeded in 17.9368142709136s: {'status': 'Complete', 'results_summary': {'source_data_id': '696f8106-379f-4403-91c7-30d3de384e66', 'cpdb_output_dir': '/home/common/zyxing/singcell-benchmark/backend/data/results/696f8106-379f-4403-91c7-30d3de384e66/cellphonedb_out', 'meta_file_generated': '/home/common/zyxing/singcell-benchmark/backend/data/results/696f8106-379f-4403-91c7-30d3de384e66/temp_cpdb_input/meta.tsv', 'counts_file_generated': '/home/common/zyxing/singcell-benchmark/backend/data/results/696f8106-379f-4403-91c7-30d3de384e66/temp_cpdb_input/counts.h5ad', 'cellphonedb_run_success': True, 'plots_generated': False}}
[2025-05-17 16:19:57,688: INFO/MainProcess] Task app.tasks.integration_tasks.run_integration[ee168515-e084-42cf-8899-d2f89874fbfb] received
computing PCA
    with n_comps=50
    finished (0:00:00)
computing batch balanced neighbors
WARNING: consider updating your call to make use of `computation`
	finished: added to `.uns['neighbors']`
    `.obsp['distances']`, distances for each pair of neighbors
    `.obsp['connectivities']`, weighted adjacency matrix (0:00:00)
computing UMAP
    finished: added
    'X_umap', UMAP coordinates (adata.obsm)
    'umap', UMAP parameters (adata.uns) (0:00:04)
WARNING: saving figure to file /home/common/zyxing/singcell-benchmark/backend/data/results/temp_figures/umap_umap_integrated_batch_integrated_1747469995737_96aa5be6-e28b-46c3-a2c6-9d49235791af.png
[2025-05-17 16:20:04,438: INFO/MainProcess] Task app.tasks.integration_tasks.run_integration[ee168515-e084-42cf-8899-d2f89874fbfb] succeeded in 6.746775723062456s: {'status': 'Complete', 'results_summary': {'integrated_data_id': 'integrated_1747469995737', 'concatenated_shape': {'obs': 3338, 'var': 208}, 'pca_on_concatenated': True, 'integration_method': 'bbknn', 'neighbors_done': True, 'umap_done': True, 'umap_batch_plot_path': '/home/common/zyxing/singcell-benchmark/backend/data/results/integrated_1747469995737/umap_integrated_batch.png', 'integrated_data_path': '/home/common/zyxing/singcell-benchmark/backend/data/results/integrated_1747469995737/integrated_1747469995737_integrated.h5ad'}}
[2025-05-17 16:20:47,704: INFO/MainProcess] Task app.tasks.atac_tasks.run_atac_analysis[cfbf3ae9-b435-441d-9a51-265e664bb6f6] received
[2025-05-17 16:20:48,767: WARNING/MainProcess] Warning: Failed during QC calculation or plotting: "Could not find keys '['n_features_by_counts']' in columns of `adata.obs` or in adata.var_names."
Traceback (most recent call last):
  File "/home/common/zyxing/singcell-benchmark/backend/app/tasks/atac_tasks.py", line 77, in run_atac_analysis
    sc.pl.violin(atac, qc_vars, jitter=0.4, multi_panel=True, show=False, save=f"_{temp_qc_filename}")
  File "/home/zyxing/anaconda3/envs/scanpy-app-backend/lib/python3.9/site-packages/legacy_api_wrap/__init__.py", line 80, in fn_compatible
    return fn(*args_all, **kw)
  File "/home/zyxing/anaconda3/envs/scanpy-app-backend/lib/python3.9/site-packages/scanpy/plotting/_anndata.py", line 839, in violin
    obs_df = get.obs_df(adata, keys=keys, layer=layer, use_raw=use_raw)
  File "/home/zyxing/anaconda3/envs/scanpy-app-backend/lib/python3.9/site-packages/scanpy/get/get.py", line 296, in obs_df
    obs_cols, var_idx_keys, var_symbols = _check_indices(
  File "/home/zyxing/anaconda3/envs/scanpy-app-backend/lib/python3.9/site-packages/scanpy/get/get.py", line 186, in _check_indices
    raise KeyError(
KeyError: "Could not find keys '['n_features_by_counts']' in columns of `adata.obs` or in adata.var_names."
[2025-05-17 16:20:48,769: WARNING/MainProcess] Warning: Error during filtering: Column name from .obs or one of the var_names was expected but got total_counts.. Proceeding with unfiltered data if possible.
[2025-05-17 16:20:48,770: WARNING/MainProcess] Warning: TF-IDF failed: module 'scanpy.preprocessing' has no attribute 'tfidf'. Skipping.
computing PCA
    with n_comps=51
    finished (0:00:01)
[2025-05-17 16:20:50,577: WARNING/MainProcess] LSI (SVD) completed. Using components 1 to 50.
computing neighbors
    finished: added to `.uns['neighbors']`
    `.obsp['distances']`, distances for each pair of neighbors
    `.obsp['connectivities']`, weighted adjacency matrix (0:00:00)
[2025-05-17 16:20:50,592: WARNING/MainProcess] Neighbors graph calculated on LSI components.
computing UMAP
    finished: added
    'X_umap', UMAP coordinates (adata.obsm)
    'umap', UMAP parameters (adata.uns) (0:00:00)
[2025-05-17 16:20:50,857: WARNING/MainProcess] UMAP calculation completed.
running Leiden clustering
    finished: found 4 clusters and added
    'clusters', the cluster labels (adata.obs, categorical) (0:00:00)
[2025-05-17 16:20:50,875: WARNING/MainProcess] Leiden clustering completed.
WARNING: saving figure to file /home/common/zyxing/singcell-benchmark/backend/data/results/temp_figures/umap_atac_umap_clusters_1b9aa456-b50d-4cd4-8a59-a142f47f1197_418019ba-da50-40e1-a544-84c7b8658a65.png
[2025-05-17 16:20:53,672: WARNING/MainProcess] Saved processed ATAC AnnData to /home/common/zyxing/singcell-benchmark/backend/data/results/1b9aa456-b50d-4cd4-8a59-a142f47f1197/1b9aa456-b50d-4cd4-8a59-a142f47f1197_processed_atac.h5ad
[2025-05-17 16:20:53,674: INFO/MainProcess] Task app.tasks.atac_tasks.run_atac_analysis[cfbf3ae9-b435-441d-9a51-265e664bb6f6] succeeded in 5.969307808205485s: {'status': 'Complete', 'results_summary': {'source_data_id': '1b9aa456-b50d-4cd4-8a59-a142f47f1197', 'data_loaded': True, 'initial_shape': {'obs': 100, 'var': 108377}, 'qc_calculated': False, 'qc_plot_path': None, 'tfidf_done': False, 'lsi_done': {'n_components_used': 50}, 'neighbors_done': True, 'umap_done': True, 'clustering_done': True, 'umap_cluster_plot_path': '/home/common/zyxing/singcell-benchmark/backend/data/results/1b9aa456-b50d-4cd4-8a59-a142f47f1197/atac_umap_clusters.png', 'processed_adata_path': '/home/common/zyxing/singcell-benchmark/backend/data/results/1b9aa456-b50d-4cd4-8a59-a142f47f1197/1b9aa456-b50d-4cd4-8a59-a142f47f1197_processed_atac.h5ad'}}
[2025-05-17 16:21:52,263: INFO/MainProcess] Task app.tasks.velocity_tasks.run_rna_velocity[44fc3153-ffb6-47df-b841-32a862bd11d3] received
[2025-05-17 16:21:52,586: WARNING/MainProcess] Found 'spliced' and 'unspliced' layers in 769b5a7f-8fdd-4542-bb05-965786ef983e.h5ad
[2025-05-17 16:21:52,589: WARNING/MainProcess] Warning: No processed/integrated AnnData found. Using original data for velocity calculation. Embedding plots will likely fail unless 'umap' exists in original data.
[2025-05-17 16:21:53,728: WARNING/MainProcess] Filtered out 20801 genes that are detected
[2025-05-17 16:21:53,728: WARNING/MainProcess]  
[2025-05-17 16:21:53,729: WARNING/MainProcess] 20 counts (shared).
[2025-05-17 16:21:54,026: WARNING/MainProcess] Normalized count data:
[2025-05-17 16:21:54,027: WARNING/MainProcess]  
[2025-05-17 16:21:54,027: WARNING/MainProcess] X, spliced, unspliced.
[2025-05-17 16:21:54,401: WARNING/MainProcess] Extracted 2000 highly variable genes.
[2025-05-17 16:21:54,402: WARNING/MainProcess] /home/zyxing/anaconda3/envs/scanpy-app-backend/lib/python3.9/site-packages/scvelo/preprocessing/utils.py:705: DeprecationWarning: `log1p` is deprecated since scVelo v0.3.0 and will be removed in a future version. Please use `log1p` from `scanpy.pp` instead.
  log1p(adata)

[2025-05-17 16:21:54,406: WARNING/MainProcess] Logarithmized X.
[2025-05-17 16:21:54,407: WARNING/MainProcess] /home/common/zyxing/singcell-benchmark/backend/app/tasks/velocity_tasks.py:75: DeprecationWarning: Automatic neighbor calculation is deprecated since scvelo==0.4.0 and will be removed in a future version of scVelo. Please compute neighbors first with Scanpy.
  scv.pp.moments(adata_for_velocity, n_pcs=30, n_neighbors=30) # Calculate moments

[2025-05-17 16:21:54,407: WARNING/MainProcess] /home/zyxing/anaconda3/envs/scanpy-app-backend/lib/python3.9/site-packages/scvelo/preprocessing/moments.py:71: DeprecationWarning: `neighbors` is deprecated since scvelo==0.4.0 and will be removed in a future version of scVelo. Please compute neighbors with Scanpy.
  neighbors(

[2025-05-17 16:21:54,415: WARNING/MainProcess] computing neighbors
[2025-05-17 16:21:54,545: WARNING/MainProcess]     finished
[2025-05-17 16:21:54,545: WARNING/MainProcess]  
[2025-05-17 16:21:54,545: WARNING/MainProcess] (0:00:00)
[2025-05-17 16:21:54,545: WARNING/MainProcess]  
[2025-05-17 16:21:54,545: WARNING/MainProcess] -->
[2025-05-17 16:21:54,545: WARNING/MainProcess]  
[2025-05-17 16:21:54,545: WARNING/MainProcess] added 
    'distances' and 'connectivities', weighted adjacency matrices (adata.obsp)
[2025-05-17 16:21:54,552: WARNING/MainProcess] computing moments based on connectivities
[2025-05-17 16:21:55,228: WARNING/MainProcess]     finished
[2025-05-17 16:21:55,228: WARNING/MainProcess]  
[2025-05-17 16:21:55,228: WARNING/MainProcess] (0:00:00)
[2025-05-17 16:21:55,228: WARNING/MainProcess]  
[2025-05-17 16:21:55,228: WARNING/MainProcess] -->
[2025-05-17 16:21:55,228: WARNING/MainProcess]  
[2025-05-17 16:21:55,228: WARNING/MainProcess] added 
    'Ms' and 'Mu', moments of un/spliced abundances (adata.layers)
[2025-05-17 16:21:55,232: WARNING/MainProcess] computing velocities
[2025-05-17 16:21:56,388: WARNING/MainProcess] /home/zyxing/anaconda3/envs/scanpy-app-backend/lib/python3.9/site-packages/scvelo/tools/optimization.py:184: DeprecationWarning: Conversion of an array with ndim > 0 to a scalar is deprecated, and will error in future. Ensure you extract a single element from your array before performing this operation. (Deprecated NumPy 1.25.)
  gamma[i] = np.linalg.pinv(A.T.dot(A)).dot(A.T.dot(y[:, i]))

[2025-05-17 16:21:56,639: WARNING/MainProcess]     finished
[2025-05-17 16:21:56,639: WARNING/MainProcess]  
[2025-05-17 16:21:56,639: WARNING/MainProcess] (0:00:01)
[2025-05-17 16:21:56,639: WARNING/MainProcess]  
[2025-05-17 16:21:56,639: WARNING/MainProcess] -->
[2025-05-17 16:21:56,639: WARNING/MainProcess]  
[2025-05-17 16:21:56,640: WARNING/MainProcess] added 
    'velocity', velocity vectors for each individual cell (adata.layers)
[2025-05-17 16:21:56,709: WARNING/MainProcess] computing velocity graph (using 4/48 cores)
[2025-05-17 16:21:56,716: WARNING/MainProcess]   0%|          | 0/3696 [00:00<?, ?cells/s]
[2025-05-17 16:22:06,912: WARNING/MainProcess]     finished
[2025-05-17 16:22:06,912: WARNING/MainProcess]  
[2025-05-17 16:22:06,913: WARNING/MainProcess] (0:00:10)
[2025-05-17 16:22:06,913: WARNING/MainProcess]  
[2025-05-17 16:22:06,913: WARNING/MainProcess] -->
[2025-05-17 16:22:06,913: WARNING/MainProcess]  
[2025-05-17 16:22:06,913: WARNING/MainProcess] added 
    'velocity_graph', sparse matrix with cosine correlations (adata.uns)
[2025-05-17 16:22:06,917: WARNING/MainProcess] computing velocity embedding
[2025-05-17 16:22:07,595: WARNING/MainProcess]     finished
[2025-05-17 16:22:07,595: WARNING/MainProcess]  
[2025-05-17 16:22:07,595: WARNING/MainProcess] (0:00:00)
[2025-05-17 16:22:07,595: WARNING/MainProcess]  
[2025-05-17 16:22:07,595: WARNING/MainProcess] -->
[2025-05-17 16:22:07,595: WARNING/MainProcess]  
[2025-05-17 16:22:07,595: WARNING/MainProcess] added
    'velocity_umap', embedded velocity vectors (adata.obsm)
[2025-05-17 16:22:07,753: WARNING/MainProcess] /home/zyxing/anaconda3/envs/scanpy-app-backend/lib/python3.9/site-packages/scvelo/plotting/utils.py:68: DeprecationWarning: is_categorical_dtype is deprecated and will be removed in a future version. Use isinstance(dtype, pd.CategoricalDtype) instead
  return isinstance(c, str) and c in data.obs.keys() and cat(data.obs[c])

[2025-05-17 16:22:07,755: WARNING/MainProcess] /home/zyxing/anaconda3/envs/scanpy-app-backend/lib/python3.9/site-packages/scvelo/plotting/utils.py:68: DeprecationWarning: is_categorical_dtype is deprecated and will be removed in a future version. Use isinstance(dtype, pd.CategoricalDtype) instead
  return isinstance(c, str) and c in data.obs.keys() and cat(data.obs[c])

[2025-05-17 16:22:07,757: WARNING/MainProcess] /home/zyxing/anaconda3/envs/scanpy-app-backend/lib/python3.9/site-packages/scvelo/plotting/utils.py:68: DeprecationWarning: is_categorical_dtype is deprecated and will be removed in a future version. Use isinstance(dtype, pd.CategoricalDtype) instead
  return isinstance(c, str) and c in data.obs.keys() and cat(data.obs[c])

[2025-05-17 16:22:07,771: WARNING/MainProcess] /home/zyxing/anaconda3/envs/scanpy-app-backend/lib/python3.9/site-packages/scvelo/plotting/utils.py:68: DeprecationWarning: is_categorical_dtype is deprecated and will be removed in a future version. Use isinstance(dtype, pd.CategoricalDtype) instead
  return isinstance(c, str) and c in data.obs.keys() and cat(data.obs[c])

[2025-05-17 16:22:07,773: WARNING/MainProcess] /home/zyxing/anaconda3/envs/scanpy-app-backend/lib/python3.9/site-packages/scvelo/plotting/utils.py:68: DeprecationWarning: is_categorical_dtype is deprecated and will be removed in a future version. Use isinstance(dtype, pd.CategoricalDtype) instead
  return isinstance(c, str) and c in data.obs.keys() and cat(data.obs[c])

[2025-05-17 16:22:07,784: WARNING/MainProcess] /home/zyxing/anaconda3/envs/scanpy-app-backend/lib/python3.9/site-packages/scvelo/plotting/utils.py:68: DeprecationWarning: is_categorical_dtype is deprecated and will be removed in a future version. Use isinstance(dtype, pd.CategoricalDtype) instead
  return isinstance(c, str) and c in data.obs.keys() and cat(data.obs[c])

[2025-05-17 16:22:07,786: WARNING/MainProcess] /home/zyxing/anaconda3/envs/scanpy-app-backend/lib/python3.9/site-packages/scvelo/plotting/utils.py:68: DeprecationWarning: is_categorical_dtype is deprecated and will be removed in a future version. Use isinstance(dtype, pd.CategoricalDtype) instead
  return isinstance(c, str) and c in data.obs.keys() and cat(data.obs[c])

[2025-05-17 16:22:07,807: WARNING/MainProcess] /home/zyxing/anaconda3/envs/scanpy-app-backend/lib/python3.9/site-packages/scvelo/plotting/utils.py:68: DeprecationWarning: is_categorical_dtype is deprecated and will be removed in a future version. Use isinstance(dtype, pd.CategoricalDtype) instead
  return isinstance(c, str) and c in data.obs.keys() and cat(data.obs[c])

[2025-05-17 16:22:08,174: WARNING/MainProcess] saving figure to file
[2025-05-17 16:22:08,174: WARNING/MainProcess]  
[2025-05-17 16:22:08,174: WARNING/MainProcess] ./figures/scvelo_velocity_embedding_umap_grid_769b5a7f-8fdd-4542-bb05-965786ef983e_c2adb5c3-66fe-45bb-bcaa-15ba791d0171.png
[2025-05-17 16:22:08,175: WARNING/MainProcess] Saved grid plot to /home/common/zyxing/singcell-benchmark/backend/data/results/769b5a7f-8fdd-4542-bb05-965786ef983e/velocity_embedding_umap_grid.png
[2025-05-17 16:22:09,579: WARNING/MainProcess] /home/zyxing/anaconda3/envs/scanpy-app-backend/lib/python3.9/site-packages/scvelo/plotting/utils.py:68: DeprecationWarning: is_categorical_dtype is deprecated and will be removed in a future version. Use isinstance(dtype, pd.CategoricalDtype) instead
  return isinstance(c, str) and c in data.obs.keys() and cat(data.obs[c])

[2025-05-17 16:22:09,582: WARNING/MainProcess] /home/zyxing/anaconda3/envs/scanpy-app-backend/lib/python3.9/site-packages/scvelo/plotting/utils.py:68: DeprecationWarning: is_categorical_dtype is deprecated and will be removed in a future version. Use isinstance(dtype, pd.CategoricalDtype) instead
  return isinstance(c, str) and c in data.obs.keys() and cat(data.obs[c])

[2025-05-17 16:22:09,584: WARNING/MainProcess] /home/zyxing/anaconda3/envs/scanpy-app-backend/lib/python3.9/site-packages/scvelo/plotting/utils.py:68: DeprecationWarning: is_categorical_dtype is deprecated and will be removed in a future version. Use isinstance(dtype, pd.CategoricalDtype) instead
  return isinstance(c, str) and c in data.obs.keys() and cat(data.obs[c])

[2025-05-17 16:22:09,597: WARNING/MainProcess] /home/zyxing/anaconda3/envs/scanpy-app-backend/lib/python3.9/site-packages/scvelo/plotting/utils.py:68: DeprecationWarning: is_categorical_dtype is deprecated and will be removed in a future version. Use isinstance(dtype, pd.CategoricalDtype) instead
  return isinstance(c, str) and c in data.obs.keys() and cat(data.obs[c])

[2025-05-17 16:22:09,599: WARNING/MainProcess] /home/zyxing/anaconda3/envs/scanpy-app-backend/lib/python3.9/site-packages/scvelo/plotting/utils.py:68: DeprecationWarning: is_categorical_dtype is deprecated and will be removed in a future version. Use isinstance(dtype, pd.CategoricalDtype) instead
  return isinstance(c, str) and c in data.obs.keys() and cat(data.obs[c])

[2025-05-17 16:22:09,609: WARNING/MainProcess] /home/zyxing/anaconda3/envs/scanpy-app-backend/lib/python3.9/site-packages/scvelo/plotting/utils.py:68: DeprecationWarning: is_categorical_dtype is deprecated and will be removed in a future version. Use isinstance(dtype, pd.CategoricalDtype) instead
  return isinstance(c, str) and c in data.obs.keys() and cat(data.obs[c])

[2025-05-17 16:22:09,611: WARNING/MainProcess] /home/zyxing/anaconda3/envs/scanpy-app-backend/lib/python3.9/site-packages/scvelo/plotting/utils.py:68: DeprecationWarning: is_categorical_dtype is deprecated and will be removed in a future version. Use isinstance(dtype, pd.CategoricalDtype) instead
  return isinstance(c, str) and c in data.obs.keys() and cat(data.obs[c])

[2025-05-17 16:22:09,624: WARNING/MainProcess] /home/zyxing/anaconda3/envs/scanpy-app-backend/lib/python3.9/site-packages/scvelo/plotting/utils.py:68: DeprecationWarning: is_categorical_dtype is deprecated and will be removed in a future version. Use isinstance(dtype, pd.CategoricalDtype) instead
  return isinstance(c, str) and c in data.obs.keys() and cat(data.obs[c])

[2025-05-17 16:22:10,039: WARNING/MainProcess] saving figure to file
[2025-05-17 16:22:10,040: WARNING/MainProcess]  
[2025-05-17 16:22:10,040: WARNING/MainProcess] ./figures/scvelo__velocity_embedding_umap_stream_769b5a7f-8fdd-4542-bb05-965786ef983e_3bc374ae-b9b7-4ca7-9370-d022144d761a.png
[2025-05-17 16:22:10,040: WARNING/MainProcess] Warning: Velocity stream plot file not found at figures/scvelo_velocity_embedding_umap_stream_769b5a7f-8fdd-4542-bb05-965786ef983e_520a42ae-7ad2-4ded-84f2-2ea656833b4d.png or figures/velocity_embedding_umap_stream_769b5a7f-8fdd-4542-bb05-965786ef983e_67c2d1ed-449f-44fe-918e-bc8f3b8e50c8.png
[2025-05-17 16:22:10,045: INFO/MainProcess] Task app.tasks.velocity_tasks.run_rna_velocity[44fc3153-ffb6-47df-b841-32a862bd11d3] succeeded in 17.77964887674898s: {'status': 'Complete', 'results_summary': {'source_data_id': '769b5a7f-8fdd-4542-bb05-965786ef983e', 'original_data_loaded': True, 'velocity_calculated': {'mode': 'stochastic'}, 'velocity_graph_calculated': True, 'grid_plot_path': '/home/common/zyxing/singcell-benchmark/backend/data/results/769b5a7f-8fdd-4542-bb05-965786ef983e/velocity_embedding_umap_grid.png'}}

worker: Warm shutdown (MainProcess)
[2025-07-11 17:19:04,090: WARNING/MainProcess] consumer: Connection to broker lost. Trying to re-establish the connection...
Traceback (most recent call last):
  File "/home/zyxing/anaconda3/envs/scanpy-app-backend/lib/python3.9/site-packages/celery/worker/consumer/consumer.py", line 340, in start
    blueprint.start(self)
  File "/home/zyxing/anaconda3/envs/scanpy-app-backend/lib/python3.9/site-packages/celery/bootsteps.py", line 116, in start
    step.start(parent)
  File "/home/zyxing/anaconda3/envs/scanpy-app-backend/lib/python3.9/site-packages/celery/worker/consumer/consumer.py", line 746, in start
    c.loop(*c.loop_args())
  File "/home/zyxing/anaconda3/envs/scanpy-app-backend/lib/python3.9/site-packages/celery/worker/loops.py", line 97, in asynloop
    next(loop)
  File "/home/zyxing/anaconda3/envs/scanpy-app-backend/lib/python3.9/site-packages/kombu/asynchronous/hub.py", line 373, in create_loop
    cb(*cbargs)
  File "/home/zyxing/anaconda3/envs/scanpy-app-backend/lib/python3.9/site-packages/kombu/transport/redis.py", line 1352, in on_readable
    self.cycle.on_readable(fileno)
  File "/home/zyxing/anaconda3/envs/scanpy-app-backend/lib/python3.9/site-packages/kombu/transport/redis.py", line 569, in on_readable
    chan.handlers[type]()
  File "/home/zyxing/anaconda3/envs/scanpy-app-backend/lib/python3.9/site-packages/kombu/transport/redis.py", line 918, in _receive
    ret.append(self._receive_one(c))
  File "/home/zyxing/anaconda3/envs/scanpy-app-backend/lib/python3.9/site-packages/kombu/transport/redis.py", line 928, in _receive_one
    response = c.parse_response()
  File "/home/zyxing/anaconda3/envs/scanpy-app-backend/lib/python3.9/site-packages/redis/client.py", line 865, in parse_response
    response = self._execute(conn, try_read)
  File "/home/zyxing/anaconda3/envs/scanpy-app-backend/lib/python3.9/site-packages/redis/client.py", line 841, in _execute
    return conn.retry.call_with_retry(
  File "/home/zyxing/anaconda3/envs/scanpy-app-backend/lib/python3.9/site-packages/redis/retry.py", line 65, in call_with_retry
    fail(error)
  File "/home/zyxing/anaconda3/envs/scanpy-app-backend/lib/python3.9/site-packages/redis/client.py", line 843, in <lambda>
    lambda error: self._disconnect_raise_connect(conn, error),
  File "/home/zyxing/anaconda3/envs/scanpy-app-backend/lib/python3.9/site-packages/redis/client.py", line 830, in _disconnect_raise_connect
    raise error
  File "/home/zyxing/anaconda3/envs/scanpy-app-backend/lib/python3.9/site-packages/redis/retry.py", line 62, in call_with_retry
    return do()
  File "/home/zyxing/anaconda3/envs/scanpy-app-backend/lib/python3.9/site-packages/redis/client.py", line 842, in <lambda>
    lambda: command(*args, **kwargs),
  File "/home/zyxing/anaconda3/envs/scanpy-app-backend/lib/python3.9/site-packages/redis/client.py", line 863, in try_read
    return conn.read_response(disconnect_on_error=False, push_request=True)
  File "/home/zyxing/anaconda3/envs/scanpy-app-backend/lib/python3.9/site-packages/redis/connection.py", line 592, in read_response
    response = self._parser.read_response(disable_decoding=disable_decoding)
  File "/home/zyxing/anaconda3/envs/scanpy-app-backend/lib/python3.9/site-packages/redis/_parsers/resp2.py", line 15, in read_response
    result = self._read_response(disable_decoding=disable_decoding)
  File "/home/zyxing/anaconda3/envs/scanpy-app-backend/lib/python3.9/site-packages/redis/_parsers/resp2.py", line 25, in _read_response
    raw = self._buffer.readline()
  File "/home/zyxing/anaconda3/envs/scanpy-app-backend/lib/python3.9/site-packages/redis/_parsers/socket.py", line 115, in readline
    self._read_from_socket()
  File "/home/zyxing/anaconda3/envs/scanpy-app-backend/lib/python3.9/site-packages/redis/_parsers/socket.py", line 68, in _read_from_socket
    raise ConnectionError(SERVER_CLOSED_CONNECTION_ERROR)
redis.exceptions.ConnectionError: Connection closed by server.
[2025-07-11 17:19:04,154: WARNING/MainProcess] /home/zyxing/anaconda3/envs/scanpy-app-backend/lib/python3.9/site-packages/celery/worker/consumer/consumer.py:391: CPendingDeprecationWarning: 
In Celery 5.1 we introduced an optional breaking change which
on connection loss cancels all currently executed tasks with late acknowledgement enabled.
These tasks cannot be acknowledged as the connection is gone, and the tasks are automatically redelivered
back to the queue. You can enable this behavior using the worker_cancel_long_running_tasks_on_connection_loss
setting. In Celery 5.1 it is set to False by default. The setting will be set to True by default in Celery 6.0.

  warnings.warn(CANCEL_TASKS_BY_DEFAULT, CPendingDeprecationWarning)

[2025-07-11 17:19:04,165: WARNING/MainProcess] /home/zyxing/anaconda3/envs/scanpy-app-backend/lib/python3.9/site-packages/celery/worker/consumer/consumer.py:508: CPendingDeprecationWarning: The broker_connection_retry configuration setting will no longer determine
whether broker connection retries are made during startup in Celery 6.0 and above.
If you wish to retain the existing behavior for retrying connections on startup,
you should set broker_connection_retry_on_startup to True.
  warnings.warn(

[2025-07-11 17:19:04,171: ERROR/MainProcess] consumer: Cannot connect to redis://localhost:6379/0: Error 111 connecting to localhost:6379. Connection refused..
Trying again in 2.00 seconds... (1/100)

[2025-07-11 17:19:06,175: ERROR/MainProcess] consumer: Cannot connect to redis://localhost:6379/0: Error 111 connecting to localhost:6379. Connection refused..
Trying again in 4.00 seconds... (2/100)

[2025-07-11 17:19:10,181: ERROR/MainProcess] consumer: Cannot connect to redis://localhost:6379/0: Error 111 connecting to localhost:6379. Connection refused..
Trying again in 6.00 seconds... (3/100)

[2025-07-11 17:19:16,242: ERROR/MainProcess] consumer: Cannot connect to redis://localhost:6379/0: Error 111 connecting to localhost:6379. Connection refused..
Trying again in 8.00 seconds... (4/100)

[2025-07-11 17:19:24,254: ERROR/MainProcess] consumer: Cannot connect to redis://localhost:6379/0: Error 111 connecting to localhost:6379. Connection refused..
Trying again in 10.00 seconds... (5/100)

[2025-07-11 17:19:34,267: ERROR/MainProcess] consumer: Cannot connect to redis://localhost:6379/0: Error 111 connecting to localhost:6379. Connection refused..
Trying again in 12.00 seconds... (6/100)

[2025-07-11 17:19:46,282: ERROR/MainProcess] consumer: Cannot connect to redis://localhost:6379/0: Error 111 connecting to localhost:6379. Connection refused..
Trying again in 14.00 seconds... (7/100)

[2025-07-11 17:20:00,300: ERROR/MainProcess] consumer: Cannot connect to redis://localhost:6379/0: Error 111 connecting to localhost:6379. Connection refused..
Trying again in 16.00 seconds... (8/100)

[2025-07-11 17:20:16,319: ERROR/MainProcess] consumer: Cannot connect to redis://localhost:6379/0: Error 111 connecting to localhost:6379. Connection refused..
Trying again in 18.00 seconds... (9/100)

