290,595,0.0159511882811784
1106,795,0.0137316780164837
290,167,0.0136076584458351
290,94,0.0134397344663739
290,299,0.0130818020552396
599,244,0.01270741969347
700,1000,0.0124317929148674
1106,292,0.0119943348690867
1106,1116,0.0119165852665901
599,440,0.0118794115260243
599,980,0.0118750091642141
1003,537,0.0118376491591334
267,838,0.0117819448933005
599,814,0.0115978782996535
599,496,0.011491316370666
1003,152,0.0114501984789967
599,175,0.0113668479025363
267,440,0.011352184228599
1106,225,0.0113243861123919
290,671,0.0113211842253804
599,101,0.0112448316067457
1106,1001,0.011193967424333
1106,280,0.0111809745430946
1003,318,0.0111458329483866
700,27,0.0111362868919968
290,573,0.0109999822452664
267,102,0.0109386136755347
599,568,0.0108954096212983
599,800,0.0108843110501766
599,821,0.010771382600069
1003,246,0.0107638668268918
599,398,0.0106834974139928
599,559,0.0106341708451509
599,1108,0.0106254518032073
290,81,0.010572712868452
599,692,0.0105615453794598
599,738,0.0105433547869324
599,214,0.0105398492887616
599,56,0.0105228880420327
599,283,0.0104172537103295
267,56,0.0104107977822422
267,407,0.010334774851799
700,56,0.0102011580020189
599,1131,0.0101819448173046
1003,175,0.0101622184738516
599,691,0.0101200127974152
267,562,0.0100760282948613
1003,966,0.0100557273253798
599,1081,0.0100494921207427
599,1105,0.0100296949967741
599,156,0.0099970763549208
1106,336,0.0099853370338678
1003,500,0.0099717285484075
599,562,0.0099254073575139
599,603,0.0099069755524396
1106,819,0.0099027529358863
599,490,0.0098899248987436
599,333,0.0098557034507393
599,545,0.0098407864570617
599,143,0.0098399771377444
290,340,0.0098318289965391
599,656,0.0098238512873649
599,788,0.0098157664760947
599,1058,0.0098125403746962
1003,205,0.0097929006442427
599,340,0.0097757540643215
599,1095,0.0097562568262219
599,270,0.0097473412752151
599,935,0.0097360499203205
599,789,0.0097159557044506
599,895,0.009714150801301
599,959,0.009711330756545
599,46,0.0096917860209941
599,205,0.0096832243725657
599,869,0.0096787391230463
1003,638,0.0096754236146807
267,178,0.0096709383651614
599,257,0.0096699586138129
1003,340,0.0096558006480336
599,455,0.0096398126333951
599,881,0.0096275070682168
599,328,0.0095732323825359
599,1001,0.009555616416037
599,160,0.0095554627478122
599,237,0.0095496773719787
700,593,0.0095311552286148
1106,497,0.0095109948888421
599,1027,0.0095020337030291
1003,380,0.0095011917874217
1003,780,0.0094712544232606
599,28,0.0094658518210053
599,227,0.0094605321064591
599,626,0.0094422800466418
599,886,0.0094298673793673
1106,79,0.0094274850562214
599,13,0.0094249472022056
599,174,0.0094247292727231
599,372,0.0094232130795717
599,755,0.0094208074733614
599,71,0.0094199506565928
599,338,0.0094179240986704
599,569,0.0094066672027111
700,710,0.0093932449817657
1003,844,0.0093839038163423
599,500,0.009383762255311
599,380,0.0093730418011546
1106,757,0.0093491086736321
599,502,0.0093304552137851
267,174,0.0093298759311437
599,94,0.0093128876760602
599,841,0.0093102492392063
599,255,0.0093099540099501
290,175,0.0093058561906218
599,634,0.0093039022758603
599,525,0.0093029625713825
101,574,0.0093020005151629
599,471,0.0093000913038849
599,65,0.0092984968796372
599,452,0.0092935236170887
1106,985,0.0092926491051912
290,777,0.0092808622866868
599,629,0.0092624723911285
599,573,0.0092599643394351
599,93,0.009259114973247
267,1015,0.0092551372945308
1003,692,0.0092396307736635
599,373,0.0092310868203639
599,11,0.0092254159972071
599,762,0.0092241363599896
599,446,0.0092225009575486
599,921,0.0092165116220712
599,95,0.009204956702888
267,967,0.0091924909502267
599,721,0.0091853244230151
599,775,0.009183706715703
1003,99,0.0091732470318675
599,122,0.0091728037223219
1003,0,0.009159511886537
599,334,0.0091549372300505
280,795,0.0091467723250389
599,181,0.0091454396024346
1003,559,0.0091430144384503
599,1075,0.0091249151155352
267,211,0.0091136060655117
700,623,0.0091111790388822
599,504,0.0091093964874744
599,431,0.0091066593304276
599,512,0.009090568870306
599,741,0.009087529964745
700,395,0.0090859672054648
280,1106,0.0090795727446675
272,805,0.0090766604989767
599,389,0.0090736439451575
599,630,0.009070779196918
1003,921,0.0090650795027613
599,541,0.0090600838884711
599,1050,0.0090557551011443
599,158,0.0090512707829475
599,806,0.0090483324602246
1003,540,0.0090451529249548
599,593,0.0090360241010785
599,713,0.009029408916831
599,183,0.0090219983831048
1106,425,0.0090198079124093
1106,540,0.0090152351185679
599,931,0.00901351403445
599,681,0.0090117873623967
599,131,0.0090092988684773
1003,497,0.0090079233050346
599,1103,0.0090057216584682
599,711,0.0090014142915606
1106,152,0.0089918365702033
599,582,0.0089900810271501
599,792,0.0089871473610401
1106,844,0.0089862281456589
1003,570,0.0089741395786404
599,1085,0.0089653143659234
599,928,0.0089624635875225
599,179,0.0089529333636164
599,433,0.0089474394917488
188,635,0.0089444024488329
599,1077,0.0089387856423854
599,639,0.0089304717257618
1003,277,0.0089262910187244
599,357,0.0089202960953116
1106,143,0.0088864462450146
599,210,0.0088856033980846
101,599,0.0088804243132472
599,397,0.0088723972439765
599,862,0.0088708875700831
599,436,0.0088702207431197
599,292,0.0088634397834539
1003,28,0.0088584320619702
599,720,0.0088546955958008
599,535,0.008846323005855
599,6,0.0088284239172935
599,725,0.0088280048221349
599,799,0.0088277300819754
599,786,0.0088252108544111
599,1010,0.0088226264342665
599,400,0.008820753544569
267,479,0.0088160820305347
599,355,0.0088039170950651
1003,203,0.0088027995079755
599,346,0.008796889334917
1106,945,0.0087845055386424
599,421,0.0087693417444825
700,807,0.0087677910923957
599,217,0.0087666977196931
290,339,0.0087641235440969
599,485,0.0087629407644271
599,1086,0.0087607353925704
1106,951,0.0087582562118768
599,432,0.0087560312822461
599,651,0.0087529709562659
1106,966,0.0087518440559506
928,175,0.008748946711421
267,531,0.0087487809360027
599,59,0.0087426211684942
1003,757,0.0087284510955214
1003,901,0.0087208608165383
1106,328,0.0087123867124319
599,238,0.0087118092924356
599,1051,0.0087113222107291
599,992,0.0087108854204416
599,709,0.0087103731930255
1003,1001,0.0087062148377299
599,531,0.0086991554126143
599,498,0.0086947837844491
599,579,0.0086898747831583
599,325,0.0086843529716134
1003,876,0.0086841247975826
599,12,0.0086824437603354
1106,1022,0.0086781969293951
599,744,0.0086690373718738
1003,143,0.0086671048775315
599,574,0.0086669567972421
599,1011,0.0086645502597093
599,201,0.0086615979671478
599,547,0.0086599355563521
599,324,0.0086595108732581
1003,167,0.0086543532088398
1003,824,0.0086537050083279
599,171,0.0086524803191423
599,258,0.0086524151265621
599,54,0.0086458278819918
599,911,0.0086456257849931
700,477,0.0086454870179295
599,781,0.0086434697732329
599,424,0.0086433440446853
599,450,0.0086425887420773
599,1093,0.0086409645155072
599,607,0.0086379963904619
1106,454,0.0086372569203376
599,970,0.0086330799385905
599,689,0.0086287101730704
599,840,0.0086177876219153
599,1,0.0086171459406614
599,426,0.0086152963340282
290,143,0.0086120553314685
1106,50,0.00861197989434
599,812,0.0086033325642347
101,270,0.0086014792323112
599,416,0.0085917124524712
599,157,0.0085916751995682
599,381,0.0085912924259901
599,774,0.0085889911279082
1003,110,0.0085886716842651
599,57,0.0085818096995353
599,177,0.0085795260965824
700,914,0.0085734836757183
599,595,0.0085606835782527
1003,336,0.0085605643689632
599,1005,0.0085586253553628
599,339,0.0085550500079989
599,203,0.0085549997165799
267,457,0.0085540600121021
599,31,0.0085368957370519
599,1024,0.0085355835035443
599,136,0.0085347201675176
1003,595,0.008533988147974
599,84,0.0085300849750638
599,832,0.0085215801373124
599,934,0.0085158683359622
599,472,0.0085085434839129
599,256,0.0084987068548798
599,771,0.008496880531311
267,89,0.0084961438551545
599,167,0.0084953345358371
1106,134,0.0084824506193399
1003,294,0.008464771322906
599,948,0.0084580807015299
599,855,0.0084556331858038
599,344,0.008454892784357
599,401,0.0084544122219085
599,221,0.0084524136036634
599,316,0.0084508191794157
599,966,0.0084505388513207
599,558,0.0084496159106493
1003,179,0.0084473062306642
599,110,0.0084436861798167
599,1123,0.0084324739873409
1106,855,0.0084311245009303
599,927,0.0084309615194797
599,1020,0.0084278751164674
599,198,0.0084233880043029
1106,816,0.0084220906719565
188,163,0.0084180748090147
599,694,0.0084124421700835
272,817,0.0084096221253275
599,1076,0.0083980737254023
272,371,0.0083926515653729
599,576,0.0083924708887934
599,457,0.0083904983475804
1106,167,0.0083898743614554
599,394,0.0083860736340284
599,663,0.0083841132000088
599,1022,0.0083791557699441
599,449,0.0083788111805915
599,613,0.0083765918388962
599,837,0.0083734104409813
599,154,0.0083724400028586
599,163,0.0083715505897998
1003,558,0.0083684409037232
700,95,0.0083654271438717
449,968,0.0083646653220057
599,884,0.0083645656704902
599,943,0.0083627831190824
599,666,0.0083567565307021
599,7,0.0083540342748165
1003,895,0.0083468900993466
599,795,0.0083457427099347
1003,945,0.0083386339247226
928,415,0.0083377258852124
599,770,0.0083372313529253
599,537,0.00833176728338
599,951,0.0083296550437808
1003,634,0.0083286380395293
599,267,0.0083273230120539
599,592,0.008317251689732
599,293,0.0083150053396821
599,640,0.0083083286881446
599,405,0.0083070006221532
599,359,0.0083066783845424
1003,711,0.0083058197051286
599,410,0.0083036478608846
599,987,0.0082921432331204
599,118,0.0082840025424957
267,797,0.0082837305963039
599,860,0.0082826623693108
700,652,0.0082797091454267
101,1001,0.0082790283486247
599,331,0.0082755712792277
101,56,0.0082704704254865
599,109,0.0082697719335556
599,1094,0.0082646328955888
599,320,0.0082641188055276
599,318,0.0082628764212131
599,556,0.0082607548683881
599,733,0.0082594901323318
599,390,0.008258999325335
599,991,0.008257913403213
599,671,0.0082571301609277
267,462,0.0082554882392287
599,442,0.0082515571266412
599,719,0.0082408972084522
599,823,0.0082369968295097
599,843,0.0082330703735351
1106,179,0.0082298647612333
1003,1089,0.0082296216860413
290,1003,0.0082284659147262
599,1084,0.0082238540053367
599,233,0.0082225883379578
599,736,0.008219588547945
599,349,0.0082161827012896
599,747,0.0082069067284464
599,254,0.0082044973969459
599,590,0.0082031255587935
599,609,0.008203100413084
599,188,0.0082015730440616
599,493,0.0082007134333252
101,980,0.0081995725631713
599,330,0.008194476366043
1106,725,0.008192878216505
599,532,0.0081917969509959
599,606,0.0081871068105101
599,937,0.0081848111003637
599,1032,0.008184015750885
700,834,0.0081834848970174
599,321,0.0081799970939755
188,935,0.0081741316244006
599,58,0.0081703895702958
822,838,0.0081694135442376
599,22,0.0081692291423678
101,339,0.0081643778830766
599,297,0.008148263208568
1003,637,0.0081438608467578
1106,780,0.008142746053636
599,506,0.0081417728215456
290,1001,0.0081395786255598
599,335,0.0081385532394051
599,172,0.0081321764737367
599,374,0.0081319930031895
599,488,0.0081302169710397
1003,721,0.0081289988011121
599,204,0.0081271668896079
599,259,0.0081254923716187
928,945,0.0081247752532362
599,589,0.0081234760582447
599,275,0.0081202471628785
822,1095,0.0081169921904802
599,107,0.008114150725305
1003,976,0.0081099150702357
599,454,0.0081062810495495
599,1018,0.0081053655594587
101,880,0.0081026870757341
599,492,0.008099359460175
267,459,0.0080963121727108
1003,390,0.0080930422991514
599,219,0.0080891204997897
1106,673,0.0080876601859927
599,883,0.0080837504938244
599,1040,0.0080819781869649
599,724,0.0080818124115467
101,144,0.0080756209790706
599,1068,0.0080752773210406
928,1075,0.0080731753259897
599,88,0.0080652497708797
599,750,0.0080633722245693
599,494,0.0080589596182107
1106,0,0.0080579370260238
599,307,0.0080560315400362
599,306,0.0080533791333436
599,715,0.0080526610836386
599,127,0.0080500906333327
599,893,0.0080487364903092
599,917,0.0080466410145163
599,464,0.0080446973443031
1130,967,0.0080438647419214
1003,641,0.0080412682145833
599,1074,0.0080392509698867
599,33,0.0080389594659209
700,1047,0.0080363079905509
928,876,0.0080337831750512
599,354,0.0080304890871047
290,963,0.0080278180539608
1003,206,0.008026735857129
599,900,0.0080258389934897
1003,457,0.0080241318792104
188,886,0.0080237826332449
599,909,0.0080168452113866
599,1044,0.0080158775672316
599,996,0.0080113410949707
599,748,0.0080087380483746
1106,831,0.0080063454806804
599,484,0.008003263734281
599,51,0.0080016506835818
599,889,0.0080006355419754
599,655,0.0079998290166258
974,1107,0.0079997731372714
599,477,0.0079936385154724
101,290,0.0079930359497666
599,625,0.0079924529418349
599,746,0.007992286235094
1003,549,0.0079865176230669
928,570,0.0079719759523868
101,50,0.0079693105071783
1003,609,0.007967428304255
1003,1116,0.0079657053574919
267,623,0.007964139804244
599,79,0.0079626552760601
599,845,0.0079605132341384
700,808,0.0079592913389205
101,496,0.0079576838761568
1003,980,0.0079522123560309
1003,75,0.0079514272511005
599,994,0.0079509625211358
599,880,0.0079496847465634
478,89,0.0079481024295091
599,824,0.0079480102285742
599,591,0.0079475566744804
928,709,0.0079474234953522
599,952,0.0079471049830317
599,1029,0.0079457564279437
700,4,0.0079433806240558
1003,1022,0.0079425415024161
599,144,0.0079387249425053
599,1006,0.0079377042129635
599,628,0.0079376446083188
1003,985,0.0079321870580315
928,781,0.0079319262877106
599,60,0.0079295113682746
267,654,0.0079274186864495
599,108,0.0079268785193562
700,168,0.0079229939728975
1003,142,0.0079210745170712
1003,624,0.0079152947291731
599,1088,0.0079143065959215
599,508,0.007913589477539
599,978,0.0079102022573351
599,976,0.0079091675579547
599,906,0.0079040108248591
599,119,0.0079026110470294
599,764,0.0079025868326425
928,1001,0.0079017905518412
599,345,0.0078975996002554
599,667,0.0078960144892334
599,298,0.0078942403197288
599,444,0.0078926756978034
599,1015,0.0078889764845371
599,594,0.0078888805583119
291,967,0.0078879324719309
599,63,0.0078859217464923
599,1013,0.0078851347789168
1003,888,0.0078820353373885
599,395,0.0078802099451422
599,1037,0.0078787105157971
599,624,0.0078781610354781
1106,294,0.0078731616958975
599,342,0.0078709609806537
599,459,0.0078704338520765
599,953,0.007865990512073
599,854,0.0078645544126629
267,518,0.0078610219061374
267,645,0.0078601390123367
291,310,0.0078594656661152
101,595,0.0078586647287011
700,851,0.0078480737283825
290,692,0.0078475130721926
1003,26,0.0078447274863719
1130,253,0.0078404350206255
599,1028,0.0078399311751127
599,396,0.0078367032110691
599,1091,0.0078347530215978
599,641,0.0078340144827961
599,229,0.0078339297324419
1106,1053,0.0078311311081051
599,712,0.0078258393332362
1003,1106,0.0078258141875267
1003,204,0.0078217042610049
1003,253,0.0078201973810791
599,470,0.0078149363398551
1003,567,0.0078134024515748
599,62,0.0078116483055055
599,260,0.0078107742592692
1003,290,0.0078063304536044
599,290,0.0078059094958007
101,800,0.0078016114421188
599,430,0.0077990004792809
599,461,0.0077979792840778
1106,897,0.007797644007951
599,717,0.0077973143197596
599,463,0.0077961655333638
599,134,0.007795893587172
928,1105,0.0077958470210433
1003,548,0.0077954968437552
599,53,0.007795188575983
599,366,0.0077936444431543
599,985,0.0077912830747663
599,857,0.0077883289195597
599,791,0.0077882632613182
599,1073,0.0077875484712421
599,10,0.007785378023982
599,135,0.0077818925492465
599,114,0.0077795987017452
599,1087,0.0077771940268576
599,842,0.0077739423140883
1003,397,0.0077725006267428
599,718,0.0077721942216157
599,870,0.0077704796567559
599,949,0.0077693369239568
280,1116,0.0077675776556134
599,91,0.0077675553038716
101,692,0.0077669592574238
599,1079,0.0077669071033596
599,1012,0.0077654803171753
599,519,0.0077635184861719
1003,667,0.007760819979012
599,913,0.0077603585086762
599,549,0.007758623920381
599,149,0.0077566192485392
1003,322,0.0077563356608152
599,617,0.0077523277141153
599,740,0.0077403024770319
599,810,0.0077360211871564
1003,53,0.0077339285053312
1003,492,0.0077336579561233
1003,738,0.0077325296588242
599,21,0.0077318637631833
599,513,0.0077294539660215
101,840,0.0077248597517609
599,610,0.0077248015441
1106,322,0.0077232071198523
599,26,0.0077229305170476
1003,417,0.0077214427292346
599,81,0.0077192587777972
599,956,0.0077140596695244
599,242,0.0077131884172558
599,875,0.0077110123820602
599,422,0.0077092098072171
599,849,0.0077090309932827
599,683,0.0077090268023312
101,340,0.0077073401771485
449,716,0.0077061257325112
188,906,0.0077000320889055
599,894,0.0076986555941402
599,77,0.0076901419088244
599,637,0.0076892641372978
599,798,0.0076863863505423
599,716,0.0076855146326124
599,787,0.0076833348721265
267,57,0.007682351861149
188,275,0.0076791830360889
1106,282,0.0076760658994317
599,773,0.0076751722954213
599,851,0.0076739378273487
1106,509,0.0076739131473004
599,580,0.0076737138442695
599,250,0.00767133384943
599,38,0.0076712551526725
599,708,0.0076711201108992
1003,77,0.0076586976647377
599,897,0.0076581300236284
599,538,0.0076516298577189
1106,911,0.0076515199616551
599,61,0.0076512997038662
599,501,0.0076509602367877
599,42,0.0076441755518317
599,50,0.0076440819539129
101,559,0.0076398896053433
599,37,0.0076391012407839
1106,558,0.0076301745139062
599,861,0.0076286643743515
599,277,0.0076278476044535
599,1003,0.0076266070827841
599,822,0.0076156151480972
599,695,0.0076100160367786
928,900,0.0076080509461462
101,775,0.0076055647805333
599,288,0.0076017244718968
1003,394,0.0076001095585525
599,673,0.0075976508669555
599,905,0.0075969588942825
599,649,0.0075943591073155
1003,967,0.0075893220491707
599,756,0.0075887008570134
599,1104,0.0075879851356148
599,408,0.0075867152772843
599,206,0.0075857513584196
599,693,0.0075842719525098
599,648,0.0075842184014618
1106,253,0.0075840796343982
599,117,0.0075829047709703
1106,567,0.007579868659377
599,1057,0.007577434182167
822,562,0.0075757801532745
599,577,0.0075743501074612
599,14,0.0075743179768323
599,819,0.0075733284465968
1003,197,0.0075671686790883
974,371,0.0075638019479811
599,700,0.0075626512989401
599,1055,0.0075624771416187
272,487,0.0075603141449391
267,914,0.0075559690594673
599,899,0.0075558833777904
1106,205,0.0075468551367521
599,993,0.0075460788793861
267,312,0.0075459792278707
599,199,0.0075459075160324
599,616,0.0075456607155501
1003,448,0.0075432644225656
599,981,0.0075407875701785
599,907,0.0075405235402286
1003,463,0.0075400238856673
599,1054,0.00753870094195
290,752,0.0075365547090768
188,786,0.007536151446402
599,262,0.0075355619192123
700,64,0.0075308387167751
101,418,0.0075296517461538
1003,1086,0.007528977934271
599,115,0.0075213061645627
1106,675,0.0075154057703912
599,271,0.0075153540819883
272,1080,0.0075135403312742
599,915,0.0075130313634872
599,1038,0.0075095309875905
599,25,0.0075085340067744
1106,934,0.0075081600807607
599,932,0.007507795933634
101,895,0.0075043151155114
599,313,0.0075040822848677
599,600,0.0074998284690082
599,658,0.0074993530288338
599,142,0.0074952417053282
599,402,0.0074914786964654
599,1102,0.0074884663335978
267,694,0.0074883759953081
599,957,0.0074860001914203
599,1126,0.0074811307713389
101,831,0.0074798339046537
599,365,0.0074789775535464
599,265,0.0074783554300665
599,509,0.0074767582118511
599,864,0.0074726496823132
599,530,0.0074691581539809
599,646,0.0074591236189007
599,170,0.0074568325653672
599,768,0.0074549657292664
599,922,0.0074538486078381
1106,671,0.0074518797919154
599,962,0.0074502164497971
1003,439,0.0074479863978922
599,548,0.0074465861544013
1003,940,0.0074463761411607
599,403,0.0074454825371503
290,101,0.0074453400447964
599,350,0.0074448511004447
599,299,0.0074442299082875
928,812,0.0074404245242476
449,885,0.0074276970699429
188,387,0.0074249915778636
599,936,0.0074216681532561
599,1060,0.0074192555621266
599,632,0.0074185924604535
599,588,0.0074173682369291
599,480,0.0074172266758978
599,197,0.0074156755581498
599,55,0.0074143628589808
101,167,0.0074125537648797
599,302,0.0074105905368924
599,887,0.0074098319746553
599,185,0.0074087921530008
1003,93,0.0074075609445571
599,303,0.0074073239229619
974,828,0.0074045406654477
928,591,0.0074036912992596
599,425,0.0074020274914801
599,386,0.0074011627584695
599,653,0.0073982761241495
1003,973,0.0073967389762401
599,759,0.0073950262740254
599,23,0.0073934481479227
599,245,0.0073928167112171
101,716,0.0073925694450736
599,778,0.0073916409164667
599,281,0.0073910141363739
599,1052,0.0073887011967599
599,83,0.007388231344521
599,460,0.007388052996248
599,604,0.0073873428627848
1003,131,0.0073835626244544
599,1078,0.0073822769336402
599,518,0.0073797050863504
599,151,0.0073796696960926
599,968,0.0073792478069663
188,389,0.0073765087872743
1106,1003,0.0073752668686211
1003,756,0.0073745972476899
599,1039,0.0073697436600923
928,110,0.0073687033727765
599,940,0.0073668556287884
1003,913,0.0073660993948578
599,139,0.0073607978411018
599,989,0.0073576415888965
1003,418,0.0073486235924065
599,482,0.0073482170701026
101,613,0.0073410356417298
599,423,0.0073398556560277
1106,190,0.0073371278122067
599,1045,0.0073365871794521
267,700,0.0073343929834663
1003,762,0.0073338346555829
599,427,0.0073329177685081
928,205,0.0073326425626873
1003,361,0.007331327535212
599,835,0.0073293317109346
599,1002,0.0073280865326523
1003,400,0.0073258425109088
599,1117,0.0073251719586551
599,844,0.0073250858113169
101,789,0.0073161842301487
599,892,0.0073156035505235
449,721,0.007314417976886
188,374,0.0073139229789376
599,434,0.0073122363537549
599,361,0.0073122354224324
599,735,0.0073100244626402
101,110,0.0073090502992272
290,559,0.0073085841722786
449,455,0.0073058982379734
599,341,0.0073056248947978
1045,610,0.0073000574484467
599,29,0.0072995540685951
1003,816,0.0072969133034348
599,830,0.0072870440781116
599,429,0.0072851846925914
1130,1036,0.0072841788642108
599,684,0.0072812009602785
599,742,0.0072804037481546
101,959,0.0072803455404937
101,172,0.0072795082814991
599,701,0.0072787581011652
290,617,0.0072787185199558
101,985,0.0072751929983496
928,143,0.0072717098519206
599,1016,0.0072676623240113
599,1021,0.0072673358954489
599,560,0.0072670653462409
599,551,0.0072669466026127
599,596,0.0072655482217669
599,918,0.0072654644027352
1003,339,0.0072594475932419
599,1023,0.0072590634226799
1106,900,0.0072568287141621
101,255,0.0072565623559057
101,547,0.007256316486746
1106,31,0.0072562703862786
599,166,0.0072561930865049
599,1106,0.0072559812106192
101,472,0.0072556040249764
1003,934,0.0072551746852695
599,1097,0.0072514647617936
101,179,0.0072503392584621
1003,671,0.0072485371492803
1106,365,0.0072480202652513
700,846,0.0072442586533725
599,75,0.0072320671752095
101,366,0.0072278208099305
1003,50,0.0072215804830193
599,312,0.0072206198237836
1106,741,0.0072184265591204
599,979,0.0072156321257352
1003,931,0.0072143715806305
1106,448,0.0072131236083805
1003,201,0.0072120307013392
599,1129,0.007211338263005
599,528,0.0072092758491635
599,510,0.007208539173007
1003,831,0.0072047524154186
599,920,0.0072022220119833
101,94,0.0072019067592918
599,70,0.0071986364200711
267,913,0.0071888398379087
599,998,0.007187807932496
700,766,0.0071871532127261
1106,500,0.0071863909251987
599,441,0.0071844244375824
599,585,0.007183370180428
599,665,0.0071769799105823
290,725,0.0071767186746001
599,674,0.0071766963228583
599,78,0.0071760364808142
101,276,0.0071756448596715
101,755,0.0071725994348526
290,755,0.0071707237511873
599,727,0.0071686534211039
1106,482,0.0071685006842017
1003,461,0.007166497875005
928,57,0.0071660908870399
599,654,0.0071655162610113
599,353,0.0071631502360105
267,537,0.0071615553461015
1003,707,0.0071596936322748
599,97,0.0071554319001734
599,1082,0.0071547883562743
599,184,0.007154744118452
1130,407,0.0071542137302458
267,431,0.0071535944007337
599,103,0.0071522705256938
599,543,0.0071513042785227
599,230,0.0071502001956105
1003,720,0.007149051874876
928,439,0.0071479845792055
449,1001,0.0071466099470853
101,897,0.0071463035419583
599,598,0.0071441875770688
599,499,0.0071411416865885
17,189,0.0071404301561415
449,421,0.0071339104324579
599,388,0.0071321260184049
449,148,0.0071309651248157
1003,1108,0.0071305963210761
928,318,0.0071284547448158
700,200,0.0071231452748179
478,925,0.007122978568077
599,572,0.0071225175634026
928,179,0.0071221250109374
101,1093,0.0071218996308743
1003,299,0.007121686823666
599,20,0.0071169082075357
1106,537,0.0071168807335197
599,858,0.0071152653545141
599,99,0.0071150348521769
599,147,0.0071148448623716
1106,559,0.0071113985031843
272,51,0.0071109179407358
1003,860,0.0071088830009102
599,916,0.0071085891686379
599,801,0.0071080066263675
1003,455,0.0071065085940063
599,234,0.0071058473549783
101,322,0.0071055763401091
280,237,0.0071052308194339
599,679,0.0071049737744033
599,435,0.0071031344123184
599,1046,0.0071015381254255
822,440,0.0070971059612929
101,1077,0.0070882085710763
599,273,0.0070876409299671
290,638,0.0070868888869881
599,816,0.0070850709453225
599,772,0.0070837498642504
1003,42,0.0070820418186485
1106,921,0.0070805144496262
599,809,0.0070802490226924
599,497,0.0070789135061204
599,18,0.0070775803178548
599,563,0.0070772338658571
599,975,0.0070759071968495
928,430,0.0070744911208748
599,1080,0.007072118576616
1106,972,0.0070702256634831
1106,91,0.0070699010975658
599,602,0.0070685911923646
599,1049,0.0070669539272785
599,1114,0.0070665231905877
599,443,0.0070636230520904
599,48,0.0070635699667036
599,332,0.0070569994859397
1003,1023,0.0070555126294493
101,380,0.0070552672259509
599,908,0.0070527461357414
599,797,0.0070524183101952
599,415,0.0070492415688931
101,694,0.007049121428281
599,286,0.0070485747419297
599,0,0.0070482161827385
599,891,0.0070465914905071
599,225,0.0070419139228761
188,908,0.0070413663052022
267,752,0.0070408792234957
599,274,0.0070404661819338
1003,334,0.0070400396361947
974,723,0.0070378682576119
449,750,0.0070370458997786
599,1119,0.0070323743857443
599,68,0.0070278830826282
290,978,0.0070267645642161
599,1116,0.0070254779420793
290,900,0.0070251999422907
599,232,0.007024623453617
599,43,0.0070225493982434
599,758,0.0070210020057857
599,473,0.0070206960663199
1003,880,0.0070206099189817
928,757,0.0070196781307458
267,1082,0.0070173749700188
1106,973,0.0070112356916069
290,500,0.0070086950436234
599,803,0.0070073180831968
599,337,0.0070064873434603
599,829,0.0070048221386969
478,1015,0.0070045138709247
599,964,0.0070041152648627
1003,31,0.0070026437751948
599,777,0.0069998749531805
599,523,0.0069987564347684
1003,547,0.0069960900582373
272,723,0.0069957012310624
599,89,0.0069945310242474
1106,742,0.0069944565184414
599,769,0.0069935545325279
822,158,0.0069931712932884
101,175,0.0069921226240694
822,267,0.0069914176128804
599,467,0.0069907614961266
599,878,0.0069879661314189
290,380,0.0069871423766016
101,545,0.0069859684444963
101,244,0.0069824140518903
599,121,0.0069815474562346
599,150,0.006978983990848
1003,819,0.0069748880341649
478,462,0.0069716526195406
17,728,0.0069704758934676
599,661,0.00696986541152
101,500,0.0069686672650277
101,328,0.0069655608385801
599,743,0.0069629056379199
599,1026,0.0069628455676138
101,455,0.0069603351876139
1003,920,0.0069600767455995
599,657,0.0069564469158649
599,246,0.0069516776129603
101,934,0.0069512925110757
599,584,0.0069509386084973
290,0,0.0069505763240158
280,708,0.006949455011636
599,954,0.0069480827078223
928,934,0.0069456407800316
599,1042,0.0069420626387
1106,441,0.0069415355101227
599,1043,0.0069411448203027
1003,121,0.0069376560859382
599,983,0.006937182508409
599,272,0.0069347321987152
1106,958,0.0069336392916738
1106,158,0.0069285798817873
599,39,0.0069267242215573
290,496,0.0069255582056939
1003,1077,0.0069241584278643
1106,553,0.0069209127686917
1003,214,0.0069195269607007
1003,107,0.0069191320799291
1003,777,0.0069184876047074
188,320,0.0069098439998924
928,725,0.0069090109318494
449,514,0.0069059305824339
599,300,0.0069017810747027
599,438,0.0069015948101878
599,647,0.0068997181951999
599,418,0.0068987887352705
1106,381,0.0068960976786911
599,456,0.0068936008028686
1130,52,0.006892888341099
599,521,0.0068901176564395
599,276,0.0068893292918801
1003,481,0.006888925563544
272,230,0.0068855360150337
599,1107,0.0068841152824461
272,182,0.006883889902383
1003,1114,0.0068833655677735
188,1049,0.0068829441443085
101,860,0.0068804719485342
1130,820,0.0068764118477702
599,327,0.0068762111477553
599,378,0.0068739103153347
1106,840,0.0068731652572751
599,368,0.0068720108829438
1130,838,0.0068650031462311
599,876,0.0068640671670436
1003,800,0.0068640294484794
449,432,0.0068637453950941
188,185,0.0068634189665317
1003,512,0.0068631283938884
599,41,0.006863058079034
280,709,0.0068560577929019
599,1083,0.0068539949133992
267,915,0.0068531394936144
928,91,0.0068485680967569
599,315,0.0068483976647257
1106,1005,0.0068420781753957
267,609,0.006839829031378
974,1019,0.0068391445092856
599,1071,0.0068385056219995
928,976,0.0068379654549062
928,711,0.0068378187716007
280,641,0.0068374960683286
599,1041,0.0068284454755485
599,145,0.0068282601423561
928,509,0.0068255183286964
599,765,0.0068207699805498
1106,1076,0.0068197823129594
267,341,0.0068193655461072
188,1060,0.0068180467933416
599,723,0.0068167238496243
599,475,0.0068146660923957
599,817,0.0068132020533084
188,772,0.0068098944611847
974,223,0.0068089766427874
599,146,0.0068084825761616
267,52,0.0068080271594226
599,1004,0.0068073472939431
1106,299,0.006806964520365
101,53,0.0068069389089941
599,30,0.0068055810406804
449,691,0.0068038599565625
599,329,0.0067999437451362
1106,433,0.0067972247488796
599,902,0.006796346977353
1003,795,0.0067959488369524
700,278,0.0067933900281786
1003,502,0.0067893732339143
1106,131,0.0067885825410485
599,517,0.0067883091978728
101,509,0.0067871334031224
599,469,0.0067845843732357
599,728,0.0067819454707205
599,505,0.0067815273068845
599,376,0.0067809578031301
101,7,0.0067798462696373
599,520,0.0067775836214423
599,284,0.006772834341973
272,1002,0.0067727398127317
1003,488,0.0067720958031713
599,411,0.0067715570330619
928,142,0.0067712855525314
1106,901,0.0067705968394875
822,51,0.0067677777260541
599,1128,0.0067637818865478
1003,928,0.006762268487364
188,695,0.0067621353082358
1130,462,0.0067593650892376
700,1015,0.0067575178109109
599,269,0.0067551317624747
1003,591,0.0067539568990468
928,156,0.0067539070732891
599,638,0.0067506371997296
599,1048,0.0067501636222004
599,669,0.0067491363734006
599,295,0.0067485142499208
599,1124,0.0067466972395777
599,785,0.0067457258701324
449,559,0.0067446511238813
599,553,0.006743686273694
101,431,0.0067430981434881
449,959,0.0067400461994111
599,622,0.0067371078766882
1003,601,0.0067333080805838
928,1003,0.0067329732701182
599,611,0.0067327646538615
188,209,0.0067323064431548
101,654,0.0067321257665753
599,752,0.0067316186614334
1003,810,0.0067304279655218
1106,290,0.0067279962822794
1003,316,0.0067270887084305
101,945,0.0067263171076774
928,1040,0.0067237182520329
449,1108,0.0067208902910351
599,826,0.0067202975042164
599,838,0.0067191203124821
599,358,0.0067187780514359
599,707,0.0067174676805734
599,873,0.006716058589518
1106,750,0.0067142122425138
449,177,0.0067103896290063
267,854,0.0067075588740408
599,200,0.0067071728408336
290,761,0.0067069716751575
599,16,0.0067053833045065
700,533,0.0067040445283055
599,193,0.0067033432424068
599,347,0.0067033027298748
1106,591,0.0067028547637164
1003,681,0.0067022237926721
1003,840,0.0067006740719079
1106,976,0.0067006386816501
1106,595,0.0067001599818468
599,643,0.0066997804678976
1003,302,0.0066995890811085
1106,463,0.0066987993195652
449,942,0.0066978111863136
101,972,0.0066971783526241
599,186,0.00669626891613
974,776,0.0066907624714076
1003,769,0.0066889002919197
599,1089,0.0066886935383081
267,737,0.0066867209970951
599,782,0.0066865477710962
1003,91,0.006679237820208
928,322,0.0066780340857803
290,415,0.0066774417646229
960,349,0.0066751255653798
928,500,0.0066741476766765
101,709,0.0066724526695907
1003,649,0.0066722817718982
1003,629,0.0066718799062073
101,681,0.0066716466099023
449,779,0.0066709690727293
599,481,0.0066702403128147
101,454,0.0066692647524178
928,966,0.0066691315732896
101,330,0.0066691013053059
279,146,0.0066644852049648
599,32,0.0066637326963245
599,1025,0.0066633960232138
599,216,0.0066630910150706
928,28,0.0066619077697396
928,26,0.0066589112393558
599,706,0.0066574295051395
928,537,0.0066559929400682
17,906,0.0066546835005283
101,940,0.0066537694074213
1106,895,0.0066536460071802
599,945,0.0066533777862787
599,322,0.0066532446071505
1003,917,0.0066529661417007
101,502,0.0066520296968519
928,895,0.0066512245684862
928,649,0.0066509991884231
1003,1087,0.0066503277048468
1106,480,0.0066493693739175
188,1083,0.0066492240875959
599,555,0.006649169139564
449,243,0.0066447048448026
1003,691,0.0066446098499
101,1032,0.0066436962224543
101,1050,0.0066436002962291
1003,454,0.0066432561725378
599,17,0.0066427709534764
280,318,0.0066418489441275
1003,180,0.0066401939839124
599,990,0.0066365553066134
267,822,0.006636397447437
599,514,0.006634303368628
599,476,0.006629932206124
449,319,0.0066283396445214
599,722,0.0066281203180551
449,454,0.0066279857419431
928,920,0.0066271708346903
599,209,0.0066266139037907
599,1017,0.0066261072643101
599,67,0.006625700276345
928,201,0.0066249310038983
290,61,0.0066232117824256
1106,545,0.0066224900074303
1106,678,0.0066201011650264
599,763,0.0066200532019138
449,585,0.0066197481937706
599,212,0.0066191782243549
599,766,0.0066186944022774
599,898,0.0066183414310216
101,316,0.0066154953092336
1106,375,0.0066152508370578
599,19,0.00661465479061
449,713,0.0066117062233388
1003,887,0.0066115572117269
822,518,0.0066115334630012
599,192,0.0066110426560044
290,507,0.0066103124991059
1003,675,0.0066092084161937
928,1101,0.006608426105231
599,326,0.006607842631638
599,973,0.0066076749935746
188,254,0.0066076195798814
599,45,0.0066068456508219
599,40,0.0066058635711669
599,847,0.0066044824197888
1003,122,0.006600834429264
870,803,0.0066001610830426
599,688,0.006598989944905
599,534,0.0065988018177449
599,371,0.006595722399652
1003,174,0.0065937126055359
449,157,0.0065934308804571
599,972,0.0065910429693758
290,1106,0.0065909610129892
599,805,0.0065901963971555
599,125,0.0065901689231395
290,538,0.0065885167568922
1003,467,0.006588258780539
1003,10,0.0065882424823939
1003,12,0.0065870159305632
101,1086,0.0065869973041117
188,293,0.0065842694602906
101,855,0.0065829120576381
1003,1068,0.0065828007645905
188,747,0.0065817143768072
599,511,0.0065805679187178
1003,741,0.0065802233293652
599,486,0.0065801804885268
101,629,0.0065765655599534
101,201,0.0065739355050027
1003,617,0.0065736146643757
599,86,0.0065731103532016
1003,993,0.0065720151178538
599,919,0.0065706418827176
599,1101,0.0065703447908163
101,0,0.0065697655081748
1003,645,0.006568846758455
267,932,0.006568644195795
279,371,0.0065679657272994
599,1064,0.0065678274258971
188,345,0.0065658781677484
599,903,0.0065646544098854
1106,1131,0.0065645305439829
1106,651,0.0065631107427179
267,884,0.0065621235407888
599,211,0.0065610855817794
599,301,0.0065582143142819
599,377,0.0065566492266952
1045,718,0.0065561872906982
101,65,0.0065550706349313
599,352,0.0065516717731952
267,738,0.0065463334321975
101,827,0.0065424791537225
267,246,0.006541920825839
290,457,0.0065409643575549
599,660,0.0065406016074121
928,1084,0.0065401922911405
101,334,0.0065396158024668
1045,320,0.006538345478475
599,831,0.0065379706211388
599,507,0.0065373913384974
1003,742,0.0065365661866962
599,1120,0.0065359957516193
928,921,0.0065328660421073
1003,583,0.0065286955796182
267,485,0.0065286848694086
1106,993,0.0065267379395663
599,384,0.0065255756489932
101,237,0.0065245735459029
279,828,0.0065228324383497
1045,388,0.0065219094976782
188,458,0.0065186363644897
101,795,0.0065178512595593
101,429,0.0065171946771442
1003,573,0.0065159169025719
928,10,0.0065151797607541
599,650,0.006514981854707
599,224,0.0065142414532601
267,133,0.0065131746232509
599,944,0.0065094125457108
1003,328,0.0065078088082373
101,1116,0.0065076332539319
449,997,0.0065073808655142
1106,681,0.006506435573101
290,461,0.0065023712813854
599,1056,0.0065006422810256
188,286,0.0064996741712093
449,289,0.0064986045472323
599,612,0.0064982702024281
1106,821,0.0064975838176906
290,179,0.0064974944107234
1106,455,0.0064972443506121
599,503,0.0064970524981617
101,624,0.0064924350008368
599,294,0.0064918529242277
290,742,0.0064912252128124
1003,1126,0.0064908252097666
267,492,0.0064895027317106
1106,296,0.006488440092653
101,669,0.0064872661605477
101,400,0.0064866924658417
1003,413,0.0064858761616051
1003,288,0.0064847832545638
599,252,0.0064846747554838
928,689,0.0064805350266397
1003,900,0.0064797918312251
1003,820,0.0064797429367899
928,354,0.0064783291891217
1003,812,0.006478271447122
599,587,0.0064775981009006
291,698,0.0064738881774246
1003,1012,0.0064735636115074
280,294,0.0064730141311883
822,808,0.0064693470485508
928,455,0.0064681335352361
700,18,0.0064669856801629
449,800,0.0064636124297976
101,725,0.0064618350006639
1003,863,0.0064616571180522
101,1105,0.0064595164731144
1003,632,0.0064581376500427
599,164,0.0064555760473012
267,680,0.0064549865201115
101,724,0.0064539620652794
700,524,0.0064535127021372
599,364,0.0064507923088967
1003,280,0.0064501804299652
599,495,0.0064491783268749
1106,585,0.0064488495700061
188,450,0.0064485711045563
267,533,0.0064482456073164
599,827,0.006447478197515
101,197,0.0064466358162462
928,980,0.0064456067048013
599,760,0.0064455498941242
599,289,0.0064443014562129
1003,484,0.0064441785216331
1106,521,0.0064433957450091
599,813,0.0064433752559125
599,439,0.0064419503323733
599,69,0.006441589910537
267,952,0.0064415843226015
1003,1093,0.0064414646476507
822,56,0.0064403018914163
1106,665,0.0064389426261186
101,976,0.006432743743062
1003,172,0.006431782618165
1003,97,0.0064300638623535
599,544,0.0064292140305042
101,313,0.0064289174042642
1003,346,0.0064288103021681
101,823,0.0064278086647391
599,491,0.0064275586046278
101,54,0.0064261336810886
599,853,0.0064260065555572
1003,1075,0.0064249904826283
928,800,0.0064248680137097
101,143,0.0064245080575346
928,599,0.0064243916422128
599,243,0.0064196796156466
599,825,0.0064179920591413
1003,449,0.0064179482869803
272,828,0.006417182739824
1106,1098,0.0064170956611633
599,1072,0.0064169033430516
101,769,0.0064168437384068
101,1131,0.006416724063456
1130,877,0.0064142299816012
267,874,0.0064133703708648
599,44,0.0064104697667062
599,807,0.0064093256369233
599,554,0.006408710964024
599,564,0.0064071919769048
290,634,0.0064058438874781
599,379,0.0064053130336105
449,1088,0.0064052008092403
101,607,0.0064041926525533
599,155,0.0064040962606668
1106,186,0.0064029674977064
478,479,0.0064015267416834
599,383,0.0064004776068031
599,914,0.0063993008807301
1003,1098,0.006399278063327
822,153,0.0063987621106207
599,631,0.0063987174071371
599,165,0.0063978605903685
700,479,0.0063965213485062
974,252,0.0063942619599401
101,8,0.0063941394910216
101,361,0.0063928728923201
101,679,0.0063911862671375
1106,729,0.0063905818387866
1003,57,0.0063888565637171
700,797,0.0063886661082506
101,745,0.0063877282664179
599,466,0.0063861976377666
928,448,0.0063842455856502
449,524,0.0063800192438066
928,889,0.0063795456662774
267,1077,0.0063777929171919
928,775,0.0063773631118237
101,569,0.0063690161332488
290,329,0.0063681472092866
1106,12,0.0063677988946437
101,1042,0.0063674603588879
1003,156,0.0063661369495093
449,607,0.0063647399656474
101,22,0.0063613019883632
974,189,0.0063609750941395
101,966,0.0063605303876101
700,317,0.0063591036014258
599,710,0.0063582225702703
928,624,0.0063575617969036
1003,1130,0.006356818601489
599,399,0.0063562309369444
449,767,0.0063532432541251
291,3,0.006352674216032
599,659,0.006351638585329
290,280,0.0063507268205285
599,977,0.0063462383113801
1130,925,0.0063359481282532
291,780,0.0063358629122376
1003,415,0.0063352775759994
267,534,0.0063332044519484
599,529,0.0063328212127089
290,972,0.0063322247005999
599,526,0.0063314754515886
1003,496,0.0063313688151538
599,76,0.0063312803395092
599,387,0.0063306703232228
1003,781,0.0063296272419393
599,924,0.0063295774161815
290,294,0.0063285655342042
928,147,0.0063283499330282
1106,401,0.0063279196619987
599,428,0.0063272821716964
599,802,0.0063258977606892
1003,614,0.0063257738947868
290,158,0.0063255550339818
101,963,0.0063249659724533
449,568,0.0063248323276638
272,389,0.0063246991485357
101,499,0.0063234255649149
599,487,0.0063230236992239
599,672,0.006322992965579
1003,406,0.0063229631632566
1106,246,0.0063198930583894
267,227,0.0063189202919602
599,215,0.0063122608698904
290,781,0.0063122534193098
599,64,0.0063116895034909
599,370,0.0063113649375736
101,485,0.0063113421201705
599,263,0.0063089430332183
599,98,0.0063080484978854
449,110,0.0063079833053052
1003,102,0.0063069094903767
1003,972,0.0063040512613952
1106,928,0.0063029546290636
1106,1011,0.0063024400733411
700,267,0.0063004302792251
101,19,0.0062990090809762
280,152,0.0062985979020595
290,547,0.0062980875372886
449,976,0.0062972488813102
599,947,0.0062968754209578
267,923,0.0062955385074019
599,702,0.0062948102131485
101,484,0.0062912763096392
599,608,0.0062910565175116
101,1085,0.0062899044714868
1003,981,0.0062896092422306
188,192,0.00628840085119
101,299,0.0062879724428057
599,412,0.0062869139946997
700,505,0.0062859910540282
599,447,0.0062855146825313
1003,1032,0.0062808594666421
700,141,0.006278857588768
1003,1096,0.006274274084717
599,644,0.0062732947990298
101,1012,0.0062727904878556
599,112,0.0062727364711463
599,130,0.0062711886130273
290,399,0.0062703602015972
101,62,0.0062695126980543
599,581,0.0062687206082046
1003,148,0.0062675201334059
101,11,0.0062672379426658
1106,417,0.0062630022875964
267,861,0.0062625133432447
478,838,0.0062617734074592
1106,148,0.0062614260241389
599,929,0.0062593049369752
1003,789,0.0062591298483312
599,540,0.0062588704749941
599,336,0.0062587447464466
599,1070,0.0062564448453485
599,148,0.0062551898881793
599,939,0.0062549961730837
279,450,0.0062547517009079
1003,94,0.0062525505200028
1003,693,0.0062522804364562
1003,468,0.006251685321331
1106,318,0.006251158658415
101,900,0.0062511134892702
101,702,0.0062497151084244
101,205,0.0062489286065101
267,262,0.0062476969324052
449,545,0.0062476387247443
928,270,0.0062475707381963
101,1108,0.0062453029677271
822,689,0.0062448745593428
599,323,0.0062442421913146
101,561,0.0062420065514743
267,593,0.00623863004148
101,931,0.0062374207191169
1106,25,0.0062344712205231
599,207,0.0062343860045075
599,730,0.0062303100712597
1106,334,0.0062295095995068
279,723,0.0062276641838252
101,843,0.0062274541705846
101,388,0.0062259258702397
599,1053,0.0062257032841444
267,95,0.0062245847657322
101,284,0.0062239971011877
101,911,0.0062232236377894
449,430,0.0062229163013398
1003,33,0.0062199388630688
267,621,0.0062197484076023
822,923,0.0062192031182348
101,824,0.0062190252356231
1003,236,0.0062189050950109
599,409,0.006218243855983
599,1034,0.0062180669046938
928,1093,0.006217875983566
599,754,0.0062172594480216
17,92,0.0062171309255063
272,66,0.0062163239344954
599,687,0.0062158391810953
449,624,0.0062156510539352
1003,658,0.0062151448801159
290,246,0.0062149437144398
1106,10,0.0062131118029356
599,761,0.0062124500982463
1106,709,0.0062118144705891
291,124,0.0062115797773003
1003,760,0.006211376748979
17,1111,0.0062092784792184
599,1090,0.0062088938429951
974,476,0.0062076346948742
1130,633,0.0062059029005467
1003,257,0.0062036667950451
449,197,0.0061989245004951
449,365,0.006198744289577
1106,1046,0.0061970585957169
267,313,0.0061966199427843
599,790,0.0061956732533872
822,114,0.0061951298266649
928,1106,0.0061942846514284
928,93,0.0061925863847136
599,690,0.0061914515681564
928,336,0.0061910324729979
822,479,0.0061858193948864
101,921,0.0061828126199543
599,191,0.0061797592788934
599,417,0.0061784414574503
1003,297,0.0061783343553543
1106,183,0.0061755450442433
1106,659,0.0061733587644994
1106,1054,0.0061728958971798
267,570,0.006172293331474
1003,889,0.0061720805242657
599,896,0.0061719226650893
599,1035,0.0061716325581073
280,253,0.0061713554896414
101,31,0.0061708972789347
449,220,0.0061701373197138
599,202,0.0061663691885769
1003,158,0.0061638294719159
1003,447,0.0061631486751139
928,246,0.0061618699692189
101,1057,0.0061606829985976
928,741,0.006160382181406
928,762,0.0061578787863254
1130,211,0.0061572398990392
449,538,0.0061555891297757
272,252,0.0061552319675683
599,796,0.0061540971510112
599,699,0.0061539127491414
599,912,0.0061532240360975
449,692,0.0061524235643446
1003,857,0.0061523281037807
599,848,0.0061512114480137
291,474,0.0061500952579081
188,519,0.0061491695232689
1106,1096,0.0061474414542317
1106,65,0.0061471373774111
599,1109,0.006146871484816
1106,30,0.0061464225873351
1106,707,0.0061460966244339
1106,876,0.0061451713554561
599,180,0.0061441645957529
599,391,0.0061440779827535
1003,147,0.0061437934637069
449,1057,0.0061402772553265
599,280,0.0061378763057291
1003,225,0.0061360434629023
267,1096,0.0061352350749075
1003,504,0.0061342534609138
599,618,0.0061326138675212
17,925,0.0061311679892241
599,552,0.0061308797448873
478,518,0.0061307176947593
449,363,0.0061307027935981
928,63,0.0061306627467274
599,623,0.0061300699599087
1106,624,0.0061298068612813
599,542,0.0061293956823647
449,933,0.0061284201219677
101,394,0.0061276205815374
272,87,0.0061267730779945
928,756,0.0061266403645277
928,789,0.0061257774941623
928,0,0.0061254715546965
928,1089,0.0061243120580911
280,981,0.0061231669969856
101,63,0.0061220424249768
1003,574,0.0061213378794491
1003,1029,0.0061207460239529
272,605,0.0061198878102004
599,161,0.0061183306388556
1106,156,0.0061179082840681
599,871,0.0061172973364591
272,450,0.006117005366832
1003,430,0.0061169657856225
700,24,0.0061165108345448
290,1068,0.0061164409853518
1106,316,0.0061145266517996
1106,71,0.0061139855533838
599,885,0.00611258065328
1003,509,0.0061122616752982
599,1061,0.0061121084727346
599,223,0.0061115603893995
1003,134,0.0061115156859159
290,788,0.0061099617742002
822,1014,0.0061097708530724
599,677,0.0061092767864465
1003,247,0.0061085214838385
599,614,0.006107258144766
1003,212,0.0061068427748978
599,524,0.0061063421890139
1106,800,0.006105167325586
279,66,0.0061047794297337
1003,755,0.0061041265726089
599,995,0.0061040450818836
449,461,0.006103622727096
478,440,0.006103369873017
101,964,0.0061017507687211
599,536,0.0061015007086098
449,907,0.0061014611274003
267,681,0.0061004562303423
290,961,0.0060978289693593
599,1059,0.0060977251268923
822,962,0.0060967546887695
1106,767,0.006096173543483
267,744,0.0060928524471819
101,1102,0.0060925977304577
290,322,0.0060903001576662
599,863,0.0060902335681021
101,788,0.0060892766341567
599,820,0.0060879224911332
1130,518,0.0060878074727952
290,346,0.0060874582268297
101,1091,0.0060865953564643
1106,160,0.006085867062211
267,411,0.0060853157192468
1045,335,0.0060845920816063
1003,941,0.0060824682004749
822,714,0.0060816970653831
599,4,0.0060798022896051
928,1054,0.0060792472213506
599,664,0.0060784188099205
267,317,0.0060775084421038
1106,394,0.0060754925943911
599,311,0.0060752867721021
1003,183,0.0060748974792659
1003,683,0.006073735654354
1106,107,0.0060737179592251
101,427,0.0060706241056323
1003,963,0.0060681556351482
599,152,0.0060677849687635
449,172,0.0060673248954117
1045,122,0.0060666012577712
1106,641,0.0060649397782981
599,675,0.0060645169578492
449,214,0.0060640890151262
101,1081,0.0060639316216111
188,615,0.006063534412533
974,954,0.0060615492984652
1003,1123,0.0060600517317652
599,483,0.0060598370619118
928,401,0.0060595301911234
267,978,0.0060591669753193
928,784,0.0060588843189179
1003,640,0.0060579366981983
1045,1055,0.0060569471679627
1106,781,0.0060545289888978
1003,999,0.0060540083795785
599,228,0.0060534481890499
700,815,0.0060530160553753
267,788,0.0060527161695063
1003,968,0.0060517480596899
1003,338,0.006051461212337
101,346,0.006051289383322
101,626,0.0060505890287458
928,777,0.0060504213906824
101,12,0.0060480185784399
267,94,0.0060468288138508
267,826,0.0060464367270469
599,984,0.006046391557902
1003,1105,0.0060458336956799
101,637,0.0060452749021351
928,334,0.0060443310067057
960,865,0.0060415980406105
291,864,0.0060406592674553
1130,327,0.0060400455258786
267,990,0.0060398820787668
599,670,0.0060393633320927
928,1023,0.0060377703048288
101,424,0.0060333367437124
1130,888,0.0060310307890176
1106,971,0.0060294633731245
822,102,0.0060293870046734
1130,537,0.0060263248160481
449,388,0.0060247140936553
822,593,0.0060240402817726
290,63,0.006023462396115
101,364,0.0060229953378438
599,839,0.0060212253592908
290,800,0.0060200318694114
101,992,0.0060197873972356
188,988,0.0060184793546795
1003,725,0.0060151340439915
928,918,0.0060150832869112
928,302,0.0060147545300424
928,446,0.0060130371712148
599,635,0.006011922378093
101,365,0.0060115354135632
822,707,0.006010765209794
700,801,0.0060092732310295
17,146,0.0060089705511927
188,575,0.0060079996474087
290,880,0.0060079284012317
290,775,0.0060072564519941
101,57,0.0060072536580264
599,407,0.0060068187303841
101,444,0.0060067409649491
101,609,0.0060041439719498
599,662,0.0060036010108888
1003,1011,0.006003254558891
267,597,0.0060017057694494
599,550,0.0060011441819369
1003,717,0.0060009825974702
188,611,0.0059993602335453
1045,558,0.0059986663982272
1003,157,0.0059973779134452
290,640,0.0059950426220893
822,531,0.0059949620626866
1106,180,0.0059930118732154
1106,1089,0.0059926742687821
188,229,0.005990594625473
291,726,0.0059900698252022
101,563,0.0059894961304962
1106,418,0.0059866849333047
928,390,0.0059864097274839
928,502,0.0059855468571186
1106,919,0.0059855361469089
267,73,0.0059854742139577
280,1001,0.0059853768907487
280,10,0.0059851841069757
928,884,0.0059837843291461
700,3,0.0059828585945069
1106,736,0.0059803901240229
1003,499,0.0059789665974676
599,458,0.0059789284132421
449,549,0.005978025496006
290,976,0.0059772348031401
599,73,0.0059769819490611
928,720,0.0059767384082078
1106,120,0.005975626874715
449,179,0.0059745223261415
267,7,0.0059731164947152
101,671,0.0059728669002652
1003,335,0.005970723927021
449,916,0.005967712495476
449,390,0.0059669311158359
599,997,0.0059666517190635
1130,567,0.0059665078297257
599,1121,0.0059656556695699
1106,1075,0.0059645008295774
599,437,0.0059635089710354
599,169,0.0059603410772979
928,860,0.0059574865736067
101,200,0.0059566041454672
290,548,0.005956333130598
1106,613,0.0059562451206147
599,253,0.0059561808593571
822,396,0.0059535899199545
599,767,0.00595239456743
101,721,0.0059523396193981
1045,243,0.0059520113281905
1106,380,0.005951827391982
101,743,0.0059493090957403
1003,775,0.0059465137310326
1003,399,0.005945635959506
928,547,0.0059455316513776
101,108,0.0059452229179441
290,596,0.005943831987679
17,828,0.0059419032186269
449,895,0.0059407991357147
822,332,0.0059406198561191
599,468,0.0059400130994617
928,1123,0.0059396969154477
290,482,0.0059395590797066
928,329,0.005938250105828
101,398,0.0059336987324059
1003,301,0.0059336149133741
449,257,0.0059317396953701
1106,177,0.0059304134920239
599,451,0.0059301611036062
290,1116,0.0059291375800967
290,812,0.0059286882169544
599,120,0.0059278486296534
449,467,0.0059273424558341
449,335,0.0059259990230202
101,238,0.0059255077503621
1003,108,0.0059247794561088
17,228,0.0059234979562461
599,362,0.0059224381111562
449,711,0.0059209768660366
1106,302,0.0059205605648458
1106,388,0.0059199123643338
101,305,0.0059198657982051
291,696,0.0059190285392105
290,334,0.005918476730585
1003,1037,0.0059178890660405
449,975,0.0059168273583054
449,729,0.0059167183935642
1003,482,0.0059161060489714
101,186,0.0059144357219338
1003,388,0.0059130839072167
928,65,0.0059126187115907
290,47,0.0059116743505001
928,923,0.0059103872627019
449,205,0.0059101404622197
449,1123,0.0059083113446831
599,680,0.0059059038758277
478,3,0.0059057874605059
1003,838,0.0059044687077403
101,742,0.0059010302647948
449,593,0.0059003015048801
101,83,0.0058999191969633
1106,1121,0.0058993436396121
290,328,0.0058986144140362
101,1126,0.0058953668922185
599,958,0.0058928006328642
599,615,0.0058925841003656
1003,256,0.0058909500949084
599,597,0.0058908676728606
599,583,0.0058887219056487
599,1099,0.0058886469341814
599,621,0.005886722356081
1003,241,0.0058856471441686
188,1028,0.0058844396844506
478,797,0.0058835502713918
449,725,0.0058828080072999
974,1119,0.005882101599127
599,80,0.0058815828524529
928,927,0.0058799511753022
272,1119,0.0058795930817723
599,189,0.0058793788775801
101,294,0.0058789602480828
1130,546,0.0058783497661352
449,500,0.0058775725774466
1003,464,0.0058773970231413
188,862,0.0058751893229782
1106,488,0.0058747394941747
449,1110,0.0058727599680423
101,772,0.0058723338879644
101,526,0.0058722216635942
1045,889,0.0058710076846182
101,804,0.0058703371323645
101,792,0.0058698402717709
599,923,0.005869744811207
599,877,0.0058696824125945
101,377,0.0058683059178292
974,182,0.0058673019520938
1106,400,0.0058635585010051
599,852,0.0058633820153772
449,143,0.0058628674596548
1003,305,0.0058622942306101
17,208,0.005861782003194
1045,1108,0.005860602017492
700,61,0.0058602252975106
599,113,0.0058601535856723
101,1087,0.005859728436917
101,215,0.0058591063134372
1045,110,0.0058581782504916
267,704,0.0058561814948916
267,625,0.0058552012778818
928,989,0.0058546555228531
599,319,0.0058546317741274
599,279,0.0058545102365314
449,186,0.0058527775108814
1106,813,0.0058503421023488
1003,164,0.0058488510549068
101,784,0.0058486526831984
1045,769,0.0058478293940424
700,1095,0.0058468854986131
101,331,0.0058453758247196
188,1112,0.0058452528901398
1003,238,0.0058444608002901
1003,882,0.0058442489244043
449,1129,0.0058438768610358
928,203,0.0058430847711861
267,637,0.0058425185270607
599,462,0.0058421473950147
1003,1040,0.0058410237543284
1045,432,0.0058388793841004
101,587,0.0058385021984577
599,72,0.0058367159217596
1045,687,0.005834630690515
101,68,0.0058343643322587
1106,390,0.0058332281187176
1106,1114,0.0058318190276622
599,231,0.0058306627906858
1045,989,0.0058300732634961
290,585,0.0058298124931752
449,435,0.0058294082991778
101,433,0.0058283796533942
101,1054,0.0058282641693949
1003,1076,0.0058280965313315
101,646,0.0058280490338802
101,408,0.005827659741044
822,26,0.0058273049071431
599,704,0.0058246166445314
599,969,0.0058242660015821
1106,323,0.005824061576277
599,8,0.0058231237344443
290,403,0.0058230673894286
290,669,0.0058227707631886
1003,165,0.0058227214030921
599,105,0.0058223474770784
17,740,0.0058223386295139
280,1023,0.0058221067301929
1003,961,0.0058210073038935
188,600,0.0058194957673549
101,585,0.0058181588537991
928,691,0.0058167604729533
290,318,0.0058149276301264
1106,769,0.0058149271644651
101,538,0.005814523436129
1106,13,0.005814264062792
478,909,0.0058133141137659
188,153,0.0058130947872996
599,102,0.0058130673132836
272,150,0.0058118309825658
599,124,0.0058115418069064
290,131,0.005809988360852
290,512,0.0058091664686799
17,377,0.0058085536584258
1106,496,0.0058085368946194
291,531,0.0058075599372386
290,1081,0.0058055557310581
449,147,0.0058047771453857
1003,1052,0.0058039352297782
599,196,0.0058038402348756
280,823,0.0058018048293888
599,304,0.0058006960898637
101,1106,0.0058006718754768
280,50,0.0057995007373392
17,341,0.0057991906069219
700,1094,0.0057969214394688
290,172,0.0057962047867476
290,83,0.0057961368001997
478,17,0.0057944464497268
1130,1096,0.0057943472638726
599,619,0.0057939076796174
1003,1091,0.0057931989431381
1045,455,0.0057927346788346
928,386,0.0057923533022403
599,1063,0.005792103242129
1106,867,0.0057917260564863
17,588,0.0057912147603929
101,1022,0.0057908683083951
599,780,0.0057901120744645
101,486,0.0057890689931809
17,544,0.0057886345311999
280,1098,0.0057878782972693
928,844,0.0057876068167388
599,90,0.00578737212345
449,149,0.0057869465090334
822,485,0.0057861017994582
449,107,0.0057837408967316
928,953,0.0057829786092042
700,207,0.0057807015255093
291,406,0.0057800500653684
290,463,0.0057795504108071
449,189,0.0057782894000411
1003,80,0.0057774824090301
290,203,0.0057760369963943
267,1130,0.0057757589966058
1003,375,0.005775190424174
599,925,0.0057742805220186
1106,609,0.0057706236839294
1003,70,0.0057701519690454
188,1124,0.0057690921239554
101,756,0.0057686460204422
599,137,0.0057679354213178
599,282,0.0057676965370774
449,1079,0.0057669910602271
599,182,0.0057668387889862
928,56,0.0057652681134641
290,675,0.0057648955844342
272,528,0.0057644457556307
17,487,0.0057631731033325
291,834,0.0057630813680589
1045,841,0.0057626366615295
974,36,0.0057626054622232
700,944,0.0057604182511568
101,817,0.0057600433938205
272,862,0.0057583712041378
101,553,0.0057580140419304
1106,1072,0.0057576629333198
279,1119,0.005756702274084
1106,1020,0.0057566664181649
1003,1057,0.0057564410381019
1106,893,0.0057557434774935
599,751,0.0057556242682039
928,521,0.0057545485906302
599,66,0.0057538882829248
478,341,0.0057537397369742
1106,472,0.0057532824575901
101,861,0.0057530719786882
449,745,0.005752719938755
599,162,0.0057523963041603
101,355,0.0057504139840602
290,40,0.0057490742765367
1003,1131,0.0057468777522444
291,808,0.005746554583311
449,20,0.0057463985867798
267,3,0.0057450579479336
449,362,0.0057441317476332
478,673,0.005741739179939
1003,959,0.0057416833005845
478,570,0.0057389116846024
101,131,0.0057386797852814
599,465,0.0057379975914955
1130,498,0.0057373447343707
290,609,0.0057373172603547
928,943,0.0057354290038347
280,1089,0.0057350709103047
267,583,0.0057344390079379
449,1020,0.0057342518121004
188,199,0.005734241567552
290,980,0.0057333004660904
478,178,0.0057327472604811
1130,570,0.0057326536625623
599,1014,0.0057318550534546
822,520,0.0057313679717481
1003,585,0.0057313251309096
1045,933,0.0057312818244099
280,496,0.0057301702909171
290,122,0.0057290499098598
599,686,0.0057276543229818
1003,855,0.0057265334762632
1003,975,0.0057258261367678
599,961,0.0057253926061093
101,1003,0.0057252794504165
599,153,0.0057248352095484
599,745,0.0057235294952988
101,916,0.0057234605774283
290,795,0.0057231495156884
290,455,0.0057224058546125
291,190,0.0057211155071854
599,100,0.0057207853533327
290,918,0.0057188747450709
700,1109,0.0057183885946869
1130,203,0.0057175881229341
290,372,0.0057174074463546
1106,277,0.0057173958048224
101,93,0.0057171978987753
928,692,0.0057170689105987
101,847,0.0057162144221365
1106,1033,0.0057161399163305
928,978,0.0057161254808306
17,137,0.0057142446748912
101,88,0.0057137571275234
291,200,0.0057125650346279
928,641,0.0057096774689853
101,302,0.0057078567333519
449,446,0.005707609001547
449,663,0.0057051121257245
1003,298,0.0057049938477575
599,636,0.005703582894057
1106,812,0.005703046452254
599,1033,0.0057018585503101
267,996,0.0057017793878912
1106,123,0.0057014971971511
928,472,0.0057003954425454
1003,363,0.005699741654098
291,165,0.0056995716877281
267,993,0.0056977281346917
290,1054,0.0056976047344505
1003,929,0.0056975646875798
1003,541,0.005696624983102
290,50,0.0056934705935418
101,1046,0.0056934054009616
267,82,0.0056906114332377
478,407,0.0056905876845121
1003,326,0.0056903213262557
599,287,0.0056899045594036
1045,789,0.0056897639296948
599,305,0.0056885438971221
101,528,0.0056881285272538
599,138,0.005687263328582
599,27,0.0056855035945773
1130,113,0.005685057491064
1106,525,0.0056850216351449
188,803,0.0056849853135645
290,934,0.0056838528253138
291,462,0.0056834914721548
290,110,0.0056832833215594
599,678,0.0056830826215445
101,634,0.0056827776134014
599,111,0.0056821391917765
449,677,0.0056821354664862
291,717,0.0056806108914315
599,1111,0.0056798178702592
599,9,0.0056757130660116
290,569,0.0056756157428026
272,1049,0.0056756045669317
1106,74,0.0056747384369373
272,1064,0.0056738895364105
1003,476,0.0056729796342551
599,874,0.0056725796312093
101,233,0.005671895109117
101,428,0.0056717442348599
449,1075,0.0056711719371378
1045,179,0.0056701973080635
599,240,0.0056696524843573
1003,329,0.0056693465448915
1106,481,0.0056687458418309
290,721,0.0056685940362513
1003,1,0.0056673311628401
599,92,0.0056672329083085
290,621,0.0056665851734578
101,134,0.0056654089130461
928,481,0.0056649325415492
101,816,0.005661848001182
599,1031,0.005661663133651
599,811,0.0056587196886539
1003,870,0.0056580696254968
1003,123,0.0056565692648291
700,654,0.0056550581939518
449,755,0.005654813721776
599,570,0.005654327571392
822,178,0.0056537259370088
870,935,0.0056528034619987
449,1038,0.005652240011841
822,493,0.0056516183540225
280,819,0.005650972481817
449,356,0.0056492849253118
267,355,0.0056485836394131
1106,181,0.0056479196064174
928,667,0.0056478795595467
101,713,0.0056468723341822
928,963,0.005646797362715
101,812,0.0056455992162227
101,332,0.0056454250589013
822,308,0.0056452597491443
290,1131,0.0056441100314259
17,563,0.0056430078111588
101,191,0.0056427782401442
1106,823,0.0056419624015688
1003,215,0.0056394515559077
101,568,0.0056384825147688
1003,1016,0.0056384513154625
267,236,0.0056383432820439
101,928,0.0056374897249042
1106,857,0.0056353290565311
1003,401,0.0056352219544351
928,396,0.0056352117098867
272,612,0.0056347684003412
1106,130,0.0056331283412873
101,1026,0.0056325253099203
928,704,0.0056310347281396
1003,758,0.0056307767517864
290,545,0.0056307394988834
267,344,0.0056298840790987
101,975,0.0056295003741979
599,836,0.0056291590444743
1003,821,0.0056291031651198
1003,330,0.0056289569474756
1106,975,0.0056285969913005
1003,737,0.0056278719566762
1003,664,0.0056278086267411
928,134,0.00562707753852
449,55,0.0056267231702804
101,325,0.0056262807920575
449,558,0.0056262607686221
449,770,0.0056254304945468
290,390,0.0056250714696943
101,504,0.0056249587796628
928,440,0.0056242044083774
188,283,0.0056233811192214
101,471,0.0056226658634841
599,565,0.0056206160224974
1003,1048,0.0056201736442744
928,871,0.0056200521066784
1003,364,0.005619138944894
599,419,0.0056188814342021
1106,889,0.0056170644238591
599,176,0.0056168278679251
1106,238,0.0056157638318836
599,187,0.0056148399598896
272,557,0.0056148124858736
599,698,0.0056135710328817
599,226,0.0056133503094315
1106,583,0.0056111137382686
599,1066,0.0056109940633177
599,5,0.0056104818359017
449,175,0.0056104003451764
599,52,0.0056099388748407
1106,214,0.005609247367829
700,970,0.0056091463193297
1003,709,0.0056085437536239
599,731,0.0056078466586768
188,227,0.0056072678416967
1106,1041,0.0056039532646536
1003,432,0.0056020594201982
280,322,0.0056020165793597
17,87,0.0056015779264271
101,1052,0.0056002517230808
928,152,0.0055994754657149
101,902,0.0055992342531681
101,91,0.0055989045649766
599,453,0.0055981078185141
822,476,0.0055974721908569
290,177,0.005597366951406
290,197,0.0055970200337469
599,474,0.0055969157256186
1106,339,0.0055966102518141
101,214,0.0055957385338842
101,150,0.0055945883505046
101,913,0.0055942987091839
1106,965,0.0055927755311131
1003,237,0.0055925492197275
1106,592,0.0055921711027622
1003,433,0.0055920928716659
599,566,0.0055915038101375
449,410,0.0055914679542183
449,422,0.0055909524671733
599,1127,0.0055898306891322
267,107,0.0055891633965075
1003,62,0.0055880271829664
101,691,0.0055873650126159
822,888,0.0055870814248919
822,462,0.0055864714086055
290,205,0.005586078390479
101,416,0.005585161037743
291,249,0.0055832718499004
1106,305,0.0055820089764893
599,974,0.0055813868530094
1045,775,0.0055808220058679
449,980,0.0055801793932914
290,64,0.0055794268846511
101,1117,0.005578666459769
267,386,0.0055785872973501
599,938,0.005577684380114
1003,17,0.0055762785486876
599,385,0.0055754873901605
17,275,0.0055739698000252
267,406,0.0055716531351208
1106,163,0.0055713951587677
449,10,0.0055703264661133
1003,411,0.0055702659301459
101,801,0.0055695972405374
1003,832,0.0055693001486361
449,648,0.0055692782625555
700,531,0.0055687637068331
1003,1055,0.0055676782503724
188,426,0.0055672768503427
101,987,0.0055672000162303
1003,716,0.0055669853463768
290,53,0.0055656679905951
101,956,0.0055656335316598
822,954,0.0055647804401814
928,790,0.0055637895129621
290,629,0.0055631506256759
822,592,0.0055629615671932
599,367,0.0055626584216952
290,316,0.005561432801187
272,616,0.0055605401284992
1045,385,0.0055604246445
101,531,0.0055598341859877
17,584,0.0055584693327546
267,652,0.005557722877711
280,120,0.0055564451031386
290,1084,0.0055557969026267
822,803,0.0055539100430905
928,397,0.0055533065460622
928,499,0.0055526997894048
290,704,0.0055519239977002
1106,863,0.005551784299314
928,294,0.0055515416897833
101,770,0.005549993366003
928,256,0.0055496604181826
494,109,0.0055488841608166
1003,915,0.0055462406016886
1106,340,0.0055458089336752
1106,711,0.0055436794646084
280,147,0.0055426615290343
1106,1029,0.0055422815494239
17,571,0.0055417893454432
599,360,0.0055416105315089
267,348,0.0055411625653505
267,832,0.0055403150618076
449,1003,0.0055398144759237
279,805,0.0055395229719579
267,60,0.0055391639471054
290,274,0.0055374260991811
1003,325,0.0055364235304296
449,617,0.0055345380678772
599,682,0.0055334409698843
1045,394,0.0055333175696432
928,418,0.0055322735570371
449,512,0.0055284309200942
101,962,0.0055283666588366
1003,613,0.0055283554829657
101,397,0.0055276006460189
101,830,0.0055274660699069
272,571,0.0055271908640861
449,6,0.0055257021449506
1045,1084,0.0055247233249247
1003,694,0.0055230767466127
599,794,0.0055219056084752
280,769,0.005521772429347
101,659,0.005521020386368
1003,1024,0.0055195586755871
267,827,0.0055185514502227
928,108,0.0055178059265017
101,422,0.0055164135992527
101,536,0.0055153029970824
101,886,0.0055132843554019
267,640,0.005512211471796
101,778,0.0055118324235081
1045,591,0.0055088056251406
1106,804,0.0055074212141335
1106,773,0.0055068479850888
599,732,0.0055065965279936
267,194,0.0055052763782441
599,375,0.0055024400353431
1003,555,0.0055019916035234
599,1110,0.005501686129719
449,69,0.0055013294331729
1106,541,0.0054998123086988
700,838,0.0054997578263282
1045,691,0.0054997368715703
101,156,0.0054973205551505
599,1118,0.0054964981973171
478,113,0.0054951449856162
928,1079,0.0054951147176325
599,963,0.0054949354380369
1106,468,0.0054933414794504
928,765,0.005492475349456
1106,625,0.0054924366995692
449,366,0.0054919086396694
449,135,0.005491561256349
928,280,0.0054902452975511
449,921,0.0054884776473045
1003,813,0.0054877423681318
101,457,0.005487663205713
280,375,0.0054869577288627
599,348,0.0054862257093191
1003,55,0.0054848999716341
599,833,0.0054844571277499
1003,478,0.0054836347699165
280,0,0.0054835136979818
188,120,0.0054817097261548
928,991,0.00548165012151
101,733,0.0054813418537378
928,1032,0.0054801828227937
1106,415,0.0054798508062958
267,24,0.0054793958552181
599,946,0.0054790526628494
1003,221,0.0054779225029051
290,884,0.0054777641780674
928,380,0.0054775010794401
267,142,0.0054773245938122
599,369,0.0054767415858805
822,618,0.0054762386716902
599,1065,0.0054762000218033
928,1052,0.0054756388999521
1003,708,0.0054753506556153
1003,446,0.0054745017550885
599,867,0.0054735299199819
599,527,0.0054729762487113
272,833,0.0054720090702176
449,982,0.0054718186147511
17,670,0.0054716998711228
928,767,0.0054716132581233
1003,1027,0.0054714251309633
822,338,0.0054707597009837
974,850,0.0054704938083887
1045,799,0.005469215568155
1003,875,0.0054659820161759
188,817,0.0054654236882925
280,945,0.0054641105234622
290,148,0.0054640402086079
291,113,0.0054638376459479
449,816,0.0054619726724922
291,1015,0.0054609724320471
928,863,0.005460784304887
1003,754,0.0054604760371148
449,919,0.0054599437862634
101,535,0.0054591260850429
1106,615,0.005458865314722
101,446,0.0054579740390181
478,236,0.0054566161707043
449,420,0.0054565700702369
17,203,0.0054562264122068
101,947,0.0054560820572078
599,828,0.0054551647044718
101,750,0.0054550352506339
101,667,0.0054549532942473
101,621,0.0054548936896026
101,996,0.0054544913582503
267,925,0.0054540769197046
101,821,0.0054533374495804
449,123,0.0054529779590666
822,884,0.0054527875036001
101,951,0.0054524694569408
1106,927,0.0054511562921106
101,259,0.0054509076289832
17,935,0.0054508717730641
822,723,0.0054500177502632
449,502,0.0054498207755386
449,16,0.0054495022632181
928,558,0.0054488214664161
928,913,0.005447827745229
928,601,0.0054465741850435
188,160,0.0054459613747894
928,53,0.0054459478706121
101,466,0.0054459273815155
17,267,0.0054458873346447
101,557,0.0054457047954201
290,361,0.0054456926882267
599,235,0.0054450910538434
1003,884,0.0054445890709757
1003,992,0.005444420967251
449,1131,0.0054437089711427
1106,745,0.0054419222287833
599,247,0.0054418882355093
1003,83,0.0054414961487054
267,1007,0.0054406994022428
449,68,0.0054396060295403
1106,1007,0.0054384157992899
478,813,0.0054383492097258
449,22,0.0054363119415938
599,714,0.0054356092587113
928,824,0.0054350835271179
290,549,0.0054349843412637
928,745,0.0054336874745786
822,347,0.0054329927079379
1106,860,0.0054325340315699
1003,978,0.005431349389255
478,567,0.0054312506690621
960,515,0.0054302876815199
101,151,0.0054283081553876
870,480,0.0054280715994536
101,430,0.0054280557669699
290,887,0.0054279961623251
928,122,0.0054271738044917
101,893,0.0054266336373984
599,249,0.0054249824024736
928,204,0.0054241926409304
928,632,0.0054228706285357
449,1084,0.0054228347726166
599,268,0.0054227728396654
449,667,0.0054226168431341
101,373,0.0054218620061874
1106,1023,0.0054211248643696
1003,48,0.0054200910963118
1003,943,0.005419788416475
928,714,0.0054186163470149
1003,373,0.0054168738424777
599,776,0.0054121254943311
599,986,0.0054115173406898
700,948,0.0054106265306472
1106,432,0.0054096477106213
290,499,0.0054095620289444
1003,774,0.005409135017544
1003,13,0.0054090372286736
599,739,0.0054084435105323
449,1093,0.005407768767327
1106,44,0.005407671444118
17,440,0.0054069994948804
449,28,0.0054067810997366
1003,607,0.0054066088050603
291,518,0.005406298674643
1003,686,0.0054057552479207
822,407,0.0054055922664701
928,640,0.0054051359184086
1106,346,0.0054049198515713
1130,413,0.0054047214798629
1106,720,0.0054034246131777
267,882,0.0054025403223931
101,475,0.0054016490466892
449,1043,0.0054014418274164
101,954,0.0054004634730517
599,106,0.0054000313393771
1003,911,0.0053985365666449
599,363,0.0053976122289896
449,299,0.005397071596235
267,226,0.0053970227017998
1106,199,0.0053956727497279
17,833,0.0053954222239553
478,531,0.0053947828710079
928,1103,0.0053943749517202
1106,617,0.005394322797656
1106,669,0.0053938124328851
928,330,0.0053916536271572
928,719,0.0053912634029984
1003,65,0.0053897867910563
1106,170,0.0053894952870905
599,264,0.0053894575685262
928,16,0.005388849414885
599,1000,0.0053886477835476
599,575,0.0053882328793406
1106,1052,0.0053878966718912
599,1036,0.0053871627897024
928,754,0.0053861872293055
1106,608,0.0053859674371778
449,601,0.0053850761614739
290,921,0.005384371150285
290,111,0.0053822915069758
101,25,0.0053809909150004
101,510,0.0053798523731529
290,28,0.0053797201253473
822,433,0.0053793648257851
974,578,0.0053782761096954
17,478,0.00537795946002
280,400,0.0053779399022459
599,195,0.0053764837794005
599,478,0.0053753335960209
974,1056,0.0053745931945741
1003,578,0.0053744534961879
449,698,0.0053744269534945
449,65,0.0053741708397865
478,654,0.0053725545294582
478,239,0.00537243578583
1130,901,0.0053718835115432
1003,599,0.0053717787377536
290,797,0.0053714136593043
1003,927,0.0053705405443906
449,1039,0.0053694131784141
599,133,0.0053688921034336
267,247,0.0053683361038565
928,778,0.0053675551898777
267,1071,0.0053665242157876
291,479,0.0053664450533688
101,917,0.0053660497069358
928,993,0.0053658965043723
449,681,0.0053657502867281
928,328,0.0053651886992156
449,53,0.0053646238520741
17,898,0.0053637870587408
17,850,0.005363477859646
478,468,0.0053634257055819
1003,226,0.0053629330359399
974,66,0.0053626648150384
101,157,0.0053623556159436
478,312,0.0053615230135619
1106,758,0.005361390300095
1003,1053,0.0053601441904902
279,605,0.0053597129881381
928,1086,0.0053596566431224
290,400,0.0053596282377839
928,787,0.0053589940071105
1106,908,0.0053583635017275
1106,172,0.0053575877100229
290,99,0.0053575588390231
599,783,0.0053573711775243
267,478,0.0053570983000099
101,13,0.0053569013252854
599,522,0.0053561124950647
1106,794,0.0053553064353764
599,1069,0.0053542330861091
928,75,0.0053536114282906
599,1100,0.00535294925794
290,766,0.0053512980230152
1106,692,0.0053512672893702
449,48,0.0053507988341152
280,143,0.005350456573069
1003,665,0.005350059363991
290,124,0.0053491643629968
267,948,0.0053488747216761
449,206,0.0053486102260649
599,901,0.0053475056774914
599,586,0.0053473743610084
599,356,0.0053472984582185
700,341,0.0053465981036424
599,557,0.0053460039198398
101,33,0.0053447443060576
449,89,0.0053442670032382
290,91,0.0053429827094078
449,167,0.0053418460302054
101,898,0.0053415964357554
267,954,0.0053415885195136
188,137,0.005341209936887
449,54,0.0053396797738969
1003,315,0.0053394371643662
928,39,0.0053383228369057
928,42,0.0053383065387606
1003,155,0.0053380550816655
1106,362,0.0053379326127469
17,1124,0.0053352224640548
291,820,0.0053343302570283
822,766,0.0053342725150287
1130,152,0.0053336787968873
267,653,0.0053334911353886
1106,423,0.0053330780938267
449,547,0.0053322208113968
101,292,0.0053320326842367
267,523,0.005330600310117
599,533,0.0053304228931665
478,233,0.0053303041495382
1003,841,0.0053297891281545
599,1062,0.005329658742994
1106,216,0.0053295362740755
1106,1045,0.0053287930786609
599,1115,0.0053285723552107
101,10,0.0053265015594661
290,756,0.0053264745511114
1003,767,0.0053259641863405
1003,729,0.0053257644176483
17,260,0.0053256363607943
599,123,0.005325237289071
928,574,0.0053237560205161
928,917,0.0053235501982271
1106,548,0.0053233662620186
1106,361,0.0053229401819407
928,738,0.0053227096796035
267,18,0.0053220558911561
599,818,0.0053215320222079
1003,1045,0.005321373231709
101,297,0.0053209285251796
1003,704,0.0053207450546324
1106,864,0.0053204232826828
267,493,0.0053203930146992
279,223,0.0053203771822154
822,457,0.0053185131400823
599,729,0.0053163254633545
1003,408,0.0053157736547291
101,490,0.0053149387240409
822,694,0.0053148497827351
290,1086,0.0053143654949963
822,97,0.0053143254481256
267,1095,0.0053141666576266
101,718,0.0053135436028242
599,1096,0.0053132106550037
279,189,0.0053131715394556
928,388,0.005312091205269
1106,350,0.0053113135509192
267,983,0.0053108702413737
599,132,0.0053108152933418
928,1039,0.0053105494007468
928,1077,0.0053102658130228
599,753,0.005309724714607
928,148,0.0053096273913979
870,772,0.0053093964233994
928,257,0.0053085554391145
267,400,0.00530820293352
101,1011,0.0053073610179126
279,230,0.0053068320266902
449,425,0.0053063598461449
928,519,0.0053060106001794
449,927,0.0053056101314723
1130,358,0.0053047202527523
101,768,0.0053023635409772
1003,763,0.0053018522448837
267,601,0.0053007286041975
17,230,0.0053005684167146
291,596,0.0052995639853179
17,1119,0.0052992389537394
822,43,0.0052984678186476
280,718,0.0052966335788369
290,561,0.0052962345071136
928,355,0.0052959662862122
1045,1060,0.0052953618578612
1106,638,0.0052950442768633
449,259,0.0052950284443795
290,895,0.0052947252988815
822,895,0.0052942782640457
928,462,0.0052935099229216
101,591,0.005292993504554
101,907,0.0052924216724932
291,52,0.005292066372931
280,1096,0.0052909366786479
17,518,0.0052902321331202
599,1030,0.0052897129207849
267,33,0.0052889930084347
101,43,0.005287810228765
822,272,0.0052871983498334
599,645,0.0052870963700115
101,95,0.0052856933325529
449,509,0.005285678897053
17,327,0.0052842502482235
17,98,0.0052830120548605
1045,463,0.0052827792242169
291,102,0.0052825659513473
960,583,0.005282215308398
599,779,0.0052819862030446
449,238,0.0052813906222581
478,967,0.0052809100598096
1003,958,0.0052797044627368
1045,874,0.0052792779169976
928,151,0.0052788099274039
291,149,0.0052781803533434
101,516,0.0052780881524086
1003,655,0.0052768993191421
928,671,0.0052755717188119
101,357,0.0052753849886357
599,141,0.005273432470858
267,200,0.0052721896208822
267,896,0.0052707707509398
1003,89,0.0052698645740747
101,706,0.0052691828459501
449,239,0.005268923472613
267,881,0.0052687781862914
17,838,0.0052680736407637
290,1077,0.0052680480293929
101,411,0.0052658366039395
599,1067,0.0052655600011348
449,1116,0.005264863371849
290,819,0.0052647753618657
478,1048,0.0052644698880612
822,811,0.0052635441534221
599,178,0.0052635241299867
101,887,0.0052632866427302
17,556,0.0052632316946983
101,520,0.0052630621939897
1003,885,0.0052630100399255
1045,156,0.0052628740668296
17,807,0.0052623241208493
101,349,0.0052616237662732
1045,513,0.0052616051398217
449,498,0.0052615385502576
290,34,0.0052605257369577
974,986,0.0052595161832869
1003,498,0.0052594798617064
101,102,0.005259046331048
1045,964,0.0052574686706066
1106,929,0.0052554095163941
1106,610,0.0052551757544279
599,241,0.0052550458349287
928,233,0.0052543110214173
290,583,0.0052534025162458
974,761,0.0052517871372401
1106,917,0.0052515538409352
188,1005,0.0052488907240331
17,1036,0.0052482108585536
928,365,0.005247545428574
1106,549,0.0052471067756414
599,406,0.0052453470416367
290,16,0.0052429563365876
1106,96,0.0052404799498617
449,920,0.005240274593234
101,283,0.0052388906478881
17,252,0.0052370242774486
1130,793,0.0052369246259331
290,966,0.0052358624525368
599,737,0.0052355383522808
960,36,0.0052355169318616
1045,838,0.0052353595383465
279,182,0.0052346372976899
928,959,0.0052344277501106
1003,918,0.005234413780272
267,1031,0.0052341194823384
290,1033,0.0052340468391776
290,601,0.0052337069064378
822,988,0.0052319765090942
599,261,0.0052305860444903
101,488,0.005230514332652
101,565,0.0052301669493317
1045,569,0.0052266139537096
928,659,0.0052252924069762
478,686,0.0052252542227506
599,696,0.0052245468832552
1003,568,0.0052230414003133
1003,848,0.0052222139202058
1106,670,0.005221783183515
17,737,0.0052212597802281
290,760,0.0052209068089723
599,448,0.0052197300828993
449,61,0.0052196346223354
449,1105,0.0052188071422278
290,824,0.0052179503254592
290,826,0.0052179172635078
279,217,0.005217233672738
449,9,0.0052163945510983
700,680,0.0052160792984068
101,386,0.0052158944308757
928,424,0.0052148806862533
101,901,0.0052146357484161
700,1120,0.0052134026773273
1003,916,0.0052133374847471
1130,813,0.0052127982489764
822,387,0.0052114874124526
822,619,0.0052112685516476
449,632,0.0052105854265391
599,420,0.0052103912457823
822,637,0.0052098771557211
1106,941,0.0052091614343225
1130,310,0.0052089416421949
928,255,0.0052089374512434
1003,135,0.0052082771435379
101,765,0.0052081211470067
290,901,0.0052073434926569
101,991,0.0052070599049329
17,248,0.0052051725797355
599,251,0.0052048517391085
17,224,0.0052048456855118
1003,222,0.0052046463824808
290,825,0.0052046026103198
449,1040,0.0052041825838387
267,525,0.0052041597664356
101,844,0.0052033849060535
1106,122,0.0052029932849109
101,589,0.0052029057405889
290,97,0.0052026091143488
290,730,0.0052023925818502
280,6,0.0052016275003552
290,683,0.0052012717351317
17,653,0.0052008796483278
1106,938,0.005200432613492
1130,35,0.0052001876756548
449,963,0.0052000083960592
101,908,0.0052000037394464
101,638,0.0051998025737702
290,102,0.0051970067434012
599,104,0.0051965056918561
1045,421,0.0051960833370685
267,989,0.0051958444528281
599,605,0.0051950048655271
101,1084,0.0051946393214166
290,731,0.0051946295425295
1106,347,0.0051942616701126
928,769,0.005194236524403
599,726,0.0051940255798399
1106,801,0.0051938430406153
267,504,0.0051938169635832
599,516,0.0051935985684394
822,1100,0.0051929117180407
1106,642,0.0051916856318712
291,1009,0.0051913196220994
280,179,0.0051912884227931
1106,968,0.0051912534981966
188,87,0.0051911766640841
1003,669,0.0051911529153585
449,931,0.0051909768953919
449,718,0.0051907659508287
822,522,0.0051905107684433
101,741,0.0051894183270633
1003,440,0.0051887328736484
1130,737,0.0051882555708289
280,921,0.005187552422285
1003,589,0.0051873982883989
280,973,0.005187121219933
1106,420,0.0051831016317009
1045,980,0.0051829773001372
279,87,0.0051828762516379
188,485,0.005182362627238
1003,653,0.0051806773990392
870,41,0.0051802648231387
449,324,0.0051801004447042
928,813,0.0051792166195809
928,653,0.0051791630685329
449,109,0.0051785758696496
822,989,0.0051771574653685
17,217,0.0051768193952739
928,549,0.0051760468631982
599,515,0.0051758456975221
1106,705,0.0051758377812802
101,367,0.0051750596612691
101,871,0.0051750424318015
449,757,0.0051750084385275
1106,1032,0.005174356047064
1045,846,0.0051734209991991
101,738,0.0051733101718127
449,1066,0.0051731425337493
599,601,0.0051722349599003
267,1048,0.0051719970069825
1045,975,0.0051707425154745
1045,966,0.0051705189980566
478,39,0.0051705092191696
449,879,0.0051703583449125
101,782,0.0051702540367841
822,133,0.005170009098947
1003,101,0.0051689841784536
822,647,0.0051689031533896
449,1072,0.0051660854369401
1130,15,0.0051660654135048
1003,133,0.005165611859411
1003,773,0.0051655024290084
449,25,0.0051647266373038
1106,969,0.0051641589961946
822,1055,0.0051637738943099
449,140,0.0051637412980198
290,277,0.0051623708568513
478,717,0.0051617715507745
280,329,0.0051616155542433
280,183,0.0051606735214591
449,45,0.0051603652536869
101,576,0.0051595624536275
1106,718,0.005159274674952
928,750,0.0051583773456513
188,707,0.0051569119095802
1003,514,0.0051562064327299
17,817,0.0051561971195042
1003,1046,0.0051560048013925
267,468,0.0051553910598158
1106,656,0.0051550604403018
449,555,0.0051546636968851
267,1131,0.0051523195579648
1003,572,0.0051518711261451
101,549,0.0051507609896361
449,297,0.0051505183801054
449,180,0.0051498780958354
1130,369,0.0051489034667611
599,296,0.0051476377993822
1003,410,0.005147092975676
599,1113,0.0051468517631292
599,392,0.0051454761996865
17,616,0.0051454151980578
599,1112,0.0051449704915285
280,901,0.0051446170546114
101,622,0.0051446007564663
101,853,0.0051439870148897
449,1106,0.0051439399830996
870,906,0.0051434966735541
599,804,0.0051426775753498
449,463,0.0051425108686089
267,303,0.0051424065604805
449,464,0.0051418743096292
1045,509,0.0051414160989224
974,285,0.0051414067856967
1003,608,0.0051403222605586
101,9,0.0051400200463831
1045,1023,0.0051399017684161
279,224,0.0051383222453296
449,638,0.0051366728730499
1045,1020,0.0051366239786148
291,581,0.0051362877711653
599,988,0.0051357466727495
101,414,0.0051354449242353
449,911,0.0051342090591788
928,771,0.0051339580677449
101,625,0.005133606493473
291,846,0.0051332167349755
1106,349,0.0051329429261386
188,891,0.0051329247653484
822,611,0.00513218017295
1003,469,0.0051320106722414
291,74,0.0051318723708391
928,606,0.005131646990776
822,423,0.0051310937851667
290,368,0.0051303347572684
101,970,0.0051296018064022
290,288,0.0051294919103384
267,1091,0.0051287938840687
101,1044,0.0051284269429743
822,327,0.0051283221691846
449,783,0.0051280073821544
1045,1094,0.0051274867728352
290,336,0.0051274304278194
449,372,0.005127019714564
700,355,0.0051264106296002
290,439,0.005126285366714
449,634,0.0051254029385745
279,528,0.0051250401884317
960,250,0.0051249554380774
267,175,0.0051246033981442
280,840,0.0051245111972093
291,680,0.0051238941960036
267,27,0.0051232725381851
272,434,0.005122379399836
449,2,0.0051207891665399
188,887,0.0051206881180405
290,44,0.0051200622692704
1003,788,0.0051193381659686
1045,1076,0.0051188473589718
101,752,0.0051184762269258
599,965,0.0051180557347834
478,248,0.0051176883280277
449,1113,0.0051173563115298
449,131,0.0051172180101275
1106,712,0.0051162783056497
290,541,0.0051150498911738
1003,382,0.0051146987825632
101,181,0.005114025902003
700,990,0.0051139602437615
1003,306,0.0051134401001036
1106,640,0.0051121516153216
1045,25,0.0051116934046149
449,209,0.0051108319312334
1106,1055,0.0051104337908327
599,808,0.0051104044541716
449,709,0.0051103956066071
267,469,0.0051078256219625
599,703,0.0051077636890113
1003,1026,0.0051077282987535
449,705,0.0051064253784716
101,700,0.0051057059317827
449,78,0.0051052384078502
822,1056,0.0051044607535004
478,492,0.0051037832163274
822,65,0.0051036830991506
822,414,0.0051036435179412
17,707,0.005103257484734
449,588,0.0051032188348472
290,1062,0.0051016826182603
1130,174,0.0051014381460845
700,562,0.0051007983274757
101,97,0.0050999652594327
17,475,0.0050998637452721
188,487,0.0050990399904549
928,932,0.0050988937728106
1045,668,0.0050971037708222
599,343,0.0050970502197742
290,780,0.005096145439893
101,45,0.005095942877233
1106,363,0.0050956686027348
1003,1074,0.005094866733998
1045,514,0.005094769410789
928,985,0.0050942674279212
17,227,0.0050919656641781
267,266,0.0050919223576784
822,251,0.0050913300365209
974,146,0.0050913086161017
928,352,0.005091190803796
17,476,0.0050908895209431
1106,45,0.0050893342122435
279,476,0.0050889607518911
1106,1086,0.0050887917168438
101,862,0.0050883223302662
101,1043,0.0050875544548034
272,662,0.0050875074230134
291,211,0.0050870180130004
1106,274,0.0050861216150224
449,751,0.0050854091532528
822,480,0.0050837476737797
188,348,0.0050835786387324
1045,255,0.0050826454535126
928,780,0.0050818203017115
928,1128,0.005081808194518
1003,258,0.0050810035318136
290,1072,0.0050801718607544
101,922,0.0050799795426428
272,542,0.0050783841870725
1003,907,0.0050771594978868
928,881,0.00507627800107
1106,335,0.005075201857835
272,217,0.0050747580826282
928,764,0.0050747101195156
1045,270,0.0050746323540806
290,1105,0.0050742630846798
928,470,0.005074102897197
280,683,0.0050726658664643
449,1030,0.0050725974142551
101,973,0.0050723212771117
17,887,0.0050718942657113
1003,579,0.0050718169659376
928,212,0.0050711464136838
1106,429,0.0050706840120255
1003,216,0.005069684702903
101,695,0.0050696390680968
272,287,0.0050693098455667
928,596,0.005068905185908
101,1006,0.0050683291628956
290,65,0.0050667528994381
928,432,0.0050666914321482
267,17,0.0050662416033446
928,1131,0.0050656273961067
101,122,0.005065192002803
928,1022,0.005065188743174
290,233,0.0050647337920963
449,1104,0.0050645344890654
928,681,0.0050641307607293
1106,885,0.0050641130656003
1045,635,0.0050637116655707
599,933,0.0050636702217161
449,484,0.0050631193444132
449,978,0.0050623384304344
290,911,0.0050617712549865
449,541,0.0050602359697222
267,65,0.0050602303817868
101,651,0.0050589703023433
1003,587,0.0050589335151016
1106,984,0.00505878822878
291,990,0.0050579379312694
1106,1123,0.0050578378140926
101,822,0.0050576226785779
449,397,0.0050573898479342
478,923,0.0050568585284054
17,199,0.0050564650446176
822,1091,0.005055783316493
928,838,0.0050556864589452
822,891,0.0050554042682051
101,968,0.0050551709719002
101,171,0.0050550042651593
1106,385,0.0050546019338071
267,97,0.0050539174117147
1130,333,0.0050536515191197
101,347,0.0050530578009784
449,496,0.0050530089065432
928,417,0.0050517590716481
449,1022,0.00505151739344
1045,244,0.0050513390451669
279,1019,0.0050498652271926
101,243,0.0050488840788602
101,512,0.0050466600805521
290,762,0.0050465278327465
1003,779,0.0050463993102312
928,99,0.0050460966303944
449,99,0.0050457413308322
822,1049,0.0050443760119378
599,999,0.0050436574965715
291,428,0.0050430693663656
1106,171,0.0050417948514223
101,762,0.0050415331497788
101,32,0.0050397762097418
599,971,0.0050381328910589
870,839,0.0050380220636725
449,1007,0.0050376364961266
478,988,0.0050375815480947
822,406,0.0050348620861768
822,21,0.0050343605689704
101,1020,0.0050341868773102
449,1010,0.0050336341373622
928,372,0.0050335428677499
449,1027,0.0050335340201854
478,97,0.0050329337827861
101,81,0.0050327139906585
290,959,0.0050317915156483
449,630,0.0050316117703914
928,340,0.0050315465778112
267,439,0.0050314306281507
928,101,0.0050309728831052
188,378,0.0050307204946875
101,857,0.00503039220348
599,382,0.0050301793962717
700,194,0.0050301672890782
267,1032,0.0050287754274904
822,471,0.0050284620374441
280,461,0.0050283148884773
280,451,0.0050283037126064
101,382,0.0050282082520425
599,96,0.0050279200077056
291,659,0.0050270562060177
449,599,0.005026395432651
1003,44,0.0050260098651051
449,5,0.0050245258025825
290,4,0.0050234361551702
1045,1075,0.0050229919143021
101,445,0.0050222286954522
449,610,0.0050218943506479
272,377,0.0050216284580528
1045,729,0.005021315999329
17,1083,0.0050212889909744
101,115,0.0050209481269121
478,566,0.0050204643048346
1106,859,0.005017998162657
1130,930,0.0050173033960163
1045,716,0.0050169425085186
101,1124,0.0050166500732302
449,657,0.0050156158395111
1106,760,0.0050150891765952
1003,162,0.0050150789320468
267,1070,0.0050134966149926
101,38,0.0050128116272389
478,267,0.0050122132524847
290,711,0.0050112889148294
290,257,0.0050106863491237
272,563,0.0050105624832212
101,28,0.0050103017129004
267,633,0.0050099547952413
280,415,0.0050080032087862
928,50,0.0050075482577085
1003,1102,0.0050075473263859
101,630,0.0050071752630174
290,201,0.0050071594305336
1003,243,0.0050071412697434
599,930,0.0050066085532307
17,51,0.0050063948146998
1003,365,0.0050060446374118
822,657,0.0050055384635925
280,651,0.0050054350867867
1106,467,0.0050053386949002
267,777,0.0050052781589329
1045,561,0.0050050159916281
1106,514,0.005004446953535
449,860,0.005004399921745
101,616,0.0050036213360726
700,597,0.0050035277381539
928,822,0.0050034769810736
290,26,0.0050034173764288
599,291,0.0050032921135425
1106,535,0.005003260448575
101,849,0.0050028143450617
449,741,0.0050024343654513
101,323,0.0050023240037262
1045,675,0.0050023067742586
1003,545,0.0050016469322144
1003,680,0.0050014220178127
1003,560,0.0050011947751045
599,846,0.0049995491281151
1106,683,0.0049993232823908
478,777,0.0049981451593339
449,768,0.0049980981275439
101,684,0.0049977526068687
1003,248,0.0049976594746112
822,573,0.0049974475987255
290,396,0.0049968212842941
280,816,0.004996218252927
1106,849,0.0049957712180912
1003,284,0.0049953954294323
449,375,0.004995038267225
449,775,0.0049947663210332
478,18,0.0049935840070247
1003,947,0.0049899565055966
1106,782,0.0049896067939698
449,795,0.0049883006140589
449,1042,0.0049876542761921
928,755,0.0049866172485053
1003,63,0.0049861073493957
1003,1117,0.0049859164282679
280,860,0.0049856565892696
101,1075,0.0049856202676892
700,1014,0.0049846316687762
1003,939,0.0049842563457787
280,645,0.0049833599478006
1106,327,0.004983143415302
290,716,0.0049826819449663
1045,139,0.0049823084846138
928,305,0.0049817766994237
101,603,0.0049816672690212
1003,333,0.0049804863519966
449,900,0.0049801627174019
290,56,0.0049799759872257
822,73,0.0049798744730651
267,803,0.004979605320841
449,1052,0.0049787014722824
272,786,0.0049784388393163
928,277,0.0049778018146753
1003,879,0.0049776365049183
974,150,0.0049775755032896
700,685,0.0049769063480198
822,187,0.0049767401069402
290,851,0.004976665135473
1106,188,0.0049766628071665
101,301,0.004976354073733
101,889,0.0049760746769607
101,69,0.0049760472029447
928,133,0.0049753137864172
449,416,0.0049745538271963
101,957,0.0049740420654416
1003,45,0.0049737114459276
290,1089,0.0049731684848666
188,127,0.0049728192389011
822,717,0.0049724811688065
267,436,0.0049723638221621
101,740,0.0049719433300197
1106,449,0.004971595481038
188,687,0.0049710040912032
928,1098,0.0049703274853527
1045,436,0.0049702748656272
267,808,0.004970112349838
449,621,0.004969926085323
1106,264,0.0049695665948092
279,761,0.0049688518047332
599,941,0.0049686725251376
1130,266,0.00496840570122
822,174,0.004968293942511
290,1079,0.0049681812524795
291,516,0.0049675395712256
101,986,0.0049667661078274
101,714,0.0049662459641695
960,818,0.0049659409560263
928,154,0.00496461475268
267,1014,0.0049643861129879
449,486,0.0049634608440101
272,695,0.0049628373235464
449,495,0.004960716702044
280,62,0.0049605253152549
478,1051,0.0049602445214986
280,757,0.004959852900356
478,485,0.0049598114565014
290,700,0.004959721583873
822,944,0.0049563334323465
449,387,0.0049560968764126
291,453,0.004955266136676
928,663,0.004955100826919
101,600,0.0049550007097423
101,84,0.0049532484263181
1106,284,0.0049523818306624
1130,828,0.0049520120956003
101,345,0.0049517480656504
280,934,0.0049503822810947
1045,53,0.0049497080035507
290,535,0.0049489373341202
1003,358,0.0049485438503324
478,1029,0.0049484665505588
928,463,0.0049480209127068
291,569,0.0049476157873868
101,869,0.0049474765546619
17,939,0.0049469796940684
280,316,0.004946956411004
1003,718,0.0049461941234767
17,459,0.0049455459229648
291,888,0.0049447868950665
449,314,0.0049446700140833
1003,111,0.0049445969052612
449,893,0.0049438625574111
1045,720,0.0049437321722507
267,26,0.0049436297267675
1003,539,0.0049433642998337
599,955,0.0049421289004385
101,1027,0.0049420595169067
1045,530,0.0049419202841818
449,19,0.0049412441439926
291,232,0.0049410443753004
599,1008,0.0049410313367843
700,486,0.0049402266740798
280,509,0.0049401712603867
1045,135,0.004939894657582
1003,854,0.0049390844069421
449,444,0.0049377339892089
449,516,0.0049375733360648
1045,1022,0.0049374187365174
599,87,0.0049369749613106
101,615,0.0049359491094946
928,560,0.0049358387477695
449,394,0.0049358373507857
279,817,0.0049351388588547
1003,924,0.0049350126646459
101,16,0.0049349511973559
1045,985,0.0049348166212439
599,173,0.0049345842562615
1106,1108,0.0049339365214109
928,227,0.004933173302561
267,713,0.0049328668974339
267,618,0.0049327337183058
17,893,0.0049325781874358
101,937,0.0049321772530674
267,173,0.0049307169392704
1003,556,0.0049304193817079
101,258,0.0049301097169518
17,1125,0.0049289530143141
700,1025,0.004928583279252
17,786,0.0049284412525594
928,400,0.004928411450237
1106,775,0.0049281995743513
290,206,0.0049278200604021
290,673,0.0049276193603873
1106,1127,0.0049275099299848
449,696,0.0049273576587438
1003,771,0.0049270568415522
101,1016,0.0049269213341176
1106,622,0.0049243415705859
928,713,0.0049243196845054
928,981,0.0049228980205953
101,342,0.0049228090792894
449,659,0.0049225040711462
101,731,0.0049223839305341
928,559,0.0049218228086829
291,1076,0.0049212169833481
449,918,0.0049199969507753
101,1101,0.0049195126630365
280,465,0.0049194153398275
101,1059,0.0049193152226507
101,825,0.0049192430451512
1130,133,0.0049175941385328
928,1035,0.0049175806343555
267,584,0.0049173440784215
928,523,0.0049170847050845
291,700,0.0049160332418978
280,433,0.004915599245578
290,624,0.0049154767766594
290,628,0.0049153207801282
1045,579,0.0049150683917105
478,769,0.0049147242680191
188,224,0.0049143154174089
1045,704,0.0049142939969897
267,580,0.0049142632633447
700,995,0.0049139522016048
17,6,0.004912331700325
280,336,0.0049121370539069
1045,951,0.0049119549803435
599,697,0.0049111349508166
1003,752,0.0049103973433375
449,176,0.0049099340103566
700,412,0.004909265320748
267,501,0.0049089090898633
101,643,0.0049080420285463
1045,1042,0.0049073221161961
1045,870,0.0049070911481976
928,31,0.0049070422537624
822,914,0.0049070231616497
870,1021,0.0049061612226068
700,89,0.0049055549316108
17,426,0.0049043670296669
449,532,0.00490432837978
974,662,0.0049035125412046
101,548,0.0049028410576283
101,918,0.0049020256847143
822,959,0.0049008768983185
267,756,0.0049007604829967
1003,126,0.0049002636224031
449,77,0.0048993807286024
1106,372,0.0048991409130394
1045,1057,0.0048989509232342
101,555,0.0048988875932991
1106,963,0.0048988573253154
1045,294,0.0048987306654453
478,459,0.0048981392756104
17,33,0.0048972535878419
272,761,0.0048968768678605
267,689,0.0048967963084578
101,395,0.0048966309987008
290,846,0.0048958710394799
1045,948,0.0048945248126983
822,486,0.0048935622908174
1106,634,0.0048935296945273
1130,119,0.0048922672867774
478,73,0.0048915506340563
449,827,0.004891185555607
1003,337,0.0048911324702203
870,199,0.004890221171081
267,307,0.0048896255902945
449,650,0.0048886779695749
1106,538,0.004888464231044
870,136,0.0048878761008381
290,860,0.0048868274316191
449,447,0.0048864721320569
291,393,0.0048857452347874
449,121,0.0048855235800147
449,914,0.0048854574561119
870,333,0.0048842644318938
599,642,0.0048842439427971
449,303,0.0048838886432349
449,884,0.0048837149515748
449,122,0.0048834974877536
267,207,0.0048819393850862
1106,674,0.004881917964667
101,274,0.0048816977068781
101,617,0.0048812492750585
1106,1070,0.0048810797743499
928,72,0.0048802900128066
1045,547,0.0048800278455019
101,415,0.0048799570649862
267,904,0.0048787854611873
822,530,0.0048787728883326
101,277,0.0048784594982862
101,338,0.0048784338869154
188,383,0.0048779067583382
1106,70,0.0048766816034913
188,150,0.0048755714669823
1045,779,0.0048753144219517
478,832,0.0048737577162683
449,656,0.0048728818073868
290,591,0.004872694145888
290,913,0.0048722890205681
290,100,0.0048708613030612
449,13,0.0048708445392549
101,1083,0.0048699015751481
1045,440,0.0048695118166506
1106,213,0.0048690023832023
449,898,0.0048678088933229
1003,1058,0.0048676775768399
1106,1034,0.0048673748970031
599,82,0.0048672384582459
1106,446,0.0048663639463484
928,830,0.0048660901375114
267,332,0.0048652021214365
101,489,0.00486476207152
188,587,0.0048646824434399
449,173,0.0048632812686264
928,622,0.0048631681129336
101,774,0.0048624109476804
290,270,0.0048614274710416
101,412,0.0048609273508191
17,462,0.0048607843928039
101,163,0.0048593701794743
101,601,0.0048590921796858
870,283,0.0048590032383799
1045,955,0.0048589319922029
928,545,0.0048587596975266
928,433,0.004857902880758
449,887,0.0048574209213256
267,176,0.0048569766804575
101,482,0.0048564379103481
1130,2,0.0048558744601905
928,457,0.004855808801949
290,741,0.0048556756228208
1106,601,0.0048553519882261
291,351,0.0048549324274063
1106,315,0.0048548527993261
272,189,0.0048547214828431
280,725,0.0048546367324888
272,29,0.0048532742075622
1003,919,0.0048523442819714
290,425,0.0048523424193263
291,632,0.0048523051664233
101,402,0.0048518353141844
822,450,0.0048514623194932
101,771,0.0048502180725336
928,621,0.0048499670810997
290,186,0.0048497910611331
449,519,0.0048497677780687
101,693,0.0048491177149116
478,880,0.0048489635810256
290,946,0.0048485160805284
478,1090,0.0048458250239491
822,612,0.0048456648364663
1003,274,0.0048454091884195
101,154,0.004844909068197
449,781,0.0048438524827361
1130,98,0.0048426897265017
928,569,0.0048422417603433
822,489,0.0048417598009109
1106,998,0.0048410641029477
1045,1113,0.0048406869173049
700,424,0.0048406240530312
928,125,0.0048405169509351
1003,78,0.0048404145054519
960,592,0.0048403842374682
1106,1110,0.0048401029780507
928,609,0.0048398957587778
449,112,0.0048398585058748
1130,777,0.004839630331844
280,388,0.0048393937759101
960,309,0.0048384200781583
188,144,0.0048384075053036
1106,374,0.0048369686119258
1045,741,0.0048365164548158
928,115,0.0048361043445765
101,906,0.0048347800038754
449,382,0.0048346840776503
1045,5,0.0048344931565225
599,1092,0.0048341057263314
279,36,0.0048332745209336
928,228,0.0048330975696444
101,632,0.0048327092081308
290,821,0.0048323259688913
822,726,0.0048322277143597
928,802,0.004829425830394
449,1118,0.0048290342092514
101,720,0.0048288381658494
1106,191,0.0048286602832376
928,504,0.0048286523669958
290,757,0.004828586243093
17,120,0.0048281596973538
449,837,0.0048271869309246
101,1076,0.0048267776146531
290,993,0.0048260004259645
1106,526,0.004825287964195
17,1080,0.0048249140381813
291,562,0.0048248046077787
101,227,0.0048246807418763
290,75,0.0048244670033454
700,1059,0.0048242714256048
188,870,0.0048242649063467
1106,219,0.0048240670002996
1106,987,0.0048238974995911
822,189,0.0048215817660093
822,193,0.0048215445131063
290,885,0.0048215156421065
267,669,0.0048213857226073
101,1038,0.004820673726499
1106,618,0.0048205335624516
267,1109,0.0048203216865658
1130,318,0.004819989670068
1106,1093,0.0048195212148129
280,315,0.0048193675465881
17,1033,0.0048176813870668
449,1119,0.0048169302754104
101,207,0.0048159477300941
928,216,0.0048156799748539
478,758,0.0048153745010495
17,551,0.004813774023205
449,241,0.0048133712261915
1106,996,0.0048133078962564
101,1040,0.0048129693605005
478,42,0.0048121740110218
1003,69,0.0048118238337337
290,20,0.0048106452450156
599,567,0.0048106415197253
599,561,0.0048096999526023
290,121,0.0048087066970765
101,318,0.0048073213547468
599,865,0.0048069832846522
1003,799,0.0048061236739158
928,300,0.0048058182001113
478,351,0.0048054158687591
478,704,0.0048053157515823
280,1003,0.0048041483387351
822,1103,0.0048038777895271
1106,846,0.0048034284263849
1106,63,0.0048031811602413
101,1071,0.0048030749894678
928,1114,0.0048030451871454
1045,461,0.0048028593882918
101,70,0.0048011499457061
101,152,0.0048011098988354
1130,910,0.0048010065220296
101,1061,0.004800971597433
1003,871,0.0048009641468524
1106,994,0.0048008454032242
101,744,0.0048000691458582
478,131,0.0048000277020037
291,358,0.0047990637831389
599,890,0.0047990158200263
700,909,0.0047988961450755
478,618,0.004798328038305
449,247,0.004798294045031
1106,658,0.0047980081290006
1130,929,0.0047975131310522
822,727,0.0047974842600524
599,882,0.0047972705215215
101,584,0.0047967662103474
1003,553,0.0047967387363314
822,817,0.0047965198755264
599,220,0.0047964402474462
1045,981,0.004795903339982
279,878,0.00479481741786
188,496,0.0047945473343133
449,806,0.0047940579243004
449,152,0.0047939252108335
17,286,0.0047938814386725
822,761,0.0047937287017703
928,225,0.0047936192713677
928,408,0.0047933491878211
478,752,0.0047932183369994
290,653,0.0047925352118909
101,1099,0.0047912080772221
101,785,0.0047911317087709
267,905,0.0047892187722027
478,524,0.0047883475199341
1045,380,0.0047878543846309
478,536,0.0047868322581052
1003,1084,0.0047866832464933
17,308,0.0047861910425126
101,730,0.0047857980243861
700,596,0.0047855176962912
101,1112,0.0047852387651801
291,597,0.0047850366681814
267,1103,0.0047847153618931
101,405,0.0047838655300438
267,273,0.004783202894032
291,964,0.0047824569046497
1003,73,0.0047823176719248
1003,270,0.0047821756452322
1106,173,0.0047819586470723
928,600,0.0047810124233365
101,99,0.004780005197972
1003,1125,0.0047797476872801
449,572,0.0047796498984098
1003,998,0.0047796014696359
1003,285,0.0047784899361431
17,371,0.0047783921472728
101,517,0.0047783735208213
1106,354,0.0047775539569556
822,494,0.0047773960977792
1045,91,0.0047772051766514
822,389,0.0047770696692168
928,634,0.004776116926223
1106,1021,0.0047757183201611
1003,538,0.0047755069099366
1045,283,0.0047751604579389
1003,825,0.0047748782671988
188,183,0.0047745332121849
279,986,0.004774163942784
599,278,0.0047736307606101
101,829,0.0047735897824168
822,431,0.004773351829499
280,1037,0.0047731879167258
101,379,0.0047726319171488
101,867,0.0047725578770041
101,44,0.004772244952619
280,537,0.0047717611305415
280,448,0.0047716684639453
478,237,0.0047716256231069
1106,53,0.0047713280655443
700,161,0.004769783001393
1045,69,0.0047697317786514
928,1108,0.0047696423716843
290,718,0.004769345279783
822,789,0.0047689070925116
101,841,0.0047688521444797
1003,660,0.004768609534949
700,744,0.0047685541212558
101,86,0.004768100567162
101,354,0.0047679902054369
1130,665,0.0047668763436377
1106,629,0.0047665545716881
478,102,0.0047662905417382
1045,480,0.0047655501402914
1130,1030,0.0047652432695031
1003,679,0.0047647976316511
188,1013,0.0047644139267504
101,481,0.0047643720172345
279,434,0.0047643687576055
267,113,0.0047641787678003
449,769,0.0047637675888836
449,94,0.0047622802667319
101,257,0.0047622215934097
1003,39,0.004761669319123
928,68,0.004761604592204
1003,379,0.0047614560462534
928,708,0.0047614159993827
822,572,0.0047597805969417
17,521,0.0047593852505087
1003,1036,0.0047588143497705
1045,1086,0.0047586914151906
280,432,0.0047584404237568
928,994,0.0047578425146639
101,786,0.0047576096840202
449,738,0.0047574061900377
290,674,0.0047569582238793
1106,697,0.0047563915140926
1106,135,0.0047555794008076
822,720,0.0047552790492773
449,1023,0.0047551956959068
101,884,0.0047551291063427
1106,735,0.0047546946443617
290,38,0.0047545577399432
290,373,0.0047539114020764
449,228,0.0047536068595945
188,563,0.0047528399154543
290,948,0.0047521321102976
267,477,0.004752024076879
449,370,0.004751808475703
449,336,0.0047515225596725
478,519,0.0047511304728686
449,71,0.0047511057928204
1003,105,0.0047508128918707
1106,1068,0.0047501381486654
449,118,0.0047499556094408
449,984,0.0047495635226368
928,595,0.0047494140453636
1130,564,0.0047493441961705
1045,629,0.0047493111342191
928,229,0.004749100189656
1106,231,0.0047490410506725
267,927,0.0047488650307059
700,94,0.0047487751580774
188,821,0.0047484110109508
1045,256,0.0047483998350799
291,988,0.0047483774833381
928,20,0.0047470768913626
599,734,0.0047470703721046
928,492,0.0047467430122196
279,153,0.0047463770024478
1106,902,0.0047463704831898
478,507,0.0047456342726945
449,773,0.0047455541789531
449,1081,0.0047449944540858
928,186,0.0047440668568015
449,548,0.0047438368201255
1106,407,0.0047434573061764
17,695,0.0047429059632122
1003,20,0.0047424212098121
267,1072,0.0047417972236871
599,633,0.0047416388988494
1045,648,0.0047416212037205
1045,193,0.0047412668354809
478,687,0.0047411010600626
974,557,0.0047408058308064
449,799,0.0047398651950061
599,888,0.0047398516908288
1003,646,0.0047396975569427
822,839,0.0047390046529471
188,1027,0.0047389357350766
700,659,0.0047386172227561
290,919,0.004738035146147
188,522,0.0047375727444887
267,237,0.0047374069690704
822,953,0.0047373762354254
822,1005,0.0047365673817694
449,1035,0.0047365371137857
101,158,0.0047360924072563
188,809,0.0047360728494822
1106,547,0.0047345208004117
101,648,0.0047344593331217
1003,520,0.0047343848273158
928,911,0.0047340402379632
290,831,0.0047330381348729
17,971,0.0047328858636319
17,661,0.0047325426712632
599,793,0.0047323512844741
449,288,0.0047322609461843
267,306,0.0047321594320237
478,812,0.0047320430167019
267,1000,0.004731492139399
290,1023,0.0047314506955444
1003,818,0.0047308010980486
822,970,0.0047300215810537
1130,896,0.0047298539429903
928,987,0.0047298446297645
267,153,0.0047296630218625
101,288,0.0047291764058172
101,497,0.0047285621985793
478,406,0.0047284192405641
101,541,0.0047281836159527
928,97,0.0047280946746468
1106,93,0.0047272117808461
974,544,0.0047271228395402
291,1007,0.0047267531044781
449,18,0.0047265160828828
101,1024,0.0047265095636248
290,1008,0.004725650884211
1130,106,0.0047255144454538
1130,780,0.0047248220071196
290,145,0.0047247386537492
101,1039,0.0047229481860995
267,99,0.0047223940491676
291,414,0.0047222194261848
280,399,0.0047208052128553
822,724,0.0047206594608724
449,756,0.0047206138260662
1003,955,0.0047202971763908
17,772,0.004719877615571
449,934,0.0047196606174111
478,469,0.0047180443070828
101,368,0.0047171465121209
101,198,0.0047171339392662
291,262,0.0047169756144285
822,609,0.0047159418463706
870,544,0.0047157537192106
449,1006,0.0047154836356639
599,749,0.0047153397463262
290,713,0.0047132857143878
822,393,0.0047130938619375
1045,781,0.0047113746404647
101,1127,0.0047105592675507
1003,23,0.0047101508826017
1003,308,0.0047079483047127
974,92,0.0047074109315872
267,727,0.0047072172164916
267,357,0.0047070840373635
449,510,0.0047064004465937
101,683,0.0047062169760465
449,1068,0.0047061922959983
101,417,0.0047061536461114
1130,856,0.0047045750543475
101,161,0.004704491700977
822,858,0.0047043813392519
1003,922,0.0047043673694133
101,842,0.0047042137011885
101,723,0.0047037848271429
101,458,0.0047034518793225
290,927,0.0047034374438226
928,1115,0.0047032232396304
17,573,0.0047030854038894
1045,863,0.0047028954140841
1045,1062,0.0047026863321661
1003,792,0.0047019822522997
1106,1024,0.004699938930571
1106,147,0.0046989256516098
1003,923,0.004698556382209
101,1109,0.0046983859501779
822,192,0.0046978499740362
17,814,0.0046977559104561
928,940,0.0046977191232144
101,1008,0.0046966592781245
1003,661,0.004696502815932
290,536,0.0046960082836449
1106,691,0.0046957992017269
1045,325,0.0046955435536801
280,899,0.0046952716074883
101,348,0.0046951826661825
928,619,0.0046946983784437
1003,176,0.0046944543719291
449,47,0.0046937773004174
599,982,0.0046932082623243
1003,525,0.004692823626101
1130,732,0.0046928101219236
449,863,0.004692651797086
290,641,0.0046925619244575
449,174,0.0046917414292693
449,909,0.0046913456171751
1106,201,0.0046905488707125
101,602,0.0046899514272809
290,430,0.0046897921711206
101,183,0.004689781460911
928,244,0.0046882131136953
1106,370,0.004688040819019
599,129,0.0046880012378096
267,888,0.0046878824941813
279,1049,0.0046875444240868
928,613,0.0046865092590451
1003,529,0.0046863462775945
280,1092,0.0046846414916217
1106,43,0.004684564191848
1106,1102,0.0046837176196277
280,281,0.0046835411339998
291,424,0.0046832440420985
449,693,0.0046830680221319
478,712,0.0046828333288431
478,866,0.0046823504380881
1003,1115,0.0046820570714771
449,821,0.0046809753403067
101,633,0.004680810496211
267,181,0.0046807210892438
280,482,0.0046805124729871
822,908,0.004680152516812
870,383,0.0046800062991678
267,748,0.004679522011429
599,248,0.0046794991940259
1003,521,0.0046794768422842
599,859,0.0046794745139777
449,704,0.0046794386580586
1106,114,0.0046791797503829
928,90,0.0046785911545157
599,414,0.0046785166487097
291,349,0.0046782651916146
101,162,0.0046782195568084
928,102,0.0046782013960182
101,121,0.0046779075637459
291,550,0.0046771904453635
280,225,0.0046770866028964
449,12,0.0046768244355916
1130,492,0.0046754321083426
1106,619,0.0046750251203775
17,378,0.0046742632985115
101,166,0.0046742567792534
1003,1020,0.0046737692318856
1106,34,0.0046737608499825
1130,75,0.0046736672520637
928,70,0.004673225339502
267,561,0.0046728230081498
1130,392,0.0046721431426703
267,278,0.0046720169484615
267,285,0.0046719745732843
700,133,0.0046719470992684
17,213,0.0046714697964489
1106,796,0.0046710162423551
101,1005,0.0046705869026482
1106,643,0.0046704886481165
1003,564,0.0046703037805855
1045,724,0.004670207388699
478,718,0.0046697612851858
272,1005,0.0046695675700902
1106,1113,0.0046689449809491
478,573,0.0046688262373209
1003,861,0.0046685128472745
928,496,0.0046679046936333
449,708,0.0046676765196025
449,637,0.0046667945571243
599,140,0.0046665342524647
1003,407,0.0046664429828524
928,350,0.0046646925620734
1130,126,0.0046643926762044
101,206,0.0046636308543384
188,525,0.0046633896417915
449,207,0.0046632862649858
1003,421,0.0046632480807602
449,939,0.0046629202552139
960,894,0.0046624965034425
290,311,0.0046623409725725
928,1010,0.004662079270929
101,532,0.0046618520282208
101,674,0.0046618268825113
449,609,0.0046617561019957
928,972,0.0046614413149654
101,153,0.0046613411977887
101,210,0.0046606110408902
17,1090,0.0046604350209236
290,808,0.0046596825122833
1106,1080,0.0046596019528806
1003,1118,0.0046592005528509
1106,21,0.0046590217389166
599,879,0.0046588880941271
101,272,0.0046587618999183
1106,48,0.004658181220293
1106,657,0.0046581635251641
17,612,0.0046575898304581
280,249,0.004657166544348
870,327,0.0046571064740419
1106,85,0.0046562901698052
449,244,0.0046555032022297
449,452,0.0046547148376703
1045,1010,0.0046547083184123
449,364,0.0046546715311706
599,213,0.0046546575613319
279,1002,0.0046542626805603
291,404,0.0046542305499315
267,866,0.0046540186740458
822,442,0.0046538738533854
101,1095,0.0046536154113709
1130,18,0.0046528661623597
1003,98,0.0046527255326509
928,588,0.0046520018950104
267,1056,0.0046518892049789
449,164,0.0046516070142388
279,487,0.0046515567228198
928,1037,0.0046513099223375
1003,211,0.0046510500833392
1003,41,0.004650788847357
267,564,0.004650343209505
1003,970,0.0046498584561049
1003,177,0.004649534355849
822,27,0.0046495012938976
822,1018,0.0046493629924952
478,884,0.00464923446998
599,445,0.0046484982594847
822,377,0.0046482179313898
822,317,0.0046477760188281
1045,926,0.004645936191082
1106,660,0.0046435948461294
267,1114,0.0046434910036623
101,78,0.0046434183605015
1106,5,0.0046433447860181
1106,848,0.0046432674862444
279,833,0.0046432041563093
449,309,0.0046422039158642
17,226,0.0046415543183684
280,277,0.0046413694508373
870,216,0.0046412888914346
449,120,0.0046410891227424
17,839,0.0046409713104367
449,525,0.0046409117057919
1045,81,0.0046402057632803
101,463,0.0046394341625273
960,1098,0.0046393726952373
1003,932,0.0046385652385652
822,1122,0.0046381992287933
870,176,0.0046372301876544
290,68,0.0046363384462893
101,977,0.0046361023560166
478,581,0.0046358327381312
928,454,0.0046347668394446
1045,349,0.0046344622969627
599,317,0.0046343151479959
291,1071,0.0046342397108674
478,164,0.0046339719556272
101,909,0.0046337842941284
1106,759,0.0046333046630024
1003,712,0.0046331975609064
1106,684,0.0046328767202794
291,609,0.0046328459866344
290,594,0.0046326857991516
928,604,0.0046323970891535
1045,647,0.0046323323622345
1003,713,0.0046320790424942
822,594,0.0046319351531565
101,1107,0.0046319072134792
1003,1028,0.0046317931264638
188,547,0.0046311495825648
449,246,0.004630182404071
449,151,0.0046291602775454
280,1022,0.0046291039325296
1003,994,0.0046289847232401
449,841,0.0046281474642455
280,91,0.0046277153305709
291,649,0.0046276994980871
267,603,0.0046267253346741
478,142,0.0046264957636594
1106,871,0.0046260268427431
1106,164,0.004625947214663
267,158,0.0046258023940026
974,878,0.0046255504712462
1045,231,0.0046253376640379
478,280,0.0046253376640379
478,1069,0.0046243597753345
101,1068,0.0046238778159022
822,1013,0.0046236915513873
1045,468,0.0046226195991039
101,763,0.0046225152909755
101,579,0.0046220058575272
1106,22,0.0046219523064792
449,932,0.0046208519488573
449,883,0.0046202023513615
822,342,0.0046194531023502
449,926,0.0046191979199647
1106,708,0.0046187820844352
1045,192,0.0046187471598386
822,561,0.004618284292519
1106,49,0.0046181962825357
290,838,0.0046177925541996
101,1035,0.0046165827661752
449,626,0.004616423510015
280,827,0.0046162921935319
1106,263,0.0046162116341292
101,142,0.0046154079027473
449,216,0.0046152384020388
1003,544,0.0046148221008479
280,502,0.0046147243119776
101,523,0.0046145203523337
1003,666,0.0046143811196088
449,210,0.0046137031167745
1106,633,0.0046126167289912
101,1089,0.0046125622466206
1045,289,0.0046125184744596
280,976,0.0046120984479784
101,387,0.0046104802750051
290,827,0.0046100607141852
1003,372,0.0046097887679934
822,467,0.0046097822487354
449,1014,0.0046096523292362
290,620,0.0046095475554466
599,571,0.004608906339854
960,86,0.0046086055226624
478,990,0.0046081091277301
449,523,0.0046076495200395
1003,6,0.0046074436977505
280,328,0.0046067433431744
928,879,0.0046062036417424
478,774,0.0046061286702752
267,210,0.0046060406602919
1130,351,0.0046056397259235
291,853,0.0046050804667174
291,354,0.0046045985072851
928,1072,0.0046043917536735
291,222,0.0046041891910135
928,694,0.0046030189841985
599,676,0.0046026231721043
272,878,0.0046025053597986
17,198,0.0046023926697671
101,293,0.0046022799797356
280,53,0.0046019265428185
599,413,0.0046012345701456
290,702,0.004601206164807
1106,530,0.0046010678634047
280,123,0.0046010352671146
280,488,0.0045996443368494
267,717,0.0045994878746569
1106,721,0.004599442705512
101,219,0.0045988955534994
1106,451,0.0045985840260982
101,514,0.0045985267497599
822,867,0.0045972294174134
449,280,0.0045971344225108
449,481,0.004596977494657
290,238,0.0045959185808897
1106,248,0.0045955847017467
290,708,0.0045955162495374
101,891,0.0045953607186675
290,256,0.0045944019220769
280,900,0.0045942887663841
101,1103,0.0045942314900457
822,990,0.0045933322980999
449,899,0.0045932922512292
291,1048,0.0045922235585749
101,147,0.0045920549891889
291,651,0.0045917094685137
928,385,0.004591551143676
478,174,0.0045913751237094
449,995,0.0045912633650004
928,168,0.0045907460153102
291,221,0.0045895702205598
267,505,0.0045895068906247
449,108,0.0045889504253864
1003,894,0.0045888531021773
928,181,0.0045887595042586
1003,987,0.0045874896459281
822,654,0.0045874631032347
478,431,0.0045873741619288
17,392,0.0045873373746871
188,1064,0.0045870747417211
290,112,0.004586910828948
449,162,0.0045868880115449
267,75,0.0045861089602112
1045,855,0.0045860148966312
290,646,0.0045859795063734
188,1044,0.0045854519121348
291,341,0.0045853881165385
599,128,0.0045852530747652
822,995,0.0045851916074752
449,1016,0.0045851860195398
1003,791,0.0045847659930586
478,913,0.0045843445695936
822,517,0.0045839743688702
101,439,0.0045839557424187
1130,867,0.0045839198864996
101,189,0.0045832516625523
599,1019,0.0045830216258764
1106,572,0.0045811031013727
101,640,0.0045807198621332
1106,1084,0.0045807096175849
188,787,0.0045805424451828
272,223,0.0045801550149917
1130,971,0.0045795128680765
17,1063,0.0045794588513672
1106,1043,0.0045794327743351
17,416,0.0045779556967318
101,573,0.0045773973688483
928,361,0.0045770979486405
1106,943,0.004576648119837
101,245,0.0045759663917124
870,612,0.0045758839696645
17,1030,0.0045757950283586
1045,259,0.0045757638290524
290,565,0.0045755975879728
1106,105,0.0045753382146358
280,617,0.0045751677826046
1106,101,0.0045747882686555
449,328,0.0045742467045784
267,1069,0.0045742061920464
290,422,0.0045736767351627
101,815,0.0045730806887149
1003,423,0.0045729102566838
290,305,0.0045728287659585
928,973,0.0045728236436843
1003,424,0.0045721502974629
928,335,0.0045720534399151
700,129,0.0045716734603047
267,647,0.0045713251456618
1045,708,0.0045711114071309
101,781,0.0045708948746323
101,525,0.0045705181546509
101,747,0.0045701474882662
1045,1105,0.0045699323527514
928,797,0.0045694950968027
449,334,0.0045691216364502
290,418,0.004569080658257
1045,273,0.0045690429396927
1045,972,0.0045689791440963
1106,931,0.0045687346719205
101,498,0.0045680869370698
1045,372,0.0045676077716052
290,128,0.0045673968270421
101,948,0.0045673265121877
928,206,0.0045671542175114
822,783,0.0045665726065635
928,995,0.0045663914643228
290,295,0.0045662438496947
101,904,0.0045661414042115
267,67,0.0045658815652132
290,1092,0.0045656627044081
1045,553,0.0045644603669643
478,77,0.0045635597780346
928,721,0.0045634545385837
17,458,0.004563137423247
188,536,0.0045629106462001
1130,34,0.0045625041238963
101,1114,0.0045624864287674
478,1096,0.0045624217018485
700,677,0.0045623560436069
280,401,0.0045617348514497
449,825,0.0045608957298099
599,539,0.0045602698810398
449,985,0.0045602023601531
599,866,0.0045600244775414
928,763,0.0045596049167215
974,894,0.0045585702173411
449,992,0.0045581897720694
449,405,0.0045580142177641
101,1058,0.0045577050186693
928,367,0.0045574903488159
280,844,0.0045572035014629
101,256,0.004557083826512
870,925,0.0045569017529487
822,264,0.0045568374916911
17,930,0.0045562288723886
101,708,0.0045562270097434
960,415,0.0045557934790849
1106,738,0.0045554707758128
17,947,0.0045552989467978
449,17,0.0045552477240562
599,309,0.0045540304854512
928,658,0.0045522386208176
822,155,0.0045506879687309
291,64,0.004550099838525
1045,293,0.0045500635169446
1045,431,0.004549560137093
1045,284,0.0045493594370782
1045,142,0.0045482646673917
101,636,0.0045479661785066
1045,28,0.0045478027313947
1003,43,0.0045467927120625
17,1060,0.0045467130839824
928,288,0.0045464015565812
449,399,0.0045463424175977
101,614,0.0045463237911462
267,168,0.0045460131950676
928,791,0.0045459968969225
1045,56,0.004544960334897
1106,111,0.0045449528843164
822,345,0.0045447405427694
290,90,0.0045442739501595
1045,331,0.0045441519469022
449,727,0.0045441365800797
290,940,0.0045441146939992
291,429,0.0045438921079039
599,1125,0.0045428327284753
1106,777,0.0045428299345076
267,444,0.0045427228324115
1045,715,0.0045425598509609
1106,1077,0.0045421253889799
290,969,0.0045420797541737
974,87,0.0045413263142108
599,36,0.0045413118787109
478,533,0.0045410031452775
280,1131,0.0045407996512949
449,875,0.0045407772995531
1106,751,0.0045405491255223
928,493,0.0045402483083307
279,557,0.00453986460343
870,817,0.0045394981279969
928,183,0.0045392969623208
928,299,0.004539038054645
17,264,0.0045382594689726
974,817,0.0045381826348602
1045,713,0.0045379982329905
1045,99,0.004537979606539
17,829,0.0045379647053778
928,219,0.0045378310605883
822,336,0.0045377761125564
599,239,0.0045376373454928
974,1049,0.0045375959016382
599,578,0.0045373914763331
1045,397,0.0045371553860604
290,586,0.0045366999693214
870,611,0.0045364745892584
291,376,0.0045364391990005
478,1053,0.0045362561941146
101,873,0.0045360154472291
1106,731,0.0045359744690358
1130,36,0.004535642452538
822,89,0.0045352983288466
822,1127,0.0045347111299633
928,131,0.0045344242826104
291,1130,0.0045341602526605
960,961,0.0045341332443058
101,493,0.0045340983197093
267,953,0.0045323581434786
101,461,0.0045322640798985
1003,1030,0.0045322272926568
928,298,0.0045320084318518
974,272,0.0045310040004551
1106,175,0.0045297010801732
822,842,0.0045292805880308
1045,219,0.0045277117751538
599,757,0.0045271357521414
280,425,0.0045266230590641
1106,378,0.0045262887142598
928,184,0.0045262216590344
280,632,0.0045261462219059
290,1000,0.0045252852141857
960,619,0.0045248423703014
290,364,0.0045245247893035
1045,609,0.0045244595967233
478,249,0.0045242444612085
101,888,0.0045232409611344
1045,430,0.0045219892635941
700,81,0.0045218630693852
1106,1061,0.0045207128860056
1003,357,0.0045203561894595
280,363,0.0045197396539151
700,414,0.0045195519924163
449,814,0.0045193596743047
101,240,0.0045190886594355
1130,406,0.0045190663076937
1106,373,0.004519005306065
290,73,0.0045184893533587
449,629,0.0045184367336332
267,546,0.0045177568681538
1106,39,0.0045177498832345
101,570,0.0045177335850894
822,688,0.0045176050625741
101,915,0.0045175934210419
188,867,0.0045175338163971
1106,410,0.0045170453377068
494,43,0.0045155114494264
290,2,0.0045152595266699
1130,399,0.0045147784985601
17,427,0.0045128050260245
1003,249,0.0045122769661247
101,59,0.0045116464607417
1106,1099,0.0045111547224223
188,93,0.0045108092017471
822,139,0.0045105530880391
1003,385,0.0045104594901204
290,202,0.0045094252564013
822,279,0.0045093288645148
290,54,0.0045091905631124
449,928,0.0045090024359524
449,346,0.0045084292069077
700,67,0.0045083970762789
1003,472,0.0045080324634909
449,808,0.0045080222189426
1045,401,0.004507609643042
1106,892,0.0045072929933667
101,303,0.0045067607425153
928,586,0.0045064990408718
1106,924,0.0045063621364533
1106,499,0.004506233613938
870,275,0.0045060939155519
291,1025,0.0045059095136821
928,112,0.0045048166066408
974,1080,0.0045046429149806
280,1074,0.0045043998397886
1045,811,0.0045036235824227
188,594,0.0045033441856503
280,1020,0.0045031048357486
1045,567,0.0045029604807496
1106,439,0.0045027313753962
17,562,0.0045023267157375
101,254,0.0045013688504695
1045,160,0.0045013641938567
280,370,0.0045013558119535
101,138,0.0045013455674052
1045,788,0.0045013246126472
1106,421,0.0045012524351477
449,944,0.0045012030750513
1045,825,0.004500585142523
599,285,0.0045003471896052
101,177,0.0045001795515418
1003,997,0.0044994777999818
290,196,0.0044968845322728
267,524,0.0044968416914343
928,962,0.0044965962879359
822,268,0.0044965459965169
449,734,0.0044962307438254
1003,185,0.004496147390455
290,477,0.0044946623966097
101,139,0.0044936961494386
478,940,0.004493648186326
960,109,0.0044935042969882
928,751,0.0044934283941984
267,974,0.0044933264143764
101,1079,0.0044931322336196
822,1062,0.0044898106716573
1003,261,0.0044893296435475
1045,1123,0.0044886413961648
928,265,0.0044878139160573
1106,26,0.0044876807369291
928,610,0.0044874115847051
101,419,0.0044861575588583
449,385,0.0044859014451503
1045,319,0.0044856490567326
700,457,0.0044856425374746
449,945,0.00448530446738
599,126,0.0044850166887044
449,456,0.0044848485849797
928,660,0.00448446162045
291,360,0.0044838795438408
822,866,0.0044838320463895
928,886,0.0044833323918282
449,0,0.0044828760437667
1045,425,0.0044828476384282
1003,186,0.0044827559031546
928,32,0.0044827135279774
1106,392,0.0044819810427725
280,1055,0.0044812303967773
449,338,0.004481095355004
960,852,0.0044806147925555
188,836,0.0044804546050727
1106,699,0.0044802064076066
822,928,0.0044801114127039
870,746,0.004480009432882
101,663,0.0044795637950301
1106,1065,0.0044795610010623
1130,1073,0.0044793388806283
267,944,0.0044779870659112
928,589,0.0044766752980649
290,152,0.0044762794859707
1003,76,0.0044761835597455
822,76,0.0044756112620234
449,329,0.0044753137044608
188,230,0.0044748508371412
101,1074,0.0044739791192114
1003,60,0.0044736885465681
1106,841,0.0044732308015227
101,558,0.0044731511734426
928,801,0.0044726566411554
599,34,0.0044725625775754
267,1051,0.0044718952849507
290,529,0.004471811465919
1106,329,0.0044715357944369
599,116,0.0044708880595862
1106,473,0.0044708526693284
449,579,0.004470688290894
290,326,0.0044705155305564
280,290,0.0044704610481858
101,875,0.004470326937735
960,783,0.0044690687209367
290,440,0.0044685369357466
478,444,0.0044683837331831
700,408,0.0044682146981358
290,454,0.0044680018909275
928,607,0.004467075690627
290,491,0.0044660945422947
449,1033,0.0044660745188593
449,386,0.0044654216617345
1003,697,0.0044651962816715
870,947,0.0044650719501078
974,930,0.0044648279435932
1003,588,0.0044641369022428
599,1047,0.0044638803228735
1003,1090,0.0044636516831815
280,1072,0.0044630928896367
188,265,0.0044629923067986
267,1067,0.004462840501219
101,495,0.0044625662267208
599,850,0.0044610467739403
1106,461,0.0044610439799726
280,897,0.0044606337323784
449,530,0.0044605960138142
291,114,0.0044605578295886
280,730,0.0044604269787669
870,829,0.0044603389687836
449,384,0.0044602216221392
1003,663,0.004459683317691
1106,1008,0.0044592036865651
291,24,0.0044587911106646
101,935,0.0044587878510355
449,608,0.0044584963470697
599,705,0.0044569708406925
290,837,0.0044569009914994
1003,699,0.0044566369615495
478,903,0.0044565624557435
1045,117,0.0044557624496519
1106,628,0.0044555407948791
1045,141,0.0044555314816534
101,246,0.0044552022591233
1003,348,0.0044539771042764
449,664,0.0044528297148644
1045,702,0.0044524981640279
188,115,0.0044523421674966
1003,1122,0.0044519733637571
928,155,0.0044515319168567
17,156,0.0044512450695037
267,660,0.0044511216692626
1045,529,0.0044511063024401
1106,342,0.0044503947719931
290,17,0.0044501232914626
290,599,0.0044498667120933
188,602,0.0044497307389974
290,174,0.0044496888294816
101,953,0.0044495132751762
928,1063,0.0044493731111288
101,103,0.0044485433027148
267,988,0.0044481083750724
1003,11,0.0044481023214757
101,596,0.0044480883516371
1106,755,0.004447610117495
870,969,0.0044470825232565
1106,77,0.0044470191933214
1003,673,0.0044469186104834
1106,512,0.0044462685473263
17,896,0.004446258302778
101,216,0.0044458638876676
1106,234,0.0044457749463617
478,552,0.0044456608593463
928,975,0.0044456212781369
822,523,0.0044455989263951
599,668,0.004445563070476
290,897,0.0044452100992202
291,282,0.0044450089335441
1106,632,0.0044445311650633
1106,204,0.0044442303478717
928,520,0.0044439923949539
449,661,0.0044436841271817
449,965,0.0044436259195208
1045,521,0.0044435611926019
449,573,0.00444330368191
449,701,0.0044432622380554
449,742,0.0044430843554437
17,39,0.0044414135627448
449,271,0.0044411676935851
1003,281,0.0044411295093595
101,307,0.0044410033151507
870,988,0.0044408980756998
1003,530,0.0044396314769983
1045,973,0.0044392310082912
101,543,0.0044390666298568
449,294,0.0044387448579072
1045,54,0.0044379709288477
267,70,0.0044379415921866
960,169,0.0044379192404448
1045,344,0.0044378819875419
1106,599,0.0044377581216394
101,628,0.0044376878067851
928,555,0.0044375378638505
928,1070,0.0044373138807713
267,1012,0.004437074996531
279,285,0.0044368621893227
1106,575,0.0044365152716636
1003,584,0.0044363569468259
1045,942,0.0044362274929881
17,627,0.0044358866289258
101,391,0.0044358768500387
478,374,0.0044351257383823
870,254,0.0044350582174956
478,57,0.0044335541315376
291,866,0.0044332793913781
101,641,0.0044331550598144
822,263,0.0044328905642032
928,358,0.0044326619245111
290,943,0.0044326167553663
1106,930,0.0044319024309515
928,40,0.0044318316504359
17,858,0.0044313315302133
928,1021,0.0044308057986199
1106,192,0.0044307676143944
1106,979,0.0044305971823632
291,912,0.0044305734336376
1130,703,0.0044300132431089
1003,393,0.0044293375685811
290,737,0.0044292612001299
291,813,0.0044292556121945
101,311,0.0044287764467298
478,1040,0.0044283354654908
928,18,0.0044281352311372
1130,1115,0.0044275969266891
928,697,0.0044260206632316
1045,555,0.0044249701313674
267,269,0.0044244308955967
290,1109,0.0044237212277948
1003,459,0.0044229826889932
1003,590,0.0044229817576706
1106,94,0.0044228238984942
449,1098,0.0044225985184311
101,705,0.0044218879193067
928,827,0.0044213943183422
1045,279,0.0044197249226272
822,670,0.0044196988455951
478,128,0.0044193617068231
280,609,0.0044191875495016
1045,640,0.0044181961566209
449,132,0.0044177342206239
290,27,0.0044173970818519
478,317,0.004417291842401
822,998,0.0044172867201268
449,153,0.0044172094203531
928,517,0.0044171148911118
101,148,0.0044168191961944
101,51,0.0044159721583127
1003,1008,0.0044150645844638
101,686,0.0044149146415293
188,471,0.0044142324477434
280,675,0.0044136033393442
1003,965,0.0044134519994258
291,618,0.0044127129949629
449,300,0.0044118780642747
1045,172,0.0044117369689047
290,651,0.0044110920280218
1106,54,0.0044104731641709
928,55,0.0044104317203164
1003,618,0.0044097187928855
17,873,0.0044096373021602
291,633,0.0044093853794038
280,142,0.0044088214635849
1045,46,0.0044087101705372
1106,784,0.004408576991409
449,906,0.0044082822278141
1003,21,0.004407956264913
272,146,0.00440777791664
1003,490,0.0044076419435441
478,1128,0.0044061667285859
928,1068,0.0044060633517801
928,508,0.0044058887287974
101,333,0.0044057331979274
17,797,0.0044055706821382
1106,696,0.0044049890711903
1045,992,0.004404426086694
290,922,0.0044042589142918
1130,200,0.0044041029177606
291,231,0.0044036214239895
17,1005,0.0044028777629137
101,572,0.0044024460949003
17,761,0.0044015729799866
1003,949,0.0044013108126819
17,962,0.0044012744911015
188,521,0.0044007478281855
1003,873,0.0044005373492836
928,406,0.0044004595838487
928,174,0.0044001876376569
101,814,0.0043998775072395
1106,502,0.004399798810482
960,759,0.0043996605090796
1003,51,0.0043993992730975
700,904,0.0043987268581986
101,467,0.0043986798264086
1106,727,0.004398500546813
494,974,0.0043977489694952
1045,1102,0.0043975487351417
101,1088,0.0043973694555461
17,493,0.0043968148529529
101,1037,0.0043959156610071
17,689,0.0043954104185104
101,335,0.0043953312560915
700,190,0.0043951761908829
449,722,0.0043951547704637
101,979,0.0043948865495622
267,919,0.0043936721049249
822,441,0.0043921759352087
290,694,0.004392135888338
188,492,0.0043918155133724
290,207,0.0043916422873735
928,283,0.0043902122415602
101,851,0.0043898574076592
17,407,0.0043896632269024
449,400,0.0043893945403397
449,63,0.0043890681117773
267,947,0.0043890597298741
974,208,0.0043887179344892
291,997,0.0043886364437639
960,406,0.0043881768360733
267,931,0.0043880301527678
478,1071,0.0043877172283828
449,1073,0.0043876376003026
267,336,0.0043872753158211
291,305,0.004386818036437
101,1111,0.0043867868371307
1045,157,0.0043867430649697
1045,727,0.004386349581182
1045,960,0.0043861605226993
1045,646,0.0043853437528014
1106,237,0.0043851411901414
280,627,0.0043849386274814
449,215,0.0043848752975463
1106,888,0.0043845404870808
599,190,0.0043845097534358
101,653,0.0043844790197908
101,858,0.0043842438608407
928,238,0.0043841591104865
1003,577,0.0043838480487465
1003,368,0.0043838028796017
1106,458,0.0043831714428961
822,1000,0.004382983315736
449,279,0.0043826596811413
280,63,0.0043824957683682
267,766,0.0043814717791974
449,869,0.0043812482617795
1045,572,0.004380717407912
1045,950,0.0043806126341223
267,427,0.0043804496526718
449,62,0.0043803197331726
101,188,0.0043800892308354
1106,430,0.0043794927187263
449,269,0.0043793860822916
1045,587,0.0043792468495666
1045,477,0.0043792356736958
101,1010,0.0043790158815681
280,238,0.0043788929469883
280,1021,0.0043781762942671
1106,99,0.0043781250715255
928,585,0.0043780216947197
290,247,0.0043779122643172
101,506,0.0043778140097856
17,990,0.0043771625496447
101,711,0.0043769218027591
928,638,0.0043766829185187
1106,715,0.0043765581212937
494,384,0.0043761460110545
449,339,0.0043760538101196
599,960,0.0043758209794759
928,841,0.0043753124773502
17,60,0.0043751592747867
870,260,0.0043750004842877
494,233,0.0043726786971092
290,354,0.004372589290142
1106,124,0.0043724640272557
822,1060,0.0043718195520341
478,107,0.0043715797364711
101,452,0.0043715350329875
1045,201,0.0043713105842471
1045,240,0.0043705496937036
101,27,0.0043704188428819
449,941,0.0043703126721084
928,969,0.0043703084811568
449,762,0.0043698633089661
1003,867,0.0043695219792425
1106,136,0.0043687573634088
822,341,0.0043683461844921
822,768,0.0043681692332029
101,932,0.0043677641078829
17,338,0.0043676630593836
101,923,0.0043675755150616
599,208,0.0043675666674971
17,730,0.0043674684129655
101,343,0.0043674586340785
478,176,0.0043674367479979
267,824,0.004367375280708
928,449,0.0043671056628227
928,908,0.0043670046143233
478,82,0.0043668313883244
928,944,0.0043660411611199
1003,625,0.004365986213088
101,127,0.0043656197376549
1003,296,0.0043644220568239
449,1127,0.004363973159343
449,970,0.0043639387004077
822,200,0.0043632499873638
928,706,0.0043620085343718
1130,218,0.0043611377477645
822,183,0.00436109630391
290,255,0.0043605766259133
960,958,0.0043597733601927
1045,706,0.0043592676520347
1106,413,0.0043569700792431
449,854,0.0043558464385569
700,453,0.0043557649478316
17,159,0.0043556154705584
960,383,0.0043552662245929
928,1126,0.0043551558628678
17,1017,0.0043547237291932
1106,498,0.0043539376929402
494,315,0.004353845026344
1106,676,0.0043536736629903
291,669,0.0043535511940717
1003,964,0.0043535376898944
280,186,0.0043530724942684
1106,603,0.0043527577072381
1106,584,0.0043524256907403
101,262,0.0043520969338715
700,923,0.0043519749306142
1130,818,0.0043512522242963
1045,93,0.0043505490757524
1045,13,0.004350138362497
822,571,0.0043500601314008
291,601,0.0043496363796293
478,803,0.0043494054116308
267,898,0.0043493341654539
1130,1122,0.0043492927215993
291,732,0.0043492633849382
267,1030,0.0043489085510373
870,109,0.0043482384644448
449,966,0.0043474142439663
928,403,0.0043472978286445
928,865,0.0043471474200487
1045,1052,0.0043464596383273
1003,1038,0.0043463921174407
188,743,0.0043459250591695
101,75,0.0043457765132188
449,981,0.0043444307520985
1130,1031,0.0043440805748105
974,546,0.0043439948931336
272,954,0.0043437937274575
928,810,0.004343562759459
449,710,0.0043434067629277
1003,946,0.0043431976810097
279,150,0.0043430835939943
1106,286,0.0043430035002529
478,1007,0.0043422658927738
928,188,0.0043422007001936
928,766,0.0043418388813734
1106,64,0.0043416079133749
1106,511,0.0043414779938757
272,1081,0.0043408228084445
449,418,0.0043406588956713
478,1021,0.0043399259448051
1106,108,0.0043396637775003
960,35,0.0043393741361796
599,1098,0.0043389750644564
700,132,0.0043382751755416
599,1122,0.0043380493298172
478,50,0.0043374928645789
928,140,0.0043373792432248
449,242,0.0043368586339056
290,470,0.0043349456973373
494,1082,0.0043344511650502
267,556,0.0043342681601643
449,964,0.0043341843411326
449,292,0.0043338658288121
1106,647,0.0043333694338798
188,892,0.0043331868946552
101,1013,0.0043331803753972
928,443,0.0043324488215148
280,1054,0.0043319468386471
280,1053,0.0043311561457812
449,34,0.0043306085281074
267,408,0.0043303649872541
267,1010,0.004329886753112
478,283,0.004329795949161
267,61,0.0043297410011291
101,80,0.0043295565992593
1045,661,0.004329171963036
449,355,0.0043290294706821
1003,706,0.0043290089815855
1130,77,0.0043281237594783
1003,1035,0.0043278108350932
1003,160,0.0043273335322737
928,414,0.004326160531491
449,170,0.0043258643709123
290,985,0.004325027577579
928,488,0.0043249251320958
974,1002,0.0043242136016488
101,324,0.0043241595849394
928,577,0.0043235644698143
1045,923,0.0043234080076217
1045,395,0.0043232683092355
280,972,0.0043225772678852
700,569,0.0043225232511758
188,72,0.0043223653919994
101,421,0.0043212343007326
822,168,0.004319820087403
1106,747,0.0043195309117436
290,273,0.0043194917961955
280,859,0.0043193115852773
17,974,0.0043166736140847
1130,9,0.004315729252994
822,224,0.0043156445026397
1003,952,0.0043155592866241
599,314,0.0043151616118848
188,116,0.0043149092234671
188,510,0.0043148999102413
1130,578,0.0043147080577909
290,95,0.0043139322660863
1106,743,0.0043135690502822
1130,221,0.0043134959414601
17,1078,0.0043130158446729
17,23,0.0043128719553351
101,732,0.0043128300458192
101,993,0.0043117869645357
960,130,0.0043117613531649
928,1055,0.0043110870756208
822,860,0.0043110558763146
1003,594,0.0043106200173497
449,423,0.0043101101182401
928,779,0.0043095112778246
17,776,0.004309466574341
17,636,0.0043092933483421
1003,462,0.0043085808865725
478,657,0.0043081664480268
1003,161,0.004307787399739
267,108,0.0043074362911283
1106,88,0.0043073962442576
449,977,0.0043069422245025
449,457,0.0043060383759438
290,917,0.0043057235889136
449,1126,0.0043052597902715
974,90,0.0043049426749348
1003,501,0.0043048528023064
1106,875,0.004304246045649
1106,110,0.004303831141442
101,1121,0.0043037761934101
188,147,0.0043030316010117
449,788,0.004302626941353
599,834,0.0043023750185966
449,408,0.004302364308387
1106,940,0.0043018814176321
101,1009,0.0043018087744712
1045,295,0.0043015070259571
290,710,0.0043014041148126
1003,962,0.004300626926124
960,369,0.0043005594052374
822,1112,0.0043004425242543
822,956,0.0043002837337553
1106,607,0.0042998883873224
960,373,0.0042994823306798
822,579,0.0042993635870516
449,1111,0.004299305845052
960,703,0.0042990813963115
700,490,0.0042984648607671
822,67,0.0042979223653674
101,494,0.0042978771962225
478,262,0.0042976210825145
291,73,0.0042975745163857
101,442,0.0042969211935997
1045,148,0.0042963023297488
1003,1111,0.0042961770668625
101,242,0.0042958757840096
870,832,0.0042957309633493
822,286,0.0042954068630933
290,648,0.0042950082570314
449,221,0.004294155165553
1106,15,0.0042939875274896
870,519,0.0042935516685247
101,82,0.0042925965972244
960,379,0.0042917160317301
290,183,0.0042914524674415
449,589,0.0042909276671707
1003,684,0.0042901951819658
17,905,0.0042901360429823
17,1107,0.0042898976244032
101,100,0.0042893667705357
291,1018,0.0042880843393504
1003,858,0.0042880694381892
17,793,0.0042878841049969
449,130,0.0042872093617916
870,362,0.0042871222831308
17,419,0.0042862668633461
188,232,0.0042860694229602
279,566,0.0042859967797994
290,1048,0.0042858906090259
599,868,0.0042858710512518
1130,236,0.0042853844352066
822,227,0.0042852656915783
928,363,0.0042851818725466
449,574,0.0042848056182265
478,888,0.0042843148112297
822,1032,0.0042842952534556
272,286,0.0042839567176997
928,497,0.004283573012799
17,29,0.0042835110798478
822,590,0.0042826831340789
822,967,0.0042821043170988
1003,701,0.0042820200324058
478,466,0.0042819678783416
291,685,0.0042817532084882
17,1024,0.0042810551822185
1106,359,0.0042807748541235
267,152,0.0042804940603673
1003,198,0.0042804181575775
449,488,0.0042803175747394
1003,770,0.0042798211798071
290,216,0.0042794775217771
822,1051,0.0042793829925358
101,1023,0.0042786290869116
101,225,0.0042783562093973
267,54,0.0042782593518495
928,1087,0.0042763333767652
1130,58,0.0042760842479765
928,548,0.0042760032229125
290,248,0.0042757517658174
101,223,0.0042756055481731
267,936,0.0042753801681101
700,456,0.0042749689891934
928,536,0.0042746155522763
280,246,0.0042743440717458
599,222,0.0042731650173664
101,1018,0.0042730043642222
974,605,0.0042729661799967
290,1046,0.004272892139852
1106,713,0.0042726891115307
478,901,0.0042723948135972
1003,266,0.0042718155309557
478,647,0.0042713358998298
17,546,0.004271178971976
290,816,0.0042710653506219
1106,935,0.0042706378735601
267,684,0.0042704073712229
449,812,0.0042702201753854
267,413,0.0042701484635472
1045,747,0.0042696851305663
928,882,0.0042696744203567
1003,311,0.0042693484574556
291,311,0.004269128665328
822,255,0.0042686304077506
290,645,0.0042686257511377
449,662,0.0042684506624937
1106,256,0.0042670001275837
17,481,0.00426687579602
822,1131,0.0042664050124585
17,1074,0.0042663565836846
280,673,0.0042663174681365
928,1061,0.0042660720646381
291,369,0.0042657754383981
267,486,0.0042653982527554
1003,1054,0.0042647854425013
17,374,0.0042647533118724
188,805,0.0042647528462111
960,202,0.0042646056972444
1106,465,0.0042644245550036
280,292,0.0042643374763429
290,865,0.0042637716978788
599,168,0.0042633498087525
101,425,0.0042632725089788
1003,650,0.004262619651854
449,794,0.0042624068446457
822,563,0.0042613754048943
928,1016,0.0042613414116203
267,719,0.0042613269761204
17,1,0.0042613078840076
1106,1071,0.0042603574693202
290,568,0.0042599067091941
17,792,0.0042597688734531
17,315,0.0042593963444232
822,291,0.0042587653733789
1045,679,0.0042583914473652
1003,688,0.0042578815482556
267,21,0.0042575015686452
101,592,0.0042574275285005
290,830,0.0042570289224386
101,420,0.004256653599441
822,87,0.0042565618641674
267,595,0.004256373271346
1045,238,0.0042563127353787
1106,243,0.0042562657035887
290,705,0.0042562433518469
101,657,0.0042561651207506
17,859,0.0042560971342027
1106,11,0.004255888517946
101,673,0.0042557651177048
267,331,0.0042552906088531
928,617,0.0042550526559352
290,302,0.0042542763985693
17,988,0.0042538847774267
267,366,0.004253726452589
290,1014,0.0042537082917988
1106,1083,0.0042535378597676
267,124,0.0042535043321549
101,537,0.0042534968815743
960,1073,0.0042532607913017
101,20,0.0042529376223683
1045,180,0.0042525422759354
928,736,0.004252306651324
870,536,0.0042522316798567
267,820,0.0042519830167293
101,655,0.0042519536800682
449,671,0.0042517846450209
291,970,0.0042514782398939
822,17,0.0042513841763138
974,268,0.0042512477375566
101,34,0.0042508770711719
928,541,0.0042505348101258
101,459,0.0042499937117099
1106,1092,0.0042495708912611
188,768,0.0042494931258261
101,71,0.0042492048814892
1045,114,0.0042488682083785
478,361,0.0042484975419938
822,83,0.0042484793812036
1045,790,0.0042470316402614
1003,427,0.0042465259321033
1003,267,0.0042464337311685
1003,606,0.004246178548783
928,1031,0.0042460397817194
1045,389,0.0042458460666239
291,1115,0.004245719872415
267,78,0.0042457031086087
1003,54,0.0042455657385289
478,95,0.0042452258057892
822,84,0.0042450781911611
280,500,0.0042450213804841
928,253,0.0042449259199202
280,107,0.0042441100813448
290,365,0.0042438320815563
17,747,0.0042433757334947
1045,64,0.0042433426715433
700,650,0.0042432420887053
822,398,0.0042431629262864
280,1046,0.0042429636232554
17,36,0.0042426399886608
599,24,0.0042426059953868
1130,1048,0.0042420546524226
960,264,0.0042419317178428
290,469,0.0042417868971824
478,253,0.004241369664669
291,240,0.0042412555776536
1106,874,0.0042410334572196
1106,271,0.0042410041205585
17,1049,0.0042399014346301
101,978,0.0042396220378577
1003,9,0.0042395978234708
822,698,0.004239157307893
928,729,0.0042381645180284
290,1101,0.0042379037477076
1106,351,0.0042378944344818
1003,705,0.0042376769706606
101,645,0.0042374948970973
290,147,0.0042374087497591
822,71,0.0042368695139884
267,581,0.0042368099093437
1045,456,0.0042360518127679
290,297,0.0042359861545264
290,85,0.0042356504127383
478,81,0.0042356285266578
974,805,0.0042344904504716
1003,240,0.0042336178012192
928,104,0.0042330366559326
1045,1047,0.0042323414236307
494,99,0.004232307896018
928,821,0.0042316224426031
188,788,0.0042312927544116
101,675,0.0042311269789934
960,820,0.004231069702655
1045,164,0.0042306212708354
1106,215,0.0042305802926421
928,1116,0.0042304685339331
928,262,0.0042303069494664
449,98,0.0042299726046621
599,310,0.004229444079101
1003,552,0.0042286906391382
280,867,0.0042286082170903
291,946,0.004228513687849
1003,670,0.0042283828370273
101,710,0.0042277979664504
280,204,0.0042276955209672
17,647,0.0042270733974874
1003,936,0.0042267679236829
870,236,0.0042266314849257
960,490,0.004226628690958
1045,390,0.0042264871299266
1106,203,0.0042239241302013
290,869,0.0042235702276229
928,83,0.0042234007269144
928,316,0.0042231022380292
1045,864,0.0042227683588862
1045,387,0.0042227529920637
870,886,0.0042224521748721
822,1124,0.0042223548516631
1045,670,0.0042214072309434
291,145,0.0042212703265249
101,662,0.0042212437838315
449,996,0.0042211133986711
101,229,0.0042205853387713
1045,671,0.0042203082703053
101,1094,0.0042202211916446
101,448,0.0042197741568088
17,317,0.0042196251451969
101,689,0.0042195064015686
17,952,0.0042190579697489
1003,853,0.0042188703082501
291,909,0.0042181629687547
290,62,0.0042173657566308
280,88,0.004215657711029
1106,348,0.0042153289541602
822,534,0.0042149624787271
267,103,0.0042147412896156
449,627,0.0042145890183746
290,1052,0.0042136637493968
1130,267,0.0042135240510106
1003,115,0.0042132497765123
101,231,0.0042130765505135
101,85,0.0042130080983042
449,809,0.0042127184569835
1106,397,0.0042125689797103
101,341,0.0042121359147131
700,526,0.0042117820121347
280,895,0.0042117089033126
1130,1034,0.0042113438248634
290,1031,0.0042110509239137
822,1083,0.0042103887535631
267,10,0.0042100343853235
290,1006,0.0042095244862139
1106,1026,0.0042087915353477
1106,1078,0.0042083952575922
822,777,0.0042081251740455
1045,725,0.0042076790705323
928,760,0.0042073400691151
1106,576,0.0042071207426488
478,1028,0.0042062499560415
1106,568,0.0042056711390614
1045,1043,0.0042050648480653
291,181,0.004204973578453
1106,7,0.0042049563489854
449,748,0.0042045628651976
101,1072,0.0042043719440698
188,489,0.0042043179273605
1045,510,0.0042035011574625
101,275,0.0042034056968986
928,774,0.0042031160555779
1003,269,0.004202889278531
449,917,0.0042006131261587
101,577,0.0041997237130999
928,514,0.0041995607316493
290,134,0.0041992156766355
1003,262,0.004199135582894
1045,1078,0.0041985078714787
290,844,0.0041977493092417
101,64,0.0041965916752815
449,938,0.0041964394040405
17,251,0.0041963681578636
928,1127,0.0041962461546063
1106,20,0.0041961292736232
1106,406,0.0041957744397223
1003,1103,0.0041956137865781
290,981,0.0041954480111598
290,890,0.0041949255391955
1003,951,0.0041944687254726
822,408,0.004194454755634
101,719,0.0041943271644413
101,271,0.0041942899115383
478,74,0.0041925529949367
1045,851,0.0041918996721506
822,744,0.0041914163157343
101,359,0.004191399551928
290,907,0.0041913776658475
290,313,0.0041906866244971
101,540,0.0041902470402419
291,266,0.0041899131610989
1003,1097,0.0041888733394443
1106,960,0.0041878819465637
188,574,0.0041875294409692
290,144,0.0041867597028613
280,764,0.0041866488754749
960,1009,0.0041865776292979
1106,614,0.0041862735524773
101,925,0.0041851396672427
1045,356,0.0041850768029689
1003,569,0.0041839904151856
928,533,0.0041839340701699
17,389,0.0041834292933344
478,938,0.0041824453510344
272,772,0.0041821138001978
17,1064,0.004181879106909
280,875,0.0041817184537649
700,1008,0.0041811019182205
449,1028,0.004181086551398
1003,802,0.0041809724643826
1130,990,0.0041808793321251
267,1064,0.004180752672255
928,128,0.0041805077344179
478,145,0.0041804369539022
101,1098,0.0041795540601015
1130,451,0.0041792746633291
928,482,0.0041791298426687
822,394,0.0041788723319768
290,697,0.0041780271567404
870,235,0.0041778250597417
449,51,0.0041777361184358
1106,563,0.0041770180687308
101,846,0.0041762217879295
1045,961,0.0041753370314836
101,55,0.0041751670651137
101,87,0.0041750119999051
822,295,0.0041748057119548
1106,115,0.0041746995411813
1003,1113,0.004174442961812
700,431,0.0041743908077478
700,955,0.0041739819571375
291,72,0.0041737360879778
478,589,0.0041737332940101
449,686,0.0041735670529305
822,564,0.0041734431870281
101,1028,0.0041731796227395
1130,824,0.0041730944067239
1106,220,0.0041730725206434
449,401,0.0041724988259375
478,611,0.0041724718175828
101,426,0.0041722739115357
290,945,0.0041712913662195
290,22,0.0041712648235261
101,501,0.0041706440970301
1106,261,0.004170489963144
870,393,0.0041698710992932
1003,508,0.004169397521764
822,791,0.0041693355888128
478,583,0.0041686394251883
280,567,0.0041681639850139
267,878,0.0041678622364997
1130,533,0.0041663497686386
478,47,0.0041662440635263
101,848,0.0041656857356429
1045,195,0.0041655083186924
928,584,0.0041653313674032
1003,846,0.0041650547645986
1130,383,0.0041649318300187
267,880,0.0041643688455224
1003,603,0.00416423054412
870,1124,0.0041641951538622
1106,827,0.0041638794355094
478,1131,0.0041633956134319
17,369,0.0041626882739365
1003,1070,0.004162601660937
1045,108,0.0041619534604251
101,588,0.0041618049144744
599,950,0.004161462187767
1045,767,0.0041613285429775
17,293,0.0041611366905272
291,746,0.0041610128246247
478,726,0.0041600288823246
1106,909,0.0041586426086723
291,752,0.0041585816070437
478,327,0.0041580288670957
1045,413,0.0041577871888875
101,865,0.0041575767099857
290,204,0.0041574765928089
1106,1012,0.0041574100032448
1106,1069,0.0041574100032448
290,698,0.004157091025263
267,754,0.0041563031263649
101,639,0.0041562034748494
267,324,0.0041561461985111
101,409,0.0041560167446732
1045,927,0.0041551096364855
290,262,0.0041548875160515
599,652,0.0041548302397131
267,670,0.0041546458378434
449,1122,0.00415427563712
290,31,0.004153967835009
449,787,0.0041536181233823
101,239,0.0041535347700119
17,611,0.0041534774936735
290,88,0.0041530872695147
272,891,0.0041528278961777
267,860,0.0041522700339555
267,216,0.0041522691026329
188,745,0.0041521154344081
449,277,0.0041518933139741
280,203,0.0041515864431858
101,321,0.0041513992473483
1130,337,0.0041510490700602
188,903,0.0041506001725792
974,487,0.0041502807289361
449,615,0.0041495529003441
290,348,0.0041488842107355
101,1129,0.0041486802510917
928,96,0.0041486383415758
1003,25,0.0041484795510768
101,1125,0.0041480171494185
290,875,0.0041479491628706
449,1077,0.004147891420871
101,336,0.00414753658697
1003,745,0.0041457838378846
290,991,0.0041454271413385
1130,269,0.0041451677680015
1130,226,0.0041442392393946
280,642,0.0041438834741711
1106,1082,0.0041437065228819
960,1101,0.0041436306200921
1045,70,0.0041435682214796
188,823,0.0041425703093409
1003,849,0.0041424599476158
188,323,0.004142184741795
267,677,0.004142134450376
188,590,0.0041419919580221
267,614,0.0041408068500459
822,711,0.0041407509706914
822,882,0.004140542820096
1003,814,0.0041401498019695
494,726,0.0041400748305022
449,342,0.0041399342007935
960,546,0.0041398988105356
267,658,0.0041395463049411
478,486,0.0041394610889256
1003,1021,0.0041393674910068
280,173,0.0041389828547835
478,453,0.004138640128076
960,831,0.0041386191733181
1106,1042,0.0041385265067219
1003,1079,0.0041384976357221
928,1099,0.0041382946074008
822,1115,0.0041380058974027
17,266,0.0041378354653716
1045,914,0.0041377772577106
928,319,0.0041373325511813
1045,953,0.0041372347623109
1045,177,0.0041370191611349
449,892,0.0041368915699422
280,874,0.0041367071680724
101,473,0.0041366629302501
478,754,0.0041358773596584
449,348,0.0041354871354997
101,58,0.0041346191428601
478,133,0.0041344971396028
1106,873,0.0041341977193951
1003,405,0.0041340845637023
290,789,0.0041340547613799
974,563,0.0041338852606713
449,847,0.0041337148286402
599,47,0.0041335062123835
1106,925,0.0041323821060359
101,773,0.004132249392569
1106,714,0.0041319238953292
1003,543,0.0041318316943943
1045,1106,0.0041317995637655
291,176,0.0041317245922982
599,620,0.004130742046982
478,207,0.0041306242346763
101,890,0.0041305287741124
928,998,0.0041301236487925
1045,721,0.0041299029253423
928,888,0.004129902459681
17,88,0.0041298083961009
267,720,0.0041295387782156
700,620,0.0041292980313301
1045,835,0.004129294771701
974,600,0.0041283858008682
291,27,0.0041274172253906
267,606,0.0041272561065852
280,1100,0.004127234686166
101,704,0.0041264500468969
1106,324,0.0041261939331889
870,554,0.004126142244786
822,132,0.0041256938129663
267,656,0.0041254647076129
822,146,0.004125328734517
449,331,0.0041244877502322
267,104,0.0041244206950068
700,154,0.0041237832047045
267,649,0.0041235876269638
101,432,0.0041233557276427
822,376,0.0041230665519833
822,163,0.0041230656206607
272,137,0.0041222646832466
101,590,0.0041221929714083
1106,1130,0.0041219945996999
1045,409,0.0041215694509446
449,845,0.0041214334778487
267,1,0.0041213668882846
1003,303,0.0041212658397853
478,403,0.0041211997158825
1106,653,0.0041210302151739
449,8,0.0041208751499652
101,712,0.0041205752640962
449,317,0.0041202963329851
478,391,0.0041202777065336
449,1024,0.0041196625679731
928,737,0.0041192346252501
478,635,0.0041191657073795
928,267,0.0041191396303474
1045,1004,0.0041189640760421
928,86,0.004118712618947
494,218,0.0041183088906109
1106,981,0.0041179610416293
870,635,0.0041177673265337
1003,827,0.0041176257655024
449,861,0.0041174660436809
267,701,0.004117336589843
1106,887,0.0041167982853949
1045,1089,0.0041163801215589
290,151,0.0041161468252539
17,402,0.0041160336695611
291,105,0.0041158171370625
291,890,0.004115788731724
1106,270,0.004115782212466
928,1045,0.0041153491474688
478,244,0.004114681854844
449,714,0.0041144648566842
700,661,0.0041143712587654
928,94,0.004114125855267
870,153,0.0041138930246233
1106,229,0.0041138152591884
928,431,0.0041134147904813
101,1021,0.0041128545999526
822,661,0.0041126208379864
101,1070,0.0041125398129224
101,168,0.0041123847477138
267,276,0.0041121868416666
960,462,0.0041121859103441
1106,222,0.0041120867244899
449,660,0.0041109719313681
267,771,0.0041108797304332
1045,1079,0.0041105486452579
267,702,0.0041102617979049
478,281,0.0041101002134382
290,284,0.0041096238419413
1106,856,0.0041094026528298
1045,857,0.0041092103347182
188,1042,0.0041084364056587
478,908,0.0041083013638854
1106,189,0.0041079223155975
101,994,0.0041069309227168
449,535,0.0041065225377678
1045,673,0.0041062654927372
101,876,0.0041059274226427
188,1090,0.0041055199690163
1130,249,0.0041052289307117
188,922,0.0041049891151487
478,246,0.0041044754907488
928,468,0.0041043874807655
267,309,0.0041042058728635
267,530,0.0041037662886083
101,232,0.004103441722691
267,4,0.0041033988818526
1045,717,0.0041033937595784
494,307,0.0041033229790627
928,45,0.004103114362806
449,504,0.0041022398509085
1045,404,0.0041021844372153
101,90,0.0041017923504114
1003,731,0.0041017364710569
449,322,0.0041015367023646
822,362,0.0041013350710272
101,1045,0.0041012912988662
928,1017,0.0041010836139321
101,863,0.0041008577682077
267,373,0.0041003734804689
1130,291,0.0041001234203577
449,1048,0.0040996777825057
449,226,0.0040991748683154
928,438,0.004098689649254
1045,869,0.0040982556529343
280,915,0.0040979688055813
1130,999,0.0040979324840009
928,1073,0.0040976391173899
1106,283,0.0040975641459226
290,904,0.0040971064008772
290,558,0.0040968917310237
290,1118,0.0040968167595565
17,254,0.0040963571518659
101,135,0.0040962873026728
1045,688,0.0040962151251733
928,873,0.0040956768207252
822,602,0.0040954514406621
960,513,0.0040951715782284
449,994,0.0040951413102447
17,4,0.004094744566828
599,1007,0.0040945960208773
449,318,0.0040945797227323
449,192,0.0040943147614598
280,542,0.0040937163867056
478,330,0.004092953633517
822,1020,0.0040927133522927
280,417,0.0040923575870692
101,826,0.0040917540900409
1045,188,0.0040917196311056
267,258,0.00409069750458
478,674,0.0040899314917624
1045,184,0.0040895706042647
1106,16,0.0040895421989262
928,171,0.0040894635021686
290,12,0.004089250229299
101,120,0.0040888227522373
290,717,0.0040886746719479
1130,619,0.0040885405614972
822,437,0.0040871119126677
1106,853,0.0040871012024581
290,882,0.004086828790605
1045,1109,0.0040867179632186
449,1071,0.0040864129550755
1106,133,0.0040860665030777
267,1097,0.0040850122459232
928,590,0.0040841661393642
280,167,0.0040840408764779
599,404,0.0040837381966412
1045,1011,0.0040836832486093
1003,170,0.0040833605453372
1106,764,0.0040830932557582
290,139,0.004082721658051
101,688,0.0040819938294589
1106,630,0.0040819710120558
291,1027,0.0040818937122821
1106,574,0.0040814685635268
267,13,0.0040811961516737
1106,959,0.0040807905606925
1045,849,0.0040806937031447
478,199,0.0040805172175168
291,778,0.0040800180286169
700,444,0.0040794438682496
101,746,0.0040792389772832
1106,646,0.004078737925738
928,13,0.0040786103345453
1003,255,0.0040785246528685
1003,702,0.0040775737725198
1045,317,0.0040775067172944
960,892,0.0040773577056825
449,1021,0.0040773288346827
449,526,0.0040771458297967
1130,645,0.0040765320882201
928,210,0.0040765288285911
822,262,0.0040758242830634
960,987,0.0040755947120487
101,79,0.004075295291841
17,128,0.0040748920291662
449,133,0.004074013326317
188,1080,0.0040738894604146
1045,714,0.0040738540701568
1130,672,0.0040737749077379
1003,764,0.0040734424255788
267,883,0.0040731965564191
478,881,0.0040728682652115
822,862,0.0040728319436311
1045,593,0.0040726400911808
267,928,0.0040722810663282
822,1044,0.0040722317062318
449,651,0.0040719648823142
290,709,0.0040718354284763
1045,907,0.0040716626681387
1106,881,0.0040713082998991
870,996,0.0040705110877752
1003,479,0.0040703606791794
291,1031,0.0040700412355363
188,1104,0.004069750662893
928,897,0.0040690647438168
1045,772,0.0040684663690626
17,153,0.0040679653175175
267,93,0.0040674386546015
291,1000,0.0040670670568943
599,35,0.0040669064037501
1003,864,0.0040656682103872
1045,362,0.0040656621567904
449,373,0.0040654982440173
267,203,0.0040654623880982
290,142,0.0040653487667441
272,224,0.004064607899636
1106,37,0.0040645655244588
822,915,0.0040644905529916
101,401,0.004064202774316
279,308,0.0040638078935444
1106,631,0.004063369706273
960,501,0.0040633562020957
1003,244,0.0040632998570799
478,1122,0.0040623750537633
1045,982,0.0040620686486363
1106,1044,0.0040613571181893
101,676,0.0040611661970615
101,160,0.0040603810921311
17,218,0.0040602544322609
267,718,0.0040602409280836
1045,760,0.0040601696819067
822,346,0.0040596630424261
101,447,0.0040596057660877
449,1004,0.0040594544261693
1045,649,0.004059063270688
280,164,0.0040589985437691
291,587,0.0040581673383712
267,222,0.0040580411441624
478,935,0.0040580229833722
267,338,0.0040577412582933
290,452,0.0040576262399554
267,389,0.0040573347359895
449,521,0.0040566055104136
101,396,0.0040558609180152
478,964,0.0040557398460805
291,564,0.004055549390614
1003,196,0.0040554436855018
449,763,0.0040553323924541
1045,632,0.0040550734847784
700,291,0.004054975695908
1003,166,0.0040547759272158
101,390,0.0040546068921685
928,561,0.0040542818605899
1045,900,0.0040538012981414
188,475,0.004053589887917
928,931,0.0040529808029532
1106,257,0.0040527861565351
822,380,0.0040521500632166
101,491,0.004052136093378
1106,437,0.0040520522743463
822,598,0.0040519414469599
101,440,0.0040517044253647
928,249,0.0040516024455428
1045,4,0.0040512355044484
1003,983,0.0040511051192879
267,811,0.0040503637865185
17,605,0.0040501584298908
1106,33,0.0040497835725545
1045,897,0.0040497705340385
1045,522,0.0040495777502655
822,194,0.0040495707653462
449,960,0.0040495195426046
280,873,0.0040494045242667
1045,666,0.0040492401458323
1106,140,0.0040488918311893
449,14,0.0040476517751812
1003,138,0.00404765130952
928,172,0.0040475535206496
1106,579,0.0040472531691193
267,801,0.0040472452528774
101,192,0.004046858754009
1045,945,0.0040467451326549
101,468,0.0040460899472236
449,840,0.0040455576963722
974,1090,0.0040455288253724
280,213,0.0040452764369547
449,70,0.0040445392951369
928,7,0.0040444475598633
17,891,0.0040444219484925
928,1096,0.0040443311445415
291,1067,0.0040437709540128
1106,865,0.0040437127463519
449,483,0.004043664317578
449,766,0.0040433737449347
1003,783,0.0040432959794998
290,168,0.0040428396314382
599,926,0.0040422794409096
188,51,0.0040420275181531
928,734,0.0040419939905405
1045,734,0.0040418724529445
291,796,0.0040418710559606
17,232,0.0040411395020782
101,760,0.0040406049229204
1003,1031,0.0040396898984909
1106,1097,0.0040393355302512
960,477,0.0040389304049313
1130,341,0.0040379692800343
1106,452,0.0040379376150667
1106,405,0.0040376605466008
290,801,0.0040370975621044
449,91,0.0040368419140577
928,795,0.0040365774184465
960,235,0.0040365285240113
17,1100,0.0040362165309488
279,578,0.0040356717072427
280,698,0.0040356526151299
291,373,0.0040355436503887
449,1045,0.0040353187359869
478,919,0.0040348707698285
449,668,0.0040347487665712
280,365,0.0040345089510083
1045,803,0.004034427460283
478,161,0.0040342910215258
101,375,0.004033874720335
822,492,0.0040337401442229
267,487,0.0040334998629987
17,343,0.0040333527140319
928,231,0.0040333145298063
449,958,0.0040329578332602
1106,869,0.0040323650464415
1106,251,0.0040322849527001
928,625,0.004032249096781
449,414,0.0040322011336684
449,337,0.004032181110233
290,481,0.0040318947285413
928,437,0.004031709395349
17,566,0.0040316428057849
822,630,0.004031372256577
928,773,0.0040312581695616
822,889,0.0040311072953045
928,857,0.004031017422676
1045,928,0.0040308614261448
449,494,0.0040304167196154
1106,936,0.0040302984416484
101,903,0.0040299133397638
1003,1085,0.0040297983214259
1045,376,0.0040294076316058
290,362,0.0040293829515576
822,847,0.0040291114710271
290,198,0.0040288930758833
960,58,0.004028848838061
478,183,0.0040285340510308
1106,771,0.0040281852707266
280,340,0.0040281298570334
449,819,0.0040281289257109
101,754,0.0040276595391333
101,981,0.0040269261226058
1003,787,0.0040264651179313
449,211,0.0040264329873025
1106,1085,0.0040262709371745
291,263,0.0040257694199681
1045,17,0.004025443457067
290,1098,0.0040253815241158
478,185,0.0040252800099551
928,144,0.004025274887681
1130,442,0.004025206901133
279,252,0.0040251952596008
267,785,0.0040247528813779
478,501,0.004024445079267
494,242,0.0040241936221718
1003,793,0.004024039953947
290,593,0.0040236464701592
449,952,0.0040234047919511
290,1094,0.0040233740583062
290,957,0.0040229149162769
960,580,0.0040227444842457
101,961,0.0040226625278592
101,650,0.0040225307457149
272,544,0.0040224692784249
101,1097,0.0040223384276032
267,164,0.0040221405215561
291,340,0.0040217372588813
960,1115,0.0040211202576756
290,1055,0.0040210923179984
449,673,0.004020407795906
1106,301,0.004020282998681
291,269,0.0040201945230364
928,840,0.0040199821814894
290,598,0.0040198760107159
449,448,0.004019824322313
267,599,0.0040194396860897
1003,893,0.0040193325839936
1045,118,0.0040187505073845
478,896,0.0040186620317399
267,853,0.0040184506215155
291,35,0.0040182960219681
1106,245,0.0040182257071137
1106,652,0.0040180874057114
101,410,0.0040169092826545
290,699,0.0040161539800465
101,107,0.0040160054340958
449,505,0.0040157213807106
870,389,0.0040157185867428
928,652,0.0040156510658562
974,522,0.0040149674750864
17,979,0.0040138214826583
478,1127,0.0040136729367077
449,616,0.0040132305584847
17,337,0.0040130768902599
494,651,0.0040130703710019
599,159,0.004012010525912
101,749,0.0040118745528161
822,445,0.0040110703557729
700,237,0.0040109669789671
449,717,0.0040107383392751
101,1123,0.0040102233178913
1003,347,0.0040084403008222
1045,1085,0.0040083355270326
449,380,0.0040082004852592
449,79,0.0040077893063426
17,253,0.0040076794102787
280,134,0.0040075494907796
478,429,0.0040074624121189
290,135,0.0040071210823953
290,815,0.0040070237591862
822,616,0.0040069231763482
822,258,0.0040064542554318
449,195,0.0040064468048512
1045,333,0.0040056775324046
928,657,0.0040045315399765
1130,941,0.004004109185189
1003,877,0.004004050977528
290,532,0.0040038847364485
279,850,0.0040037608705461
478,75,0.0040037278085947
101,912,0.0040031392127275
822,18,0.0040024551562964
1106,740,0.0040024537593126
1106,97,0.0040016481652855
1130,894,0.0040010227821767
280,689,0.0040009212680161
599,546,0.0040008383803069
494,1056,0.0040007308125495
291,904,0.0039994190447032
290,486,0.003999357111752
291,551,0.0039991210214793
188,1021,0.0039988872595131
101,159,0.0039988718926906
449,311,0.0039987843483686
101,319,0.0039986646734178
928,373,0.0039985636249184
1045,785,0.0039981636218726
870,687,0.003997856285423
1003,451,0.0039977231062948
1106,602,0.0039971293881535
188,1011,0.0039965957403182
870,286,0.0039961696602404
267,51,0.0039961584843695
267,284,0.0039961440488696
1003,822,0.0039961240254342
101,687,0.0039959670975804
1045,753,0.0039956350810825
449,330,0.0039954953826963
291,707,0.0039952611550688
290,78,0.0039950357750058
449,551,0.0039947591722011
1003,523,0.003994321450591
17,444,0.003994193393737
280,559,0.0039940285496413
1106,1128,0.0039932481013238
1045,1083,0.0039926208555698
1106,236,0.0039925137534737
17,672,0.0039917076937854
280,624,0.0039916555397212
188,361,0.0039909351617097
101,306,0.0039904983714222
188,391,0.0039900629781186
928,1076,0.0039896992966532
1003,443,0.0039896490052342
822,776,0.0039894245564937
290,370,0.0039890799671411
1045,1003,0.0039888280443847
280,220,0.003987624309957
822,1078,0.0039876019582152
290,464,0.0039864839054644
960,228,0.0039863837882876
449,203,0.003985958173871
1003,866,0.0039858981035649
101,263,0.0039849588647484
267,920,0.0039843074046075
17,822,0.0039841439574956
449,823,0.0039841397665441
870,493,0.0039836894720792
870,439,0.0039835339412093
1045,573,0.0039833257906138
101,1062,0.0039828764274716
822,663,0.0039826957508921
272,986,0.0039825085550546
1003,220,0.0039822608232498
17,749,0.0039820298552513
267,582,0.0039819753728806
1106,92,0.0039818687364459
870,296,0.0039812382310628
1045,472,0.0039812005124986
700,1056,0.003981034271419
1106,952,0.0039808927103877
449,293,0.0039798687212169
822,690,0.0039795329794287
1106,396,0.0039794365875422
449,26,0.0039788358844816
928,855,0.0039788014255464
822,367,0.0039783213287591
267,759,0.0039778142236173
928,603,0.0039775064215064
1003,332,0.0039774156175553
17,872,0.0039768540300428
1130,602,0.0039766472764313
700,573,0.0039765713736414
101,519,0.0039761578664183
280,175,0.0039758826605975
290,733,0.0039754230529069
267,789,0.0039753797464072
290,473,0.0039753690361976
478,1100,0.0039752214215695
1106,779,0.0039748675189912
280,553,0.0039747511036694
449,32,0.0039743543602526
960,586,0.0039738756604492
928,214,0.0039734565652906
700,1103,0.00397305842489
928,59,0.0039730286225676
267,155,0.0039724553935229
449,684,0.0039719929918646
449,950,0.0039719487540423
1003,1042,0.0039714323356747
290,1057,0.0039714211598038
822,95,0.0039710248820483
1130,208,0.0039709899574518
291,383,0.0039708265103399
280,221,0.0039707981050014
700,698,0.0039699422195553
1106,352,0.0039697480387985
267,571,0.0039696739986538
280,240,0.0039690183475613
1130,3,0.0039689918048679
267,799,0.0039689633995294
101,492,0.0039685000665485
101,660,0.0039684134535491
101,529,0.0039683110080659
280,535,0.0039675091393291
188,628,0.0039674937725067
928,1129,0.0039671850390732
1003,227,0.0039668232202529
960,677,0.003966552671045
449,802,0.0039658015593886
290,39,0.0039657978340983
267,598,0.0039655584841966
478,211,0.0039654304273426
478,378,0.0039648856036365
449,719,0.0039648730307817
1003,1043,0.0039646327495574
449,159,0.003964262548834
280,604,0.0039638830348849
1045,719,0.0039636376313865
1003,210,0.0039627072401344
290,729,0.0039623128250241
1106,890,0.0039622080512344
280,622,0.0039618806913495
290,162,0.0039610778912901
449,508,0.0039608497172594
1045,531,0.0039606438949704
449,533,0.003960580099374
928,572,0.0039604250341653
1106,41,0.0039602727629244
1045,517,0.0039597018621861
494,362,0.0039595174603164
449,436,0.0039588334038853
1003,22,0.0039587067440152
280,257,0.0039576734416186
1106,1058,0.0039576073177158
960,116,0.0039574266411364
1045,163,0.0039572981186211
1106,126,0.0039571560919284
822,870,0.0039570219814777
17,1019,0.0039569488726556
449,156,0.003956695087254
188,952,0.003956495784223
478,464,0.0039559318684041
290,43,0.0039557288400828
478,1018,0.0039555625990033
928,892,0.0039543067105114
1045,944,0.0039542661979794
101,130,0.0039541381411254
291,301,0.0039535714313387
478,333,0.003953049890697
101,678,0.0039530303329229
1045,692,0.003952847328037
449,853,0.003952840808779
290,564,0.0039527476765215
267,196,0.0039525157772004
1045,429,0.0039524785242974
449,398,0.0039518997073173
290,324,0.0039518382400274
1045,98,0.0039518172852694
291,620,0.0039517139084637
822,883,0.0039514657109975
494,165,0.0039513525553047
449,84,0.0039510689675807
974,833,0.0039508105255663
478,706,0.0039504147134721
449,531,0.0039503728039562
290,665,0.0039491313509643
101,146,0.0039491057395935
1130,420,0.0039478507824242
291,448,0.0039475350640714
960,295,0.0039472985081374
101,1049,0.0039472375065088
290,1093,0.0039470149204134
1045,771,0.0039461934939026
17,909,0.0039458889514207
291,253,0.0039455848746001
101,170,0.0039449958130717
1003,242,0.0039446987211704
290,510,0.0039443643763661
1130,960,0.0039443071000278
449,503,0.003944288007915
870,381,0.003944172989577
17,915,0.003944085445255
449,1109,0.003943848889321
494,546,0.0039437352679669
290,504,0.0039436742663383
822,137,0.0039435024373233
1003,1059,0.003942824434489
267,443,0.0039423680864274
449,1041,0.0039422092959284
291,665,0.0039421240799129
1106,877,0.0039419303648173
188,419,0.0039415122009813
290,738,0.0039412984624505
101,974,0.0039408644661307
101,919,0.0039406418800354
449,119,0.0039405059069395
267,922,0.0039404239505529
478,380,0.0039404137060046
290,975,0.00394016969949
1045,322,0.0039397869259119
267,846,0.0039395573548972
290,15,0.0039395545609295
101,777,0.003939283080399
291,494,0.0039388043805956
1003,750,0.0039383969269692
928,191,0.0039380542002618
279,616,0.003937704488635
101,140,0.0039376770146191
267,655,0.0039376732893288
267,1039,0.0039375908672809
101,241,0.0039374898187816
960,967,0.0039374618791043
1045,836,0.0039372122846543
928,919,0.0039370702579617
1130,85,0.0039365175180137
101,1060,0.0039364765398204
101,652,0.003935778979212
291,650,0.0039356602355837
101,586,0.0039352071471512
449,747,0.0039351899176836
101,1096,0.0039342679083347
870,761,0.0039342469535768
870,794,0.0039342176169157
17,832,0.0039340192452073
960,983,0.0039337160997092
1003,627,0.0039336793124675
1106,586,0.0039335736073553
1106,907,0.00393344508484
1045,690,0.0039331284351646
449,962,0.003933104686439
1045,257,0.0039329677820205
17,342,0.0039324294775724
478,820,0.0039321770891547
449,1,0.0039321719668805
449,115,0.0039315815083682
1045,68,0.003931535873562
101,544,0.0039305435493588
449,116,0.0039304764941334
449,1082,0.0039301379583776
1045,248,0.0039301132783293
1045,902,0.0039280145429074
928,379,0.003927971702069
1045,585,0.0039277309551835
1045,408,0.0039273658767342
928,575,0.0039271670393645
17,527,0.0039266315288841
17,434,0.0039265607483685
1106,737,0.0039261635392904
1045,878,0.00392583059147
267,188,0.0039255078881978
290,822,0.0039254436269402
478,404,0.00392492627725
101,164,0.0039242831990122
1003,874,0.0039239106699824
822,589,0.0039236834272742
101,74,0.0039229760877788
188,287,0.0039227991364896
449,556,0.0039223902858793
1106,364,0.0039219469763338
1045,770,0.0039210389368236
1045,1121,0.0039208498783409
1130,429,0.0039206291548907
1003,251,0.003920305520296
290,647,0.0039201597683131
1045,314,0.0039199772290885
449,141,0.0039193192496895
1130,597,0.0039191665127873
280,747,0.0039191450923681
928,242,0.0039189173839986
188,596,0.0039187800139188
290,509,0.0039184996858239
960,343,0.0039183842018246
17,1096,0.0039180535823106
290,544,0.0039180279709398
449,891,0.0039179883897304
449,57,0.0039179329760372
1045,917,0.0039176316931843
928,374,0.0039175846613943
449,563,0.0039171283133327
1106,556,0.0039169900119304
1106,687,0.0039169290103018
960,85,0.0039167688228189
280,993,0.0039158915169537
267,588,0.0039158635772764
822,974,0.0039151813834905
290,406,0.0039146235212683
449,771,0.0039138724096119
267,229,0.0039138365536928
449,472,0.0039137112908065
870,1060,0.003913540393114
291,477,0.0039134062826633
928,553,0.003912457730621
478,707,0.0039117815904319
870,450,0.0039116675034165
928,503,0.0039116260595619
101,385,0.0039113047532737
101,441,0.003911277744919
290,1108,0.0039110826328396
449,166,0.0039107576012611
267,248,0.0039107385091483
267,467,0.0039105545729398
822,419,0.0039103683084249
1045,213,0.0039098765701055
267,711,0.0039096917025744
290,914,0.0039092148654162
822,152,0.0039080851711332
822,1015,0.0039074942469596
822,994,0.0039073745720088
1106,269,0.0039072846993803
478,844,0.0039072060026228
267,502,0.0039067515172064
280,628,0.0039065619930624
17,97,0.0039060048293322
1045,203,0.0039059368427842
101,946,0.0039053997024893
267,1087,0.0039050676859915
1003,1062,0.0039043687283992
478,477,0.0039036679081618
928,594,0.0039034448564052
1003,140,0.0039031107444316
267,480,0.0039022502023726
928,722,0.00390191283077
928,1007,0.0039017561357468
449,858,0.0039017116650938
290,1010,0.0039004471618682
822,1039,0.0038999083917587
960,1130,0.0038996271323412
101,779,0.0038990899920463
267,918,0.0038988522719591
267,774,0.0038985381834208
1003,282,0.0038976322393864
928,1034,0.0038974231574684
1003,1051,0.0038964671548455
291,646,0.0038964520208537
449,1037,0.0038963772822171
1130,554,0.0038963516708463
1045,711,0.0038960180245339
280,71,0.003895970294252
1106,159,0.0038959519006311
188,240,0.0038959253579378
101,369,0.0038958943914622
101,370,0.0038954862393438
1045,78,0.0038951414171606
267,632,0.0038949777372181
1045,1131,0.0038944806437939
290,157,0.0038943986874073
291,657,0.0038939919322729
449,733,0.0038934550248086
960,598,0.003893336514011
822,730,0.0038932883180677
279,612,0.0038927290588617
822,182,0.0038925791159272
928,1011,0.0038925176486372
280,165,0.0038924873806536
478,997,0.0038923344109207
267,867,0.003891744883731
17,866,0.0038917060010135
1106,493,0.0038915092591196
291,1095,0.0038913723547011
1003,86,0.0038912391755729
478,298,0.0038911297451704
101,802,0.0038907774724066
280,889,0.0038906370755285
17,1021,0.003890411928296
822,107,0.0038903462700545
449,658,0.0038901665247976
280,814,0.0038899988867342
267,1112,0.003889295971021
478,1003,0.0038888924755156
267,726,0.0038884279783815
870,896,0.0038881304208189
1045,968,0.0038880838546901
280,674,0.0038880493957549
1003,452,0.0038876410108059
449,440,0.0038876358885318
1106,484,0.0038875667378306
599,194,0.0038871341384947
1045,800,0.0038868933916091
928,23,0.0038866722024977
1003,778,0.0038866407703608
17,785,0.0038864286616444
1106,1111,0.0038862356450408
928,286,0.0038859504275023
101,372,0.0038856989704072
1003,651,0.003885167883709
1130,566,0.0038840963970869
449,393,0.0038833117578178
188,616,0.0038831422571092
1106,791,0.0038830263074487
1106,519,0.0038829930126667
1003,360,0.0038821140769869
280,736,0.0038819808978587
291,570,0.0038819583132863
700,103,0.0038817797321826
101,2,0.003881475655362
494,171,0.003881222102791
449,499,0.0038808491080999
280,423,0.0038807524833828
280,441,0.003879951313138
279,367,0.0038797883316874
17,528,0.0038796663284301
870,522,0.0038795094005763
1003,34,0.0038786416407674
290,408,0.0038785459473729
1003,586,0.0038784951902925
822,903,0.0038781024049967
17,1018,0.0038778446614742
267,197,0.003877768991515
1045,793,0.0038777315057814
928,1006,0.0038776113651692
188,119,0.0038772351108491
272,1019,0.0038770863320678
1106,886,0.0038767540827393
822,487,0.0038765892386436
822,64,0.0038759163580834
449,278,0.0038756199646741
1130,479,0.0038754935376346
1045,381,0.0038753065746277
1003,696,0.0038752232212573
494,276,0.0038747766520828
449,182,0.0038738006260246
17,409,0.0038737675640732
290,612,0.0038734956178814
478,8,0.0038734721019864
1045,299,0.0038731126114726
449,368,0.0038729335647076
1106,1037,0.0038720616139471
290,639,0.0038720376323908
101,449,0.0038719857111573
1045,618,0.0038719838485121
267,185,0.0038719403091818
101,892,0.00387176964432
449,728,0.003871040418744
1045,983,0.0038704613689333
1045,187,0.0038702546153217
267,586,0.0038701926823705
1106,756,0.0038700380828231
272,1044,0.0038697605486959
101,896,0.0038697102572768
1003,930,0.0038695281837135
494,1018,0.0038695239927619
449,631,0.0038694955874234
17,1002,0.0038693975657224
449,935,0.003869378240779
291,409,0.0038689328357577
870,990,0.003868346568197
101,1069,0.0038681754376739
17,914,0.0038680932484567
1045,837,0.0038679263088852
267,976,0.0038675426039844
1106,343,0.003867263207212
928,303,0.0038665898609906
280,282,0.0038664548192173
17,106,0.0038659954443573
449,880,0.0038654294330626
1106,197,0.0038652743678539
822,528,0.0038651821669191
1106,523,0.0038649905472993
478,126,0.0038640752900391
1045,710,0.0038639865815639
928,157,0.0038639630656689
101,845,0.0038636242970824
478,534,0.0038624089211225
1045,220,0.0038622776046395
280,439,0.0038622233550995
478,160,0.003862184472382
449,1017,0.0038621199782937
290,321,0.0038614629302173
700,581,0.0038614333607256
17,139,0.0038612782955169
822,372,0.0038612454663962
449,669,0.0038611416239291
290,690,0.0038607660681009
870,1,0.0038604815490543
1003,744,0.0038604571018368
101,819,0.0038603350985795
267,665,0.0038593241479247
870,1046,0.0038592536002397
700,510,0.0038591045886278
280,72,0.0038590063340961
1045,278,0.0038586305454373
928,880,0.0038576929364353
1003,1121,0.0038576342631131
101,383,0.0038575485814362
290,799,0.0038574954960495
290,67,0.0038571045733988
449,675,0.0038569697644561
822,1080,0.003856694092974
290,1095,0.0038565231952816
449,1090,0.0038557548541575
1045,104,0.0038552309852093
928,854,0.0038549019955098
291,838,0.0038548370357602
870,878,0.0038543809205293
267,1022,0.0038540987297892
17,150,0.0038536679930984
870,440,0.003853220725432
928,1130,0.0038526367861777
449,477,0.0038526083808392
291,847,0.0038522635586559
17,357,0.0038522605318576
822,275,0.0038522474933415
478,859,0.0038519853260368
101,854,0.0038517864886671
101,221,0.0038505345582962
267,118,0.0038505045231431
290,577,0.003849813947454
700,946,0.0038497291970998
101,298,0.0038496754132211
1045,592,0.0038491366431117
928,185,0.0038488416466861
960,793,0.0038484518881887
1045,499,0.0038481680676341
478,105,0.0038478118367493
449,1054,0.003847551299259
290,60,0.0038470677100121
449,1099,0.0038466074038296
267,393,0.0038462323136627
188,117,0.0038459845818579
449,1089,0.0038455214817076
101,437,0.0038455065805464
1045,916,0.0038453044835478
101,362,0.0038452122826129
928,17,0.0038450008723884
700,964,0.0038449978455901
449,720,0.0038445331156253
928,665,0.0038433466106653
1003,493,0.0038430709391832
1045,516,0.0038429498672485
101,583,0.0038427980616688
928,583,0.0038420953787863
960,576,0.0038417659234255
1003,659,0.0038417261093854
1045,762,0.0038413105066865
280,250,0.0038409957196563
822,529,0.0038408059626817
599,489,0.0038404921069741
449,765,0.0038403884973376
1003,52,0.0038399195764213
290,424,0.0038393437862396
290,89,0.0038388373795896
290,502,0.003838611068204
449,680,0.0038379807956516
449,955,0.0038372562266886
928,364,0.0038369463291019
449,404,0.0038368592504411
449,831,0.003836759366095
449,540,0.0038367165252566
17,657,0.0038366697262972
188,1093,0.0038366513326764
1106,1120,0.0038365200161933
290,931,0.003836094867438
449,595,0.0038356392178684
928,1028,0.0038354331627488
478,1013,0.0038349293172359
928,1067,0.0038347567897289
280,251,0.0038345563225448
478,694,0.003834533970803
700,847,0.0038344832137227
280,711,0.0038341884501278
449,417,0.0038336389698088
1130,776,0.00383359962143
290,986,0.0038335504941642
290,814,0.0038331444375216
267,843,0.0038329001981765
1106,891,0.0038327809888869
267,994,0.003832688787952
290,108,0.0038324974011629
478,24,0.0038322173058986
870,377,0.0038319409359246
267,841,0.003831815905869
974,126,0.0038317043799906
1045,229,0.003831191919744
928,955,0.0038309104274958
449,478,0.0038306869100779
478,937,0.0038305555935949
449,286,0.0038303970359265
1106,546,0.0038301541935652
822,1090,0.003830034751445
290,42,0.0038298952858895
1045,189,0.0038293281104415
700,516,0.0038291360251605
822,23,0.0038283441681414
449,851,0.0038277010899037
478,564,0.0038273979444056
478,315,0.003826756728813
290,1102,0.0038266333285719
1003,218,0.0038265069015324
188,481,0.0038260328583419
1045,580,0.0038259103894233
280,773,0.0038259096909314
822,472,0.0038254193495959
478,1082,0.0038253813982009
272,776,0.0038253800012171
449,37,0.0038253639359027
1045,435,0.0038249983917921
928,538,0.0038249469362199
449,596,0.0038244596216827
101,1078,0.003824385581538
870,786,0.0038243839517235
290,261,0.0038241925649344
1106,387,0.003823485225439
1130,178,0.0038234554231166
974,494,0.0038233122322708
280,1086,0.0038230624049901
494,412,0.0038227788172662
928,916,0.0038226922042667
1045,939,0.0038222563453018
928,579,0.0038222540169954
449,316,0.003822028171271
1106,825,0.0038218146655708
960,860,0.0038216651882976
267,1018,0.0038215881213545
290,1090,0.003821381367743
928,820,0.0038211622741073
928,967,0.0038204458542168
599,236,0.0038199408445507
280,999,0.0038196777459234
101,734,0.0038196118548512
101,320,0.003819481935352
290,485,0.0038194099906831
101,924,0.0038192507345229
280,484,0.0038190193008631
478,242,0.0038188584148883
17,998,0.0038185615558177
1130,223,0.003818473778665
267,59,0.0038183738943189
290,214,0.0038183000870049
870,802,0.0038179217372089
188,626,0.0038179063703864
1045,921,0.0038178795948624
290,1040,0.003817651188001
1045,0,0.0038174358196556
822,1041,0.0038169354666024
928,325,0.0038167948368936
1003,1039,0.003816665848717
290,537,0.003816248383373
1106,249,0.0038160264957696
267,435,0.0038146690931171
101,26,0.0038145780563354
1003,402,0.0038144623395055
272,476,0.0038140914402902
478,238,0.0038135682698339
1106,255,0.0038133980706334
17,451,0.0038130120374262
928,297,0.0038122141268104
1045,624,0.0038120688404887
1045,559,0.0038118490483611
928,12,0.003811503527686
1003,912,0.0038112110923975
267,283,0.0038110050372779
17,1071,0.0038102869875729
449,791,0.0038102713879197
478,1016,0.0038102357648313
599,627,0.003809954971075
101,521,0.0038095582276582
478,947,0.0038094157353043
291,171,0.0038089698646217
267,573,0.0038082359824329
928,837,0.0038081328384578
17,133,0.0038079963997006
291,955,0.0038076043128967
290,395,0.0038070215377956
449,859,0.0038063758984208
188,353,0.0038060906808823
822,299,0.0038058222271502
928,107,0.0038057011552155
700,102,0.0038054438773542
449,654,0.0038052478339523
822,665,0.0038051807787269
1003,554,0.0038050261791795
290,841,0.0038048701826483
291,413,0.0038048224523663
449,427,0.0038043484091758
1106,317,0.0038042850792407
290,892,0.0038038925267755
267,291,0.0038038925267755
928,124,0.0038036883343011
1130,658,0.0038035723846405
101,998,0.0038033919408917
17,910,0.0038032850716263
290,910,0.0038028992712497
449,76,0.0038024850655347
101,174,0.0038023421075195
290,393,0.0038020533975213
267,44,0.0038016447797417
1003,842,0.0038014368619769
700,440,0.0038012040313333
822,461,0.0038011637516319
1003,491,0.0038009502459317
291,619,0.0038004105444997
1045,176,0.0038003528025001
1045,896,0.0038002035580575
700,523,0.0038000342901796
928,375,0.003800026141107
928,247,0.0037986969109624
449,694,0.003798559308052
1106,90,0.0037979478947818
1130,276,0.0037970286794006
1045,539,0.0037965478841215
449,412,0.0037959855981171
478,831,0.0037953902501612
17,104,0.0037953476421535
449,833,0.0037951415870338
267,577,0.0037950330879539
1045,536,0.0037949881516397
1045,224,0.0037949478719383
1003,352,0.0037947709206491
101,554,0.0037943953648209
478,870,0.0037938288878649
449,298,0.0037932486739009
101,767,0.0037931154947727
17,583,0.0037929723039269
822,1061,0.0037927837111055
478,522,0.0037924924399703
478,951,0.0037924121133983
822,1081,0.0037922956980764
290,622,0.0037921764887869
494,74,0.003791773924604
494,85,0.0037916970904916
449,439,0.0037914174608886
1130,792,0.0037910633254796
478,1130,0.0037907999940216
449,789,0.0037899711169302
449,633,0.003789716400206
17,349,0.0037896623834967
700,1061,0.0037887943908572
1045,994,0.0037881585303694
599,479,0.0037881056778132
267,574,0.0037880362942814
449,897,0.003787312656641
700,686,0.0037873121909797
494,793,0.0037872148677706
17,117,0.0037862854078412
1106,949,0.0037862788885831
928,368,0.0037860206793993
478,680,0.0037856004200875
1106,240,0.0037852227687835
478,402,0.0037851044908165
599,872,0.0037850195076316
870,188,0.0037849429063498
290,497,0.0037849242798984
1045,410,0.0037847647909075
1106,38,0.0037840264849364
928,707,0.0037838760763406
291,476,0.0037836420815438
599,784,0.0037833203095942
290,227,0.003782944753766
188,994,0.0037828653585165
290,1123,0.0037828222848474
478,1092,0.0037828197237104
1045,1046,0.0037825871258974
1003,169,0.0037825237959623
1003,524,0.0037822902668267
1045,3,0.0037822604645043
101,578,0.0037820544093847
1045,802,0.0037818781565874
291,380,0.003781680483371
290,251,0.003781677223742
101,790,0.0037813216913491
928,664,0.0037811743095517
700,1007,0.0037801831495016
101,836,0.0037801798898726
17,466,0.0037798634730279
280,1079,0.0037796723190695
870,293,0.0037794483359903
290,444,0.0037784543819725
822,1074,0.0037779724225401
928,1012,0.0037779072299599
188,571,0.0037777659017592
1106,1101,0.0037776902318
1045,281,0.0037770478520542
1045,492,0.0037767786998301
449,287,0.0037767509929835
1045,1024,0.0037765668239444
478,876,0.0037764310836791
17,7,0.0037763656582683
1130,242,0.0037762525025755
17,35,0.0037754250224679
960,32,0.0037752999924123
478,516,0.0037751579657197
1106,125,0.003774789860472
290,465,0.0037747102323919
188,969,0.0037746911402791
290,447,0.0037745365407317
822,737,0.0037745195440948
280,1093,0.0037743549328297
280,855,0.0037737502716481
272,307,0.0037737134844064
1003,971,0.0037736638914793
1003,801,0.0037735498044639
822,1064,0.0037735356017947
290,861,0.0037730818148702
960,39,0.0037730687763541
822,287,0.0037729938048869
290,728,0.0037729856558144
101,309,0.0037728692404925
960,898,0.0037726568989455
1106,207,0.0037723784334957
17,494,0.0037718904204666
280,405,0.0037716114893555
822,996,0.0037708680611103
290,847,0.0037706959992647
291,82,0.0037704859860241
101,748,0.0037704615388065
280,31,0.003770392620936
101,939,0.0037703157868236
1045,1090,0.003769575851038
870,785,0.0037694911006838
101,374,0.0037694179918617
870,272,0.0037691921461373
928,1102,0.0037690738681703
1130,49,0.0037685451097786
700,387,0.0037683474365621
291,578,0.0037680547684431
17,155,0.0037670284509658
291,714,0.0037669260054826
101,196,0.0037667404394596
291,98,0.003766716690734
267,1122,0.0037662696558982
267,634,0.003766103181988
1003,323,0.0037660386878997
822,475,0.0037652810569852
280,514,0.0037651716265827
1106,281,0.003764372318983
822,1002,0.0037643585819751
599,1009,0.0037640433292835
188,657,0.0037638524081557
960,995,0.0037636621855199
478,235,0.003763651009649
17,376,0.0037635744083672
449,345,0.003763479180634
449,58,0.0037634773179888
449,764,0.0037632293533533
700,684,0.0037631504237651
1045,1044,0.0037625888362526
290,866,0.0037624801043421
1106,790,0.0037624116521328
267,758,0.0037619215436279
1045,247,0.0037617776542901
1003,40,0.0037616973277181
290,208,0.0037614591419696
290,964,0.0037609999999403
1003,678,0.0037608607672154
599,74,0.0037603639066219
17,835,0.0037602153606712
1003,367,0.0037600209470838
928,476,0.0037595382891595
291,88,0.0037595217581838
449,835,0.0037594626192003
494,336,0.003759340615943
290,397,0.0037589524872601
494,309,0.0037587585393339
290,696,0.0037587550468742
494,221,0.0037585024256259
267,416,0.0037584614474326
928,215,0.0037577066104859
822,36,0.0037574972957372
449,194,0.0037570493295788
1130,912,0.0037567534018307
1130,707,0.0037565932143479
188,653,0.003756548743695
960,211,0.003756402991712
267,110,0.0037562102079391
449,953,0.0037561608478426
290,113,0.0037553366273641
478,889,0.0037552157882601
822,199,0.0037552122958004
928,1060,0.0037551838904619
449,824,0.0037546521052718
1045,1125,0.0037544500082731
267,62,0.0037538337055593
1106,515,0.0037529743276536
101,736,0.0037526425439864
267,342,0.0037522306665778
1106,621,0.0037518749013543
290,923,0.0037509051617234
928,835,0.003750805510208
822,632,0.0037504492793232
267,394,0.0037502583581954
17,602,0.0037501035258173
101,72,0.0037494043353945
822,1105,0.0037493563722819
1106,320,0.0037492464762181
1106,298,0.0037489661481231
1106,100,0.0037486522924154
188,377,0.0037485829088836
290,834,0.0037481333129107
101,265,0.0037474832497537
291,1103,0.0037474697455763
188,223,0.0037467051297426
290,871,0.00374665716663
449,95,0.0037465104833245
928,958,0.0037461800966411
280,454,0.0037460732273757
290,1007,0.0037456562276929
101,524,0.0037455151323229
280,489,0.0037434613332152
449,846,0.0037434611003845
1106,206,0.0037433772813528
822,739,0.0037431975360959
960,682,0.0037431428208947
1003,116,0.0037428978830575
291,106,0.0037424731999635
1045,1066,0.0037424401380121
928,1044,0.0037422513123601
290,656,0.0037421407178044
101,668,0.0037417218554764
267,41,0.0037415863480418
822,873,0.0037414676044136
101,329,0.0037413502577692
1130,124,0.0037412301171571
267,6,0.0037411514203995
822,459,0.0037410731893032
928,592,0.0037410331424325
449,1002,0.003740873420611
960,938,0.0037404207978397
101,21,0.0037404044996947
1106,266,0.0037400887813419
822,864,0.0037399544380605
822,1006,0.003739945590496
974,612,0.0037397805135697
494,986,0.0037392107769846
1003,136,0.0037389867939054
279,862,0.0037387993652373
494,1115,0.003738721832633
290,1011,0.0037386731710284
272,458,0.003738617291674
267,995,0.0037385765463113
1003,124,0.003738515311852
960,830,0.0037384978495538
449,903,0.0037381541915237
280,1078,0.0037377304397523
599,815,0.0037376082036644
101,105,0.0037375583779066
291,683,0.0037372191436588
290,138,0.0037371744401752
870,252,0.0037369390483945
822,1027,0.0037367690820246
291,126,0.0037367162294685
1045,1073,0.0037367038894444
1045,368,0.0037364135496318
1106,920,0.0037363048177212
960,221,0.0037360356654971
101,530,0.0037359991110861
101,952,0.0037358528934419
1106,932,0.003735814243555
960,659,0.0037356968969106
1003,991,0.0037354961968958
267,685,0.0037353402003645
449,491,0.0037351117935031
1130,949,0.0037350428756326
1003,36,0.0037349879276007
1003,703,0.0037346503231674
101,203,0.0037343970034271
280,264,0.0037343965377658
290,492,0.0037328558973968
1003,809,0.0037326281890273
1106,733,0.0037326186429709
267,277,0.0037325166631489
101,644,0.0037312386557459
1003,881,0.0037307771854102
494,446,0.0037303809076547
1045,94,0.0037303692661225
449,101,0.003730222582817
449,542,0.0037294921930879
101,580,0.0037292712368071
1045,712,0.0037291520275175
1003,835,0.0037291147746145
700,459,0.0037284626159816
101,533,0.0037282162811607
1045,225,0.0037281555123627
267,1016,0.0037278903182595
1003,68,0.003727808361873
1106,69,0.0037274442147463
101,1033,0.0037268938031047
17,768,0.0037264686543494
1045,1103,0.0037263722624629
822,649,0.00372597691603
478,924,0.0037252388428896
1045,823,0.0037246022839099
280,219,0.0037245906423777
1045,214,0.0037228169385343
449,590,0.0037228113505989
1106,788,0.0037227603606879
449,158,0.0037224444095045
188,855,0.0037219626829028
478,124,0.0037211014423519
822,477,0.0037208211142569
1106,495,0.0037205412518233
700,811,0.0037199270445853
822,173,0.0037197596393525
290,77,0.0037197314668446
478,120,0.0037197030615061
291,534,0.003719673724845
449,587,0.0037194355390965
822,972,0.0037192904856055
928,333,0.0037192502059042
17,271,0.0037189843133091
974,528,0.0037188481073826
1106,337,0.0037185086403042
280,928,0.0037178203929215
599,49,0.0037172904703766
822,621,0.0037172350566834
291,1,0.0037170986179262
1106,3,0.0037170392461121
290,650,0.0037169398274272
599,308,0.0037166734691709
1130,865,0.0037166327238082
290,472,0.0037163991946727
822,223,0.0037163496017456
494,618,0.0037158748600631
1130,754,0.0037158085033297
1003,596,0.0037151228170841
478,1103,0.0037148969713598
17,732,0.0037144671659916
960,2,0.0037142587825655
101,222,0.0037141302600502
17,345,0.0037138913758099
449,1102,0.0037138736806809
449,50,0.0037133553996682
101,273,0.0037132985889911
188,365,0.0037130520213395
478,672,0.0037126631941646
290,363,0.0037124939262866
1106,501,0.0037117667961865
974,627,0.0037115414161235
1045,366,0.0037113921716809
280,927,0.0037113297730684
101,217,0.0037110731936991
1045,11,0.003710908582434
290,870,0.0037108301185071
870,1064,0.0037103695794939
1003,292,0.0037103674840182
101,476,0.0037100107874721
101,1113,0.0037083805073052
279,662,0.0037082261405885
267,979,0.0037080319598317
478,819,0.0037078338209539
290,688,0.00370629504323
280,109,0.0037054300773888
870,644,0.0037054137792438
449,409,0.0037053567357361
1045,577,0.00370535091497
1106,166,0.0037051995750516
822,634,0.0037051062099635
267,1118,0.0037049204111099
267,471,0.0037048268131911
870,341,0.0037047336809337
101,1064,0.0037042063195258
1106,6,0.003704177448526
1045,1129,0.0037041662726551
291,138,0.0037040428724139
17,119,0.003703901078552
1045,143,0.0037037646397948
928,69,0.0037034158594906
101,803,0.0037031890824437
822,553,0.0037031541578471
1106,1122,0.0037031145766377
822,340,0.0037027189973741
267,991,0.0037026240024715
478,658,0.0037019057199358
478,974,0.0037018079310655
974,230,0.003701124805957
1130,628,0.0037006598431617
449,1005,0.0037003657780587
267,1076,0.0037002700846642
700,600,0.0037000912707298
928,705,0.0036995727568864
1045,307,0.0036990861408412
449,326,0.0036990130320191
291,739,0.0036984209436923
101,1065,0.0036978793796151
822,752,0.0036974304821342
449,431,0.0036969115026295
1003,319,0.0036962586455047
1045,131,0.003695661900565
267,12,0.0036955538671463
494,871,0.0036951780784875
1106,701,0.0036948770284652
101,61,0.0036945170722901
188,1032,0.0036944532766938
267,762,0.0036943485029041
928,407,0.0036942155566066
280,853,0.0036941373255103
1003,740,0.0036937517579644
1003,761,0.003693674923852
101,1110,0.0036933997180312
1003,536,0.0036932006478309
1003,905,0.003692568745464
449,839,0.0036925601307302
1130,165,0.0036923792213201
960,1110,0.0036920811980962
478,493,0.0036919917911291
822,578,0.0036913824733346
17,803,0.0036909824702888
291,1072,0.0036906991153955
928,1029,0.0036902476567775
101,14,0.0036901372950524
1106,331,0.0036899091210216
280,229,0.0036894695367664
267,1086,0.0036894008517265
101,811,0.0036893922369927
290,215,0.0036886660382151
101,250,0.0036880287807434
822,935,0.0036873042117804
280,843,0.0036856883671134
279,1064,0.0036851351615041
1106,325,0.0036851323675364
101,464,0.0036850799806416
280,296,0.0036848364397883
267,350,0.0036846681032329
101,477,0.0036846480797976
280,158,0.0036830781027674
101,213,0.0036828683223575
1106,918,0.0036826864816248
822,980,0.0036822461988776
1045,437,0.0036820503883063
17,938,0.0036820089444518
700,826,0.003681999631226
17,799,0.0036817654035985
1045,310,0.003681547474116
928,25,0.003681271802634
188,738,0.0036810585297644
290,574,0.0036810422316193
449,575,0.0036804494448006
928,1041,0.0036800373345613
870,33,0.0036796748172491
928,718,0.003679480869323
188,341,0.0036794561892747
101,965,0.0036790885496884
1106,1060,0.0036788524594157
101,799,0.0036784850526601
17,542,0.0036780887749046
1045,55,0.0036779684014618
449,350,0.003677753964439
928,701,0.0036774100735783
822,898,0.0036769686266779
478,1097,0.0036769150756299
822,105,0.0036758128553628
449,565,0.0036756608169525
101,48,0.0036755863111466
188,347,0.0036752780433744
291,417,0.003675052896142
822,695,0.0036750151775777
291,788,0.0036747644189745
870,173,0.003674681764096
267,125,0.0036744545213878
928,1018,0.0036744324024766
101,92,0.0036744070239365
280,686,0.0036744051612913
280,551,0.0036738633643835
1045,613,0.0036737695336341
1106,880,0.0036733285523951
1045,840,0.0036729620769619
449,743,0.0036726619582623
17,929,0.0036725986283272
1130,296,0.0036724698729813
17,1027,0.003672219114378
1106,471,0.0036721297074109
280,197,0.003671690588817
1045,738,0.0036714361049234
700,270,0.00367141677998
267,1126,0.003671099897474
478,958,0.0036709820851683
1003,1082,0.0036705019883811
928,866,0.0036695969756692
478,790,0.0036695946473628
17,30,0.0036694854497909
928,792,0.0036693974398076
1003,71,0.0036693294532597
822,576,0.0036686430685222
290,693,0.0036685559898614
1003,847,0.0036678353790193
1106,820,0.0036674728617072
188,1063,0.0036672872956842
1003,859,0.003666752949357
960,521,0.0036656830925494
449,395,0.0036654761061072
267,887,0.003665278898552
267,359,0.0036646965891122
478,840,0.0036636122968047
700,755,0.0036635010037571
449,460,0.0036627969238907
1003,534,0.0036626029759645
494,1053,0.0036625331267714
272,598,0.0036622898187488
700,1119,0.0036622511688619
928,901,0.0036619540769606
700,307,0.0036617256700992
478,1035,0.0036612462718039
1106,72,0.0036609279923141
101,878,0.003660881659016
960,251,0.0036607980728149
1003,736,0.0036606050562113
1106,555,0.0036602588370442
188,869,0.0036601137835532
870,120,0.0036600844468921
822,925,0.0036598248407244
478,408,0.0036597633734345
267,739,0.0036594078410416
1003,730,0.003658645786345
870,373,0.0036586422938853
1003,872,0.0036583773326128
101,813,0.0036580669693648
700,47,0.0036580429878085
1106,369,0.0036579647567123
822,511,0.0036579638253897
1045,689,0.0036573449615389
290,615,0.0036572366952896
1045,500,0.0036570092197507
478,867,0.0036565938498824
101,612,0.0036565470509231
17,904,0.003656250424683
101,267,0.0036557109560817
1045,31,0.0036556958220899
280,77,0.0036556913983076
291,483,0.0036555044353008
928,167,0.003654996631667
188,414,0.0036546238698065
17,614,0.0036544445902109
1106,1124,0.0036540522705763
928,680,0.0036533726379275
101,37,0.0036532245576381
1045,931,0.0036529775243252
267,162,0.00365193746984
280,271,0.0036518306005746
1045,323,0.0036517204716801
822,1016,0.0036516904365271
280,397,0.0036508664488792
291,924,0.0036506231408566
267,1003,0.0036504787858575
267,464,0.0036503493320196
822,444,0.0036503351293504
478,649,0.0036498312838375
822,230,0.0036498133558779
1003,112,0.0036478240508586
267,360,0.0036477597896009
280,717,0.0036476985551416
494,352,0.0036474042572081
1045,464,0.0036473178770393
101,260,0.0036468454636633
1045,439,0.0036464675795286
974,308,0.0036464005243033
1003,113,0.0036459432449191
960,530,0.0036459395196288
449,204,0.0036456303205341
928,758,0.0036454298533499
449,923,0.0036453253123909
960,153,0.0036449243780225
290,530,0.0036446650046855
1003,480,0.0036444088909775
449,979,0.0036425699945539
928,907,0.0036425641737878
290,417,0.0036424715071916
267,522,0.0036424314603209
1130,109,0.0036422577686607
449,688,0.0036422370467334
449,786,0.0036411567125469
267,353,0.0036410326138138
272,153,0.0036408982705324
267,507,0.0036407392472028
928,338,0.0036402819678187
1003,409,0.0036402586847543
272,475,0.0036392940673977
960,133,0.0036390942987054
478,575,0.0036390635650604
822,627,0.0036390165332704
290,411,0.0036389166489243
700,726,0.0036388754379004
101,969,0.0036388130392879
101,29,0.0036385941784828
449,139,0.0036369790323078
494,608,0.0036364975385367
1045,932,0.0036358213983476
280,346,0.003635672153905
822,799,0.0036354472395032
1045,1059,0.0036352681927382
280,1120,0.0036349091678857
1045,21,0.0036348816938698
1106,1036,0.0036347415298223
1045,887,0.0036346851848065
1106,1040,0.003634177846834
494,1036,0.0036340015940368
822,428,0.0036338376812636
267,889,0.0036337422206997
1045,669,0.0036336083430796
17,578,0.0036334013566374
928,637,0.0036333315074443
700,159,0.0036332837771624
188,136,0.0036332011222839
1003,852,0.0036327447742223
1003,960,0.0036326826084405
1130,89,0.0036324383690953
449,117,0.0036324285902082
449,134,0.0036320723593235
928,197,0.0036320546641945
494,1127,0.0036317124031484
101,604,0.0036314700264483
1045,755,0.0036314036697149
272,36,0.0036311778239905
188,778,0.0036311668809503
1003,734,0.0036308416165411
1045,250,0.0036306183319538
291,273,0.0036305733956396
928,814,0.0036304462701082
960,489,0.0036303219385445
1045,8,0.0036302665248513
449,482,0.0036301012150943
449,376,0.0036298099439591
1045,351,0.0036295149475336
822,209,0.0036292187869548
290,1050,0.0036287908442318
17,877,0.0036287633702158
267,218,0.0036284385714679
1045,764,0.0036278667394071
267,812,0.0036275391466915
291,622,0.0036275379825383
17,1044,0.003627237631008
1106,14,0.003627234371379
822,1098,0.0036271519493311
700,551,0.0036265777889639
1045,154,0.0036265281960368
188,408,0.0036263023503124
1130,704,0.0036260723136365
449,1058,0.0036258855834603
449,782,0.0036256266757845
291,697,0.0036255605518817
267,340,0.0036255489103496
267,1079,0.0036254553124308
1045,1128,0.0036247009411454
700,991,0.0036242783535271
478,388,0.0036238888278603
291,522,0.0036237901076674
280,777,0.0036231621634215
478,1118,0.0036224096547812
449,1128,0.003622265998274
478,490,0.003622151678428
290,342,0.0036217828746885
478,53,0.0036204736679792
267,256,0.0036203928757458
449,951,0.0036201754119247
928,1020,0.0036196608562022
870,441,0.003619534196332
928,783,0.0036188715603202
478,875,0.0036182336043566
1045,588,0.0036176522262394
101,1,0.0036175325512886
928,444,0.0036166401114314
17,531,0.0036161157768219
290,448,0.0036159954033792
188,688,0.0036159933079034
1106,443,0.0036157367285341
1130,577,0.0036157043650746
700,40,0.0036156768910586
290,556,0.0036155602429062
1045,10,0.0036151059903204
449,379,0.0036148091312497
101,224,0.0036147027276456
928,905,0.0036145653575658
188,1,0.0036143257748335
1003,996,0.0036141865421086
449,396,0.0036141294986009
1045,557,0.003613436827436
822,370,0.0036131942179054
928,87,0.0036131290253251
1003,431,0.00361283053644
291,606,0.0036124913021922
290,973,0.0036124282050877
188,30,0.0036121155135333
280,216,0.0036116472911089
494,75,0.0036115052644163
822,207,0.0036108829081058
478,1109,0.0036102309823036
449,201,0.0036101143341511
822,234,0.0036096593830734
17,355,0.0036094335373491
870,125,0.0036094109527766
1106,922,0.0036093438975512
478,546,0.0036092342343181
291,831,0.0036088719498366
928,44,0.0036087408661842
101,631,0.003608678933233
280,273,0.0036084931343793
1045,662,0.0036083771847188
290,540,0.0036075934767723
1045,100,0.0036075678654015
290,632,0.0036074924282729
1045,501,0.0036069541238248
494,392,0.003606732469052
1106,447,0.0036063238512724
974,218,0.0036062200088053
188,889,0.0036051711067557
101,1128,0.0036050067283213
101,287,0.003604580881074
1130,876,0.0036044437438249
928,451,0.0036043052095919
101,350,0.0036039690021425
822,640,0.0036038234829902
267,318,0.0036032730713486
1003,986,0.0036026376765221
928,387,0.0036024944856762
928,276,0.0036023231223225
291,751,0.0036018113605678
272,578,0.0036017936654388
449,640,0.0036016583908349
928,1013,0.0036015780642628
267,476,0.0036015599034726
290,1087,0.0036008728202432
280,1087,0.0036004877183586
449,712,0.0036002078559249
267,831,0.0035998672246932
960,746,0.0035997626837342
928,894,0.0035996306687593
291,699,0.0035994367208331
267,161,0.0035993156488984
928,426,0.0035993091296404
101,983,0.0035991335753351
290,952,0.0035989792086184
291,995,0.0035988974850624
449,433,0.0035987079609185
1003,386,0.0035986166913062
280,347,0.0035978802479803
267,768,0.0035976513754576
267,578,0.0035969025921076
822,175,0.0035966071300208
1130,246,0.0035964590497314
478,886,0.0035964432172477
17,1097,0.0035958753433078
449,332,0.0035951158497482
1106,169,0.0035939814988523
449,389,0.0035936483182013
280,963,0.0035930217709392
449,815,0.0035929079167544
822,738,0.0035926308482885
1045,1054,0.0035922771785408
960,426,0.0035922538954764
822,306,0.0035922322422266
822,565,0.003592109773308
449,868,0.0035920308437198
974,370,0.0035913009196519
1003,526,0.0035912687890231
449,948,0.0035911235027015
188,691,0.003590818028897
267,802,0.0035907183773815
449,237,0.0035901132505387
1003,74,0.003589668078348
449,1049,0.0035895556211471
1045,988,0.003589536761865
928,176,0.0035889763385057
267,1028,0.0035884717945009
1003,327,0.0035884277895092
1106,667,0.0035882324445992
822,701,0.0035879930946975
478,234,0.0035877577029168
267,1098,0.0035873760934919
822,826,0.0035870289430022
1003,268,0.0035869823768734
188,802,0.0035866885446012
267,778,0.0035863986704498
870,1049,0.0035862331278622
188,848,0.0035860701464116
449,625,0.0035853518638759
280,420,0.0035850855056196
478,696,0.0035849143750965
700,371,0.0035844556987285
928,1,0.0035844044759869
1045,796,0.0035838331095874
1045,26,0.0035835802555084
1003,202,0.0035833234433084
1003,231,0.0035831599961966
449,882,0.0035828128457069
449,653,0.0035824524238705
478,58,0.0035822624340653
1106,8,0.0035817762836813
449,250,0.0035807888489216
700,63,0.0035804954823106
1045,545,0.0035798025783151
822,949,0.00357978628017
1106,726,0.0035795106086879
449,75,0.003579325042665
449,256,0.0035793078131973
700,232,0.0035791790578514
822,290,0.0035791532136499
290,1082,0.0035790547262877
822,1019,0.003579030977562
449,323,0.0035789820831269
494,476,0.0035787709057331
449,613,0.003578481497243
449,973,0.0035784775391221
290,584,0.0035779245663434
267,862,0.0035775371361523
822,1065,0.0035772109404206
17,387,0.0035771972034126
290,600,0.0035771848633885
1003,1095,0.0035769257228821
291,1073,0.003576804883778
101,403,0.0035767746157944
928,348,0.0035761753097176
291,267,0.0035761659964919
272,839,0.0035757599398493
291,871,0.0035757410805672
1045,326,0.0035757073201239
870,206,0.0035755801945924
267,895,0.0035750465467572
822,490,0.0035749357193708
960,48,0.0035744975320994
267,958,0.0035733936820179
17,593,0.0035732011310756
101,176,0.0035731468815356
267,1063,0.0035729790106415
700,485,0.0035728004295378
188,925,0.0035724889021366
1130,142,0.0035724746994674
960,337,0.0035721282474696
291,302,0.003571611829102
1106,98,0.0035714306868612
928,688,0.0035714055411517
870,326,0.0035712791141122
267,290,0.0035711927339434
928,344,0.0035705675836652
960,1063,0.003570451401174
449,296,0.0035702977329492
17,287,0.0035696742124855
1003,1128,0.003569517750293
928,46,0.0035694451071321
291,679,0.0035694213584065
101,89,0.0035689892247319
1003,276,0.0035685717593878
1045,707,0.0035681293811649
267,828,0.0035680960863828
267,80,0.003567568026483
870,615,0.0035675284452736
478,562,0.0035663382150232
17,2,0.0035660504363477
101,125,0.0035656420513987
280,903,0.0035651526413857
101,230,0.0035649179480969
1045,467,0.0035647542681545
1106,469,0.0035623931325972
101,927,0.0035623034927994
700,853,0.0035622727591544
101,376,0.0035621190909296
1045,891,0.0035618627443909
101,353,0.0035618371330201
478,189,0.0035613311920315
290,516,0.0035612965002655
1045,1032,0.0035612867213785
960,212,0.0035611721687018
1045,815,0.0035611386410892
17,1081,0.0035605123266577
449,1121,0.0035603058058768
928,237,0.0035602778661996
928,76,0.0035602033603936
928,421,0.003560013603419
1003,869,0.0035599619150161
478,295,0.0035598820541054
290,1078,0.0035595030058175
974,169,0.0035594860091805
449,1096,0.0035592087078839
449,614,0.003559146542102
291,83,0.0035590059123933
478,556,0.0035589730832725
928,1046,0.0035589444451034
1045,817,0.0035586839076131
1106,116,0.0035586296580731
928,259,0.0035579574760049
188,100,0.0035578231327235
279,703,0.0035575493238866
870,582,0.0035575367510318
1045,162,0.0035574273206293
101,818,0.0035571157932281
280,652,0.0035569870378822
478,357,0.0035565090365707
822,537,0.0035563330166041
1003,719,0.0035563020501285
290,631,0.0035558710806071
870,755,0.0035550417378544
280,497,0.0035549628082662
101,193,0.0035547178704291
478,480,0.0035546801518648
188,158,0.0035543632693588
17,726,0.0035543541889637
870,115,0.0035539593081921
280,824,0.0035536347422748
280,813,0.0035534356720745
822,978,0.0035533613990992
928,833,0.0035530980676412
1045,757,0.0035530743189156
822,677,0.003553008660674
449,127,0.0035529839806258
1003,125,0.0035524403210729
267,622,0.0035522466059774
188,804,0.0035513800103217
822,969,0.0035510917659848
449,183,0.0035509879235178
870,891,0.0035509436856955
267,951,0.0035501869861036
1045,470,0.0035499720834195
449,666,0.0035499462392181
822,360,0.0035493199247866
1045,1005,0.0035489487927407
1045,920,0.0035487541463226
478,646,0.0035485296975821
1130,515,0.0035484370309859
870,163,0.0035483499523252
928,308,0.0035482179373502
1130,44,0.0035482109524309
280,391,0.0035478831268846
279,776,0.0035473916213959
494,1030,0.0035471199080348
1003,96,0.0035467820707708
928,222,0.003546762978658
1003,362,0.0035466637928038
960,1017,0.0035461694933474
101,312,0.0035461164079606
279,839,0.0035460805520415
17,723,0.0035458481870591
1106,414,0.0035453932359814
101,864,0.0035452055744826
1106,196,0.0035451054573059
478,413,0.0035450584255158
960,561,0.0035450502764433
960,112,0.0035447967238724
1045,1088,0.0035442919470369
279,814,0.0035439545754343
822,458,0.0035436430480331
870,72,0.0035436211619526
17,894,0.0035432965960353
290,8,0.0035432421136647
478,949,0.0035429450217634
449,125,0.003542800201103
478,423,0.0035423066001385
17,530,0.0035417098551988
449,700,0.0035414753947407
449,1087,0.0035413855221122
449,969,0.0035413242876529
1003,823,0.003541309852153
928,220,0.0035412826109677
280,478,0.0035412816796451
17,674,0.0035412407014518
478,939,0.0035411342978477
1106,668,0.0035410304553806
822,59,0.0035408018156886
449,1070,0.0035407517571002
17,700,0.0035405729431658
267,734,0.0035400956403464
267,212,0.0035398050677031
290,658,0.0035396080929785
280,68,0.0035392073914408
280,966,0.0035391354467719
291,631,0.0035370916593819
267,724,0.0035369645338505
478,670,0.0035368646495044
928,832,0.0035364343784749
291,32,0.0035364285577088
822,747,0.0035361596383154
290,840,0.00353574892506
280,374,0.0035352599807083
870,892,0.0035351137630641
822,815,0.003534173592925
1045,291,0.0035339833702892
449,830,0.003533944953233
870,256,0.0035335177090018
478,841,0.0035333770792931
1106,81,0.0035332578700035
822,411,0.0035332255065441
449,229,0.0035325165372341
1130,102,0.003532399656251
449,67,0.0035321142058819
290,912,0.0035319663584232
17,876,0.0035317752044647
17,442,0.0035315859131515
1003,441,0.0035314711276441
449,649,0.0035310301464051
101,1080,0.0035305172204971
960,702,0.003530312795192
1045,266,0.0035298368893563
188,190,0.0035293055698275
1106,321,0.003528916509822
822,496,0.0035288105718791
822,508,0.0035287898499518
478,26,0.0035285698249936
1106,1079,0.003528568893671
449,39,0.0035285188350826
17,268,0.0035284862387925
822,161,0.0035283351317048
1106,333,0.003528059925884
449,904,0.003527381690219
267,320,0.0035273772664368
928,970,0.0035269134677946
449,227,0.0035268410574644
478,861,0.0035265074111521
960,376,0.0035263248719274
494,859,0.003526207525283
101,920,0.0035260589793324
960,542,0.0035259255673736
290,200,0.0035258382558822
1045,1087,0.0035254240501672
822,582,0.0035248319618403
267,666,0.0035247835330665
1045,132,0.003524683881551
822,887,0.003524535568431
449,42,0.0035243788734078
272,1107,0.0035238228738307
449,31,0.0035235867835581
291,1099,0.0035234673414379
478,130,0.0035234421957284
290,1016,0.0035232461523264
290,625,0.0035231870133429
267,1090,0.0035231474321335
290,514,0.0035229178611189
291,730,0.0035226703621447
478,614,0.0035221523139625
478,932,0.0035220652353018
1003,837,0.0035217106342315
870,453,0.0035216861870139
267,835,0.0035216694232076
17,587,0.0035207301843911
267,542,0.0035203809384256
1003,271,0.0035198957193642
291,89,0.0035195790696889
291,412,0.0035192493814975
290,232,0.0035188209731131
101,399,0.0035187737084925
188,735,0.0035187066532671
870,946,0.0035184877924621
290,156,0.0035178472753614
822,599,0.0035178454127162
188,490,0.003517800476402
928,968,0.0035177131649106
960,98,0.0035175082739442
280,884,0.0035170840565115
1106,466,0.0035170775372534
291,63,0.0035169157199561
870,747,0.003516603494063
267,96,0.0035159890539944
290,804,0.0035158230457454
291,576,0.0035156460944563
290,832,0.0035154516808688
1106,1095,0.0035152926575392
599,856,0.003515223506838
267,139,0.0035147597081959
449,437,0.0035147462040185
1106,184,0.0035146493464708
870,444,0.0035146104637533
280,1075,0.0035145296715199
449,124,0.0035144335124641
1106,878,0.0035143641289323
280,738,0.0035139205865561
101,248,0.0035134479403495
960,996,0.0035134367644786
478,1,0.0035124823916703
1045,507,0.0035121468827128
1045,14,0.0035114858765155
291,136,0.0035112062469124
822,653,0.0035111545585095
1045,832,0.0035111256875097
1106,916,0.0035106260329484
290,785,0.0035104749258607
1130,508,0.0035093980841338
1130,843,0.0035086281131953
272,426,0.0035083855036646
1106,543,0.0035081638488918
101,474,0.0035078837536275
290,1110,0.00350779783912
700,758,0.0035074537154287
599,218,0.0035063836257904
1045,978,0.0035059149377048
101,539,0.0035054967738687
1003,582,0.003505186876282
449,913,0.0035050658043473
478,104,0.0035050648730248
1130,958,0.0035047428682446
1045,996,0.003504317253828
1045,993,0.0035042136441916
1045,449,0.0035034143365919
101,619,0.0035033409949392
870,728,0.0035027707926928
267,119,0.003502597566694
960,943,0.0035020662471652
280,558,0.003501852042973
101,807,0.0035012864973396
928,1062,0.0035011717118322
290,555,0.0035006825346499
290,740,0.003500459017232
1045,875,0.0035001947544515
449,697,0.0035000680945813
1106,983,0.0035000501666218
928,687,0.0034991048742085
700,862,0.003498614532873
1106,187,0.0034985234960913
267,703,0.0034984967205673
478,134,0.0034983227960765
449,81,0.0034982881043106
1106,1013,0.0034981579519808
822,270,0.0034977570176124
1106,698,0.0034975120797753
1106,341,0.0034974459558725
290,358,0.0034972806461155
870,527,0.0034972375724464
101,949,0.0034971686545759
1045,709,0.0034971651621162
188,327,0.0034971004351973
1106,587,0.003496928140521
449,290,0.0034964068327099
1045,959,0.0034959986805915
267,871,0.0034955523442476
1003,19,0.003495497861877
1106,262,0.0034954561851918
449,552,0.003495018929243
290,1117,0.0034948587417602
478,1077,0.003494634758681
449,784,0.0034943476784974
449,619,0.0034943304490298
267,238,0.0034942242782562
449,702,0.0034940906334668
1106,872,0.0034939579199999
928,1091,0.0034939292818307
267,305,0.0034934983123093
1003,565,0.003493346972391
188,533,0.0034929595421999
928,279,0.0034924405626952
1045,491,0.0034923071507364
449,325,0.0034922633785754
1045,411,0.0034921721089631
17,424,0.0034921304322779
1003,59,0.0034920666366815
101,117,0.0034916352014988
101,1119,0.0034912067931145
1003,146,0.0034910547547042
17,431,0.0034906254149973
1045,1104,0.0034905585926026
449,730,0.003490547183901
928,461,0.0034903488121926
290,478,0.0034898570738732
1106,1030,0.0034896645229309
280,525,0.0034894221462309
1045,683,0.003489312948659
822,662,0.003489019582048
700,1024,0.0034890018869191
449,936,0.0034889022354036
1003,830,0.0034888025838881
928,398,0.0034885751083493
280,729,0.0034883033949881
1045,519,0.0034882761538028
1106,552,0.0034882451873272
1003,151,0.003488210728392
494,338,0.0034878151491284
449,855,0.0034877597354352
960,910,0.0034875737037509
188,592,0.0034871108364313
290,441,0.0034870551899075
822,535,0.0034868139773607
1045,277,0.0034867427311837
822,772,0.0034864284098148
822,728,0.0034862649627029
1106,60,0.0034856628626585
267,710,0.0034854379482567
449,11,0.0034852239768952
1106,955,0.0034851902164518
101,280,0.0034850768279284
1045,329,0.0034850451629608
928,1090,0.0034848041832447
928,416,0.0034846616908907
188,529,0.0034845517948269
974,438,0.0034845334012061
291,718,0.0034845143090933
449,690,0.0034844938199967
928,556,0.0034842919558286
17,608,0.0034842053428292
974,85,0.0034833559766411
280,787,0.0034833482932299
449,715,0.0034833392128348
449,1097,0.0034832970704883
1003,84,0.0034829976502805
290,490,0.0034825410693883
1106,57,0.0034825375769287
494,196,0.0034824344329535
1045,893,0.0034816788975149
101,556,0.0034811212681233
1003,495,0.0034806383773684
1003,933,0.0034804546739906
17,665,0.0034803100861608
101,42,0.0034801440779119
1106,956,0.0034800819121301
449,381,0.0034792467486113
1106,1006,0.0034791880752891
291,506,0.003479182254523
267,126,0.003478551050648
1003,445,0.0034782059956341
1003,118,0.0034781564027071
928,1048,0.0034774879459291
280,157,0.0034774646628648
267,261,0.0034772208891808
17,85,0.0034765400923788
478,386,0.0034764325246214
267,36,0.0034762246068567
1045,403,0.0034755936358124
494,399,0.0034754830412566
290,6,0.0034750602208077
291,129,0.0034748432226479
1045,794,0.0034747165627777
280,540,0.0034745258744806
700,704,0.003474440658465
478,708,0.0034743642900139
449,321,0.0034741612616926
1106,309,0.0034740080591291
1045,979,0.003473648102954
928,655,0.0034730723127722
290,876,0.0034723680000752
960,46,0.0034720425028353
449,96,0.0034719756804406
1045,406,0.0034717174712568
291,705,0.0034714259672909
1003,622,0.0034711668267846
1003,35,0.0034709363244473
188,10,0.0034705547150224
101,885,0.0034704806748777
870,588,0.0034697984810918
290,773,0.0034694836940616
822,93,0.00346913584508
494,778,0.0034690713509917
1130,1009,0.003468521637842
822,1118,0.0034685127902776
960,1026,0.0034685002174228
960,498,0.0034684126731008
1130,501,0.0034683512058109
449,374,0.0034676850773394
478,68,0.0034674545750021
449,622,0.0034673614427447
101,35,0.0034668820444494
449,450,0.0034668494481593
1106,241,0.0034662999678403
449,881,0.0034659346565604
291,759,0.003465553978458
1003,610,0.0034654047340154
1003,229,0.0034650596790015
928,883,0.0034642661921679
1045,216,0.0034640289377421
1045,471,0.0034638436045497
478,221,0.0034637912176549
101,883,0.0034636659547686
870,285,0.0034635339397937
17,954,0.0034634924959391
1130,1021,0.0034632307942956
1003,1101,0.0034632263705134
1106,76,0.0034632254391908
101,805,0.0034629101864993
960,274,0.0034627458080649
928,636,0.0034627269487828
700,251,0.0034623716492205
17,1055,0.0034622543025761
290,115,0.0034616198390722
1003,219,0.0034613583702594
1045,584,0.0034612787421792
290,1030,0.0034612226299941
870,752,0.0034608726855367
267,503,0.0034606198314577
1045,107,0.0034603890962898
291,37,0.0034596980549395
960,323,0.0034589970018714
267,193,0.0034582654479891
822,395,0.0034580372739583
700,1069,0.0034577234182506
928,752,0.0034575012978166
17,995,0.0034573771990835
449,527,0.0034573015291243
280,108,0.0034570905845612
101,315,0.0034570666030049
822,1063,0.0034568870905786
1045,703,0.0034568170085549
1003,460,0.0034561636857688
290,947,0.0034560610074549
291,566,0.0034556675236672
267,337,0.003455629106611
870,39,0.0034553033765405
101,729,0.0034551140852272
822,154,0.003454839112237
449,1013,0.0034548286348581
870,198,0.0034545287489891
1130,873,0.0034543508663773
1106,47,0.0034541734494268
928,234,0.0034540297929197
449,724,0.0034539264161139
1045,812,0.0034537478350102
1045,341,0.0034533597063273
267,92,0.0034533075522631
822,1125,0.0034532316494733
291,1092,0.0034532251302152
280,362,0.0034530996344983
449,168,0.0034529471304267
494,88,0.0034527769312262
280,998,0.003452370641753
928,193,0.0034511755220592
599,266,0.0034507841337472
1045,417,0.0034507168456912
478,443,0.003450624179095
188,711,0.003450074698776
101,40,0.0034500036854296
280,818,0.0034500032197684
449,539,0.0034499242901802
290,719,0.0034498944878578
449,104,0.0034498411696404
928,782,0.0034498220775276
494,833,0.0034495734144002
279,268,0.0034495540894567
101,423,0.0034487585071474
974,542,0.0034487366210669
1130,924,0.0034484982024878
822,854,0.0034484472125768
449,145,0.0034483440686017
700,162,0.0034481920301914
17,479,0.0034476048313081
291,327,0.0034475461579859
1106,1091,0.003447130555287
1045,653,0.0034471077378839
1003,208,0.003446867223829
272,308,0.0034466697834432
449,1085,0.0034461200702935
1106,55,0.0034450702369213
280,750,0.0034450583625584
101,766,0.0034448627848178
290,9,0.003444833215326
494,31,0.0034447759389877
449,639,0.0034444706980139
1106,232,0.0034444618504494
822,188,0.0034443875774741
974,114,0.0034433042164891
449,517,0.0034431817475706
188,954,0.0034429468214511
1045,906,0.0034424429759383
960,119,0.0034420995507389
188,528,0.0034415782429277
291,431,0.0034415593836456
1130,988,0.0034412927925586
974,1051,0.0034411989618092
101,597,0.0034411007072776
1045,129,0.0034409223590046
101,46,0.0034406338818371
1045,441,0.0034404317848384
1045,639,0.0034402317833155
17,429,0.0034394839312881
494,49,0.0034392352681607
17,575,0.0034391672816127
822,684,0.0034390680957585
1106,326,0.0034376939292997
494,508,0.0034376163966953
822,54,0.0034376026596874
449,989,0.0034373912494629
1003,726,0.0034371656365692
1045,221,0.0034371339716017
267,121,0.0034370240755379
449,529,0.0034366080071777
822,266,0.0034364010207355
960,774,0.0034363321028649
290,764,0.0034362357109785
449,553,0.0034359293058514
449,870,0.0034355737734586
928,531,0.0034354527015239
449,371,0.0034350065980106
1045,962,0.003434395417571
290,495,0.0034335823729634
17,144,0.003433124627918
290,807,0.0034330999478697
928,744,0.0034329753834754
267,1026,0.0034324808511883
291,248,0.0034323828294873
1045,974,0.0034323662985116
449,313,0.0034321462735533
478,705,0.0034320345148444
1045,599,0.0034315066877752
928,930,0.0034314300864934
928,428,0.0034314189106225
1045,454,0.0034313236828893
17,977,0.0034312824718654
1106,285,0.0034312484785914
280,12,0.0034308640751987
101,39,0.0034305003937333
449,1044,0.0034304661676287
1045,834,0.0034303870052099
494,34,0.0034303406719118
1045,1118,0.0034302638377994
1130,562,0.0034300368279218
478,999,0.0034300053957849
449,844,0.0034291094634681
449,200,0.0034290137700736
280,789,0.0034289059694856
101,806,0.0034288759343326
449,848,0.0034287578891962
1106,28,0.0034283951390534
279,1074,0.003428054973483
700,7,0.0034280442632734
1003,954,0.0034279748797416
449,618,0.003427451942116
291,392,0.0034270815085619
1003,8,0.0034268696326762
101,49,0.0034267753362655
870,1091,0.0034267352893948
928,535,0.0034265564754605
279,542,0.0034261397086083
870,575,0.0034253788180649
928,235,0.0034252891782671
822,805,0.0034251045435667
17,67,0.0034248260781168
279,1056,0.0034245692659169
101,666,0.0034245464485138
478,23,0.0034245389979332
1106,793,0.0034243904519826
188,264,0.0034235736820846
290,1065,0.0034234046470373
290,146,0.0034226896241307
494,848,0.0034222563263028
1003,47,0.0034220977686345
290,1111,0.0034218293149024
1003,989,0.0034212835598737
267,779,0.0034203801769763
1045,146,0.0034203443210572
449,582,0.003420311724767
1045,699,0.0034196786582469
822,246,0.0034196542110294
1003,359,0.0034190954174846
928,563,0.003418997162953
822,233,0.0034188544377684
267,83,0.0034187280107289
267,943,0.0034186507109552
101,611,0.0034182651434093
1106,483,0.0034181149676442
449,1103,0.0034180325455963
928,130,0.0034177869092673
267,1081,0.0034176423214375
279,195,0.0034175240434706
280,983,0.0034171543084084
101,234,0.0034171270672231
272,974,0.0034166269470006
928,1024,0.0034163340460509
1045,831,0.0034162222873419
928,954,0.0034161219373345
928,295,0.0034158865455538
1106,1027,0.0034156606998294
17,539,0.0034155861940234
280,289,0.0034151338040828
290,783,0.0034150646533817
974,598,0.0034140481147915
267,946,0.003413951722905
1003,300,0.0034133589360862
449,212,0.0034131205175071
291,1023,0.0034128234256058
17,44,0.0034121982753276
290,878,0.0034121279604732
101,757,0.0034120401833206
1045,423,0.0034118972253054
1130,1119,0.0034116820897907
267,465,0.0034116385504603
1106,358,0.0034116357564926
870,229,0.0034110369160771
17,1120,0.0034109309781342
449,842,0.0034107691608369
290,382,0.0034107661340385
1106,1025,0.0034106343518942
1003,252,0.0034104017540812
1130,840,0.0034103617072105
700,561,0.0034102567005902
280,494,0.0034097270108759
822,91,0.0034092536661773
290,843,0.0034086457453668
700,557,0.0034083609934896
1130,155,0.0034082517959177
1003,193,0.0034079975448548
449,240,0.00340754003264
272,868,0.0034071390982717
290,649,0.0034067432861775
290,449,0.0034065989311784
928,557,0.0034065879881381
1130,872,0.0034061474725604
1003,15,0.0034057518932968
267,959,0.0034056869335472
494,676,0.0034056033473461
17,249,0.0034054287243634
449,254,0.0034050808753818
101,76,0.0034049502573907
928,160,0.0034046561922878
1003,1071,0.0034042603801935
1045,426,0.0034036382567137
101,165,0.0034025497734546
1045,1082,0.003402383532375
928,420,0.0034022987820208
449,739,0.0034022750332951
494,427,0.0034020384773612
290,234,0.003401814494282
101,116,0.0034015879500657
928,902,0.0034010135568678
494,420,0.0034008896909654
449,583,0.003400782123208
822,48,0.0034007646609097
1106,809,0.0034006959758698
291,960,0.0034006184432655
101,434,0.0034004647750407
449,1086,0.0034004135522991
449,349,0.0034002086613327
267,908,0.0034001122694462
822,478,0.0034000768791884
101,119,0.003399888286367
1045,911,0.0033988601062446
290,949,0.0033988582435995
1106,732,0.0033985399641096
449,890,0.0033984908368438
449,493,0.0033981655724346
974,1092,0.0033975567203015
700,986,0.0033974489197134
17,274,0.0033971581142395
822,1114,0.0033962894231081
1045,560,0.0033957981504499
928,326,0.003395777195692
17,652,0.0033954810351133
188,723,0.0033953823149204
1045,829,0.003395241452381
478,1086,0.0033950274810194
17,615,0.0033944093156605
870,93,0.0033943785820156
17,983,0.0033940656576305
188,895,0.0033927732147276
290,659,0.0033922989387065
188,839,0.0033922421280294
700,594,0.0033920581918209
870,37,0.0033918444532901
478,442,0.0033917322289198
1045,286,0.0033916286192834
928,530,0.0033912190701812
870,703,0.0033910502679646
291,480,0.003390465164557
449,114,0.0033890316262841
290,813,0.0033889538608491
1106,716,0.0033888041507452
449,1094,0.003388135228306
1045,908,0.0033881333656609
1003,473,0.0033874907530844
1045,664,0.003387487726286
449,832,0.0033872483763843
1106,774,0.0033871252089738
928,964,0.0033869808539748
870,518,0.0033869654871523
449,902,0.0033868229947984
267,154,0.003386559896171
974,217,0.0033865047153085
1003,378,0.0033858665265142
101,96,0.0033852222841233
449,188,0.0033848483581095
928,698,0.0033844809513539
1130,739,0.003384226700291
291,194,0.0033840823452919
494,1091,0.0033838136587291
101,511,0.0033833587076514
279,1107,0.0033832907211035
290,517,0.0033832860644906
1045,254,0.0033830020111054
1130,657,0.0033826157450675
960,665,0.0033824911806732
700,1131,0.0033822958357632
17,581,0.0033821170218288
478,228,0.0033820597454905
101,129,0.0033817156217992
449,193,0.0033815817441791
700,284,0.0033811340108513
267,1019,0.0033810455352067
822,62,0.0033806834835559
599,1130,0.0033802560064941
700,884,0.0033800504170358
1045,971,0.0033799386583268
1130,306,0.0033798220101743
188,25,0.0033796648494899
290,915,0.0033793437760323
279,539,0.003378935623914
449,1074,0.0033789221197366
267,575,0.0033785481937229
822,329,0.0033777710050344
101,456,0.0033776457421481
17,467,0.0033775730989873
822,543,0.0033774708863347
272,1039,0.0033772964961826
478,684,0.0033771870657801
478,601,0.0033769097644835
1130,311,0.003376864362508
478,229,0.0033764692489057
17,870,0.0033761935774236
700,866,0.0033760820515453
449,105,0.0033760669175535
478,88,0.0033760534133762
267,732,0.0033758122008293
1045,144,0.0033755281474441
449,357,0.0033753500320017
870,567,0.0033752715680748
101,204,0.0033748247660696
1045,63,0.0033743770327419
700,193,0.0033740100916475
478,915,0.0033738194033503
290,459,0.0033738177735358
1106,338,0.0033737602643668
960,413,0.0033731518778949
291,1120,0.003373073413968
267,519,0.0033727742265909
1003,181,0.0033722876105457
870,949,0.0033719656057655
1003,561,0.0033719569910317
188,339,0.0033719511702656
700,817,0.0033718349877744
1003,542,0.0033717157784849
960,688,0.0033715500030666
700,633,0.003371300175786
449,584,0.0033709446433931
822,880,0.0033695776946842
1003,119,0.0033689232077449
291,743,0.0033687620889395
449,949,0.0033686312381178
1130,96,0.0033677327446639
1003,350,0.0033676396124064
478,138,0.0033671581186354
960,126,0.0033671206329017
478,52,0.0033670929260551
1130,620,0.0033667623065412
870,1083,0.003366642165929
1106,590,0.0033662407658994
1045,1014,0.0033657066524028
449,93,0.0033655324950814
101,797,0.003365243319422
1130,761,0.0033652218990027
1003,1092,0.0033649180550128
928,716,0.0033647816162556
478,689,0.0033646377269178
822,787,0.0033646239899098
822,645,0.003364109667018
272,409,0.003364055417478
1003,474,0.0033637464512139
449,198,0.0033634132705628
822,374,0.0033633760176599
17,351,0.0033633667044341
101,36,0.0033632207196205
478,1095,0.003362767631188
700,255,0.003362703602761
478,266,0.0033624495845288
291,1061,0.0033622551709413
1003,444,0.003362251445651
1045,750,0.0033621368929743
290,614,0.0033619655296206
1045,943,0.0033612211700528
822,759,0.0033610558602958
1003,228,0.0033610474783927
478,577,0.0033609855454415
188,298,0.003360800910741
449,864,0.0033596560824662
1045,1015,0.0033595198765397
17,457,0.0033593743573874
290,176,0.0033592069521546
599,967,0.003358939429745
928,627,0.0033583224285393
188,896,0.0033581487368792
101,839,0.0033576607238501
1003,897,0.0033575815614312
974,434,0.0033571370877325
101,707,0.0033569720108062
17,1101,0.0033567096106708
822,1071,0.0033566830679774
188,939,0.0033565571065992
280,830,0.0033563235774636
928,893,0.0033560793381184
1130,199,0.0033560313750058
280,199,0.0033555945847183
1106,785,0.0033546339254826
478,1079,0.0033537757117301
267,760,0.0033537629060447
1045,990,0.0033536611590534
478,76,0.0033521787263453
280,712,0.0033521419391036
280,495,0.0033519996795803
290,416,0.0033513396047055
870,182,0.0033506471663713
1045,630,0.003349698614329
1130,1003,0.0033492837101221
822,61,0.003349051810801
1130,647,0.003349028294906
870,471,0.0033488878980278
700,290,0.0033486308529973
822,512,0.0033484483137726
101,363,0.0033483228180557
1130,1125,0.0033478310797363
478,530,0.0033475861418992
1003,369,0.0033464562147855
291,307,0.0033456820528954
1045,465,0.0033453912474215
188,917,0.0033453623764216
449,82,0.0033453295473009
17,1003,0.0033452548086643
928,948,0.0033449281472712
280,919,0.0033448680769652
101,727,0.0033447947353124
449,699,0.0033446899615228
1130,1111,0.0033445407170802
1003,82,0.0033442953135818
1045,759,0.00334402336739
280,885,0.0033439053222537
17,702,0.0033436997327953
1045,742,0.0033436371013522
267,20,0.003343450371176
188,928,0.0033425888977944
280,670,0.0033421947155147
291,306,0.003341881558299
478,245,0.0033418729435652
870,665,0.0033418352250009
101,914,0.0033409351017326
870,530,0.0033409160096198
17,1009,0.0033401940017938
928,540,0.0033401597756892
1045,400,0.0033400941174477
290,476,0.0033399306703358
290,745,0.0033396207727491
478,115,0.0033392230980098
1045,637,0.0033391744364053
188,37,0.0033384922426193
1045,321,0.0033383618574589
822,24,0.0033382934052497
290,681,0.0033381965477019
870,209,0.0033377851359546
449,652,0.0033376570791006
1045,695,0.00333754112944
822,101,0.0033374938648194
928,956,0.0033374314662069
449,961,0.0033373082987964
478,788,0.0033372084144502
870,616,0.0033369173761457
101,128,0.0033368426375091
101,358,0.0033368016593158
1130,1089,0.0033367881551384
1045,995,0.0033367669675499
1003,1073,0.0033365888521075
822,596,0.0033364170230925
449,21,0.0033362854737788
290,983,0.0033362763933837
478,720,0.0033358305227011
188,698,0.0033356728963553
1045,957,0.0033355024643242
101,1048,0.0033351776655763
478,166,0.0033347446005791
291,332,0.0033345653209835
267,144,0.0033343045506626
291,914,0.0033340875525027
822,1120,0.0033340658992528
870,868,0.0033340177033096
291,1127,0.0033336554188281
960,676,0.0033335387706756
101,289,0.0033330954611301
700,287,0.003332502907142
272,387,0.0033316977787762
1130,1098,0.0033311354927718
291,1065,0.0033309489954262
17,1070,0.0033307697158306
599,2,0.0033304176758974
449,537,0.0033295631874352
449,213,0.0033295068424195
1106,102,0.0033290374558418
928,54,0.003328944556415
700,73,0.0033287203405052
1045,106,0.0033281105570495
291,822,0.0033278877381235
1106,198,0.0033273962326347
822,1036,0.0033272088039666
101,664,0.0033268590923398
700,666,0.0033268146216869
17,1041,0.0033267252147197
700,922,0.0033266171813011
1003,38,0.0033264309167861
974,983,0.0033263836521655
449,441,0.003326165722683
449,522,0.0033253312576562
290,929,0.0033251731656491
279,527,0.0033249775879085
290,1017,0.0033247696701437
449,369,0.00332458387129
1045,548,0.0033244020305573
17,676,0.0033242274075746
928,435,0.0033241203054785
291,344,0.003324054647237
188,435,0.0033235882874578
449,1012,0.0033231533598154
291,264,0.0033230199478566
1106,611,0.0033229363616555
1130,285,0.0033228723332285
960,412,0.0033224667422473
267,937,0.0033222138881683
1045,246,0.003321848809719
188,376,0.0033217601012438
291,802,0.00332175148651
17,229,0.0033215896692126
1106,852,0.0033213850110769
494,212,0.0033209738321602
290,1126,0.0033203002531081
17,250,0.0033195109572261
1045,881,0.003319296054542
449,792,0.0033192909322679
290,776,0.0033190418034791
822,283,0.0033188078086823
1003,896,0.0033188054803758
291,505,0.0033187842927873
1045,918,0.0033187579829245
928,339,0.0033182934857904
1045,526,0.0033181589096784
974,383,0.0033181048929691
188,511,0.0033181018661707
449,726,0.0033180753234773
870,997,0.0033173542469739
267,807,0.0033173272386193
280,810,0.0033172636758536
478,588,0.0033171093091368
101,285,0.0033169919624924
449,479,0.0033169465605169
101,202,0.0033169079106301
280,205,0.0033166874200105
822,894,0.0033164473716169
449,97,0.0033164341002702
449,645,0.0033162257168442
17,1091,0.003315987996757
101,327,0.0033159267622977
188,1008,0.0033158734440803
822,254,0.0033157982397824
870,29,0.0033156669232994
101,635,0.0033154524862766
1106,276,0.003315333276987
822,9,0.003315137932077
290,401,0.0033143141772598
494,351,0.0033141830936074
449,929,0.0033139495644718
700,354,0.003313936991617
101,1120,0.003313657362014
17,827,0.0033134031109511
188,947,0.0033132946118712
478,998,0.0033128114882856
928,675,0.0033122294116765
478,1063,0.0033122061286121
279,29,0.0033121516462415
478,264,0.0033120620064437
280,780,0.0033117025159299
1045,814,0.0033113998360931
449,83,0.0033109330106526
478,969,0.0033108317293226
1003,902,0.0033102196175605
478,93,0.0033100889995694
1045,45,0.0033097914420068
478,804,0.0033097809646278
478,156,0.003309718798846
290,58,0.0033097064588218
449,1031,0.0033093981910496
17,56,0.003309260122478
449,40,0.0033087919000536
188,443,0.0033087823539972
1003,806,0.0033083790913224
291,490,0.0033083357848227
188,380,0.0033072342630475
700,957,0.0033071644138544
974,260,0.0033070384524762
280,256,0.003307020291686
928,629,0.0033069639466702
700,138,0.0033063236624002
101,879,0.0033057096879929
1045,348,0.0033056626562029
290,769,0.0033054794184863
1045,965,0.0033054507803171
960,311,0.0033053958322852
101,470,0.0033050156198441
449,753,0.0033047031611204
188,965,0.0033045373857021
974,793,0.0033043976873159
279,286,0.0033041622955352
1045,16,0.0033041054848581
960,399,0.0033035851083695
974,391,0.0033031925559043
1003,245,0.0033027557656168
267,742,0.0033022963907569
449,274,0.0033014202490448
290,967,0.0033013769425451
290,779,0.0033010032493621
188,402,0.0033003664575517
960,44,0.0033002637792378
267,221,0.0033000835683196
280,302,0.003299749456346
1045,181,0.0032994449138641
188,85,0.0032994416542351
928,1122,0.0032990709878504
449,888,0.0032985482830554
928,582,0.0032984009012579
822,1024,0.0032981550320982
291,1082,0.0032979862298816
17,76,0.003297951305285
1130,252,0.0032978937961161
188,654,0.0032972311601042
700,952,0.003297054907307
1106,1100,0.0032970204483717
928,195,0.0032969412859529
1106,689,0.0032964623533189
449,459,0.0032964190468192
1003,416,0.0032962660770863
1045,95,0.0032960043754428
17,163,0.0032958639785647
280,959,0.0032956479117274
928,804,0.0032954493071883
267,875,0.0032953915651887
188,913,0.0032950115855783
449,956,0.0032946916762739
700,776,0.0032946483697742
928,241,0.0032945685088634
1045,458,0.0032945466227829
700,142,0.0032937852665781
1045,813,0.0032936781644821
1106,273,0.0032930735033005
449,80,0.0032925996929407
101,859,0.0032925142440944
280,202,0.0032924888655543
280,665,0.0032913065515458
267,870,0.0032912178430706
822,812,0.0032911538146436
1003,511,0.0032909414730966
290,833,0.0032905631233006
291,604,0.003290144028142
870,579,0.0032898404169827
188,219,0.0032894960604608
17,1026,0.0032894168980419
101,623,0.0032891749870032
267,829,0.0032879896461963
478,783,0.0032878085039556
1130,1033,0.0032876725308597
17,739,0.0032874490134418
1045,723,0.0032871873117983
279,796,0.0032868231646716
449,1069,0.0032862124498933
17,1122,0.0032862008083611
478,830,0.0032860280480235
101,868,0.0032858189661055
1106,42,0.0032857898622751
1045,457,0.0032857505138963
291,159,0.0032855209428817
960,9,0.0032850543502718
101,278,0.0032850501593202
870,809,0.0032849255949258
1045,374,0.0032849048729985
1106,289,0.0032847828697413
267,39,0.0032844829838722
291,318,0.0032840678468346
1003,420,0.0032835111487656
1106,962,0.0032833246514201
1106,151,0.0032828811090439
449,511,0.0032825407106429
267,43,0.0032823723740875
870,873,0.003282316494733
290,505,0.0032822648063302
1045,264,0.0032821428030729
1106,233,0.0032821176573634
17,202,0.0032820536289364
449,683,0.0032819018233567
449,876,0.0032819001935422
279,974,0.0032816661987453
1045,935,0.0032812457066029
280,1128,0.0032809141557663
1106,58,0.003280907170847
267,548,0.0032809034455567
1003,85,0.0032806887757033
822,432,0.0032805630471557
101,1122,0.0032800843473523
101,933,0.0032800615299493
449,707,0.0032798056490719
267,1060,0.0032797597814351
290,489,0.0032795562874525
267,376,0.003279527882114
928,891,0.0032794876024127
1106,565,0.0032788708340376
974,49,0.0032788002863526
188,559,0.003278792835772
101,435,0.0032787367235869
290,1076,0.0032786321826279
449,1000,0.0032785376533865
494,401,0.0032783367205411
1045,860,0.0032779339235275
700,299,0.0032775194849818
478,703,0.0032772636041045
267,1009,0.0032767981756478
449,273,0.0032767127268016
279,256,0.0032765567302703
17,856,0.0032764291390776
188,938,0.0032762072514742
822,939,0.0032753983978182
822,427,0.0032752694096416
449,1114,0.0032752584666013
449,591,0.0032749567180871
290,436,0.0032748687081038
291,1021,0.0032748358789831
928,479,0.0032746298238635
279,6,0.0032746179495006
700,184,0.0032742829062044
1045,659,0.003274135524407
280,467,0.0032740046735852
291,1030,0.003273757174611
1130,404,0.0032732104882597
870,760,0.0032729634549468
290,1024,0.0032724658958613
290,823,0.0032723192125558
1106,810,0.0032722956966608
700,645,0.0032722130417823
928,366,0.0032720509916543
291,661,0.003272024448961
700,631,0.0032717974390834
822,115,0.0032717855647206
290,771,0.0032714440021663
822,878,0.0032712230458855
960,18,0.0032711927779018
700,452,0.0032709517981857
188,381,0.0032699804287403
700,436,0.0032697746064513
267,804,0.0032697401475161
494,865,0.0032697124406695
291,166,0.003269326640293
267,40,0.0032693052198737
280,1062,0.0032689042855054
101,406,0.0032686295453459
101,594,0.0032685478217899
188,465,0.0032683226745575
188,1079,0.0032682134769856
290,269,0.0032676747068762
960,7,0.0032676018308848
822,824,0.0032672546803951
280,603,0.0032669024076312
291,1053,0.003266411833465
291,999,0.0032662958838045
1045,766,0.0032661142759025
267,1006,0.0032659682910889
267,58,0.0032655037939548
1045,22,0.0032653815578669
1106,734,0.0032653748057782
478,633,0.0032642162404954
267,810,0.0032633070368319
291,239,0.003262824146077
822,378,0.003262668615207
870,15,0.0032619216945022
960,155,0.0032618821132928
960,939,0.0032617168035358
478,847,0.0032615514937788
822,160,0.0032614911906421
478,158,0.0032611633650958
291,793,0.003260773839429
478,193,0.0032607177272439
478,727,0.003260682336986
188,1081,0.0032606681343168
1130,216,0.0032606404274702
1106,194,0.0032603540457785
280,21,0.0032603344880044
267,999,0.0032601226121187
1106,478,0.003259144257754
267,755,0.0032583232969045
1106,898,0.0032581044360995
1130,939,0.0032576762605458
928,98,0.0032575894147157
267,42,0.0032571088522672
1106,639,0.0032565903384238
1045,603,0.0032565202564001
449,4,0.0032565004657953
478,961,0.0032564995344728
870,904,0.003256497438997
1003,782,0.0032564885914325
478,13,0.0032562643755227
280,8,0.0032561195548623
291,1098,0.0032559111714363
267,749,0.003255819203332
280,775,0.0032556999940425
928,984,0.0032556997612118
822,859,0.0032556597143411
267,391,0.0032555884681642
1045,111,0.0032553824130445
17,489,0.0032547407317906
1003,621,0.0032546925358474
1045,412,0.0032544264104217
101,155,0.0032541467808187
1130,539,0.0032536301296204
17,48,0.0032535817008465
449,1034,0.0032535083591938
272,937,0.0032534457277506
280,720,0.0032534326892346
1045,76,0.0032532045152038
267,628,0.0032531847245991
960,871,0.0032527598086744
870,682,0.003251779358834
700,612,0.0032509113661944
478,747,0.0032508291769772
1045,384,0.0032508096192032
101,252,0.0032502815593034
478,810,0.0032500769011676
188,758,0.003249823115766
17,410,0.0032493236940354
267,510,0.0032492517493665
494,36,0.003249074332416
280,856,0.0032489199656993
960,466,0.0032484205439686
291,375,0.0032482973765581
188,618,0.0032479874789714
822,1097,0.0032478971406817
449,901,0.0032478841021656
449,343,0.0032469513826072
928,650,0.0032468861900269
291,119,0.0032467008568346
928,768,0.003246353007853
1003,604,0.0032461618538945
700,332,0.0032459159847348
267,136,0.0032453099265694
267,627,0.0032452188897877
1003,470,0.0032450202852487
822,700,0.0032448549754917
1045,845,0.0032446405384689
1045,528,0.0032443748787045
822,1042,0.0032443329691886
822,636,0.0032442968804389
449,577,0.0032432724256068
960,248,0.0032430840656161
291,132,0.0032428610138595
1045,543,0.0032427951227873
1045,350,0.0032416372559964
599,910,0.003241112222895
280,512,0.0032410849817097
1106,995,0.0032405671663582
290,920,0.0032404968515038
1106,9,0.0032399897463619
101,930,0.0032388900872319
822,947,0.0032388616818934
494,504,0.003238433972001
17,299,0.0032383678480982
1003,273,0.0032382246572524
17,165,0.0032378418836742
290,903,0.003237372264266
928,447,0.00323719647713
700,140,0.0032363950740545
101,443,0.0032355959992855
1045,194,0.0032354232389479
280,595,0.003235365031287
101,1055,0.0032353117130696
1106,254,0.0032352255657315
478,258,0.003234889358282
870,426,0.0032346206717193
101,247,0.0032343433704227
928,717,0.0032340430188924
1045,518,0.0032337827142328
1003,376,0.0032337410375475
974,672,0.0032336364965885
290,987,0.0032334187999367
279,554,0.0032331875991076
478,376,0.003233099123463
291,109,0.0032327261287719
280,876,0.0032325920183211
1130,1097,0.0032321992330253
279,522,0.0032321175094693
1003,735,0.0032320946920663
928,243,0.003232070012018
928,853,0.0032317626755684
1003,829,0.0032317026052623
101,132,0.00323102530092
822,337,0.003230947535485
267,131,0.0032308779191225
1106,504,0.0032307787332683
960,965,0.0032306709326803
291,250,0.0032305903732776
928,78,0.0032303233165293
290,660,0.0032302679028362
280,410,0.0032296869903802
188,165,0.003229149384424
1106,2,0.0032290590461343
1045,328,0.0032289642840623
1045,151,0.0032287382055073
1045,783,0.003228684188798
1003,422,0.003228509100154
478,250,0.0032279167789965
928,690,0.0032270336523652
960,924,0.0032265512272715
822,993,0.00322647835128
267,596,0.0032262958120554
822,265,0.0032259651925414
188,551,0.0032259139697998
478,748,0.003225106280297
700,15,0.0032249332871288
1106,427,0.0032245323527604
17,1015,0.0032242152374237
822,655,0.0032240604050457
960,893,0.0032239737920463
290,793,0.0032236757688224
280,468,0.0032232445664703
101,281,0.0032231037039309
974,647,0.0032230007927864
449,857,0.0032228976488113
449,1026,0.0032225525937974
1045,40,0.0032224473543465
267,899,0.0032223991584032
822,906,0.0032223267480731
1130,1092,0.0032222177833318
700,575,0.0032222061417996
1045,318,0.0032221800647675
822,464,0.0032221700530499
101,620,0.0032220634166151
1045,1031,0.0032214848324656
280,821,0.0032209260389208
960,234,0.0032208561897277
17,557,0.0032206850592046
822,85,0.0032200939022004
449,163,0.0032199525739997
700,1126,0.0032198727130889
478,681,0.0032198349945247
960,1031,0.003219611942768
280,418,0.003219598904252
974,659,0.0032189670018851
974,29,0.0032188992481678
822,303,0.003218776313588
101,326,0.0032186170574277
267,358,0.0032185297459363
974,580,0.0032180598936975
478,560,0.0032178421970456
870,719,0.0032177995890378
449,327,0.0032172943465411
1003,1033,0.0032171842176467
279,1080,0.0032170116901397
449,557,0.0032166491728276
1106,824,0.003216094803065
478,1036,0.0032160838600248
822,1077,0.0032160626724362
280,76,0.0032160331029444
822,384,0.0032158910762518
290,253,0.0032158347312361
1045,19,0.0032157958485186
188,235,0.003215417265892
449,419,0.0032152901403605
478,809,0.0032148140016943
599,904,0.0032146861776709
494,273,0.0032145816367119
1045,660,0.0032143171411007
870,485,0.0032142624258995
928,166,0.0032140789553523
290,69,0.0032135914079844
280,1033,0.003213390475139
272,90,0.0032133308704942
267,349,0.0032132512424141
494,620,0.003212810261175
1045,478,0.0032123604323714
280,258,0.0032122358679771
449,644,0.0032119958195835
449,1046,0.0032117157243192
290,791,0.0032113750930875
928,924,0.003211302915588
17,320,0.0032110237516462
280,413,0.0032108449377119
822,639,0.0032102558761835
290,570,0.0032099250238388
449,185,0.0032092710025608
478,1112,0.0032090446911752
17,504,0.003208945505321
280,1071,0.003208625363186
188,545,0.0032083115074783
1106,939,0.0032081604003906
267,397,0.0032081459648907
1130,531,0.0032074791379272
1045,795,0.0032074023038148
290,35,0.0032073040492832
101,104,0.0032072702888399
1003,776,0.0032069324515759
928,515,0.003206810215488
291,65,0.0032068074215203
928,484,0.0032067459542304
1045,751,0.0032067380379885
822,604,0.0032063676044344
290,706,0.0032061950769275
1106,695,0.0032059932127594
1003,732,0.0032058823853731
291,577,0.0032057403586804
822,142,0.0032057070638984
478,1039,0.0032047990243881
1045,735,0.003204388776794
822,104,0.0032041678205132
928,22,0.0032041347585618
870,139,0.0032040765509009
272,275,0.0032039398793131
478,879,0.0032038197387009
1045,758,0.0032037151977419
188,7,0.0032034236937761
267,876,0.0032032693270593
291,702,0.0032031254377216
17,126,0.003203006228432
449,749,0.0032026281114667
478,311,0.003202405758202
101,113,0.0032023212406784
1130,1018,0.0032022017985582
1106,986,0.0032021997030824
17,89,0.0032020704820752
101,513,0.0032017759513109
822,979,0.0032016446348279
101,23,0.0032014725729823
478,1074,0.0032011331059038
291,456,0.0032011298462748
290,306,0.0032008471898734
478,596,0.0032007056288421
280,949,0.003200676292181
279,1051,0.0032003205269575
822,796,0.0032000164501369
870,248,0.0031995105091482
870,487,0.003199363593012
928,623,0.0031992294825613
960,946,0.0031988904811441
928,702,0.0031987749971449
1106,382,0.0031987512484192
17,423,0.0031987377442419
101,344,0.0031980245839804
960,888,0.0031973612494766
928,868,0.0031972373835742
17,964,0.0031971700955182
1003,797,0.0031971186399459
290,107,0.0031967514660209
960,360,0.0031965456437319
974,11,0.0031957966275513
17,805,0.0031957500614225
291,309,0.0031957062892615
290,613,0.003195705357939
928,19,0.0031953430734574
1045,479,0.0031950164120644
272,260,0.0031945535447448
267,326,0.0031944487709552
290,437,0.0031941067427396
1003,891,0.0031937719322741
1045,353,0.0031933290883898
291,142,0.0031932715792208
188,151,0.0031930715776979
1045,1001,0.0031928713433444
928,749,0.0031928312964737
101,212,0.0031922357156872
290,857,0.0031919940374791
928,43,0.0031918073073029
478,318,0.0031909067183732
822,774,0.0031906422227621
1045,749,0.0031905113719403
188,441,0.0031903642229735
291,18,0.003190204501152
822,828,0.0031901861075311
1003,953,0.0031898452434688
478,1023,0.0031898068264126
1003,191,0.0031893206760287
290,578,0.0031890370883047
1130,181,0.0031889686360955
928,936,0.0031889108940958
449,234,0.0031889085657894
928,1057,0.0031888289377093
822,1023,0.0031873765401542
1045,346,0.0031871811952441
928,669,0.0031869281083345
974,730,0.0031861965544521
290,1053,0.0031860556919127
700,690,0.0031858587171882
1106,588,0.003185645211488
822,546,0.003185520414263
291,757,0.0031852195970714
1130,584,0.0031847374048084
449,43,0.0031844861805438
267,217,0.0031843504402786
449,811,0.0031841928139328
478,627,0.003184018889442
1003,16,0.0031839003786444
478,71,0.003183692228049
928,284,0.0031835418194532
478,271,0.0031834782566875
1130,443,0.0031832917593419
822,52,0.0031831164378672
290,951,0.0031829650979489
290,125,0.003182828426361
1106,494,0.0031828123610466
101,780,0.0031819380819797
700,609,0.0031817243434488
1003,672,0.0031813830137252
17,272,0.003181317821145
822,742,0.0031807366758584
1045,200,0.0031807136256247
822,687,0.0031806682236492
290,467,0.0031804686877876
1130,614,0.0031804193276911
291,652,0.0031802183948457
1045,1025,0.0031801653094589
1045,644,0.0031797478441148
822,29,0.0031794116366654
928,429,0.003179321065545
290,828,0.0031789836939424
1106,379,0.0031789210624992
928,67,0.003178710816428
822,221,0.0031785725150257
280,262,0.0031784637831151
1045,696,0.0031784388702362
478,188,0.0031780067365616
291,121,0.0031779082491993
449,528,0.0031778600532561
280,539,0.0031774633098393
928,371,0.00317710544914
700,746,0.0031766258180141
17,499,0.0031765361782163
1106,581,0.0031765168532729
267,19,0.0031764712184667
280,920,0.0031763685401529
449,744,0.0031763103324919
1106,438,0.0031762020662426
1106,626,0.0031761222053319
928,467,0.0031757359392941
267,793,0.0031757324468344
188,736,0.0031755696982145
449,354,0.0031754649244248
1106,650,0.0031753673683851
17,1085,0.0031748851761221
599,3,0.0031748416367918
1130,97,0.0031747452449053
1045,748,0.0031742581631988
291,338,0.0031736006494611
870,145,0.0031734756194055
17,178,0.0031733096111565
974,276,0.0031731892377138
478,737,0.0031731659546494
449,972,0.0031730264890938
974,232,0.0031720970291644
1106,165,0.0031718343961983
700,227,0.0031715962104499
1106,789,0.0031712311320006
960,810,0.0031708972528576
1106,551,0.0031707903835922
449,562,0.0031703768763691
267,71,0.00317032658495
1106,803,0.0031699519604444
280,490,0.0031693752389401
101,185,0.0031692492775619
822,896,0.0031691880431026
928,1071,0.0031690266914665
1106,566,0.0031683777924627
188,258,0.0031682276166975
822,156,0.0031675458885729
478,140,0.0031674427445977
478,284,0.0031674166675657
1106,915,0.0031672627665102
1045,1067,0.0031670613680034
291,520,0.0031669735908508
280,1012,0.0031668948940932
267,424,0.0031667544972151
1130,439,0.0031666804570704
267,378,0.0031654981430619
280,589,0.0031651188619434
280,299,0.0031650513410568
291,754,0.0031645507551729
928,114,0.003164259949699
1045,451,0.0031640750821679
188,663,0.0031637826468795
478,609,0.0031636855565011
822,420,0.0031636718194931
280,210,0.0031635256018489
290,402,0.0031633356120437
1130,140,0.0031631495803594
1130,379,0.003162728389725
870,58,0.0031626981217414
928,347,0.0031620974186807
280,191,0.0031620666850358
960,173,0.003161990083754
870,1080,0.0031618676148355
267,160,0.0031611116137355
822,659,0.0031607849523425
291,9,0.0031603046227246
928,1066,0.0031600608490407
700,74,0.0031598212663084
928,239,0.0031590349972248
449,731,0.0031588629353791
280,421,0.0031581344082951
1003,321,0.0031577746849507
928,187,0.0031574722379446
1130,653,0.0031571732833981
449,822,0.0031571534927934
449,852,0.0031570910941809
449,925,0.0031570391729474
267,159,0.0031568449921905
1003,1065,0.0031563637312501
974,155,0.003156341612339
272,391,0.0031558126211166
291,46,0.0031557960901409
1003,811,0.0031553790904581
267,388,0.0031549653504043
290,130,0.0031541313510388
267,672,0.0031540265772491
960,784,0.0031539045739918
188,524,0.0031536028254777
17,105,0.0031534158624708
101,228,0.0031534093432128
1003,656,0.0031533362343907
1045,37,0.0031533245928585
1045,568,0.0031532642897218
700,796,0.0031532375141978
960,606,0.0031530365813523
1003,1099,0.0031529709231108
870,492,0.0031527457758784
290,155,0.00315189990215
290,338,0.00315170455724
1106,297,0.0031515569426119
494,866,0.0031509057153016
291,526,0.003150820499286
1045,241,0.0031506537925451
188,403,0.0031503809150308
449,1019,0.003150304313749
700,112,0.0031502321362495
449,304,0.0031500656623393
494,814,0.0031499131582677
928,111,0.0031498319003731
928,544,0.0031497650779783
291,1109,0.0031497362069785
280,226,0.0031492202542722
494,435,0.0031491611152887
822,983,0.0031488677486777
700,236,0.0031488020904362
17,523,0.0031486335210502
822,1123,0.0031486281659454
700,428,0.0031484665814787
1045,1071,0.0031476281583309
267,590,0.0031476027797907
17,124,0.0031471115071326
1106,649,0.0031469073146581
928,731,0.0031465764623135
1045,495,0.0031463829800486
101,798,0.0031462630722671
267,410,0.0031460258178412
17,111,0.0031457850709557
1106,62,0.0031456369906663
101,1000,0.0031453892588615
280,380,0.0031452050898224
870,908,0.0031446043867617
290,210,0.0031443871557712
267,1040,0.0031443620100617
280,80,0.0031441014725714
101,1090,0.0031436581630259
700,480,0.0031435403507202
700,791,0.0031433841213583
267,499,0.0031432993710041
1045,798,0.0031429654918611
449,487,0.0031428136862814
101,958,0.0031426630448549
188,210,0.0031424593180418
1106,524,0.0031424255575984
974,392,0.0031422113534063
1130,866,0.0031421799212694
188,212,0.0031420721206814
928,486,0.0031420013401657
188,822,0.003141920082271
1045,839,0.0031413296237587
599,351,0.0031413191463798
1130,312,0.0031410993542522
822,881,0.0031409233342856
700,396,0.0031404988840222
822,388,0.0031401901505887
290,19,0.0031399624422192
449,267,0.0031399098224937
1003,104,0.0031396723352372
928,289,0.0031395894475281
700,1108,0.003139367327094
17,560,0.0031390970107167
17,367,0.0031389424111694
1003,128,0.0031386998016387
478,489,0.0031385880429297
280,81,0.0031385608017444
449,231,0.0031383347231894
280,234,0.0031382404267787
1045,797,0.0031382164452224
279,208,0.0031381752341985
291,630,0.0031378660351037
101,593,0.003137418301776
449,606,0.003137077204883
494,249,0.0031368061900138
1130,697,0.0031365379691123
928,670,0.0031362518202513
101,279,0.0031361714936792
291,333,0.0031361398287117
1106,345,0.0031359309796243
449,1083,0.0031359221320599
700,470,0.0031358380801975
290,312,0.0031353610102087
449,513,0.0031347929034382
822,6,0.0031345686875283
291,876,0.003134379396215
1045,1027,0.003134319325909
1045,1114,0.0031340720597654
291,127,0.0031340171117335
928,411,0.0031339917331933
449,641,0.003133573802188
1003,1006,0.0031333565711975
449,377,0.003133229445666
1003,804,0.0031330292113125
700,788,0.0031329665798693
928,1065,0.0031329072080552
960,291,0.0031328657642006
449,672,0.0031327954493463
449,469,0.0031327293254435
291,644,0.0031320611014962
280,697,0.0031319858971983
1003,592,0.0031317968387156
494,551,0.0031317526008933
822,1088,0.0031315423548221
449,284,0.0031315132509917
1045,84,0.0031314622610807
822,1029,0.0031313595827668
290,265,0.0031312510836869
822,386,0.0031312417704612
1130,727,0.0031312385108321
188,431,0.0031312017235904
291,797,0.0031309425830841
478,528,0.0031308012548834
290,852,0.0031307798344641
101,837,0.0031307737808674
928,165,0.0031307537574321
449,490,0.0031307274475693
928,662,0.003130602883175
290,818,0.0031305346637964
449,940,0.003129765857011
822,551,0.0031296703964471
17,95,0.0031295982189476
1003,331,0.0031294119544327
267,569,0.0031292906496673
101,507,0.0031288473401218
478,417,0.0031285686418414
1045,210,0.0031284566503018
267,268,0.0031284093856811
279,92,0.0031272140331566
1045,882,0.0031267092563211
1106,569,0.0031265183351933
1045,355,0.0031264456920325
280,55,0.0031263451091945
280,751,0.0031261791009455
449,103,0.0031260894611477
1003,856,0.003126033116132
928,423,0.0031258221715688
188,991,0.003125672461465
290,451,0.0031255166977643
17,277,0.0031253152992576
267,745,0.0031252983026206
1045,886,0.0031249339226633
974,279,0.0031248989980667
700,864,0.0031245537102222
1003,633,0.0031245360150933
928,529,0.0031243683770298
290,123,0.0031241825781762
1045,562,0.0031241129618138
928,48,0.0031238733790814
478,905,0.0031236321665346
928,1056,0.00312350387685
974,611,0.0031228724401444
1045,311,0.0031228216830641
1045,652,0.0031225020065903
494,452,0.0031221651006489
17,52,0.0031220559030771
101,874,0.0031218959484249
1045,571,0.0031218307558447
291,710,0.0031217555515468
290,582,0.0031216572970151
449,506,0.0031212056055665
478,483,0.0031203411053866
188,251,0.0031197809148579
822,66,0.0031196640338748
494,661,0.0031196125783026
290,289,0.0031196039635688
928,949,0.0031195001211017
449,954,0.0031193403992801
822,918,0.0031191522721201
188,40,0.0031191403977572
822,436,0.0031189657747745
290,782,0.0031186824198812
101,1025,0.0031186731066554
478,779,0.0031185306143015
290,778,0.0031182870734483
291,667,0.0031181303784251
17,473,0.0031181201338768
1045,486,0.0031181105878204
291,168,0.0031180346850305
267,1013,0.0031178223434835
1045,765,0.0031177147757261
974,635,0.0031174877658486
280,212,0.0031169864814728
822,635,0.0031169366557151
280,741,0.0031166735570877
1045,1098,0.0031165743712335
1130,689,0.0031162905506789
928,1117,0.0031159406062215
700,614,0.0031158870551735
928,150,0.0031158856581896
449,1067,0.0031158479396253
822,447,0.0031156891491264
1045,427,0.0031153378076851
267,960,0.0031153114978224
17,256,0.0031150518916547
188,122,0.0031150365248322
267,191,0.0031142644584178
188,82,0.0031142588704824
290,543,0.0031129685230553
822,1010,0.0031129345297813
17,223,0.0031128451228141
17,450,0.0031127096153795
1130,476,0.0031127077527344
280,499,0.0031118267215788
478,619,0.0031116809695959
960,135,0.0031111724674701
928,245,0.003110960824415
449,1091,0.0031105005182325
101,67,0.0031103091314435
1045,1,0.0031100066844373
279,983,0.0031099228654056
478,437,0.0031098914332687
449,86,0.0031096786260604
267,692,0.0031092856079339
822,110,0.0031090995762497
188,507,0.0031089701224118
280,536,0.0031089351978152
822,366,0.0031087121460586
1106,1010,0.0031086159870028
822,237,0.0031085810624063
822,904,0.0031085778027772
478,203,0.0031085463706403
1003,743,0.0031083503272384
1130,1015,0.0031078062020242
101,787,0.0031075002625584
291,744,0.0031074052676558
870,217,0.0031069959513843
280,114,0.0031068210955709
267,76,0.0031055924482643
478,6,0.0031052948907017
700,185,0.0031050886027514
291,538,0.0031050809193402
291,452,0.0031050243414938
1106,393,0.0031050199177116
290,1026,0.0031050010584294
928,869,0.0031049947720021
478,397,0.0031049570534378
478,765,0.0031046068761497
280,332,0.00310446950607
928,207,0.0031041922047734
101,534,0.0031038590241223
291,993,0.0031033246777951
478,108,0.0031033209525048
101,149,0.0031032059341669
1003,486,0.0031031768303364
822,557,0.0031031419057399
822,577,0.0031026501674205
822,807,0.0031025810167193
870,137,0.0031025041826069
101,389,0.0031024878844618
290,236,0.0031020420137792
822,877,0.0031017726287245
449,453,0.003101606387645
928,413,0.0031008564401417
17,240,0.0031007975339889
101,677,0.0031007521320134
494,252,0.0031004806514829
291,678,0.0031001595780253
188,829,0.0031000839080661
700,961,0.0031000319868326
1045,1050,0.0030994995031505
1045,398,0.0030991237144917
280,699,0.0030988396611064
188,233,0.0030986366327852
960,476,0.0030984142795205
449,268,0.0030981602612882
267,517,0.003098149318248
17,694,0.003097950015217
17,358,0.0030977521091699
960,587,0.0030974519904702
1106,896,0.0030969365034252
1130,258,0.0030967991333454
188,108,0.0030967844650149
822,829,0.0030965728219598
1003,384,0.0030963299795985
449,283,0.00309588923119
101,794,0.0030955604743212
449,798,0.0030946522019803
870,231,0.0030945150647312
822,451,0.0030943346209824
1130,428,0.0030942556913942
291,4,0.0030941816512495
822,797,0.0030941520817577
449,465,0.003093448234722
101,929,0.0030932382214814
822,312,0.0030930745415389
478,787,0.0030928889755159
267,441,0.0030927385669201
449,218,0.0030926456674933
267,1104,0.0030920915305614
17,658,0.0030920400749891
1045,364,0.003091943450272
822,439,0.0030917008407413
101,180,0.0030915574170649
279,34,0.0030915525276213
974,445,0.0030910086352378
822,505,0.00309076346457
290,325,0.0030901038553565
1045,740,0.0030900894198566
1130,586,0.0030897373799234
478,1031,0.0030894663650542
478,661,0.0030894477386027
494,819,0.0030891434289515
478,753,0.0030888838227838
267,327,0.0030888447072356
1003,466,0.0030888430774211
291,96,0.0030887832399457
280,831,0.003088520374149
974,971,0.0030881366692483
290,894,0.0030876686796545
960,949,0.0030872980132699
267,971,0.003086895449087
1045,312,0.0030866565648466
267,1024,0.0030862533021718
960,388,0.0030860898550599
1106,980,0.0030860332772135
870,597,0.0030858211684972
101,378,0.0030852330382913
290,366,0.0030848002061247
478,641,0.0030847615562379
1003,600,0.0030844686552882
1003,295,0.0030840861145406
928,5,0.0030837468802928
822,1072,0.0030835019424557
449,295,0.0030835010111331
290,375,0.0030834993813186
290,330,0.0030826048459857
928,290,0.0030823985580354
478,310,0.0030822970438748
1045,1101,0.00308223743923
101,218,0.003082119859755
279,475,0.0030819808598607
17,505,0.0030817654915153
17,686,0.0030816094949841
478,854,0.0030813266057521
17,996,0.0030812569893896
291,343,0.0030805405694991
449,576,0.0030789300799369
280,791,0.0030783719848841
267,567,0.0030783037655055
928,992,0.003078289097175
449,301,0.0030782481189817
822,425,0.003077721921727
478,200,0.0030773675534874
17,867,0.0030773177277296
870,387,0.0030772148165851
700,1080,0.0030771966557949
700,240,0.003077195957303
272,202,0.0030771945603191
449,580,0.0030771559104323
188,729,0.003077148227021
928,849,0.0030767549760639
822,1035,0.0030765323899686
822,676,0.0030765121337026
290,874,0.0030763866379857
188,1053,0.0030763151589781
188,881,0.0030759798828512
1130,104,0.0030758834909647
17,881,0.0030758278444409
101,286,0.0030756318010389
494,660,0.0030754960607737
17,209,0.0030751167796552
928,1121,0.003074490930885
1045,175,0.0030744711402803
822,549,0.0030741160735487
1106,492,0.0030738580971956
1106,861,0.0030738420318812
494,785,0.0030734331812709
1045,876,0.0030734119936823
870,590,0.0030731437727808
1045,358,0.0030726911500096
1130,618,0.0030725698452442
272,195,0.0030723749659955
449,411,0.0030721006914973
267,668,0.003071968909353
17,738,0.003070923499763
280,195,0.0030702794902026
1003,1069,0.0030701279174536
1106,645,0.0030698454938828
101,60,0.0030696874018758
290,412,0.0030696419999003
267,235,0.0030694582965224
272,268,0.0030687830876559
1045,777,0.0030687584076076
822,204,0.0030687544494867
822,167,0.0030683539807796
1003,279,0.0030683081131428
291,673,0.0030681162606924
478,996,0.003067985875532
449,836,0.0030676391907036
1106,218,0.0030676005408167
478,1056,0.0030675642192363
700,752,0.0030674466397613
1045,1049,0.0030674336012452
928,121,0.0030670205596834
928,896,0.0030670107807964
700,268,0.0030665111262351
267,372,0.0030662268400192
267,192,0.0030660398770123
870,571,0.0030660147313028
279,894,0.0030659597832709
1106,536,0.0030659157782793
478,828,0.0030658880714327
1045,967,0.0030656424351036
1130,832,0.0030655884183943
188,1126,0.0030655802693217
17,477,0.003065435681492
280,737,0.003064997959882
280,232,0.0030649958644062
870,59,0.0030646538361907
188,325,0.0030645166989415
101,832,0.0030643474310636
101,268,0.0030643003992736
478,169,0.0030640431214123
188,1082,0.0030640291515737
279,988,0.0030638934113085
267,167,0.0030638840980827
290,235,0.0030636137817054
449,445,0.0030634228605777
101,647,0.0030630647670477
960,1023,0.0030628780368715
280,51,0.0030624542851001
822,920,0.003061881987378
449,569,0.0030618393793702
1045,773,0.0030618230812251
1045,895,0.0030616554431617
478,465,0.0030614777933806
478,401,0.0030613241251558
188,985,0.0030610568355768
1130,1121,0.0030607688240706
822,588,0.0030603676568716
700,610,0.0030600300524383
1045,88,0.003059840761125
478,30,0.0030592693947255
1045,343,0.0030592447146773
1106,977,0.0030592402908951
290,1120,0.0030589648522436
1003,184,0.0030586184002459
267,538,0.0030584456399083
267,352,0.0030579040758311
188,296,0.0030576058197766
449,137,0.0030575625132769
822,235,0.0030571138486266
1045,57,0.0030571084935218
267,956,0.0030570949893444
280,555,0.0030567324720323
1130,986,0.0030567261856049
280,144,0.0030566381756216
280,656,0.0030565110500901
101,123,0.0030561259482055
291,321,0.0030558190774172
928,573,0.0030556246638298
101,1002,0.0030555797275155
960,544,0.0030553836841136
449,866,0.0030553003307431
870,57,0.0030550779774785
1130,550,0.0030549329239875
494,820,0.003054741770029
478,744,0.0030547205824404
267,483,0.0030546193011105
279,627,0.0030544498004019
17,854,0.0030544057954102
478,738,0.0030542435124516
101,478,0.00305384141393
928,52,0.0030534856487065
449,347,0.0030533832032233
1003,344,0.0030524232424795
101,261,0.0030521608423441
700,29,0.003051908686757
822,19,0.0030514290556311
494,119,0.0030512521043419
1130,478,0.0030512167140841
17,26,0.003050735220313
928,903,0.0030502835288643
280,871,0.0030502760782837
1045,821,0.003050256986171
960,882,0.0030501186847686
101,567,0.0030497666448354
700,178,0.0030496679246425
1045,382,0.0030493759550154
960,604,0.0030489200726151
101,605,0.0030489072669297
188,581,0.0030485764145851
1106,842,0.003048556856811
267,940,0.0030485012102872
700,507,0.0030482325237244
478,343,0.0030481810681521
494,268,0.0030480350833386
478,143,0.0030479340348392
17,492,0.003047612728551
280,759,0.0030474832747131
478,1009,0.0030474117957055
290,842,0.0030473354272544
449,367,0.0030472974758595
1045,984,0.0030471282079815
17,333,0.0030471053905785
280,957,0.0030469084158539
960,877,0.0030464536976069
280,974,0.003046341240406
1106,786,0.0030461512506008
822,7,0.0030461007263511
700,702,0.0030460993293672
822,119,0.0030458921100944
928,935,0.0030458052642643
494,858,0.0030457219108939
822,134,0.0030456199310719
188,880,0.0030454308725893
960,465,0.0030453975778073
101,881,0.0030453223735094
1003,392,0.0030452301725745
280,185,0.0030448951292783
870,572,0.0030448609031736
17,907,0.0030445728916674
1003,92,0.0030438809189945
101,187,0.0030435945373028
1106,185,0.0030435509979724
494,285,0.0030431984923779
928,459,0.0030430590268224
188,569,0.0030429251492023
101,98,0.0030429053585976
17,460,0.0030420671682804
1045,1093,0.0030420606490224
280,893,0.0030420441180467
291,807,0.003042013850063
279,910,0.0030419365502893
290,243,0.0030417980160564
17,34,0.0030414210632443
1003,234,0.0030411873012781
280,301,0.0030407940503209
291,956,0.003040648298338
290,853,0.0030406054574996
870,51,0.0030404750723391
960,785,0.003040287643671
494,7,0.0030402482952922
700,583,0.0030398708768188
1130,1062,0.0030397367663681
279,232,0.0030392934568226
700,592,0.0030388426966965
291,464,0.0030386080034077
101,220,0.0030384268611669
267,428,0.0030374324414879
700,313,0.0030369183514267
1106,605,0.0030368694569915
17,960,0.0030368228908628
1045,138,0.0030367376748472
267,29,0.0030365334823727
928,1081,0.0030362729448825
449,442,0.0030359604861587
1003,1014,0.0030359392985701
1130,128,0.0030352142639458
101,304,0.0030346105340868
17,802,0.0030345313716679
1106,226,0.0030345013365149
1106,435,0.0030338538344949
700,1039,0.0030335027258843
1130,493,0.0030333783943206
449,233,0.003033330431208
280,300,0.0030330943409353
1045,202,0.0030327935237437
290,955,0.0030326836276799
1130,59,0.0030326729174703
280,102,0.0030323031824082
928,209,0.0030317252967506
17,1118,0.0030314521864056
101,735,0.0030309753492474
267,184,0.0030306435655802
822,294,0.0030304691754281
280,760,0.0030304668471217
1045,33,0.003030288266018
1045,1016,0.0030296582262963
928,9,0.0030295483302325
280,491,0.0030286703258752
280,852,0.003028227481991
280,233,0.0030278526246547
1106,1,0.003027711994946
101,136,0.0030275855679064
1003,533,0.0030275443568825
960,23,0.0030274030286818
1106,202,0.0030267878901213
267,241,0.0030267601832747
449,320,0.0030265823006629
290,435,0.0030258207116276
928,567,0.0030256120953708
101,550,0.0030254630837589
928,163,0.0030248884577304
291,532,0.0030247438699007
291,61,0.003024524077773
1130,384,0.0030245149973779
267,47,0.0030243946239352
449,1032,0.0030241592321544
188,981,0.003023391822353
449,138,0.0030233904253691
291,715,0.0030232507269829
1106,389,0.0030232295393943
478,170,0.0030231841374188
1106,46,0.0030231208074837
1045,844,0.0030226001981645
1045,746,0.0030223007779568
1003,974,0.0030219098553061
1106,953,0.003021563636139
1106,311,0.003021468874067
17,47,0.0030210081022232
822,86,0.0030203536152839
1130,535,0.0030199820175766
449,643,0.0030199335888028
928,647,0.0030195689760148
494,843,0.0030195249710232
822,680,0.0030193049460649
449,36,0.0030189356766641
267,1035,0.0030186087824404
1045,494,0.0030185882933437
449,262,0.0030177913140505
700,111,0.0030174376443028
870,146,0.003016480943188
267,1124,0.0030164080671966
1045,337,0.0030160800088196
1130,301,0.0030160737223923
1045,363,0.003015324473381
974,868,0.0030152783729135
822,321,0.0030151649843901
1045,300,0.0030151430983096
267,204,0.003015017369762
478,1083,0.0030147512443363
1045,686,0.0030144087504595
928,677,0.0030141884926706
700,1111,0.0030141766183078
928,852,0.0030138990841805
188,968,0.0030138767324388
478,36,0.0030137535650283
272,1013,0.0030136136338114
1003,1019,0.0030135239940136
1130,360,0.0030133991967886
449,655,0.0030133449472486
101,209,0.0030131617095321
822,100,0.003013054607436
449,111,0.0030122129246592
267,53,0.003012171247974
928,158,0.00301194190979
17,81,0.0030118194408714
1106,40,0.003011664841324
960,338,0.0030113172251731
494,92,0.0030111705418676
1106,35,0.0030111589003354
101,852,0.0030109400395303
291,676,0.003010727232322
188,60,0.0030106203630566
101,564,0.0030105945188552
1045,744,0.0030104154720902
928,982,0.0030098897404968
494,332,0.0030098711140453
700,699,0.0030097649432718
1045,782,0.0030095295514911
17,849,0.0030092429369688
960,307,0.0030091642402112
1106,913,0.0030091444496065
290,806,0.0030090955551713
267,183,0.0030088739003986
478,175,0.0030083158053457
870,416,0.0030082936864346
1003,878,0.0030082142911851
449,818,0.0030080298893153
1045,339,0.0030080049764364
280,970,0.003007635474205
290,589,0.0030075081158429
290,433,0.003007506718859
1045,1124,0.0030073372181504
822,525,0.0030072764493525
267,536,0.0030069288332015
960,661,0.0030065346509218
188,828,0.0030065183527767
974,796,0.0030064536258578
280,1130,0.0030064245220273
822,515,0.0030062792357057
188,1048,0.0030062715522944
870,46,0.0030055984389036
101,1056,0.0030055970419198
1003,87,0.0030054503586143
17,1031,0.0030052554793655
960,92,0.003005193779245
1003,239,0.0030050296336412
101,728,0.0030047758482396
478,772,0.0030041432473808
1106,883,0.0030034820083528
449,191,0.0030034258961677
928,1050,0.003003348596394
291,666,0.0030032030772417
928,80,0.0030031928326934
1045,541,0.0030026363674551
449,15,0.0030025586020201
188,480,0.0030022065620869
928,587,0.0030021201819181
279,307,0.0030020808335393
822,409,0.0030016531236469
822,827,0.0030015578959137
267,63,0.0030015159863978
1130,621,0.003001399571076
1106,682,0.0030008817557245
267,687,0.0030007702298462
822,216,0.0030006086453795
267,287,0.0030004393775016
822,371,0.0030001571867614
449,993,0.0029999220278114
101,984,0.0029999078251421
280,812,0.0029996766243129
188,41,0.002999153221026
188,146,0.0029990999028086
17,295,0.0029989655595272
1106,1062,0.0029989592730998
870,528,0.0029979965183883
822,143,0.002997989533469
449,46,0.0029978805687278
290,244,0.002997764153406
1045,446,0.0029971830081194
17,778,0.0029967164155095
700,842,0.0029965741559863
960,642,0.0029964996501803
291,1014,0.0029959892854094
494,1100,0.0029956963844597
1045,1081,0.0029955410864204
478,656,0.0029954016208648
478,714,0.0029950679745525
822,373,0.0029939690139144
1130,281,0.0029938432853668
449,1092,0.0029938067309558
280,961,0.00299360929057
1045,597,0.0029933541081845
822,704,0.0029933247715234
700,119,0.0029932893812656
478,610,0.002993167610839
478,994,0.0029931606259196
267,1042,0.0029928172007203
1045,416,0.0029927436262369
188,668,0.0029923296533524
928,478,0.0029921680688858
101,882,0.002991747809574
449,190,0.0029915266204625
101,469,0.0029911275487393
494,949,0.0029909934382885
449,265,0.0029907466378062
870,1026,0.0029904267285019
449,403,0.0029901980888098
870,836,0.0029901065863668
449,470,0.0029899203218519
290,899,0.0029899014625698
1106,459,0.002989862114191
1106,664,0.0029893671162426
822,623,0.0029887442942708
1130,860,0.0029886292759329
101,618,0.0029884877149015
280,909,0.0029884865507483
928,611,0.0029883603565394
1003,309,0.0029882481321692
1106,330,0.0029881938826292
1003,425,0.0029878793284296
822,921,0.0029872416052967
290,51,0.0029865663964301
478,976,0.0029863698873668
1106,753,0.0029863675590604
1003,32,0.0029860858339816
188,342,0.0029857447370886
290,165,0.0029856644105166
267,1074,0.0029851072467863
494,650,0.0029849954880774
267,594,0.0029846027027815
1106,961,0.0029845018871128
290,349,0.0029844902455806
928,906,0.0029838145710527
1045,1072,0.002983424346894
478,822,0.0029833859298378
449,1053,0.0029833719599992
928,139,0.0029831915162503
280,825,0.0029830390121787
1045,83,0.0029830147977918
291,339,0.0029828159604221
1106,663,0.0029827894177287
188,1116,0.0029825042001903
1045,1100,0.002981383819133
267,271,0.0029813724104315
279,437,0.0029812976717948
291,1034,0.0029812781140208
267,288,0.0029811202548444
478,1091,0.0029809870757162
822,348,0.0029808785766363
928,957,0.0029808185063302
822,674,0.0029805619269609
290,877,0.0029802855569869
1003,682,0.0029799269977957
1045,576,0.0029799116309732
101,715,0.0029797146562486
449,674,0.0029796252492815
17,171,0.0029794708825647
17,188,0.0029791831038892
822,751,0.002979181939736
1106,80,0.0029787186067551
267,234,0.0029786531813442
267,619,0.0029785123188048
1045,260,0.0029784610960632
188,1050,0.0029783567879348
928,568,0.002978180302307
1130,248,0.0029779665637761
291,654,0.0029778075404465
449,1050,0.0029776841402053
291,439,0.0029776054434478
267,398,0.0029775029979646
188,621,0.0029773518908768
1130,842,0.0029773223213851
267,635,0.0029772045090794
1003,620,0.0029771868139505
1130,540,0.0029771151021122
1003,173,0.002976976102218
700,774,0.002976942108944
101,460,0.0029766659718006
101,758,0.0029763851780444
974,409,0.0029761889018118
822,861,0.0029761160258203
478,508,0.0029758203309029
267,292,0.0029757935553789
1045,258,0.0029756594449281
279,865,0.0029756322037428
267,264,0.0029752869158983
280,283,0.002975009381771
267,257,0.0029749097302556
974,887,0.0029748806264251
17,754,0.0029745458159595
290,266,0.0029744473285973
291,998,0.0029743595514446
188,876,0.0029742578044533
960,687,0.0029741257894784
700,330,0.0029738759621977
188,34,0.0029735735151916
1130,161,0.0029734093695878
700,492,0.002973151160404
1130,1055,0.0029731499962508
928,346,0.0029729020316153
291,1107,0.0029726212378591
1130,920,0.0029721553437411
290,32,0.0029718070290982
822,524,0.0029717262368649
700,391,0.0029717057477682
478,394,0.0029712810646742
188,197,0.0029711849056184
478,778,0.0029710736125707
700,983,0.0029708736110478
870,268,0.0029703823383897
1003,81,0.0029698498547077
822,503,0.0029697727877646
700,836,0.0029697357676923
291,969,0.0029692964162677
1045,232,0.0029692898970097
188,493,0.00296919234097
290,676,0.0029690398368984
188,1025,0.0029690118972212
291,357,0.0029680198058485
1045,589,0.0029679813887923
290,180,0.0029667268972843
960,342,0.002966159954667
290,394,0.002966039115563
822,603,0.0029659199062734
291,769,0.00296585354954
101,761,0.0029657764825969
1045,340,0.002965616993606
449,1051,0.0029653741512447
478,645,0.0029652905650436
449,248,0.0029647669289261
870,1081,0.0029646945185959
291,223,0.0029646065086126
928,842,0.0029644502792507
1045,206,0.002963985549286
291,40,0.0029639606364071
290,388,0.0029638509731739
101,479,0.0029634514357894
870,307,0.0029633429367095
290,1037,0.0029633240774273
494,213,0.0029628500342369
1130,121,0.0029624851886183
822,810,0.0029624688904732
291,178,0.0029619592241942
1045,147,0.0029618311673402
1130,158,0.0029617755208164
291,703,0.0029616451356559
1045,617,0.0029616032261401
1106,82,0.002960561774671
291,118,0.0029603650327771
290,750,0.0029601964633911
478,504,0.0029599403496831
449,136,0.0029596593230962
449,1055,0.002959634643048
188,810,0.0029594867955893
267,630,0.0029594681691378
1045,1120,0.0029591254424303
1106,999,0.0029590378981083
928,460,0.0029589142650365
1130,660,0.0029587782919406
101,226,0.0029587431345134
1106,990,0.0029585952870547
101,1067,0.0029583070427179
870,951,0.0029576844535768
960,301,0.0029573917854577
290,456,0.0029567657038569
17,642,0.0029563216958194
1130,92,0.0029561766423285
267,72,0.0029561198316514
280,1005,0.0029559249524027
822,1128,0.0029558094684034
494,490,0.0029557931702584
267,791,0.0029557570815086
17,582,0.0029554897919297
822,240,0.0029554243665188
822,558,0.0029551624320447
17,468,0.0029550082981586
928,153,0.0029549137689173
1106,560,0.0029548536986112
1130,534,0.0029547344893217
928,922,0.002954673487693
291,1026,0.0029544604476541
290,483,0.0029542963020503
822,92,0.0029541992116719
449,429,0.0029536436777561
478,348,0.002953375224024
928,597,0.0029533060733228
267,405,0.002953284420073
700,1019,0.0029527992010116
17,379,0.0029524816200137
188,50,0.00295164831914
822,801,0.0029514413326978
290,652,0.0029513842891901
290,226,0.0029510944150388
822,835,0.0029510215390473
478,525,0.0029507922008633
17,580,0.0029507675208151
870,876,0.0029506208375096
822,1028,0.0029500864911824
960,758,0.00294996262528
272,367,0.002949331421405
290,484,0.002948866225779
188,670,0.002948495792225
974,106,0.0029484687838703
188,905,0.0029480282682925
267,917,0.0029479484073817
272,285,0.002947848290205
280,608,0.0029477779753506
290,753,0.0029477637726813
101,759,0.0029477467760443
188,1106,0.0029477116186171
974,1125,0.0029474613256752
280,1032,0.0029470226727426
1045,447,0.0029469574801623
928,811,0.002946785185486
1045,80,0.002946586580947
290,893,0.0029465062543749
101,560,0.0029448571149259
267,88,0.0029447374399751
290,792,0.0029447264969348
870,887,0.0029446794651448
478,152,0.0029445351101458
291,972,0.0029445048421621
291,334,0.0029443234670907
267,382,0.0029442012310028
700,293,0.0029441446531563
1003,546,0.0029438531491905
1045,442,0.0029437139164656
1045,768,0.0029436210170388
101,575,0.0029434582684189
599,393,0.0029434505850076
700,595,0.0029432978481054
17,167,0.002943258266896
17,767,0.0029432054143399
928,394,0.0029431905131787
1106,367,0.0029425537213683
17,441,0.0029425469692796
1003,535,0.0029424079693853
822,792,0.0029423348605632
290,118,0.0029416047036647
700,60,0.0029416009783744
188,132,0.0029414929449558
267,847,0.0029410733841359
478,615,0.0029409411363303
960,872,0.0029407155234366
267,111,0.0029402496293187
188,427,0.0029400722123682
449,126,0.0029397429898381
290,140,0.0029397238977253
1106,291,0.0029395683668553
1045,101,0.0029395585879683
928,494,0.0029392081778496
290,219,0.0029391362331807
188,827,0.0029386305250227
17,158,0.0029385595116764
17,40,0.0029384023509919
267,115,0.0029382884968072
822,159,0.0029381045605987
290,126,0.0029379522893577
280,45,0.002937821438536
280,647,0.0029372386634349
280,804,0.0029371129348874
960,34,0.0029370598495006
449,72,0.0029368435498327
478,523,0.0029366363305598
822,278,0.0029365490190684
17,1065,0.0029365392401814
188,189,0.0029364991933107
1045,756,0.0029362686909735
1130,134,0.0029361573979258
449,1125,0.0029358104802668
478,829,0.0029356300365179
478,2,0.0029352367855608
1045,209,0.002935217693448
280,469,0.0029351834673434
1045,105,0.0029351830016821
700,1031,0.0029347115196287
478,968,0.0029342144262045
291,568,0.0029338726308196
1106,195,0.0029336616862565
267,430,0.0029336323495954
870,95,0.0029333413112908
700,427,0.0029329168610274
928,825,0.0029329019598662
449,155,0.0029328130185604
101,480,0.0029326423536986
280,1090,0.0029324057977646
870,349,0.0029320020694285
974,988,0.0029318481683731
1106,453,0.0029316928703337
700,987,0.0029314586427062
449,90,0.0029309559613466
1130,544,0.0029307161457836
822,1085,0.0029305738862603
291,353,0.0029301927424967
1045,537,0.0029300772584974
1130,757,0.0029298872686922
1003,145,0.0029295408166944
449,999,0.0029295263811945
822,615,0.0029285391792654
1106,300,0.0029284402262419
960,674,0.0029278674628585
291,141,0.002927626017481
1003,515,0.002927477704361
17,592,0.0029273657128214
494,295,0.0029272784013301
478,985,0.0029271554667502
1045,941,0.0029271251987665
272,515,0.002927019027993
1003,532,0.0029268250800669
17,752,0.0029264516197144
280,1101,0.0029264208860695
928,785,0.0029260888695716
449,485,0.0029257673304528
101,30,0.0029255072586238
1106,474,0.0029253596439957
449,922,0.0029249938670545
17,290,0.0029248741921037
1106,344,0.0029248532373458
17,318,0.0029246679041534
478,930,0.0029242027085274
1045,352,0.0029240206349641
280,663,0.0029239463619887
822,136,0.0029237268026918
928,565,0.002923458116129
449,473,0.0029232145752757
960,1103,0.0029231111984699
449,546,0.002923076506704
1130,642,0.002923069987446
290,74,0.0029229612555354
478,823,0.0029228737112134
290,45,0.0029227419290691
478,254,0.0029226336628198
928,1059,0.0029225966427475
1106,884,0.0029225121252238
17,517,0.002922479994595
290,1005,0.0029222560115158
478,72,0.0029220331925898
1130,682,0.0029219405259937
280,569,0.0029216301627457
280,352,0.0029214092064648
822,359,0.0029213919769972
928,353,0.0029212988447397
974,450,0.0029212906956672
822,320,0.0029211633373051
449,251,0.0029210106004029
822,416,0.0029209258500486
700,1077,0.0029206736944615
291,949,0.0029206592589616
928,554,0.0029203684534877
188,845,0.0029201472643762
822,917,0.0029198366682976
1045,315,0.0029197519179433
267,100,0.0029197267722338
494,578,0.0029196131508797
928,862,0.0029191526118665
188,655,0.0029191172216087
188,936,0.0029189987108111
101,936,0.002918756334111
870,782,0.0029184338636696
700,668,0.0029181852005422
870,1074,0.0029174967203289
188,918,0.0029174932278692
822,927,0.0029174550436437
960,1076,0.0029174152296036
267,604,0.0029171688947826
280,763,0.0029170799534767
290,661,0.0029167495667934
870,66,0.0029167109169065
1003,957,0.0029166566673666
1045,1039,0.0029161758720874
17,623,0.0029159921687096
478,282,0.0029156217351555
700,344,0.0029148929752409
478,818,0.0029146447777748
267,429,0.0029146221932023
267,112,0.002914453856647
280,487,0.0029142224229872
478,345,0.0029141977429389
280,621,0.002913907635957
478,839,0.0029135979712009
478,1125,0.0029132913332432
1003,1088,0.0029131914488971
1106,59,0.00291303335689
1130,752,0.0029128822498023
1003,46,0.0029126941226422
870,202,0.0029123672284185
101,610,0.0029119588434696
267,46,0.0029117816593497
478,897,0.0029116938821971
188,354,0.0029113055206835
449,1076,0.0029111695475876
449,202,0.0029110822360962
928,730,0.0029110768809914
1130,887,0.0029102298431098
449,604,0.0029098303057253
267,850,0.0029098044615238
101,308,0.0029094764031469
188,180,0.0029082999099045
960,740,0.0029081804677844
822,1037,0.0029076838400214
1106,561,0.0029074519407004
494,712,0.0029074044432491
870,386,0.0029072358738631
290,618,0.0029070873279124
17,921,0.0029070512391626
280,386,0.0029070228338241
870,413,0.0029068475123494
290,790,0.0029066079296171
700,723,0.0029066056013107
928,119,0.0029065690468996
822,307,0.0029065113049
822,355,0.0029064097907394
870,1005,0.0029062973335385
17,1082,0.0029062463436275
1130,176,0.0029060256201773
822,743,0.002905904315412
101,522,0.0029058698564767
870,1128,0.0029058109503239
700,577,0.0029055448248982
974,23,0.0029053448233753
290,10,0.0029050062876194
1106,905,0.0029046344570815
17,550,0.0029046293348073
188,407,0.0029042237438261
478,369,0.0029035410843789
870,1025,0.0029035208281129
1045,1000,0.0029033466707915
290,343,0.002902848413214
822,165,0.0029028400313109
267,747,0.002902683801949
17,161,0.0029025473631918
822,11,0.0029019385110586
700,550,0.0029019378125667
17,908,0.002901836996898
974,351,0.0029017352499067
700,349,0.0029016954358667
17,831,0.0029016523621976
267,298,0.0029016488697379
494,701,0.0029015706386417
870,207,0.002901550848037
960,407,0.0029015191830694
267,270,0.002901348285377
272,600,0.0029010034631937
291,514,0.0029006742406636
280,538,0.0029001254588365
188,385,0.0028997829649597
267,1062,0.0028991778381168
1130,655,0.0028988176491111
1045,952,0.0028987522237002
280,274,0.0028985671233385
188,579,0.0028981810901314
1130,204,0.0028981354553252
700,1050,0.0028979193884879
1045,473,0.0028977049514651
1045,126,0.002897476311773
478,602,0.002897028112784
267,244,0.0028969054110348
700,45,0.0028968483675271
1130,523,0.0028967729303985
291,362,0.0028966362588107
188,622,0.0028965275269001
1045,253,0.0028960912022739
1045,1099,0.0028960879426449
17,1112,0.0028960823547095
1130,1019,0.0028957342728972
822,519,0.0028956865426152
822,550,0.0028954930603504
822,855,0.0028951277490705
291,857,0.0028950851410627
291,1119,0.0028938895557075
279,260,0.0028937803581357
1045,873,0.0028937591705471
1130,680,0.0028936008457094
1045,1096,0.0028931132983416
290,954,0.0028929698746651
928,524,0.0028926823288202
101,697,0.0028924418147653
494,405,0.0028922643978148
267,661,0.0028919077012687
290,739,0.0028915652073919
928,11,0.0028912837151437
280,508,0.0028907402884215
1045,892,0.0028898741584271
1003,100,0.0028897603042423
1106,578,0.0028896713629364
279,871,0.0028894012793898
290,995,0.0028889595996588
1045,79,0.0028888131491839
101,118,0.0028886944055557
290,443,0.0028883134946227
267,77,0.0028881509788334
267,909,0.0028878925368189
822,16,0.0028877267614006
188,527,0.0028876806609332
822,538,0.0028873302508145
822,400,0.0028870897367596
1003,289,0.0028868010267615
267,490,0.0028866988141089
449,986,0.0028866792563349
1130,589,0.0028864771593362
700,873,0.0028860699385404
700,435,0.0028853234834969
449,943,0.0028852238319814
1045,496,0.0028851388487964
1130,465,0.0028850333765149
17,848,0.0028849819209426
960,222,0.0028848904184997
290,994,0.0028845772612839
928,1088,0.0028843793552368
1003,396,0.0028843723703175
870,998,0.002883204491809
700,1099,0.0028829863294959
280,98,0.0028823029715567
291,361,0.0028822347521781
928,1085,0.0028821455780416
478,346,0.0028821052983403
478,766,0.002881970256567
290,149,0.0028817527927458
822,285,0.0028816936537623
494,601,0.0028814673423767
291,819,0.0028812079690396
17,182,0.0028806154150515
494,222,0.0028805150650441
290,1070,0.0028804924804717
1106,412,0.0028804084286093
101,582,0.0028804012108594
960,589,0.0028803539462387
267,592,0.0028798894491046
290,989,0.0028798033017665
822,820,0.0028797695413231
1106,870,0.0028795634862035
449,1120,0.0028787204064428
822,298,0.0028784626629203
1045,482,0.0028781641740351
449,873,0.0028777236584573
291,765,0.0028771243523806
700,717,0.0028770517092198
290,159,0.0028769960626959
1106,416,0.0028768766205757
267,146,0.0028768726624548
822,109,0.0028766943141818
280,348,0.0028764950111508
822,197,0.0028760521672666
267,1073,0.0028759997803717
1045,615,0.0028757371474057
478,1034,0.0028755841776728
291,1094,0.0028755406383424
478,722,0.0028751587960869
101,753,0.0028751483187079
449,208,0.002875025384128
822,804,0.0028749667108058
272,155,0.0028749338816851
1045,677,0.0028749108314514
1045,1111,0.0028747178148478
700,272,0.0028746535535901
478,181,0.0028745562303811
700,230,0.0028744738083332
822,42,0.0028738635592162
101,1041,0.0028738267719745
1130,730,0.002873188117519
1106,577,0.0028731669299304
960,627,0.0028730935882776
291,529,0.0028730614576488
700,242,0.002872773213312
291,533,0.0028726246673613
280,721,0.0028723678551614
928,818,0.0028722954448312
17,703,0.0028721296694129
478,846,0.0028720549307763
822,81,0.0028717382811009
1106,604,0.0028715271037071
101,894,0.0028713827487081
188,763,0.0028713820502161
1106,402,0.0028713375795632
960,566,0.002871060045436
188,826,0.0028710577171295
17,332,0.0028709224425256
267,708,0.0028707217425107
449,1124,0.002870662137866
279,274,0.0028699322137981
700,564,0.0028699124231934
822,782,0.0028696875087916
290,272,0.0028696155641227
267,769,0.0028696046210825
449,826,0.0028695985674858
280,1008,0.0028691827319562
1106,542,0.0028687200974673
101,680,0.0028685010038316
1003,619,0.0028684679418802
17,449,0.0028683547861874
188,170,0.002868142677471
17,734,0.0028681044932454
449,7,0.0028678528033196
700,748,0.002867546165362
1045,700,0.0028675117064267
290,355,0.0028670919127762
822,710,0.0028669938910752
291,347,0.0028669629245996
267,437,0.0028667256701737
1003,349,0.0028665189165621
267,782,0.0028664688579738
291,511,0.0028660730458796
280,781,0.0028650383464992
290,691,0.002864850917831
478,579,0.002863775473088
960,409,0.002863491885364
700,671,0.0028634760528802
449,571,0.0028631216846406
1045,848,0.0028630462475121
822,886,0.0028626669663935
822,354,0.0028624113183468
928,739,0.002862355671823
960,843,0.0028622942045331
700,217,0.0028621519450098
1045,444,0.002861906774342
267,137,0.0028618753422051
1003,233,0.0028618620708584
279,905,0.0028618448413908
1045,1037,0.0028617600910365
188,29,0.002861599670723
291,198,0.0028613561298698
267,636,0.0028612385503947
17,8,0.0028610662557184
928,727,0.0028609675355255
870,251,0.0028608578722923
1045,296,0.0028608136344701
822,559,0.0028606550768017
449,424,0.002860436681658
449,758,0.0028602408710867
870,573,0.0028601144440472
494,35,0.0028601025696843
1106,17,0.0028600357472896
279,137,0.0028598601929843
267,906,0.0028598317876458
449,359,0.002859826432541
700,805,0.002859472297132
290,592,0.0028589840512722
17,577,0.0028589821886271
291,830,0.0028589782305061
599,85,0.0028589684516191
290,1129,0.0028588322456926
280,767,0.0028587155975401
928,543,0.002858179854229
478,1044,0.002858112566173
280,342,0.0028580247890204
700,360,0.0028579684440046
1106,129,0.0028578464407473
870,614,0.0028577609919011
17,878,0.0028577561024576
188,760,0.002856362145394
449,29,0.0028562443330883
478,1058,0.0028562205843627
291,961,0.0028561835642904
478,855,0.0028561069630086
291,585,0.0028553747106343
1045,196,0.0028551933355629
17,16,0.002855185419321
280,962,0.0028550401329994
17,710,0.0028547421097755
272,8,0.002854464109987
822,15,0.0028541162610054
478,171,0.0028541046194732
449,378,0.0028539230115711
291,259,0.0028538778424263
1106,912,0.0028537986800074
822,951,0.0028537062462419
494,1125,0.0028536692261695
478,877,0.0028535712044686
17,621,0.0028534417506307
290,735,0.0028534191660583
17,316,0.0028534056618809
1045,631,0.0028529374394565
1106,1112,0.0028529127594083
272,935,0.0028525388333946
449,849,0.0028522482607513
1045,614,0.0028522068168967
478,354,0.0028521150816231
267,550,0.0028520566411316
279,343,0.002851751865819
101,487,0.002851489232853
1130,213,0.0028513530269265
1130,964,0.0028511511627584
928,951,0.0028510715346783
17,1051,0.002851037075743
188,694,0.0028507888782769
267,81,0.0028506089001893
280,245,0.0028505870141088
291,663,0.0028501856140792
290,21,0.002849978627637
280,1052,0.0028498889878392
478,1073,0.0028495236765593
1130,936,0.0028492731507867
267,172,0.0028491967823356
822,718,0.0028485916554927
188,689,0.002848490839824
478,1119,0.0028483138885349
478,100,0.0028482903726398
1003,342,0.0028482680208981
822,666,0.0028479462489485
17,362,0.0028476796578615
870,89,0.0028476249426603
1130,726,0.0028474440332502
17,679,0.0028474410064518
822,748,0.0028472286649048
1045,654,0.0028471255209296
478,353,0.0028469881508499
267,322,0.0028464633505791
290,105,0.0028464384377002
290,998,0.0028463089838624
279,875,0.0028460430912673
1003,1078,0.0028459860477596
478,48,0.0028457303997129
1003,630,0.0028455031570047
188,333,0.002845307579264
291,611,0.0028450242243707
822,53,0.0028449522797018
1045,763,0.0028449040837585
1045,301,0.0028446640353649
700,211,0.002844488248229
478,849,0.0028444593772292
1045,651,0.0028441837057471
188,1057,0.0028441345784813
449,908,0.002844069385901
928,95,0.0028434940613806
1045,976,0.0028433131519705
928,320,0.0028432307299226
101,726,0.0028428349178284
280,65,0.0028423864860087
1045,274,0.0028420763555914
822,124,0.0028414246626198
267,775,0.0028407732024788
290,71,0.002840640489012
822,542,0.0028404360637068
928,700,0.002839753171429
1003,724,0.0028396742418408
974,305,0.0028392779640853
478,734,0.0028392311651259
478,307,0.0028389156796038
1130,494,0.0028385673649609
449,1047,0.0028382712043821
870,17,0.0028381268493831
928,74,0.0028379838913679
478,776,0.00283776037395
449,340,0.0028377561829984
188,104,0.0028368053026497
822,211,0.0028365142643451
280,572,0.0028359098359942
17,116,0.0028358679264783
279,392,0.0028357729315757
267,722,0.0028357403352856
822,1040,0.0028352979570627
188,926,0.0028352502267807
494,976,0.0028351503424346
17,961,0.0028351270593702
1045,1056,0.002834997838363
291,815,0.0028349768836051
822,292,0.0028349685017019
928,192,0.00283485930413
291,317,0.0028347708284854
291,218,0.0028342015575617
280,449,0.0028341684956103
1045,938,0.0028341391589492
267,508,0.0028340280987322
960,74,0.0028338995762169
291,509,0.0028335328679531
700,1048,0.0028332255315035
1130,659,0.0028331894427537
290,572,0.00283262017183
822,72,0.0028321763966232
822,806,0.0028321512509137
449,520,0.0028319805860519
822,443,0.0028315032832324
1045,527,0.00283137941733
1003,677,0.0028312853537499
188,1097,0.0028311163187026
870,127,0.0028307719621807
267,449,0.0028305554296821
1130,228,0.002830451587215
1106,376,0.0028301337733864
960,523,0.0028300560079514
1045,940,0.0028299349360167
17,279,0.0028297523967921
960,253,0.0028295065276324
960,439,0.0028294809162616
1003,790,0.0028291323687881
267,872,0.002828526077792
960,467,0.0028284676373004
280,706,0.0028282580897212
478,612,0.0028281318955123
1045,854,0.0028280776459723
1130,676,0.0028280727565288
960,833,0.0028278611134737
17,733,0.0028278136160224
449,426,0.002827325137332
928,103,0.0028271737974137
960,492,0.0028269428294152
1045,627,0.0028262685518711
290,712,0.0028256245423108
188,807,0.0028255709912627
449,383,0.0028255032375454
1003,14,0.0028254343196749
478,785,0.0028254329226911
822,771,0.0028252920601516
290,723,0.0028251542244106
822,1107,0.0028250843752175
188,168,0.0028250184841454
449,161,0.0028249667957425
1003,475,0.002824711613357
267,552,0.0028246636502444
280,1126,0.0028245875146239
449,862,0.0028245183639228
17,1121,0.0028243847191333
188,899,0.0028240440879017
494,619,0.0028238918166607
822,116,0.0028237020596861
1045,1127,0.0028231460601091
1045,297,0.0028230648022145
290,1035,0.0028228259179741
1045,694,0.0028228014707565
928,1104,0.0028226859867572
267,551,0.002821878530085
101,508,0.0028217060025781
279,126,0.0028216878417879
188,874,0.0028213378973305
928,674,0.0028212678153067
101,960,0.0028211567550897
478,91,0.0028209795709699
291,408,0.0028209101874381
960,511,0.0028208454605191
17,561,0.0028207849245518
290,317,0.0028207397554069
280,209,0.0028203420806676
290,70,0.0028202189132571
17,401,0.0028202177491039
870,499,0.0028201912064105
494,80,0.0028198123909533
870,1071,0.002819645917043
960,526,0.0028195986524224
1106,899,0.0028195560444146
449,780,0.0028194605838507
822,127,0.0028191895689815
478,38,0.0028187646530568
449,1101,0.002818644978106
1106,762,0.0028186333365738
1045,476,0.0028185902629047
188,1128,0.0028184873517602
478,320,0.0028179960791021
822,786,0.0028179453220218
267,223,0.0028174461331218
960,49,0.0028173059690743
478,1017,0.0028172435704618
17,302,0.0028172356542199
1045,373,0.0028171038720756
478,693,0.0028170268051326
449,480,0.0028168782591819
928,382,0.0028165334369987
449,291,0.0028164801187813
188,451,0.0028163173701614
478,67,0.0028161106165498
17,1013,0.0028160286601632
101,124,0.0028160042129456
291,877,0.0028159827925264
1045,275,0.0028157902415841
1045,949,0.0028154195751994
1045,850,0.002815258456394
478,895,0.0028152170125395
822,902,0.0028152039740234
478,375,0.0028150521684437
1003,436,0.0028148922137916
280,849,0.0028148293495178
822,802,0.0028143478557467
700,731,0.0028140773065388
290,141,0.0028140740469098
449,803,0.002813963452354
188,225,0.0028135671745985
1003,910,0.002813404193148
822,1057,0.002813208149746
101,503,0.0028131518047302
188,542,0.0028129287529736
870,282,0.0028128670528531
267,678,0.0028128596022725
700,252,0.0028126596007496
960,469,0.0028126167599111
267,842,0.0028124903328716
17,393,0.0028124274685978
822,4,0.0028124274685978
1003,7,0.0028122665826231
1045,1041,0.0028116900939494
290,829,0.0028113399166613
928,633,0.0028112528380006
188,196,0.0028109620325267
1045,153,0.0028105659876018
188,535,0.0028100353665649
478,1008,0.0028098605107516
267,1115,0.0028093152213841
1130,702,0.0028092148713767
272,1056,0.0028091974090784
1003,90,0.0028090858832001
960,1045,0.0028090788982808
822,938,0.0028090048581361
478,291,0.0028087561950087
188,1121,0.0028087326791137
822,516,0.0028085466474294
928,867,0.0028083508368581
17,924,0.0028082025237381
267,736,0.0028077266179025
291,111,0.0028076481539756
267,558,0.0028076325543224
822,144,0.0028073515277355
928,232,0.0028072451241314
17,452,0.0028066048398613
494,440,0.0028064893558621
822,575,0.002806156175211
1106,1105,0.0028060844633728
1045,65,0.0028059922624379
17,191,0.0028059696778655
960,266,0.0028055978473275
1130,39,0.0028055540751665
449,889,0.0028053869027644
291,202,0.0028048621024936
478,482,0.0028047615196555
101,751,0.0028042506892234
822,679,0.0028040627948939
960,706,0.0028039452154189
822,971,0.0028038385789841
188,1041,0.0028037265874445
17,413,0.0028036397416144
272,293,0.0028029587119817
1045,880,0.0028029317036271
960,792,0.0028026856016367
822,754,0.0028024432249367
267,1027,0.002802361967042
1045,115,0.0028023591730743
1045,360,0.0028023112099617
188,530,0.0028021761681884
188,239,0.0028019347228109
449,428,0.0028018536977469
1106,1048,0.0028012406546622
17,443,0.0028010804671794
1045,1068,0.00280078407377
101,1118,0.0028006026986986
1106,235,0.0028004914056509
188,599,0.0028002480976283
1045,582,0.0027999402955174
290,503,0.0027991111855953
1106,139,0.0027989319059997
700,627,0.0027988434303551
822,958,0.0027987060602754
928,977,0.0027986606582999
974,138,0.0027986431960016
290,689,0.0027983530890196
700,705,0.0027983372565358
494,678,0.0027980520389974
822,75,0.002797896740958
478,574,0.0027978874277323
280,49,0.0027978697326034
928,381,0.0027975612320005
1045,872,0.0027975407429039
188,1023,0.0027974292170256
822,1086,0.0027972883544862
822,38,0.0027972348034381
974,133,0.0027969651855528
478,520,0.0027963519096374
870,524,0.0027959661092609
1045,113,0.0027958094142377
494,552,0.0027957467827945
1045,899,0.002795742591843
17,664,0.0027956792619079
291,842,0.0027954480610787
280,526,0.002795084612444
1106,145,0.0027946198824793
928,742,0.0027940773870795
822,851,0.0027939788997173
267,859,0.0027936054393649
267,903,0.0027932336088269
822,70,0.0027930468786507
1130,1086,0.0027929651550948
1045,236,0.0027928915806114
291,884,0.0027927546761929
101,199,0.0027925781905651
928,402,0.0027925446629524
1003,171,0.0027925265021622
870,556,0.0027925078757107
449,1009,0.0027924971655011
449,679,0.0027923467569053
1045,883,0.0027920270804315
1045,338,0.0027918154373764
291,381,0.0027916887775063
280,634,0.0027916585095226
290,604,0.0027910377830266
1106,1057,0.0027907863259315
700,1033,0.0027906594332307
1045,806,0.002790548140183
1045,304,0.0027904734015464
1106,157,0.0027901921421289
494,417,0.0027900899294763
1106,86,0.0027899735141545
870,847,0.0027897432446479
960,633,0.0027895381208509
974,240,0.0027889111079275
449,905,0.0027888510376214
17,798,0.0027887527830898
700,1074,0.0027886705938726
291,442,0.0027881988789886
280,530,0.0027880887500941
290,170,0.0027879527769982
960,1058,0.0027878321707248
1106,1073,0.0027877886313945
267,693,0.0027877050451934
478,543,0.0027872628998011
822,836,0.0027866149321198
928,8,0.002786359982565
928,816,0.0027861632406711
290,171,0.0027861455455422
188,398,0.002786120167002
700,329,0.0027860873378813
290,279,0.0027856780216097
101,866,0.0027856105007231
1045,901,0.002785573946312
291,469,0.0027855145744979
279,287,0.0027852547354996
280,643,0.0027848877944052
290,1028,0.0027845662552863
279,30,0.0027844530995935
974,307,0.0027839301619678
188,748,0.0027838668320327
188,943,0.0027837632223963
17,9,0.0027836756780743
960,110,0.0027833876665681
291,573,0.0027833834756165
928,208,0.0027833697386085
1003,904,0.0027831825427711
1045,733,0.0027831555344164
822,453,0.0027828910388052
1045,634,0.0027828800957649
449,752,0.0027827208396047
1130,765,0.0027824435383081
822,229,0.0027823513373732
279,250,0.00278214761056
291,133,0.0027818102389574
960,203,0.0027815089561045
17,74,0.0027813795022666
449,797,0.002781270770356
1045,684,0.0027812044136226
928,1036,0.0027810116298496
17,330,0.0027808423619717
870,1045,0.0027808300219476
280,126,0.0027807941660284
449,785,0.0027805792633444
960,660,0.0027804335113614
291,76,0.0027798642404377
1003,642,0.0027797352522611
494,822,0.0027794265188276
291,593,0.0027792716864496
478,373,0.0027788167353719
974,1015,0.0027787252329289
280,174,0.0027772702742367
101,527,0.0027765287086367
928,695,0.0027762185782194
478,290,0.0027761540841311
280,97,0.0027761340606957
101,381,0.0027760528028011
494,68,0.0027755359187722
1130,264,0.0027752062305808
960,193,0.0027750644367188
1130,247,0.0027749103028327
928,268,0.0027746141422539
1045,197,0.0027744774706661
449,308,0.0027740986552089
1045,987,0.0027740548830479
1106,992,0.0027736602351069
928,196,0.0027735822368413
928,686,0.0027732711751013
101,791,0.0027729521971195
478,917,0.0027723559178411
267,890,0.0027722408995032
478,960,0.002772202482447
870,1126,0.0027719170320779
449,263,0.0027710925787687
822,681,0.0027710744179785
1106,527,0.0027709575369954
478,347,0.0027708096895366
1045,616,0.0027705391403287
188,1085,0.0027703561354428
290,849,0.0027695491444319
267,611,0.0027690371498465
1003,1007,0.0027689612470567
700,406,0.002768832957372
188,379,0.0027686774265021
700,932,0.0027683663647621
17,282,0.0027682012878358
974,67,0.0027680129278451
870,160,0.0027674464508891
188,94,0.0027673724107444
101,1029,0.0027673465665429
291,1047,0.0027671896386891
822,1022,0.002767082536593
267,346,0.0027663281653076
101,971,0.0027658988256007
960,38,0.0027655195444822
1130,190,0.002765201497823
960,859,0.0027649991679936
1106,208,0.0027649744879454
1106,475,0.0027649125549942
291,1111,0.0027641751803457
1130,678,0.0027641397900879
822,1076,0.0027640988118946
188,601,0.0027639018371701
101,989,0.002763622207567
101,451,0.0027634960133582
1003,471,0.0027633474674075
478,293,0.0027632308192551
291,1062,0.0027631060220301
870,909,0.002763100201264
267,11,0.0027626841329038
1045,450,0.0027626014780253
478,852,0.0027625900693237
822,1117,0.0027623528148978
870,594,0.0027621323242783
478,28,0.0027621239423751
280,38,0.0027619583997875
101,696,0.0027619362808763
17,719,0.0027613951824605
272,92,0.0027613448910415
291,897,0.002761285053566
822,606,0.0027611677069216
290,936,0.0027609886601567
290,1022,0.0027604214847087
267,957,0.00276032066904
928,118,0.0027601104229688
870,791,0.0027600242756307
870,671,0.0027597481384873
1003,307,0.0027595511637628
870,355,0.0027593274135142
822,574,0.0027589967940002
1130,1029,0.0027589278761297
1106,770,0.0027586573269218
290,881,0.00275779212825
101,47,0.0027577758301049
870,192,0.0027575318235903
478,167,0.0027574317064136
928,251,0.0027573104016482
291,544,0.0027571830432862
1130,497,0.0027571287937462
267,302,0.0027564615011215
822,322,0.0027557769790291
279,544,0.0027553648687899
1106,200,0.0027552193496376
870,637,0.0027550507802516
1130,670,0.0027544654440134
267,1101,0.0027544514741748
17,997,0.0027543604373931
101,282,0.0027542628813534
870,807,0.0027536624111235
1003,2,0.0027534959372133
290,260,0.0027532163076102
494,544,0.0027529068756848
1003,465,0.0027527860365808
478,793,0.0027520754374563
478,952,0.0027520575094968
291,235,0.0027518551796674
290,684,0.0027514800895005
290,410,0.0027512803208082
1045,448,0.002751198131591
188,609,0.0027511578518897
188,206,0.0027511573862284
960,620,0.0027509876526892
478,285,0.0027508959174156
1106,1039,0.0027507748454809
291,947,0.0027506423648446
822,719,0.0027502931188791
291,1055,0.0027502421289682
1045,227,0.0027502339798957
1003,485,0.0027499441057443
17,741,0.002749903127551
478,993,0.0027496048714965
700,403,0.0027491515502333
494,686,0.0027491205837577
960,651,0.0027487489860504
188,217,0.0027485336177051
700,128,0.00274836900644
478,85,0.0027479417622089
928,487,0.002747792750597
1045,51,0.00274761300534
101,1053,0.0027475641109049
188,502,0.0027475233655422
1045,602,0.0027475142851471
478,268,0.0027474453672766
101,828,0.0027471487410366
291,26,0.0027469601482152
280,201,0.0027464868035167
1106,1087,0.0027460393030196
291,20,0.002745984122157
449,497,0.0027455284725874
870,354,0.0027452602516859
928,747,0.0027450281195342
1045,357,0.0027450136840343
870,71,0.0027449384797364
974,227,0.0027448190376162
291,1110,0.0027445978485047
272,915,0.0027445694431662
188,79,0.0027444844599813
449,275,0.0027440935373306
822,424,0.0027436134405434
700,1104,0.0027433692011982
280,879,0.0027432760689407
280,166,0.0027423880528658
960,705,0.0027421992272138
291,1086,0.0027416537050157
700,1081,0.0027416530065238
101,145,0.0027415542863309
1130,604,0.0027414876967668
290,267,0.0027411312330514
928,678,0.0027409228496253
928,512,0.0027408527676016
280,943,0.0027405258733779
1106,32,0.002740487921983
280,864,0.0027403361164033
17,543,0.002740157302469
291,128,0.0027400867547839
822,872,0.0027396797668188
870,391,0.0027394231874495
267,1021,0.0027392271440476
822,335,0.0027391547337174
291,643,0.0027388359885662
974,379,0.0027382993139326
700,483,0.0027379693929105
1045,263,0.0027378590311855
188,56,0.0027377386577427
822,832,0.0027373048942536
1003,72,0.0027366210706532
290,213,0.0027365735732018
267,696,0.0027361921966075
449,665,0.0027361633256077
101,835,0.00273576984182
290,930,0.0027354245539754
478,436,0.0027350718155503
280,1061,0.0027349954470992
291,366,0.0027349586598575
188,683,0.0027344562113285
1045,82,0.0027341980021446
928,82,0.002734137000516
290,1114,0.0027334585320204
870,187,0.0027331227902323
822,1067,0.0027329833246767
280,556,0.0027328326832503
822,468,0.0027327742427587
449,181,0.002732518594712
928,427,0.002731998451054
928,1049,0.002731914166361
1130,415,0.0027317607309669
1045,903,0.0027314838953316
188,769,0.002731314394623
291,535,0.0027311022859066
290,668,0.0027307956479489
870,433,0.0027303334791213
291,337,0.0027299113571643
1045,807,0.0027288133278489
449,554,0.0027287453413009
267,447,0.00272853160277
822,702,0.0027281753718852
1045,505,0.0027280652429908
267,740,0.00272779003717
101,872,0.0027277190238237
17,485,0.0027274237945675
478,640,0.0027272943407297
101,943,0.0027270971331745
822,282,0.0027268535923212
494,830,0.0027265064418315
1106,1017,0.0027264629025012
700,1068,0.0027260112110525
494,371,0.0027256808243691
870,627,0.0027256265748292
272,1060,0.0027253169100731
870,800,0.0027251946739852
267,671,0.0027251315768808
700,565,0.0027250945568084
960,435,0.0027250554412603
17,496,0.0027244915254414
870,462,0.0027240391355007
280,460,0.0027239620685577
291,586,0.0027237047906965
1003,794,0.0027236905880272
960,802,0.0027235154993832
960,424,0.0027231452986598
1003,739,0.0027229376137256
870,185,0.0027226887177675
700,165,0.0027222426142543
478,989,0.0027218810282647
279,1030,0.0027217476163059
928,359,0.0027217257302254
280,739,0.0027216747403144
17,949,0.0027214935980737
478,209,0.0027214363217353
928,527,0.0027211811393499
1130,424,0.0027207536622881
700,753,0.002720235614106
188,86,0.0027200120966881
700,745,0.0027191436383873
1045,778,0.0027188013773411
101,384,0.002718589734286
928,360,0.0027185166254639
1130,744,0.0027183981146663
1003,414,0.0027183219790458
1003,890,0.0027183108031749
870,44,0.0027182849589735
17,552,0.0027179270982742
267,1065,0.0027178272139281
267,494,0.0027175948489457
494,489,0.0027175170835107
822,379,0.0027173561975359
928,474,0.0027169568929821
478,709,0.0027166886720806
960,516,0.0027165764477103
478,1101,0.0027165419887751
272,522,0.0027159033343195
1045,861,0.0027155224233865
974,402,0.002715453505516
822,510,0.0027154241688549
870,102,0.0027145906351506
188,478,0.0027145524509251
272,1124,0.002714337548241
1106,903,0.0027143254410475
17,654,0.0027143212500959
188,1099,0.0027139987796545
291,276,0.0027138162404298
1003,264,0.0027131370734423
280,1006,0.0027127906214445
280,985,0.0027127547655254
280,687,0.002712634159252
1045,34,0.0027122779283672
822,34,0.0027122292667627
290,438,0.0027121123857796
928,874,0.0027121023740619
700,886,0.0027120164595544
1045,1013,0.0027120125014334
494,250,0.0027118753641843
267,279,0.0027111249510198
17,447,0.0027111030649393
822,651,0.0027110644150525
449,915,0.0027108143549412
449,1060,0.0027108120266348
700,938,0.0027107277419418
17,682,0.0027105612680315
449,801,0.0027104008477181
960,185,0.0027094560209661
870,598,0.0027093747630715
291,845,0.0027093212120234
449,1078,0.0027093046810477
280,681,0.0027092604432255
822,381,0.0027091496158391
478,433,0.0027086031623184
478,912,0.0027085973415523
1130,1053,0.0027084809262305
449,1011,0.0027084134053438
478,941,0.0027083135209977
1106,964,0.0027081433217972
17,1115,0.0027081225998699
290,997,0.0027080874424427
494,655,0.0027077319100499
870,104,0.0027074681129306
1106,832,0.0027074513491243
870,295,0.0027073323726654
267,132,0.0027070976793766
272,1050,0.0027070532087236
188,375,0.0027070494834333
267,723,0.0027069814968854
17,529,0.0027068450581282
928,628,0.0027067153714597
101,796,0.002706182654947
1003,862,0.0027059414424002
267,419,0.0027058185078203
1130,827,0.0027057211846113
870,883,0.0027053533121943
928,1042,0.0027053039520978
101,1051,0.0027051225770264
870,1030,0.0027050715871155
822,849,0.0027049570344388
1045,728,0.0027048306073993
928,999,0.0027047963812947
1045,490,0.0027047358453273
478,539,0.0027046273462474
272,438,0.0027045744936913
1003,668,0.0027045097667723
1106,144,0.0027044299058616
101,235,0.0027044273447245
267,783,0.0027043351437896
870,660,0.00270431721583
1106,923,0.0027042522560805
1106,957,0.0027038897387683
290,161,0.0027036832179874
1045,186,0.0027034245431423
1045,1091,0.0027033449150621
267,433,0.0027026564348489
101,1073,0.0027025816962122
1045,419,0.0027025558520108
494,730,0.0027020047418773
280,636,0.0027018368709832
290,888,0.002701727906242
17,1092,0.0027013747021555
280,305,0.0027011497877538
1106,83,0.0027003004215657
449,492,0.0027002831920981
290,956,0.0027000149711966
280,135,0.0026997833047062
478,608,0.0026997101958841
267,651,0.00269934698008
1003,370,0.0026993290521204
822,222,0.0026993099600076
928,724,0.0026990226469933
822,909,0.0026989728212356
1106,319,0.0026988042518496
974,341,0.0026986338198184
290,237,0.0026985493022948
449,1036,0.0026983204297721
188,1038,0.0026981993578374
1045,890,0.0026975651271641
101,450,0.0026967227458953
1045,345,0.002696355106309
291,708,0.0026963257696479
17,24,0.0026960605755448
870,561,0.0026957509107887
1130,871,0.0026957201771438
478,216,0.0026954554487019
290,225,0.0026947630103677
928,49,0.0026947043370455
1130,329,0.0026944573037326
928,199,0.0026942857075482
267,228,0.0026941620744764
928,258,0.0026941169053316
1106,717,0.0026938901282846
188,800,0.0026938864029943
700,882,0.0026933387853205
272,473,0.0026932875625789
700,979,0.0026931213214993
290,580,0.0026928759180009
1045,308,0.0026928139850497
928,370,0.0026925860438495
822,231,0.002692382549867
960,321,0.0026920235250145
291,336,0.0026919080410152
280,1036,0.0026918449439108
291,346,0.0026916633360087
822,587,0.0026914516929537
1106,854,0.0026913748588413
928,92,0.0026913085021078
960,99,0.0026898633223026
478,222,0.0026897264178842
101,877,0.0026894996408373
478,625,0.0026894607581198
1130,367,0.0026893417816609
188,996,0.0026891862507909
17,959,0.002688705921173
17,1007,0.0026886814739555
494,594,0.0026884889230132
101,764,0.0026883883401751
291,621,0.0026881163939833
1003,733,0.0026879680808633
291,806,0.0026875906623899
494,226,0.0026871154550462
478,1067,0.0026865901891142
1130,480,0.0026863776147365
928,885,0.002686224412173
280,611,0.002686082618311
291,79,0.0026859233621507
478,261,0.0026858039200305
822,556,0.0026855524629354
960,901,0.0026854930911213
280,396,0.0026852418668568
1045,90,0.0026850637514144
449,774,0.0026849491987377
960,438,0.0026846276596188
1106,636,0.0026844905223697
290,979,0.0026842972729355
188,1102,0.0026842802762985
291,658,0.002683681435883
1106,303,0.0026836302131414
290,722,0.0026833259034901
1106,776,0.0026832269504666
291,1058,0.0026823985390365
290,1066,0.0026823000516742
870,371,0.0026821931824088
1045,905,0.0026821072679013
280,996,0.0026819668710231
267,743,0.0026816895697265
960,198,0.0026816797908395
870,1044,0.0026814269367605
494,539,0.0026814257726073
101,360,0.002681367797777
267,664,0.0026805878151208
928,419,0.0026803403161466
267,1055,0.002680113306269
822,412,0.0026799668557941
822,976,0.0026797011960297
188,260,0.0026795815210789
700,618,0.0026794278528541
101,337,0.002679297234863
494,41,0.0026792897842824
291,478,0.0026785000227391
279,159,0.0026780143380165
870,279,0.002677991753444
1106,532,0.0026779817417263
1130,331,0.0026779586914926
280,252,0.002677806187421
267,997,0.0026776811573654
1130,308,0.0026774534489959
449,612,0.00267716194503
870,875,0.0026770962867885
870,423,0.002677024109289
101,291,0.0026768816169351
822,552,0.002676618983969
267,612,0.0026765342336148
870,1061,0.0026765028014779
291,43,0.0026758755557239
101,73,0.0026758573949337
188,53,0.0026754369027912
960,249,0.0026751072145998
1045,546,0.0026745868381112
822,413,0.0026745332870632
700,784,0.0026741228066384
928,345,0.0026738396845757
870,1090,0.002673816634342
974,728,0.0026736496947705
494,1038,0.0026733388658612
700,803,0.0026730927638709
928,226,0.0026729248929768
188,154,0.0026727612130343
1106,506,0.0026719926390796
280,18,0.0026719612069427
1106,244,0.0026712981052696
928,645,0.002671237103641
822,331,0.0026710764504969
870,855,0.0026710727252066
870,961,0.0026709756348282
272,23,0.0026709488593041
822,848,0.0026709272060543
267,219,0.0026707097422331
188,68,0.002670586341992
188,267,0.0026705462951213
267,617,0.0026704017072916
267,980,0.0026699362788349
17,239,0.0026697849389165
870,860,0.0026695968117564
279,636,0.0026689460501074
928,939,0.0026689155492931
101,658,0.0026688519865274
1045,190,0.0026687937788665
267,263,0.002668720902875
822,491,0.0026683651376515
449,991,0.0026681416202336
494,698,0.0026681337039917
188,58,0.0026676631532609
101,66,0.0026676296256482
1045,512,0.00266755791381
700,59,0.0026673008687794
1045,525,0.0026672629173845
960,326,0.0026669627986848
822,121,0.0026668668724596
870,284,0.0026666189078241
870,602,0.0026664226315915
291,313,0.0026652703527361
928,823,0.002665216801688
267,963,0.0026651262305676
267,1105,0.002664694096893
928,116,0.0026646817568689
17,600,0.0026645874604582
267,765,0.0026645043399184
870,320,0.0026639285497367
17,836,0.0026634619571268
449,647,0.0026631907094269
17,880,0.002663091989234
101,41,0.0026628028135746
267,367,0.0026626456528902
1106,142,0.0026625690516084
17,826,0.0026625043246895
1045,125,0.0026623092126101
291,208,0.0026622554287314
449,471,0.0026620053686201
870,707,0.0026618500705808
1003,766,0.0026614931412041
870,792,0.0026608323678374
101,656,0.0026607003528624
290,405,0.0026604775339365
822,426,0.002660468686372
1106,1018,0.0026604223530739
449,285,0.0026604069862514
928,269,0.0026602318976074
700,974,0.0026600731071084
188,91,0.0026598088443279
1003,580,0.0026596214156597
280,148,0.0026593783404678
870,531,0.0026592812500894
822,1008,0.0026591571513563
494,665,0.0026590921916067
870,428,0.0026590027846395
188,423,0.0026589799672365
974,554,0.0026589764747768
1003,1063,0.0026588619221001
928,453,0.0026584086008369
960,514,0.0026574393268674
960,111,0.0026574125513434
478,344,0.0026573590002954
188,795,0.0026573059149086
960,782,0.0026570078916847
188,19,0.00265699531883
449,184,0.0026567250024527
928,337,0.0026565685402601
279,784,0.0026565580628812
1003,442,0.0026563687715679
101,351,0.0026561936829239
822,509,0.0026561443228274
1003,843,0.002655851887539
1003,749,0.0026557629462331
279,930,0.0026551357004791
17,1053,0.0026548211462795
188,517,0.002653541509062
267,792,0.0026529722381383
1106,858,0.0026519163511693
188,166,0.0026515333447605
960,410,0.0026513799093663
267,776,0.002650836482644
822,790,0.0026505729183554
280,248,0.0026502050459384
449,790,0.0026498977094888
1045,1040,0.0026496900245547
960,348,0.0026495719794183
822,293,0.0026494087651371
280,596,0.0026493414770811
280,638,0.0026493261102586
870,1051,0.0026491174940019
1106,1125,0.002648823428899
494,636,0.0026481549721211
1045,583,0.002647670218721
17,370,0.0026476536877453
494,235,0.0026473840698599
478,676,0.0026466511189937
1045,298,0.0026466085109859
822,405,0.0026464534457772
478,1020,0.0026463298127055
960,739,0.0026460441295057
870,1053,0.0026459496002644
478,33,0.0026458906941115
290,996,0.0026451000012457
188,271,0.0026450944133102
267,401,0.0026450660079717
928,21,0.0026450545992702
291,824,0.0026447291020303
870,191,0.0026447277050465
291,437,0.0026447242125868
291,251,0.0026446250267326
280,319,0.0026444734539836
478,894,0.0026440613437443
291,1022,0.0026439952198415
291,1004,0.0026437703054398
1045,428,0.0026434902101755
267,851,0.0026433528400957
960,670,0.002643184736371
1003,937,0.0026431586593389
700,19,0.0026430278085172
494,65,0.0026429123245179
188,722,0.0026428350247442
1045,805,0.0026427877601236
449,258,0.0026426368858665
960,527,0.002642281120643
1130,756,0.0026420024223625
822,8,0.0026417404878884
1003,510,0.0026415407191962
1130,373,0.0026414867024868
928,1083,0.0026411772705614
280,326,0.002640989376232
449,777,0.0026403558440506
700,126,0.0026401709765195
700,448,0.0026399039197713
17,936,0.0026398785412311
1130,789,0.0026397563051432
494,667,0.002639623126015
1106,978,0.0026392238214612
1003,899,0.0026388680562376
267,295,0.0026387688703835
822,257,0.0026385558303445
188,811,0.0026384876109659
1106,778,0.0026379264891147
1106,522,0.0026377574540674
17,296,0.0026372093707323
290,480,0.0026359900366514
822,671,0.0026358538307249
291,1070,0.0026352093555033
928,464,0.0026350021362304
700,43,0.0026347881648689
290,278,0.0026347453240305
1106,228,0.0026346766389906
870,150,0.0026346624363213
290,184,0.0026343029458075
449,829,0.0026341674383729
478,702,0.0026336179580539
290,29,0.0026335415896028
1003,785,0.0026335220318287
478,137,0.0026333706919103
267,105,0.0026328081730753
449,458,0.0026327092200517
17,196,0.0026325664948672
267,643,0.0026325269136577
494,204,0.0026324433274567
188,667,0.0026324023492634
17,1047,0.0026321734767407
449,187,0.002632092917338
1003,662,0.0026314281858503
960,480,0.002631282666698
928,539,0.0026308726519346
280,428,0.0026305771898478
290,953,0.0026304316706955
928,127,0.0026301438920199
290,460,0.0026300279423594
1130,640,0.0026296689175069
290,770,0.0026296286378055
17,1045,0.0026288668159395
1106,1035,0.0026287029031664
960,296,0.0026285252533853
188,33,0.0026283974293619
1045,657,0.0026281860191375
290,802,0.0026280968450009
960,1127,0.0026280409656465
478,125,0.0026280328165739
101,4,0.0026279513258486
1045,1095,0.0026275848504155
449,415,0.002627320587635
928,770,0.002627161797136
1045,532,0.0026271047536283
17,525,0.002626673085615
1045,127,0.0026264819316565
478,415,0.0026263475883752
1045,737,0.0026255475822836
960,855,0.0026253154501318
494,291,0.0026252262759953
290,240,0.0026250421069562
1130,686,0.0026249988004565
449,468,0.0026249382644891
1045,502,0.0026248348876833
17,77,0.002624656073749
1003,355,0.0026241610758006
822,402,0.0026239443104714
1003,995,0.0026237892452627
449,358,0.0026237587444484
1003,398,0.0026228730566799
822,987,0.0026228653732687
449,361,0.0026222150772809
960,1034,0.0026219871360808
291,441,0.0026219869032502
870,40,0.0026219727005809
17,515,0.002621877240017
280,806,0.002621783176437
17,398,0.0026214106474071
290,1096,0.0026209754869341
449,169,0.0026208464987576
1106,787,0.00262076058425
267,844,0.0026207603514194
449,1115,0.00262051820755
290,703,0.0026202974840998
478,460,0.0026201175060123
1045,780,0.0026199694257229
291,193,0.0026197868864983
188,565,0.0026197291444987
494,59,0.002619695616886
188,709,0.0026196870021522
1130,340,0.0026193673256784
1045,722,0.0026192627847194
188,945,0.0026192243676632
291,734,0.0026189817581325
928,89,0.0026186471804976
1003,291,0.0026184464804828
267,415,0.0026179761625826
494,728,0.0026179000269621
1003,18,0.0026177063118666
449,620,0.0026171773206442
267,787,0.002617034362629
1106,655,0.0026167631149291
960,990,0.0026163968723267
449,735,0.0026160236448049
17,813,0.0026159866247326
478,603,0.0026157731190323
494,1017,0.0026156737003475
928,485,0.0026156436651945
1106,127,0.002615536795929
478,332,0.0026154944207519
870,442,0.002615119330585
928,836,0.002614933764562
290,677,0.002614437136799
494,611,0.0026142995338886
1045,50,0.0026134422514587
17,554,0.002613398944959
494,746,0.0026133628562092
101,571,0.0026133614592254
960,714,0.0026130182668566
960,540,0.0026130084879696
449,270,0.0026130022015422
188,1052,0.0026126883458346
822,190,0.0026124704163521
188,344,0.0026123735588043
280,1060,0.0026121819391846
870,683,0.0026118217501789
17,1050,0.0026117444504052
1106,442,0.0026116534136235
478,163,0.0026113702915608
449,281,0.0026113509666174
291,879,0.002611206844449
478,106,0.002610943512991
280,975,0.0026108142919838
1130,357,0.0026106990408152
280,125,0.0026105688884854
291,854,0.0026102240663021
928,1097,0.0026100883260369
101,352,0.0026098759844899
494,118,0.0026095947250723
1003,428,0.0026094708591699
1130,587,0.0026093951892107
101,682,0.0026093127671629
928,378,0.0026088943704962
1045,418,0.0026086079888045
822,608,0.0026083027478307
291,501,0.0026082517579197
17,989,0.0026082168333232
290,276,0.0026080454699695
1003,438,0.0026076401118189
188,17,0.0026076391804963
974,1009,0.0026073127519339
280,1083,0.0026072659529745
1106,991,0.0026072042528539
101,300,0.0026064508128911
478,372,0.0026055015623569
700,472,0.0026053378824144
449,732,0.0026051332242786
494,879,0.0026048850268125
1106,268,0.0026048710569739
1045,506,0.0026048554573208
870,830,0.0026047443971037
449,843,0.0026044778060168
449,73,0.0026044759433716
17,502,0.0026042088866233
449,475,0.0026036447379738
291,962,0.0026035369373857
822,1003,0.0026032228488475
188,369,0.0026029488071799
478,900,0.0026026570703834
870,445,0.0026023641694337
188,307,0.0026022964157164
280,1044,0.002602215623483
960,796,0.002602145075798
280,75,0.0026019744109362
700,245,0.0026019318029284
700,522,0.0026018726639449
1045,18,0.002601824933663
188,686,0.0026016470510512
1130,1099,0.0026010307483375
188,302,0.0026009699795395
1045,866,0.0026008621789515
17,58,0.0026008172426372
280,160,0.0026003178209066
280,507,0.0026002104859799
822,40,0.00260004051961
822,749,0.0025999064091593
290,859,0.00259978370741
1130,393,0.0025995175819844
449,264,0.0025993534363806
188,556,0.0025991080328822
870,1003,0.0025990337599068
1003,1066,0.0025987729895859
279,276,0.0025985804386436
1045,596,0.0025984048843383
478,499,0.002598067279905
1045,698,0.002598060760647
1106,818,0.0025980472564697
478,739,0.0025980151258409
478,836,0.0025979233905673
928,310,0.0025976870674639
478,1019,0.0025976225733757
17,520,0.0025974826421588
700,262,0.0025973343290388
822,249,0.002597157144919
700,718,0.0025967929977923
1045,493,0.0025964656379073
700,670,0.0025961908977478
188,911,0.0025959990452975
290,258,0.0025959589984267
267,170,0.0025957124307751
280,378,0.0025955953169614
870,61,0.0025953915901482
478,853,0.002594435820356
700,743,0.0025942604988813
1003,213,0.0025939904153347
290,271,0.0025935610756278
822,1093,0.0025935359299182
188,844,0.002593069570139
290,25,0.0025925892405211
1130,504,0.0025921324267983
700,321,0.0025921179912984
1130,791,0.0025914192665368
974,195,0.0025908902753144
188,775,0.0025904243811964
928,349,0.0025894525460898
188,1045,0.0025892783887684
870,894,0.0025890266988426
1045,124,0.0025887412484735
17,651,0.0025885950308293
494,1023,0.0025885587092489
188,1125,0.0025884204078465
494,424,0.0025883712805807
870,305,0.0025883070193231
928,15,0.0025883049238473
974,269,0.0025880422908812
267,1119,0.0025877938605844
870,92,0.0025872779078781
700,310,0.002587151248008
188,405,0.002587026450783
449,171,0.0025869833771139
291,242,0.0025868760421872
267,806,0.0025863335467875
870,926,0.0025863144546747
188,234,0.0025861044414341
478,983,0.0025860376190394
822,339,0.002586017595604
494,219,0.0025854464620351
1045,922,0.0025854180566966
280,564,0.0025853645056486
101,15,0.0025850168894976
1003,374,0.0025848953519016
17,221,0.0025848608929663
101,661,0.002584837609902
478,165,0.0025845514610409
1003,56,0.0025839696172624
280,170,0.0025839596055448
291,457,0.002583522349596
449,150,0.0025834606494754
700,36,0.0025833272375166
928,990,0.0025832001119852
279,235,0.0025830715894699
1003,551,0.002582766348496
279,389,0.0025827123317867
1045,303,0.0025827018544077
290,524,0.002582577522844
17,383,0.0025822212919592
478,816,0.0025822010356932
960,411,0.0025816583074629
822,885,0.0025815372355282
478,103,0.0025814441032707
822,548,0.0025812364183366
1045,483,0.0025811735540628
870,1101,0.0025809609796851
822,1092,0.0025798552669584
960,17,0.0025797290727496
928,861,0.002579687628895
267,1125,0.0025796059053391
700,586,0.0025794834364205
1130,277,0.0025791735388338
17,348,0.002578841522336
1003,977,0.0025781968142837
449,761,0.0025781644508242
291,984,0.0025778780691325
449,438,0.0025772186927497
928,164,0.0025771011132746
494,647,0.0025770852807909
291,1101,0.0025770638603717
17,480,0.0025765325408428
478,416,0.002576251514256
280,20,0.0025761302094906
478,247,0.0025760873686522
870,1015,0.0025759967975318
1106,386,0.002575940452516
870,475,0.0025754866655915
700,285,0.0025753905065357
870,651,0.0025749965570867
870,510,0.0025749518536031
478,1032,0.0025744140148162
290,958,0.002574247540906
928,71,0.0025740356650203
928,292,0.0025739395059645
267,981,0.0025739150587469
17,86,0.0025737676769495
700,66,0.0025735129602253
1106,688,0.0025732715148478
267,339,0.0025731406640261
822,166,0.0025730084162205
101,18,0.0025727136526256
928,306,0.0025725022424012
17,811,0.0025722759310156
1003,903,0.002572156721726
960,752,0.0025718153920024
449,392,0.0025715939700603
1003,628,0.0025715008378028
291,1011,0.002571178600192
188,973,0.0025711432099342
1003,938,0.0025702053681015
478,920,0.0025701457634568
188,888,0.0025700696278363
1130,303,0.0025700451806187
478,474,0.0025697844102978
17,90,0.0025695820804685
101,941,0.0025688395835459
291,656,0.0025685792788863
960,208,0.0025685739237815
1130,336,0.0025684982538223
280,984,0.0025679357349872
291,923,0.0025676428340375
101,133,0.0025675571523606
101,392,0.0025675364304333
928,1095,0.0025673501659184
960,1125,0.0025669941678643
280,471,0.0025668509770184
928,217,0.0025666975416243
188,861,0.0025665604043751
17,1038,0.0025663874112069
267,1102,0.0025661455001682
267,189,0.0025661019608378
279,794,0.0025659080129116
870,653,0.0025657762307673
17,547,0.0025657049845904
974,35,0.0025655911304056
928,221,0.0025655410718172
17,875,0.002565026981756
17,172,0.0025650232564657
928,145,0.0025649722665548
700,88,0.0025649107992649
267,252,0.0025645450223237
928,146,0.0025644744746387
291,1012,0.0025643361732363
280,1084,0.0025640102103352
1106,554,0.0025632309261709
478,741,0.0025632097385823
290,1104,0.0025630614254623
17,511,0.0025630227755755
1045,998,0.0025628022849559
267,529,0.0025627282448112
188,179,0.0025626332499086
280,584,0.0025621247477829
280,138,0.0025618465151637
1106,1117,0.0025614416226744
280,886,0.0025614239275455
928,788,0.00256117596291
1130,23,0.0025605566333979
17,309,0.0025600725784897
1045,898,0.0025599859654903
1045,72,0.0025598749052733
101,944,0.0025597645435482
449,160,0.0025593775790184
290,1059,0.0025593421887606
960,686,0.0025592914316803
279,580,0.0025591473095119
1106,933,0.0025591382291167
478,781,0.002558868844062
17,586,0.0025588371790945
822,33,0.0025584630202502
17,717,0.0025579235516488
280,156,0.0025578634813427
17,601,0.0025573070161044
1045,265,0.0025572793092578
17,841,0.0025570634752511
960,658,0.0025569135323166
17,818,0.0025567265693098
17,886,0.0025559733621776
188,326,0.0025558685883879
280,437,0.0025556783657521
1130,882,0.0025556457694619
478,582,0.0025555060710757
478,309,0.0025553267914801
478,600,0.0025552485603839
478,808,0.0025552404113113
17,194,0.0025548706762492
1130,899,0.0025547847617417
870,478,0.0025546955876052
188,67,0.0025546657852828
449,567,0.0025543272495269
291,843,0.0025541300419718
478,294,0.0025538599584251
280,133,0.0025536133907735
870,358,0.0025534487795084
928,189,0.0025532180443406
1106,411,0.002553085098043
290,386,0.0025530264247208
870,866,0.0025529372505843
290,926,0.0025529011618345
188,279,0.0025524476077407
290,811,0.0025523996446281
822,358,0.0025521009229123
1003,106,0.0025519109331071
700,821,0.0025517251342535
267,383,0.0025516196619719
478,381,0.0025511898566037
960,166,0.0025509970728307
17,84,0.0025509819388389
17,346,0.0025508617982268
1130,169,0.0025503400247544
290,211,0.0025500429328531
17,823,0.0025500380434095
449,224,0.0025500219780951
17,114,0.002549530705437
17,1130,0.002549514407292
478,510,0.0025489947292953
870,796,0.0025489935651421
1003,429,0.0025488534010946
700,1013,0.0025485123042017
267,1111,0.002548259217292
822,763,0.0025482489727437
928,635,0.0025481362827122
700,905,0.0025480915792286
870,407,0.0025480280164629
1045,1008,0.0025479847099632
1106,904,0.002547750249505
267,663,0.0025473092682659
280,33,0.0025470380205661
17,93,0.0025468016974627
267,587,0.0025468014646321
449,872,0.0025464801583439
478,944,0.0025464177597314
17,453,0.0025462498888373
700,263,0.002545922761783
290,1119,0.0025449772365391
870,610,0.0025447700172662
267,830,0.002544620539993
870,957,0.0025444531347602
870,685,0.0025441606994718
1130,411,0.0025441402103751
291,804,0.0025439197197556
960,569,0.0025434563867747
960,268,0.0025432978291064
1130,903,0.0025430531240999
17,662,0.0025427332147955
1003,1041,0.0025425364729017
17,895,0.002542448695749
494,810,0.0025423420593142
478,195,0.002541902475059
291,543,0.0025416663847863
870,727,0.0025414559058845
960,181,0.0025414060801267
928,759,0.0025413737166672
101,1066,0.0025413196999579
928,61,0.0025413041003048
449,142,0.0025412084069103
700,127,0.0025410531088709
291,1078,0.0025408633518964
1045,393,0.0025408014189451
267,563,0.0025407827924937
280,474,0.0025404246989637
449,255,0.002540267072618
1045,1019,0.0025401839520782
267,30,0.0025401099119335
700,530,0.0025397539138793
700,450,0.0025396940764039
188,1091,0.0025394717231392
101,776,0.0025393429677933
870,805,0.0025391888339072
267,688,0.0025390610098838
822,385,0.0025389925576746
290,968,0.0025388249196112
291,49,0.0025385797489434
870,905,0.0025383401662111
478,470,0.0025383373722434
960,452,0.0025373734533786
291,944,0.0025371112860739
478,537,0.0025367299094796
1003,722,0.0025360735598951
928,947,0.002536033745855
188,202,0.0025358535349369
822,1129,0.0025358241982758
1045,89,0.0025356677360832
188,557,0.0025351014919579
280,629,0.0025348316412419
960,252,0.002534195780754
290,292,0.0025340931024402
822,940,0.0025338516570627
700,602,0.0025337280239909
822,692,0.0025336740072816
267,714,0.0025331464130431
1045,504,0.0025327699258923
1130,627,0.0025326646864414
267,242,0.0025324791204184
449,312,0.0025320721324533
188,461,0.0025320211425423
17,83,0.0025318339467048
1045,475,0.0025316053070127
1106,384,0.0025310337077826
928,732,0.002530726371333
478,1126,0.0025304656010121
279,619,0.0025304544251412
478,449,0.0025304041337221
101,182,0.0025303738657385
188,674,0.0025303442962467
1045,402,0.0025303363800048
188,434,0.0025299901608377
17,537,0.0025298232212662
1106,937,0.0025294546503573
478,387,0.0025292525533586
1106,706,0.0025291796773672
494,1107,0.0025287216994911
290,488,0.0025280979461967
1106,118,0.0025280469562858
822,126,0.0025277528911828
1045,119,0.0025271761696785
822,986,0.0025265344884246
290,1103,0.0025258478708565
290,475,0.0025258073583245
291,623,0.0025254695210605
870,504,0.0025248371530324
960,66,0.002524804091081
700,1113,0.0025245763827115
494,438,0.0025243307463824
870,264,0.0025240576360374
478,548,0.0025240369141101
1045,305,0.0025238334201276
960,1049,0.0025237104855477
960,453,0.0025236066430807
17,381,0.0025235530920326
870,466,0.0025234874337911
870,271,0.0025233193300664
290,937,0.002522972645238
17,1095,0.0025226247962564
449,178,0.0025225928984582
478,848,0.0025223318953067
17,783,0.0025222825352102
1045,92,0.0025215314235538
870,1127,0.0025214971974492
1106,612,0.0025213239714503
17,38,0.0025211183819919
870,321,0.0025208855513483
494,135,0.0025204059202224
822,1101,0.002519752131775
1045,459,0.0025196396745741
478,544,0.002519583562389
17,61,0.002519394038245
188,629,0.0025189206935465
280,379,0.0025188764557242
1045,391,0.0025187863502651
700,376,0.0025186461862176
1106,1056,0.0025182899553328
700,697,0.0025180245283991
870,589,0.0025177525822073
478,882,0.0025177283678203
280,601,0.0025176340714097
17,513,0.0025173076428472
1003,648,0.0025171050801873
928,100,0.0025169316213577
188,184,0.0025168166030198
188,343,0.002516575390473
960,897,0.0025162214878946
449,820,0.0025162117090076
700,144,0.0025155767798423
928,14,0.0025151271838694
291,436,0.0025151178706437
101,17,0.0025146398693323
700,16,0.0025146112311631
290,242,0.002514591673389
291,925,0.0025143546517938
822,248,0.0025137399788945
478,827,0.0025135783944278
101,838,0.0025134123861789
1106,51,0.0025128812994807
1106,19,0.00251279422082
700,688,0.0025124046951532
478,1052,0.0025119823403656
974,843,0.0025117027107626
188,96,0.0025116950273513
478,561,0.0025116424076259
280,457,0.0025115432217717
101,552,0.0025115013122558
1003,381,0.0025113283190876
974,202,0.0025112002622336
870,835,0.0025110351853072
279,391,0.0025109949056059
291,777,0.0025109515991061
700,239,0.0025107969995588
1130,125,0.0025105862878262
290,98,0.0025104158557951
478,112,0.0025103965308517
449,1025,0.0025103180669248
17,195,0.0025102496147155
822,591,0.0025100945495069
700,1051,0.0025100945495069
822,696,0.0025092449504882
1003,419,0.0025092291180044
478,598,0.0025091657880693
279,326,0.0025091080460697
960,15,0.0025087904650717
1045,913,0.0025087327230721
870,815,0.0025085052475333
101,371,0.0025082996580749
1045,594,0.0025082568172365
700,218,0.0025078512262552
1045,556,0.0025075857993215
1130,835,0.0025073429569602
279,420,0.0025073192082345
188,690,0.0025072684511542
188,733,0.0025072256103157
494,1069,0.0025071180425584
478,757,0.0025069084949791
928,937,0.0025063783396035
478,35,0.0025060093030333
478,1024,0.0025058640167117
870,798,0.0025057760067284
272,836,0.0025055445730686
928,60,0.0025054293219
1130,1082,0.0025053438730537
700,420,0.0025046202354133
267,602,0.0025044837966561
870,87,0.0025041927583515
291,540,0.0025038646999746
279,935,0.0025036670267581
478,571,0.0025035110302269
822,334,0.0025033706333488
700,309,0.002503311028704
478,893,0.0025030362885445
1130,625,0.0025028833188116
188,605,0.0025028258096426
1003,908,0.002502714516595
188,238,0.002502713818103
960,1062,0.0025026458315551
17,136,0.0025026386138051
17,595,0.0025025424547493
960,896,0.0025021620094776
290,654,0.0025020858738571
960,1035,0.0025014614220708
280,406,0.0025013948325067
822,324,0.0025010702665895
960,734,0.0025008525699377
290,300,0.0025006588548421
1106,250,0.0025005210191011
870,479,0.0025004870258271
280,667,0.002499426016584
1045,1017,0.0024994204286485
267,442,0.0024992111138999
974,539,0.0024991906248033
494,603,0.0024990283418446
290,748,0.0024985952768474
290,429,0.0024985782802104
870,722,0.0024983012117445
700,295,0.0024978285655379
280,1030,0.0024975740816444
960,189,0.0024972409009933
960,106,0.0024970700033009
291,894,0.0024968381039798
17,501,0.0024965978227555
449,740,0.0024964972399175
290,333,0.0024960942100733
279,438,0.0024960732553154
17,787,0.0024960066657513
494,152,0.0024958681315183
291,590,0.0024957042187452
449,810,0.0024956113193184
188,134,0.0024954013060778
700,829,0.0024948408827185
449,225,0.0024948299396783
101,1047,0.0024948236532509
449,232,0.0024946199264377
478,232,0.0024945619516074
188,494,0.0024941668380051
280,236,0.0024940536823123
1130,987,0.0024937461130321
928,33,0.0024935372639447
1045,367,0.0024932564701884
291,385,0.0024931214284151
1003,265,0.0024930429644882
101,717,0.0024925335310399
928,615,0.0024924438912421
1106,666,0.0024923959281295
870,223,0.0024923398159444
272,956,0.0024922115262597
1130,469,0.002491693245247
449,937,0.002491008490324
279,85,0.0024906597100198
700,1105,0.0024901812430471
1003,159,0.0024901023134589
700,437,0.0024900918360799
870,369,0.0024900813587009
974,9,0.0024898420087993
267,251,0.0024897176772356
101,317,0.0024896233808249
1003,550,0.0024894340895116
17,174,0.0024893032386898
478,773,0.0024892422370612
928,273,0.0024891861248761
1045,453,0.002489183563739
822,1126,0.0024891651701182
267,329,0.0024890371132642
449,805,0.0024889656342566
280,309,0.0024889344349503
1045,20,0.0024886783212423
290,533,0.0024886387400329
870,1107,0.0024884424638003
267,568,0.0024875157978385
280,99,0.0024872657377272
822,1110,0.0024872026406228
188,1120,0.0024871889036148
960,114,0.0024870808701962
280,707,0.0024868347682058
974,602,0.0024863062426447
280,13,0.0024859872646629
280,163,0.0024858440738171
267,528,0.0024858152028173
928,1124,0.0024857909884303
974,389,0.0024853611830621
870,543,0.0024843071587383
290,862,0.0024837017990648
960,1128,0.0024833702482283
1130,511,0.0024832184426486
1106,879,0.0024829180911183
928,743,0.0024827900342643
290,49,0.0024827697779983
928,178,0.0024826715234667
1003,130,0.0024824219290167
928,1038,0.0024823038838803
478,352,0.0024815069045871
478,370,0.002481406321749
290,303,0.0024812917690724
272,242,0.0024811571929603
188,684,0.0024808102753013
1003,483,0.0024802801199257
449,391,0.0024802712723612
290,759,0.0024802365805953
101,1014,0.0024801713880151
870,903,0.0024801571853458
822,213,0.0024798477534204
478,96,0.002479063346982
280,335,0.0024789569433778
188,624,0.0024788442533463
291,161,0.0024786337744444
101,833,0.002478597452864
478,956,0.0024785560090094
870,563,0.0024782409891486
1130,410,0.0024782260879874
1003,728,0.0024781133979558
101,562,0.0024780551902949
870,714,0.0024778470396995
494,406,0.0024777329526841
280,800,0.0024775844067335
1106,520,0.0024773322511464
17,663,0.0024772433098405
478,322,0.0024769189767539
290,229,0.0024768493603914
280,1024,0.0024765199050307
870,973,0.0024764572735875
960,531,0.0024764323607087
1045,822,0.0024763811379671
494,1055,0.0024763154797255
1106,1104,0.0024762202519923
291,910,0.0024761226959526
280,444,0.0024760733358561
1045,140,0.0024758344516158
974,213,0.0024755555205047
267,966,0.0024754554033279
960,312,0.0024752046447247
279,473,0.0024750030133873
960,333,0.0024749708827584
870,661,0.002474911743775
870,345,0.002474847016856
870,225,0.0024745312985032
449,217,0.0024744621478021
960,84,0.0024743301328271
928,34,0.0024741310626268
870,822,0.00247403094545
291,162,0.0024737261701375
870,378,0.0024737026542425
101,465,0.0024734372273087
974,904,0.0024732702877372
928,275,0.0024731543380767
449,597,0.0024730393197387
1130,583,0.002472995314747
1130,235,0.0024728253483772
870,189,0.0024722903035581
280,131,0.0024721890222281
280,591,0.0024721664376556
17,435,0.0024715273175388
1045,71,0.0024714523460716
449,60,0.002471390645951
700,1078,0.002471363171935
291,546,0.0024708765558898
449,1056,0.0024702798109501
478,41,0.0024701068177819
1045,693,0.0024700565263628
290,250,0.0024700458161532
960,1121,0.0024699470959603
870,605,0.0024696632754057
928,986,0.0024695254396647
291,140,0.0024694276507943
279,873,0.0024686884135007
494,155,0.0024683198425918
1130,542,0.0024680711794644
1130,622,0.0024679475463926
494,17,0.002467866288498
101,995,0.0024676613975316
280,1027,0.0024676469620317
280,228,0.0024676159955561
1045,963,0.0024675363674759
17,169,0.002467218786478
1130,797,0.0024670828133821
280,268,0.0024670257698744
700,1009,0.0024668527767062
478,906,0.0024668187834322
478,467,0.0024665808305144
870,858,0.0024664655793458
928,248,0.0024662702344357
188,337,0.0024661908391863
870,317,0.002465876750648
1045,185,0.0024655282031744
870,414,0.0024646350648254
822,672,0.002464140066877
267,541,0.0024641242343932
188,70,0.0024640487972646
267,377,0.0024639400653541
267,901,0.0024639046750962
17,604,0.0024636981543153
960,628,0.0024633007124066
1130,352,0.0024631354026496
822,1,0.002462641801685
822,1119,0.0024625400546938
1003,1119,0.0024625058285892
960,761,0.0024624681100249
1045,27,0.0024613949935883
960,443,0.0024610613472759
478,668,0.0024607987143099
267,894,0.0024606112856417
17,115,0.0024600066244602
960,816,0.0024599726311862
267,576,0.0024596203584223
272,173,0.0024592038244009
870,546,0.0024588867090642
494,956,0.0024587726220488
101,982,0.0024587153457105
870,154,0.0024586743675172
928,578,0.0024586706422269
188,765,0.0024585919454693
1045,752,0.0024583141785115
822,88,0.0024580133613198
928,685,0.0024579984601587
188,464,0.0024579532910138
494,915,0.002457589842379
188,1039,0.0024574312847107
449,623,0.002457367721945
188,43,0.002457317430526
1130,385,0.0024572182446718
960,361,0.0024571653921157
700,176,0.002457101130858
960,842,0.0024565064813941
1106,368,0.0024564722552895
188,39,0.0024558608420193
291,2,0.0024557386059314
449,352,0.0024557071737945
188,404,0.0024556932039558
188,26,0.0024554966948926
1003,494,0.0024553157854825
290,1038,0.0024550205562263
291,1040,0.0024547965731471
291,991,0.0024545763153582
960,1021,0.0024542226456105
700,881,0.00245389691554
822,501,0.002453782595694
1130,468,0.0024533236864954
700,305,0.0024530314840376
700,473,0.0024529288057237
1045,601,0.0024526277557015
290,264,0.0024523409083485
188,1092,0.0024521218147128
188,1109,0.0024520708248019
870,385,0.0024519828148186
17,261,0.0024519297294318
267,964,0.0024512351956218
188,595,0.002451222622767
291,212,0.0024510605726391
449,434,0.0024510386865586
494,337,0.0024508938658982
267,767,0.0024507932830601
280,1029,0.0024505809415131
449,476,0.0024498719722032
1003,1010,0.0024497190024703
478,1087,0.002449499676004
280,678,0.0024492221418768
188,637,0.002448788145557
1045,212,0.0024487811606377
960,873,0.002448464743793
822,840,0.002448376500979
974,80,0.0024480414576828
700,259,0.0024479653220623
279,848,0.0024479425046592
272,378,0.0024475972168147
478,139,0.0024475064128637
928,1033,0.0024474936071783
267,962,0.0024470333009958
494,529,0.0024466321337968
290,249,0.002446481026709
290,758,0.0024464705493301
960,776,0.0024461227003484
1003,676,0.0024460710119456
1106,739,0.0024460523854941
17,916,0.0024460428394377
1106,686,0.002446023048833
1045,549,0.0024455524981021
928,136,0.0024452942889183
478,1064,0.0024451497010886
960,308,0.002445014193654
272,906,0.0024446314200758
478,871,0.002444498008117
290,1071,0.0024443408474326
928,950,0.0024442311841994
870,920,0.0024438337422907
188,627,0.0024436810053884
960,874,0.0024434707593172
700,740,0.002443297766149
290,468,0.0024426630698144
17,890,0.0024425508454442
478,92,0.0024425361771136
272,254,0.0024425005540251
822,344,0.0024424726143479
291,115,0.0024424432776868
960,867,0.0024421743582934
870,652,0.002441824413836
17,852,0.0024417999666184
290,670,0.0024414649233222
267,1099,0.0024412835482507
960,8,0.0024410129990428
822,736,0.00244079856202
1106,970,0.0024406628217548
101,665,0.0024406618904322
291,401,0.0024406362790614
478,457,0.0024404171854257
1045,1115,0.0024397114757448
960,144,0.002439284697175
822,775,0.0024388513993471
478,300,0.0024388239253312
928,525,0.0024386912118643
1045,575,0.0024386667646467
478,276,0.0024381994735449
291,1077,0.0024379512760788
1045,267,0.0024377617519348
700,963,0.0024377615191042
870,331,0.0024372776970267
478,943,0.0024366569705307
267,780,0.0024366537109017
1003,517,0.0024363759439438
928,1019,0.0024357682559639
870,581,0.0024357193615287
188,976,0.0024355095811188
1045,804,0.0024353668559342
494,589,0.0024348918814212
478,275,0.0024344837293028
280,923,0.002433402929455
960,387,0.0024331214372068
974,1082,0.0024327633436769
101,899,0.0024326902348548
272,580,0.0024324886035174
449,74,0.0024323731195181
290,643,0.002432276494801
1106,259,0.0024322271347045
974,1036,0.0024321172386407
478,624,0.0024319025687873
101,106,0.0024318473879247
101,722,0.0024309193249791
494,146,0.0024308993015438
101,698,0.002430752152577
974,861,0.0024306857958436
267,387,0.0024305190891027
291,1057,0.0024304655380547
1003,636,0.002429919084534
272,1083,0.0024299074430018
280,1111,0.0024290040601044
17,687,0.0024288706481456
267,972,0.0024288378190249
700,422,0.002428647596389
291,274,0.0024283847305923
291,298,0.0024283598177134
1106,1126,0.0024281700607389
188,259,0.0024277453776448
267,84,0.0024276624899357
290,784,0.0024276017211377
188,1076,0.0024274252355098
291,104,0.0024273400194942
267,294,0.0024272927548736
267,579,0.0024271723814308
928,200,0.0024265334941446
291,67,0.0024264391977339
449,687,0.0024264082312583
822,675,0.0024263181257992
291,850,0.0024261272046715
928,1053,0.0024256724864244
494,944,0.0024255458265542
188,270,0.0024252191651612
928,180,0.0024249411653727
1003,598,0.0024248610716313
291,1017,0.0024247858673334
928,803,0.0024242298677563
700,756,0.0024237534962594
267,772,0.0024235879536718
494,623,0.0024234177544713
822,841,0.0024225760716944
822,788,0.0024223835207521
267,521,0.002422038000077
494,1019,0.0024218230973929
822,656,0.0024212943390011
478,9,0.0024203616194427
290,136,0.0024202123750001
188,18,0.0024201404303312
291,987,0.002419696887955
267,300,0.0024196370504796
494,673,0.0024195513688027
188,237,0.0024190649855881
280,389,0.0024188796523958
101,114,0.0024187273811548
960,964,0.0024185793008655
1045,75,0.0024185124784708
290,166,0.002418388845399
101,997,0.002418135292828
700,878,0.0024180840700864
960,377,0.0024176756851375
267,116,0.0024167150259017
17,354,0.0024164614733308
870,604,0.0024164034985005
928,1002,0.0024163220077753
974,507,0.0024158381856977
1130,353,0.0024157119914889
974,686,0.0024157045409083
17,638,0.002415660303086
101,1104,0.0024154891725629
188,55,0.0024149257224053
267,28,0.0024147289805114
17,311,0.0024145543575286
478,963,0.0024144472554326
822,568,0.0024139054585248
267,255,0.0024139012675732
188,854,0.0024136437568813
188,998,0.0024135592393577
1130,212,0.0024135166313499
870,21,0.0024134330451488
478,494,0.0024132556281983
1130,261,0.002412537112832
188,1051,0.0024123929906636
928,384,0.0024123298935592
822,981,0.0024119387380778
928,162,0.0024117364082485
928,120,0.0024115089327096
280,640,0.0024114071857184
1130,82,0.0024112004321068
928,422,0.0024109333753585
870,226,0.0024108637589961
449,754,0.0024106400087475
822,112,0.0024102483876049
449,946,0.002410246990621
188,114,0.002409936627373
1045,342,0.0024096632841974
494,914,0.0024094565305858
101,184,0.0024092011153697
280,946,0.002409076783806
279,954,0.002408739645034
1106,982,0.0024086025077849
1106,539,0.0024086022749543
478,219,0.0024079382419586
1106,422,0.0024077957496047
279,1115,0.0024074132088571
822,1109,0.0024073750246316
960,956,0.0024073726963251
1130,88,0.0024072933010756
822,544,0.0024072171654552
188,101,0.0024071249645203
1130,1012,0.0024061035364866
822,201,0.002405990846455
700,261,0.0024058134295046
280,321,0.0024057640694081
928,1014,0.002405239501968
188,71,0.0024052169173955
1045,665,0.0024051587097346
290,974,0.0024050930514931
494,751,0.0024048020131886
478,121,0.0024044942110776
290,82,0.0024038723204284
494,691,0.0024038313422352
700,465,0.0024032923392951
280,633,0.0024032793007791
291,41,0.0024031370412558
928,859,0.002403020625934
1003,391,0.0024027531035244
17,704,0.0024024362210184
494,967,0.0024009514600038
870,979,0.0024009360931813
1045,1064,0.0024008764885365
17,755,0.0024007107131183
1045,377,0.0024001505225896
280,351,0.0024001155979931
188,749,0.0023998983670026
1003,188,0.0023994224611669
188,606,0.0023992906790226
822,452,0.0023988205939531
1045,1130,0.0023987765889614
1130,309,0.0023986112792044
17,396,0.0023983092978596
290,1074,0.0023982075508683
267,1054,0.0023980487603694
478,991,0.0023980068508535
188,13,0.0023977777455002
1045,761,0.0023973640054464
478,213,0.002397199627012
267,330,0.0023969365283846
267,730,0.0023969321046024
267,230,0.0023966724984347
1106,258,0.002396339084953
267,35,0.0023961730767041
960,497,0.0023958566598594
1045,271,0.0023957060184329
449,760,0.0023956280201673
1045,929,0.0023955460637807
101,6,0.0023955458309501
290,553,0.002395536750555
1045,564,0.0023955248761922
188,455,0.0023954091593623
700,714,0.0023953197523951
272,120,0.0023948883172124
1130,520,0.0023948424495756
822,172,0.0023948096204549
449,146,0.0023946268483996
101,546,0.0023943972773849
478,554,0.0023942647967487
449,443,0.0023941085673868
101,810,0.0023940624669194
291,391,0.0023938424419611
280,222,0.0023938200902193
290,619,0.0023934643249958
960,288,0.0023929253220558
478,700,0.0023929162416607
17,820,0.0023928734008222
928,983,0.0023928661830723
279,1017,0.0023928305599838
449,628,0.0023924561683088
974,4,0.0023917309008538
822,238,0.0023915315978229
700,124,0.0023915059864521
1003,235,0.0023914794437587
1106,768,0.002391415182501
280,366,0.0023911723401397
478,70,0.0023910684976726
101,436,0.0023908109869807
280,785,0.002390804933384
267,45,0.0023907900322228
494,565,0.0023907679133117
280,446,0.0023905620910227
290,398,0.0023905036505311
1045,1006,0.0023902275133877
17,660,0.0023902163375169
1130,273,0.0023901490494608
870,503,0.0023900889791548
449,838,0.002389753004536
822,260,0.0023891401942819
280,298,0.0023891162127256
280,692,0.0023890833836048
280,924,0.0023888463620096
960,450,0.0023883711546659
1130,417,0.0023882882669568
870,490,0.0023880540393292
960,165,0.0023880237713456
1003,765,0.0023877590429037
267,209,0.002387543907389
870,195,0.0023874724283814
494,580,0.002386889886111
188,877,0.0023866393603384
291,213,0.0023864596150815
188,930,0.0023862265516072
267,532,0.0023861781228333
1045,171,0.0023859383072704
928,260,0.0023854500614106
272,589,0.0023847082629799
449,35,0.0023846663534641
1003,647,0.0023845138493925
822,99,0.0023844873066991
449,230,0.002384481485933
188,0,0.0023844654206186
17,154,0.0023842088412493
478,910,0.0023840190842747
188,473,0.0023833001032471
1106,209,0.0023832088336348
822,991,0.0023831478320062
1003,67,0.0023830423597246
478,299,0.0023828670382499
478,116,0.0023828283883631
700,196,0.0023827806580811
960,915,0.0023825636599212
291,1038,0.0023825413081794
291,867,0.0023821708746254
822,910,0.002381972502917
17,244,0.0023817631881684
101,870,0.0023816968314349
928,343,0.0023815070744603
280,513,0.002381480531767
494,173,0.0023809608537703
280,701,0.0023807790130376
960,728,0.0023806050885468
188,23,0.0023794306907802
267,733,0.0023792043793946
188,393,0.0023791124112904
280,894,0.0023788961116224
272,86,0.0023788707330822
290,344,0.0023787489626556
188,317,0.0023786153178662
960,508,0.0023784392978996
1003,109,0.0023783766664564
494,216,0.0023783145006746
494,894,0.0023782521020621
974,360,0.002378158736974
101,670,0.0023778334725648
267,620,0.002377666067332
974,739,0.0023775997105985
1106,648,0.0023773571010679
449,793,0.0023772621061652
1045,378,0.0023765810765326
870,731,0.0023765738587826
449,988,0.002376522636041
188,937,0.0023760627955198
478,446,0.0023760292679071
280,696,0.0023759559262543
960,570,0.0023755221627652
188,245,0.0023753775749355
17,247,0.0023753528948873
960,375,0.0023752409033477
188,665,0.0023751517292112
870,166,0.0023750681430101
267,396,0.0023749934043735
280,392,0.0023747850209474
1045,285,0.0023747410159558
188,781,0.0023745079524815
1003,674,0.0023743333294987
1130,343,0.0023735421709716
449,536,0.0023734534624964
960,988,0.0023733668494969
1003,1009,0.0023733535781502
17,736,0.0023732767440378
267,1085,0.0023730730172246
870,964,0.0023729267995804
1045,445,0.002372819930315
822,765,0.0023728003725409
17,684,0.0023725589271634
822,469,0.0023721712641417
449,886,0.0023719493765383
960,1094,0.002371868584305
822,25,0.0023717787116765
280,96,0.0023710499517619
822,44,0.0023704194463789
928,483,0.002370408270508
494,448,0.0023703658953309
870,686,0.0023702690377831
870,718,0.0023700408637523
290,855,0.0023700331803411
960,70,0.0023698755539953
700,145,0.0023693996481597
700,768,0.0023688040673732
494,521,0.0023683924227952
17,743,0.0023680231533944
822,625,0.0023678622674196
1130,895,0.0023676729761064
478,665,0.0023675016127526
960,605,0.002367440611124
188,440,0.0023673919495195
267,34,0.002367262262851
494,111,0.0023669879883527
17,722,0.0023669614456593
188,726,0.0023669030051678
291,1045,0.0023664676118642
1045,466,0.0023663842584937
101,542,0.0023660138249397
870,706,0.002365845721215
478,669,0.0023657018318772
290,767,0.0023656075354665
494,827,0.002365571912378
1003,865,0.0023652999661862
279,440,0.0023652005475014
1130,93,0.0023648103233426
822,708,0.0023644573520869
267,879,0.002364037791267
822,769,0.0023637812118977
290,579,0.0023634447716176
1045,207,0.002363349776715
478,873,0.0023628738708794
290,889,0.002362212864682
1045,888,0.0023621013388037
1003,437,0.002361967228353
1130,962,0.0023618468549102
974,174,0.0023617204278707
822,624,0.0023609625641256
478,44,0.0023608857300132
928,858,0.0023607232142239
494,15,0.0023602428846061
478,190,0.0023600531276315
17,366,0.0023598202969878
822,79,0.0023596696555614
700,852,0.0023596340324729
960,614,0.0023594279773533
188,835,0.0023591290228068
974,273,0.0023590417113155
960,261,0.002358830999583
1106,503,0.0023583667352795
478,733,0.0023581928107887
1003,828,0.0023581143468618
960,558,0.0023580938577651
870,64,0.0023578880354762
928,845,0.0023578722029924
1045,230,0.002357781631872
290,724,0.00235728896223
280,218,0.0023569737095385
17,683,0.0023562181740999
1045,1028,0.0023561543785035
1045,166,0.0023552279453724
101,141,0.0023547508753836
870,1024,0.0023541797418147
870,511,0.002354159252718
822,171,0.0023541341070085
478,620,0.002354027936235
1130,466,0.0023539597168564
928,726,0.0023533108178526
928,30,0.0023530318867415
822,905,0.0023529508616775
700,783,0.0023527478333562
188,715,0.0023527080193161
290,1043,0.0023524705320596
1130,997,0.0023524067364633
291,996,0.0023522288538515
290,817,0.0023519343230873
928,6,0.0023519280366599
449,600,0.0023518304806202
870,22,0.0023516544606536
188,513,0.0023515704087913
188,152,0.0023514728527516
291,21,0.0023513138294219
822,415,0.0023512127809226
1045,282,0.0023508593440055
1130,527,0.002350695664063
960,824,0.0023506022989749
280,848,0.0023503806442022
960,826,0.0023503256961703
1045,1069,0.002349818823859
290,567,0.0023495843634009
280,325,0.0023495275527238
291,154,0.0023494909983128
494,904,0.0023493391927331
1106,486,0.0023492984473705
974,242,0.0023491731844842
188,951,0.0023485987912863
449,305,0.0023478253278881
928,412,0.0023477978538721
279,426,0.0023477345239371
1106,307,0.0023477273061871
870,983,0.0023477224167436
700,100,0.0023476399946957
267,646,0.0023475971538573
960,218,0.0023473100736737
822,120,0.0023472260218113
1106,947,0.0023471533786505
478,153,0.0023465848062187
1106,288,0.0023457054048776
290,301,0.0023456364870071
290,150,0.0023456267081201
960,749,0.0023455249611288
449,261,0.0023447622079402
267,282,0.0023447431158274
960,1006,0.0023446911945939
822,957,0.0023446704726666
267,970,0.0023443766403943
494,397,0.0023442856036126
188,1075,0.002343975007534
870,194,0.0023438171483576
870,986,0.0023436015471816
700,298,0.0023435323964804
822,170,0.0023434092290699
290,282,0.0023433987516909
1106,564,0.0023433603346347
267,120,0.0023430201690644
700,373,0.0023429424036294
188,812,0.0023427191190421
272,784,0.0023426506668329
291,151,0.0023426280822604
449,27,0.002342393156141
494,172,0.0023423626553267
974,1064,0.0023423093371093
188,255,0.0023421598598361
290,471,0.0023420415818691
870,999,0.0023420269135385
478,745,0.0023419819772243
478,56,0.0023418050259351
1130,755,0.0023413654416799
1045,347,0.0023407323751598
700,984,0.0023406031541526
974,6,0.0023405672982335
822,514,0.002340440871194
449,598,0.0023403835948556
290,218,0.0023400417994707
1045,62,0.0023400303907692
822,922,0.0023398816119879
290,427,0.0023394476156681
272,849,0.0023390597198158
17,384,0.0023388627450913
870,826,0.0023387742694467
188,182,0.0023386883549392
928,684,0.0023381728678941
291,660,0.0023381705395877
280,905,0.0023381086066365
478,659,0.002337553538382
1106,67,0.0023375458549708
960,417,0.0023375416640192
1003,639,0.002337462035939
280,762,0.0023372157011181
822,252,0.0023370918352156
188,1015,0.0023370489943772
822,1099,0.0023366918321698
478,377,0.0023366517852991
17,510,0.0023365698289126
1106,582,0.0023362471256405
700,250,0.0023359828628599
279,939,0.002335300669074
870,310,0.0023349008988589
280,1,0.0023348128888756
870,96,0.0023348073009401
17,152,0.0023344806395471
17,912,0.0023342536296695
449,566,0.0023336510639637
1045,731,0.0023335106670856
494,341,0.0023334082216024
1003,1056,0.0023329174146056
280,573,0.0023328636307269
267,869,0.0023327404633164
822,900,0.0023326978553086
478,393,0.0023325032088905
1106,132,0.0023324736393988
290,805,0.0023318179883062
974,924,0.0023317157756537
928,473,0.0023316917940974
700,370,0.0023314068093895
1130,280,0.0023308440577238
279,513,0.0023306808434426
960,192,0.0023305872455239
17,359,0.0023303851485252
870,106,0.0023303520865738
960,1039,0.0023296484723687
290,173,0.0023295525461435
478,883,0.00232954043895
928,405,0.0023294773418456
928,321,0.002329452894628
1045,954,0.0023293420672416
449,1061,0.0023292517289519
478,1070,0.0023290715180337
700,256,0.0023281020112335
928,712,0.0023280701134353
291,47,0.0023276163265109
267,134,0.0023274705745279
494,1099,0.0023273674305528
291,1035,0.0023267832584679
870,684,0.0023267732467502
449,59,0.0023264631163328
17,958,0.0023263779003173
960,747,0.0023263383191078
1045,217,0.0023261436726897
822,600,0.0023257578723132
272,842,0.0023257378488779
290,1039,0.0023256808053702
291,965,0.0023254198022186
267,143,0.0023254095576703
700,433,0.0023253185208886
101,551,0.0023251632228493
267,662,0.0023248665966093
188,415,0.0023248314391821
267,1049,0.002324457745999
478,768,0.0023244400508701
101,598,0.0023242514580488
870,592,0.0023241552989929
700,1073,0.0023240479640662
267,472,0.0023238896392285
17,301,0.0023235229309648
17,307,0.0023233753163367
870,1125,0.0023233657702803
188,1103,0.0023230714723467
928,875,0.0023227436468005
494,106,0.0023225233890116
188,679,0.0023223366588354
494,498,0.00232177041471
960,138,0.002321638399735
1045,488,0.0023215434048324
478,604,0.0023211687803268
700,635,0.0023205522447824
267,554,0.0023205287288874
291,59,0.0023204255849123
928,84,0.0023202472366392
267,205,0.0023202111478894
1045,726,0.0023193091619759
290,839,0.0023191988002508
870,91,0.0023191282525658
1106,287,0.0023188523482531
974,236,0.002318795537576
188,825,0.00231847865507
960,456,0.0023182036820799
700,489,0.0023181727156043
1130,42,0.0023181000724434
928,511,0.0023171866778284
290,637,0.0023170043714344
1130,1067,0.0023168325424194
449,561,0.0023168153129518
928,644,0.002316805999726
1106,489,0.0023158555850386
17,948,0.0023157454561442
267,886,0.0023153708316385
1130,1106,0.0023151924833655
1106,149,0.0023148877080529
960,273,0.0023147412575781
280,532,0.0023145335726439
870,952,0.0023139675613492
1106,946,0.0023138686083257
188,54,0.0023138495162129
449,987,0.0023135086521506
280,1011,0.0023133414797484
290,1125,0.0023132439237087
17,508,0.0023130036424845
17,422,0.0023129596374928
928,510,0.002312563592568
822,764,0.0023124902509152
974,474,0.002312387805432
870,797,0.0023120702244341
974,247,0.0023120550904423
1130,510,0.0023119922261685
101,208,0.0023119463585317
267,555,0.0023118923418223
1130,26,0.0023118259850889
494,626,0.002311781514436
599,15,0.0023113461211323
291,580,0.0023105435539036
870,476,0.0023103535640984
291,443,0.0023101156111806
291,756,0.0023099267855286
272,850,0.0023098278325051
267,98,0.0023096671793609
700,419,0.0023093505296856
960,723,0.002309305826202
478,981,0.0023090071044862
290,1012,0.0023088506422936
870,939,0.0023087763693183
17,526,0.0023083910346031
1045,685,0.0023078210651874
17,1000,0.0023075891658663
870,938,0.002307271817699
960,713,0.0023066957946866
101,109,0.0023066683206707
822,434,0.0023065307177603
822,499,0.0023061779793351
928,327,0.0023061567917466
1106,1129,0.0023060832172632
974,384,0.0023059241939336
267,848,0.0023053872864693
1003,351,0.0023053449112921
700,139,0.002305330010131
1003,796,0.0023051782045513
1130,654,0.0023051465395838
870,810,0.0023051057942211
279,333,0.0023042233660817
267,484,0.0023041572421789
478,551,0.0023037497885525
17,599,0.0023029127623885
280,54,0.0023025788832455
494,977,0.0023024410475045
822,210,0.0023023448884487
960,602,0.0023020005319267
1130,552,0.0023019043728709
449,1117,0.0023014449980109
280,1114,0.0023009299766272
700,1034,0.0023008626885712
188,331,0.0023008016869425
822,2,0.0023007567506283
1106,783,0.0023005870170891
188,186,0.0023005332332104
17,671,0.0023002449888736
1130,601,0.0022999618668109
1130,362,0.0022994263563305
1045,237,0.0022989080753177
700,501,0.0022988819982856
1106,360,0.0022986885160207
494,962,0.0022985911928117
1045,415,0.0022984098177403
17,681,0.00229814928025
494,269,0.0022978603374212
1106,155,0.0022978251799941
291,827,0.0022977970074862
822,382,0.0022976312320679
870,506,0.0022975206375122
290,220,0.0022974323946982
478,296,0.0022972722072154
449,1008,0.0022971590515226
960,124,0.0022969583515077
928,282,0.0022969476412981
870,437,0.0022968375124037
188,562,0.0022966514807194
870,343,0.0022964249365031
291,204,0.0022964151576161
291,816,0.0022964114323258
267,1046,0.0022961574140936
960,233,0.0022960959468036
494,776,0.0022958093322813
700,892,0.002295731101185
870,715,0.0022956214379519
101,809,0.0022956028115004
822,328,0.0022955078165978
280,339,0.0022952158469706
1106,589,0.0022951613646
478,698,0.0022948009427636
1003,654,0.0022947129327803
822,784,0.0022943771909922
478,622,0.0022941960487514
291,952,0.002294122474268
1045,625,0.00229372526519
478,623,0.0022936745081096
449,106,0.0022935892920941
1003,66,0.0022933466825634
272,903,0.0022930547129362
188,268,0.0022928661201149
101,194,0.0022928332909941
1130,649,0.0022926526144146
974,501,0.0022925985977053
1045,977,0.002292521065101
478,456,0.002292365534231
17,598,0.0022922116331756
280,373,0.0022920344490557
974,839,0.0022919038310647
1045,862,0.0022917129099369
280,911,0.0022913762368261
478,111,0.0022911850828677
478,663,0.0022909520193934
291,978,0.0022907895036041
870,529,0.002290706615895
822,403,0.00229057460092
960,390,0.0022905590012669
1130,251,0.0022903336212038
449,856,0.0022900814656168
478,513,0.0022898716852068
267,422,0.0022890707477927
1106,1090,0.0022887010127305
870,219,0.0022885911166667
599,942,0.0022883908823132
188,712,0.0022881748154759
974,30,0.0022878914605826
280,1113,0.0022878053132444
291,512,0.0022874744608998
494,1092,0.0022872861009091
870,1065,0.0022868432570248
1045,276,0.0022868430241942
1106,571,0.0022868360392749
280,986,0.0022867573425173
478,878,0.0022866344079375
17,1034,0.0022865503560751
928,646,0.0022864930797368
279,602,0.0022864637430757
290,992,0.0022859964519739
291,1068,0.0022857005242258
1106,84,0.0022855026181787
267,101,0.0022853105328977
17,991,0.0022851841058582
822,276,0.0022839328739792
291,1100,0.0022839242592453
1003,689,0.0022838865406811
1106,763,0.0022838260047137
974,848,0.0022837801370769
1045,123,0.0022834595292806
290,181,0.0022830055095255
870,119,0.0022828616201877
494,724,0.00228281179443
1045,420,0.0022823640611022
870,237,0.0022822050377726
494,852,0.0022820900194346
267,458,0.0022817531134933
267,805,0.0022817456629127
1130,650,0.0022816101554781
822,449,0.0022812620736658
599,685,0.0022810406517237
101,251,0.0022807361092418
290,939,0.0022806266788393
974,814,0.0022805554326623
17,192,0.0022804664913564
290,335,0.0022804266773164
1045,165,0.0022802057210355
478,301,0.0022794643882662
1130,809,0.0022790860384702
17,233,0.0022790639195591
1106,487,0.0022787838242948
449,87,0.0022786494810134
870,258,0.0022786001209169
700,44,0.002278562169522
700,832,0.0022784934844821
960,215,0.0022782511077821
478,334,0.002278134226799
700,167,0.002277776831761
700,171,0.0022775176912546
494,415,0.0022774550598114
267,969,0.0022772138472646
267,404,0.0022769903298467
449,360,0.0022766110487282
17,1084,0.0022763859014958
822,706,0.0022757188417017
1130,166,0.0022756473626941
822,964,0.0022754087112843
280,956,0.0022753211669623
101,407,0.0022751467768102
1106,260,0.0022744294255971
291,892,0.0022742724977433
267,600,0.0022742704022675
1045,52,0.0022742471192032
280,331,0.0022742142900824
291,992,0.0022740534041076
290,1029,0.0022737807594239
822,504,0.0022734284866601
267,535,0.0022733914665877
1106,295,0.0022732219658792
960,904,0.0022727390751242
290,241,0.0022727062460035
280,369,0.0022725409362465
928,159,0.0022723258007317
700,331,0.0022721104323863
1130,778,0.0022720869164913
449,102,0.002272062934935
478,653,0.0022716766688972
478,496,0.0022714845836162
101,672,0.0022714545484632
280,343,0.002270839177072
272,513,0.0022708280012011
188,75,0.002270498778671
1130,814,0.002270353026688
1130,705,0.0022701590787619
1130,457,0.0022701427806168
280,44,0.0022699539549648
267,764,0.0022695029620081
700,378,0.0022693381179124
1106,513,0.0022690354380756
291,173,0.0022689085453748
1003,768,0.0022687998134642
700,394,0.0022687627933919
478,396,0.0022687579039484
870,375,0.0022686722222715
960,416,0.0022683024872094
280,847,0.0022681083064526
267,414,0.0022674680221825
960,991,0.0022671842016279
280,568,0.0022670219186693
280,58,0.0022664375137537
267,450,0.0022662922274321
188,98,0.0022658728994429
17,724,0.0022651515901088
188,593,0.0022649622987955
291,508,0.0022644372656941
1003,1104,0.0022644193377345
974,100,0.0022641387768089
188,447,0.00226387148723
1045,223,0.0022636032663285
928,696,0.0022635606583207
1045,498,0.0022634991910308
478,313,0.0022633571643382
449,867,0.0022632400505244
1045,460,0.0022631711326539
17,698,0.0022624672856181
1045,309,0.0022623636759817
870,376,0.0022620982490479
17,790,0.0022616370115429
928,914,0.0022612307220697
960,239,0.0022611829917877
290,195,0.0022611350286751
928,281,0.00226112594828
272,109,0.0022609401494264
478,1116,0.0022608798462897
974,59,0.0022608779836446
1045,149,0.0022605438716709
267,48,0.0022602463141083
1003,527,0.0022600579541176
267,929,0.0022598525974899
449,635,0.0022591797169297
291,636,0.0022590435110032
279,635,0.0022581256926059
291,1128,0.0022579443175345
188,312,0.0022579373326152
188,972,0.00225778715685
1045,42,0.0022575510665774
1106,103,0.0022574421018362
870,828,0.002256971085444
280,22,0.0022569675929844
928,445,0.0022566523402929
870,742,0.0022563503589481
291,583,0.0022560218349099
280,130,0.0022558690980076
291,932,0.0022553890012204
17,66,0.0022552048321813
478,553,0.0022548390552401
279,695,0.002254718914628
960,1105,0.0022546632681041
822,952,0.0022546199616044
291,396,0.0022545650135725
960,1048,0.0022543226368725
928,291,0.002254317747429
449,676,0.0022540753707289
928,471,0.0022539601195603
494,895,0.0022536925971508
1045,590,0.0022536742035299
17,1032,0.0022534260060638
1130,453,0.002253359183669
1130,448,0.0022525291424244
494,876,0.0022520942147821
101,111,0.0022519845515489
1130,1058,0.0022519507911056
267,9,0.0022515784949064
822,364,0.0022510373964905
267,362,0.0022508392576128
280,552,0.0022506017703562
17,536,0.0022505230735987
280,313,0.0022504443768411
272,814,0.0022504301741719
478,15,0.0022501766216009
928,979,0.0022499479819089
267,753,0.0022499135229736
188,1059,0.0022497712634503
1045,239,0.0022489628754556
870,670,0.002248954726383
280,657,0.0022489123512059
700,445,0.0022487628739327
188,897,0.0022483507636934
267,412,0.002247555879876
1045,1061,0.0022475533187389
870,1019,0.0022474916186183
1130,60,0.0022472371347248
267,818,0.0022468350362032
478,1042,0.0022467330563813
188,31,0.0022465817164629
188,400,0.0022463256027549
928,961,0.0022459211759269
494,1130,0.0022456946317106
1130,222,0.0022456080187112
17,471,0.0022456070873886
478,159,0.0022454424761235
280,639,0.0022453998681157
1106,1115,0.0022452310658991
17,170,0.0022451044060289
449,1029,0.002245002426207
1130,414,0.0022449442185461
822,800,0.0022448897361755
188,162,0.0022448527161031
700,379,0.0022447935771197
1130,1077,0.0022447330411523
974,120,0.0022447267547249
290,515,0.0022447076626122
870,302,0.0022444855421781
290,221,0.0022442289628088
449,196,0.002244192874059
280,655,0.0022441677283495
1130,549,0.0022440729662775
700,38,0.0022435954306274
267,299,0.0022435691207647
291,15,0.0022435197606682
101,850,0.0022434804122895
974,703,0.0022434047423303
17,635,0.0022433688864111
478,94,0.0022430282551795
280,521,0.0022427458316087
822,302,0.0022426210343837
928,546,0.0022423409391194
267,106,0.0022423297632485
280,30,0.0022420946042984
291,552,0.002242024987936
291,980,0.0022417858708649
960,494,0.0022416641004383
478,475,0.0022410573437809
928,679,0.0022405346389859
960,668,0.0022403651382774
1045,833,0.0022402007598429
478,914,0.002240122994408
494,815,0.0022400540765374
280,67,0.0022398594301193
1106,1038,0.0022392373066395
478,660,0.0022390261292457
974,1100,0.0022390249650925
291,422,0.0022387448698282
17,246,0.0022386836353689
101,642,0.0022385602351278
478,784,0.0022382652387022
188,88,0.0022378084249794
1045,302,0.0022377208806574
822,103,0.0022373178508132
700,660,0.0022371020168066
291,811,0.0022371015511453
870,322,0.0022368065547198
870,374,0.0022367292549461
1045,474,0.0022365911863744
267,721,0.002235990948975
974,932,0.0022353779058903
1130,984,0.0022349923383444
1106,635,0.0022349758073687
960,518,0.0022349276114255
17,678,0.0022347883787006
960,41,0.0022346945479512
188,282,0.0022344964090734
478,568,0.0022339832503348
478,713,0.002233947161585
1045,826,0.0022338307462632
272,383,0.002233442151919
280,524,0.0022334344685077
17,744,0.0022333462256938
280,842,0.0022333338856697
700,1125,0.0022332600783556
449,341,0.0022332093212753
267,1045,0.0022329911589622
700,411,0.002232959261164
280,782,0.0022328498307615
822,1050,0.0022327888291329
822,195,0.0022325203754007
494,124,0.002232392784208
1130,521,0.002231880556792
822,284,0.0022315385285764
928,29,0.0022315282840281
928,332,0.0022313804365694
449,235,0.0022313361987471
822,186,0.0022307471372187
960,597,0.0022303641308099
267,1023,0.0022301583085209
267,691,0.0022301159333437
272,38,0.0022301108110696
290,1063,0.0022300344426184
1045,1116,0.00222994456999
478,557,0.0022295662201941
1130,205,0.0022295322269201
188,544,0.0022293378133326
279,106,0.0022292137145996
449,813,0.002229016739875
494,66,0.0022288472391664
974,470,0.0022287173196673
494,354,0.0022286949679255
960,73,0.0022286125458776
494,832,0.0022284274455159
928,1030,0.0022281508427113
870,929,0.0022280227858573
974,803,0.002227890305221
1130,963,0.002227593678981
494,702,0.0022272479254752
822,912,0.0022268004249781
272,682,0.0022266658488661
1045,434,0.0022265866864472
101,178,0.0022265433799475
1130,112,0.0022264358121901
449,723,0.0022263578139245
1003,435,0.0022261869162321
272,539,0.00222584977746
960,344,0.0022255743388086
290,493,0.002225448610261
1106,106,0.0022253196220844
960,745,0.0022253023926168
494,1028,0.0022252835333347
870,227,0.0022252763155847
291,499,0.002225131727755
188,801,0.0022249722387641
700,813,0.0022247422020882
700,1026,0.0022244369611144
928,848,0.0022243815474212
700,504,0.0022242602426558
478,801,0.0022241012193262
291,184,0.0022239875979721
1045,12,0.0022239701356738
17,861,0.0022239137906581
290,178,0.002223911229521
870,36,0.0022235438227653
280,1013,0.0022233719937503
1106,23,0.0022233319468796
17,830,0.0022231680341064
870,1121,0.0022229661699384
267,187,0.0022228483576327
17,868,0.0022223005071282
449,1130,0.002221817150712
291,645,0.0022217570804059
267,1100,0.0022213328629732
1003,803,0.0022211458999663
478,251,0.0022208953741937
1045,9,0.0022208131849765
822,277,0.0022203624248504
1106,104,0.0022203414700925
291,228,0.0022203270345926
1045,292,0.0022199528757482
1106,470,0.0022199493832886
960,794,0.0022197966463863
279,51,0.0022196182981133
267,1036,0.0022187775466591
188,631,0.0022186101414263
1106,113,0.0022183298133313
928,161,0.0022182697430253
478,60,0.0022179898805916
1003,207,0.0022175966296344
960,1018,0.0022175689227879
188,990,0.0022175591439008
1130,1008,0.0022174702025949
17,777,0.0022170301526784
870,56,0.0022168483119457
17,73,0.0022168178111314
700,956,0.002216744236648
280,841,0.0022166257258504
291,329,0.0022166208364069
188,714,0.0022165845148265
822,236,0.0022163745015859
290,820,0.0022163107059895
700,487,0.002215951681137
960,481,0.0022159225773066
17,465,0.0022154641337692
1130,302,0.0022152848541736
822,12,0.0022152017336338
449,894,0.0022149081341922
1045,650,0.0022148268762975
272,792,0.0022146797273308
700,32,0.0022146024275571
1130,167,0.0022143179085105
188,902,0.0022142776288092
188,42,0.0022142478264868
280,272,0.0022141460794955
449,402,0.002214029431343
1003,597,0.0022136915940791
291,548,0.0022135146427899
280,550,0.0022132853046059
290,14,0.0022131025325506
267,369,0.002212846186012
449,746,0.0022124466486275
1003,748,0.0022120573557913
974,224,0.0022119565401226
960,607,0.0022119330242276
960,827,0.0022116263862699
1003,531,0.0022115153260529
928,971,0.0022114794701337
928,441,0.0022114687599241
101,236,0.00221115979366
1045,1063,0.0022109795827418
870,633,0.0022109264973551
700,706,0.0022108221892267
700,392,0.0022106207907199
700,359,0.0022105120588093
1045,581,0.0022104578092694
188,1002,0.0022102887742221
449,307,0.0022098342888057
928,562,0.0022094615269452
960,223,0.0022092207800596
494,757,0.0022085183300077
870,862,0.0022079260088503
1003,187,0.0022078433539718
928,377,0.0022078175097703
280,34,0.0022076114546507
291,233,0.0022075804881751
1106,162,0.0022074196022003
494,251,0.002207140205428
291,706,0.0022069285623729
17,1104,0.0022068661637604
928,1064,0.0022065003868192
1106,719,0.0022059897892177
188,66,0.002205804688856
449,44,0.0022056906018406
700,679,0.002205544617027
1045,818,0.002205496886745
1130,7,0.0022054617293179
494,39,0.0022052149288356
478,791,0.0022051681298762
960,548,0.002204762538895
1045,228,0.0022045182995498
101,566,0.0022041755728423
700,476,0.002204050309956
494,96,0.0022030817344784
272,373,0.0022030095569789
449,817,0.002202904317528
960,1042,0.0022028097882866
478,616,0.0022025296930223
1130,634,0.0022024502977728
280,545,0.0022021008189767
478,946,0.0022018540184944
267,2,0.0022015995346009
1106,839,0.0022014097776263
700,598,0.002201389754191
267,941,0.0022011420223861
928,566,0.0022009606473147
1130,847,0.002200903603807
267,301,0.0022008547093719
494,138,0.0022005301434546
188,576,0.0022001967299729
1045,199,0.00219975435175
478,7,0.002199352486059
1130,231,0.0021989559754729
449,406,0.0021989459637552
279,61,0.0021985659841448
449,689,0.0021985399071127
188,824,0.002198097994551
188,958,0.0021979620214551
822,1082,0.0021978802978992
1106,573,0.0021977780852466
928,909,0.0021977110300213
188,987,0.0021975876297801
928,608,0.0021974798291921
1045,655,0.0021967960055917
822,456,0.0021967361681163
101,211,0.0021966672502458
449,249,0.0021966516505926
279,412,0.0021959412842988
291,5,0.0021957599092274
101,608,0.0021956786513328
267,470,0.0021954728290438
291,459,0.0021953389514237
870,30,0.0021951280068606
928,126,0.0021949331276118
1003,1005,0.0021948746871203
870,967,0.0021942448802292
272,30,0.0021941061131656
291,704,0.0021936930716037
1045,743,0.0021936825942248
494,176,0.00219331914559
267,310,0.0021932618692517
267,1038,0.0021932278759777
700,619,0.002193180611357
1003,489,0.0021931051742285
960,1107,0.0021931028459221
700,831,0.0021930681541562
17,655,0.0021926274057477
478,835,0.0021925212349742
928,293,0.0021922602318227
494,597,0.0021918888669461
1106,210,0.0021918285638093
494,556,0.002191673964262
870,240,0.0021916162222623
280,925,0.0021915959659963
449,850,0.0021913950331509
1130,391,0.0021907459013164
17,519,0.0021903801243752
267,773,0.002190122148022
267,114,0.0021899824496358
188,253,0.0021897333208471
974,1070,0.0021896627731621
279,598,0.0021895470563322
280,124,0.0021894683595746
290,11,0.002189359627664
449,877,0.0021893081720918
928,135,0.0021892599761486
267,333,0.0021892050281167
960,941,0.0021889556664973
17,215,0.0021887004841119
974,1039,0.0021884569432586
279,379,0.0021883165463805
1130,932,0.0021883163135498
478,350,0.0021877670660614
1045,801,0.0021877454128116
1003,250,0.0021876562386751
188,5,0.0021876157261431
101,1007,0.0021871821954846
1003,366,0.0021871228236705
188,912,0.0021869363263249
960,971,0.0021868892945349
478,292,0.002186867641285
280,1028,0.002186554018408
928,740,0.0021863810252398
700,413,0.0021856711246073
494,259,0.0021856592502444
188,321,0.0021856206003576
960,685,0.0021854811348021
1045,1122,0.0021852806676179
290,13,0.0021851684432476
279,657,0.0021851181518286
1106,121,0.0021848352625966
960,157,0.0021847365424036
290,546,0.0021841451525688
1106,224,0.0021838224492967
494,562,0.0021837474778294
928,1008,0.0021834387443959
17,340,0.0021833050996065
960,1036,0.0021833025384694
1003,925,0.0021833011414855
974,478,0.0021832538768649
290,905,0.0021824210416525
188,1010,0.0021823244169354
478,487,0.0021823120769113
279,856,0.0021821656264364
974,185,0.0021820983383804
822,669,0.0021819616667926
188,107,0.0021819532848894
17,132,0.0021817048545926
494,232,0.0021814245264977
17,41,0.0021813032217323
1130,48,0.0021810864564031
267,682,0.0021809837780892
267,123,0.0021806298755109
870,287,0.0021805374417454
291,324,0.0021802235860377
870,695,0.0021801793482154
960,160,0.0021799970418214
101,190,0.0021799961104989
291,973,0.0021797188092023
280,672,0.0021796890068799
291,312,0.0021796135697513
822,205,0.0021794904023408
928,576,0.0021793008781969
928,442,0.0021792051848024
494,514,0.0021784850396215
291,1006,0.0021782289259135
280,668,0.0021778270602226
974,493,0.0021775041241198
928,564,0.0021773090120404
700,568,0.0021769548766314
101,1015,0.0021767897997051
700,1063,0.0021763280965387
188,299,0.0021762421820312
188,970,0.0021760887466371
272,376,0.0021760237868875
494,526,0.0021759369410574
1045,1092,0.0021758591756224
17,391,0.0021757672075182
267,157,0.002175519010052
267,190,0.002175347181037
188,306,0.0021751697640866
928,819,0.0021750058513134
494,1103,0.0021747876890003
1045,540,0.0021746361162513
1045,183,0.0021744982805103
1106,533,0.0021742687094956
280,820,0.0021741830278187
494,520,0.0021741434466093
822,1070,0.0021738456562161
700,520,0.0021738016512244
267,206,0.0021736973430961
17,656,0.0021735471673309
291,880,0.0021735348273068
188,336,0.0021735113114118
1106,68,0.002173492219299
1003,956,0.0021733769681304
188,164,0.0021728104911744
822,271,0.0021727099083364
478,49,0.0021726540289819
870,650,0.0021725981496274
267,214,0.0021724142134189
494,429,0.0021723217796534
267,370,0.0021718994248658
1106,112,0.0021718309726566
17,775,0.0021715187467634
960,1056,0.0021713888272643
449,581,0.0021711662411689
494,1119,0.0021707110572606
290,428,0.0021706065163016
478,685,0.0021704651881009
267,323,0.0021702845115214
1106,444,0.0021700386423617
188,531,0.0021699424833059
290,1058,0.0021695762407034
279,4,0.0021690940484404
267,676,0.0021681794896721
280,735,0.0021679475903511
291,420,0.0021679310593754
449,534,0.0021675573661923
478,1025,0.002167334780097
267,770,0.0021673056762665
290,442,0.0021672658622264
291,737,0.0021672034636139
870,242,0.0021670109126716
870,274,0.0021669135894626
870,1067,0.0021666281390935
17,1035,0.0021664521191269
960,1044,0.0021664483938366
290,657,0.002166231162846
188,1061,0.0021661729551851
291,902,0.0021661538630723
188,491,0.0021661377977579
494,451,0.0021661331411451
291,323,0.0021660027559846
700,404,0.0021658085752278
267,585,0.0021656267344951
870,403,0.0021651943679898
974,1130,0.0021651284769177
1045,534,0.0021649883128702
280,1124,0.0021646954119205
870,62,0.0021644448861479
188,292,0.0021640546619892
478,286,0.0021639643236994
700,749,0.0021637738682329
291,1069,0.0021632979623973
279,908,0.0021630821283906
188,499,0.0021627866663038
1130,1028,0.0021626369562
870,790,0.002162626478821
1130,1100,0.0021625612862408
101,169,0.0021619354374706
17,21,0.0021617766469717
290,746,0.0021615310106426
974,842,0.0021614404395222
1045,336,0.0021613028366118
494,2,0.0021612863056361
870,90,0.0021612264681607
960,868,0.0021608551032841
267,836,0.0021604872308671
822,642,0.002160393865779
700,1035,0.0021603449713438
188,573,0.002160303061828
870,1013,0.0021599414758384
928,1074,0.002159935189411
280,41,0.0021599216852337
291,607,0.0021598243620246
279,552,0.0021597107406705
822,691,0.0021594604477286
290,501,0.00215944647789
822,869,0.0021594399586319
279,867,0.0021590606775134
928,753,0.0021589898969978
1003,312,0.0021589279640465
822,198,0.0021588942036032
267,975,0.0021588816307485
267,839,0.0021587836090475
17,673,0.0021585912909358
17,759,0.0021584273781627
267,23,0.002158248797059
188,678,0.0021582222543656
870,174,0.0021573763806372
1045,1002,0.0021572799887508
188,1029,0.0021569181699305
188,394,0.0021559621673077
960,57,0.0021555214188992
1130,250,0.0021554452832788
290,863,0.0021554389968514
1045,554,0.0021553533151745
291,134,0.0021553179249167
1045,999,0.0021552185062319
267,165,0.0021551637910306
267,38,0.0021548469085246
291,485,0.0021546611096709
188,1056,0.0021545377094298
1003,714,0.0021540028974413
928,877,0.0021537505090236
1045,414,0.0021536184940487
960,225,0.0021535919513553
870,884,0.0021534899715334
280,783,0.0021530322264879
280,1058,0.0021526385098695
494,831,0.002152374247089
267,511,0.0021517192944884
478,1102,0.0021515781991183
267,608,0.0021515705157071
870,601,0.0021514473482966
290,633,0.0021513157989829
17,641,0.0021511607337743
960,209,0.0021505977492779
960,1019,0.002150448737666
494,842,0.0021502382587641
267,1083,0.0021500890143215
960,451,0.002150057349354
267,921,0.0021498983260244
822,474,0.0021484333556145
960,396,0.002148255938664
478,488,0.0021482433658093
291,199,0.0021481590811163
1106,528,0.0021480834111571
291,858,0.0021480787545442
17,579,0.0021477786358445
1045,443,0.0021477537229657
188,207,0.0021475418470799
478,728,0.0021474375389516
1003,1018,0.0021473369561135
494,472,0.0021473180968314
290,909,0.0021472601220011
280,330,0.0021471846848726
1045,865,0.0021471120417118
272,1074,0.0021463094744831
960,1020,0.00214623240754
280,266,0.0021461346186697
1003,1129,0.0021457562688738
280,94,0.0021455122623592
974,910,0.0021453185472637
290,928,0.0021452717483043
870,1070,0.0021451155189424
101,737,0.002144815865904
1130,115,0.0021448095794767
494,688,0.0021446850150823
280,861,0.0021446826867759
1045,511,0.0021445369347929
478,342,0.0021441122516989
822,350,0.002143558114767
928,62,0.0021434826776385
960,1007,0.0021428591571748
17,763,0.0021427129395306
974,97,0.0021426982712
822,533,0.0021424151491373
280,1069,0.0021422335412353
17,847,0.0021421278361231
267,565,0.0021418910473585
494,283,0.0021418533287942
1130,193,0.0021418014075607
449,38,0.0021416619420051
494,1049,0.0021416395902633
17,425,0.0021415776573121
822,614,0.0021413480862975
960,231,0.0021410922054201
280,548,0.002140351338312
267,347,0.0021402449347078
700,1112,0.0021398768294602
267,961,0.0021394747309386
1130,53,0.0021394270006567
1003,751,0.0021391657646745
1130,719,0.0021391091868281
280,703,0.0021390542387962
870,1093,0.0021388495806604
822,141,0.002138533629477
1106,792,0.0021385110449045
1045,128,0.0021382104605436
290,623,0.0021381024271249
17,943,0.0021378153469413
494,271,0.002137663308531
700,375,0.0021366998553276
188,623,0.0021360465325415
290,421,0.0021360232494771
700,114,0.0021359357051551
478,796,0.0021352833136916
494,794,0.0021352444309741
494,721,0.0021349920425564
494,540,0.0021345554850995
960,276,0.0021345033310353
1045,868,0.0021342621184885
822,857,0.0021339505910873
1106,761,0.002133896574378
1003,353,0.0021338742226362
822,595,0.0021337543148547
17,1028,0.0021335119381546
478,118,0.0021334923803806
1130,90,0.0021329838782548
960,216,0.0021329142618924
280,940,0.0021327885333448
1045,405,0.0021326639689505
272,635,0.0021325042471289
1130,1051,0.0021321221720427
188,467,0.0021320674568414
17,456,0.0021319347433745
290,33,0.0021317135542631
974,956,0.0021316811908036
1045,701,0.0021315610501915
291,19,0.002131498651579
960,922,0.0021313310135155
291,112,0.0021310488227754
494,76,0.0021307875867933
1045,792,0.0021307112183421
822,785,0.0021305719856172
870,971,0.0021305310074239
291,766,0.0021304059773683
870,456,0.0021302648819983
494,376,0.0021298374049365
290,1051,0.002129677683115
1045,424,0.0021295403130352
700,890,0.0021290255244821
822,1108,0.0021288786083459
280,214,0.0021285582333803
188,863,0.0021281468216329
1106,822,0.0021280893124639
188,191,0.0021277794148772
1130,880,0.0021275810431689
17,300,0.0021273109596222
17,365,0.0021269235294312
291,826,0.0021268958225846
478,833,0.002126844599843
928,799,0.002126415958628
870,542,0.0021262720692902
290,642,0.0021262515801936
449,1080,0.0021259486675262
928,477,0.0021259014029055
279,634,0.0021256499458104
822,60,0.0021255144383758
974,171,0.002125445054844
1045,251,0.0021254320163279
870,569,0.0021254299208521
291,23,0.0021248534321784
188,730,0.002124540740624
290,999,0.0021244545932859
822,47,0.0021244189701974
188,993,0.0021241838112473
290,119,0.002124172868207
700,999,0.0021239998750388
188,607,0.0021239826455712
280,372,0.0021237572655081
870,622,0.002123629907146
267,1123,0.0021235197782516
974,274,0.0021233996376395
928,910,0.0021231533028185
960,926,0.0021228860132396
974,859,0.0021223139483481
928,898,0.0021222985815256
822,871,0.0021220655180513
17,181,0.0021219425834715
1130,256,0.0021216571331024
960,550,0.0021216275636106
478,136,0.0021214724984019
822,673,0.0021209772676229
494,58,0.0021209497936069
870,863,0.0021206836681813
267,32,0.0021204464137554
494,189,0.0021202585194259
188,927,0.0021202131174504
822,219,0.0021201947238296
700,939,0.0021201791241765
291,92,0.002120018005371
1045,1026,0.0021199821494519
478,227,0.0021196941379457
449,344,0.0021196850575506
188,741,0.0021195211447775
870,1050,0.0021191388368606
17,347,0.0021186645608395
478,891,0.0021185288205742
974,212,0.0021184899378567
822,943,0.0021172848064452
280,15,0.0021172787528485
188,262,0.0021170533727854
478,802,0.0021170175168663
188,584,0.0021167502272874
928,748,0.0021165474317967
478,398,0.0021165383514016
1003,283,0.0021164272911846
291,966,0.0021162161137908
267,325,0.0021158629097044
449,1015,0.0021158070303499
290,332,0.0021155988797545
1003,984,0.0021155052818357
1003,657,0.0021153592970222
1003,1013,0.0021150819957256
17,922,0.0021148815285414
822,164,0.0021148433443158
188,589,0.0021145497448742
17,135,0.0021145339123904
280,260,0.002114238217473
17,64,0.0021139222662895
449,878,0.0021138789597898
1045,44,0.0021138433367013
280,788,0.0021136740688234
267,311,0.0021135963033884
928,490,0.0021135408896952
1130,636,0.0021128773223608
280,744,0.0021128153894096
279,212,0.0021127238869667
870,893,0.0021124086342751
1045,433,0.0021123380865901
494,236,0.0021115855779498
1106,193,0.0021111518144607
188,708,0.0021110677625983
291,36,0.0021107955835759
478,147,0.0021104821935296
700,894,0.0021104640327394
188,1055,0.0021101753227412
1106,485,0.0021092924289405
279,366,0.0021088202483952
188,564,0.0021086118649691
974,196,0.0021084169857203
1130,915,0.0021084032487124
1130,131,0.0021075068507343
188,920,0.0021070619113743
700,849,0.002106903353706
478,1089,0.0021068202331662
960,393,0.0021067825146019
449,272,0.0021067429333925
822,125,0.0021066933404654
188,181,0.0021063750609755
449,276,0.0021063606254756
870,724,0.0021058653946965
700,989,0.0021054083481431
494,703,0.0021052546799182
1003,377,0.0021052150987088
1045,1029,0.0021050998475402
822,3,0.0021050819195806
1045,877,0.0021049831993877
822,49,0.0021049117203801
960,986,0.0021043010056018
1045,205,0.0021042404696345
928,113,0.002104150597006
1045,86,0.0021037925034761
267,520,0.0021037305705249
290,1115,0.0021036851685494
290,283,0.0021036162506788
822,712,0.0021035450045019
1106,728,0.0021034805104136
291,1059,0.0021034800447523
974,682,0.0021033273078501
700,474,0.0021031962241977
17,994,0.0021030576899647
1106,600,0.0021029862109571
291,225,0.0021029277704656
17,532,0.0021027214825153
267,452,0.0021025298628956
188,332,0.0021024134475737
101,5,0.0021022302098572
188,619,0.0021020486019551
822,311,0.0021019238047301
188,456,0.0021018607076257
279,546,0.0021008474286645
1130,1026,0.0021005843300372
188,281,0.0021004066802561
494,60,0.0021003785077482
494,708,0.0021001226268708
700,967,0.0020999407861381
1130,111,0.002099729143083
1003,139,0.0020995982922613
870,689,0.0020995824597775
1130,717,0.0020995589438825
290,590,0.0020995500963181
449,33,0.0020990364719182
1045,61,0.0020986644085496
1130,848,0.0020984658040106
960,277,0.0020983724389225
17,1062,0.0020983626600354
960,5,0.0020979987457394
280,570,0.0020979626569896
291,684,0.0020979102700948
822,41,0.0020977505482733
188,995,0.0020976855885237
267,639,0.0020976697560399
280,116,0.0020972013007849
290,611,0.0020971638150513
17,889,0.0020971354097127
494,419,0.0020970948971807
267,1037,0.0020970504265278
1106,942,0.00209656287916
928,828,0.0020961731206625
101,249,0.0020959912799298
494,1034,0.0020959549583494
291,692,0.0020958604291081
279,38,0.0020958385430276
478,12,0.0020953412167727
870,994,0.0020951393526047
822,150,0.0020949870813637
960,881,0.0020947973243892
870,900,0.0020947891753166
1106,544,0.002094458322972
267,141,0.0020935016218572
478,187,0.0020933249033987
279,469,0.0020931593608111
822,930,0.0020930678583681
1045,484,0.0020928564481437
960,568,0.0020924303680658
267,699,0.002092401497066
291,268,0.0020920748356729
188,782,0.0020920739043504
188,929,0.0020920219831168
494,457,0.0020919472444802
700,90,0.0020919365342706
1130,344,0.0020918655209243
1045,145,0.0020914543420076
290,263,0.0020914066117256
17,1069,0.0020912352483719
1003,1061,0.0020911125466227
1130,637,0.0020910883322358
494,657,0.0020910438615828
279,80,0.0020909246522933
1045,550,0.0020904787816107
17,1006,0.0020903868135064
272,639,0.0020902755204588
700,759,0.0020901402458548
17,145,0.0020901325624436
494,880,0.0020895358175039
280,511,0.0020894508343189
291,776,0.0020894387271255
928,501,0.0020894249901175
494,780,0.0020894075278192
1045,130,0.0020893751643598
1106,644,0.0020888342987746
290,252,0.0020884149707853
188,396,0.0020880380179733
1130,994,0.0020877798087894
700,804,0.0020876878406852
290,120,0.002087659202516
494,108,0.0020874810870736
1045,6,0.0020870491862297
17,888,0.0020868291612714
1045,946,0.0020858694333583
1130,1037,0.0020856640767306
1106,36,0.0020852396264672
928,224,0.002085190732032
290,347,0.0020850629080086
272,740,0.0020850244909524
700,1017,0.0020844195969402
272,1042,0.0020841560326516
700,1092,0.0020838710479438
494,394,0.0020836936309933
188,798,0.0020835499744862
290,351,0.0020834566093981
822,330,0.0020832435693591
188,642,0.0020831690635532
449,23,0.0020831134170293
188,816,0.0020828959532082
822,245,0.0020828051492571
291,372,0.0020826943218708
290,1088,0.0020826815161854
188,983,0.0020824009552598
494,409,0.0020823064260184
494,1008,0.0020821860525757
279,600,0.0020814642775803
290,1047,0.0020813492592424
449,594,0.0020811290014535
280,223,0.0020808656699955
188,644,0.0020806973334401
478,491,0.002080560196191
700,23,0.0020805592648684
960,853,0.0020805052481591
291,278,0.0020802826620638
267,790,0.0020802416838705
291,234,0.0020802221260964
280,626,0.0020799506455659
291,901,0.0020797138568013
280,599,0.002079447498545
960,478,0.0020790088456124
494,929,0.0020790074486285
478,1022,0.0020789355039596
267,448,0.0020784924272447
822,629,0.002078266814351
928,693,0.0020779462065547
1130,99,0.0020776472520083
101,999,0.0020774791482836
928,513,0.0020769827533513
494,51,0.0020765995141118
478,29,0.0020761315245181
272,345,0.0020760875195264
494,305,0.0020760856568813
291,895,0.0020750609692186
291,77,0.002075049560517
870,464,0.002074861433357
267,1089,0.0020743841305375
1045,234,0.0020742728374898
290,296,0.00207423674874
267,163,0.0020735431462526
449,695,0.002073478186503
822,404,0.0020731680560857
291,252,0.0020730642136186
267,686,0.0020727438386529
291,245,0.0020725606009364
1106,1009,0.0020720034372061
870,469,0.002071697730571
928,699,0.0020712264813482
974,420,0.0020709710661321
478,584,0.0020708260126411
17,609,0.0020706087816506
101,627,0.0020704204216599
822,1121,0.0020703265909105
280,716,0.0020701386965811
1130,928,0.0020699319429695
870,888,0.0020698520820587
494,369,0.0020691300742328
870,638,0.0020689843222498
1130,1071,0.0020689072553068
188,156,0.002068750327453
870,840,0.0020685999188572
1130,685,0.002068399451673
974,899,0.0020680984016507
1130,445,0.0020680653396993
17,999,0.0020679060835391
1045,371,0.002067518653348
280,579,0.0020666841883212
280,566,0.0020666837226599
279,293,0.0020665421616286
291,1123,0.002066470682621
1045,535,0.0020660543814301
17,824,0.0020660038571804
1003,759,0.0020658802241086
101,483,0.0020658199209719
267,496,0.0020655952394008
272,379,0.0020655842963606
960,905,0.0020654783584177
494,73,0.0020651165395975
478,763,0.0020650653168559
1045,462,0.0020649535581469
291,963,0.0020646613556891
188,370,0.0020643940661102
478,719,0.0020637151319533
960,742,0.0020636366680264
272,158,0.0020633689127862
17,70,0.002063003135845
870,985,0.0020629365462809
267,379,0.0020629004575312
291,465,0.0020626140758395
290,190,0.0020621381700038
267,674,0.0020614524837583
188,272,0.0020613924134522
280,991,0.0020608257036656
291,85,0.0020601376891136
928,703,0.0020600620191544
1130,833,0.0020599826239049
870,1039,0.0020595474634319
280,605,0.0020594282541424
291,139,0.0020592936780303
1106,1028,0.0020589199848473
870,309,0.0020587709732353
1130,74,0.0020580743439495
700,104,0.0020579574629664
291,201,0.0020577912218868
960,149,0.0020577770192176
101,1030,0.0020576978567987
280,47,0.0020576470997184
291,296,0.0020576259121298
478,887,0.0020575991366058
870,850,0.0020573826041072
1003,513,0.0020567611791193
290,867,0.0020566859748214
290,872,0.0020565732847899
700,794,0.0020564256701618
1130,952,0.0020562550053
17,742,0.0020560121629387
280,26,0.0020559176336973
449,315,0.0020558102987706
267,673,0.0020557860843837
1003,1083,0.0020557362586259
478,51,0.0020557160023599
188,846,0.0020555600058287
279,202,0.0020554123912006
494,569,0.0020553725771605
279,531,0.002055047545582
267,786,0.002054535318166
17,842,0.0020544850267469
279,740,0.0020544277504086
478,945,0.0020544100552797
291,624,0.0020540442783385
974,677,0.0020528226159512
1045,287,0.0020527616143226
494,696,0.0020525956060737
291,731,0.0020522628910839
700,1,0.0020516337826848
822,664,0.0020515047945082
280,43,0.0020511522889137
494,344,0.0020510838367044
960,543,0.0020510670728981
272,97,0.0020510093308985
870,842,0.0020509746391326
290,57,0.0020507131703197
1003,223,0.0020501222461462
974,513,0.0020496668294072
17,932,0.0020493392366915
870,736,0.0020493220072239
267,475,0.0020493001211434
280,207,0.0020492428448051
449,92,0.0020488817244768
928,362,0.0020488183945417
974,567,0.00204877438955
291,855,0.0020486440043896
1130,902,0.0020482176914811
478,815,0.0020481958054006
822,247,0.0020481771789491
267,885,0.0020479161757975
1130,749,0.0020475771743804
478,526,0.0020475278142839
1045,407,0.002047374844551
870,1032,0.0020469964947551
1045,859,0.0020467003341764
188,645,0.0020466269925236
1106,550,0.0020465732086449
700,806,0.0020462337415665
960,709,0.0020462204702198
700,765,0.0020459911320358
290,1113,0.0020458835642784
188,246,0.0020455131307244
960,689,0.0020453229080885
290,59,0.0020452784374356
960,219,0.002045236993581
449,828,0.0020451140590012
1045,191,0.0020439210347831
188,630,0.0020438474602997
291,219,0.0020437950734049
700,913,0.0020434546750038
291,498,0.002043186686933
478,786,0.002043115440756
1045,43,0.0020430325530469
870,138,0.0020426383707672
188,442,0.0020425848197191
870,965,0.0020425454713404
1003,58,0.0020424393005669
280,447,0.0020424360409379
478,196,0.0020423729438334
822,560,0.0020421424414962
188,62,0.0020419429056346
291,187,0.0020418141502887
449,564,0.0020416879560798
1130,734,0.0020414914470165
700,643,0.0020413666497915
960,303,0.0020412909798324
700,534,0.0020411610603332
1003,1127,0.0020409175194799
494,174,0.0020407859701663
17,892,0.0020405850373208
960,621,0.0020403866656124
272,702,0.0020402006339281
290,323,0.0020401827059686
101,856,0.0020401664078235
290,116,0.0020394576713442
822,715,0.0020394474267959
974,867,0.002039173617959
494,166,0.002039146143943
822,830,0.0020390464924275
1045,365,0.0020387133117765
17,619,0.0020386960823088
960,33,0.0020385661628097
1045,109,0.0020384388044476
478,1030,0.0020381151698529
17,437,0.0020380141213536
267,813,0.0020378970075398
870,618,0.0020375542808324
494,134,0.0020374923478811
267,642,0.0020372630096971
928,542,0.0020370604470372
449,501,0.0020369351841509
449,223,0.0020368774421513
1045,732,0.0020368627738207
974,787,0.0020368080586194
960,856,0.0020363896619528
188,1043,0.002035945886746
291,722,0.0020355824381113
17,637,0.0020355666056275
870,881,0.0020355319138616
1003,403,0.0020352543797343
960,721,0.0020352357532829
822,778,0.0020351042039692
478,936,0.002034394768998
870,547,0.0020343093201518
494,723,0.0020340450573712
960,657,0.0020340331830084
822,1009,0.0020336585585027
280,1082,0.0020334476139396
188,652,0.0020334448199719
494,732,0.0020332166459411
1130,422,0.0020330443512648
280,958,0.0020326024387031
449,636,0.0020322725176811
1045,819,0.0020321423653513
928,469,0.0020320785697549
1003,519,0.0020318410824984
17,193,0.0020317852031439
494,434,0.0020317437592893
279,433,0.0020316648297011
822,532,0.0020314319990575
1045,161,0.00203113630414
291,926,0.0020306976512074
267,607,0.0020306126680225
1045,674,0.0020305297803133
1130,728,0.0020303097553551
478,62,0.0020301381591707
290,291,0.002030074596405
928,847,0.0020293421112
1130,29,0.0020290308166295
960,187,0.0020289355888962
928,254,0.002028496004641
1130,783,0.0020279674790799
478,155,0.002027709968388
1106,310,0.002027140231803
870,1028,0.0020269248634576
267,109,0.0020268452353775
974,838,0.0020267041400074
1130,656,0.0020259669981896
1045,39,0.0020257958676666
1003,49,0.0020252503454685
280,929,0.0020252303220331
870,419,0.0020250368397682
1106,606,0.0020248594228178
960,318,0.0020247255451977
280,1123,0.0020240135490894
494,753,0.0020238908473402
291,899,0.0020235865376889
494,774,0.0020231259986758
291,398,0.0020231236703693
1106,510,0.0020230673253536
478,858,0.0020225539337843
272,955,0.002022513654083
291,1122,0.0020224787294864
928,240,0.0020224368199706
1130,669,0.002022411674261
280,951,0.0020224011968821
188,195,0.0020223725587129
449,52,0.0020221476443111
280,42,0.0020221443846821
17,804,0.0020220095757395
494,640,0.0020216424018144
290,610,0.0020208011846989
267,272,0.0020199154969304
822,273,0.0020198023412376
494,910,0.0020197215490043
1003,883,0.0020194405224174
478,642,0.0020191699732095
700,130,0.0020185662433505
960,350,0.0020175904501229
870,599,0.0020173089578747
290,1044,0.0020168966148048
449,302,0.0020164758898317
280,588,0.0020161631982773
280,758,0.0020160481799393
188,1012,0.0020157820545136
822,899,0.002015734789893
1045,332,0.0020155075471848
928,138,0.0020152812357991
101,942,0.0020144290756434
279,628,0.0020143941510468
478,511,0.0020140148699283
960,534,0.0020138546824455
17,497,0.0020124053116887
291,451,0.0020123072899878
17,639,0.002012297976762
188,872,0.0020119841210544
188,900,0.0020119461696594
279,23,0.0020118539687246
280,146,0.0020117016974836
1106,694,0.0020116742234677
267,547,0.0020112195052206
1045,598,0.0020110129844397
870,70,0.0020109077449887
494,365,0.0020108150783926
1106,137,0.0020105040166527
478,389,0.0020104781724512
267,892,0.002010409720242
1130,712,0.0020104080904275
291,493,0.0020103305578231
928,534,0.0020102721173316
280,756,0.0020102059934288
188,632,0.0020100227557122
1045,958,0.002009825548157
291,432,0.0020096960943192
291,941,0.0020091442856937
291,1074,0.0020090881735086
822,410,0.0020087158773094
1003,61,0.0020084748975932
822,117,0.0020083272829651
291,883,0.0020083014387637
494,370,0.0020081449765712
267,1044,0.0020081154070794
928,776,0.002008005278185
1045,152,0.0020074930507689
267,453,0.0020073824562132
449,260,0.0020072124898433
1106,419,0.0020071684848517
17,913,0.0020069007296115
17,273,0.0020068455487489
822,626,0.0020065316930413
291,554,0.0020064013078808
272,822,0.0020058946684002
267,87,0.0020057007204741
928,264,0.0020055647473782
291,614,0.0020052876789122
478,412,0.0020051952451467
960,176,0.0020045323763042
291,872,0.0020042425021529
700,42,0.0020040331874042
494,306,0.0020038469228893
822,149,0.002003724919632
280,978,0.002003189176321
494,682,0.0020029968582093
17,207,0.0020029263105243
290,80,0.0020025828853249
928,137,0.0020025747362524
478,636,0.0020025281701236
280,586,0.0020022406242787
291,742,0.0020020813681185
700,508,0.0020020292140543
974,866,0.0020017405040562
928,626,0.0020016592461615
1106,596,0.0020014869514852
272,326,0.0020014692563563
1106,529,0.0020012413151562
188,124,0.0020012015011161
960,1081,0.002001078100875
960,188,0.002000952605158
928,929,0.0020008122082799
974,869,0.0020004538819193
188,76,0.0020003109239041
291,719,0.0020002026576548
188,790,0.0020001493394374
17,328,0.0020000583026558
700,96,0.0019992047455161
290,154,0.0019989667925983
1045,59,0.0019988762214779
449,924,0.0019984792452305
291,521,0.001998339779675
290,763,0.0019981556106358
291,407,0.0019980850629508
449,1065,0.0019976366311311
870,1119,0.001997455721721
974,515,0.0019972966983914
478,337,0.0019970301073044
280,1034,0.0019965930841863
494,860,0.001996481558308
290,602,0.0019964794628322
700,604,0.0019962731748819
928,389,0.001996103208512
1130,708,0.0019957302138209
960,384,0.0019949446432292
1130,1069,0.0019948484841734
822,296,0.0019945574458688
1045,934,0.0019942407961934
1045,626,0.0019942282233387
928,1082,0.0019937604665756
188,639,0.0019937080796808
188,960,0.0019936172757297
974,38,0.0019934591837227
494,613,0.0019930531270802
291,246,0.0019929567351937
700,468,0.0019926296081393
974,1053,0.0019925129599869
494,385,0.0019924598746001
267,1092,0.0019922305364161
1130,1007,0.0019922128412872
188,167,0.0019921106286346
449,706,0.0019916754681617
290,409,0.001991654979065
1045,178,0.0019911939743906
280,472,0.0019911124836653
291,277,0.0019906708039343
280,1007,0.0019905637018382
1045,47,0.0019902929197996
494,543,0.0019900170154869
822,932,0.0019899262115359
478,965,0.0019896833691745
188,95,0.0019894859287887
291,672,0.0019890356343239
280,888,0.001988876145333
188,603,0.0019880593754351
870,193,0.0019880547188222
870,214,0.0019880242180079
478,149,0.0019868495874106
700,92,0.0019868242088705
291,721,0.0019863974303007
960,437,0.0019860607571899
280,713,0.0019859161693602
478,410,0.001985894748941
870,958,0.0019855939317494
960,1091,0.001985021168366
1003,117,0.0019849580712616
960,925,0.0019847347866743
290,245,0.0019846409559249
280,576,0.0019844998605549
822,731,0.0019844633061438
267,385,0.001984370406717
1106,391,0.0019841908942908
1106,754,0.0019838216248899
822,151,0.0019836623687297
870,898,0.0019833375699818
17,94,0.0019828947260975
822,667,0.0019827769137918
188,257,0.0019826071802526
291,405,0.0019824625924229
290,796,0.0019819817971438
291,524,0.0019815643317997
870,619,0.0019811829552054
928,673,0.0019810877274721
280,693,0.0019804679322987
700,993,0.0019804146140813
17,919,0.0019803401082754
1106,910,0.0019799643196165
290,494,0.0019799517467617
17,596,0.001979901921004
291,95,0.0019797049462795
101,699,0.0019796886481344
291,647,0.0019792842213064
101,505,0.0019788886420428
960,429,0.0019788341596722
928,27,0.0019787570927292
478,452,0.0019781403243541
290,133,0.0019781277514994
870,459,0.0019781233277171
1003,1112,0.0019780364818871
928,806,0.0019776201806962
267,705,0.0019775978289544
870,944,0.0019774623215198
1106,128,0.001977149862796
960,698,0.0019771284423768
291,108,0.0019768925849348
974,642,0.0019768883939832
960,786,0.0019766916520893
267,513,0.0019765892066061
478,428,0.0019764094613492
290,774,0.001976263243705
267,315,0.0019760415889322
17,82,0.0019757689442485
928,682,0.0019749768543988
1106,843,0.0019749510101974
960,704,0.0019748914055526
870,366,0.0019747612532228
1130,852,0.0019747160840779
1045,489,0.0019742629956454
1045,137,0.0019740653224289
1106,830,0.0019737435504794
960,178,0.0019735042005777
928,839,0.0019733260851353
280,419,0.0019730734638869
280,625,0.0019725048914551
870,733,0.0019719863776117
1003,942,0.0019711684435606
960,339,0.0019708124455064
960,644,0.0019704732112586
449,874,0.0019704126752913
188,588,0.0019702373538166
280,793,0.0019697493407875
928,735,0.0019696806557476
1130,1074,0.0019694361835718
700,402,0.0019693402573466
494,577,0.0019692194182425
291,795,0.0019688697066158
291,271,0.0019685155712068
267,938,0.0019681812264025
960,609,0.001968155382201
1045,269,0.0019678995013237
188,470,0.0019678901880979
17,405,0.0019677316304296
1130,262,0.001967697404325
1003,979,0.0019676911178976
700,926,0.0019669765606522
1106,314,0.0019667702727019
17,331,0.0019665847066789
822,610,0.0019664983265101
449,24,0.0019663686398416
1130,514,0.0019660999532788
267,231,0.0019658321980386
700,339,0.0019657185766845
494,422,0.0019655572250485
267,1107,0.0019653839990496
494,729,0.0019647423177957
290,667,0.0019643169362097
188,1131,0.0019641784019768
870,654,0.0019638761878013
974,654,0.0019637995865195
291,395,0.0019637672230601
960,436,0.0019637625664472
291,1041,0.0019637469667941
960,128,0.0019631425384432
101,1036,0.0019629739690572
700,874,0.0019629488233476
17,285,0.0019625332206487
449,592,0.0019623925909399
272,655,0.0019622496329247
267,461,0.0019619448576122
1106,1016,0.0019617266952991
478,414,0.0019616587087512
291,155,0.0019612673204392
280,434,0.0019611048046499
1045,611,0.0019610137678682
101,955,0.0019609620794653
822,122,0.0019605651032179
478,240,0.0019604945555329
822,526,0.0019602177198976
272,988,0.001958989072591
449,807,0.0019588186405599
494,1085,0.0019586675334721
291,558,0.0019585567060858
870,745,0.0019585199188441
17,395,0.0019583129324018
494,1081,0.0019582626409828
928,312,0.0019581872038543
1106,828,0.00195804820396
280,740,0.0019578421488404
279,120,0.0019575452897697
928,323,0.0019573692698031
1106,491,0.0019573434256017
494,881,0.0019570461008697
101,1063,0.0019569767173379
17,292,0.0019567108247429
291,668,0.0019565986003726
17,1010,0.0019565743859857
700,580,0.001956172985956
291,889,0.00195596460253
291,463,0.0019559180364012
494,567,0.0019557126797735
272,269,0.0019555308390408
17,65,0.0019555212929844
478,821,0.0019553212914615
280,104,0.001955266110599
928,41,0.0019550826400518
974,879,0.0019550388678908
478,360,0.0019545999821275
1106,399,0.0019539180211722
478,521,0.0019538027700036
870,232,0.0019537396728992
478,542,0.0019535007886588
960,1012,0.0019531962461769
267,784,0.0019531871657818
870,130,0.0019527460681274
17,54,0.0019525034585967
17,336,0.0019522857619449
494,280,0.0019522741204127
291,1016,0.001952170045115
17,1061,0.0019513292936608
17,75,0.0019513128791004
280,660,0.001951080863364
478,1014,0.0019507752731442
700,822,0.0019506136886775
960,258,0.0019505337113514
974,17,0.0019503474468365
1130,8,0.0019502609502524
267,265,0.0019501430215314
1045,167,0.0019499881891533
960,67,0.0019497523317113
1045,885,0.0019497073953971
928,1113,0.001949695055373
267,156,0.0019495246233418
974,949,0.001949135097675
1106,174,0.0019490746781229
960,137,0.0019489771220833
101,1115,0.0019488690886646
17,173,0.0019487866666167
449,100,0.001948672463186
279,804,0.0019480035407468
1130,1011,0.0019478877075016
1003,224,0.0019476122688502
1045,786,0.0019474936416372
478,184,0.0019472769927233
478,759,0.001946567906998
280,947,0.001946298754774
267,891,0.0019460446201264
1130,874,0.0019458724418655
291,180,0.0019456137670204
822,581,0.0019453556742519
822,798,0.0019453163258731
267,641,0.0019450400723144
928,85,0.0019449549727141
291,315,0.0019448183011263
280,585,0.0019448036327958
974,111,0.0019446539226919
822,181,0.0019442704506218
1130,580,0.0019442428601905
280,1019,0.0019441049080342
1106,357,0.0019440880278125
928,1094,0.0019440222531557
17,970,0.0019437448354437
870,1027,0.001943735871464
280,427,0.0019436993170529
870,116,0.0019436548464
928,772,0.0019435276044532
1045,503,0.0019432216649875
101,393,0.0019431862747296
1106,1049,0.0019426392391324
1003,114,0.0019424710189923
449,113,0.0019421933684498
188,261,0.001941695343703
700,150,0.0019415376009419
101,834,0.0019414209527894
928,856,0.0019412989495322
870,1014,0.0019412823021411
494,855,0.0019410605309531
291,809,0.0019408863736316
449,865,0.0019406614592298
188,1026,0.0019405204802751
267,695,0.0019404968479648
1130,114,0.001940100453794
272,6,0.0019400245510041
188,106,0.0019398665754124
870,79,0.0019394180271774
974,348,0.0019385810010135
960,899,0.0019383713370189
101,581,0.0019383418839424
290,630,0.0019382479367777
478,448,0.0019381282618269
700,17,0.0019380600424483
822,658,0.0019377823919057
1130,598,0.001937709050253
494,587,0.0019375700503587
279,772,0.0019370260415598
267,910,0.0019368468783795
267,381,0.001936690066941
494,443,0.0019366877386346
279,275,0.00193662638776
1003,1017,0.0019365530461072
188,699,0.0019363611936569
1106,746,0.0019362358143553
17,397,0.0019359141588211
1003,695,0.0019355721306055
822,745,0.0019351681694388
267,930,0.001935119042173
267,166,0.0019350008806213
494,739,0.0019347271881997
291,131,0.0019343787571415
267,213,0.0019340853905305
700,358,0.0019340071594342
17,659,0.0019339852733537
1106,703,0.0019339013379067
478,43,0.0019338980782777
449,736,0.0019337555859237
291,100,0.0019335658289492
1045,705,0.0019333626842126
1130,1042,0.0019329515052959
494,255,0.0019327712943777
494,202,0.0019327485933899
17,503,0.0019326554611325
822,941,0.0019325846806168
280,112,0.0019325377652421
17,976,0.0019325095927342
188,11,0.0019323595333844
1106,570,0.0019323307787999
272,905,0.0019318388076499
17,143,0.0019313644152134
279,822,0.0019310266943648
494,856,0.0019309014314785
267,240,0.0019304529996588
1130,974,0.0019300509011372
291,852,0.0019300237763673
291,603,0.0019300070125609
494,997,0.0019299567211419
1130,33,0.0019296539248898
1106,313,0.0019296313403174
494,26,0.0019293749937787
494,918,0.0019292815122753
449,407,0.0019292624201625
267,68,0.0019292262149974
280,971,0.0019291933858767
267,589,0.0019289331976324
272,139,0.0019285986199975
290,608,0.0019284605514258
478,555,0.0019281649729236
928,614,0.0019281636923551
974,109,0.0019280948908999
974,789,0.001927500241436
700,689,0.0019272897625342
822,300,0.0019266280578449
928,169,0.0019263809081166
478,287,0.0019260946428403
280,546,0.0019250687910243
267,49,0.0019250572659075
478,666,0.0019249521428719
291,920,0.0019249056931585
267,683,0.0019247464369982
494,653,0.0019246133742854
700,871,0.0019243719289079
188,486,0.0019243195420131
280,390,0.0019242002163082
290,345,0.0019239987013861
17,236,0.0019237998640164
291,352,0.001923436182551
291,713,0.0019233239581808
280,887,0.0019232666818425
279,329,0.0019231449114158
188,57,0.0019229974132031
478,1012,0.0019226040458306
280,414,0.0019224527059122
928,723,0.0019223304698243
700,628,0.0019221561960875
822,429,0.001922128489241
960,857,0.0019218263914808
291,677,0.0019217185908928
101,295,0.001921642688103
928,341,0.001921507064253
700,399,0.0019214856438338
1130,431,0.0019213467603549
478,671,0.0019212154438719
17,99,0.0019210367463529
974,552,0.0019208437297493
188,759,0.0019201264949515
188,308,0.001919976552017
188,328,0.001919942907989
960,608,0.0019198292866349
960,575,0.0019197228830307
279,386,0.0019196951761841
290,24,0.0019192749168723
494,697,0.0019192377803847
280,46,0.0019188068108633
928,761,0.0019187660655006
101,173,0.0019185931887477
822,280,0.0019184665288776
17,649,0.0019183795666322
290,308,0.0019182674586772
188,15,0.001918218913488
494,705,0.0019180614035576
188,273,0.0019179009832441
1003,1100,0.0019178866641595
928,315,0.0019176141358911
870,1110,0.0019174715271219
960,88,0.0019171377643942
494,531,0.0019169695442542
870,312,0.001916832756251
17,993,0.001916614244692
1045,638,0.0019162817625328
188,1066,0.0019162164535373
974,862,0.0019162057433277
870,447,0.001915986649692
494,217,0.0019156016642227
449,282,0.001915474422276
449,466,0.0019153654575347
290,1021,0.0019153356552124
280,671,0.0019153237808495
1106,950,0.0019152236636728
1106,252,0.0019148794235661
291,325,0.0019148692954331
928,593,0.0019147507846355
17,118,0.0019144985126331
1045,24,0.0019142822129651
291,103,0.0019140469375997
960,669,0.0019139555515721
822,818,0.0019138297066092
188,454,0.0019136752234771
17,142,0.0019136713817715
960,1112,0.0019132677698507
494,902,0.0019131609005853
17,25,0.0019125387771055
1106,1118,0.0019124341197311
280,936,0.0019123491365462
822,10,0.0019118157215416
928,456,0.0019117575138807
494,743,0.001911747152917
449,1095,0.0019114592578262
280,968,0.0019113755552098
290,664,0.0019113351590931
822,1053,0.0019113266607746
870,1115,0.0019111905712634
449,983,0.0019111570436507
267,650,0.0019108847482129
280,1057,0.0019107807893306
478,711,0.0019107107073068
928,173,0.0019103516824543
822,584,0.0019100178033113
700,662,0.0019100157078355
290,1107,0.0019097101176157
700,384,0.0019096984760835
822,244,0.0019096175674349
960,194,0.0019093478331342
700,590,0.0019091704161837
960,751,0.0019088728586211
960,463,0.0019087184919044
478,959,0.0019083259394392
1106,366,0.0019081139471381
1045,754,0.0019080197671428
1130,136,0.0019078209297731
279,946,0.001907525002025
449,543,0.0019073809962719
1045,1034,0.0019072449067607
267,368,0.0019071580609306
478,643,0.0019068358233198
1106,802,0.0019068198744207
17,200,0.0019062764476984
928,666,0.0019058757461607
494,791,0.0019058083416894
188,508,0.0019056643359363
928,409,0.0019054729491472
1045,884,0.0019050956470891
290,744,0.0019050528062507
494,1058,0.0019049021648243
101,950,0.0019048182293772
960,807,0.001904803328216
928,870,0.0019046859815716
279,1118,0.0019045373192057
870,1055,0.0019043881911784
1130,1118,0.0019043001811951
494,797,0.0019042212516069
478,749,0.0019038000609725
822,228,0.0019037470920011
291,958,0.0019030045950785
272,636,0.0019029480172321
494,1114,0.0019029269460588
291,727,0.0019029219402
449,1063,0.0019026374211534
17,967,0.0019022860797122
1106,534,0.0019021685002371
188,1046,0.0019020891049876
700,1055,0.0019017439335584
960,1120,0.0019016696605831
960,504,0.0019016695441678
1130,423,0.00190157268662
188,597,0.0019014495192095
280,19,0.0019013144774362
478,842,0.001901201554574
449,544,0.0019011755939573
928,296,0.0019006859511137
494,386,0.001899546245113
17,500,0.0018994151614606
449,834,0.0018993814010173
1106,119,0.001899228664115
280,74,0.0018988659139722
188,102,0.0018987992079928
960,427,0.0018979959422722
17,640,0.0018973365658894
822,352,0.0018967320211231
700,785,0.0018966725328937
291,174,0.0018965882482007
870,1122,0.0018961671739816
17,984,0.0018960511079058
1045,574,0.0018958311993628
1130,1090,0.0018956834683194
700,578,0.0018952871905639
280,206,0.0018952718237414
478,321,0.0018950597150251
267,893,0.001894949004054
290,127,0.0018948805518448
870,1023,0.0018947264179587
822,845,0.0018941072048619
700,281,0.0018938936991617
290,96,0.0018938914872705
188,997,0.0018938783323392
291,191,0.0018936557462438
291,45,0.001893593929708
17,540,0.0018935925327241
17,257,0.001893168198876
280,937,0.0018929279176518
188,1065,0.0018926790216937
267,544,0.0018922872841358
822,620,0.0018921681912615
17,312,0.0018917376874014
1106,772,0.0018910446669906
1106,862,0.0018909415230154
478,1115,0.0018909305799752
1130,1063,0.0018906471086665
700,860,0.0018906171899288
870,259,0.0018901580478996
1045,481,0.0018899729475378
1003,163,0.0018897224217653
1130,315,0.0018893870292231
960,52,0.0018892938969656
17,760,0.0018892891239374
1003,1072,0.0018891780637204
280,910,0.0018887384794652
188,409,0.0018882778240367
17,102,0.0018882470903918
700,146,0.0018882143776863
1130,581,0.0018880971474573
822,1059,0.0018876529065892
1130,485,0.0018873310182243
478,168,0.0018871298525482
290,212,0.0018871172796934
960,141,0.0018870991189032
101,296,0.0018862904980778
1045,563,0.0018857914255931
279,823,0.0018857643008232
267,800,0.0018853270448744
1130,464,0.0018852481152862
494,296,0.0018852398497983
188,280,0.0018851162167266
1130,762,0.0018850158667191
700,101,0.0018849414773285
478,306,0.0018848641775548
1106,835,0.0018848521867766
1130,698,0.0018847447354346
974,426,0.0018847231986001
494,924,0.00188442657236
700,574,0.0018843112047761
478,1049,0.0018836824456229
280,177,0.0018834163201972
291,1081,0.0018830733606591
188,789,0.0018830409971997
494,963,0.0018822556594386
700,517,0.0018822322599589
279,899,0.0018821902340278
494,901,0.0018821283010765
280,476,0.0018816526280716
17,412,0.0018815273651853
870,12,0.001881509902887
960,351,0.0018814546056091
1130,1101,0.0018814420327544
478,83,0.0018813028000295
449,1100,0.0018811553018167
280,935,0.0018805861473083
1130,998,0.0018804307328537
700,323,0.0018802349222823
960,533,0.0018802226986736
267,992,0.0018801130354404
290,384,0.0018796504009515
870,676,0.0018796119838953
1130,904,0.0018795896321535
101,703,0.0018794249044731
1130,13,0.001879045041278
291,12,0.0018790393369272
267,489,0.0018787540029734
267,171,0.0018786340951919
17,141,0.0018783684354275
290,446,0.0018775785574689
1003,643,0.0018774917116388
870,429,0.001877223374322
279,791,0.0018769266316667
449,128,0.0018769056769087
974,782,0.0018767170840874
1003,195,0.0018766846042126
188,771,0.0018766514258459
478,723,0.0018766372231766
478,379,0.0018764333799481
494,637,0.0018761805258691
280,768,0.001875951536931
280,620,0.0018756977515295
870,436,0.0018752601463347
700,1032,0.0018749020528048
1045,74,0.001874633016996
290,371,0.0018743745749816
267,852,0.0018743069376796
280,105,0.0018741624662652
494,1029,0.0018739931983873
870,574,0.0018736191559582
1130,609,0.0018735437188297
700,173,0.0018731225281953
494,1062,0.0018730534939095
280,1103,0.0018730290466919
1106,845,0.0018729767762124
928,271,0.0018728272989392
822,212,0.0018727087881416
870,1109,0.0018716935301199
960,902,0.0018716678023338
700,147,0.0018713616300374
1130,560,0.001871327869594
700,189,0.0018709723372012
291,48,0.0018709179712459
1106,850,0.0018707115668803
494,205,0.0018706864211708
1045,29,0.0018705311231315
494,110,0.0018701774533838
291,1091,0.0018701493972912
822,1106,0.0018699850188568
1045,485,0.0018699273932725
101,1082,0.0018697105115279
272,1026,0.0018696630140766
291,943,0.0018694417085498
1130,735,0.001869193278253
1003,615,0.0018688762793317
280,619,0.0018688479904085
822,438,0.0018687340198084
974,517,0.0018686034018173
267,560,0.0018683740636333
1045,937,0.0018682989757508
1003,286,0.0018682412337511
870,774,0.001868134480901
960,232,0.0018679755739867
478,1114,0.0018679461209103
291,848,0.0018677483312785
1045,174,0.0018669231794774
1045,102,0.0018667512340471
478,794,0.001866579754278
700,499,0.0018662166548892
960,104,0.0018662151414901
272,673,0.0018660491332411
291,447,0.0018658501794561
280,486,0.0018653782317414
700,511,0.0018653700826689
960,828,0.0018653598381206
267,356,0.0018648821860551
17,506,0.0018645315431058
1106,178,0.0018644003430381
822,90,0.0018643763614818
960,916,0.0018641049973666
290,726,0.0018636187305673
974,1101,0.0018633294384926
700,33,0.0018630254780873
700,346,0.0018629366531968
960,237,0.0018629166297614
449,871,0.0018628392135724
928,960,0.0018625501543283
1045,361,0.001862192642875
280,659,0.0018620741320773
1045,262,0.0018613503780215
280,918,0.0018608865793794
449,30,0.0018608852988108
267,512,0.0018605600344017
101,990,0.0018603055505082
700,835,0.0018602528143674
17,885,0.0018601639894768
188,843,0.0018594916909933
960,107,0.0018594153225421
928,941,0.0018593643326312
960,884,0.0018592793494462
291,66,0.0018584399949759
1130,646,0.0018583550117909
1106,275,0.0018581717740744
280,82,0.0018578179879114
1045,32,0.0018575028516352
960,240,0.0018571369582787
870,6,0.0018570417305454
279,924,0.0018566515063866
188,566,0.0018563306657597
280,953,0.0018555477727204
494,303,0.0018554436974227
1045,739,0.0018549797823652
17,1037,0.0018547219224274
870,97,0.0018547211075201
870,586,0.001854519941844
280,563,0.001854382106103
17,237,0.0018541612662374
1106,476,0.0018539890879765
291,1089,0.0018538177246227
478,421,0.0018537555588409
494,841,0.0018536405405029
478,481,0.0018533223774284
870,539,0.0018528866348788
188,231,0.0018526465864852
960,577,0.0018525813939049
17,486,0.0018525256309658
17,326,0.0018523026956245
494,126,0.0018522760365158
1045,1112,0.0018520491430535
494,1052,0.0018515058327466
1130,826,0.0018513906979933
478,662,0.0018510419176891
822,567,0.001850958680734
291,507,0.0018507577478885
290,587,0.0018504353938624
290,103,0.0018502207240089
928,149,0.0018498527351766
478,742,0.001849795342423
960,952,0.0018495986005291
280,162,0.0018493947573006
960,1109,0.0018489036010578
101,1034,0.001848554238677
478,730,0.0018484002212062
188,1006,0.0018483819440007
494,1086,0.0018479892751201
280,997,0.0018475971883162
449,957,0.0018469585338607
494,853,0.0018466863548383
700,244,0.0018464380409568
960,611,0.0018464218592271
1130,405,0.0018464126624166
822,39,0.0018461956642568
188,123,0.0018460374558344
1003,30,0.001845980528742
188,974,0.0018455329118296
279,676,0.0018454699311405
700,859,0.0018453701632097
1106,109,0.0018450970528647
1130,592,0.0018446762114763
960,953,0.0018445467576384
960,696,0.0018444169545546
291,80,0.001844388549216
267,796,0.0018441941356286
870,197,0.0018441905267536
188,506,0.0018441217252984
290,944,0.0018438837723806
101,1017,0.0018437415128573
700,106,0.0018436228856444
1003,950,0.001843198086135
478,336,0.0018431056523695
822,96,0.0018429514020681
960,371,0.0018428224138915
188,661,0.0018426147289574
280,776,0.0018424860900267
272,288,0.0018424376612529
870,940,0.0018421886488795
1130,1131,0.0018420302076265
822,794,0.0018419071566313
822,735,0.0018419047119095
1106,332,0.0018416298553347
290,854,0.0018414513906463
700,409,0.0018410788616165
1045,235,0.0018408756004646
960,1102,0.001840763259679
188,315,0.0018407410243526
449,56,0.001840679673478
267,610,0.0018406021408736
870,818,0.0018405220471322
1003,909,0.0018404151778668
960,849,0.0018397459061816
291,394,0.0018395505612716
17,37,0.001839158590883
1045,565,0.0018389475299045
870,1012,0.0018388683674857
822,397,0.0018376954831182
870,1104,0.0018376915249973
960,346,0.0018373895436525
822,740,0.001837269635871
17,216,0.0018368271412327
974,86,0.00183657836169
822,583,0.0018361179390922
188,671,0.0018357986118644
494,1050,0.0018357834778726
17,68,0.0018357177032157
822,218,0.001835569855757
291,799,0.0018355400534346
17,712,0.0018352939514443
700,546,0.0018351838225498
870,390,0.0018351478502154
188,121,0.0018343762494623
870,541,0.0018339502857998
870,1037,0.0018337336368858
478,892,0.0018336179200559
291,370,0.001833347021602
267,451,0.0018332917243242
188,540,0.0018332914914935
1045,919,0.0018332262989133
1106,1063,0.0018331982428207
478,435,0.0018330422462895
188,518,0.0018329382874071
290,679,0.0018328679725527
822,74,0.0018327438738197
494,525,0.0018327431753277
267,432,0.001832571462728
1003,1044,0.0018325595883652
1130,215,0.0018322226824238
291,637,0.0018320492235943
291,303,0.0018319223308935
449,144,0.0018314111512154
291,78,0.0018307546852156
279,1023,0.0018304714467376
960,635,0.0018303719116374
1130,1017,0.0018300225492566
291,829,0.0018299901857972
280,440,0.0018299149814993
279,517,0.0018294838955625
1130,347,0.0018292473396286
974,852,0.0018291530432179
17,758,0.0018287115963175
822,513,0.0018287078710272
188,806,0.0018286666600033
494,921,0.0018285308033227
974,33,0.0018285205587744
291,34,0.001827931148
188,313,0.0018275675829499
974,973,0.0018272171728312
290,754,0.0018271064618602
188,681,0.0018270065775141
700,478,0.0018269673455506
928,639,0.0018266914412379
188,421,0.001826623105444
267,1061,0.0018265567487105
279,1005,0.0018259740900248
267,249,0.0018259639618918
290,734,0.0018258726922795
449,611,0.0018255596514791
494,522,0.0018252789741382
267,865,0.001825243118219
1106,799,0.0018249006243422
290,285,0.0018248840933665
478,84,0.0018248426495119
267,907,0.0018245474202558
494,593,0.0018245078390464
960,552,0.001822942867875
291,785,0.0018223677761852
280,1038,0.0018222614889964
290,387,0.0018222528742626
478,922,0.0018222272628918
17,691,0.0018222164362668
960,171,0.0018220974598079
870,726,0.001822052639909
700,732,0.0018216506578028
290,977,0.0018215144518762
870,1084,0.0018213080475106
290,550,0.0018209130503237
291,467,0.0018202217761427
291,770,0.0018200869672
267,735,0.0018200237536802
928,425,0.0018199866171926
822,507,0.0018198740435764
1106,75,0.0018198247998952
478,1121,0.0018193291034549
17,931,0.0018192930147051
267,935,0.0018192126881331
494,566,0.0018191644921898
280,726,0.0018190334085375
290,644,0.0018189980182796
870,352,0.001818697201088
822,936,0.0018185346852988
188,459,0.0018183796200901
974,51,0.0018180875340476
1130,1107,0.0018180244369432
700,775,0.0018179505132138
870,789,0.0018179195467382
974,369,0.0018177998717874
870,1069,0.0018173712305724
700,830,0.0018172966083511
449,85,0.0018172889249399
279,731,0.0018172517884522
1130,1103,0.0018171379342675
928,831,0.001817088923417
188,548,0.0018169084796682
1106,279,0.0018168141832575
822,31,0.0018167647067457
280,519,0.001816542353481
290,423,0.0018158910097554
928,710,0.0018157919403165
478,756,0.0018152834381908
960,1086,0.0018152637640014
700,82,0.0018151757540181
928,252,0.0018146811053156
188,944,0.0018145622452721
870,662,0.0018143564229831
290,30,0.0018142306944355
272,802,0.0018138840096071
188,366,0.0018136163707822
280,857,0.0018135928548872
279,1084,0.0018130535027012
17,415,0.0018129552481696
870,646,0.0018125610658898
870,843,0.0018124415073543
267,1078,0.0018124158959835
1003,839,0.0018123813206329
188,1113,0.0018123578047379
279,688,0.001812259084545
188,956,0.0018119335873052
290,1128,0.001811679569073
1045,623,0.001811666181311
290,1085,0.0018114505801349
1045,667,0.0018113568658009
494,329,0.0018112123943865
291,94,0.001810674322769
291,517,0.001810671412386
1130,1014,0.0018100143643096
1045,600,0.0018095754785463
272,114,0.0018095090053975
928,552,0.0018087537027895
267,1020,0.0018086575437337
1045,1007,0.0018082774477079
1045,73,0.001808202592656
267,1047,0.0018078286666423
1106,836,0.0018077874556183
478,1011,0.0018077831482514
700,368,0.0018076744163408
1130,961,0.0018073730170726
870,658,0.0018065469339489
449,353,0.0018058036221191
478,192,0.0018057922134175
1045,170,0.001805551815778
291,1117,0.0018053165404126
494,105,0.0018052574014291
1045,947,0.0018052019877359
1045,867,0.001805170555599
494,516,0.001804819330573
478,995,0.0018047576304525
188,1096,0.0018046563491225
478,98,0.0018045731121674
291,1051,0.0018042173469439
267,117,0.0018041762523353
290,971,0.0018041392322629
1130,268,0.0018036165274679
700,48,0.0018027665792033
272,1009,0.0018027184996753
960,989,0.0018026792677119
928,1100,0.0018025260651484
494,952,0.0018022201256826
279,471,0.0018021700670942
1045,66,0.0018021240830421
290,1112,0.001801835023798
494,571,0.0018017628462985
1045,824,0.0018017345573753
494,23,0.0018013810040429
974,903,0.0018012409564107
280,878,0.0018012272194027
188,59,0.0018007901962846
291,292,0.0018003403674811
291,594,0.001800155849196
1130,24,0.0018001475837081
700,719,0.0018000454874709
494,709,0.0017999893752858
291,75,0.0017998327966779
960,94,0.0017992391949519
1045,497,0.0017988712061196
494,308,0.0017984382575377
478,1060,0.0017981834243983
267,351,0.0017977267270907
290,189,0.0017977198585867
700,828,0.0017976277740672
822,256,0.0017974969232454
279,376,0.001797349541448
700,169,0.0017970779445022
494,208,0.0017967962194234
280,153,0.0017965019214898
494,985,0.0017964959843084
291,497,0.001796422409825
1003,1034,0.0017956100637093
478,1117,0.0017954244976863
290,845,0.0017953800270333
279,1062,0.0017952764173969
17,1004,0.0017952076159417
291,613,0.0017950292676687
960,880,0.0017949262401089
870,795,0.0017949100583791
17,782,0.0017948297318071
291,304,0.0017947064479812
291,812,0.0017942937556654
1045,604,0.0017940469551831
822,357,0.0017940374091267
822,566,0.0017939641838893
290,307,0.0017938903765752
101,253,0.0017938218079507
822,448,0.0017936767544597
17,882,0.0017932421760633
700,787,0.0017930552130565
101,808,0.0017926424043253
1130,830,0.0017924646381288
1045,566,0.00179218291305
279,622,0.0017920541577041
478,1106,0.0017917446093633
478,365,0.0017915496136993
17,147,0.0017914342461153
870,954,0.0017913889605551
1130,720,0.0017912631155923
960,12,0.0017911902396008
700,937,0.0017909466987475
928,843,0.0017907816218212
291,612,0.0017907769652083
449,351,0.0017899443628266
291,728,0.001789879752323
280,828,0.0017896582139655
494,598,0.0017892798641696
280,614,0.0017892455216497
1130,1,0.0017892427276819
870,680,0.0017891654279083
700,969,0.0017891360912472
960,678,0.0017887206049636
1045,925,0.0017883644904941
1045,663,0.0017883511027321
1045,112,0.0017877091886475
1003,371,0.0017875937046483
700,996,0.0017874937038868
267,491,0.0017874839249998
290,36,0.0017874472541734
928,213,0.0017871097661554
291,236,0.0017865495756268
960,697,0.0017865480622276
449,3,0.001786345615983
1106,730,0.0017861392116174
478,1085,0.0017860974185168
449,1064,0.0017858577193692
494,466,0.0017857208149507
290,352,0.0017855692422017
870,902,0.0017855617916211
280,694,0.0017851237207651
974,153,0.0017850934527814
1130,606,0.0017849343130365
272,1063,0.0017847778508439
280,799,0.0017845776164904
267,409,0.0017845737747848
188,613,0.0017845662077888
822,901,0.0017845234833657
280,350,0.0017839692300185
17,944,0.0017837404739111
279,364,0.0017833778401836
1130,699,0.0017831248696893
700,529,0.0017830495489761
494,934,0.0017828325508162
17,1094,0.0017827968113124
494,182,0.0017827627016231
928,132,0.0017826667753979
280,466,0.0017826299881562
290,48,0.0017825728282332
101,314,0.0017822687514126
17,313,0.0017819935455918
700,854,0.0017818358028307
494,596,0.0017815293977037
188,704,0.001781448489055
1130,513,0.0017808593111112
494,987,0.0017808215925469
188,126,0.0017807653639465
928,311,0.0017806293908506
280,858,0.0017804781673476
822,527,0.0017804653616622
17,834,0.0017803091323003
478,743,0.0017802742077037
17,329,0.0017801979556679
822,326,0.0017799360211938
280,317,0.0017795555759221
1106,594,0.0017794856103137
494,599,0.0017794581362977
1130,6,0.0017786740791052
449,560,0.0017786661628633
1130,541,0.0017786566168069
974,2,0.001778574544005
188,849,0.0017784455558285
1106,974,0.0017782743088901
290,850,0.0017782703507691
822,333,0.0017779315821826
449,253,0.0017778653418645
280,1104,0.0017772639403119
822,686,0.0017772590508684
17,414,0.0017772441497072
188,69,0.0017772156279534
17,606,0.0017771304119378
928,489,0.0017767420504242
822,816,0.0017766358796507
449,154,0.0017763841897249
188,417,0.0017761474009603
1045,544,0.0017759158508852
279,971,0.0017754054861143
17,1099,0.0017749320250004
960,775,0.0017743450589478
272,809,0.0017740931361913
928,357,0.0017740823095664
1003,698,0.0017740484327077
17,27,0.001773432129994
279,218,0.0017733890563249
291,527,0.0017728706588968
478,697,0.0017726502846926
17,436,0.001772582065314
870,158,0.0017722429474815
1106,944,0.0017721186159178
1003,426,0.0017720120958983
928,516,0.0017718798480927
188,276,0.001771864015609
280,259,0.0017715296708047
822,541,0.0017713959095999
101,1004,0.0017708492232486
822,770,0.0017707652878016
822,734,0.0017706344369798
870,438,0.0017706287326291
280,510,0.0017703275661915
188,263,0.0017699499148875
272,192,0.0017694884445518
1106,926,0.0017694300040602
280,227,0.0017693552654236
280,771,0.0017692213878035
974,593,0.0017691062530502
280,136,0.0017690425738692
1106,837,0.0017688347725197
272,827,0.0017686900682747
188,213,0.0017686354694887
974,198,0.0017685355851426
101,938,0.0017683478072285
478,1045,0.0017680857563391
290,259,0.0017679927404969
17,507,0.0017678164876997
188,371,0.001767648034729
188,498,0.0017676274292171
928,4,0.0017674374394118
494,816,0.0017672821413725
494,795,0.0017666399944573
478,10,0.0017665814375504
960,20,0.0017657264834269
1045,168,0.0017654976109042
17,565,0.0017650232184678
700,51,0.0017645510379225
279,670,0.0017641950398683
267,402,0.0017641476588323
267,245,0.0017638518474996
960,730,0.0017637556884437
1003,310,0.0017637368291616
1045,542,0.0017632010858505
928,933,0.0017631866503506
494,413,0.0017631381051614
280,493,0.0017631161026656
280,1097,0.001762899919413
188,359,0.0017626621993258
974,732,0.0017626547487452
822,960,0.0017623616149649
1045,924,0.0017622695304453
1045,133,0.0017619769787415
280,235,0.0017619549762457
449,222,0.0017618960700929
272,348,0.001761756138876
267,380,0.0017615667311474
822,913,0.0017612046794965
960,889,0.0017611442599445
478,902,0.0017610071226954
870,600,0.0017606626497581
17,1008,0.0017606507753953
188,893,0.001759331789799
188,860,0.0017589824274182
290,526,0.001758768572472
272,922,0.0017581213032826
960,1111,0.0017580360872671
478,355,0.0017579643754288
494,714,0.0017571523785591
1130,233,0.0017556527163833
1045,1048,0.001755622215569
494,311,0.0017552328063175
1130,864,0.0017551857745274
290,932,0.001754643744789
870,50,0.0017545786686241
188,774,0.0017545709852129
280,381,0.0017545277951285
1130,332,0.0017542663263157
822,203,0.0017540195258334
280,863,0.0017539529362693
449,518,0.0017537659732624
188,1009,0.0017537144012749
101,685,0.0017533682985231
974,1046,0.0017533261561766
822,813,0.0017527448944747
188,309,0.001752654556185
280,1056,0.0017521462868899
1106,906,0.0017521015834063
822,946,0.0017517796950414
870,639,0.0017516785301268
280,119,0.0017515619983896
17,433,0.0017512907506898
188,1022,0.0017512831836938
478,21,0.0017510582692921
700,1049,0.0017510058823972
290,331,0.0017507217125967
279,338,0.0017505346331745
960,42,0.0017504491843283
188,194,0.0017503211274743
822,239,0.001749902497977
478,868,0.0017498139059171
1106,78,0.0017497566295787
478,154,0.0017495811916887
494,1051,0.0017495247302576
960,1005,0.0017494214698672
494,512,0.0017485065618529
188,38,0.001747676054947
1106,507,0.0017474776832386
188,248,0.0017474286723881
17,714,0.0017456500791013
960,136,0.0017456489149481
974,856,0.0017452997853979
280,613,0.0017452286556363
1106,1066,0.0017451300518587
279,529,0.0017447968712076
291,724,0.0017440291121602
1130,985,0.001743891974911
279,32,0.0017437137430533
494,1073,0.0017436892958357
822,831,0.0017435181653127
1045,508,0.0017434464534744
280,244,0.0017434415640309
279,686,0.001743069035001
188,660,0.0017426393460482
870,31,0.0017423755489289
478,359,0.0017421225784346
700,21,0.0017419577343389
960,757,0.0017416118644177
928,88,0.0017415884649381
291,878,0.0017415386391803
1106,29,0.0017412932356819
1045,233,0.001741120009683
700,722,0.0017403707606717
267,395,0.0017403033562004
822,1096,0.0017400617944076
101,649,0.0017397628398612
960,637,0.0017397120827808
290,1075,0.001739649567753
1045,245,0.0017385394312441
291,749,0.0017384712118655
822,316,0.0017381845973432
1130,47,0.0017374056624248
928,796,0.0017371787689626
280,159,0.0017365588573738
822,180,0.0017363580409437
960,213,0.0017354254378005
188,921,0.0017353600123897
1106,954,0.0017353218281641
700,494,0.0017352572176605
960,398,0.001735104015097
279,480,0.0017350317211821
822,641,0.0017344085499644
1130,11,0.0017343151848763
17,874,0.0017340534832328
700,265,0.0017336830496788
1130,746,0.0017334432341158
928,66,0.0017327477689832
494,867,0.0017326656961813
822,948,0.0017324449727311
928,794,0.0017324206419289
478,256,0.001732172910124
291,783,0.0017318803584203
1130,643,0.0017318399623036
1130,452,0.0017317624296993
1130,799,0.0017317406600341
188,940,0.0017316782614216
700,1097,0.0017316667363047
700,83,0.0017316318117082
280,121,0.0017314165597781
494,162,0.0017313725547865
280,732,0.0017312112031504
960,428,0.0017311992123723
1045,120,0.0017307548550888
700,254,0.0017304086359217
1106,620,0.0017303471686318
188,720,0.0017302968772128
188,864,0.0017299915198236
494,223,0.0017299887258559
478,32,0.0017299392493441
870,1041,0.0017298395978286
928,618,0.0017298167804256
188,131,0.0017297769663855
478,1124,0.0017296122387051
280,422,0.0017295393627136
928,77,0.0017295170109719
290,616,0.0017295153811573
822,607,0.0017293418059125
101,112,0.0017292168922722
17,727,0.0017291953554376
17,696,0.00172890140675
960,55,0.001728864153847
290,655,0.0017287628725171
700,131,0.0017286950023844
478,439,0.0017281621694564
17,937,0.0017279828898608
290,23,0.0017273990670219
494,383,0.0017272540135309
494,953,0.0017268082592636
822,1007,0.0017263598274439
494,359,0.0017261370085179
478,471,0.0017259882297366
870,1002,0.0017256203573197
267,1080,0.0017256191931664
960,1071,0.0017250169767066
17,463,0.0017249939264729
17,862,0.0017247782088816
280,188,0.0017247546929866
17,265,0.001724601490423
870,823,0.0017245594644919
494,367,0.0017245349008589
291,530,0.0017244807677343
272,712,0.0017243170877918
291,625,0.0017241734312847
279,571,0.0017239630687981
478,904,0.0017231658566743
101,793,0.0017230997327715
1130,147,0.0017220989102497
267,984,0.0017218642169609
1045,681,0.0017218253342434
280,515,0.0017217437271028
188,841,0.0017216303385794
17,751,0.001721445354633
870,525,0.001721053966321
960,672,0.0017207943601533
291,322,0.0017205185722559
870,263,0.0017205054173246
700,1067,0.0017204901669174
1045,1036,0.0017202121671289
1106,434,0.0017198947025462
870,968,0.0017197738634422
1045,621,0.0017197093693539
700,621,0.001719579915516
478,517,0.0017193671083077
267,64,0.0017193605890497
700,367,0.001719077466987
928,616,0.0017189265927299
291,589,0.0017186377663165
870,1056,0.001718136598356
870,970,0.0017181308940052
290,686,0.001717805978842
1106,1031,0.0017177150584757
188,460,0.0017176346154883
870,200,0.0017175832763314
974,219,0.0017171155195683
1106,766,0.0017170861829072
478,826,0.001717067672871
17,1087,0.0017170001519843
960,327,0.0017167885089293
101,77,0.0017162755830213
17,622,0.0017161155119538
1045,249,0.001715850434266
974,1117,0.0017158389091491
478,957,0.0017155273817479
188,850,0.0017150662606582
291,555,0.001714943209663
822,483,0.0017143989680334
822,601,0.0017141393618658
478,1055,0.0017141040880233
291,977,0.0017140548443421
188,1020,0.0017140250420197
17,46,0.0017137113027274
1130,350,0.001713661942631
188,411,0.0017134617082774
279,728,0.0017131642671301
291,979,0.0017127546016126
494,1111,0.0017123826546594
291,504,0.001712326076813
478,547,0.0017122194403782
478,424,0.0017122112913057
280,430,0.0017121890559792
1130,623,0.0017119525000452
272,803,0.0017115124501287
974,295,0.0017114520305767
280,731,0.0017110868357121
101,52,0.0017102286219596
928,465,0.0017101956764236
290,93,0.0017101410776376
17,564,0.0017097232630476
1045,784,0.0017097225645557
188,444,0.0017096840310841
17,3,0.0017094612121582
478,194,0.0017094222130253
700,107,0.0017092211637645
928,846,0.0017087293090298
494,279,0.0017086311709135
960,803,0.0017084024148061
700,1040,0.001708380645141
280,790,0.0017083319835364
188,966,0.0017080589896067
188,901,0.0017077517695724
928,1005,0.0017074592178687
822,931,0.0017074127681553
188,546,0.0017066259169951
1130,758,0.0017065898282453
1130,234,0.0017065287102013
267,1117,0.0017064490821212
822,281,0.0017061036778613
494,1101,0.0017060998361557
280,442,0.0017060415120795
188,785,0.0017059812089428
870,165,0.0017058380180969
1045,816,0.0017055989010259
822,961,0.0017055294010788
267,182,0.0017054706113412
290,950,0.0017051789909601
700,215,0.00170504511334
478,55,0.0017049631569534
290,1080,0.0017048905137926
188,583,0.0017047838773578
17,339,0.0017042284598574
478,629,0.0017040889943018
494,396,0.0017040350940078
928,2,0.0017036286881193
188,355,0.0017033540643751
188,871,0.001703253830783
291,143,0.0017031622119247
1106,1064,0.0017031438183039
290,896,0.0017027636058628
17,762,0.0017027102876454
822,699,0.0017024672124534
700,1100,0.0017021872336044
960,743,0.0017020840896293
478,1107,0.001702032983303
267,233,0.0017019921215251
267,1059,0.0017016980564221
1130,774,0.0017015788471326
974,442,0.0017014874611049
1106,672,0.0017007130663841
279,109,0.0017006656853482
928,117,0.0017004793044179
822,890,0.0017003588145598
188,324,0.0016999552026391
17,705,0.0016998597420752
974,619,0.0016993392491713
280,95,0.0016991172451525
1045,208,0.0016990161966532
1130,784,0.0016990160802379
17,628,0.0016986464615911
960,459,0.0016983223613351
822,868,0.0016978870844468
870,702,0.0016974937170743
1045,520,0.0016972484299913
1130,881,0.0016970318974927
974,608,0.0016969630960375
17,923,0.0016969601856544
494,214,0.0016966578550636
494,364,0.0016966348048299
290,534,0.0016965313116088
960,500,0.0016963970847427
822,1047,0.0016963358502835
1045,1077,0.0016963250236585
870,912,0.0016956472536548
17,281,0.0016953895101323
870,368,0.0016950082499533
291,226,0.0016948713455349
188,672,0.0016948584234341
17,187,0.0016946691321209
494,936,0.0016944326926022
870,78,0.0016944248927757
188,247,0.0016943229129537
870,768,0.0016942510847002
267,232,0.0016938268672674
279,674,0.0016929944977164
1130,859,0.0016929175471886
822,390,0.0016924698138609
280,455,0.0016919084591791
494,342,0.0016916299937292
17,408,0.001691611832939
291,539,0.0016915604937821
960,184,0.0016915084561333
188,316,0.0016914450097829
960,582,0.0016913479194045
870,86,0.001691294950433
1130,1076,0.0016911134589463
188,831,0.0016909554833546
822,644,0.0016906154341995
101,1092,0.0016901706112548
960,906,0.0016900507034733
870,111,0.0016891948180273
870,877,0.0016891228733584
1045,894,0.0016889759572222
267,857,0.0016889639664441
267,757,0.0016884492943063
870,631,0.0016883285716176
822,196,0.0016877996968105
17,533,0.0016877717571333
960,269,0.0016872215783223
974,571,0.0016869432292878
291,1063,0.0016868887469172
188,676,0.0016868181992322
449,778,0.0016867569647729
822,652,0.001686691888608
267,50,0.0016864128410816
291,716,0.0016862279735505
960,524,0.0016859197057783
280,358,0.0016858556773513
280,846,0.0016857243608683
188,984,0.0016850150423124
17,1128,0.0016844988567754
974,940,0.0016843462362885
280,653,0.0016843100311234
267,864,0.0016839522868394
290,902,0.0016839475138112
960,590,0.0016838484443724
1045,306,0.0016836912836879
960,581,0.0016836208524182
1045,369,0.0016834302805364
974,823,0.0016831343527883
494,188,0.0016830572858452
700,737,0.001682834001258
870,69,0.0016827030340209
188,552,0.0016824112972244
291,642,0.0016821275930851
272,20,0.0016819766024127
870,230,0.0016819428419694
822,919,0.0016809969674795
267,260,0.0016801664605736
449,703,0.0016799040604382
1130,641,0.0016797165153548
974,1033,0.0016795851988717
478,955,0.0016795337432995
291,97,0.0016792558599263
928,410,0.0016789695946499
1045,386,0.001678796368651
928,642,0.0016787131316959
17,746,0.0016783393220975
267,239,0.0016780267469584
700,936,0.0016778208082541
188,305,0.001677622902207
101,926,0.0016775991534814
960,242,0.0016775408294051
449,64,0.0016772141680121
822,138,0.0016770649235695
870,1102,0.0016763348830863
291,674,0.0016762476880103
700,601,0.0016757962293922
960,217,0.0016757299890741
280,438,0.0016756476834416
280,90,0.0016756384866312
700,11,0.001675211591646
279,184,0.001675185165368
478,358,0.001675107050687
960,584,0.0016750575741752
291,1033,0.0016750413924455
1045,1070,0.0016750413924455
928,938,0.001675005769357
267,1043,0.0016746923793107
974,762,0.0016742096049711
1003,1060,0.0016739650163799
291,758,0.0016739494167268
1130,1065,0.0016737185651436
188,567,0.0016735129756852
478,316,0.0016732353251427
1130,1070,0.001673009363003
291,330,0.0016726851463317
291,29,0.0016726779285818
822,937,0.0016724957386031
291,144,0.0016722473083063
1003,88,0.0016719753621146
1130,139,0.0016717400867491
280,284,0.0016716066747903
188,52,0.0016715755918994
188,875,0.0016715343808755
974,701,0.0016710608033463
279,891,0.0016708431066945
291,196,0.0016707306494936
1045,383,0.0016701486892998
17,1057,0.0016699600964784
1130,893,0.0016699115512892
1045,222,0.00166964053642
928,35,0.0016694251680746
494,779,0.0016693846555426
870,5,0.0016691598575562
280,182,0.0016690209740772
478,971,0.0016688393661752
478,865,0.0016686321469023
17,757,0.0016684354050084
449,413,0.0016683932626619
188,295,0.0016677118837833
960,117,0.0016675608931109
449,41,0.0016675436636433
700,393,0.0016675022197887
290,938,0.0016671457560732
188,500,0.001667101169005
928,1015,0.0016670664772391
822,660,0.0016669878968968
1003,944,0.0016667799791321
290,359,0.001666554599069
822,46,0.0016662656562402
291,565,0.0016660817200317
188,949,0.001665641204454
870,489,0.0016652565682306
822,846,0.0016652290942147
279,2,0.0016651096520945
267,1121,0.0016646571457386
1045,1065,0.0016645663417875
17,965,0.0016643832204863
279,1039,0.0016642074333503
280,1076,0.0016639914829283
280,913,0.0016637912485748
17,774,0.001663695089519
974,440,0.0016633826307952
478,529,0.0016632687766104
928,458,0.0016630702884867
1130,759,0.0016630262834951
870,299,0.001662992988713
1130,996,0.0016628575976938
291,602,0.0016627613222226
478,27,0.0016625319840386
449,219,0.0016624473500996
101,910,0.0016623191768303
267,66,0.0016618066001683
188,488,0.0016616793582215
700,798,0.0016615749336779
494,590,0.0016615048516541
449,245,0.0016614488558843
700,97,0.0016612042672932
960,1051,0.0016610176535323
960,1090,0.0016609635204076
280,969,0.0016608759760856
700,739,0.0016607409343123
280,684,0.0016605948330834
960,1046,0.0016603303374722
870,417,0.0016600402304902
960,890,0.001659977948293
291,865,0.0016594778280705
290,319,0.0016591292805969
494,576,0.0016589744482189
17,1023,0.001658950233832
188,479,0.0016589424340054
494,864,0.0016589113511145
700,730,0.0016585636185482
870,845,0.001658558496274
290,1127,0.0016585006378591
17,819,0.0016576882917433
188,794,0.0016576867783442
822,668,0.0016566896811127
700,1101,0.0016564560355618
494,627,0.0016564171528443
188,898,0.0016556907212361
17,987,0.0016556120244786
290,810,0.0016551660373806
188,832,0.0016550772124901
870,523,0.0016543505480512
188,1122,0.0016542370431125
291,860,0.0016541080549359
290,879,0.001653982559219
188,476,0.0016534976894035
291,701,0.001653051469475
280,111,0.0016525638056918
700,506,0.0016524952370673
1106,153,0.0016522899968549
1106,490,0.001652221661061
290,554,0.0016518514603376
870,890,0.0016514818416908
101,438,0.0016514592571184
700,405,0.0016511051217094
280,172,0.0016509915003553
280,1077,0.0016509763663634
960,731,0.0016507641412317
267,25,0.0016505650710314
1045,87,0.0016499770572409
291,937,0.0016497982433065
974,377,0.0016496742609888
478,144,0.0016495615709573
700,226,0.0016494664596393
478,382,0.0016492009162902
478,1033,0.0016489977715536
974,663,0.0016484913649037
870,262,0.0016477357130497
17,713,0.001647651544772
1003,313,0.0016473729629069
17,625,0.0016472004354
822,57,0.0016469325637444
291,537,0.0016468875110149
478,780,0.0016467781970277
267,482,0.0016465187072753
272,480,0.0016464092768728
700,41,0.0016462515341117
290,873,0.0016459270846098
494,281,0.0016452426789328
188,65,0.001645200070925
272,1032,0.0016451763221994
1130,661,0.0016448829555884
960,283,0.001644785166718
478,498,0.0016446881927549
870,410,0.0016446824884042
700,962,0.0016446635127067
822,94,0.0016444051871076
279,792,0.0016443409258499
279,213,0.0016442599007859
188,986,0.0016442175256088
291,157,0.0016440795734524
478,1076,0.0016438610618934
188,866,0.0016438156599178
700,754,0.0016437578015029
188,1040,0.0016437431331723
101,739,0.0016436865553259
279,1090,0.0016434660647064
188,294,0.0016427454538643
974,909,0.0016427253140136
188,437,0.0016426241490989
188,173,0.001642212504521
974,72,0.001641854410991
188,701,0.0016411200631409
280,742,0.0016405413625761
1003,356,0.0016404748894274
449,129,0.0016401371685788
478,984,0.0016397305298596
700,1130,0.0016396136488765
478,973,0.0016393987461924
494,380,0.0016389401862397
960,815,0.0016388680087402
17,72,0.0016388579970225
960,999,0.0016385760391131
17,324,0.0016385406488552
290,1015,0.0016383971087634
700,525,0.0016383934998884
822,20,0.0016382646281272
870,361,0.0016381186433136
822,502,0.001637665554881
700,636,0.0016368324868381
700,438,0.0016367073403671
478,340,0.0016358833527192
928,648,0.0016358410939574
188,737,0.0016355467960238
17,469,0.0016351477243006
870,278,0.0016346216434612
1106,616,0.0016344964969903
291,579,0.0016343632014468
974,105,0.0016342210583388
1045,678,0.001634209533222
449,165,0.0016341808950528
928,498,0.0016336991684511
928,1118,0.0016335967229679
822,1130,0.0016335694817826
478,655,0.001632907660678
700,928,0.0016328254714608
478,473,0.0016328071942552
101,137,0.0016323198797181
188,397,0.0016321524744853
188,819,0.0016317835543304
928,123,0.0016308429185301
280,480,0.001630354207009
928,1120,0.0016303511802107
1045,469,0.0016296545509248
928,314,0.0016294629313051
188,883,0.0016293827211484
449,1062,0.0016293810913339
290,787,0.0016291375504806
280,796,0.001628904719837
17,439,0.0016288240440189
870,811,0.0016286264872178
822,753,0.0016285749152302
700,657,0.0016282079741358
17,297,0.0016281314892694
291,598,0.0016280894633382
870,1096,0.0016280299751088
280,360,0.00162743718829
822,1052,0.001627366291359
478,621,0.0016272920183837
280,492,0.0016263985307887
1045,1051,0.0016263549914583
870,674,0.0016261105192825
928,109,0.0016260014381259
870,306,0.0016255811788141
280,411,0.0016254211077466
291,694,0.0016244191210716
960,386,0.0016243861755356
1106,967,0.0016242021229118
700,554,0.0016239101532846
291,403,0.0016233610222116
870,532,0.0016228259773924
267,1058,0.001622540759854
822,1079,0.0016224349383264
1045,641,0.0016222519334405
960,717,0.0016221299301832
17,633,0.0016219295794144
928,1047,0.0016205281717702
478,329,0.0016204267740249
188,724,0.0016203131526708
494,638,0.0016201904509216
17,735,0.0016200228128582
188,469,0.0016199613455682
17,1025,0.0016198101220652
494,610,0.0016196969663724
870,105,0.0016196846263483
291,789,0.0016196694923564
700,539,0.0016191968461498
974,806,0.0016191166359931
291,868,0.0016189687885344
272,791,0.0016188726294785
1045,970,0.0016185909043997
974,936,0.0016185725107789
870,1029,0.0016185373533517
822,1038,0.0016176691278815
494,67,0.0016171548049896
188,1071,0.0016170802991837
700,972,0.0016170316375792
478,843,0.0016166842542588
290,836,0.0016165376873686
960,6,0.0016165279084816
960,650,0.0016164478147402
17,846,0.0016160443192347
1130,40,0.0016157093923538
1003,602,0.0016147091519087
280,833,0.0016145539702847
290,666,0.0016142866807058
870,409,0.001613701460883
700,303,0.0016133931931108
960,21,0.001613147673197
478,683,0.0016130591975525
478,931,0.0016128990100696
272,870,0.001612861524336
267,361,0.0016127664130181
700,1084,0.0016127645503729
494,407,0.0016126979608088
494,1005,0.0016123224049806
822,697,0.0016122864326462
280,89,0.0016120412619784
700,674,0.0016119895735755
494,509,0.0016119512729346
478,132,0.0016118951607495
494,989,0.0016118329949676
290,720,0.001611727871932
478,677,0.0016116858460009
17,1046,0.0016115275211632
478,117,0.0016113849123939
290,18,0.0016110679134726
291,971,0.0016110154101625
974,712,0.0016107921255752
700,814,0.0016103333327919
188,84,0.001610287814401
188,728,0.0016102755907922
272,873,0.0016102395020425
1130,590,0.0016102105146273
870,1114,0.0016100533539429
928,81,0.00160987325944
822,1075,0.0016098103951662
280,463,0.0016095902537927
280,155,0.0016091961879283
291,503,0.001608851365745
449,796,0.001608733437024
478,613,0.0016082073561847
267,840,0.0016080617206171
188,462,0.0016079338965937
494,326,0.0016077301697805
291,655,0.0016076915198937
272,686,0.0016076737083494
188,178,0.0016075922176241
974,1103,0.0016075314488261
1130,858,0.0016071590362116
290,714,0.0016069564735516
822,585,0.0016066962853074
822,547,0.0016065869713202
1003,404,0.0016062667127698
700,283,0.0016062346985563
17,567,0.0016061054775491
279,1099,0.0016054650768637
267,698,0.0016054539009928
478,476,0.001604865072295
870,34,0.0016044895164668
700,304,0.0016044701915234
267,968,0.0016043928917497
1045,856,0.0016041444614529
290,76,0.0016039969632402
928,805,0.0016036798479035
280,786,0.0016030331607908
1045,842,0.0016027108067646
1045,290,0.0016021553892642
290,605,0.0016021340852603
478,61,0.0016020096372812
870,98,0.0016018946189433
188,49,0.0016013154527172
870,351,0.0016011156840249
188,932,0.0016010385006666
478,699,0.0016007904196158
1130,396,0.0016007238300517
494,437,0.0016001585172489
700,518,0.0016000015893951
267,145,0.0015989260282367
928,915,0.0015989172970876
1130,1072,0.0015987734077498
700,202,0.0015986738726496
1130,380,0.0015979356830939
960,121,0.0015978513984009
822,693,0.0015978338196873
960,779,0.0015974453417584
494,227,0.0015969584928825
960,615,0.0015963800251483
1130,184,0.0015960823511704
188,392,0.0015957743162289
478,335,0.0015955789713189
478,1075,0.0015954554546624
291,841,0.0015952524263411
280,822,0.0015951516106724
291,70,0.0015936089912429
17,31,0.0015932777896523
870,723,0.0015932329697534
280,904,0.0015923604369163
449,642,0.0015919902361929
279,358,0.0015918094431981
280,1107,0.001591473352164
279,19,0.0015912309754639
449,252,0.0015912047820165
960,954,0.0015911560039967
291,1008,0.0015908236382529
1130,701,0.0015906747430562
449,333,0.00159032701049
291,147,0.0015903102466836
188,157,0.0015901527367532
928,331,0.0015901328297331
870,222,0.0015900625148788
478,593,0.0015900389989838
1130,844,0.0015900136204436
17,843,0.0015899880090728
870,538,0.0015897480770945
1045,858,0.0015895972028374
700,1093,0.001589513849467
494,330,0.0015894081443548
822,1033,0.0015892629744485
267,814,0.0015892467927187
1130,995,0.0015891180373728
822,876,0.0015890600625425
17,298,0.0015890399226918
960,1041,0.0015889353817328
822,875,0.0015888407360762
478,606,0.0015888034831732
1106,1050,0.0015882737934589
700,622,0.0015879331622272
928,285,0.001587682403624
280,578,0.0015873330412432
928,342,0.0015873234951868
960,560,0.0015873115044087
188,964,0.0015870800707489
478,578,0.0015870661009103
478,929,0.0015868596965447
291,985,0.0015866276808083
280,883,0.0015860800631344
17,103,0.0015859791310504
290,809,0.0015856366371735
478,217,0.0015854695811867
291,833,0.0015854535158723
291,164,0.0015854121884331
280,57,0.0015853421064093
1045,538,0.0015852923970669
188,815,0.0015852069482207
494,960,0.0015848078764975
494,56,0.0015846535097807
700,326,0.0015845486195757
280,169,0.0015844663139432
494,806,0.0015839660773053
960,89,0.0015837764367461
280,774,0.0015834054211154
928,495,0.001582863042131
1045,1038,0.0015823565190657
870,667,0.001582249533385
478,631,0.0015821068082004
188,577,0.0015810291515663
822,78,0.0015798807144165
494,317,0.0015797745436429
700,191,0.0015792136546224
267,877,0.0015790486941114
291,989,0.0015788794262334
279,672,0.001578289666213
960,182,0.0015782221453264
291,874,0.0015781600959599
478,1005,0.001577838556841
494,507,0.0015778264496475
494,542,0.0015778068918734
870,367,0.0015773295890539
478,987,0.0015773131744936
17,837,0.0015771902399137
188,436,0.0015771866310387
960,486,0.0015769827878102
188,1114,0.0015769477467983
291,390,0.0015768688172101
188,953,0.0015765199204906
280,784,0.001576431794092
17,321,0.0015763414558023
290,132,0.0015756521606817
870,854,0.0015755639178678
478,338,0.0015753880143165
478,637,0.0015750654274597
700,588,0.0015750034945085
279,652,0.0015747686848044
960,281,0.0015743774129077
17,176,0.001574142370373
700,587,0.0015738981310278
700,442,0.0015735604101791
280,839,0.0015732231549918
870,290,0.0015728656435385
494,1095,0.0015728232683613
928,551,0.001572391251102
449,1107,0.0015715969493612
478,59,0.0015715296613052
1130,427,0.0015714851906523
17,11,0.0015713218599557
928,532,0.0015712782042101
290,732,0.0015711655141785
17,372,0.0015709648141637
17,903,0.001570721855387
494,518,0.0015705730766057
1045,136,0.0015704564284533
267,572,0.0015701066004112
291,784,0.0015700360527262
822,466,0.0015699311625212
280,475,0.0015694824978709
188,718,0.0015692405868321
267,821,0.0015690771397203
960,1030,0.0015689674764871
1130,459,0.0015686219558119
870,486,0.0015686033293604
928,925,0.0015680383658036
280,327,0.0015677029732614
188,916,0.0015674064634367
960,870,0.0015672515146434
291,690,0.0015672082081437
1003,522,0.0015669841086491
291,205,0.0015668681589886
822,892,0.0015668317209929
188,534,0.0015668288106098
822,597,0.0015664953971281
478,860,0.0015664951642975
449,682,0.0015664021484553
960,420,0.0015660229837521
17,428,0.0015650005079805
870,23,0.0015648164553567
290,385,0.0015641363570466
974,877,0.0015641128411516
928,786,0.0015637699980288
291,513,0.0015633426373824
822,399,0.0015631819842383
822,32,0.001562999212183
478,367,0.001562858116813
17,597,0.0015625912928953
478,208,0.0015623141080141
291,1102,0.001562041346915
1130,1120,0.0015620362246409
291,203,0.0015619730111211
822,318,0.0015619486803188
1045,930,0.0015618990873917
494,804,0.0015617781318724
279,829,0.0015617083990946
478,11,0.0015615510055795
188,1070,0.0015612968709319
272,274,0.0015609312104061
960,487,0.001560655189678
291,748,0.0015604197978973
279,247,0.0015604140935465
1003,324,0.0015599356265738
700,696,0.00155991979409
188,424,0.0015598526224493
960,1089,0.0015598200261592
17,1077,0.0015592065174132
1130,565,0.0015583127969875
188,561,0.0015582313062623
267,761,0.001558102434501
974,490,0.0015579218743368
1130,989,0.0015572383999824
960,246,0.0015570715768262
870,621,0.0015570708783343
494,449,0.0015568680828437
822,430,0.0015566815854981
478,962,0.0015566442161798
1003,354,0.0015565978828817
494,687,0.0015565811190754
290,298,0.001556352013722
700,351,0.0015561499167233
280,1059,0.0015560140600427
928,676,0.00155596784316
700,1038,0.0015558650484308
449,1059,0.0015558502636849
272,471,0.001555687864311
1045,745,0.0015556318685412
960,679,0.0015556110301986
1045,830,0.0015553602715954
290,970,0.0015544549096375
291,444,0.0015542496694251
478,80,0.0015540460590273
291,110,0.0015537175349891
870,816,0.0015537169529125
188,915,0.0015533368568867
1106,1088,0.0015532883116975
960,933,0.0015525058843195
478,438,0.0015522413887083
960,1014,0.0015517119318246
822,1094,0.0015514226397499
928,36,0.0015513872494921
700,260,0.0015508192591369
280,64,0.0015506242634728
870,267,0.0015505469636991
279,424,0.0015504922484979
280,140,0.0015502035384997
700,1090,0.0015496695414185
974,1034,0.0015496130799874
974,818,0.0015493221580982
870,181,0.0015491796657443
280,561,0.0015489906072616
960,662,0.0015488639473915
1003,982,0.0015483536990359
494,78,0.0015477471752092
1130,576,0.001547735184431
188,1072,0.0015476547414436
267,420,0.0015468868659809
290,104,0.0015464331954717
960,370,0.0015460950089618
494,741,0.0015459740534424
1106,997,0.0015459493733942
960,699,0.0015456868568435
291,489,0.0015456136316061
1106,988,0.0015454428503289
1106,1107,0.0015453756786882
188,288,0.0015451810322701
700,1065,0.0015450296923518
280,312,0.0015444215387105
960,891,0.0015442240983247
928,324,0.0015441753203049
17,242,0.0015439954586327
494,497,0.001543833175674
494,488,0.0015437297988682
870,642,0.0015433394582942
700,724,0.0015432556392624
290,1042,0.0015429889317601
188,702,0.0015424967277795
870,587,0.001541523146443
188,92,0.0015411119675263
1130,596,0.0015410314081236
1045,77,0.0015408567851409
700,137,0.0015407600440084
272,615,0.0015403818106278
1130,67,0.0015401372220367
188,959,0.0015400480479001
494,823,0.0015390878543257
960,838,0.0015388950705528
1003,412,0.001538824988529
188,754,0.0015387247549369
700,125,0.0015386746963486
280,429,0.0015379880787804
1130,274,0.0015375246293842
280,583,0.0015371207846328
1003,1080,0.0015370065812021
1130,489,0.0015369293978437
974,989,0.0015368273016065
1106,1004,0.0015366181032732
188,386,0.00153623893857
1003,178,0.0015362133271992
974,116,0.0015360201941803
280,333,0.0015359641984105
974,158,0.0015358076198026
279,281,0.0015353984199464
291,331,0.0015342966653406
279,938,0.0015341313555836
960,834,0.0015338461380451
870,609,0.0015337906079366
17,109,0.0015337736112996
188,620,0.0015333825722336
494,10,0.0015330566093325
188,6,0.0015320156235247
17,360,0.0015314539195969
700,929,0.0015314447227865
1130,1022,0.0015312946634367
1106,242,0.0015312025789171
974,44,0.0015309841837733
494,583,0.0015307662542909
478,799,0.0015307014109566
188,539,0.0015305555425584
1130,467,0.0015304943080991
188,662,0.0015304802218452
822,1068,0.0015304744010791
1130,731,0.0015302904648706
822,643,0.0015299851074814
280,954,0.001529983128421
17,386,0.001529695931822
291,415,0.001529577653855
700,513,0.0015294788172468
280,907,0.0015293327160179
870,107,0.0015287526184692
870,801,0.0015283784596249
1045,1021,0.0015277722850441
280,912,0.0015276514459401
291,918,0.0015276343328878
267,343,0.0015271746087819
291,182,0.0015271541196852
267,296,0.001527018030174
267,138,0.0015265479451045
700,927,0.0015260444488376
494,450,0.0015256819315254
494,878,0.0015255705220624
279,543,0.0015253523597493
494,672,0.0015251609729602
188,1107,0.0015245850663632
700,12,0.0015244156820699
290,1020,0.001524091232568
17,42,0.001523595303297
1045,288,0.0015234955353662
870,514,0.0015234781894832
478,569,0.0015221314970403
822,814,0.0015217979671433
1003,747,0.0015217680484056
291,56,0.0015216749161481
478,385,0.0015216341707855
279,402,0.0015209747944027
494,433,0.0015209564007818
17,644,0.0015206098323687
700,357,0.001520529622212
1045,595,0.0015198409091681
280,702,0.0015195966698229
188,484,0.0015195679152384
188,582,0.0015189473051577
494,474,0.0015188592951744
974,82,0.0015183112118393
960,1085,0.0015182011993601
700,924,0.0015180257614701
290,153,0.0015177201712504
17,490,0.0015175325097516
290,79,0.0015173186548054
279,868,0.0015169581165537
494,55,0.0015168825630098
974,890,0.0015168803511187
870,628,0.0015167497331276
822,1048,0.0015167195815593
960,270,0.0015165589284151
494,689,0.0015160588081926
280,101,0.001515953685157
280,544,0.0015157100278884
494,270,0.0015156720764935
870,13,0.0015151430852711
291,510,0.0015148499514907
478,979,0.0015148300444707
17,385,0.0015146179357543
822,631,0.0015142158372327
478,212,0.0015141782350838
960,536,0.0015137487789615
478,907,0.0015137117588892
700,910,0.001513184630312
870,129,0.0015130947576835
822,965,0.0015129792736843
188,919,0.0015127196675166
960,226,0.0015126734506338
279,763,0.0015126263024285
960,230,0.0015125559875741
272,507,0.0015124133788049
17,63,0.0015123229240998
272,370,0.0015121554024517
267,456,0.0015121523756533
449,306,0.0015118153532966
290,360,0.0015115168644115
822,703,0.0015107822837308
17,981,0.0015104105696082
272,565,0.0015103159239515
974,1078,0.0015102050965651
870,110,0.0015100317541509
928,522,0.0015100004384294
494,501,0.0015098468866199
267,1093,0.0015098251169547
822,758,0.00150977098383
280,243,0.0015096350107342
1130,532,0.0015096314018592
279,71,0.0015094187110662
280,367,0.0015093844849616
1130,108,0.0015090266242623
1106,1074,0.0015088540967553
928,223,0.0015086911153048
960,732,0.0015085486229509
280,17,0.0015083898324519
280,1091,0.001508200308308
700,214,0.0015080898301675
1045,103,0.0015080185839906
700,343,0.001507774577476
188,755,0.0015076734125614
494,649,0.0015073710819706
1130,1081,0.0015072004171088
960,591,0.001507124165073
188,364,0.0015069345245137
974,748,0.0015067920321598
290,924,0.0015062615275382
280,560,0.0015060672303661
870,778,0.0015056685078889
870,422,0.0015054899267852
960,646,0.0015053837560117
478,767,0.0015052056405693
494,1063,0.001505147665739
188,81,0.0015047094784677
870,1017,0.0015045650070533
1106,806,0.0015039548743516
974,280,0.0015038743149489
870,972,0.0015037262346595
188,625,0.0015034386888146
974,502,0.0015024535823613
494,161,0.001502092112787
188,503,0.0015020603314042
822,274,0.0015016861725598
279,876,0.0015015120152384
17,269,0.0015014146920293
478,874,0.0015012393705546
822,208,0.0015010678907856
1130,145,0.0015006199246272
494,772,0.001500075799413
267,763,0.0014998753322288
280,615,0.0014996944228187
870,1100,0.0014995230594649
494,123,0.0014993782388046
280,1042,0.0014989008195698
279,803,0.0014986366732046
700,273,0.001498476951383
870,537,0.0014983097789809
291,410,0.0014982565771788
290,891,0.0014982308493927
280,408,0.0014979306142777
267,707,0.001497927471064
960,1082,0.001497924211435
188,725,0.0014978772960603
188,483,0.0014972237404435
291,122,0.0014968789182603
494,292,0.001496335840784
17,884,0.0014962123241275
494,294,0.0014960078988224
870,861,0.0014957456151023
188,452,0.0014952148776501
822,757,0.0014951498014852
478,110,0.0014950743643566
280,908,0.0014949215110391
494,1033,0.0014945184811949
494,436,0.0014944324502721
870,758,0.001493738265708
974,137,0.0014937303494662
478,1046,0.0014937194064259
960,930,0.001493587042205
1130,684,0.0014935052022337
279,311,0.0014932450139895
974,912,0.0014931543264538
17,701,0.001493057468906
188,750,0.0014930013567209
700,771,0.0014923905255272
188,716,0.0014921692200005
700,279,0.0014920535031706
494,628,0.0014918169472366
267,1108,0.0014918114757165
280,115,0.0014915893552824
822,1004,0.0014909801539033
700,930,0.0014906738651916
1130,105,0.0014905751449987
870,408,0.001490541617386
290,1097,0.001490514492616
188,909,0.0014903296250849
17,558,0.001490328577347
960,1069,0.001489667687565
280,279,0.0014895770000293
478,782,0.0014890093589201
279,298,0.0014889475423842
494,324,0.0014888315927237
280,1031,0.0014885399723425
17,375,0.0014879229711368
291,536,0.0014877396170049
960,554,0.0014877074863761
272,732,0.0014874481130391
272,529,0.0014873725594952
279,563,0.001487347530201
928,997,0.0014871779130771
960,381,0.0014870003797113
279,1044,0.0014866297133266
870,451,0.0014863713877275
700,869,0.0014862088719382
279,128,0.0014853120082989
822,1034,0.0014852711465209
494,393,0.0014849543804302
17,928,0.0014847172424197
822,242,0.00148467393592
272,1115,0.0014846037374809
290,1061,0.0014843952376395
928,1051,0.0014839860377833
974,756,0.001483897329308
188,766,0.0014837414491921
870,512,0.0014837183989584
291,957,0.0014829790452495
700,57,0.0014824745012447
960,814,0.0014817917253822
272,451,0.001481789862737
449,737,0.0014811075525358
478,795,0.0014810803113505
960,445,0.0014803709927946
188,236,0.0014803309459239
280,1102,0.0014801567886024
188,885,0.0014801039360463
478,928,0.0014797557378187
700,880,0.0014796972973272
700,113,0.0014795863535255
478,274,0.0014795436291024
290,391,0.00147912860848
974,81,0.0014788458356633
188,777,0.001478771562688
1003,1107,0.0014786514220759
974,376,0.0014784062514081
960,30,0.0014780987985432
1045,969,0.0014777964679524
494,604,0.0014777233591303
960,431,0.001477570622228
188,266,0.001477547455579
1003,833,0.0014772281283512
822,633,0.0014771088026463
279,155,0.0014770160196349
291,882,0.0014768987894058
960,755,0.0014768702676519
960,735,0.0014768250985071
870,48,0.0014766403473913
1130,31,0.0014762826031073
494,582,0.0014762582723051
267,949,0.0014760378981009
960,979,0.0014757799217477
870,690,0.0014756501186639
280,128,0.0014752235729247
928,1058,0.0014749243855476
494,1084,0.0014747647801414
291,216,0.0014744354411959
478,1057,0.0014737223973497
1045,30,0.0014736461453139
291,574,0.0014732376439496
449,550,0.0014731074916198
280,802,0.0014728223904967
17,1014,0.0014728092355653
17,234,0.0014726559165865
494,1042,0.0014726326335221
822,232,0.0014724663924425
188,141,0.001472262199968
700,39,0.0014721869956701
960,539,0.0014719202881678
928,1080,0.001471554627642
1045,658,0.0014714895514771
291,167,0.001471355673857
974,604,0.0014711940893903
291,158,0.0014709343668073
1003,144,0.0014706804649904
291,284,0.001470350078307
280,890,0.0014703304041177
1003,772,0.001470205024816
960,16,0.0014701540349051
1045,904,0.0014701045583933
272,527,0.0014700061874464
101,701,0.0014697327278554
822,45,0.0014695762656629
290,916,0.0014693258563056
1106,457,0.0014692463446408
870,213,0.001468394184485
700,1082,0.0014682402834296
188,241,0.0014678138541057
494,237,0.0014672152465209
280,549,0.0014669892843812
478,305,0.0014669772936031
290,413,0.0014668137300759
822,732,0.0014663011534139
974,1128,0.0014662533067166
974,665,0.0014661074383184
1130,688,0.0014661035966128
267,514,0.0014654624974355
928,236,0.0014654495753347
822,495,0.0014649014919996
974,475,0.0014644713373854
960,955,0.0014643180184066
960,1087,0.0014641344314441
267,474,0.0014640893787145
280,25,0.001463906140998
1045,1110,0.0014638329157605
279,931,0.0014636612031608
17,574,0.0014634079998359
700,599,0.001463042688556
870,819,0.0014627657365053
267,274,0.0014626681804656
700,843,0.0014626481570303
974,1050,0.0014625879703089
478,78,0.0014624954201281
494,130,0.0014622149756178
188,664,0.0014618658460676
700,552,0.0014617111301049
960,1015,0.0014616366242989
291,875,0.0014613005332648
1130,831,0.0014610089128836
870,266,0.001460982253775
291,188,0.0014609369682148
290,432,0.0014602709561586
1045,375,0.0014601241564378
267,873,0.0014598491834476
870,607,0.0014596523251384
1045,316,0.0014595190295949
494,44,0.0014593263622373
478,644,0.0014592190273106
700,656,0.0014589573256671
101,967,0.0014586936449632
280,338,0.0014585731551051
101,1100,0.0014583986485376
960,769,0.0014579750131815
1045,116,0.0014573187800124
291,1129,0.001457025646232
974,655,0.0014568933984264
272,149,0.0014564619632437
974,521,0.0014562245924025
870,77,0.001455811667256
272,554,0.0014556931564584
291,617,0.0014555547386407
290,224,0.0014555497327819
822,473,0.0014555088710039
267,460,0.0014552454231306
870,458,0.0014551965286955
267,417,0.0014551961794495
17,840,0.0014548966428264
700,454,0.0014540466945618
280,295,0.0014539917465299
291,371,0.0014537870883941
974,794,0.0014536262024194
494,1045,0.0014534802176058
928,826,0.0014530853368341
478,792,0.0014530225889757
494,327,0.0014522012788802
700,275,0.0014518580865114
1130,206,0.0014517934760078
291,348,0.0014517620438709
960,809,0.001451187999919
494,659,0.0014511103508993
478,279,0.0014509939355775
494,70,0.0014509455068036
449,772,0.0014507506275549
188,1101,0.0014505184954032
494,528,0.0014504649443551
1130,313,0.0014503571437671
291,1028,0.0014502950944006
494,760,0.0014501828700304
700,810,0.0014499750686809
478,400,0.0014497388619929
822,678,0.0014494974166154
700,198,0.0014493911294266
478,191,0.0014485857682302
478,1027,0.0014479681849479
478,302,0.0014473277842625
494,69,0.0014470791211351
700,276,0.0014470475725829
291,68,0.0014469982124865
870,566,0.0014468452427536
700,46,0.0014467457076534
267,1050,0.0014467278961092
279,1050,0.0014461040263995
960,737,0.0014460447710007
1106,456,0.0014457951765507
478,576,0.0014457784127444
291,870,0.0014454979682341
291,1036,0.0014449576847255
478,427,0.0014445674605667
188,858,0.0014444581465795
1106,677,0.0014442792162299
272,176,0.0014442555839195
279,1092,0.0014442290412262
1130,474,0.0014441969105973
291,1024,0.0014439120423048
870,380,0.0014437643112614
870,141,0.0014436886413022
291,146,0.0014436867786571
822,50,0.0014433220494538
478,527,0.0014432778116315
188,351,0.0014430120354518
267,122,0.0014426906127482
478,419,0.0014425363624468
870,190,0.001442223554477
272,852,0.0014418135397136
960,666,0.0014417457859963
279,904,0.0014416968915611
101,266,0.0014415382174775
974,326,0.0014414903707802
290,420,0.0014412138843908
928,890,0.0014408866409212
870,168,0.001440881867893
280,200,0.0014406030531972
279,890,0.0014403068926185
1106,679,0.001440261490643
1003,753,0.001440210500732
1106,627,0.001439785468392
700,366,0.0014396186452358
290,1083,0.0014396024635061
870,140,0.0014395925682038
279,196,0.0014393035089597
272,208,0.0014391569420695
478,1120,0.0014391050208359
870,292,0.0014390633441507
280,1039,0.0014386475086212
870,924,0.0014383408706635
494,681,0.0014382547233253
974,991,0.0014380707871168
280,443,0.001438042614609
700,1002,0.0014379990752786
1106,702,0.0014378592604771
478,811,0.0014374102465808
494,8,0.0014373728772625
1130,812,0.0014373054727911
700,311,0.0014371027937158
960,664,0.0014370906865224
928,274,0.0014364438829943
494,1124,0.0014361906796693
272,258,0.001435998827219
870,960,0.0014357985928654
700,216,0.00143546925392
280,394,0.0014352502766996
700,471,0.001435134676285
188,830,0.0014351002173498
272,894,0.0014350467827171
478,585,0.0014343210496008
960,805,0.001434004982002
960,392,0.0014340012567117
960,397,0.0014336670283228
870,941,0.0014336403692141
960,272,0.0014334073057398
291,556,0.001433360739611
17,745,0.0014333116123452
478,323,0.0014332439750432
870,849,0.0014330017147585
494,563,0.0014329450204968
188,1127,0.0014327857643365
494,998,0.0014327079989016
291,515,0.0014321184717118
700,212,0.0014320992631837
188,171,0.0014318360481411
272,908,0.0014316923916339
267,933,0.0014316161395981
960,937,0.0014314976288005
291,280,0.0014306583907455
494,554,0.0014304678188636
280,308,0.0014296611770987
822,179,0.0014296587323769
822,261,0.0014292642008513
822,356,0.0014288214733824
1003,1067,0.0014285469660535
279,342,0.0014279428869485
494,523,0.0014274683780968
280,224,0.0014274445129558
1130,86,0.0014271239051595
822,145,0.0014270747778937
700,978,0.0014266268117353
188,910,0.001426413655281
870,402,0.0014264021301642
960,966,0.0014262789627537
478,19,0.0014258541632443
1045,334,0.0014257056172937
928,1027,0.0014256751164793
870,238,0.001425509690307
700,219,0.0014253185363486
494,316,0.0014252171386033
960,224,0.0014249283121898
279,667,0.0014246597420424
449,967,0.0014242156175896
700,80,0.001424157177098
279,903,0.0014237811556085
17,280,0.0014236725401133
1130,802,0.0014234302798286
291,356,0.001423277077265
279,254,0.0014230168890208
279,625,0.0014229823136702
822,823,0.00142258615233
478,953,0.0014220357406884
279,708,0.0014212721725925
267,374,0.0014211771776899
494,1105,0.0014209396904334
290,52,0.0014207707718014
1106,866,0.0014207353815436
928,73,0.0014200547011569
928,580,0.0014199689030647
1130,66,0.0014192929957062
494,561,0.0014192834496498
822,586,0.0014192428207024
279,719,0.0014190138317644
478,405,0.0014186038170009
870,777,0.0014182915911078
494,912,0.0014181660953909
280,1035,0.0014177405973896
960,402,0.0014173532836139
280,4,0.0014171521179378
478,451,0.001417068298906
478,1062,0.0014167287154123
17,969,0.0014166701585054
700,997,0.0014165355823934
960,491,0.0014165298780426
960,357,0.0014160707360133
290,341,0.0014155055396258
478,127,0.0014153734082356
478,226,0.0014153700321912
960,866,0.0014153616502881
1130,338,0.0014150377828627
267,208,0.0014149562921375
974,315,0.0014147809706628
478,800,0.0014147136826068
1003,727,0.0014144546585157
960,932,0.0014142622239887
974,786,0.0014138214755803
101,515,0.0014135397505015
1045,697,0.001412987941876
1130,76,0.0014128644252195
928,383,0.0014122627908363
478,837,0.0014121459098532
494,140,0.001412138226442
700,701,0.0014121180865913
1045,809,0.0014120087726041
1106,516,0.0014119184343144
267,354,0.0014115363592281
267,815,0.0014114925870671
700,1118,0.0014113347278907
17,276,0.0014112626668065
17,399,0.0014108181931078
188,682,0.0014107743045315
960,1095,0.0014093702193349
700,195,0.0014091801131144
700,324,0.0014091596240177
1130,905,0.0014089333126321
822,521,0.0014086791779845
272,611,0.0014082378474995
188,553,0.0014081278350204
17,323,0.0014080479741096
280,1048,0.0014079518150538
188,509,0.001407689996995
272,898,0.0014071367913857
290,426,0.0014071287587285
188,103,0.0014068828895688
870,766,0.0014068568125367
960,844,0.0014061242109164
870,1004,0.0014061063993722
974,865,0.0014058179222047
272,21,0.0014056172221899
1106,704,0.0014054105849936
280,1065,0.0014050285099074
280,933,0.0014049691380932
188,46,0.0014046911383047
280,872,0.0014044815907254
870,156,0.0014042352559044
478,651,0.0014040155801922
1045,633,0.0014036818174645
17,865,0.0014036302454769
974,1115,0.001402924535796
188,256,0.0014025926357135
290,576,0.0014023348921909
822,722,0.0014022277900949
291,640,0.0014019238296896
290,1045,0.0014016999630257
280,464,0.001401299261488
494,1027,0.0014012645697221
17,1058,0.0014009064761921
494,991,0.0014005807461217
700,850,0.0013997995993122
291,470,0.0013996146153658
279,15,0.0013992899330332
1130,613,0.001399046042934
494,1007,0.0013989594299346
1045,327,0.0013983432436361
700,372,0.0013982596574351
280,646,0.0013982555828988
17,853,0.0013979327632114
17,241,0.0013974518515169
290,542,0.0013974242610856
1045,533,0.0013973807217553
280,1080,0.0013967613922432
272,72,0.0013965290272608
291,367,0.0013961632503196
494,114,0.0013961121439933
267,275,0.0013959049247205
290,560,0.0013958181953057
870,606,0.0013958102790638
267,8,0.0013955152826383
290,164,0.0013955036411061
700,223,0.0013954227324575
188,497,0.0013949102722108
280,1118,0.001394267543219
188,797,0.0013941952493041
1045,997,0.0013937782496213
870,359,0.0013936697505414
478,506,0.0013932964066043
17,541,0.0013929849956184
280,265,0.001392857171595
1003,343,0.0013927276013419
280,994,0.0013924612430855
291,359,0.0013924149097874
188,319,0.0013924136292189
928,452,0.001392024802044
1045,67,0.0013918901095166
960,909,0.0013917818432673
960,722,0.0013917557662352
822,1069,0.0013916314346715
974,678,0.0013915703166276
279,57,0.0013913111761212
700,85,0.001390834338963
267,858,0.001390162622556
188,931,0.0013898804318159
700,441,0.0013896889286115
700,861,0.0013895505107939
1003,477,0.0013891611015424
272,11,0.001389124779962
1003,576,0.0013889111578464
478,368,0.0013886648230254
279,116,0.0013885657535865
101,783,0.0013881729682907
870,325,0.0013881009072065
291,1112,0.0013880303595215
17,291,0.0013873591087758
494,133,0.0013872482813894
822,716,0.0013870454858988
291,775,0.0013870311668142
1130,170,0.0013863496715202
1106,868,0.0013862304622307
1130,440,0.0013862045016139
960,680,0.0013859726022928
494,325,0.0013858714373782
960,10,0.0013857656158506
1045,551,0.0013855890138074
870,955,0.0013855644501745
188,739,0.0013854319695383
960,341,0.0013849694514647
478,349,0.0013847914524376
17,259,0.0013847713125869
700,606,0.0013847484951838
280,637,0.0013846021611243
290,353,0.0013844821369275
700,678,0.0013843044871464
870,468,0.0013840014580637
870,732,0.0013838250888511
960,653,0.0013836993603035
700,172,0.0013832815457135
291,30,0.0013832262484356
870,943,0.0013831538381054
17,1020,0.0013830228708684
700,383,0.0013826143695041
279,111,0.0013818712905049
822,809,0.0013818420702591
1130,409,0.001381731359288
279,682,0.001381495501846
974,802,0.0013814573176205
870,196,0.0013813197147101
17,353,0.0013811372919008
449,971,0.0013810722157359
870,32,0.001381070469506
272,250,0.0013806247152388
822,865,0.0013804344926029
1003,784,0.001380281173624
870,121,0.0013798720901831
700,415,0.0013794420519843
291,1125,0.0013790525263175
17,206,0.0013789500808343
974,250,0.0013788907090201
188,719,0.0013787008356302
494,937,0.0013784029288217
1130,691,0.0013775472762063
974,166,0.0013774955878034
960,1053,0.0013773626415058
279,611,0.0013772796373814
17,715,0.0013772476231679
290,606,0.0013772438978776
1045,879,0.0013772372622042
960,96,0.0013771365629509
17,697,0.0013770380755886
1003,1110,0.0013766752090305
822,773,0.0013766249176114
17,53,0.0013762629823759
1130,683,0.0013758196728304
291,135,0.0013753904495388
279,460,0.0013749378267675
494,186,0.0013746421318501
960,962,0.001374436658807
188,975,0.0013738204725086
960,691,0.0013732926454395
272,2,0.0013730481732636
1045,909,0.0013726669130846
188,252,0.0013723033480346
17,883,0.0013722507283091
870,576,0.0013719476992264
494,707,0.0013717063702642
1003,906,0.0013716099783778
1130,558,0.0013713006628677
279,751,0.0013712904183194
870,483,0.0013708312762901
101,1031,0.0013706790050491
700,312,0.0013703644508495
1130,516,0.0013701108982786
17,22,0.0013700872659683
494,630,0.0013697094982489
494,994,0.0013696416281163
267,1017,0.0013696308014914
1045,48,0.0013693975051864
700,802,0.0013692239299416
870,431,0.0013691565254703
290,513,0.0013688965700566
1130,1006,0.0013685110025107
1130,390,0.0013682132121175
494,42,0.0013678525574505
279,219,0.0013677245005965
494,925,0.0013673277571797
272,1029,0.0013673185603693
974,577,0.0013672916684299
280,320,0.001367011340335
17,175,0.001366002834402
280,483,0.0013655249495059
267,986,0.0013655140064656
928,170,0.0013653518399223
272,989,0.0013649994507431
17,690,0.0013647513696923
960,76,0.0013643014244735
272,887,0.0013638924574479
1003,217,0.0013633443741127
700,750,0.0013632968766614
974,1079,0.0013631334295496
279,474,0.0013626724248751
1045,852,0.0013625326100736
478,40,0.001362410490401
928,1069,0.0013623329577967
290,925,0.0013622490223497
279,989,0.0013620202662423
870,833,0.0013618608936667
822,874,0.0013618019875138
17,555,0.0013617342337965
478,129,0.0013617239892482
1130,806,0.0013616668293252
494,980,0.0013615833595395
928,266,0.0013614278286695
494,411,0.0013601819518953
1106,580,0.0013601273531094
290,187,0.001360063906759
870,1016,0.001359892077744
101,269,0.0013594237389042
267,675,0.0013593524927273
17,677,0.0013593398034572
928,202,0.0013593065086752
478,885,0.0013591954484581
870,1009,0.0013591167517006
960,813,0.0013590938178822
290,466,0.001358572510071
1130,342,0.0013584761181846
960,1061,0.0013584074331447
494,53,0.0013581431703642
449,776,0.0013581025414168
1003,95,0.0013577578356489
870,956,0.0013577144127339
280,456,0.0013574559707194
188,291,0.0013571581803262
279,956,0.0013570126611739
928,878,0.0013568885624408
700,78,0.00135662057437
870,577,0.0013562000822275
960,29,0.0013561965897679
494,913,0.0013561692321673
17,1114,0.0013552225427702
17,245,0.0013545044930651
974,342,0.0013544912217184
17,352,0.0013540404615923
822,140,0.001353696687147
188,673,0.0013535778271034
478,422,0.0013531002914533
280,371,0.0013528497656807
478,948,0.0013524772366508
960,83,0.0013523651286959
280,938,0.0013518682681024
291,928,0.0013518242631107
822,1046,0.0013516700128093
478,1001,0.0013516596518456
280,916,0.0013515570899471
290,191,0.0013512660516425
1130,696,0.0013512099394574
700,949,0.0013509383425116
17,509,0.0013506945688277
870,411,0.0013501738430932
272,80,0.0013498899061232
267,466,0.0013498198240995
188,752,0.0013497582403942
1130,359,0.0013495436869561
974,203,0.0013494516024366
17,522,0.0013493942096829
1003,232,0.0013492256402969
960,957,0.0013490342535078
1130,585,0.001348941004835
188,568,0.0013488213298842
279,272,0.0013487632386386
290,856,0.0013487215619534
870,1079,0.0013485677773132
974,266,0.0013483765069395
291,545,0.001347851823084
291,1131,0.0013478470500558
494,225,0.0013477609027177
478,926,0.0013477283064275
280,1081,0.0013475547311827
700,823,0.0013475096784532
17,806,0.00134741992224
494,592,0.0013471606653183
188,64,0.0013468229444697
1045,991,0.0013464353978633
280,354,0.0013462222414091
272,154,0.0013460149057209
279,427,0.0013459555339068
17,100,0.0013455213047564
188,1111,0.0013450195547193
822,1111,0.0013450183905661
822,131,0.0013445006916299
291,170,0.0013440150069072
1130,57,0.0013438664609566
290,310,0.0013438340974971
494,564,0.0013437801972031
494,272,0.001343511394225
870,859,0.0013430502731353
1045,487,0.0013426445657387
290,192,0.0013424513163045
870,84,0.0013422332704067
1045,41,0.0013422048650681
290,680,0.0013420853065326
822,682,0.0013420601608231
188,300,0.0013420064933598
280,1016,0.0013419983442872
870,74,0.0013417795998975
290,185,0.0013417282607406
279,266,0.0013415236026048
870,412,0.0013412423431873
700,589,0.0013411163818091
700,858,0.0013409936800599
974,925,0.0013408835511654
700,1062,0.0013404624769464
1045,359,0.0013401529286056
1130,706,0.0013400965835899
870,673,0.0013399923918768
449,759,0.0013397894799709
960,359,0.0013397610746324
280,753,0.0013395918067544
478,66,0.0013395035639405
700,651,0.0013394344132393
960,82,0.0013394206762313
1130,322,0.0013393786503002
17,127,0.0013391699176281
279,387,0.0013390366220846
928,899,0.0013388276565819
974,740,0.0013384763151407
449,998,0.0013381233438849
870,1123,0.0013379898155108
188,1018,0.001337721128948
1106,371,0.0013376728165894
291,691,0.0013374992413446
17,1093,0.0013373475521802
960,1028,0.0013370489468798
17,1040,0.0013369688531383
1130,594,0.001336924615316
17,219,0.0013368441723287
822,955,0.0013365641934797
279,515,0.0013360631419345
478,512,0.0013357683783397
494,470,0.0013353739632293
280,261,0.0013350478839129
974,565,0.0013348030624911
279,59,0.0013347003841772
960,694,0.0013340658042579
870,1062,0.0013336619595065
267,781,0.0013336592819541
290,962,0.0013333021197468
291,93,0.0013329818611964
267,985,0.0013327137567102
1003,1081,0.0013326663756743
974,815,0.0013324575265869
478,135,0.0013318515848368
960,537,0.0013317258562892
974,668,0.0013312672963365
1045,808,0.0013312477385625
700,460,0.0013312400551512
267,16,0.0013304302701726
280,755,0.0013301142025738
870,508,0.001330045517534
290,848,0.0013297999976202
188,979,0.0013294642558321
870,384,0.0013293228112161
188,1069,0.0013288686750456
272,1028,0.0013285957975313
974,1044,0.0013283850857988
494,82,0.0013280886923894
267,613,0.0013279661070555
1130,1041,0.0013278940459713
974,999,0.0013278699479997
1130,788,0.0013272494543343
1045,986,0.001327195437625
188,99,0.0013270212803035
101,905,0.0013261769199743
17,406,0.0013257090467959
870,765,0.0013253177748993
494,662,0.0013252509525045
1003,898,0.0013247393071651
700,943,0.001324733137153
494,445,0.0013247238239273
290,55,0.001324662240222
1106,797,0.0013244012370705
928,391,0.0013242989080026
822,82,0.0013242425629869
272,440,0.0013242061249911
700,108,0.0013241629349067
928,356,0.0013238770188763
17,812,0.0013236124068498
870,763,0.0013233869103714
494,245,0.0013233325444161
870,754,0.0013230602489784
291,582,0.0013229555916041
870,3,0.00132292881608
280,137,0.0013226848095655
279,1078,0.0013225642032921
870,991,0.001322302268818
290,960,0.0013220043620094
267,129,0.0013219391694292
280,676,0.0013219044776633
1045,608,0.0013209035387262
101,195,0.0013207915471866
700,1076,0.0013207669835537
1045,1080,0.0013202070258557
478,970,0.0013198360102251
494,984,0.0013195594074204
1130,295,0.0013195115607231
960,254,0.0013189341407269
478,450,0.0013186774449422
449,1112,0.0013185492716729
188,130,0.001317684771493
478,1010,0.0013168310979381
188,449,0.0013167979195713
960,1106,0.0013167774304747
960,1055,0.0013164851116016
1045,915,0.0013164775446057
870,250,0.0013162631075829
290,7,0.0013155274791643
279,786,0.0013152147876098
870,634,0.0013151571620255
870,452,0.001315003610216
700,308,0.0013149157166481
279,870,0.0013145161792635
494,137,0.0013140277005732
1003,563,0.0013125392142683
1045,827,0.0013122997479513
291,13,0.0013117764610797
478,278,0.0013115514302626
974,535,0.001311409054324
478,272,0.0013113068416714
700,208,0.0013111254666
478,205,0.0013111067237332
279,494,0.0013109709834679
290,803,0.0013104629470035
974,301,0.0013104538666084
960,522,0.0013104405952617
280,854,0.0013103527016937
960,567,0.0013100146315991
700,1128,0.001309999031946
960,564,0.001309904968366
928,672,0.001309742918238
17,185,0.0013097316259518
870,735,0.0013095625909045
188,220,0.0013087645638734
291,31,0.0013085959944874
870,1112,0.0013084319652989
974,265,0.001308329985477
928,974,0.0013081204378977
291,426,0.0013081092620268
494,654,0.0013080822536721
494,100,0.0013080490753054
1130,370,0.0013080033240839
1003,272,0.0013079372001811
974,637,0.0013078469783067
478,724,0.001307836966589
280,403,0.0013077898183837
188,731,0.0013076614122837
188,175,0.0013073602458462
101,404,0.001306781428866
928,834,0.0013060687342658
960,780,0.0013059629127383
494,159,0.0013057790929451
494,460,0.0013051687274128
17,631,0.0013047464890405
290,551,0.0013041232014074
17,860,0.0013039647601544
291,886,0.0013036580057814
494,940,0.0013035390293225
17,620,0.0013033966533839
700,542,0.0013030309928581
280,384,0.001302879769355
494,513,0.0013027349486947
291,258,0.0013027320383116
101,518,0.0013027109671384
101,356,0.0013022903585806
17,1086,0.0013021307531744
1130,538,0.0013021050253883
279,902,0.0013020995538681
822,465,0.0013019726611673
870,583,0.0013018896570429
280,836,0.0013017582241445
280,32,0.0013017181772738
449,602,0.0013016840675845
822,288,0.0013013643911108
280,880,0.0013013104908168
279,105,0.0013007669476792
822,569,0.0013002578634768
974,700,0.0013001430779695
291,832,0.0013000487815588
1130,878,0.0013000475009903
17,134,0.0012999523896723
290,552,0.0012989316601306
1130,1039,0.0012986692599952
1130,71,0.0012982833432033
478,503,0.0012982389889657
280,150,0.0012977441074326
1130,992,0.0012971546966582
272,245,0.0012970451498404
1106,1059,0.0012968452647328
280,359,0.0012966770445927
290,1002,0.0012964729685336
1045,1012,0.001296374714002
280,606,0.0012962092878296
188,656,0.0012960078893229
280,529,0.0012958321021869
870,149,0.0012957593426108
279,673,0.0012954624835401
279,642,0.0012952398974448
494,996,0.0012951557291671
279,651,0.0012950764503329
17,953,0.0012945807538926
280,382,0.0012945752823725
449,678,0.0012945075286552
17,448,0.0012940522283315
478,864,0.001293187146075
494,478,0.0012930855154991
1106,27,0.0012930422089993
928,38,0.0012927229981869
280,48,0.0012925376649945
17,572,0.0012919646687805
928,47,0.0012916340492665
974,594,0.0012913077371194
290,531,0.0012913016835227
280,14,0.0012903163442388
290,479,0.0012902562739327
188,946,0.0012902256567031
974,311,0.0012901847949251
822,113,0.001290138461627
267,473,0.0012899683788418
291,781,0.001289700041525
960,302,0.0012894804822281
290,562,0.0012890292564406
17,986,0.0012890045763924
291,1043,0.0012885482283309
822,1087,0.0012885073665529
1130,983,0.0012884413590654
960,626,0.0012883467134088
870,989,0.0012881996808573
280,387,0.0012879408895969
494,828,0.001287751016207
1130,437,0.0012875748798251
494,1071,0.0012875000247731
280,618,0.0012872435618191
290,487,0.00128718779888
700,582,0.0012871054932475
1045,871,0.0012870761565864
870,880,0.0012869567144662
822,304,0.0012867243494838
280,409,0.0012865987373515
700,712,0.0012860953575
494,517,0.0012860756833106
960,434,0.0012858988484367
494,287,0.0012857862748205
822,834,0.0012857698602601
279,33,0.0012854657834395
188,310,0.0012853303924202
870,255,0.0012850667117163
17,955,0.0012850052444264
17,49,0.0012848954647779
1106,834,0.0012848093174397
1003,1064,0.0012847412144765
188,32,0.0012843071017414
291,975,0.0012838214170187
870,931,0.0012836452806368
928,475,0.0012835962697863
960,1126,0.0012835805537179
1045,58,0.0012834296794608
280,607,0.0012832742650061
267,421,0.0012829243205487
280,917,0.0012828762410208
870,762,0.0012828258331865
1130,83,0.0012825015000998
870,562,0.0012821272248402
272,627,0.0012817840324714
17,645,0.001281620003283
17,403,0.0012813458452001
494,360,0.0012811141787096
478,966,0.0012811090564355
188,215,0.0012809899635612
494,928,0.0012809562031179
188,482,0.0012807672610506
188,1014,0.0012803050922229
960,528,0.0012802908895537
290,327,0.0012799589894711
267,515,0.0012795282527804
291,6,0.0012792522320523
267,481,0.0012789289467036
1130,1035,0.0012789272004738
1045,853,0.001278503332287
494,47,0.0012783652637153
280,85,0.0012782036792486
700,761,0.0012781755067408
1106,182,0.0012779228854924
290,1,0.0012776490766555
279,83,0.001277309260331
272,163,0.001277084229514
279,1032,0.0012770761968567
188,45,0.0012768522137776
290,678,0.0012768101878464
280,39,0.001276685623452
960,801,0.0012766632717102
279,638,0.0012764630373567
974,873,0.0012764409184455
188,1034,0.0012762648984789
290,309,0.0012757235672324
1130,662,0.0012752847978845
17,1106,0.0012751602334901
188,734,0.0012749367160722
928,715,0.0012748829321935
1003,154,0.0012746030697599
960,271,0.0012745858402922
291,610,0.0012736249482259
290,357,0.0012734609190374
279,912,0.0012734434567391
700,778,0.0012734400806948
494,995,0.0012734330957755
188,249,0.0012732601026073
870,1007,0.0012732180766761
870,1118,0.001272689900361
870,923,0.00127243634779
272,358,0.0012721290113404
449,990,0.0012719022342935
188,304,0.0012716962955892
478,218,0.0012714785989373
700,545,0.0012713593896478
960,47,0.0012713174801319
1045,1035,0.0012707710266113
478,324,0.001270747045055
870,570,0.0012706263223662
928,211,0.0012705905828624
17,380,0.0012705067638307
960,895,0.001270432723686
267,566,0.0012704221298918
478,898,0.0012703213142231
291,288,0.0012700144434347
1130,477,0.0012696853373199
870,114,0.001269593485631
494,177,0.001269343891181
272,804,0.0012693005846813
494,634,0.00126925308723
188,1087,0.0012688802089542
1003,127,0.0012683962704613
478,735,0.0012682226952165
17,235,0.0012681514490395
960,914,0.0012679020874202
291,281,0.0012672111624851
822,391,0.0012670648284256
822,1021,0.0012669975403696
267,557,0.0012667297851294
478,1110,0.0012667156988754
1045,515,0.0012663257075473
1130,608,0.0012660558568313
188,744,0.0012659141793847
494,361,0.0012656298931688
291,720,0.0012654697056859
1003,487,0.001265469007194
272,67,0.0012653450248762
960,163,0.0012652914738282
870,233,0.0012651346623897
494,144,0.0012651337310671
291,207,0.0012641309294849
188,770,0.0012638797052204
280,190,0.001263593439944
700,234,0.0012634270824491
960,929,0.0012632303405553
478,101,0.0012631695717573
449,930,0.0012631007703021
188,856,0.0012630701530724
17,110,0.0012626956449821
272,331,0.0012625935487449
1045,787,0.0012625725939869
822,570,0.0012625708477571
280,208,0.0012625508243218
272,279,0.0012617950560525
291,399,0.0012616978492587
960,553,0.0012615798041224
960,95,0.0012611793354153
494,1078,0.0012611297424882
870,922,0.0012609934201464
188,989,0.0012609363766387
17,304,0.001260679680854
494,278,0.0012601017951965
17,699,0.0012598397443071
290,66,0.0012598260072991
960,643,0.0012595726875588
974,504,0.0012593731516972
272,452,0.001259371638298
700,449,0.0012591261183843
188,840,0.0012589819962158
17,1067,0.0012589618563652
17,1022,0.0012589463731274
272,491,0.0012585750082507
272,460,0.0012582739582285
1130,946,0.001257863594219
960,56,0.0012577726738527
1045,324,0.00125774636399
974,343,0.0012573060812428
17,553,0.0012571569532155
822,30,0.0012568418169394
272,890,0.0012567810481414
291,930,0.0012564683565869
279,594,0.0012562747579067
272,384,0.0012561519397422
1045,810,0.0012560633476823
280,577,0.0012557390145957
494,789,0.0012557390145957
279,577,0.0012557047884911
478,814,0.0012554270215332
494,857,0.0012550742831081
494,1048,0.0012549925595521
279,377,0.0012549747480079
280,797,0.0012544657802209
188,685,0.0012541512260213
960,59,0.0012540200259536
449,507,0.0012538561131805
870,501,0.0012535905698314
870,953,0.0012535011628642
494,1026,0.001253196503967
1130,953,0.001253162510693
1045,820,0.0012526414357125
17,548,0.0012526216451078
700,536,0.0012525630882009
960,315,0.0012524432968348
280,772,0.0012523561017587
279,11,0.0012522807810455
494,64,0.0012521961471065
960,1096,0.0012519357260316
1003,507,0.0012518345611169
1130,937,0.0012507323408499
17,1123,0.0012503920588642
290,1091,0.0012503064936026
494,573,0.001249854452908
822,214,0.0012498362921178
960,51,0.0012498111464083
1130,917,0.0012496594572439
700,733,0.001249281107448
279,790,0.0012492060195654
17,1131,0.0012489355867728
279,809,0.0012489340733736
960,332,0.001248903106898
822,683,0.0012485828483477
272,643,0.0012485213810577
279,1061,0.0012484472244977
17,972,0.001248228480108
188,311,0.0012478666612878
960,449,0.0012477640993893
974,527,0.0012475978583097
272,1091,0.0012475244002416
280,407,0.0012473947135731
280,727,0.0012470186920836
188,753,0.0012466969201341
1130,1046,0.00124665745534
1106,450,0.00124657608103
291,634,0.0012465601321309
280,1018,0.0012458256678655
188,779,0.0012456318363547
960,1067,0.0012452672235667
494,677,0.0012450127396732
188,977,0.0012447581393644
870,513,0.0012447286862879
822,383,0.0012447215849533
1130,738,0.0012445045867934
1130,954,0.0012444896856322
478,273,0.0012439646525308
267,423,0.0012439637212082
700,389,0.0012439234415069
478,114,0.0012437098193913
822,628,0.0012434332165867
478,173,0.0012425759341567
700,116,0.0012424875749275
822,1031,0.0012419983977451
17,680,0.0012419394915923
870,113,0.001241932506673
291,628,0.0012413322692736
280,906,0.0012413221411406
494,639,0.001241076271981
291,294,0.0012408217880874
1130,17,0.0012407358735799
17,149,0.0012405741726979
700,649,0.0012401804560795
279,781,0.0012401624117046
280,680,0.0012400302803143
1045,218,0.0012400206178426
291,152,0.0012398740509524
188,834,0.001239861245267
700,105,0.0012398421531543
267,825,0.0012397444806993
290,474,0.0012395657831802
478,550,0.0012394024524837
700,827,0.0012388679897412
928,436,0.0012388251489028
478,509,0.0012382979039102
291,798,0.001238225842826
291,210,0.0012381485430523
960,1037,0.001238124561496
974,96,0.0012377159437164
17,288,0.0012376328231766
870,257,0.0012375137303024
280,28,0.0012369162868708
1130,298,0.0012369116302579
1045,607,0.001236755400896
291,1104,0.0012366503942757
700,672,0.0012365594739094
494,122,0.0012361165136098
272,489,0.0012360054533928
494,24,0.0012350962497293
188,957,0.0012350358301773
280,891,0.0012340791290625
700,1060,0.0012340239482
974,702,0.0012336514191702
478,252,0.0012335184728726
974,529,0.0012334801722317
974,1026,0.0012329765595495
494,1098,0.0012327985605224
974,1059,0.0012326166033744
494,391,0.001232259790413
478,1054,0.0012321687536314
870,526,0.0012321014655753
188,504,0.0012320806272327
188,643,0.0012319621164351
291,7,0.0012317652581259
291,90,0.0012316857464611
700,401,0.0012315141502767
1003,969,0.0012308327713981
280,498,0.0012307075085118
960,977,0.0012306072749197
291,927,0.0012304119300097
291,687,0.0012302887625992
290,982,0.0012298827059566
960,673,0.0012298040091991
870,339,0.0012297605862841
267,1041,0.0012297019129619
928,733,0.0012291817693039
870,338,0.0012288672151044
494,203,0.0012282737297937
822,259,0.001228105626069
280,127,0.0012278027134016
17,57,0.0012276986381039
17,1056,0.0012275493936613
272,48,0.0012271176092326
290,46,0.001226661959663
279,732,0.0012266046833246
870,463,0.0012260897783562
700,121,0.0012260470539331
494,505,0.0012258879141882
188,198,0.0012251924490556
280,241,0.0012251071166247
188,372,0.0012246314436197
17,231,0.0012245426187291
291,150,0.0012234000023454
1045,121,0.001223336206749
280,110,0.0012230374850332
290,106,0.0012225210666656
279,316,0.0012222630903124
700,337,0.0012221882352605
700,646,0.0012219336349517
870,1092,0.0012216821778565
188,727,0.0012205677339807
1045,280,0.0012202018406242
974,267,0.0012199449120089
17,668,0.0012197495670989
1003,200,0.0012196471216157
974,1062,0.0012196009047329
960,483,0.0012191400164738
494,800,0.0012188890250399
188,537,0.0012187241809442
17,394,0.0012184458319097
822,226,0.0012183425715193
1130,173,0.0012181211495772
101,413,0.0012179227778688
280,865,0.0012167019303888
822,942,0.0012165966909378
449,578,0.0012164273066446
17,1048,0.0012161445338279
279,678,0.0012154680443927
280,682,0.0012154069263488
291,130,0.0012149445246905
279,915,0.001214713556692
700,647,0.0012146617518737
494,240,0.0012140079634264
700,611,0.0012138173915445
960,464,0.001213516225107
494,813,0.0012132892152294
478,558,0.0012129615060985
478,652,0.0012127157533541
494,496,0.001212712842971
870,350,0.0012124186614528
272,531,0.0012123682536184
280,242,0.0012119624298065
870,804,0.0012118640588596
960,1060,0.0012115369318053
960,690,0.0012112171389162
17,568,0.0012111935066059
478,586,0.0012111695250496
700,848,0.001210885006003
267,712,0.0012108528753742
1003,120,0.0012108160881325
494,990,0.0012107049115002
928,230,0.0012106881476938
700,512,0.0012105946661904
17,879,0.0012103541521355
280,84,0.0012099649757146
1130,1078,0.0012097278377041
700,410,0.0012096659047529
478,764,0.0012095931451767
101,1130,0.0012093144468963
279,830,0.0012092730030417
1106,409,0.0012088812654837
1130,526,0.0012085293419659
267,418,0.0012084352783858
17,800,0.0012084109475836
188,859,0.0012078711297363
822,934,0.0012077566934749
494,1076,0.0012077026767656
291,670,0.0012076969724148
188,636,0.0012076805578544
974,1096,0.0012074866099283
279,395,0.0012071339879184
291,290,0.0012070337543264
272,405,0.0012067130301147
1130,444,0.0012066672788932
267,856,0.0012065983610227
494,802,0.0012063630856573
279,858,0.0012060611043125
280,811,0.0012058122083544
928,278,0.001205782755278
1045,60,0.001205212320201
291,42,0.0012049429351463
822,539,0.0012042745947837
1130,841,0.0012041127774864
1130,1032,0.0012037245323881
188,145,0.0012036028783768
928,505,0.0012034609680995
478,762,0.0012032540980726
960,183,0.0012031759833917
822,343,0.0012029613135382
272,216,0.0012028403580188
280,40,0.0012028083438053
928,952,0.0012027207994833
17,162,0.0012025403557345
280,648,0.0012024866882711
188,477,0.0012021597940474
290,1036,0.0012021549046039
1003,293,0.0012018932029604
17,711,0.0012014582753181
478,432,0.0012012050719931
478,597,0.0012006527977064
494,475,0.0012005091411992
974,330,0.00120034662541
870,914,0.0012001252034679
279,510,0.0012001056456938
822,963,0.0011999937705695
700,1030,0.0011998277623206
870,729,0.0011997441761195
1130,154,0.0011994917877018
290,908,0.0011987898033112
700,883,0.0011987288016825
870,47,0.0011987104080617
974,987,0.0011986956233158
1003,562,0.0011986882891505
280,1117,0.0011985949240624
870,344,0.0011983499862253
291,745,0.0011982026044279
290,1073,0.0011980744311586
188,1024,0.0011976143578067
870,477,0.0011975964298471
974,935,0.0011975864181295
494,358,0.0011970634805038
478,695,0.0011968814069405
1130,138,0.0011962783755734
267,987,0.00119610351976
1045,211,0.0011959710391238
928,106,0.0011953676585108
280,669,0.001194990822114
279,724,0.0011948005994781
280,385,0.0011946513550356
700,799,0.001194421085529
974,822,0.0011941111879423
700,935,0.0011938081588596
290,751,0.0011937496019527
960,423,0.0011936677619814
870,737,0.0011933695059269
1130,551,0.001193099305965
17,538,0.0011930811451748
494,923,0.0011930102482438
280,35,0.0011929968604817
822,37,0.0011926242150366
291,627,0.0011926140869036
291,523,0.0011925694998353
188,24,0.0011925451690331
279,739,0.001192147959955
188,216,0.0011917301453649
700,70,0.0011916172225028
974,1030,0.0011912349145859
928,307,0.0011910878820344
478,99,0.0011907578445971
478,599,0.0011902457335963
700,365,0.0011900702957063
822,879,0.0011900514364242
290,768,0.0011899209348484
272,768,0.0011892940383404
494,319,0.0011892478214576
822,819,0.0011888552689924
960,693,0.0011888450244441
272,843,0.0011886622523888
1045,672,0.0011886450229212
1003,988,0.0011885843705385
291,99,0.0011885663261637
870,630,0.0011879045050591
1130,923,0.0011878790101036
960,1116,0.0011878783116117
960,912,0.0011878283694386
928,683,0.0011878178920596
494,502,0.0011874628253281
291,1106,0.0011870354646816
17,210,0.0011868338333442
449,896,0.0011862006504088
960,571,0.0011859275400638
494,970,0.0011858091456815
960,875,0.0011857488425448
870,398,0.001185598783195
188,706,0.0011850045993924
291,761,0.0011848269496113
267,140,0.0011848254362121
700,1029,0.0011844580294564
822,1025,0.0011842201929539
280,1063,0.0011842197272926
291,567,0.0011841945815831
494,192,0.0011840021470561
188,358,0.0011837823549285
188,1074,0.0011835861951112
960,839,0.0011835396289825
822,108,0.0011835304321721
279,95,0.0011833591852337
188,289,0.0011828393908217
928,369,0.0011827797861769
279,690,0.0011821269290521
1130,483,0.001182091073133
870,80,0.0011820542858913
478,1000,0.0011820121435448
272,1033,0.0011813703458756
494,462,0.0011809039860963
700,93,0.0011808327399194
1130,588,0.0011806769762188
1003,1002,0.0011806276161223
1130,991,0.0011803819797933
188,363,0.0011803697561845
291,433,0.0011803322704508
822,844,0.0011798625346273
494,428,0.0011797627666965
291,917,0.001179601997137
280,435,0.0011795993195846
700,898,0.0011791468132287
478,445,0.0011790640419349
279,1016,0.0011786399409174
494,323,0.0011785592650994
280,695,0.0011783032678067
267,371,0.0011782379588112
279,618,0.0011781104840338
1045,680,0.0011779299238696
1130,263,0.0011777861509472
17,12,0.0011777351610362
494,40,0.0011775512248277
870,856,0.0011772529687732
188,3,0.0011768070980906
1130,972,0.0011767919640988
960,1070,0.0011767060495913
700,1012,0.0011762034846469
960,87,0.0011761945206671
1130,733,0.0011760414345189
1130,603,0.0011755411978811
974,329,0.0011755316518247
1130,973,0.0011755116283893
291,17,0.0011753618018701
960,282,0.0011752881109714
960,1022,0.0011750682024285
822,446,0.0011746268719434
478,109,0.0011745264055207
494,402,0.0011741919443011
280,574,0.0011741505004465
280,543,0.0011740860063582
870,993,0.0011738981120288
1130,913,0.001173868891783
700,362,0.0011737991590052
188,641,0.0011737655149772
700,8,0.0011736421147361
960,256,0.0011734719155356
822,22,0.0011733972933143
272,575,0.0011732444399967
267,399,0.0011725036893039
267,965,0.0011723913485184
291,355,0.0011723085772246
1130,955,0.0011719010071828
17,238,0.0011717660818248
188,647,0.00117149122525
1130,644,0.0011712044943124
279,324,0.0011702843476086
960,134,0.0011702791089192
1045,524,0.0011700805043801
822,1104,0.0011696820147335
700,335,0.0011696014553308
870,100,0.0011695581488311
974,429,0.001168679096736
290,1130,0.0011683368356898
1130,819,0.0011680452153086
280,612,0.0011679037706926
17,821,0.0011678634909912
267,667,0.0011669534724205
494,381,0.0011669241357594
188,808,0.0011667265789583
478,850,0.0011666866485029
478,119,0.0011666462523862
494,1104,0.001166574191302
267,924,0.0011663861805573
700,174,0.0011662729084491
291,283,0.0011662498582154
960,649,0.0011661854805424
1106,1051,0.0011655915295705
870,749,0.0011654021218419
290,314,0.0011653733672574
1130,361,0.0011652570683509
700,877,0.0011650862870737
291,896,0.0011648546205833
928,942,0.0011642121244221
17,1073,0.001164021436125
870,470,0.0011639047879725
974,1114,0.0011638439027592
272,918,0.0011637485586106
188,28,0.0011632847599685
822,713,0.0011629171203821
291,763,0.0011628961656242
1045,570,0.0011628684587776
822,856,0.0011628424981608
1045,261,0.0011625230545178
870,788,0.0011624478502199
960,656,0.0011623206082731
188,472,0.001162145868875
478,86,0.0011621330631896
17,420,0.0011620054719969
279,185,0.0011613434180617
974,327,0.0011609076755121
822,843,0.0011608283966779
478,538,0.0011604868341237
291,859,0.0011600997531786
870,83,0.0011598248966038
1130,1095,0.0011597516713663
267,809,0.0011595850810408
870,657,0.0011593747185543
291,1105,0.0011590140638872
1130,78,0.0011590025387704
272,41,0.0011588090565055
267,434,0.0011585125466808
494,740,0.001158257597126
960,421,0.0011576798278838
188,425,0.0011575182434171
1130,556,0.0011563152074813
188,429,0.0011559046106413
494,1016,0.0011555003002285
280,285,0.0011549515184015
870,224,0.0011548799229785
188,448,0.0011548066977411
279,1018,0.0011547160102054
1045,1097,0.0011546616442501
960,340,0.0011545735178515
960,767,0.0011545380111783
870,1010,0.0011543463915586
17,1042,0.001154119730927
291,1079,0.0011537136742845
822,68,0.0011535231024026
279,1026,0.0011534809600561
17,632,0.0011533796787261
1045,552,0.0011531952768564
188,20,0.0011528049362823
494,9,0.0011527717579156
974,1032,0.0011527576716616
700,800,0.0011524884030222
870,265,0.0011516195954754
17,594,0.0011511847842484
280,402,0.0011511631309986
700,466,0.0011509309988468
280,66,0.0011507848976179
494,614,0.0011505170259624
870,85,0.0011488958261907
279,192,0.0011486824369058
1045,36,0.0011484062997624
870,937,0.0011483940761536
1045,96,0.0011482898844406
960,31,0.0011480101384222
279,351,0.0011479437816888
478,1026,0.0011473898775875
870,841,0.0011470720637589
280,1122,0.0011468105949461
960,512,0.001146717579104
280,734,0.0011465923162177
280,743,0.0011464817216619
267,591,0.0011457940563559
101,310,0.0011456928914412
188,961,0.0011455863714218
1106,424,0.0011454280465841
700,503,0.0011452339822426
870,867,0.0011449647136032
291,220,0.0011447155848145
870,60,0.0011439325753599
291,662,0.0011431273305788
960,753,0.0011430295417085
280,948,0.0011428499128669
870,775,0.0011422057868912
279,354,0.0011415880871936
478,1111,0.0011415107874199
974,1,0.0011409459402784
870,557,0.0011407559504732
870,848,0.0011405503610149
1045,619,0.0011404103133827
17,784,0.001140151056461
974,955,0.0011399411596357
870,1020,0.0011396987829357
494,84,0.0011395901674404
17,808,0.0011395220644772
272,561,0.0011393083259463
478,978,0.001139173284173
700,153,0.0011390811996534
291,365,0.0011387998238205
478,1065,0.0011385375401005
101,988,0.0011384858516976
494,473,0.0011382468510419
1130,305,0.0011382077354937
700,502,0.0011381396325305
494,1089,0.001138049410656
272,1125,0.0011379279894754
870,291,0.0011378510389477
928,798,0.0011378038907423
822,1026,0.0011375703616067
280,23,0.0011373544111847
291,856,0.0011371645377948
272,44,0.0011365216923877
960,921,0.0011364080710336
188,301,0.0011361900251358
17,55,0.0011353309964761
700,625,0.0011351025896146
870,406,0.0011348441476002
960,473,0.0011347744148224
291,1097,0.0011345121311023
1106,445,0.0011344827944412
290,209,0.001134431338869
279,584,0.0011342763900756
870,698,0.0011336402967572
478,559,0.0011335028102621
494,663,0.0011330667184665
494,683,0.0011327873216941
1130,187,0.0011324383085593
17,1103,0.0011319699697196
291,840,0.0011317724129185
290,389,0.0011316550662741
494,935,0.0011311867274343
974,649,0.0011311199050396
279,309,0.0011308874236419
700,818,0.001130829565227
700,197,0.001130769145675
290,727,0.0011306320084258
960,364,0.0011304628569632
291,455,0.0011304285144433
1045,736,0.0011298166355118
700,1086,0.0011289853136986
272,663,0.0011289571411907
960,532,0.0011285436339676
822,361,0.0011284840293228
449,199,0.0011281354818493
272,191,0.0011281206971034
280,103,0.0011277520097792
700,86,0.0011277169687673
478,20,0.0011277019511908
290,281,0.0011272450210526
1130,183,0.0011272192932665
1045,586,0.0011271584080532
494,228,0.0011267329100519
494,818,0.0011267252266407
870,210,0.0011264965869486
267,746,0.0011256280122324
478,1098,0.0011254480341449
17,900,0.0011247303336858
870,641,0.0011245436035096
280,1112,0.0011245266068726
290,182,0.0011233905097469
290,117,0.0011230198433622
290,898,0.0011227466166019
494,1120,0.0011221057502552
478,825,0.0011215802514925
478,362,0.0011213837424293
17,869,0.0011210134252905
870,1048,0.0011207774514332
279,429,0.0011207463685423
1106,557,0.0011207245988771
870,73,0.001120650791563
960,245,0.0011205262271687
822,130,0.001120098051615
280,1115,0.0011200743028894
974,871,0.001119919354096
17,718,0.0011196278501302
188,16,0.001119369524531
822,460,0.0011191540397703
1045,215,0.0011183549650013
291,823,0.001117859268561
478,308,0.0011176355183124
960,322,0.0011171285295858
267,15,0.001116621424444
974,1065,0.0011164979077875
290,518,0.0011163372546434
188,129,0.0011159186251461
822,926,0.0011154219973832
870,507,0.0011153026716783
870,1087,0.0011151370126754
822,907,0.0011144666932523
1045,150,0.0011142033617943
478,420,0.0011141747236251
494,404,0.0011141289724037
188,187,0.0011138279223814
101,820,0.0011130848433822
494,167,0.0011129014892503
290,539,0.0011127536417916
960,236,0.0011126272147521
188,285,0.001111886347644
291,968,0.0011117535177618
700,315,0.0011115844827145
272,525,0.0011114568915218
700,222,0.0011110587511211
700,416,0.0011106872698292
188,303,0.0011106709716841
700,1027,0.0011104833101853
272,706,0.0011103191645815
928,643,0.0011102439602836
870,132,0.0011097751557826
822,741,0.0011092036729678
700,467,0.0011088689789175
822,13,0.0011085892328992
494,679,0.0011085632722824
1106,355,0.0011078335810452
1045,7,0.0011077917879447
822,349,0.0011076928349211
870,24,0.001107259420678
280,724,0.0011068369494751
494,629,0.0011066205333918
1130,711,0.0011057307710871
700,897,0.0011055800132453
188,923,0.0011055306531488
478,0,0.0011054002679884
291,753,0.0011051659239456
494,527,0.0011051133042201
974,641,0.0011047369334846
1106,748,0.0011047227308154
279,797,0.0011041852412745
494,759,0.0011041101533919
478,202,0.0011039107339456
974,939,0.0011036390205845
1130,617,0.0011036306386813
279,345,0.0011032454203814
101,126,0.0011028773151338
267,445,0.001102673006244
17,168,0.001102439360693
960,563,0.0011024340055882
290,571,0.0011023352853953
272,546,0.0011017280630767
272,782,0.0011015490163117
960,681,0.0011014527408406
267,253,0.0011014498304575
478,1037,0.0011013121111318
188,89,0.001100555062294
272,1059,0.0011005498236045
17,534,0.0011003647232428
494,21,0.0011001245584338
280,376,0.0011000590166077
1106,117,0.0010995895136147
267,1057,0.0010995172196999
290,404,0.0010987793793901
494,877,0.0010985631961375
494,456,0.0010984254768118
870,932,0.0010982078965753
291,58,0.0010981970699504
267,199,0.0010974280303344
870,301,0.0010972386226058
700,1042,0.001097134896554
928,988,0.0010971158044412
494,903,0.0010968497954308
279,216,0.00109665596392
870,701,0.001096140127629
494,91,0.0010959861101582
1130,72,0.0010959091596305
700,306,0.0010956593323498
280,779,0.0010956018231809
1130,868,0.0010955920442938
290,217,0.0010954099707305
188,1119,0.0010944176465272
478,392,0.001094234525226
291,402,0.0010935951722785
1130,854,0.0010931538417935
700,845,0.0010930832941085
188,242,0.0010930565185844
1130,159,0.0010929170530289
280,70,0.0010928282281383
280,722,0.001092807855457
960,741,0.001092116930522
974,452,0.0010917802574113
974,499,0.0010917643085122
960,1078,0.0010916675673797
279,538,0.0010908582480624
188,1094,0.0010904528899118
700,203,0.0010902825742959
267,446,0.0010885642841458
279,352,0.0010885557858273
291,688,0.0010880946647375
272,1,0.0010875283041968
188,1117,0.0010874902363866
17,810,0.0010874567087739
280,1064,0.001086876145564
494,643,0.0010866234079003
960,766,0.0010865295771509
700,62,0.0010862165363505
17,926,0.0010860348120331
822,1045,0.0010859681060537
870,548,0.0010855270083993
494,932,0.001085503725335
928,620,0.0010852719424292
494,277,0.0010849753161892
188,878,0.0010849414393305
870,396,0.0010846899822354
974,21,0.0010841898620128
822,1012,0.0010841788025572
279,914,0.0010839083697646
870,688,0.0010836198925971
478,807,0.0010835097637027
700,333,0.0010834939312189
17,71,0.0010834169806912
267,85,0.001083014649339
870,784,0.0010829056845977
494,896,0.0010824899654835
822,185,0.0010824223281815
928,817,0.0010821610921993
870,388,0.0010820650495588
272,796,0.0010814460692927
494,999,0.0010813201079145
188,907,0.0010807127691805
700,320,0.0010803064797073
280,79,0.0010801192838698
1106,724,0.001080070156604
1045,1107,0.0010795404668897
279,644,0.0010794404661282
494,685,0.0010792928515002
188,757,0.0010792058892548
279,394,0.0010786659549921
1130,918,0.0010786395287141
290,743,0.0010784692130982
974,791,0.0010774105321615
960,195,0.001077115884982
960,652,0.0010770215885713
1130,194,0.0010767995845526
494,486,0.0010765742044895
279,834,0.0010764332255348
1106,598,0.0010762722231447
960,754,0.0010758073767647
188,1086,0.0010755929397419
870,178,0.0010753463720902
974,99,0.0010751076042652
280,587,0.0010750468354672
279,240,0.0010749429930001
870,63,0.0010747684864327
17,211,0.0010739415884017
494,788,0.001073550665751
870,360,0.0010735426330938
700,1124,0.0010729106143116
494,95,0.0010719576384872
17,1029,0.0010715997777879
291,397,0.0010715593816712
279,140,0.0010714688105508
494,81,0.0010714038508012
17,470,0.0010711100185289
290,1009,0.0010705408640205
272,111,0.0010702427243813
870,427,0.0010701838182285
280,941,0.0010701771825551
290,92,0.001070161582902
700,84,0.0010693739168345
1106,138,0.0010693125659599
494,699,0.0010692700743675
272,910,0.001069267746061
1045,97,0.001069207326509
290,287,0.0010688458569347
960,908,0.0010687157046049
960,310,0.0010686123277992
700,736,0.0010683303698897
267,616,0.0010682558640837
290,169,0.0010680934647098
960,920,0.001067996956408
494,927,0.0010679031256586
974,592,0.0010678073158487
960,976,0.0010677510872483
494,169,0.0010676759993657
272,359,0.0010674181394279
280,664,0.0010672764619812
188,740,0.0010672440985217
1106,894,0.0010670688934624
1130,781,0.0010670193005353
1130,135,0.0010669660987332
822,184,0.0010667337337508
822,217,0.001066623837687
1003,458,0.0010662622516974
17,438,0.0010661474661901
272,856,0.0010657384991645
279,1091,0.0010649970499798
280,275,0.0010647884337231
1106,154,0.0010644466383382
870,515,0.001064384705387
1045,523,0.0010639375541359
494,320,0.0010635625803843
280,581,0.0010629722382873
188,193,0.0010624979622662
478,447,0.0010621169349178
188,857,0.0010619901586323
290,522,0.001061791786924
291,1116,0.001061366754584
822,853,0.0010613119229674
494,480,0.0010612156474962
928,528,0.0010611745528876
478,775,0.0010610496392473
822,1011,0.0010609951568767
494,266,0.0010604070266708
1106,597,0.0010602646507322
494,978,0.00106010469608
17,1105,0.0010595917701721
700,182,0.0010594327468425
188,792,0.0010593766346573
1106,308,0.0010590299498289
478,630,0.001058425521478
822,1054,0.0010582051472738
960,382,0.0010578205110505
974,396,0.0010578036308288
279,171,0.001057687215507
974,385,0.0010575286578387
494,530,0.0010574904736131
291,851,0.0010574739426374
188,416,0.0010573946638032
822,111,0.001056877314113
17,334,0.0010568652069196
1130,740,0.001056709443219
870,432,0.0010566330747678
17,20,0.0010564855765551
279,1006,0.0010564776603132
1130,753,0.0010563211981207
700,91,0.0010556966299191
478,366,0.0010550918523222
279,565,0.0010550118749961
974,622,0.001054688473232
822,80,0.0010545555269345
960,403,0.0010544909164309
279,900,0.001054018153809
974,239,0.0010540081420913
290,1122,0.001053974381648
494,898,0.0010535232722759
291,735,0.0010531273437663
928,887,0.0010530205909162
279,677,0.0010527925333008
290,369,0.0010526928817853
822,613,0.0010522324591875
1003,153,0.0010521954391151
494,900,0.0010520956711843
960,847,0.0010519310599192
1130,219,0.0010515465401113
974,717,0.0010514040477573
960,771,0.001051104045473
1003,259,0.0010509957792237
960,636,0.0010502914665266
280,445,0.0010501677170395
291,951,0.0010500721400603
280,323,0.0010498947231099
188,83,0.0010495273163542
290,933,0.001048463745974
290,315,0.0010484386002644
17,753,0.0010484242811799
870,122,0.0010481153149157
974,616,0.0010474008740857
279,178,0.0010467036627233
267,624,0.0010464288061484
17,464,0.0010458750184625
267,147,0.0010454475414007
188,274,0.0010453211143612
291,491,0.0010449332185089
290,381,0.0010443967767059
1130,300,0.0010438106255605
17,130,0.0010435534641146
267,426,0.001043421565555
822,148,0.001042919117026
290,527,0.0010428323876112
279,564,0.0010424298234283
870,211,0.0010422714985907
960,1108,0.0010417405283078
494,499,0.0010415801079943
974,24,0.0010412855772301
1130,1024,0.001041235984303
1130,1038,0.0010410018730908
974,918,0.0010408004745841
1003,528,0.001040581613779
928,198,0.0010403759079053
188,634,0.0010403504129499
188,221,0.001040264731273
188,814,0.0010392292169854
272,526,0.0010392168769612
700,1018,0.0010388006921857
960,726,0.00103855447378
267,897,0.0010376670397818
291,484,0.001037621172145
280,592,0.0010369678493589
870,38,0.0010369544615969
272,433,0.0010368843795731
974,275,0.0010363993933424
494,267,0.0010360382730141
1003,1050,0.0010358806466683
272,604,0.0010358620202168
17,121,0.0010358382714912
279,785,0.0010352990357205
1130,879,0.0010352904209867
700,728,0.0010352612007409
1130,763,0.0010352320969104
291,496,0.0010347804054617
1130,890,0.0010347485076636
1045,910,0.0010341730667278
280,801,0.0010336888954043
1130,525,0.0010336375562474
478,740,0.001033452223055
700,925,0.0010326006449759
1130,381,0.0010322144953534
279,1083,0.0010321803856641
494,408,0.0010320240398868
291,300,0.0010316696716472
188,438,0.00103141204454
870,155,0.0010313144885003
1130,375,0.0010312143713235
17,618,0.0010310556972399
822,401,0.0010309319477528
17,474,0.0010303655872121
290,1069,0.001030336599797
1130,317,0.0010301754809916
494,116,0.0010296596447005
478,986,0.001029566861689
17,50,0.0010292883962392
291,71,0.001029166392982
700,789,0.0010289384517818
280,691,0.0010288461344316
1045,1030,0.001028774655424
291,774,0.0010286614997312
280,1051,0.0010285901371389
700,248,0.0010282295988872
290,1067,0.0010281889699399
870,780,0.0010278202826157
279,35,0.0010275715030729
280,345,0.001027236925438
291,641,0.0010268943151459
960,756,0.0010264243464916
1003,892,0.0010263044387102
1045,606,0.0010253832442685
188,818,0.0010246373713016
1130,713,0.0010245536686852
267,202,0.0010245451703667
280,662,0.0010244813747704
478,46,0.001024309080094
17,10,0.0010242766002193
1130,790,0.0010242033749818
960,819,0.0010241285199299
1045,1117,0.0010237792739644
700,741,0.0010234852088615
494,71,0.0010234080255031
960,998,0.0010231853229925
478,1072,0.0010231353808194
960,334,0.0010217421222478
272,787,0.0010214865906164
280,69,0.0010213042842224
272,130,0.001021001022309
1003,605,0.0010208012536168
822,685,0.0010205416474491
1130,41,0.0010204305872321
822,977,0.0010204236023128
822,762,0.0010203002020716
700,322,0.0010198176605626
280,436,0.0010198099771514
960,832,0.0010196988005191
279,932,0.001019169576466
870,927,0.0010188115993514
870,316,0.0010182928526774
188,244,0.001018286217004
280,877,0.0010180757381021
17,204,0.0010173293994739
267,539,0.0010164055274799
188,278,0.0010163149563595
1130,73,0.0010162804974243
974,673,0.0010160799138247
1130,1057,0.0010158466175198
960,850,0.0010157903889194
960,918,0.0010155090130865
279,843,0.0010153532493859
700,1036,0.0010152191389352
188,269,0.0010150709422305
272,829,0.0010147935245186
291,1039,0.001014545909129
188,74,0.0010142710525542
960,748,0.0010142592946067
870,183,0.0010138993384316
279,269,0.0010138674406334
280,869,0.0010135148186236
928,864,0.0010133142350241
928,1025,0.0010131348390132
272,871,0.0010131018934771
870,560,0.0010129914153367
960,1016,0.0010129889706149
1106,146,0.0010119044454768
280,1041,0.0010112831369042
188,277,0.0010111635783687
291,919,0.0010111546143889
291,760,0.0010101947700604
822,997,0.0010099146747961
700,868,0.0010098288767039
267,91,0.0010096034966409
960,448,0.0010090301511809
494,378,0.0010082413209602
960,77,0.0010080868378281
974,284,0.0010080710053443
101,264,0.0010079011553898
291,738,0.0010078526102006
870,717,0.0010078189661726
494,607,0.0010078102350234
290,367,0.0010076147736981
494,632,0.0010075924219563
960,585,0.0010075431782752
1045,159,0.0010075042955577
960,50,0.0010075004538521
1106,1103,0.001007261686027
1045,182,0.0010069635463878
1130,349,0.0010065641254186
449,515,0.0010065319947898
272,342,0.0010064399102702
974,128,0.0010061942739412
267,615,0.0010061474749818
960,60,0.0010060828644782
960,549,0.0010058403713628
494,201,0.0010058312909677
17,79,0.0010055862367153
960,772,0.001005201251246
280,658,0.0010049061384052
267,293,0.0010045481612905
494,559,0.0010041645728051
267,998,0.0010041638743132
494,666,0.0010039927437901
188,638,0.0010039643384516
974,249,0.0010035528102889
870,568,0.0010032984428107
280,649,0.0010031013516709
494,257,0.0010030609555542
1045,628,0.0010027872631326
291,1019,0.0010018113534897
188,61,0.0010014125145971
1003,189,0.0010005618678405
1130,371,0.0010003389324992
290,431,0.0009999924805015
188,666,0.0009997407905757
960,997,0.0009996477747336
1045,23,0.0009995836298912
1130,238,0.0009994752472266
280,926,0.0009992795530706
17,1109,0.000999181298539
290,794,0.0009990918915718
280,87,0.00099808559753
17,576,0.0009977261070162
291,265,0.000997383496724
960,214,0.0009971573017537
870,491,0.0009969766251742
291,664,0.0009968404192477
291,285,0.0009966590441763
1003,79,0.0009964221389964
928,612,0.0009961262112483
478,927,0.0009956866269931
272,536,0.0009956680005416
700,266,0.0009955659043043
267,198,0.0009953203843906
974,952,0.0009952082764357
700,231,0.0009951181709766
974,1097,0.0009946259669959
17,157,0.0009944830089807
1130,210,0.0009939350420609
280,171,0.0009935570415109
17,283,0.0009932178072631
870,889,0.0009930109372362
279,104,0.000992874498479
974,88,0.0009928114013746
822,470,0.000992799992673
960,127,0.0009927558712661
494,737,0.0009926720522344
974,792,0.000992662156932
17,956,0.0009926175698637
478,1006,0.0009921356104314
280,541,0.0009921304881572
1130,976,0.0009921132586896
478,495,0.0009920719312503
449,603,0.0009917704155668
1130,473,0.0009915339760482
494,775,0.0009913438698276
870,457,0.0009912999812513
494,104,0.0009910062653943
870,169,0.0009909546934068
101,606,0.0009907577186822
494,57,0.0009906282648444
267,22,0.0009906039340421
1045,452,0.00099050370045
974,1073,0.0009898508433252
1130,808,0.0009897850686684
700,135,0.0009897780837491
188,1016,0.0009893741225823
700,68,0.0009889116045087
870,103,0.0009889112552627
280,361,0.0009886294137686
279,525,0.0009881719015538
478,817,0.0009881235891953
1003,850,0.0009880807483568
478,691,0.0009879500139504
870,247,0.000987317180261
928,518,0.0009868612978607
494,340,0.0009865857427939
822,28,0.0009865059982985
478,746,0.0009862892329692
960,372,0.0009862820152193
17,404,0.0009859671117737
101,690,0.0009859530255198
494,6,0.0009859083220362
870,987,0.0009851861977949
494,1131,0.0009844659361988
279,987,0.000984123093076
478,1061,0.0009840856073424
870,474,0.0009839725680649
1130,1112,0.00098395452369
870,799,0.0009838455589488
1130,1091,0.0009837500983849
188,143,0.0009834441589191
494,231,0.0009833957301452
272,330,0.0009831277420744
291,835,0.0009823103900998
1106,221,0.0009822987485677
870,134,0.0009822661522775
960,683,0.0009818237740546
290,511,0.0009818088728934
960,535,0.0009814280783757
928,313,0.0009812411153689
928,250,0.0009811014169827
1130,543,0.0009810972260311
291,588,0.0009809967596083
870,303,0.0009809327311813
1045,791,0.0009808660252019
494,390,0.0009807670721784
870,995,0.0009807635797187
494,609,0.0009805459994822
272,170,0.0009802444837987
974,620,0.0009801285341382
494,648,0.0009797972161322
494,761,0.0009797285310924
188,675,0.0009794901125133
974,448,0.0009793256176635
928,64,0.0009792823111638
974,47,0.0009791885968297
272,556,0.0009782752022147
280,902,0.000977394869551
290,528,0.0009769422467797
291,472,0.0009767127921804
478,770,0.0009765072609297
291,125,0.0009764679707586
974,618,0.0009754681377671
700,682,0.0009753802441991
290,194,0.000975287577603
101,453,0.0009752611513249
700,887,0.0009746276191435
822,536,0.0009746046853251
928,1092,0.0009745932766236
1045,645,0.000974447815679
870,332,0.0009743670234456
700,867,0.0009734803461469
290,230,0.0009734384366311
822,709,0.0009729579905979
700,792,0.0009728093864396
1003,834,0.000972535170149
494,713,0.0009722827235236
974,1042,0.0009719309746287
280,1068,0.0009718491928651
290,864,0.0009716887725517
974,70,0.0009714296320453
280,368,0.0009713458130136
960,640,0.0009708899306133
960,632,0.0009707900462672
290,337,0.0009703307296149
188,205,0.0009699145448394
279,701,0.0009696481283754
494,101,0.0009693201282061
700,181,0.0009690963197499
478,16,0.0009688987047411
1130,794,0.0009686185512691
478,411,0.000968356267549
291,482,0.000967706204392
1045,313,0.0009675354813225
291,335,0.0009674532338976
960,158,0.0009673833264969
280,522,0.0009673214517533
494,742,0.000967064697761
822,147,0.0009670091676525
1045,35,0.0009666692931205
494,792,0.0009666049736551
960,68,0.0009658831986598
280,1109,0.0009656620095483
1130,1085,0.0009655423345975
1106,377,0.0009655246976763
280,291,0.0009651327272877
1130,569,0.0009646008256822
279,1089,0.0009645886020734
494,328,0.0009644514648243
291,209,0.0009640224743634
188,1017,0.0009638191550038
291,44,0.0009635118185542
1045,370,0.0009632288711145
870,663,0.0009631503489799
478,675,0.0009630945278331
279,922,0.0009627713006921
478,1099,0.0009624763624742
974,684,0.0009621161734685
272,265,0.0009618022013455
291,326,0.0009616093593649
290,414,0.0009614591253921
280,337,0.0009613403817638
700,264,0.000960910692811
478,716,0.0009608744294382
700,235,0.000960532692261
280,416,0.0009597207535989
17,789,0.0009595002629794
870,864,0.0009593123686499
267,863,0.0009591375710442
188,21,0.0009590560803189
290,519,0.0009590449626557
870,678,0.0009586939704604
974,261,0.0009586063097231
478,751,0.0009585754596628
870,565,0.0009580117766745
1106,744,0.0009579156758263
822,191,0.0009577184100635
974,277,0.0009575613075867
700,386,0.0009575387812219
1130,804,0.0009573043207637
700,653,0.0009572480921633
960,645,0.00095715286443
494,1022,0.0009567525121383
279,1045,0.0009564827778376
17,634,0.0009563996572978
291,1046,0.000956175266765
974,976,0.0009559604222886
17,344,0.0009557770681567
494,230,0.0009556354489177
974,727,0.0009555564611218
267,201,0.0009554294520057
700,713,0.0009548772941343
1130,979,0.0009545210050418
279,370,0.0009544553468003
960,720,0.0009544325293973
1130,966,0.0009544129134155
494,19,0.0009543427149765
974,20,0.0009542630286887
279,445,0.0009542463812977
494,585,0.0009538729791529
974,639,0.0009537517908029
279,561,0.0009527711081318
974,359,0.0009523549233563
17,941,0.000951393507421
960,1032,0.0009513405966572
291,1052,0.000950671674218
494,777,0.0009506695787422
700,22,0.0009503386681899
478,798,0.0009502879693172
291,873,0.0009502106695435
290,72,0.000950155837927
960,53,0.0009501200984232
1106,265,0.0009498539729975
272,324,0.0009497380815446
1045,622,0.0009492114186286
960,267,0.0009491079836152
960,708,0.0009488494251854
700,1045,0.0009487971547059
870,834,0.0009486157214269
188,659,0.0009485207265242
1003,341,0.0009482062305323
272,1078,0.0009481139713898
188,350,0.0009479539585299
280,470,0.000947484455537
974,441,0.0009473918471485
870,767,0.0009473872487433
478,565,0.0009473004611209
267,516,0.0009472263627685
478,1093,0.000947106454987
494,18,0.0009468689095228
1003,566,0.0009467396885156
822,176,0.0009467283380217
280,575,0.0009466756600886
290,1100,0.0009464249014854
974,216,0.0009463396272622
280,987,0.0009461363079026
822,368,0.0009460918372496
279,18,0.0009458533604629
17,940,0.0009454017854295
494,1093,0.0009451363584958
822,484,0.0009447805350646
290,231,0.0009445379255339
822,795,0.0009443031740374
494,770,0.0009442797745577
700,663,0.0009439091081731
960,1004,0.0009438815759494
928,301,0.0009435853571631
291,560,0.0009433118393644
494,955,0.0009432744700461
960,629,0.0009429172496311
291,592,0.0009425258613191
870,806,0.0009420080459676
1045,656,0.0009418303961865
974,460,0.0009416534448973
870,757,0.0009416046086698
494,1044,0.0009415287640877
272,213,0.0009408897603861
494,693,0.0009408092009834
17,845,0.0009407650213688
870,49,0.0009407087927684
449,88,0.000940543715842
280,944,0.0009403235744684
822,554,0.000940213445574
960,744,0.0009399082628078
960,923,0.0009392739157192
267,629,0.000939167861361
494,25,0.0009389913757331
280,181,0.0009384950972162
1106,508,0.0009384234435856
1130,195,0.0009383836877532
1045,252,0.0009382361313328
974,294,0.0009377651731483
974,508,0.000937552889809
188,432,0.0009374697692692
279,961,0.0009372800122946
478,231,0.0009368273895233
17,643,0.0009365894366055
1130,536,0.0009361449629068
870,184,0.0009361414704471
494,379,0.0009359286050312
822,500,0.0009358871029689
700,1123,0.0009358501411043
478,595,0.0009356485097669
290,662,0.0009355474030598
870,382,0.0009351508924737
1130,892,0.0009347298764623
700,658,0.0009346974547952
279,1101,0.0009344239369966
188,44,0.0009343298734165
974,586,0.0009338277159258
494,1006,0.0009334775968454
17,646,0.0009333868511021
1130,751,0.0009333525667898
188,796,0.0009333465714007
290,419,0.0009331642650067
291,388,0.0009331502369605
974,1010,0.0009328027954325
1106,52,0.0009326891158707
960,593,0.0009324424318037
700,400,0.0009323671110905
188,680,0.0009321284014731
494,882,0.0009319887030869
188,646,0.0009319121018052
822,309,0.0009317997610196
272,650,0.0009314847993664
291,814,0.0009314135531894
700,429,0.0009310233872383
974,687,0.0009310192544944
870,753,0.0009309463785029
974,1077,0.0009306934080086
494,557,0.0009306778665632
478,628,0.000930621929001
188,783,0.0009300173842348
870,270,0.0009298553341068
1003,387,0.0009294853080064
17,773,0.0009292521281167
279,1125,0.0009291370515711
960,738,0.0009290691814385
188,418,0.0009283586405217
928,507,0.0009282585233449
1130,829,0.0009282117825932
494,467,0.0009281664388254
478,25,0.0009281058446504
291,1020,0.000927532382775
870,564,0.0009271117160096
449,49,0.0009257805650122
1045,676,0.0009257178171537
279,587,0.0009251312585547
870,871,0.0009250256698578
272,727,0.0009246889967471
449,1018,0.0009240848012268
272,398,0.0009239885839633
188,382,0.0009238758357241
1045,392,0.0009238522616215
17,310,0.0009238310158252
290,377,0.0009238113416358
478,500,0.000923552957829
822,69,0.0009227697737514
280,955,0.0009224963723681
960,951,0.0009219005005434
974,119,0.0009218011400662
822,250,0.0009216768085025
960,948,0.0009210567222908
280,306,0.0009210112621076
290,1025,0.0009208776173181
1045,774,0.0009202635264955
17,212,0.0009201303473673
870,133,0.0009191868593916
960,984,0.0009190830169245
280,661,0.0009186438401229
272,672,0.0009185537928715
1106,168,0.0009184842929244
188,717,0.0009183436050079
960,419,0.0009182872599922
280,705,0.0009171920828521
974,340,0.0009163014474324
960,142,0.0009160541230812
1045,730,0.0009158768807537
974,412,0.0009158703614957
494,633,0.0009155741427093
279,50,0.0009155466104857
280,980,0.0009154527215287
974,661,0.0009141353075392
700,421,0.0009141136542893
478,331,0.0009138260502368
960,935,0.0009134403080679
1130,482,0.0009132717968896
870,838,0.0009132096311077
974,407,0.000913105031941
280,473,0.0009124753996729
928,105,0.0009120248723775
870,246,0.0009118390153162
822,1084,0.0009117010049521
870,244,0.0009116020519286
700,1004,0.0009113522828556
960,1119,0.000910896807909
291,940,0.0009104530909098
494,931,0.0009099839953705
700,134,0.0009099075105041
870,636,0.0009095740970224
1130,400,0.0009079277515411
870,430,0.000907753361389
1106,833,0.000907490379177
700,1107,0.0009073678520508
822,0,0.0009070847881957
928,654,0.0009070647065527
870,245,0.000906677043531
974,749,0.0009065209305845
700,177,0.0009065031190402
279,188,0.0009060123702511
290,498,0.0009057762799784
1130,561,0.0009057454299181
1106,24,0.0009045721380971
272,602,0.0009044822654686
960,125,0.000904110725969
1130,207,0.0009031862718984
870,1063,0.0009030007058754
188,934,0.0009028009953908
822,975,0.0009024470928125
291,425,0.0009021990699693
279,802,0.000901905063074
188,1054,0.0009014364914037
280,2,0.0009009670466184
291,1108,0.0009008549386635
494,238,0.000900755287148
478,587,0.0009005363681353
1003,456,0.0009005120955407
494,83,0.0008999450365081
1106,293,0.000899939390365
960,355,0.0008999370620585
290,942,0.0008999108686111
960,79,0.0008989258203655
700,1091,0.0008989193011075
870,234,0.0008988995105028
478,182,0.0008986527100205
960,199,0.0008980069542303
870,948,0.0008977571851573
960,556,0.0008971772622317
267,5,0.0008969567716121
291,160,0.0008960932609625
291,427,0.000896023819223
478,197,0.0008954260265454
870,901,0.0008949672337621
1045,272,0.0008947438909672
478,425,0.0008936730446293
700,229,0.0008932513883337
188,330,0.000893197255209
279,422,0.0008924801950342
494,635,0.000892388401553
478,1084,0.0008921314729377
17,278,0.0008920733816921
1003,1109,0.0008914382779039
478,541,0.0008906724397093
870,404,0.0008903525304049
494,783,0.0008901473484002
478,502,0.0008900350076146
870,672,0.0008896852959878
272,703,0.0008882555994205
870,647,0.0008881752728484
272,1112,0.0008879646775312
700,742,0.00088743068045
267,1088,0.000887103669811
17,197,0.0008870529127307
494,469,0.0008870384772308
974,98,0.0008869938319548
267,816,0.0008868872537277
279,647,0.000886388530489
291,1088,0.0008861936512403
870,19,0.0008860008092597
870,144,0.0008857319480739
822,498,0.0008843034738674
700,721,0.0008827973506413
870,472,0.0008824660326354
960,612,0.0008823085227049
974,651,0.0008822503732517
870,505,0.0008822325034998
17,590,0.0008817193447612
928,376,0.0008816149784252
960,963,0.0008811590960249
494,988,0.0008810526924207
478,982,0.0008803085656836
17,373,0.0008802589727565
188,962,0.0008801357471384
700,377,0.00088004139252
960,474,0.0008797159534879
700,397,0.0008793940069153
188,851,0.0008791065774857
291,466,0.0008785746176727
291,54,0.0008784534293226
1045,330,0.0008781435899436
267,939,0.0008779185009188
1130,782,0.0008778311312198
870,851,0.0008772839792072
960,618,0.0008767343824729
291,197,0.0008762521320022
960,156,0.0008761482313275
291,185,0.0008760336204431
960,613,0.0008759636548347
974,953,0.0008758637704886
700,773,0.0008756868774071
272,70,0.0008755507296882
870,467,0.0008753892616368
290,607,0.0008752044523134
478,179,0.0008747280226089
960,804,0.0008746210369281
478,260,0.0008740201592445
1130,674,0.0008733380818739
478,162,0.0008730114204809
822,999,0.0008729690453037
188,1095,0.0008723778882995
291,887,0.0008721777703613
267,280,0.0008720383630134
291,929,0.0008719298639334
280,504,0.0008718898170627
290,41,0.000871795695275
272,1067,0.0008717831806279
291,423,0.0008716495940461
960,275,0.0008715341682545
267,1025,0.0008712980779819
101,3,0.0008711631526239
700,65,0.0008711324771866
17,498,0.0008709905087016
974,451,0.0008707899251021
974,1005,0.0008697556331753
960,1100,0.0008695010328665
478,384,0.0008692676783539
291,762,0.0008692556293681
188,1037,0.0008692422416061
291,215,0.0008690563263371
188,558,0.0008689637761563
188,388,0.0008687046938575
1130,528,0.000868362491019
870,435,0.0008681208710186
279,444,0.0008678602753207
188,1062,0.0008673045085743
494,113,0.0008672377443872
1045,438,0.00086662202375
870,42,0.000866575690452
279,929,0.0008664919878356
1045,843,0.0008663947228342
1106,518,0.0008663910557515
280,269,0.000866228248924
960,736,0.0008660448365844
272,300,0.0008660123567096
478,224,0.0008655759738758
928,404,0.0008653815020807
960,259,0.0008652748656459
291,810,0.0008646366186439
974,676,0.0008645002963021
17,966,0.0008643750334158
188,756,0.0008642461034469
974,60,0.0008642264874652
188,453,0.0008641767199151
17,729,0.0008641009335406
974,367,0.0008635891717858
272,200,0.0008635563426651
960,335,0.0008629608200863
960,727,0.0008628655341453
478,90,0.0008627173374406
290,137,0.0008623464382253
1106,749,0.0008619613363407
17,794,0.0008613757672719
188,428,0.0008607596391811
1045,15,0.0008603759924881
17,927,0.0008603477617725
188,250,0.0008601841982454
494,22,0.000860153697431
1106,66,0.0008598992135375
272,474,0.000859594263602
822,893,0.0008594285463914
17,303,0.0008586350013501
494,264,0.0008580732974223
267,90,0.0008569430792704
188,214,0.0008567580371163
279,331,0.0008566839969716
280,881,0.0008565854514017
960,596,0.0008564998861402
960,255,0.0008562553557567
960,313,0.0008561156573705
494,302,0.0008559669950045
188,865,0.0008558630361221
974,226,0.0008556763059459
17,138,0.0008550806087441
478,514,0.0008549544145353
291,608,0.0008549153571948
494,410,0.0008540953276678
700,434,0.0008534200023859
101,24,0.0008530065533705
870,112,0.0008529519545845
1130,80,0.0008521731942892
974,733,0.0008518790709786
291,584,0.0008517770911566
280,995,0.0008516605012118
17,1012,0.0008514589280821
494,1072,0.0008512780768796
280,765,0.0008511643973179
188,523,0.000851068238262
928,51,0.0008509698091074
280,288,0.000850866548717
1003,168,0.0008506528101861
494,398,0.0008506146259605
1130,816,0.0008500245166942
494,515,0.000849969452247
478,563,0.0008498032111674
870,700,0.0008490702603012
267,316,0.0008488969760946
974,601,0.0008485720027238
291,575,0.0008484043646603
280,594,0.0008483562851324
870,666,0.0008483430719934
291,1066,0.000847716233693
700,243,0.0008474616333842
960,579,0.0008470935281366
870,177,0.0008469492895528
280,154,0.0008468834566883
188,541,0.000846758368425
974,1038,0.0008457966614514
279,593,0.0008457713993266
494,1015,0.0008454977651126
928,808,0.0008449726738035
494,461,0.0008447579457424
928,37,0.0008446356514468
960,140,0.0008443322149105
974,1067,0.0008440449601039
822,605,0.0008438322693109
700,149,0.0008433347684331
1003,192,0.0008432595059275
188,12,0.0008432525210082
700,369,0.0008429680019617
928,996,0.0008428544970229
279,1112,0.0008420647936873
1130,271,0.0008416886557824
960,639,0.0008408445864915
870,9,0.000840040273033
1130,168,0.000839821586851
291,629,0.000839726824779
870,304,0.0008394172764383
870,340,0.0008391586015932
870,336,0.0008391109877265
960,191,0.0008390794391743
272,392,0.0008389034774154
960,24,0.0008384926477447
960,146,0.0008381259976886
280,1108,0.000837963016238
188,612,0.0008378069032914
279,1073,0.0008376480545848
267,438,0.0008375238394364
700,992,0.0008373401942662
291,1084,0.0008373102755285
870,415,0.0008370038704015
494,1064,0.0008359319763258
974,112,0.0008349932613782
960,285,0.000834840000607
700,180,0.0008345854585058
974,104,0.0008344251546077
974,751,0.0008343964000232
188,80,0.0008341873181052
478,771,0.0008335065213032
291,1054,0.0008333347504958
960,797,0.0008331944118253
478,230,0.0008330529672093
494,868,0.000832887890283
188,1129,0.0008327186806127
494,1090,0.0008327129180543
478,339,0.0008325054659508
960,154,0.0008321639033965
290,84,0.0008321172790601
974,75,0.0008320934139192
272,879,0.0008315775776281
974,0,0.0008314633741974
700,423,0.0008309524855576
279,378,0.0008308237884193
700,1102,0.0008307496318593
1130,694,0.000830496137496
1106,312,0.0008298482280224
279,64,0.0008293413557112
700,258,0.000829049211461
494,463,0.0008288944372907
478,591,0.0008287180098704
974,847,0.0008284197538159
822,421,0.0008283538045361
272,666,0.0008279408793896
822,313,0.0008271429687738
494,1060,0.0008266202639788
974,741,0.000826277246233
494,94,0.0008259963942691
870,1097,0.0008259190944954
17,901,0.0008258601883426
478,356,0.0008256813162006
960,565,0.0008252659463323
960,1052,0.0008239530143328
1130,403,0.0008238302543759
494,734,0.0008234404958784
494,796,0.0008231990505009
494,727,0.0008231157553382
494,946,0.0008230693056248
960,97,0.0008229006780311
974,896,0.0008226144709624
822,135,0.0008225641795434
870,596,0.0008224630728363
960,562,0.0008217753493227
870,779,0.0008217190043069
478,755,0.0008217006688937
870,558,0.0008209503139369
272,106,0.0008199379662983
960,408,0.0008197149727493
870,919,0.0008194341789931
1045,396,0.000819029577542
822,422,0.0008185350452549
700,77,0.0008181275334209
960,760,0.0008178589050658
870,460,0.0008175266557373
960,887,0.0008171054651029
870,1099,0.0008166616316884
974,628,0.0008161342702805
17,472,0.0008156934636645
290,663,0.0008156532421708
290,1013,0.0008154002134688
267,135,0.0008151630754582
700,634,0.0008151126094162
494,318,0.000814793864265
449,451,0.0008146038162522
279,228,0.0008145492174662
700,484,0.0008144793682731
280,533,0.0008142861188389
1003,4,0.0008137208642438
188,8,0.0008135752286761
494,669,0.0008135086391121
17,851,0.0008131776703521
1106,404,0.0008131429785862
870,124,0.0008129173074848
1130,148,0.0008128021145239
478,834,0.0008126266766339
960,980,0.000812612241134
449,646,0.0008122562430799
494,426,0.0008121306891553
494,595,0.0008120695711113
494,185,0.0008119321428239
291,440,0.0008118373225443
870,1008,0.0008117044344544
291,1113,0.000811702106148
279,1102,0.0008108628680929
928,480,0.0008108175243251
188,767,0.0008107913890853
1130,241,0.0008105620509013
974,235,0.0008103134459815
272,678,0.0008101848070509
290,627,0.0008097503450699
822,929,0.0008093036012724
1003,616,0.0008089694310911
272,399,0.0008088268223218
1130,1128,0.0008082415442913
280,1073,0.00080806290498
960,931,0.0008078035898506
267,1128,0.0008077565580606
17,179,0.0008076769299805
291,257,0.0008073829230852
1130,55,0.0008068621973507
101,462,0.0008064849535003
870,846,0.0008061450789682
279,859,0.0008060638210736
494,646,0.000805040996056
188,401,0.0008048950112424
870,915,0.0008046519360505
272,766,0.0008046042057685
870,959,0.0008044300484471
188,963,0.0008041037363
974,193,0.0008038077503442
822,638,0.0008033214253373
870,824,0.0008032841142266
1130,191,0.0008030376629903
960,345,0.0008029050659388
494,1065,0.0008027622243389
494,248,0.0008020211826078
1130,822,0.0008018243242986
1003,914,0.000801260524895
494,86,0.000801105168648
272,621,0.0008007023716345
974,1112,0.0008002207614481
17,45,0.0008001334499567
290,87,0.0007998560904525
280,196,0.0007989050354808
1130,197,0.0007988857105374
870,68,0.0007987327990122
700,695,0.0007986281416378
494,321,0.0007981316302902
188,742,0.0007979283691383
960,40,0.0007978028152137
494,1112,0.0007976446067914
188,27,0.0007969358121044
1130,202,0.0007967682904563
494,617,0.0007966532139107
960,1057,0.0007959159556776
974,118,0.0007955770124681
267,977,0.0007955621695145
267,250,0.0007947994163259
291,449,0.0007947123376652
267,286,0.000794575724285
291,445,0.0007944363751448
974,646,0.0007937488262541
280,590,0.0007933690212666
870,910,0.0007930658757686
188,550,0.0007928688428364
267,498,0.0007928424165584
974,61,0.0007926415419206
291,922,0.0007924355450086
272,628,0.0007924354285933
974,944,0.0007920354837551
280,118,0.0007918972405605
267,254,0.0007918624323792
974,147,0.0007910711574368
700,1054,0.000790896534454
870,300,0.0007908538100309
960,945,0.0007904561352916
279,332,0.000790451769717
478,532,0.0007902585784904
279,461,0.0007898496696725
17,190,0.000789737154264
188,1073,0.0007896961760707
279,399,0.0007896035094745
960,789,0.0007891192217357
280,73,0.0007888036780059
272,315,0.0007886750390753
478,1038,0.0007884479127824
17,570,0.0007876779418438
700,1115,0.0007875635055825
1130,1084,0.0007874521543271
188,73,0.0007872922578826
17,160,0.000787203607615
279,452,0.0007869825349189
291,386,0.0007868308457545
870,43,0.0007867153617553
291,818,0.0007866739179007
974,657,0.0007864362560212
494,483,0.0007863459759391
700,233,0.0007862775237299
279,362,0.0007862232159823
960,401,0.0007857092423364
290,378,0.0007856598822399
1045,620,0.0007847103406675
291,782,0.0007846427033655
700,544,0.0007842267514206
290,984,0.0007838331512175
279,138,0.0007831174298189
267,527,0.0007828618981875
280,293,0.0007824090425856
494,1123,0.0007816292345523
1003,868,0.0007815809804014
290,109,0.0007815359276719
291,175,0.0007814693381078
478,592,0.0007808576337993
870,7,0.0007808490190654
700,584,0.0007807509973645
870,534,0.0007803460466675
700,469,0.0007803072221577
188,882,0.00078020314686
960,675,0.0007800433086231
478,54,0.0007794821285642
700,1044,0.000779440626502
494,207,0.000779329217039
478,761,0.0007785113411955
928,261,0.0007783686742186
279,100,0.0007782740867696
279,847,0.0007779558654874
1130,667,0.0007776996353641
1130,993,0.0007776794373057
280,939,0.0007775699486956
700,109,0.0007772911922074
960,1097,0.0007771656382828
1130,499,0.0007769577787257
280,431,0.0007767242495901
870,681,0.0007767166825942
280,602,0.0007765759946778
188,555,0.0007765603950247
822,220,0.0007764010224491
188,218,0.0007761602755635
280,78,0.0007759897271171
494,572,0.0007759177242405
1106,752,0.000775670283474
1130,503,0.0007752878591418
1130,198,0.0007752498495392
17,626,0.0007750870427116
280,520,0.0007750400109216
960,715,0.0007750366930849
960,1002,0.0007747279596515
960,520,0.0007746989140287
1003,450,0.0007745453622192
928,550,0.0007743915193714
17,166,0.0007738363347016
280,353,0.0007737193955108
928,351,0.0007736293482594
272,749,0.0007735813851468
290,379,0.0007719202549196
279,90,0.0007717027328908
960,151,0.0007716580876149
272,240,0.0007715485990047
279,305,0.0007706737960688
700,560,0.0007706340402364
1045,38,0.0007706171018071
291,153,0.0007703152368776
1130,823,0.0007701081340201
188,549,0.0007698449189774
272,212,0.0007693211082369
960,671,0.0007691340288147
17,446,0.0007690473576076
960,555,0.0007688265759497
700,98,0.0007682681898586
974,484,0.000768108468037
494,5,0.0007677269168198
700,747,0.0007669560727663
291,764,0.0007668901234865
494,966,0.000766338140238
1130,548,0.0007661147974431
279,524,0.0007660837145522
822,418,0.0007659749826416
870,1034,0.0007658686954528
822,850,0.0007654422661289
700,734,0.0007649532053619
870,555,0.0007649234612472
280,733,0.0007647761376574
272,171,0.0007647180464118
974,479,0.0007644291617907
290,506,0.0007644086726941
494,641,0.0007643102435395
279,472,0.0007640803232789
974,694,0.0007635671063326
1003,516,0.0007635572110302
272,647,0.0007633983041159
974,1069,0.0007633009809069
272,789,0.0007627447484992
280,217,0.0007622461998835
700,917,0.0007622361881658
870,1072,0.0007619032403454
188,978,0.0007618289091624
478,65,0.0007615293143317
279,889,0.0007614858914166
1045,1126,0.0007611843757331
279,17,0.0007610861794091
494,1061,0.0007604636484757
272,355,0.000760426511988
17,950,0.0007602140540257
1130,434,0.0007600710960105
870,520,0.0007599558448418
188,352,0.0007597749936394
279,52,0.0007595671922899
291,116,0.0007595355273224
960,45,0.0007595312781631
279,1042,0.0007594769122079
280,364,0.0007585941348224
291,898,0.0007577703800052
974,303,0.0007574642659164
291,1126,0.0007568359724245
291,299,0.0007566250860691
960,848,0.0007565144915133
280,565,0.0007562710670754
279,818,0.0007554109324701
974,636,0.0007550458540208
17,400,0.0007540612132288
267,128,0.0007536010234616
188,113,0.0007533362368121
974,123,0.0007531976443715
494,624,0.000752845488023
280,761,0.0007525220862589
188,142,0.0007522334926761
1130,926,0.0007520977524109
279,872,0.000751547049731
188,161,0.0007513572345487
700,1006,0.0007512855809181
267,1005,0.00075108098099
700,166,0.000750929757487
974,680,0.0007506236433982
272,866,0.0007506168913096
1130,897,0.000750524632167
280,792,0.0007505218381993
870,885,0.0007502121152356
280,837,0.0007500373758375
974,775,0.0007499117054976
449,474,0.0007494011661037
17,1039,0.0007490788120776
960,647,0.0007490252610296
279,906,0.0007484095403924
974,287,0.0007483920780941
960,638,0.0007476485334336
700,959,0.0007474080193787
1045,1058,0.0007474007434211
974,915,0.000747320591472
870,473,0.0007471489952877
291,237,0.0007466721581295
279,523,0.000746528035961
960,297,0.0007463637157343
272,794,0.0007463329238817
1106,1019,0.0007462416542693
290,566,0.0007461878703907
1130,240,0.0007457954343408
272,193,0.0007457926985807
280,832,0.0007456212188117
960,72,0.0007452478166669
928,1078,0.0007449440890923
494,835,0.0007444753427989
17,43,0.000744350021705
188,1019,0.0007441546185873
974,1024,0.0007441026973538
494,954,0.0007439939072355
960,707,0.0007436407031491
974,699,0.0007435653824359
494,1077,0.0007435103179886
974,42,0.0007429833058267
494,782,0.0007417463348247
494,128,0.0007411172846332
494,459,0.000740383809898
974,46,0.0007399289752356
870,8,0.0007398971356451
17,108,0.0007398631423711
1130,484,0.0007392106926999
279,409,0.0007392015540972
1130,388,0.0007388228550553
870,1095,0.0007385745993815
960,1000,0.0007384638884104
267,751,0.0007383775664493
960,655,0.0007380557944998
494,511,0.0007380266906693
280,770,0.0007375298300758
870,974,0.0007373279077
974,957,0.0007368564838543
960,1011,0.0007366992649622
870,328,0.000736538786441
279,607,0.0007363730110228
280,178,0.0007359322044067
17,32,0.000735858338885
960,336,0.0007353356922976
17,801,0.0007353328983299
1106,815,0.0007351826643571
272,999,0.0007348195649683
188,413,0.0007346958154812
279,262,0.0007344789919443
494,197,0.0007340456941165
822,106,0.0007339355070143
700,447,0.0007336999988183
974,572,0.0007334412075579
1045,1033,0.0007333696121349
188,433,0.0007330632070079
822,555,0.0007321493467316
494,763,0.000731882173568
267,1052,0.0007314577233046
974,1058,0.0007312230882234
279,710,0.0007308689528144
478,580,0.0007296728435903
822,622,0.0007295960094779
291,974,0.0007292235968634
974,336,0.0007290793582797
279,173,0.0007286009495146
494,1079,0.0007285004248842
478,326,0.0007283722516149
272,1082,0.0007281052530743
1130,853,0.0007280303980223
494,345,0.0007278613047674
494,334,0.0007276620599441
1130,884,0.0007274882518686
974,152,0.0007272188086062
494,1116,0.0007265850435942
17,131,0.0007262592553161
1106,87,0.0007257323013618
700,274,0.0007255760719999
188,430,0.0007252336945384
870,448,0.0007251687929965
279,836,0.000724566518329
478,399,0.0007243552245199
974,937,0.0007242851424962
279,979,0.0007242193678393
960,93,0.0007232031784951
291,790,0.0007227962487377
494,485,0.0007227602181956
267,425,0.0007216969388537
494,1075,0.0007215039804577
822,314,0.0007213929202407
1130,969,0.0007212667842395
974,525,0.0007205053116194
290,557,0.000720496289432
272,39,0.0007203134009614
280,194,0.0007199658430181
494,718,0.0007198498933576
960,120,0.0007191522745415
960,103,0.0007186259608715
700,28,0.0007178430678322
188,554,0.0007177759543992
494,805,0.0007167644798755
291,1087,0.0007164717535488
280,341,0.0007157467771321
188,1047,0.0007152967737056
1045,1018,0.0007148513104766
279,125,0.0007145991548895
280,314,0.0007144113769754
279,782,0.0007134184706956
17,512,0.0007132015307433
267,955,0.0007130862795747
478,34,0.0007130104349926
928,182,0.0007129046716727
960,762,0.0007122120005078
280,452,0.0007116521010175
494,850,0.0007115583866834
974,840,0.0007115030311979
280,635,0.0007111957529559
272,1061,0.0007111589657142
974,623,0.0007106813136488
960,320,0.0007106459815986
700,833,0.0007106292177923
267,1084,0.0007105466793291
188,474,0.0007101406226865
494,768,0.000710000982508
272,1128,0.0007092898595146
700,640,0.0007092517334967
494,11,0.0007090747822076
188,585,0.0007088975398801
870,899,0.0007088122656568
290,886,0.0007087923004291
291,1029,0.0007087194826453
267,177,0.0007086702971719
478,934,0.0007086328696459
478,856,0.0007085888064466
272,930,0.0007085538236424
1106,989,0.0007078311755321
17,756,0.0007075283792801
267,31,0.0007071575382724
267,1033,0.00070714490721
494,1035,0.0007065183599479
272,136,0.000706123188138
960,150,0.0007060253992676
1130,426,0.0007049214909784
494,275,0.0007047578110359
291,821,0.0007047389517538
822,392,0.0007047147373668
822,202,0.0007043647929094
700,352,0.0007031717686913
928,194,0.0007031062850728
1003,29,0.0007030826527625
700,856,0.0007027121027931
449,685,0.0007025529630482
700,1127,0.0007022466161288
478,857,0.0007020225166343
1130,449,0.0007019718177616
1003,287,0.0007017251336947
279,793,0.0007016548770479
494,764,0.0007016190211288
478,851,0.0007016165764071
272,261,0.0007013818249106
974,656,0.0007013484137132
870,743,0.0007009192486293
1106,428,0.0007007393287494
494,199,0.0007003846112638
478,918,0.0007002874044701
449,570,0.0007001457270234
478,148,0.000699924363289
822,435,0.0006998007302172
960,541,0.0006993631832301
478,441,0.0006993140559643
928,581,0.0006992423441261
960,472,0.0006987050874158
478,921,0.0006986256921663
494,875,0.0006985088111832
974,583,0.0006981365731917
291,549,0.0006975287105888
700,350,0.000697452458553
272,899,0.000697391689755
280,666,0.0006973411655053
290,701,0.0006970151443965
1003,434,0.0006969466921873
17,1054,0.0006969337700866
280,516,0.0006969079840928
272,637,0.0006966854562051
272,169,0.0006966500077396
494,493,0.0006966370274312
478,980,0.0006964749773032
188,700,0.0006958674639463
291,913,0.0006957335863262
17,809,0.0006953355041332
267,559,0.0006952308467589
960,1,0.0006942705367691
279,631,0.0006940025486983
870,1116,0.0006932687829248
279,448,0.0006925201159901
494,79,0.0006920122541487
272,936,0.0006920064915902
700,269,0.0006917325081303
1003,886,0.0006910390802659
272,502,0.0006910332594998
188,633,0.0006909689400345
478,395,0.0006906078779138
478,725,0.0006904552574269
700,9,0.000689843785949
272,234,0.0006896581617183
960,294,0.0006896570557728
279,835,0.0006895409896969
494,198,0.0006893782992847
960,1029,0.0006890200893394
974,422,0.000687840336468
279,808,0.0006869637290947
494,1110,0.0006867792108096
1130,524,0.0006866418407298
494,444,0.0006865081377327
822,14,0.0006859640125185
478,87,0.0006857466651126
960,588,0.000684950093273
960,594,0.0006844649324193
279,658,0.0006843959563411
279,1096,0.0006842276197858
494,621,0.000684090249706
1106,230,0.0006840513669885
1130,607,0.0006838892004452
494,891,0.0006836014217697
188,322,0.00068353372626
494,224,0.0006834083469584
928,809,0.0006832509534433
700,519,0.0006831669597886
279,348,0.0006831327918916
974,969,0.0006826901808381
17,516,0.0006825654418207
280,1009,0.0006813021027483
960,911,0.0006811678758822
272,1101,0.0006810355698689
928,1043,0.0006808175239712
960,353,0.0006807307945564
290,239,0.0006804367294535
928,177,0.000680414319504
974,675,0.0006803759606555
272,1092,0.0006803721771575
272,236,0.000680161465425
188,349,0.0006801423151046
279,994,0.0006801068666391
494,500,0.0006799377151764
928,630,0.0006798453978262
17,779,0.0006798437680117
870,814,0.0006796545349061
870,25,0.0006793034262955
700,282,0.0006790636689402
17,1016,0.0006785658188164
1130,742,0.0006776873487979
494,387,0.0006775592337362
188,357,0.0006771847256459
280,892,0.0006768562598153
928,1107,0.0006764034624211
960,835,0.0006761645781807
290,1041,0.0006757087539881
280,501,0.0006756429211236
280,189,0.000675220740959
272,534,0.0006751741166226
272,783,0.0006749296444468
188,1105,0.0006742614204995
279,415,0.0006740785902366
870,126,0.0006734185153618
188,406,0.0006733276532031
188,1077,0.0006730405148118
449,974,0.0006727883010171
272,774,0.0006727679865434
822,781,0.0006725834100507
960,380,0.0006717717042192
291,849,0.0006715747294947
494,46,0.0006714725750498
822,733,0.0006713466718792
960,4,0.0006711903843097
494,471,0.0006710959714837
700,772,0.0006710166344419
1045,422,0.0006704811239615
280,93,0.0006703137769363
280,523,0.0006702299579046
188,445,0.0006699301884509
700,209,0.0006697985227219
291,615,0.0006697648786939
17,214,0.0006697309436276
870,966,0.0006684419349767
279,340,0.000668435532134
478,732,0.0006677897181361
960,485,0.0006676187040284
700,716,0.0006674245232716
494,584,0.0006674228934571
494,602,0.0006673883181065
928,829,0.0006673416355624
478,5,0.0006671897135674
960,525,0.0006670917500741
17,101,0.0006668125861324
494,579,0.0006664687534794
478,198,0.0006664590328
870,28,0.0006662249797955
870,446,0.0006658528582192
928,661,0.000665751111228
870,1120,0.0006654836470261
267,543,0.0006646427791565
870,208,0.0006639458006247
494,1087,0.0006637183250859
1106,661,0.0006634764140471
279,176,0.0006631728610955
272,912,0.0006629002746194
974,561,0.0006627344409935
960,622,0.0006623688386753
870,308,0.0006621755310334
974,83,0.0006621031207032
1130,239,0.0006617604522034
870,161,0.0006612983415834
700,558,0.0006611136486753
700,122,0.0006609646370634
1003,815,0.0006608750554732
870,81,0.0006607417017221
700,572,0.0006598066538572
17,764,0.0006596578168682
272,811,0.0006594636361114
928,1004,0.0006594556616619
279,533,0.0006592994323
188,226,0.000659066135995
272,690,0.0006586267845705
290,1034,0.0006586162489838
17,675,0.0006585326045751
17,445,0.0006584338843822
494,32,0.0006584154907613
188,799,0.0006581167108379
478,123,0.0006578345200978
974,1104,0.0006577678141184
1003,1124,0.0006574847502633
700,491,0.0006570747354999
188,1110,0.0006569706019945
974,18,0.0006557320593856
870,844,0.0006551677943207
494,153,0.0006548958481289
700,297,0.000654861505609
1130,668,0.0006544351927004
960,265,0.0006541190086863
960,885,0.0006538229063153
700,870,0.0006538021261803
870,335,0.0006535869324579
1045,134,0.000653083436191
1045,936,0.0006529587553814
974,31,0.0006525685894303
870,218,0.0006524862255901
960,305,0.0006524653872475
960,947,0.0006513923290185
960,551,0.0006506367935799
700,605,0.0006502972682937
1130,857,0.0006499952869489
494,149,0.0006496485439129
928,491,0.0006496005808003
188,1088,0.0006495895213447
870,739,0.0006494577392004
478,594,0.000648881890811
272,185,0.0006488816579803
279,442,0.000647613662295
17,59,0.0006474225083366
291,1056,0.000646932341624
291,1001,0.0006467341445386
1130,94,0.0006466380436904
974,237,0.0006465184851549
279,755,0.0006459242431446
290,695,0.000645661028102
960,367,0.0006455605034716
291,261,0.0006454065442085
700,1071,0.0006453924579545
960,190,0.0006453727837651
280,1045,0.0006453034002333
494,1106,0.0006452915840782
279,952,0.0006450380315072
188,890,0.0006449320353567
279,706,0.0006449208594858
188,705,0.0006446646293625
272,280,0.0006445592734962
700,10,0.0006444713217206
1130,398,0.0006441545556299
17,708,0.0006436629919335
17,388,0.0006435354007408
494,658,0.0006435267860069
494,930,0.0006434633978642
449,586,0.0006432494265027
494,260,0.0006426000618375
279,372,0.0006417690892703
960,858,0.0006416253745555
280,139,0.0006415547686628
279,656,0.0006415437092073
700,667,0.0006415088428184
272,58,0.0006414838135242
291,416,0.0006409885827451
1130,810,0.0006404861924238
1106,431,0.0006401662831194
272,1090,0.0006400874117389
291,525,0.0006396406679414
1045,242,0.0006394460797309
291,247,0.0006394125521183
700,793,0.0006393886869773
700,931,0.0006386826280504
960,330,0.0006386592285707
291,881,0.0006382088758982
974,774,0.0006375862285494
494,29,0.0006374475779011
449,236,0.0006373308133333
974,523,0.0006369976908899
870,82,0.0006369315087795
870,502,0.0006365615408867
1045,379,0.000636491458863
267,605,0.0006364681757986
870,1042,0.0006361622363328
822,780,0.0006357434322126
272,303,0.0006357270758599
928,79,0.0006356751546263
272,859,0.0006352636846713
700,271,0.0006349005852825
870,640,0.0006343987188301
1130,849,0.0006341496482491
1130,412,0.00063404958928
700,709,0.0006338757812045
700,155,0.0006338310777209
494,758,0.0006338157691061
188,838,0.0006337519735097
478,220,0.0006335719372145
974,144,0.0006334416102617
700,782,0.0006328595918603
974,76,0.0006325027788989
494,993,0.0006324674468487
928,815,0.0006321111577562
272,893,0.0006320307729765
188,703,0.0006319988169707
494,63,0.000631493399851
870,580,0.0006314649363048
267,631,0.0006312009063549
280,1026,0.0006311575416475
1130,1104,0.0006307729636318
267,1034,0.0006304574781097
870,357,0.0006299574160948
960,1074,0.0006298840162344
188,1100,0.0006296921055763
700,164,0.0006296568899415
267,823,0.0006293786573223
1045,2,0.0006292865728028
290,392,0.0006291661411523
700,72,0.000628947338555
267,55,0.000628596113529
1130,1056,0.0006284544360823
272,198,0.0006283865659497
700,345,0.0006280151428654
17,709,0.0006279285880737
267,845,0.0006277923239395
478,1041,0.0006277607753872
960,362,0.0006275917985476
279,711,0.0006274930783547
267,259,0.0006269195000641
974,836,0.0006267433636821
822,973,0.0006261584931053
291,473,0.0006261277594603
494,211,0.0006260104128159
280,754,0.000625948421657
272,9,0.000625554122962
188,713,0.0006250302540138
928,631,0.0006247631972655
494,695,0.0006246241391636
700,528,0.0006244769901968
272,733,0.000624124018941
280,862,0.0006240287912078
267,834,0.0006240154034458
870,318,0.0006238807691261
822,992,0.0006237967754714
291,86,0.0006235913024283
272,984,0.0006229150458239
291,844,0.0006228219717741
700,388,0.0006227268604561
291,53,0.0006218294729478
1130,143,0.0006214013556018
1045,636,0.0006212742300704
960,770,0.0006209154380485
494,263,0.0006207046681083
267,195,0.000619483354967
870,559,0.0006193517474457
478,1081,0.0006188163533806
928,129,0.0006187445833347
280,749,0.000618738355115
1130,724,0.0006178700714372
494,423,0.0006175183225423
1130,947,0.0006173804868012
822,1102,0.0006172018474899
494,366,0.0006171417771838
478,1104,0.0006169662810862
267,794,0.0006167460815049
494,425,0.0006164481164887
280,1127,0.0006162268691696
272,861,0.0006161159835755
494,163,0.0006156278541311
280,1066,0.0006155021837912
291,939,0.0006149296532385
280,534,0.0006147579988464
1130,1025,0.000614539720118
870,395,0.0006143192877061
272,18,0.0006143093341961
960,836,0.0006141344201751
291,693,0.0006139550823718
960,206,0.0006139039760455
279,320,0.0006135959993116
291,28,0.0006134729483164
494,762,0.0006129146786406
272,940,0.0006128973909653
291,861,0.000612751871813
494,52,0.0006127298693172
960,432,0.0006124816136434
291,712,0.0006123582134023
291,189,0.000611980096437
870,159,0.000611838127952
960,557,0.0006115834694355
272,688,0.0006113962153904
290,1032,0.0006108786910772
478,972,0.0006105895736254
272,98,0.0006104399799369
870,347,0.0006099710590206
870,977,0.0006099369493313
280,83,0.0006099342135712
17,781,0.0006097647128626
272,470,0.0006094916607253
17,920,0.0006094665150158
494,844,0.0006089836824685
1130,386,0.0006078236037865
188,112,0.0006077974685467
1130,714,0.0006074540433473
279,221,0.0006071467068977
291,541,0.0006068721995688
700,498,0.0006067024660296
974,233,0.0006064499611966
960,26,0.0006062661414034
279,807,0.0006061734748072
974,884,0.0006060898886062
279,258,0.0006060469895601
279,1117,0.0006059088627807
280,630,0.0006058834260329
1003,612,0.0006058088038116
494,1040,0.0006057979771867
272,1034,0.0006056845886632
279,948,0.0006056042038835
449,804,0.0006055801059119
280,988,0.0006054738187231
188,658,0.0006051718955859
960,241,0.0006049450603313
960,457,0.0006044189212843
449,489,0.0006039045983925
928,393,0.0006032951641827
928,272,0.0006031748489476
17,897,0.0006025924230925
974,398,0.0006025065667927
494,1097,0.0006024510366842
272,12,0.0006023230962455
494,20,0.0006019448628649
279,261,0.0006018601707182
700,461,0.0006014097598381
1130,294,0.0006013673264533
280,193,0.000600655155722
870,549,0.0006005695322528
279,413,0.0006005464238114
267,709,0.0006003443850204
478,1043,0.0006000950816087
478,269,0.0005999086424708
291,953,0.0005996841937303
17,589,0.0005995242390781
960,1088,0.0005993898375891
870,649,0.0005990391364321
1130,595,0.0005989764467813
188,879,0.0005984276067465
870,179,0.0005981950089335
960,159,0.0005972892977297
188,468,0.0005972075741738
279,88,0.0005969703197479
291,435,0.0005967406905256
974,173,0.0005964945303276
188,1118,0.0005963595467619
870,253,0.0005954279913567
272,608,0.0005952778155915
272,484,0.0005951449275016
272,1038,0.0005951195489615
290,520,0.0005943442811258
1130,834,0.0005940373521298
960,197,0.0005940289702266
291,561,0.0005939463735558
1130,321,0.0005939000984653
870,449,0.0005938907852396
1130,951,0.0005936397355981
17,306,0.0005932214553467
494,917,0.0005929860053583
291,986,0.0005929065519012
700,398,0.0005927027668803
870,88,0.0005924277938902
188,873,0.000592187338043
974,259,0.0005918018287047
960,559,0.0005916444933973
960,227,0.0005916170193813
272,321,0.0005908821476623
494,886,0.0005908496677875
974,922,0.0005906493170186
928,1119,0.0005902468110434
974,199,0.0005895688082091
494,12,0.0005894150817766
188,894,0.0005893460474908
870,147,0.0005893330089747
267,697,0.0005886210128664
279,689,0.0005883508129045
700,947,0.0005882105324417
17,125,0.000588126364164
17,963,0.0005880919634364
188,222,0.000588061986491
272,386,0.0005877229268662
870,65,0.0005876181530766
267,500,0.0005875861388631
291,238,0.0005875041824765
272,1111,0.0005874647758901
1130,160,0.0005874564521946
17,750,0.0005872542969882
870,175,0.0005871019093319
272,790,0.0005866414285264
279,639,0.0005864293780177
272,584,0.0005863218102604
822,169,0.0005862553371116
974,403,0.0005860644741915
272,34,0.0005858067888766
478,214,0.0005856832140125
974,368,0.000585539266467
291,411,0.0005855106282979
960,78,0.0005850018933415
291,905,0.0005842907703481
974,78,0.0005837688222527
960,366,0.0005831040325574
272,32,0.0005828443681821
974,849,0.0005827601416967
494,945,0.0005825539701618
1106,1081,0.0005822113598696
700,820,0.0005821799277327
1130,850,0.0005821169470436
1106,685,0.0005820206715725
279,357,0.0005816627526655
960,358,0.0005815679323859
974,74,0.0005811917362734
1003,690,0.0005806958070024
478,434,0.0005803591920994
960,900,0.0005803271778859
449,462,0.000579937826842
188,362,0.0005794783355668
494,4,0.000579071289394
279,239,0.0005790578434243
291,635,0.0005787510308437
272,144,0.0005782167427241
494,889,0.0005778737249784
279,630,0.0005778239574283
291,801,0.0005774093442596
280,610,0.0005772996228188
870,465,0.0005769780836999
188,203,0.0005769057315774
1106,356,0.0005768029368482
870,813,0.00057600234868
290,222,0.0005758288898505
291,599,0.0005758178303949
870,221,0.0005755251040682
279,1103,0.000575523416046
267,308,0.0005754817393608
494,756,0.0005751982680521
478,540,0.000574693782255
494,536,0.0005741726490668
960,578,0.0005738783511333
494,87,0.0005734123988077
272,459,0.0005732717108912
960,204,0.0005723587819375
1130,677,0.0005721150082536
822,206,0.0005715397419407
279,928,0.0005713402642868
280,122,0.000570406904444
1106,460,0.0005699378671124
280,303,0.000569753407035
478,1123,0.0005692322156392
279,860,0.0005691965925507
960,631,0.0005691003170795
960,729,0.0005689793615601
1106,426,0.0005687621887773
494,495,0.0005683217314071
494,1066,0.000568262708839
960,11,0.0005682090413756
494,339,0.0005681710899807
494,143,0.0005677317385561
290,434,0.0005674939602613
280,952,0.0005674639251083
700,770,0.000566545582842
291,1003,0.0005661875475198
974,84,0.0005661438917741
272,858,0.0005660317838191
974,614,0.0005659895250573
870,1011,0.000565871829167
974,253,0.0005654956330545
267,526,0.0005653860862366
974,406,0.0005648008082062
700,348,0.0005644914344884
960,247,0.0005644150660373
272,1051,0.0005644062766805
17,96,0.0005641321185976
17,484,0.0005624238983727
291,553,0.0005620990414172
960,1068,0.0005620492738671
974,889,0.0005618751747533
822,837,0.0005616601556539
1106,436,0.0005614508991129
449,910,0.0005613648681901
494,862,0.0005612550885416
280,1088,0.0005611081724055
279,306,0.0005610332009382
291,33,0.0005609389627352
700,841,0.0005609180661849
17,262,0.0005603471654467
17,69,0.0005600441945716
1130,196,0.0005593823152594
960,1122,0.0005593732348643
494,907,0.0005591550143435
870,509,0.0005590109503827
291,39,0.0005586982588283
267,74,0.0005583288730122
478,363,0.0005583027377724
290,747,0.0005582243902608
494,464,0.0005564810708165
1045,155,0.0005555763491429
290,160,0.0005551595240831
272,736,0.0005551525391638
272,501,0.000554556318093
494,919,0.0005545206367969
870,659,0.0005543947336263
188,63,0.000554205791559
272,630,0.0005538596305996
494,631,0.0005533749936148
700,179,0.000552938086912
960,517,0.0005524843581952
291,733,0.0005522742867469
188,853,0.0005522684659808
272,121,0.0005517365061677
267,1053,0.0005512569332495
700,998,0.0005510870832949
870,1086,0.0005506792804226
188,586,0.0005504776490852
870,981,0.0005494263023138
291,183,0.0005493319476954
960,278,0.0005492452182807
17,1052,0.0005488792085088
1130,517,0.0005488570895977
279,831,0.0005479526007547
478,933,0.0005477530066855
960,886,0.0005477107479237
822,375,0.0005476827500388
280,778,0.0005473315250128
290,636,0.0005471422336995
960,123,0.0005467991577461
494,744,0.0005464804708026
870,261,0.0005464254063554
272,394,0.0005462866392917
17,591,0.0005462002591229
700,136,0.0005461256951093
974,306,0.0005460801185108
1130,288,0.0005459051462821
822,982,0.0005455340142361
494,622,0.0005452249897643
1130,1023,0.0005443287082016
279,888,0.0005443001864477
279,694,0.0005442078108899
1130,721,0.0005441262619569
290,990,0.0005440178792923
822,506,0.000543744827155
960,493,0.0005435534403659
1106,1109,0.000543154834304
272,970,0.0005427513970062
280,688,0.0005424268310889
272,469,0.0005422448739409
494,1080,0.0005421940004453
700,725,0.0005420172237791
870,76,0.0005418869550339
279,685,0.0005416044732555
960,917,0.0005413562757894
291,791,0.0005405638949014
1130,748,0.000540156266652
291,438,0.0005401411326602
17,1127,0.0005401250673457
494,1096,0.0005396186606958
960,347,0.0005394164472818
17,685,0.0005387207493185
280,964,0.0005379602662287
267,549,0.0005378997302614
494,838,0.0005376051412895
267,86,0.0005373504245653
960,118,0.0005370411090552
280,1095,0.0005368276615627
700,911,0.0005368002457544
279,853,0.0005367285921238
1003,826,0.0005364473909139
1003,798,0.0005361885996535
822,353,0.0005361691000871
960,71,0.0005361344083212
272,382,0.0005359777715057
974,95,0.0005358913913369
822,157,0.0005358240450732
272,625,0.000535572937224
494,899,0.0005354134482331
279,233,0.0005352249136194
272,1058,0.0005350554711185
494,959,0.000534942606464
870,1059,0.0005348616396076
1130,914,0.0005347242113202
928,1009,0.0005339432391338
291,921,0.0005336500471457
1130,441,0.0005327808321453
822,351,0.0005321553326211
822,319,0.0005320730269886
272,755,0.0005317881004884
478,150,0.0005317371687851
279,396,0.0005315849557518
960,152,0.0005309071857482
974,1110,0.0005304957740008
494,1118,0.0005304003134369
17,748,0.0005303956568241
822,793,0.0005303073558025
700,812,0.0005299439653754
1106,403,0.0005295881419442
928,506,0.0005295524606481
17,844,0.0005291089764796
494,909,0.0005284890066832
272,341,0.0005281926714815
870,781,0.0005272980779409
974,214,0.0005272874841466
700,735,0.0005267377127893
272,694,0.0005266367224976
280,481,0.0005264031351543
494,286,0.0005251746042631
17,559,0.0005248773959465
291,156,0.0005248289089649
494,147,0.000524727453012
494,30,0.0005246753571555
1003,453,0.0005246715736575
960,257,0.0005246664513833
870,740,0.0005246602231636
960,262,0.0005245175561867
974,772,0.0005243645864538
1045,828,0.0005239921156316
928,1109,0.0005239829770289
1106,662,0.0005236873985268
279,1081,0.00052367860917
280,931,0.0005236598080955
494,151,0.0005235117860138
272,445,0.0005234081181697
478,64,0.0005233707488514
960,879,0.0005227217334322
291,1090,0.0005225832574069
272,1069,0.0005224490887485
960,768,0.0005223466432653
700,960,0.0005222504842095
700,543,0.000522120273672
291,653,0.000522110145539
494,869,0.0005218564765527
478,31,0.0005214996635913
1130,500,0.0005214365664869
291,195,0.0005211604875512
17,411,0.0005209169466979
1130,956,0.0005206954665482
272,49,0.0005193758406676
974,860,0.0005191444652155
960,175,0.000519108842127
478,472,0.0005190601223148
279,428,0.000518946617376
870,624,0.0005187105271033
279,866,0.000518660468515
870,108,0.0005186198977753
494,700,0.0005181871238164
17,13,0.0005181657033972
928,263,0.0005178482388146
494,916,0.0005178431165404
17,706,0.000517823267728
1045,198,0.0005178168066777
928,571,0.0005177368293516
928,605,0.0005177319981157
1130,50,0.0005171234952285
291,492,0.0005167876952327
280,100,0.0005163637688383
291,400,0.0005162378074601
974,238,0.000515570747666
494,175,0.0005155158578418
188,617,0.0005154245882295
700,764,0.0005153699312359
291,81,0.0005152266821824
279,702,0.0005151974619366
188,570,0.0005151581717655
870,820,0.0005151377990841
822,305,0.0005149610806256
928,526,0.0005149403586983
974,564,0.0005147388437762
272,700,0.0005147194606252
700,463,0.0005143617745488
267,335,0.000514316605404
272,281,0.0005142769077792
494,170,0.0005141572328284
478,364,0.0005139927961863
280,1040,0.0005138049018569
700,971,0.0005136174731887
290,188,0.0005135228275321
494,1074,0.0005134084494784
700,1079,0.0005133544327691
870,874,0.0005131483776494
700,1117,0.0005130270146764
279,359,0.0005129704950377
494,694,0.0005124268936924
478,458,0.000512303202413
974,113,0.0005115717067383
279,887,0.0005107998731546
291,893,0.0005106755997985
974,908,0.0005105985328555
928,287,0.0005105595337226
279,55,0.0005101162241771
272,60,0.0005101052811369
974,783,0.0005098947440274
1130,279,0.0005096416571177
960,499,0.0005096315871924
928,1112,0.0005092358915135
974,204,0.0005092139472253
870,496,0.0005090849590487
188,526,0.0005088940379209
188,410,0.0005088720936328
188,457,0.0005088314646854
1003,746,0.0005082814022898
700,912,0.0005082451971247
478,710,0.0005081476992927
1106,829,0.0005071577616035
267,819,0.0005070596816949
700,576,0.0005069520557299
279,680,0.0005068773753009
974,366,0.0005068129394203
870,521,0.0005066249286755
478,206,0.0005064414581283
188,560,0.0005061784177087
960,927,0.000505547679495
279,1076,0.0005052993074059
494,1002,0.0005052218912169
1130,172,0.0005050153122283
280,462,0.0005047936574555
279,1009,0.0005047227023169
272,95,0.0005045217112638
1130,943,0.000504337134771
974,708,0.0005040359101258
17,630,0.0005037025548517
974,485,0.0005034484784118
960,391,0.0005034034256823
279,267,0.0005032526096329
272,85,0.0005026704748161
870,699,0.0005026514991186
700,727,0.0005021240212954
700,5,0.0005018975934945
272,349,0.0005018028314225
272,407,0.0005017565563321
494,282,0.0005016013165004
478,977,0.0005015356000512
700,899,0.0005014823982492
17,982,0.0005010221502743
870,808,0.000500829424709
188,356,0.0005004249396733
290,707,0.0005003466503694
279,1008,0.0005002029356546
279,226,0.0004992671310901
17,629,0.0004992471658624
822,297,0.0004986942512914
870,913,0.0004970387089997
272,402,0.00049684708938
494,972,0.0004965243861079
870,0,0.0004964871332049
1003,314,0.0004961660597473
290,765,0.0004960666410624
279,273,0.0004957161727361
17,585,0.0004945099935866
478,916,0.000494357664138
290,603,0.0004943354870192
974,197,0.0004941039951518
960,944,0.0004940982325933
291,279,0.0004940520739182
1045,268,0.0004937486955896
928,793,0.0004936250043101
974,753,0.0004934159805998
272,486,0.0004922350635752
1130,927,0.0004911846481263
280,571,0.0004909574636258
960,484,0.0004907945403829
1106,353,0.0004905556561425
1130,408,0.0004905071691609
494,1009,0.000490149075631
974,670,0.0004893924924544
478,682,0.0004889537813141
290,682,0.0004887960967607
188,933,0.0004875107551924
974,725,0.0004865500086452
700,615,0.0004863895592279
870,608,0.0004863775684498
1003,571,0.0004861488414462
188,572,0.0004857752064708
1003,644,0.0004857528256252
280,1105,0.0004852176643908
700,58,0.0004848292737733
17,796,0.0004838407039642
272,919,0.0004834606661461
974,621,0.0004833225102629
188,395,0.0004824646166525
822,315,0.0004822839691769
279,660,0.0004822612681891
272,731,0.0004820140602532
272,472,0.0004818793677259
700,148,0.0004812221159227
17,148,0.0004810686514247
478,872,0.0004810197278857
494,926,0.0004807696386706
1130,1127,0.0004804583732038
700,325,0.0004804565978702
974,480,0.0004803403280675
494,973,0.0004803084302693
494,887,0.0004801227769348
974,254,0.0004800927417818
1106,73,0.0004799282760359
280,16,0.0004798757145181
974,927,0.0004796354332938
974,40,0.0004794969281647
1106,690,0.0004793926200363
279,470,0.0004791082756128
870,533,0.0004791053943336
272,101,0.0004788310907315
1106,150,0.0004782646719831
960,506,0.0004773405380547
974,518,0.0004770360828842
870,595,0.0004764692275784
279,49,0.0004764591576531
870,584,0.0004763404722325
272,951,0.0004763058968819
478,314,0.0004762850294355
1106,272,0.0004762333119288
279,277,0.0004761269083246
290,114,0.0004760438459925
928,602,0.0004756314156111
700,2,0.0004756040580105
974,1122,0.0004748098435811
291,747,0.0004745507612824
494,479,0.000474231201224
279,1028,0.0004741340526379
960,306,0.0004739298310596
280,527,0.0004737355047836
1003,557,0.0004735964175779
960,701,0.000473406020319
700,941,0.0004731185617856
290,715,0.0004729737411253
267,679,0.0004726591578219
928,304,0.0004725093604065
279,278,0.0004719418648164
1045,204,0.0004719082498922
974,1074,0.000471301813377
974,685,0.0004709138884209
960,113,0.000470609345939
974,640,0.0004700181889347
188,138,0.0004698165867011
291,384,0.0004694604722317
960,1072,0.000468885176815
700,151,0.0004685937892645
928,434,0.0004685112799052
1130,123,0.0004678796103689
960,634,0.0004677773104049
290,1018,0.0004676649114117
17,1079,0.0004676560056395
188,111,0.0004663737781811
960,808,0.0004658506659325
291,900,0.0004656504315789
267,1127,0.0004651691415347
822,365,0.0004648214089684
974,902,0.0004638880491256
822,755,0.0004636192170437
188,1003,0.0004634463984984
870,705,0.0004627369053196
870,1106,0.0004625525325536
17,225,0.0004622163833118
870,215,0.0004619501705747
974,764,0.0004606703587342
267,973,0.0004604231799021
1130,605,0.0004601920372806
1003,149,0.0004598905507009
870,311,0.0004594537604134
188,950,0.0004592214245349
280,1110,0.0004590685712173
960,385,0.0004587553848978
279,957,0.0004586192662827
974,8,0.000458481197711
974,337,0.0004584792768582
279,535,0.0004583843983709
974,108,0.0004583729314617
974,809,0.0004583067202474
700,363,0.0004580545064527
1130,1087,0.0004577630024868
279,999,0.0004577555519063
279,145,0.0004574242630042
280,356,0.000457079760963
700,1085,0.0004566658171825
960,667,0.0004566238203551
272,676,0.0004561799869406
870,517,0.0004560872039292
1003,990,0.0004557740758173
974,362,0.0004555454943329
494,357,0.0004554184852167
188,338,0.000455176224932
279,640,0.0004547741846181
960,505,0.0004544849798548
478,638,0.0004541529342532
960,1092,0.0004538925131782
870,348,0.000453662010841
974,309,0.0004534276085905
1003,685,0.0004529032157734
279,147,0.0004527833661995
1130,681,0.0004524065006989
188,591,0.0004522349045146
960,460,0.0004521345254033
700,451,0.0004520633956417
494,575,0.0004510912986006
700,613,0.0004510855360422
280,704,0.0004507105040829
494,400,0.0004502425726968
290,1019,0.0004499210917856
279,1059,0.000448989769211
280,600,0.0004485007957555
870,67,0.0004484809178393
494,229,0.0004483407828956
1130,30,0.0004474024462979
870,16,0.0004471914144232
822,463,0.0004460159398149
279,661,0.0004457550239749
870,827,0.0004457024042494
478,215,0.0004453369765542
279,601,0.0004453310684766
960,970,0.0004452940484043
1130,346,0.0004421770281624
279,760,0.0004420884069986
188,532,0.0004420404147822
928,395,0.0004420384939294
279,9,0.0004415501025505
280,679,0.0004414189606904
870,865,0.0004412375274114
960,442,0.0004406250372994
188,4,0.0004402854247018
960,1008,0.0004401551850605
267,215,0.0004400464531499
822,118,0.0004397009615786
870,35,0.0004393955168779
1045,682,0.0004391822440084
494,938,0.0004389943787828
272,765,0.0004376709111966
280,982,0.0004376282449811
280,1099,0.0004374618001747
974,1111,0.0004359582671895
478,678,0.0004354228149168
928,392,0.0004348459769971
700,1114,0.0004344749904703
280,459,0.0004340815648902
279,717,0.0004328679351601
974,858,0.0004326836788095
188,955,0.0004326067864894
272,929,0.0004325582995079
870,1088,0.0004322275926824
870,1094,0.0004310224030632
279,774,0.0004308125353418
272,1104,0.0004300137516111
280,239,0.0004294200916774
822,721,0.0004291390941943
291,314,0.0004289644712116
494,1041,0.000428835832281
700,919,0.0004283286398276
822,833,0.0004276937979739
188,1004,0.0004272856458555
1130,965,0.0004270506906323
960,433,0.000426947051892
1003,260,0.0004267575568519
478,890,0.0004265987081453
494,458,0.0004262866859789
870,500,0.000426006532507
974,39,0.0004258684348315
272,116,0.0004257642140146
17,716,0.000425597972935
1045,847,0.0004254570521879
870,552,0.0004242852737661
870,1108,0.0004241626884322
478,172,0.0004236430686432
272,40,0.0004231959755998
494,1021,0.0004229034529998
188,847,0.000422495737439
822,821,0.0004224689037073
974,566,0.0004224230942782
1130,898,0.0004223900323268
267,725,0.0004222314164508
280,930,0.0004215798398945
494,187,0.0004212709609419
272,848,0.0004211512277834
17,617,0.0004210609477013
290,581,0.0004205294535495
17,15,0.0004202719428576
700,1041,0.000419556396082
280,850,0.0004192367487121
870,872,0.000418473908212
17,1126,0.0004182763514108
494,388,0.000417905364884
700,691,0.000417244649725
449,947,0.0004169271560385
279,752,0.0004166701983194
822,580,0.0004166195285506
822,417,0.0004163433623034
494,195,0.0004162435070611
700,981,0.0004159313684795
870,323,0.00041589900502
870,776,0.0004155631177127
188,159,0.0004153742920607
974,914,0.0004151004541199
279,943,0.0004138311487622
291,206,0.0004136512288823
494,290,0.0004124095430597
17,305,0.0004119024379178
1130,260,0.0004100638034287
1003,836,0.0004098934878129
17,390,0.0004098290810361
494,103,0.0004096438060514
188,746,0.0004094785545021
290,525,0.000409372994909
494,1054,0.0004091983428224
494,704,0.0004086987755727
291,767,0.0004085763648618
974,405,0.0004085617838427
279,27,0.0004083949024789
928,317,0.0004083596577402
17,788,0.0004082712985109
960,304,0.0004079065984115
272,428,0.000407804531278
1130,326,0.0004074634634889
188,1067,0.0004072619776707
279,501,0.0004070645954925
290,575,0.0004069368587806
272,328,0.0004069367423653
1130,1061,0.0004068160196766
700,249,0.0004062206135131
960,298,0.0004059573111589
267,79,0.0004058989288751
291,983,0.0004057367623317
267,729,0.000405304133892
700,462,0.0004050075367558
279,47,0.0004047806141898
700,210,0.0004047068068757
1130,157,0.0004044818924739
700,703,0.0004036488826386
280,715,0.00040363628068
17,140,0.0004027759714517
960,812,0.000402735749958
700,20,0.0004026411043014
267,659,0.0004023401706945
267,911,0.0004021742788609
822,863,0.0004017066676169
279,787,0.0004004474030807
272,1110,0.0004001517663709
279,953,0.0004001130000688
1106,723,0.0003998565371148
267,837,0.0003998420434072
974,338,0.0003997386083938
822,985,0.0003996672458015
188,762,0.0003989673277828
279,163,0.0003988395328633
290,383,0.000398681149818
494,1032,0.0003982113557867
494,885,0.0003977948217652
291,528,0.0003974405699409
960,825,0.0003972099220845
974,161,0.0003968182427342
960,817,0.0003966998192481
272,882,0.0003961530164815
272,523,0.0003960022586397
272,835,0.0003958440211135
700,875,0.000395035080146
1130,626,0.0003948935482185
974,320,0.0003944402560591
280,215,0.0003938078589271
1130,20,0.0003936768916901
188,105,0.000392883841414
280,184,0.0003920646267943
960,538,0.0003917382273357
1130,63,0.0003912962274625
1130,529,0.0003911561507266
494,615,0.0003908976796083
1130,1116,0.0003907212230842
17,183,0.0003905612975358
280,3,0.0003903848410118
1106,212,0.0003901275340467
870,1098,0.0003894479887094
974,317,0.0003891429223585
822,1116,0.0003890603256877
280,254,0.0003890176885761
279,1065,0.0003880448057316
1130,940,0.0003876920964103
279,1104,0.0003873252135235
822,984,0.0003869430802296
280,766,0.0003868805069942
494,790,0.0003866965998895
974,1041,0.0003863376623485
291,671,0.0003862660960294
974,1091,0.0003861337609123
478,688,0.0003860818978864
494,293,0.0003858659765683
272,1012,0.0003855996765196
1130,46,0.0003850354987662
267,942,0.0003848903288599
290,86,0.0003845214378088
822,63,0.000383958191378
960,64,0.0003829530032817
1130,922,0.0003829417109955
870,53,0.0003827704640571
1130,611,0.0003826680767815
974,743,0.0003824227896984
279,383,0.0003821666759904
291,736,0.000382077821996
960,692,0.0003819844569079
700,968,0.0003815475793089
188,604,0.0003814994415733
478,497,0.0003808273177128
1130,164,0.0003807607281487
280,1125,0.0003804964653681
291,256,0.0003803404397331
494,892,0.0003797802783083
279,1053,0.0003793828946072
974,241,0.0003790634800679
272,239,0.0003787137102335
280,967,0.0003781086415983
870,117,0.0003779625112656
974,526,0.0003777952224481
822,897,0.0003773415228351
494,884,0.0003773023781832
280,598,0.0003769107861444
291,768,0.0003768818278331
974,165,0.000376720825443
188,118,0.0003767165762837
478,1113,0.0003764428547583
494,139,0.000376149197109
700,738,0.0003758004168048
960,630,0.0003756941878236
279,197,0.000375515432097
870,1117,0.0003754819626919
1106,693,0.0003752546035684
478,426,0.0003751759359147
290,3,0.0003751678450498
700,1021,0.0003750676405616
870,418,0.0003747607988771
700,965,0.0003746884176507
478,288,0.0003742888220585
267,150,0.0003736376529559
291,1032,0.0003734891070052
960,168,0.000373346498236
974,855,0.0003725485003087
272,138,0.0003717945946846
280,192,0.0003716450592037
1003,926,0.0003712211037054
279,142,0.0003711851895786
494,1,0.0003706149000208
291,421,0.0003700043889693
494,883,0.0003695509512908
960,286,0.000369344750652
1130,461,0.0003688553115352
494,735,0.0003683143586385
272,494,0.0003668766876216
280,1017,0.0003663224051706
188,110,0.0003658438217826
1003,345,0.0003649584250524
960,700,0.0003649510617833
870,273,0.0003641875227913
291,241,0.0003640579816419
267,1002,0.0003639469796326
974,408,0.0003635977045632
870,692,0.0003632774751167
478,824,0.0003632411826401
700,50,0.0003632130101323
280,92,0.0003628968261182
1003,320,0.0003625553217716
974,473,0.0003625043609645
700,294,0.0003621067153289
960,170,0.0003617838374339
960,985,0.000361337151844
17,524,0.000360833160812
1003,503,0.0003604030353017
974,419,0.0003603023651521
1130,505,0.0003601298085413
1130,237,0.0003598436887841
494,1031,0.0003592737193685
291,794,0.0003589224943425
188,598,0.0003581265336833
279,909,0.000355887110345
974,258,0.0003549994144123
822,310,0.0003544955397956
279,8,0.0003543472266755
188,1115,0.0003540758625604
700,288,0.0003536221047397
188,360,0.0003536095027811
870,203,0.0003533550770953
478,701,0.0003531111869961
960,1010,0.0003530198009684
494,971,0.0003528453235048
478,950,0.0003526747750584
974,458,0.0003526131331454
267,716,0.0003522683691699
974,1081,0.0003520278842188
272,651,0.0003517908044159
870,750,0.0003515255230013
494,766,0.0003513287228997
272,576,0.0003507095680106
17,483,0.0003506010398268
291,255,0.0003505021159071
279,920,0.0003500727762002
870,1035,0.0003494093834888
700,527,0.0003492693067528
272,588,0.000349208334228
700,482,0.0003490475937724
188,243,0.0003490064118523
1130,496,0.0003479905135463
870,963,0.0003478173166513
291,1075,0.0003476251440588
291,320,0.0003475592238828
974,52,0.0003475217963568
974,324,0.0003472937678452
279,102,0.0003472713869996
478,225,0.0003468634386081
267,1066,0.0003467256901785
700,286,0.000346708955476
494,301,0.0003461320302449
960,846,0.0003457280399743
700,1064,0.0003456671838648
290,798,0.0003455173864495
494,979,0.0003452607488725
272,623,0.0003451239608693
822,916,0.0003450420917943
188,649,0.0003446372284088
974,435,0.0003445979673415
280,426,0.0003445943293627
960,663,0.0003444251487962
279,883,0.0003443811438046
279,806,0.0003435617254581
272,305,0.0003433918172959
188,1089,0.0003430239739827
974,671,0.0003428347408771
280,965,0.0003423995221965
960,1033,0.0003423948364797
494,477,0.0003423251619096
188,999,0.0003419106942601
960,1113,0.0003410413046367
974,585,0.0003409632481634
279,700,0.0003408367338124
478,639,0.0003405223542358
279,838,0.0003404982562642
928,1111,0.0003404390881769
494,534,0.0003401155991014
279,317,0.0003399820125196
279,194,0.0003394555242266
17,364,0.0003392227226868
700,918,0.000339076766977
1130,796,0.0003390607307665
870,1058,0.000338370213285
478,617,0.0003381501301191
822,497,0.0003377990797162
291,595,0.0003376860695425
188,543,0.0003375405503902
272,983,0.0003374541411176
272,156,0.0003372663340996
17,771,0.0003370050981175
822,455,0.0003356703673489
17,857,0.0003352247003931
928,58,0.0003347042656969
478,863,0.0003340983239468
272,247,0.000333979842253
478,760,0.0003337820235174
974,961,0.0003334431385155
1106,306,0.0003334282082505
188,176,0.0003334091743454
188,422,0.0003333415079396
960,1079,0.0003332197957206
974,1061,0.0003327758749946
974,872,0.0003319213865324
960,733,0.0003316367510706
700,426,0.0003304030688013
279,177,0.0003303923294879
700,509,0.0003298844967503
928,309,0.0003296530630905
188,14,0.0003295962524134
494,297,0.0003291377797722
267,319,0.0003291015455033
188,732,0.0003286530845798
974,462,0.0003286407154519
272,638,0.0003286262217443
267,179,0.0003280217642895
280,129,0.0003279753727838
188,1033,0.0003278329386375
700,228,0.0003276215866208
291,60,0.0003273398324381
291,468,0.0003272604080848
279,907,0.0003272022586315
494,837,0.0003265191044192
700,1005,0.0003262469253968
960,13,0.0003261120000388
1045,912,0.0003259918303228
478,535,0.0003258196811657
700,30,0.0003256854251958
822,750,0.0003251594898756
279,679,0.0003244451945647
494,158,0.0003230540896765
974,64,0.0003229512949474
974,1057,0.0003228054556529
279,852,0.0003225941909477
494,840,0.000322502630297
974,734,0.000322238804074
188,842,0.0003220951475668
272,504,0.0003212709561921
279,315,0.0003211063449271
279,691,0.0003203679516445
188,776,0.0003199043567292
291,1060,0.0003197856713086
279,1124,0.0003196036559529
870,613,0.000318690930726
290,445,0.0003186671820003
290,588,0.0003186226531397
272,222,0.0003184924426022
272,461,0.0003184778033755
279,141,0.000317398487823
279,492,0.0003166531678289
700,751,0.0003164751105941
267,495,0.0003163890505675
870,711,0.0003163050860166
974,1131,0.0003161164640914
272,763,0.0003160649503115
870,603,0.0003158158215228
494,1122,0.0003157152968924
822,540,0.0003154310397803
700,1098,0.0003153367433696
188,2,0.0003149679687339
279,81,0.0003149014373775
1130,354,0.0003145069931633
17,957,0.000314340024488
272,913,0.0003142144705634
870,1038,0.0003133503196295
974,827,0.0003131597186438
870,1066,0.0003128473181277
960,765,0.0003125159128103
960,325,0.0003124802897218
960,470,0.0003117865126114
478,731,0.000311210314976
280,7,0.0003110479738097
494,1039,0.0003104427014477
494,431,0.0003104421484749
478,549,0.0003103553899563
1003,611,0.0003094609419349
280,149,0.0003090265381615
17,258,0.0003087479854002
700,953,0.0003086538054049
279,949,0.0003084244963247
700,1057,0.0003081473696511
870,1131,0.0003081242321059
449,605,0.0003078824956901
494,939,0.0003076845023315
272,566,0.0003074443666264
974,984,0.0003072381077799
291,711,0.0003071814717259
280,554,0.000306764151901
291,773,0.000306485017063
279,162,0.0003062764881178
928,850,0.0003062126634176
478,545,0.0003059054724872
188,610,0.0003056023851968
700,779,0.0003055513079743
960,91,0.0003054764820262
267,833,0.0003054574481211
700,115,0.0003054023545701
960,829,0.0003051248495467
290,1121,0.0003041132295038
279,764,0.0003039688745047
974,754,0.0003036372363567
17,222,0.0003026527992915
974,938,0.0003025060577783
478,789,0.0003022075106855
960,790,0.0003020276490133
188,693,0.0003015482798218
272,119,0.0003001621516887
272,990,0.0002999595890287
960,430,0.0002993038215208
494,492,0.0002985403407365
974,457,0.0002983507001772
188,135,0.0002983045997098
822,1058,0.0002973058144561
280,11,0.0002962924481835
494,754,0.0002955753006972
870,879,0.0002952765498775
1003,383,0.0002952333015855
290,376,0.0002951024507638
1130,591,0.0002950960188172
1130,1110,0.0002948051842395
1106,722,0.0002947132161352
17,1068,0.000294457306154
928,218,0.0002942727296613
960,1050,0.0002942662977147
272,838,0.0002941918792203
700,571,0.0002939694677479
478,418,0.0002937669632956
279,43,0.0002936950186267
272,806,0.0002932462084572
280,1043,0.0002930755144916
17,899,0.0002930362243205
291,519,0.0002928910253103
1130,54,0.0002927177702076
960,479,0.0002917497477028
17,488,0.0002915052464231
974,892,0.0002912768104579
974,695,0.0002912661875598
290,772,0.0002907819289248
960,1099,0.0002897618687711
279,526,0.0002897238591685
960,777,0.0002897204249165
1130,718,0.0002892195479944
279,699,0.0002889844763558
870,764,0.0002889839524868
279,757,0.0002884877612814
272,560,0.0002883043489418
700,342,0.0002881215768866
494,524,0.0002880783576983
279,114,0.0002867819857783
974,1021,0.0002862303808797
870,54,0.0002860359672922
870,1036,0.0002858839288819
478,151,0.0002858140214812
291,948,0.0002856080245692
267,900,0.0002855175989679
267,855,0.0002852177130989
188,48,0.000284989568172
272,446,0.0002846221323125
267,638,0.0002841387467924
928,598,0.0002840729430317
960,488,0.0002838966611307
870,276,0.0002838351938407
267,926,0.0002836680214386
272,748,0.0002835816412698
974,530,0.0002834548358805
280,324,0.0002831497404258
272,1057,0.0002831363526638
1130,889,0.0002829878649208
291,254,0.0002827325952239
279,730,0.0002822251990437
700,515,0.0002820822992362
494,983,0.0002815828484017
870,693,0.000280910055153
700,199,0.0002805441617965
494,1126,0.0002804621180985
870,696,0.0002802316448651
291,123,0.0002801204391289
870,443,0.0002800416841637
974,400,0.0002797762281261
272,959,0.0002790357975754
17,284,0.0002783196978271
272,754,0.0002782947558443
700,920,0.0002782126830425
188,412,0.0002778933558147
188,446,0.0002776963519863
280,1070,0.0002776953042484
291,828,0.0002763529191724
494,274,0.0002758336777333
272,68,0.000275316851912
279,167,0.0002740545023698
960,695,0.0002733487344812
700,188,0.0002732856955844
279,997,0.0002731918939389
960,876,0.0002725012018345
960,616,0.0002721936034504
870,917,0.0002714208385441
974,228,0.0002712365821935
17,535,0.0002704740036278
1130,156,0.0002698324096854
870,315,0.000268956151558
188,884,0.0002683536440599
272,226,0.0002680613251868
870,578,0.0002674396673683
1130,632,0.0002674162678886
960,400,0.0002673850394785
478,911,0.0002671465044841
974,804,0.0002655964344739
272,1030,0.0002655490825418
279,393,0.0002654681447893
17,430,0.0002642469189595
974,323,0.0002640266902744
267,186,0.0002638548030517
17,1076,0.0002638532896526
974,248,0.0002638506994117
279,214,0.0002638264559209
974,875,0.0002635142300277
1130,700,0.0002634890261106
290,1027,0.0002632830583024
291,192,0.0002630444068927
494,178,0.0002628141955938
960,1065,0.0002624545886646
494,1013,0.0002623561886139
700,439,0.0002622684114612
928,904,0.0002610927622299
272,640,0.0002609266375657
700,1087,0.0002606418565846
870,551,0.0002603979373816
188,813,0.0002597661805339
960,519,0.0002596458944026
1130,573,0.0002582844172138
478,667,0.0002578634303063
1045,49,0.0002578473940957
291,994,0.0002571861550677
700,432,0.0002571615041233
494,414,0.0002557814295869
928,728,0.0002557199914008
279,1114,0.000254679005593
188,538,0.0002537928812671
974,465,0.0002531387726776
494,1011,0.000252982485108
272,180,0.0002527561737224
290,563,0.0002526106545701
188,697,0.0002523785806261
279,337,0.0002518060791771
279,271,0.000250696146395
449,310,0.0002506272285245
188,505,0.0002506108721718
478,223,0.000250521232374
974,142,0.0002505031297914
290,293,0.0002505013835616
17,18,0.0002494289365131
272,670,0.0002494264626875
974,905,0.0002488182508386
272,53,0.0002483606804162
188,420,0.0002482029085513
974,1095,0.0002480895782355
974,771,0.0002479517715983
280,263,0.0002468393940944
700,356,0.00024641957134
279,1013,0.000246040726779
290,906,0.0002457545488141
1130,185,0.0002454312343616
188,390,0.0002447295992169
960,319,0.0002443240955471
188,109,0.0002443179255351
960,328,0.0002442656259518
960,854,0.0002440451498841
700,538,0.0002440075622871
17,855,0.0002437212096992
1045,612,0.0002434130292385
272,282,0.0002432303299428
870,756,0.0002420251112198
279,991,0.0002418623334961
700,34,0.000241359201027
280,230,0.000240759763983
960,978,0.0002405359846306
974,810,0.0002395750052528
1130,435,0.0002395483024884
478,1129,0.0002391228626947
478,632,0.0002391091402387
188,329,0.0002387055428698
478,750,0.0002386610722169
700,976,0.0002384027320658
960,447,0.000238106411416
974,645,0.0002380433143116
870,498,0.0002378780336584
279,1015,0.0002371419395785
279,937,0.0002369590656599
267,817,0.0002369332360103
272,633,0.0002368391433265
974,979,0.0002367711131228
1130,1052,0.0002365942782489
272,824,0.0002356035547563
272,126,0.0002356033073738
928,24,0.0002352117007831
960,864,0.0002348152047488
822,363,0.0002347390836803
280,557,0.0002345328830415
960,1066,0.0002343746164115
870,330,0.0002335212338948
928,668,0.0002334845339646
188,177,0.0002333344164071
974,251,0.0002331670839339
1003,948,0.0002322843356523
291,16,0.0002318710612598
960,244,0.0002316308673471
494,312,0.0002314762386959
960,132,0.0002314388111699
272,75,0.0002306819951627
188,1108,0.0002304918161826
478,303,0.0002304215886397
974,325,0.0002302395296283
974,206,0.0002302016655448
494,0,0.0002301564381923
267,648,0.0002301436616107
291,686,0.0002300315100001
279,1070,0.0002295553131261
291,488,0.0002295384620083
478,1047,0.0002293879369972
974,1052,0.0002292772260261
1130,863,0.0002291849814355
974,800,0.000228991426411
280,1129,0.0002289538679178
267,488,0.0002287084789713
267,545,0.0002280664921272
960,822,0.0002278019092045
478,461,0.0002272178244311
870,20,0.0002269404067192
700,1070,0.0002268554380862
960,1083,0.0002267516247229
280,794,0.0002266996743855
960,287,0.0002261864719912
188,368,0.0002260093751829
960,800,0.0002258648019051
279,556,0.0002257487212773
494,1067,0.0002253990678582
279,112,0.0002241993934148
700,762,0.0002241160837002
291,803,0.0002236968430224
188,941,0.0002236934669781
494,112,0.0002236141444882
700,988,0.00022293611255
494,826,0.0002224109775852
291,350,0.0002215264248661
291,368,0.0002210026868851
272,420,0.0002206390054197
494,50,0.0002206251811003
291,1050,0.0002201206516474
822,162,0.0002183744654757
279,590,0.0002183346368838
494,160,0.0002179059811169
928,190,0.0002178216091124
974,1000,0.0002177750866394
494,922,0.0002177248097723
188,335,0.000217594919377
478,277,0.0002170965017285
280,503,0.0002168420323869
478,157,0.0002167348429793
494,738,0.000216289787204
1130,323,0.0002162524760933
494,957,0.0002160628937417
267,14,0.0002158082934329
974,551,0.000215542197111
1045,642,0.0002153903478756
822,128,0.0002153496607206
870,918,0.0002152801171177
1130,438,0.0002144994941772
974,140,0.0002144671016139
17,78,0.0002142282173736
974,139,0.0002139171556336
960,1114,0.0002138503623427
290,858,0.0002138046402251
279,73,0.0002136810071533
974,350,0.0002134389942511
279,477,0.0002134292008122
279,881,0.0002133689704351
280,650,0.0002125591272488
960,404,0.0002124320017173
1003,64,0.0002118921256624
960,143,0.0002117414405802
494,416,0.0002116612158715
700,201,0.0002115243114531
1130,921,0.0002111052745021
272,103,0.0002110911736963
272,174,0.0002103342121699
494,1010,0.0002098835393553
1130,1040,0.0002093784132739
494,817,0.0002093060757033
974,466,0.0002092682989314
960,1093,0.0002086481399601
17,368,0.0002084928564727
870,770,0.0002083228755509
494,809,0.0002082515711663
870,2,0.0002081850252579
960,863,0.0002080669510178
279,1126,0.0002080218546325
188,514,0.0002077987592201
870,394,0.0002064982400042
960,975,0.0002060514816548
272,218,0.0002053157659247
974,427,0.0002052590280072
279,551,0.0002051285846391
279,947,0.0002046126464847
290,193,0.000204556636163
478,325,0.0002043305867118
478,186,0.0002039825631072
974,1045,0.0002036589139606
279,750,0.0002029948518611
17,1098,0.0002025560825131
974,691,0.000202545459615
870,895,0.0002022324915742
700,418,0.0002016192738665
272,552,0.0002016000071307
700,907,0.0002011786273214
870,212,0.0002011265460168
1003,505,0.0002009874588111
17,816,0.0002008473238674
700,940,0.0002003303234232
1130,764,0.0002000979002332
960,186,0.0001998829538933
494,503,0.0001998653751797
974,638,0.0001985915005207
494,313,0.0001984784321393
974,399,0.0001984040136449
870,852,0.0001978384534595
1130,490,0.0001976255734916
1130,118,0.0001967324933502
272,649,0.0001967047428479
974,1017,0.0001965083647519
272,869,0.0001964019029401
960,200,0.0001962333335541
1106,1014,0.0001961603556992
280,866,0.0001960960653377
494,125,0.0001959268556674
188,318,0.0001951373706106
870,626,0.0001951284648384
700,994,0.0001947564451256
267,403,0.0001945630210684
267,345,0.0001945208787219
974,722,0.0001944802497746
1130,418,0.000194321910385
960,260,0.0001938631030498
870,783,0.0001937233173521
272,730,0.0001933704334078
700,954,0.0001932851882884
870,1103,0.0001931928127305
280,485,0.0001924619573401
290,523,0.0001922065857797
870,162,0.0001921117946039
449,266,0.0001918151974678
267,130,0.0001916189357871
279,115,0.0001912276347866
1130,130,0.0001912203297251
960,799,0.0001910899300128
1130,736,0.0001904309319797
267,1120,0.0001903223455883
870,793,0.0001901597715914
478,463,0.0001894582819659
960,837,0.00018932436069
960,603,0.0001885365782072
291,14,0.0001884149678517
291,8,0.0001881625503301
280,752,0.0001879071642179
267,798,0.0001875696325441
17,5,0.0001867875980678
960,461,0.0001867180108092
279,970,0.0001865529629867
188,1058,0.0001865139347501
1003,687,0.0001864448713604
272,276,0.0001864234218373
279,608,0.0001864039659267
272,963,0.0001853927242336
280,518,0.0001853446156019
1130,366,0.0001851376582635
822,705,0.0001850939879659
279,579,0.0001844046491896
870,928,0.0001840632903622
700,158,0.0001838710159063
700,1037,0.0001838624302763
272,1006,0.0001838553289417
870,342,0.0001832706475397
1106,223,0.0001826983498176
279,154,0.0001824317878345
17,255,0.0001821015757741
279,984,0.0001819795725168
272,564,0.0001817340962588
272,157,0.0001815253781387
870,420,0.0001807775552151
267,741,0.0001801743055693
870,645,0.0001793979026842
188,399,0.0001781688770279
272,1008,0.000177783993422
188,651,0.0001776383287506
1130,909,0.0001773490948835
700,1052,0.0001771148818079
494,418,0.0001768512738635
974,358,0.000176309258677
272,89,0.000175850756932
279,149,0.0001750006485963
290,965,0.0001747777714626
700,895,0.0001747751812217
1003,935,0.0001747676578816
188,495,0.0001747650821926
272,447,0.0001744326873449
870,1082,0.0001743559987517
960,610,0.0001732096425257
974,821,0.0001729520590743
494,1088,0.0001728131319396
494,642,0.00017248072254
188,516,0.000171599938767
188,97,0.0001715905091259
1045,605,0.0001715526886982
280,1085,0.0001713563397061
494,372,0.0001712390076136
1045,956,0.0001709250791464
494,964,0.000170791929122
272,203,0.0001704785536276
267,950,0.0001701792643871
272,854,0.0001696261460892
494,142,0.0001695023529464
700,446,0.0001694138336461
960,641,0.0001693443919066
928,1110,0.0001692195364739
272,385,0.0001684472517808
960,1064,0.0001684369490249
1130,981,0.0001682196889305
494,824,0.0001681373105384
960,969,0.0001680241257417
974,837,0.0001677475520409
960,444,0.000167479229276
272,83,0.0001670814817771
291,101,0.0001660396665101
291,260,0.0001659660338191
17,14,0.0001657683897064
494,256,0.0001655560627114
478,805,0.0001653622603043
494,690,0.0001652670180192
267,1008,0.000165237186593
974,697,0.0001652302307775
272,0,0.0001650898047955
17,1102,0.000164960802067
1130,1117,0.0001648436591494
700,302,0.0001646989258006
279,170,0.0001644820731598
188,174,0.0001640271948417
974,1063,0.0001631603954592
974,531,0.000163125761901
17,731,0.000162929718499
17,766,0.0001626549637876
272,521,0.0001626498851692
279,385,0.0001620297989575
272,232,0.0001618190435692
17,122,0.0001610026374692
960,1003,0.0001597564405528
188,1036,0.0001588432351127
272,162,0.0001580984680913
494,487,0.0001578445371706
280,59,0.0001570873573655
974,486,0.0001569754385855
974,735,0.0001565787679282
279,466,0.0001561910175951
267,728,0.0001559037918923
17,495,0.0001553079200675
279,245,0.0001551973837194
478,515,0.0001548544241813
280,745,0.0001544069236842
291,1037,0.0001543157122796
291,1010,0.0001542000536574
1106,464,0.0001541785604786
700,786,0.0001540049852337
700,238,0.0001535986521048
822,325,0.0001527172280475
279,456,0.0001524262479506
1003,1049,0.0001523032842669
974,1020,0.000151700747665
290,286,0.0001505233813077
1045,173,0.0001497014600317
494,90,0.0001496930781286
279,1120,0.0001491581497248
17,946,0.0001491080765845
700,481,0.0001489131682319
279,729,0.000148324194015
974,587,0.0001483103987993
272,465,0.0001479531783843
279,1031,0.0001475897588534
272,416,0.0001471719588153
17,418,0.0001469589187763
700,221,0.0001469453272875
272,7,0.0001467791444156
870,976,0.0001467115362174
960,973,0.0001448543625883
279,74,0.0001447038084734
449,66,0.0001443619548808
290,1099,0.0001438380859326
478,1002,0.0001432554272469
279,615,0.0001419965119566
1130,330,0.0001415647566318
280,616,0.0001415134465787
974,183,0.0001414151629433
974,264,0.0001411957055097
1045,1009,0.0001411452249158
494,745,0.0001409579417668
974,424,0.0001407378440489
272,412,0.0001403430069331
974,826,0.000140188873047
494,846,0.0001396823936374
494,184,0.0001392082049278
822,241,0.0001388645468978
960,37,0.0001385894429404
700,591,0.0001384778443025
272,847,0.000138124305522
1130,81,0.0001376048749079
700,556,0.000137400929816
870,655,0.0001371313846902
272,441,0.0001362716138828
279,505,0.0001360823662253
974,690,0.0001360584283247
291,342,0.0001351070968667
700,729,0.0001347271172562
478,634,0.0001346012868452
960,210,0.000133993307827
700,1028,0.0001330375816905
279,130,0.0001326004130532
974,738,0.0001323449832852
291,25,0.0001322864409303
870,936,0.0001320750598097
279,621,0.0001311678352067
188,992,0.00013110821601
974,547,0.0001311014493694
17,688,0.0001307969650952
974,125,0.0001306854828726
280,311,0.0001300654112128
700,374,0.0001298976567341
960,475,0.0001298955612583
700,186,0.0001298374409088
960,229,0.0001298195129493
870,27,0.0001294591493206
272,69,0.0001292926317546
17,863,0.0001292657107114
290,835,0.000128604384372
960,595,0.0001282007142435
478,79,0.0001279870484722
974,630,0.0001274908718187
272,61,0.0001274742971872
700,934,0.0001274684764211
960,75,0.0001271160581381
291,316,0.000126990431454
272,767,0.0001269662752747
272,418,0.0001267822226509
700,781,0.0001261806901311
1130,21,0.0001259569835383
1130,45,0.00012581970077
272,1054,0.0001249276247108
279,207,0.0001248034095624
974,556,0.0001247337058885
960,352,0.000124103957205
870,400,0.0001235457893926
870,593,0.000123134770547
494,750,0.0001229845802299
272,656,0.0001224921288667
974,456,0.0001224631268996
974,416,0.0001223137078341
279,549,0.00012213519949
494,674,0.000121902587125
17,319,0.0001218831093865
494,430,0.0001217018798342
280,845,0.0001214878502651
1130,107,0.0001214740768773
478,869,0.0001214039511978
494,156,0.0001213523428305
974,946,0.0001211364433402
188,463,0.0001209932088386
870,494,0.000120875207358
1130,673,0.00012081307068
290,1124,0.0001207822933793
291,419,0.0001206087981699
279,734,0.0001205869048135
494,455,0.0001205045409733
291,936,0.0001204061845783
822,646,0.0001202222483698
1045,85,0.0001201333216158
17,1043,0.0001193977950606
974,1016,0.0001192093113786
291,547,0.0001190117982332
272,572,0.0001184411521535
960,507,0.0001177449084934
960,139,0.0001176359000965
700,985,0.0001176167716039
280,412,0.0001172817355836
17,871,0.0001170084869954
700,975,0.000116962561151
272,197,0.0001168384333141
272,585,0.0001162548578577
272,1022,0.0001157767037511
272,993,0.0001155856298282
974,63,0.0001155309219029
267,224,0.0001154644924099
272,338,0.0001153527919086
17,151,0.0001147262810263
272,946,0.0001144157577073
700,316,0.000114348164061
279,655,0.000114134454634
272,709,0.0001140279564424
279,241,0.0001138235966209
272,618,0.0001137669532909
494,243,0.0001136873688665
494,731,0.0001134932899731
1130,750,0.0001133627083618
1106,1002,0.0001133618279709
291,286,0.0001130962773459
188,520,0.0001130219825427
1130,800,0.0001127967916545
494,568,0.0001127866926253
188,608,0.0001126694041886
960,62,0.0001125273920479
280,868,0.0001125188500736
272,841,0.000112056841317
272,196,0.0001118279833463
17,1088,0.0001117073334171
974,765,0.0001116862767958
960,27,0.0001112521567847
279,484,0.0001111499150283
870,401,0.000110914974357
974,418,0.0001108994983951
272,519,0.0001106097188312
1045,169,0.0001105960909626
188,692,0.0001105827541323
974,447,0.0001105661285691
974,963,0.00011030917085
279,765,0.0001100127774407
272,115,0.0001099897854146
101,1019,0.0001098574794013
700,629,0.0001096640989999
272,558,0.0001095536572393
478,736,0.0001089881188818
267,750,0.0001085018157027
974,430,0.000108333704702
272,981,0.0001083014649339
272,945,0.0001077318374882
960,974,0.0001075759937521
960,750,0.0001075223262887
974,127,0.0001073802122846
291,723,0.0001073102321242
279,898,0.000107194406155
272,823,0.000107139814645
272,488,0.0001069534628186
870,151,0.0001068426499841
494,612,0.000106710322143
272,1023,0.000106650244561
272,435,0.0001065640826709
494,298,0.000106404077087
700,1020,0.0001061331640812
272,436,0.0001060153299476
960,823,0.00010593389743
960,574,0.0001057730187312
974,596,0.0001056538676493
960,623,0.000105634520878
1045,1074,0.0001053909218171
272,832,0.0001047609111992
279,458,0.0001047526311594
272,353,0.0001046158722601
272,78,0.00010445145017
974,298,0.0001041316136252
974,122,0.0001039273774949
279,795,0.0001035117966239
272,350,0.000103402599052
974,191,0.0001033302105497
494,872,0.0001027823163894
280,1067,0.0001027753896778
272,292,0.0001027167018037
272,63,0.0001026893296511
700,301,0.0001025847013806
279,1055,0.0001025704259518
870,1057,0.0001024767479975
279,585,0.0001024665907607
291,172,0.0001022674332489
272,1017,0.0001022418437059
272,889,0.0001020676136249
870,1006,0.0001017486065393
700,865,0.0001017307367874
974,172,0.0001010585619951
272,793,0.0001008191684377
291,319,0.000100747020042
700,767,0.0001005888771032
291,750,0.0001005368685582
822,98,0.000100195640698
478,975,0.0001000511838356
1130,875,9.99352050712332e-05
960,446,9.976420551538467e-05
279,650,9.961429896065964e-05
960,422,9.940080781234428e-05
280,838,9.931009117281064e-05
272,681,9.920374577632174e-05
1130,723,9.908325591823086e-05
272,316,9.903266618493944e-05
700,945,9.88757674349472e-05
1130,32,9.856389806373043e-05
974,897,9.854933159658684e-05
1130,171,9.851666254689916e-05
1130,19,9.836091339820996e-05
700,54,9.78943717200309e-05
494,1059,9.767097799340264e-05
870,364,9.760861576069146e-05
822,301,9.742168185766786e-05
974,603,9.735699859447776e-05
272,750,9.716169006424023e-05
272,1077,9.700762166175993e-05
974,929,9.69846805674024e-05
279,788,9.692010644357651e-05
272,718,9.691689047031105e-05
272,366,9.691016748547554e-05
822,966,9.669354039942846e-05
279,380,9.663581295171753e-05
870,1022,9.657890041125938e-05
272,728,9.632894943933934e-05
272,339,9.627700637793168e-05
272,390,9.608288382878528e-05
700,13,9.581367339706048e-05
700,642,9.57608936005272e-05
272,976,9.560499165672808e-05
272,478,9.559794125379996e-05
494,933,9.54520801315084e-05
279,478,9.540657629258932e-05
279,151,9.530558600090444e-05
291,915,9.522350592305884e-05
494,77,9.510543895885348e-05
700,464,9.489361400483176e-05
272,334,9.483692701905966e-05
279,45,9.475316619500518e-05
17,455,9.467270865570754e-05
870,540,9.459750435780734e-05
960,840,9.453111124457791e-05
272,1070,9.425651660421865e-05
272,1052,9.424662130186334e-05
279,963,9.408099140273408e-05
272,593,9.396355744684116e-05
974,750,9.387505269842222e-05
279,135,9.35923890210688e-05
272,294,9.346205479232594e-05
272,691,9.315117495134471e-05
478,243,9.307250729762018e-05
1130,1016,9.299347584601492e-05
272,133,9.295949712395668e-05
960,959,9.27711371332407e-05
494,98,9.272144961869344e-05
272,112,9.271940507460386e-05
272,751,9.2626731202472e-05
279,449,9.256509656552224e-05
272,259,9.223072993336244e-05
974,446,9.1733003500849e-05
870,771,9.158768079942092e-05
272,1068,9.156310989055784e-05
290,626,9.149099059868604e-05
1130,933,9.143829811364412e-05
700,824,9.133300045505166e-05
974,101,9.125722135649994e-05
272,745,9.119132300838828e-05
974,436,9.085107740247622e-05
279,1069,9.068436338566244e-05
974,19,9.066421625902876e-05
280,106,9.06185814528726e-05
1130,144,9.045525803230704e-05
494,975,9.033806418301538e-05
272,925,9.020329889608548e-05
272,629,9.016055264510214e-05
279,430,9.004020103020594e-05
974,115,8.996797259896994e-05
700,514,8.993242227006704e-05
272,46,8.977643301477656e-05
960,1025,8.967263420345262e-05
272,687,8.96065030246973e-05
870,1054,8.96026031114161e-05
272,1053,8.952053030952811e-05
494,851,8.945579611463472e-05
494,771,8.939958934206516e-05
290,1049,8.939100371208042e-05
974,704,8.935741789173335e-05
272,284,8.933955541579053e-05
974,500,8.910878386814147e-05
279,576,8.901279943529516e-05
272,1055,8.893731865100563e-05
494,346,8.852035534800962e-05
272,448,8.845685806591064e-05
700,52,8.845650881994516e-05
280,798,8.842172974254936e-05
1130,127,8.834508480504155e-05
291,1085,8.828133286442608e-05
279,63,8.825630357023329e-05
17,975,8.816705667413771e-05
1130,975,8.813430758891627e-05
272,430,8.806119876680896e-05
1130,959,8.801600051810965e-05
478,63,8.790439460426569e-05
272,699,8.780168718658388e-05
700,353,8.777449693297967e-05
279,643,8.75514087965712e-05
700,380,8.754357986617833e-05
279,436,8.745656668907031e-05
974,959,8.742962381802499e-05
960,172,8.721728954697028e-05
700,289,8.715156582184136e-05
870,356,8.71161901159212e-05
272,614,8.70675066835247e-05
279,921,8.702416380401701e-05
494,625,8.657771832076833e-05
267,1106,8.650797099107876e-05
188,650,8.6482337792404e-05
974,1031,8.646193600725383e-05
279,290,8.646191417938098e-05
272,1118,8.641761087346822e-05
290,1064,8.627802890259773e-05
267,328,8.627500210423023e-05
188,172,8.604462345829234e-05
700,157,8.603538299212232e-05
478,37,8.593806705903262e-05
1130,861,8.575150422984734e-05
960,174,8.536370296496898e-05
272,295,8.530773629900068e-05
17,113,8.516458910889924e-05
700,630,8.503960998496041e-05
188,784,8.463712583761662e-05
272,396,8.462892583338544e-05
272,168,8.461520337732509e-05
272,668,8.444765262538567e-05
960,496,8.442097168881446e-05
291,434,8.435049676336348e-05
494,356,8.40952416183427e-05
272,904,8.409301517531276e-05
478,45,8.40834472910501e-05
700,183,8.402771345572546e-05
700,300,8.392139716306701e-05
17,725,8.386187982978299e-05
272,895,8.363465167349204e-05
279,117,8.357731712749228e-05
272,853,8.354397868970409e-05
974,290,8.353974408237264e-05
870,975,8.335238817380741e-05
700,548,8.329012780450284e-05
822,369,8.319357584696263e-05
700,76,8.317155879922211e-05
700,553,8.274886931758374e-05
188,1068,8.272670675069094e-05
1130,259,8.260487084044144e-05
279,259,8.249744132626802e-05
1130,356,8.246804645750672e-05
17,294,8.220188465202227e-05
1130,100,8.219017763622105e-05
960,841,8.199083094950765e-05
974,356,8.197963325073943e-05
960,122,8.192885434255004e-05
960,572,8.182838064385578e-05
700,328,8.159589924616739e-05
974,831,8.139524288708344e-05
478,122,8.118090045172721e-05
272,508,8.107082976493984e-05
279,89,8.105584856821224e-05
272,128,8.102109131868929e-05
960,331,8.100152626866475e-05
280,834,8.09611301519908e-05
1130,885,8.089958282653242e-05
272,262,8.089598850347102e-05
700,338,8.078728569671512e-05
279,973,8.077278471319005e-05
974,948,8.068516035564244e-05
870,629,8.046179573284462e-05
870,933,8.014709601411596e-05
279,485,8.008941222215071e-05
272,127,7.991662278072909e-05
974,263,7.977888162713498e-05
291,450,7.974799518706277e-05
272,985,7.954442844493315e-05
870,710,7.945912511786446e-05
974,1120,7.9413024650421e-05
870,4,7.931510481284931e-05
974,755,7.922671647975221e-05
279,203,7.908334373496473e-05
478,572,7.904892845544964e-05
494,375,7.90422418504022e-05
1130,801,7.904168160166591e-05
279,653,7.895131420809776e-05
960,180,7.878701580921188e-05
272,818,7.854119030525908e-05
279,400,7.850545807741582e-05
960,654,7.835323049221188e-05
974,215,7.814606215106323e-05
700,982,7.798826845828444e-05
290,736,7.761062443023548e-05
280,357,7.75495936977677e-05
272,357,7.753111276542768e-05
272,517,7.75080916355364e-05
272,122,7.745076436549425e-05
1130,64,7.744444155832753e-05
974,27,7.730288052698597e-05
1130,348,7.723987801000476e-05
974,541,7.692475628573447e-05
279,215,7.691939390497282e-05
1130,382,7.691809150855988e-05
17,356,7.686276512686163e-05
279,264,7.677228859392926e-05
700,123,7.669449405511841e-05
870,497,7.656296656932682e-05
272,607,7.649394683539867e-05
974,759,7.647948950761929e-05
700,893,7.647634629392996e-05
279,768,7.635974179720506e-05
822,1073,7.632761116838083e-05
974,1029,7.627237209817395e-05
272,815,7.615642243763432e-05
974,382,7.615012873429805e-05
272,810,7.613634807057679e-05
272,831,7.608408486703411e-05
267,644,7.587504660477862e-05
272,1020,7.575813651783392e-05
291,214,7.537218334618956e-05
494,765,7.534403266618028e-05
494,1001,7.531381561420858e-05
279,133,7.529336289735511e-05
272,84,7.525227556470782e-05
700,277,7.506336987717077e-05
960,1043,7.498799823224545e-05
17,765,7.497876504203305e-05
870,897,7.489736890420318e-05
272,123,7.480310159735382e-05
974,117,7.466458191629499e-05
1130,506,7.460337656084448e-05
267,169,7.45774814276956e-05
1003,518,7.456571620423347e-05
291,689,7.418206223519519e-05
974,170,7.417164306389168e-05
17,454,7.407688826788217e-05
700,559,7.40481264074333e-05
974,26,7.399611786240712e-05
272,199,7.387547520920634e-05
494,193,7.370628736680374e-05
272,965,7.364728662651032e-05
279,940,7.360633026110008e-05
1045,158,7.356091373367235e-05
272,603,7.353870751103386e-05
974,168,7.344985351664945e-05
478,845,7.334326801355928e-05
974,581,7.328141509788111e-05
272,710,7.321666635107249e-05
494,107,7.317736162804067e-05
272,1016,7.311111403396353e-05
272,669,7.30608735466376e-05
974,992,7.282834849320352e-05
974,975,7.267824548762292e-05
974,548,7.257644028868526e-05
974,437,7.235401426441967e-05
700,757,7.23365374142304e-05
291,572,7.228228787425905e-05
291,243,7.218839164124802e-05
188,384,7.213014760054648e-05
279,560,7.208435272332281e-05
272,45,7.19855961506255e-05
1106,227,7.172295590862632e-05
17,770,7.163714326452464e-05
1130,795,7.163688133005053e-05
272,874,7.156293577281758e-05
272,1105,7.149124576244503e-05
960,356,7.149088196456432e-05
272,583,7.143825496314093e-05
272,1122,7.143455877667293e-05
700,213,7.142532558646053e-05
272,1120,7.117884524632245e-05
272,140,7.113086030585691e-05
700,318,7.112615276128054e-05
974,10,7.10589811205864e-05
700,681,7.100121001712978e-05
279,727,7.095015462255105e-05
272,4,7.091298175510019e-05
960,940,7.089676364557818e-05
17,985,7.088755955919623e-05
272,634,7.081542571540922e-05
870,945,7.080701470840722e-05
974,188,7.074140012264252e-05
279,603,7.060743519105017e-05
188,1030,7.060600182740018e-05
272,1114,7.059561175992712e-05
272,1106,7.058894698275253e-05
700,951,7.054897287162021e-05
870,10,7.053129957057536e-05
974,364,7.042464130790904e-05
272,372,6.993275746935979e-05
272,807,6.989552639424801e-05
280,808,6.987307278905064e-05
279,300,6.964562635403126e-05
974,328,6.961571489227936e-05
280,547,6.957801815588027e-05
279,161,6.954572745598853e-05
291,771,6.95373528287746e-05
279,1122,6.951645627850667e-05
700,879,6.93628826411441e-05
272,975,6.93222027621232e-05
700,521,6.930356175871566e-05
1130,292,6.929463415872306e-05
17,1113,6.925563502591103e-05
17,992,6.923062028363347e-05
272,881,6.920718442415819e-05
1130,771,6.91692839609459e-05
974,488,6.916607526363805e-05
1130,433,6.915216363267973e-05
960,115,6.910457159392536e-05
279,925,6.905490590725094e-05
291,862,6.896389095345512e-05
870,180,6.896047852933407e-05
478,210,6.887182098580524e-05
870,288,6.887046038173139e-05
974,505,6.877795385662466e-05
494,545,6.869593926239759e-05
272,105,6.86618805048056e-05
1130,460,6.862883310532197e-05
279,302,6.861157453386113e-05
700,585,6.860598659841344e-05
1130,419,6.848062184872106e-05
1130,180,6.84768456267193e-05
1130,572,6.83545003994368e-05
974,163,6.830340134911239e-05
279,119,6.806393503211439e-05
272,948,6.799229595344514e-05
960,1001,6.775138899683952e-05
1130,507,6.762175326002762e-05
1106,765,6.756355287507176e-05
1130,436,6.750760803697631e-05
494,722,6.7258755734656e-05
291,616,6.713569018756971e-05
974,300,6.712409958709031e-05
272,327,6.696704076603055e-05
272,742,6.696348282275721e-05
700,1022,6.692239549010992e-05
272,958,6.683141691610217e-05
188,140,6.680739898001775e-05
272,207,6.680274236714467e-05
279,519,6.673300958937034e-05
974,660,6.671367009403184e-05
494,333,6.669996946584433e-05
279,748,6.654977914877236e-05
700,1129,6.651870353380218e-05
700,496,6.651375588262454e-05
870,675,6.64682374917902e-05
279,801,6.64239123580046e-05
279,1111,6.64012914057821e-05
272,924,6.637577462242916e-05
960,90,6.627906259382144e-05
1003,808,6.623973604291677e-05
494,897,6.623459921684116e-05
974,958,6.616735481657088e-05
494,300,6.615652819164097e-05
974,980,6.611435674130917e-05
280,198,6.607850809814408e-05
1130,743,6.606413080589846e-05
17,902,6.58628559904173e-05
267,243,6.583434151252732e-05
267,321,6.580859189853072e-05
272,667,6.571188714588061e-05
870,741,6.56933116260916e-05
960,324,6.567852688021958e-05
1130,299,6.566591036971658e-05
974,394,6.565743387909606e-05
279,139,6.564884824911132e-05
700,669,6.561679037986323e-05
494,773,6.560382462339476e-05
272,957,6.558571476489305e-05
291,695,6.557010783581063e-05
494,541,6.55666517559439e-05
494,784,6.55472103971988e-05
272,771,6.535283318953589e-05
272,329,6.53475071885623e-05
1130,151,6.533138366648927e-05
974,880,6.528935773530975e-05
279,97,6.519255111925304e-05
494,1070,6.51660084258765e-05
272,227,6.51042428216897e-05
17,19,6.503798795165494e-05
188,980,6.50174988550134e-05
279,446,6.487630162155256e-05
974,357,6.48462082608603e-05
974,928,6.479294825112447e-05
1130,593,6.468700303230435e-05
188,204,6.465872138505802e-05
478,505,6.429616041714326e-05
272,920,6.42307786620222e-05
272,599,6.423021841328591e-05
188,515,6.422284786822274e-05
974,558,6.419714190997183e-05
279,1068,6.416980613721535e-05
494,893,6.416864198399708e-05
478,319,6.408141780411825e-05
1130,1079,6.402971484931186e-05
272,167,6.396250682882965e-05
272,917,6.396029493771493e-05
974,801,6.39495046925731e-05
272,671,6.39293430140242e-05
272,266,6.389703776221722e-05
291,976,6.3853629399091e-05
272,693,6.373610813170671e-05
974,763,6.371711060637608e-05
960,167,6.36637705611065e-05
279,98,6.365682929754257e-05
272,677,6.353654316626489e-05
279,236,6.341154949041083e-05
279,144,6.33062154520303e-05
974,292,6.314845813903958e-05
272,549,6.311082688625902e-05
494,755,6.305754504865035e-05
700,933,6.305108399828896e-05
279,375,6.30292997811921e-05
188,924,6.302928522927687e-05
291,10,6.299587403191254e-05
974,824,6.289391603786498e-05
870,553,6.282743561314419e-05
280,1025,6.259950896492228e-05
188,948,6.248934369068593e-05
279,553,6.234137254068628e-05
291,591,6.232801388250664e-05
272,439,6.21449580648914e-05
494,45,6.207943806657568e-05
272,102,6.19307829765603e-05
974,996,6.182388460729271e-05
974,706,6.178505282150581e-05
494,1046,6.156849849503487e-05
1130,4,6.15293174632825e-05
1130,101,6.139711331343278e-05
974,977,6.12859585089609e-05
960,1117,6.127545930212364e-05
290,356,6.119942554505542e-05
1106,4,6.113918061600998e-05
822,950,6.11006616964005e-05
494,1020,6.0972743085585535e-05
700,455,6.096795914345421e-05
1106,239,6.093982665333897e-05
478,328,6.089451562729664e-05
291,446,6.0856109485030174e-05
974,520,6.075969577068463e-05
478,992,6.0625756304943934e-05
279,771,6.061385283828713e-05
272,1123,6.061137173674069e-05
1130,117,6.057561040506698e-05
700,31,6.05077511863783e-05
272,632,6.032183227944188e-05
974,1035,6.027868221281096e-05
974,874,6.010641300235875e-05
1130,470,6.0089620092185214e-05
272,104,6.00409803155344e-05
279,955,6.001316796755418e-05
928,946,6.001149085932411e-05
17,123,5.996583786327392e-05
272,520,5.994865932734683e-05
1130,845,5.975685780867934e-05
870,131,5.969839185127057e-05
974,758,5.960389535175637e-05
700,1053,5.959438567515463e-05
272,184,5.953638537903316e-05
1130,16,5.950494232820347e-05
494,454,5.948974649072625e-05
272,362,5.9487883845577016e-05
188,833,5.935592344030738e-05
279,356,5.930882252869196e-05
272,449,5.930239785811864e-05
291,1118,5.9268590121064335e-05
272,248,5.918922761338763e-05
700,950,5.910712934564799e-05
279,353,5.8994530263589695e-05
494,403,5.8960591559298337e-05
267,916,5.894986315979622e-05
478,177,5.891551700187847e-05
272,42,5.8909383369609714e-05
974,286,5.887967927264981e-05
279,507,5.8826346503337845e-05
279,767,5.882400000700727e-05
272,760,5.879775926587172e-05
494,180,5.875432907487266e-05
1130,630,5.835490082972683e-05
974,576,5.834291732753627e-05
272,177,5.831047747051343e-05
974,965,5.824633262818679e-05
974,745,5.819002763018944e-05
272,762,5.81655403948389e-05
17,980,5.816092016175389e-05
1130,950,5.813559619127773e-05
291,981,5.813379175378941e-05
822,767,5.811717710457742e-05
478,899,5.7952955103246495e-05
870,298,5.777106343884952e-05
272,684,5.774381497758441e-05
279,301,5.770029383711517e-05
267,127,5.768282790086232e-05
1130,395,5.766663889517076e-05
974,390,5.7576908147893846e-05
1106,948,5.7463767006993294e-05
494,27,5.7365617976756766e-05
291,563,5.71144228160847e-05
272,33,5.71092423342634e-05
272,397,5.7065502915065736e-05
1130,1059,5.6971359299495816e-05
272,567,5.684958887286484e-05
974,1118,5.6747423514025286e-05
960,316,5.663225965690799e-05
974,591,5.6603472330607474e-05
188,614,5.650614184560254e-05
700,632,5.634675835608505e-05
870,353,5.634537956211716e-05
17,514,5.6340417359024286e-05
279,403,5.6325970945181325e-05
272,290,5.628127109957859e-05
279,41,5.6181092077167705e-05
272,1046,5.61427696084138e-05
494,668,5.613386383629404e-05
272,495,5.606652484857477e-05
494,117,5.601882003247738e-05
974,102,5.600376607617363e-05
272,457,5.59298277948983e-05
700,280,5.588611747953109e-05
1106,304,5.587375198956579e-05
478,607,5.583994061453268e-05
822,1030,5.5684220569673926e-05
272,800,5.566750041907653e-05
974,302,5.563111699302681e-05
272,1062,5.562176011153497e-05
974,454,5.555209645535797e-05
279,1109,5.552339644054882e-05
272,860,5.547534237848595e-05
272,490,5.544256418943405e-05
870,831,5.5381689890054986e-05
279,310,5.528930341824889e-05
279,697,5.521458297153004e-05
279,127,5.516687451745384e-05
478,455,5.516094824997708e-05
17,549,5.5104952480178326e-05
17,1059,5.507401510840282e-05
870,99,5.5051652452675626e-05
494,781,5.504084401763976e-05
291,959,5.497478196048178e-05
700,49,5.496180165209808e-05
1130,307,5.482933192979544e-05
494,950,5.4793628805782646e-05
1003,199,5.477284503285773e-05
188,297,5.4768886911915615e-05
700,973,5.458474697661586e-05
700,624,5.440302629722282e-05
279,714,5.437519575934857e-05
974,41,5.430652890936472e-05
1130,553,5.428670192486607e-05
17,603,5.415991836343892e-05
272,696,5.414717452367768e-05
974,851,5.406072887126357e-05
272,499,5.399551446316764e-05
272,1113,5.398408757173456e-05
272,492,5.39525572094135e-05
974,401,5.383238021750003e-05
700,541,5.382029485190287e-05
974,313,5.3816125728189945e-05
494,157,5.37116575287655e-05
272,335,5.370997678255662e-05
960,63,5.368399433791637e-05
188,780,5.365975812310353e-05
1130,1045,5.361110743251629e-05
188,1031,5.358147245715372e-05
272,734,5.3457479225471616e-05
290,450,5.343512020772323e-05
272,343,5.326303289621137e-05
272,55,5.319191768649034e-05
960,454,5.315347880241461e-05
1130,446,5.3098032367415726e-05
272,812,5.306318053044379e-05
17,942,5.305765080265701e-05
494,421,5.305538434186019e-05
1130,116,5.304332808009349e-05
974,629,5.3026869863970205e-05
494,179,5.301899000187405e-05
478,484,5.2976996812503785e-05
279,209,5.2961298933951184e-05
272,752,5.290875196806155e-05
291,933,5.287435124046169e-05
870,751,5.285960651235655e-05
700,319,5.285669976728968e-05
272,1099,5.284200233290903e-05
272,301,5.283160135149956e-05
279,199,5.281810445012525e-05
272,592,5.281595076667145e-05
17,669,5.275650983094238e-05
279,464,5.2737686928594485e-05
974,48,5.271833651931957e-05
291,382,5.265835352474824e-05
494,767,5.26411495229695e-05
974,270,5.257517477730289e-05
272,875,5.245789361651987e-05
272,93,5.241059261607006e-05
700,257,5.240826430963352e-05
272,845,5.237105506239459e-05
17,107,5.2352472266647965e-05
17,650,5.229278394836001e-05
279,493,5.2253100875532255e-05
17,270,5.2226769184926525e-05
272,995,5.216819772613235e-05
1130,282,5.2143157518003136e-05
974,584,5.213597250985913e-05
272,941,5.213504846324213e-05
17,973,5.2126248192507774e-05
267,364,5.196200800128281e-05
272,100,5.194832920096815e-05
188,90,5.1926766900578514e-05
272,302,5.19064960826654e-05
280,424,5.1890812756028026e-05
870,1105,5.187711212784052e-05
272,872,5.185678310226649e-05
960,177,5.183890971238725e-05
494,644,5.171310476725921e-05
494,1043,5.1689832616830245e-05
974,1043,5.156510451342911e-05
272,317,5.1446448196657e-05
974,129,5.13698032591492e-05
974,395,5.136726394994184e-05
272,1018,5.130809950060211e-05
870,982,5.126662654220127e-05
280,979,5.125419920659624e-05
272,1036,5.122149741509929e-05
272,256,5.118800618220121e-05
291,345,5.115895328344777e-05
272,1073,5.109685298521072e-05
279,893,5.109660196467303e-05
1130,1020,5.100208727526479e-05
188,904,5.097156827105209e-05
272,579,5.087820318294689e-05
1130,1043,5.086959936306812e-05
1130,149,5.0808899686671793e-05
960,414,5.0751481467159465e-05
272,726,5.0720609579002485e-05
1130,84,5.0668433686951175e-05
272,711,5.066129233455285e-05
478,1105,5.063692151452415e-05
700,430,5.059254908701405e-05
279,950,5.056536974734627e-05
272,291,5.054874054621905e-05
870,454,5.0518050557002425e-05
279,976,5.047559534432367e-05
272,961,5.046496517024934e-05
1130,767,5.044352292316034e-05
974,221,5.0361024477751926e-05
974,472,5.035205685999245e-05
272,467,5.034175410401076e-05
272,400,5.03143819514662e-05
291,107,5.0197257223771885e-05
272,550,5.015039641875774e-05
974,911,5.011348548578098e-05
974,829,5.007860454497859e-05
1130,486,5.002017132937908e-05
267,180,4.991819150745869e-05
1130,635,4.990477464161813e-05
279,84,4.989151784684509e-05
870,495,4.982659811503254e-05
960,716,4.975854608346708e-05
1130,401,4.973990508005954e-05
974,607,4.9727495934348553e-05
272,914,4.963959872839041e-05
974,1023,4.963309038430452e-05
1130,163,4.960166916134767e-05
870,585,4.9484144255984575e-05
272,368,4.947511843056418e-05
272,722,4.946330591337755e-05
700,488,4.934327080263756e-05
272,840,4.9291629693470895e-05
700,840,4.923066444462165e-05
974,1123,4.917662590742111e-05
974,882,4.916434045298956e-05
290,199,4.909118797513656e-05
870,545,4.906363756163046e-05
974,459,4.89566482428927e-05
279,1,4.893162622465752e-05
870,669,4.889048796030693e-05
291,805,4.887367686023936e-05
974,970,4.886159877059981e-05
974,1076,4.884913869318552e-05
1130,284,4.882374923909083e-05
700,390,4.878429172094911e-05
494,948,4.869950862484984e-05
974,634,4.866308154305443e-05
272,401,4.856854502577335e-05
279,573,4.852420534007251e-05
272,477,4.851936682825908e-05
870,916,4.849858669331297e-05
188,1007,4.843572605750524e-05
870,720,4.842525231651962e-05
280,809,4.840648398385383e-05
1130,430,4.840031760977581e-05
1003,150,4.835038635064848e-05
279,745,4.834710489376448e-05
870,992,4.832142076338641e-05
272,933,4.828573582926765e-05
279,12,4.821920447284356e-05
870,632,4.819797322852537e-05
700,563,4.815448119188659e-05
974,669,4.807247387361713e-05
1130,916,4.804611307918094e-05
272,909,4.802990952157416e-05
272,249,4.7985038690967485e-05
974,299,4.796609209734015e-05
279,671,4.793463085661642e-05
974,262,4.793222979060374e-05
272,221,4.792464096681215e-05
870,157,4.790721141034737e-05
279,1029,4.788688602275215e-05
279,736,4.78177607874386e-05
870,769,4.780193921760656e-05
494,310,4.7790399548830464e-05
272,74,4.775392153533176e-05
974,1013,4.768578946823254e-05
870,748,4.768004146171734e-05
279,46,4.763496690429747e-05
1130,722,4.74282460345421e-05
494,447,4.7415815060958266e-05
272,996,4.737592826131731e-05
700,673,4.736886694445275e-05
478,180,4.732232991955243e-05
974,560,4.732103479909711e-05
974,177,4.7276964323828e-05
870,172,4.7243778681149706e-05
700,876,4.714416354545392e-05
1130,1064,4.705656829173677e-05
272,553,4.7028624976519495e-05
1130,122,4.702271326095797e-05
870,857,4.7010275011416525e-05
279,168,4.6965440560597926e-05
279,122,4.687780528911389e-05
700,14,4.6876815758878365e-05
478,690,4.679521225625649e-05
870,249,4.677974357036874e-05
974,28,4.6779168769717216e-05
494,799,4.666623863158748e-05
279,857,4.661317871068604e-05
279,414,4.6594224841101095e-05
267,148,4.659300611820072e-05
280,270,4.6573084546253085e-05
272,273,4.6564528020098805e-05
1045,1053,4.653712676372379e-05
974,365,4.652078860090114e-05
272,533,4.650687696994282e-05
1130,488,4.64595686935354e-05
700,626,4.635008008335717e-05
279,68,4.613652345142327e-05
870,812,4.607773007592186e-05
870,243,4.602100671036169e-05
700,638,4.588720548781566e-05
272,444,4.576273568090983e-05
1003,389,4.572025136440061e-05
279,827,4.571821409626864e-05
960,795,4.567006544675678e-05
272,664,4.547058415482752e-05
1130,62,4.545177216641605e-05
272,278,4.540482404991053e-05
960,624,4.538727444014512e-05
272,788,4.5235719881020486e-05
870,461,4.523382449406199e-05
272,264,4.520855873124674e-05
960,243,4.520227594184689e-05
974,886,4.519198046182282e-05
974,895,4.518767673289403e-05
974,288,4.516497574513778e-05
494,439,4.51590858574491e-05
974,439,4.5064574806019664e-05
1130,1109,4.502461160882376e-05
291,430,4.499146234593354e-05
279,969,4.498389535001479e-05
974,489,4.4945412810193375e-05
974,537,4.494102904573083e-05
974,167,4.491995423450135e-05
272,830,4.489069397095591e-05
272,916,4.4846565288025886e-05
974,157,4.46840058430098e-05
272,1031,4.464304947759956e-05
822,55,4.457690010895021e-05
822,289,4.452835128176957e-05
478,1068,4.445316517376341e-05
272,1126,4.442151839612052e-05
974,15,4.439788244781085e-05
822,58,4.439224358065985e-05
870,45,4.435949813341722e-05
279,704,4.432883724803105e-05
822,650,4.431761408341117e-05
291,557,4.429735054145567e-05
279,624,4.428685497259721e-05
267,1075,4.428532702149823e-05
974,917,4.426341183716431e-05
870,484,4.424347935128026e-05
291,460,4.420002005645074e-05
870,1043,4.417452873894945e-05
1130,421,4.414072463987395e-05
267,982,4.413996066432446e-05
870,455,4.4110711314715445e-05
700,347,4.409097527968697e-05
272,414,4.396137592266314e-05
974,321,4.391107358969748e-05
291,387,4.385387364891358e-05
700,117,4.38286988355685e-05
1130,957,4.381506369099952e-05
700,549,4.381163307698444e-05
188,1035,4.375455682747997e-05
1106,637,4.3671043385984376e-05
279,917,4.359676313470118e-05
272,117,4.353664553491399e-05
960,913,4.352360338089056e-05
280,719,4.3469699448905885e-05
272,880,4.3430220102891326e-05
272,395,4.340871601016261e-05
279,56,4.340479426900856e-05
700,1046,4.338204234954901e-05
279,1014,4.332395110395737e-05
280,922,4.331033778726123e-05
928,450,4.3290358007652685e-05
279,754,4.323710163589567e-05
1130,775,4.322671884438023e-05
870,128,4.3190986616536975e-05
272,657,4.315252954256721e-05
974,282,4.3115782318636775e-05
870,346,4.3107451347168535e-05
272,244,4.310331132728607e-05
272,962,4.3002375605283305e-05
1130,150,4.2971292714355513e-05
272,927,4.293416714062914e-05
494,992,4.290354627300985e-05
279,313,4.274711682228372e-05
279,840,4.271577199688181e-05
960,65,4.270526551408693e-05
494,961,4.266481482773088e-05
700,1001,4.261581489117816e-05
870,55,4.258112312527373e-05
960,1080,4.250499478075653e-05
974,415,4.249255289323628e-05
478,1066,4.249062476446852e-05
494,322,4.239903864799999e-05
928,651,4.2384028347441927e-05
272,96,4.236268068780191e-05
478,409,4.23374367528595e-05
279,113,4.233036816003733e-05
1130,1126,4.231503407936543e-05
17,263,4.2298466723877937e-05
974,94,4.22273478761781e-05
822,945,4.220817208988592e-05
279,886,4.2186813516309485e-05
279,995,4.2128769564442337e-05
974,449,4.211600753478706e-05
272,653,4.208684549666941e-05
272,994,4.207704841974192e-05
267,553,4.205491495667957e-05
279,312,4.2037456296384335e-05
974,1047,4.203153366688639e-05
960,19,4.202462878311053e-05
974,778,4.200231342110783e-05
272,518,4.198395618004725e-05
290,597,4.1876566683640704e-05
494,736,4.181581607554108e-05
870,167,4.181501208222471e-05
1130,450,4.181174517725594e-05
1130,693,4.176713991910219e-05
272,759,4.173050183453597e-05
870,241,4.171819819021039e-05
494,965,4.1698924178490415e-05
279,360,4.164139318163507e-05
974,387,4.161809192737565e-05
291,117,4.156187787884846e-05
974,141,4.146480205236003e-05
478,650,4.1411793063161895e-05
272,356,4.137114228797145e-05
272,413,4.132630056119524e-05
870,550,4.131953028263524e-05
974,192,4.122707832721062e-05
279,985,4.107595304958522e-05
974,107,4.106010601390153e-05
272,427,4.103378523723222e-05
700,1122,4.100784644833766e-05
960,1059,4.098762656212784e-05
272,352,4.098187855561264e-05
17,795,4.091662776772864e-05
272,410,4.0880397136788815e-05
272,535,4.086794069735333e-05
279,758,4.083717431058176e-05
1130,27,4.074391108588316e-05
960,289,4.074090247740969e-05
960,207,4.07339794037398e-05
291,1064,4.073256059200503e-05
1130,522,4.071822331752628e-05
272,312,4.070411159773357e-05
494,808,4.068209818797186e-05
974,1124,4.064634413225576e-05
960,712,4.064573295181617e-05
279,249,4.063057349412702e-05
272,498,4.062335574417375e-05
960,292,4.062015432282351e-05
974,549,4.0583145164418966e-05
974,785,4.0391496440861374e-05
822,779,4.033873847220093e-05
272,82,4.033242657897063e-05
494,353,4.032388824271038e-05
291,272,4.03158919652924e-05
700,382,4.027594332001172e-05
279,567,4.019918560516089e-05
478,259,4.019795233034529e-05
291,227,4.018320032628253e-05
700,1116,4.018030813313089e-05
478,289,4.015889862785116e-05
279,975,4.013914076494984e-05
700,579,4.0121274651028216e-05
960,101,4.011273995274678e-05
974,767,4.009699841844849e-05
279,288,4.005123264505528e-05
494,16,4.002410059911199e-05
279,604,4.000323679065332e-05
870,1073,3.993084101239219e-05
960,1118,3.988409662269987e-05
291,308,3.987890522694215e-05
974,322,3.986124283983372e-05
272,980,3.983508941018954e-05
974,45,3.982702401117422e-05
279,1113,3.969315730500966e-05
291,911,3.969222598243505e-05
17,322,3.965335417888127e-05
1106,517,3.961056791013107e-05
272,505,3.9607581129530445e-05
700,163,3.960494723287411e-05
700,607,3.959914101869799e-05
870,1052,3.959104651585221e-05
870,773,3.958361048717052e-05
279,451,3.958154411520809e-05
272,311,3.95677998312749e-05
272,716,3.954398925998248e-05
960,599,3.9520891732536256e-05
494,1109,3.9520557038486e-05
272,559,3.948302401113324e-05
272,1084,3.9418358937837183e-05
272,27,3.94044109270908e-05
974,1121,3.940136230085045e-05
272,1024,3.934768756153062e-05
974,559,3.933694097213447e-05
974,808,3.932034087483771e-05
279,289,3.930777893401682e-05
1130,69,3.927474972442724e-05
272,857,3.926430144929327e-05
272,437,3.925590863218531e-05
974,920,3.923662370652892e-05
272,770,3.922565883840434e-05
291,289,3.921830648323521e-05
870,148,3.921314055332914e-05
272,77,3.919305527233519e-05
272,466,3.914470289601013e-05
279,118,3.913923501386307e-05
272,545,3.91045723517891e-05
478,1050,3.909584484063089e-05
478,4,3.907334394170903e-05
188,837,3.902380558429286e-05
1130,631,3.902002208633348e-05
1130,945,3.898915383615531e-05
960,28,3.892275708494708e-05
280,286,3.889935396728106e-05
279,282,3.8862901419634e-05
974,888,3.884978286805563e-05
494,553,3.883285535266623e-05
272,738,3.881613520206884e-05
870,488,3.88047265005298e-05
960,455,3.875857146340422e-05
279,292,3.8727372157154605e-05
272,118,3.871670560329221e-05
17,720,3.864632890326902e-05
291,945,3.863850361085497e-05
17,1117,3.863811434712261e-05
272,758,3.8599227991653606e-05
822,852,3.859590287902392e-05
494,951,3.858831769321114e-05
974,995,3.855270188068971e-05
960,982,3.846798063023016e-05
700,1066,3.845330502372235e-05
279,263,3.843964441330172e-05
272,570,3.823149745585397e-05
974,130,3.819667472271249e-05
870,1077,3.8147893064888194e-05
272,1096,3.8060967199271545e-05
279,303,3.797761382884346e-05
974,769,3.792549978243187e-05
870,482,3.7898171285633e-05
272,597,3.7889043596806005e-05
279,172,3.779913095058873e-05
272,26,3.771427509491332e-05
272,1117,3.765449582715519e-05
494,769,3.76312127627898e-05
960,201,3.762050255318172e-05
279,933,3.7614045140799135e-05
279,459,3.759023820748553e-05
279,416,3.752353950403631e-05
1130,629,3.745324647752568e-05
279,439,3.742960325325839e-05
870,677,3.742821718333289e-05
700,334,3.7426874769153073e-05
494,131,3.740043393918313e-05
974,469,3.737111182999797e-05
494,537,3.735815698746592e-05
1003,182,3.734988422365859e-05
279,936,3.734785059350543e-05
960,205,3.733126141014509e-05
478,692,3.724264388438314e-05
494,115,3.714780905283988e-05
870,392,3.705900235217996e-05
279,545,3.7006193451816216e-05
700,493,3.694635597639717e-05
494,1108,3.691060919663869e-05
1130,10,3.689839650178328e-05
974,492,3.689398363349028e-05
279,588,3.684961484395899e-05
291,605,3.672732782433741e-05
974,62,3.671834929264151e-05
974,50,3.671045851660893e-05
960,763,3.669677971629426e-05
870,1089,3.668666977318935e-05
280,517,3.660990478238091e-05
974,519,3.660796210169792e-05
267,1068,3.6604244087357074e-05
17,933,3.65048399544321e-05
279,265,3.649424252216704e-05
494,234,3.6468969483394176e-05
960,928,3.643925083451904e-05
291,1013,3.640518480096944e-05
700,675,3.633117739809677e-05
1003,593,3.628166450653225e-05
272,530,3.6067231121705845e-05
279,1097,3.604310404625721e-05
272,483,3.600291893235408e-05
280,52,3.598529292503372e-05
272,591,3.598174953367561e-05
1130,68,3.598080002120696e-05
17,112,3.5959939850727096e-05
17,184,3.5951408790424466e-05
478,605,3.5946421121479943e-05
494,684,3.592754728742875e-05
700,769,3.591925633372739e-05
17,129,3.590341657400131e-05
1003,317,3.5890127037419006e-05
960,1024,3.58133802365046e-05
279,623,3.577785173547454e-05
974,726,3.5749479138758034e-05
494,48,3.571297202142887e-05
272,573,3.567142630345188e-05
960,791,3.561232006177306e-05
870,372,3.560076584108174e-05
188,290,3.559056494850665e-05
974,372,3.558149910531938e-05
494,652,3.555387593223713e-05
974,595,3.551090776454657e-05
974,864,3.5495057090884075e-05
974,89,3.549297252902761e-05
870,143,3.5491542803356424e-05
279,419,3.5486438719090074e-05
279,401,3.545762592693791e-05
870,101,3.543619823176414e-05
870,319,3.541111072991043e-05
272,769,3.539760655257851e-05
272,1097,3.535865471349098e-05
279,78,3.535842915880494e-05
870,1031,3.532735718181357e-05
494,725,3.528216984705068e-05
267,151,3.5205961466999725e-05
974,386,3.5133172787027434e-05
822,123,3.512841431074776e-05
1130,397,3.512047260301188e-05
272,729,3.5116398066747934e-05
267,334,3.510712122078985e-05
870,738,3.509377711452544e-05
17,945,3.506197390379384e-05
494,154,3.5047596611548215e-05
272,62,3.5026918340008706e-05
1130,770,3.501590617815964e-05
188,580,3.50009577232413e-05
279,665,3.499814556562342e-05
272,15,3.4976470487890765e-05
974,331,3.494584598229267e-05
494,262,3.487625508569181e-05
494,132,3.48157700500451e-05
974,533,3.47754976246506e-05
478,22,3.471632953733206e-05
960,502,3.471051240921952e-05
494,1024,3.468340219114907e-05
272,541,3.4643118851818144e-05
870,837,3.464282053755596e-05
974,781,3.464189649093896e-05
1130,582,3.456802005530335e-05
272,151,3.455340629443526e-05
1130,612,3.455077239777893e-05
267,297,3.454910984146409e-05
17,1066,3.4509459510445595e-05
279,443,3.4359487472102046e-05
700,69,3.43526917276904e-05
1130,741,3.429679782129824e-05
1130,22,3.429104253882542e-05
1130,472,3.428471609367989e-05
267,390,3.420242137508467e-05
960,365,3.418805499677546e-05
279,1035,3.404301969567314e-05
272,969,3.4010576200671494e-05
870,921,3.3966243790928274e-05
279,200,3.395909516257234e-05
494,1000,3.3910753700183704e-05
279,304,3.3907614124473184e-05
272,725,3.383420335012488e-05
279,500,3.381544593139552e-05
700,143,3.381114947842434e-05
494,254,3.376863605808467e-05
822,488,3.35909535351675e-05
700,110,3.358153480803594e-05
494,549,3.357359310030006e-05
272,944,3.357059176778421e-05
974,1055,3.3523738238727674e-05
700,160,3.3522312151035294e-05
974,121,3.348736936459318e-05
279,1123,3.34330034093e-05
291,87,3.334488064865582e-05
494,62,3.334161010570824e-05
974,503,3.33247116941493e-05
272,50,3.331460902700201e-05
272,594,3.330519757582806e-05
1130,495,3.3258296753047034e-05
700,1023,3.324825593153946e-05
17,243,3.322137490613386e-05
960,994,3.321386611787602e-05
960,950,3.3211599657079205e-05
272,1043,3.318088783998974e-05
279,1086,3.3173761039506644e-05
1003,635,3.3145803172374144e-05
272,319,3.314071727800183e-05
279,874,3.312097760499455e-05
188,78,3.30557522829622e-05
272,510,3.292851033620536e-05
974,841,3.289696905994788e-05
272,493,3.286098944954574e-05
494,335,3.2857631595106795e-05
291,1049,3.28292153426446e-05
1130,948,3.276906136306934e-05
1130,610,3.2767780794529244e-05
272,582,3.2750755053712055e-05
494,1128,3.273713809903711e-05
272,16,3.269723674748093e-05
974,1099,3.2662792364135385e-05
974,1105,3.2642015867168084e-05
272,419,3.2612530048936605e-05
700,385,3.258651486248709e-05
974,816,3.25163418892771e-05
272,235,3.2513660698896274e-05
279,499,3.251318776165135e-05
822,933,3.250827649026178e-05
279,1007,3.246015330660157e-05
974,693,3.2459432986797765e-05
494,829,3.244605613872409e-05
974,650,3.236210250179283e-05
267,706,3.23425410897471e-05
974,421,3.234120231354609e-05
279,777,3.2317406294168904e-05
272,422,3.2314354029949754e-05
272,243,3.2277839636662975e-05
494,127,3.227028719265945e-05
272,454,3.2267169444821775e-05
279,897,3.225333784939721e-05
974,354,3.2237236155197024e-05
494,535,3.2175339583773166e-05
279,490,3.214872776879929e-05
974,316,3.2094070775201544e-05
960,601,3.206171459169127e-05
974,747,3.199342609150335e-05
272,1103,3.1973733712220564e-05
279,841,3.196609759470448e-05
822,482,3.184472370776348e-05
1130,931,3.179403574904427e-05
974,404,3.177913458785042e-05
494,911,3.174730954924598e-05
272,172,3.1727642635814846e-05
870,725,3.172111610183492e-05
279,93,3.1709903851151466e-05
870,123,3.168303010170348e-05
974,73,3.1673629564465955e-05
1130,815,3.165493399137631e-05
494,645,3.164137524436228e-05
188,1098,3.159415064146742e-05
494,368,3.155721424263902e-05
272,421,3.1555780878989026e-05
974,431,3.152706631226465e-05
870,882,3.150630072923377e-05
974,319,3.1322775612352416e-05
974,1126,3.1319261324824765e-05
188,201,3.130736877210438e-05
822,225,3.123487840639427e-05
974,243,3.1186089472612366e-05
280,631,3.11728217639029e-05
974,950,3.114596620434895e-05
272,485,3.112696867901832e-05
974,375,3.1099589250516146e-05
974,32,3.108196324319579e-05
494,747,3.107763041043654e-05
822,825,3.104750794591382e-05
279,982,3.097508670180105e-05
279,341,3.094382554991171e-05
700,475,3.093478153459728e-05
279,181,3.092471160925925e-05
17,607,3.0901661375537515e-05
478,69,3.08678463625256e-05
272,415,3.086679134867154e-05
1130,87,3.085554999415763e-05
960,764,3.08100861730054e-05
870,1001,3.08071103063412e-05
272,496,3.0789906304562464e-05
974,433,3.074658889090642e-05
272,297,3.072516119573265e-05
272,756,3.0697126931045204e-05
974,1018,3.0677438189741224e-05
974,590,3.067062789341435e-05
279,369,3.063318217755295e-05
279,1130,3.058167203562334e-05
1045,399,3.0473776860162616e-05
279,824,3.046524761884939e-05
272,801,3.039133662241511e-05
1130,839,3.0300974685815163e-05
290,37,3.029693834832869e-05
272,931,3.0262101063271984e-05
1130,286,3.025116166099906e-05
279,1066,3.024571196874604e-05
1130,978,3.023534918611404e-05
279,965,3.0227134629967622e-05
494,89,3.021920201717876e-05
279,482,3.0207182135200128e-05
960,1129,3.014522371813655e-05
870,1076,3.0132776373648085e-05
272,107,3.012978413607925e-05
267,455,3.011946682818234e-05
870,730,3.011921762663405e-05
279,110,3.008814928762149e-05
280,950,3.0043796868994832e-05
188,640,2.9998420359333977e-05
870,313,2.9983177228132263e-05
272,1066,2.998031231982168e-05
974,495,2.9963113775011152e-05
700,641,2.995063732669223e-05
1130,715,2.99414914479712e-05
700,863,2.989310814882629e-05
1130,324,2.9856146284146234e-05
291,542,2.9842505682609044e-05
272,679,2.984180719067808e-05
1130,1080,2.981950819958001e-05
974,664,2.9725790227530524e-05
272,799,2.9721057217102494e-05
279,243,2.9690316296182573e-05
870,620,2.9675775294890627e-05
700,616,2.9639430067618378e-05
280,168,2.9637578336405568e-05
279,759,2.9597700631711632e-05
279,596,2.959238554467447e-05
494,706,2.9586801247205585e-05
478,1059,2.958104778372217e-05
279,514,2.9568242098321207e-05
478,430,2.95190930046374e-05
272,347,2.945939741039183e-05
974,468,2.9441327569657005e-05
974,853,2.9432263545459136e-05
267,363,2.933099131041672e-05
272,113,2.931642666226253e-05
279,227,2.9296357752173208e-05
188,128,2.928851972683333e-05
974,207,2.9240480216685683e-05
188,200,2.921722989412956e-05
279,129,2.920713995990809e-05
494,548,2.9203289159340784e-05
272,91,2.9201084544183686e-05
700,857,2.9167436878196892e-05
272,577,2.916170342359692e-05
974,714,2.9158167308196425e-05
700,763,2.9125418222974982e-05
272,380,2.907300768129062e-05
974,652,2.9068494768580425e-05
272,365,2.9042574169579893e-05
279,669,2.90395000774879e-05
188,773,2.9022728995187208e-05
974,550,2.9000524591538124e-05
494,284,2.8926520826644264e-05
1130,563,2.8922744604642503e-05
279,498,2.8874308554804884e-05
280,117,2.8786635084543377e-05
494,834,2.8786558686988428e-05
1130,944,2.874313940992579e-05
17,363,2.873473931686021e-05
272,19,2.8731083148159087e-05
17,1116,2.869663694582414e-05
272,998,2.867676994355861e-05
974,143,2.8650953026954085e-05
974,149,2.864066482288763e-05
279,121,2.863868576241657e-05
188,334,2.8609469154616814e-05
494,350,2.859551386791281e-05
272,10,2.858867446775548e-05
279,347,2.857450090232305e-05
1130,325,2.853672231140081e-05
870,421,2.853086516552139e-05
870,668,2.8519567422335967e-05
494,947,2.8445127099985257e-05
974,345,2.8445119824027643e-05
272,704,2.843347829184495e-05
279,569,2.8420348826330155e-05
870,481,2.841597597580403e-05
974,857,2.837442661984824e-05
478,201,2.8348056730465032e-05
272,1116,2.832448444678448e-05
700,1121,2.8317654141574167e-05
700,1043,2.829241748258937e-05
272,132,2.8272934287087992e-05
974,134,2.826214586093556e-05
279,488,2.826083800755441e-05
279,165,2.8255339202587493e-05
272,911,2.8183358153910376e-05
188,1001,2.8142701921751723e-05
279,384,2.8139353162259795e-05
272,932,2.8137839763076045e-05
494,1102,2.8078236937290058e-05
279,877,2.8076045055058785e-05
974,353,2.8059101168764755e-05
272,1089,2.8040371034876443e-05
279,629,2.7952777600148693e-05
478,454,2.7927702831220813e-05
272,336,2.792745544866193e-05
870,709,2.792460327327717e-05
291,950,2.7862415663548745e-05
870,1111,2.785561082419008e-05
822,269,2.785031210805755e-05
279,626,2.783103809633758e-05
272,429,2.78116567642428e-05
960,495,2.7768748623202555e-05
279,86,2.7755228074966e-05
1130,232,2.7746609703172e-05
494,1117,2.774390122795012e-05
267,912,2.772381230897736e-05
291,224,2.7701151338987984e-05
17,951,2.7625788789009675e-05
17,289,2.7580867026699707e-05
960,1040,2.754490742518101e-05
279,832,2.751034298853483e-05
494,863,2.750284511421341e-05
700,693,2.7449941626400687e-05
279,108,2.742125798249617e-05
279,892,2.74206558970036e-05
17,201,2.7391823095967997e-05
272,590,2.730525920924265e-05
279,390,2.727421451709233e-05
700,916,2.7251153369434174e-05
494,839,2.7251140636508356e-05
1130,456,2.7226287784287703e-05
280,161,2.7186470106244087e-05
494,849,2.7181989935343157e-05
494,870,2.7173196940566413e-05
272,201,2.716638300626073e-05
272,503,2.707373096200172e-05
974,57,2.70452510449104e-05
279,540,2.7042809961130843e-05
279,418,2.703746758925263e-05
17,864,2.6989757316187024e-05
272,1014,2.697158015507739e-05
1130,512,2.6916875867755152e-05
272,188,2.691423833312001e-05
272,241,2.687624510144815e-05
974,333,2.683465208974667e-05
272,660,2.6832802177523263e-05
870,94,2.682894228200894e-05
700,156,2.6824740416486748e-05
279,641,2.6808487746166065e-05
279,1095,2.6723848350229676e-05
272,464,2.671280162758194e-05
279,1043,2.6706875360105187e-05
291,741,2.668047636689153e-05
960,503,2.666355976543855e-05
272,781,2.6633251763996668e-05
960,129,2.657441837072838e-05
267,690,2.6555340809863992e-05
291,229,2.6533458367339332e-05
1106,89,2.6524736313149333e-05
279,468,2.641235005285125e-05
272,403,2.6389909180579707e-05
700,118,2.6388635887997225e-05
272,883,2.6347697712481025e-05
1130,745,2.632596260809805e-05
272,773,2.6289804736734368e-05
272,683,2.6228053684462797e-05
700,720,2.6212561351712796e-05
700,711,2.61723453149898e-05
1130,463,2.615903213154525e-05
960,684,2.6153476937906817e-05
291,954,2.6101482944795865e-05
291,626,2.6076337235281244e-05
960,1123,2.6046953280456364e-05
279,355,2.6035755581688136e-05
267,509,2.5878036467474885e-05
272,777,2.5852965336525813e-05
974,1007,2.584103640401736e-05
494,519,2.5839781301328912e-05
974,483,2.583459900051821e-05
279,486,2.577048508101143e-05
272,468,2.5707877284730785e-05
974,807,2.566430703154765e-05
279,659,2.5648632799857296e-05
279,321,2.561960536695551e-05
494,28,2.5615350750740618e-05
478,141,2.5573895982233807e-05
1130,389,2.5572726372047327e-05
279,1079,2.5519204427837398e-05
1130,141,2.551717625465244e-05
272,601,2.5504394216113724e-05
17,693,2.5426805223105475e-05
272,43,2.540680543461349e-05
279,783,2.5399915102752857e-05
17,335,2.5359055143781006e-05
870,911,2.5321760404040106e-05
974,1084,2.531061545596458e-05
279,583,2.5287470634793863e-05
700,915,2.5284096409450285e-05
272,313,2.5235751309082843e-05
290,672,2.517248321964871e-05
974,1006,2.5063895009225234e-05
272,624,2.504603253328241e-05
870,170,2.5028133677551523e-05
272,943,2.5013805498019792e-05
272,73,2.497613422747236e-05
267,69,2.493098691047635e-05
272,306,2.4885272068786435e-05
1130,1129,2.4877881514839828e-05
272,423,2.4868799300747924e-05
974,34,2.4842207494657487e-05
279,536,2.4818677047733217e-05
1130,103,2.4813160052872263e-05
1003,626,2.48063042818103e-05
870,623,2.4705657779122703e-05
17,911,2.4679779016878456e-05
188,373,2.467230660840869e-05
272,1065,2.4632374334032647e-05
700,958,2.4617756935185756e-05
280,505,2.4600069082225676e-05
272,142,2.458436210872605e-05
870,694,2.4574050257797356e-05
494,395,2.456286529195495e-05
279,284,2.454347850289196e-05
279,435,2.452209628245328e-05
272,482,2.444621168251615e-05
974,201,2.432590918033384e-05
974,653,2.4316177587024868e-05
974,1116,2.430954009469133e-05
1045,643,2.4302078600157984e-05
1130,320,2.428496918582823e-05
960,936,2.4219949409598485e-05
279,959,2.420704549876973e-05
870,1085,2.4195818696171045e-05
494,920,2.4136978026945144e-05
494,845,2.41319794440642e-05
960,299,2.397455318714492e-05
279,521,2.396281524852384e-05
267,1029,2.393422619206831e-05
188,512,2.3897162463981655e-05
279,842,2.388100256212056e-05
974,742,2.3874783437349837e-05
494,591,2.3831733415136117e-05
279,16,2.383138780714944e-05
272,514,2.37306139752036e-05
1106,814,2.366210537729785e-05
272,928,2.3609039999428205e-05
272,675,2.360403595957905e-05
272,333,2.3599735868629068e-05
279,349,2.3535621949122287e-05
494,93,2.352115916437469e-05
291,379,2.3496531866840087e-05
870,1129,2.348990165046416e-05
1130,779,2.347467307117768e-05
291,839,2.3399627025355585e-05
974,312,2.3389891794067807e-05
960,545,2.337953264941461e-05
494,942,2.3349979528575204e-05
272,1048,2.331649557163473e-05
974,589,2.3315589714911766e-05
974,453,2.330800452909898e-05
1130,229,2.3261611204361543e-05
974,913,2.325501191080548e-05
700,777,2.3250002413988117e-05
279,713,2.324251909158193e-05
494,803,2.31964913837146e-05
272,960,2.3170596250565723e-05
279,548,2.313784534635488e-05
17,177,2.312277865712531e-05
974,881,2.3120494006434456e-05
960,845,2.3101008991943672e-05
494,209,2.3041220629238524e-05
870,716,2.299985135323368e-05
272,626,2.2993317543296143e-05
870,205,2.299325933563523e-05
279,845,2.297078572155442e-05
1130,1068,2.2940599592402577e-05
974,145,2.293788747920189e-05
494,969,2.2932677893550132e-05
974,55,2.291027885803487e-05
280,580,2.289432632096577e-05
494,715,2.2888951207278296e-05
960,573,2.286463313794229e-05
870,269,2.285968002979644e-05
188,77,2.2857602743897587e-05
974,744,2.281120941916015e-05
272,720,2.278201463923324e-05
272,595,2.2772692318540063e-05
1130,837,2.276742088724859e-05
188,133,2.2762596927350387e-05
1130,907,2.2750749849365093e-05
700,547,2.2738568077329543e-05
280,989,2.2728472686139867e-05
700,639,2.27139698836254e-05
478,383,2.267858326376881e-05
272,229,2.2668313249596395e-05
279,107,2.262020825583022e-05
272,701,2.2561236619367264e-05
272,161,2.255315484944731e-05
279,977,2.254953506053425e-05
279,762,2.250652869406622e-05
974,643,2.250071156595368e-05
279,297,2.245924770249985e-05
700,603,2.2405667550629005e-05
1130,639,2.2383466784958728e-05
272,228,2.2333464585244656e-05
272,900,2.2302776415017437e-05
700,224,2.2279542463365946e-05
279,799,2.219378438894637e-05
960,317,2.2175607227836736e-05
188,9,2.214323831140064e-05
291,903,2.2131212972453795e-05
870,950,2.2099931811681017e-05
870,171,2.209187732660212e-05
272,888,2.207884790550452e-05
960,162,2.2075200831750408e-05
870,297,2.200620838266332e-05
974,982,2.2002037439960983e-05
974,679,2.1988702428643592e-05
279,1025,2.197106550738681e-05
272,785,2.195365414081607e-05
280,562,2.192374086007476e-05
291,916,2.1914971512160264e-05
279,1085,2.188731923524756e-05
974,834,2.184868026233744e-05
188,791,2.182732714572921e-05
700,1058,2.178502836613916e-05
279,1033,2.1714737158617936e-05
1003,27,2.1687106709578075e-05
870,204,2.166892954846844e-05
272,463,2.158648021577392e-05
272,949,2.156565460609272e-05
494,288,2.156344089598861e-05
974,93,2.1512696548597887e-05
291,495,2.1464711608132347e-05
279,48,2.1420803022920157e-05
188,228,2.137536466761958e-05
974,1014,2.1294823454809372e-05
291,908,2.1274852770147845e-05
974,455,2.1218280380708165e-05
1130,425,2.117619806085713e-05
974,510,2.117049734806642e-05
280,145,2.1146579456399195e-05
279,684,2.114490234816913e-05
291,682,2.1124247723491862e-05
291,38,2.110160312440712e-05
700,676,2.1082265448058024e-05
700,885,2.1022871806053445e-05
974,1087,2.102022335748188e-05
960,22,2.101589234371204e-05
1130,709,2.10133057407802e-05
279,599,2.0990106349927373e-05
279,132,2.0981156922061928e-05
272,798,2.097780270560179e-05
272,947,2.092304021061864e-05
272,753,2.091172427753918e-05
272,299,2.090145608235616e-05
188,284,2.088710607495159e-05
279,738,2.0862846213276495e-05
870,734,2.0844601749558933e-05
494,244,2.071758899546694e-05
494,206,2.0714263882837255e-05
974,381,2.0710243916255425e-05
974,69,2.0705423594336025e-05
960,981,2.0673258404713124e-05
700,839,2.064425643766299e-05
272,309,2.0595593014149927e-05
1130,355,2.058747850242071e-05
280,450,2.0569490516209044e-05
870,1068,2.0563818907248788e-05
960,919,2.056260927929543e-05
974,625,2.0497684090514667e-05
291,475,2.045458495558705e-05
974,423,2.0442392269615084e-05
291,69,2.042493542830925e-05
974,788,2.039689388766419e-05
870,617,2.038265665760264e-05
494,550,2.0347681129351255e-05
1106,1067,2.032042721111793e-05
272,453,2.023807064688299e-05
974,790,2.0233350369380787e-05
17,917,2.021722320932895e-05
1130,25,2.0215686163282957e-05
700,1016,2.021062573476229e-05
494,982,2.015980498981662e-05
974,355,2.0147135728620924e-05
870,294,2.0142668290645812e-05
272,569,2.0096638763789088e-05
960,300,2.0084791685803797e-05
272,596,2.006977774726693e-05
280,1121,2.0069515812792812e-05
494,670,2.0053976186318323e-05
494,588,2.005178430408705e-05
279,502,2.00465765374247e-05
974,609,1.997613435378298e-05
870,118,1.9962362785008736e-05
1130,447,1.990519194805529e-05
494,711,1.9899742255802263e-05
272,1076,1.9859175154124387e-05
974,893,1.98215275304392e-05
279,1105,1.9809696823358536e-05
188,1123,1.9741062715183944e-05
272,897,1.9734765373868868e-05
494,200,1.9721692297025584e-05
272,1003,1.9692348359967585e-05
272,267,1.9612401956692335e-05
1130,785,1.9574223188101317e-05
870,697,1.955927837116178e-05
279,330,1.9553310266928747e-05
1130,38,1.950181103893556e-05
478,954,1.949129546119366e-05
280,307,1.948589670064393e-05
494,210,1.9483952200971544e-05
822,253,1.9480150513118133e-05
1003,631,1.946375596162397e-05
279,534,1.9423605408519503e-05
1130,970,1.939028879860416e-05
279,1034,1.9291468561277725e-05
279,299,1.9283168512629345e-05
272,442,1.9282610082882456e-05
974,545,1.9255447114119303e-05
974,610,1.924862408486661e-05
188,439,1.924187745316885e-05
272,76,1.9185330529580824e-05
272,972,1.9169376173522323e-05
272,1021,1.907576188386884e-05
870,397,1.9050157789024524e-05
279,550,1.904633427329827e-05
272,289,1.9012786651728675e-05
272,1087,1.900991446746048e-05
272,263,1.9003959096153267e-05
188,677,1.899302878882736e-05
272,641,1.895400600915309e-05
279,374,1.887246071419213e-05
870,201,1.8842965801013637e-05
272,697,1.877162867458537e-05
279,726,1.875167254183907e-05
272,129,1.874511872301809e-05
974,245,1.872300708782859e-05
974,349,1.871343374659773e-05
279,861,1.8679522327147424e-05
960,788,1.867819082690403e-05
700,495,1.86494471563492e-05
291,295,1.863843499450013e-05
279,453,1.8629916667123325e-05
279,882,1.860301381384488e-05
267,795,1.858069299487397e-05
272,1109,1.856981725723017e-05
280,685,1.8556995200924572e-05
974,731,1.854245419963263e-05
279,136,1.8445403838995844e-05
1130,364,1.840972254285589e-05
478,241,1.8383496353635564e-05
290,129,1.8362976334174164e-05
1130,769,1.834740578487981e-05
700,825,1.8270811779075306e-05
700,417,1.825501567509491e-05
279,826,1.825428080337588e-05
1130,230,1.8249920685775575e-05
870,434,1.820562465582043e-05
974,624,1.8171622286899947e-05
279,633,1.8119131709681824e-05
974,998,1.810575668059755e-05
974,978,1.810314461181406e-05
494,482,1.8035238099400885e-05
974,414,1.7999922420131043e-05
272,25,1.7976735762204044e-05
960,861,1.7964972357731313e-05
870,142,1.792405964806676e-05
279,1060,1.7916654542204924e-05
1130,787,1.7898146325023845e-05
494,943,1.7892805772135034e-05
279,1058,1.7843158275354654e-05
280,287,1.7808948541642167e-05
974,863,1.773691110429354e-05
974,164,1.7691374523565173e-05
17,461,1.7685364582575858e-05
279,668,1.766426066751592e-05
494,786,1.7653403119766153e-05
280,803,1.762825922924094e-05
272,973,1.762733154464513e-05
272,22,1.7591768482816406e-05
272,88,1.7578568076714873e-05
279,582,1.7571970602148212e-05
272,620,1.7521771951578557e-05
272,661,1.7503831259091385e-05
974,1048,1.7486476281192154e-05
974,994,1.7434382243664004e-05
280,506,1.739656181598548e-05
822,129,1.7338652469334193e-05
494,136,1.730050462356303e-05
1130,153,1.7292484699282795e-05
280,211,1.726785376376938e-05
279,800,1.7255792045034468e-05
279,180,1.721673470456153e-05
1130,146,1.7172651496366598e-05
700,1106,1.7163845768664032e-05
272,204,1.71598785527749e-05
870,365,1.7125579688581638e-05
974,951,1.7103469872381538e-05
1130,687,1.7048962035914883e-05
974,190,1.7025231500156224e-05
974,12,1.7019716324284673e-05
974,757,1.7013351680361666e-05
974,159,1.7001199012156576e-05
279,696,1.698898631730117e-05
870,679,1.696163417364005e-05
279,1052,1.6959342246991582e-05
960,781,1.6929549019550905e-05
1130,803,1.6915395463001914e-05
700,364,1.690390672592912e-05
279,632,1.6863656128407456e-05
1130,1044,1.6852698536240496e-05
272,253,1.6808355212560855e-05
974,845,1.6807571228127927e-05
494,787,1.6798310753074475e-05
272,813,1.6790698282420635e-05
974,933,1.6762825907790102e-05
272,210,1.6717140169930644e-05
272,497,1.6699801562936045e-05
974,795,1.667826836637687e-05
974,151,1.667046126385685e-05
700,644,1.6547279301448725e-05
279,96,1.6537669580429792e-05
974,582,1.6509507986484095e-05
272,59,1.650601734581869e-05
494,215,1.6504776795045473e-05
870,1018,1.6479296391480602e-05
478,862,1.6477019016747363e-05
279,251,1.644566873437725e-05
272,826,1.6379484804929234e-05
272,219,1.628893005545251e-05
279,346,1.6287578546325676e-05
279,747,1.6262145436485298e-05
272,346,1.620841612748336e-05
974,1102,1.6203448467422277e-05
280,29,1.6202377082663588e-05
279,229,1.6169942682608962e-05
279,941,1.6153575415955856e-05
279,350,1.6109384887386113e-05
1130,766,1.610087201697752e-05
280,593,1.6100864741019905e-05
960,61,1.6069219782366417e-05
1130,919,1.606226578587666e-05
279,234,1.6041865819715895e-05
974,632,1.603818600415252e-05
960,105,1.602339580131229e-05
1130,1088,1.6017394955269992e-05
974,257,1.6013116692192852e-05
279,1036,1.5994284694897942e-05
279,614,1.5993420674931258e-05
280,180,1.5986888683983125e-05
700,192,1.5965839338605292e-05
279,508,1.596361107658595e-05
974,477,1.5872999938437715e-05
974,613,1.5849447663640603e-05
279,166,1.5831838027224876e-05
700,872,1.5768533558002673e-05
1130,1004,1.574129237269517e-05
1130,491,1.573432018631138e-05
974,553,1.5722658645245247e-05
272,166,1.570978383824695e-05
960,1038,1.5630674170097336e-05
870,691,1.562503348395694e-05
1106,505,1.5620325939380564e-05
1130,1123,1.561534736538306e-05
291,982,1.556838833494112e-05
870,277,1.547495230624918e-05
974,945,1.5398962204926647e-05
272,609,1.5387255189125426e-05
494,825,1.5380071999970824e-05
494,253,1.536435229354538e-05
279,744,1.5358857126557268e-05
974,588,1.5300225641112775e-05
700,900,1.5159368558670394e-05
1106,462,1.5118122973944992e-05
494,97,1.5070500012370758e-05
272,757,1.5068773791426793e-05
494,874,1.503387920820387e-05
494,675,1.5032151168270502e-05
822,215,1.5009081835160032e-05
974,599,1.499255813541822e-05
272,1027,1.498923847975675e-05
279,454,1.498922847531503e-05
279,637,1.4967485185479744e-05
974,736,1.4953568097553216e-05
272,81,1.492723367846338e-05
494,968,1.48986191561562e-05
279,518,1.4889245903759727e-05
279,1048,1.4883246876706837e-05
291,740,1.486580276832683e-05
267,1116,1.4859345355944242e-05
700,53,1.4845330042589922e-05
1130,182,1.4821399417996872e-05
279,40,1.4781505342398304e-05
279,148,1.475843873777194e-05
279,58,1.4749014553672168e-05
1130,319,1.4655501217930578e-05
822,1043,1.4630143596150448e-05
272,1131,1.4613103303418027e-05
279,1020,1.459635404899018e-05
494,719,1.458916722185677e-05
272,332,1.4575479326595088e-05
188,793,1.4571835890819784e-05
1130,289,1.450414947612444e-05
974,1054,1.4501868463412391e-05
974,562,1.4501313671644311e-05
279,280,1.4427012501982972e-05
870,907,1.4414211364055518e-05
272,178,1.4405498404812532e-05
974,1106,1.4370369171956554e-05
974,344,1.4358811313286424e-05
291,270,1.4354865925270133e-05
1130,95,1.431834425602574e-05
279,193,1.4303435818874275e-05
974,688,1.4286978512245696e-05
1130,416,1.42784647323424e-05
700,170,1.4184754945745226e-05
974,573,1.417004932591226e-05
279,504,1.4134046068647876e-05
279,237,1.4101065971772186e-05
272,778,1.40660877150367e-05
272,209,1.400393375661224e-05
280,9,1.3989688341098372e-05
974,498,1.3937453331891447e-05
870,280,1.3872641829948408e-05
494,533,1.385363702866016e-05
272,388,1.3838615814165678e-05
494,38,1.3828189366904551e-05
279,722,1.3796152416034602e-05
1130,129,1.3706012396141888e-05
974,464,1.3686466445506085e-05
974,443,1.367174081678968e-05
290,635,1.3671440683538094e-05
279,174,1.3659453543368729e-05
272,194,1.363485171168577e-05
279,123,1.3597164979728404e-05
974,71,1.3501420653483365e-05
960,482,1.3455040971166454e-05
478,942,1.3448891877487767e-05
1130,982,1.3443854186334647e-05
272,159,1.3331922673387451e-05
272,741,1.3321513506525662e-05
17,417,1.331533076154301e-05
279,447,1.3305608263181057e-05
291,120,1.3296747056301683e-05
478,1088,1.3220957953308243e-05
974,916,1.3174650121072771e-05
280,27,1.3126790690876078e-05
494,574,1.3059034245088696e-05
974,516,1.3054037481197156e-05
974,923,1.299575887969695e-05
494,811,1.296219397772802e-05
279,815,1.289881947741378e-05
17,164,1.287501618207898e-05
974,540,1.285939106310252e-05
822,1017,1.2847441212215926e-05
291,638,1.2832254469685722e-05
1130,56,1.2816428352380171e-05
1130,900,1.2774932656611782e-05
272,424,1.2745545063808096e-05
960,1131,1.273220459552249e-05
974,997,1.2719886399281675e-05
279,779,1.2715740012936294e-05
494,861,1.2653831618081313e-05
272,1095,1.2647766197915187e-05
960,725,1.262809837498935e-05
272,270,1.2602953574969432e-05
291,800,1.2597912245837506e-05
1130,137,1.2569593309308402e-05
974,1127,1.2543991033453494e-05
960,787,1.2483059435908215e-05
279,319,1.2416236131684856e-05
291,755,1.2390206393320112e-05
960,102,1.2389828953018878e-05
1130,1027,1.235250510944752e-05
1106,847,1.2341021829342935e-05
291,837,1.2315842468524352e-05
822,545,1.2269868420844432e-05
1130,768,1.2262174095667431e-05
272,417,1.2261735719221178e-05
188,169,1.2239543139003216e-05
870,11,1.223571689479286e-05
267,731,1.2201000572531484e-05
870,625,1.2169483852630948e-05
279,26,1.2161827726231422e-05
494,347,1.2153004718129525e-05
700,75,1.2150871043559164e-05
700,637,1.207664990943158e-05
494,453,1.2075424820068292e-05
1130,201,1.2050366422045045e-05
272,337,1.2010455066047143e-05
272,950,1.1995598470093682e-05
494,749,1.198810787172988e-05
17,545,1.1976559108006768e-05
272,13,1.1962754797423258e-05
280,992,1.1948999599553645e-05
494,748,1.1947528037126176e-05
291,709,1.1921350960619748e-05
279,21,1.1917933079530483e-05
974,200,1.1912195077457e-05
272,953,1.189799513667822e-05
960,69,1.1887401342391968e-05
279,206,1.1835126315418163e-05
974,361,1.181778407044476e-05
1130,455,1.1803501365648115e-05
280,597,1.178891307063168e-05
279,789,1.1721480404958127e-05
279,511,1.1658772564260287e-05
494,239,1.1585581887629814e-05
279,82,1.158371742349118e-05
700,55,1.1538453691173343e-05
290,521,1.1529718904057518e-05
280,582,1.1519364306877831e-05
494,121,1.1482836271170528e-05
272,982,1.1413304491725285e-05
974,985,1.1285560503893066e-05
1130,690,1.1255965546297377e-05
974,160,1.1213996913284063e-05
272,375,1.116110615839716e-05
279,101,1.113897542381892e-05
291,293,1.1078125680796802e-05
1130,368,1.1020965757779775e-05
974,186,1.1015712516382337e-05
188,982,1.1002605788235089e-05
494,150,1.0992638635798356e-05
494,331,1.0947903319902252e-05
494,547,1.0936701983155215e-05
974,194,1.0903647307713982e-05
700,707,1.088723092834698e-05
478,626,1.0877181921387091e-05
974,124,1.0866070624615531e-05
494,442,1.0860105248866604e-05
700,87,1.0845617907762062e-05
267,281,1.0823802767845336e-05
279,530,1.0800796189869288e-05
1106,408,1.0778562682389747e-05
272,1000,1.0769891559903044e-05
960,80,1.0700525308493525e-05
1130,1102,1.0683153959689662e-05
272,165,1.0650992408045568e-05
700,665,1.062637511495268e-05
279,606,1.0560612281551585e-05
280,677,1.0554449545452371e-05
700,708,1.0539771210460458e-05
974,184,1.050723767548334e-05
272,238,1.042656549543608e-05
279,592,1.0406771252746694e-05
700,99,1.0394741366326343e-05
291,1121,1.036831054079812e-05
272,99,1.03496786323376e-05
188,208,1.0278015906806104e-05
960,280,1.0265059245284648e-05
974,374,1.0248146281810476e-05
17,978,1.0185793144046327e-05
272,148,1.0185397513851058e-05
279,295,1.0151935384783428e-05
974,43,1.0131774615729228e-05
188,942,1.0113961252500305e-05
279,541,1.0100799954670949e-05
1045,354,1.0085989742947277e-05
272,108,1.0048456715594511e-05
928,965,9.986270015360788e-06
1130,574,9.985107681131922e-06
279,597,9.976700312108733e-06
1130,977,9.95020309346728e-06
1130,120,9.919599506247325e-06
1130,454,9.91301112662768e-06
279,951,9.912520908983424e-06
974,718,9.880078323476482e-06
974,719,9.86762734100921e-06
478,729,9.856328688329086e-06
272,298,9.787952876649795e-06
280,278,9.775593753147405e-06
272,808,9.712964128993916e-06
700,608,9.70672226685565e-06
291,600,9.697943823994136e-06
974,921,9.69767916103592e-06
272,1041,9.677060006652027e-06
974,784,9.610705092200078e-06
974,597,9.597113603376783e-06
272,574,9.594791663403155e-06
974,16,9.576644515618682e-06
974,555,9.57206793827936e-06
279,849,9.541871804685798e-06
291,50,9.441023394174408e-06
291,772,9.426475116924848e-06
280,748,9.421024515177123e-06
188,149,9.38345147005748e-06
1130,290,9.373455213790294e-06
494,349,9.365255209559107e-06
974,943,9.356357622891665e-06
272,617,9.347635568701662e-06
1130,12,9.331645742349792e-06
974,1028,9.329155545856338e-06
279,741,9.326772669737691e-06
272,877,9.317067451775074e-06
279,1131,9.307391337642912e-06
279,863,9.303054866904858e-06
822,924,9.28280314838048e-06
870,984,9.257745659851936e-06
1045,578,9.255483746528624e-06
272,323,9.249639333575033e-06
272,865,9.186456736642867e-06
974,729,9.145809599431232e-06
1130,679,9.1376368800411e-06
494,145,9.108121957979163e-06
279,10,8.981355676951353e-06
974,770,8.974377124104649e-06
290,508,8.96551318874117e-06
974,388,8.965209417510778e-06
870,759,8.938934115576558e-06
272,586,8.935981895774603e-06
494,191,8.820496987027582e-06
188,1000,8.782470104051754e-06
700,361,8.771807188168168e-06
188,148,8.76950980455149e-06
272,31,8.749819244258106e-06
974,569,8.721726771909744e-06
1130,638,8.702172635821626e-06
291,378,8.694576536072418e-06
974,77,8.676137440488674e-06
700,220,8.653236363898031e-06
974,633,8.624635484011378e-06
960,108,8.558232366340235e-06
974,25,8.526883902959526e-06
272,892,8.504634934070054e-06
974,291,8.47676710691303e-06
272,797,8.458618140139151e-06
494,807,8.448190783383325e-06
822,1001,8.443867955065798e-06
280,453,8.434759365627542e-06
272,509,8.429127774434164e-06
974,1004,8.421776328759734e-06
1106,623,8.391542905883398e-06
272,619,8.384766260860488e-06
1130,224,8.373949640372302e-06
279,60,8.337353392562363e-06
279,296,8.290696314361412e-06
17,180,8.269256795756519e-06
279,1024,8.263170457212254e-06
870,424,8.26288123789709e-06
272,175,8.206779057218228e-06
272,141,8.184320904547349e-06
870,425,8.175846232916228e-06
974,1003,8.139670171658508e-06
960,934,8.121337486954872e-06
280,1004,8.114096090139356e-06
494,289,8.104730113700498e-06
1130,297,8.093947144516278e-06
1106,18,8.065936526691075e-06
974,179,8.065388101385906e-06
494,873,8.062191227509174e-06
267,365,8.057882951106876e-06
1130,110,8.02528484200593e-06
494,1113,8.016638275876176e-06
494,355,7.983877367223613e-06
974,813,7.97987468104111e-06
188,751,7.934621862659696e-06
272,837,7.929674211482052e-06
279,457,7.886684215918649e-06
272,37,7.831739821995143e-06
272,1045,7.770035153953359e-06
272,456,7.764620931993704e-06
974,461,7.753910722385626e-06
700,617,7.747573363303673e-06
279,698,7.739575266896281e-06
272,979,7.70696897234302e-06
960,468,7.682228897465393e-06
272,744,7.663268661417533e-06
1130,278,7.653290595044382e-06
960,903,7.646726771781687e-06
974,136,7.623236797371646e-06
279,570,7.617239134560805e-06
700,1110,7.580260898976121e-06
700,1096,7.572389222332276e-06
960,719,7.56209556129761e-06
700,837,7.502144399040844e-06
290,350,7.467503110092366e-06
272,271,7.414776518999133e-06
291,364,7.408084002236137e-06
974,536,7.336424005188746e-06
974,812,7.324280431930674e-06
494,908,7.282729256985476e-06
870,405,7.2798402470652945e-06
974,1060,7.2465882112737745e-06
960,25,7.241269486257806e-06
960,418,7.230007668113103e-06
280,1000,7.193176315922756e-06
279,654,7.1470558395958506e-06
870,289,7.117111636034679e-06
974,713,7.0827186391397845e-06
272,56,7.074845143506536e-06
272,369,7.073926099110395e-06
1130,942,7.03090927345329e-06
272,1102,6.994484010647284e-06
272,674,6.979085810598917e-06
272,455,6.959252914384706e-06
267,220,6.939589638932375e-06
974,346,6.922773536643945e-06
272,631,6.916789061506279e-06
279,1027,6.9150682975305244e-06
279,231,6.900952030264307e-06
272,28,6.870159268146381e-06
272,364,6.866514468129026e-06
280,355,6.841351023467723e-06
17,825,6.754276000719983e-06
1130,334,6.74060311212088e-06
870,152,6.740198841725942e-06
1130,664,6.734307589795208e-06
494,941,6.702572136418894e-06
974,832,6.689911970170215e-06
272,35,6.664299689873587e-06
1130,1066,6.5916865423787385e-06
1130,376,6.577930889761774e-06
700,566,6.571585799974855e-06
279,586,6.5454651121399365e-06
974,1109,6.5090766838693526e-06
272,1071,6.505112196464324e-06
272,431,6.470697371696588e-06
870,52,6.437029242079007e-06
974,103,6.361850410030456e-06
272,3,6.345589554257458e-06
494,616,6.328216841211543e-06
279,916,6.315410246315878e-06
700,71,6.306804152700352e-06
974,760,6.277812644839287e-06
1045,226,6.248713361856062e-06
279,992,6.232143732631812e-06
17,482,6.202069016580936e-06
822,454,6.192658474901691e-06
974,931,6.176442639116431e-06
272,145,6.164244950923603e-06
974,773,6.136715910542989e-06
960,131,6.123207640484907e-06
1130,666,6.10361803410342e-06
974,3,6.096260221966077e-06
279,423,6.022173693054356e-06
272,183,5.9985218285874e-06
494,812,5.972179224045249e-06
974,534,5.9574604165391065e-06
291,935,5.943260021012975e-06
494,363,5.889945896342397e-06
291,51,5.857157702848781e-06
279,186,5.847039119544206e-06
272,1094,5.821519152959809e-06
1130,316,5.751419394073309e-06
960,942,5.725560185965151e-06
449,670,5.686601980414707e-06
272,997,5.630590294458671e-06
1003,137,5.61682145416853e-06
494,33,5.615630925603909e-06
272,1093,5.568338110606419e-06
272,79,5.537710876524216e-06
700,225,5.482595497596776e-06
279,65,5.477365903061582e-06
279,581,5.437128947960446e-06
1130,270,5.39055690751411e-06
974,900,5.387827059166739e-06
960,1124,5.36377865500981e-06
279,1128,5.31747627974255e-06
272,205,5.312485882313922e-06
974,467,5.309369043970946e-06
279,687,5.301541023072787e-06
494,164,5.254645657259971e-06
267,289,5.231230261415476e-06
974,497,5.2174018492223695e-06
700,555,5.196145593799884e-06
267,375,5.192147909838241e-06
870,942,5.18973138241563e-06
960,1104,5.1881747822335456e-06
1130,725,5.161205990589224e-06
17,815,5.153033725946443e-06
279,775,5.13846816829755e-06
974,271,5.128063548909267e-06
700,241,5.043376859248383e-06
494,716,5.042928023613058e-06
700,888,5.037295522924978e-06
272,181,5.026761300541693e-06
272,562,4.997465111955535e-06
822,1113,4.993408765585627e-06
291,454,4.992598860553699e-06
1130,671,4.990377419744618e-06
279,996,4.971501766704023e-06
279,520,4.959023954143049e-06
188,155,4.935200195177458e-06
272,516,4.913929842587095e-06
494,1014,4.844934210268548e-06
974,463,4.815278316527838e-06
870,591,4.801031536771916e-06
974,234,4.791864284925396e-06
478,257,4.764589448313927e-06
822,911,4.758711384056369e-06
291,62,4.754506335302722e-06
974,432,4.725836333818734e-06
494,586,4.700661520473659e-06
279,335,4.695513780461624e-06
1130,244,4.6730147005291656e-06
1130,51,4.66607116322848e-06
974,512,4.65390803583432e-06
974,947,4.630587227438809e-06
279,1082,4.61704485132941e-06
1130,365,4.604673449648544e-06
272,992,4.590595835907152e-06
870,978,4.581944267556537e-06
272,977,4.568114036374027e-06
272,645,4.522159997577546e-06
1130,245,4.514042757364223e-06
494,555,4.513668045547092e-06
279,901,4.48324635726749e-06
17,1129,4.444524620339507e-06
974,1113,4.393328708829358e-06
279,851,4.357518264441751e-06
279,431,4.3341256059648e-06
272,164,4.325447662267834e-06
870,337,4.311133579903981e-06
974,58,4.301675289752893e-06
974,231,4.295384769648081e-06
272,187,4.264427843736485e-06
974,1025,4.251573045621626e-06
272,820,4.245025138516212e-06
974,135,4.202252057439182e-06
960,1013,4.176629317953484e-06
974,335,4.151821030973224e-06
291,55,4.148751941102091e-06
17,382,4.117176104045939e-06
290,304,4.115719548281049e-06
279,432,4.0660729609953705e-06
280,276,4.062006610183744e-06
494,148,3.977940650656819e-06
279,169,3.963542894780403e-06
272,411,3.951799499191111e-06
272,320,3.946538981836056e-06
279,1094,3.877672497765161e-06
1130,339,3.857164756482234e-06
280,113,3.847059360850835e-06
279,495,3.83742781195906e-06
279,397,3.7681970752601046e-06
974,962,3.723489726326079e-06
280,393,3.710397777467733e-06
291,836,3.7063407489768e-06
272,747,3.7018526199972257e-06
291,1042,3.6745107081515016e-06
494,801,3.663621782834525e-06
974,1027,3.6494207051873673e-06
279,323,3.5944378851127112e-06
494,374,3.5895732253266037e-06
974,417,3.58796569344122e-06
1003,254,3.5878460948879365e-06
272,277,3.581215423764661e-06
974,37,3.5447296795609877e-06
272,134,3.4619772577570984e-06
272,971,3.453385488683125e-06
494,560,3.4334370866417885e-06
974,870,3.421752580834436e-06
17,610,3.4188415156677365e-06
279,770,3.408041266084183e-06
279,1000,3.390086021681782e-06
700,844,3.3512787922518328e-06
17,624,3.2888476653170078e-06
974,334,3.273263700975804e-06
272,867,3.252537453590776e-06
1130,209,3.170223635606817e-06
272,354,3.140339913443313e-06
494,1003,3.138380179734668e-06
494,14,3.132178790110629e-06
700,966,3.131591256533284e-06
974,617,3.1181216400000267e-06
291,297,3.096121190537815e-06
280,297,3.096069804087165e-06
272,715,3.0564913231501123e-06
974,724,3.0296434943011263e-06
974,210,2.9928642106824555e-06
272,233,2.846988536475692e-06
974,304,2.840979959728429e-06
822,243,2.818621851474745e-06
870,713,2.802936478474294e-06
272,125,2.7899218366655987e-06
700,921,2.7500439045979874e-06
291,934,2.749863369899685e-06
822,177,2.7363282697479008e-06
291,559,2.722016688494477e-06
188,710,2.716510152822593e-06
272,94,2.707422481762478e-06
870,980,2.698239086385001e-06
272,432,2.695268449315336e-06
494,481,2.677584916455089e-06
17,62,2.659659912751522e-06
1130,571,2.618580765556544e-06
1130,530,2.6176924166065878e-06
960,290,2.609567445688299e-06
1003,395,2.598668515929603e-06
974,178,2.5351441763632465e-06
272,921,2.531725840526633e-06
279,913,2.5116630695265485e-06
870,535,2.491098484824761e-06
974,148,2.371690470681642e-06
279,1067,2.3579957542096963e-06
279,666,2.346593419133569e-06
974,570,2.3407408207276603e-06
280,723,2.3337611310125794e-06
279,31,2.308576995346812e-06
974,811,2.247085149065242e-06
272,795,2.2463457298727008e-06
291,374,2.2130232082417933e-06
267,540,2.2053411612432683e-06
279,408,2.148949533875566e-06
870,1113,2.097163815051317e-06
700,253,2.09160702979716e-06
960,81,2.011696778936312e-06
974,830,1.999529786189669e-06
700,1089,1.9983906440756982e-06
17,569,1.958585471584229e-06
870,516,1.953542323462898e-06
291,502,1.913722144308849e-06
478,664,1.90531977750652e-06
974,705,1.8977502804773396e-06
494,304,1.8858780777009088e-06
974,681,1.872150960480212e-06
494,258,1.864378305072023e-06
279,572,1.8491799664843711e-06
960,284,1.8474622720532352e-06
974,65,1.8326464896745165e-06
478,1004,1.8049328218694427e-06
974,666,1.794813442757004e-06
870,934,1.7914104546434828e-06
974,844,1.6945550669333898e-06
960,724,1.636465526644315e-06
280,623,1.626481434868765e-06
272,1035,1.6215899449889548e-06
291,885,1.553722199787444e-06
279,911,1.5518434111072563e-06
279,479,1.549487706142827e-06
1130,227,1.5475530972253182e-06
279,942,1.5462272813238087e-06
1130,243,1.5416816268043476e-06
700,855,1.537426101094752e-06
1130,557,1.513282995802001e-06
279,1121,1.5056513120725867e-06
272,1100,1.4542481494572712e-06
928,807,1.4412443078981596e-06
279,94,1.4063818980503129e-06
494,389,1.3705076753467438e-06
272,179,1.3428198144538328e-06
974,615,1.3181554550101282e-06
1130,217,1.2610637440957362e-06
279,382,1.2573052572406596e-06
974,993,1.2451482689357365e-06
291,177,1.2410699810061487e-06
974,1012,1.2389330095174955e-06
279,1004,1.2099678770027822e-06
700,0,1.1760305369534765e-06
291,1096,1.163600359177508e-06
267,902,1.160742044703511e-06
267,1113,1.145073269981367e-06
1130,886,1.1272076108070903e-06
279,158,1.1131752444271117e-06
700,760,1.0822187732628663e-06
700,687,1.0766635796244373e-06
974,1088,1.0636864544721902e-06
279,67,1.038342020365235e-06
279,609,9.987492148866297e-07
822,760,9.935757816492696e-07
974,511,9.764339665707666e-07
272,1121,9.641627229939331e-07
272,659,9.155194788945664e-07
822,756,9.11441929929424e-07
478,715,9.111705594477826e-07
1130,257,9.082519341063744e-07
291,186,8.612719284428749e-07
291,84,8.606264714217104e-07
494,343,8.542234013475536e-07
974,68,8.225941314776719e-07
279,574,7.846314815651567e-07
17,361,7.646470407962624e-07
870,825,7.583515184705902e-07
188,696,7.107681767593022e-07
1130,37,7.05211391505145e-07
960,617,6.176568945193139e-07
17,1001,6.142186634860991e-07
279,707,5.968120149191236e-07
494,720,5.880983167116938e-07
974,1089,5.420457682703272e-07
1106,562,5.118723152008897e-07
279,944,4.864340894528141e-07
279,37,4.813312557416793e-07
272,1040,4.776334208145272e-07
279,645,4.739862049518706e-07
272,885,4.7223684873642934e-07
272,481,4.191725224700349e-07
974,318,4.067063912316371e-07
700,889,3.904951881850138e-07
960,869,3.886046613388317e-07
291,786,3.698517332395568e-07
1130,189,3.000873221026268e-07
494,558,2.9822842861904064e-07
272,652,2.65635378582374e-07
279,242,2.571074162460718e-07
291,287,2.479345653227938e-07
17,421,2.1855299792150618e-07
1130,760,1.9954931929078162e-07
279,919,1.7030180288202248e-07
494,981,1.4663821445992653e-07
279,962,1.4063211040138412e-07
279,712,1.1464680227391e-07
1130,162,9.450360494156484e-08
280,851,6.267003271887006e-08
279,294,6.127438467729007e-08
478,270,3.591302544236896e-08
280,914,6.713614553177649e-09
700,1011,1.0822419405087658e-08
700,336,4.0723033833955924e-08
494,847,8.224402137102517e-08
974,960,9.542053192035382e-08
960,773,1.376669018782195e-07
700,901,2.320763314855867e-07
960,1084,2.599678055048571e-07
494,1037,2.699125047911366e-07
974,819,2.820360123223509e-07
291,931,3.074547976211761e-07
494,888,3.611120291679981e-07
494,1083,3.6812642179029353e-07
700,26,4.015240619992255e-07
279,506,4.136072959681769e-07
974,53,4.3691409246093837e-07
494,432,4.5589922592625953e-07
279,77,4.629400223166158e-07
272,57,4.646437901101308e-07
494,692,4.70498264348862e-07
1130,729,4.711152143954678e-07
494,54,4.930810746373027e-07
279,410,5.027837346460728e-07
1130,61,5.102801310385985e-07
272,884,5.338702067092527e-07
291,825,5.363286845749826e-07
1003,575,5.407172238847124e-07
291,787,5.495172672453918e-07
960,179,5.768256983174069e-07
291,91,6.444977884711989e-07
272,717,7.230678988889849e-07
291,275,7.502430889871903e-07
1106,267,7.693724910495803e-07
272,351,8.5265179450289e-07
974,631,8.595868052907463e-07
279,749,8.805856737126305e-07
279,1047,8.966924838205159e-07
974,278,9.43815564369288e-07
960,147,9.57323209149763e-07
279,248,1.098550455935765e-06
279,368,1.1910557304872782e-06
272,1007,1.1975456573054544e-06
280,815,1.3167524457458055e-06
870,281,1.3923263395554386e-06
960,992,1.4043879446035137e-06
960,238,1.4176039258018136e-06
279,365,1.4318061403173488e-06
974,972,1.509263370280678e-06
974,626,1.5358095879491884e-06
272,215,1.5465965361727283e-06
974,568,1.557932591822464e-06
279,879,1.5662371879443526e-06
272,644,1.5886056417002692e-06
822,323,1.5945303175612937e-06
272,743,1.639605557102186e-06
960,164,1.6764577139838366e-06
974,397,1.689292844275769e-06
279,1129,1.713704364192381e-06
870,643,1.7537815892865185e-06
1130,1013,1.7599819557290175e-06
974,154,1.793361661839299e-06
1130,807,1.7951111885849969e-06
267,945,1.798735070224211e-06
279,291,1.8201284319729891e-06
280,746,1.8232489082947725e-06
272,147,1.858486598393938e-06
272,537,1.8606594949233115e-06
279,1088,1.869834704848472e-06
494,570,1.8699594193094529e-06
291,639,1.902263079500699e-06
1130,616,2.0031902749906294e-06
279,1116,2.1365799511841037e-06
279,222,2.185561925216461e-06
272,819,2.2270239696808858e-06
188,971,2.231570306321373e-06
478,721,2.23623692363617e-06
279,411,2.2410883957491023e-06
870,26,2.27840973821003e-06
279,753,2.3012426026980397e-06
974,180,2.319894747415674e-06
974,91,2.3288341708394e-06
267,384,2.331915766262682e-06
1130,579,2.3526074528490426e-06
974,981,2.366844228163245e-06
280,60,2.407146666882909e-06
974,941,2.443241783112171e-06
279,620,2.4956484594440558e-06
870,399,2.513535719117499e-06
280,231,2.5313295282103354e-06
279,705,2.5365170586155728e-06
928,746,2.547388930906891e-06
928,399,2.6350828647991875e-06
280,349,2.6994205200026045e-06
291,1124,2.7683827283908613e-06
279,746,2.804473979267641e-06
974,825,2.819941755660693e-06
272,654,2.871917331503937e-06
960,529,2.8735166779370047e-06
272,443,2.9775085295113968e-06
974,1068,3.005404096256825e-06
870,329,3.0209262149583083e-06
1003,190,3.05146022583358e-06
974,797,3.0531512038578512e-06
1130,519,3.065214514208492e-06
272,206,3.095108468187391e-06
279,257,3.102512664554524e-06
1130,28,3.107291831838665e-06
974,296,3.220836333639454e-06
272,374,3.221708993805805e-06
17,1089,3.228607965866104e-06
272,642,3.2730733892094577e-06
279,958,3.2766533877293118e-06
960,100,3.282558736827923e-06
280,882,3.316743914183462e-06
700,795,3.327582817291841e-06
272,406,3.373806976014748e-06
974,410,3.404217977731605e-06
272,124,3.4072186281264294e-06
974,689,3.410010549487197e-06
1130,545,3.4201311791548505e-06
478,255,3.422758936721948e-06
974,543,3.430048764130333e-06
478,263,3.4537890769570367e-06
279,884,3.4616398352227407e-06
1130,328,3.492255700621172e-06
17,769,3.5558739455154864e-06
974,1066,3.6171768442727625e-06
290,1004,3.6273145269660745e-06
1003,209,3.6290336993261008e-06
17,205,3.664287532956223e-06
272,863,3.697514102896093e-06
279,798,3.724366933965939e-06
291,792,3.7436836919368943e-06
870,239,3.7516751945076976e-06
17,0,3.754864110305789e-06
188,22,3.7682225411117534e-06
291,179,3.813083367276704e-06
272,506,3.847011157631641e-06
17,80,3.903340711985948e-06
279,720,3.947264758608071e-06
974,289,3.9512283365183976e-06
279,283,3.977330834459281e-06
272,938,3.989197466580663e-06
1130,372,3.997116891696351e-06
291,230,4.019725110993022e-06
267,934,4.028902367281262e-06
1106,882,4.0346230889554136e-06
1106,817,4.035928213852458e-06
870,370,4.045379682793282e-06
1130,869,4.055580120621016e-06
279,737,4.0793947846395895e-06
700,296,4.10196162192733e-06
494,102,4.107753738935571e-06
974,506,4.140428245591465e-06
279,990,4.140687451581471e-06
1130,214,4.183968940196792e-06
1130,304,4.245626314514084e-06
279,398,4.324921064835507e-06
478,648,4.366096618468873e-06
280,187,4.382735369290458e-06
974,1086,4.397252268972807e-06
279,769,4.402046215545852e-06
1130,179,4.462132892513182e-06
272,689,4.47698266725638e-06
974,211,4.663725576392608e-06
291,461,4.690733931056457e-06
17,613,4.70173927169526e-06
1130,91,4.705465471488424e-06
279,1054,4.744374564324971e-06
188,914,4.764609457197366e-06
974,293,4.784786597156199e-06
974,7,4.793032076122472e-06
1130,1113,4.816816726815887e-06
279,421,4.860556146013551e-06
279,1100,4.911864834866719e-06
700,247,4.919381353829522e-06
974,768,4.95368431074894e-06
279,91,5.046897513238946e-06
1130,773,5.080474238638999e-06
290,374,5.0980875130335335e-06
272,1010,5.1047204578935634e-06
291,729,5.16615455126157e-06
17,1110,5.181419510336127e-06
279,42,5.187061105971225e-06
272,551,5.194125151319895e-06
870,1047,5.201797648624051e-06
494,241,5.202354714128887e-06
272,257,5.212039468460716e-06
478,590,5.229880571278045e-06
272,825,5.265004347165814e-06
279,589,5.274627710605273e-06
1130,225,5.284236976876855e-06
1106,278,5.316211627359735e-06
272,1108,5.344348664948484e-06
700,175,5.364415756048402e-06
279,742,5.399313977250131e-06
280,826,5.467755727295298e-06
291,1044,5.475822035805322e-06
870,821,5.480449999595294e-06
272,705,5.497795427800156e-06
974,1001,5.516477813216625e-06
272,978,5.52884876015014e-06
494,710,5.57680277779582e-06
494,717,5.587227406067541e-06
272,851,5.6237254284496885e-06
974,667,5.639748451358173e-06
272,408,5.642690211971058e-06
272,231,5.651330866385251e-06
280,132,5.65277696296107e-06
280,700,5.666508513968438e-06
272,304,5.688525561708957e-06
494,141,5.6980079534696415e-06
1130,938,5.715928637073375e-06
280,835,5.736901130148908e-06
279,681,5.746266651840415e-06
272,816,5.746368060499663e-06
279,210,5.762624368799152e-06
478,679,5.880815933778649e-06
1106,176,5.940791652392363e-06
279,864,5.950143531663343e-06
700,35,5.971450264041778e-06
1130,862,6.020799446559977e-06
272,237,6.036094873707043e-06
279,462,6.052865956007736e-06
279,481,6.081840183469467e-06
279,591,6.1524792727141175e-06
974,990,6.196754839038476e-06
1130,1114,6.267219305300387e-06
279,716,6.288954864430707e-06
960,0,6.33139597994159e-06
280,267,6.343891072901897e-06
1130,394,6.37724724583677e-06
280,1014,6.3980737650126684e-06
1106,217,6.431677775253775e-06
279,1041,6.472660061263014e-06
272,923,6.473165740317199e-06
974,710,6.491262411145726e-06
279,617,6.4970290623023175e-06
974,131,6.511403626063839e-06
272,698,6.517264864669414e-06
267,626,6.532695351779694e-06
1130,1002,6.572976417373866e-06
870,220,6.575859515578486e-06
272,540,6.5923795773414895e-06
974,229,6.6060133576684166e-06
291,169,6.627125003433321e-06
272,714,6.681883860437665e-06
279,157,6.749757631041575e-06
960,161,6.767961622244911e-06
17,350,6.771151220164029e-06
974,716,6.827625838923268e-06
279,491,6.832057351857657e-06
960,148,6.860144367237808e-06
272,110,6.878099156892858e-06
272,610,6.917866357980529e-06
960,1027,6.9533625719486736e-06
974,162,6.9622510636691e-06
272,1098,6.969050900806906e-06
272,1088,7.074992026900873e-06
974,715,7.111165359674487e-06
188,139,7.114590971468715e-06
291,942,7.122360784705961e-06
974,1129,7.212271157186478e-06
1130,188,7.22699996913434e-06
291,675,7.232869393192232e-06
279,1127,7.24546225683298e-06
279,328,7.246515451697633e-06
279,512,7.255802756844787e-06
974,891,7.2793300205376e-06
188,340,7.316163191717351e-06
17,186,7.411144906654954e-06
960,440,7.434962299157632e-06
188,346,7.470585387636674e-06
188,852,7.489528798032552e-06
1130,652,7.51997868064791e-06
279,489,7.579484645248158e-06
974,352,7.582373200420989e-06
1130,1049,7.64460492064245e-06
280,528,7.665847078897059e-06
280,395,7.748647476546466e-06
870,324,7.76278739067493e-06
267,454,7.861976882850286e-06
280,141,7.914803063613363e-06
700,204,7.92853461462073e-06
928,851,7.929284947749693e-06
974,1071,7.931063009891659e-06
272,325,7.940618161228485e-06
974,752,7.98034670879133e-06
700,980,7.98303426563507e-06
272,1086,7.991055099410005e-06
974,1022,8.033098310988862e-06
494,484,8.044811693252996e-06
1130,805,8.058122148213442e-06
870,1040,8.059286301431712e-06
279,575,8.11229801911395e-06
272,896,8.116143362713046e-06
291,418,8.16210376797244e-06
272,360,8.22219590190798e-06
272,318,8.22339643491432e-06
870,869,8.247831829066854e-06
272,952,8.338332918356173e-06
974,907,8.359761523024645e-06
279,79,8.371900548809208e-06
279,336,8.405227163166273e-06
291,1114,8.421826350968331e-06
478,204,8.427517968812026e-06
974,737,8.439729754172731e-06
290,268,8.444355444225948e-06
974,835,8.456392606603913e-06
272,1025,8.469866770610679e-06
870,704,8.496467671648134e-06
974,428,8.500685908074956e-06
272,746,8.542103387298994e-06
272,907,8.576404070481658e-06
279,179,8.593853635829873e-06
291,217,8.59648844198091e-06
974,156,8.641340173198842e-06
974,283,8.653268196212593e-06
870,744,8.668694135849364e-06
272,538,8.681504368723836e-06
974,901,8.694910320627969e-06
974,798,8.698607416590676e-06
974,799,8.707665983820334e-06
974,482,8.719255674805027e-06
272,844,8.749289918341674e-06
279,646,8.776280083111487e-06
279,810,8.776411050348543e-06
188,367,8.789223102212418e-06
974,658,8.867920769262128e-06
870,379,8.87732494447846e-06
974,297,8.920874279283453e-06
279,373,8.947997230279725e-06
1130,710,8.97718382475432e-06
1003,1120,9.005883839563467e-06
974,575,9.019016943057068e-06
494,905,9.05231081560487e-06
279,595,9.060470802069176e-06
960,14,9.064363439392764e-06
279,407,9.09138543647714e-06
280,344,9.106430297833867e-06
279,204,9.147507626039442e-06
279,483,9.175658306048716e-06
494,441,9.175714694720227e-06
279,62,9.19380454433849e-06
494,733,9.219750609190667e-06
279,837,9.252657036995515e-06
1130,883,9.272935130866244e-06
267,463,9.289026820624711e-06
494,261,9.30947317101527e-06
272,548,9.32967031985754e-06
1130,5,9.355392649013083e-06
974,885,9.37473123485688e-06
279,156,9.420312380825637e-06
272,646,9.47196349443402e-06
280,61,9.497764949628618e-06
974,698,9.540644896333106e-06
279,880,9.55887298914604e-06
17,314,9.586506166670006e-06
279,325,9.611322639102582e-06
494,190,9.67378309724154e-06
1130,387,9.72227644524537e-06
1130,1005,9.723941730044317e-06
291,0,9.737782420415895e-06
822,35,9.748923730512615e-06
974,606,9.791454431251624e-06
494,168,9.810964911594056e-06
1130,363,9.826600944506936e-06
17,91,9.826845598581713e-06
279,187,9.842055987974165e-06
291,1002,9.854998097580392e-06
974,777,9.863375453278422e-06
1130,335,9.899118595058098e-06
279,1021,9.90853277471615e-06
279,773,9.92749846773222e-06
17,1072,9.957068868970964e-06
974,222,1.0017679414886516e-05
974,393,1.0036448657047004e-05
279,417,1.0046023817267267e-05
272,708,1.008245726552559e-05
279,28,1.0113663847732823e-05
974,246,1.0126237611984834e-05
700,407,1.0144058251171373e-05
870,164,1.0237060450890567e-05
272,251,1.0253947948513089e-05
870,186,1.0271805876982398e-05
870,228,1.0332584679417778e-05
279,945,1.037601487041684e-05
974,696,1.0395022400189193e-05
267,149,1.0481627214176116e-05
272,393,1.048873491527047e-05
870,721,1.050182072503958e-05
272,214,1.0516709153307602e-05
279,388,1.0557871974015144e-05
272,322,1.0609182027110364e-05
272,737,1.0616481631586794e-05
188,47,1.0623218258842826e-05
1130,132,1.0698709047574084e-05
272,987,1.0779537660710048e-05
822,77,1.0786903658299709e-05
280,644,1.0832332009158565e-05
280,151,1.084066661860561e-05
279,497,1.0861461305466946e-05
279,69,1.0889356417465024e-05
279,718,1.093981700250879e-05
700,906,1.1020354577340186e-05
1130,675,1.1047428415622562e-05
272,775,1.1113128493889237e-05
280,398,1.111493202188285e-05
279,1077,1.1131954124721233e-05
974,721,1.115222130465554e-05
974,79,1.119215266953688e-05
974,514,1.12001644083648e-05
700,206,1.123283254855778e-05
279,918,1.1237882063142024e-05
279,1040,1.1258483937126584e-05
974,579,1.1266431101830676e-05
272,543,1.1267886293353511e-05
478,297,1.1340884157107212e-05
290,941,1.1462746442703065e-05
267,1001,1.1535993508005047e-05
279,160,1.1536566489667166e-05
279,238,1.160411920864135e-05
822,1066,1.1618091775744688e-05
928,141,1.1740192348952403e-05
272,532,1.1769721822929569e-05
974,347,1.178574802906951e-05
974,380,1.1798420018749312e-05
1130,692,1.1869408808706794e-05
974,1011,1.186989902635105e-05
870,787,1.1876407370436937e-05
279,496,1.189605154650053e-05
272,834,1.190697821584763e-05
272,846,1.192487161461031e-05
279,885,1.1938574971281923e-05
960,862,1.1969921615673227e-05
279,649,1.2007932127744423e-05
279,7,1.20401346066501e-05
272,1037,1.2123628039262258e-05
974,709,1.2156253433204256e-05
1130,934,1.2176673408248462e-05
272,942,1.2205814527987968e-05
279,191,1.2454752322810236e-05
279,934,1.2456943295546807e-05
974,967,1.2466847692849116e-05
291,500,1.2524517842393834e-05
272,71,1.2526071259344462e-05
478,1108,1.2563756172312424e-05
267,715,1.2582983799802603e-05
960,510,1.258392512681894e-05
494,854,1.2628053809748964e-05
700,908,1.2687658454524351e-05
974,13,1.2712658644886687e-05
1130,14,1.2723967302008532e-05
974,1008,1.2762041478708852e-05
272,685,1.2800188414985314e-05
290,685,1.2818549294024706e-05
974,766,1.284317932004342e-05
279,211,1.2871375474787785e-05
267,657,1.2939624866703523e-05
974,746,1.2957465514773505e-05
279,562,1.2960225831193384e-05
700,790,1.298366805713158e-05
279,819,1.2990974028070925e-05
291,458,1.3013835996389387e-05
279,131,1.3018177014600951e-05
700,443,1.3025380212638993e-05
279,855,1.3026138731220271e-05
291,389,1.3044574188825209e-05
974,1093,1.306215563090518e-05
1130,555,1.3083605153951794e-05
272,296,1.3088950254314112e-05
272,1004,1.3094338100927416e-05
279,927,1.3097843293508047e-05
188,764,1.3109508472552989e-05
494,538,1.3120828043611256e-05
822,1089,1.3125690202286933e-05
494,506,1.312894164584577e-05
272,707,1.3205399227445014e-05
1130,374,1.3219723768997936e-05
279,693,1.3241551641840488e-05
279,981,1.3328471140994225e-05
494,265,1.3390303138294256e-05
290,749,1.3397180737229064e-05
974,1085,1.3397570910456125e-05
960,1054,1.3499690794560593e-05
272,47,1.3558827959059272e-05
279,270,1.3563576430897228e-05
700,692,1.3593506082543172e-05
272,479,1.362895727652358e-05
272,135,1.3651737390318884e-05
279,1071,1.3684070836461617e-05
272,363,1.3741750990448054e-05
272,864,1.3760656656813808e-05
1130,65,1.3764512004854623e-05
1130,811,1.3808469702780712e-05
960,363,1.3949483218311798e-05
272,64,1.3961727745481768e-05
494,1004,1.4040685528016184e-05
1130,481,1.4065103641769385e-05
291,137,1.4074016689846758e-05
1106,914,1.416567374690203e-05
1130,43,1.4231140085030349e-05
279,532,1.4237160939956084e-05
272,991,1.4240858035918793e-05
1130,1047,1.4260119314712938e-05
188,721,1.43420238600811e-05
494,382,1.4347736396302936e-05
700,816,1.4353837286762428e-05
280,531,1.4380239917954896e-05
700,694,1.4391392141988035e-05
700,6,1.4394295249076094e-05
272,764,1.4396466212929226e-05
700,683,1.4536275557475165e-05
974,444,1.4558298971678596e-05
960,293,1.459589293517638e-05
960,329,1.462792442907812e-05
974,54,1.4637284039054066e-05
272,190,1.4658727195637766e-05
1130,851,1.4659014595963528e-05
279,244,1.466957382945111e-05
272,886,1.4689925592392685e-05
272,587,1.4699687199026812e-05
272,934,1.4739764992555138e-05
279,1046,1.4775455383642113e-05
870,14,1.4810882930760272e-05
822,729,1.482887273596134e-05
960,441,1.4886750250298064e-05
960,907,1.4917080079612788e-05
974,413,1.5046434782561846e-05
974,711,1.505155614722753e-05
272,381,1.5159050235524774e-05
960,374,1.5163330317591315e-05
280,728,1.5185384654614609e-05
280,37,1.5240717402775772e-05
1003,103,1.5249777788994834e-05
291,22,1.525768584542675e-05
279,516,1.526623236713931e-05
280,36,1.5268842616933398e-05
974,926,1.530696863483172e-05
280,404,1.534776129119564e-05
267,392,1.538481046736706e-05
188,669,1.542272548249457e-05
267,304,1.5438045011251234e-05
280,942,1.548121690575499e-05
1130,798,1.548811087559443e-05
188,868,1.5498029824811965e-05
291,1080,1.558153599034995e-05
494,656,1.5602909115841612e-05
1130,980,1.5607003660988994e-05
700,37,1.5614739822922274e-05
291,486,1.5751673345221207e-05
279,455,1.5801935660419986e-05
870,656,1.5821393390069716e-05
494,510,1.5837351384107023e-05
272,658,1.583879566169344e-05
494,373,1.585405334481038e-05
700,340,1.5897609046078287e-05
1003,805,1.592549233464524e-05
1130,293,1.5941934179863892e-05
17,491,1.5986421203706414e-05
272,721,1.5995754438336007e-05
291,328,1.6017904272302985e-05
272,606,1.6102347217383794e-05
822,617,1.6126421542139724e-05
291,779,1.615588007553015e-05
17,1011,1.6232015696004964e-05
280,1002,1.6254381989710964e-05
960,279,1.6296102330670692e-05
1130,1083,1.6314093954861164e-05
188,466,1.6322021110681817e-05
974,176,1.6409725503763184e-05
291,363,1.6425074136350304e-05
272,876,1.6433261407655664e-05
279,998,1.6487074390170164e-05
974,22,1.6527937987120822e-05
974,481,1.6610705642960966e-05
974,846,1.6630527170491405e-05
700,1010,1.664311275817454e-05
974,209,1.666512616793625e-05
494,1047,1.6671265257173218e-05
870,334,1.66940335475374e-05
960,220,1.6709105693735182e-05
960,145,1.6727373804314993e-05
188,761,1.6762312952778302e-05
279,547,1.6772446542745456e-05
279,610,1.6810095985420048e-05
960,354,1.681748835835606e-05
974,1040,1.6884867363842204e-05
478,14,1.6890675397007726e-05
1130,265,1.693350168352481e-05
272,361,1.7002095773932524e-05
279,13,1.7008022041409276e-05
280,1049,1.702569716144353e-05
1130,1094,1.71026294992771e-05
272,1011,1.7133517758338712e-05
1130,432,1.7155649402411655e-05
279,404,1.7169255443150178e-05
272,14,1.7176642359117977e-05
960,458,1.72532436408801e-05
279,381,1.7255846614716575e-05
17,220,1.7257887520827353e-05
188,1084,1.7328029571217485e-05
279,756,1.7599550119484775e-05
188,125,1.7620095604797825e-05
279,509,1.7637023120187223e-05
1130,935,1.7645130355958827e-05
974,1098,1.7650165318627842e-05
279,825,1.769524169503711e-05
279,76,1.774494921846781e-05
1130,559,1.7762322386261076e-05
494,671,1.7831713194027543e-05
822,968,1.7849477444542572e-05
494,491,1.7887636204250157e-05
870,853,1.78986356331734e-05
279,663,1.792140756151639e-05
494,664,1.804312523745466e-05
494,61,1.806193722586613e-05
272,1047,1.815408541006036e-05
279,735,1.8177062884205952e-05
974,883,1.8191776689491235e-05
494,72,1.819240969780367e-05
279,766,1.824793616833631e-05
974,707,1.827465348469559e-05
279,743,1.830860310292337e-05
279,1003,1.830951077863574e-05
974,942,1.838425123423804e-05
974,1037,1.845360748120584e-05
291,906,1.8514838302508e-05
974,378,1.854574838944245e-05
494,1057,1.856611379480455e-05
1130,1000,1.856722155935131e-05
494,377,1.859690382843837e-05
272,724,1.862058343249373e-05
960,395,1.8646440366865136e-05
290,407,1.876487658591941e-05
1130,70,1.885906749521382e-05
279,0,1.8907998310169205e-05
974,132,1.8934339095721956e-05
272,511,1.89929469343042e-05
974,683,1.902956137200817e-05
1130,716,1.904201235447545e-05
272,65,1.905499266285915e-05
279,846,1.906383113237098e-05
1130,220,1.9080624042544517e-05
1106,247,1.910265928017907e-05
279,253,1.9171402527717877e-05
974,411,1.918047382787336e-05
272,344,1.921558578033e-05
280,176,1.924259413499385e-05
974,538,1.924974458233919e-05
272,779,1.927073935803492e-05
272,404,1.9324206732562743e-05
17,667,1.9331831936142407e-05
928,912,1.9340366634423845e-05
272,968,1.9371173038962297e-05
974,363,1.9378749129828066e-05
822,746,1.938019158842508e-05
1130,402,1.9390197849133983e-05
1130,651,1.94666936295107e-05
279,1012,1.9505816453602165e-05
1106,383,1.9506347598508e-05
1106,808,1.952185812115204e-05
494,836,1.954788967850618e-05
291,481,1.960255940502975e-05
17,780,1.965447336260695e-05
700,1075,1.965871160791721e-05
188,1130,1.9691386114573103e-05
494,348,1.9721948774531484e-05
272,821,1.9764180251513608e-05
272,524,1.978394175239373e-05
1130,186,1.9893930584657937e-05
272,780,1.9917184545192868e-05
700,977,1.99274109036196e-05
280,714,2.007469811360352e-05
494,247,2.007657167268917e-05
279,854,2.0092147678951733e-05
280,960,2.014130404859316e-05
280,5,2.014956589846406e-05
960,263,2.02017563424306e-05
279,143,2.023062734224368e-05
279,22,2.0368646801216528e-05
279,537,2.036905607383233e-05
494,1025,2.039295759459492e-05
272,713,2.0480611055972983e-05
291,938,2.0522409613477063e-05
279,314,2.053445678029675e-05
279,896,2.054072501778137e-05
279,344,2.0552286514430307e-05
974,110,2.068788489850704e-05
974,332,2.0697871150332503e-05
272,735,2.0719975509564392e-05
960,600,2.089531517412979e-05
272,547,2.099994708260056e-05
188,1078,2.103567931044381e-05
279,441,2.1089432266307995e-05
272,739,2.110883178829681e-05
960,389,2.112039328494575e-05
272,855,2.114662129315548e-05
870,1033,2.1156627553864386e-05
272,211,2.115686766046565e-05
822,725,2.124688217008952e-05
960,394,2.1456758986460045e-05
974,339,2.156059599656146e-05
700,780,2.16220723814331e-05
700,664,2.16256121348124e-05
960,547,2.1686752006644383e-05
1130,272,2.170561856473796e-05
1003,623,2.17492943193065e-05
279,255,2.1848636606591757e-05
1130,79,2.188978760386817e-05
974,720,2.195245360780973e-05
272,52,2.204059637733735e-05
700,903,2.2200583771336824e-05
279,966,2.2236123186303303e-05
272,692,2.2244992578634992e-05
279,201,2.2258322132984176e-05
279,198,2.2268282918957997e-05
1130,255,2.2270331101026383e-05
272,152,2.230000427516643e-05
272,512,2.234885141660925e-05
279,405,2.235871943412349e-05
870,75,2.2420472305384465e-05
290,883,2.243204835394863e-05
279,1057,2.249009230581578e-05
478,265,2.2536645701620728e-05
494,468,2.2544076273334213e-05
280,247,2.2577643903787248e-05
279,923,2.2623597033089027e-05
870,664,2.2656853616354056e-05
279,20,2.27093551075086e-05
272,613,2.276399391121231e-05
494,1068,2.276871964568272e-05
279,1087,2.279896216350608e-05
494,958,2.2802285457146357e-05
1003,845,2.2819644073024392e-05
960,710,2.286597555212211e-05
267,497,2.287542156409472e-05
974,919,2.2895485017215836e-05
960,625,2.2900832846062254e-05
974,56,2.290357770107221e-05
494,181,2.2981026631896384e-05
1130,1105,2.2991358491708525e-05
279,683,2.305176894878969e-05
870,1000,2.3135949959396385e-05
1003,851,2.317250437045004e-05
870,708,2.330213283130433e-05
974,1072,2.3413425878970884e-05
960,1077,2.345002030779142e-05
974,310,2.351525836274959e-05
267,849,2.353962554479949e-05
494,194,2.3543670977232974e-05
272,1075,2.3629427232663147e-05
17,721,2.3638751372345723e-05
279,613,2.3638982383999974e-05
494,1121,2.372346534684766e-05
974,281,2.3737369701848365e-05
478,146,2.381153535679914e-05
267,1129,2.3873917598393742e-05
272,425,2.389876863162499e-05
279,103,2.411010063951835e-05
279,559,2.416288043605164e-05
1130,846,2.418220719846431e-05
1003,710,2.4196957383537665e-05
272,665,2.420974306005519e-05
291,571,2.4287453925353475e-05
17,28,2.436923205095809e-05
279,675,2.445010431983974e-05
478,806,2.4542901883251037e-05
960,43,2.460384894220624e-05
272,1001,2.4618162569822744e-05
17,666,2.4634693545522168e-05
870,648,2.463586497469805e-05
279,733,2.463905002514366e-05
279,339,2.467187186994124e-05
1045,1119,2.4674776796018705e-05
494,37,2.470731305947993e-05
960,405,2.47254574787803e-05
494,606,2.4738068532315083e-05
1130,1050,2.48051255766768e-05
974,1083,2.4817332814564e-05
928,656,2.4843877326929945e-05
974,574,2.4895763999666087e-05
960,711,2.4974609914352183e-05
974,876,2.4976452550617975e-05
870,18,2.4987197321024723e-05
494,220,2.5058638129848987e-05
291,907,2.5117025870713405e-05
291,487,2.5163462851196527e-05
291,163,2.537268301239237e-05
700,819,2.545849929447286e-05
272,581,2.547883195802569e-05
1106,805,2.5519148039165884e-05
279,869,2.5668899979791604e-05
291,11,2.570989636296872e-05
280,86,2.5752553483471274e-05
279,70,2.575694634288084e-05
928,1000,2.5838475266937166e-05
960,778,2.5916593585861847e-05
279,99,2.593745375634171e-05
272,719,2.5961200663005e-05
272,255,2.5961257051676512e-05
494,1129,2.6016658011940308e-05
272,54,2.6068628358189017e-05
960,883,2.6368923499831e-05
279,709,2.640504317241721e-05
960,314,2.642217987158801e-05
960,196,2.6459663786226884e-05
280,383,2.647848305059597e-05
279,1098,2.650741225806996e-05
494,465,2.6525860448600724e-05
291,869,2.6767869712784886e-05
1130,615,2.681899604795035e-05
974,1075,2.693173155421391e-05
279,44,2.709090949792881e-05
1130,192,2.711985871428624e-05
1003,278,2.7135989512316883e-05
700,648,2.713708636292722e-05
280,805,2.7141380996908996e-05
272,1129,2.726792808971368e-05
279,1022,2.729734114836901e-05
1106,593,2.735548514465336e-05
974,779,2.746346581261605e-05
1130,968,2.746601239778101e-05
272,462,2.7532663807505745e-05
17,648,2.756720823526848e-05
974,255,2.76114369626157e-05
291,863,2.762644726317376e-05
974,898,2.7681731808115728e-05
974,964,2.7731475711334497e-05
279,322,2.7739630240830596e-05
267,314,2.7770933229476213e-05
267,0,2.7773092369898222e-05
279,960,2.785886863421183e-05
1003,652,2.787385710689705e-05
960,718,2.790606777125504e-05
1130,624,2.8093380024074577e-05
267,1110,2.809567013173364e-05
960,509,2.8100643248762932e-05
279,463,2.8188611395307817e-05
291,681,2.8198715881444517e-05
1130,1054,2.836901148839388e-05
279,978,2.837746978912037e-05
960,1047,2.8381004085531455e-05
700,458,2.8391004889272157e-05
974,854,2.8480537366704084e-05
960,993,2.848737858585082e-05
272,555,2.852234320016578e-05
279,816,2.86030990537256e-05
267,1011,2.877784208976664e-05
1003,263,2.878988925658632e-05
870,135,2.8823023967561312e-05
960,54,2.88545652438188e-05
279,14,2.898667480621953e-05
280,654,2.905873225245159e-05
960,878,2.919708458648529e-05
928,1026,2.927671084762551e-05
700,1072,2.927731657109689e-05
870,1130,2.931106428150088e-05
700,942,2.9451955924741924e-05
290,868,2.9536528018070385e-05
974,181,2.964905979752075e-05
1106,851,2.967814180010464e-05
1106,141,2.976677023980301e-05
279,812,2.977390977321193e-05
494,314,2.985757055284921e-05
1130,509,2.9927339710411616e-05
280,990,3.0102355594863184e-05
974,14,3.015199035871774e-05
960,972,3.015213951584883e-05
960,368,3.030212792509701e-05
279,327,3.0309236535686068e-05
280,1050,3.031203777936753e-05
1130,600,3.045187440875452e-05
272,568,3.0476916435873136e-05
974,1108,3.048688085982576e-05
279,980,3.059927257709205e-05
280,255,3.066532372031361e-05
928,872,3.069137528655119e-05
279,715,3.101645052083768e-05
272,1079,3.1030889658723027e-05
279,467,3.128321986878291e-05
494,129,3.132223355351016e-05
700,532,3.135922452202067e-05
290,687,3.139401087537408e-05
272,1085,3.142593777738512e-05
960,806,3.143491267110221e-05
1130,906,3.1486408261116594e-05
272,131,3.149491749354638e-05
974,5,3.1552990549243987e-05
700,1088,3.156868478981778e-05
279,503,3.165705129504204e-05
279,1038,3.1725729058962315e-05
494,3,3.18778729706537e-05
291,817,3.1881816539680585e-05
272,926,3.191592259099707e-05
290,228,3.198443664587103e-05
279,205,3.208644920960069e-05
279,926,3.2169100450119004e-05
279,361,3.220378130208701e-05
280,477,3.23033491440583e-05
272,939,3.230530637665652e-05
279,164,3.266287603764795e-05
1106,798,3.276523784734309e-05
700,314,3.2839343475643545e-05
279,1075,3.2915071642491966e-05
700,655,3.2917374483076856e-05
974,256,3.2965283025987446e-05
279,664,3.2977019145619124e-05
272,902,3.297732473583892e-05
974,225,3.3012205676641315e-05
291,377,3.302007826277986e-05
494,120,3.305348218418658e-05
1130,575,3.3112439268734306e-05
700,187,3.327034573885612e-05
974,491,3.333633139845915e-05
17,918,3.3392454497516155e-05
494,1094,3.348600148456171e-05
974,175,3.3627275115577504e-05
700,1003,3.363136784173548e-05
478,1078,3.3690808777464554e-05
974,425,3.3728683774825186e-05
974,1094,3.374249718035571e-05
272,500,3.376379027031362e-05
280,870,3.376954555278644e-05
279,1011,3.380329144420102e-05
267,225,3.381706483196467e-05
478,304,3.400502464501187e-05
974,820,3.4033866540994495e-05
280,1015,3.4044274798361585e-05
1130,821,3.404733797651716e-05
870,712,3.460019433987327e-05
17,934,3.462426320766099e-05
291,1005,3.4635049814824015e-05
960,1075,3.467832357273437e-05
272,340,3.4707489248830825e-05
279,968,3.473861943348311e-05
291,1093,3.4783632145263255e-05
279,811,3.486833884380758e-05
279,425,3.5104276321362704e-05
272,186,3.515007847454399e-05
17,791,3.532599657773972e-05
870,1078,3.5386205126997083e-05
494,906,3.54389485437423e-05
279,993,3.544426363077946e-05
279,53,3.5644312447402626e-05
1106,1000,3.57633653038647e-05
974,674,3.5976954677607864e-05
188,314,3.604121593525633e-05
279,183,3.608787301345728e-05
279,1108,3.632119842222892e-05
279,1110,3.656097032944672e-05
478,1080,3.660599031718448e-05
279,555,3.661084338091314e-05
188,648,3.661409573396668e-05
1003,1047,3.664739051600918e-05
279,1106,3.673083119792864e-05
279,24,3.692238897201605e-05
974,780,3.694719998748042e-05
280,896,3.698420914588496e-05
272,1130,3.718847074196674e-05
1130,547,3.719594678841531e-05
280,977,3.721181201399304e-05
291,648,3.721406028489582e-05
290,1056,3.726699651451781e-05
17,1108,3.73178263544105e-05
822,648,3.7408110074466094e-05
272,160,3.752754491870292e-05
279,175,3.755285797524266e-05
960,471,3.757379818125628e-05
1130,502,3.761779225897044e-05
494,1012,3.766859299503267e-05
280,1119,3.78189142793417e-05
1106,654,3.796245800913312e-05
272,17,3.805123196798377e-05
1003,230,3.809342524618842e-05
1130,378,3.817088872892782e-05
1130,855,3.833550363196992e-05
974,968,3.834426024695858e-05
974,373,3.83507831429597e-05
1130,825,3.8440539356088266e-05
974,471,3.853521047858521e-05
700,381,3.87597901863046e-05
17,432,3.881634620483965e-05
960,798,3.904425830114633e-05
1106,61,3.908021972165443e-05
974,524,3.915552952094004e-05
700,902,3.922986070392653e-05
974,644,3.925685086869635e-05
17,692,3.928966543753632e-05
870,363,3.935089262085967e-05
974,906,3.9426024159183726e-05
822,481,3.949067104258575e-05
1130,314,3.950305836042389e-05
279,972,3.9643746276851743e-05
280,334,3.974417995777912e-05
279,39,3.9773862226866186e-05
188,211,3.980913606937975e-05
974,496,4.013142824987881e-05
870,962,4.023315705126152e-05
494,246,4.023741712444462e-05
272,1015,4.031621574540623e-05
279,558,4.036985774291679e-05
1003,37,4.060529317939654e-05
1130,568,4.065024040755816e-05
291,471,4.070761860930361e-05
960,968,4.076195546076633e-05
279,465,4.076305049238727e-05
1106,1119,4.1015508031705394e-05
272,24,4.113324757781811e-05
279,895,4.114426701562479e-05
279,1037,4.117404023418203e-05
974,934,4.121308666071855e-05
870,1075,4.1273029637523e-05
291,244,4.133528636884876e-05
1003,132,4.139171869610436e-05
1003,817,4.158087176620029e-05
17,325,4.162939148955047e-05
1130,870,4.171003820374608e-05
1003,275,4.186863588984125e-05
1130,663,4.201289993943647e-05
291,725,4.209551480016671e-05
279,334,4.2105868487851694e-05
700,891,4.2223939090035856e-05
279,820,4.236367385601625e-05
279,1072,4.238206020090729e-05
960,811,4.238600376993418e-05
280,56,4.259429624653421e-05
1003,581,4.270881618140265e-05
1130,1010,4.291912773624063e-05
272,964,4.292274388717488e-05
494,600,4.307689232518897e-05
272,310,4.328099385020323e-05
272,1127,4.3287855078233406e-05
494,183,4.339935185271315e-05
279,1001,4.34119938290678e-05
1106,477,4.359156082500704e-05
272,1072,4.365126005723141e-05
267,868,4.405013532959856e-05
279,813,4.415003058966249e-05
280,898,4.4238291593501344e-05
272,901,4.455794260138646e-05
279,225,4.456578244571574e-05
700,1083,4.513442036113702e-05
974,314,4.518408240983263e-05
279,363,4.520850052358583e-05
279,780,4.540242298389785e-05
494,680,4.550068115349859e-05
279,725,4.55784029327333e-05
870,930,4.572643229039386e-05
279,844,4.590463504428044e-05
494,752,4.593301491695456e-05
1130,1001,4.60353221569676e-05
290,5,4.646215165848844e-05
267,506,4.675416857935488e-05
1130,1093,4.696972973761149e-05
700,570,4.702226215158589e-05
272,314,4.721741061075591e-05
1106,56,4.767479549627751e-05
279,220,4.769445877172984e-05
960,378,4.77646135550458e-05
1003,194,4.798344525624998e-05
1106,710,4.798512236448005e-05
700,25,4.817579974769615e-05
17,1075,4.876721868640743e-05
280,1047,4.892487413599156e-05
1003,723,4.892759898211807e-05
280,817,4.8940339183900505e-05
1106,211,4.9217152991332114e-05
279,318,4.926411565975286e-05
279,72,4.930682189296931e-05
494,798,4.940585859003477e-05
280,304,4.9792153731686994e-05
290,1060,5.036631046095863e-05
17,968,5.049810715718195e-05
478,390,5.0853290304075927e-05
279,246,5.1057340897386894e-05
272,680,5.122571019455791e-05
280,310,5.14512175868731e-05
1130,283,5.145690738572739e-05
1130,471,5.1546328904805705e-05
494,532,5.174947727937251e-05
279,152,5.175385740585625e-05
974,692,5.182688983040862e-05
700,809,5.1851184252882376e-05
279,5,5.185904956306331e-05
1003,5,5.19818022439722e-05
291,148,5.2034603868378326e-05
279,25,5.213045369600877e-05
279,75,5.214224802330136e-05
188,578,5.215608325670473e-05
279,568,5.2778017561649904e-05
928,3,5.278018215904012e-05
280,1010,5.307365790940821e-05
974,187,5.3111230954527855e-05
188,36,5.322839569998905e-05
1106,95,5.379189315135591e-05
1106,1047,5.389901343733072e-05
974,509,5.398979192250408e-05
960,3,5.412409154814668e-05
700,896,5.448548836284317e-05
1130,836,5.491140109370463e-05
279,406,5.493027492775582e-05
272,967,5.4969194025034085e-05
700,120,5.498239261214621e-05
700,535,5.518199759535492e-05
279,1010,5.523081563296728e-05
280,932,5.603566387435421e-05
974,532,5.673894702340476e-05
280,829,5.691182741429657e-05
1130,487,5.708673779736273e-05
279,778,5.7131852372549474e-05
1106,395,5.804497413919307e-05
279,721,5.811287701362744e-05
1130,287,5.82563407078851e-05
974,244,5.84571753279306e-05
960,851,5.877649891772308e-05
280,377,5.8896348491543904e-05
928,466,5.960848284303211e-05
700,715,5.962084469501861e-05
974,205,5.964251613477245e-05
290,163,6.002496593282558e-05
272,225,6.021367153152824e-05
272,648,6.042422683094628e-05
1130,175,6.065958950784989e-05
700,567,6.074998964322731e-05
280,807,6.081451283534989e-05
494,605,6.158802716527134e-05
188,501,6.17790428805165e-05
960,648,6.32400915492326e-05
279,134,6.338981620501727e-05
1130,1060,6.366467277985066e-05
700,205,6.395950185833499e-05
1130,345,6.396386015694588e-05
478,371,6.42645827610977e-05
1130,458,6.428430788218975e-05
188,35,6.434863462345675e-05
1106,826,6.458510324591771e-05
188,820,6.50469955871813e-05
279,964,6.507512443931773e-05
279,1063,6.512058462249115e-05
1003,3,6.60844671074301e-05
290,786,6.626497633988038e-05
279,54,6.62842285237275e-05
1130,1075,6.657754420302808e-05
1130,0,6.709701119689271e-05
974,648,6.727056461386383e-05
290,458,6.728608423145488e-05
280,24,6.74914990668185e-05
478,1094,6.75703922752291e-05
494,581,6.776904047001153e-05
822,5,6.805441807955503e-05
700,152,6.831605423940346e-05
494,890,6.859726272523403e-05
1130,377,6.876467523397878e-05
272,246,6.946503708604723e-05
1003,700,6.947523797862232e-05
291,891,6.9862995587755e-05
1130,475,7.1161579398904e-05
1003,786,7.148400618461892e-05
494,13,7.155961793614551e-05
272,283,7.178434316301718e-05
290,988,7.214919605758041e-05
700,292,7.257133984239772e-05
279,1093,7.260724669322371e-05
290,462,7.328312494792044e-05
870,314,7.347961945924908e-05
290,254,7.348838698817417e-05
279,3,7.390355312963948e-05
280,458,7.534794713137671e-05
279,821,7.615928188897669e-05
279,124,7.642377750016749e-05
700,425,7.657348032807931e-05
928,926,7.801794708939269e-05
1106,680,7.811365503584966e-05
291,1083,7.837163138901815e-05
1130,891,7.931399886729196e-05
960,425,7.95080850366503e-05
1130,911,7.954413740662858e-05
449,912,8.030721073737368e-05
267,1094,8.066273585427552e-05
272,5,8.077572420006618e-05
1106,700,8.206211350625381e-05
700,246,8.234403503593057e-05
1130,817,8.30535136628896e-05
188,967,8.328263356816024e-05
272,622,8.375555626116693e-05
1130,1124,8.385676483158022e-05
279,692,8.775410242378712e-05
1106,1094,8.897794759832323e-05
280,690,9.001105354400352e-05
279,648,9.030255750985816e-05
272,220,9.068892541108652e-05
1106,1015,9.209112613461912e-05
1045,776,9.286509157391264e-05
1106,811,9.384697477798908e-05
1003,506,9.479458094574512e-05
1003,24,9.481456800131129e-05
291,57,9.529169619781896e-05
279,190,9.656512702349572e-05
494,299,9.706538548925892e-05
1003,1025,9.818347461987288e-05
290,223,9.89484105957672e-05
1003,141,9.946808131644502e-05
1106,807,0.0001037432957673
928,1125,0.0001038186164805
1130,1108,0.0001073081875802
1130,908,0.0001114947517635
279,967,0.0001150649113696
700,500,0.0001159026578534
1130,254,0.0001159632738563
290,935,0.0001173823766293
494,821,0.0001189871836686
267,1004,0.0001221615530084
700,327,0.0001225104206241
1106,161,0.0001227907341672
1130,599,0.0001253087393706
1003,1000,0.0001277501287404
272,143,0.000128121158923
960,821,0.000129233347252
280,710,0.0001335515262326
1003,1015,0.0001343390467809
1106,398,0.0001347439101664
974,220,0.000139935145853
280,1094,0.0001480336941312
700,537,0.0001491658040322
280,479,0.0001634756190469
974,966,0.0001778354635462
1130,695,0.0001904542586999
1003,715,0.0001944623363669
267,37,0.0002114382659783
290,275,0.0002447267470415
1130,772,0.0002459634852129
1003,807,0.0002520398411434
1106,440,0.0002608924987725
1130,275,0.0002633453696034
290,453,0.0002638357982505
1130,648,0.0002920670085586
272,966,0.0004234417865518
1106,531,0.0004267231561243
1130,177,0.000455683650216
290,320,0.0004804549971595
1003,1094,0.0005398542853072
1106,479,0.0005721109337173
1003,129,0.0005854284972883
1106,838,0.000645967607852
1003,304,0.0006583930808119
700,79,0.0006617770995944
1130,747,0.000681358622387
1003,1004,0.0007522888481616
1130,786,0.0008695029537193
700,497,0.0039159660227596
700,540,0.0044849626719951
