TF	Target	EdgeWeight
JUN	DUSP1	0.015951188281178474
GATA2	APOE	0.013731678016483784
JUN	EGR1	0.013607658445835114
JUN	ZFP36	0.01343973446637392
JUN	PPP1R15A	0.013081802055239677
EBF1	SDC4	0.012707419693470001
IRF8	LY86	0.012431792914867401
GATA2	CPA3	0.011994334869086742
GATA2	SLC18A2	0.011916585266590118
EBF1	DNTT	0.011879411526024342
EBF1	LY6A	0.011875009164214134
MEIS1	CTLA2A	0.011837649159133434
SATB1	FLT3	0.011781944893300533
EBF1	CHCHD10	0.01159787829965353
EBF1	NFIA	0.011491316370666027
MEIS1	ANGPT1	0.011450198478996754
EBF1	GIMAP6	0.011366847902536392
SATB1	DNTT	0.011352184228599072
GATA2	CD9	0.011324386112391949
JUN	KLF6	0.01132118422538042
EBF1	FOXO1	0.01124483160674572
GATA2	PDZK1IP1	0.011193967424333096
GATA2	GFI1B	0.011180974543094635
MEIS1	GM19590	0.01114583294838667
IRF8	CSF1R	0.01113628689199686
JUN	BTG2	0.010999982245266438
SATB1	PLEK	0.010938613675534725
EBF1	RELB	0.010895409621298313
EBF1	SOCS2	0.01088431105017662
EBF1	RUNX1T1	0.010771382600069046
MEIS1	GCNT2	0.010763866826891899
EBF1	SIGLECG	0.010683497413992882
EBF1	MECOM	0.010634170845150948
EBF1	CD74	0.010625451803207397
JUN	HSPA1A	0.010572712868452072
EBF1	LTB	0.010561545379459858
EBF1	GM4759	0.010543354786932468
EBF1	MAP4K2	0.010539849288761616
EBF1	IGHM	0.010522888042032719
EBF1	CENPA	0.010417253710329533
SATB1	IGHM	0.010410797782242298
SATB1	TESPA1	0.010334774851799011
IRF8	IGHM	0.010201158002018929
EBF1	YPEL3	0.010181944817304611
MEIS1	GIMAP6	0.01016221847385168
EBF1	PLAG1	0.010120012797415257
SATB1	CD53	0.010076028294861317
MEIS1	IFITM1	0.010055727325379848
EBF1	TFRC	0.010049492120742798
EBF1	H2-AA	0.010029694996774197
EBF1	GM20559	0.009997076354920864
GATA2	RAB37	0.009985337033867836
MEIS1	MPL	0.009971728548407555
EBF1	CD53	0.009925407357513905
EBF1	ZFP322A	0.00990697555243969
GATA2	TFR2	0.009902752935886383
EBF1	CYBC1	0.00988992489874363
EBF1	SYK	0.009855703450739384
EBF1	ABCG3	0.009840786457061768
EBF1	TXNIP	0.009839977137744427
JUN	RGS1	0.009831828996539116
EBF1	ZFP35	0.00982385128736496
EBF1	GPD1L	0.009815766476094723
EBF1	RABGGTB	0.009812540374696255
MEIS1	HLF	0.009792900644242764
EBF1	RGS1	0.009775754064321518
EBF1	DOCK10	0.009756256826221943
EBF1	IGKC	0.009747341275215149
EBF1	MKI67	0.00973604992032051
EBF1	TRP53I11	0.009715955704450607
EBF1	ZBTB20	0.009714150801301003
EBF1	RORA	0.009711330756545067
EBF1	SGPP1	0.009691786020994186
EBF1	HLF	0.009683224372565746
EBF1	TECPR1	0.009678739123046398
MEIS1	PTGS1	0.009675423614680767
SATB1	ADGRG3	0.009670938365161419
EBF1	GIMAP1OS	0.009669958613812923
MEIS1	RGS1	0.009655800648033619
EBF1	PROCR	0.009639812633395195
EBF1	AI504432	0.0096275070682168
EBF1	PLXDC2	0.009573232382535934
EBF1	PDZK1IP1	0.009555616416037083
EBF1	CKAP5	0.009555462747812271
EBF1	ACSS1	0.00954967737197876
IRF8	TPM4	0.009531155228614807
GATA2	CD63	0.009510994888842106
EBF1	DPP8	0.009502033703029156
MEIS1	GIMAP1	0.009501191787421703
MEIS1	NFE2	0.009471254423260689
EBF1	TNIP3	0.009465851821005344
EBF1	TRIM59	0.00946053210645914
EBF1	RGCC	0.009442280046641827
EBF1	CCNB2	0.009429867379367352
GATA2	HDC	0.009427485056221485
EBF1	CAMK2D	0.009424947202205658
EBF1	H2-OB	0.009424729272723198
EBF1	TRIM30D	0.009423213079571724
EBF1	EPB41L4B	0.009420807473361492
EBF1	PDE4D	0.009419950656592846
EBF1	CYFIP2	0.009417924098670483
EBF1	PLIN3	0.009406667202711105
IRF8	CCR2	0.009393244981765747
MEIS1	MYCT1	0.009383903816342354
EBF1	MPL	0.009383762255311012
EBF1	GIMAP1	0.009373041801154613
GATA2	RAB38	0.009349108673632145
EBF1	CERS4	0.009330455213785172
SATB1	H2-OB	0.00932987593114376
EBF1	ZFP36	0.0093128876760602
EBF1	IFI44	0.009310249239206314
EBF1	JCHAIN	0.009309954009950161
JUN	GIMAP6	0.009305856190621853
EBF1	PPP1R9A	0.00930390227586031
EBF1	ARID2	0.009302962571382523
FOXO1	PIK3R1	0.009302000515162945
EBF1	CCNF	0.009300091303884983
EBF1	CD82	0.009298496879637241
EBF1	TBL3	0.009293523617088795
GATA2	SERPINA3G	0.00929264910519123
JUN	PDE4B	0.009280862286686897
EBF1	CISH	0.00926247239112854
EBF1	BTG2	0.0092599643394351
EBF1	RMND5A	0.009259114973247051
SATB1	BC035044	0.009255137294530869
MEIS1	LTB	0.00923963077366352
EBF1	ABL2	0.009231086820363998
EBF1	RB1	0.009225415997207165
EBF1	MCOLN2	0.009224136359989643
EBF1	SERPINB9	0.009222500957548618
EBF1	H2-Q6	0.009216511622071266
EBF1	CNN3	0.009204956702888012
SATB1	CD34	0.009192490950226784
EBF1	GIMAP5	0.009185324423015118
EBF1	LZTS1	0.00918370671570301
MEIS1	PGLYRP2	0.009173247031867504
EBF1	PLXNA4OS1	0.009172803722321987
MEIS1	TRIM47	0.009159511886537075
EBF1	MAGED1	0.009154937230050564
GFI1B	APOE	0.00914677232503891
EBF1	GM20342	0.009145439602434635
MEIS1	MECOM	0.009143014438450336
EBF1	F11R	0.00912491511553526
SATB1	SH2D5	0.009113606065511703
IRF8	MILR1	0.009111179038882256
EBF1	TRIM35	0.009109396487474442
EBF1	GM1966	0.009106659330427647
EBF1	ZFP467	0.009090568870306015
EBF1	ART4	0.009087529964745045
IRF8	TIFAB	0.00908596720546484
GFI1B	GATA2	0.00907957274466753
RAD51	TK1	0.009076660498976707
EBF1	TOP2A	0.009073643945157528
EBF1	CERK	0.00907077919691801
MEIS1	H2-Q6	0.009065079502761364
EBF1	GBP2	0.009060083888471127
EBF1	IFI30	0.009055755101144314
EBF1	HDAC7	0.00905127078294754
EBF1	SPPL2B	0.009048332460224628
MEIS1	CD63-PS	0.009045152924954891
EBF1	TPM4	0.00903602410107851
EBF1	GEM	0.009029408916831017
EBF1	CREBRF	0.009021998383104801
GATA2	CSRP3	0.009019807912409306
GATA2	CD63-PS	0.009015235118567944
EBF1	GABBR1	0.009013514034450054
EBF1	PCMTD2	0.009011787362396717
EBF1	TCP11L2	0.009009298868477345
MEIS1	CD63	0.009007923305034637
EBF1	MGAT1	0.009005721658468246
EBF1	SGMS1	0.00900141429156065
GATA2	ANGPT1	0.008991836570203304
EBF1	METAP1	0.008990081027150154
EBF1	OTUD4	0.008987147361040115
GATA2	MYCT1	0.00898622814565897
MEIS1	ADGRL4	0.008974139578640461
EBF1	ARID3B	0.008965314365923405
EBF1	NFAT5	0.008962463587522507
EBF1	MLLT3	0.008952933363616467
EBF1	STAG2	0.00894743949174881
RAD21	CDCA8	0.008944402448832989
EBF1	TBC1D10C	0.008938785642385483
EBF1	TTF2	0.00893047172576189
MEIS1	SLC2A3	0.008926291018724442
EBF1	NUS1	0.008920296095311642
GATA2	TXNIP	0.008886446245014668
EBF1	SERPINB6B	0.00888560339808464
FOXO1	EBF1	0.008880424313247204
EBF1	EMCN	0.008872397243976593
EBF1	POLE	0.008870887570083141
EBF1	IFI27L2A	0.008870220743119717
EBF1	CPA3	0.008863439783453941
MEIS1	TNIP3	0.008858432061970234
EBF1	RTP4	0.008854695595800877
EBF1	TMX4	0.008846323005855083
EBF1	PLA2G12A	0.008828423917293549
EBF1	MMRN1	0.008828004822134972
EBF1	SYTL1	0.00882773008197546
EBF1	CCNA2	0.008825210854411125
EBF1	TNFRSF13C	0.008822626434266567
EBF1	PEAR1	0.008820753544569016
SATB1	EMB	0.008816082030534744
EBF1	CDKN1A	0.008803917095065117
MEIS1	RNF122	0.008802799507975578
EBF1	AKAP8L	0.008796889334917068
GATA2	GNG11	0.008784505538642406
EBF1	IIGP1	0.008769341744482517
IRF8	CLEC12A	0.008767791092395782
EBF1	DCK	0.008766697719693184
JUN	NEAT1	0.008764123544096947
EBF1	RCSD1	0.008762940764427185
EBF1	TSC22D3	0.008760735392570496
GATA2	STX3	0.00875825621187687
EBF1	DDX60	0.008756031282246113
EBF1	NADK	0.008752970956265926
GATA2	IFITM1	0.008751844055950642
NFAT5	GIMAP6	0.008748946711421013
SATB1	CD52	0.008748780936002731
EBF1	ARCN1	0.008742621168494225
MEIS1	RAB38	0.00872845109552145
MEIS1	SPNS2	0.008720860816538334
GATA2	PLXDC2	0.008712386712431908
EBF1	HIF3A	0.008711809292435646
EBF1	PRPS2	0.008711322210729122
EBF1	TRIM30B	0.008710885420441628
EBF1	APLP2	0.008710373193025589
MEIS1	PDZK1IP1	0.008706214837729931
EBF1	CD52	0.008699155412614346
EBF1	PFKFB3	0.0086947837844491
EBF1	SAMD9L	0.008689874783158302
EBF1	FSTL1	0.008684352971613407
MEIS1	RBPMS	0.008684124797582626
EBF1	GNS	0.008682443760335445
GATA2	TGTP2	0.008678196929395199
EBF1	AKNA	0.008669037371873856
MEIS1	TXNIP	0.008667104877531528
EBF1	PIK3R1	0.008666956797242165
EBF1	TIE1	0.008664550259709358
EBF1	BDH2	0.008661597967147827
EBF1	GUCY1A1	0.008659935556352139
EBF1	NUP88	0.008659510873258114
MEIS1	EGR1	0.008654353208839893
MEIS1	MYL10	0.008653705008327961
EBF1	AZIN1	0.008652480319142342
EBF1	RCOR1	0.008652415126562119
EBF1	NFATC2	0.008645827881991863
EBF1	TINAGL1	0.008645625784993172
IRF8	UNC93B1	0.008645487017929554
EBF1	PRKCH	0.008643469773232937
EBF1	D1ERTD622E	0.008643344044685364
EBF1	ASF1B	0.00864258874207735
EBF1	ITSN1	0.008640964515507221
EBF1	COL4A1	0.008637996390461922
GATA2	TGM2	0.008637256920337677
EBF1	NPTN	0.008633079938590527
EBF1	DOCK11	0.00862871017307043
EBF1	ACSS2	0.00861778762191534
EBF1	B230219D22RIK	0.00861714594066143
EBF1	NDC1	0.008615296334028244
JUN	TXNIP	0.008612055331468582
GATA2	PBX1	0.008611979894340038
EBF1	PIK3IP1	0.008603332564234734
FOXO1	IGKC	0.008601479232311249
EBF1	SUPV3L1	0.008591712452471256
EBF1	EYA2	0.008591675199568272
EBF1	TENT5A	0.008591292425990105
EBF1	ADO	0.00858899112790823
MEIS1	SHISA5	0.008588671684265137
EBF1	AW112010	0.00858180969953537
EBF1	OBSCN	0.008579526096582413
IRF8	RASA4	0.008573483675718307
EBF1	DUSP1	0.008560683578252792
MEIS1	RAB37	0.008560564368963242
EBF1	E2F8	0.008558625355362892
EBF1	NEAT1	0.008555050007998943
EBF1	RNF122	0.008554999716579914
SATB1	LSP1	0.008554060012102127
EBF1	ABCG2	0.008536895737051964
EBF1	ITCH	0.00853558350354433
EBF1	ZNRF2	0.008534720167517662
MEIS1	DUSP1	0.008533988147974014
EBF1	MTOR	0.0085300849750638
EBF1	RNF38	0.008521580137312412
EBF1	ESAM	0.008515868335962296
EBF1	NFKBIA	0.008508543483912945
EBF1	SMPD4	0.008498706854879856
EBF1	CYP2J9	0.008496880531311035
SATB1	IL12A	0.008496143855154514
EBF1	EGR1	0.008495334535837173
GATA2	SELENOP	0.008482450619339943
MEIS1	UBA7	0.008464771322906017
EBF1	ACOX3	0.00845808070152998
EBF1	GBP7	0.00845563318580389
EBF1	ABHD17B	0.008454892784357071
EBF1	CTSL	0.00845441222190857
EBF1	TNFRSF21	0.008452413603663445
EBF1	PLXNC1	0.008450819179415703
EBF1	IFITM1	0.008450538851320744
EBF1	TGTP1	0.0084496159106493
MEIS1	MLLT3	0.008447306230664253
EBF1	SHISA5	0.008443686179816723
EBF1	PLD3	0.008432473987340927
GATA2	GBP7	0.00843112450093031
EBF1	2610035D17RIK	0.008430961519479752
EBF1	IRGM2	0.008427875116467476
EBF1	MDN1	0.008423388004302979
GATA2	POR	0.00842209067195654
RAD21	TPX2	0.008418074809014797
EBF1	LAX1	0.008412442170083523
RAD51	PCLAF	0.008409622125327587
EBF1	MSMO1	0.008398073725402355
RAD51	DHFR	0.008392651565372944
EBF1	HYOU1	0.008392470888793468
EBF1	LSP1	0.008390498347580433
GATA2	EGR1	0.00838987436145544
EBF1	XAF1	0.008386073634028435
EBF1	ARMT1	0.00838411320000887
EBF1	TGTP2	0.008379155769944191
EBF1	CBX7	0.008378811180591583
EBF1	SMPDL3A	0.008376591838896275
EBF1	APBB1	0.008373410440981388
EBF1	EDEM1	0.008372440002858639
EBF1	TPX2	0.008371550589799881
MEIS1	TGTP1	0.00836844090372324
IRF8	CNN3	0.008365427143871784
CBX7	PYGM	0.008364665322005749
EBF1	SESN1	0.008364565670490265
EBF1	SLC26A2	0.00836278311908245
EBF1	MPI	0.008356756530702114
EBF1	CUL3	0.008354034274816513
MEIS1	ZBTB20	0.008346890099346638
EBF1	APOE	0.008345742709934711
MEIS1	GNG11	0.008338633924722672
NFAT5	CTSO	0.008337725885212421
EBF1	TMEM154	0.0083372313529253
EBF1	CTLA2A	0.008331767283380032
EBF1	STX3	0.008329655043780804
MEIS1	PPP1R9A	0.008328638039529324
EBF1	SATB1	0.008327323012053967
EBF1	CLTC	0.008317251689732075
EBF1	BUB1	0.008315005339682102
EBF1	STXBP4	0.008308328688144684
EBF1	HUS1	0.008307000622153282
EBF1	PATL1	0.008306678384542465
MEIS1	SGMS1	0.00830581970512867
EBF1	INTS8	0.008303647860884666
EBF1	FTX	0.008292143233120441
EBF1	PNCK	0.008284002542495728
SATB1	DHRS3	0.00828373059630394
EBF1	SMARCA2	0.008282662369310856
IRF8	TMEM229B	0.00827970914542675
FOXO1	PDZK1IP1	0.008279028348624706
EBF1	MGAT5	0.008275571279227734
FOXO1	IGHM	0.008270470425486565
EBF1	SLC16A1	0.008269771933555603
EBF1	LY6C2	0.008264632895588875
EBF1	CCNB1	0.008264118805527687
EBF1	GM19590	0.00826287642121315
EBF1	FAM76B	0.008260754868388176
EBF1	SZT2	0.008259490132331848
EBF1	DENND2D	0.008258999325335026
EBF1	ZFP451	0.008257913403213024
EBF1	KLF6	0.008257130160927773
SATB1	SERPINB1A	0.008255488239228725
EBF1	NAA50	0.008251557126641273
EBF1	REL	0.008240897208452225
EBF1	TNFAIP2	0.008236996829509735
EBF1	PREP	0.008233070373535156
GATA2	MLLT3	0.00822986476123333
MEIS1	CSGALNACT1	0.008229621686041355
JUN	MEIS1	0.008228465914726257
EBF1	9530082P21RIK	0.008223854005336761
EBF1	PPP1CB	0.008222588337957859
EBF1	ABITRAM	0.008219588547945023
EBF1	PLAA	0.008216182701289654
EBF1	UBE2C	0.008206906728446484
EBF1	CDCA3	0.008204497396945953
EBF1	GTF2H1	0.008203125558793545
EBF1	TSC22D1	0.00820310041308403
EBF1	RAD21	0.00820157304406166
EBF1	ARHGAP15	0.00820071343332529
FOXO1	LY6A	0.008199572563171387
EBF1	TSPAN14	0.00819447636604309
GATA2	MMRN1	0.00819287821650505
EBF1	GYS1	0.008191796950995922
EBF1	CHORDC1	0.008187106810510159
EBF1	MBNL3	0.008184811100363731
EBF1	PHF6	0.00818401575088501
IRF8	MS4A6C	0.008183484897017479
EBF1	MICU1	0.008179997093975544
RAD21	MKI67	0.008174131624400616
EBF1	GEMIN5	0.00817038957029581
IKZF1	FLT3	0.008169413544237614
EBF1	ENPP5	0.00816922914236784
FOXO1	NEAT1	0.008164377883076668
EBF1	JAM3	0.008148263208568096
MEIS1	GM5111	0.008143860846757889
GATA2	NFE2	0.008142746053636074
EBF1	ELANE	0.008141772821545601
JUN	PDZK1IP1	0.008139578625559807
EBF1	GM4951	0.008138553239405155
EBF1	HDAC11	0.008132176473736763
EBF1	CENPF	0.008131993003189564
EBF1	PRKCQ	0.008130216971039772
MEIS1	GIMAP5	0.008128998801112175
EBF1	CTLA2B	0.008127166889607906
EBF1	TMEM50B	0.008125492371618748
NFAT5	GNG11	0.008124775253236294
EBF1	KPNA1	0.008123476058244705
EBF1	BIRC5	0.008120247162878513
IKZF1	DOCK10	0.008116992190480232
EBF1	GLIPR2	0.00811415072530508
MEIS1	F2R	0.00810991507023573
EBF1	TGM2	0.00810628104954958
EBF1	ELOVL5	0.008105365559458733
FOXO1	RETREG1	0.008102687075734138
EBF1	IL17RA	0.008099359460175037
SATB1	RPS6KA5	0.008096312172710896
MEIS1	DENND2D	0.00809304229915142
EBF1	TAF12	0.008089120499789715
GATA2	INPP5B	0.008087660185992718
EBF1	BACE1	0.008083750493824482
EBF1	SLC37A1	0.008081978186964989
EBF1	PHKB	0.008081812411546707
FOXO1	FAR1	0.008075620979070663
EBF1	FCGRT	0.00807527732104063
NFAT5	F11R	0.008073175325989723
EBF1	GTF2F1	0.008065249770879745
EBF1	SULT1A1	0.00806337222456932
EBF1	HDAC2	0.008058959618210793
GATA2	TRIM47	0.008057937026023865
EBF1	SLC43A3	0.008056031540036201
EBF1	RPP40	0.008053379133343697
EBF1	FCGR3	0.008052661083638668
EBF1	PTGR1	0.00805009063333273
EBF1	VKORC1L1	0.008048736490309238
EBF1	FCHO2	0.008046641014516354
EBF1	USP11	0.008044697344303131
MYC	CD34	0.008043864741921425
MEIS1	LONP2	0.008041268214583397
EBF1	MEMO1	0.00803925096988678
EBF1	EIF4ENIF1	0.008038959465920925
IRF8	F13A1	0.008036307990550995
NFAT5	RBPMS	0.008033783175051212
EBF1	DNAJC10	0.008030489087104797
JUN	EBI3	0.0080278180539608
MEIS1	SALL2	0.008026735857129097
EBF1	TBXAS1	0.008025838993489742
MEIS1	LSP1	0.008024131879210472
RAD21	CCNB2	0.008023782633244991
EBF1	NECAP2	0.00801684521138668
EBF1	NDC80	0.008015877567231655
EBF1	QARS	0.008011341094970703
EBF1	TSPAN2	0.008008738048374653
GATA2	CAPG	0.008006345480680466
EBF1	ITM2A	0.008003263734281063
EBF1	FBXO5	0.008001650683581829
EBF1	DDX58	0.008000635541975498
EBF1	LRRC8B	0.007999829016625881
RPA2	TIPIN	0.007999773137271404
EBF1	UNC93B1	0.007993638515472412
FOXO1	JUN	0.007993035949766636
EBF1	TRMT11	0.007992452941834927
EBF1	ALAS1	0.00799228623509407
MEIS1	LDHB	0.007986517623066902
NFAT5	ADGRL4	0.007971975952386856
FOXO1	PBX1	0.007969310507178307
MEIS1	TSC22D1	0.007967428304255009
MEIS1	SLC18A2	0.00796570535749197
SATB1	MILR1	0.007964139804244041
EBF1	HDC	0.007962655276060104
EBF1	MTUS1	0.007960513234138489
IRF8	NCF1	0.007959291338920593
FOXO1	NFIA	0.007957683876156807
MEIS1	LY6A	0.007952212356030941
MEIS1	PADI4	0.00795142725110054
EBF1	PSME4	0.007950962521135807
EBF1	RETREG1	0.007949684746563435
ELF1	IL12A	0.007948102429509163
EBF1	MYL10	0.007948010228574276
EBF1	CASP12	0.007947556674480438
NFAT5	APLP2	0.007947423495352268
EBF1	CTR9	0.00794710498303175
EBF1	RPRD1B	0.007945756427943707
IRF8	CFP	0.007943380624055862
MEIS1	TGTP2	0.007942541502416134
EBF1	FAR1	0.00793872494250536
EBF1	BTAF1	0.007937704212963581
EBF1	HARS	0.007937644608318806
MEIS1	SERPINA3G	0.007932187058031559
NFAT5	PRKCH	0.007931926287710667
EBF1	MTR	0.007929511368274689
SATB1	ST8SIA4	0.007927418686449528
EBF1	ZFP945	0.00792687851935625
IRF8	GRIA3	0.00792299397289753
MEIS1	IFI203	0.007921074517071247
MEIS1	HACD4	0.007915294729173183
EBF1	NR3C2	0.007914306595921516
EBF1	MIR17HG	0.007913589477539062
EBF1	CCL4	0.007910202257335186
EBF1	F2R	0.007909167557954788
EBF1	KIF11	0.007904010824859142
EBF1	ETF1	0.007902611047029495
EBF1	GMIP	0.007902586832642555
NFAT5	PDZK1IP1	0.007901790551841259
EBF1	BUB1B	0.00789759960025549
EBF1	ZBTB38	0.007896014489233494
EBF1	TMX3	0.007894240319728851
EBF1	TRPS1	0.007892675697803497
EBF1	BC035044	0.007888976484537125
EBF1	SYNJ1	0.00788888055831194
SPI1	CD34	0.00788793247193098
EBF1	ANXA5	0.007885921746492386
EBF1	ARHGEF39	0.007885134778916836
MEIS1	PTPRE	0.007882035337388515
EBF1	TIFAB	0.00788020994514227
EBF1	MR1	0.007878710515797138
EBF1	HACD4	0.007878161035478115
GATA2	UBA7	0.00787316169589758
EBF1	DNAJC11	0.007870960980653763
EBF1	RPS6KA5	0.00787043385207653
EBF1	ARFGEF2	0.00786599051207304
EBF1	GM8113	0.007864554412662983
SATB1	PLAC8	0.007861021906137466
SATB1	C030034L19RIK	0.007860139012336731
SPI1	PRTN3	0.007859465666115284
FOXO1	DUSP1	0.007858664728701115
IRF8	IFI209	0.007848073728382587
JUN	LTB	0.007847513072192669
MEIS1	DOK2	0.007844727486371994
MYC	MUC13	0.007840435020625591
EBF1	RPS6KA3	0.007839931175112724
EBF1	SH3BGRL	0.007836703211069107
EBF1	1700017B05RIK	0.007834753021597862
EBF1	LONP2	0.007834014482796192
EBF1	CENPL	0.007833929732441902
GATA2	HMGB3	0.007831131108105183
EBF1	TUBGCP3	0.007825839333236217
MEIS1	GATA2	0.007825814187526703
MEIS1	CTLA2B	0.007821704261004925
MEIS1	MUC13	0.007820197381079197
EBF1	MTMR4	0.007814936339855194
MEIS1	SLC22A3	0.007813402451574802
EBF1	PCMTD1	0.007811648305505514
EBF1	CBX5	0.0078107742592692375
MEIS1	JUN	0.00780633045360446
EBF1	JUN	0.0078059094958007336
FOXO1	SOCS2	0.007801611442118883
EBF1	GIMAP8	0.007799000479280949
EBF1	DENND1C	0.007797979284077883
GATA2	SNAP23	0.007797644007951021
EBF1	GNG2	0.007797314319759607
EBF1	SCARF1	0.007796165533363819
EBF1	SELENOP	0.007795893587172031
NFAT5	H2-AA	0.007795847021043301
MEIS1	CSAD	0.007795496843755245
EBF1	MYCN	0.0077951885759830475
EBF1	CIPC	0.007793644443154335
EBF1	SERPINA3G	0.0077912830747663975
EBF1	ACOX1	0.007788328919559717
EBF1	KPNA3	0.007788263261318207
EBF1	POLR1B	0.007787548471242189
EBF1	METTL27	0.007785378023982048
EBF1	CHRNB1	0.00778189254924655
EBF1	DDX39	0.007779598701745272
EBF1	MIR99AHG	0.0077771940268576145
EBF1	ATP1B3	0.007773942314088345
MEIS1	EMCN	0.00777250062674284
EBF1	IRF9	0.007772194221615791
EBF1	HCFC1	0.007770479656755924
EBF1	MAPK1	0.007769336923956871
GFI1B	SLC18A2	0.007767577655613422
EBF1	H1F0	0.007767555303871632
FOXO1	LTB	0.007766959257423878
EBF1	SLC7A4	0.007766907103359699
EBF1	KCNQ1OT1	0.007765480317175388
EBF1	CENPE	0.007763518486171961
MEIS1	ZBTB38	0.0077608199790120125
EBF1	CALCRL	0.0077603585086762905
EBF1	LDHB	0.007758623920381069
EBF1	FLOT2	0.007756619248539209
MEIS1	ENG	0.007756335660815239
EBF1	TLE2	0.007752327714115381
EBF1	SLC20A1	0.007740302477031946
EBF1	ATAD1	0.007736021187156439
MEIS1	MYCN	0.007733928505331278
MEIS1	IL17RA	0.007733657956123352
MEIS1	GM4759	0.007732529658824205
EBF1	ANKRD44	0.007731863763183355
EBF1	PIDD1	0.007729453966021538
FOXO1	ACSS2	0.00772485975176096
EBF1	IGTP	0.007724801544100046
GATA2	ENG	0.0077232071198523045
EBF1	DOK2	0.007722930517047644
MEIS1	DEF8	0.0077214427292346954
EBF1	HSPA1A	0.007719258777797222
EBF1	NDUFV1	0.007714059669524431
EBF1	ADA	0.0077131884172558784
EBF1	SEC23IP	0.007711012382060289
EBF1	GOLIM4	0.007709209807217121
EBF1	9430015G10RIK	0.007709030993282795
EBF1	GRK3	0.007709026802331209
FOXO1	RGS1	0.0077073401771485806
CBX7	MAMDC2	0.007706125732511282
RAD21	KIF11	0.007700032088905573
EBF1	PHF5A	0.007698655594140291
EBF1	PIM2	0.007690141908824444
EBF1	GM5111	0.007689264137297869
EBF1	TSPOAP1	0.007686386350542307
EBF1	MAMDC2	0.007685514632612467
EBF1	CTC1	0.007683334872126579
SATB1	AW112010	0.007682351861149073
RAD21	BIRC5	0.0076791830360889435
GATA2	TEC	0.0076760658994317055
EBF1	GM11346	0.007675172295421362
EBF1	IFI209	0.007673937827348709
GATA2	RHOF	0.007673913147300482
EBF1	SLC29A1	0.007673713844269514
EBF1	REXO2	0.007671333849430084
EBF1	CENPO	0.007671255152672529
EBF1	ISG20	0.00767112011089921
MEIS1	PIM2	0.007658697664737701
EBF1	SNAP23	0.007658130023628473
EBF1	GRINA	0.0076516298577189445
GATA2	TINAGL1	0.00765151996165514
EBF1	TCIRG1	0.007651299703866243
EBF1	ST6GALNAC4	0.007650960236787796
EBF1	ITIH5	0.007644175551831722
EBF1	PBX1	0.007644081953912973
FOXO1	MECOM	0.007639889605343342
EBF1	MS4A3	0.00763910124078393
GATA2	TGTP1	0.0076301745139062405
EBF1	RPTOR	0.0076286643743515015
EBF1	SLC2A3	0.007627847604453564
EBF1	MEIS1	0.007626607082784176
EBF1	IKZF1	0.007615615148097277
EBF1	MIS18BP1	0.007610016036778688
NFAT5	TBXAS1	0.00760805094614625
FOXO1	LZTS1	0.007605564780533314
EBF1	VIPR2	0.007601724471896887
MEIS1	XAF1	0.007600109558552504
EBF1	INPP5B	0.007597650866955519
EBF1	CSE1L	0.007596958894282579
EBF1	EPSTI1	0.00759435910731554
MEIS1	CD34	0.0075893220491707325
EBF1	MFNG	0.007588700857013464
EBF1	EAF1	0.007587985135614872
EBF1	B3GNT5	0.007586715277284384
EBF1	SALL2	0.007585751358419657
EBF1	CYP2J6	0.00758427195250988
EBF1	TRIB3	0.00758421840146184
GATA2	MUC13	0.007584079634398222
EBF1	MXD3	0.0075829047709703445
GATA2	SLC22A3	0.007579868659377098
EBF1	PRDM16	0.007577434182167053
IKZF1	CD53	0.007575780153274536
EBF1	UQCRFS1	0.007574350107461214
EBF1	SPO11	0.00757431797683239
EBF1	TFR2	0.007573328446596861
MEIS1	GPRASP1	0.007567168679088354
RPA2	DHFR	0.007563801947981119
EBF1	IRF8	0.007562651298940182
EBF1	PSMD9	0.007562477141618729
RAD51	PBK	0.007560314144939184
SATB1	RASA4	0.007555969059467316
EBF1	SLC25A38	0.007555883377790451
GATA2	HLF	0.007546855136752129
EBF1	ZFAND5	0.007546078879386187
SATB1	ARID5A	0.007545979227870703
EBF1	CKS2	0.007545907516032457
EBF1	NCAPH	0.007545660715550184
MEIS1	TMEM176A	0.007543264422565699
EBF1	CNRIP1	0.007540787570178509
EBF1	SLA2	0.007540523540228605
MEIS1	SCARF1	0.007540023885667324
EBF1	MPZL1	0.007538700941950083
JUN	RGS2	0.007536554709076881
RAD21	CCNA2	0.007536151446402073
EBF1	ABL1	0.007535561919212341
IRF8	LGALS1	0.007530838716775179
FOXO1	PLSCR4	0.0075296517461538315
MEIS1	TSC22D3	0.007528977934271097
EBF1	INO80D	0.007521306164562702
GATA2	CTTN	0.007515405770391226
EBF1	ABCB10	0.007515354081988335
RAD51	RAD51AP1	0.007513540331274271
EBF1	VPS16	0.007513031363487244
EBF1	REXO4	0.007509530987590551
EBF1	ZBTB16	0.0075085340067744255
GATA2	ESAM	0.007508160080760717
EBF1	ZFP53	0.007507795933634043
FOXO1	ZBTB20	0.007504315115511417
EBF1	TMEM184C	0.0075040822848677635
EBF1	NSD2	0.007499828469008207
EBF1	GMFB	0.007499353028833866
EBF1	IFI203	0.007495241705328226
EBF1	TFG	0.007491478696465492
EBF1	CASP4	0.0074884663335978985
SATB1	LAX1	0.007488375995308161
EBF1	LMAN2L	0.007486000191420317
EBF1	PIP4K2A	0.00748113077133894
FOXO1	CAPG	0.007479833904653788
EBF1	TMEM246	0.007478977553546429
EBF1	AGPS	0.0074783554300665855
EBF1	RHOF	0.00747675821185112
EBF1	IDH1	0.007472649682313204
EBF1	DNAJC5	0.00746915815398097
EBF1	HERPUD1	0.007459123618900776
EBF1	ATP10A	0.007456832565367222
EBF1	NUDT4	0.007454965729266405
EBF1	EML4	0.007453848607838154
GATA2	KLF6	0.007451879791915417
EBF1	VPS35	0.0074502164497971535
MEIS1	OSBPL1A	0.007447986397892237
EBF1	CSAD	0.007446586154401302
MEIS1	HDGFL3	0.0074463761411607265
EBF1	FAM102B	0.007445482537150383
JUN	FOXO1	0.007445340044796467
EBF1	TGFBR1	0.007444851100444794
EBF1	PPP1R15A	0.007444229908287525
NFAT5	PIK3IP1	0.007440424524247646
CBX7	NWD1	0.007427697069942951
RAD21	RACGAP1	0.007424991577863693
EBF1	IARS2	0.007421668153256178
EBF1	ECT2	0.0074192555621266365
EBF1	NEURL3	0.00741859246045351
EBF1	GMCL1	0.007417368236929178
EBF1	EZR	0.007417226675897837
EBF1	GPRASP1	0.007415675558149815
EBF1	COL4A2	0.007414362858980894
FOXO1	EGR1	0.0074125537648797035
EBF1	RGS18	0.007410590536892414
EBF1	PTPRS	0.00740983197465539
EBF1	NDE1	0.007408792153000832
MEIS1	RMND5A	0.00740756094455719
EBF1	THADA	0.00740732392296195
RPA2	LIG1	0.007404540665447712
NFAT5	CASP12	0.007403691299259663
EBF1	CSRP3	0.007402027491480112
EBF1	NUDCD1	0.007401162758469582
EBF1	ZC3H7A	0.007398276124149561
MEIS1	KRT18	0.007396738976240158
EBF1	SERP1	0.00739502627402544
EBF1	USP37	0.007393448147922754
EBF1	PHF10	0.007392816711217165
FOXO1	MAMDC2	0.007392569445073605
EBF1	ZHX1	0.007391640916466713
EBF1	PRODH	0.007391014136373997
EBF1	KCNK5	0.007388701196759939
EBF1	MED16	0.007388231344521046
EBF1	XRCC3	0.007388052996248007
EBF1	CNIH1	0.0073873428627848625
MEIS1	TCP11L2	0.007383562624454498
EBF1	MARS	0.007382276933640242
EBF1	PLAC8	0.007379705086350441
EBF1	ARRDC4	0.007379669696092606
EBF1	PYGM	0.007379247806966305
RAD21	TOP2A	0.007376508787274361
GATA2	MEIS1	0.007375266868621111
MEIS1	MFNG	0.007374597247689962
EBF1	SLC35B4	0.007369743660092354
NFAT5	SHISA5	0.007368703372776508
EBF1	HDGFL3	0.007366855628788471
MEIS1	CALCRL	0.0073660993948578835
EBF1	PPM1F	0.007360797841101885
EBF1	PANX1	0.007357641588896513
MEIS1	PLSCR4	0.007348623592406511
EBF1	CTSF	0.007348217070102692
FOXO1	SMPDL3A	0.007341035641729832
EBF1	FBXW11	0.007339855656027794
GATA2	RAB44	0.007337127812206745
EBF1	STAT2	0.007336587179452181
SATB1	IRF8	0.007334392983466387
MEIS1	MCOLN2	0.007333834655582905
EBF1	ATP13A1	0.007332917768508196
NFAT5	HLF	0.007332642562687397
MEIS1	NCEH1	0.00733132753521204
EBF1	ATP11C	0.007329331710934639
EBF1	TCF19	0.007328086532652378
MEIS1	PEAR1	0.007325842510908842
EBF1	CYP4V3	0.007325171958655119
EBF1	MYCT1	0.007325085811316967
FOXO1	TRP53I11	0.007316184230148792
EBF1	4833439L19RIK	0.0073156035505235195
CBX7	GIMAP5	0.007314417976886034
RAD21	CENPF	0.007313922978937626
EBF1	CCNE2	0.007312236353754997
EBF1	NCEH1	0.007312235422432423
EBF1	SVIP	0.0073100244626402855
FOXO1	SHISA5	0.007309050299227238
JUN	MECOM	0.007308584172278643
CBX7	PROCR	0.007305898237973452
EBF1	CD48	0.007305624894797802
STAT2	IGTP	0.007300057448446751
EBF1	WDHD1	0.007299554068595171
MEIS1	POR	0.007296913303434849
EBF1	CLPTM1L	0.0072870440781116486
EBF1	EPRS	0.007285184692591429
MYC	GNL3	0.007284178864210844
EBF1	NEDD1	0.007281200960278511
EBF1	LCP2	0.00728040374815464
FOXO1	RORA	0.007280345540493727
FOXO1	HDAC11	0.007279508281499147
EBF1	FAM91A1	0.007278758101165295
JUN	TLE2	0.0072787185199558735
FOXO1	SERPINA3G	0.007275192998349667
NFAT5	TXNIP	0.007271709851920605
EBF1	ALDOC	0.007267662324011326
EBF1	ADAM17	0.007267335895448923
EBF1	URB2	0.007267065346240997
EBF1	RARS	0.007266946602612734
EBF1	SLA	0.007265548221766949
EBF1	IL21R	0.007265464402735233
MEIS1	NEAT1	0.00725944759324193
EBF1	UBE2L6	0.007259063422679901
GATA2	TBXAS1	0.007256828714162111
FOXO1	JCHAIN	0.007256562355905771
FOXO1	GUCY1A1	0.007256316486746073
GATA2	ABCG2	0.007256270386278629
EBF1	FEM1B	0.007256193086504936
EBF1	GATA2	0.007255981210619211
FOXO1	NFKBIA	0.007255604024976492
MEIS1	ESAM	0.007255174685269594
EBF1	NDUFS1	0.0072514647617936134
FOXO1	MLLT3	0.007250339258462191
MEIS1	KLF6	0.00724853714928031
GATA2	TMEM246	0.007248020265251398
IRF8	FCER1G	0.007244258653372526
EBF1	PADI4	0.007232067175209522
FOXO1	CIPC	0.007227820809930563
MEIS1	PBX1	0.007221580483019352
EBF1	ARID5A	0.007220619823783636
GATA2	ART4	0.007218426559120417
EBF1	SLC30A5	0.007215632125735283
MEIS1	GABBR1	0.007214371580630541
GATA2	TMEM176A	0.007213123608380556
MEIS1	BDH2	0.007212030701339245
EBF1	CREB5	0.007211338263005018
EBF1	ATAD2	0.007209275849163532
EBF1	ITPR1	0.007208539173007011
MEIS1	CAPG	0.007204752415418625
EBF1	EFCC1	0.007202222011983395
FOXO1	ZFP36	0.007201906759291887
EBF1	ICAM1	0.007198636420071125
SATB1	CALCRL	0.007188839837908745
EBF1	ANXA1	0.007187807932496071
IRF8	IL6ST	0.007187153212726116
GATA2	MPL	0.007186390925198793
EBF1	LMO4	0.007184424437582493
EBF1	CD274	0.007183370180428028
EBF1	MYB	0.007176979910582304
JUN	MMRN1	0.007176718674600124
EBF1	STT3B	0.007176696322858334
EBF1	PHF11B	0.0071760364808142185
FOXO1	EIF3B	0.007175644859671593
FOXO1	EPB41L4B	0.0071725994348526
JUN	EPB41L4B	0.0071707237511873245
EBF1	UBASH3A	0.007168653421103954
GATA2	CTSF	0.007168500684201717
MEIS1	DENND1C	0.007166497875005007
NFAT5	AW112010	0.0071660908870399
EBF1	ST8SIA4	0.007165516261011362
EBF1	FGL2	0.0071631502360105515
SATB1	CTLA2A	0.0071615553461015224
MEIS1	OSBPL8	0.007159693632274866
EBF1	ARHGEF18	0.007155431900173426
EBF1	FAM136A	0.007154788356274366
EBF1	SOAT1	0.007154744118452072
MYC	TESPA1	0.007154213730245829
SATB1	GM1966	0.007153594400733709
EBF1	GK	0.007152270525693893
EBF1	PTPN7	0.00715130427852273
EBF1	RRM2	0.007150200195610523
MEIS1	RTP4	0.007149051874876022
NFAT5	OSBPL1A	0.007147984579205513
CBX7	PDZK1IP1	0.0071466099470853806
FOXO1	SNAP23	0.007146303541958332
EBF1	POLA2	0.007144187577068806
EBF1	PLEKHO2	0.007141141686588526
CBFB	RRM1	0.0071404301561415195
CBX7	IIGP1	0.007133910432457924
EBF1	IRF7	0.007132126018404961
CBX7	TRPC6	0.0071309651248157024
MEIS1	CD74	0.007130596321076155
NFAT5	GM19590	0.007128454744815826
IRF8	OTULINL	0.007123145274817944
ELF1	CDK6	0.007122978568077087
EBF1	CAND2	0.007122517563402653
NFAT5	MLLT3	0.007122125010937452
FOXO1	ITSN1	0.007121899630874395
MEIS1	PPP1R15A	0.007121686823666096
EBF1	IL27RA	0.007116908207535744
GATA2	CTLA2A	0.0071168807335197926
EBF1	EIF1AD	0.007115265354514122
EBF1	PGLYRP2	0.007115034852176905
EBF1	COQ8A	0.007114844862371683
GATA2	MECOM	0.0071113985031843185
RAD51	FBXO5	0.007110917940735817
MEIS1	SMARCA2	0.007108883000910282
EBF1	TEAD2	0.007108589168637991
EBF1	ZEB2	0.007108006626367569
MEIS1	PROCR	0.0071065085940063
EBF1	TTLL12	0.007105847354978323
FOXO1	ENG	0.00710557634010911
GFI1B	ACSS1	0.0071052308194339275
EBF1	PFKP	0.007104973774403334
EBF1	UBAC1	0.007103134412318468
EBF1	PTTG1IP	0.007101538125425577
IKZF1	DNTT	0.007097105961292982
FOXO1	TBC1D10C	0.007088208571076393
EBF1	ZDHHC13	0.007087640929967165
JUN	PTGS1	0.007086888886988163
EBF1	POR	0.007085070945322514
EBF1	NUF2	0.0070837498642504215
MEIS1	ITIH5	0.007082041818648577
GATA2	H2-Q6	0.007080514449626207
EBF1	UBL4A	0.007080249022692442
EBF1	CD63	0.007078913506120443
EBF1	CD93	0.007077580317854881
EBF1	SPC25	0.007077233865857124
EBF1	ROBO4	0.007075907196849585
NFAT5	GIMAP8	0.007074491120874882
EBF1	RAD51AP1	0.007072118576616049
GATA2	METTL7A1	0.007070225663483143
GATA2	H1F0	0.007069901097565889
EBF1	YBX3	0.007068591192364693
EBF1	SPC24	0.007066953927278519
EBF1	SGCE	0.007066523190587759
EBF1	TOMM70A	0.007063623052090406
EBF1	PTCD3	0.007063569966703653
EBF1	MTREX	0.007056999485939741
MEIS1	UBE2L6	0.0070555126294493675
FOXO1	GIMAP1	0.007055267225950956
EBF1	PRC1	0.007052746135741472
EBF1	DHRS3	0.007052418310195208
EBF1	CTSO	0.007049241568893194
FOXO1	LAX1	0.007049121428281069
EBF1	NCAPG	0.0070485747419297695
EBF1	TRIM47	0.0070482161827385426
EBF1	INCENP	0.007046591490507126
EBF1	CD9	0.00704191392287612
RAD21	PRC1	0.007041366305202246
SATB1	RGS2	0.007040879223495722
EBF1	ALDH18A1	0.00704046618193388
MEIS1	MAGED1	0.007040039636194706
RPA2	UHRF1	0.00703786825761199
CBX7	SULT1A1	0.0070370458997786045
EBF1	MCM5	0.007032374385744333
EBF1	OSTM1	0.00702788308262825
JUN	CCL4	0.007026764564216137
EBF1	SLC18A2	0.007025477942079306
JUN	TBXAS1	0.007025199942290783
EBF1	ME2	0.007024623453617096
EBF1	TOPORS	0.007022549398243427
EBF1	MIEF1	0.007021002005785704
EBF1	SLC35E1	0.0070206960663199425
MEIS1	RETREG1	0.0070206099189817905
NFAT5	RAB38	0.007019678130745888
SATB1	FAM136A	0.007017374970018864
GATA2	KRT18	0.0070112356916069984
JUN	MPL	0.007008695043623447
EBF1	NCAPD2	0.007007318083196878
EBF1	WDR43	0.007006487343460321
EBF1	MYO5A	0.007004822138696909
ELF1	BC035044	0.007004513870924711
EBF1	PRKCD	0.007004115264862776
MEIS1	ABCG2	0.007002643775194883
EBF1	PDE4B	0.0069998749531805515
EBF1	GGTA1	0.006998756434768438
MEIS1	GUCY1A1	0.006996090058237314
RAD51	UHRF1	0.006995701231062412
EBF1	IL12A	0.006994531024247408
GATA2	LCP2	0.006994456518441439
EBF1	OASL2	0.006993554532527924
IKZF1	HDAC7	0.006993171293288469
FOXO1	GIMAP6	0.006992122624069452
IKZF1	SATB1	0.006991417612880468
EBF1	THSD1	0.006990761496126652
EBF1	FIGNL1	0.006987966131418943
JUN	GIMAP1	0.006987142376601696
FOXO1	ABCG3	0.006985968444496393
FOXO1	SDC4	0.006982414051890373
EBF1	BC005561	0.0069815474562346935
EBF1	CDC45	0.006978983990848064
MEIS1	TFR2	0.0069748880341649055
ELF1	SERPINB1A	0.006971652619540691
CBFB	MOGS	0.006970475893467665
EBF1	FUCA2	0.006969865411520004
FOXO1	MPL	0.0069686672650277615
FOXO1	PLXDC2	0.0069655608385801315
EBF1	FGFR1OP	0.006962905637919903
EBF1	TIMM50	0.00696284556761384
FOXO1	PROCR	0.006960335187613964
MEIS1	EFCC1	0.006960076745599508
EBF1	9530068E07RIK	0.0069564469158649445
EBF1	GCNT2	0.006951677612960339
FOXO1	ESAM	0.006951292511075735
EBF1	NPLOC4	0.006950938608497381
JUN	TRIM47	0.006950576324015856
GFI1B	ISG20	0.006949455011636019
EBF1	CDC7	0.006948082707822323
NFAT5	ESAM	0.006945640780031681
EBF1	HASPIN	0.006942062638700008
GATA2	LMO4	0.006941535510122776
EBF1	OSGIN1	0.006941144820302725
MEIS1	BC005561	0.006937656085938215
EBF1	ORC2	0.006937182508409023
EBF1	RAD51	0.00693473219871521
GATA2	TBC1D9B	0.006933639291673899
GATA2	HDAC7	0.0069285798817873
EBF1	KAT7	0.006926724221557379
JUN	NFIA	0.00692555820569396
MEIS1	TBC1D10C	0.006924158427864313
GATA2	TEK	0.006920912768691778
MEIS1	MAP4K2	0.00691952696070075
MEIS1	GLIPR2	0.006919132079929113
MEIS1	PDE4B	0.0069184876047074795
RAD21	CCNB1	0.006909843999892473
NFAT5	MMRN1	0.00690901093184948
CBX7	FDFT1	0.006905930582433939
EBF1	SLCO4A1	0.00690178107470274
EBF1	NUP93	0.006901594810187817
EBF1	PSMC2	0.006899718195199966
EBF1	PLSCR4	0.0068987887352705
GATA2	TENT5A	0.006896097678691149
EBF1	RASSF4	0.006893600802868605
MYC	CSF3R	0.006892888341099024
EBF1	GT(ROSA)26SOR	0.006890117656439543
EBF1	EIF3B	0.006889329291880131
MEIS1	NPDC1	0.006888925563544035
RAD51	RRM2	0.006885536015033722
EBF1	TIPIN	0.006884115282446146
RAD51	GMNN	0.006883889902383089
MEIS1	SGCE	0.0068833655677735806
RAD21	SPC24	0.006882944144308567
FOXO1	SMARCA2	0.00688047194853425
MYC	MC5R	0.006876411847770214
EBF1	NKG7	0.0068762111477553844
EBF1	KIF22	0.006873910315334797
GATA2	ACSS2	0.0068731652572751045
EBF1	SUSD3	0.006872010882943869
MYC	FLT3	0.0068650031462311745
EBF1	RBPMS	0.006864067167043686
MEIS1	SOCS2	0.006864029448479414
CBX7	DDX60	0.006863745395094156
RAD21	NDE1	0.0068634189665317535
MEIS1	ZFP467	0.0068631283938884735
EBF1	DDX20	0.00686305807903409
GFI1B	APLP2	0.006856057792901993
EBF1	NUSAP1	0.0068539949133992195
SATB1	VPS16	0.006853139493614435
NFAT5	H1F0	0.006848568096756935
EBF1	UBR7	0.0068483976647257805
GATA2	E2F8	0.006842078175395727
SATB1	TSC22D1	0.006839829031378031
RPA2	CDT1	0.006839144509285688
EBF1	TAB1	0.006838505621999502
NFAT5	F2R	0.006837965454906225
NFAT5	SGMS1	0.006837818771600723
GFI1B	LONP2	0.006837496068328619
EBF1	ERCC8	0.006828445475548506
EBF1	ADSSL1	0.006828260142356157
NFAT5	RHOF	0.006825518328696489
EBF1	SORT1	0.006820769980549812
GATA2	MSMO1	0.006819782312959433
SATB1	CD48	0.006819365546107292
RAD21	ECT2	0.006818046793341637
EBF1	UHRF1	0.006816723849624395
EBF1	SHCBP1	0.0068146660923957825
EBF1	PCLAF	0.006813202053308487
RAD21	NUF2	0.00680989446118474
RPA2	HELLS	0.0068089766427874565
EBF1	POLD1	0.006808482576161623
SATB1	CSF3R	0.006808027159422636
EBF1	IGSF6	0.006807347293943167
GATA2	PPP1R15A	0.006806964520365
FOXO1	MYCN	0.006806938908994198
EBF1	PSAT1	0.0068055810406804085
CBX7	PLAG1	0.006803859956562519
EBF1	SELENBP1	0.006799943745136261
GATA2	STAG2	0.006797224748879671
EBF1	CSGALNACT2	0.006796346977353096
MEIS1	APOE	0.006795948836952448
IRF8	PKIB	0.006793390028178692
MEIS1	CERS4	0.006789373233914375
GATA2	TCP11L2	0.006788582541048527
EBF1	LY9	0.006788309197872877
FOXO1	RHOF	0.006787133403122425
EBF1	XRCC6	0.0067845843732357025
EBF1	MOGS	0.0067819454707205296
EBF1	CD68	0.006781527306884527
EBF1	POLR2B	0.00678095780313015
FOXO1	CUL3	0.006779846269637346
EBF1	COPB1	0.006777583621442318
EBF1	ATF7	0.006772834341973066
RAD51	TCF19	0.006772739812731743
MEIS1	PRKCQ	0.006772095803171396
EBF1	JARID2	0.006771557033061981
NFAT5	IFI203	0.006771285552531481
GATA2	SPNS2	0.006770596839487553
IKZF1	FBXO5	0.006767777726054192
EBF1	SETD2	0.006763781886547804
MEIS1	NFAT5	0.006762268487364054
RAD21	MIS18BP1	0.006762135308235884
MYC	SERPINB1A	0.00675936508923769
IRF8	BC035044	0.00675751781091094
EBF1	TEX10	0.006755131762474775
MEIS1	CASP12	0.006753956899046898
NFAT5	GM20559	0.006753907073289156
EBF1	PTGS1	0.006750637199729681
EBF1	XPC	0.006750163622200489
EBF1	MOB3C	0.006749136373400688
EBF1	PRMT7	0.006748514249920845
EBF1	CKAP2L	0.00674669723957777
EBF1	CCDC137	0.006745725870132446
CBX7	MECOM	0.00674465112388134
EBF1	TEK	0.006743686273694038
FOXO1	GM1966	0.006743098143488169
CBX7	RORA	0.006740046199411154
EBF1	SNRNP200	0.006737107876688242
MEIS1	AFAP1L1	0.006733308080583811
NFAT5	MEIS1	0.0067329732701182365
EBF1	HMGB2	0.006732764653861523
RAD21	AURKA	0.006732306443154812
FOXO1	ST8SIA4	0.0067321257665753365
EBF1	RGS2	0.006731618661433458
MEIS1	ATAD1	0.0067304279655218124
GATA2	JUN	0.006727996282279491
MEIS1	PLXNC1	0.006727088708430529
FOXO1	GNG11	0.00672631710767746
NFAT5	SLC37A1	0.006723718252032995
CBX7	CD74	0.006720890291035175
EBF1	CD69	0.006720297504216433
EBF1	FLT3	0.006719120312482119
EBF1	ELP2	0.006718778051435947
EBF1	OSBPL8	0.0067174676805734634
EBF1	HMBS	0.00671605858951807
GATA2	SULT1A1	0.006714212242513895
CBX7	OBSCN	0.006710389629006386
SATB1	GM8113	0.006707558874040842
EBF1	OTULINL	0.006707172840833664
JUN	DTL	0.006706971675157547
EBF1	FGGY	0.00670538330450654
IRF8	BCL2	0.0067040445283055305
EBF1	5430427O19RIK	0.006703343242406845
EBF1	RP2	0.006703302729874849
GATA2	CASP12	0.006702854763716459
MEIS1	PCMTD2	0.006702223792672157
MEIS1	ACSS2	0.006700674071907997
GATA2	F2R	0.006700638681650162
GATA2	DUSP1	0.006700159981846809
EBF1	MFSD1	0.006699780467897654
MEIS1	RGS18	0.00669958908110857
GATA2	SCARF1	0.006698799319565296
CBX7	MAPK12	0.006697811186313629
FOXO1	METTL7A1	0.006697178352624178
EBF1	C1RL	0.006696268916130066
RPA2	MCM2	0.006690762471407652
MEIS1	OASL2	0.006688900291919708
EBF1	CSGALNACT1	0.006688693538308144
SATB1	TES	0.006686720997095108
EBF1	SPIDR	0.0066865477710962296
MEIS1	H1F0	0.006679237820208073
NFAT5	ENG	0.006678034085780382
JUN	CTSO	0.006677441764622927
WDR5	PLAA	0.006675125565379858
NFAT5	MPL	0.006674147676676512
FOXO1	APLP2	0.006672452669590712
MEIS1	EPSTI1	0.00667228177189827
MEIS1	CISH	0.006671879906207323
FOXO1	PCMTD2	0.006671646609902382
CBX7	ADORA2A	0.006670969072729349
EBF1	NPDC1	0.0066702403128147125
FOXO1	TGM2	0.006669264752417803
NFAT5	IFITM1	0.006669131573289633
FOXO1	TSPAN14	0.006669101305305958
RPA1	POLD1	0.006664485204964876
EBF1	SIRPA	0.006663732696324587
EBF1	CTSG	0.006663396023213863
EBF1	MTO1	0.006663091015070677
NFAT5	TNIP3	0.006661907769739628
NFAT5	DOK2	0.0066589112393558025
EBF1	EIF2B1	0.006657429505139589
NFAT5	CTLA2A	0.006655992940068245
CBFB	KIF11	0.006654683500528336
FOXO1	HDGFL3	0.0066537694074213505
GATA2	ZBTB20	0.006653646007180214
EBF1	GNG11	0.006653377786278725
EBF1	ENG	0.006653244607150555
MEIS1	FCHO2	0.006652966141700745
FOXO1	CERS4	0.006652029696851969
NFAT5	ZBTB20	0.006651224568486214
NFAT5	EPSTI1	0.006650999188423157
MEIS1	MIR99AHG	0.006650327704846859
GATA2	EZR	0.00664936937391758
RAD21	NUSAP1	0.00664922408759594
EBF1	BATF2	0.006649169139564037
CBX7	CDKN1C	0.006644704844802618
MEIS1	PLAG1	0.006644609849900007
FOXO1	PHF6	0.0066436962224543095
FOXO1	IFI30	0.006643600296229124
MEIS1	TGM2	0.006643256172537804
EBF1	CBFB	0.006642770953476429
GFI1B	GM19590	0.00664184894412756
MEIS1	NDN	0.006640193983912468
EBF1	SELL	0.006636555306613445
SATB1	IKZF1	0.006636397447437048
EBF1	FDFT1	0.006634303368628025
EBF1	MCM4	0.006629932206124067
CBX7	IRF6	0.006628339644521475
EBF1	NUAK2	0.006628120318055153
CBX7	TGM2	0.006627985741943121
NFAT5	EFCC1	0.006627170834690332
EBF1	AURKA	0.006626613903790712
EBF1	PDIA4	0.0066261072643101215
EBF1	NAV1	0.006625700276345015
NFAT5	BDH2	0.006624931003898382
JUN	TCIRG1	0.006623211782425642
GATA2	ABCG3	0.006622490007430315
GATA2	BCAP29	0.006620101165026426
EBF1	KIF13A	0.006620053201913834
CBX7	CD274	0.006619748193770647
EBF1	WDR4	0.006619178224354982
EBF1	IL6ST	0.00661869440227747
EBF1	NUP155	0.00661834143102169
FOXO1	PLXNC1	0.0066154953092336655
GATA2	FRRS1	0.006615250837057829
EBF1	GALNS	0.006614654790610075
CBX7	GEM	0.006611706223338842
MEIS1	PTPRS	0.006611557211726904
IKZF1	PLAC8	0.006611533463001251
EBF1	CIP2A	0.006611042656004429
JUN	CDCA4	0.00661031249910593
MEIS1	CTTN	0.006609208416193724
NFAT5	STARD7	0.006608426105231047
EBF1	RTEL1	0.00660784263163805
EBF1	KRT18	0.006607674993574619
RAD21	CDCA3	0.00660761957988143
EBF1	VDR	0.006606845650821924
EBF1	NMD3	0.006605863571166992
EBF1	LACTB	0.006604482419788837
MEIS1	PLXNA4OS1	0.006600834429264069
HCFC1	NCAPD2	0.006600161083042622
EBF1	MTMR1	0.006598989944905043
EBF1	TM6SF1	0.00659880181774497
EBF1	DHFR	0.006595722399652004
MEIS1	H2-OB	0.006593712605535984
CBX7	EYA2	0.006593430880457163
EBF1	METTL7A1	0.006591042969375849
JUN	GATA2	0.006590961012989283
EBF1	TK1	0.006590196397155523
EBF1	RPAP1	0.006590168923139572
JUN	GRINA	0.006588516756892204
MEIS1	THSD1	0.006588258780539036
MEIS1	METTL27	0.00658824248239398
MEIS1	GNS	0.0065870159305632114
FOXO1	TSC22D3	0.006586997304111719
RAD21	BUB1	0.00658426946029067
FOXO1	GBP7	0.006582912057638168
MEIS1	FCGRT	0.006582800764590502
RAD21	UBE2C	0.006581714376807213
EBF1	STT3A	0.006580567918717861
MEIS1	ART4	0.0065802233293652534
EBF1	SNX30	0.006580180488526821
FOXO1	CISH	0.006576565559953451
FOXO1	BDH2	0.006573935505002737
MEIS1	TLE2	0.006573614664375782
EBF1	TRMT6	0.006573110353201628
MEIS1	ZFAND5	0.00657201511785388
EBF1	FAM189B	0.006570641882717609
EBF1	STARD7	0.006570344790816307
FOXO1	TRIM47	0.006569765508174896
MEIS1	C030034L19RIK	0.006568846758455038
SATB1	ZFP53	0.006568644195795059
RPA1	DHFR	0.006567965727299452
EBF1	NCAPG2	0.006567827425897121
RAD21	BUB1B	0.006565878167748451
EBF1	HJURP	0.0065646544098854065
GATA2	YPEL3	0.006564530543982983
GATA2	NADK	0.006563110742717981
SATB1	SESN1	0.006562123540788889
EBF1	SH2D5	0.00656108558177948
EBF1	NARS	0.0065582143142819405
EBF1	NEIL3	0.006556649226695299
STAT2	IRF9	0.00655618729069829
FOXO1	CD82	0.006555070634931326
EBF1	GLB1	0.006551671773195267
SATB1	GM4759	0.006546333432197571
FOXO1	GFM1	0.006542479153722525
SATB1	GCNT2	0.006541920825839043
JUN	LSP1	0.006540964357554913
EBF1	ACLY	0.0065406016074121
NFAT5	9530082P21RIK	0.006540192291140556
FOXO1	MAGED1	0.006539615802466869
STAT2	CCNB1	0.006538345478475094
EBF1	CAPG	0.006537970621138811
EBF1	CDCA4	0.0065373913384974
MEIS1	LCP2	0.006536566186696291
EBF1	STOM	0.006535995751619339
NFAT5	H2-Q6	0.006532866042107344
MEIS1	SEH1L	0.0065286955796182156
SATB1	RCSD1	0.0065286848694086075
GATA2	ZFAND5	0.006526737939566374
EBF1	TARS	0.006525575648993254
FOXO1	ACSS1	0.0065245735459029675
RPA1	LIG1	0.006522832438349724
STAT2	IRF7	0.00652190949767828
RAD21	CEP55	0.006518636364489794
FOXO1	APOE	0.006517851259559393
FOXO1	EPRS	0.006517194677144289
MEIS1	BTG2	0.006515916902571917
NFAT5	METTL27	0.006515179760754108
EBF1	TOR3A	0.006514981854707003
EBF1	CDK1	0.006514241453260183
SATB1	TMEM206	0.006513174623250961
EBF1	GBP3	0.006509412545710802
MEIS1	PLXDC2	0.006507808808237314
FOXO1	SLC18A2	0.006507633253931999
CBX7	TIMM29	0.006507380865514278
GATA2	PCMTD2	0.006506435573101044
JUN	DENND1C	0.006502371281385422
EBF1	HAT1	0.006500642281025648
RAD21	NCAPG	0.006499674171209335
CBX7	HID1	0.0064986045472323895
EBF1	PRIM2	0.0064982702024281025
GATA2	RUNX1T1	0.006497583817690611
JUN	MLLT3	0.006497494410723448
GATA2	PROCR	0.0064972443506121635
EBF1	TRIM16	0.006497052498161793
FOXO1	HACD4	0.006492435000836849
EBF1	UBA7	0.0064918529242277145
JUN	LCP2	0.006491225212812424
MEIS1	PIP4K2A	0.006490825209766626
SATB1	IL17RA	0.006489502731710672
GATA2	GALNT6	0.006488440092653036
FOXO1	MOB3C	0.006487266160547733
FOXO1	PEAR1	0.00648669246584177
MEIS1	RAB31	0.00648587616160512
MEIS1	VIPR2	0.0064847832545638084
EBF1	PRIM1	0.006484674755483866
NFAT5	DOCK11	0.0064805350266397
MEIS1	TBXAS1	0.006479791831225157
MEIS1	MC5R	0.0064797429367899895
NFAT5	DNAJC10	0.006478329189121723
MEIS1	PIK3IP1	0.006478271447122097
EBF1	RAP1B	0.00647759810090065
SPI1	G6PDX	0.006473888177424669
MEIS1	KCNQ1OT1	0.006473563611507416
GFI1B	UBA7	0.006473014131188393
IKZF1	NCF1	0.006469347048550844
NFAT5	PROCR	0.00646813353523612
IRF8	CD93	0.006466985680162907
CBX7	SOCS2	0.006463612429797649
FOXO1	MMRN1	0.006461835000663996
MEIS1	TIMP2	0.006461657118052244
FOXO1	H2-AA	0.0064595164731144905
MEIS1	NEURL3	0.006458137650042772
EBF1	OAS3	0.006455576047301292
SATB1	TMEM173	0.006454986520111561
FOXO1	PHKB	0.006453962065279484
IRF8	PARP8	0.006453512702137232
EBF1	CDK18	0.00645079230889678
MEIS1	GFI1B	0.006450180429965258
EBF1	NUPR1	0.006449178326874971
GATA2	CD274	0.006448849570006132
RAD21	ASF1B	0.006448571104556322
SATB1	BCL2	0.006448245607316494
EBF1	GFM1	0.006447478197515011
FOXO1	GPRASP1	0.006446635816246271
NFAT5	LY6A	0.006445606704801321
EBF1	SNAP47	0.0064455498941242695
EBF1	HID1	0.0064443014562129974
MEIS1	ITM2A	0.006444178521633148
GATA2	GT(ROSA)26SOR	0.006443395745009184
EBF1	NDRG1	0.006443375255912542
EBF1	OSBPL1A	0.006441950332373381
EBF1	TLR4	0.0064415899105370045
SATB1	CTR9	0.006441584322601557
MEIS1	ITSN1	0.006441464647650719
IKZF1	IGHM	0.006440301891416311
GATA2	MYB	0.00643894262611866
FOXO1	F2R	0.006432743743062019
MEIS1	HDAC11	0.006431782618165016
MEIS1	ARHGEF18	0.006430063862353563
EBF1	SLBP	0.006429214030504227
FOXO1	TMEM184C	0.006428917404264212
MEIS1	AKAP8L	0.006428810302168131
FOXO1	TNFAIP2	0.006427808664739132
EBF1	ABCB8	0.006427558604627848
FOXO1	NFATC2	0.006426133681088686
EBF1	LYN	0.006426006555557251
MEIS1	F11R	0.0064249904826283455
NFAT5	SOCS2	0.0064248680137097836
FOXO1	TXNIP	0.006424508057534695
NFAT5	EBF1	0.006424391642212868
EBF1	CDKN1C	0.006419679615646601
EBF1	NDRG2	0.0064179920591413975
MEIS1	CBX7	0.0064179482869803905
RAD51	LIG1	0.006417182739824057
GATA2	SARAF	0.00641709566116333
EBF1	LPCAT2	0.006416903343051672
FOXO1	OASL2	0.006416843738406897
FOXO1	YPEL3	0.0064167240634560585
MYC	DDX21	0.006414229981601238
SATB1	PTDSS1	0.006413370370864868
EBF1	DNM1L	0.006410469766706228
EBF1	CLEC12A	0.006409325636923313
EBF1	UMPS	0.006408710964024067
EBF1	PARVG	0.006407191976904869
JUN	PPP1R9A	0.006405843887478113
EBF1	GOLT1B	0.006405313033610582
CBX7	NR3C2	0.006405200809240341
FOXO1	COL4A1	0.00640419265255332
EBF1	MSH6	0.006404096260666847
GATA2	C1RL	0.006402967497706413
ELF1	EMB	0.006401526741683483
EBF1	SDF2L1	0.006400477606803179
EBF1	RASA4	0.006399300880730152
MEIS1	SARAF	0.006399278063327074
IKZF1	MAD2L1	0.006398762110620737
EBF1	FCGR2B	0.0063987174071371555
EBF1	MTCH2	0.006397860590368509
IRF8	EMB	0.006396521348506212
RPA2	PRIM1	0.006394261959940195
FOXO1	LONP1	0.006394139491021633
FOXO1	NCEH1	0.006392872892320156
FOXO1	PFKP	0.0063911862671375275
GATA2	OBSL1	0.006390581838786602
MEIS1	AW112010	0.006388856563717127
IRF8	DHRS3	0.006388666108250618
FOXO1	SERPINB6A	0.00638772826641798
EBF1	PWP2	0.0063861976377666
NFAT5	TMEM176A	0.006384245585650206
CBX7	PARP8	0.006380019243806601
NFAT5	DDX58	0.006379545666277409
SATB1	TBC1D10C	0.006377792917191982
NFAT5	LZTS1	0.006377363111823797
FOXO1	PLIN3	0.006369016133248806
JUN	SELENBP1	0.00636814720928669
GATA2	GNS	0.006367798894643784
FOXO1	HASPIN	0.006367460358887911
MEIS1	GM20559	0.006366136949509382
CBX7	COL4A1	0.006364739965647459
FOXO1	ENPP5	0.006361301988363266
RPA2	RRM1	0.006360975094139576
FOXO1	IFITM1	0.006360530387610197
IRF8	ITGAL	0.006359103601425886
EBF1	CCR2	0.0063582225702703
NFAT5	HACD4	0.00635756179690361
MEIS1	MYC	0.006356818601489067
EBF1	UTP4	0.006356230936944485
CBX7	MAGED2	0.006353243254125118
SPI1	CCL9	0.006352674216032028
EBF1	ATP6AP1	0.006351638585329056
JUN	GFI1B	0.006350726820528507
EBF1	SEC24D	0.006346238311380148
MYC	CDK6	0.0063359481282532215
SPI1	NFE2	0.006335862912237644
MEIS1	CTSO	0.006335277575999498
SATB1	TM6SF1	0.006333204451948404
EBF1	MFSD14B	0.00633282121270895
JUN	METTL7A1	0.006332224700599909
EBF1	ACAA2	0.006331475451588631
MEIS1	NFIA	0.006331368815153837
EBF1	ATG12	0.006331280339509249
EBF1	RACGAP1	0.006330670323222876
MEIS1	PRKCH	0.006329627241939306
EBF1	NSUN2	0.006329577416181564
JUN	UBA7	0.006328565534204245
NFAT5	COQ8A	0.006328349933028221
GATA2	CTSL	0.006327919661998749
EBF1	CD44	0.0063272821716964245
EBF1	CYB5R1	0.006325897760689259
MEIS1	SLC25A46	0.006325773894786835
JUN	HDAC7	0.0063255550339818
FOXO1	EBI3	0.006324965972453356
CBX7	RELB	0.0063248323276638985
RAD51	TOP2A	0.0063246991485357285
FOXO1	PLEKHO2	0.006323425564914942
EBF1	PBK	0.006323023699223995
EBF1	PNO1	0.006322992965579033
MEIS1	H2-DMA	0.006322963163256645
GATA2	GCNT2	0.006319893058389425
SATB1	TRIM59	0.006318920291960239
EBF1	FEM1A	0.006312260869890451
JUN	PRKCH	0.0063122534193098545
EBF1	LGALS1	0.006311689503490925
EBF1	MTHFD1	0.006311364937573671
FOXO1	RCSD1	0.006311342120170593
EBF1	AP3S1	0.006308943033218384
EBF1	IARS	0.006308048497885466
CBX7	SHISA5	0.0063079833053052425
MEIS1	PLEK	0.006306909490376711
MEIS1	METTL7A1	0.006304051261395216
GATA2	NFAT5	0.006302954629063606
GATA2	TIE1	0.006302440073341131
IRF8	SATB1	0.006300430279225111
FOXO1	GALNS	0.006299009080976248
GFI1B	ANGPT1	0.006298597902059555
JUN	GUCY1A1	0.006298087537288666
CBX7	F2R	0.0062972488813102245
EBF1	SPTBN1	0.006296875420957804
SATB1	ZMIZ1	0.006295538507401943
EBF1	MYO1G	0.006294810213148594
FOXO1	ITM2A	0.0062912763096392155
EBF1	EMID1	0.006291056517511606
FOXO1	ARID3B	0.006289904471486807
MEIS1	CNRIP1	0.006289609242230654
RAD21	CIP2A	0.00628840085119009
FOXO1	PPP1R15A	0.006287972442805767
EBF1	SCARB1	0.006286913994699717
IRF8	CD68	0.006285991054028273
EBF1	SSH3	0.006285514682531357
MEIS1	PHF6	0.006280859466642141
IRF8	SLPI	0.006278857588768005
MEIS1	PITPNC1	0.006274274084717035
EBF1	ATRN	0.006273294799029827
FOXO1	KCNQ1OT1	0.006272790487855673
EBF1	FOXRED1	0.006272736471146345
EBF1	OTUD6B	0.006271188613027334
JUN	UTP4	0.006270360201597214
FOXO1	PCMTD1	0.006269512698054314
EBF1	MPO	0.006268720608204603
MEIS1	TRPC6	0.006267520133405924
FOXO1	RB1	0.006267237942665815
GATA2	DEF8	0.006263002287596464
SATB1	RPTOR	0.006262513343244791
ELF1	FLT3	0.006261773407459259
GATA2	TRPC6	0.0062614260241389275
EBF1	USP10	0.006259304936975241
MEIS1	TRP53I11	0.006259129848331213
EBF1	CD63-PS	0.006258870474994183
EBF1	RAB37	0.0062587447464466095
EBF1	GCLC	0.006256444845348597
EBF1	TRPC6	0.006255189888179302
EBF1	TMEM33	0.006254996173083782
RPA1	ASF1B	0.006254751700907946
MEIS1	ZFP36	0.006252550520002842
MEIS1	CYP2J6	0.0062522804364562035
MEIS1	MAML3	0.006251685321331024
GATA2	GM19590	0.006251158658415079
FOXO1	TBXAS1	0.00625111348927021
FOXO1	MYO1G	0.006249715108424425
FOXO1	HLF	0.006248928606510162
SATB1	ABL1	0.006247696932405233
CBX7	ABCG3	0.00624763872474432
NFAT5	IGKC	0.006247570738196373
FOXO1	CD74	0.006245302967727184
IKZF1	DOCK11	0.006244874559342861
EBF1	TM7SF3	0.006244242191314697
FOXO1	ARL8B	0.006242006551474333
SATB1	TPM4	0.006238630041480064
FOXO1	GABBR1	0.006237420719116926
GATA2	ZBTB16	0.006234471220523119
EBF1	MTMR6	0.006234386004507542
EBF1	SLC19A1	0.006230310071259737
GATA2	MAGED1	0.006229509599506855
RPA1	UHRF1	0.0062276641838252544
FOXO1	PREP	0.006227454170584679
FOXO1	IRF7	0.006225925870239735
EBF1	HMGB3	0.0062257032841444016
SATB1	CNN3	0.006224584765732288
FOXO1	ATF7	0.006223997101187706
FOXO1	TINAGL1	0.006223223637789488
CBX7	GIMAP8	0.006222916301339865
MEIS1	EIF4ENIF1	0.006219938863068819
SATB1	TBC1D5	0.00621974840760231
IKZF1	ZMIZ1	0.006219203118234873
FOXO1	MYL10	0.006219025235623121
MEIS1	ZFP422	0.006218905095010996
EBF1	MIS12	0.006218243855983019
EBF1	RPN1	0.006218066904693842
NFAT5	ITSN1	0.006217875983566046
EBF1	BPIFC	0.00621725944802165
CBFB	DUT	0.006217130925506353
RAD51	RFC4	0.006216323934495449
EBF1	CDC20	0.006215839181095362
CBX7	HACD4	0.006215651053935289
MEIS1	GMFB	0.006215144880115986
JUN	GCNT2	0.006214943714439869
GATA2	METTL27	0.0062131118029356
EBF1	DTL	0.006212450098246336
GATA2	APLP2	0.006211814470589161
SPI1	RGS19	0.006211579777300358
MEIS1	SNAP47	0.006211376748979092
CBFB	SNHG5	0.006209278479218483
EBF1	PRPF4	0.006208893842995167
RPA2	MCM4	0.006207634694874287
MYC	SPNS3	0.006205902900546789
MEIS1	GIMAP1OS	0.006203666795045137
CBX7	GPRASP1	0.006198924500495195
CBX7	TMEM246	0.006198744289577007
GATA2	PTTG1IP	0.006197058595716953
SATB1	TMEM184C	0.006196619942784309
EBF1	TBC1D2B	0.006195673253387213
IKZF1	DDX39	0.006195129826664925
NFAT5	GATA2	0.006194284651428461
NFAT5	RMND5A	0.00619258638471365
EBF1	SORL1	0.006191451568156481
NFAT5	RAB37	0.006191032472997904
IKZF1	EMB	0.006185819394886494
FOXO1	H2-Q6	0.006182812619954348
EBF1	GOLPH3	0.006179759278893471
EBF1	DEF8	0.00617844145745039
MEIS1	JAM3	0.006178334355354309
GATA2	CREBRF	0.006175545044243336
GATA2	ATP6AP1	0.006173358764499426
GATA2	MPZL1	0.006172895897179842
SATB1	ADGRL4	0.006172293331474066
MEIS1	DDX58	0.006172080524265766
EBF1	SLCO3A1	0.006171922665089369
EBF1	INTS13	0.006171632558107376
GFI1B	MUC13	0.006171355489641428
FOXO1	ABCG2	0.006170897278934717
CBX7	UPP1	0.006170137319713831
EBF1	UBA2	0.006166369188576937
MEIS1	HDAC7	0.00616382947191596
MEIS1	SSH3	0.006163148675113916
NFAT5	GCNT2	0.006161869969218969
FOXO1	PRDM16	0.006160682998597622
NFAT5	ART4	0.006160382181406021
NFAT5	MCOLN2	0.006157878786325455
MYC	SH2D5	0.0061572398990392685
CBX7	GRINA	0.0061555891297757626
RAD51	PRIM1	0.0061552319675683975
EBF1	DLST	0.0061540971510112286
EBF1	WDR55	0.006153912749141455
EBF1	DDX1	0.0061532240360975266
CBX7	LTB	0.0061524235643446445
MEIS1	ACOX1	0.0061523281037807465
EBF1	ARL6IP6	0.0061512114480137825
SPI1	NUBP2	0.006150095257908106
RAD21	CENPE	0.006149169523268938
GATA2	PITPNC1	0.006147441454231739
GATA2	CD82	0.006147137377411127
EBF1	THEMIS2	0.006146871484816074
GATA2	PSAT1	0.00614642258733511
GATA2	OSBPL8	0.006146096624433994
GATA2	RBPMS	0.006145171355456114
EBF1	NDN	0.0061441645957529545
EBF1	FAM111A	0.006144077982753515
MEIS1	COQ8A	0.00614379346370697
CBX7	PRDM16	0.0061402772553265095
EBF1	GFI1B	0.006137876305729151
MEIS1	CD9	0.0061360434629023075
SATB1	PITPNC1	0.006135235074907541
MEIS1	TRIM35	0.0061342534609138966
EBF1	ZFP24	0.006132613867521286
CBFB	CDK6	0.0061311679892241955
EBF1	SF3B3	0.006130879744887352
ELF1	PLAC8	0.006130717694759369
CBX7	LHCGR	0.006130702793598175
NFAT5	ANXA5	0.006130662746727467
EBF1	MILR1	0.006130069959908724
GATA2	HACD4	0.006129806861281395
EBF1	ORC6	0.006129395682364702
CBX7	TMEM37	0.0061284201219677925
FOXO1	XAF1	0.006127620581537485
RAD51	CENPK	0.006126773077994585
NFAT5	MFNG	0.006126640364527702
NFAT5	TRP53I11	0.006125777494162321
NFAT5	TRIM47	0.00612547155469656
NFAT5	CSGALNACT1	0.006124312058091164
GFI1B	CNRIP1	0.006123166996985674
FOXO1	ANXA5	0.006122042424976826
MEIS1	PIK3R1	0.006121337879449129
MEIS1	RPRD1B	0.006120746023952961
RAD51	TYMS	0.006119887810200453
EBF1	KCTD12	0.006118330638855696
GATA2	GM20559	0.006117908284068108
EBF1	RANBP3	0.00611729733645916
RAD51	ASF1B	0.006117005366832018
MEIS1	GIMAP8	0.006116965785622597
IRF8	TYROBP	0.006116510834544897
JUN	FCGRT	0.006116440985351801
GATA2	PLXNC1	0.006114526651799679
GATA2	PDE4D	0.006113985553383827
EBF1	NWD1	0.00611258065328002
MEIS1	RHOF	0.006112261675298214
EBF1	TMEM43	0.00611210847273469
EBF1	HELLS	0.0061115603893995285
MEIS1	SELENOP	0.006111515685915947
JUN	GPD1L	0.006109961774200201
IKZF1	HAAO	0.006109770853072405
EBF1	PRR5	0.006109276786446571
MEIS1	SHISA8	0.006108521483838558
EBF1	SLC25A46	0.006107258144766092
MEIS1	WDR4	0.006106842774897814
EBF1	PARP8	0.006106342189013958
GATA2	SOCS2	0.0061051673255860806
RPA1	RFC4	0.006104779429733753
MEIS1	EPB41L4B	0.006104126572608948
EBF1	NFAM1	0.006104045081883669
CBX7	DENND1C	0.006103622727096081
ELF1	DNTT	0.006103369873017073
FOXO1	PRKCD	0.006101750768721104
EBF1	AHCYL1	0.006101500708609819
CBX7	SLA2	0.006101461127400398
SATB1	PCMTD2	0.006100456230342388
JUN	VAV1	0.006097828969359398
EBF1	PIK3R2	0.006097725126892328
IKZF1	VPS35	0.006096754688769579
GATA2	MAGED2	0.006096173543483019
SATB1	AKNA	0.00609285244718194
FOXO1	CASP4	0.006092597730457783
JUN	ENG	0.006090300157666206
EBF1	TIMP2	0.006090233568102121
FOXO1	GPD1L	0.006089276634156704
EBF1	MC5R	0.006087922491133213
MYC	PLAC8	0.006087807472795248
JUN	AKAP8L	0.006087458226829767
FOXO1	1700017B05RIK	0.006086595356464386
GATA2	CKAP5	0.006085867062211037
SATB1	JARID2	0.006085315719246864
STAT2	GM4951	0.006084592081606388
MEIS1	CLEC4E	0.0060824682004749775
IKZF1	RIN3	0.006081697065383196
EBF1	CFP	0.006079802289605141
NFAT5	MPZL1	0.00607924722135067
EBF1	CRISPLD1	0.006078418809920549
SATB1	ITGAL	0.006077508442103863
GATA2	XAF1	0.0060754925943911076
EBF1	FARSB	0.0060752867721021175
MEIS1	CREBRF	0.006074897479265928
MEIS1	GRK3	0.0060737356543540955
GATA2	GLIPR2	0.006073717959225178
FOXO1	ATP13A1	0.006070624105632305
MEIS1	EBI3	0.006068155635148287
EBF1	ANGPT1	0.00606778496876359
CBX7	HDAC11	0.00606732489541173
STAT2	PLXNA4OS1	0.006066601257771254
GATA2	LONP2	0.00606493977829814
EBF1	CTTN	0.006064516957849264
CBX7	MAP4K2	0.006064089015126228
FOXO1	TFRC	0.006063931621611118
RAD21	KIF20B	0.006063534412533045
RPA2	CDC7	0.006061549298465252
MEIS1	PLD3	0.00606005173176527
EBF1	CASP1	0.006059837061911821
NFAT5	CTSL	0.0060595301911234856
SATB1	CCL4	0.0060591669753193855
NFAT5	CSTF2	0.00605888431891799
MEIS1	STXBP4	0.0060579366981983185
STAT2	PSMD9	0.0060569471679627895
GATA2	PRKCH	0.0060545289888978004
MEIS1	LAP3	0.00605400837957859
EBF1	NOL9	0.006053448189049959
IRF8	MYO1F	0.006053016055375338
SATB1	GPD1L	0.006052716169506311
MEIS1	PYGM	0.006051748059689999
MEIS1	CYFIP2	0.006051461212337017
FOXO1	AKAP8L	0.0060512893833220005
FOXO1	RGCC	0.00605058902874589
NFAT5	PDE4B	0.006050421390682459
FOXO1	GNS	0.006048018578439951
SATB1	ZFP36	0.00604682881385088
SATB1	CD69	0.0060464367270469666
EBF1	DUS1L	0.006046391557902098
MEIS1	H2-AA	0.006045833695679903
FOXO1	GM5111	0.006045274902135134
NFAT5	MAGED1	0.006044331006705761
WDR5	ISYNA1	0.006041598040610552
SPI1	IDH1	0.006040659267455339
MYC	NKG7	0.006040045525878668
SATB1	SELL	0.006039882078766823
EBF1	FLNA	0.006039363332092762
NFAT5	UBE2L6	0.006037770304828882
FOXO1	D1ERTD622E	0.006033336743712425
MYC	PTPRE	0.006031030789017677
GATA2	ABCE1	0.0060294633731245995
IKZF1	PLEK	0.006029387004673481
MYC	CTLA2A	0.006026324816048145
CBX7	IRF7	0.006024714093655348
IKZF1	TPM4	0.0060240402817726135
JUN	ANXA5	0.006023462396115065
FOXO1	CDK18	0.006022995337843895
EBF1	SMC2	0.006021225359290838
JUN	SOCS2	0.0060200318694114685
FOXO1	TRIM30B	0.006019787397235632
RAD21	CKS1B	0.0060184793546795845
MEIS1	MMRN1	0.006015134043991566
NFAT5	IL21R	0.006015083286911249
NFAT5	RGS18	0.00601475453004241
NFAT5	SERPINB9	0.006013037171214819
EBF1	CDCA8	0.006011922378093004
FOXO1	TMEM246	0.0060115354135632515
IKZF1	OSBPL8	0.0060107652097940445
IRF8	ZEB2	0.0060092732310295105
CBFB	POLD1	0.0060089705511927605
RAD21	KNSTRN	0.006007999647408724
JUN	RETREG1	0.006007928401231766
JUN	LZTS1	0.006007256451994181
FOXO1	AW112010	0.006007253658026457
EBF1	TESPA1	0.006006818730384111
FOXO1	TRPS1	0.006006740964949131
FOXO1	TSC22D1	0.006004143971949816
EBF1	ZFP367	0.006003601010888815
MEIS1	TIE1	0.006003254558891058
SATB1	TXNDC11	0.006001705769449472
EBF1	CD300A	0.006001144181936979
MEIS1	GNG2	0.0060009825974702835
RAD21	HMGB2	0.005999360233545303
STAT2	TGTP1	0.005998666398227215
MEIS1	EYA2	0.005997377913445234
JUN	STXBP4	0.005995042622089386
IKZF1	CD52	0.005994962062686682
GATA2	NDN	0.005993011873215437
GATA2	CSGALNACT1	0.005992674268782139
RAD21	CENPL	0.0059905946254730225
SPI1	ANXA2	0.005990069825202227
FOXO1	SPC25	0.0059894961304962635
GATA2	PLSCR4	0.005986684933304787
NFAT5	DENND2D	0.005986409727483988
NFAT5	CERS4	0.005985546857118607
GATA2	FAM189B	0.0059855361469089985
SATB1	SLC44A2	0.0059854742139577866
GFI1B	PDZK1IP1	0.005985376890748739
GFI1B	METTL27	0.005985184106975794
NFAT5	SESN1	0.005983784329146147
IRF8	CCL9	0.005982858594506979
GATA2	ABITRAM	0.005980390124022961
MEIS1	PLEKHO2	0.005978966597467661
EBF1	CEP55	0.005978928413242102
CBX7	LDHB	0.005978025496006012
JUN	F2R	0.005977234803140163
EBF1	SLC44A2	0.005976981949061155
NFAT5	RTP4	0.005976738408207893
GATA2	MNS1	0.00597562687471509
CBX7	MLLT3	0.005974522326141596
SATB1	CUL3	0.005973116494715214
FOXO1	KLF6	0.005972866900265217
MEIS1	GM4951	0.005970723927021027
CBX7	TEAD2	0.0059677124954760075
CBX7	DENND2D	0.005966931115835905
EBF1	TIMM29	0.00596665171906352
MYC	SLC22A3	0.005966507829725742
EBF1	SLC28A2	0.005965655669569969
GATA2	F11R	0.005964500829577446
EBF1	MRPL37	0.0059635089710354805
EBF1	IDH3A	0.005960341077297926
NFAT5	SMARCA2	0.0059574865736067295
FOXO1	OTULINL	0.005956604145467281
JUN	CSAD	0.005956333130598068
GATA2	SMPDL3A	0.005956245120614767
EBF1	MUC13	0.005956180859357119
IKZF1	SH3BGRL	0.005953589919954538
EBF1	MAGED2	0.005952394567430019
FOXO1	GIMAP5	0.005952339619398117
STAT2	CDKN1C	0.005952011328190565
GATA2	GIMAP1	0.0059518273919820786
FOXO1	FGFR1OP	0.005949309095740318
MEIS1	LZTS1	0.00594651373103261
MEIS1	UTP4	0.005945635959506035
NFAT5	GUCY1A1	0.005945531651377678
FOXO1	ZFP945	0.005945222917944193
JUN	SLA	0.005943831987679005
CBFB	LIG1	0.005941903218626976
CBX7	ZBTB20	0.005940799135714769
IKZF1	MTREX	0.005940619856119156
EBF1	MAML3	0.005940013099461794
NFAT5	PLD3	0.005939696915447712
JUN	CTSF	0.005939559079706669
NFAT5	SELENBP1	0.005938250105828047
FOXO1	SIGLECG	0.005933698732405901
MEIS1	NARS	0.0059336149133741856
CBX7	GIMAP1OS	0.005931739695370197
GATA2	OBSCN	0.005930413492023945
EBF1	ADK	0.005930161103606224
JUN	SLC18A2	0.005929137580096722
JUN	PIK3IP1	0.00592868821695447
EBF1	MNS1	0.005927848629653454
CBX7	THSD1	0.00592734245583415
CBX7	GM4951	0.0059259990230202675
FOXO1	HIF3A	0.005925507750362158
MEIS1	ZFP945	0.0059247794561088085
CBFB	NOL9	0.005923497956246138
EBF1	PSEN1	0.005922438111156225
CBX7	SGMS1	0.0059209768660366535
GATA2	RGS18	0.0059205605648458
GATA2	IRF7	0.005919912364333868
FOXO1	TSPAN3	0.005919865798205137
SPI1	TCN2	0.005919028539210558
JUN	MAGED1	0.005918476730585098
MEIS1	MR1	0.005917889066040516
CBX7	ROBO4	0.005916827358305454
CBX7	OBSL1	0.005916718393564224
MEIS1	CTSF	0.0059161060489714146
FOXO1	C1RL	0.005914435721933842
MEIS1	IRF7	0.005913083907216787
NFAT5	CD82	0.005912618711590767
JUN	COLGALT1	0.005911674350500107
NFAT5	ZMIZ1	0.005910387262701988
CBX7	HLF	0.005910140462219715
CBX7	PLD3	0.00590831134468317
EBF1	TMEM173	0.005905903875827789
ELF1	CCL9	0.005905787460505962
MEIS1	FLT3	0.005904468707740307
FOXO1	LCP2	0.0059010302647948265
CBX7	TPM4	0.00590030150488019
FOXO1	MED16	0.00589991919696331
GATA2	SLC28A2	0.005899343639612198
JUN	PLXDC2	0.005898614414036274
FOXO1	PIP4K2A	0.00589536689221859
EBF1	TBC1D9B	0.005892800632864237
EBF1	KIF20B	0.005892584100365639
MEIS1	SMPD4	0.005890950094908476
EBF1	TXNDC11	0.005890867672860622
EBF1	SEH1L	0.005888721905648708
EBF1	CS	0.005888646934181452
EBF1	TBC1D5	0.005886722356081009
MEIS1	NAPRT	0.005885647144168615
RAD21	RPS6KA3	0.005884439684450626
ELF1	DHRS3	0.005883550271391869
CBX7	MMRN1	0.0058828080072999
RPA2	MCM5	0.005882101599127054
EBF1	ELAC2	0.005881582852452993
NFAT5	2610035D17RIK	0.005879951175302267
RAD51	MCM5	0.005879593081772327
EBF1	RRM1	0.005879378877580166
FOXO1	UBA7	0.005878960248082876
MYC	HNRNPAB	0.005878349766135216
CBX7	MPL	0.005877572577446699
MEIS1	USP11	0.005877397023141384
RAD21	POLE	0.005875189322978258
GATA2	PRKCQ	0.005874739494174719
CBX7	GSR	0.005872759968042374
FOXO1	NUF2	0.005872333887964487
FOXO1	ACAA2	0.005872221663594246
STAT2	DDX58	0.005871007684618235
FOXO1	GANAB	0.0058703371323645115
FOXO1	OTUD4	0.005869840271770954
EBF1	ZMIZ1	0.005869744811207056
EBF1	DDX21	0.005869682412594557
FOXO1	NEIL3	0.005868305917829275
RPA2	GMNN	0.00586730195209384
GATA2	PEAR1	0.005863558501005173
EBF1	FTSJ3	0.005863382015377283
CBX7	TXNIP	0.005862867459654808
MEIS1	TSPAN3	0.005862294230610132
CBFB	CDCA7	0.005861782003194094
STAT2	CD74	0.005860602017492056
IRF8	TCIRG1	0.005860225297510624
EBF1	PLPPR3	0.0058601535856723785
FOXO1	MIR99AHG	0.005859728436917067
FOXO1	FEM1A	0.0058591063134372234
STAT2	SHISA5	0.005858178250491619
SATB1	PSTPIP1	0.0058561814948916435
SATB1	TRMT11	0.005855201277881861
NFAT5	PANX1	0.005854655522853136
EBF1	IRF6	0.005854631774127483
EBF1	RPA1	0.005854510236531496
CBX7	C1RL	0.005852777510881424
GATA2	NDRG1	0.0058503421023488045
MEIS1	OAS3	0.005848851054906845
FOXO1	CSTF2	0.005848652683198452
STAT2	OASL2	0.005847829394042492
IRF8	DOCK10	0.005846885498613119
FOXO1	MGAT5	0.0058453758247196674
RAD21	H2AFX	0.005845252890139818
MEIS1	HIF3A	0.005844460800290108
MEIS1	GPR65	0.005844248924404383
CBX7	CREB5	0.005843876861035824
NFAT5	RNF122	0.005843084771186113
SATB1	GM5111	0.005842518527060747
EBF1	SERPINB1A	0.005842147395014763
MEIS1	SLC37A1	0.005841023754328489
STAT2	DDX60	0.005838879384100437
FOXO1	RAP1B	0.005838502198457718
EBF1	MTFR1	0.005836715921759605
STAT2	CDC20	0.005834630690515041
FOXO1	OSTM1	0.005834364332258701
GATA2	DENND2D	0.0058332281187176704
GATA2	SGCE	0.005831819027662277
EBF1	CSF2RB	0.005830662790685892
STAT2	PANX1	0.0058300732634961605
JUN	CD274	0.005829812493175268
CBX7	UBAC1	0.005829408299177885
FOXO1	STAG2	0.005828379653394222
FOXO1	MPZL1	0.00582826416939497
MEIS1	MSMO1	0.005828096531331539
FOXO1	HERPUD1	0.005828049033880234
FOXO1	B3GNT5	0.0058276597410440445
IKZF1	DOK2	0.005827304907143116
EBF1	PSTPIP1	0.005824616644531488
EBF1	GNG12	0.005824266001582146
GATA2	TM7SF3	0.005824061576277018
EBF1	LONP1	0.00582312373444438
JUN	FAM102B	0.005823067389428616
JUN	MOB3C	0.0058227707631886005
MEIS1	MTCH2	0.005822721403092146
EBF1	SLC35A4	0.005822347477078438
CBFB	SLC20A1	0.005822338629513979
GFI1B	UBE2L6	0.0058221067301929
MEIS1	VAV1	0.005821007303893566
RAD21	NSD2	0.005819495767354965
FOXO1	CD274	0.005818158853799105
NFAT5	PLAG1	0.0058167604729533195
JUN	GM19590	0.005814927630126476
GATA2	OASL2	0.005814927164465189
FOXO1	GRINA	0.005814523436129093
GATA2	CAMK2D	0.005814264062792063
ELF1	NECAP2	0.005813314113765955
RAD21	MAD2L1	0.005813094787299633
EBF1	PLEK	0.005813067313283682
RAD51	CDC45	0.00581183098256588
EBF1	RGS19	0.005811541806906462
JUN	TCP11L2	0.005809988360852003
JUN	ZFP467	0.005809166468679905
CBFB	NEIL3	0.005808553658425808
GATA2	NFIA	0.005808536894619465
SPI1	CD52	0.005807559937238693
JUN	TFRC	0.005805555731058121
CBX7	COQ8A	0.005804777145385742
MEIS1	KCNK5	0.00580393522977829
EBF1	IPO9	0.005803840234875679
GFI1B	TNFAIP2	0.005801804829388857
EBF1	HP	0.005800696089863777
FOXO1	GATA2	0.005800671875476837
GFI1B	PBX1	0.005799500737339258
CBFB	CD48	0.005799190606921911
IRF8	LY6C2	0.005796921439468861
JUN	HDAC11	0.005796204786747694
JUN	MED16	0.005796136800199747
ELF1	CBFB	0.00579444644972682
MYC	PITPNC1	0.0057943472638726234
EBF1	PSMD1	0.005793907679617405
MEIS1	1700017B05RIK	0.0057931989431381226
STAT2	PROCR	0.005792734678834677
NFAT5	NUDCD1	0.005792353302240372
EBF1	HSPH1	0.0057921032421290874
GATA2	SRSF1	0.005791726056486368
CBFB	GMCL1	0.005791214760392904
FOXO1	TGTP2	0.005790868308395147
EBF1	NFE2	0.0057901120744645596
FOXO1	SNX30	0.00578906899318099
CBFB	SLBP	0.005788634531199932
GFI1B	SARAF	0.005787878297269344
NFAT5	MYCT1	0.005787606816738844
EBF1	TUBGCP2	0.005787372123450041
CBX7	FLOT2	0.0057869465090334415
IKZF1	RCSD1	0.005786101799458265
CBX7	GLIPR2	0.005783740896731615
NFAT5	ARFGEF2	0.005782978609204292
IRF8	MTMR6	0.0057807015255093575
SPI1	H2-DMA	0.005780050065368414
JUN	SCARF1	0.005779550410807133
CBX7	RRM1	0.005778289400041103
MEIS1	ELAC2	0.005777482409030199
JUN	RNF122	0.005776036996394396
SATB1	MYC	0.005775758996605873
MEIS1	FRRS1	0.00577519042417407
EBF1	CDK6	0.005774280522018671
GATA2	TSC22D1	0.005770623683929443
MEIS1	ICAM1	0.005770151969045401
RAD21	CKAP2L	0.005769092123955488
FOXO1	MFNG	0.005768646020442247
EBF1	TACC3	0.005767935421317816
EBF1	TEC	0.005767696537077427
CBX7	SLC7A4	0.005766991060227156
EBF1	GMNN	0.005766838788986206
NFAT5	IGHM	0.005765268113464117
JUN	CTTN	0.005764895584434271
RAD51	ATAD2	0.005764445755630732
CBFB	PBK	0.0057631731033325195
SPI1	MS4A6C	0.00576308136805892
STAT2	IFI44	0.005762636661529541
RPA2	MCM3	0.005762605462223291
IRF8	GBP3	0.005760418251156807
FOXO1	PCLAF	0.005760043393820524
RAD51	POLE	0.005758371204137802
FOXO1	TEK	0.005758014041930437
GATA2	LPCAT2	0.005757662933319807
RPA1	MCM5	0.005756702274084091
GATA2	IRGM2	0.0057566664181649685
MEIS1	PRDM16	0.0057564410381019115
GATA2	VKORC1L1	0.0057557434774935246
EBF1	SPCS3	0.005755624268203974
NFAT5	GT(ROSA)26SOR	0.005754548590630293
EBF1	RFC4	0.0057538882829248905
ELF1	CD48	0.005753739736974239
GATA2	NFKBIA	0.005753282457590103
FOXO1	RPTOR	0.00575307197868824
CBX7	SERPINB6A	0.005752719938755035
EBF1	S100A6	0.0057523963041603565
FOXO1	CDKN1A	0.0057504139840602875
JUN	NMD3	0.005749074276536703
MEIS1	YPEL3	0.0057468777522444725
SPI1	NCF1	0.005746554583311081
CBX7	IL27RA	0.005746398586779833
SATB1	CCL9	0.005745057947933674
CBX7	PSEN1	0.005744131747633219
ELF1	INPP5B	0.005741739179939032
MEIS1	RORA	0.005741683300584555
ELF1	ADGRL4	0.005738911684602499
FOXO1	TCP11L2	0.00573867978528142
EBF1	DHX33	0.005737997591495514
MYC	PFKFB3	0.0057373447343707085
JUN	TSC22D1	0.005737317260354757
NFAT5	SLC26A2	0.005735429003834724
GFI1B	CSGALNACT1	0.005735070910304785
SATB1	SEH1L	0.005734439007937908
CBX7	IRGM2	0.0057342518121004105
RAD21	CKS2	0.00573424156755209
JUN	LY6A	0.005733300466090441
ELF1	ADGRG3	0.005732747260481119
MYC	ADGRL4	0.00573265366256237
EBF1	HAAO	0.0057318550534546375
IKZF1	COPB1	0.005731367971748114
MEIS1	CD274	0.005731325130909681
STAT2	TMEM37	0.005731281824409962
GFI1B	NFIA	0.005730170290917158
JUN	PLXNA4OS1	0.005729049909859896
EBF1	GARS	0.005727654322981834
MEIS1	GBP7	0.005726533476263285
MEIS1	ROBO4	0.005725826136767864
EBF1	VAV1	0.005725392606109381
FOXO1	MEIS1	0.005725279450416565
EBF1	MAD2L1	0.005724835209548473
EBF1	SERPINB6A	0.0057235294952988625
FOXO1	TEAD2	0.005723460577428341
JUN	APOE	0.005723149515688419
JUN	PROCR	0.005722405854612589
SPI1	RAB44	0.005721115507185459
EBF1	CCDC50	0.005720785353332758
JUN	IL21R	0.005718874745070934
IRF8	THEMIS2	0.005718388594686985
MYC	RNF122	0.005717588122934103
JUN	TRIM30D	0.005717407446354628
GATA2	SLC2A3	0.005717395804822445
FOXO1	RMND5A	0.005717197898775339
NFAT5	LTB	0.005717068910598755
FOXO1	LACTB	0.005716214422136545
GATA2	USP14	0.005716139916330576
NFAT5	CCL4	0.005716125480830669
CBFB	TACC3	0.0057142446748912334
FOXO1	GTF2F1	0.005713757127523422
SPI1	OTULINL	0.005712565034627914
NFAT5	LONP2	0.005709677468985319
FOXO1	RGS18	0.005707856733351946
CBX7	SERPINB9	0.005707609001547098
CBX7	ARMT1	0.005705112125724554
MEIS1	TMX3	0.005704993847757578
EBF1	PPAT	0.0057035828940570354
GATA2	PIK3IP1	0.005703046452254057
EBF1	USP14	0.005701858550310135
SATB1	QARS	0.005701779387891293
GATA2	GP9	0.005701497197151184
NFAT5	NFKBIA	0.005700395442545414
MEIS1	LHCGR	0.005699741654098034
SPI1	MTCH2	0.005699571687728167
SATB1	ZFAND5	0.005697728134691715
JUN	MPZL1	0.005697604734450579
MEIS1	USP10	0.00569756468757987
MEIS1	GBP2	0.005696624983102083
JUN	PBX1	0.005693470593541861
FOXO1	PTTG1IP	0.0056934054009616375
SATB1	WSB1	0.005690611433237791
ELF1	TESPA1	0.005690587684512138
MEIS1	RTEL1	0.005690321326255798
EBF1	AURKB	0.005689904559403658
STAT2	TRP53I11	0.005689763929694891
EBF1	TSPAN3	0.005688543897122145
FOXO1	ATAD2	0.005688128527253866
EBF1	NAMPT	0.005687263328582048
EBF1	CSF1R	0.0056855035945773125
MYC	PLPPR3	0.005685057491064072
GATA2	ARID2	0.005685021635144949
RAD21	NCAPD2	0.005684985313564539
JUN	ESAM	0.0056838528253138065
SPI1	SERPINB1A	0.005683491472154856
JUN	SHISA5	0.005683283321559429
EBF1	BCAP29	0.0056830826215445995
FOXO1	PPP1R9A	0.005682777613401413
EBF1	TRAP1	0.005682139191776514
CBX7	PRR5	0.005682135466486216
SPI1	GNG2	0.00568061089143157
EBF1	SNHG5	0.005679817870259285
EBF1	HACD3	0.005675713066011667
JUN	PLIN3	0.00567561574280262
RAD51	SPC24	0.0056756045669317245
GATA2	GUSB	0.005674738436937332
RAD51	NCAPG2	0.00567388953641057
MEIS1	MCM4	0.005672979634255171
EBF1	PTDSS1	0.0056725796312093735
FOXO1	PPP1CB	0.005671895109117031
FOXO1	CD44	0.005671744234859943
CBX7	F11R	0.005671171937137842
STAT2	MLLT3	0.005670197308063507
EBF1	SLC31A1	0.005669652484357357
MEIS1	SELENBP1	0.005669346544891596
GATA2	NPDC1	0.005668745841830969
JUN	GIMAP5	0.0056685940362513065
MEIS1	B230219D22RIK	0.005667331162840128
EBF1	DUT	0.005667232908308506
JUN	TBC1D5	0.005666585173457861
FOXO1	SELENOP	0.005665408913046122
NFAT5	NPDC1	0.005664932541549206
FOXO1	POR	0.005661848001182079
EBF1	SLC39A6	0.005661663133651018
EBF1	AP1S2	0.005658719688653946
MEIS1	HCFC1	0.005658069625496864
MEIS1	GP9	0.005656569264829159
IRF8	ST8SIA4	0.005655058193951845
CBX7	EPB41L4B	0.005654813721776009
EBF1	ADGRL4	0.005654327571392059
IKZF1	ADGRG3	0.005653725937008858
HCFC1	MKI67	0.005652803461998701
CBX7	REXO4	0.005652240011841059
IKZF1	ARHGAP15	0.005651618354022503
GFI1B	TFR2	0.005650972481817007
CBX7	EPAS1	0.005649284925311804
SATB1	CDKN1A	0.005648583639413118
GATA2	GM20342	0.0056479196064174175
NFAT5	ZBTB38	0.005647879559546709
FOXO1	GEM	0.005646872334182262
NFAT5	EBI3	0.005646797362715006
FOXO1	PIK3IP1	0.005645599216222763
FOXO1	MTREX	0.00564542505890131
IKZF1	NUP85	0.005645259749144316
JUN	YPEL3	0.005644110031425953
CBFB	SPC25	0.0056430078111588955
FOXO1	GOLPH3	0.005642778240144253
GATA2	TNFAIP2	0.00564196240156889
MEIS1	FEM1A	0.005639451555907726
FOXO1	RELB	0.005638482514768839
MEIS1	ALDOC	0.005638451315462589
SATB1	ZFP422	0.005638343282043934
FOXO1	NFAT5	0.005637489724904299
GATA2	ACOX1	0.005635329056531191
MEIS1	CTSL	0.00563522195443511
NFAT5	SH3BGRL	0.005635211709886789
RAD51	PRIM2	0.005634768400341272
GATA2	OTUD6B	0.0056331283412873745
FOXO1	TIMM50	0.005632525309920311
NFAT5	PSTPIP1	0.005631034728139639
MEIS1	MIEF1	0.00563077675178647
JUN	ABCG3	0.005630739498883486
SATB1	ABHD17B	0.0056298840790987015
FOXO1	ROBO4	0.00562950037419796
EBF1	SGO1	0.005629159044474363
MEIS1	RUNX1T1	0.005629103165119886
MEIS1	TSPAN14	0.005628956947475672
GATA2	ROBO4	0.005628596991300583
MEIS1	TES	0.005627871956676245
MEIS1	CRISPLD1	0.005627808626741171
NFAT5	SELENOP	0.005627077538520098
CBX7	COL4A2	0.0056267231702804565
FOXO1	FSTL1	0.005626280792057514
CBX7	TGTP1	0.00562626076862216
CBX7	TMEM154	0.00562543049454689
JUN	DENND2D	0.005625071469694376
FOXO1	TRIM35	0.0056249587796628475
NFAT5	DNTT	0.005624204408377409
RAD21	CENPA	0.005623381119221449
FOXO1	CCNF	0.005622665863484144
EBF1	ELMO2	0.0056206160224974155
MEIS1	XPC	0.005620173644274473
NFAT5	RANBP3	0.005620052106678486
MEIS1	CDK18	0.005619138944894075
EBF1	CKAP2	0.005618881434202194
GATA2	DDX58	0.005617064423859119
EBF1	VAV3	0.005616827867925167
GATA2	HIF3A	0.005615763831883669
EBF1	CERS6	0.00561483995988965
RAD51	MCM10	0.005614812485873699
EBF1	G6PDX	0.005613571032881737
EBF1	ZDHHC6	0.005613350309431553
GATA2	SEH1L	0.005611113738268614
EBF1	NAP1L3	0.005610994063317776
EBF1	MCPT8	0.005610481835901737
CBX7	GIMAP6	0.005610400345176458
EBF1	CSF3R	0.005609938874840736
GATA2	MAP4K2	0.005609247367829084
IRF8	NPTN	0.005609146319329739
MEIS1	APLP2	0.005608543753623962
EBF1	FASTKD2	0.005607846658676863
RAD21	TRIM59	0.005607267841696739
GATA2	ERCC8	0.005603953264653683
MEIS1	DDX60	0.005602059420198202
GFI1B	ENG	0.00560201657935977
CBFB	CENPK	0.005601577926427126
FOXO1	KCNK5	0.0056002517230808735
NFAT5	ANGPT1	0.0055994754657149315
FOXO1	CSGALNACT2	0.005599234253168106
FOXO1	H1F0	0.005598904564976692
EBF1	F630028O10RIK	0.005598107818514109
IKZF1	MCM4	0.005597472190856934
JUN	OBSCN	0.005597366951406002
JUN	GPRASP1	0.005597020033746958
EBF1	NUBP2	0.005596915725618601
GATA2	NEAT1	0.005596610251814127
FOXO1	MAP4K2	0.005595738533884287
FOXO1	CDC45	0.005594588350504637
FOXO1	CALCRL	0.005594298709183931
GATA2	FLNB	0.005592775531113148
MEIS1	ACSS1	0.005592549219727516
GATA2	CLTC	0.005592171102762222
MEIS1	STAG2	0.005592092871665955
EBF1	MRPL20	0.00559150381013751
CBX7	INTS8	0.005591467954218388
CBX7	GOLIM4	0.005590952467173338
EBF1	ATP6AP2	0.005589830689132214
SATB1	GLIPR2	0.005589163396507502
MEIS1	PCMTD1	0.005588027182966471
FOXO1	PLAG1	0.005587365012615919
IKZF1	PTPRE	0.005587081424891949
IKZF1	SERPINB1A	0.0055864714086055756
JUN	HLF	0.005586078390479088
FOXO1	SUPV3L1	0.005585161037743092
SPI1	STRAP	0.005583271849900484
GATA2	TSPAN3	0.0055820089764893055
EBF1	RPA2	0.005581386853009462
STAT2	LZTS1	0.005580822005867958
CBX7	LY6A	0.005580179393291473
JUN	LGALS1	0.005579426884651184
FOXO1	CYP4V3	0.0055786664597690105
SATB1	NUDCD1	0.005578587297350168
EBF1	MINDY3	0.0055776843801140785
MEIS1	CBFB	0.0055762785486876965
EBF1	HNRNPLL	0.005575487390160561
CBFB	BIRC5	0.005573969800025225
SATB1	H2-DMA	0.005571653135120869
GATA2	TPX2	0.0055713951587677
CBX7	METTL27	0.005570326466113329
MEIS1	JARID2	0.005570265930145979
FOXO1	ZEB2	0.005569597240537405
MEIS1	RNF38	0.005569300148636103
CBX7	TRIB3	0.005569278262555599
IRF8	CD52	0.005568763706833124
MEIS1	PSMD9	0.00556767825037241
RAD21	NDC1	0.0055672768503427505
FOXO1	FTX	0.005567200016230345
MEIS1	MAMDC2	0.005566985346376896
JUN	MYCN	0.005565667990595102
FOXO1	NDUFV1	0.0055656335316598415
IKZF1	CDC7	0.005564780440181494
NFAT5	TBC1D2B	0.005563789512962103
JUN	CISH	0.005563150625675917
IKZF1	CLTC	0.00556296156719327
EBF1	RCC1	0.005562658421695232
JUN	PLXNC1	0.005561432801187038
RAD51	NCAPH	0.0055605401284992695
STAT2	HNRNPLL	0.005560424644500017
FOXO1	CD52	0.005559834185987711
CBFB	NPLOC4	0.005558469332754612
SATB1	TMEM229B	0.005557722877711058
GFI1B	MNS1	0.005556445103138685
JUN	9530082P21RIK	0.005555796902626753
IKZF1	NCAPD2	0.005553910043090582
NFAT5	EMCN	0.005553306546062231
NFAT5	PLEKHO2	0.005552699789404869
JUN	PSTPIP1	0.005551923997700214
GATA2	TIMP2	0.005551784299314022
NFAT5	UBA7	0.005551541689783335
FOXO1	TMEM154	0.0055499933660030365
NFAT5	SMPD4	0.0055496604181826115
HDAC2	SLC16A1	0.0055488841608166695
MEIS1	VPS16	0.005546240601688623
GATA2	RGS1	0.005545808933675289
GATA2	SGMS1	0.005543679464608431
GFI1B	COQ8A	0.005542661529034376
GATA2	RPRD1B	0.005542281549423933
CBFB	CDCA5	0.005541789345443249
EBF1	NAPSA	0.005541610531508923
SATB1	MAN2A2	0.0055411625653505325
SATB1	RNF38	0.0055403150618076324
CBX7	MEIS1	0.005539814475923777
RPA1	TK1	0.005539522971957922
SATB1	MTR	0.005539163947105408
JUN	ALDH18A1	0.005537426099181175
MEIS1	FSTL1	0.005536423530429602
CBX7	TLE2	0.005534538067877293
EBF1	CTPS	0.005533440969884396
STAT2	XAF1	0.005533317569643259
NFAT5	PLSCR4	0.005532273557037115
CBX7	ZFP467	0.005528430920094252
FOXO1	VPS35	0.005528366658836603
MEIS1	SMPDL3A	0.005528355482965708
FOXO1	EMCN	0.005527600646018982
FOXO1	CLPTM1L	0.00552746606990695
RAD51	CDCA5	0.005527190864086151
CBX7	PLA2G12A	0.005525702144950628
STAT2	9530082P21RIK	0.005524723324924707
MEIS1	LAX1	0.005523076746612787
EBF1	NUP107	0.005521905608475208
GFI1B	OASL2	0.005521772429347038
FOXO1	ATP6AP1	0.005521020386368036
MEIS1	ITCH	0.005519558675587177
SATB1	GFM1	0.005518551450222731
NFAT5	ZFP945	0.005517805926501751
FOXO1	GOLIM4	0.005516413599252701
FOXO1	AHCYL1	0.005515302997082472
FOXO1	CCNB2	0.005513284355401993
SATB1	STXBP4	0.005512211471796036
FOXO1	ZHX1	0.005511832423508167
STAT2	CASP12	0.005508805625140667
GATA2	GANAB	0.005507421214133501
GATA2	GM11346	0.005506847985088825
EBF1	TMEM97	0.005506596527993679
SATB1	CST7	0.005505276378244162
EBF1	FRRS1	0.00550244003534317
MEIS1	BATF2	0.005501991603523493
EBF1	GSR	0.005501686129719019
CBX7	TLR4	0.005501329433172941
GATA2	GBP2	0.005499812308698893
IRF8	FLT3	0.005499757826328278
STAT2	PLAG1	0.005499736871570349
FOXO1	GM20559	0.005497320555150509
EBF1	KIF17	0.005496498197317123
ELF1	PLPPR3	0.005495144985616207
NFAT5	SLC7A4	0.005495114717632532
EBF1	EBI3	0.005494935438036919
GATA2	MAML3	0.005493341479450464
NFAT5	SORT1	0.005492475349456072
GATA2	TRMT11	0.005492436699569225
CBX7	CIPC	0.005491908639669418
CBX7	CHRNB1	0.005491561256349087
NFAT5	GFI1B	0.005490245297551155
CBX7	H2-Q6	0.005488477647304535
MEIS1	NDRG1	0.005487742368131876
FOXO1	LSP1	0.005487663205713034
GFI1B	FRRS1	0.0054869577288627625
EBF1	MAN2A2	0.005486225709319115
MEIS1	COL4A2	0.0054848999716341496
EBF1	CDC6	0.00548445712774992
MEIS1	ELF1	0.005483634769916534
GFI1B	TRIM47	0.005483513697981834
RAD21	MNS1	0.005481709726154804
NFAT5	ZFP451	0.005481650121510029
FOXO1	SZT2	0.005481341853737831
NFAT5	PHF6	0.005480182822793722
GATA2	CTSO	0.005479850806295872
SATB1	TYROBP	0.005479395855218172
EBF1	ACOT9	0.005479052662849426
MEIS1	TNFRSF21	0.00547792250290513
JUN	SESN1	0.005477764178067446
NFAT5	GIMAP1	0.005477501079440117
SATB1	IFI203	0.005477324593812227
EBF1	EEF1E1	0.005476741585880518
IKZF1	ZFP24	0.005476238671690226
EBF1	NDUFA10	0.005476200021803379
NFAT5	KCNK5	0.005475638899952173
MEIS1	ISG20	0.00547535065561533
MEIS1	SERPINB9	0.005474501755088568
EBF1	SRSF1	0.0054735299199819565
EBF1	CAD	0.005472976248711348
RAD51	CDC6	0.005472009070217609
CBX7	RARB	0.0054718186147511005
CBFB	FLNA	0.005471699871122837
NFAT5	MAGED2	0.005471613258123398
MEIS1	DPP8	0.0054714251309633255
IKZF1	CYFIP2	0.005470759700983763
RPA2	NASP	0.00547049380838871
STAT2	SYTL1	0.00546921556815505
MEIS1	SEC23IP	0.005465982016175985
RAD21	PCLAF	0.005465423688292503
GFI1B	GNG11	0.0054641105234622955
JUN	TRPC6	0.005464040208607912
SPI1	PLPPR3	0.005463837645947933
CBX7	POR	0.005461972672492266
SPI1	BC035044	0.005460972432047129
NFAT5	TIMP2	0.005460784304887056
MEIS1	BPIFC	0.005460476037114859
CBX7	FAM189B	0.005459943786263466
FOXO1	TMX4	0.0054591260850429535
GATA2	KIF20B	0.005458865314722061
FOXO1	SERPINB9	0.005457974039018154
ELF1	ZFP422	0.005456616170704365
CBX7	NOP2	0.005456570070236921
CBFB	RNF122	0.005456226412206888
FOXO1	SPTBN1	0.005456082057207823
EBF1	LIG1	0.0054551647044718266
FOXO1	SULT1A1	0.005455035250633955
FOXO1	ZBTB38	0.005454953294247389
FOXO1	TBC1D5	0.0054548936896026134
FOXO1	QARS	0.0054544913582503796
SATB1	CDK6	0.005454076919704676
FOXO1	RUNX1T1	0.005453337449580431
CBX7	GP9	0.005452977959066629
IKZF1	SESN1	0.0054527875036001205
FOXO1	STX3	0.005452469456940889
GATA2	2610035D17RIK	0.0054511562921106815
FOXO1	TMEM50B	0.005450907628983259
CBFB	MKI67	0.0054508717730641365
IKZF1	UHRF1	0.005450017750263214
CBX7	CERS4	0.005449820775538683
CBX7	FGGY	0.0054495022632181644
NFAT5	TGTP1	0.0054488214664161205
NFAT5	CALCRL	0.005447827745229006
NFAT5	AFAP1L1	0.005446574185043573
RAD21	CKAP5	0.005445961374789476
NFAT5	MYCN	0.0054459478706121445
FOXO1	PWP2	0.005445927381515503
CBFB	SATB1	0.0054458873346447945
FOXO1	MCM10	0.00544570479542017
JUN	NCEH1	0.0054456926882267
EBF1	HDGF	0.005445091053843498
MEIS1	SESN1	0.0054445890709757805
MEIS1	TRIM30B	0.005444420967251062
CBX7	YPEL3	0.005443708971142769
GATA2	SERPINB6A	0.005441922228783369
EBF1	SHISA8	0.005441888235509396
MEIS1	MED16	0.0054414961487054825
SATB1	PECAM1	0.005440699402242899
CBX7	OSTM1	0.0054396060295403
GATA2	PECAM1	0.005438415799289942
ELF1	NDRG1	0.005438349209725857
CBX7	ENPP5	0.005436311941593885
EBF1	RIN3	0.005435609258711338
NFAT5	MYL10	0.005435083527117968
JUN	LDHB	0.005434984341263771
NFAT5	SERPINB6A	0.005433687474578619
IKZF1	RP2	0.005432992707937956
GATA2	SMARCA2	0.005432534031569958
MEIS1	CCL4	0.005431349389255047
ELF1	SLC22A3	0.005431250669062138
WDR5	SHMT1	0.005430287681519985
FOXO1	ARRDC4	0.00542830815538764
HCFC1	EZR	0.005428071599453688
FOXO1	GIMAP8	0.005428055766969919
JUN	PTPRS	0.005427996162325144
NFAT5	PLXNA4OS1	0.005427173804491758
FOXO1	VKORC1L1	0.005426633637398481
EBF1	STRAP	0.005424982402473688
NFAT5	CTLA2B	0.005424192640930414
NFAT5	NEURL3	0.0054228706285357475
CBX7	9530082P21RIK	0.005422834772616625
EBF1	DNAJC9	0.005422772839665413
CBX7	ZBTB38	0.005422616843134165
FOXO1	ABL2	0.005421862006187439
GATA2	UBE2L6	0.005421124864369631
MEIS1	PTCD3	0.005420091096311808
MEIS1	SLC26A2	0.005419788416475058
NFAT5	RIN3	0.005418616347014904
MEIS1	ABL2	0.0054168738424777985
EBF1	MCM2	0.0054121254943311214
EBF1	RFC5	0.0054115173406898975
IRF8	ACOX3	0.005410626530647278
GATA2	DDX60	0.005409647710621357
JUN	PLEKHO2	0.005409562028944492
MEIS1	ADO	0.005409135017544031
MEIS1	CAMK2D	0.0054090372286736965
EBF1	IMMT	0.005408443510532379
CBX7	ITSN1	0.00540776876732707
GATA2	DNM1L	0.005407671444118023
CBFB	DNTT	0.005406999494880438
CBX7	TNIP3	0.0054067810997366905
MEIS1	COL4A1	0.005406608805060387
SPI1	PLAC8	0.00540629867464304
MEIS1	GARS	0.005405755247920752
IKZF1	TESPA1	0.005405592266470194
NFAT5	STXBP4	0.005405135918408632
GATA2	AKAP8L	0.0054049198515713215
MYC	RAB31	0.005404721479862928
GATA2	RTP4	0.005403424613177776
SATB1	GPR65	0.005402540322393179
FOXO1	SHCBP1	0.005401649046689272
CBX7	OSGIN1	0.00540144182741642
FOXO1	CDC7	0.005400463473051786
EBF1	YBX1	0.005400031339377165
MEIS1	TINAGL1	0.005398536566644907
EBF1	LHCGR	0.005397612228989601
CBX7	PPP1R15A	0.005397071596235037
SATB1	ZDHHC6	0.0053970227017998695
GATA2	CKS2	0.005395672749727964
CBFB	CDC6	0.005395422223955393
ELF1	CD52	0.005394782871007919
NFAT5	MGAT1	0.005394374951720238
GATA2	TLE2	0.005394322797656059
GATA2	MOB3C	0.00539381243288517
NFAT5	TSPAN14	0.005391653627157211
NFAT5	REL	0.005391263402998447
MEIS1	CD82	0.005389786791056395
GATA2	ATP10A	0.00538949528709054
EBF1	GLRX5	0.005389457568526268
NFAT5	FGGY	0.005388849414885044
EBF1	LY86	0.00538864778354764
EBF1	KNSTRN	0.005388232879340649
GATA2	KCNK5	0.0053878966718912125
EBF1	GNL3	0.0053871627897024155
NFAT5	BPIFC	0.005386187229305506
GATA2	EMID1	0.0053859674371778965
CBX7	AFAP1L1	0.0053850761614739895
JUN	H2-Q6	0.005384371150285006
JUN	TRAP1	0.005382291506975889
FOXO1	ZBTB16	0.005380990915000439
FOXO1	ITPR1	0.005379852373152971
JUN	TNIP3	0.005379720125347376
IKZF1	STAG2	0.00537936482578516
RPA2	MCM6	0.005378276109695435
CBFB	ELF1	0.005377959460020065
GFI1B	PEAR1	0.005377939902245998
EBF1	PRELID3B	0.005376483779400587
EBF1	ELF1	0.005375333596020937
RPA2	HAT1	0.005374593194574118
MEIS1	MCM6	0.005374453496187925
CBX7	G6PDX	0.005374426953494549
CBX7	CD82	0.0053741708397865295
ELF1	ST8SIA4	0.005372554529458284
ELF1	FASTKD3	0.005372435785830021
MYC	SPNS2	0.005371883511543274
MEIS1	EBF1	0.00537177873775363
JUN	DHRS3	0.00537141365930438
MEIS1	2610035D17RIK	0.005370540544390678
CBX7	SLC35B4	0.005369413178414106
EBF1	TMEM206	0.005368892103433609
SATB1	SHISA8	0.005368336103856564
NFAT5	ZHX1	0.0053675551898777485
SATB1	TAB1	0.005366524215787649
SPI1	EMB	0.005366445053368807
FOXO1	FCHO2	0.005366049706935883
NFAT5	ZFAND5	0.005365896504372358
CBX7	PCMTD2	0.005365750286728144
NFAT5	PLXDC2	0.0053651886992156506
CBX7	MYCN	0.005364623852074146
CBFB	NUP155	0.005363787058740854
CBFB	NASP	0.005363477859646082
ELF1	MAML3	0.0053634257055819035
MEIS1	ZDHHC6	0.005362933035939932
RPA2	RFC4	0.005362664815038443
FOXO1	EYA2	0.00536235561594367
ELF1	ARID5A	0.005361523013561964
GATA2	MIEF1	0.005361390300095081
MEIS1	HMGB3	0.005360144190490246
RPA1	TYMS	0.005359712988138199
NFAT5	TSC22D3	0.005359656643122435
JUN	PEAR1	0.005359628237783909
NFAT5	CTC1	0.005358994007110596
GATA2	PRC1	0.005358363501727581
GATA2	HDAC11	0.005357587710022926
JUN	PGLYRP2	0.005357558839023113
EBF1	RNF4	0.005357371177524328
SATB1	ELF1	0.005357098300009966
FOXO1	CAMK2D	0.005356901325285435
EBF1	DEK	0.005356112495064735
GATA2	NUP107	0.005355306435376406
EBF1	PSMD6	0.005354233086109161
NFAT5	PADI4	0.0053536114282906055
EBF1	CYC1	0.005352949257940054
JUN	IL6ST	0.005351298023015261
GATA2	LTB	0.005351267289370298
CBX7	PTCD3	0.005350798834115267
GFI1B	TXNIP	0.005350456573069096
MEIS1	MYB	0.005350059363991022
JUN	RGS19	0.005349164362996817
SATB1	ACOX3	0.005348874721676111
CBX7	SALL2	0.00534861022606492
EBF1	SPNS2	0.0053475056774914265
EBF1	PRMT5	0.005347374361008406
EBF1	EPAS1	0.0053472984582185745
IRF8	CD48	0.005346598103642464
EBF1	MCM10	0.005346003919839859
FOXO1	EIF4ENIF1	0.005344744306057692
CBX7	IL12A	0.005344267003238201
JUN	H1F0	0.005342982709407806
CBX7	EGR1	0.005341846030205488
FOXO1	NUP155	0.005341596435755491
SATB1	CDC7	0.005341588519513607
RAD21	TACC3	0.005341209936887026
CBX7	NFATC2	0.005339679773896933
MEIS1	UBR7	0.005339437164366245
NFAT5	KAT7	0.005338322836905718
NFAT5	ITIH5	0.005338306538760662
MEIS1	MSH6	0.005338055081665516
GATA2	PSEN1	0.005337932612746954
CBFB	CKAP2L	0.005335222464054823
SPI1	MC5R	0.005334330257028341
IKZF1	IL6ST	0.005334272515028715
MYC	ANGPT1	0.005333678796887398
SATB1	ZC3H7A	0.005333491135388613
GATA2	FBXW11	0.005333078093826771
CBX7	GUCY1A1	0.005332220811396837
FOXO1	CPA3	0.005332032684236765
SATB1	GGTA1	0.005330600310117006
EBF1	BCL2	0.005330422893166542
ELF1	PPP1CB	0.005330304149538279
MEIS1	IFI44	0.005329789128154516
EBF1	ALDH9A1	0.00532965874299407
GATA2	MTO1	0.005329536274075508
GATA2	STAT2	0.005328793078660965
EBF1	MFSD10	0.005328572355210781
FOXO1	METTL27	0.005326501559466124
JUN	MFNG	0.00532647455111146
MEIS1	MAGED2	0.0053259641863405704
MEIS1	OBSL1	0.005325764417648315
CBFB	CBX5	0.005325636360794306
EBF1	GP9	0.005325237289071083
NFAT5	PIK3R1	0.005323756020516157
NFAT5	FCHO2	0.005323550198227167
GATA2	CSAD	0.005323366262018681
GATA2	NCEH1	0.005322940181940794
NFAT5	GM4759	0.005322709679603577
SATB1	CD93	0.005322055891156197
EBF1	MORC3	0.005321532022207975
MEIS1	STAT2	0.0053213732317090034
FOXO1	JAM3	0.0053209285251796246
MEIS1	PSTPIP1	0.005320745054632425
GATA2	IDH1	0.005320423282682896
SATB1	ARHGAP15	0.005320393014699221
RPA1	HELLS	0.005320377182215452
IKZF1	LSP1	0.005318513140082359
EBF1	OBSL1	0.0053163254633545876
MEIS1	B3GNT5	0.005315773654729128
FOXO1	CYBC1	0.005314938724040985
IKZF1	LAX1	0.005314849782735109
JUN	TSC22D3	0.005314365494996309
IKZF1	ARHGEF18	0.005314325448125601
SATB1	DOCK10	0.005314166657626629
FOXO1	IRF9	0.005313543602824211
EBF1	PITPNC1	0.005313210655003786
RPA1	RRM1	0.005313171539455652
NFAT5	IRF7	0.005312091205269098
GATA2	TGFBR1	0.005311313550919294
SATB1	ORC2	0.005310870241373777
EBF1	ATP8B4	0.005310815293341875
NFAT5	SLC35B4	0.005310549400746822
NFAT5	TBC1D10C	0.005310265813022852
EBF1	MLKL	0.005309724714607
NFAT5	TRPC6	0.005309627391397953
HCFC1	NUF2	0.005309396423399448
NFAT5	GIMAP1OS	0.005308555439114571
SATB1	PEAR1	0.005308202933520079
FOXO1	TIE1	0.005307361017912626
RPA1	RRM2	0.005306832026690245
CBX7	CSRP3	0.005306359846144915
NFAT5	CENPE	0.005306010600179434
CBX7	2610035D17RIK	0.005305610131472349
MYC	ELP2	0.005304720252752304
FOXO1	NUDT4	0.00530236354097724
MEIS1	KIF13A	0.005301852244883776
SATB1	AFAP1L1	0.005300728604197502
CBFB	RRM2	0.005300568416714668
SPI1	SLA	0.0052995639853179455
CBFB	MCM5	0.005299238953739405
IKZF1	TOPORS	0.005298467818647623
GFI1B	IRF9	0.005296633578836918
JUN	ARL8B	0.005296234507113695
NFAT5	CDKN1A	0.005295966286212206
STAT2	ECT2	0.0052953618578612804
GATA2	PTGS1	0.0052950442768633366
CBX7	TMEM50B	0.005295028444379568
JUN	ZBTB20	0.005294725298881531
IKZF1	ZBTB20	0.005294278264045715
NFAT5	SERPINB1A	0.0052935099229216576
FOXO1	CASP12	0.005292993504554033
FOXO1	SLA2	0.005292421672493219
SPI1	CSF3R	0.005292066372931004
GFI1B	PITPNC1	0.005290936678647995
CBFB	PLAC8	0.005290232133120298
EBF1	ADSL	0.00528971292078495
SATB1	EIF4ENIF1	0.0052889930084347725
FOXO1	TOPORS	0.005287810228765011
IKZF1	RAD51	0.0052871983498334885
EBF1	C030034L19RIK	0.005287096370011568
FOXO1	CNN3	0.00528569333255291
CBX7	RHOF	0.005285678897053003
CBFB	NKG7	0.005284250248223543
CBFB	IARS	0.005283012054860592
STAT2	SCARF1	0.005282779224216938
SPI1	PLEK	0.005282565951347351
WDR5	SEH1L	0.005282215308398008
EBF1	ADORA2A	0.005281986203044653
CBX7	HIF3A	0.005281390622258186
ELF1	CD34	0.005280910059809685
MEIS1	TBC1D9B	0.005279704462736845
STAT2	PTDSS1	0.005279277916997671
NFAT5	ARRDC4	0.005278809927403927
SPI1	FLOT2	0.005278180353343487
FOXO1	VSIR	0.0052780881524086
MEIS1	LRRC8B	0.005276899319142103
NFAT5	KLF6	0.005275571718811989
FOXO1	NUS1	0.005275384988635778
EBF1	SLPI	0.005273432470858097
SATB1	OTULINL	0.005272189620882273
SATB1	SLCO3A1	0.005270770750939846
MEIS1	IL12A	0.005269864574074745
FOXO1	EIF2B1	0.005269182845950127
CBX7	FASTKD3	0.005268923472613096
SATB1	AI504432	0.005268778186291456
CBFB	FLT3	0.00526807364076376
JUN	TBC1D10C	0.005268048029392958
FOXO1	JARID2	0.005265836603939533
EBF1	PRSS57	0.0052655600011348724
CBX7	SLC18A2	0.00526486337184906
JUN	TFR2	0.005264775361865759
ELF1	XPC	0.005264469888061285
IKZF1	AP1S2	0.005263544153422117
EBF1	ADGRG3	0.005263524129986763
FOXO1	PTPRS	0.005263286642730236
CBFB	FAM76B	0.005263231694698334
FOXO1	COPB1	0.005263062193989754
MEIS1	NWD1	0.005263010039925575
STAT2	GM20559	0.005262874066829681
CBFB	CLEC12A	0.005262324120849371
FOXO1	PLAA	0.00526162376627326
STAT2	PIDD1	0.005261605139821768
CBX7	PFKFB3	0.005261538550257683
JUN	E2F4	0.0052605257369577885
RPA2	RFC5	0.005259516183286905
MEIS1	PFKFB3	0.005259479861706495
FOXO1	PLEK	0.005259046331048012
STAT2	PRKCD	0.005257468670606613
GATA2	USP10	0.005255409516394138
GATA2	IGTP	0.00525517575442791
EBF1	NAPRT	0.005255045834928751
NFAT5	PPP1CB	0.005254311021417379
JUN	SEH1L	0.005253402516245842
RPA2	DTL	0.005251787137240171
GATA2	FCHO2	0.00525155384093523
RAD21	E2F8	0.005248890724033117
CBFB	GNL3	0.005248210858553648
NFAT5	TMEM246	0.005247545428574085
GATA2	LDHB	0.005247106775641441
EBF1	H2-DMA	0.005245347041636705
JUN	FGGY	0.0052429563365876675
GATA2	EMILIN1	0.005240479949861765
CBX7	EFCC1	0.005240274593234062
FOXO1	CENPA	0.005238890647888184
CBFB	PRIM1	0.005237024277448654
MYC	TOMM40	0.00523692462593317
JUN	IFITM1	0.005235862452536821
EBF1	TES	0.005235538352280855
WDR5	MCM3	0.005235516931861639
STAT2	FLT3	0.005235359538346529
RPA1	GMNN	0.005234637297689915
NFAT5	RORA	0.005234427750110626
MEIS1	IL21R	0.005234413780272007
SATB1	SLC39A6	0.0052341194823384285
JUN	USP14	0.0052340468391776085
JUN	AFAP1L1	0.005233706906437874
IKZF1	CKS1B	0.005231976509094238
EBF1	BYSL	0.005230586044490337
FOXO1	PRKCQ	0.005230514332652092
FOXO1	ELMO2	0.00523016694933176
STAT2	PLIN3	0.005226613953709602
NFAT5	ATP6AP1	0.005225292406976223
ELF1	GARS	0.005225254222750664
EBF1	TCN2	0.005224546883255243
MEIS1	RELB	0.005223041400313377
MEIS1	ARL6IP6	0.0052222139202058315
GATA2	FLNA	0.005221783183515072
CBFB	TES	0.005221259780228138
JUN	SNAP47	0.005220906808972359
EBF1	TMEM176A	0.005219730082899332
CBX7	TCIRG1	0.005219634622335434
CBX7	H2-AA	0.005218807142227888
JUN	MYL10	0.005217950325459242
JUN	CD69	0.005217917263507843
RPA1	DCK	0.005217233672738075
CBX7	HACD3	0.005216394551098347
IRF8	TMEM173	0.005216079298406839
FOXO1	NUDCD1	0.005215894430875778
NFAT5	D1ERTD622E	0.005214880686253309
FOXO1	SPNS2	0.005214635748416185
IRF8	STOM	0.0052134026773273945
MEIS1	TEAD2	0.005213337484747171
MYC	NDRG1	0.005212798248976469
IKZF1	RACGAP1	0.005211487412452698
IKZF1	PSMD1	0.005211268551647663
CBX7	NEURL3	0.005210585426539183
EBF1	NOP2	0.005210391245782375
IKZF1	GM5111	0.005209877155721188
GATA2	CLEC4E	0.005209161434322596
MYC	PRTN3	0.005208941642194986
NFAT5	JCHAIN	0.005208937451243401
MEIS1	CHRNB1	0.005208277143537998
FOXO1	SORT1	0.00520812114700675
JUN	SPNS2	0.005207343492656946
FOXO1	ZFP451	0.005207059904932976
CBFB	TOP3B	0.0052051725797355175
EBF1	BTK	0.0052048517391085625
CBFB	CDK1	0.0052048456855118275
MEIS1	API5	0.00520464638248086
JUN	NDRG2	0.005204602610319853
CBX7	SLC37A1	0.005204182583838701
SATB1	ARID2	0.005204159766435623
FOXO1	MYCT1	0.005203384906053543
GATA2	PLXNA4OS1	0.005202993284910917
FOXO1	KPNA1	0.005202905740588903
JUN	ARHGEF18	0.005202609114348888
JUN	SLC19A1	0.00520239258185029
GFI1B	PLA2G12A	0.005201627500355244
JUN	GRK3	0.005201271735131741
CBFB	ZC3H7A	0.0052008796483278275
GATA2	MINDY3	0.005200432613492012
MYC	SRM	0.005200187675654888
CBX7	EBI3	0.005200008396059275
FOXO1	PRC1	0.005200003739446402
FOXO1	PTGS1	0.005199802573770285
JUN	PLEK	0.005197006743401289
EBF1	TNPO1	0.005196505691856146
STAT2	IIGP1	0.005196083337068558
SATB1	PANX1	0.005195844452828169
EBF1	TYMS	0.005195004865527153
FOXO1	9530082P21RIK	0.0051946393214166164
JUN	FASTKD2	0.005194629542529583
GATA2	RP2	0.00519426167011261
NFAT5	OASL2	0.005194236524403095
EBF1	ANXA2	0.005194025579839945
GATA2	ZEB2	0.00519384304061532
SATB1	TRIM35	0.005193816963583231
EBF1	VSIR	0.005193598568439484
IKZF1	CYC1	0.005192911718040705
GATA2	SFXN1	0.0051916856318712234
SPI1	NUDT19	0.0051913196220994
GFI1B	MLLT3	0.00519128842279315
GATA2	PYGM	0.005191253498196602
RAD21	CENPK	0.005191176664084196
MEIS1	MOB3C	0.005191152915358543
CBX7	GABBR1	0.005190976895391941
CBX7	IRF9	0.005190765950828791
IKZF1	DEK	0.005190510768443346
FOXO1	ART4	0.005189418327063322
MEIS1	DNTT	0.005188732873648405
MYC	TES	0.005188255570828915
GFI1B	H2-Q6	0.00518755242228508
MEIS1	KPNA1	0.005187398288398981
GFI1B	KRT18	0.005187121219933033
GATA2	NOP2	0.005183101631700993
STAT2	LY6A	0.005182977300137281
RPA1	CENPK	0.005182876251637936
RAD21	RCSD1	0.005182362627238035
MEIS1	ZC3H7A	0.0051806773990392685
HCFC1	DDX20	0.005180264823138714
CBX7	NUP88	0.005180100444704294
NFAT5	NDRG1	0.005179216619580984
NFAT5	ZC3H7A	0.005179163068532944
CBX7	SLC16A1	0.005178575869649649
IKZF1	PANX1	0.005177157465368509
CBFB	DCK	0.005176819395273924
NFAT5	LDHB	0.00517604686319828
EBF1	SHMT1	0.005175845697522163
GATA2	MAPKAPK3	0.005175837781280279
FOXO1	RCC1	0.005175059661269188
FOXO1	RANBP3	0.0051750424318015575
CBX7	RAB38	0.005175008438527584
GATA2	PHF6	0.005174356047064066
STAT2	FCER1G	0.005173420999199152
FOXO1	GM4759	0.005173310171812773
CBX7	NAP1L3	0.005173142533749342
EBF1	AFAP1L1	0.005172234959900379
SATB1	XPC	0.005171997006982565
STAT2	ROBO4	0.005170742515474558
STAT2	IFITM1	0.00517051899805665
ELF1	KAT7	0.005170509219169617
CBX7	LAPTM4B	0.005170358344912529
FOXO1	SPIDR	0.005170254036784172
IKZF1	TMEM206	0.005170009098947048
MEIS1	FOXO1	0.005168984178453684
IKZF1	PSMC2	0.005168903153389692
CBX7	LPCAT2	0.005166085436940193
MYC	HEXA	0.005166065413504839
MEIS1	TMEM206	0.005165611859411001
MEIS1	GM11346	0.005165502429008484
CBX7	ZBTB16	0.005164726637303829
GATA2	GNG12	0.005164158996194601
IKZF1	PSMD9	0.0051637738943099976
CBX7	CLN5	0.005163741298019886
JUN	SLC2A3	0.005162370856851339
ELF1	GNG2	0.005161771550774574
GFI1B	SELENBP1	0.005161615554243326
GFI1B	CREBRF	0.005160673521459103
CBX7	VDR	0.005160365253686905
FOXO1	HYOU1	0.005159562453627586
GATA2	IRF9	0.00515927467495203
NFAT5	SULT1A1	0.005158377345651388
RAD21	OSBPL8	0.005156911909580231
MEIS1	FDFT1	0.0051562064327299595
CBFB	PCLAF	0.005156197119504213
MEIS1	PTTG1IP	0.005156004801392555
SATB1	MAML3	0.005155391059815884
GATA2	ZFP35	0.005155060440301895
CBX7	BATF2	0.005154663696885109
SATB1	YPEL3	0.005152319557964802
MEIS1	CAND2	0.0051518711261451244
FOXO1	LDHB	0.005150760989636183
CBX7	JAM3	0.0051505183801054955
CBX7	NDN	0.005149878095835447
MYC	EEF1E1	0.005148903466761112
EBF1	GALNT6	0.00514763779938221
MEIS1	INTS8	0.00514709297567606
EBF1	SLFN2	0.005146851763129234
EBF1	AI506816	0.005145476199686527
CBFB	NCAPH	0.00514541519805789
EBF1	H2AFX	0.005144970491528511
GFI1B	SPNS2	0.0051446170546114445
FOXO1	SNRNP200	0.005144600756466389
FOXO1	LYN	0.005143987014889717
CBX7	GATA2	0.005143939983099699
HCFC1	KIF11	0.005143496673554182
EBF1	GANAB	0.005142677575349808
CBX7	SCARF1	0.005142510868608952
SATB1	THADA	0.005142406560480595
CBX7	USP11	0.005141874309629202
STAT2	RHOF	0.005141416098922491
RPA2	MCM7	0.005141406785696745
MEIS1	EMID1	0.005140322260558605
FOXO1	HACD3	0.0051400200463831425
STAT2	UBE2L6	0.005139901768416166
RPA1	CDK1	0.0051383222453296185
CBX7	PTGS1	0.0051366728730499744
STAT2	IRGM2	0.005136623978614807
SPI1	MPO	0.005136287771165371
EBF1	CKS1B	0.005135746672749519
FOXO1	FES	0.005135444924235344
CBX7	TINAGL1	0.005134209059178829
NFAT5	CYP2J9	0.00513395806774497
FOXO1	TRMT11	0.005133606493473053
SPI1	FCER1G	0.005133216734975576
GATA2	PLAA	0.0051329429261386395
RAD21	INCENP	0.0051329247653484344
IKZF1	HMGB2	0.005132180172950029
MEIS1	XRCC6	0.005132010672241449
SPI1	GUSB	0.005131872370839119
NFAT5	CHORDC1	0.005131646990776062
IKZF1	FBXW11	0.00513109378516674
JUN	SUSD3	0.005130334757268429
FOXO1	NPTN	0.005129601806402206
JUN	VIPR2	0.005129491910338402
SATB1	1700017B05RIK	0.0051287938840687275
FOXO1	NDC80	0.005128426942974329
IKZF1	NKG7	0.005128322169184685
CBX7	RNF4	0.005128007382154465
STAT2	LY6C2	0.005127486772835255
JUN	RAB37	0.00512743042781949
CBX7	TRIM30D	0.005127019714564085
IRF8	CDKN1A	0.0051264106296002865
JUN	OSBPL1A	0.005126285366714001
CBX7	PPP1R9A	0.0051254029385745525
RPA1	ATAD2	0.00512504018843174
WDR5	REXO2	0.00512495543807745
SATB1	GIMAP6	0.005124603398144245
GFI1B	ACSS2	0.005124511197209358
SPI1	TMEM173	0.0051238941960036755
SATB1	CSF1R	0.00512327253818512
RAD51	CCNE2	0.005122379399836063
CBX7	NOLC1	0.0051207891665399075
RAD21	PTPRS	0.005120688118040562
JUN	DNM1L	0.00512006226927042
MEIS1	GPD1L	0.0051193381659686565
STAT2	MSMO1	0.005118847358971834
FOXO1	RGS2	0.00511847622692585
EBF1	FLNB	0.005118055734783411
ELF1	TOP3B	0.005117688328027725
CBX7	SLFN2	0.005117356311529875
CBX7	TCP11L2	0.005117218010127544
GATA2	TUBGCP3	0.005116278305649757
JUN	GBP2	0.00511504989117384
MEIS1	FAM171A1	0.0051146987825632095
FOXO1	GM20342	0.00511402590200305
IRF8	SELL	0.0051139602437615395
MEIS1	RPP40	0.005113440100103617
GATA2	STXBP4	0.005112151615321636
STAT2	ZBTB16	0.005111693404614925
CBX7	AURKA	0.005110831931233406
GATA2	PSMD9	0.005110433790832758
EBF1	NCF1	0.0051104044541716576
CBX7	APLP2	0.005110395606607199
SATB1	XRCC6	0.005107825621962547
EBF1	IFRD2	0.005107763689011335
MEIS1	TIMM50	0.0051077282987535
CBX7	MAPKAPK3	0.005106425378471613
FOXO1	IRF8	0.0051057059317827225
CBX7	PHF11B	0.0051052384078502655
IKZF1	HAT1	0.005104460753500462
ELF1	IL17RA	0.005103783216327429
IKZF1	CD82	0.005103683099150658
IKZF1	FES	0.0051036435179412365
CBFB	OSBPL8	0.005103257484734058
CBX7	GMCL1	0.005103218834847212
JUN	ALDH9A1	0.005101682618260384
MYC	H2-OB	0.005101438146084547
IRF8	CD53	0.005100798327475786
FOXO1	ARHGEF18	0.005099965259432793
CBFB	SHCBP1	0.00509986374527216
RAD21	PBK	0.005099039990454912
NFAT5	ZFP53	0.0050988937728106976
STAT2	PLA2G15	0.005097103770822287
EBF1	LRRC59	0.005097050219774246
JUN	NFE2	0.005096145439893007
FOXO1	VDR	0.005095942877233028
GATA2	LHCGR	0.005095668602734804
MEIS1	MEMO1	0.00509486673399806
STAT2	FDFT1	0.005094769410789013
NFAT5	SERPINA3G	0.005094267427921295
CBFB	TRIM59	0.005091965664178133
SATB1	IGFBP4	0.005091922357678413
IKZF1	BTK	0.005091330036520958
RPA2	POLD1	0.005091308616101742
NFAT5	GLB1	0.005091190803796053
CBFB	MCM4	0.005090889520943165
GATA2	VDR	0.005089334212243557
RPA1	MCM4	0.005088960751891136
GATA2	TSC22D3	0.0050887917168438435
FOXO1	POLE	0.005088322330266237
FOXO1	OSGIN1	0.005087554454803467
RAD51	ZFP367	0.005087507423013449
SPI1	SH2D5	0.005087018013000488
GATA2	ALDH18A1	0.005086121615022421
CBX7	SPCS3	0.00508540915325284
IKZF1	EZR	0.005083747673779726
RAD21	MAN2A2	0.005083578638732433
STAT2	JCHAIN	0.005082645453512669
NFAT5	NFE2	0.005081820301711559
NFAT5	SETD2	0.005081808194518089
MEIS1	RCOR1	0.0050810035318136215
JUN	LPCAT2	0.00508017186075449
FOXO1	EML4	0.005079979542642832
RAD51	ORC6	0.0050783841870725155
MEIS1	SLA2	0.005077159497886896
NFAT5	AI504432	0.005076278001070023
GATA2	GM4951	0.005075201857835054
RAD51	DCK	0.00507475808262825
NFAT5	GMIP	0.005074710119515657
STAT2	IGKC	0.005074632354080677
JUN	H2-AA	0.005074263084679842
NFAT5	MTMR4	0.005074102897197008
GFI1B	GRK3	0.0050726658664643764
CBX7	ADSL	0.005072597414255142
FOXO1	KRT18	0.005072321277111769
CBFB	PTPRS	0.0050718942657113075
MEIS1	SAMD9L	0.0050718169659376144
NFAT5	WDR4	0.005071146413683891
GATA2	EPRS	0.005070684012025595
MEIS1	MTO1	0.005069684702903032
FOXO1	MIS18BP1	0.005069639068096876
RAD51	AURKB	0.00506930984556675
NFAT5	SLA	0.005068905185908079
FOXO1	BTAF1	0.0050683291628956795
JUN	CD82	0.005066752899438143
NFAT5	DDX60	0.005066691432148218
SATB1	CBFB	0.005066241603344679
NFAT5	YPEL3	0.00506562739610672
FOXO1	PLXNA4OS1	0.005065192002803087
NFAT5	TGTP2	0.005065188743174076
JUN	PPP1CB	0.005064733792096376
CBX7	EAF1	0.005064534489065409
NFAT5	PCMTD2	0.005064130760729313
GATA2	NWD1	0.005064113065600395
STAT2	CDCA8	0.005063711665570736
EBF1	TMEM37	0.0050636702217161655
CBX7	ITM2A	0.0050631193444132805
CBX7	CCL4	0.005062338430434465
JUN	TINAGL1	0.005061771254986525
CBX7	GBP2	0.005060235969722271
SATB1	CD82	0.005060230381786823
FOXO1	NADK	0.0050589703023433685
MEIS1	RAP1B	0.005058933515101671
GATA2	DUS1L	0.005058788228780031
SPI1	SELL	0.005057937931269407
GATA2	PLD3	0.005057837814092636
FOXO1	IKZF1	0.0050576226785779
CBX7	EMCN	0.005057389847934246
ELF1	ZMIZ1	0.005056858528405428
CBFB	CKS2	0.005056465044617653
IKZF1	1700017B05RIK	0.005055783316493034
NFAT5	FLT3	0.005055686458945274
IKZF1	INCENP	0.005055404268205166
FOXO1	PYGM	0.005055170971900225
FOXO1	AZIN1	0.0050550042651593685
GATA2	HNRNPLL	0.005054601933807135
SATB1	ARHGEF18	0.005053917411714792
MYC	SYK	0.0050536515191197395
FOXO1	RP2	0.005053057800978422
CBX7	NFIA	0.005053008906543255
NFAT5	DEF8	0.005051759071648121
CBX7	TGTP2	0.005051517393440008
STAT2	SDC4	0.005051339045166969
RPA1	CDT1	0.00504986522719264
FOXO1	CDKN1C	0.005048884078860283
FOXO1	ZFP467	0.005046660080552101
JUN	MCOLN2	0.005046527832746506
MEIS1	ADORA2A	0.005046399310231209
NFAT5	PGLYRP2	0.005046096630394459
CBX7	PGLYRP2	0.005045741330832243
IKZF1	SPC24	0.005044376011937857
EBF1	LAP3	0.005043657496571541
SPI1	CD44	0.005043069366365671
GATA2	AZIN1	0.00504179485142231
FOXO1	MCOLN2	0.005041533149778843
FOXO1	SIRPA	0.005039776209741831
EBF1	ABCE1	0.005038132891058922
HCFC1	SMC2	0.005038022063672543
CBX7	PECAM1	0.005037636496126652
ELF1	CKS1B	0.0050375815480947495
IKZF1	H2-DMA	0.005034862086176872
IKZF1	ANKRD44	0.005034360568970442
FOXO1	IRGM2	0.005034186877310276
CBX7	TNFRSF13C	0.005033634137362242
NFAT5	TRIM30D	0.005033542867749929
CBX7	DPP8	0.005033534020185471
ELF1	ARHGEF18	0.005032933782786131
FOXO1	HSPA1A	0.005032713990658522
JUN	RORA	0.005031791515648365
CBX7	CERK	0.005031611770391464
NFAT5	RGS1	0.005031546577811241
SATB1	OSBPL1A	0.0050314306281507015
NFAT5	FOXO1	0.005030972883105278
RAD21	KIF22	0.005030720494687557
FOXO1	ACOX1	0.005030392203480005
EBF1	FAM171A1	0.005030179396271706
IRF8	CST7	0.005030167289078236
SATB1	PHF6	0.005028775427490473
IKZF1	CCNF	0.005028462037444115
GFI1B	DENND1C	0.0050283148884773254
GFI1B	ADK	0.00502830371260643
FOXO1	FAM171A1	0.005028208252042532
EBF1	EMILIN1	0.0050279200077056885
SPI1	ATP6AP1	0.005027056206017733
CBX7	EBF1	0.005026395432651043
MEIS1	DNM1L	0.005026009865105152
CBX7	MCPT8	0.005024525802582502
JUN	CFP	0.005023436155170202
STAT2	F11R	0.005022991914302111
FOXO1	ODC1	0.005022228695452213
CBX7	IGTP	0.005021894350647926
RAD51	NEIL3	0.005021628458052874
STAT2	OBSL1	0.00502131599932909
CBFB	NUSAP1	0.005021288990974426
FOXO1	INO80D	0.005020948126912117
ELF1	MRPL20	0.005020464304834604
GATA2	PSMG2	0.0050179981626570225
MYC	PSME3	0.005017303396016359
STAT2	MAMDC2	0.005016942508518696
FOXO1	CKAP2L	0.005016650073230267
CBX7	9530068E07RIK	0.005015615839511156
GATA2	SNAP47	0.005015089176595211
MEIS1	S100A6	0.00501507893204689
SATB1	GCLC	0.0050134966149926186
FOXO1	CENPO	0.005012811627238989
ELF1	SATB1	0.005012213252484798
JUN	SGMS1	0.005011288914829493
JUN	GIMAP1OS	0.005010686349123716
RAD51	SPC25	0.0050105624832212925
FOXO1	TNIP3	0.0050103017129004
SATB1	SPNS3	0.005009954795241356
GFI1B	CTSO	0.005008003208786249
NFAT5	PBX1	0.0050075482577085495
MEIS1	CASP4	0.005007547326385975
FOXO1	CERK	0.005007175263017416
JUN	BDH2	0.0050071594305336475
MEIS1	CDKN1C	0.0050071412697434425
EBF1	PSME3	0.0050066085532307625
CBFB	FBXO5	0.005006394814699888
MEIS1	TMEM246	0.005006044637411833
IKZF1	9530068E07RIK	0.005005538463592529
GFI1B	NADK	0.005005435086786747
GATA2	THSD1	0.005005338694900274
SATB1	PDE4B	0.005005278158932924
STAT2	ARL8B	0.00500501599162817
GATA2	FDFT1	0.00500444695353508
CBX7	SMARCA2	0.005004399921745062
FOXO1	NCAPH	0.005003621336072683
IRF8	TXNDC11	0.0050035277381539345
NFAT5	IKZF1	0.005003476981073618
JUN	DOK2	0.0050034173764288425
EBF1	SPI1	0.005003292113542557
GATA2	TMX4	0.00500326044857502
FOXO1	9430015G10RIK	0.005002814345061779
CBX7	ART4	0.005002434365451336
FOXO1	TM7SF3	0.005002324003726244
STAT2	CTTN	0.005002306774258614
MEIS1	ABCG3	0.0050016469322144985
MEIS1	TMEM173	0.005001422017812729
MEIS1	URB2	0.005001194775104523
EBF1	FCER1G	0.004999549128115177
GATA2	GRK3	0.004999323282390833
ELF1	PDE4B	0.004998145159333944
CBX7	NUDT4	0.004998098127543926
FOXO1	NEDD1	0.004997752606868744
MEIS1	TOP3B	0.004997659474611282
IKZF1	BTG2	0.004997447598725557
JUN	SH3BGRL	0.004996821284294128
GFI1B	POR	0.004996218252927065
GATA2	9430015G10RIK	0.0049957712180912495
MEIS1	ATF7	0.004995395429432392
CBX7	FRRS1	0.004995038267225027
CBX7	LZTS1	0.004994766321033239
ELF1	CD93	0.004993584007024765
MEIS1	SPTBN1	0.004989956505596638
GATA2	SPIDR	0.00498960679396987
CBX7	APOE	0.004988300614058971
CBX7	HASPIN	0.004987654276192188
NFAT5	EPB41L4B	0.004986617248505354
MEIS1	ANXA5	0.004986107349395752
MEIS1	CYP4V3	0.004985916428267956
GFI1B	SMARCA2	0.004985656589269638
FOXO1	F11R	0.004985620267689228
IRF8	HAAO	0.004984631668776274
MEIS1	TMEM33	0.004984256345778704
GFI1B	C030034L19RIK	0.004983359947800636
GATA2	NKG7	0.004983143415302038
JUN	MAMDC2	0.004982681944966316
STAT2	PPM1F	0.004982308484613895
NFAT5	TSPAN3	0.00498177669942379
FOXO1	ZFP322A	0.004981667269021273
MEIS1	SYK	0.00498048635199666
CBX7	TBXAS1	0.004980162717401981
JUN	IGHM	0.004979975987225771
IKZF1	SLC44A2	0.004979874473065138
SATB1	NCAPD2	0.004979605320841074
CBX7	KCNK5	0.00497870147228241
RAD51	CCNA2	0.004978438839316368
NFAT5	SLC2A3	0.004977801814675331
MEIS1	LAPTM4B	0.004977636504918337
RPA2	CDC45	0.0049775755032896996
IRF8	HK3	0.004976906348019838
IKZF1	CERS6	0.0049767401069402695
JUN	IFI209	0.004976665135473013
GATA2	RAD21	0.004976662807166576
FOXO1	NARS	0.004976354073733091
FOXO1	DDX58	0.004976074676960707
FOXO1	TLR4	0.0049760472029447556
NFAT5	TMEM206	0.004975313786417246
CBX7	SUPV3L1	0.00497455382719636
FOXO1	LMAN2L	0.004974042065441608
MEIS1	VDR	0.00497371144592762
JUN	CSGALNACT1	0.004973168484866619
RAD21	PTGR1	0.004972819238901138
IKZF1	GNG2	0.004972481168806553
SATB1	IFI27L2A	0.004972363822162151
FOXO1	SLC20A1	0.0049719433300197124
GATA2	CBX7	0.004971595481038094
RAD21	CDC20	0.004971004091203213
NFAT5	SARAF	0.004970327485352755
STAT2	IFI27L2A	0.004970274865627289
SATB1	NCF1	0.004970112349838018
CBX7	TBC1D5	0.004969926085323095
GATA2	GLRX5	0.004969566594809294
RPA1	DTL	0.004968851804733276
EBF1	CLEC4E	0.004968672525137663
MYC	IGFBP4	0.0049684057012200356
IKZF1	H2-OB	0.004968293942511082
JUN	SLC7A4	0.004968181252479553
SPI1	VSIR	0.004967539571225643
FOXO1	RFC5	0.004966766107827425
FOXO1	RIN3	0.004966245964169502
WDR5	MORC3	0.004965940956026316
NFAT5	EDEM1	0.004964614752680063
SATB1	HAAO	0.004964386112987995
CBX7	SNX30	0.004963460844010115
RAD51	MIS18BP1	0.00496283732354641
CBX7	NUPR1	0.00496071670204401
GFI1B	PCMTD1	0.004960525315254927
ELF1	PRPS2	0.00496024452149868
GFI1B	RAB38	0.004959852900356054
ELF1	RCSD1	0.004959811456501484
JUN	IRF8	0.0049597215838730335
IKZF1	GBP3	0.004956333432346582
CBX7	RACGAP1	0.00495609687641263
SPI1	F630028O10RIK	0.004955266136676073
NFAT5	ARMT1	0.004955100826919079
FOXO1	NSD2	0.004955000709742308
FOXO1	MTOR	0.004953248426318169
GATA2	ATF7	0.004952381830662489
MYC	LIG1	0.004952012095600367
FOXO1	BUB1B	0.004951748065650463
GFI1B	ESAM	0.0049503822810947895
STAT2	MYCN	0.004949708003550768
JUN	TMX4	0.004948937334120274
MEIS1	ELP2	0.0049485438503324986
ELF1	RPRD1B	0.0049484665505588055
NFAT5	SCARF1	0.004948020912706852
SPI1	PLIN3	0.004947615787386894
FOXO1	TECPR1	0.004947476554661989
CBFB	TMEM33	0.004946979694068432
GFI1B	PLXNC1	0.0049469564110040665
MEIS1	IRF9	0.004946194123476744
CBFB	RPS6KA5	0.004945545922964811
SPI1	PTPRE	0.0049447868950665
CBX7	SOX18	0.0049446700140833855
MEIS1	TRAP1	0.004944596905261278
CBX7	VKORC1L1	0.004943862557411194
STAT2	RTP4	0.004943732172250748
SATB1	DOK2	0.00494362972676754
MEIS1	JPT2	0.004943364299833775
EBF1	PAK1	0.004942128900438547
FOXO1	DPP8	0.004942059516906738
STAT2	DNAJC5	0.004941920284181833
CBX7	GALNS	0.004941244143992662
SPI1	ME2	0.004941044375300407
EBF1	KCTD20	0.004941031336784363
IRF8	SNX30	0.004940226674079895
GFI1B	RHOF	0.004940171260386705
STAT2	CHRNB1	0.004939894657582045
MEIS1	GM8113	0.004939084406942129
CBX7	TRPS1	0.004937733989208937
CBX7	VSIR	0.0049375733360648155
STAT2	TGTP2	0.004937418736517429
EBF1	CENPK	0.004936974961310625
FOXO1	KIF20B	0.004935949109494686
NFAT5	URB2	0.004935838747769594
CBX7	XAF1	0.004935837350785732
RPA1	PCLAF	0.004935138858854771
MEIS1	NSUN2	0.00493501266464591
FOXO1	FGGY	0.004934951197355986
STAT2	SERPINA3G	0.004934816621243954
EBF1	PPM1G	0.004934584256261587
GATA2	CD74	0.004933936521410942
NFAT5	TRIM59	0.004933173302561045
SATB1	GEM	0.004932866897433996
SATB1	ZFP24	0.004932733718305826
CBFB	VKORC1L1	0.004932578187435865
FOXO1	MBNL3	0.0049321772530674934
SATB1	PPM1G	0.004930716939270496
MEIS1	FAM76B	0.004930419381707907
FOXO1	RCOR1	0.004930109716951847
CBFB	JPT1	0.004928953014314175
IRF8	CTSG	0.004928583279252052
CBFB	CCNA2	0.0049284412525594234
NFAT5	PEAR1	0.004928411450237036
GATA2	LZTS1	0.004928199574351311
JUN	SALL2	0.004927820060402155
JUN	INPP5B	0.004927619360387325
GATA2	ATP6AP2	0.004927509929984808
CBX7	TCN2	0.004927357658743858
MEIS1	CYP2J9	0.0049270568415522575
FOXO1	ALDOC	0.004926921334117651
GATA2	SNRNP200	0.004924341570585966
NFAT5	GEM	0.004924319684505463
NFAT5	CNRIP1	0.004922898020595312
FOXO1	DNAJC11	0.004922809079289436
CBX7	ATP6AP1	0.00492250407114625
FOXO1	FASTKD2	0.004922383930534124
NFAT5	MECOM	0.0049218228086829185
SPI1	MSMO1	0.004921216983348131
CBX7	IL21R	0.004919996950775385
FOXO1	STARD7	0.004919512663036585
GFI1B	DHX33	0.0049194153398275375
FOXO1	PIK3R2	0.004919315222650766
FOXO1	NDRG2	0.004919243045151234
MYC	TMEM206	0.004917594138532877
NFAT5	INTS13	0.004917580634355545
SATB1	NPLOC4	0.004917344078421593
NFAT5	GGTA1	0.004917084705084562
SPI1	IRF8	0.004916033241897821
GFI1B	STAG2	0.004915599245578051
JUN	HACD4	0.004915476776659489
JUN	HARS	0.004915320780128241
STAT2	SAMD9L	0.00491506839171052
ELF1	OASL2	0.004914724268019199
RAD21	CDK1	0.004914315417408943
STAT2	PSTPIP1	0.004914293996989727
SATB1	SLC29A1	0.004914263263344765
IRF8	NFAM1	0.004913952201604843
CBFB	PLA2G12A	0.004912331700325012
GFI1B	RAB37	0.004912137053906918
STAT2	STX3	0.00491195498034358
EBF1	XPNPEP1	0.004911134950816631
MEIS1	RGS2	0.004910397343337536
CBX7	VAV3	0.004909934010356665
IRF8	SCARB1	0.004909265320748091
SATB1	ST6GALNAC4	0.0049089090898633
FOXO1	MFSD1	0.004908042028546333
STAT2	HASPIN	0.0049073221161961555
STAT2	HCFC1	0.004907091148197651
NFAT5	ABCG2	0.004907042253762484
IKZF1	RASA4	0.004907023161649704
HCFC1	ADAM17	0.004906161222606897
IRF8	IL12A	0.004905554931610823
CBFB	NDC1	0.004904367029666901
CBX7	GYS1	0.004904328379780054
RPA2	ZFP367	0.004903512541204691
FOXO1	CSAD	0.004902841057628393
FOXO1	IL21R	0.004902025684714317
IKZF1	RORA	0.004900876898318529
SATB1	MFNG	0.004900760482996702
MEIS1	SNRPB	0.004900263622403145
CBX7	PIM2	0.004899380728602409
GATA2	TRIM30D	0.004899140913039446
STAT2	PRDM16	0.004898950923234224
FOXO1	BATF2	0.0048988875932991505
GATA2	EBI3	0.0048988573253154755
STAT2	UBA7	0.004898730665445328
ELF1	RPS6KA5	0.004898139275610447
CBFB	EIF4ENIF1	0.004897253587841988
RAD51	DTL	0.004896876867860556
SATB1	DOCK11	0.004896796308457851
FOXO1	TIFAB	0.004896630998700857
JUN	FCER1G	0.004895871039479971
STAT2	ACOX3	0.004894524812698364
IKZF1	SNX30	0.004893562290817499
GATA2	PPP1R9A	0.004893529694527388
MYC	ETF1	0.004892267286777496
ELF1	SLC44A2	0.00489155063405633
CBX7	GFM1	0.0048911855556070805
MEIS1	WDR43	0.004891132470220327
HCFC1	CKS2	0.004890221171081066
SATB1	SLC43A3	0.0048896255902945995
CBX7	TOR3A	0.004888677969574928
GATA2	GRINA	0.004888464231044054
HCFC1	ZNRF2	0.004887876100838184
JUN	SMARCA2	0.004886827431619167
CBX7	SSH3	0.0048864721320569515
SPI1	FUT7	0.004885745234787464
CBX7	BC005561	0.004885523580014706
CBX7	RASA4	0.004885457456111908
HCFC1	SYK	0.0048842644318938255
EBF1	SFXN1	0.004884243942797184
CBX7	THADA	0.004883888643234968
CBX7	SESN1	0.004883714951574802
CBX7	PLXNA4OS1	0.00488349748775363
SATB1	MTMR6	0.004881939385086298
GATA2	STT3B	0.004881917964667082
FOXO1	ALDH18A1	0.004881697706878185
FOXO1	TLE2	0.004881249275058508
GATA2	GCLC	0.004881079774349928
NFAT5	MTFR1	0.004880290012806654
STAT2	GUCY1A1	0.0048800278455019
FOXO1	CTSO	0.004879957064986229
SATB1	CTSZ	0.004878785461187363
IKZF1	DNAJC5	0.004878772888332605
FOXO1	SLC2A3	0.004878459498286247
FOXO1	CYFIP2	0.004878433886915445
RAD21	SDF2L1	0.004877906758338213
GATA2	ICAM1	0.004876681603491306
RAD21	CDC45	0.004875571466982365
STAT2	ADORA2A	0.004875314421951771
ELF1	RNF38	0.004873757716268301
CBX7	ZFP35	0.004872881807386875
JUN	CASP12	0.00487269414588809
JUN	CALCRL	0.004872289020568132
JUN	CCDC50	0.004870861303061247
CBX7	CAMK2D	0.004870844539254904
FOXO1	NUSAP1	0.004869901575148106
STAT2	DNTT	0.004869511816650629
GATA2	UAP1	0.004869002383202314
CBX7	NUP155	0.004867808893322945
MEIS1	RABGGTB	0.004867677576839924
GATA2	RPN1	0.004867374897003174
EBF1	WSB1	0.004867238458245993
GATA2	SERPINB9	0.004866363946348429
NFAT5	CLPTM1L	0.004866090137511492
SATB1	MTREX	0.004865202121436596
FOXO1	EFTUD2	0.00486476207152009
RAD21	RAP1B	0.0048646824434399605
CBX7	PPM1G	0.0048632812686264515
NFAT5	SNRNP200	0.004863168112933636
FOXO1	ADO	0.004862410947680473
JUN	IGKC	0.004861427471041679
FOXO1	SCARB1	0.004860927350819111
CBFB	SERPINB1A	0.004860784392803907
FOXO1	TPX2	0.004859370179474354
FOXO1	AFAP1L1	0.004859092179685831
HCFC1	CENPA	0.004859003238379955
STAT2	PAK1	0.004858931992202997
NFAT5	ABCG3	0.004858759697526693
NFAT5	STAG2	0.004857902880758047
CBX7	PTPRS	0.004857420921325684
SATB1	VAV3	0.004856976680457592
FOXO1	CTSF	0.004856437910348177
MYC	NOLC1	0.004855874460190535
NFAT5	LSP1	0.004855808801949024
JUN	ART4	0.004855675622820854
GATA2	AFAP1L1	0.004855351988226175
SPI1	PHB2	0.004854932427406311
GATA2	UBR7	0.004854852799326181
RAD51	RRM1	0.004854721482843161
GFI1B	MMRN1	0.004854636732488871
RAD51	WDHD1	0.004853274207562208
MEIS1	FAM189B	0.004852344281971455
JUN	CSRP3	0.004852342419326305
SPI1	NEURL3	0.004852305166423321
FOXO1	TFG	0.004851835314184427
IKZF1	ASF1B	0.004851462319493294
FOXO1	CYP2J9	0.0048502180725336075
NFAT5	TBC1D5	0.004849967081099749
JUN	C1RL	0.004849791061133146
CBX7	CENPE	0.004849767778068781
FOXO1	CYP2J6	0.004849117714911699
ELF1	RETREG1	0.0048489635810256
JUN	ACOT9	0.004848516080528498
ELF1	PRPF4	0.004845825023949146
IKZF1	PRIM2	0.004845664836466312
MEIS1	ALDH18A1	0.0048454091884195805
FOXO1	EDEM1	0.004844909068197012
CBX7	PRKCH	0.004843852482736111
MYC	IARS	0.004842689726501703
NFAT5	PLIN3	0.004842241760343313
IKZF1	EFTUD2	0.00484175980091095
GATA2	ANXA1	0.004841064102947712
STAT2	SLFN2	0.004840686917304993
IRF8	D1ERTD622E	0.004840624053031206
NFAT5	RPAP1	0.004840516950935125
MEIS1	PHF11B	0.004840414505451918
WDR5	CLTC	0.004840384237468243
GATA2	GSR	0.004840102978050709
NFAT5	TSC22D1	0.004839895758777857
CBX7	FOXRED1	0.004839858505874872
MYC	PDE4B	0.004839630331844091
GFI1B	IRF7	0.004839393775910139
WDR5	DCAF13	0.004838420078158379
RAD21	FAR1	0.004838407505303621
GATA2	CENPF	0.00483696861192584
STAT2	ART4	0.0048365164548158646
NFAT5	INO80D	0.004836104344576597
FOXO1	KIF11	0.004834780003875494
CBX7	FAM171A1	0.004834684077650309
STAT2	MCPT8	0.0048344931565225124
EBF1	STIP1	0.004834105726331472
RPA1	MCM3	0.004833274520933628
NFAT5	NOL9	0.004833097569644451
FOXO1	NEURL3	0.0048327092081308365
JUN	RUNX1T1	0.004832325968891382
IKZF1	ANXA2	0.00483222771435976
NFAT5	CYB5R1	0.00482942583039403
CBX7	KIF17	0.004829034209251404
FOXO1	RTP4	0.004828838165849447
GATA2	GOLPH3	0.004828660283237696
NFAT5	TRIM35	0.0048286523669958115
JUN	RAB38	0.004828586243093014
CBFB	MNS1	0.00482815969735384
CBX7	APBB1	0.004827186930924654
FOXO1	MSMO1	0.0048267776146531105
JUN	ZFAND5	0.004826000425964594
GATA2	ACAA2	0.004825287964195013
CBFB	RAD51AP1	0.004824914038181305
SPI1	CD53	0.004824804607778788
FOXO1	TRIM59	0.004824680741876364
JUN	PADI4	0.0048244670033454895
IRF8	PIK3R2	0.00482427142560482
RAD21	HCFC1	0.004824264906346798
GATA2	TAF12	0.004824067000299692
GATA2	FTX	0.004823897499591112
IKZF1	RRM1	0.004821581766009331
IKZF1	5430427O19RIK	0.004821544513106346
JUN	NWD1	0.004821515642106533
SATB1	MOB3C	0.004821385722607374
FOXO1	REXO4	0.004820673726499081
GATA2	ZFP24	0.004820533562451601
SATB1	THEMIS2	0.004820321686565876
MYC	GM19590	0.004819989670068026
GATA2	ITSN1	0.004819521214812994
GFI1B	UBR7	0.0048193675465881824
CBFB	USP14	0.004817681387066841
CBX7	MCM5	0.004816930275410414
FOXO1	MTMR6	0.004815947730094194
NFAT5	MTO1	0.0048156799748539925
ELF1	MIEF1	0.004815374501049519
CBFB	RARS	0.004813774023205042
CBX7	NAPRT	0.004813371226191521
GATA2	QARS	0.004813307896256447
FOXO1	SLC37A1	0.004812969360500574
ELF1	ITIH5	0.0048121740110218525
MEIS1	TLR4	0.004811823833733797
JUN	IL27RA	0.004810645245015621
EBF1	SLC22A3	0.004810641519725323
EBF1	ARL8B	0.0048096999526023865
JUN	BC005561	0.004808706697076559
FOXO1	GM19590	0.0048073213547468185
EBF1	ISYNA1	0.004806983284652233
MEIS1	SYTL1	0.004806123673915863
NFAT5	SLCO4A1	0.004805818200111389
ELF1	PHB2	0.004805415868759155
ELF1	PSTPIP1	0.004805315751582384
GFI1B	MEIS1	0.004804148338735104
IKZF1	MGAT1	0.004803877789527178
GATA2	FCER1G	0.004803428426384926
GATA2	ANXA5	0.004803181160241365
FOXO1	TAB1	0.004803074989467859
NFAT5	SGCE	0.004803045187145472
STAT2	DENND1C	0.004802859388291836
FOXO1	ICAM1	0.004801149945706129
FOXO1	ANGPT1	0.004801109898835421
MYC	PA2G4	0.004801006522029638
FOXO1	TMEM43	0.00480097159743309
MEIS1	RANBP3	0.004800964146852493
GATA2	PSME4	0.00480084540322423
FOXO1	AKNA	0.004800069145858288
ELF1	TCP11L2	0.004800027702003717
SPI1	ELP2	0.00479906378313899
EBF1	ERGIC1	0.004799015820026398
IRF8	NECAP2	0.00479889614507556
ELF1	ZFP24	0.004798328038305044
CBX7	SHISA8	0.004798294045031071
GATA2	GMFB	0.004798008129000664
MYC	USP10	0.004797513131052256
IKZF1	UBASH3A	0.0047974842600524426
EBF1	GPR65	0.004797270521521568
FOXO1	NPLOC4	0.004796766210347414
MEIS1	TEK	0.004796738736331463
IKZF1	PCLAF	0.004796519875526428
EBF1	UPP1	0.004796440247446299
STAT2	CNRIP1	0.004795903339982033
RPA1	FIGNL1	0.004794817417860031
RAD21	NFIA	0.004794547334313393
CBX7	SPPL2B	0.004794057924300432
CBX7	ANGPT1	0.0047939252108335495
CBFB	NCAPG	0.004793881438672543
IKZF1	DTL	0.004793728701770306
NFAT5	CD9	0.004793619271367788
NFAT5	B3GNT5	0.00479334918782115
ELF1	RGS2	0.004793218336999416
JUN	ZC3H7A	0.004792535211890936
FOXO1	CS	0.004791208077222109
FOXO1	CCDC137	0.00479113170877099
SATB1	CSE1L	0.00478921877220273
ELF1	PARP8	0.004788347519934177
STAT2	GIMAP1	0.0047878543846309185
ELF1	AHCYL1	0.004786832258105278
MEIS1	9530082P21RIK	0.0047866832464933395
CBFB	NUP85	0.004786191042512655
FOXO1	SLC19A1	0.0047857980243861675
IRF8	SLA	0.004785517696291208
FOXO1	H2AFX	0.004785238765180111
SPI1	TXNDC11	0.004785036668181419
SATB1	MGAT1	0.004784715361893177
FOXO1	HUS1	0.00478386553004384
SATB1	ZDHHC13	0.0047832028940320015
SPI1	PRKCD	0.0047824569046497345
MEIS1	SLC44A2	0.0047823176719248295
MEIS1	IGKC	0.004782175645232201
GATA2	PPM1G	0.004781958647072315
NFAT5	NSD2	0.004781012423336506
FOXO1	PGLYRP2	0.004780005197972059
MEIS1	JPT1	0.004779747687280178
CBX7	CAND2	0.0047796498984098434
MEIS1	ANXA1	0.0047796014696359634
MEIS1	MCM7	0.00477848993614316
CBFB	DHFR	0.004778392147272825
FOXO1	LY9	0.004778373520821333
GATA2	DNAJC10	0.004777553956955671
IKZF1	HDAC2	0.004777396097779274
STAT2	H1F0	0.004777205176651478
IKZF1	TOP2A	0.004777069669216871
NFAT5	PPP1R9A	0.00477611692622304
GATA2	ADAM17	0.004775718320161104
MEIS1	GRINA	0.0047755069099366665
STAT2	CENPA	0.0047751604579389095
MEIS1	NDRG2	0.004774878267198801
RAD21	CREBRF	0.004774533212184906
RPA1	RFC5	0.004774163942784071
EBF1	PKIB	0.004773630760610104
FOXO1	MYO5A	0.0047735897824168205
IKZF1	GM1966	0.004773351829499006
GFI1B	MR1	0.004773187916725874
FOXO1	GOLT1B	0.0047726319171488285
FOXO1	SRSF1	0.004772557877004147
FOXO1	DNM1L	0.004772244952619076
GFI1B	CTLA2A	0.004771761130541563
GFI1B	TMEM176A	0.004771668463945389
ELF1	ACSS1	0.0047716256231069565
GATA2	MYCN	0.004771328065544367
IRF8	KCTD12	0.00476978300139308
STAT2	TLR4	0.004769731778651476
NFAT5	CD74	0.004769642371684313
JUN	IRF9	0.0047693452797830105
IKZF1	TRP53I11	0.004768907092511654
FOXO1	IFI44	0.004768852144479752
MEIS1	ACLY	0.004768609534949064
IRF8	AKNA	0.004768554121255875
FOXO1	TRMT6	0.004768100567162037
FOXO1	DNAJC10	0.004767990205436945
MYC	MYB	0.004766876343637705
GATA2	CISH	0.004766554571688175
ELF1	PLEK	0.004766290541738272
STAT2	EZR	0.004765550140291452
MYC	ADSL	0.004765243269503117
MEIS1	PFKP	0.004764797631651163
RAD21	ARHGEF39	0.0047644139267504215
FOXO1	NPDC1	0.004764372017234564
RPA1	CCNE2	0.004764368757605553
SATB1	PLPPR3	0.004764178767800331
CBX7	OASL2	0.004763767588883638
CBX7	ZFP36	0.0047622802667319775
FOXO1	GIMAP1OS	0.004762221593409777
MEIS1	KAT7	0.00476166931912303
NFAT5	OSTM1	0.004761604592204094
MEIS1	GOLT1B	0.004761456046253443
NFAT5	ISG20	0.004761415999382734
IKZF1	CAND2	0.0047597805969417095
CBFB	GT(ROSA)26SOR	0.004759385250508785
MEIS1	GNL3	0.004758814349770546
STAT2	TSC22D3	0.004758691415190697
GFI1B	DDX60	0.004758440423756838
NFAT5	PSME4	0.004757842514663935
FOXO1	CCNA2	0.004757609684020281
CBX7	GM4759	0.004757406190037727
JUN	STT3B	0.004756958223879337
GATA2	XPNPEP1	0.004756391514092684
GATA2	CHRNB1	0.004755579400807619
IKZF1	RTP4	0.004755279049277306
CBX7	UBE2L6	0.0047551956959068775
FOXO1	SESN1	0.0047551291063427925
GATA2	SVIP	0.004754694644361734
JUN	CENPO	0.004754557739943266
JUN	ABL2	0.004753911402076483
CBX7	NOL9	0.0047536068595945835
RAD21	SPC25	0.004752839915454388
JUN	ACOX3	0.00475213211029768
SATB1	UNC93B1	0.0047520240768790245
CBX7	MTHFD1	0.004751808475703001
CBX7	RAB37	0.004751522559672594
ELF1	CENPE	0.004751130472868681
CBX7	PDE4D	0.004751105792820454
MEIS1	SLC35A4	0.004750812891870737
GATA2	FCGRT	0.004750138148665428
CBX7	PNCK	0.0047499556094408035
CBX7	DUS1L	0.00474956352263689
NFAT5	DUSP1	0.004749414045363665
MYC	PARVG	0.0047493441961705685
STAT2	CISH	0.00474931113421917
NFAT5	CENPL	0.004749100189656019
GATA2	CSF2RB	0.004749041050672531
SATB1	2610035D17RIK	0.004748865030705929
IRF8	ZFP36	0.004748775158077478
RAD21	RUNX1T1	0.004748411010950804
STAT2	SMPD4	0.004748399835079908
SPI1	CKS1B	0.004748377483338118
NFAT5	IL27RA	0.004747076891362667
EBF1	USP42	0.004747070372104645
NFAT5	IL17RA	0.0047467430122196674
RPA1	MAD2L1	0.0047463770024478436
GATA2	CSGALNACT2	0.004746370483189821
ELF1	CDCA4	0.004745634272694588
CBX7	GM11346	0.004745554178953171
CBX7	TFRC	0.004744994454085827
NFAT5	C1RL	0.00474406685680151
CBX7	CSAD	0.00474383682012558
GATA2	TESPA1	0.004743457306176424
CBFB	MIS18BP1	0.004742905963212252
MEIS1	IL27RA	0.004742421209812164
SATB1	LPCAT2	0.004741797223687172
EBF1	SPNS3	0.004741638898849487
STAT2	TRIB3	0.00474162120372057
STAT2	5430427O19RIK	0.004741266835480928
ELF1	CDC20	0.004741101060062647
RPA2	MCM10	0.004740805830806494
CBX7	SYTL1	0.004739865195006132
EBF1	PTPRE	0.0047398516908288
MEIS1	HERPUD1	0.004739697556942701
IKZF1	SMC2	0.004739004652947187
RAD21	DPP8	0.004738935735076666
IRF8	ATP6AP1	0.004738617222756147
JUN	FAM189B	0.004738035146147013
RAD21	DEK	0.004737572744488716
SATB1	ACSS1	0.004737406969070435
IKZF1	ARFGEF2	0.004737376235425472
IKZF1	E2F8	0.004736567381769419
CBX7	INTS13	0.004736537113785744
FOXO1	HDAC7	0.004736092407256365
RAD21	UBL4A	0.004736072849482298
GATA2	GUCY1A1	0.004734520800411701
FOXO1	TRIB3	0.004734459333121777
MEIS1	COPB1	0.004734384827315807
NFAT5	TINAGL1	0.0047340402379632
JUN	CAPG	0.004733038134872913
CBFB	ABCE1	0.004732885863631964
CBFB	FUCA2	0.004732542671263218
EBF1	TOMM40	0.0047323512844741344
CBX7	VIPR2	0.004732260946184397
SATB1	RPP40	0.004732159432023764
ELF1	PIK3IP1	0.004732043016701937
SATB1	LY86	0.004731492139399052
JUN	UBE2L6	0.004731450695544481
MEIS1	MORC3	0.004730801098048687
IKZF1	NPTN	0.004730021581053734
MYC	SLCO3A1	0.004729853942990303
NFAT5	FTX	0.004729844629764557
SATB1	MAD2L1	0.004729663021862507
FOXO1	VIPR2	0.00472917640581727
FOXO1	CD63	0.004728562198579311
ELF1	H2-DMA	0.004728419240564108
FOXO1	GBP2	0.00472818361595273
NFAT5	ARHGEF18	0.004728094674646854
GATA2	RMND5A	0.004727211780846119
RPA2	SLBP	0.004727122839540243
SPI1	PECAM1	0.004726753104478121
CBX7	CD93	0.004726516082882881
FOXO1	ITCH	0.004726509563624859
JUN	KCTD20	0.004725650884211063
MYC	YBX1	0.004725514445453882
MYC	NFE2	0.004724822007119656
JUN	ADSSL1	0.0047247386537492275
FOXO1	SLC35B4	0.004722948186099529
SATB1	PGLYRP2	0.004722394049167633
SPI1	FES	0.004722219426184893
GFI1B	UTP4	0.004720805212855339
IKZF1	PHKB	0.004720659460872412
CBX7	MFNG	0.004720613826066256
MEIS1	PAK1	0.004720297176390886
CBFB	NUF2	0.004719877615571022
CBX7	ESAM	0.004719660617411137
ELF1	XRCC6	0.0047180443070828915
FOXO1	SUSD3	0.004717146512120962
FOXO1	MDN1	0.004717133939266205
SPI1	ABL1	0.00471697561442852
IKZF1	TSC22D1	0.004715941846370697
HCFC1	SLBP	0.004715753719210625
CBX7	BTAF1	0.004715483635663986
EBF1	ERLIN1	0.004715339746326208
JUN	GEM	0.004713285714387894
IKZF1	FUT7	0.004713093861937523
STAT2	PRKCH	0.004711374640464783
FOXO1	ATP6AP2	0.004710559267550707
MEIS1	USP37	0.004710150882601738
MEIS1	NUP85	0.004707948304712772
RPA2	DUT	0.004707410931587219
SATB1	UBASH3A	0.004707217216491699
SATB1	NUS1	0.004707084037363529
CBX7	ITPR1	0.0047064004465937614
FOXO1	GRK3	0.004706216976046562
CBX7	FCGRT	0.004706192295998335
FOXO1	DEF8	0.004706153646111488
MYC	TUBA4A	0.004704575054347515
FOXO1	KCTD12	0.004704491700977087
IKZF1	EIF1AD	0.004704381339251995
MEIS1	EML4	0.004704367369413376
FOXO1	ATP1B3	0.004704213701188564
FOXO1	UHRF1	0.004703784827142954
FOXO1	CEP55	0.004703451879322529
JUN	2610035D17RIK	0.004703437443822622
NFAT5	MFSD10	0.004703223239630461
CBFB	BTG2	0.004703085403889418
STAT2	TIMP2	0.004702895414084196
STAT2	ALDH9A1	0.004702686332166195
MEIS1	OTUD4	0.004701982252299786
GATA2	ITCH	0.004699938930571079
GATA2	COQ8A	0.004698925651609898
MEIS1	ZMIZ1	0.004698556382209063
FOXO1	THEMIS2	0.004698385950177908
IKZF1	CIP2A	0.004697849974036217
CBFB	CHCHD10	0.004697755910456181
NFAT5	HDGFL3	0.004697719123214483
FOXO1	KCTD20	0.004696659278124571
MEIS1	FUCA2	0.0046965028159320354
JUN	AHCYL1	0.004696008283644915
GATA2	PLAG1	0.0046957992017269135
STAT2	FSTL1	0.0046955435536801815
GFI1B	SLC25A38	0.004695271607488394
FOXO1	MAN2A2	0.004695182666182518
NFAT5	PSMD1	0.004694698378443718
MEIS1	VAV3	0.004694454371929169
CBX7	COLGALT1	0.004693777300417423
EBF1	RARB	0.004693208262324333
MEIS1	ARID2	0.004692823626101017
MYC	TMEM97	0.004692810121923685
CBX7	TIMP2	0.0046926517970860004
JUN	LONP2	0.00469256192445755
CBX7	H2-OB	0.004691741429269314
CBX7	NECAP2	0.004691345617175102
GATA2	BDH2	0.004690548870712519
FOXO1	YBX3	0.004689951427280903
JUN	GIMAP8	0.004689792171120644
FOXO1	CREBRF	0.0046897814609110355
NFAT5	SDC4	0.004688213113695383
GATA2	MTHFD1	0.004688040819019079
EBF1	ANXA3	0.004688001237809658
SATB1	PTPRE	0.004687882494181395
RPA1	SPC24	0.004687544424086809
NFAT5	SMPDL3A	0.004686509259045124
MEIS1	MFSD14B	0.004686346277594566
GFI1B	STIP1	0.004684641491621733
GATA2	TOPORS	0.00468456419184804
GATA2	CASP4	0.004683717619627714
GFI1B	PRODH	0.0046835411339998245
SPI1	D1ERTD622E	0.004683244042098522
CBX7	CYP2J6	0.00468306802213192
ELF1	TUBGCP3	0.004682833328843117
ELF1	NRROS	0.004682350438088179
MEIS1	MFSD10	0.004682057071477175
CBX7	RUNX1T1	0.004680975340306759
FOXO1	SPNS3	0.004680810496211052
SATB1	GM20342	0.004680721089243889
GFI1B	CTSF	0.004680512472987175
IKZF1	PRC1	0.004680152516812086
HCFC1	SDF2L1	0.0046800062991678715
SATB1	TSPAN2	0.004679522011429071
EBF1	TOP3B	0.004679499194025993
MEIS1	GT(ROSA)26SOR	0.004679476842284203
EBF1	PSMG2	0.004679474513977766
CBX7	PSTPIP1	0.004679438658058643
GATA2	DDX39	0.0046791797503829
NFAT5	TUBGCP2	0.004678591154515743
EBF1	FES	0.004678516648709774
SPI1	PLAA	0.004678265191614628
FOXO1	S100A6	0.004678219556808472
NFAT5	PLEK	0.004678201396018267
FOXO1	BC005561	0.0046779075637459755
SPI1	CD300A	0.004677190445363522
GFI1B	CD9	0.004677086602896452
CBX7	GNS	0.004676824435591698
MYC	IL17RA	0.0046754321083426476
GATA2	PSMD1	0.004675025120377541
CBFB	KIF22	0.004674263298511505
FOXO1	FEM1B	0.004674256779253483
MEIS1	IRGM2	0.004673769231885672
GATA2	E2F4	0.0046737608499825
MYC	PADI4	0.004673667252063751
NFAT5	ICAM1	0.004673225339502096
SATB1	ARL8B	0.004672823008149862
MYC	AI506816	0.004672143142670393
SATB1	PKIB	0.004672016948461533
SATB1	MCM7	0.004671974573284388
IRF8	TMEM206	0.004671947099268436
CBFB	UAP1	0.004671469796448946
GATA2	DLST	0.004671016242355108
FOXO1	E2F8	0.0046705869026482105
GATA2	MFSD1	0.004670488648116589
MEIS1	PARVG	0.004670303780585527
STAT2	PHKB	0.004670207388699055
ELF1	IRF9	0.004669761285185814
RAD51	E2F8	0.004669567570090294
GATA2	SLFN2	0.0046689449809491634
ELF1	BTG2	0.0046688262373209
MEIS1	RPTOR	0.004668512847274542
NFAT5	NFIA	0.004667904693633318
CBX7	ISG20	0.004667676519602537
CBX7	GM5111	0.004666794557124376
EBF1	CLN5	0.004666534252464771
MEIS1	TESPA1	0.004666442982852459
NFAT5	TGFBR1	0.004664692562073469
MYC	SNRPB	0.004664392676204443
FOXO1	SALL2	0.0046636308543384075
RAD21	ARID2	0.004663389641791582
CBX7	MTMR6	0.0046632862649858
MEIS1	IIGP1	0.0046632480807602406
CBX7	TMEM33	0.004662920255213976
WDR5	PHF5A	0.004662496503442526
JUN	FARSB	0.004662340972572565
NFAT5	TNFRSF13C	0.004662079270929098
FOXO1	GYS1	0.004661852028220892
FOXO1	STT3B	0.004661826882511377
CBX7	TSC22D1	0.0046617561019957066
NFAT5	METTL7A1	0.0046614413149654865
FOXO1	MAD2L1	0.004661341197788715
FOXO1	SERPINB6B	0.004660611040890217
CBFB	PRPF4	0.0046604350209236145
JUN	NCF1	0.004659682512283325
GATA2	RAD51AP1	0.004659601952880621
MEIS1	KIF17	0.004659200552850962
GATA2	ANKRD44	0.0046590217389166355
EBF1	LAPTM4B	0.004658888094127178
FOXO1	RAD51	0.004658761899918318
GATA2	PTCD3	0.004658181220293045
GATA2	9530068E07RIK	0.004658163525164127
CBFB	PRIM2	0.004657589830458164
GFI1B	STRAP	0.0046571665443480015
HCFC1	NKG7	0.004657106474041939
GATA2	RUVBL2	0.004656290169805288
CBX7	SDC4	0.004655503202229738
CBX7	TBL3	0.004654714837670326
STAT2	TNFRSF13C	0.004654708318412304
CBX7	CDK18	0.004654671531170607
EBF1	UAP1	0.004654657561331987
RPA1	TCF19	0.00465426268056035
SPI1	ARL11	0.004654230549931526
SATB1	NRROS	0.004654018674045801
IKZF1	NAA50	0.0046538738533854485
FOXO1	DOCK10	0.004653615411370993
MYC	CD93	0.0046528661623597145
MEIS1	IARS	0.004652725532650948
NFAT5	GMCL1	0.004652001895010471
SATB1	HAT1	0.004651889204978943
CBX7	OAS3	0.004651607014238834
RPA1	PBK	0.004651556722819805
NFAT5	MR1	0.004651309922337532
MEIS1	SH2D5	0.004651050083339214
MEIS1	DDX20	0.004650788847357035
SATB1	PARVG	0.004650343209505081
MEIS1	NPTN	0.004649858456104994
MEIS1	OBSCN	0.004649534355849028
IKZF1	CSF1R	0.004649501293897629
IKZF1	ELOVL5	0.004649362992495298
ELF1	SESN1	0.0046492344699800014
EBF1	ODC1	0.004648498259484768
IKZF1	NEIL3	0.004648217931389809
IKZF1	ITGAL	0.004647776018828154
STAT2	GPR160	0.004645936191082001
GATA2	ACLY	0.004643594846129417
SATB1	SGCE	0.004643491003662348
FOXO1	PHF11B	0.004643418360501528
GATA2	MCPT8	0.004643344786018133
GATA2	ARL6IP6	0.00464326748624444
RPA1	CDC6	0.004643204156309366
CBX7	DCAF13	0.004642203915864229
CBFB	ZDHHC6	0.004641554318368435
GFI1B	SLC2A3	0.004641369450837374
HCFC1	MTO1	0.0046412888914346695
CBX7	MNS1	0.0046410891227424145
CBFB	SMC2	0.004640971310436726
CBX7	ARID2	0.00464091170579195
STAT2	HSPA1A	0.004640205763280392
FOXO1	SCARF1	0.004639434162527323
WDR5	SARAF	0.004639372695237398
MEIS1	ZFP53	0.0046385652385652065
IKZF1	CD244A	0.004638199228793383
HCFC1	VAV3	0.004637230187654495
JUN	OSTM1	0.004636338446289301
FOXO1	SEC24D	0.004636102356016636
ELF1	MPO	0.004635832738131285
NFAT5	TGM2	0.004634766839444637
STAT2	PLAA	0.004634462296962738
EBF1	ITGAL	0.004634315147995949
SPI1	TAB1	0.004634239710867405
ELF1	OAS3	0.004633971955627203
FOXO1	NECAP2	0.004633784294128418
GATA2	SERP1	0.004633304663002491
MEIS1	TUBGCP3	0.00463319756090641
GATA2	NEDD1	0.004632876720279455
SPI1	TSC22D1	0.004632845986634493
JUN	SYNJ1	0.004632685799151659
NFAT5	CNIH1	0.004632397089153528
STAT2	PSMC2	0.0046323323622345924
MEIS1	GEM	0.004632079042494297
IKZF1	SYNJ1	0.004631935153156519
FOXO1	TIPIN	0.0046319072134792805
MEIS1	RPS6KA3	0.00463179312646389
RAD21	GUCY1A1	0.004631149582564831
CBX7	GCNT2	0.004630182404071093
CBX7	ARRDC4	0.004629160277545452
GFI1B	TGTP2	0.004629103932529688
MEIS1	PSME4	0.004628984723240137
CBX7	IFI44	0.004628147464245558
GFI1B	H1F0	0.004627715330570936
SPI1	EPSTI1	0.004627699498087168
SATB1	ZFP322A	0.00462672533467412
ELF1	IFI203	0.004626495763659477
GATA2	RANBP3	0.004626026842743158
GATA2	OAS3	0.004625947214663029
SATB1	HDAC7	0.004625802394002676
RPA2	FIGNL1	0.0046255504712462425
STAT2	CSF2RB	0.004625337664037943
ELF1	GFI1B	0.004625337664037943
ELF1	PSMD6	0.004624359775334597
FOXO1	FCGRT	0.004623877815902233
IKZF1	ARHGEF39	0.00462369155138731
STAT2	MAML3	0.004622619599103928
FOXO1	KIF13A	0.004622515290975571
FOXO1	SAMD9L	0.004622005857527256
GATA2	ENPP5	0.004621952306479216
CBX7	ZFP53	0.0046208519488573074
CBX7	BACE1	0.004620202351361513
IKZF1	DNAJC11	0.004619453102350235
CBX7	GPR160	0.00461919791996479
GATA2	ISG20	0.0046187820844352245
STAT2	CIP2A	0.0046187471598386765
IKZF1	ARL8B	0.0046182842925190926
GATA2	PPID	0.004618196282535791
JUN	FLT3	0.004617792554199696
FOXO1	INTS13	0.00461658276617527
CBX7	RGCC	0.004616423510015011
GFI1B	GFM1	0.00461629219353199
GATA2	AP3S1	0.004616211634129286
FOXO1	IFI203	0.004615407902747393
CBX7	MTO1	0.004615238402038813
MEIS1	SLBP	0.0046148221008479595
GFI1B	CERS4	0.004614724311977625
FOXO1	GGTA1	0.004614520352333784
MEIS1	MPI	0.004614381119608879
CBX7	SERPINB6B	0.004613703116774559
GATA2	SPNS3	0.00461261672899127
FOXO1	CSGALNACT1	0.004612562246620655
STAT2	HID1	0.004612518474459648
GFI1B	F2R	0.0046120984479784966
FOXO1	RACGAP1	0.004610480275005102
JUN	GFM1	0.004610060714185238
MEIS1	TRIM30D	0.00460978876799345
IKZF1	THSD1	0.004609782248735428
CBX7	HAAO	0.004609652329236269
JUN	BID	0.004609547555446625
EBF1	CDCA5	0.004608906339854002
WDR5	TRMT6	0.004608605522662401
ELF1	SELL	0.004608109127730131
CBX7	GGTA1	0.004607649520039558
MEIS1	PLA2G12A	0.004607443697750568
GFI1B	PLXDC2	0.0046067433431744576
NFAT5	LAPTM4B	0.004606203641742468
ELF1	ADO	0.004606128670275211
SATB1	SERPINB6B	0.00460604066029191
MYC	PHB2	0.004605639725923538
SPI1	LYN	0.004605080466717482
SPI1	DNAJC10	0.004604598507285118
NFAT5	LPCAT2	0.0046043917536735535
SPI1	API5	0.004604189191013575
NFAT5	LAX1	0.00460301898419857
EBF1	PUS7	0.004602623172104359
RAD51	FIGNL1	0.00460250535979867
CBFB	MDN1	0.004602392669767141
FOXO1	BUB1	0.004602279979735613
GFI1B	MYCN	0.004601926542818546
EBF1	RAB31	0.004601234570145607
JUN	MYO1G	0.004601206164807081
GATA2	DNAJC5	0.004601067863404751
GFI1B	GP9	0.004601035267114639
GFI1B	PRKCQ	0.004599644336849451
SATB1	GNG2	0.004599487874656916
GATA2	GIMAP5	0.004599442705512047
FOXO1	TAF12	0.00459889555349946
GATA2	ADK	0.004598584026098251
FOXO1	FDFT1	0.0045985267497599125
IKZF1	SRSF1	0.004597229417413473
CBX7	GFI1B	0.004597134422510862
CBX7	NPDC1	0.00459697749465704
JUN	HIF3A	0.004595918580889702
GATA2	TOP3B	0.004595584701746702
JUN	ISG20	0.004595516249537468
FOXO1	INCENP	0.004595360718667507
JUN	SMPD4	0.0045944019220769405
GFI1B	TBXAS1	0.004594288766384125
FOXO1	MGAT1	0.004594231490045786
IKZF1	SELL	0.004593332298099995
CBX7	SLC25A38	0.004593292251229286
SPI1	XPC	0.004592223558574915
FOXO1	COQ8A	0.0045920549891889095
SPI1	NADK	0.004591709468513727
NFAT5	HNRNPLL	0.0045915511436760426
ELF1	H2-OB	0.00459137512370944
CBX7	NFAM1	0.004591263365000486
NFAT5	GRIA3	0.0045907460153102875
SPI1	TNFRSF21	0.0045895702205598354
SATB1	CD68	0.004589506890624762
CBX7	ZFP945	0.004588950425386429
MEIS1	PHF5A	0.0045888531021773815
NFAT5	GM20342	0.004588759504258633
MEIS1	FTX	0.0045874896459281445
IKZF1	ST8SIA4	0.004587463103234768
ELF1	GM1966	0.004587374161928892
CBFB	AI506816	0.004587337374687195
RAD21	NCAPG2	0.004587074741721153
JUN	FOXRED1	0.004586910828948021
CBX7	S100A6	0.004586888011544943
SATB1	PADI4	0.004586108960211277
STAT2	GBP7	0.004586014896631241
JUN	HERPUD1	0.0045859795063734055
RAD21	NDC80	0.004585451912134886
SPI1	CD48	0.004585388116538525
EBF1	HSPA4	0.004585253074765205
IKZF1	NFAM1	0.004585191607475281
CBX7	ALDOC	0.004585186019539833
MEIS1	KPNA3	0.0045847659930586815
ELF1	CALCRL	0.004584344569593668
IKZF1	LY9	0.004583974368870258
FOXO1	OSBPL1A	0.004583955742418766
MYC	SRSF1	0.004583919886499643
FOXO1	RRM1	0.004583251662552357
EBF1	CDT1	0.004583021625876427
GATA2	CAND2	0.004581103101372719
FOXO1	STXBP4	0.0045807198621332645
GATA2	9530082P21RIK	0.004580709617584944
RAD21	CTC1	0.0045805424451828
RAD51	HELLS	0.00458015501499176
MYC	ABCE1	0.004579512868076563
CBFB	HSPH1	0.004579458851367235
GATA2	OSGIN1	0.004579432774335146
CBFB	SUPV3L1	0.004577955696731806
FOXO1	BTG2	0.004577397368848324
NFAT5	NCEH1	0.004577097948640585
GATA2	SLC26A2	0.004576648119837046
FOXO1	PHF10	0.004575966391712427
HCFC1	PRIM2	0.004575883969664574
CBFB	ADSL	0.004575795028358698
STAT2	TMEM50B	0.004575763829052448
JUN	ELMO2	0.004575597587972879
GATA2	SLC35A4	0.004575338214635849
GFI1B	TLE2	0.004575167782604694
GATA2	FOXO1	0.0045747882686555386
CBX7	PLXDC2	0.0045742467045784
SATB1	PSMD6	0.004574206192046404
JUN	GOLIM4	0.004573676735162735
FOXO1	MYO1F	0.004573080688714981
MEIS1	FBXW11	0.0045729102566838264
JUN	TSPAN3	0.004572828765958548
NFAT5	KRT18	0.004572823643684387
MEIS1	D1ERTD622E	0.00457215029746294
NFAT5	GM4951	0.00457205343991518
IRF8	ANXA3	0.004571673460304737
SATB1	PSMC2	0.004571325145661831
STAT2	ISG20	0.004571111407130957
FOXO1	PRKCH	0.0045708948746323586
FOXO1	ARID2	0.004570518154650927
FOXO1	UBE2C	0.00457014748826623
STAT2	H2-AA	0.0045699323527514935
NFAT5	DHRS3	0.0045694950968027115
CBX7	MAGED1	0.004569121636450291
JUN	PLSCR4	0.004569080658257008
STAT2	ZDHHC13	0.004569042939692736
STAT2	METTL7A1	0.0045689791440963745
GATA2	GABBR1	0.004568734671920538
FOXO1	PFKFB3	0.004568086937069893
STAT2	TRIM30D	0.004567607771605253
JUN	HSPA4	0.004567396827042103
FOXO1	ACOX3	0.004567326512187719
NFAT5	SALL2	0.0045671542175114155
IKZF1	RNF4	0.004566572606563568
NFAT5	NFAM1	0.004566391464322805
JUN	PRMT7	0.004566243849694729
FOXO1	CTSZ	0.004566141404211521
SATB1	NAV1	0.004565881565213203
JUN	STIP1	0.004565662704408169
STAT2	TEK	0.00456446036696434
ELF1	PIM2	0.004563559778034687
NFAT5	GIMAP5	0.0045634545385837555
CBFB	CEP55	0.004563137423247099
RAD21	AHCYL1	0.00456291064620018
MYC	E2F4	0.00456250412389636
FOXO1	SGCE	0.004562486428767443
ELF1	PITPNC1	0.004562421701848507
IRF8	PRR5	0.0045623560436069965
GFI1B	CTSL	0.004561734851449728
CBX7	NDRG2	0.0045608957298099995
EBF1	JPT2	0.004560269881039858
CBX7	SERPINA3G	0.004560202360153198
EBF1	NRROS	0.004560024477541447
NFAT5	KIF13A	0.004559604916721582
RPA2	PHF5A	0.004558570217341185
CBX7	TRIM30B	0.004558189772069454
CBX7	HUS1	0.004558014217764139
FOXO1	RABGGTB	0.004557705018669367
NFAT5	RCC1	0.004557490348815918
GFI1B	MYCT1	0.004557203501462936
FOXO1	SMPD4	0.004557083826512098
HCFC1	CDK6	0.004556901752948761
IKZF1	GLRX5	0.0045568374916911125
CBFB	PSME3	0.004556228872388601
FOXO1	ISG20	0.004556227009743452
WDR5	CTSO	0.004555793479084969
GATA2	GM4759	0.004555470775812864
CBFB	SPTBN1	0.004555298946797848
CBX7	CBFB	0.004555247724056244
EBF1	DCAF13	0.0045540304854512215
NFAT5	GMFB	0.004552238620817661
IKZF1	MSH6	0.0045506879687309265
SPI1	LGALS1	0.004550099838525057
STAT2	BUB1	0.004550063516944647
STAT2	GM1966	0.004549560137093067
STAT2	ATF7	0.0045493594370782375
STAT2	IFI203	0.004548264667391777
FOXO1	PPAT	0.004547966178506613
STAT2	TNIP3	0.004547802731394768
MEIS1	TOPORS	0.004546792712062597
CBFB	ECT2	0.004546713083982468
NFAT5	VIPR2	0.004546401556581259
CBX7	UTP4	0.004546342417597771
FOXO1	SLC25A46	0.004546323791146278
SATB1	GRIA3	0.004546013195067644
NFAT5	KPNA3	0.004545996896922588
STAT2	IGHM	0.004544960334897041
GATA2	TRAP1	0.004544952884316444
IKZF1	BUB1B	0.004544740542769432
JUN	TUBGCP2	0.00454427395015955
STAT2	MGAT5	0.004544151946902275
CBX7	UBASH3A	0.004544136580079794
JUN	HDGFL3	0.0045441146939992905
SPI1	EPRS	0.004543892107903957
EBF1	JPT1	0.004542832728475332
GATA2	PDE4B	0.004542829934507608
SATB1	TRPS1	0.004542722832411528
STAT2	FCGR3	0.00454255985096097
GATA2	TBC1D10C	0.004542125388979912
JUN	GNG12	0.004542079754173756
RPA2	CENPK	0.004541326314210892
EBF1	MCM3	0.004541311878710985
ELF1	BCL2	0.0045410031452775
GFI1B	YPEL3	0.004540799651294947
CBX7	SEC23IP	0.004540777299553156
GATA2	SPCS3	0.004540549125522375
NFAT5	ARHGAP15	0.004540248308330774
RPA1	MCM10	0.004539864603430033
HCFC1	PCLAF	0.0045394981279969215
NFAT5	CREBRF	0.004539296962320805
NFAT5	PPP1R15A	0.0045390380546450615
CBFB	GLRX5	0.004538259468972683
RPA2	PCLAF	0.004538182634860277
STAT2	GEM	0.004537998232990503
STAT2	PGLYRP2	0.004537979606539011
CBFB	MYO5A	0.004537964705377817
NFAT5	TAF12	0.00453783106058836
IKZF1	RAB37	0.0045377761125564575
EBF1	FASTKD3	0.00453763734549284
RPA2	SPC24	0.004537595901638269
EBF1	MCM6	0.004537391476333141
STAT2	EMCN	0.004537155386060476
JUN	PRMT5	0.004536699969321489
HCFC1	HMGB2	0.004536474589258432
SPI1	POLR2B	0.004536439199000597
ELF1	HMGB3	0.004536256194114685
FOXO1	HMBS	0.004536015447229147
GATA2	FASTKD2	0.004535974469035864
MYC	MCM3	0.0045356424525380135
IKZF1	IL12A	0.004535298328846693
IKZF1	ATP6AP2	0.004534711129963398
NFAT5	TCP11L2	0.004534424282610416
SPI1	MYC	0.004534160252660513
WDR5	VAV1	0.004534133244305849
FOXO1	ARHGAP15	0.004534098319709301
SATB1	ARFGEF2	0.004532358143478632
FOXO1	DENND1C	0.004532264079898596
MEIS1	ADSL	0.0045322272926568985
NFAT5	TMX3	0.004532008431851864
RPA2	RAD51	0.004531004000455141
GATA2	GIMAP6	0.004529701080173254
IKZF1	ATP1B3	0.004529280588030815
STAT2	TAF12	0.004527711775153875
EBF1	RAB38	0.004527135752141476
GFI1B	CSRP3	0.00452662305906415
GATA2	KIF22	0.004526288714259863
NFAT5	SOAT1	0.004526221659034491
GFI1B	NEURL3	0.004526146221905947
JUN	LY86	0.004525285214185715
WDR5	PSMD1	0.004524842370301485
JUN	CDK18	0.004524524789303541
STAT2	TSC22D1	0.004524459596723318
ELF1	STRAP	0.004524244461208582
FOXO1	PTPRE	0.004523240961134434
STAT2	GIMAP8	0.0045219892635941505
IRF8	HSPA1A	0.00452186306938529
GATA2	TMEM43	0.00452071288600564
MEIS1	NUS1	0.004520356189459562
GFI1B	LHCGR	0.004519739653915167
IRF8	FES	0.004519551992416382
CBX7	CHCHD10	0.004519359674304724
FOXO1	SLC31A1	0.004519088659435511
MYC	H2-DMA	0.00451906630769372
GATA2	ABL2	0.0045190053060650826
JUN	SLC44A2	0.004518489353358746
CBX7	CISH	0.00451843673363328
SATB1	HNRNPAB	0.0045177568681538105
GATA2	KAT7	0.004517749883234501
FOXO1	ADGRL4	0.004517733585089445
IKZF1	MTMR1	0.004517605062574148
FOXO1	VPS16	0.0045175934210419655
RAD21	SRSF1	0.00451753381639719
GATA2	INTS8	0.004517045337706804
HDAC2	TOPORS	0.004515511449426413
JUN	NOLC1	0.004515259526669979
MYC	UTP4	0.00451477849856019
CBFB	ATP13A1	0.00451280502602458
MEIS1	STRAP	0.004512276966124773
FOXO1	ARCN1	0.004511646460741758
GATA2	CS	0.004511154722422361
RAD21	RMND5A	0.004510809201747179
IKZF1	PPM1F	0.00451055308803916
MEIS1	HNRNPLL	0.004510459490120411
JUN	UBA2	0.0045094252564013
IKZF1	RPA1	0.004509328864514828
JUN	NFATC2	0.004509190563112497
CBX7	NFAT5	0.004509002435952425
CBX7	AKAP8L	0.004508429206907749
IRF8	NAV1	0.004508397076278925
MEIS1	NFKBIA	0.004508032463490963
CBX7	NCF1	0.004508022218942642
STAT2	CTSL	0.0045076096430420876
GATA2	4833439L19RIK	0.004507292993366718
FOXO1	THADA	0.0045067607425153255
NFAT5	PRMT5	0.004506499040871859
GATA2	NSUN2	0.00450636213645339
GATA2	PLEKHO2	0.004506233613938093
HCFC1	BIRC5	0.004506093915551901
SPI1	CTSG	0.004505909513682127
NFAT5	FOXRED1	0.004504816606640816
RPA2	RAD51AP1	0.00450464291498065
GFI1B	MEMO1	0.004504399839788675
STAT2	AP1S2	0.004503623582422733
RAD21	SYNJ1	0.004503344185650349
GFI1B	IRGM2	0.0045031048357486725
STAT2	SLC22A3	0.004502960480749607
GATA2	OSBPL1A	0.004502731375396252
CBFB	CD53	0.004502326715737581
FOXO1	CDCA3	0.004501368850469589
STAT2	CKAP5	0.004501364193856716
GFI1B	MTHFD1	0.004501355811953545
FOXO1	NAMPT	0.004501345567405224
STAT2	GPD1L	0.004501324612647295
GATA2	IIGP1	0.004501252435147762
CBX7	GBP3	0.004501203075051308
STAT2	NDRG2	0.00450058514252305
EBF1	MCM7	0.004500347189605236
FOXO1	OBSCN	0.004500179551541805
MEIS1	TIMM29	0.0044994777999818325
JUN	IPO9	0.004496884532272816
SATB1	PARP8	0.004496841691434383
NFAT5	VPS35	0.004496596287935972
IKZF1	DNAJC9	0.004496545996516943
CBX7	USP42	0.004496230743825436
MEIS1	NDE1	0.0044961473904550076
JUN	UNC93B1	0.004494662396609783
FOXO1	PPM1F	0.00449369614943862
ELF1	HDGFL3	0.004493648186326027
WDR5	SLC16A1	0.004493504296988249
NFAT5	SPCS3	0.004493428394198418
SATB1	RPA2	0.004493326414376497
FOXO1	SLC7A4	0.00449313223361969
IKZF1	ALDH9A1	0.004489810671657324
MEIS1	BYSL	0.004489329643547535
STAT2	PLD3	0.004488641396164894
NFAT5	AGPS	0.004487813916057348
GATA2	DOK2	0.004487680736929178
NFAT5	IGTP	0.004487411584705114
FOXO1	CKAP2	0.004486157558858395
CBX7	HNRNPLL	0.004485901445150375
STAT2	IRF6	0.004485649056732655
IRF8	LSP1	0.004485642537474632
CBX7	GNG11	0.004485304467380047
EBF1	SNRPB	0.004485016688704491
CBX7	RASSF4	0.004484848584979773
NFAT5	ACLY	0.00448446162045002
SPI1	NAPSA	0.004483879543840885
IKZF1	NRROS	0.00448383204638958
NFAT5	CCNB2	0.004483332391828299
CBX7	TRIM47	0.004482876043766737
STAT2	CSRP3	0.004482847638428211
MEIS1	C1RL	0.004482755903154612
NFAT5	SIRPA	0.004482713527977467
GATA2	AI506816	0.0044819810427725315
GFI1B	PSMD9	0.0044812303967773914
CBX7	CYFIP2	0.004481095355004072
WDR5	FTSJ3	0.004480614792555571
RAD21	SGO1	0.004480454605072737
GATA2	WDR55	0.004480206407606602
IKZF1	NFAT5	0.004480111412703991
HCFC1	ALAS1	0.0044800094328820705
FOXO1	ARMT1	0.004479563795030117
GATA2	NDUFA10	0.004479561001062393
MYC	POLR1B	0.004479338880628347
SATB1	GBP3	0.004477987065911293
NFAT5	KPNA1	0.004476675298064947
JUN	ANGPT1	0.0044762794859707355
MEIS1	ATG12	0.00447618355974555
IKZF1	ATG12	0.004475611262023449
CBX7	SELENBP1	0.004475313704460859
RAD21	RRM2	0.004474850837141275
FOXO1	MEMO1	0.004473979119211435
MEIS1	MTR	0.004473688546568155
GATA2	IFI44	0.004473230801522732
FOXO1	TGTP1	0.004473151173442602
NFAT5	ZEB2	0.004472656641155481
EBF1	E2F4	0.004472562577575445
SATB1	PRPS2	0.004471895284950733
JUN	MFSD14B	0.004471811465919018
GATA2	SELENBP1	0.004471535794436932
EBF1	RANGAP1	0.0044708880595862865
GATA2	SLC35E1	0.004470852669328451
CBX7	SAMD9L	0.0044706882908940315
JUN	RTEL1	0.00447051553055644
GFI1B	JUN	0.004470461048185825
FOXO1	SEC23IP	0.004470326937735081
WDR5	RNF4	0.004469068720936775
JUN	DNTT	0.00446853693574667
ELF1	TRPS1	0.0044683837331831455
IRF8	B3GNT5	0.004468214698135853
JUN	TGM2	0.004468001890927553
NFAT5	COL4A1	0.004467075690627098
JUN	ABCB8	0.004466094542294741
CBX7	USP14	0.0044660745188593864
CBX7	NUDCD1	0.004465421661734581
MEIS1	XPNPEP1	0.004465196281671524
HCFC1	SPTBN1	0.004465071950107813
RPA2	PSME3	0.004464827943593264
MEIS1	GMCL1	0.004464136902242899
EBF1	F13A1	0.004463880322873592
MEIS1	PRPF4	0.004463651683181524
GFI1B	LPCAT2	0.004463092889636755
RAD21	AGPS	0.0044629923067986965
SATB1	PRSS57	0.004462840501219034
FOXO1	NUPR1	0.00446256622672081
EBF1	NASP	0.004461046773940325
GATA2	DENND1C	0.004461043979972601
GFI1B	SNAP23	0.004460633732378483
CBX7	DNAJC5	0.004460596013814211
SPI1	DDX39	0.004460557829588652
GFI1B	SLC19A1	0.004460426978766918
HCFC1	MYO5A	0.004460338968783617
CBX7	TARS	0.0044602216221392155
MEIS1	ARMT1	0.004459683317691088
GATA2	KCTD20	0.004459203686565161
SPI1	TYROBP	0.004458791110664606
FOXO1	MKI67	0.004458787851035595
CBX7	EMID1	0.00445849634706974
EBF1	MAPKAPK3	0.00445697084069252
JUN	APBB1	0.004456900991499424
MEIS1	WDR55	0.0044566369615495205
ELF1	HJURP	0.004456562455743551
STAT2	MXD3	0.0044557624496519566
GATA2	HARS	0.004455540794879198
STAT2	SLPI	0.004455531481653452
FOXO1	GCNT2	0.004455202259123325
MEIS1	MAN2A2	0.004453977104276419
CBX7	CRISPLD1	0.004452829714864492
STAT2	MYO1G	0.004452498164027929
RAD21	INO80D	0.004452342167496681
MEIS1	CD244A	0.0044519733637571335
NFAT5	MSH6	0.004451531916856766
CBFB	GM20559	0.004451245069503784
SATB1	ACLY	0.004451121669262648
STAT2	MFSD14B	0.0044511063024401665
GATA2	DNAJC11	0.00445039477199316
JUN	CBFB	0.00445012329146266
JUN	EBF1	0.004449866712093353
RAD21	YBX3	0.004449730738997459
JUN	H2-OB	0.004449688829481602
FOXO1	ARFGEF2	0.004449513275176287
NFAT5	HSPH1	0.004449373111128807
FOXO1	GK	0.004448543302714825
SATB1	CKS1B	0.004448108375072479
MEIS1	RB1	0.004448102321475744
FOXO1	SLA	0.004448088351637125
GATA2	EPB41L4B	0.00444761011749506
HCFC1	GNG12	0.00444708252325654
GATA2	PIM2	0.0044470191933214664
MEIS1	INPP5B	0.004446918610483408
GATA2	ZFP467	0.004446268547326326
CBFB	SLCO3A1	0.004446258302778006
FOXO1	MTO1	0.004445863887667656
GATA2	TTLL12	0.00444577494636178
ELF1	SF3B3	0.00444566085934639
NFAT5	ROBO4	0.004445621278136969
IKZF1	GGTA1	0.004445598926395178
EBF1	PLA2G15	0.004445563070476055
JUN	SNAP23	0.004445210099220276
SPI1	TEC	0.004445008933544159
GATA2	NEURL3	0.004444531165063381
GATA2	CTLA2B	0.00444423034787178
NFAT5	COPB1	0.004443992394953966
CBX7	FUCA2	0.004443684127181768
CBX7	FLNB	0.004443625919520855
STAT2	GT(ROSA)26SOR	0.004443561192601919
CBX7	BTG2	0.004443303681910038
CBX7	FAM91A1	0.004443262238055468
CBX7	LCP2	0.004443084355443716
CBFB	KAT7	0.004441413562744856
CBX7	ABCB10	0.004441167693585157
MEIS1	PRODH	0.004441129509359598
FOXO1	SLC43A3	0.004441003315150738
HCFC1	CKS1B	0.004440898075699806
MEIS1	DNAJC5	0.004439631476998329
STAT2	KRT18	0.0044392310082912445
FOXO1	PTPN7	0.004439066629856825
CBX7	UBA7	0.004438744857907295
STAT2	NFATC2	0.00443797092884779
SATB1	ICAM1	0.004437941592186689
WDR5	IDH3A	0.004437919240444899
STAT2	ABHD17B	0.004437881987541914
GATA2	EBF1	0.00443775812163949
FOXO1	HARS	0.004437687806785107
NFAT5	BATF2	0.004437537863850594
NFAT5	GCLC	0.0044373138807713985
SATB1	KCNQ1OT1	0.00443707499653101
RPA1	MCM7	0.00443686218932271
GATA2	KNSTRN	0.004436515271663666
MEIS1	NPLOC4	0.004436356946825981
STAT2	MAPK12	0.00443622749298811
CBFB	POLE3	0.0044358866289258
FOXO1	FAM111A	0.004435876850038767
ELF1	CENPF	0.0044351257383823395
HCFC1	CDCA3	0.00443505821749568
ELF1	AW112010	0.004433554131537676
SPI1	NRROS	0.004433279391378164
FOXO1	LONP2	0.004433155059814453
IKZF1	AP3S1	0.004432890564203262
NFAT5	ELP2	0.004432661924511194
JUN	SLC26A2	0.004432616755366325
GATA2	PSME3	0.004431902430951595
NFAT5	NMD3	0.0044318316504359245
CBFB	EIF1AD	0.004431331530213356
NFAT5	ADAM17	0.004430805798619986
GATA2	CIP2A	0.004430767614394426
GATA2	SLC30A5	0.004430597182363272
SPI1	DDX1	0.004430573433637619
MYC	IFRD2	0.004430013243108988
MEIS1	FUT7	0.004429337568581104
JUN	TES	0.004429261200129986
SPI1	NDRG1	0.004429255612194538
FOXO1	FARSB	0.0044287764467298985
ELF1	SLC37A1	0.004428335465490818
NFAT5	CD93	0.004428135231137276
MYC	MFSD10	0.004427596926689148
NFAT5	XPNPEP1	0.004426020663231611
STAT2	BATF2	0.004424970131367445
SATB1	TEX10	0.004424430895596743
JUN	THEMIS2	0.004423721227794886
MEIS1	RPS6KA5	0.0044229826889932156
MEIS1	GTF2H1	0.004422981757670641
GATA2	ZFP36	0.004422823898494244
CBX7	SARAF	0.004422598518431187
FOXO1	MAPKAPK3	0.004421887919306755
NFAT5	GFM1	0.004421394318342209
STAT2	RPA1	0.004419724922627211
IKZF1	FLNA	0.004419698845595121
ELF1	HSPA4	0.004419361706823111
GFI1B	TSC22D1	0.0044191875495016575
STAT2	STXBP4	0.004418196156620979
CBX7	ATP8B4	0.00441773422062397
JUN	CSF1R	0.004417397081851959
ELF1	ITGAL	0.004417291842401028
IKZF1	ANXA1	0.004417286720126867
CBX7	MAD2L1	0.004417209420353174
NFAT5	LY9	0.004417114891111851
FOXO1	TRPC6	0.00441681919619441
FOXO1	FBXO5	0.0044159721583127975
MEIS1	KCTD20	0.004415064584463835
FOXO1	GARS	0.004414914641529322
RAD21	CCNF	0.004414232447743416
GFI1B	CTTN	0.004413603339344263
MEIS1	FLNB	0.004413451999425888
SPI1	ZFP24	0.004412712994962931
CBX7	SLCO4A1	0.004411878064274788
STAT2	HDAC11	0.004411736968904734
JUN	NADK	0.0044110920280218124
GATA2	NFATC2	0.0044104731641709805
NFAT5	COL4A2	0.00441043172031641
MEIS1	ZFP24	0.004409718792885542
CBFB	HMBS	0.004409637302160263
SPI1	SPNS3	0.00440938537940383
GFI1B	IFI203	0.0044088214635849
STAT2	SGPP1	0.004408710170537233
GATA2	CSTF2	0.004408576991409063
CBX7	KIF11	0.0044082822278141975
MEIS1	ANKRD44	0.004407956264913082
RAD51	POLD1	0.004407777916640043
MEIS1	CYBC1	0.004407641943544149
ELF1	SETD2	0.0044061667285859585
NFAT5	FCGRT	0.004406063351780176
NFAT5	MIR17HG	0.004405888728797436
FOXO1	SYK	0.004405733197927475
CBFB	DHRS3	0.004405570682138205
GATA2	TCN2	0.004404989071190357
STAT2	TRIM30B	0.004404426086694002
JUN	EML4	0.004404258914291859
MYC	OTULINL	0.004404102917760611
SPI1	CSF2RB	0.004403621423989534
CBFB	E2F8	0.004402877762913704
FOXO1	CAND2	0.00440244609490037
CBFB	DTL	0.004401572979986668
MEIS1	MAPK1	0.004401310812681913
CBFB	VPS35	0.004401274491101503
RAD21	GT(ROSA)26SOR	0.004400747828185558
MEIS1	HMBS	0.004400537349283695
NFAT5	H2-DMA	0.004400459583848715
NFAT5	H2-OB	0.004400187637656927
FOXO1	CHCHD10	0.00439987750723958
GATA2	CERS4	0.004399798810482025
WDR5	SERP1	0.004399660509079695
MEIS1	FBXO5	0.004399399273097515
IRF8	CTSZ	0.004398726858198643
FOXO1	THSD1	0.004398679826408625
GATA2	UBASH3A	0.004398500546813011
HDAC2	RPA2	0.0043977489694952965
STAT2	CASP4	0.004397548735141754
FOXO1	NR3C2	0.004397369455546141
CBFB	ARHGAP15	0.004396814852952957
FOXO1	MR1	0.004395915661007166
CBFB	DOCK11	0.004395410418510437
FOXO1	GM4951	0.004395331256091595
IRF8	RAB44	0.004395176190882921
CBX7	NUAK2	0.004395154770463705
FOXO1	SLC30A5	0.004394886549562216
SATB1	FAM189B	0.004393672104924917
IKZF1	LMO4	0.0043921759352087975
JUN	LAX1	0.004392135888338089
RAD21	IL17RA	0.004391815513372421
JUN	MTMR6	0.004391642287373543
NFAT5	CENPA	0.004390212241560221
FOXO1	IFI209	0.004389857407659292
CBFB	TESPA1	0.004389663226902485
CBX7	PEAR1	0.004389394540339708
CBX7	ANXA5	0.004389068111777306
SATB1	SPTBN1	0.004389059729874134
RPA2	CDCA7	0.00438871793448925
SPI1	TIMM29	0.004388636443763971
WDR5	H2-DMA	0.004388176836073399
SATB1	GABBR1	0.004388030152767897
ELF1	TAB1	0.004387717228382826
CBX7	POLR1B	0.004387637600302696
SATB1	RAB37	0.004387275315821171
SPI1	TSPAN3	0.004386818036437035
FOXO1	SNHG5	0.004386786837130785
STAT2	EYA2	0.004386743064969778
STAT2	UBASH3A	0.004386349581182003
STAT2	WDR5	0.004386160522699356
STAT2	HERPUD1	0.004385343752801418
GATA2	ACSS1	0.0043851411901414394
GFI1B	POLE3	0.004384938627481461
CBX7	FEM1A	0.004384875297546387
GATA2	PTPRE	0.0043845404870808125
EBF1	RAB44	0.00438450975343585
FOXO1	ZC3H7A	0.004384479019790888
FOXO1	EIF1AD	0.004384243860840797
NFAT5	HIF3A	0.004384159110486507
MEIS1	UQCRFS1	0.004383848048746586
MEIS1	SUSD3	0.004383802879601717
GATA2	CEP55	0.004383171442896128
IKZF1	LY86	0.004382983315736055
CBX7	RPA1	0.0043826596811413765
GFI1B	ANXA5	0.004382495768368244
SATB1	IL6ST	0.0043814717791974545
CBX7	TECPR1	0.004381248261779547
STAT2	CAND2	0.004380717407912016
STAT2	RORC	0.004380612634122372
SATB1	ATP13A1	0.004380449652671814
CBX7	PCMTD1	0.004380319733172655
FOXO1	RAD21	0.004380089230835438
GATA2	GIMAP8	0.0043794927187263966
CBX7	TEX10	0.004379386082291603
STAT2	RAP1B	0.004379246849566698
STAT2	UNC93B1	0.004379235673695803
FOXO1	TNFRSF13C	0.0043790158815681934
GFI1B	HIF3A	0.004378892946988344
GFI1B	ADAM17	0.004378176294267178
GATA2	PGLYRP2	0.004378125071525574
NFAT5	CD274	0.004378021694719791
JUN	SHISA8	0.004377912264317274
FOXO1	ELANE	0.004377814009785652
CBFB	SELL	0.004377162549644709
FOXO1	SGMS1	0.0043769218027591705
NFAT5	PTGS1	0.004376682918518782
GATA2	FCGR3	0.004376558121293783
HDAC2	TARS	0.004376146011054516
CBX7	NEAT1	0.004376053810119629
EBF1	WDR5	0.004375820979475975
NFAT5	IFI44	0.004375312477350235
CBFB	MTR	0.004375159274786711
HCFC1	CBX5	0.004375000484287739
HDAC2	PPP1CB	0.004372678697109222
JUN	DNAJC10	0.004372589290142059
GATA2	RGS19	0.0043724640272557735
IKZF1	ECT2	0.00437181955203414
ELF1	GLIPR2	0.004371579736471176
FOXO1	TBL3	0.004371535032987595
STAT2	BDH2	0.004371310584247112
STAT2	SLC31A1	0.004370549693703651
FOXO1	CSF1R	0.004370418842881918
CBX7	CLEC4E	0.004370312672108412
NFAT5	GNG12	0.004370308481156826
CBX7	MCOLN2	0.00436986330896616
MEIS1	SRSF1	0.004369521979242563
GATA2	ZNRF2	0.004368757363408804
IKZF1	CD48	0.004368346184492111
IKZF1	NUDT4	0.004368169233202934
FOXO1	ZFP53	0.0043677641078829765
CBFB	CYFIP2	0.004367663059383631
FOXO1	ZMIZ1	0.004367575515061617
EBF1	CDCA7	0.004367566667497158
CBFB	SLC19A1	0.004367468412965536
FOXO1	LRRC59	0.004367458634078503
ELF1	VAV3	0.004367436747997999
SATB1	MYL10	0.004367375280708075
NFAT5	CBX7	0.004367105662822723
NFAT5	PRC1	0.004367004614323378
ELF1	WSB1	0.004366831388324499
NFAT5	GBP3	0.004366041161119938
MEIS1	TRMT11	0.004365986213088036
FOXO1	PTGR1	0.004365619737654924
MEIS1	GALNT6	0.004364422056823969
CBX7	ATP6AP2	0.004363973159343004
CBX7	NPTN	0.0043639387004077435
IKZF1	OTULINL	0.004363249987363815
NFAT5	EIF2B1	0.004362008534371853
MYC	EIF2S1	0.004361137747764587
IKZF1	CREBRF	0.004361096303910017
JUN	JCHAIN	0.004360576625913382
WDR5	TBC1D9B	0.004359773360192776
STAT2	EIF2B1	0.0043592676520347595
GATA2	RAB31	0.004356970079243183
CBX7	GM8113	0.0043558464385569096
IRF8	F630028O10RIK	0.004355764947831631
CBFB	NCLN	0.004355615470558405
WDR5	SDF2L1	0.004355266224592924
NFAT5	PIP4K2A	0.004355155862867832
CBFB	PDIA4	0.004354723729193211
GATA2	PFKFB3	0.004353937692940235
HDAC2	UBR7	0.004353845026344061
GATA2	PUS7	0.004353673662990332
SPI1	MOB3C	0.00435355119407177
MEIS1	PRKCD	0.004353537689894438
GFI1B	C1RL	0.004353072494268417
GATA2	ZFP322A	0.004352757707238197
GATA2	NPLOC4	0.004352425690740347
FOXO1	ABL1	0.004352096933871508
IRF8	ZMIZ1	0.004351974930614233
MYC	MORC3	0.004351252224296331
STAT2	RMND5A	0.004350549075752497
STAT2	CAMK2D	0.004350138362497091
IKZF1	CDCA5	0.004350060131400824
SPI1	AFAP1L1	0.0043496363796293736
ELF1	NCAPD2	0.004349405411630869
SATB1	NUP155	0.004349334165453911
MYC	CD244A	0.0043492927215993404
SPI1	TMEM97	0.00434926338493824
SATB1	ADSL	0.0043489085510373116
HCFC1	SLC16A1	0.004348238464444876
CBX7	IFITM1	0.004347414243966341
NFAT5	FAM102B	0.004347297828644514
NFAT5	ISYNA1	0.004347147420048714
STAT2	KCNK5	0.00434645963832736
MEIS1	REXO4	0.0043463921174407005
RAD21	FGFR1OP	0.004345925059169531
FOXO1	PADI4	0.00434577651321888
CBX7	CNRIP1	0.00434443075209856
MYC	SLC39A6	0.004344080574810505
RPA2	HNRNPAB	0.00434399489313364
RAD51	CDC7	0.004343793727457523
NFAT5	ATAD1	0.004343562759459019
CBX7	CCR2	0.004343406762927771
MEIS1	ACOT9	0.0043431976810097694
RPA1	CDC45	0.004343083593994379
GATA2	NCAPG	0.004343003500252962
ELF1	PECAM1	0.004342265892773867
NFAT5	RAD21	0.004342200700193644
NFAT5	IL6ST	0.0043418388813734055
GATA2	LGALS1	0.004341607913374901
GATA2	STT3A	0.004341477993875742
RAD51	TFRC	0.0043408228084445
CBX7	PLSCR4	0.004340658895671368
ELF1	ADAM17	0.004339925944805145
GATA2	ZFP945	0.004339663777500391
WDR5	SRM	0.004339374136179686
EBF1	SARAF	0.004338975064456463
IRF8	ATP8B4	0.004338275175541639
EBF1	CD244A	0.004338049329817295
ELF1	PBX1	0.004337492864578962
NFAT5	CLN5	0.004337379243224859
CBX7	ADA	0.004336858633905649
JUN	MTMR4	0.004334945697337389
HDAC2	FAM136A	0.004334451165050268
SATB1	FAM76B	0.004334268160164356
CBX7	PRKCD	0.004334184341132641
CBX7	CPA3	0.004333865828812122
GATA2	PSMC2	0.004333369433879852
RAD21	4833439L19RIK	0.004333186894655228
FOXO1	ARHGEF39	0.004333180375397205
NFAT5	TOMM70A	0.004332448821514845
GFI1B	MPZL1	0.004331946838647127
GFI1B	HMGB3	0.004331156145781279
CBX7	E2F4	0.004330608528107405
SATB1	B3GNT5	0.004330364987254143
SATB1	TNFRSF13C	0.004329886753112078
ELF1	CENPA	0.004329795949161053
SATB1	TCIRG1	0.00432974100112915
FOXO1	ELAC2	0.0043295565992593765
STAT2	FUCA2	0.00432917196303606
CBX7	CDKN1A	0.004329029470682144
MEIS1	EIF2B1	0.004329008981585503
MYC	PIM2	0.004328123759478331
MEIS1	INTS13	0.00432781083509326
MEIS1	CKAP5	0.004327333532273769
NFAT5	FES	0.004326160531491041
CBX7	ATP10A	0.0043258643709123135
JUN	SERPINA3G	0.0043250275775790215
NFAT5	PRKCQ	0.004324925132095814
RPA2	TCF19	0.0043242136016488075
FOXO1	NUP88	0.00432415958493948
NFAT5	UQCRFS1	0.0043235644698143005
STAT2	ZMIZ1	0.004323408007621765
STAT2	TIFAB	0.004323268309235573
GFI1B	METTL7A1	0.004322577267885208
IRF8	PLIN3	0.00432252325117588
RAD21	MTFR1	0.004322365391999483
FOXO1	IIGP1	0.004321234300732613
IKZF1	GRIA3	0.004319820087403059
GATA2	UBE2C	0.004319530911743641
JUN	ZDHHC13	0.004319491796195507
GFI1B	PSMG2	0.004319311585277319
CBFB	RPA2	0.004316673614084721
MYC	HACD3	0.0043157292529940605
IKZF1	CDK1	0.0043156445026397705
MEIS1	CTR9	0.004315559286624193
EBF1	SOX18	0.004315161611884832
RAD21	RANGAP1	0.004314909223467112
RAD21	ITPR1	0.004314899910241365
MYC	MCM6	0.004314708057790995
JUN	CNN3	0.00431393226608634
GATA2	FGFR1OP	0.00431356905028224
MYC	TNFRSF21	0.004313495941460133
CBFB	MARS	0.004313015844672918
CBFB	USP37	0.00431287195533514
FOXO1	TMEM97	0.0043128300458192825
FOXO1	ZFAND5	0.004311786964535713
WDR5	OTUD6B	0.004311761353164911
NFAT5	PSMD9	0.00431108707562089
IKZF1	SMARCA2	0.00431105587631464
MEIS1	SYNJ1	0.00431062001734972
CBX7	FBXW11	0.004310110118240118
NFAT5	ADORA2A	0.00430951127782464
CBFB	MCM2	0.004309466574341059
CBFB	PPAT	0.00430929334834218
MEIS1	SERPINB1A	0.004308580886572599
ELF1	9530068E07RIK	0.0043081664480268955
MEIS1	KCTD12	0.004307787399739027
SATB1	ZFP945	0.004307436291128397
GATA2	GTF2F1	0.0043073962442576885
CBX7	SEC24D	0.0043069422245025635
CBX7	LSP1	0.004306038375943899
JUN	FCHO2	0.004305723588913679
CBX7	PIP4K2A	0.004305259790271521
RPA2	TUBGCP2	0.004304942674934864
MEIS1	ST6GALNAC4	0.004304852802306414
GATA2	SEC23IP	0.004304246045649052
GATA2	SHISA5	0.0043038311414420605
FOXO1	SLC28A2	0.004303776193410158
RAD21	COQ8A	0.004303031601011753
CBX7	GPD1L	0.004302626941353083
EBF1	MS4A6C	0.004302375018596649
CBX7	B3GNT5	0.004302364308387041
GATA2	HDGFL3	0.004301881417632103
FOXO1	NUDT19	0.004301808774471283
STAT2	PRMT7	0.0043015070259571075
JUN	CCR2	0.0043014041148126125
MEIS1	VPS35	0.004300626926124096
WDR5	EEF1E1	0.004300559405237436
IKZF1	H2AFX	0.004300442524254322
IKZF1	NDUFV1	0.00430028373375535
GATA2	COL4A1	0.004299888387322426
WDR5	ABL2	0.0042994823306798935
IKZF1	SAMD9L	0.00429936358705163
CBX7	SNHG5	0.004299305845052004
WDR5	IFRD2	0.0042990813963115215
IRF8	CYBC1	0.004298464860767126
IKZF1	NAV1	0.004297922365367413
FOXO1	HDAC2	0.004297877196222544
ELF1	ABL1	0.0042976210825145245
SPI1	SLC44A2	0.004297574516385794
FOXO1	NAA50	0.004296921193599701
STAT2	TRPC6	0.004296302329748869
MEIS1	SNHG5	0.004296177066862583
FOXO1	ADA	0.004295875784009695
HCFC1	RNF38	0.004295730963349342
IKZF1	NCAPG	0.004295406863093376
JUN	TRIB3	0.004295008257031441
CBX7	TNFRSF21	0.004294155165553093
GATA2	HEXA	0.004293987527489662
HCFC1	CENPE	0.004293551668524742
FOXO1	WSB1	0.004292596597224474
WDR5	GOLT1B	0.004291716031730175
JUN	CREBRF	0.004291452467441559
CBX7	KPNA1	0.004290927667170763
MEIS1	NEDD1	0.004290195181965828
CBFB	CSE1L	0.00429013604298234
CBFB	TIPIN	0.004289897624403238
FOXO1	CCDC50	0.0042893667705357075
SPI1	ELOVL5	0.004288084339350462
MEIS1	EIF1AD	0.004288069438189268
CBFB	TOMM40	0.00428788410499692
CBX7	OTUD6B	0.004287209361791611
HCFC1	PSEN1	0.004287122283130884
CBFB	CKAP2	0.0042862668633461
RAD21	ME2	0.004286069422960281
RPA1	MRPL20	0.004285996779799461
JUN	XPC	0.004285890609025955
EBF1	GATM	0.004285871051251888
MYC	ZFP422	0.004285384435206652
IKZF1	TRIM59	0.004285265691578388
NFAT5	LHCGR	0.004285181872546673
CBX7	PIK3R1	0.004284805618226528
ELF1	PTPRE	0.004284314811229706
IKZF1	PHF6	0.004284295253455639
RAD51	NCAPG	0.004283956717699766
NFAT5	CD63	0.004283573012799025
CBFB	WDHD1	0.004283511079847813
IKZF1	GTF2H1	0.0042826831340789795
IKZF1	CD34	0.004282104317098856
MEIS1	FAM91A1	0.004282020032405853
ELF1	PWP2	0.004281967878341675
SPI1	HK3	0.004281753208488226
CBFB	ITCH	0.004281055182218552
GATA2	PATL1	0.004280774854123592
SATB1	ANGPT1	0.004280494060367346
MEIS1	MDN1	0.004280418157577515
CBX7	PRKCQ	0.004280317574739456
MEIS1	TMEM154	0.004279821179807186
JUN	MTO1	0.004279477521777153
IKZF1	PRPS2	0.0042793829925358295
FOXO1	UBE2L6	0.004278629086911678
FOXO1	CD9	0.004278356209397316
SATB1	NFATC2	0.004278259351849556
NFAT5	MIR99AHG	0.004276333376765251
MYC	GEMIN5	0.0042760842479765415
NFAT5	CSAD	0.00427600322291255
JUN	TOP3B	0.004275751765817404
FOXO1	HELLS	0.004275605548173189
SATB1	IARS2	0.004275380168110132
IRF8	RASSF4	0.0042749689891934395
NFAT5	AHCYL1	0.004274615552276373
GFI1B	GCNT2	0.0042743440717458725
EBF1	API5	0.004273165017366409
FOXO1	ELOVL5	0.004273004364222288
RPA2	TYMS	0.004272966179996729
JUN	PTTG1IP	0.004272892139852047
GATA2	GEM	0.004272689111530781
ELF1	SPNS2	0.004272394813597202
MEIS1	IGFBP4	0.0042718155309557915
ELF1	PSMC2	0.0042713358998298645
CBFB	HNRNPAB	0.004271178971976042
JUN	POR	0.004271065350621939
GATA2	MKI67	0.00427063787356019
SATB1	NEDD1	0.004270407371222973
CBX7	PIK3IP1	0.004270220175385475
SATB1	RAB31	0.00427014846354723
STAT2	UBE2C	0.0042696851305663586
NFAT5	GPR65	0.0042696744203567505
MEIS1	FARSB	0.004269348457455635
SPI1	FARSB	0.004269128665328026
IKZF1	JCHAIN	0.0042686304077506065
JUN	C030034L19RIK	0.0042686257511377335
CBX7	ZFP367	0.004268450662493706
GATA2	SMPD4	0.004267000127583742
CBFB	NPDC1	0.004266875796020031
IKZF1	YPEL3	0.004266405012458563
CBFB	MEMO1	0.004266356583684683
GFI1B	INPP5B	0.004266317468136549
NFAT5	TMEM43	0.004266072064638138
SPI1	EEF1E1	0.004265775438398123
SATB1	SNX30	0.0042653982527554035
MEIS1	MPZL1	0.0042647854425013065
CBFB	CENPF	0.004264753311872482
RAD21	TK1	0.004264752846211195
WDR5	UBA2	0.004264605697244406
GATA2	DHX33	0.004264424555003643
GFI1B	CPA3	0.0042643374763429165
JUN	ISYNA1	0.004263771697878838
EBF1	GRIA3	0.004263349808752537
FOXO1	CSRP3	0.004263272508978844
MEIS1	TOR3A	0.004262619651854038
CBX7	NUP107	0.004262406844645739
IKZF1	SPC25	0.004261375404894352
NFAT5	ALDOC	0.0042613414116203785
SATB1	REL	0.004261326976120472
CBFB	B230219D22RIK	0.004261307884007692
GATA2	TAB1	0.004260357469320297
JUN	RELB	0.004259906709194183
CBFB	OTUD4	0.00425976887345314
CBFB	UBR7	0.004259396344423294
IKZF1	SPI1	0.004258765373378992
STAT2	PFKP	0.004258391447365284
MEIS1	MTMR1	0.004257881548255682
SATB1	ANKRD44	0.004257501568645239
FOXO1	CLTC	0.004257427528500557
JUN	CLPTM1L	0.0042570289224386215
FOXO1	NOP2	0.0042566535994410515
IKZF1	CENPK	0.004256561864167452
SATB1	DUSP1	0.004256373271346092
STAT2	HIF3A	0.004256312735378742
GATA2	CDKN1C	0.004256265703588724
JUN	MAPKAPK3	0.004256243351846933
FOXO1	9530068E07RIK	0.004256165120750666
CBFB	PSMG2	0.004256097134202719
GATA2	RB1	0.004255888517946005
FOXO1	INPP5B	0.004255765117704868
SATB1	MGAT5	0.004255290608853102
NFAT5	TLE2	0.0042550526559352875
JUN	RGS18	0.0042542763985693455
CBFB	CKS1B	0.00425388477742672
SATB1	CIPC	0.004253726452589035
JUN	HAAO	0.00425370829179883
GATA2	NUSAP1	0.004253537859767675
SATB1	RGS19	0.004253504332154989
FOXO1	CTLA2A	0.004253496881574392
WDR5	POLR1B	0.004253260791301727
FOXO1	IL27RA	0.004252937622368336
STAT2	NDN	0.0042525422759354115
NFAT5	ABITRAM	0.004252306651324034
HCFC1	AHCYL1	0.004252231679856777
SATB1	MC5R	0.004251983016729355
FOXO1	LRRC8B	0.0042519536800682545
CBX7	KLF6	0.004251784645020962
SPI1	NPTN	0.004251478239893913
IKZF1	CBFB	0.004251384176313877
RPA2	DNAJC9	0.004251247737556696
FOXO1	E2F4	0.004250877071171999
NFAT5	GBP2	0.004250534810125828
FOXO1	RPS6KA5	0.004249993711709976
GATA2	STIP1	0.004249570891261101
RAD21	NUDT4	0.00424949312582612
FOXO1	PDE4D	0.004249204881489277
STAT2	DDX39	0.004248868208378553
ELF1	NCEH1	0.004248497541993856
IKZF1	MED16	0.004248479381203651
STAT2	TBC1D2B	0.004247031640261412
MEIS1	ATP13A1	0.0042465259321033955
MEIS1	SATB1	0.0042464337311685085
MEIS1	CHORDC1	0.004246178548783064
NFAT5	SLC39A6	0.004246039781719446
STAT2	TOP2A	0.004245846066623926
SPI1	MFSD10	0.004245719872415066
SATB1	PHF11B	0.004245703108608723
MEIS1	NFATC2	0.004245565738528967
ELF1	CNN3	0.004245225805789232
IKZF1	MTOR	0.004245078191161156
GFI1B	MPL	0.004245021380484104
NFAT5	MUC13	0.004244925919920206
GFI1B	GLIPR2	0.004244110081344843
JUN	TMEM246	0.00424383208155632
CBFB	UBE2C	0.004243375733494759
STAT2	LGALS1	0.00424334267154336
IRF8	TOR3A	0.004243242088705301
IKZF1	SIGLECG	0.004243162926286459
GFI1B	PTTG1IP	0.004242963623255491
CBFB	MCM3	0.004242639988660812
EBF1	TYROBP	0.004242605995386839
MYC	XPC	0.0042420546524226665
WDR5	GLRX5	0.004241931717842817
JUN	XRCC6	0.004241786897182465
ELF1	MUC13	0.004241369664669037
SPI1	SLC31A1	0.0042412555776536465
GATA2	PTDSS1	0.004241033457219601
GATA2	ABCB10	0.0042410041205585
CBFB	SPC24	0.0042399014346301556
FOXO1	CCL4	0.004239622037857771
MEIS1	HACD3	0.004239597823470831
IKZF1	G6PDX	0.004239157307893038
NFAT5	OBSL1	0.004238164518028498
JUN	STARD7	0.004237903747707605
GATA2	PHB2	0.004237894434481859
MEIS1	MAPKAPK3	0.0042376769706606865
FOXO1	C030034L19RIK	0.004237494897097349
JUN	COQ8A	0.004237408749759197
IKZF1	PDE4D	0.004236869513988495
SATB1	MPO	0.0042368099093437195
STAT2	RASSF4	0.0042360518127679825
JUN	JAM3	0.004235986154526472
JUN	RUVBL2	0.004235650412738323
ELF1	HSPA1A	0.00423562852665782
RPA2	TK1	0.00423449045047164
MEIS1	SLC31A1	0.004233617801219225
NFAT5	TNPO1	0.004233036655932665
STAT2	F13A1	0.004232341423630714
HDAC2	PGLYRP2	0.004232307896018028
NFAT5	RUNX1T1	0.004231622442603111
RAD21	GPD1L	0.004231292754411697
FOXO1	CTTN	0.004231126978993416
WDR5	MC5R	0.004231069702655077
STAT2	OAS3	0.0042306212708354
GATA2	FEM1A	0.0042305802926421165
NFAT5	SLC18A2	0.004230468533933163
NFAT5	ABL1	0.004230306949466467
CBX7	IARS	0.00422997260466218
EBF1	PRTN3	0.004229444079101086
MEIS1	SF3B3	0.004228690639138222
GFI1B	SRSF1	0.004228608217090368
SPI1	ACOT9	0.004228513687849045
MEIS1	FLNA	0.004228382837027311
FOXO1	CCR2	0.004227797966450453
GFI1B	CTLA2B	0.004227695520967245
CBFB	PSMC2	0.004227073397487402
MEIS1	IARS2	0.004226767923682928
HCFC1	ZFP422	0.004226631484925747
WDR5	CYBC1	0.004226628690958023
STAT2	DENND2D	0.0042264871299266815
GATA2	RNF122	0.00422392413020134
JUN	TECPR1	0.004223570227622986
NFAT5	MED16	0.004223400726914406
NFAT5	PLXNC1	0.0042231022380292416
STAT2	IDH1	0.004222768358886242
STAT2	RACGAP1	0.004222752992063761
HCFC1	CCNB2	0.00422245217487216
IKZF1	CKAP2L	0.004222354851663113
STAT2	FLNA	0.004221407230943441
SPI1	ADSSL1	0.004221270326524973
FOXO1	ZFP367	0.004221243783831596
CBX7	QARS	0.00422111339867115
FOXO1	CENPL	0.004220585338771343
STAT2	KLF6	0.004220308270305395
FOXO1	LY6C2	0.004220221191644669
FOXO1	TMEM176A	0.004219774156808853
CBFB	ITGAL	0.004219625145196915
FOXO1	DOCK11	0.004219506401568651
CBFB	CTR9	0.004219057969748974
MEIS1	LYN	0.004218870308250189
SPI1	NECAP2	0.004218162968754768
JUN	PCMTD1	0.0042173657566308975
GFI1B	GTF2F1	0.004215657711029053
GATA2	MAN2A2	0.0042153289541602135
IKZF1	TM6SF1	0.004214962478727102
SATB1	GK	0.004214741289615631
CBX7	POLE3	0.0042145890183746815
JUN	KCNK5	0.004213663749396801
MYC	SATB1	0.004213524051010609
MEIS1	INO80D	0.004213249776512384
FOXO1	CSF2RB	0.004213076550513506
FOXO1	RUVBL2	0.004213008098304272
CBX7	UBL4A	0.004212718456983566
GATA2	EMCN	0.0042125689797103405
FOXO1	CD48	0.004212135914713144
IRF8	ACAA2	0.00421178201213479
GFI1B	ZBTB20	0.004211708903312683
MYC	RPN1	0.004211343824863434
JUN	SLC39A6	0.004211050923913717
IKZF1	NUSAP1	0.004210388753563166
SATB1	METTL27	0.0042100343853235245
JUN	BTAF1	0.0042095244862139225
GATA2	TIMM50	0.0042087915353477
GATA2	MARS	0.004208395257592201
IKZF1	PDE4B	0.004208125174045563
STAT2	MMRN1	0.004207679070532322
NFAT5	SNAP47	0.004207340069115162
GATA2	HYOU1	0.00420712074264884
ELF1	RPS6KA3	0.0042062499560415745
GATA2	RELB	0.004205671139061451
STAT2	OSGIN1	0.004205064848065376
SPI1	GM20342	0.004204973578453064
GATA2	CUL3	0.004204956348985434
CBX7	TSPAN2	0.0042045628651976585
FOXO1	LPCAT2	0.004204371944069862
RAD21	EFTUD2	0.004204317927360535
STAT2	ITPR1	0.004203501157462597
FOXO1	BIRC5	0.004203405696898699
NFAT5	ADO	0.004203116055577993
MEIS1	TEX10	0.0042028892785310745
CBX7	FCHO2	0.004200613126158714
FOXO1	UQCRFS1	0.0041997237130999565
NFAT5	FDFT1	0.004199560731649399
JUN	SELENOP	0.004199215676635504
MEIS1	ABL1	0.004199135582894087
STAT2	MARS	0.004198507871478796
JUN	MYCT1	0.004197749309241772
FOXO1	LGALS1	0.004196591675281525
CBX7	MINDY3	0.004196439404040575
CBFB	BTK	0.004196368157863617
NFAT5	ATP6AP2	0.004196246154606342
GATA2	IL27RA	0.004196129273623228
GATA2	H2-DMA	0.0041957744397223
MEIS1	MGAT1	0.004195613786578178
JUN	CNRIP1	0.004195448011159897
JUN	ERGIC1	0.004194925539195538
MEIS1	STX3	0.004194468725472689
IKZF1	B3GNT5	0.0041944547556340694
FOXO1	REL	0.004194327164441347
FOXO1	ABCB10	0.0041942899115383625
ELF1	GUSB	0.004192552994936705
STAT2	IFI209	0.004191899672150612
IKZF1	AKNA	0.0041914163157343864
FOXO1	PATL1	0.004191399551928043
JUN	SLA2	0.00419137766584754
JUN	TMEM184C	0.004190686624497175
FOXO1	CD63-PS	0.004190247040241957
SPI1	IGFBP4	0.004189913161098957
MEIS1	NDUFS1	0.004188873339444399
GATA2	WDR5	0.004187881946563721
RAD21	PIK3R1	0.004187529440969229
JUN	FAR1	0.004186759702861309
GFI1B	GMIP	0.00418664887547493
WDR5	NUDT19	0.004186577629297972
GATA2	SLC25A46	0.00418627355247736
FOXO1	CDK6	0.004185139667242765
STAT2	EPAS1	0.004185076802968979
MEIS1	PLIN3	0.00418399041518569
NFAT5	BCL2	0.004183934070169926
CBFB	TOP2A	0.004183429293334484
ELF1	MINDY3	0.004182445351034403
RAD51	NUF2	0.00418211380019784
CBFB	NCAPG2	0.004181879106909037
GFI1B	SEC23IP	0.0041817184537649155
IRF8	KCTD20	0.00418110191822052
CBX7	RPS6KA3	0.004181086551398039
MEIS1	CYB5R1	0.0041809724643826485
MYC	SELL	0.004180879332125187
SATB1	NCAPG2	0.004180752672255039
NFAT5	HSPA4	0.004180507734417915
ELF1	ADSSL1	0.004180436953902245
FOXO1	SARAF	0.004179554060101509
MYC	ADK	0.0041792746633291245
NFAT5	CTSF	0.004179129842668772
IKZF1	XAF1	0.0041788723319768906
JUN	XPNPEP1	0.004178027156740427
HCFC1	HDGF	0.0041778250597417355
CBX7	FBXO5	0.00417773611843586
GATA2	SPC25	0.004177018068730831
FOXO1	FCER1G	0.004176221787929535
STAT2	VAV1	0.00417533703148365
FOXO1	COL4A2	0.004175167065113783
FOXO1	CENPK	0.004175011999905109
IKZF1	PRMT7	0.004174805711954832
GATA2	INO80D	0.004174699541181326
MEIS1	SLFN2	0.004174442961812019
IRF8	GM1966	0.004174390807747841
IRF8	PAK1	0.004173981957137585
SPI1	MTFR1	0.004173736087977886
ELF1	KPNA1	0.004173733294010162
CBX7	GARS	0.0041735670529305935
IKZF1	PARVG	0.00417344318702817
FOXO1	RPS6KA3	0.0041731796227395535
MYC	MYL10	0.004173094406723976
GATA2	UPP1	0.004173072520643473
CBX7	CTSL	0.0041724988259375095
ELF1	HMGB2	0.004172471817582846
FOXO1	NDC1	0.00417227391153574
JUN	GNG11	0.004171291366219521
JUN	ENPP5	0.004171264823526144
FOXO1	ST6GALNAC4	0.004170644097030163
GATA2	BYSL	0.004170489963144064
HCFC1	FUT7	0.004169871099293232
MEIS1	MIR17HG	0.00416939752176404
IKZF1	KPNA3	0.004169335588812828
ELF1	SEH1L	0.004168639425188303
GFI1B	SLC22A3	0.004168163985013962
SATB1	FIGNL1	0.004167862236499786
MYC	BCL2	0.004166349768638611
ELF1	COLGALT1	0.004166244063526392
FOXO1	ARL6IP6	0.00416568573564291
STAT2	PRELID3B	0.004165508318692446
NFAT5	NPLOC4	0.004165331367403269
MEIS1	FCER1G	0.004165054764598608
MYC	SDF2L1	0.004164931830018759
SATB1	RETREG1	0.004164368845522404
MEIS1	ZFP322A	0.004164230544120073
HCFC1	CKAP2L	0.004164195153862238
GATA2	GFM1	0.004163879435509443
ELF1	YPEL3	0.0041633956134319305
CBFB	EEF1E1	0.00416268827393651
MEIS1	GCLC	0.004162601660937071
STAT2	ZFP945	0.0041619534604251385
FOXO1	GMCL1	0.004161804914474487
EBF1	RORC	0.004161462187767029
STAT2	MAGED2	0.0041613285429775715
CBFB	BUB1	0.004161136690527201
SPI1	ALAS1	0.004161012824624777
ELF1	ANXA2	0.004160028882324696
GATA2	NECAP2	0.0041586426086723804
SPI1	RGS2	0.004158581607043743
ELF1	NKG7	0.004158028867095709
STAT2	RAB31	0.004157787188887596
FOXO1	ISYNA1	0.004157576709985733
JUN	CTLA2B	0.004157476592808962
GATA2	KCNQ1OT1	0.004157410003244877
GATA2	PSMD6	0.004157410003244877
JUN	G6PDX	0.004157091025263071
SATB1	BPIFC	0.004156303126364946
FOXO1	TTF2	0.0041562034748494625
SATB1	NUP88	0.004156146198511124
FOXO1	MIS12	0.004156016744673252
STAT2	2610035D17RIK	0.004155109636485577
JUN	ABL1	0.004154887516051531
EBF1	TMEM229B	0.004154830239713192
SATB1	FLNA	0.004154645837843418
CBX7	CD244A	0.0041542756371200085
JUN	ABCG2	0.004153967835009098
CBX7	CTC1	0.00415361812338233
FOXO1	FASTKD3	0.004153534770011902
CBFB	HMGB2	0.004153477493673563
JUN	GTF2F1	0.004153087269514799
RAD51	INCENP	0.004152827896177769
SATB1	SMARCA2	0.004152270033955574
SATB1	MTO1	0.004152269102632999
RAD21	SERPINB6A	0.004152115434408188
CBX7	SLC2A3	0.004151893313974142
GFI1B	RNF122	0.004151586443185806
FOXO1	MICU1	0.0041513992473483086
MYC	WDR43	0.004151049070060253
RAD21	HJURP	0.0041506001725792885
RPA2	PBK	0.004150280728936195
CBX7	KIF20B	0.004149552900344133
JUN	MAN2A2	0.0041488842107355595
FOXO1	CREB5	0.004148680251091719
NFAT5	EMILIN1	0.004148638341575861
MEIS1	ZBTB16	0.004148479551076889
FOXO1	JPT1	0.0041480171494185925
JUN	SEC23IP	0.0041479491628706455
CBX7	TBC1D10C	0.004147891420871019
FOXO1	RAB37	0.004147536586970091
MEIS1	SERPINB6A	0.0041457838378846645
JUN	ZFP451	0.004145427141338587
MYC	TEX10	0.004145167768001556
MYC	ZDHHC6	0.004144239239394665
GFI1B	SFXN1	0.004143883474171162
GATA2	FAM136A	0.004143706522881985
WDR5	STARD7	0.0041436306200921535
STAT2	ICAM1	0.004143568221479654
RAD21	TNFAIP2	0.004142570309340954
MEIS1	9430015G10RIK	0.004142459947615862
RAD21	TM7SF3	0.004142184741795063
SATB1	PRR5	0.004142134450376034
RAD21	GTF2H1	0.004141991958022118
SATB1	SLC25A46	0.004140806850045919
IKZF1	SGMS1	0.0041407509706914425
IKZF1	GPR65	0.004140542820096016
MEIS1	CHCHD10	0.004140149801969528
HDAC2	ANXA2	0.004140074830502272
CBX7	DNAJC11	0.004139934200793505
WDR5	HNRNPAB	0.004139898810535669
SATB1	GMFB	0.004139546304941177
ELF1	SNX30	0.0041394610889256
MEIS1	ADAM17	0.004139367491006851
GFI1B	PPM1G	0.004138982854783535
ELF1	F630028O10RIK	0.0041386401280760765
WDR5	CAPG	0.004138619173318148
GATA2	HASPIN	0.004138526506721973
MEIS1	SLC7A4	0.00413849763572216
NFAT5	CS	0.004138294607400894
IKZF1	MFSD10	0.004138005897402763
CBFB	IGFBP4	0.004137835465371609
STAT2	RASA4	0.004137777257710695
NFAT5	IRF6	0.004137332551181316
STAT2	ARFGEF2	0.004137234762310982
STAT2	OBSCN	0.004137019161134958
CBX7	4833439L19RIK	0.004136891569942236
GFI1B	PTDSS1	0.004136707168072462
FOXO1	SLC35E1	0.004136662930250168
ELF1	BPIFC	0.00413587735965848
CBX7	MAN2A2	0.004135487135499716
FOXO1	GEMIN5	0.004134619142860174
ELF1	TMEM206	0.0041344971396028996
GATA2	HMBS	0.004134197719395161
MEIS1	HUS1	0.004134084563702345
JUN	TRP53I11	0.004134054761379957
RPA2	SPC25	0.004133885260671377
CBX7	LACTB	0.0041337148286402225
EBF1	COLGALT1	0.004133506212383509
GATA2	CDK6	0.004132382106035948
FOXO1	GM11346	0.004132249392569065
GATA2	RIN3	0.004131923895329237
MEIS1	PTPN7	0.00413183169439435
STAT2	GATA2	0.004131799563765526
SPI1	VAV3	0.004131724592298269
EBF1	BID	0.00413074204698205
ELF1	MTMR6	0.004130624234676361
FOXO1	ERGIC1	0.004130528774112463
NFAT5	ANXA1	0.004130123648792505
STAT2	GIMAP5	0.004129902925342321
NFAT5	PTPRE	0.004129902459681034
CBFB	GTF2F1	0.004129808396100998
SATB1	RTP4	0.004129538778215647
IRF8	BID	0.004129298031330109
STAT2	ATP11C	0.0041292947717010975
RPA2	NSD2	0.004128385800868273
SPI1	CSF1R	0.004127417225390673
SATB1	CHORDC1	0.004127256106585264
GFI1B	CYC1	0.004127234686166048
FOXO1	PSTPIP1	0.0041264500468969345
GATA2	NUP88	0.004126193933188915
HCFC1	UMPS	0.004126142244786024
IKZF1	ATP8B4	0.004125693812966347
SATB1	ZFP35	0.004125464707612991
IKZF1	POLD1	0.0041253287345170975
CBX7	MGAT5	0.00412448775023222
SATB1	TNPO1	0.004124420695006847
IRF8	EDEM1	0.004123783204704523
SATB1	EPSTI1	0.004123587626963854
FOXO1	DDX60	0.004123355727642775
IKZF1	POLR2B	0.0041230665519833565
IKZF1	TPX2	0.004123065620660782
RAD51	TACC3	0.0041222646832466125
FOXO1	GTF2H1	0.004122192971408367
GATA2	MYC	0.004121994599699974
STAT2	MIS12	0.004121569450944662
CBX7	MTUS1	0.004121433477848768
SATB1	B230219D22RIK	0.004121366888284683
MEIS1	THADA	0.0041212658397853374
ELF1	FAM102B	0.00412119971588254
GATA2	ZC3H7A	0.00412103021517396
CBX7	LONP1	0.004120875149965286
FOXO1	TUBGCP3	0.00412057526409626
CBX7	ITGAL	0.004120296332985163
ELF1	FAM111A	0.00412027770653367
CBX7	ITCH	0.004119662567973137
NFAT5	TES	0.004119234625250101
ELF1	CDCA8	0.0041191657073795795
NFAT5	SATB1	0.00411913963034749
STAT2	IGSF6	0.004118964076042175
NFAT5	TRMT6	0.004118712618947029
HDAC2	EIF2S1	0.004118308890610933
GATA2	CNRIP1	0.004117961041629314
HCFC1	CDCA8	0.004117767326533794
MEIS1	GFM1	0.004117625765502453
CBX7	RPTOR	0.004117466043680906
SATB1	FAM91A1	0.004117336589843035
GATA2	PTPRS	0.004116798285394907
STAT2	CSGALNACT1	0.004116380121558905
JUN	ARRDC4	0.0041161468252539635
CBFB	TFG	0.004116033669561148
SPI1	SLC35A4	0.00411581713706255
SPI1	ERGIC1	0.004115788731724024
GATA2	IGKC	0.0041157822124660015
NFAT5	STAT2	0.004115349147468805
ELF1	SDC4	0.004114681854844093
CBX7	RIN3	0.004114464856684208
IRF8	FUCA2	0.004114371258765459
NFAT5	ZFP36	0.004114125855267048
HCFC1	MAD2L1	0.004113893024623394
GATA2	CENPL	0.004113815259188414
NFAT5	GM1966	0.004113414790481329
FOXO1	ADAM17	0.004112854599952698
IKZF1	FUCA2	0.004112620837986469
FOXO1	GCLC	0.004112539812922478
FOXO1	GRIA3	0.004112384747713804
SATB1	EIF3B	0.0041121868416666985
WDR5	SERPINB1A	0.004112185910344124
GATA2	API5	0.004112086724489927
CBX7	ACLY	0.0041109719313681126
SATB1	CYP2J9	0.004110879730433226
STAT2	SLC7A4	0.00411054864525795
SATB1	MYO1G	0.004110261797904968
ELF1	PRODH	0.0041101002134382725
JUN	ATF7	0.004109623841941357
GATA2	TUBA4A	0.0041094026528298855
STAT2	ACOX1	0.004109210334718227
RAD21	HASPIN	0.004108436405658722
ELF1	PRC1	0.004108301363885403
GATA2	RRM1	0.004107922315597534
FOXO1	PSME4	0.004106930922716856
CBX7	TMX4	0.004106522537767887
STAT2	INPP5B	0.004106265492737293
FOXO1	RBPMS	0.004105927422642708
RAD21	PRPF4	0.0041055199690163136
MYC	STRAP	0.004105228930711746
RAD21	EML4	0.004104989115148783
ELF1	GCNT2	0.004104475490748882
NFAT5	MAML3	0.004104387480765581
SATB1	DCAF13	0.004104205872863531
SATB1	DNAJC5	0.004103766288608313
FOXO1	ME2	0.004103441722691059
SATB1	CFP	0.004103398881852627
STAT2	GNG2	0.004103393759578466
HDAC2	SLC43A3	0.004103322979062796
NFAT5	VDR	0.004103114362806082
CBX7	TRIM35	0.004102239850908518
STAT2	ARL11	0.004102184437215328
FOXO1	TUBGCP2	0.004101792350411415
MEIS1	FASTKD2	0.004101736471056938
CBX7	ENG	0.004101536702364683
IKZF1	PSEN1	0.004101335071027279
FOXO1	STAT2	0.004101291298866272
NFAT5	PDIA4	0.004101083613932133
FOXO1	TIMP2	0.0041008577682077885
SATB1	ABL2	0.004100373480468988
MYC	SPI1	0.004100123420357704
CBX7	XPC	0.004099677782505751
CBX7	ZDHHC6	0.004099174868315458
NFAT5	NUP93	0.004098689649254084
STAT2	TECPR1	0.004098255652934313
GFI1B	VPS16	0.004097968805581331
MYC	LAP3	0.004097932484000921
NFAT5	POLR1B	0.004097639117389917
GATA2	CENPA	0.004097564145922661
JUN	CTSZ	0.004097106400877237
JUN	TGTP1	0.0040968917310237885
JUN	KIF17	0.004096816759556532
CBFB	CDCA3	0.004096357151865959
FOXO1	CHRNB1	0.004096287302672863
STAT2	MTMR1	0.00409621512517333
NFAT5	HMBS	0.0040956768207252026
IKZF1	YBX3	0.004095451440662146
WDR5	PIDD1	0.004095171578228474
CBX7	PSME4	0.004095141310244799
CBFB	CFP	0.0040947445668280125
EBF1	PECAM1	0.004094596020877361
CBX7	GM19590	0.0040945797227323055
CBX7	CIP2A	0.004094314761459827
GFI1B	ORC6	0.004093716386705637
ELF1	TSPAN14	0.004092953633517027
IKZF1	IRGM2	0.004092713352292776
GFI1B	DEF8	0.004092357587069273
FOXO1	CD69	0.004091754090040922
STAT2	RAD21	0.004091719631105661
SATB1	RCOR1	0.004090697504580021
ELF1	STT3B	0.0040899314917624
STAT2	SOAT1	0.004089570604264736
GATA2	FGGY	0.00408954219892621
NFAT5	AZIN1	0.004089463502168655
JUN	GNS	0.0040892502292990685
FOXO1	MNS1	0.00408882275223732
JUN	GNG2	0.004088674671947956
MYC	PSMD1	0.0040885405614972115
IKZF1	MRPL37	0.004087111912667751
GATA2	LYN	0.004087101202458143
JUN	GPR65	0.004086828790605068
STAT2	THEMIS2	0.004086717963218689
CBX7	TAB1	0.004086412955075502
GATA2	TMEM206	0.0040860665030777454
SATB1	NDUFS1	0.004085012245923281
NFAT5	GTF2H1	0.0040841661393642426
GFI1B	EGR1	0.004084040876477957
EBF1	ARL11	0.004083738196641207
STAT2	TIE1	0.004083683248609304
MEIS1	ATP10A	0.0040833605453372
GATA2	GMIP	0.0040830932557582855
JUN	PPM1F	0.004082721658051014
FOXO1	MTMR1	0.004081993829458952
GATA2	CERK	0.004081971012055874
SPI1	DPP8	0.004081893712282181
GATA2	PIK3R1	0.004081468563526869
SATB1	CAMK2D	0.004081196151673794
GATA2	RORA	0.004080790560692549
STAT2	9430015G10RIK	0.004080693703144789
ELF1	CKS2	0.004080517217516899
SPI1	ZHX1	0.004080018028616905
IRF8	TRPS1	0.004079443868249655
FOXO1	ALAS1	0.004079238977283239
GATA2	HERPUD1	0.004078737925738096
NFAT5	CAMK2D	0.004078610334545374
MEIS1	JCHAIN	0.004078524652868509
MEIS1	MYO1G	0.004077573772519827
STAT2	ITGAL	0.004077506717294455
WDR5	4833439L19RIK	0.004077357705682516
CBX7	ADAM17	0.004077328834682703
CBX7	ACAA2	0.004077145829796791
MYC	C030034L19RIK	0.0040765320882201195
NFAT5	SERPINB6B	0.004076528828591108
IKZF1	ABL1	0.004075824283063412
WDR5	FTX	0.004075594712048769
FOXO1	HDC	0.00407529529184103
CBFB	HSPA4	0.004074892029166222
CBX7	TMEM206	0.004074013326317072
RAD21	RAD51AP1	0.004073889460414648
STAT2	RIN3	0.004073854070156813
MYC	PNO1	0.00407377490773797
MEIS1	GMIP	0.004073442425578833
SATB1	BACE1	0.004073196556419134
ELF1	AI504432	0.004072868265211582
IKZF1	POLE	0.004072831943631172
STAT2	TPM4	0.004072640091180801
SATB1	NFAT5	0.004072281066328287
IKZF1	NDC80	0.0040722317062318325
CBX7	NADK	0.004071964882314205
JUN	APLP2	0.004071835428476334
STAT2	SLA2	0.0040716626681387424
GATA2	AI504432	0.004071308299899101
HCFC1	QARS	0.00407051108777523
MEIS1	EMB	0.00407036067917943
SPI1	SLC39A6	0.004070041235536337
RAD21	EAF1	0.004069750662893057
NFAT5	SNAP23	0.004069064743816853
STAT2	NUF2	0.004068466369062662
CBFB	MAD2L1	0.004067965317517519
SATB1	RMND5A	0.004067438654601574
SPI1	LY86	0.004067067056894302
EBF1	SRM	0.004066906403750181
MEIS1	IDH1	0.00406566821038723
STAT2	PSEN1	0.004065662156790495
CBX7	ABL2	0.004065498244017363
SATB1	RNF122	0.00406546238809824
JUN	IFI203	0.004065348766744137
RAD51	CDK1	0.00406460789963603
GATA2	MS4A3	0.004064565524458885
IKZF1	VPS16	0.004064490552991629
FOXO1	CTSL	0.0040642027743160725
RPA1	NUP85	0.0040638078935444355
GATA2	FCGR2B	0.004063369706273079
WDR5	ST6GALNAC4	0.004063356202095747
MEIS1	SDC4	0.004063299857079983
ELF1	CD244A	0.00406237505376339
STAT2	RARB	0.004062068648636341
GATA2	NDC80	0.004061357118189335
FOXO1	PUS7	0.004061166197061539
FOXO1	CKAP5	0.004060381092131138
CBFB	EIF2S1	0.00406025443226099
SATB1	IRF9	0.004060240928083658
STAT2	SNAP47	0.0040601696819067
IKZF1	AKAP8L	0.004059663042426109
FOXO1	SSH3	0.0040596057660877705
CBX7	IGSF6	0.0040594544261693954
STAT2	EPSTI1	0.004059063270688057
GFI1B	OAS3	0.004058998543769121
SPI1	RAP1B	0.004058167338371277
SATB1	API5	0.0040580411441624165
ELF1	MKI67	0.0040580229833722115
SATB1	CYFIP2	0.00405774125829339
JUN	TBL3	0.004057626239955425
SATB1	TOP2A	0.004057334735989571
CBX7	GT(ROSA)26SOR	0.004056605510413647
FOXO1	SH3BGRL	0.004055860918015242
ELF1	PRKCD	0.004055739846080542
SPI1	PARVG	0.004055549390614033
MEIS1	IPO9	0.004055443685501814
CBX7	KIF13A	0.004055332392454147
STAT2	NEURL3	0.004055073484778404
IRF8	SPI1	0.00405497569590807
MEIS1	FEM1B	0.004054775927215815
FOXO1	DENND2D	0.004054606892168522
NFAT5	ARL8B	0.004054281860589981
STAT2	TBXAS1	0.0040538012981414795
RAD21	SHCBP1	0.004053589887917042
NFAT5	GABBR1	0.004052980802953243
GATA2	GIMAP1OS	0.004052786156535149
IKZF1	GIMAP1	0.004052150063216686
FOXO1	ABCB8	0.004052136093378067
GATA2	MRPL37	0.004052052274346352
IKZF1	POLA2	0.004051941446959972
FOXO1	DNTT	0.004051704425364733
NFAT5	STRAP	0.004051602445542812
STAT2	CFP	0.004051235504448414
MEIS1	ORC2	0.004051105119287968
SATB1	AP1S2	0.004050363786518574
CBFB	TYMS	0.004050158429890871
GATA2	EIF4ENIF1	0.004049783572554588
STAT2	SNAP23	0.004049770534038544
STAT2	DEK	0.004049577750265598
IKZF1	CST7	0.004049570765346289
CBX7	WDR5	0.004049519542604685
GFI1B	HMBS	0.00404940452426672
STAT2	MPI	0.0040492401458323
GATA2	CLN5	0.004048891831189394
CBX7	SPO11	0.0040476517751812935
MEIS1	NAMPT	0.004047651309520006
NFAT5	HDAC11	0.0040475535206496716
GATA2	SAMD9L	0.004047253169119358
SATB1	ZEB2	0.004047245252877474
FOXO1	CIP2A	0.004046858754009008
STAT2	GNG11	0.004046745132654905
FOXO1	MAML3	0.004046089947223663
CBX7	ACSS2	0.004045557696372271
RPA2	PRPF4	0.0040455288253724575
GFI1B	UAP1	0.004045276436954737
CBX7	ICAM1	0.0040445392951369286
NFAT5	CUL3	0.004044447559863329
CBFB	INCENP	0.004044421948492527
NFAT5	PITPNC1	0.004044331144541502
SPI1	PRSS57	0.004043770954012871
GATA2	ISYNA1	0.004043712746351957
CBX7	CASP1	0.004043664317578077
CBX7	IL6ST	0.004043373744934797
MEIS1	RNF4	0.004043295979499817
JUN	GRIA3	0.004042839631438255
EBF1	GPR160	0.004042279440909624
RAD21	FBXO5	0.004042027518153191
NFAT5	USP42	0.0040419939905405045
STAT2	USP42	0.004041872452944517
SPI1	DLST	0.004041871055960655
CBFB	ME2	0.004041139502078295
FOXO1	SNAP47	0.0040406049229204655
MEIS1	SLC39A6	0.004039689898490906
GATA2	NDUFS1	0.004039335530251265
WDR5	UNC93B1	0.004038930404931307
MYC	CD48	0.004037969280034304
GATA2	TBL3	0.004037937615066767
GATA2	HUS1	0.004037660546600819
JUN	ZEB2	0.004037097562104464
CBX7	H1F0	0.004036841914057732
NFAT5	APOE	0.004036577418446541
WDR5	HDGF	0.0040365285240113735
CBFB	CYC1	0.004036216530948877
RPA1	MCM6	0.004035671707242727
GFI1B	G6PDX	0.004035652615129948
SPI1	ABL2	0.004035543650388718
CBX7	STAT2	0.004035318735986948
ELF1	FAM189B	0.004034870769828558
CBX7	PLA2G15	0.004034748766571283
GFI1B	TMEM246	0.00403450895100832
STAT2	NCAPD2	0.004034427460283041
ELF1	KCTD12	0.00403429102152586
FOXO1	FRRS1	0.004033874720335007
IKZF1	IL17RA	0.004033740144222975
SATB1	PBK	0.004033499862998724
CBFB	LRRC59	0.004033352714031935
NFAT5	CSF2RB	0.0040333145298063755
CBX7	TBC1D9B	0.004032957833260298
GATA2	TECPR1	0.004032365046441555
GATA2	BTK	0.004032284952700138
NFAT5	TRMT11	0.004032249096781015
CBX7	FES	0.004032201133668423
CBX7	WDR43	0.0040321811102330685
JUN	NPDC1	0.004031894728541374
NFAT5	MRPL37	0.004031709395349026
CBFB	MRPL20	0.004031642805784941
IKZF1	CERK	0.004031372256577015
NFAT5	GM11346	0.0040312581695616245
IKZF1	DDX58	0.004031107295304537
NFAT5	ACOX1	0.004031017422676086
STAT2	NFAT5	0.004030861426144838
CBX7	HDAC2	0.0040304167196154594
GATA2	IARS2	0.004030298441648483
FOXO1	HJURP	0.00402991333976388
MEIS1	ARID3B	0.004029798321425915
STAT2	POLR2B	0.004029407631605864
JUN	PSEN1	0.004029382951557636
IKZF1	LACTB	0.004029111471027136
JUN	MDN1	0.0040288930758833885
WDR5	GEMIN5	0.004028848838061094
ELF1	CREBRF	0.004028534051030874
GATA2	CYP2J9	0.004028185270726681
GFI1B	RGS1	0.004028129857033491
CBX7	TFR2	0.0040281289257109165
FOXO1	BPIFC	0.00402765953913331
FOXO1	CNRIP1	0.004026926122605801
MEIS1	CTC1	0.004026465117931366
CBX7	SH2D5	0.004026432987302542
GATA2	ARID3B	0.004026270937174559
SPI1	AP3S1	0.004025769419968128
STAT2	CBFB	0.004025443457067013
JUN	SARAF	0.004025381524115801
ELF1	NDE1	0.004025280009955168
NFAT5	FAR1	0.004025274887681007
MYC	NAA50	0.0040252069011330605
RPA1	PRIM1	0.004025195259600878
SATB1	CCDC137	0.004024752881377935
ELF1	ST6GALNAC4	0.004024445079267025
HDAC2	ADA	0.004024193622171879
MEIS1	TOMM40	0.004024039953947067
JUN	TPM4	0.004023646470159292
CBX7	CTR9	0.0040234047919511795
JUN	LY6C2	0.004023374058306217
JUN	LMAN2L	0.004022914916276932
WDR5	SLC29A1	0.004022744484245777
FOXO1	VAV1	0.004022662527859211
FOXO1	TOR3A	0.004022530745714903
RAD51	SLBP	0.004022469278424978
FOXO1	NDUFS1	0.004022338427603245
SATB1	OAS3	0.004022140521556139
SPI1	RGS1	0.0040217372588813305
WDR5	MFSD10	0.004021120257675648
JUN	PSMD9	0.004021092317998409
CBX7	INPP5B	0.004020407795906067
GATA2	NARS	0.004020282998681068
SPI1	TEX10	0.00402019452303648
NFAT5	ACSS2	0.004019982181489468
JUN	POLA2	0.0040198760107159615
CBX7	TMEM176A	0.00401982432231307
SATB1	EBF1	0.004019439686089754
MEIS1	VKORC1L1	0.004019332583993673
STAT2	PNCK	0.004018750507384539
ELF1	SLCO3A1	0.00401866203173995
SATB1	LYN	0.0040184506215155125
SPI1	SRM	0.004018296021968126
GATA2	PHF10	0.004018225707113743
GATA2	TMEM229B	0.004018087405711412
FOXO1	INTS8	0.004016909282654524
JUN	WDR55	0.004016153980046511
FOXO1	GLIPR2	0.0040160054340958595
CBX7	CD68	0.004015721380710602
HCFC1	TOP2A	0.004015718586742878
NFAT5	TMEM229B	0.004015651065856218
RPA2	DEK	0.004014967475086451
CBFB	SLC30A5	0.004013821482658386
ELF1	ATP6AP2	0.004013672936707735
CBX7	NCAPH	0.004013230558484793
CBFB	WDR43	0.004013076890259981
HDAC2	NADK	0.004013070371001959
EBF1	NCLN	0.004012010525912046
FOXO1	ERLIN1	0.004011874552816153
IKZF1	ODC1	0.004011070355772972
IRF8	ACSS1	0.00401096697896719
CBX7	GNG2	0.004010738339275122
FOXO1	PLD3	0.004010223317891359
MEIS1	RP2	0.004008440300822258
STAT2	ARID3B	0.004008335527032614
CBX7	GIMAP1	0.0040082004852592945
CBX7	HDC	0.004007789306342602
CBFB	MUC13	0.004007679410278797
GFI1B	SELENOP	0.004007549490779638
ELF1	EPRS	0.004007462412118912
JUN	CHRNB1	0.004007121082395315
JUN	MYO1F	0.004007023759186268
IKZF1	NCAPH	0.004006923176348209
IKZF1	RCOR1	0.0040064542554318905
CBX7	PRELID3B	0.0040064468048512936
STAT2	SYK	0.004005677532404661
NFAT5	9530068E07RIK	0.004004531539976597
MYC	CLEC4E	0.004004109185189009
MEIS1	DDX21	0.004004050977528095
JUN	GYS1	0.004003884736448526
RPA1	NASP	0.0040037608705461025
ELF1	PADI4	0.004003727808594704
FOXO1	DDX1	0.004003139212727547
IKZF1	CD93	0.004002455156296492
GATA2	SLC20A1	0.00400245375931263
GATA2	ARHGEF18	0.004001648165285587
MYC	PHF5A	0.004001022782176733
GFI1B	DOCK11	0.0040009212680161
EBF1	HNRNPAB	0.004000838380306959
HDAC2	HAT1	0.004000730812549591
SPI1	CTSZ	0.003999419044703245
JUN	SNX30	0.003999357111752033
SPI1	RARS	0.003999121021479368
RAD21	ADAM17	0.00399888725951314
FOXO1	NCLN	0.003998871892690659
CBX7	FARSB	0.003998784348368645
FOXO1	IRF6	0.003998664673417807
NFAT5	ABL2	0.003998563624918461
STAT2	CCDC137	0.0039981636218726635
HCFC1	CDC20	0.00399785628542304
MEIS1	ADK	0.00399772310629487
GATA2	YBX3	0.003997129388153553
RAD21	TIE1	0.003996595740318298
HCFC1	NCAPG	0.003996169660240412
SATB1	FBXO5	0.003996158484369516
SATB1	ATF7	0.00399614404886961
MEIS1	IKZF1	0.003996124025434256
FOXO1	CDC20	0.003995967097580433
STAT2	MLKL	0.0039956350810825825
CBX7	TSPAN14	0.00399549538269639
SPI1	OSBPL8	0.003995261155068874
JUN	PHF11B	0.003995035775005817
CBX7	RARS	0.003994759172201157
MEIS1	GGTA1	0.003994321450591087
CBFB	TRPS1	0.003994193393737078
GFI1B	MECOM	0.003994028549641371
GATA2	SETD2	0.003993248101323843
STAT2	NUSAP1	0.0039926208555698395
GATA2	ZFP422	0.003992513753473759
CBFB	PNO1	0.003991707693785429
GFI1B	HACD4	0.0039916555397212505
RAD21	NCEH1	0.0039909351617097855
FOXO1	RPP40	0.003990498371422291
RAD21	FAM111A	0.003990062978118658
NFAT5	MSMO1	0.003989699296653271
MEIS1	TOMM70A	0.0039896490052342415
IKZF1	MCM2	0.003989424556493759
JUN	MTHFD1	0.003989079967141151
STAT2	MEIS1	0.003988828044384718
GFI1B	UPP1	0.0039876243099570274
IKZF1	MARS	0.003987601958215237
JUN	USP11	0.003986483905464411
WDR5	NOL9	0.00398638378828764
CBX7	RNF122	0.00398595817387104
MEIS1	NRROS	0.003985898103564978
FOXO1	AP3S1	0.003984958864748478
SATB1	EFCC1	0.003984307404607534
CBFB	IKZF1	0.003984143957495689
CBX7	TNFAIP2	0.003984139766544104
HCFC1	ARHGAP15	0.003983689472079277
HCFC1	OSBPL1A	0.003983533941209316
STAT2	BTG2	0.00398332579061389
FOXO1	ALDH9A1	0.003982876427471638
IKZF1	ARMT1	0.003982695750892162
RAD51	RFC5	0.003982508555054665
MEIS1	UPP1	0.003982260823249817
CBFB	ERLIN1	0.003982029855251312
SATB1	METAP1	0.003981975372880697
GATA2	DUT	0.003981868736445904
HCFC1	GALNT6	0.003981238231062889
STAT2	NFKBIA	0.003981200512498617
IRF8	HAT1	0.003981034271419048
GATA2	CTR9	0.003980892710387707
CBX7	BUB1	0.003979868721216917
IKZF1	SORL1	0.003979532979428768
GATA2	SH3BGRL	0.0039794365875422955
CBX7	DOK2	0.0039788358844816685
NFAT5	GBP7	0.003978801425546408
IKZF1	RCC1	0.003978321328759193
SATB1	SERP1	0.003977814223617315
NFAT5	ZFP322A	0.003977506421506405
MEIS1	MTREX	0.00397741561755538
CBFB	FARSA	0.003976854030042887
MYC	YBX3	0.003976647276431322
IRF8	BTG2	0.003976571373641491
FOXO1	CENPE	0.003976157866418362
GFI1B	GIMAP6	0.003975882660597563
JUN	SZT2	0.00397542305290699
SATB1	TRP53I11	0.00397537974640727
JUN	SLC35E1	0.003975369036197662
ELF1	CYC1	0.003975221421569586
GATA2	ADORA2A	0.003974867518991232
GFI1B	TEK	0.003974751103669405
CBX7	SIRPA	0.003974354360252619
WDR5	PRMT5	0.0039738756604492664
NFAT5	MAP4K2	0.0039734565652906895
IRF8	MGAT1	0.003973058424890041
NFAT5	ARCN1	0.003973028622567654
SATB1	MSH6	0.003972455393522978
CBX7	NEDD1	0.003971992991864681
CBX7	RORC	0.003971948754042387
MEIS1	HASPIN	0.003971432335674763
JUN	PRDM16	0.003971421159803867
IKZF1	CNN3	0.0039710248820483685
MYC	CDCA7	0.00397098995745182
SPI1	SDF2L1	0.003970826510339975
GFI1B	TNFRSF21	0.00397079810500145
IRF8	G6PDX	0.003969942219555378
GATA2	GLB1	0.003969748038798571
SATB1	CDCA5	0.003969673998653889
GFI1B	SLC31A1	0.003969018347561359
MYC	CCL9	0.003968991804867983
SATB1	SYTL1	0.003968963399529457
FOXO1	IL17RA	0.003968500066548586
FOXO1	ACLY	0.003968413453549147
FOXO1	MFSD14B	0.003968311008065939
GFI1B	TMX4	0.003967509139329195
RAD21	HARS	0.003967493772506714
NFAT5	CREB5	0.003967185039073229
MEIS1	TRIM59	0.003966823220252991
WDR5	PRR5	0.003966552671045065
CBX7	CYB5R1	0.0039658015593886375
JUN	KAT7	0.003965797834098339
SATB1	POLA2	0.003965558484196663
ELF1	SH2D5	0.003965430427342653
ELF1	KIF22	0.003964885603636503
CBX7	REL	0.003964873030781746
MEIS1	OSGIN1	0.003964632749557495
CBX7	NCLN	0.0039642625488340855
GFI1B	CNIH1	0.00396388303488493
STAT2	REL	0.0039636376313865185
MEIS1	SERPINB6B	0.003962707240134478
JUN	OBSL1	0.003962312825024128
GATA2	ERGIC1	0.003962208051234484
GFI1B	SNRNP200	0.003961880691349506
JUN	S100A6	0.003961077891290188
CBX7	MIR17HG	0.003960849717259407
STAT2	CD52	0.003960643894970417
CBX7	BCL2	0.003960580099374056
NFAT5	CAND2	0.003960425034165382
GATA2	DDX20	0.003960272762924433
STAT2	LY9	0.0039597018621861935
HDAC2	PSEN1	0.00395951746031642
CBX7	IFI27L2A	0.0039588334038853645
MEIS1	ENPP5	0.003958706744015217
GFI1B	GIMAP1OS	0.003957673441618681
GATA2	RABGGTB	0.003957607317715883
WDR5	RANGAP1	0.003957426641136408
STAT2	TPX2	0.003957298118621111
GATA2	SNRPB	0.003957156091928482
IKZF1	HCFC1	0.003957021981477737
CBFB	CDT1	0.00395694887265563
CBX7	GM20559	0.003956695087254047
RAD21	CTR9	0.00395649578422308
ELF1	USP11	0.00395593186840415
JUN	TOPORS	0.003955728840082884
ELF1	ELOVL5	0.003955562599003315
NFAT5	4833439L19RIK	0.003954306710511446
STAT2	GBP3	0.00395426619797945
FOXO1	OTUD6B	0.003954138141125441
SPI1	NARS	0.003953571431338787
ELF1	SYK	0.003953049890697002
FOXO1	BCAP29	0.0039530303329229355
STAT2	LTB	0.0039528473280370235
CBX7	LYN	0.003952840808779001
JUN	PARVG	0.00395274767652154
SATB1	IPO9	0.0039525157772004604
STAT2	EPRS	0.003952478524297476
CBX7	SIGLECG	0.003951899707317352
JUN	NUP88	0.003951838240027428
STAT2	IARS	0.003951817285269499
SPI1	BID	0.0039517139084637165
IKZF1	BACE1	0.0039514657109975815
HDAC2	MTCH2	0.003951352555304766
CBX7	MTOR	0.003951068967580795
RPA2	CDC6	0.0039508105255663395
ELF1	EIF2B1	0.003950414713472128
CBX7	CD52	0.00395037280395627
JUN	MYB	0.003949131350964308
FOXO1	POLD1	0.003949105739593506
MYC	NOP2	0.0039478507824242115
SPI1	TMEM176A	0.003947535064071417
WDR5	PRMT7	0.0039472985081374645
FOXO1	SPC24	0.003947237506508827
JUN	ITSN1	0.003947014920413494
STAT2	CYP2J9	0.003946193493902683
CBFB	NECAP2	0.003945888951420784
SPI1	MUC13	0.003945584874600172
FOXO1	ATP10A	0.003944995813071728
MEIS1	ADA	0.003944698721170425
JUN	ITPR1	0.0039443643763661385
MYC	WDR5	0.0039443071000278
CBX7	TRIM16	0.00394428800791502
HCFC1	TENT5A	0.003944172989577055
CBFB	VPS16	0.003944085445255041
CBX7	THEMIS2	0.003943848889321089
HDAC2	HNRNPAB	0.003943735267966986
JUN	TRIM35	0.003943674266338348
IKZF1	TACC3	0.003943502437323332
MEIS1	PIK3R2	0.003942824434489012
SATB1	TOMM70A	0.00394236808642745
CBX7	ERCC8	0.003942209295928478
SPI1	MYB	0.003942124079912901
GATA2	DDX21	0.003941930364817381
RAD21	CKAP2	0.0039415122009813786
JUN	GM4759	0.003941298462450504
FOXO1	RPA2	0.0039408644661307335
FOXO1	FAM189B	0.0039406418800354
CBX7	ETF1	0.0039405059069395065
SATB1	EML4	0.00394042395055294
ELF1	GIMAP1	0.00394041370600462
JUN	ROBO4	0.00394016969949007
STAT2	ENG	0.003939786925911903
SATB1	FCER1G	0.003939557354897261
JUN	HEXA	0.003939554560929537
FOXO1	PDE4B	0.003939283080399036
SPI1	HDAC2	0.003938804380595684
MEIS1	SULT1A1	0.00393839692696929
NFAT5	GOLPH3	0.003938054200261831
RPA1	NCAPH	0.003937704488635063
FOXO1	CLN5	0.003937677014619112
SATB1	LRRC8B	0.0039376732893288136
SATB1	SLC35B4	0.00393759086728096
FOXO1	NAPRT	0.003937489818781614
WDR5	CD34	0.003937461879104376
STAT2	SGO1	0.003937212284654379
NFAT5	FAM189B	0.00393707025796175
MYC	RUVBL2	0.003936517518013716
FOXO1	ECT2	0.003936476539820433
FOXO1	TMEM229B	0.003935778979212046
SPI1	TOR3A	0.003935660235583782
FOXO1	PRMT5	0.003935207147151232
CBX7	UBE2C	0.003935189917683601
FOXO1	PITPNC1	0.003934267908334732
HCFC1	DTL	0.003934246953576803
HCFC1	NUP107	0.003934217616915703
CBFB	RNF38	0.00393401924520731
WDR5	ORC2	0.003933716099709272
MEIS1	POLE3	0.003933679312467575
GATA2	PRMT5	0.003933573607355356
GATA2	SLA2	0.003933445084840059
STAT2	SORL1	0.00393312843516469
CBX7	VPS35	0.003933104686439037
STAT2	GIMAP1OS	0.003932967782020569
CBFB	DNAJC11	0.003932429477572441
ELF1	MC5R	0.00393217708915472
CBX7	B230219D22RIK	0.00393217196688056
CBX7	INO80D	0.003931581508368254
STAT2	OSTM1	0.0039315358735620975
FOXO1	SLBP	0.003930543549358845
CBX7	RANGAP1	0.0039304764941334724
CBX7	FAM136A	0.0039301379583776
STAT2	TOP3B	0.003930113278329372
STAT2	CSGALNACT2	0.003928014542907476
NFAT5	GOLT1B	0.003927971702069044
STAT2	CD274	0.003927730955183506
STAT2	B3GNT5	0.003927365876734257
NFAT5	KNSTRN	0.003927167039364576
CBFB	CAD	0.0039266315288841724
CBFB	CCNE2	0.003926560748368502
GATA2	TES	0.003926163539290428
STAT2	FIGNL1	0.003925830591470003
SATB1	RAD21	0.003925507888197899
JUN	IKZF1	0.00392544362694025
ELF1	ARL11	0.0039249262772500515
FOXO1	OAS3	0.0039242831990122795
MEIS1	PTDSS1	0.003923910669982433
IKZF1	KPNA1	0.003923683427274227
FOXO1	GUSB	0.003922976087778807
RAD21	AURKB	0.00392279913648963
CBX7	FAM76B	0.0039223902858793736
GATA2	CDK18	0.003921946976333857
STAT2	TMEM154	0.0039210389368236065
STAT2	SLC28A2	0.0039208498783409595
MYC	EPRS	0.003920629154890776
MEIS1	BTK	0.003920305520296097
JUN	PSMC2	0.0039201597683131695
STAT2	SOX18	0.003919977229088545
CBX7	SLPI	0.003919319249689579
MYC	TXNDC11	0.003919166512787342
GFI1B	UBE2C	0.003919145092368126
NFAT5	ADA	0.003918917383998632
RAD21	SLA	0.003918780013918877
JUN	RHOF	0.003918499685823917
WDR5	LRRC59	0.003918384201824665
CBFB	PITPNC1	0.003918053582310677
JUN	SLBP	0.003918027970939875
CBX7	INCENP	0.0039179883897304535
CBX7	AW112010	0.003917932976037264
STAT2	FCHO2	0.003917631693184376
NFAT5	CENPF	0.003917584661394358
CBX7	SPC25	0.003917128313332796
GATA2	FAM76B	0.003916990011930466
GATA2	CDC20	0.003916929010301828
WDR5	RUVBL2	0.0039167688228189945
GFI1B	ZFAND5	0.003915891516953707
SATB1	GMCL1	0.003915863577276468
IKZF1	RPA2	0.0039151813834905624
JUN	H2-DMA	0.003914623521268368
CBX7	CYP2J9	0.00391387240961194
SATB1	CENPL	0.003913836553692818
CBX7	NFKBIA	0.003913711290806532
HCFC1	ECT2	0.00391354039311409
SPI1	UNC93B1	0.003913406282663345
NFAT5	TEK	0.0039124577306210995
ELF1	OSBPL8	0.003911781590431929
HCFC1	ASF1B	0.003911667503416538
NFAT5	TRIM16	0.003911626059561968
FOXO1	HNRNPLL	0.0039113047532737255
FOXO1	LMO4	0.003911277744919062
JUN	CD74	0.00391108263283968
CBX7	FEM1B	0.003910757601261139
SATB1	TOP3B	0.003910738509148359
SATB1	THSD1	0.003910554572939873
IKZF1	CKAP2	0.00391036830842495
STAT2	UAP1	0.003909876570105553
SATB1	SGMS1	0.0039096917025744915
JUN	RASA4	0.003909214865416288
IKZF1	ANGPT1	0.00390808517113328
IKZF1	BC035044	0.003907494246959686
IKZF1	PSME4	0.003907374572008848
GATA2	TEX10	0.003907284699380398
ELF1	MYCT1	0.003907206002622843
SATB1	CERS4	0.0039067515172064304
GFI1B	HARS	0.003906561993062496
CBFB	ARHGEF18	0.0039060048293322325
STAT2	RNF122	0.0039059368427842855
FOXO1	ACOT9	0.003905399702489376
SATB1	MIR99AHG	0.0039050676859915257
MEIS1	ALDH9A1	0.0039043687283992767
ELF1	UNC93B1	0.0039036679081618786
NFAT5	SYNJ1	0.003903444856405258
MEIS1	CLN5	0.003903110744431615
SATB1	EZR	0.00390225020237267
NFAT5	NUAK2	0.0039019128307700157
NFAT5	PECAM1	0.0039017561357468367
CBX7	EIF1AD	0.0039017116650938988
JUN	TNFRSF13C	0.0039004471618682146
IKZF1	SLC35B4	0.0038999083917587996
WDR5	MYC	0.0038996271323412657
FOXO1	ADORA2A	0.003899089992046356
SATB1	IL21R	0.0038988522719591856
SATB1	ADO	0.0038985381834208965
MEIS1	TEC	0.0038976322393864393
NFAT5	RPN1	0.003897423157468438
MEIS1	PRPS2	0.0038964671548455954
SPI1	HERPUD1	0.003896452020853758
CBX7	MR1	0.003896377282217145
MYC	UMPS	0.003896351670846343
STAT2	SGMS1	0.003896018024533987
GFI1B	PDE4D	0.003895970294252038
GATA2	NCLN	0.0038959519006311893
RAD21	SLC31A1	0.003895925357937813
FOXO1	EEF1E1	0.003895894391462207
FOXO1	MTHFD1	0.0038954862393438816
STAT2	PHF11B	0.0038951414171606302
SATB1	NEURL3	0.0038949777372181416
STAT2	YPEL3	0.0038944806437939405
JUN	EYA2	0.0038943986874073744
SPI1	9530068E07RIK	0.003893991932272911
CBX7	SZT2	0.0038934550248086452
WDR5	POLA2	0.0038933365140110254
IKZF1	SLC19A1	0.003893288318067789
RPA1	PRIM2	0.0038927290588617325
IKZF1	GMNN	0.0038925791159272194
NFAT5	TIE1	0.0038925176486372948
GFI1B	MTCH2	0.0038924873806536198
ELF1	TIMM29	0.003892334410920739
SATB1	SRSF1	0.0038917448837310076
CBFB	NRROS	0.0038917060010135174
GATA2	ARHGAP15	0.00389150925911963
SPI1	DOCK10	0.0038913723547011614
MEIS1	TRMT6	0.0038912391755729914
ELF1	TMX3	0.003891129745170474
FOXO1	CYB5R1	0.0038907774724066257
GFI1B	DDX58	0.0038906370755285025
CBFB	ADAM17	0.003890411928296089
IKZF1	GLIPR2	0.0038903462700545788
CBX7	GMFB	0.003890166524797678
GFI1B	CHCHD10	0.003889998886734247
SATB1	H2AFX	0.003889295971021056
ELF1	MEIS1	0.003888892475515604
SATB1	ANXA2	0.0038884279783815145
HCFC1	SLCO3A1	0.003888130420818925
STAT2	PYGM	0.003888083854690194
GFI1B	STT3B	0.0038880493957549334
MEIS1	TBL3	0.0038876410108059645
CBX7	DNTT	0.003887635888531804
GATA2	ITM2A	0.003887566737830639
EBF1	CST7	0.00388713413849473
STAT2	SOCS2	0.003886893391609192
NFAT5	USP37	0.0038866722024977207
MEIS1	ZHX1	0.0038866407703608274
CBFB	CCDC137	0.0038864286616444588
GATA2	SNHG5	0.0038862356450408697
NFAT5	NCAPG	0.0038859504275023937
FOXO1	TRIM30D	0.0038856989704072475
MEIS1	NADK	0.003885167883709073
MYC	MRPL20	0.003884096397086978
CBX7	FUT7	0.0038833117578178644
RAD21	NCAPH	0.0038831422571092844
GATA2	KPNA3	0.0038830263074487448
GATA2	CENPE	0.0038829930126667023
MEIS1	NAPSA	0.003882114076986909
GFI1B	ABITRAM	0.003881980897858739
SPI1	ADGRL4	0.0038819583132863045
IRF8	GK	0.003881779732182622
FOXO1	NOLC1	0.00388147565536201
HDAC2	AZIN1	0.003881222102791071
CBX7	PLEKHO2	0.0038808491080999374
GFI1B	FBXW11	0.003880752483382821
GFI1B	LMO4	0.003879951313138008
RPA1	RCC1	0.0038797883316874504
CBFB	ATAD2	0.0038796663284301758
HCFC1	DEK	0.003879509400576353
MEIS1	E2F4	0.003878641640767455
JUN	B3GNT5	0.0038785459473729134
MEIS1	PRMT5	0.003878495190292597
IKZF1	HJURP	0.0038781024049967527
CBFB	ELOVL5	0.003877844661474228
SATB1	GPRASP1	0.0038777689915150404
STAT2	TOMM40	0.003877731505781412
NFAT5	BTAF1	0.0038776113651692867
RAD21	ETF1	0.003877235110849142
RAD51	CDT1	0.0038770863320678473
GATA2	CCNB2	0.003876754082739353
IKZF1	PBK	0.0038765892386436462
IKZF1	LGALS1	0.0038759163580834866
CBX7	PKIB	0.003875619964674115
MYC	EMB	0.003875493537634611
STAT2	TENT5A	0.003875306574627757
MEIS1	TCN2	0.003875223221257329
HDAC2	EIF3B	0.003874776652082801
CBX7	GMNN	0.003873800626024604
CBFB	MIS12	0.003873767564073205
JUN	PRIM2	0.0038734956178814173
ELF1	LONP1	0.0038734721019864082
STAT2	PPP1R15A	0.0038731126114726067
CBX7	SUSD3	0.003872933564707637
GATA2	MR1	0.003872061613947153
JUN	TTF2	0.0038720376323908567
FOXO1	CBX7	0.003871985711157322
STAT2	ZFP24	0.0038719838485121727
SATB1	NDE1	0.0038719403091818094
FOXO1	4833439L19RIK	0.003871769644320011
CBX7	MOGS	0.0038710404187440872
STAT2	ORC2	0.00387046136893332
STAT2	CERS6	0.0038702546153217554
SATB1	PRMT5	0.0038701926823705435
GATA2	MFNG	0.0038700380828231573
RAD51	NDC80	0.003869760548695922
FOXO1	SLCO3A1	0.0038697102572768927
MEIS1	PSME3	0.0038695281837135553
HDAC2	ELOVL5	0.0038695239927619696
CBX7	FCGR2B	0.003869495587423444
CBFB	TCF19	0.0038693975657224655
CBX7	MKI67	0.0038693782407790422
SPI1	MIS12	0.0038689328357577324
HCFC1	SELL	0.003868346568197012
FOXO1	PSMD6	0.0038681754376739264
CBFB	RASA4	0.0038680932484567165
STAT2	APBB1	0.0038679263088852167
SATB1	F2R	0.003867542603984475
GATA2	LRRC59	0.0038672632072120905
NFAT5	THADA	0.0038665898609906435
GFI1B	TEC	0.0038664548192173243
CBFB	YBX1	0.003865995444357395
CBX7	RETREG1	0.0038654294330626726
GATA2	GPRASP1	0.003865274367853999
IKZF1	ATAD2	0.003865182166919112
GATA2	GGTA1	0.003864990547299385
ELF1	SNRPB	0.0038640752900391817
STAT2	CCR2	0.0038639865815639496
NFAT5	EYA2	0.0038639630656689405
FOXO1	MTUS1	0.003863624297082424
ELF1	TM6SF1	0.003862408921122551
STAT2	UPP1	0.00386227760463953
GFI1B	OSBPL1A	0.003862223355099559
ELF1	CKAP5	0.0038621844723820686
CBX7	PDIA4	0.0038621199782937765
JUN	MICU1	0.0038614629302173853
IRF8	MPO	0.0038614333607256413
CBFB	PPM1F	0.0038612782955169678
IKZF1	TRIM30D	0.0038612454663962126
CBX7	MOB3C	0.003861141623929143
JUN	SORL1	0.0038607660681009293
HCFC1	B230219D22RIK	0.0038604815490543842
MEIS1	AKNA	0.0038604571018368006
FOXO1	TFR2	0.003860335098579526
SATB1	MYB	0.003859324147924781
HCFC1	PTTG1IP	0.0038592536002397537
IRF8	ITPR1	0.0038591045886278152
GFI1B	MTFR1	0.0038590063340961933
STAT2	PKIB	0.003858630545437336
NFAT5	RETREG1	0.003857692936435342
MEIS1	SLC28A2	0.003857634263113141
FOXO1	SDF2L1	0.0038575485814362764
JUN	SYTL1	0.0038574954960495234
JUN	NAV1	0.0038571045733988285
CBX7	CTTN	0.003856969764456153
IKZF1	RAD51AP1	0.0038566940929740667
JUN	DOCK10	0.003856523195281625
CBX7	PRPF4	0.003855754854157567
STAT2	TNPO1	0.003855230985209346
NFAT5	GM8113	0.003854901995509863
SPI1	FLT3	0.0038548370357602835
HCFC1	FIGNL1	0.0038543809205293655
SATB1	TGTP2	0.003854098729789257
CBFB	CDC45	0.0038536679930984974
HCFC1	DNTT	0.0038532207254320383
NFAT5	MYC	0.0038526367861777544
CBX7	UNC93B1	0.0038526083808392286
SPI1	LACTB	0.0038522635586559772
CBFB	NUS1	0.0038522605318576097
IKZF1	BIRC5	0.003852247493341565
ELF1	PSMG2	0.003851985326036811
FOXO1	GM8113	0.0038517864886671305
FOXO1	TNFRSF21	0.0038505345582962036
SATB1	PNCK	0.0038505045231431723
JUN	UQCRFS1	0.003849813947454095
IRF8	ACOT9	0.003849729197099805
FOXO1	TMX3	0.003849675413221121
STAT2	CLTC	0.0038491366431117058
NFAT5	NDE1	0.0038488416466861963
WDR5	TOMM40	0.0038484518881887197
STAT2	PLEKHO2	0.0038481680676341057
ELF1	SLC35A4	0.0038478118367493153
CBX7	MPZL1	0.0038475512992590666
JUN	MTR	0.0038470677100121975
CBX7	CS	0.003846607403829694
SATB1	FUT7	0.0038462323136627674
RAD21	MXD3	0.0038459845818579197
CBX7	CSGALNACT1	0.003845521481707692
FOXO1	MRPL37	0.0038455065805464983
STAT2	TEAD2	0.0038453044835478067
FOXO1	PSEN1	0.00384521228261292
NFAT5	CBFB	0.003845000872388482
IRF8	PRKCD	0.0038449978455901146
CBX7	RTP4	0.0038445331156253815
NFAT5	MYB	0.0038433466106653214
MEIS1	ARHGAP15	0.003843070939183235
STAT2	VSIR	0.003842949867248535
FOXO1	SEH1L	0.003842798061668873
NFAT5	SEH1L	0.0038420953787863255
WDR5	HYOU1	0.0038417659234255552
MEIS1	ATP6AP1	0.0038417261093854904
STAT2	MCOLN2	0.0038413105066865683
GFI1B	REXO2	0.0038409957196563482
IKZF1	MFSD14B	0.0038408059626817703
EBF1	EFTUD2	0.003840492106974125
CBX7	SORT1	0.003840388497337699
MEIS1	CSF3R	0.00383991957642138
JUN	D1ERTD622E	0.003839343786239624
JUN	IL12A	0.003838837379589677
JUN	CERS4	0.0038386110682040453
CBX7	TMEM173	0.0038379807956516743
CBX7	PAK1	0.0038372562266886234
NFAT5	CDK18	0.00383694632910192
CBX7	ARL11	0.0038368592504411936
CBX7	CAPG	0.003836759366095066
CBX7	CD63-PS	0.0038367165252566338
CBFB	9530068E07RIK	0.0038366697262972593
RAD21	ITSN1	0.0038366513326764107
GATA2	STOM	0.00383652001619339
JUN	GABBR1	0.003836094867438078
CBX7	DUSP1	0.0038356392178684473
NFAT5	RPS6KA3	0.0038354331627488136
ELF1	ARHGEF39	0.0038349293172359467
NFAT5	PRSS57	0.003834756789728999
GFI1B	BTK	0.003834556322544813
ELF1	LAX1	0.0038345339708030224
IRF8	LACTB	0.003834483213722706
GFI1B	SGMS1	0.00383418845012784
CBX7	DEF8	0.003833638969808817
MYC	MCM2	0.0038335996214300394
JUN	RFC5	0.0038335504941642284
JUN	CHCHD10	0.003833144437521696
SATB1	PREP	0.003832900198176503
GATA2	INCENP	0.0038327809888869524
SATB1	PSME4	0.0038326887879520655
JUN	ZFP945	0.003832497401162982
ELF1	TYROBP	0.0038322173058986664
HCFC1	NEIL3	0.0038319409359246492
SATB1	IFI44	0.003831815905869007
RPA2	SNRPB	0.003831704379990697
STAT2	CENPL	0.0038311919197440147
NFAT5	PAK1	0.003830910427495837
CBX7	ELF1	0.0038306869100779295
ELF1	MBNL3	0.0038305555935949087
CBX7	NCAPG	0.0038303970359265804
GATA2	HNRNPAB	0.0038301541935652494
IKZF1	PRPF4	0.003830034751445055
JUN	ITIH5	0.0038298952858895063
STAT2	RRM1	0.0038293281104415655
IRF8	VSIR	0.003829136025160551
IKZF1	USP37	0.0038283441681414843
CBX7	IFI209	0.0038277010899037123
ELF1	PARVG	0.003827397944405675
ELF1	UBR7	0.003826756728813052
JUN	CASP4	0.0038266333285719156
MEIS1	EIF2S1	0.0038265069015324116
RAD21	NPDC1	0.0038260328583419323
STAT2	SLC29A1	0.0038259103894233704
GFI1B	GM11346	0.0038259096909314394
IKZF1	NFKBIA	0.0038254193495959044
ELF1	FAM136A	0.0038253813982009888
RAD51	MCM2	0.003825380001217127
CBX7	MS4A3	0.0038253639359027147
STAT2	UBAC1	0.003824998391792178
NFAT5	GRINA	0.0038249469362199306
CBX7	SLA	0.003824459621682763
FOXO1	MARS	0.003824385581538081
HCFC1	CCNA2	0.0038243839517235756
JUN	BYSL	0.003824192564934492
GATA2	RACGAP1	0.0038234852254390717
MYC	ADGRG3	0.003823455423116684
RPA2	HDAC2	0.003823312232270837
GFI1B	TSC22D3	0.0038230624049901962
HDAC2	SCARB1	0.003822778817266226
NFAT5	TEAD2	0.0038226922042667866
STAT2	TMEM33	0.0038222563453018665
NFAT5	SAMD9L	0.00382225401699543
CBX7	PLXNC1	0.0038220281712710857
GATA2	NDRG2	0.003821814665570855
WDR5	SMARCA2	0.0038216651882976294
SATB1	ELOVL5	0.00382158812135458
JUN	PRPF4	0.0038213813677430153
NFAT5	MC5R	0.003821162274107337
NFAT5	CD34	0.003820445854216814
EBF1	ZFP422	0.003819940844550729
GFI1B	LAP3	0.0038196777459234
FOXO1	USP42	0.003819611854851246
FOXO1	CCNB1	0.003819481935352087
JUN	RCSD1	0.003819409990683198
FOXO1	NSUN2	0.0038192507345229387
GFI1B	ITM2A	0.0038190193008631468
ELF1	ADA	0.003818858414888382
CBFB	ANXA1	0.0038185615558177233
MYC	HELLS	0.0038184737786650658
SATB1	ARCN1	0.0038183738943189383
JUN	MAP4K2	0.0038183000870049
HCFC1	CYB5R1	0.0038179217372089624
RAD21	RGCC	0.0038179063703864813
STAT2	H2-Q6	0.003817879594862461
JUN	SLC37A1	0.0038176511880010366
STAT2	TRIM47	0.003817435819655657
IKZF1	ERCC8	0.0038169354666024446
NFAT5	FSTL1	0.0038167948368936777
MEIS1	SLC35B4	0.0038166658487170935
JUN	CTLA2A	0.003816248383373022
GATA2	STRAP	0.00381602649576962
SATB1	UBAC1	0.003814669093117118
FOXO1	DOK2	0.0038145780563354492
MEIS1	TFG	0.0038144623395055532
RAD51	MCM4	0.0038140914402902126
ELF1	HIF3A	0.0038135682698339224
GATA2	JCHAIN	0.0038133980706334114
CBFB	ADK	0.0038130120374262333
NFAT5	JAM3	0.0038122141268104315
STAT2	HACD4	0.0038120688404887915
STAT2	MECOM	0.003811849048361182
NFAT5	GNS	0.003811503527686
MEIS1	DDX1	0.0038112110923975706
SATB1	CENPA	0.003811005037277937
CBFB	TAB1	0.0038102869875729084
CBX7	KPNA3	0.0038102713879197836
ELF1	ALDOC	0.0038102357648313046
EBF1	POLE3	0.003809954971075058
FOXO1	GT(ROSA)26SOR	0.003809558227658272
ELF1	SPTBN1	0.0038094157353043556
SPI1	AZIN1	0.0038089698646217585
SATB1	BTG2	0.0038082359824329615
NFAT5	APBB1	0.003808132838457823
CBFB	TMEM206	0.0038079963997006416
SPI1	PAK1	0.0038076043128967285
JUN	TIFAB	0.003807021537795663
CBX7	PSMG2	0.0038063758984208107
RAD21	FGL2	0.0038060906808823347
IKZF1	PPP1R15A	0.003805822227150202
NFAT5	GLIPR2	0.003805701155215502
IRF8	PLEK	0.0038054438773542643
CBX7	ST8SIA4	0.0038052478339523077
IKZF1	MYB	0.0038051807787269354
MEIS1	UMPS	0.0038050261791795492
JUN	IFI44	0.003804870182648301
SPI1	RAB31	0.003804822452366352
CBX7	ATP13A1	0.003804348409175873
GATA2	ITGAL	0.003804285079240799
JUN	4833439L19RIK	0.0038038925267755985
SATB1	SPI1	0.0038038925267755985
NFAT5	RGS19	0.003803688334301114
MYC	GMFB	0.0038035723846405745
FOXO1	ANXA1	0.0038033919408917427
CBFB	PA2G4	0.0038032850716263056
JUN	PA2G4	0.003802899271249771
CBX7	ATG12	0.003802485065534711
FOXO1	H2-OB	0.0038023421075195074
JUN	FUT7	0.0038020533975213766
SATB1	DNM1L	0.003801644779741764
MEIS1	ATP1B3	0.003801436861976981
IRF8	DNTT	0.0038012040313333273
IKZF1	DENND1C	0.003801163751631975
MEIS1	ABCB8	0.0038009502459317446
SPI1	PSMD1	0.003800410544499755
STAT2	VAV3	0.0038003528025001287
STAT2	SLCO3A1	0.0038002035580575466
IRF8	GGTA1	0.0038000342901796103
NFAT5	FRRS1	0.0038000261411070824
NFAT5	SHISA8	0.0037986969109624624
CBX7	LAX1	0.003798559308052063
GATA2	TUBGCP2	0.003797947894781828
MYC	EIF3B	0.0037970286794006824
STAT2	JPT2	0.003796547884121537
CBX7	SCARB1	0.003795985598117113
ELF1	CAPG	0.00379539025016129
CBFB	TNPO1	0.0037953476421535015
CBX7	CDC6	0.003795141587033868
SATB1	UQCRFS1	0.003795033087953925
STAT2	AHCYL1	0.0037949881516397
STAT2	CDK1	0.003794947871938348
MEIS1	GLB1	0.003794770920649171
FOXO1	UMPS	0.003794395364820957
ELF1	HCFC1	0.0037938288878649473
CBX7	TMX3	0.003793248673900962
FOXO1	MAGED2	0.003793115494772792
CBFB	SEH1L	0.0037929723039269447
IKZF1	TMEM43	0.003792783711105585
ELF1	DEK	0.003792492439970374
ELF1	STX3	0.0037924121133983135
IKZF1	TFRC	0.0037922956980764866
JUN	SNRNP200	0.003792176488786936
HDAC2	GUSB	0.0037917739246040583
HDAC2	RUVBL2	0.0037916970904916525
CBX7	OSBPL1A	0.003791417460888624
MYC	OTUD4	0.0037910633254796267
ELF1	MYC	0.003790799994021654
CBX7	TRP53I11	0.0037899711169302464
CBX7	SPNS3	0.003789716400206089
CBFB	PLAA	0.0037896623834967613
IRF8	TMEM43	0.0037887943908572197
STAT2	PSME4	0.003788158530369401
EBF1	EMB	0.0037881056778132915
SATB1	PIK3R1	0.0037880362942814827
CBX7	SNAP23	0.0037873126566410065
IRF8	GARS	0.003787312190979719
HDAC2	TOMM40	0.003787214867770672
CBFB	MXD3	0.0037862854078412056
GATA2	MAPK1	0.0037862788885831833
NFAT5	SUSD3	0.003786020679399371
ELF1	TMEM173	0.003785600420087576
GATA2	SLC31A1	0.0037852227687835693
ELF1	TFG	0.003785104490816593
EBF1	FARSA	0.0037850195076316595
HCFC1	RAD21	0.0037849429063498974
JUN	CD63	0.003784924279898405
STAT2	INTS8	0.003784764790907502
GATA2	CENPO	0.0037840264849364758
NFAT5	OSBPL8	0.0037838760763406754
SPI1	MCM4	0.003783642081543803
EBF1	CSTF2	0.0037833203095942736
JUN	TRIM59	0.00378294475376606
RAD21	PSME4	0.003782865358516574
JUN	PLD3	0.003782822284847498
ELF1	STIP1	0.0037828197237104177
STAT2	PTTG1IP	0.0037825871258974075
MEIS1	IDH3A	0.0037825237959623337
MEIS1	PARP8	0.003782290266826749
STAT2	CCL9	0.003782260464504361
FOXO1	MCM6	0.0037820544093847275
STAT2	CYB5R1	0.0037818781565874815
SPI1	GIMAP1	0.0037816804833710194
JUN	BTK	0.003781677223742008
FOXO1	TBC1D2B	0.0037813216913491488
NFAT5	CRISPLD1	0.003781174309551716
IRF8	PECAM1	0.0037801831495016813
FOXO1	SGO1	0.00378017988987267
CBFB	PWP2	0.0037798634730279446
GFI1B	SLC7A4	0.0037796723190695047
HCFC1	BUB1	0.0037794483359903097
JUN	TRPS1	0.0037784543819725513
IKZF1	MEMO1	0.003777972422540188
NFAT5	KCNQ1OT1	0.0037779072299599648
RAD21	CDCA5	0.003777765901759267
GATA2	STARD7	0.0037776902318000793
STAT2	PRODH	0.0037770478520542383
STAT2	IL17RA	0.0037767786998301744
CBX7	AURKB	0.0037767509929835796
STAT2	ITCH	0.0037765668239444494
ELF1	RBPMS	0.0037764310836791992
CBFB	CUL3	0.0037763656582683325
MYC	ADA	0.0037762525025755167
CBFB	SRM	0.003775425022467971
WDR5	SIRPA	0.0037752999924123287
ELF1	VSIR	0.0037751579657197
GATA2	RPAP1	0.003774789860472083
JUN	DHX33	0.0037747102323919535
RAD21	GNG12	0.003774691140279174
JUN	SSH3	0.0037745365407317877
IKZF1	TES	0.003774519544094801
GFI1B	ITSN1	0.0037743549328297377
GFI1B	GBP7	0.0037737502716481686
RAD51	SLC43A3	0.0037737134844064713
MEIS1	ABCE1	0.003773663891479373
MEIS1	ZEB2	0.0037735498044639826
IKZF1	NCAPG2	0.0037735356017947197
JUN	RPTOR	0.0037730818148702383
WDR5	KAT7	0.0037730687763541937
IKZF1	AURKB	0.003772993804886937
JUN	MOGS	0.0037729856558144093
FOXO1	DCAF13	0.0037728692404925823
WDR5	NUP155	0.00377265689894557
GATA2	MTMR6	0.00377237843349576
CBFB	HDAC2	0.0037718904204666615
GFI1B	HUS1	0.003771611489355564
IKZF1	QARS	0.0037708680611103773
JUN	LACTB	0.003770695999264717
SPI1	WSB1	0.0037704859860241413
FOXO1	TSPAN2	0.0037704615388065577
GFI1B	ABCG2	0.003770392620936036
FOXO1	TMEM33	0.0037703157868236303
STAT2	PRPF4	0.0037695758510380983
HCFC1	CCDC137	0.0037694911006838083
FOXO1	CENPF	0.003769417991861701
HCFC1	RAD51	0.0037691921461373568
NFAT5	CASP4	0.0037690738681703806
MYC	PPID	0.0037685451097786427
IRF8	RACGAP1	0.0037683474365621805
SPI1	MCM6	0.0037680547684431076
CBFB	MSH6	0.0037670284509658813
SPI1	RIN3	0.0037669260054826736
FOXO1	IPO9	0.0037667404394596815
SPI1	IARS	0.003766716690734029
SATB1	CD244A	0.0037662696558982134
SATB1	PPP1R9A	0.003766103181988001
MEIS1	TM7SF3	0.0037660386878997087
IKZF1	SHCBP1	0.003765281056985259
GFI1B	FDFT1	0.0037651716265827417
GATA2	PRODH	0.003764372318983078
IKZF1	TCF19	0.0037643585819751024
EBF1	NUDT19	0.003764043329283595
RAD21	9530068E07RIK	0.003763852408155799
WDR5	NFAM1	0.0037636621855199337
ELF1	HDGF	0.0037636510096490383
CBFB	POLR2B	0.003763574408367276
CBX7	BUB1B	0.0037634791806340218
CBX7	GEMIN5	0.0037634773179888725
CBX7	GMIP	0.003763229353353381
IRF8	NEDD1	0.0037631504237651825
STAT2	NDC80	0.0037625888362526894
JUN	NRROS	0.003762480104342103
GATA2	TBC1D2B	0.0037624116521328688
SATB1	MIEF1	0.0037619215436279774
STAT2	SHISA8	0.0037617776542901993
MEIS1	NMD3	0.0037616973277181387
JUN	CDCA7	0.003761459141969681
JUN	PRKCD	0.0037609999999403954
MEIS1	BCAP29	0.0037608607672154903
EBF1	GUSB	0.003760363906621933
CBFB	ATP11C	0.003760215360671282
MEIS1	RCC1	0.003760020947083831
NFAT5	MCM4	0.0037595382891595364
SPI1	GTF2F1	0.003759521758183837
CBX7	ATP11C	0.003759462619200349
HDAC2	RAB37	0.0037593406159430742
JUN	EMCN	0.0037589524872601032
HDAC2	DCAF13	0.0037587585393339396
JUN	TCN2	0.0037587550468742847
HDAC2	TNFRSF21	0.0037585024256259203
SATB1	SUPV3L1	0.003758461447432637
NFAT5	FEM1A	0.0037577066104859114
IKZF1	MCM3	0.0037574972957372665
CBX7	CST7	0.0037570493295788765
MYC	DDX1	0.0037567534018307924
MYC	OSBPL8	0.0037565932143479586
RAD21	ZC3H7A	0.0037565487436950207
WDR5	SH2D5	0.0037564029917120934
SATB1	SHISA5	0.003756210207939148
CBX7	ARFGEF2	0.0037561608478426933
JUN	PLPPR3	0.0037553366273641586
ELF1	DDX58	0.0037552157882601023
IKZF1	CKS2	0.0037552122958004475
NFAT5	ECT2	0.0037551838904619217
CBX7	MYL10	0.0037546521052718163
STAT2	JPT1	0.0037544500082731247
SATB1	PCMTD1	0.003753833705559373
GATA2	SHMT1	0.0037529743276536465
FOXO1	ABITRAM	0.0037526425439864397
SATB1	DNAJC11	0.003752230666577816
GATA2	TBC1D5	0.003751874901354313
JUN	ZMIZ1	0.0037509051617234945
NFAT5	ATP11C	0.0037508055102080107
IKZF1	NEURL3	0.0037504492793232203
SATB1	XAF1	0.003750258358195424
CBFB	YBX3	0.0037501035258173943
FOXO1	MTFR1	0.0037494043353945017
IKZF1	H2-AA	0.003749356372281909
GATA2	CCNB1	0.0037492464762181044
GATA2	TMX3	0.003748966148123145
GATA2	CCDC50	0.0037486522924154997
RAD21	NEIL3	0.003748582908883691
JUN	MS4A6C	0.003748133312910795
FOXO1	AGPS	0.0037474832497537136
SPI1	MGAT1	0.0037474697455763817
RAD21	HELLS	0.0037467051297426224
JUN	RANBP3	0.0037466571666300297
CBX7	CNN3	0.0037465104833245277
NFAT5	TBC1D9B	0.003746180096641183
GFI1B	TGM2	0.0037460732273757458
JUN	PECAM1	0.0037456562276929617
FOXO1	PARP8	0.0037455151323229074
GFI1B	EFTUD2	0.0037434613332152367
CBX7	FCER1G	0.003743461100384593
GATA2	SALL2	0.0037433772813528776
IKZF1	IMMT	0.003743197536095977
WDR5	CTPS	0.003743142820894718
MEIS1	RANGAP1	0.0037428978830575943
SPI1	YBX1	0.0037424731999635696
STAT2	NAP1L3	0.003742440138012171
NFAT5	NDC80	0.0037422513123601675
JUN	ZFP35	0.003742140717804432
FOXO1	PLA2G15	0.0037417218554764986
SATB1	DDX20	0.003741586348041892
IKZF1	HMBS	0.0037414676044136286
FOXO1	SELENBP1	0.003741350257769227
MYC	RGS19	0.0037412301171571016
SATB1	PLA2G12A	0.0037411514203995466
IKZF1	RPS6KA5	0.003741073189303279
NFAT5	CLTC	0.0037410331424325705
CBX7	TCF19	0.003740873420611024
WDR5	MINDY3	0.0037404207978397608
FOXO1	ANKRD44	0.003740404499694705
GATA2	IGFBP4	0.0037400887813419104
IKZF1	IDH1	0.003739954438060522
IKZF1	BTAF1	0.0037399455904960632
RPA2	PRIM2	0.0037397805135697126
HDAC2	RFC5	0.0037392107769846916
MEIS1	ZNRF2	0.0037389867939054966
RPA1	POLE	0.0037387993652373552
HDAC2	MFSD10	0.0037387218326330185
JUN	TIE1	0.003738673171028495
RAD51	CEP55	0.003738617291674018
SATB1	NFAM1	0.0037385765463113785
MEIS1	RGS19	0.0037385153118520975
WDR5	CLPTM1L	0.0037384978495538235
CBX7	HJURP	0.0037381541915237904
GFI1B	MARS	0.0037377304397523403
EBF1	MYO1F	0.003737608203664422
FOXO1	SLC35A4	0.00373755837790668
SPI1	GRK3	0.0037372191436588764
JUN	NAMPT	0.003737174440175295
HCFC1	PRIM1	0.003736939048394561
IKZF1	DPP8	0.0037367690820246935
SPI1	SNRPB	0.003736716229468584
STAT2	POLR1B	0.0037367038894444704
STAT2	SUSD3	0.003736413549631834
GATA2	EFCC1	0.0037363048177212477
WDR5	TNFRSF21	0.003736035665497184
FOXO1	DNAJC5	0.00373599911108613
FOXO1	CTR9	0.0037358528934419155
GATA2	ZFP53	0.003735814243555069
WDR5	ATP6AP1	0.0037356968969106674
MEIS1	ZFP451	0.003735496196895838
SATB1	HK3	0.0037353402003645897
CBX7	ABCB8	0.0037351117935031652
MYC	MAPK1	0.0037350428756326437
MEIS1	MCM3	0.0037349879276007414
MEIS1	IFRD2	0.0037346503231674433
FOXO1	RNF122	0.003734397003427148
GFI1B	GLRX5	0.0037343965377658606
JUN	IL17RA	0.003732855897396803
MEIS1	UBL4A	0.0037326281890273094
GATA2	SZT2	0.0037326186429709196
SATB1	SLC2A3	0.003732516663148999
FOXO1	ATRN	0.003731238655745983
MEIS1	AI504432	0.003730777185410261
HDAC2	SERPINB9	0.0037303809076547623
STAT2	ZFP36	0.0037303692661225796
CBX7	FOXO1	0.0037302225828170776
CBX7	ORC6	0.0037294921930879354
FOXO1	SLC29A1	0.003729271236807108
STAT2	TUBGCP3	0.003729152027517557
MEIS1	ATP11C	0.0037291147746145725
IRF8	RPS6KA5	0.003728462615981698
FOXO1	BCL2	0.0037282162811607122
STAT2	CD9	0.0037281555123627186
SATB1	ALDOC	0.003727890318259597
MEIS1	OSTM1	0.0037278083618730307
GATA2	TLR4	0.003727444214746356
FOXO1	USP14	0.0037268938031047583
CBFB	NUDT4	0.0037264686543494463
STAT2	MGAT1	0.0037263722624629736
IKZF1	EPSTI1	0.0037259769160300493
ELF1	NSUN2	0.0037252388428896666
STAT2	TNFAIP2	0.003724602283909917
GFI1B	TAF12	0.003724590642377734
STAT2	MAP4K2	0.003722816938534379
CBX7	GTF2H1	0.0037228113505989313
GATA2	GPD1L	0.003722760360687971
CBX7	HDAC7	0.003722444409504533
RAD21	GBP7	0.003721962682902813
ELF1	RGS19	0.0037211014423519373
IKZF1	UNC93B1	0.003720821114256978
GATA2	NUPR1	0.003720541251823306
IRF8	AP1S2	0.003719927044585347
IKZF1	PPM1G	0.00371975963935256
JUN	PIM2	0.003719731466844678
ELF1	MNS1	0.003719703061506152
SPI1	TM6SF1	0.0037196737248450518
CBX7	RAP1B	0.003719435539096594
IKZF1	METTL7A1	0.0037192904856055975
NFAT5	SYK	0.0037192502059042454
CBFB	ABCB10	0.0037189843133091927
RPA2	ATAD2	0.003718848107382655
GATA2	WDR43	0.003718508640304208
GFI1B	NFAT5	0.003717820392921567
EBF1	PPID	0.0037172904703766108
IKZF1	TBC1D5	0.003717235056683421
SPI1	B230219D22RIK	0.00371709861792624
GATA2	CCL9	0.0037170392461121082
JUN	TOR3A	0.003716939827427268
EBF1	NUP85	0.003716673469170928
MYC	ISYNA1	0.0037166327238082886
JUN	NFKBIA	0.0037163991946727037
IKZF1	HELLS	0.0037163496017456055
HDAC2	ZFP24	0.0037158748600631952
MYC	BPIFC	0.003715808503329754
MEIS1	SLA	0.0037151228170841932
ELF1	MGAT1	0.003714896971359849
CBFB	TMEM97	0.003714467165991664
WDR5	NOLC1	0.0037142587825655937
FOXO1	API5	0.003714130260050297
CBFB	BUB1B	0.003713891375809908
CBX7	CASP4	0.0037138736806809902
CBX7	PBX1	0.0037133553996682167
FOXO1	ZDHHC13	0.003713298588991165
RAD21	TMEM246	0.0037130520213395357
ELF1	PNO1	0.0037126631941646338
JUN	LHCGR	0.0037124939262866974
GATA2	ST6GALNAC4	0.0037117667961865664
RPA2	POLE3	0.0037115414161235094
STAT2	CIPC	0.0037113921716809273
GFI1B	2610035D17RIK	0.003711329773068428
FOXO1	DCK	0.0037110731936991215
STAT2	RB1	0.003710908582434058
JUN	HCFC1	0.003710830118507147
HCFC1	NCAPG2	0.0037103695794939995
MEIS1	CPA3	0.0037103674840182066
FOXO1	MCM4	0.003710010787472129
FOXO1	SLFN2	0.0037083805073052645
RPA1	ZFP367	0.003708226140588522
SATB1	SLC30A5	0.0037080319598317146
ELF1	TFR2	0.003707833820953965
JUN	MTMR1	0.0037062950432300568
GFI1B	SLC16A1	0.0037054300773888826
HCFC1	ATRN	0.003705413779243827
CBX7	MIS12	0.0037053567357361317
STAT2	UQCRFS1	0.0037053509149700403
GATA2	FEM1B	0.0037051995750516653
IKZF1	PPP1R9A	0.00370510620996356
SATB1	KIF17	0.0037049204111099243
SATB1	CCNF	0.0037048268131911755
HCFC1	CD48	0.003704733680933714
FOXO1	NCAPG2	0.003704206319525838
GATA2	PLA2G12A	0.003704177448526025
STAT2	CREB5	0.0037041662726551294
SPI1	NAMPT	0.003704042872413993
CBFB	ETF1	0.0037039010785520077
STAT2	TXNIP	0.0037037646397948265
NFAT5	TLR4	0.003703415859490633
FOXO1	NCAPD2	0.003703189082443714
IKZF1	TEK	0.003703154157847166
GATA2	CD244A	0.003703114576637745
IKZF1	RGS1	0.003702718997374177
SATB1	ZFP451	0.003702624002471566
ELF1	GMFB	0.003701905719935894
ELF1	RPA2	0.0037018079310655594
RPA2	RRM2	0.003701124805957079
MYC	HARS	0.003700659843161702
CBX7	E2F8	0.0037003657780587673
SATB1	MSMO1	0.0037002700846642256
IRF8	NSD2	0.0037000912707298994
NFAT5	MAPKAPK3	0.0036995727568864822
STAT2	SLC43A3	0.0036990861408412457
CBX7	RTEL1	0.0036990130320191383
SPI1	IMMT	0.0036984209436923265
FOXO1	NDUFA10	0.0036978793796151876
IKZF1	RGS2	0.003697430482134223
CBX7	GM1966	0.0036969115026295185
MEIS1	IRF6	0.003696258645504713
STAT2	TCP11L2	0.003695661900565028
SATB1	GNS	0.003695553867146373
HDAC2	RANBP3	0.0036951780784875154
GATA2	FAM91A1	0.003694877028465271
FOXO1	TCIRG1	0.003694517072290182
RAD21	PHF6	0.003694453276693821
SATB1	MCOLN2	0.0036943485029041767
NFAT5	TESPA1	0.0036942155566066504
GFI1B	LYN	0.0036941373255103827
MEIS1	SLC20A1	0.003693751757964492
MEIS1	DTL	0.003693674923852086
FOXO1	GSR	0.003693399718031287
MEIS1	AHCYL1	0.003693200647830963
MEIS1	CSE1L	0.0036925687454640865
CBX7	SMC2	0.0036925601307302713
MYC	MTCH2	0.0036923792213201523
WDR5	GSR	0.0036920811980962753
ELF1	ARHGAP15	0.0036919917911291122
IKZF1	MCM6	0.00369138247333467
CBFB	NCAPD2	0.0036909824702888727
SPI1	LPCAT2	0.003690699115395546
NFAT5	RPRD1B	0.003690247656777501
FOXO1	SPO11	0.003690137295052409
GATA2	MGAT5	0.0036899091210216284
GFI1B	CENPL	0.00368946953676641
SATB1	TSC22D3	0.003689400851726532
FOXO1	AP1S2	0.003689392236992717
JUN	FEM1A	0.0036886660382151604
FOXO1	REXO2	0.0036880287807434797
IKZF1	MKI67	0.003687304211780429
GFI1B	PREP	0.003685688367113471
RPA1	NCAPG2	0.0036851351615041494
GATA2	FSTL1	0.0036851323675364256
FOXO1	USP11	0.0036850799806416035
GFI1B	GALNT6	0.0036848364397883415
SATB1	TGFBR1	0.0036846681032329798
FOXO1	UNC93B1	0.0036846480797976255
GFI1B	HDAC7	0.0036830781027674675
FOXO1	UAP1	0.0036828683223575354
GATA2	IL21R	0.0036826864816248417
IKZF1	LY6A	0.0036822461988776922
STAT2	MRPL37	0.0036820503883063793
CBFB	MINDY3	0.003682008944451809
IRF8	CD69	0.0036819996312260628
CBFB	SYTL1	0.003681765403598547
STAT2	PRTN3	0.003681547474116087
NFAT5	ZBTB16	0.0036812718026340008
RAD21	GM4759	0.003681058529764414
JUN	PIK3R1	0.003681042231619358
CBX7	KNSTRN	0.0036804494448006153
NFAT5	ERCC8	0.003680037334561348
HCFC1	EIF4ENIF1	0.003679674817249179
NFAT5	IRF9	0.003679480869323015
RAD21	CD48	0.003679456189274788
FOXO1	FLNB	0.0036790885496884584
GATA2	ECT2	0.0036788524594157934
FOXO1	SYTL1	0.0036784850526601076
CBFB	ORC6	0.0036780887749046087
STAT2	COL4A2	0.0036779684014618397
CBX7	TGFBR1	0.0036777539644390345
NFAT5	FAM91A1	0.0036774100735783577
IKZF1	NUP155	0.00367696862667799
ELF1	NDUFS1	0.0036769150756299496
IKZF1	SLC35A4	0.003675812855362892
CBX7	ELMO2	0.003675660816952586
FOXO1	PTCD3	0.003675586311146617
RAD21	RP2	0.003675278043374419
SPI1	DEF8	0.003675052896142006
IKZF1	MIS18BP1	0.003675015177577734
SPI1	GPD1L	0.0036747644189745188
HCFC1	PPM1G	0.0036746817640960217
SATB1	RPAP1	0.0036744545213878155
NFAT5	ELOVL5	0.0036744324024766684
FOXO1	DUT	0.00367440702393651
GFI1B	GARS	0.003674405161291361
GFI1B	RARS	0.0036738633643835783
STAT2	SMPDL3A	0.003673769533634186
GATA2	RETREG1	0.0036733285523951054
STAT2	ACSS2	0.003672962076961994
CBX7	FGFR1OP	0.0036726619582623243
CBFB	USP10	0.0036725986283272505
MYC	GALNT6	0.00367246987298131
CBFB	DPP8	0.0036722191143780947
GATA2	CCNF	0.0036721297074109316
GFI1B	GPRASP1	0.0036716905888170004
STAT2	GM4759	0.0036714361049234867
IRF8	IGKC	0.0036714167799800634
SATB1	PIP4K2A	0.0036710998974740505
ELF1	TBC1D9B	0.0036709820851683617
MEIS1	FAM136A	0.0036705019883811474
NFAT5	NRROS	0.003669596975669265
ELF1	TBC1D2B	0.0036695946473628283
CBFB	PSAT1	0.0036694854497909546
NFAT5	OTUD4	0.0036693974398076534
MEIS1	PDE4D	0.0036693294532597065
IKZF1	HYOU1	0.003668643068522215
JUN	CYP2J6	0.0036685559898614883
MEIS1	LACTB	0.0036678353790193796
GATA2	MC5R	0.0036674728617072105
RAD21	HSPH1	0.0036672872956842184
MEIS1	PSMG2	0.0036667529493570328
WDR5	GT(ROSA)26SOR	0.0036656830925494432
CBX7	TIFAB	0.003665476106107235
SATB1	PTPRS	0.00366527889855206
SATB1	PATL1	0.003664696589112282
ELF1	ACSS2	0.0036636122968047857
IRF8	EPB41L4B	0.003663501003757119
CBX7	XRCC3	0.00366279692389071
MEIS1	TM6SF1	0.003662602975964546
HDAC2	HMGB3	0.00366253312677145
RAD51	POLA2	0.0036622898187488317
IRF8	MCM5	0.003662251168861985
NFAT5	SPNS2	0.003661954076960683
IRF8	SLC43A3	0.0036617256700992584
ELF1	INTS13	0.003661246271803975
GATA2	MTFR1	0.0036609279923141003
FOXO1	FIGNL1	0.003660881659016013
WDR5	BTK	0.0036607980728149414
MEIS1	ABITRAM	0.0036606050562113523
GATA2	BATF2	0.003660258837044239
RAD21	TECPR1	0.0036601137835532427
HCFC1	MNS1	0.0036600844468921423
IKZF1	CDK6	0.0036598248407244682
ELF1	B3GNT5	0.0036597633734345436
SATB1	IMMT	0.003659407841041684
MEIS1	SLC19A1	0.003658645786345005
HCFC1	ABL2	0.0036586422938853502
MEIS1	FARSA	0.003658377332612872
FOXO1	NDRG1	0.0036580669693648815
IRF8	COLGALT1	0.003658042987808585
GATA2	EEF1E1	0.0036579647567123175
IKZF1	STT3A	0.003657963825389743
STAT2	DOCK11	0.003657344961538911
JUN	KIF20B	0.003657236695289612
STAT2	MPL	0.003657009219750762
ELF1	SRSF1	0.0036565938498824835
FOXO1	PRIM2	0.003656547050923109
CBFB	CTSZ	0.003656250424683094
FOXO1	SATB1	0.003655710956081748
STAT2	ABCG2	0.0036556958220899105
GFI1B	PIM2	0.003655691398307681
SPI1	CASP1	0.003655504435300827
NFAT5	EGR1	0.003654996631667018
RAD21	FES	0.003654623869806528
CBFB	SLC25A46	0.0036544445902109146
GATA2	CKAP2L	0.003654052270576358
NFAT5	TMEM173	0.003653372637927532
FOXO1	MS4A3	0.0036532245576381683
STAT2	GABBR1	0.0036529775243252516
SATB1	S100A6	0.0036519374698400497
GFI1B	ABCB10	0.0036518306005746126
STAT2	TM7SF3	0.0036517204716801643
IKZF1	ALDOC	0.003651690436527133
GFI1B	EMCN	0.003650866448879242
SPI1	NSUN2	0.0036506231408566236
SATB1	MEIS1	0.0036504787858575583
SATB1	USP11	0.0036503493320196867
IKZF1	TRPS1	0.003650335129350424
ELF1	EPSTI1	0.003649831283837557
IKZF1	RRM2	0.0036498133558779955
MEIS1	FOXRED1	0.003647824050858617
SATB1	NAPSA	0.0036477597896009684
GFI1B	GNG2	0.0036476985551416874
HDAC2	GLB1	0.003647404257208109
STAT2	USP11	0.0036473178770393133
FOXO1	CBX5	0.0036468454636633396
STAT2	OSBPL1A	0.0036464675795286894
RPA2	NUP85	0.003646400524303317
MEIS1	PLPPR3	0.003645943244919181
WDR5	DNAJC5	0.0036459395196288824
CBX7	CTLA2B	0.00364563032053411
NFAT5	MIEF1	0.003645429853349924
CBX7	ZMIZ1	0.0036453253123909235
WDR5	MAD2L1	0.0036449243780225515
JUN	DNAJC5	0.003644665004685521
MEIS1	EZR	0.003644408890977502
CBX7	SLC30A5	0.0036425699945539236
NFAT5	SLA2	0.0036425641737878323
JUN	DEF8	0.003642471507191658
SATB1	DEK	0.0036424314603209496
MYC	SLC16A1	0.0036422577686607838
CBX7	MTMR1	0.0036422370467334986
CBX7	CCNA2	0.0036411567125469446
SATB1	FGL2	0.003641032613813877
RAD51	MAD2L1	0.003640898270532489
SATB1	CDCA4	0.0036407392472028732
NFAT5	CYFIP2	0.003640281967818737
MEIS1	MIS12	0.0036402586847543716
RAD51	SHCBP1	0.0036392940673977137
WDR5	TMEM206	0.0036390942987054586
ELF1	KNSTRN	0.0036390635650604963
IKZF1	POLE3	0.0036390165332704782
JUN	JARID2	0.0036389166489243507
IRF8	ANXA2	0.003638875437900424
FOXO1	GNG12	0.0036388130392879248
FOXO1	WDHD1	0.00363859417848289
CBX7	PPM1F	0.0036369790323078632
HDAC2	EMID1	0.003636497538536787
STAT2	ZFP53	0.003635821398347616
GFI1B	AKAP8L	0.003635672153905034
IKZF1	SYTL1	0.0036354472395032644
STAT2	PIK3R2	0.0036352681927382946
GFI1B	STOM	0.0036349091678857803
STAT2	ANKRD44	0.003634881693869829
GATA2	GNL3	0.0036347415298223495
STAT2	PTPRS	0.0036346851848065853
GATA2	SLC37A1	0.0036341778468340635
HDAC2	GNL3	0.0036340015940368176
IKZF1	CD44	0.0036338376812636852
SATB1	DDX58	0.003633742220699787
STAT2	MOB3C	0.003633608343079686
CBFB	MCM6	0.003633401356637478
NFAT5	GM5111	0.0036333315074443817
IRF8	NCLN	0.0036332837771624327
RAD21	ZNRF2	0.0036332011222839355
MEIS1	FTSJ3	0.003632744774222374
MEIS1	WDR5	0.0036326826084405184
MYC	IL12A	0.0036324383690953255
CBX7	MXD3	0.003632428590208292
CBX7	SELENOP	0.0036320723593235016
NFAT5	GPRASP1	0.003632054664194584
HDAC2	ATP6AP2	0.0036317124031484127
FOXO1	CNIH1	0.003631470026448369
STAT2	EPB41L4B	0.0036314036697149277
RAD51	MCM3	0.0036311778239905834
RAD21	ZHX1	0.0036311668809503317
MEIS1	USP42	0.0036308416165411472
STAT2	REXO2	0.003630618331953883
SPI1	ZDHHC13	0.003630573395639658
NFAT5	CHCHD10	0.003630446270108223
WDR5	EFTUD2	0.003630321938544512
STAT2	LONP1	0.003630266524851322
CBX7	CTSF	0.003630101215094328
CBX7	POLR2B	0.003629809943959117
STAT2	PHB2	0.0036295149475336075
IKZF1	AURKA	0.0036292187869548798
JUN	IFI30	0.003628790844231844
CBFB	DDX21	0.003628763370215893
SATB1	EIF2S1	0.0036284385714679956
STAT2	GMIP	0.0036278667394071817
SATB1	PIK3IP1	0.0036275391466915607
SPI1	SNRNP200	0.0036275379825383425
CBFB	NDC80	0.003627237631008029
GATA2	SPO11	0.003627234371379018
IKZF1	SARAF	0.0036271519493311644
IRF8	RARS	0.003626577788963914
STAT2	EDEM1	0.0036265281960368156
RAD21	B3GNT5	0.0036263023503124714
MYC	PSTPIP1	0.0036260723136365414
CBX7	RABGGTB	0.003625885583460331
CBX7	SPIDR	0.003625626675784588
SPI1	XPNPEP1	0.00362556055188179
SATB1	RGS1	0.0036255489103496075
SATB1	SLC7A4	0.0036254553124308586
STAT2	SETD2	0.00362470094114542
IRF8	ZFP451	0.0036242783535271883
ELF1	IRF7	0.0036238888278603554
SPI1	DEK	0.003623790107667446
GFI1B	PDE4B	0.0036231621634215117
ELF1	KIF17	0.0036224096547812223
CBX7	SETD2	0.003622265998274088
ELF1	CYBC1	0.003622151678428054
JUN	DNAJC11	0.003621782874688506
ELF1	MYCN	0.0036204736679792404
SATB1	SMPD4	0.0036203928757458925
CBX7	STX3	0.00362017541192472
NFAT5	IRGM2	0.0036196608562022448
HCFC1	LMO4	0.003619534196332097
NFAT5	RNF4	0.003618871560320258
ELF1	SEC23IP	0.0036182336043566465
STAT2	GMCL1	0.003617652226239443
FOXO1	B230219D22RIK	0.0036175325512886047
NFAT5	TRPS1	0.0036166401114314795
CBFB	CD52	0.003616115776821971
JUN	TMEM176A	0.003615995403379202
RAD21	MTMR1	0.003615993307903409
GATA2	TOMM70A	0.0036157367285341024
MYC	UQCRFS1	0.0036157043650746346
IRF8	NMD3	0.0036156768910586834
JUN	FAM76B	0.003615560242906213
STAT2	METTL27	0.003615105990320444
CBX7	GOLT1B	0.0036148091312497854
FOXO1	CDK1	0.0036147027276456356
NFAT5	CSE1L	0.00361456535756588
RAD21	B230219D22RIK	0.00361432577483356
MEIS1	QARS	0.003614186542108655
CBX7	SH3BGRL	0.0036141294986009598
STAT2	MCM10	0.0036134368274360895
IKZF1	MTHFD1	0.003613194217905402
NFAT5	CENPK	0.003613129025325179
MEIS1	GM1966	0.003612830536440015
SPI1	CHORDC1	0.003612491302192211
JUN	KRT18	0.003612428205087781
RAD21	PSAT1	0.003612115513533354
GFI1B	MTO1	0.003611647291108966
HDAC2	PADI4	0.003611505264416337
IKZF1	MTMR6	0.0036108829081058502
ELF1	THEMIS2	0.0036102309823036194
CBX7	BDH2	0.003610114334151149
IKZF1	TTLL12	0.003609659383073449
CBFB	CDKN1A	0.003609433537349105
HCFC1	RPAP1	0.0036094109527766705
GATA2	EML4	0.003609343897551298
ELF1	HNRNPAB	0.003609234234318137
SPI1	CAPG	0.0036088719498366117
NFAT5	DNM1L	0.0036087408661842346
FOXO1	FCGR2B	0.0036086789332330227
GFI1B	ZDHHC13	0.003608493134379387
STAT2	ZFP367	0.0036083771847188473
JUN	CD63-PS	0.0036075934767723083
STAT2	CCDC50	0.0036075678654015064
JUN	NEURL3	0.0036074924282729626
STAT2	ST6GALNAC4	0.003606954123824835
HDAC2	AI506816	0.0036067324690520763
GATA2	SSH3	0.003606323851272464
RPA2	EIF2S1	0.003606220008805394
RAD21	DDX58	0.0036051711067557335
FOXO1	SETD2	0.003605006728321314
FOXO1	AURKB	0.003604580881074071
MYC	RBPMS	0.003604443743824959
NFAT5	ADK	0.0036043052095919847
FOXO1	TGFBR1	0.0036039690021425486
IKZF1	STXBP4	0.003603823482990265
SATB1	GM19590	0.003603273071348667
MEIS1	RFC5	0.0036026376765221357
NFAT5	RACGAP1	0.0036024944856762886
NFAT5	EIF3B	0.0036023231223225594
SPI1	SPCS3	0.003601811360567808
RAD51	MCM6	0.0036017936654388905
CBX7	STXBP4	0.0036016583908349276
NFAT5	ARHGEF39	0.003601578064262867
SATB1	MCM4	0.003601559903472662
JUN	MIR99AHG	0.0036008728202432394
GFI1B	MIR99AHG	0.003600487718358636
CBX7	TUBGCP3	0.003600207855924964
SATB1	CAPG	0.0035998672246932983
WDR5	ALAS1	0.0035997626837342978
NFAT5	PHF5A	0.003599630668759346
SPI1	WDR55	0.0035994367208331823
SATB1	KCTD12	0.0035993156488984823
NFAT5	NDC1	0.00359930912964046
FOXO1	ORC2	0.003599133575335145
JUN	CTR9	0.0035989792086184025
SPI1	NFAM1	0.00359889748506248
CBX7	STAG2	0.0035987079609185457
MEIS1	NUDCD1	0.0035986166913062334
GFI1B	RP2	0.003597880247980356
SATB1	NUDT4	0.0035976513754576445
SATB1	MCM6	0.0035969025921076536
IKZF1	GIMAP6	0.003596607130020857
MYC	GCNT2	0.003596459049731493
ELF1	CCNB2	0.0035964432172477245
CBFB	NDUFS1	0.0035958753433078527
CBX7	MTREX	0.003595115849748254
GATA2	IDH3A	0.003593981498852372
CBX7	TOP2A	0.0035936483182013035
GFI1B	EBI3	0.003593021770939231
CBX7	MYO1F	0.003592907916754484
IKZF1	GM4759	0.003592630848288536
STAT2	MPZL1	0.003592277178540826
WDR5	NDC1	0.0035922538954764605
IKZF1	RPP40	0.0035922322422266006
IKZF1	ELMO2	0.0035921097733080387
CBX7	GATM	0.00359203084371984
RPA2	MTHFD1	0.003591300919651985
MEIS1	ACAA2	0.003591268789023161
CBX7	ACOX3	0.003591123502701521
RAD21	PLAG1	0.003590818028897047
SATB1	CYB5R1	0.003590718377381563
CBX7	ACSS1	0.0035901132505387068
MEIS1	GUSB	0.0035896680783480406
CBX7	SPC24	0.0035895556211471558
STAT2	CKS1B	0.00358953676186502
NFAT5	VAV3	0.003588976338505745
SATB1	RPS6KA3	0.003588471794500947
MEIS1	NKG7	0.0035884277895092964
GATA2	ZBTB38	0.003588232444599271
IKZF1	FAM91A1	0.0035879930946975946
ELF1	TTLL12	0.0035877577029168606
SATB1	SARAF	0.003587376093491912
IKZF1	CD69	0.003587028943002224
MEIS1	DNAJC9	0.003586982376873493
RAD21	CYB5R1	0.003586688544601202
SATB1	ZHX1	0.003586398670449853
HCFC1	SPC24	0.003586233127862215
RAD21	ARL6IP6	0.0035860701464116573
CBX7	TRMT11	0.003585351863875985
GFI1B	NOP2	0.003585085505619645
ELF1	TCN2	0.0035849143750965595
IRF8	DHFR	0.0035844556987285614
NFAT5	B230219D22RIK	0.0035844044759869576
STAT2	DLST	0.003583833109587431
STAT2	DOK2	0.003583580255508423
MEIS1	UBA2	0.0035833234433084726
MEIS1	CSF2RB	0.0035831599961966276
CBX7	GPR65	0.0035828128457069397
CBX7	ZC3H7A	0.0035824524238705635
ELF1	GEMIN5	0.003582262434065342
GATA2	LONP1	0.0035817762836813927
CBX7	REXO2	0.0035807888489216566
IRF8	ANXA5	0.0035804954823106527
STAT2	ABCG3	0.003579802578315139
IKZF1	MAPK1	0.003579786280170083
GATA2	ANXA2	0.003579510608687997
CBX7	PADI4	0.0035793250426650047
CBX7	SMPD4	0.0035793078131973743
IRF8	ME2	0.0035791790578514338
IKZF1	JUN	0.003579153213649988
JUN	FAM136A	0.0035790547262877226
IKZF1	CDT1	0.00357903097756207
CBX7	TM7SF3	0.0035789820831269026
HDAC2	MCM4	0.0035787709057331085
CBX7	SMPDL3A	0.0035784814972430468
CBX7	KRT18	0.0035784775391221046
JUN	NPLOC4	0.0035779245663434267
SATB1	POLE	0.0035775371361523867
IKZF1	NDUFA10	0.0035772109404206276
CBFB	RACGAP1	0.003577197203412652
JUN	NSD2	0.0035771848633885384
MEIS1	DOCK10	0.0035769257228821516
SPI1	POLR1B	0.0035768048837780952
FOXO1	FAM102B	0.0035767746157944202
NFAT5	MAN2A2	0.003576175309717655
SPI1	SATB1	0.003576165996491909
RAD51	SMC2	0.0035757599398493767
SPI1	RANBP3	0.0035757410805672407
STAT2	RTEL1	0.003575707320123911
HCFC1	SALL2	0.003575580194592476
SATB1	ZBTB20	0.0035750465467572212
IKZF1	CYBC1	0.003574935719370842
WDR5	PTCD3	0.0035744975320994854
SATB1	TBC1D9B	0.0035733936820179224
CBFB	TPM4	0.0035732011310756207
FOXO1	VAV3	0.0035731468815356493
SATB1	HSPH1	0.003572979010641575
IRF8	RCSD1	0.0035728004295378923
RAD21	CDK6	0.0035724889021366835
MYC	IFI203	0.0035724746994674206
WDR5	WDR43	0.0035721282474696636
SPI1	RGS18	0.0035716118291020393
GATA2	IARS	0.0035714306868612766
NFAT5	MTMR1	0.003571405541151762
HCFC1	RTEL1	0.003571279114112258
SATB1	JUN	0.0035711927339434624
NFAT5	ABHD17B	0.0035705675836652517
WDR5	HSPH1	0.0035704514011740685
CBX7	GALNT6	0.003570297732949257
CBFB	AURKB	0.003569674212485552
MEIS1	SETD2	0.0035695177502930164
NFAT5	SGPP1	0.0035694451071321964
SPI1	PFKP	0.0035694213584065437
FOXO1	IL12A	0.003568989224731922
MEIS1	EIF3B	0.0035685717593878508
STAT2	OSBPL8	0.0035681293811649084
SATB1	LIG1	0.003568096086382866
SATB1	ELAC2	0.003567568026483059
HCFC1	KIF20B	0.0035675284452736378
ELF1	CD53	0.003566338215023279
CBFB	NOLC1	0.003566050436347723
FOXO1	RPAP1	0.003565642051398754
GFI1B	HJURP	0.0035651526413857937
FOXO1	RRM2	0.0035649179480969906
STAT2	THSD1	0.003564754268154502
GATA2	XRCC6	0.003562393132597208
FOXO1	2610035D17RIK	0.0035623034927994013
IRF8	LYN	0.003562272759154439
FOXO1	POLR2B	0.0035621190909296274
STAT2	INCENP	0.0035618627443909645
FOXO1	FGL2	0.0035618371330201626
ELF1	RRM1	0.0035613311920315027
JUN	VSIR	0.0035612965002655983
STAT2	PHF6	0.003561286721378565
WDR5	WDR4	0.003561172168701887
STAT2	MYO1F	0.003561138641089201
CBFB	TFRC	0.003560512326657772
CBX7	SLC28A2	0.003560305805876851
NFAT5	ACSS1	0.0035602778661996126
NFAT5	ATG12	0.0035602033603936434
NFAT5	IIGP1	0.0035600136034190655
MEIS1	TECPR1	0.0035599619150161743
ELF1	PRMT7	0.003559882054105401
JUN	MARS	0.0035595030058175325
RPA2	IDH3A	0.003559486009180546
CBX7	PITPNC1	0.003559208707883954
CBX7	SLC25A46	0.0035591465421020985
SPI1	MED16	0.0035590059123933315
ELF1	FAM76B	0.0035589730832725763
NFAT5	PTTG1IP	0.003558944445103407
STAT2	PCLAF	0.0035586839076131582
GATA2	RANGAP1	0.003558629658073187
NFAT5	TMEM50B	0.003557957476004958
RAD21	CCDC50	0.00355782313272357
RPA1	IFRD2	0.003557549323886633
HCFC1	METAP1	0.0035575367510318756
STAT2	S100A6	0.0035574273206293583
FOXO1	MORC3	0.0035571157932281494
GFI1B	TMEM229B	0.003556987037882209
ELF1	NUS1	0.0035565090365707874
IKZF1	CTLA2A	0.003556333016604185
MEIS1	REL	0.003556302050128579
JUN	FCGR2B	0.003555871080607176
HCFC1	EPB41L4B	0.0035550417378544807
GFI1B	CD63	0.003554962808266282
FOXO1	5430427O19RIK	0.003554717870429158
ELF1	EZR	0.0035546801518648863
RAD21	HDAC7	0.0035543632693588734
CBFB	ANXA2	0.003554354188963771
HCFC1	INO80D	0.003553959308192134
GFI1B	MYL10	0.0035536347422748804
GFI1B	NDRG1	0.0035534356720745564
IKZF1	CCL4	0.0035533613990992308
NFAT5	CDC6	0.0035530980676412582
STAT2	RAB38	0.0035530743189156055
IKZF1	PRR5	0.003553008660674095
CBX7	PTGR1	0.003552983980625868
MEIS1	RPAP1	0.003552440321072936
SATB1	SNRNP200	0.003552246605977416
RAD21	GANAB	0.0035513800103217363
IKZF1	GNG12	0.003551091765984893
CBX7	CREBRF	0.0035509879235178232
HCFC1	INCENP	0.003550943685695529
SATB1	STX3	0.003550186986103654
STAT2	MTMR4	0.0035499720834195614
CBX7	MPI	0.003549946239218116
IKZF1	NAPSA	0.003549319924786687
STAT2	E2F8	0.0035489487927407026
STAT2	EFCC1	0.003548754146322608
ELF1	HERPUD1	0.0035485296975821257
MYC	SHMT1	0.0035484370309859514
HCFC1	TPX2	0.003548349952325225
NFAT5	NUP85	0.003548217937350273
MYC	DNM1L	0.0035482109524309635
GFI1B	FAM111A	0.003547883126884699
RPA1	MCM2	0.0035473916213959455
HDAC2	ADSL	0.0035471199080348015
MEIS1	EMILIN1	0.0035467820707708597
NFAT5	API5	0.00354676297865808
MEIS1	PSEN1	0.0035466637928038836
WDR5	PDIA4	0.0035461694933474064
FOXO1	ARID5A	0.0035461164079606533
RPA1	SMC2	0.0035460805520415306
CBFB	UHRF1	0.003545848187059164
GATA2	FES	0.0035453932359814644
FOXO1	IDH1	0.0035452055744826794
GATA2	IPO9	0.003545105457305908
ELF1	RAB31	0.00354505842551589
WDR5	ARL8B	0.0035450502764433622
WDR5	FOXRED1	0.003544796723872423
STAT2	NR3C2	0.0035442919470369816
RPA1	CHCHD10	0.003543954575434327
IKZF1	CEP55	0.0035436430480331182
HCFC1	MTFR1	0.003543621161952615
CBFB	PHF5A	0.0035432965960353613
JUN	LONP1	0.0035432421136647463
ELF1	MAPK1	0.003542945021763444
CBX7	RPAP1	0.0035428002011030912
ELF1	FBXW11	0.003542306600138545
CBFB	DNAJC5	0.00354170985519886
CBX7	IRF8	0.0035414753947407007
CBX7	MIR99AHG	0.0035413855221122503
CBX7	GNG12	0.0035413242876529694
MEIS1	TNFAIP2	0.003541309852153063
NFAT5	UPP1	0.0035412826109677553
GFI1B	ELF1	0.0035412816796451807
CBFB	STT3B	0.0035412407014518976
ELF1	TMEM33	0.003541134297847748
GATA2	PLA2G15	0.003541030455380678
IKZF1	ARCN1	0.00354080181568861
CBX7	GCLC	0.0035407517571002245
CBFB	IRF8	0.0035405729431658983
SATB1	USP42	0.003540095640346408
SATB1	WDR4	0.003539805067703128
JUN	GMFB	0.0035396080929785967
GFI1B	OSTM1	0.0035392073914408684
GFI1B	IFITM1	0.0035391354467719793
SPI1	FCGR2B	0.0035370916593819857
SATB1	PHKB	0.0035369645338505507
ELF1	FLNA	0.003536864649504423
NFAT5	RNF38	0.003536434378474951
SPI1	SIRPA	0.0035364285577088594
IKZF1	UBE2C	0.0035361596383154392
JUN	ACSS2	0.003535748925060034
GFI1B	CENPF	0.0035352599807083607
HCFC1	4833439L19RIK	0.003535113763064146
IKZF1	MYO1F	0.0035341735929250717
STAT2	SPI1	0.0035339833702892065
CBX7	CLPTM1L	0.0035339449532330036
HCFC1	SMPD4	0.0035335177090018988
ELF1	IFI44	0.003533377079293132
GATA2	HSPA1A	0.003533257870003581
IKZF1	JARID2	0.003533225506544113
CBX7	CENPL	0.003532516537234187
MYC	PLEK	0.003532399656251073
CBX7	NAV1	0.0035321142058819532
JUN	DDX1	0.003531966358423233
CBFB	RBPMS	0.003531775204464793
CBFB	NAA50	0.0035315859131515026
MEIS1	LMO4	0.0035314711276441813
CBX7	EPSTI1	0.003531030146405101
FOXO1	RAD51AP1	0.0035305172204971313
WDR5	MYO1G	0.0035303127951920033
STAT2	IGFBP4	0.0035298368893563747
RAD21	RAB44	0.0035293055698275566
GATA2	MICU1	0.003528916509822011
IKZF1	NFIA	0.0035288105718791485
IKZF1	MIR17HG	0.0035287898499518633
ELF1	DOK2	0.0035285698249936104
GATA2	SLC7A4	0.0035285688936710358
CBX7	KAT7	0.00352851883508265
CBFB	DNAJC9	0.0035284862387925386
IKZF1	KCTD12	0.0035283351317048073
GATA2	SYK	0.0035280599258840084
CBX7	CTSZ	0.0035273816902190447
SATB1	CCNB1	0.0035273772664368153
NFAT5	NPTN	0.0035269134677946568
CBX7	TRIM59	0.0035268410574644804
ELF1	RPTOR	0.0035265074111521244
WDR5	POLR2B	0.0035263248719274998
HDAC2	PSMG2	0.0035262075252830982
FOXO1	EFCC1	0.003526058979332447
WDR5	ORC6	0.0035259255673736334
JUN	OTULINL	0.003525838255882263
STAT2	MIR99AHG	0.003525424050167203
IKZF1	METAP1	0.003524831961840391
SATB1	MPI	0.003524783533066511
STAT2	ATP8B4	0.0035246838815510273
IKZF1	PTPRS	0.0035245355684310198
CBX7	ITIH5	0.0035243788734078407
RAD51	TIPIN	0.0035238228738307953
CBX7	ABCG2	0.0035235867835581303
SPI1	CS	0.003523467341437936
ELF1	OTUD6B	0.003523442195728421
JUN	ALDOC	0.0035232461523264647
JUN	TRMT11	0.0035231870133429766
SATB1	PRPF4	0.0035231474321335554
JUN	FDFT1	0.0035229178611189127
SPI1	SLC19A1	0.0035226703621447086
ELF1	SLC25A46	0.0035221523139625788
ELF1	ZFP53	0.0035220652353018522
MEIS1	APBB1	0.0035217106342315674
HCFC1	F630028O10RIK	0.0035216861870139837
SATB1	ATP11C	0.0035216694232076406
CBFB	RAP1B	0.003520730184391141
SATB1	ORC6	0.00352038093842566
MEIS1	ABCB10	0.0035198957193642855
SPI1	IL12A	0.003519579069688916
SPI1	SCARB1	0.0035192493814975023
JUN	ME2	0.003518820973113179
FOXO1	UTP4	0.0035187737084925175
RAD21	SVIP	0.003518706653267145
HCFC1	ACOT9	0.0035184877924621105
JUN	GM20559	0.0035178472753614187
IKZF1	EBF1	0.0035178454127162695
RAD21	CYBC1	0.0035178004764020443
NFAT5	PYGM	0.003517713164910674
WDR5	IARS	0.0035175082739442587
GFI1B	SESN1	0.0035170840565115213
GATA2	PWP2	0.003517077537253499
SPI1	ANXA5	0.0035169157199561596
HCFC1	UBE2C	0.0035166034940630198
SATB1	EMILIN1	0.003515989053994417
JUN	GANAB	0.003515823045745492
SPI1	HYOU1	0.003515646094456315
JUN	RNF38	0.003515451680868864
GATA2	DOCK10	0.0035152926575392485
EBF1	TUBA4A	0.0035152235068380833
SATB1	PPM1F	0.0035147597081959248
CBX7	MRPL37	0.003514746204018593
GATA2	SOAT1	0.003514649346470833
HCFC1	TRPS1	0.0035146104637533426
GFI1B	F11R	0.0035145296715199947
CBX7	RGS19	0.0035144335124641657
GATA2	FIGNL1	0.003514364128932357
GFI1B	GM4759	0.003513920586556196
FOXO1	TOP3B	0.003513447940349579
WDR5	QARS	0.0035134367644786835
ELF1	B230219D22RIK	0.0035124823916703463
STAT2	CDCA4	0.003512146882712841
STAT2	SPO11	0.0035114858765155077
SPI1	ZNRF2	0.0035112062469124794
IKZF1	ZC3H7A	0.0035111545585095882
STAT2	RNF38	0.003511125687509775
GATA2	TEAD2	0.003510626032948494
JUN	CCDC137	0.0035104749258607626
MYC	MIR17HG	0.0035093980841338634
MYC	PREP	0.0035086281131953
RAD51	NDC1	0.0035083855036646128
GATA2	PTPN7	0.0035081638488918543
FOXO1	NUBP2	0.0035078837536275387
JUN	GSR	0.0035077978391200304
IRF8	MIEF1	0.00350745371542871
EBF1	EIF2S1	0.003506383625790477
STAT2	CCL4	0.0035059149377048016
FOXO1	JPT2	0.003505496773868799
MEIS1	METAP1	0.003505186876282096
CBX7	CALCRL	0.003505065804347396
ELF1	TNPO1	0.0035050648730248213
MYC	TBC1D9B	0.003504742868244648
STAT2	QARS	0.0035043172538280487
STAT2	ZFAND5	0.0035042136441916227
STAT2	CBX7	0.003503414336591959
FOXO1	PSMD1	0.003503340994939208
HCFC1	MOGS	0.0035027707926928997
SATB1	ETF1	0.0035025975666940212
WDR5	SLC26A2	0.003502066247165203
GFI1B	TGTP1	0.0035018520429730415
FOXO1	CLEC12A	0.0035012864973396063
NFAT5	ALDH9A1	0.003501171711832285
JUN	BATF2	0.003500682534649968
JUN	SLC20A1	0.0035004590172320604
STAT2	SEC23IP	0.0035001947544515133
CBX7	XPNPEP1	0.0035000680945813656
GATA2	ORC2	0.0035000501666218042
NFAT5	CDC20	0.0034991048742085695
IRF8	POLE	0.0034986145328730345
GATA2	CERS6	0.003498523496091366
SATB1	IFRD2	0.0034984967205673456
ELF1	SELENOP	0.003498322796076536
CBX7	HSPA1A	0.0034982881043106318
GATA2	ARHGEF39	0.0034981579519808292
IKZF1	IGKC	0.0034977570176124573
GATA2	G6PDX	0.0034975120797753334
GATA2	CD48	0.0034974459558725357
JUN	ELP2	0.0034972806461155415
HCFC1	CAD	0.0034972375724464655
FOXO1	MAPK1	0.003497168654575944
STAT2	APLP2	0.003497165162116289
RAD21	NKG7	0.0034971004351973534
GATA2	RAP1B	0.0034969281405210495
CBX7	JUN	0.0034964068327099085
STAT2	RORA	0.0034959986805915833
SATB1	RANBP3	0.003495552344247699
MEIS1	GALNS	0.0034954978618770838
GATA2	ABL1	0.0034954561851918697
CBX7	SF3B3	0.0034950189292430878
JUN	CYP4V3	0.003494858741760254
ELF1	TBC1D10C	0.003494634758681059
CBX7	CSTF2	0.0034943476784974337
CBX7	PSMD1	0.0034943304490298033
SATB1	HIF3A	0.003494224278256297
CBX7	MYO1G	0.00349409063346684
GATA2	FARSA	0.003493957919999957
NFAT5	1700017B05RIK	0.0034939292818307877
SATB1	TSPAN3	0.0034934983123093843
MEIS1	ELMO2	0.0034933469723910093
RAD21	BCL2	0.0034929595421999693
NFAT5	RPA1	0.003492440562695265
STAT2	ABCB8	0.003492307150736451
CBX7	FSTL1	0.0034922633785754442
STAT2	JARID2	0.003492172108963132
CBFB	D1ERTD622E	0.003492130432277918
MEIS1	ARCN1	0.0034920666366815567
FOXO1	MXD3	0.003491635201498866
FOXO1	MCM5	0.003491206793114543
MEIS1	POLD1	0.003491054754704237
CBFB	GM1966	0.0034906254149973392
STAT2	EAF1	0.0034905585926026106
CBX7	SLC19A1	0.0034905471839010715
NFAT5	DENND1C	0.0034903488121926785
JUN	ELF1	0.0034898570738732815
GATA2	ADSL	0.0034896645229309797
GFI1B	ARID2	0.003489422146230936
STAT2	GRK3	0.0034893129486590624
IKZF1	ZFP367	0.0034890195820480585
IRF8	ITCH	0.003489001886919141
CBX7	IARS2	0.003488902235403657
MEIS1	CLPTM1L	0.003488802583888173
NFAT5	SIGLECG	0.0034885751083493233
GFI1B	OBSL1	0.003488303394988179
STAT2	CENPE	0.0034882761538028717
GATA2	SF3B3	0.0034882451873272657
MEIS1	ARRDC4	0.003488210728392005
HDAC2	CYFIP2	0.003487815149128437
CBX7	GBP7	0.0034877597354352474
WDR5	PA2G4	0.003487573703750968
RAD21	CLTC	0.003487110836431384
JUN	LMO4	0.003487055189907551
IKZF1	TMX4	0.0034868139773607254
STAT2	SLC2A3	0.0034867427311837673
IKZF1	NUF2	0.0034864284098148346
IKZF1	MOGS	0.0034862649627029896
GATA2	MTR	0.0034856628626585007
SATB1	CCR2	0.003485437948256731
CBX7	RB1	0.003485223976895213
GATA2	PAK1	0.0034851902164518833
FOXO1	GFI1B	0.003485076827928424
STAT2	SELENBP1	0.003485045162960887
NFAT5	PRPF4	0.003484804183244705
NFAT5	SUPV3L1	0.003484661690890789
RAD21	MFSD14B	0.0034845517948269844
RPA2	NUP93	0.0034845334012061357
SPI1	IRF9	0.003484514309093356
CBX7	SORL1	0.0034844938199967146
NFAT5	FAM76B	0.0034842919558286667
CBFB	EMID1	0.0034842053428292274
RPA2	RUVBL2	0.003483355976641178
GFI1B	CTC1	0.0034833482932299376
CBX7	FCGR3	0.003483339212834835
CBX7	NDUFS1	0.0034832970704883337
MEIS1	MTOR	0.003482997650280595
JUN	CYBC1	0.0034825410693883896
GATA2	AW112010	0.0034825375769287348
HDAC2	IPO9	0.003482434432953596
STAT2	VKORC1L1	0.0034816788975149393
FOXO1	FAM76B	0.0034811212681233883
MEIS1	NUPR1	0.00348063837736845
MEIS1	TMEM37	0.0034804546739906073
CBFB	MYB	0.003480310086160898
FOXO1	ITIH5	0.003480144077911973
GATA2	NDUFV1	0.0034800819121301174
CBX7	TENT5A	0.003479246748611331
GATA2	BTAF1	0.00347918807528913
SPI1	ELANE	0.003479182254523039
SATB1	SNRPB	0.0034785510506480932
MEIS1	ODC1	0.003478205995634198
MEIS1	PNCK	0.0034781564027071
NFAT5	XPC	0.0034774879459291697
GFI1B	EYA2	0.0034774646628648043
SATB1	BYSL	0.0034772208891808987
CBFB	RUVBL2	0.0034765400923788548
ELF1	NUDCD1	0.0034764325246214867
SATB1	MCM3	0.0034762246068567038
STAT2	FAM102B	0.0034755936358124018
HDAC2	UTP4	0.003475483041256666
JUN	PLA2G12A	0.0034750602208077908
SPI1	ANXA3	0.0034748432226479053
STAT2	NUP107	0.0034747165627777576
GFI1B	CD63-PS	0.003474525874480605
IRF8	PSTPIP1	0.003474440658465028
ELF1	ISG20	0.0034743642900139093
CBX7	MICU1	0.003474161261692643
GATA2	DCAF13	0.003474008059129119
STAT2	SLC30A5	0.00347364810295403
NFAT5	LRRC8B	0.003473072312772274
JUN	RBPMS	0.003472368000075221
WDR5	SGPP1	0.003472042502835393
CBX7	EMILIN1	0.0034719756804406643
STAT2	H2-DMA	0.003471717471256852
SPI1	MAPKAPK3	0.0034714259672909975
MEIS1	SNRNP200	0.0034711668267846107
MEIS1	SRM	0.0034709363244473934
RAD21	METTL27	0.0034705547150224447
FOXO1	NWD1	0.003470480674877763
HCFC1	GMCL1	0.003469798481091857
JUN	GM11346	0.003469483694061637
IKZF1	RMND5A	0.003469135845080018
HDAC2	ZHX1	0.003469071350991726
MYC	NUDT19	0.003468521637842059
IKZF1	KIF17	0.0034685127902776003
WDR5	TIMM50	0.003468500217422843
WDR5	PFKFB3	0.003468412673100829
MYC	ST6GALNAC4	0.0034683512058109045
CBX7	CENPF	0.0034676850773394108
ELF1	OSTM1	0.0034674545750021935
CBX7	SNRNP200	0.003467361442744732
FOXO1	SRM	0.0034668820444494486
CBX7	ASF1B	0.003466849448159337
GATA2	NAPRT	0.003466299967840314
CBX7	AI504432	0.003465934656560421
SPI1	SERP1	0.003465553978458047
MEIS1	IGTP	0.0034654047340154648
MEIS1	CENPL	0.0034650596790015697
NFAT5	BACE1	0.0034642661921679974
STAT2	MTO1	0.003464028937742114
STAT2	CCNF	0.0034638436045497656
ELF1	TNFRSF21	0.0034637912176549435
FOXO1	BACE1	0.0034636659547686577
HCFC1	MCM7	0.003463533939793706
CBFB	CDC7	0.0034634924959391356
MYC	ADAM17	0.0034632307942956686
MEIS1	STARD7	0.003463226370513439
GATA2	ATG12	0.0034632254391908646
FOXO1	TK1	0.0034629101864993572
WDR5	ALDH18A1	0.0034627458080649376
NFAT5	PPAT	0.0034627269487828016
IRF8	BTK	0.003462371649220586
CBFB	PSMD9	0.0034622543025761843
JUN	INO80D	0.0034616198390722275
MEIS1	TAF12	0.003461358370259404
STAT2	NPLOC4	0.0034612787421792746
JUN	ADSL	0.003461222629994154
HCFC1	RGS2	0.003460872685536742
SATB1	TRIM16	0.003460619831457734
STAT2	GLIPR2	0.003460389096289873
SPI1	MS4A3	0.0034596980549395084
WDR5	TM7SF3	0.0034589970018714666
SATB1	5430427O19RIK	0.003458265447989106
IKZF1	TIFAB	0.0034580372739583254
IRF8	PSMD6	0.00345772341825068
NFAT5	RGS2	0.003457501297816634
CBFB	NFAM1	0.0034573771990835667
CBX7	CAD	0.003457301529124379
GFI1B	ZFP945	0.0034570905845612288
FOXO1	UBR7	0.0034570666030049324
IKZF1	HSPH1	0.0034568870905786753
STAT2	IFRD2	0.0034568170085549355
MEIS1	XRCC3	0.0034561636857688427
JUN	SPTBN1	0.0034560610074549913
SPI1	MRPL20	0.0034556675236672163
SATB1	WDR43	0.0034556291066110134
HCFC1	KAT7	0.0034553033765405416
FOXO1	OBSL1	0.003455114085227251
IKZF1	EDEM1	0.003454839112237096
CBX7	ARHGEF39	0.0034548286348581314
HCFC1	MDN1	0.0034545287489891052
MYC	HMBS	0.0034543508663773537
GATA2	COLGALT1	0.0034541734494268894
NFAT5	TTLL12	0.003454029792919755
CBX7	PHKB	0.0034539264161139727
STAT2	PIK3IP1	0.00345374783501029
STAT2	CD48	0.003453359706327319
SATB1	DUT	0.0034533075522631407
IKZF1	JPT1	0.0034532316494733095
SPI1	STIP1	0.003453225130215287
GFI1B	PSEN1	0.0034530996344983578
CBX7	GRIA3	0.0034529471304267645
HDAC2	GTF2F1	0.0034527769312262535
GFI1B	ANXA1	0.0034523706417530775
NFAT5	5430427O19RIK	0.003451175522059202
EBF1	IGFBP4	0.00345078413374722
STAT2	DEF8	0.003450716845691204
ELF1	TOMM70A	0.00345062417909503
RAD21	SGMS1	0.0034500746987760067
FOXO1	NMD3	0.0034500036854296923
GFI1B	MORC3	0.003450003219768405
CBX7	JPT2	0.0034499242901802063
JUN	REL	0.0034498944878578186
CBX7	TNPO1	0.003449841169640422
NFAT5	SPIDR	0.0034498220775276423
HDAC2	CDC6	0.00344957341440022
RPA1	DNAJC9	0.0034495540894567966
FOXO1	FBXW11	0.0034487585071474314
RPA2	ORC6	0.003448736621066928
MYC	NSUN2	0.0034484982024878263
IKZF1	GM8113	0.003448447212576866
CBX7	ADSSL1	0.0034483440686017275
IRF8	S100A6	0.0034481920301914215
CBFB	EMB	0.0034476048313081264
SPI1	NKG7	0.0034475461579859257
GATA2	1700017B05RIK	0.0034471305552870035
STAT2	ZC3H7A	0.0034471077378839254
MEIS1	CDCA7	0.003446867223829031
RAD51	NUP85	0.0034466697834432125
CBX7	ARID3B	0.0034461200702935457
GATA2	COL4A2	0.0034450702369213104
GFI1B	SULT1A1	0.003445058362558484
FOXO1	IL6ST	0.003444862784817815
JUN	HACD3	0.003444833215326071
HDAC2	ABCG2	0.003444775938987732
CBX7	TTF2	0.0034444706980139017
GATA2	ME2	0.003444461850449443
IKZF1	RAD21	0.0034443875774741173
RPA2	DDX39	0.003443304216489196
CBX7	LY9	0.003443181747570634
RAD21	CDC7	0.003442946821451187
STAT2	KIF11	0.00344244297593832
WDR5	ETF1	0.0034420995507389307
RAD21	ATAD2	0.0034415782429277897
SPI1	GM1966	0.0034415593836456537
MYC	CKS1B	0.00344129279255867
RPA2	PRPS2	0.0034411989618092775
FOXO1	TXNDC11	0.0034411007072776556
STAT2	ANXA3	0.0034409223590046167
FOXO1	SGPP1	0.0034406338818371296
STAT2	LMO4	0.003440431784838438
STAT2	TTF2	0.0034402317833155394
CBFB	EPRS	0.003439483931288123
HDAC2	PPID	0.003439235268160701
CBFB	KNSTRN	0.003439167281612754
IKZF1	NEDD1	0.0034390680957585573
GATA2	RTEL1	0.003437693929299712
HDAC2	MIR17HG	0.0034376163966953754
IKZF1	NFATC2	0.0034376026596874
CBX7	PANX1	0.003437391249462962
MEIS1	ANXA2	0.0034371656365692616
STAT2	TNFRSF21	0.0034371339716017246
SATB1	BC005561	0.00343702407553792
CBX7	MFSD14B	0.0034366080071777105
IKZF1	IGFBP4	0.0034364010207355022
WDR5	ADO	0.0034363321028649807
JUN	GMIP	0.003436235710978508
CBX7	TEK	0.0034359293058514595
CBX7	HCFC1	0.0034355737734586
NFAT5	CD52	0.0034354527015239
CBX7	DHFR	0.0034350065980106592
STAT2	VPS35	0.003434395417571068
JUN	NUPR1	0.0034335823729634285
CBFB	FAR1	0.003433124627918005
JUN	CLEC12A	0.0034330999478697777
NFAT5	AKNA	0.003432975383475423
SATB1	TIMM50	0.003432480851188302
SPI1	TOP3B	0.0034323828294873238
STAT2	RPA2	0.0034323662985116243
CBX7	TMEM184C	0.0034321462735533714
ELF1	MAPKAPK3	0.0034320345148444176
STAT2	EBF1	0.0034315066877752542
NFAT5	PSME3	0.003431430086493492
NFAT5	CD44	0.0034314189106225967
STAT2	TGM2	0.0034313236828893423
CBFB	SEC24D	0.0034312824718654156
GATA2	MCM7	0.003431248478591442
GFI1B	GNS	0.0034308640751987696
FOXO1	KAT7	0.0034305003937333822
CBX7	NDC80	0.003430466167628765
STAT2	MS4A6C	0.003430387005209923
HDAC2	E2F4	0.0034303406719118357
STAT2	KIF17	0.00343026383779943
MYC	CD53	0.0034300368279218674
ELF1	LAP3	0.003430005395784974
CBX7	MYCT1	0.003429109463468194
CBX7	OTULINL	0.0034290137700736523
GFI1B	TRP53I11	0.0034289059694856405
FOXO1	SPPL2B	0.003428875934332609
CBX7	ARL6IP6	0.0034287578891962767
GATA2	TNIP3	0.003428395139053464
RPA1	MEMO1	0.0034280549734830856
IRF8	CUL3	0.0034280442632734776
MEIS1	CDC7	0.0034279748797416687
CBX7	ZFP24	0.003427451942116022
SPI1	AI506816	0.003427081508561969
MEIS1	LONP1	0.0034268696326762438
FOXO1	PPID	0.003426775336265564
HCFC1	1700017B05RIK	0.0034267352893948555
NFAT5	TMX4	0.0034265564754605293
RPA1	ORC6	0.003426139708608389
HCFC1	KNSTRN	0.003425378818064928
NFAT5	HDGF	0.0034252891782671213
IKZF1	TK1	0.003425104543566704
CBFB	NAV1	0.0034248260781168938
RPA1	HAT1	0.0034245692659169436
FOXO1	MPI	0.0034245464485138655
ELF1	USP37	0.0034245389979332685
GATA2	TOMM40	0.0034243904519826174
RAD21	GLRX5	0.0034235736820846796
JUN	NDUFA10	0.003423404647037387
JUN	POLD1	0.003422689624130726
HDAC2	ARL6IP6	0.003422256326302886
MEIS1	COLGALT1	0.0034220977686345577
JUN	SNHG5	0.003421829314902425
MEIS1	PANX1	0.0034212835598737
SATB1	ADORA2A	0.003420380176976323
STAT2	POLD1	0.0034203443210572004
CBX7	METAP1	0.003420311724767089
STAT2	WDR55	0.003419678658246994
IKZF1	GCNT2	0.0034196542110294104
MEIS1	PATL1	0.003419095417484641
NFAT5	SPC25	0.003418997162953019
IKZF1	PPP1CB	0.0034188544377684593
SATB1	MED16	0.0034187280107289553
SATB1	SLC26A2	0.003418650710955262
FOXO1	HMGB2	0.0034182651434093714
GATA2	CASP1	0.0034181149676442146
CBX7	MGAT1	0.003418032545596361
NFAT5	OTUD6B	0.0034177869092673063
SATB1	TFRC	0.0034176423214375973
RPA1	PRELID3B	0.003417524043470621
GFI1B	ORC2	0.0034171543084084988
FOXO1	TTLL12	0.0034171270672231913
RAD51	RPA2	0.0034166269470006227
NFAT5	ITCH	0.003416334046050906
STAT2	CAPG	0.0034162222873419523
NFAT5	CDC7	0.0034161219373345375
NFAT5	PRMT7	0.0034158865455538034
GATA2	DPP8	0.003415660699829459
CBFB	JPT2	0.00341558619402349
GFI1B	HID1	0.0034151338040828705
JUN	RNF4	0.0034150646533817053
RPA2	POLA2	0.0034140481147915125
SATB1	ACOT9	0.00341395172290504
MEIS1	SLCO4A1	0.003413358936086297
CBX7	WDR4	0.0034131205175071955
SPI1	UBE2L6	0.003412823425605893
CBFB	DNM1L	0.0034121982753276825
JUN	FIGNL1	0.003412127960473299
FOXO1	RAB38	0.0034120401833206415
STAT2	FBXW11	0.003411897225305438
MYC	MCM5	0.003411682089790702
SATB1	DHX33	0.0034116385504603386
GATA2	ELP2	0.0034116357564926147
HCFC1	CENPL	0.003411036916077137
CBFB	STOM	0.0034109309781342745
CBX7	ATP1B3	0.003410769160836935
JUN	FAM171A1	0.0034107661340385675
GATA2	CTSG	0.0034106343518942595
MEIS1	PRIM1	0.0034104017540812492
MYC	ACSS2	0.0034103617072105408
IRF8	ARL8B	0.003410256700590253
GFI1B	HDAC2	0.0034097270108759403
IKZF1	H1F0	0.003409253666177392
JUN	PREP	0.0034086457453668118
IRF8	MCM10	0.003408360993489623
MYC	MSH6	0.0034082517959177494
MEIS1	5430427O19RIK	0.0034079975448548794
CBX7	SLC31A1	0.0034075400326400995
RAD51	GATM	0.0034071390982717276
JUN	EPSTI1	0.003406743286177516
JUN	CBX7	0.0034065989311784506
NFAT5	MCM10	0.003406587988138199
MYC	FARSA	0.0034061474725604057
MEIS1	HEXA	0.003405751893296838
SATB1	RORA	0.0034056869335472584
HDAC2	PUS7	0.0034056033473461866
CBFB	STRAP	0.0034054287243634462
CBX7	CDCA3	0.0034050808753818274
FOXO1	ATG12	0.0034049502573907375
NFAT5	CKAP5	0.0034046561922878027
MEIS1	TAB1	0.003404260380193591
STAT2	NDC1	0.003403638256713748
FOXO1	MTCH2	0.003402549773454666
STAT2	FAM136A	0.0034023835323750973
NFAT5	NOP2	0.0034022987820208073
CBX7	IMMT	0.0034022750332951546
HDAC2	ATP13A1	0.0034020384773612022
JUN	TTLL12	0.0034018144942820072
FOXO1	RANGAP1	0.003401587950065732
NFAT5	CSGALNACT2	0.003401013556867838
HDAC2	NOP2	0.003400889690965414
CBX7	SEH1L	0.003400782123208046
IKZF1	PTCD3	0.003400764660909772
GATA2	UBL4A	0.003400695975869894
SPI1	WDR5	0.0034006184432655573
FOXO1	CCNE2	0.0034004647750407457
CBX7	TSC22D3	0.003400413552299142
CBX7	PLAA	0.0034002086613327265
SATB1	PRC1	0.0034001122694462538
IKZF1	ELF1	0.0034000768791884184
FOXO1	ETF1	0.0033998882863670588
STAT2	TINAGL1	0.0033988601062446833
JUN	MAPK1	0.003398858243599534
GATA2	TMEM97	0.003398539964109659
CBX7	ERGIC1	0.0033984908368438482
CBX7	ARHGAP15	0.0033981655724346638
RPA2	STIP1	0.003397556720301509
IRF8	RFC5	0.003397448919713497
CBFB	ALDH18A1	0.0033971581142395735
IKZF1	SGCE	0.003396289423108101
STAT2	URB2	0.0033957981504499912
NFAT5	RTEL1	0.0033957771956920624
CBFB	TMEM229B	0.0033954810351133347
RAD21	UHRF1	0.0033953823149204254
STAT2	MYO5A	0.003395241452381015
ELF1	TSC22D3	0.003395027481019497
CBFB	KIF20B	0.003394409315660596
HCFC1	RMND5A	0.0033943785820156336
CBFB	ORC2	0.0033940656576305628
RAD21	ZBTB20	0.00339277321472764
JUN	ATP6AP1	0.0033922989387065172
RAD21	SMC2	0.0033922421280294657
IRF8	SYNJ1	0.003392058191820979
HCFC1	MS4A3	0.003391844453290105
ELF1	NAA50	0.0033917322289198637
STAT2	NCAPG	0.0033916286192834377
NFAT5	DNAJC5	0.0033912190701812506
HCFC1	IFRD2	0.0033910502679646015
SPI1	EZR	0.0033904651645570993
CBX7	DDX39	0.0033890316262841225
JUN	NDRG1	0.003388953860849142
GATA2	MAMDC2	0.0033888041507452726
CBX7	LY6C2	0.003388135228306055
STAT2	PRC1	0.003388133365660906
MEIS1	SLC35E1	0.003387490753084421
STAT2	CRISPLD1	0.0033874877262860537
CBX7	RNF38	0.0033872483763843775
GATA2	ADO	0.0033871252089738846
NFAT5	PRKCD	0.003386980853974819
HCFC1	PLAC8	0.003386965487152338
CBX7	CSGALNACT2	0.003386822994798422
SATB1	EDEM1	0.003386559896171093
RPA2	DCK	0.003386504715308547
MEIS1	KIF22	0.0033858665265142918
FOXO1	EMILIN1	0.0033852222841233015
CBX7	RAD21	0.0033848483581095934
NFAT5	G6PDX	0.0033844809513539076
MYC	IMMT	0.0033842267002910376
SPI1	CST7	0.003384082345291972
HDAC2	1700017B05RIK	0.0033838136587291956
FOXO1	STT3A	0.003383358707651496
RPA1	TIPIN	0.003383290721103549
JUN	LY9	0.003383286064490676
STAT2	CDCA3	0.003383002011105418
MYC	9530068E07RIK	0.0033826157450675964
WDR5	MYB	0.0033824911806732416
IRF8	YPEL3	0.003382295835763216
CBFB	MPO	0.00338211702182889
ELF1	NOL9	0.003382059745490551
FOXO1	ANXA3	0.0033817156217992306
CBX7	5430427O19RIK	0.0033815817441791296
IRF8	ATF7	0.003381134010851383
SATB1	CDT1	0.0033810455352067947
IKZF1	PCMTD1	0.003380683483555913
EBF1	MYC	0.0033802560064941645
IRF8	SESN1	0.003380050417035818
STAT2	ABCE1	0.0033799386583268642
MYC	RPP40	0.0033798220101743937
RAD21	ZBTB16	0.0033796648494899273
JUN	VPS16	0.0033793437760323286
RPA1	JPT2	0.0033789356239140034
CBX7	MEMO1	0.0033789221197366714
SATB1	KNSTRN	0.0033785481937229633
IKZF1	SELENBP1	0.0033777710050344467
FOXO1	RASSF4	0.003377645742148161
CBFB	THSD1	0.003377573098987341
IKZF1	PTPN7	0.003377470886334777
RAD51	SLC35B4	0.00337729649618268
ELF1	NEDD1	0.003377187065780163
ELF1	AFAP1L1	0.003376909764483571
MYC	FARSB	0.0033768643625080585
ELF1	CENPL	0.003376469248905778
CBFB	HCFC1	0.0033761935774236917
IRF8	NRROS	0.0033760820515453815
CBX7	SLC35A4	0.003376066917553544
ELF1	GTF2F1	0.003376053413376212
SATB1	TMEM97	0.0033758122008293867
STAT2	FAR1	0.003375528147444129
CBX7	NUS1	0.0033753500320017338
HCFC1	SLC22A3	0.0033752715680748224
FOXO1	CTLA2B	0.0033748247660696507
STAT2	ANXA5	0.0033743770327419043
IRF8	5430427O19RIK	0.0033740100916475058
ELF1	VPS16	0.0033738194033503532
JUN	RPS6KA5	0.0033738177735358477
GATA2	CYFIP2	0.003373760264366865
WDR5	RAB31	0.0033731518778949976
SPI1	STOM	0.0033730734139680862
SATB1	CENPE	0.003372774226590991
MEIS1	GM20342	0.0033722876105457544
HCFC1	MAPK1	0.003371965605765581
MEIS1	ARL8B	0.003371956991031766
RAD21	NEAT1	0.0033719511702656746
IRF8	PCLAF	0.0033718349877744913
MEIS1	ORC6	0.0033717157784849405
WDR5	MTMR1	0.003371550003066659
IRF8	SPNS3	0.0033713001757860184
CBX7	NPLOC4	0.003370944643393159
IKZF1	RETREG1	0.003369577694684267
MEIS1	ETF1	0.003368923207744956
SPI1	FGFR1OP	0.0033687620889395475
CBX7	MAPK1	0.003368631238117814
MYC	EMILIN1	0.0033677327446639538
MEIS1	TGFBR1	0.0033676396124064922
ELF1	NAMPT	0.003367158118635416
WDR5	SNRPB	0.0033671206329017878
ELF1	CSF3R	0.003367092926055193
MYC	BID	0.0033667623065412045
HCFC1	NUSAP1	0.003366642165929079
GATA2	GTF2H1	0.00336624076589942
STAT2	HAAO	0.003365706652402878
CBX7	RMND5A	0.0033655324950814247
FOXO1	DHRS3	0.0033652433194220066
MYC	DTL	0.0033652218990027905
MEIS1	STIP1	0.003364918055012822
NFAT5	MAMDC2	0.003364781616255641
ELF1	DOCK11	0.003364637726917863
IKZF1	CTC1	0.0033646239899098873
IKZF1	C030034L19RIK	0.003364109667018056
RAD51	MIS12	0.0033640554174780846
MEIS1	NUBP2	0.003363746451213956
CBX7	MDN1	0.003363413270562887
IKZF1	CENPF	0.0033633760176599026
CBFB	PHB2	0.0033633667044341564
FOXO1	MCM3	0.0033632207196205854
ELF1	DOCK10	0.003362767631188035
IRF8	JCHAIN	0.00336270360276103
ELF1	IGFBP4	0.003362449584528804
SPI1	TMEM43	0.003362255170941353
MEIS1	TRPS1	0.0033622514456510544
STAT2	SULT1A1	0.0033621368929743767
JUN	SLC25A46	0.0033619655296206474
STAT2	SLC26A2	0.003361221170052886
IKZF1	SERP1	0.0033610558602958918
MEIS1	NOL9	0.0033610474783927202
ELF1	UQCRFS1	0.0033609855454415083
RAD21	TMX3	0.0033608009107410908
CBX7	IDH1	0.0033596560824662447
STAT2	BC035044	0.003359519876539707
CBFB	LSP1	0.0033593743573874235
JUN	VAV3	0.0033592069521546364
EBF1	CD34	0.003358939429745078
NFAT5	POLE3	0.0033583224285393953
RAD21	SLCO3A1	0.0033581487368792295
FOXO1	SMC2	0.003357660723850131
MEIS1	SNAP23	0.0033575815614312887
RPA2	CCNE2	0.0033571370877325535
FOXO1	OSBPL8	0.003356972010806203
CBFB	STARD7	0.003356709610670805
IKZF1	TAB1	0.0033566830679774284
RAD21	TMEM33	0.0033565571065992117
GFI1B	CLPTM1L	0.003356323577463627
NFAT5	VKORC1L1	0.003356079338118434
MYC	CKS2	0.0033560313750058413
GFI1B	CKS2	0.0033555945847183466
GATA2	CCDC137	0.0033546339254826307
ELF1	SLC7A4	0.0033537757117301226
SATB1	SNAP47	0.0033537629060447216
STAT2	SELL	0.003353661159053445
ELF1	ATG12	0.0033521787263453007
GFI1B	TUBGCP3	0.0033521419391036034
GFI1B	NUPR1	0.003351999679580331
JUN	SUPV3L1	0.003351339604705572
HCFC1	GMNN	0.0033506471663713455
STAT2	CERK	0.0033496986143290997
MYC	MEIS1	0.0033492837101221085
IKZF1	TCIRG1	0.003349051810801029
MYC	PSMC2	0.00334902829490602
HCFC1	CCNF	0.003348887898027897
IRF8	JUN	0.003348630852997303
IKZF1	ZFP467	0.0033484483137726784
FOXO1	LHCGR	0.003348322818055749
MYC	JPT1	0.003347831079736352
ELF1	DNAJC5	0.003347586141899228
MEIS1	EEF1E1	0.003346456214785576
SPI1	SLC43A3	0.0033456820528954268
STAT2	DHX33	0.003345391247421503
RAD21	FCHO2	0.00334536237642169
CBX7	WSB1	0.003345329547300935
CBFB	MEIS1	0.003345254808664322
NFAT5	ACOX3	0.0033449281472712755
GFI1B	FAM189B	0.003344868076965213
FOXO1	UBASH3A	0.003344794735312462
CBX7	WDR55	0.0033446899615228176
MYC	SNHG5	0.0033445407170802355
MEIS1	WSB1	0.0033442953135818243
STAT2	SERP1	0.0033440233673900366
GFI1B	NWD1	0.003343905322253704
CBFB	MYO1G	0.0033436997327953577
STAT2	LCP2	0.003343637101352215
SATB1	IL27RA	0.0033434503711760044
RAD21	NFAT5	0.003342588897794485
GFI1B	FLNA	0.003342194715514779
SPI1	RPP40	0.0033418815582990646
ELF1	PHF10	0.0033418729435652494
HCFC1	MYB	0.0033418352250009775
FOXO1	RASA4	0.0033409351017326117
HCFC1	DNAJC5	0.003340916009619832
CBFB	NUDT19	0.0033401940017938614
NFAT5	CD63-PS	0.0033401597756892443
STAT2	PEAR1	0.003340094117447734
JUN	MCM4	0.003339930670335889
JUN	SERPINB6A	0.0033396207727491856
ELF1	INO80D	0.0033392230980098248
STAT2	GM5111	0.003339174436405301
RAD21	MS4A3	0.0033384922426193953
STAT2	MICU1	0.003338361857458949
IKZF1	TYROBP	0.003338293405249715
JUN	PCMTD2	0.003338196547701955
HCFC1	AURKA	0.0033377851359546185
CBX7	TMEM229B	0.003337657079100609
STAT2	MIS18BP1	0.003337541129440069
IKZF1	FOXO1	0.0033374938648194075
NFAT5	NDUFV1	0.0033374314662069082
CBX7	VAV1	0.0033373082987964153
ELF1	GPD1L	0.003337208414450288
HCFC1	NCAPH	0.0033369173761457205
FOXO1	HSPA4	0.0033368426375091076
FOXO1	ELP2	0.0033368016593158245
MYC	CSGALNACT1	0.0033367881551384926
STAT2	NFAM1	0.00333676696754992
MEIS1	POLR1B	0.003336588852107525
IKZF1	SLA	0.0033364170230925083
CBX7	ANKRD44	0.003336285473778844
JUN	ORC2	0.0033362763933837414
ELF1	RTP4	0.0033358305227011442
RAD21	G6PDX	0.0033356728963553905
STAT2	LMAN2L	0.003335502464324236
FOXO1	XPC	0.0033351776655763388
ELF1	FEM1B	0.0033347446005791426
SPI1	MTREX	0.003334565320983529
SATB1	FAR1	0.0033343045506626368
SPI1	RASA4	0.0033340875525027514
IKZF1	STOM	0.0033340658992528915
HCFC1	GATM	0.003334017703309655
SPI1	ATP6AP2	0.0033336554188281298
WDR5	PUS7	0.003333538770675659
FOXO1	HID1	0.003333095461130142
IRF8	AURKB	0.003332502907142043
RAD51	RACGAP1	0.003331697778776288
MYC	SARAF	0.003331135492771864
SPI1	NDUFA10	0.003330948995426297
CBFB	GCLC	0.0033307697158306837
EBF1	NOLC1	0.003330417675897479
CBX7	CTLA2A	0.0033295631874352694
CBX7	UAP1	0.003329506842419505
GATA2	PLEK	0.003329037455841899
NFAT5	NFATC2	0.003328944556415081
IRF8	SLC44A2	0.0033287203405052423
STAT2	YBX1	0.003328110557049513
SPI1	IKZF1	0.003327887738123536
GATA2	MDN1	0.003327396232634783
IKZF1	GNL3	0.0033272088039666414
FOXO1	CRISPLD1	0.0033268590923398733
IRF8	MPI	0.0033268146216869354
CBFB	ERCC8	0.0033267252147197723
IRF8	EML4	0.003326617181301117
MEIS1	CENPO	0.003326430916786194
RPA2	ORC2	0.003326383652165532
CBX7	LMO4	0.003326165722683072
CBX7	DEK	0.0033253312576562166
JUN	USP10	0.0033251731656491756
RPA1	CAD	0.0033249775879085064
JUN	PDIA4	0.0033247696701437235
CBX7	EEF1E1	0.0033245838712900877
STAT2	CSAD	0.003324402030557394
CBFB	PUS7	0.0033242274075746536
NFAT5	UBAC1	0.003324120305478573
SPI1	ABHD17B	0.0033240546472370625
RAD21	UBAC1	0.0033235882874578238
CBX7	KCNQ1OT1	0.0033231533598154783
SPI1	GLRX5	0.0033230199478566647
GATA2	HMGB2	0.003322936361655593
MYC	MCM7	0.003322872333228588
WDR5	SCARB1	0.003322466742247343
SATB1	MBNL3	0.003322213888168335
STAT2	GCNT2	0.0033218488097190857
RAD21	POLR2B	0.0033217601012438536
SPI1	CYB5R1	0.0033217514865100384
CBFB	CENPL	0.003321589669212699
GATA2	FTSJ3	0.003321385011076927
HDAC2	WDR4	0.0033209738321602345
JUN	PIP4K2A	0.003320300253108144
CBFB	REXO2	0.003319510957226157
STAT2	AI504432	0.0033192960545420647
CBX7	OTUD4	0.0033192909322679043
JUN	MCM2	0.0033190418034791946
IKZF1	CENPA	0.0033188078086823225
MEIS1	SLCO3A1	0.003318805480375886
SPI1	CD68	0.0033187842927873135
STAT2	IL21R	0.0033187579829245806
NFAT5	NEAT1	0.003318293485790491
STAT2	ACAA2	0.003318158909678459
RPA2	SDF2L1	0.0033181048929691315
RAD21	STT3A	0.003318101866170764
CBX7	ANXA2	0.0033180753234773874
HCFC1	TIMM29	0.0033173542469739914
SATB1	CLEC12A	0.0033173272386193275
GFI1B	ATAD1	0.00331726367585361
ELF1	GMCL1	0.0033171093091368675
FOXO1	MCM7	0.003316991962492466
CBX7	EMB	0.0033169465605169535
FOXO1	UBA2	0.003316907910630107
GFI1B	HLF	0.0033166874200105667
IKZF1	PHF5A	0.0033164473716169596
CBX7	ARHGEF18	0.0033164341002702713
CBX7	C030034L19RIK	0.003316225716844201
CBFB	1700017B05RIK	0.0033159879967570305
FOXO1	NKG7	0.0033159267622977495
RAD21	KCTD20	0.003315873444080353
IKZF1	CDCA3	0.0033157982397824526
HCFC1	WDHD1	0.003315666923299432
FOXO1	CDCA8	0.0033154524862766266
GATA2	EIF3B	0.003315333276987076
IKZF1	HACD3	0.00331513793207705
JUN	CTSL	0.003314314177259803
HDAC2	PHB2	0.0033141830936074257
CBX7	USP10	0.003313949564471841
IRF8	DNAJC10	0.0033139369916170835
FOXO1	STOM	0.0033136573620140553
CBFB	GFM1	0.0033134031109511852
RAD21	SPTBN1	0.0033132946118712425
ELF1	ANXA1	0.0033128114882856607
NFAT5	CTTN	0.003312229411676526
ELF1	HSPH1	0.0033122061286121607
RPA1	WDHD1	0.0033121516462415457
ELF1	GLRX5	0.003312062006443739
GFI1B	NFE2	0.0033117025159299374
STAT2	CHCHD10	0.0033113998360931873
CBX7	MED16	0.0033109330106526613
ELF1	GNG12	0.003310831729322672
MEIS1	CSGALNACT2	0.003310219617560506
ELF1	RMND5A	0.003310088999569416
STAT2	VDR	0.0033097914420068264
ELF1	GANAB	0.003309780964627862
ELF1	GM20559	0.0033097187988460064
JUN	GEMIN5	0.0033097064588218927
CBX7	SLC39A6	0.003309398191049695
CBFB	IGHM	0.0033092601224780083
CBX7	NMD3	0.0033087919000536203
RAD21	TOMM70A	0.0033087823539972305
MEIS1	SPPL2B	0.003308379091322422
SPI1	CYBC1	0.0033083357848227024
RAD21	GIMAP1	0.003307234263047576
IRF8	LMAN2L	0.00330716441385448
RPA2	CBX5	0.003307038452476263
GFI1B	SMPD4	0.003307020291686058
NFAT5	CISH	0.003306963946670294
IRF8	NAMPT	0.0033063236624002457
FOXO1	LAPTM4B	0.0033057096879929304
STAT2	MAN2A2	0.0033056626562029123
JUN	OASL2	0.0033054794184863567
STAT2	FLNB	0.0033054507803171873
WDR5	FARSB	0.003305395832285285
FOXO1	MTMR4	0.0033050156198441982
CBX7	MLKL	0.0033047031611204147
RAD21	FLNB	0.003304537385702133
RPA2	TOMM40	0.003304397687315941
RPA1	NCAPG	0.003304162295535207
STAT2	FGGY	0.0033041054848581553
WDR5	UTP4	0.003303585108369589
RPA2	FAM111A	0.0033031925559043884
MEIS1	PHF10	0.0033027557656168938
SATB1	LCP2	0.0033022963907569647
CBX7	ALDH18A1	0.003301420249044895
JUN	CD34	0.0033013769425451756
JUN	ADORA2A	0.003301003249362111
RAD21	TFG	0.0033003664575517178
WDR5	DNM1L	0.0033002637792378664
SATB1	TNFRSF21	0.0033000835683196783
GFI1B	RGS18	0.003299749456346035
STAT2	GM20342	0.0032994449138641357
RAD21	RUVBL2	0.0032994416542351246
NFAT5	CD244A	0.0032990709878504276
CBX7	PTPRE	0.0032985482830554247
NFAT5	METAP1	0.003298400901257992
IKZF1	ITCH	0.0032981550320982933
SPI1	FAM136A	0.0032979862298816442
CBFB	ATG12	0.003297951305285096
MYC	PRIM1	0.0032978937961161137
RAD21	ST8SIA4	0.0032972311601042747
IRF8	CTR9	0.0032970549073070288
GATA2	CYC1	0.003297020448371768
NFAT5	PRELID3B	0.0032969412859529257
GATA2	DOCK11	0.0032964623533189297
CBX7	RPS6KA5	0.00329641904681921
MEIS1	SUPV3L1	0.0032962660770863295
STAT2	CNN3	0.0032960043754428625
CBFB	TPX2	0.0032958639785647392
GFI1B	RORA	0.0032956479117274284
NFAT5	GANAB	0.0032954493071883917
SATB1	SEC23IP	0.0032953915651887655
RAD21	CALCRL	0.0032950115855783224
CBX7	NDUFV1	0.003294691676273942
IRF8	MCM2	0.0032946483697742224
NFAT5	NAPRT	0.003294568508863449
STAT2	CEP55	0.0032945466227829456
IRF8	IFI203	0.0032937852665781975
STAT2	NDRG1	0.0032936781644821167
GATA2	ZDHHC13	0.0032930735033005476
CBX7	ELAC2	0.003292599692940712
FOXO1	PSMG2	0.003292514244094491
GFI1B	UBA2	0.0032924888655543327
GFI1B	MYB	0.0032913065515458584
SATB1	HCFC1	0.0032912178430706263
IKZF1	PIK3IP1	0.0032911538146436214
MEIS1	STT3A	0.003290941473096609
JUN	CDC6	0.0032905631233006716
SPI1	CNIH1	0.0032901440281420946
HCFC1	SAMD9L	0.00328984041698277
RAD21	TAF12	0.003289496060460806
CBFB	TIMM50	0.0032894168980419636
FOXO1	MILR1	0.003289174987003207
SATB1	MYO5A	0.0032879896461963654
ELF1	RNF4	0.0032878085039556026
MYC	USP14	0.003287672530859709
CBFB	IMMT	0.003287449013441801
STAT2	UHRF1	0.003287187311798334
RPA1	DLST	0.0032868231646716595
CBX7	PSMD6	0.0032862124498933554
CBFB	CD244A	0.0032862008083611727
ELF1	CLPTM1L	0.0032860280480235815
FOXO1	GATM	0.0032858189661055803
GATA2	ITIH5	0.0032857898622751236
STAT2	LSP1	0.003285750513896346
SPI1	NCLN	0.0032855209428817034
WDR5	HACD3	0.003285054350271821
FOXO1	PKIB	0.0032850501593202353
HCFC1	UBL4A	0.0032849255949258804
STAT2	CENPF	0.0032849048729985952
GATA2	HID1	0.0032847828697413206
SATB1	KAT7	0.0032844829838722944
SPI1	GM19590	0.0032840678468346596
MEIS1	NOP2	0.003283511148765683
GATA2	VPS35	0.0032833246514201164
GATA2	ARRDC4	0.003282881109043956
CBX7	STT3A	0.003282540710642934
SATB1	TOPORS	0.003282372374087572
HCFC1	HMBS	0.003282316494733095
JUN	CD68	0.003282264806330204
STAT2	GLRX5	0.0032821428030729294
GATA2	PPP1CB	0.0032821176573634148
CBFB	UBA2	0.00328205362893641
CBX7	GRK3	0.0032819018233567476
CBX7	RBPMS	0.003281900193542242
RPA1	RPA2	0.00328166619874537
STAT2	MKI67	0.003281245706602931
GFI1B	SETD2	0.003280914155766368
GATA2	GEMIN5	0.0032809071708470583
SATB1	CSAD	0.00328090344555676
MEIS1	RUVBL2	0.003280688775703311
IKZF1	DDX60	0.003280563047155738
FOXO1	CD244A	0.0032800843473523855
FOXO1	TMEM37	0.0032800615299493074
CBX7	OSBPL8	0.003279805649071932
SATB1	ECT2	0.003279759781435132
JUN	EFTUD2	0.0032795562874525785
SATB1	POLR2B	0.0032795278821140528
NFAT5	INCENP	0.0032794876024127007
GATA2	ELMO2	0.0032788708340376616
RPA2	PPID	0.0032788002863526344
RAD21	MECOM	0.0032787928357720375
FOXO1	UBAC1	0.003278736723586917
JUN	MSMO1	0.0032786321826279163
CBX7	LY86	0.003278537653386593
HDAC2	CTSL	0.0032783367205411196
STAT2	SMARCA2	0.0032779339235275984
IRF8	PPP1R15A	0.0032775194849818945
ELF1	IFRD2	0.003277263604104519
SATB1	NUDT19	0.003276798175647855
CBX7	ZDHHC13	0.003276712726801634
RPA1	SMPD4	0.0032765567302703857
CBFB	TUBA4A	0.0032764291390776634
RAD21	MINDY3	0.0032762072514742613
IKZF1	TMEM33	0.0032753983978182077
IKZF1	ATP13A1	0.0032752694096416235
CBX7	SGCE	0.0032752584666013718
CBX7	CASP12	0.0032749567180871964
JUN	IFI27L2A	0.003274868708103895
SPI1	ADAM17	0.00327483587898314
NFAT5	EMB	0.0032746298238635063
RPA1	PLA2G12A	0.00327461794950068
IRF8	SOAT1	0.003274282906204462
STAT2	ATP6AP1	0.003274135524407029
GFI1B	THSD1	0.0032740046735852957
SPI1	ADSL	0.0032737571746110916
MYC	ARL11	0.0032732104882597923
HCFC1	SNAP47	0.0032729634549468756
JUN	ITCH	0.0032724658958613873
JUN	TNFAIP2	0.0032723192125558853
GATA2	ATAD1	0.0032722956966608763
IRF8	C030034L19RIK	0.003272213041782379
NFAT5	CIPC	0.003272050991654396
SPI1	FUCA2	0.0032720244489610195
IRF8	FCGR2B	0.003271797439083457
IKZF1	INO80D	0.0032717855647206306
JUN	CYP2J9	0.0032714440021663904
IKZF1	FIGNL1	0.003271223045885563
WDR5	CD93	0.003271192777901888
IRF8	TBL3	0.003270951798185706
RAD21	TENT5A	0.003269980428740382
IRF8	IFI27L2A	0.003269774606451392
SATB1	GANAB	0.0032697401475161314
HDAC2	ISYNA1	0.0032697124406695366
SPI1	FEM1B	0.003269326640293002
SATB1	NMD3	0.003269305219873786
GFI1B	ALDH9A1	0.003268904285505414
FOXO1	H2-DMA	0.0032686295453459024
FOXO1	SYNJ1	0.00326854782178998
RAD21	DHX33	0.0032683226745575666
RAD21	SLC7A4	0.003268213476985693
JUN	TEX10	0.003267674706876278
WDR5	CUL3	0.0032676018308848143
IKZF1	MYL10	0.0032672546803951263
GFI1B	ZFP322A	0.003266902407631278
SPI1	HMGB3	0.0032664118334650993
SPI1	LAP3	0.0032662958838045597
STAT2	IL6ST	0.0032661142759025097
SATB1	BTAF1	0.0032659682910889387
SATB1	GEMIN5	0.0032655037939548492
STAT2	ENPP5	0.003265381557866931
GATA2	USP42	0.003265374805778265
ELF1	SPNS3	0.0032642162404954433
SATB1	ATAD1	0.003263307036831975
SPI1	FASTKD3	0.003262824146077037
IKZF1	KIF22	0.003262668615207076
HCFC1	HEXA	0.0032619216945022345
WDR5	MSH6	0.0032618821132928133
WDR5	TMEM33	0.003261716803535819
ELF1	LACTB	0.003261551493778825
IKZF1	CKAP5	0.0032614911906421185
ELF1	HDAC7	0.003261163365095854
SPI1	TOMM40	0.003260773839429021
ELF1	5430427O19RIK	0.0032607177272439003
ELF1	UBASH3A	0.003260682336986065
RAD21	TFRC	0.003260668134316802
MYC	MTO1	0.003260640427470207
GATA2	CST7	0.003260354045778513
GFI1B	ANKRD44	0.003260334488004446
SATB1	LAP3	0.003260122612118721
GATA2	ELF1	0.0032591442577540874
SATB1	EPB41L4B	0.003258323296904564
GATA2	NUP155	0.0032581044360995293
MYC	TMEM33	0.00325767626054585
NFAT5	IARS	0.003257589414715767
SATB1	ITIH5	0.0032571088522672653
GATA2	TTF2	0.003256590338423848
STAT2	ZFP322A	0.0032565202564001083
CBX7	CFP	0.0032565004657953978
ELF1	VAV1	0.003256499534472823
HCFC1	CTSZ	0.0032564974389970303
MEIS1	SPIDR	0.0032564885914325714
ELF1	CAMK2D	0.0032562643755227327
GFI1B	LONP1	0.00325611955486238
SPI1	SARAF	0.00325591117143631
SATB1	ERLIN1	0.0032558192033320665
GFI1B	LZTS1	0.0032556999940425158
NFAT5	DUS1L	0.003255699761211872
IKZF1	PSMG2	0.0032556597143411636
SATB1	FAM111A	0.0032555884681642056
STAT2	TRAP1	0.003255382413044572
CBFB	EFTUD2	0.003254740731790662
MEIS1	TBC1D5	0.0032546925358474255
STAT2	SCARB1	0.003254426410421729
FOXO1	MSH6	0.003254146780818701
MYC	JPT2	0.003253630129620433
CBFB	PTCD3	0.003253581700846553
CBX7	RPN1	0.003253508359193802
RAD51	MBNL3	0.003253445727750659
GFI1B	RTP4	0.0032534326892346144
STAT2	ATG12	0.0032532045152038336
SATB1	HARS	0.003253184724599123
WDR5	RANBP3	0.0032527598086744547
HCFC1	CTPS	0.0032517793588340282
IRF8	PRIM2	0.0032509113661944866
ELF1	UBE2C	0.003250829176977277
STAT2	TARS	0.00325080961920321
FOXO1	PRIM1	0.003250281559303403
ELF1	ATAD1	0.003250076901167631
RAD21	MIEF1	0.0032498231157660484
CBFB	INTS8	0.003249323694035411
SATB1	ITPR1	0.003249251749366522
HDAC2	MCM3	0.0032490743324160576
GFI1B	TUBA4A	0.003248919965699315
WDR5	PWP2	0.0032484205439686775
SPI1	FRRS1	0.0032482973765581846
RAD21	ZFP24	0.0032479874789714813
IKZF1	NDUFS1	0.0032478971406817436
CBX7	SPNS2	0.003247884102165699
CBX7	LRRC59	0.0032469513826072216
NFAT5	TOR3A	0.0032468861900269985
SPI1	ETF1	0.00324670085683465
NFAT5	NUDT4	0.003246353007853031
MEIS1	CNIH1	0.0032461618538945913
IRF8	MTREX	0.003245915984734893
SATB1	ZNRF2	0.003245309926569462
SATB1	POLE3	0.003245218889787793
MEIS1	MTMR4	0.0032450202852487564
IKZF1	IRF8	0.003244854975491762
STAT2	MTUS1	0.003244640538468957
STAT2	ATAD2	0.003244374878704548
IKZF1	HASPIN	0.00324433296918869
IKZF1	PPAT	0.003244296880438924
CBX7	UQCRFS1	0.003243272425606847
WDR5	TOP3B	0.003243084065616131
SPI1	ATP8B4	0.0032428610138595104
STAT2	PTPN7	0.0032427951227873564
STAT2	TGFBR1	0.0032416372559964657
EBF1	PA2G4	0.003241112222895026
GFI1B	ZFP467	0.0032410849817097187
GATA2	NFAM1	0.0032405671663582325
JUN	EFCC1	0.003240496851503849
GATA2	HACD3	0.003239989746361971
FOXO1	PSME3	0.0032388900872319937
IKZF1	SPTBN1	0.003238861681893468
HDAC2	TRIM35	0.0032384339720010757
CBFB	PPP1R15A	0.003238367848098278
MEIS1	ZDHHC13	0.003238224657252431
CBFB	MTCH2	0.003237841883674264
JUN	HJURP	0.003237372264266014
NFAT5	SSH3	0.0032371964771300554
IRF8	CLN5	0.003236395074054599
FOXO1	TOMM70A	0.0032355959992855787
STAT2	CST7	0.0032354232389479876
GFI1B	DUSP1	0.003235365031287074
FOXO1	PSMD9	0.0032353117130696774
GATA2	CDCA3	0.0032352255657315254
ELF1	RCOR1	0.0032348893582820892
HCFC1	NDC1	0.0032346206717193127
FOXO1	SHISA8	0.003234343370422721
NFAT5	GNG2	0.0032340430188924074
STAT2	PLAC8	0.0032337827142328024
MEIS1	POLR2B	0.0032337410375475883
RPA2	PNO1	0.0032336364965885878
JUN	FTX	0.0032334187999367714
RPA1	UMPS	0.003233187599107623
ELF1	POLR2B	0.0032330991234630346
SPI1	SLC16A1	0.003232726128771901
GFI1B	RBPMS	0.0032325920183211565
MYC	NDUFS1	0.0032321992330253124
RPA1	DEK	0.00323211750946939
MEIS1	SVIP	0.003232094692066312
NFAT5	CDKN1C	0.0032320700120180845
NFAT5	LYN	0.0032317626755684614
MEIS1	MYO5A	0.0032317026052623987
FOXO1	ATP8B4	0.0032310253009200096
IKZF1	WDR43	0.0032309475354850292
SATB1	TCP11L2	0.0032308779191225767
GATA2	TRIM35	0.00323077873326838
WDR5	FLNB	0.0032306709326803684
SPI1	REXO2	0.003230590373277664
NFAT5	PHF11B	0.003230323316529393
JUN	ACLY	0.0032302679028362036
GFI1B	INTS8	0.003229686990380287
RAD21	MTCH2	0.0032291493844240904
GATA2	NOLC1	0.0032290590461343527
STAT2	PLXDC2	0.0032289642840623856
STAT2	ARRDC4	0.0032287382055073977
STAT2	RNF4	0.00322868418879807
MEIS1	GOLIM4	0.0032285091001540422
ELF1	REXO2	0.003227916778996587
NFAT5	SORL1	0.0032270336523652077
WDR5	NSUN2	0.003226551227271557
IKZF1	ZFAND5	0.003226478351280093
SATB1	SLA	0.0032262958120554686
IKZF1	AGPS	0.00322596519254148
RAD21	RARS	0.003225913969799876
ELF1	TSPAN2	0.003225106280297041
IRF8	HEXA	0.003224933287128806
GATA2	ATP13A1	0.003224532352760434
CBFB	BC035044	0.0032242152374237776
IKZF1	LRRC8B	0.0032240604050457478
WDR5	VKORC1L1	0.0032239737920463085
JUN	TOMM40	0.0032236757688224316
GFI1B	MAML3	0.0032232445664703846
FOXO1	PRODH	0.003223103703930974
RPA2	PSMC2	0.003223000792786479
CBX7	ACOX1	0.0032228976488113403
CBX7	TIMM50	0.0032225525937974453
STAT2	NMD3	0.0032224473543465137
SATB1	SLC25A38	0.0032223991584032774
IKZF1	KIF11	0.003222326748073101
MYC	STIP1	0.003222217783331871
IRF8	KNSTRN	0.0032222061417996883
STAT2	GM19590	0.003222180064767599
IKZF1	USP11	0.003222170053049922
FOXO1	BID	0.0032220634166151285
STAT2	SLC39A6	0.0032214848324656487
GFI1B	RUNX1T1	0.0032209260389208794
WDR5	TTLL12	0.003220856189727783
CBFB	MCM10	0.0032206850592046976
IKZF1	RUVBL2	0.0032200939022004604
CBX7	TPX2	0.0032199525739997625
IRF8	PIP4K2A	0.0032198727130889893
ELF1	PCMTD2	0.0032198349945247173
WDR5	SLC39A6	0.003219611942768097
GFI1B	PLSCR4	0.0032195989042520523
RPA2	ATP6AP1	0.0032189670018851757
RPA2	WDHD1	0.0032188992481678724
IKZF1	THADA	0.003218776313588023
FOXO1	RTEL1	0.003218617057427764
SATB1	ELP2	0.0032185297459363937
RPA2	SLC29A1	0.0032180598936975002
ELF1	URB2	0.003217842197045684
HCFC1	REL	0.003217799589037895
CBX7	NKG7	0.0032172943465411663
MEIS1	USP14	0.003217184217646718
RPA1	RAD51AP1	0.0032170116901397705
CBX7	MCM10	0.0032166491728276014
GATA2	MYL10	0.0032160948030650616
ELF1	GNL3	0.00321608386002481
IKZF1	TBC1D10C	0.0032160626724362373
GFI1B	ATG12	0.0032160331029444933
IKZF1	TARS	0.0032158910762518644
JUN	MUC13	0.0032158347312361
STAT2	GALNS	0.00321579584851861
RAD21	HDGF	0.003215417265892029
CBX7	CKAP2	0.003215290140360594
ELF1	UBL4A	0.0032148140016943216
EBF1	CTSZ	0.0032146861776709557
HDAC2	ZDHHC13	0.003214581636711955
STAT2	ACLY	0.0032143171411007643
HCFC1	RCSD1	0.0032142624258995056
NFAT5	FEM1B	0.0032140789553523064
JUN	TLR4	0.003213591407984495
GFI1B	USP14	0.003213390475139022
RAD51	TUBGCP2	0.0032133308704942465
SATB1	PLAA	0.003213251242414117
HDAC2	BID	0.0032128102611750364
STAT2	ELF1	0.003212360432371497
GFI1B	RCOR1	0.0032122358679771423
CBX7	ATRN	0.003211995819583535
CBX7	PTTG1IP	0.0032117157243192196
JUN	KPNA3	0.003211375093087554
NFAT5	NSUN2	0.0032113029155880213
CBFB	CCNB1	0.0032110237516462803
GFI1B	RAB31	0.003210844937711954
IKZF1	TTF2	0.00321025587618351
JUN	ADGRL4	0.0032099250238388777
CBX7	NDE1	0.003209271002560854
ELF1	H2AFX	0.0032090446911752224
CBFB	TRIM35	0.003208945505321026
GFI1B	TAB1	0.0032086253631860018
RAD21	ABCG3	0.0032083115074783564
GATA2	TMEM33	0.003208160400390625
SATB1	EMCN	0.0032081459648907185
MYC	CD52	0.0032074791379272938
STAT2	APOE	0.003207402303814888
JUN	SRM	0.003207304049283266
FOXO1	TNPO1	0.0032072702888399363
MEIS1	MCM2	0.0032069324515759945
NFAT5	SHMT1	0.003206810215488076
SPI1	CD82	0.0032068074215203524
NFAT5	ITM2A	0.0032067459542304277
STAT2	SPCS3	0.0032067380379885435
IKZF1	CNIH1	0.00320636760443449
JUN	EIF2B1	0.0032061950769275427
GATA2	MIS18BP1	0.0032059932127594948
MEIS1	TMEM97	0.0032058823853731155
SPI1	UQCRFS1	0.0032057403586804867
IKZF1	IFI203	0.003205707063898444
ELF1	SLC35B4	0.003204799024388194
STAT2	SVIP	0.003204388776794076
IKZF1	TNPO1	0.0032041678205132484
NFAT5	ENPP5	0.0032041347585618496
HCFC1	PPM1F	0.003204076550900936
RAD51	BIRC5	0.0032039398793131113
ELF1	LAPTM4B	0.003203819738700986
STAT2	MIEF1	0.0032037151977419853
RAD21	CUL3	0.0032034236937761307
SATB1	RBPMS	0.003203269327059388
SPI1	MYO1G	0.00320312543772161
CBFB	SNRPB	0.0032030062284320593
CBX7	ERLIN1	0.0032026281114667654
ELF1	FARSB	0.003202405758202076
FOXO1	PLPPR3	0.0032023212406784296
MYC	ELOVL5	0.003202201798558235
GATA2	RFC5	0.0032021997030824423
CBFB	IL12A	0.0032020704820752144
FOXO1	PIDD1	0.0032017759513109922
IKZF1	SLC30A5	0.0032016446348279715
FOXO1	USP37	0.0032014725729823112
ELF1	MEMO1	0.003201133105903864
SPI1	RASSF4	0.0032011298462748528
JUN	RPP40	0.003200847189873457
ELF1	SLA	0.0032007056288421154
GFI1B	MAPK1	0.003200676292181015
RPA1	PRPS2	0.003200320526957512
IKZF1	DLST	0.0032000164501369
HCFC1	TOP3B	0.00319951050914824
HCFC1	PBK	0.0031993635930120945
NFAT5	MILR1	0.00319922948256135
WDR5	ACOT9	0.00319889048114419
NFAT5	MYO1G	0.0031987749971449375
GATA2	FAM171A1	0.003198751248419285
CBFB	FBXW11	0.003198737744241953
FOXO1	ABHD17B	0.003198024583980441
WDR5	PTPRE	0.0031973612494766712
NFAT5	GATM	0.0031972373835742474
CBFB	PRKCD	0.0031971700955182314
MEIS1	DHRS3	0.003197118639945984
JUN	GLIPR2	0.0031967514660209417
WDR5	NAPSA	0.0031965456437319517
RPA2	RB1	0.003195796627551317
CBFB	TK1	0.0031957500614225864
SPI1	DCAF13	0.0031957062892615795
JUN	SMPDL3A	0.003195705357939005
NFAT5	GALNS	0.0031953430734574795
STAT2	EMB	0.003195016412064433
RAD51	CBX5	0.003194553544744849
SATB1	RTEL1	0.003194448770955205
JUN	MRPL37	0.0031941067427396774
MEIS1	INCENP	0.003193771932274103
STAT2	FGL2	0.0031933290883898735
SPI1	IFI203	0.003193271579220891
RAD21	ARRDC4	0.0031930715776979923
STAT2	PDZK1IP1	0.00319287134334445
NFAT5	ERLIN1	0.0031928312964737415
FOXO1	WDR4	0.003192235715687275
JUN	ACOX1	0.003191994037479162
NFAT5	TOPORS	0.003191807307302952
ELF1	GM19590	0.0031909067183732986
IKZF1	ADO	0.003190642222762108
STAT2	ERLIN1	0.0031905113719403744
RAD21	LMO4	0.003190364222973585
SPI1	CD93	0.0031902045011520386
IKZF1	LIG1	0.00319018610753119
MEIS1	ARFGEF2	0.0031898452434688807
ELF1	UBE2L6	0.0031898068264126778
MEIS1	GOLPH3	0.0031893206760287285
JUN	MCM6	0.003189037088304758
MYC	GM20342	0.003188968636095524
NFAT5	IARS2	0.0031889108940958977
CBX7	TTLL12	0.003188908565789461
NFAT5	PRDM16	0.0031888289377093315
IKZF1	UBE2L6	0.0031873765401542187
STAT2	AKAP8L	0.003187181195244193
NFAT5	MOB3C	0.0031869281083345413
RPA2	SLC19A1	0.003186196554452181
JUN	HMGB3	0.0031860556919127703
IRF8	SORL1	0.003185858717188239
GATA2	GMCL1	0.0031856452114880085
IKZF1	HNRNPAB	0.00318552041426301
SPI1	RAB38	0.0031852195970714092
MYC	NPLOC4	0.003184737404808402
CBX7	TOPORS	0.0031844861805438995
SATB1	DCK	0.0031843504402786493
CBX7	AP1S2	0.0031841928139328957
ELF1	POLE3	0.0031840188894420862
MEIS1	FGGY	0.0031839003786444664
ELF1	PDE4D	0.00318369222804904
NFAT5	ATF7	0.0031835418194532394
ELF1	ABCB10	0.003183478256687522
MYC	TOMM70A	0.003183291759341955
IKZF1	CSF3R	0.003183116437867284
JUN	STX3	0.003182965097948909
JUN	RPAP1	0.003182828426361084
GATA2	HDAC2	0.003182812361046672
FOXO1	NFE2	0.0031819380819797516
IRF8	TSC22D1	0.0031817243434488773
MEIS1	PNO1	0.0031813830137252808
CBFB	RAD51	0.0031813178211450577
IKZF1	LCP2	0.0031807366758584976
STAT2	OTULINL	0.003180713625624776
IKZF1	CDC20	0.0031806682236492634
JUN	THSD1	0.003180468687787652
MYC	SLC25A46	0.0031804193276911974
SPI1	TMEM229B	0.003180218394845724
STAT2	CTSG	0.003180165309458971
STAT2	ATRN	0.0031797478441148996
IKZF1	WDHD1	0.0031794116366654634
NFAT5	EPRS	0.003179321065545082
JUN	LIG1	0.0031789836939424276
GATA2	GOLT1B	0.0031789210624992847
NFAT5	NAV1	0.0031787108164280653
IKZF1	TNFRSF21	0.003178572515025735
GFI1B	ABL1	0.0031784637831151485
STAT2	TCN2	0.0031784388702362776
ELF1	RAD21	0.003178006736561656
SPI1	BC005561	0.0031779082491993904
CBX7	ATAD2	0.003177860053256154
GFI1B	JPT2	0.003177463309839368
NFAT5	DHFR	0.003177105449140072
IRF8	ALAS1	0.003176625818014145
CBFB	PLEKHO2	0.003176536178216338
GATA2	MPO	0.003176516853272915
SATB1	GALNS	0.0031764712184667587
GFI1B	EFCC1	0.0031763685401529074
CBX7	AKNA	0.003176310332491994
GATA2	NUP93	0.003176202066242695
GATA2	RGCC	0.0031761222053319216
NFAT5	THSD1	0.0031757359392941
SATB1	TOMM40	0.003175732446834445
RAD21	ABITRAM	0.003175569698214531
CBX7	DNAJC10	0.0031754649244248867
GATA2	TOR3A	0.0031753673683851957
CBFB	ARID3B	0.0031748851761221886
EBF1	CCL9	0.0031748416367918253
MYC	ARHGEF18	0.0031747452449053526
STAT2	TSPAN2	0.0031742581631988287
SPI1	CYFIP2	0.00317360064946115
HCFC1	ADSSL1	0.003173475619405508
CBFB	ADGRG3	0.003173309611156583
RPA2	EIF3B	0.0031731892377138138
ELF1	TES	0.0031731659546494484
CBX7	METTL7A1	0.0031730264890938997
RPA2	ME2	0.0031720970291644335
GATA2	MTCH2	0.003171834396198392
IRF8	TRIM59	0.003171596210449934
GATA2	TRP53I11	0.0031712311320006847
WDR5	ATAD1	0.003170897252857685
GATA2	RARS	0.003170790383592248
CBX7	CD53	0.0031703768763691187
SATB1	PDE4D	0.0031703265849500895
GATA2	NCAPD2	0.0031699519604444504
GFI1B	CYBC1	0.0031693752389401197
FOXO1	NDE1	0.003169249277561903
IKZF1	SLCO3A1	0.003169188043102622
NFAT5	TAB1	0.00316902669146657
GATA2	MRPL20	0.0031683777924627066
RAD21	RCOR1	0.00316822761669755
IKZF1	GM20559	0.0031675458885729313
ELF1	CLN5	0.0031674427445977926
ELF1	ATF7	0.0031674166675657034
GATA2	VPS16	0.003167262766510248
STAT2	PRSS57	0.0031670613680034876
SPI1	COPB1	0.00316697359085083
GFI1B	KCNQ1OT1	0.003166894894093275
SATB1	D1ERTD622E	0.003166754497215152
MYC	OSBPL1A	0.00316668045707047
SATB1	KIF22	0.0031654981430619955
GFI1B	KPNA1	0.0031651188619434834
GFI1B	PPP1R15A	0.0031650513410568237
SPI1	BPIFC	0.003164550755172968
NFAT5	DDX39	0.0031642599496990442
STAT2	ADK	0.003164075082167983
RAD21	ARMT1	0.003163782646879554
ELF1	TSC22D1	0.00316368555650115
IKZF1	NOP2	0.0031636718194931746
GFI1B	SERPINB6B	0.00316352560184896
JUN	TFG	0.0031633356120437384
MYC	CLN5	0.003163149580359459
MYC	GOLT1B	0.003162728389725089
HCFC1	GEMIN5	0.003162698121741414
NFAT5	RP2	0.003162097418680787
GFI1B	GOLPH3	0.0031620666850358248
WDR5	PPM1G	0.0031619900837540627
HCFC1	RAD51AP1	0.0031618676148355007
SATB1	CKAP5	0.0031611116137355566
IKZF1	ATP6AP1	0.0031607849523425102
SPI1	HACD3	0.0031603046227246523
NFAT5	NAP1L3	0.0031600608490407467
IRF8	GUSB	0.003159821266308427
NFAT5	FASTKD3	0.0031590349972248077
CBX7	FASTKD2	0.0031588629353791475
GFI1B	IIGP1	0.0031581344082951546
MEIS1	MICU1	0.0031577746849507093
NFAT5	CERS6	0.003157472237944603
MYC	ZC3H7A	0.0031571732833981514
CBX7	IKZF1	0.003157153492793441
CBX7	FTSJ3	0.0031570910941809416
CBX7	CDK6	0.0031570391729474068
SATB1	NCLN	0.0031568449921905994
MEIS1	NDUFA10	0.003156363731250167
RPA2	MSH6	0.0031563416123390198
RAD51	FAM111A	0.003155812621116638
SPI1	SGPP1	0.0031557960901409388
MEIS1	AP1S2	0.0031553790904581547
SATB1	IRF7	0.0031549653504043818
JUN	OTUD6B	0.0031541313510388136
SATB1	PNO1	0.0031540265772491693
WDR5	CSTF2	0.0031539045739918947
RAD21	PARP8	0.0031536028254777193
CBFB	SLC35A4	0.0031534158624708652
FOXO1	NOL9	0.003153409343212843
MEIS1	ZFP35	0.0031533362343907356
STAT2	MS4A3	0.003153324592858553
STAT2	RELB	0.0031532642897218466
IRF8	DLST	0.0031532375141978264
WDR5	CHORDC1	0.003153036581352353
MEIS1	CS	0.0031529709231108427
HCFC1	IL17RA	0.0031527457758784294
JUN	MSH6	0.003151899902150035
JUN	CYFIP2	0.0031517045572400093
GATA2	JAM3	0.0031515569426119328
HDAC2	NRROS	0.003150905715301633
SPI1	ACAA2	0.0031508204992860556
STAT2	NAPRT	0.0031506537925451994
RAD21	FAM102B	0.003150380915030837
CBX7	CDT1	0.003150304313749075
IRF8	FOXRED1	0.0031502321362495422
CBX7	HP	0.0031500656623393297
HDAC2	CHCHD10	0.0031499131582677364
NFAT5	TRAP1	0.0031498319003731012
NFAT5	SLBP	0.0031497650779783726
SPI1	THEMIS2	0.0031497362069785595
GFI1B	ZDHHC6	0.0031492202542722225
HDAC2	UBAC1	0.0031491611152887344
IKZF1	ORC2	0.0031488677486777306
IRF8	ZFP422	0.00314880209043622
CBFB	GGTA1	0.0031486335210502148
IKZF1	PLD3	0.0031486281659454107
IRF8	CD44	0.003148466581478715
STAT2	TAB1	0.0031476281583309174
SATB1	GTF2H1	0.003147602779790759
CBFB	RGS19	0.0031471115071326494
GATA2	EPSTI1	0.003146907314658165
NFAT5	FASTKD2	0.003146576462313533
STAT2	NUPR1	0.0031463829800486565
FOXO1	TSPOAP1	0.0031462630722671747
SATB1	INTS8	0.0031460258178412914
CBFB	TRAP1	0.0031457850709557533
GATA2	PCMTD1	0.0031456369906663895
FOXO1	LY86	0.0031453892588615417
GFI1B	GIMAP1	0.0031452050898224115
HCFC1	PRC1	0.0031446043867617846
JUN	SERPINB6B	0.0031443871557712555
SATB1	SLC37A1	0.003144362010061741
GFI1B	ELAC2	0.003144101472571492
FOXO1	PRPF4	0.0031436581630259752
IRF8	EZR	0.0031435403507202864
IRF8	KPNA3	0.0031433841213583946
SATB1	PLEKHO2	0.0031432993710041046
STAT2	TSPOAP1	0.003142965491861105
CBX7	PBK	0.0031428136862814426
FOXO1	TBC1D9B	0.0031426630448549986
RAD21	SERPINB6B	0.0031424593180418015
GATA2	PARP8	0.0031424255575984716
RPA2	AI506816	0.00314221135340631
MYC	NRROS	0.003142179921269417
RAD21	WDR4	0.003142072120681405
NFAT5	SNX30	0.0031420013401657343
RAD21	IKZF1	0.003141920082271099
STAT2	SMC2	0.003141329623758793
EBF1	PHB2	0.0031413191463798285
MYC	ARID5A	0.003141099354252219
IKZF1	AI504432	0.003140923334285617
IRF8	SH3BGRL	0.003140498884022236
IKZF1	IRF7	0.003140190150588751
JUN	GALNS	0.0031399624422192574
CBX7	SATB1	0.0031399098224937916
MEIS1	TNPO1	0.0031396723352372646
NFAT5	HID1	0.003139589447528124
IRF8	CD74	0.003139367327094078
CBFB	URB2	0.003139097010716796
CBFB	RCC1	0.0031389424111694098
MEIS1	HSPA4	0.0031386998016387224
ELF1	EFTUD2	0.0031385880429297686
GFI1B	HSPA1A	0.003138560801744461
CBX7	CSF2RB	0.003138334723189473
GFI1B	TTLL12	0.0031382404267787933
STAT2	DHRS3	0.003138216445222497
RPA1	CDCA7	0.0031381752341985703
SPI1	CERK	0.003137866035103798
FOXO1	TPM4	0.0031374183017760515
CBX7	CHORDC1	0.0031370772048830986
HDAC2	STRAP	0.0031368061900138855
MYC	XPNPEP1	0.0031365379691123962
NFAT5	FLNA	0.0031362518202513456
FOXO1	RPA1	0.003136171493679285
SPI1	SYK	0.003136139828711748
GATA2	BUB1B	0.0031359309796243906
CBX7	NUSAP1	0.0031359221320599318
IRF8	MTMR4	0.0031358380801975727
JUN	ARID5A	0.003135361010208726
CBX7	PIDD1	0.0031347929034382105
IKZF1	PLA2G12A	0.003134568687528372
SPI1	RBPMS	0.003134379396215081
STAT2	DPP8	0.0031343193259090185
STAT2	SGCE	0.003134072059765458
SPI1	PTGR1	0.003134017111733556
NFAT5	JARID2	0.0031339917331933975
CBX7	LONP2	0.003133573802188039
MEIS1	BTAF1	0.0031333565711975098
CBX7	NEIL3	0.0031332294456660748
MEIS1	GANAB	0.0031330292113125324
IRF8	GPD1L	0.0031329665798693895
NFAT5	NDUFA10	0.003132907208055258
WDR5	SPI1	0.0031328657642006874
CBX7	PNO1	0.003132795449346304
CBX7	XRCC6	0.0031327293254435062
SPI1	ATRN	0.0031320611014962196
GFI1B	XPNPEP1	0.0031319858971983194
MEIS1	CLTC	0.0031317968387156725
HDAC2	RARS	0.0031317526008933783
IKZF1	NR3C2	0.003131542354822159
CBX7	ATF7	0.003131513250991702
STAT2	MTOR	0.003131462261080742
IKZF1	RPRD1B	0.0031313595827668905
JUN	AGPS	0.003131251083686948
IKZF1	NUDCD1	0.0031312417704612017
MYC	UBASH3A	0.0031312385108321905
RAD21	GM1966	0.003131201723590493
SPI1	DHRS3	0.0031309425830841064
ELF1	ATAD2	0.0031308012548834085
JUN	FTSJ3	0.0031307798344641924
FOXO1	APBB1	0.0031307737808674574
NFAT5	MTCH2	0.003130753757432103
CBX7	CYBC1	0.0031307274475693703
NFAT5	ZFP367	0.0031306028831750154
JUN	MORC3	0.003130534663796425
CBX7	HDGFL3	0.00312976585701108
IKZF1	RARS	0.0031296703964471817
CBFB	CNN3	0.003129598218947649
MEIS1	MGAT5	0.003129411954432726
SATB1	PLIN3	0.0031292906496673822
FOXO1	CDCA4	0.0031288473401218653
ELF1	DEF8	0.0031285686418414116
STAT2	SERPINB6B	0.003128456650301814
SATB1	DNAJC9	0.0031284093856811523
RPA1	DUT	0.0031272140331566334
STAT2	GPR65	0.003126709256321192
GATA2	PLIN3	0.0031265183351933956
STAT2	CDKN1A	0.0031264456920325756
GFI1B	COL4A2	0.003126345109194517
GFI1B	SPCS3	0.003126179100945592
CBX7	GK	0.003126089461147785
MEIS1	TUBA4A	0.003126033116132021
NFAT5	FBXW11	0.0031258221715688705
RAD21	ZFP451	0.003125672461465001
JUN	ADK	0.0031255166977643967
CBFB	SLC2A3	0.003125315299257636
SATB1	SERPINB6A	0.0031252983026206493
STAT2	CCNB2	0.003124933922663331
RPA2	RPA1	0.003124898998066783
IRF8	IDH1	0.0031245537102222443
MEIS1	SPNS3	0.0031245360150933266
NFAT5	MFSD14B	0.0031243683770298958
JUN	GP9	0.00312418257817626
STAT2	CD53	0.0031241129618138075
NFAT5	PTCD3	0.0031238733790814877
ELF1	CSE1L	0.0031236321665346622
NFAT5	HAT1	0.003123503876850009
RPA2	HMGB2	0.0031228724401444197
STAT2	FARSB	0.003122821683064103
STAT2	TMEM229B	0.0031225020065903664
HDAC2	TBL3	0.003122165100648999
CBFB	CSF3R	0.0031220559030771255
FOXO1	PTDSS1	0.0031218959484249353
STAT2	CDCA5	0.0031218307558447123
SPI1	CCR2	0.003121755551546812
JUN	METAP1	0.00312165729701519
CBX7	ELANE	0.0031212056055665016
ELF1	CASP1	0.003120341105386615
RAD21	BTK	0.0031197809148579836
IKZF1	RFC4	0.0031196640338748693
HDAC2	FUCA2	0.003119612578302622
JUN	HID1	0.0031196039635688066
NFAT5	MAPK1	0.003119500121101737
CBX7	CDC7	0.0031193403992801905
IKZF1	IL21R	0.003119152272120118
RAD21	NMD3	0.003119140397757292
IKZF1	IFI27L2A	0.0031189657747745514
JUN	SPIDR	0.0031186824198812246
FOXO1	CTSG	0.0031186731066554785
ELF1	ADORA2A	0.0031185306143015623
JUN	ZHX1	0.0031182870734483004
SPI1	ZBTB38	0.0031181303784251213
CBFB	SLC35E1	0.0031181201338768005
STAT2	SNX30	0.0031181105878204107
SPI1	GRIA3	0.0031180346850305796
SATB1	ARHGEF39	0.0031178223434835672
STAT2	SORT1	0.003117714775726199
RPA2	CDCA8	0.0031174877658486366
GFI1B	WDR4	0.00311698648147285
IKZF1	CDCA8	0.003116936655715108
GFI1B	ART4	0.003116673557087779
STAT2	SARAF	0.0031165743712335825
MYC	DOCK11	0.0031162905506789684
NFAT5	CYP4V3	0.0031159406062215567
IRF8	SLC25A46	0.0031158870551735163
NFAT5	CDC45	0.0031158856581896544
CBX7	PRSS57	0.0031158479396253824
IKZF1	SSH3	0.0031156891491264105
STAT2	ATP13A1	0.003115337807685137
SATB1	WDR5	0.003115311497822404
CBFB	SMPD4	0.00311505189165473
RAD21	PLXNA4OS1	0.0031150365248322487
SATB1	GOLPH3	0.0031142644584178925
RAD21	WSB1	0.0031142588704824448
JUN	PTPN7	0.003112968523055315
IKZF1	TNFRSF13C	0.0031129345297813416
CBFB	HELLS	0.0031128451228141785
CBFB	ASF1B	0.003112709615379572
MYC	MCM4	0.0031127077527344227
GFI1B	PLEKHO2	0.0031118267215788364
ELF1	PSMD1	0.003111680969595909
WDR5	CHRNB1	0.003111172467470169
NFAT5	PHF10	0.0031109608244150877
CBX7	1700017B05RIK	0.003110500518232584
FOXO1	NAV1	0.0031103091314435005
STAT2	B230219D22RIK	0.003110006684437394
RPA1	ORC2	0.0031099228654056787
ELF1	MRPL37	0.0031098914332687855
CBX7	TRMT6	0.003109678626060486
SATB1	LTB	0.003109285607933998
IKZF1	SHISA5	0.0031090995762497187
RAD21	CDCA4	0.003108970122411847
GFI1B	AHCYL1	0.003108935197815299
IKZF1	CIPC	0.0031087121460586786
GATA2	TNFRSF13C	0.0031086159870028496
IKZF1	ACSS1	0.0031085810624063015
IKZF1	CTSZ	0.0031085778027772903
ELF1	RNF122	0.003108546370640397
MEIS1	FGFR1OP	0.0031083503272384405
MYC	BC035044	0.0031078062020242214
FOXO1	CTC1	0.0031075002625584602
SPI1	AKNA	0.0031074052676558495
HCFC1	DCK	0.003106995951384306
GFI1B	DDX39	0.003106821095570922
SATB1	ATG12	0.0031055924482643604
ELF1	PLA2G12A	0.0031052948907017708
IRF8	NDE1	0.0031050886027514935
SPI1	GRINA	0.003105080919340253
SPI1	TBL3	0.003105024341493845
GATA2	FUT7	0.0031050199177116156
JUN	TIMM50	0.0031050010584294796
NFAT5	TECPR1	0.003104994772002101
ELF1	EMCN	0.003104957053437829
ELF1	SORT1	0.0031046068761497736
GFI1B	MTREX	0.003104469506070018
NFAT5	MTMR6	0.003104192204773426
FOXO1	TM6SF1	0.0031038590241223574
SPI1	ZFAND5	0.0031033246777951717
ELF1	ZFP945	0.0031033209525048733
FOXO1	FLOT2	0.0031032059341669083
MEIS1	SNX30	0.0031031768303364515
IKZF1	MCM10	0.0031031419057399035
IKZF1	UQCRFS1	0.0031026501674205065
IKZF1	CLEC12A	0.0031025810167193413
HCFC1	TACC3	0.0031025041826069355
FOXO1	TOP2A	0.0031024878844618797
JUN	ZFP422	0.0031020420137792826
IKZF1	DDX21	0.003101772628724575
CBX7	F630028O10RIK	0.003101606387645006
NFAT5	RAB31	0.003100856440141797
CBFB	SLC31A1	0.0031007975339889526
FOXO1	PRR5	0.00310075213201344
HDAC2	PRIM1	0.0031004806514829397
SPI1	BCAP29	0.003100159578025341
RAD21	MYO5A	0.0031000839080661535
IRF8	VAV1	0.0031000319868326187
STAT2	IFI30	0.0030994995031505823
STAT2	SIGLECG	0.003099123714491725
GFI1B	WDR55	0.0030988396611064672
RAD21	PPP1CB	0.003098636632785201
WDR5	MCM4	0.0030984142795205116
CBX7	DNAJC9	0.0030981602612882853
SATB1	LY9	0.0030981493182480335
CBFB	LAX1	0.003097950015217066
CBFB	ELP2	0.00309775210916996
WDR5	RAP1B	0.00309745199047029
GATA2	SLCO3A1	0.0030969365034252405
MYC	RCOR1	0.0030967991333454847
RAD21	ZFP945	0.0030967844650149345
IKZF1	MYO5A	0.003096572821959853
MEIS1	TARS	0.003096329979598522
CBX7	CENPA	0.0030958892311900854
FOXO1	NUP107	0.003095560474321246
CBX7	TSPOAP1	0.0030946522019803524
HCFC1	CSF2RB	0.0030945150647312403
IKZF1	ADK	0.0030943346209824085
MYC	CD44	0.00309425569139421
SPI1	CFP	0.003094181651249528
IKZF1	DHRS3	0.003094152081757784
CBX7	DHX33	0.0030934482347220182
FOXO1	USP10	0.0030932382214814425
IKZF1	ARID5A	0.0030930745415389538
ELF1	CTC1	0.0030928889755159616
SATB1	LMO4	0.0030927385669201612
CBX7	EIF2S1	0.0030926456674933434
SATB1	EAF1	0.003092091530561447
CBFB	GMFB	0.0030920400749891996
STAT2	CDK18	0.0030919434502720833
IKZF1	OSBPL1A	0.003091700840741396
FOXO1	NDN	0.003091557417064905
RPA1	E2F4	0.0030915525276213884
RPA2	ODC1	0.003091008635237813
IKZF1	CD68	0.0030907634645700455
JUN	FSTL1	0.003090103855356574
STAT2	SLC20A1	0.0030900894198566675
MYC	PRMT5	0.003089737379923463
ELF1	SLC39A6	0.0030894663650542498
ELF1	FUCA2	0.0030894477386027575
HDAC2	TFR2	0.003089143428951502
ELF1	MLKL	0.0030888838227838278
SATB1	NKG7	0.003088844707235694
MEIS1	PWP2	0.0030888430774211884
SPI1	EMILIN1	0.0030887832399457693
GFI1B	CAPG	0.003088520374149084
RPA2	ABCE1	0.0030881366692483425
JUN	PHF5A	0.0030876686796545982
WDR5	MAPK1	0.0030872980132699013
SATB1	ABCE1	0.0030868954490870237
STAT2	ARID5A	0.003086656564846635
SATB1	ITCH	0.0030862533021718264
WDR5	IRF7	0.0030860898550599813
GATA2	LY6A	0.0030860332772135735
HCFC1	TXNDC11	0.0030858211684972048
FOXO1	KIF22	0.003085233038291335
JUN	CIPC	0.0030848002061247826
ELF1	LONP2	0.003084761556237936
MEIS1	NSD2	0.0030844686552882195
MEIS1	PRMT7	0.003084086114540696
NFAT5	MCPT8	0.0030837468802928925
IKZF1	LPCAT2	0.0030835019424557686
CBX7	PRMT7	0.003083501011133194
JUN	FRRS1	0.0030834993813186884
JUN	TSPAN14	0.0030826048459857702
NFAT5	JUN	0.003082398558035493
ELF1	PRTN3	0.00308229704387486
STAT2	STARD7	0.0030822374392300844
FOXO1	EIF2S1	0.003082119859755039
RPA1	SHCBP1	0.003081980859860778
CBFB	CD68	0.003081765491515398
CBFB	GARS	0.00308160949498415
ELF1	GM8113	0.0030813266057521105
CBFB	QARS	0.003081256989389658
SPI1	LRRC59	0.003080540569499135
CBX7	HYOU1	0.003078930079936981
GFI1B	KPNA3	0.003078371984884143
SATB1	SLC22A3	0.0030783037655055523
NFAT5	TRIM30B	0.003078289097175002
CBX7	NARS	0.003078248118981719
IKZF1	CSRP3	0.0030777219217270613
ELF1	OTULINL	0.00307736755348742
CBFB	SRSF1	0.003077317727729678
HCFC1	RACGAP1	0.003077214816585183
IRF8	RAD51AP1	0.003077196655794978
IRF8	SLC31A1	0.003077195957303047
RAD51	UBA2	0.0030771945603191853
CBX7	SLC29A1	0.0030771559104323387
RAD21	OBSL1	0.003077148227021098
NFAT5	9430015G10RIK	0.0030767549760639668
IKZF1	INTS13	0.0030765323899686337
IKZF1	PUS7	0.0030765121337026358
JUN	PTDSS1	0.0030763866379857063
RAD21	HMGB3	0.0030763151589781046
RAD21	AI504432	0.003075979882851243
MYC	TNPO1	0.0030758834909647703
CBFB	AI504432	0.003075827844440937
FOXO1	NCAPG	0.0030756318010389805
HDAC2	ACLY	0.0030754960607737303
CBFB	AURKA	0.003075116779655218
NFAT5	SLC28A2	0.0030744909308850765
STAT2	GIMAP6	0.003074471140280366
IKZF1	LDHB	0.003074116073548794
GATA2	IL17RA	0.0030738580971956253
GATA2	RPTOR	0.003073842031881213
HDAC2	CCDC137	0.003073433181270957
STAT2	RBPMS	0.0030734119936823845
HCFC1	GTF2H1	0.0030731437727808952
STAT2	ELP2	0.003072691150009632
MYC	ZFP24	0.0030725698452442884
RAD51	PRELID3B	0.00307237496599555
CBX7	JARID2	0.003072100691497326
SATB1	PLA2G15	0.003071968909353018
CBFB	GM4759	0.003070923499763012
GFI1B	PRELID3B	0.0030702794902026653
MEIS1	PSMD6	0.0030701279174536467
GATA2	C030034L19RIK	0.0030698454938828945
FOXO1	MTR	0.0030696874018758535
JUN	SCARB1	0.003069641999900341
SATB1	HDGF	0.003069458296522498
RAD51	DNAJC9	0.003068783087655902
STAT2	PDE4B	0.0030687584076076746
IKZF1	CTLA2B	0.0030687544494867325
IKZF1	EGR1	0.003068353980779648
MEIS1	RPA1	0.003068308113142848
SPI1	INPP5B	0.0030681162606924772
ELF1	QARS	0.003067985875532031
CBX7	SGO1	0.0030676391907036304
GATA2	EIF2S1	0.003067600540816784
ELF1	HAT1	0.003067564219236374
IRF8	RGS2	0.0030674466397613287
STAT2	SPC24	0.003067433601245284
NFAT5	BC005561	0.003067020559683442
NFAT5	SLCO3A1	0.0030670107807964087
IRF8	DNAJC9	0.0030665111262351274
SATB1	TRIM30D	0.003066226840019226
SATB1	CIP2A	0.003066039877012372
HCFC1	CDCA5	0.0030660147313028574
RPA1	PHF5A	0.003065959783270955
GATA2	AHCYL1	0.0030659157782793045
ELF1	LIG1	0.0030658880714327097
STAT2	CD34	0.003065642435103655
MYC	RNF38	0.003065588418394327
RAD21	PIP4K2A	0.0030655802693217993
CBFB	UNC93B1	0.0030654356814920902
GFI1B	TES	0.003064997959882021
GFI1B	ME2	0.003064995864406228
HCFC1	ARCN1	0.0030646538361907005
RAD21	FSTL1	0.0030645166989415884
FOXO1	RNF38	0.003064347431063652
FOXO1	DNAJC9	0.003064300399273634
ELF1	IDH3A	0.0030640431214123964
RAD21	FAM136A	0.003064029151573777
RPA1	CKS1B	0.003063893411308527
SATB1	EGR1	0.003063884098082781
JUN	HDGF	0.0030636137817054987
CBX7	ODC1	0.0030634228605777025
FOXO1	PSMC2	0.003063064767047763
WDR5	UBE2L6	0.0030628780368715525
GFI1B	FBXO5	0.0030624542851001024
IKZF1	EFCC1	0.003061881987378001
CBX7	PLIN3	0.0030618393793702126
STAT2	GM11346	0.003061823081225157
STAT2	ZBTB20	0.003061655443161726
ELF1	DHX33	0.003061477793380618
ELF1	CTSL	0.0030613241251558065
RAD21	SERPINA3G	0.003061056835576892
MYC	SLC28A2	0.003060768824070692
IKZF1	GMCL1	0.0030603676568716764
IRF8	IGTP	0.0030600300524383783
STAT2	GTF2F1	0.0030598407611250877
ELF1	PSAT1	0.003059269394725561
STAT2	LRRC59	0.003059244714677334
GATA2	SEC24D	0.0030592402908951044
JUN	STOM	0.003058964852243662
MEIS1	SOAT1	0.003058618400245905
SATB1	GRINA	0.0030584456399083138
SATB1	GLB1	0.003057904075831175
RAD21	GALNT6	0.0030576058197766542
CBX7	TACC3	0.0030575625132769346
IKZF1	HDGF	0.0030571138486266136
STAT2	AW112010	0.0030571084935218096
SATB1	NDUFV1	0.0030570949893444777
GFI1B	BATF2	0.0030567324720323086
MYC	RFC5	0.00305672618560493
GFI1B	FAR1	0.0030566381756216288
GFI1B	ZFP35	0.0030565110500901937
FOXO1	GP9	0.0030561259482055902
SPI1	MICU1	0.0030558190774172544
NFAT5	BTG2	0.0030556246638298035
FOXO1	TCF19	0.0030555797275155783
WDR5	SLBP	0.0030553836841136217
CBX7	NRROS	0.0030553003307431936
HCFC1	AW112010	0.003055077977478504
MYC	CD300A	0.003054932923987508
HDAC2	MC5R	0.003054741770029068
ELF1	AKNA	0.0030547205824404955
SATB1	CASP1	0.003054619301110506
RPA1	POLE3	0.003054449800401926
CBFB	GM8113	0.0030544057954102755
ELF1	GM4759	0.0030542435124516487
FOXO1	ELF1	0.0030538414139300585
NFAT5	CSF3R	0.0030534856487065554
CBX7	RP2	0.0030533832032233477
MEIS1	ABHD17B	0.0030524232424795628
FOXO1	BYSL	0.003052160842344165
IRF8	WDHD1	0.0030519086867570877
IKZF1	GALNS	0.0030514290556311607
HDAC2	ETF1	0.003051252104341984
MYC	ELF1	0.0030512167140841484
CBFB	DOK2	0.003050735220313072
NFAT5	HJURP	0.0030502835288643837
GFI1B	RANBP3	0.0030502760782837868
STAT2	RUNX1T1	0.003050256986171007
WDR5	GPR65	0.0030501186847686768
FOXO1	SLC22A3	0.003049766644835472
IRF8	ADGRG3	0.003049667924642563
STAT2	FAM171A1	0.003049375955015421
WDR5	CNIH1	0.0030489200726151466
FOXO1	TYMS	0.0030489072669297457
RAD21	MPO	0.0030485764145851135
GATA2	ATP1B3	0.0030485568568110466
SATB1	HDGFL3	0.0030485012102872133
IRF8	CDCA4	0.0030482325237244368
ELF1	LRRC59	0.0030481810681521893
HDAC2	DNAJC9	0.0030480350833386183
ELF1	TXNIP	0.0030479340348392725
CBFB	IL17RA	0.00304761272855103
GFI1B	SERP1	0.0030474832747131586
ELF1	NUDT19	0.003047411795705557
JUN	ATP1B3	0.0030473354272544384
CBX7	RCC1	0.003047297475859523
STAT2	DUS1L	0.0030471282079815865
CBFB	SYK	0.0030471053905785084
GFI1B	LMAN2L	0.003046908415853977
WDR5	DDX21	0.003046453697606921
GFI1B	RPA2	0.0030463412404060364
GATA2	CCNA2	0.003046151250600815
IKZF1	CUL3	0.003046100726351142
IRF8	MYO1G	0.00304609932936728
IKZF1	ETF1	0.003045892110094428
NFAT5	MKI67	0.003045805264264345
HDAC2	EIF1AD	0.003045721910893917
IKZF1	SELENOP	0.0030456199310719967
RAD21	RETREG1	0.0030454308725893497
WDR5	DHX33	0.0030453975778073072
FOXO1	AI504432	0.003045322373509407
MEIS1	AI506816	0.00304523017257452
GFI1B	NDE1	0.003044895129278302
HCFC1	CAND2	0.003044860903173685
CBFB	SLA2	0.0030445728916674852
MEIS1	DUT	0.003043880918994546
FOXO1	CERS6	0.0030435945373028517
GATA2	NDE1	0.0030435509979724884
HDAC2	MCM7	0.0030431984923779964
NFAT5	RPS6KA5	0.0030430590268224478
RAD21	PLIN3	0.003042925149202347
FOXO1	IARS	0.0030429053585976362
CBFB	XRCC3	0.0030420671682804823
STAT2	ITSN1	0.00304206064902246
GFI1B	VKORC1L1	0.0030420441180467606
SPI1	CLEC12A	0.0030420138500630856
RPA1	PA2G4	0.0030419365502893925
JUN	CDKN1C	0.0030417980160564184
CBFB	E2F4	0.003041421063244343
MEIS1	TTLL12	0.0030411873012781143
GFI1B	NARS	0.003040794050320983
SPI1	NDUFV1	0.0030406482983380556
JUN	LYN	0.0030406054574996233
HCFC1	FBXO5	0.003040475072339177
WDR5	CCDC137	0.0030402876436710358
HDAC2	CUL3	0.0030402482952922583
IRF8	SEH1L	0.0030398708768188953
MYC	ALDH9A1	0.0030397367663681507
RPA1	ME2	0.0030392934568226337
IRF8	CLTC	0.00303884269669652
SPI1	USP11	0.0030386080034077168
FOXO1	UPP1	0.003038426861166954
SATB1	CD44	0.0030374324414879084
IRF8	TMEM184C	0.0030369183514267206
GATA2	TYMS	0.0030368694569915533
CBFB	WDR5	0.0030368228908628225
STAT2	NAMPT	0.003036737674847245
SATB1	WDHD1	0.0030365334823727608
NFAT5	TFRC	0.003036272944882512
CBX7	NAA50	0.0030359604861587286
MEIS1	HAAO	0.003035939298570156
MYC	HSPA4	0.003035214263945818
FOXO1	HP	0.0030346105340868235
CBFB	CYB5R1	0.003034531371667981
GATA2	ZDHHC6	0.00303450133651495
GATA2	UBAC1	0.0030338538344949484
IRF8	SLC35B4	0.0030335027258843184
MYC	ARHGAP15	0.003033378394320607
CBX7	PPP1CB	0.0030333304312080145
GFI1B	SLCO4A1	0.0030330943409353495
STAT2	UBA2	0.0030327935237437487
JUN	PAK1	0.003032683627679944
MYC	ARCN1	0.003032672917470336
GFI1B	PLEK	0.0030323031824082136
NFAT5	AURKA	0.0030317252967506647
CBFB	KIF17	0.0030314521864056587
FOXO1	SVIP	0.0030309753492474556
SATB1	SOAT1	0.003030643565580249
IKZF1	UBA7	0.003030469175428152
GFI1B	SNAP47	0.0030304668471217155
STAT2	EIF4ENIF1	0.003030288266018033
STAT2	ALDOC	0.0030296582262963057
NFAT5	HACD3	0.003029548330232501
GFI1B	ABCB8	0.0030286703258752823
GFI1B	FTSJ3	0.0030282274819910526
GFI1B	PPP1CB	0.00302785262465477
GATA2	B230219D22RIK	0.003027711994946003
FOXO1	ZNRF2	0.003027585567906499
MEIS1	BCL2	0.003027544356882572
WDR5	USP37	0.0030274030286818743
GATA2	UBA2	0.0030267878901213408
SATB1	NAPRT	0.003026760183274746
CBX7	CCNB1	0.0030265823006629944
JUN	UBAC1	0.0030258207116276026
NFAT5	SLC22A3	0.0030256120953708887
FOXO1	CD300A	0.0030254630837589502
NFAT5	TPX2	0.0030248884577304125
SPI1	GYS1	0.0030247438699007034
SPI1	TCIRG1	0.003024524077773094
MYC	TARS	0.0030245149973779917
SATB1	COLGALT1	0.0030243946239352226
CBX7	PHF6	0.0030241592321544886
RAD21	CNRIP1	0.0030233918223530054
CBX7	NAMPT	0.0030233904253691435
SPI1	FCGR3	0.003023250726982951
GATA2	TOP2A	0.0030232295393943787
ELF1	ATP10A	0.003023184137418866
GATA2	SGPP1	0.0030231208074837923
STAT2	MYCT1	0.0030226001981645823
STAT2	ALAS1	0.0030223007779568434
MEIS1	RPA2	0.0030219098553061485
GATA2	ARFGEF2	0.0030215636361390352
GATA2	FARSB	0.003021468874067068
CBFB	COLGALT1	0.003021008102223277
IKZF1	TRMT6	0.003020353615283966
MYC	TMX4	0.0030199820175766945
CBX7	MFSD1	0.0030199335888028145
NFAT5	PSMC2	0.0030195689760148525
HDAC2	PREP	0.003019524971023202
IKZF1	TMEM173	0.003019304946064949
CBX7	MCM3	0.003018935676664114
SATB1	INTS13	0.003018608782440424
STAT2	HDAC2	0.0030185882933437824
CBX7	ABL1	0.0030177913140505552
IRF8	TRAP1	0.003017437644302845
HCFC1	POLD1	0.0030164809431880713
SATB1	CKAP2L	0.0030164080671966076
STAT2	WDR43	0.0030160800088196993
MYC	NARS	0.0030160737223923206
STAT2	LHCGR	0.0030153244733810425
RPA2	GATM	0.003015278372913599
IKZF1	MICU1	0.0030151649843901396
STAT2	SLCO4A1	0.003015143098309636
SATB1	CTLA2B	0.003015017369762063
ELF1	NUSAP1	0.0030147512443363667
STAT2	GARS	0.003014408750459552
NFAT5	PRR5	0.0030141884926706553
IRF8	SNHG5	0.003014176618307829
NFAT5	FTSJ3	0.0030138990841805935
RAD21	PYGM	0.0030138767324388027
ELF1	MCM3	0.00301375356502831
RAD51	ARHGEF39	0.003013613633811474
MEIS1	CDT1	0.003013523994013667
MYC	NAPSA	0.0030133991967886686
CBX7	LRRC8B	0.0030133449472486973
FOXO1	AURKA	0.0030131617095321417
IKZF1	CCDC50	0.003013054607436061
CBX7	TRAP1	0.003012212924659252
SATB1	MYCN	0.003012171247974038
NFAT5	HDAC7	0.003011941909790039
CBFB	HSPA1A	0.003011819440871477
GATA2	NMD3	0.003011664841324091
WDR5	CYFIP2	0.0030113172251731157
HDAC2	DUT	0.003011170541867614
GATA2	SRM	0.003011158900335431
FOXO1	FTSJ3	0.0030109400395303965
SPI1	PUS7	0.003010727232322097
RAD21	MTR	0.0030106203630566597
FOXO1	PARVG	0.003010594518855214
STAT2	AKNA	0.0030104154720902443
NFAT5	RARB	0.003009889740496874
HDAC2	MTREX	0.0030098711140453815
IRF8	WDR55	0.0030097649432718754
STAT2	SPIDR	0.0030095295514911413
CBFB	9430015G10RIK	0.0030092429369688034
WDR5	SLC43A3	0.0030091642402112484
GATA2	CALCRL	0.003009144449606538
JUN	SPPL2B	0.0030090955551713705
SATB1	CREBRF	0.003008873900398612
ELF1	GIMAP6	0.0030083158053457737
HCFC1	SUPV3L1	0.0030082936864346266
MEIS1	FIGNL1	0.0030082142911851406
CBX7	MORC3	0.0030080298893153667
STAT2	NEAT1	0.0030080049764364958
GFI1B	NPTN	0.003007635474205017
JUN	KPNA1	0.0030075081158429384
JUN	STAG2	0.0030075067188590765
STAT2	CKAP2L	0.0030073372181504965
IKZF1	ARID2	0.003007276449352503
SATB1	AHCYL1	0.0030069288332015276
WDR5	FUCA2	0.0030065346509218216
RAD21	LIG1	0.003006518352776766
RPA2	DLST	0.00300645362585783
GFI1B	MYC	0.0030064245220273733
IKZF1	SHMT1	0.0030062792357057333
RAD21	XPC	0.0030062715522944927
HCFC1	SGPP1	0.0030055984389036894
FOXO1	HAT1	0.0030055970419198275
MEIS1	CENPK	0.0030054503586143255
CBFB	SLC39A6	0.0030052554793655872
WDR5	DUT	0.003005193779245019
MEIS1	FASTKD3	0.003005029633641243
FOXO1	MOGS	0.0030047758482396603
ELF1	NUF2	0.0030041432473808527
GATA2	BACE1	0.0030034820083528757
CBX7	GOLPH3	0.003003425896167755
NFAT5	IFI30	0.003003348596394062
SPI1	MPI	0.0030032030772417784
NFAT5	ELAC2	0.0030031928326934576
STAT2	GBP2	0.003002636367455125
CBX7	HEXA	0.0030025586020201445
RAD21	EZR	0.00300220656208694
NFAT5	RAP1B	0.0030021201819181442
RPA1	SLC43A3	0.0030020808335393667
IKZF1	MIS12	0.0030016531236469746
IKZF1	GFM1	0.00300155789591372
SATB1	ANXA5	0.0030015159863978624
MYC	TBC1D5	0.0030013995710760355
GATA2	CTPS	0.0030008817557245493
SATB1	CDC20	0.003000770229846239
IKZF1	MTO1	0.0030006086453795433
SATB1	AURKB	0.003000439377501607
IKZF1	DHFR	0.0030001571867614985
CBX7	ZFAND5	0.002999922027811408
FOXO1	DUS1L	0.002999907825142145
GFI1B	PIK3IP1	0.002999676624312997
RAD21	DDX20	0.002999153221026063
RAD21	POLD1	0.0029990999028086662
CBFB	PRMT7	0.002998965559527278
GATA2	ALDH9A1	0.0029989592730998993
HCFC1	ATAD2	0.0029979965183883905
IKZF1	TXNIP	0.002997989533469081
CBX7	SGPP1	0.002997880568727851
JUN	SDC4	0.002997764153406024
STAT2	SERPINB9	0.002997183008119464
CBFB	ZHX1	0.0029967164155095816
IRF8	ATP1B3	0.002996574155986309
WDR5	SFXN1	0.00299649965018034
SPI1	HAAO	0.0029959892854094505
HDAC2	CYC1	0.002995696384459734
STAT2	TFRC	0.002995541086420417
ELF1	ZFP35	0.002995401620864868
ELF1	RIN3	0.002995067974552512
IKZF1	ABL2	0.002993969013914466
MYC	PRODH	0.002993843285366893
CBX7	STIP1	0.002993806730955839
GFI1B	VAV1	0.0029936092905700207
STAT2	TXNDC11	0.002993354108184576
IKZF1	PSTPIP1	0.0029933247715234756
IRF8	ETF1	0.0029932893812656403
ELF1	IGTP	0.0029931676108390093
ELF1	PSME4	0.0029931606259196997
SATB1	HASPIN	0.00299281720072031
STAT2	SUPV3L1	0.0029927436262369156
RAD21	PLA2G15	0.002992329653352499
NFAT5	ELF1	0.0029921680688858032
FOXO1	GPR65	0.002991747809574008
CBX7	RAB44	0.002991526620462537
FOXO1	XRCC6	0.002991127548739314
HDAC2	MAPK1	0.0029909934382885695
CBX7	AGPS	0.0029907466378062963
HCFC1	TIMM50	0.002990426728501916
CBX7	FAM102B	0.002990198088809848
HCFC1	SGO1	0.002990106586366892
CBX7	MTMR4	0.0029899203218519688
JUN	SLC25A38	0.002989901462569833
GATA2	RPS6KA5	0.0029898621141910553
GATA2	CRISPLD1	0.002989367116242647
IKZF1	MILR1	0.002988744294270873
MYC	SMARCA2	0.002988629275932908
FOXO1	ZFP24	0.0029884877149015665
GFI1B	NECAP2	0.0029884865507483482
NFAT5	HMGB2	0.002988360356539488
MEIS1	DCAF13	0.0029882481321692467
GATA2	TSPAN14	0.0029881938826292753
MEIS1	CSRP3	0.002987879328429699
IKZF1	H2-Q6	0.002987241605296731
JUN	FBXO5	0.0029865663964301348
ELF1	F2R	0.002986369887366891
GATA2	MLKL	0.0029863675590604544
MEIS1	SIRPA	0.002986085833981633
RAD21	DNAJC11	0.0029857447370886803
JUN	MTCH2	0.0029856644105166197
SATB1	MEMO1	0.002985107246786356
HDAC2	TOR3A	0.002984995488077402
SATB1	SYNJ1	0.002984602702781558
GATA2	VAV1	0.002984501887112856
JUN	PLAA	0.0029844902455806732
NFAT5	KIF11	0.0029838145710527897
STAT2	LPCAT2	0.002983424346894026
ELF1	IKZF1	0.002983385929837823
CBX7	HMGB3	0.0029833719599992037
NFAT5	PPM1F	0.002983191516250372
GFI1B	NDRG2	0.0029830390121787786
STAT2	MED16	0.0029830147977918386
SPI1	NEAT1	0.0029828159604221582
GATA2	ARMT1	0.0029827894177287817
RAD21	SLC18A2	0.0029825042001903057
STAT2	CYC1	0.0029813838191330433
SATB1	ABCB10	0.0029813724104315042
RPA1	MRPL37	0.0029812976717948914
SPI1	RPN1	0.0029812781140208244
SATB1	VIPR2	0.002981120254844427
ELF1	1700017B05RIK	0.002980987075716257
IKZF1	MAN2A2	0.0029808785766363144
NFAT5	LMAN2L	0.0029808185063302517
IKZF1	STT3B	0.002980561926960945
JUN	DDX21	0.002980285556986928
MEIS1	CTPS	0.002979926997795701
STAT2	HYOU1	0.00297991163097322
FOXO1	FCGR3	0.0029797146562486887
CBX7	STT3B	0.0029796252492815256
CBFB	AZIN1	0.002979470882564783
CBFB	RAD21	0.002979183103889227
IKZF1	SPCS3	0.0029791819397360086
GATA2	ELAC2	0.0029787186067551374
SATB1	TTLL12	0.0029786531813442707
SATB1	PSMD1	0.00297851231880486
STAT2	CBX5	0.0029784610960632563
RAD21	IFI30	0.0029783567879348993
NFAT5	RELB	0.0029781803023070097
MYC	TOP3B	0.0029779665637761354
SPI1	ST8SIA4	0.00297780754044652
CBX7	IFI30	0.0029776841402053833
SPI1	OSBPL1A	0.0029776054434478283
SATB1	SIGLECG	0.0029775029979646206
RAD21	TBC1D5	0.0029773518908768892
MYC	ATP1B3	0.002977322321385145
SATB1	CDCA8	0.0029772045090794563
MEIS1	BID	0.0029771868139505386
MYC	CD63-PS	0.0029771151021122932
MEIS1	PPM1G	0.002976976102218032
IRF8	ADO	0.0029769421089440584
FOXO1	XRCC3	0.002976665971800685
FOXO1	MIEF1	0.0029763851780444384
RPA2	MIS12	0.002976188901811838
IKZF1	RPTOR	0.0029761160258203745
ELF1	MIR17HG	0.002975820330902934
SATB1	CPA3	0.002975793555378914
STAT2	RCOR1	0.0029756594449281693
RPA1	ISYNA1	0.0029756322037428617
SATB1	GLRX5	0.002975286915898323
GFI1B	CENPA	0.0029750093817710876
SATB1	GIMAP1OS	0.002974909730255604
RPA2	PTPRS	0.002974880626425147
CBFB	BPIFC	0.002974545815959573
JUN	IGFBP4	0.002974447328597307
SPI1	ANXA1	0.0029743595514446497
RAD21	RBPMS	0.002974257804453373
WDR5	CDC20	0.002974125789478421
IRF8	TSPAN14	0.0029738759621977806
RAD21	E2F4	0.0029735735151916742
MYC	KCTD12	0.0029734093695878983
IRF8	IL17RA	0.002973151160404086
MYC	PSMD9	0.002973149996250868
NFAT5	AKAP8L	0.0029729020316153765
SPI1	TIPIN	0.00297262123785913
MYC	EFCC1	0.0029721553437411785
JUN	SIRPA	0.0029718070290982723
IKZF1	PARP8	0.0029717262368649244
IRF8	FAM111A	0.002971705747768283
ELF1	XAF1	0.0029712810646742582
RAD21	GPRASP1	0.002971184905618429
ELF1	ZHX1	0.0029710736125707626
IRF8	ORC2	0.002970873611047864
HCFC1	DNAJC9	0.0029703823383897543
MEIS1	HSPA1A	0.002969849854707718
IKZF1	TRIM16	0.0029697727877646685
IRF8	SGO1	0.0029697357676923275
SPI1	GNG12	0.0029692964162677526
STAT2	ME2	0.0029692898970097303
RAD21	ARHGAP15	0.0029691923409700394
JUN	PUS7	0.002969039836898446
RAD21	CTSG	0.0029690118972212076
SPI1	NUS1	0.0029680198058485985
STAT2	KPNA1	0.0029679813887923956
JUN	NDN	0.0029667268972843885
WDR5	DNAJC11	0.0029661599546670914
JUN	XAF1	0.002966039115563035
IKZF1	ZFP322A	0.0029659199062734842
SPI1	OASL2	0.002965853549540043
FOXO1	DTL	0.0029657764825969934
STAT2	RGS1	0.0029656169936060905
CBX7	PRPS2	0.0029653741512447596
ELF1	C030034L19RIK	0.002965290565043688
CBX7	TOP3B	0.0029647669289261103
HCFC1	TFRC	0.002964694518595934
SPI1	HELLS	0.0029646065086126328
NFAT5	ATP1B3	0.002964450279250741
STAT2	SALL2	0.002963985549286008
SPI1	NMD3	0.002963960636407137
JUN	IRF7	0.002963850973173976
FOXO1	EMB	0.002963451435789466
HCFC1	SLC43A3	0.002963342936709523
JUN	MR1	0.0029633240774273872
HDAC2	UAP1	0.002962850034236908
MYC	BC005561	0.0029624851886183023
IKZF1	ATAD1	0.0029624688904732466
SPI1	ADGRG3	0.0029619592241942883
STAT2	COQ8A	0.0029618311673402786
MYC	HDAC7	0.0029617755208164454
SPI1	IFRD2	0.002961645135655999
STAT2	TLE2	0.0029616032261401415
GATA2	WSB1	0.0029605617746710777
SPI1	PNCK	0.00296036503277719
JUN	SULT1A1	0.002960196463391185
ELF1	TRIM35	0.0029599403496831656
CBX7	ZNRF2	0.0029596593230962753
CBX7	PSMD9	0.002959634643048048
RAD21	ATAD1	0.002959486795589328
SATB1	CERK	0.0029594681691378355
STAT2	STOM	0.002959125442430377
GATA2	LAP3	0.002959037898108363
NFAT5	XRCC3	0.002958914265036583
MYC	ACLY	0.002958778291940689
FOXO1	ZDHHC6	0.0029587431345134974
GATA2	SELL	0.002958595287054777
FOXO1	PRSS57	0.0029583070427179337
HCFC1	STX3	0.002957684453576803
WDR5	NARS	0.0029573917854577303
JUN	RASSF4	0.002956765703856945
CBFB	SFXN1	0.002956321695819497
MYC	DUT	0.0029561766423285007
SATB1	MTFR1	0.002956119831651449
GFI1B	E2F8	0.002955924952402711
IKZF1	SETD2	0.0029558094684034586
HDAC2	CYBC1	0.002955793170258403
SATB1	KPNA3	0.0029557570815086365
CBFB	METAP1	0.002955489791929722
IKZF1	SLC31A1	0.002955424366518855
IKZF1	TGTP1	0.0029551624320447445
CBFB	MAML3	0.0029550082981586456
NFAT5	MAD2L1	0.002954913768917322
GATA2	URB2	0.0029548536986112595
MYC	TM6SF1	0.0029547344893217087
NFAT5	EML4	0.0029546734876930714
SPI1	TIMM50	0.002954460447654128
JUN	CASP1	0.002954296302050352
IKZF1	DUT	0.0029541992116719484
CBX7	EPRS	0.0029536436777561903
ELF1	MAN2A2	0.0029533752240240574
NFAT5	TXNDC11	0.002953306073322892
SATB1	HUS1	0.0029532844200730324
IRF8	CDT1	0.0029527992010116577
CBFB	GOLT1B	0.002952481620013714
RAD21	PBX1	0.0029516483191400766
IKZF1	ZEB2	0.0029514413326978683
JUN	TMEM229B	0.002951384289190173
JUN	ZDHHC6	0.002951094415038824
IKZF1	ATP11C	0.0029510215390473604
ELF1	ARID2	0.0029507922008633614
CBFB	SLC29A1	0.002950767520815134
HCFC1	RBPMS	0.002950620837509632
IKZF1	RPS6KA3	0.0029500864911824465
WDR5	MIEF1	0.0029499626252800226
RAD51	RCC1	0.002949331421405077
JUN	ITM2A	0.0029488662257790565
RAD21	FLNA	0.0029484957922250032
RPA2	YBX1	0.0029484687838703394
RAD21	CSE1L	0.0029480282682925463
SATB1	FCHO2	0.002947948407381773
RAD51	MCM7	0.002947848290205002
GFI1B	EMID1	0.0029477779753506184
JUN	MLKL	0.0029477637726813555
FOXO1	SERP1	0.0029477467760443687
RAD21	GATA2	0.002947711618617177
RPA2	JPT1	0.002947461325675249
GFI1B	PHF6	0.002947022672742605
STAT2	SSH3	0.002946957480162382
NFAT5	AP1S2	0.0029467851854860783
STAT2	ELAC2	0.0029465865809470415
JUN	VKORC1L1	0.002946506254374981
FOXO1	URB2	0.0029448571149259806
SATB1	GTF2F1	0.0029447374399751425
JUN	OTUD4	0.0029447264969348907
HCFC1	PTPRS	0.0029446794651448727
ELF1	ANGPT1	0.0029445351101458073
SPI1	METTL7A1	0.0029445048421621323
SPI1	MAGED1	0.002944323467090726
SATB1	FAM171A1	0.0029442012310028076
IRF8	BUB1	0.0029441446531563997
MEIS1	HNRNPAB	0.002943853149190545
STAT2	NAA50	0.00294371391646564
STAT2	NUDT4	0.002943621017038822
FOXO1	KNSTRN	0.002943458268418908
EBF1	FUT7	0.0029434505850076675
IRF8	DUSP1	0.0029432978481054306
CBFB	EGR1	0.0029432582668960094
CBFB	MAGED2	0.0029432054143399
NFAT5	XAF1	0.002943190513178706
GATA2	RCC1	0.002942553721368313
CBFB	LMO4	0.002942546969279647
MEIS1	TMX4	0.0029424079693853855
IKZF1	OTUD4	0.002942334860563278
JUN	PNCK	0.0029416047036647797
IRF8	MTR	0.002941600978374481
RAD21	ATP8B4	0.002941492944955826
SATB1	LACTB	0.0029410733841359615
ELF1	KIF20B	0.002940941136330366
WDR5	FARSA	0.0029407155234366655
SATB1	TRAP1	0.002940249629318714
RAD21	ATP13A1	0.00294007221236825
CBX7	SNRPB	0.0029397429898381233
JUN	CLN5	0.0029397238977253437
GATA2	SPI1	0.002939568366855383
STAT2	FOXO1	0.0029395585879683495
NFAT5	HDAC2	0.0029392081778496504
JUN	TAF12	0.0029391362331807613
RAD21	GFM1	0.002938630525022745
CBFB	HDAC7	0.0029385595116764307
CBFB	NMD3	0.0029384023509919643
SATB1	INO80D	0.0029382884968072176
IKZF1	NCLN	0.002938104560598731
JUN	SNRPB	0.0029379522893577814
GFI1B	VDR	0.002937821438536048
GFI1B	PSMC2	0.0029372386634349823
GFI1B	GANAB	0.002937112934887409
WDR5	E2F4	0.002937059849500656
CBX7	MTFR1	0.0029368435498327017
ELF1	GGTA1	0.0029366363305598497
IKZF1	PKIB	0.0029365490190684795
CBFB	NDUFA10	0.002936539240181446
RAD21	RRM1	0.0029364991933107376
STAT2	MFNG	0.0029362686909735203
MYC	SELENOP	0.0029361573979258537
CBX7	JPT1	0.0029358104802668095
ELF1	MYO5A	0.0029356300365179777
ELF1	NOLC1	0.0029352367855608463
STAT2	AURKA	0.0029352176934480667
GFI1B	XRCC6	0.0029351834673434496
STAT2	SLC35A4	0.0029351830016821623
IRF8	SLC39A6	0.002934711519628763
ELF1	PYGM	0.002934214426204562
SPI1	RELB	0.0029338726308196783
GATA2	PRELID3B	0.002933661686256528
SATB1	GIMAP8	0.0029336323495954275
HCFC1	CNN3	0.00293334131129086
IRF8	ATP13A1	0.002932916861027479
NFAT5	NDRG2	0.0029329019598662853
CBX7	MSH6	0.0029328130185604095
FOXO1	EZR	0.0029326423536986113
GFI1B	PRPF4	0.002932405797764659
HCFC1	PLAA	0.002932002069428563
RPA2	CKS1B	0.002931848168373108
GATA2	F630028O10RIK	0.0029316928703337908
IRF8	FTX	0.002931458642706275
CBX7	TUBGCP2	0.0029309559613466263
MYC	SLBP	0.002930716145783663
IKZF1	ARID3B	0.0029305738862603903
SPI1	FGL2	0.002930192742496729
STAT2	CTLA2A	0.0029300772584974766
MYC	RAB38	0.002929887268692255
MEIS1	ADSSL1	0.002929540816694498
CBX7	LAP3	0.0029295263811945915
IKZF1	KIF20B	0.002928539179265499
GATA2	SLCO4A1	0.0029284402262419462
WDR5	STT3B	0.0029278674628585577
SPI1	SLPI	0.0029276260174810886
MEIS1	SHMT1	0.002927477704361081
CBFB	CLTC	0.0029273657128214836
HDAC2	PRMT7	0.0029272784013301134
ELF1	SERPINA3G	0.002927155466750264
STAT2	CLEC4E	0.002927125198766589
RAD51	SHMT1	0.002927019027993083
MEIS1	GYS1	0.0029268250800669193
CBFB	RGS2	0.0029264516197144985
GFI1B	STARD7	0.002926420886069536
NFAT5	CCDC137	0.002926088869571686
CBX7	RCSD1	0.0029257673304528
FOXO1	PSAT1	0.0029255072586238384
GATA2	NUBP2	0.002925359643995762
CBX7	EML4	0.0029249938670545816
CBFB	JUN	0.0029248741921037436
GATA2	ABHD17B	0.0029248532373458147
CBFB	GM19590	0.0029246679041534662
ELF1	PSME3	0.002924202708527446
STAT2	GLB1	0.0029240206349641085
GFI1B	ARMT1	0.002923946361988783
IKZF1	ZNRF2	0.0029237268026918173
NFAT5	ELMO2	0.0029234581161290407
CBX7	SLC35E1	0.0029232145752757788
WDR5	MGAT1	0.0029231111984699965
CBX7	HNRNPAB	0.002923076506704092
MYC	SFXN1	0.0029230699874460697
JUN	GUSB	0.0029229612555354834
ELF1	TNFAIP2	0.0029228737112134695
JUN	VDR	0.0029227419290691614
ELF1	CDCA3	0.0029226336628198624
NFAT5	PIK3R2	0.0029225966427475214
GATA2	SESN1	0.002922512125223875
CBFB	LY9	0.002922479994595051
JUN	E2F8	0.002922256011515856
ELF1	MTFR1	0.002922033192589879
MYC	CTPS	0.002921940525993705
GFI1B	PLIN3	0.002921630162745714
GFI1B	GLB1	0.0029214092064648867
IKZF1	PATL1	0.0029213919769972563
NFAT5	FGL2	0.0029212988447397947
RPA2	ASF1B	0.002921290695667267
IKZF1	CCNB1	0.002921163337305188
CBX7	BTK	0.0029210106004029512
IKZF1	SUPV3L1	0.0029209258500486612
IRF8	TBC1D10C	0.002920673694461584
SPI1	MAPK1	0.0029206592589616776
NFAT5	UMPS	0.002920368453487754
RAD21	MTUS1	0.0029201472643762827
IKZF1	FCHO2	0.0029198366682976484
STAT2	UBR7	0.0029197519179433584
SATB1	CCDC50	0.002919726772233844
HDAC2	MCM6	0.0029196131508797407
NFAT5	POLE	0.0029191526118665934
RAD21	LRRC8B	0.002919117221608758
RAD21	IARS2	0.002918998710811138
FOXO1	IARS2	0.0029187563341110945
HCFC1	SPIDR	0.002918433863669634
IRF8	PLA2G15	0.0029181852005422115
HCFC1	MEMO1	0.002917496720328927
RAD21	IL21R	0.0029174932278692722
IKZF1	2610035D17RIK	0.002917455043643713
WDR5	MSMO1	0.002917415229603648
SATB1	CNIH1	0.0029171688947826624
GFI1B	KIF13A	0.0029170799534767866
JUN	FUCA2	0.0029167495667934418
HCFC1	RFC4	0.0029167109169065952
MEIS1	LMAN2L	0.002916656667366624
STAT2	SLC35B4	0.0029161758720874786
CBFB	MILR1	0.0029159921687096357
ELF1	TEC	0.0029156217351555824
IRF8	ABHD17B	0.002914892975240946
ELF1	MORC3	0.002914644777774811
SATB1	EPRS	0.0029146221932023764
SATB1	FOXRED1	0.0029144538566470146
GFI1B	PBK	0.0029142224229872227
ELF1	BUB1B	0.0029141977429389954
GFI1B	TBC1D5	0.0029139076359570026
ELF1	SMC2	0.002913597971200943
ELF1	JPT1	0.002913291333243251
MEIS1	NR3C2	0.0029131914488971233
GATA2	ARCN1	0.0029130333568900824
MYC	RGS2	0.002912882249802351
MEIS1	SGPP1	0.0029126941226422787
HCFC1	UBA2	0.0029123672284185886
FOXO1	IGTP	0.0029119588434696198
SATB1	SGPP1	0.002911781659349799
ELF1	SNAP23	0.0029116938821971416
RAD21	DNAJC10	0.002911305520683527
CBX7	MSMO1	0.002911169547587633
CBX7	UBA2	0.002911082236096263
NFAT5	SLC19A1	0.002911076880991459
MYC	PTPRS	0.002910229843109846
CBX7	CNIH1	0.002909830305725336
SATB1	NASP	0.0029098044615238905
FOXO1	NUP85	0.002909476403146982
RAD21	NDN	0.002908299909904599
WDR5	SLC20A1	0.0029081804677844048
IKZF1	MR1	0.002907683840021491
GATA2	ARL8B	0.002907451940700412
HDAC2	TUBGCP3	0.0029074044432491064
HCFC1	NUDCD1	0.002907235873863101
JUN	ZFP24	0.00290708732791245
CBFB	H2-Q6	0.0029070512391626835
GFI1B	NUDCD1	0.0029070228338241577
HCFC1	RAB31	0.0029068475123494864
JUN	TBC1D2B	0.0029066079296171665
IRF8	UHRF1	0.00290660560131073
NFAT5	ETF1	0.0029065690468996763
IKZF1	SLC43A3	0.00290651130490005
IKZF1	CDKN1A	0.002906409790739417
HCFC1	E2F8	0.0029062973335385323
CBFB	FAM136A	0.002906246343627572
MYC	VAV3	0.002906025620177388
IKZF1	FGFR1OP	0.0029059043154120445
FOXO1	DEK	0.0029058698564767838
HCFC1	SETD2	0.0029058109503239393
IRF8	UQCRFS1	0.002905544824898243
RPA2	USP37	0.0029053448233753443
JUN	METTL27	0.0029050062876194715
GATA2	CSE1L	0.0029046344570815563
CBFB	CD300A	0.002904629334807396
RAD21	TESPA1	0.002904223743826151
ELF1	EEF1E1	0.0029035410843789577
HCFC1	CTSG	0.00290352082811296
STAT2	LY86	0.0029033466707915068
JUN	LRRC59	0.0029028484132140875
IKZF1	MTCH2	0.002902840031310916
SATB1	UBE2C	0.002902683801949024
CBFB	KCTD12	0.002902547363191843
IKZF1	RB1	0.002901938511058688
IRF8	CD300A	0.002901937812566757
CBFB	PRC1	0.002901836996898055
RPA2	PHB2	0.0029017352499067783
IRF8	PLAA	0.0029016954358667135
CBFB	CAPG	0.0029016523621976376
SATB1	TMX3	0.0029016488697379827
HDAC2	FAM91A1	0.002901570638641715
HCFC1	MTMR6	0.0029015508480370045
WDR5	TESPA1	0.0029015191830694675
SATB1	IGKC	0.0029013482853770256
RAD51	NSD2	0.0029010034631937742
SPI1	FDFT1	0.0029006742406636477
GFI1B	GRINA	0.0029001254588365555
RAD21	HNRNPLL	0.0028997829649597406
SATB1	ALDH9A1	0.0028991778381168842
MYC	LRRC8B	0.0028988176491111517
STAT2	CTR9	0.002898752223700285
GFI1B	ALDH18A1	0.00289856712333858
RAD21	SAMD9L	0.002898181090131402
MYC	CTLA2B	0.002898135455325246
IRF8	IFI30	0.002897919388487935
STAT2	SLC35E1	0.00289770495146513
STAT2	SNRPB	0.0028974763117730618
ELF1	YBX3	0.002897028112784028
SATB1	SDC4	0.0028969054110348225
IRF8	VDR	0.0028968483675271273
MYC	GGTA1	0.0028967729303985834
SPI1	PSEN1	0.0028966362588107586
RAD21	SNRNP200	0.0028965275269001722
STAT2	MUC13	0.002896091202273965
STAT2	CS	0.0028960879426449537
CBFB	H2AFX	0.002896082354709506
MYC	CDT1	0.0028957342728972435
IKZF1	CENPE	0.0028956865426152945
IKZF1	CD300A	0.002895493060350418
IKZF1	GBP7	0.002895127749070525
SPI1	ACOX1	0.0028950851410627365
SPI1	MCM5	0.002893889555707574
RPA1	CBX5	0.0028937803581357002
STAT2	HMBS	0.0028937591705471277
MYC	TMEM173	0.002893600845709443
STAT2	PITPNC1	0.002893113298341632
JUN	CDC7	0.002892969874665141
NFAT5	PARP8	0.0028926823288202286
FOXO1	XPNPEP1	0.002892441814765334
HDAC2	HUS1	0.00289226439781487
SATB1	FUCA2	0.002891907701268792
JUN	IMMT	0.0028915652073919773
NFAT5	RB1	0.0028912837151437998
GFI1B	MIR17HG	0.0028907402884215117
STAT2	4833439L19RIK	0.0028898741584271193
MEIS1	CCDC50	0.0028897603042423725
GATA2	MCM6	0.0028896713629364967
RPA1	RANBP3	0.0028894012793898582
JUN	NFAM1	0.002888959599658847
STAT2	HDC	0.0028888131491839886
FOXO1	PNCK	0.002888694405555725
JUN	TOMM70A	0.0028883134946227074
SATB1	PIM2	0.002888150978833437
SATB1	NECAP2	0.002887892536818981
IKZF1	FGGY	0.0028877267614006996
RAD21	CAD	0.002887680660933256
IKZF1	GRINA	0.002887330250814557
IKZF1	PEAR1	0.0028870897367596626
MEIS1	HID1	0.002886801026761532
SATB1	CYBC1	0.0028866988141089678
CBX7	RFC5	0.002886679256334901
MYC	KPNA1	0.0028864771593362093
IRF8	HMBS	0.0028860699385404587
IRF8	UBAC1	0.0028853234834969044
CBX7	SLC26A2	0.0028852238319814205
STAT2	NFIA	0.002885138848796487
MYC	DHX33	0.0028850333765149117
CBFB	ARL6IP6	0.002884981920942664
WDR5	API5	0.002884890418499708
JUN	PSME4	0.0028845772612839937
NFAT5	NR3C2	0.002884379355236888
MEIS1	SH3BGRL	0.0028843723703175783
HCFC1	ANXA1	0.0028832044918090105
IRF8	CS	0.002882986329495907
GFI1B	IARS	0.0028823029715567827
SPI1	NCEH1	0.002882234752178192
NFAT5	ARID3B	0.0028821455780416727
ELF1	AKAP8L	0.0028821052983403206
ELF1	IL6ST	0.0028819702565670013
JUN	FLOT2	0.0028817527927458286
IKZF1	MCM7	0.0028816936537623405
HDAC2	AFAP1L1	0.002881467342376709
SPI1	TFR2	0.0028812079690396786
CBFB	GMNN	0.0028806154150515795
HDAC2	API5	0.0028805150650441647
JUN	GCLC	0.0028804924804717302
GATA2	SCARB1	0.002880408428609371
FOXO1	METAP1	0.002880401210859418
WDR5	KPNA1	0.002880353946238756
SATB1	CLTC	0.0028798894491046667
JUN	PANX1	0.0028798033017665148
IKZF1	MC5R	0.002879769541323185
GATA2	HCFC1	0.0028795634862035513
CBX7	STOM	0.0028787204064428806
IKZF1	TMX3	0.002878462662920356
STAT2	CTSF	0.0028781641740351915
CBX7	HMBS	0.0028777236584573984
SPI1	SORT1	0.0028771243523806334
IRF8	GNG2	0.0028770517092198133
JUN	NCLN	0.00287699606269598
GATA2	SUPV3L1	0.0028768766205757856
SATB1	POLD1	0.0028768726624548435
IKZF1	SLC16A1	0.0028766943141818047
GFI1B	MAN2A2	0.002876495011150837
IKZF1	GPRASP1	0.0028760521672666073
SATB1	POLR1B	0.002875999780371785
STAT2	KIF20B	0.0028757371474057436
ELF1	RPN1	0.002875584177672863
SPI1	LY6C2	0.0028755406383424997
ELF1	NUAK2	0.0028751587960869074
FOXO1	MLKL	0.002875148318707943
CBX7	CDCA7	0.0028750253841280937
IKZF1	GANAB	0.002874966710805893
RAD51	MSH6	0.0028749338816851377
STAT2	PRR5	0.002874910831451416
STAT2	SNHG5	0.002874717814847827
IRF8	RAD51	0.0028746535535901785
ELF1	GM20342	0.002874556230381131
IRF8	RRM2	0.0028744738083332777
IKZF1	ITIH5	0.002873863559216261
FOXO1	ERCC8	0.0028738267719745636
MYC	SLC19A1	0.002873188117519021
GATA2	UQCRFS1	0.0028731669299304485
WDR5	POLE3	0.0028730935882776976
SPI1	MFSD14B	0.0028730614576488733
IRF8	ADA	0.00287277321331203
SPI1	BCL2	0.0028726246673613787
GFI1B	GIMAP5	0.0028723678551614285
NFAT5	MORC3	0.002872295444831252
CBFB	IFRD2	0.0028721296694129705
ELF1	FCER1G	0.0028720549307763577
IKZF1	HSPA1A	0.0028717382811009884
GATA2	CNIH1	0.0028715271037071943
FOXO1	PHF5A	0.002871382748708129
RAD21	KIF13A	0.002871382050216198
GATA2	TFG	0.00287133757956326
WDR5	MRPL20	0.0028710600454360247
RAD21	CD69	0.002871057717129588
CBFB	MTREX	0.0028709224425256252
SATB1	ISG20	0.0028707217425107956
CBX7	CKAP2L	0.00287066213786602
RPA1	ALDH18A1	0.0028699322137981653
IRF8	PARVG	0.0028699124231934547
IKZF1	SPIDR	0.002869687508791685
JUN	RAD51	0.002869615564122796
SATB1	OASL2	0.0028696046210825443
CBX7	CD69	0.0028695985674858093
GFI1B	KCTD20	0.0028691827319562435
GATA2	ORC6	0.0028687200974673033
FOXO1	TMEM173	0.002868501003831625
MEIS1	PSMD1	0.002868467941880226
CBFB	CBX7	0.0028683547861874104
RAD21	ATP10A	0.0028681426774710417
CBFB	USP42	0.0028681044932454824
CBX7	CUL3	0.0028678528033196926
IRF8	TSPAN2	0.0028675461653620005
STAT2	IRF8	0.0028675117064267397
JUN	CDKN1A	0.0028670919127762318
IKZF1	CCR2	0.0028669938910752535
SPI1	RP2	0.0028669629245996475
SATB1	MRPL37	0.0028667256701737642
MEIS1	PLAA	0.0028665189165621996
SATB1	SPIDR	0.002866468857973814
SPI1	STT3A	0.0028660730458796024
GFI1B	PRKCH	0.0028650383464992046
JUN	PLAG1	0.0028648509178310633
ELF1	SAMD9L	0.002863775473088026
WDR5	MIS12	0.0028634918853640556
IRF8	KLF6	0.002863476052880287
CBX7	CDCA5	0.002863121684640646
STAT2	ARL6IP6	0.002863046247512102
IKZF1	CCNB2	0.00286266696639359
IKZF1	DNAJC10	0.002862411318346858
NFAT5	IMMT	0.0028623556718230247
WDR5	PREP	0.0028622942045331
IRF8	DCK	0.0028621519450098276
STAT2	TRPS1	0.00286190677434206
SATB1	TACC3	0.002861875342205167
MEIS1	PPP1CB	0.0028618620708584785
RPA1	CSE1L	0.002861844841390848
STAT2	MR1	0.002861760091036558
RAD21	WDHD1	0.0028615996707230806
SPI1	MDN1	0.0028613561298698187
SATB1	PPAT	0.0028612385503947735
CBFB	LONP1	0.0028610662557184696
NFAT5	UBASH3A	0.0028609675355255604
HCFC1	BTK	0.0028608578722923994
STAT2	GALNT6	0.002860813634470105
IKZF1	MECOM	0.002860655076801777
CBX7	D1ERTD622E	0.0028604366816580296
CBX7	MIEF1	0.0028602408710867167
HCFC1	BTG2	0.0028601144440472126
HDAC2	SRM	0.0028601025696843863
GATA2	CBFB	0.0028600357472896576
RPA1	TACC3	0.0028598601929843426
SATB1	KIF11	0.002859831787645817
CBX7	PATL1	0.0028598264325410128
IRF8	TK1	0.0028594722971320152
JUN	CLTC	0.002858984051272273
CBFB	UQCRFS1	0.002858982188627124
SPI1	CLPTM1L	0.0028589782305061817
EBF1	RUVBL2	0.0028589684516191483
JUN	CREB5	0.0028588322456926107
GFI1B	MAGED2	0.00285871559754014
NFAT5	PTPN7	0.0028581798542290926
ELF1	NDC80	0.0028581125661730766
GFI1B	DNAJC11	0.002858024789020419
IRF8	NAPSA	0.002857968444004655
GATA2	ANXA3	0.0028578464407473803
HCFC1	SLC25A46	0.0028577609919011593
CBFB	FIGNL1	0.0028577561024576426
RAD21	SNAP47	0.002856362145394087
CBX7	WDHD1	0.002856244333088398
ELF1	RABGGTB	0.0028562205843627453
SPI1	VAV1	0.0028561835642904043
ELF1	GBP7	0.002856106963008642
SPI1	CD274	0.0028553747106343508
STAT2	IPO9	0.0028551933355629444
CBFB	FGGY	0.00285518541932106
GFI1B	VPS35	0.00285504013299942
CBFB	CCR2	0.002854742109775543
RAD51	LONP1	0.0028544641099870205
IKZF1	HEXA	0.0028541162610054016
ELF1	AZIN1	0.002854104619473219
CBX7	KIF22	0.002853923011571169
SPI1	TMEM50B	0.0028538778424263
GATA2	DDX1	0.0028537986800074577
IKZF1	STX3	0.002853706246241927
HDAC2	JPT1	0.002853669226169586
ELF1	DDX21	0.002853571204468608
CBFB	TBC1D5	0.0028534417506307364
JUN	SVIP	0.002853419166058302
CBFB	PLXNC1	0.00285340566188097
STAT2	FCGR2B	0.002852937439456582
GATA2	H2AFX	0.0028529127594083548
RAD51	MKI67	0.0028525388333946466
CBX7	9430015G10RIK	0.0028522482607513666
STAT2	SLC25A46	0.0028522068168967962
ELF1	DNAJC10	0.0028521150816231966
SATB1	CD300A	0.0028520566411316395
RPA1	LRRC59	0.0028517518658190966
FOXO1	PBK	0.002851489232853055
MYC	UAP1	0.0028513530269265175
MYC	PRKCD	0.0028511511627584696
NFAT5	STX3	0.00285107153467834
CBFB	PRPS2	0.002851037075743079
RAD21	LAX1	0.002850788878276944
SATB1	HSPA1A	0.0028506089001893997
GFI1B	PHF10	0.0028505870141088963
SPI1	ARMT1	0.002850185614079237
JUN	ANKRD44	0.0028499786276370287
GFI1B	KCNK5	0.002849888987839222
ELF1	POLR1B	0.002849523676559329
MYC	IARS2	0.0028492731507867575
SATB1	HDAC11	0.002849196782335639
IKZF1	IRF9	0.0028485916554927826
RAD21	DOCK11	0.0028484908398240805
ELF1	MCM5	0.0028483138885349035
ELF1	CCDC50	0.0028482903726398945
MEIS1	DNAJC11	0.0028482680208981037
IKZF1	MPI	0.002847946248948574
CBFB	PSEN1	0.0028476796578615904
HCFC1	IL12A	0.0028476249426603317
MYC	ANXA2	0.0028474440332502127
CBFB	PFKP	0.002847441006451845
IKZF1	TSPAN2	0.002847228664904833
STAT2	ST8SIA4	0.002847125520929694
ELF1	FGL2	0.0028469881508499384
SATB1	ENG	0.0028464633505791426
JUN	SLC35A4	0.0028464384377002716
JUN	ANXA1	0.0028463089838624
RPA1	SEC23IP	0.0028460430912673473
MEIS1	MARS	0.002845986047759652
ELF1	PTCD3	0.00284573039971292
MEIS1	CERK	0.002845503157004714
RAD21	SYK	0.0028453075792640448
SPI1	HMGB2	0.002845024224370718
IKZF1	MYCN	0.002844952279701829
STAT2	KIF13A	0.0028449040837585926
STAT2	NARS	0.0028446640353649855
IRF8	SH2D5	0.002844488248229027
ELF1	9430015G10RIK	0.0028444593772292137
STAT2	NADK	0.0028441837057471275
RAD21	PRDM16	0.0028441345784813166
CBX7	PRC1	0.0028440693859010935
NFAT5	CNN3	0.0028434940613806248
STAT2	F2R	0.0028433131519705057
NFAT5	CCNB1	0.0028432307299226522
FOXO1	ANXA2	0.0028428349178284407
GFI1B	CD82	0.0028423864860087633
STAT2	ALDH18A1	0.0028420763555914164
IKZF1	RGS19	0.002841424662619829
SATB1	LZTS1	0.0028407732024788857
JUN	PDE4D	0.002840640489012003
IKZF1	ORC6	0.002840436063706875
NFAT5	IRF8	0.002839753171429038
MEIS1	PHKB	0.0028396742418408394
RPA2	TSPAN3	0.0028392779640853405
ELF1	USP42	0.002839231165125966
ELF1	SLC43A3	0.002838915679603815
MYC	HDAC2	0.002838567364960909
CBX7	F13A1	0.002838271204382181
HCFC1	CBFB	0.0028381268493831158
NFAT5	GUSB	0.0028379838913679123
ELF1	MCM2	0.0028377603739500046
CBX7	RGS1	0.002837756182998419
RAD21	TNPO1	0.0028368053026497364
IKZF1	SH2D5	0.002836514264345169
GFI1B	CAND2	0.0028359098359942436
CBFB	RANGAP1	0.002835867926478386
RPA1	AI506816	0.002835772931575775
SATB1	NUAK2	0.0028357403352856636
IKZF1	SLC37A1	0.0028352979570627213
RAD21	GPR160	0.002835250226780772
HDAC2	F2R	0.0028351503424346447
CBFB	VAV1	0.0028351270593702793
STAT2	HAT1	0.0028349978383630514
SPI1	MYO1F	0.0028349768836051226
IKZF1	CPA3	0.002834968501701951
NFAT5	CIP2A	0.0028348593041300774
SPI1	ITGAL	0.002834770828485489
SPI1	EIF2S1	0.002834201557561755
GFI1B	CBX7	0.0028341684956103563
STAT2	MINDY3	0.002834139158949256
SATB1	MIR17HG	0.002834028098732233
WDR5	GUSB	0.002833899576216936
SPI1	RHOF	0.0028335328679531813
IRF8	XPC	0.002833225531503558
MYC	ATP6AP1	0.002833189442753792
JUN	CAND2	0.002832620171830058
IKZF1	MTFR1	0.002832176396623254
IKZF1	SPPL2B	0.002832151250913739
CBX7	COPB1	0.002831980586051941
IKZF1	TOMM70A	0.0028315032832324505
STAT2	CAD	0.0028313794173300266
MEIS1	PRR5	0.0028312853537499905
RAD21	NDUFS1	0.0028311163187026978
HCFC1	PTGR1	0.0028307719621807337
SATB1	CBX7	0.0028305554296821356
MYC	NOL9	0.002830451587215066
GATA2	POLR2B	0.0028301337733864784
WDR5	GGTA1	0.002830056007951498
STAT2	HDGFL3	0.002829934936016798
CBFB	RPA1	0.0028297523967921734
WDR5	MUC13	0.002829506527632475
WDR5	OSBPL1A	0.002829480916261673
MEIS1	TBC1D2B	0.002829132368788123
SATB1	FARSA	0.0028285260777920485
WDR5	THSD1	0.0028284676373004913
GFI1B	EIF2B1	0.002828258089721203
ELF1	PRIM2	0.0028281318955123425
STAT2	GM8113	0.002828077645972371
MYC	PUS7	0.0028280727565288544
WDR5	CDC6	0.002827861113473773
CBFB	SZT2	0.0028278136160224676
CBX7	NDC1	0.002827325137332082
NFAT5	GK	0.0028271737974137068
WDR5	IL17RA	0.002826942829415202
STAT2	POLE3	0.0028262685518711805
JUN	TUBGCP3	0.002825624542310834
RAD21	CLEC12A	0.0028255709912627935
CBX7	SDF2L1	0.0028255032375454903
MEIS1	SPO11	0.0028254343196749687
ELF1	CCDC137	0.002825432922691107
IKZF1	CYP2J9	0.002825292060151696
JUN	UHRF1	0.002825154224410653
IKZF1	TIPIN	0.002825084375217557
RAD21	GRIA3	0.002825018484145403
CBX7	KCTD12	0.0028249667957425117
MEIS1	SHCBP1	0.002824711613357067
SATB1	SF3B3	0.0028246636502444744
GFI1B	PIP4K2A	0.0028245875146239996
CBX7	POLE	0.0028245183639228344
CBFB	SLC28A2	0.002824384719133377
RAD21	SLC25A38	0.0028240440879017115
HDAC2	PSMD1	0.002823891816660762
IKZF1	RANGAP1	0.002823702059686184
STAT2	ATP6AP2	0.0028231460601091385
STAT2	JAM3	0.0028230648022145033
JUN	INTS13	0.0028228259179741144
STAT2	LAX1	0.0028228014707565308
NFAT5	EAF1	0.0028226859867572784
SATB1	RARS	0.002821878530085087
FOXO1	MIR17HG	0.0028217060025781393
RPA1	SNRPB	0.0028216878417879343
RAD21	PTDSS1	0.0028213378973305225
NFAT5	STT3B	0.0028212678153067827
FOXO1	WDR5	0.00282115675508976
ELF1	H1F0	0.0028209795709699392
SPI1	B3GNT5	0.0028209101874381304
WDR5	STT3A	0.0028208454605191946
CBFB	ARL8B	0.0028207849245518446
JUN	ITGAL	0.0028207397554069757
GFI1B	AURKA	0.002820342080667615
JUN	ICAM1	0.002820218913257122
CBFB	CTSL	0.0028202177491039038
HCFC1	PLEKHO2	0.0028201912064105272
HDAC2	ELAC2	0.0028198123909533024
HCFC1	TAB1	0.00281964591704309
WDR5	ACAA2	0.002819598652422428
GATA2	SLC25A38	0.0028195560444146395
CBX7	NFE2	0.0028194605838507414
IKZF1	PTGR1	0.0028191895689815283
ELF1	CENPO	0.00281876465305686
CBX7	STARD7	0.002818644978106022
GATA2	MCOLN2	0.002818633336573839
STAT2	MCM4	0.0028185902629047632
RAD21	SETD2	0.002818487351760268
ELF1	CCNB1	0.0028179960791021585
IKZF1	CCNA2	0.002817945322021842
SATB1	HELLS	0.002817446133121848
WDR5	PPID	0.0028173059690743685
ELF1	PDIA4	0.0028172435704618692
CBFB	RGS18	0.002817235654219985
STAT2	ABL2	0.002817103872075677
ELF1	CYP2J6	0.0028170268051326275
CBX7	EZR	0.0028168782591819763
NFAT5	FAM171A1	0.002816533436998725
CBX7	SPI1	0.002816480118781328
RAD21	ADK	0.002816317370161414
ELF1	NAV1	0.0028161106165498495
CBFB	ARHGEF39	0.0028160286601632833
FOXO1	RGS19	0.0028160042129456997
SPI1	DDX21	0.0028159827925264835
STAT2	BIRC5	0.002815790241584182
STAT2	MAPK1	0.002815419575199485
STAT2	NASP	0.0028152584563940763
ELF1	ZBTB20	0.002815217012539506
IKZF1	CSGALNACT2	0.0028152039740234613
ELF1	FRRS1	0.002815052168443799
MEIS1	IFI27L2A	0.002814892213791609
GFI1B	9430015G10RIK	0.0028148293495178223
IKZF1	CYB5R1	0.002814347855746746
IRF8	FASTKD2	0.0028140773065388203
JUN	SLPI	0.002814074046909809
CBX7	NCAPD2	0.0028139634523540735
RAD21	CD9	0.0028135671745985746
MEIS1	PA2G4	0.002813404193148017
IKZF1	PRDM16	0.0028132081497460604
FOXO1	TRIM16	0.002813151804730296
RAD21	ORC6	0.0028129287529736757
HCFC1	TEC	0.0028128670528531075
SATB1	BCAP29	0.0028128596022725105
IRF8	PRIM1	0.002812659600749612
WDR5	XRCC6	0.0028126167599111795
SATB1	ATP1B3	0.0028124903328716755
CBFB	FUT7	0.002812427468597889
IKZF1	CFP	0.002812427468597889
MEIS1	CUL3	0.002812266582623124
STAT2	ERCC8	0.002811690093949437
JUN	MYO5A	0.0028113399166613817
NFAT5	SPNS3	0.002811252838000655
RAD21	IPO9	0.0028109620325267315
STAT2	MAD2L1	0.0028105659876018763
RAD21	TMX4	0.002810035366564989
ELF1	KCTD20	0.002809860510751605
SATB1	MFSD10	0.0028093152213841677
MYC	MYO1G	0.002809214871376753
RAD51	HAT1	0.002809197409078479
MEIS1	TUBGCP2	0.0028090858832001686
WDR5	STAT2	0.002809078898280859
IKZF1	MINDY3	0.002809004858136177
ELF1	SPI1	0.0028087561950087547
RAD21	SLC28A2	0.0028087326791137457
IKZF1	VSIR	0.0028085466474294662
NFAT5	SRSF1	0.0028083508368581533
CBFB	NSUN2	0.002808202523738146
SATB1	ABITRAM	0.0028077266179025173
SPI1	TRAP1	0.002807648153975606
SATB1	TGTP1	0.002807632554322481
IKZF1	FAR1	0.002807351527735591
NFAT5	ME2	0.002807245124131441
CBFB	TBL3	0.002806604839861393
HDAC2	DNTT	0.0028064893558621407
IKZF1	KNSTRN	0.002806156175211072
GATA2	H2-AA	0.0028060844633728266
STAT2	CD82	0.0028059922624379396
CBFB	GOLPH3	0.0028059696778655052
WDR5	IGFBP4	0.00280559784732759
MYC	KAT7	0.002805554075166583
CBX7	DDX58	0.0028053869027644396
SPI1	UBA2	0.0028048621024936438
ELF1	CTSF	0.0028047615196555853
FOXO1	SPCS3	0.0028042506892234087
IKZF1	PFKP	0.00280406279489398
WDR5	EIF2B1	0.002803945215418935
IKZF1	ABCE1	0.0028038385789841413
RAD21	ERCC8	0.002803726587444544
CBFB	RAB31	0.002803639741614461
RAD51	BUB1	0.0028029587119817734
STAT2	RETREG1	0.0028029317036271095
WDR5	OTUD4	0.0028026856016367674
IKZF1	BPIFC	0.0028024432249367237
SATB1	DPP8	0.0028023619670420885
STAT2	INO80D	0.0028023591730743647
STAT2	NAPSA	0.002802311209961772
RAD21	DNAJC5	0.0028021761681884527
RAD21	FASTKD3	0.0028019347228109837
CBX7	CD44	0.002801853697746992
GATA2	XPC	0.0028012406546622515
CBFB	TOMM70A	0.0028010804671794176
STAT2	FCGRT	0.0028007840737700462
FOXO1	KIF17	0.00280060269869864
GATA2	HDGF	0.0028004914056509733
RAD21	EBF1	0.002800248097628355
STAT2	METAP1	0.0027999402955174446
JUN	TRIM16	0.002799111185595393
GATA2	PPM1F	0.0027989319059997797
IRF8	POLE3	0.0027988434303551912
IKZF1	TBC1D9B	0.0027987060602754354
NFAT5	SEC24D	0.002798660658299923
RPA2	NAMPT	0.002798643196001649
JUN	DOCK11	0.002798353089019656
IRF8	MAPKAPK3	0.0027983372565358877
HDAC2	BCAP29	0.0027980520389974117
IKZF1	PADI4	0.0027978967409580946
ELF1	PIK3R1	0.0027978874277323484
GFI1B	PPID	0.0027978697326034307
NFAT5	TENT5A	0.0027975612320005894
STAT2	FARSA	0.002797540742903948
RAD21	UBE2L6	0.0027974292170256376
IKZF1	TSC22D3	0.002797288354486227
IKZF1	CENPO	0.0027972348034381866
RPA2	TMEM206	0.0027969651855528355
ELF1	COPB1	0.002796351909637451
HCFC1	PARP8	0.0027959661092609167
STAT2	PLPPR3	0.0027958094142377377
HDAC2	SF3B3	0.0027957467827945948
STAT2	SLC25A38	0.002795742591843009
CBFB	CRISPLD1	0.002795679261907935
SPI1	ATP1B3	0.002795448061078787
GFI1B	ACAA2	0.002795084612444043
GATA2	ADSSL1	0.00279461988247931
NFAT5	LCP2	0.0027940773870795965
IKZF1	IFI209	0.002793978899717331
SATB1	PSMG2	0.00279360543936491
SATB1	HJURP	0.002793233608826995
IKZF1	ICAM1	0.0027930468786507845
MYC	TSC22D3	0.002792965155094862
STAT2	ZFP422	0.0027928915806114674
SPI1	SESN1	0.002792754676192999
FOXO1	CKS2	0.0027925781905651093
NFAT5	TFG	0.002792544662952423
MEIS1	AZIN1	0.002792526502162218
HCFC1	FAM76B	0.002792507875710726
CBX7	NUDT19	0.0027924971655011177
CBX7	PFKP	0.0027923467569053173
STAT2	BACE1	0.0027920270804315805
STAT2	CYFIP2	0.002791815437376499
SPI1	TENT5A	0.0027916887775063515
GFI1B	PPP1R9A	0.0027916585095226765
JUN	CNIH1	0.0027910377830266953
GATA2	PRDM16	0.002790786325931549
IRF8	USP14	0.0027906594332307577
STAT2	SPPL2B	0.002790548140183091
STAT2	HP	0.0027904734015464783
GATA2	EYA2	0.0027901921421289444
HDAC2	DEF8	0.0027900899294763803
GATA2	TRMT6	0.0027899735141545534
HCFC1	LACTB	0.0027897432446479797
WDR5	SPNS3	0.0027895381208509207
RPA2	SLC31A1	0.002788911107927561
CBX7	CSE1L	0.002788851037621498
CBFB	TSPOAP1	0.002788752783089876
IRF8	MEMO1	0.0027886705938726664
SPI1	NAA50	0.0027881988789886236
GFI1B	DNAJC5	0.0027880887500941753
JUN	ATP10A	0.0027879527769982815
WDR5	RABGGTB	0.0027878321707248688
GATA2	POLR1B	0.0027877886313945055
SATB1	CYP2J6	0.0027877050451934338
ELF1	PTPN7	0.002787262899801135
IKZF1	SGO1	0.0027866149321198463
NFAT5	LONP1	0.0027863599825650454
NFAT5	POR	0.002786163240671158
JUN	AZIN1	0.00278614554554224
RAD21	SIGLECG	0.002786120167002082
IRF8	SELENBP1	0.0027860873378813267
JUN	RPA1	0.002785678021609783
FOXO1	NRROS	0.0027856105007231236
STAT2	SPNS2	0.00278557394631207
SPI1	XRCC6	0.002785514574497938
RPA1	AURKB	0.0027852547354996204
GFI1B	MFSD1	0.002784887794405222
JUN	RPS6KA3	0.002784566255286336
RPA1	PSAT1	0.00278445309959352
RPA2	SLC43A3	0.0027839301619678736
RAD21	TSPAN2	0.0027838668320327997
RAD21	SLC26A2	0.0027837632223963737
CBFB	HACD3	0.00278367567807436
WDR5	SHISA5	0.00278338766656816
SPI1	BTG2	0.0027833834756165743
NFAT5	CDCA7	0.0027833697386085987
MEIS1	CTSZ	0.002783182542771101
STAT2	SZT2	0.002783155534416437
IKZF1	F630028O10RIK	0.0027828910388052464
STAT2	PPP1R9A	0.0027828800957649946
CBX7	RGS2	0.0027827208396047354
MYC	SORT1	0.0027824435383081436
IKZF1	CENPL	0.0027823513373732567
RPA1	REXO2	0.0027821476105600595
SPI1	TMEM206	0.002781810238957405
WDR5	RNF122	0.002781508956104517
CBFB	GUSB	0.0027813795022666454
CBX7	DHRS3	0.002781270770356059
STAT2	NEDD1	0.0027812044136226177
NFAT5	GNL3	0.0027810116298496723
CBFB	TSPAN14	0.002780842361971736
HCFC1	STAT2	0.0027808300219476223
GFI1B	SNRPB	0.0027807941660284996
CBX7	CCDC137	0.002780579263344407
WDR5	ACLY	0.0027804335113614798
SPI1	ATG12	0.002779864240437746
MEIS1	SFXN1	0.002779735252261162
HDAC2	IKZF1	0.0027794265188276768
SPI1	TPM4	0.002779271686449647
ELF1	ABL2	0.0027788167353719473
RPA2	BC035044	0.0027787252329289913
GFI1B	H2-OB	0.0027772702742367983
FOXO1	CAD	0.0027765287086367607
NFAT5	MIS18BP1	0.0027762185782194138
ELF1	JUN	0.0027761540841311216
GFI1B	ARHGEF18	0.0027761340606957674
FOXO1	TENT5A	0.002776052802801132
HDAC2	OSTM1	0.0027755359187722206
MYC	GLRX5	0.0027752062305808067
WDR5	5430427O19RIK	0.0027750644367188215
MYC	SHISA8	0.0027749103028327227
NFAT5	DNAJC9	0.002774614142253995
STAT2	GPRASP1	0.00277447747066617
CBX7	NUP85	0.0027740986552089453
STAT2	FTX	0.0027740548830479383
GATA2	TRIM30B	0.002773660235106945
NFAT5	IPO9	0.002773582236841321
NFAT5	GARS	0.0027732711751013994
FOXO1	KPNA3	0.0027729521971195936
ELF1	FCHO2	0.002772355917841196
SATB1	ERGIC1	0.002772240899503231
ELF1	WDR5	0.002772202482447028
HCFC1	PIP4K2A	0.0027719170320779085
CBX7	AP3S1	0.00277109257876873
IKZF1	PCMTD2	0.002771074417978525
GATA2	CAD	0.002770957536995411
ELF1	RP2	0.0027708096895366907
STAT2	NCAPH	0.002770539140328765
RAD21	ARID3B	0.002770356135442853
JUN	9430015G10RIK	0.0027695491444319487
SATB1	HMGB2	0.002769037149846554
MEIS1	PECAM1	0.0027689612470567226
IRF8	H2-DMA	0.0027688329573720694
RAD21	GOLT1B	0.0027686774265021086
IRF8	ZFP53	0.002768366364762187
CBFB	TEC	0.0027682012878358364
RPA2	NAV1	0.0027680129278451204
HCFC1	CKAP5	0.0027674464508891106
RAD21	ZFP36	0.0027673724107444286
FOXO1	RPRD1B	0.002767346566542983
SPI1	F13A1	0.0027671896386891603
IKZF1	TGTP2	0.0027670825365930796
SATB1	AKAP8L	0.002766328165307641
FOXO1	ABCE1	0.0027658988256007433
WDR5	CENPO	0.002765519544482231
MYC	RAB44	0.002765201497823
WDR5	PSMG2	0.0027649991679936647
GATA2	CDCA7	0.0027649744879454374
GATA2	SHCBP1	0.0027649125549942255
SPI1	SNHG5	0.0027641751803457737
MYC	BCAP29	0.0027641397900879383
IKZF1	MSMO1	0.0027640988118946552
RAD21	AFAP1L1	0.002763901837170124
FOXO1	PANX1	0.0027636222075670958
FOXO1	ADK	0.0027634960133582354
MEIS1	CCNF	0.002763347467407584
ELF1	BUB1	0.0027632308192551136
SPI1	ALDH9A1	0.002763106022030115
HCFC1	NECAP2	0.0027631002012640238
SATB1	RB1	0.0027626841329038143
STAT2	ASF1B	0.002762601478025317
ELF1	FTSJ3	0.002762590069323778
IKZF1	CYP4V3	0.002762352814897895
HCFC1	SYNJ1	0.0027621323242783546
ELF1	TNIP3	0.002762123942375183
GFI1B	CENPO	0.002761958399787545
FOXO1	TCN2	0.002761936280876398
CBFB	REL	0.0027613951824605465
RAD51	DUT	0.0027613448910415173
SPI1	SNAP23	0.002761285053566098
IKZF1	CHORDC1	0.0027611677069216967
JUN	IARS2	0.002760988660156727
JUN	TGTP2	0.002760421484708786
SATB1	LMAN2L	0.002760320669040084
NFAT5	PNCK	0.0027601104229688644
HCFC1	KPNA3	0.0027600242756307125
HCFC1	KLF6	0.002759748138487339
MEIS1	SLC43A3	0.002759551163762808
HCFC1	CDKN1A	0.0027593274135142565
IKZF1	PIK3R1	0.002758996794000268
MYC	RPRD1B	0.0027589278761297464
GATA2	TMEM154	0.0027586573269218206
JUN	AI504432	0.002757792128250003
FOXO1	COLGALT1	0.002757775830104947
HCFC1	CIP2A	0.002757531823590398
ELF1	EGR1	0.0027574317064136267
NFAT5	BTK	0.002757310401648283
SPI1	SLBP	0.0027571830432862043
MYC	CD63	0.002757128793746233
SATB1	RGS18	0.002756461501121521
IKZF1	ENG	0.0027557769790291786
RPA1	SLBP	0.0027553648687899113
GATA2	OTULINL	0.0027552193496376276
HCFC1	GM5111	0.002755050780251622
MYC	FLNA	0.0027544654440134764
SATB1	STARD7	0.002754451474174857
CBFB	TIMM29	0.0027543604373931885
FOXO1	TEC	0.0027542628813534975
HCFC1	CLEC12A	0.002753662411123514
MEIS1	NOLC1	0.0027534959372133017
JUN	CBX5	0.0027532163076102734
HDAC2	SLBP	0.0027529068756848574
MEIS1	DHX33	0.002752786036580801
ELF1	TOMM40	0.0027520754374563694
ELF1	CTR9	0.002752057509496808
SPI1	HDGF	0.002751855179667473
JUN	NEDD1	0.0027514800895005465
JUN	INTS8	0.0027512803208082914
STAT2	TMEM176A	0.0027511981315910816
RAD21	TSC22D1	0.0027511578518897295
RAD21	SALL2	0.002751157386228442
WDR5	BID	0.0027509876526892185
ELF1	MCM7	0.002750895917415619
GATA2	SLC35B4	0.002750774845480919
SPI1	SPTBN1	0.00275064236484468
IKZF1	REL	0.002750293118879199
SPI1	PSMD9	0.002750242128968239
STAT2	TRIM59	0.002750233979895711
MEIS1	RCSD1	0.002749944105744362
CBFB	ART4	0.002749903127551079
ELF1	ZFAND5	0.002749604871496558
IRF8	FAM102B	0.002749151550233364
HDAC2	GARS	0.002749120583757758
WDR5	NADK	0.0027487489860504866
RAD21	DCK	0.0027485336177051067
IRF8	HSPA4	0.0027483690064400434
ELF1	RUVBL2	0.0027479417622089386
NFAT5	PBK	0.002747792750597
STAT2	FBXO5	0.0027476130053400993
FOXO1	HMGB3	0.002747564110904932
RAD21	CERS4	0.0027475233655422926
STAT2	YBX3	0.00274751428514719
ELF1	DNAJC9	0.0027474453672766685
FOXO1	LIG1	0.0027471487410366535
SPI1	DOK2	0.002746960148215294
GFI1B	BDH2	0.0027464868035167456
GATA2	MIR99AHG	0.002746039303019643
SPI1	IL27RA	0.002745984122157097
CBX7	CD63	0.0027455284725874662
HCFC1	DNAJC10	0.002745260251685977
NFAT5	UBE2C	0.002745028119534254
STAT2	NUS1	0.0027450136840343475
HCFC1	PDE4D	0.0027449384797364473
RPA2	TRIM59	0.002744819037616253
SPI1	GSR	0.0027445978485047817
RAD51	VPS16	0.002744569443166256
RAD21	HDC	0.0027444844599813223
CBX7	BIRC5	0.0027440935373306274
IKZF1	D1ERTD622E	0.002743613440543413
IRF8	EAF1	0.0027433692011982203
GFI1B	LAPTM4B	0.0027432760689407587
GFI1B	FEM1B	0.002742388052865863
WDR5	MAPKAPK3	0.0027421992272138596
SPI1	TSC22D3	0.0027416537050157785
IRF8	TFRC	0.0027416530065238476
FOXO1	ADSSL1	0.0027415542863309383
MYC	CNIH1	0.0027414876967668533
JUN	SATB1	0.0027411312330514193
NFAT5	BCAP29	0.002740922849625349
NFAT5	ZFP467	0.0027408527676016092
GFI1B	SLC26A2	0.002740525873377919
GATA2	SIRPA	0.0027404879219830036
GFI1B	IDH1	0.0027403361164033413
CBFB	PTPN7	0.002740157302469015
SPI1	HSPA4	0.002740086754783988
IKZF1	FARSA	0.002739679766818881
HCFC1	FAM111A	0.0027394231874495745
SATB1	ADAM17	0.002739227144047618
IKZF1	GM4951	0.0027391547337174416
SPI1	MFSD1	0.0027388359885662794
RPA2	GOLT1B	0.0027382993139326572
IRF8	CASP1	0.0027379693929105997
STAT2	AP3S1	0.0027378590311855078
RAD21	IGHM	0.0027377386577427387
IKZF1	RNF38	0.0027373048942536116
MEIS1	MTFR1	0.0027366210706532
JUN	UAP1	0.0027365735732018948
SATB1	TCN2	0.0027361921966075897
CBX7	MYB	0.0027361633256077766
FOXO1	ATP11C	0.0027357698418200016
JUN	PSME3	0.002735424553975463
ELF1	IFI27L2A	0.0027350718155503273
GFI1B	TMEM43	0.002734995447099209
SPI1	CIPC	0.0027349586598575115
RAD21	GRK3	0.0027344562113285065
STAT2	WSB1	0.0027341980021446943
NFAT5	WSB1	0.002734137000516057
JUN	SGCE	0.0027334585320204496
HCFC1	CERS6	0.0027331227902323008
IKZF1	PRSS57	0.002732983324676752
GFI1B	FAM76B	0.002732832683250308
IKZF1	MAML3	0.002732774242758751
CBX7	GM20342	0.002732518594712019
NFAT5	ATP13A1	0.0027319984510540962
NFAT5	SPC24	0.0027319141663610935
MYC	CTSO	0.0027317607309669256
STAT2	HJURP	0.002731483895331621
RAD21	OASL2	0.002731314394623041
SPI1	TMX4	0.0027311022859066725
JUN	PLA2G15	0.0027307956479489803
HCFC1	STAG2	0.0027303334791213274
SPI1	WDR43	0.002729911357164383
STAT2	CLEC12A	0.0027288133278489113
CBX7	UMPS	0.0027287453413009644
SATB1	SSH3	0.00272853160277009
IKZF1	MYO1G	0.0027281753718852997
STAT2	CD68	0.0027280652429908514
SATB1	SLC20A1	0.0027277900371700525
FOXO1	FARSA	0.002727719023823738
CBFB	RCSD1	0.002727423794567585
ELF1	STXBP4	0.0027272943407297134
FOXO1	SLC26A2	0.0027270971331745386
IKZF1	TEC	0.0027268535923212767
HDAC2	CLPTM1L	0.0027265064418315887
GATA2	PDIA4	0.0027264629025012255
IRF8	FCGRT	0.002726011211052537
HDAC2	DHFR	0.002725680824369192
HCFC1	POLE3	0.0027256265748292208
RAD51	ECT2	0.002725316910073161
HCFC1	SOCS2	0.002725194673985243
SATB1	KLF6	0.0027251315768808126
IRF8	ELMO2	0.0027250945568084717
WDR5	UBAC1	0.002725055441260338
CBFB	NFIA	0.002724491525441408
HCFC1	SERPINB1A	0.0027240391355007887
GFI1B	XRCC3	0.0027239620685577393
SPI1	PRMT5	0.0027237047906965017
MEIS1	NUP107	0.002723690588027239
WDR5	CYB5R1	0.002723515499383211
WDR5	D1ERTD622E	0.0027231452986598015
MEIS1	IMMT	0.0027229376137256622
HCFC1	NDE1	0.0027226887177675962
IRF8	MTCH2	0.0027222426142543554
ELF1	PANX1	0.002721881028264761
RPA1	ADSL	0.0027217476163059473
NFAT5	PATL1	0.002721725730225444
GFI1B	IMMT	0.0027216747403144836
CBFB	MAPK1	0.002721493598073721
ELF1	AURKA	0.002721436321735382
NFAT5	CAD	0.0027211811393499374
MYC	D1ERTD622E	0.002720753662288189
IRF8	MLKL	0.002720235614106059
RAD21	TRMT6	0.0027200120966881514
IRF8	SERPINB6A	0.0027191436383873224
STAT2	ZHX1	0.0027188013773411512
FOXO1	TARS	0.00271858973428607
NFAT5	NAPSA	0.0027185166254639626
MYC	AKNA	0.0027183981146663427
MEIS1	FES	0.002718321979045868
MEIS1	ERGIC1	0.0027183108031749725
HCFC1	DNM1L	0.002718284958973527
CBFB	SF3B3	0.002717927098274231
SATB1	NDUFA10	0.0027178272139281034
SATB1	HDAC2	0.002717594848945737
HDAC2	EFTUD2	0.0027175170835107565
IKZF1	GOLT1B	0.0027173561975359917
NFAT5	NUBP2	0.0027169568929821253
ELF1	APLP2	0.002716688672080636
WDR5	VSIR	0.002716576447710395
ELF1	STARD7	0.002716541988775134
RAD51	DEK	0.0027159033343195915
STAT2	RPTOR	0.002715522423386574
RPA2	TFG	0.0027154535055160522
IKZF1	ITPR1	0.002715424168854952
HCFC1	PLEK	0.002714590635150671
RAD21	ELF1	0.0027145524509251118
RAD51	CKAP2L	0.0027143375482410192
GATA2	HJURP	0.0027143254410475492
CBFB	ST8SIA4	0.0027143212500959635
RAD21	CS	0.002713998779654503
SPI1	EIF3B	0.0027138162404298782
MEIS1	GLRX5	0.00271313707344234
GFI1B	BTAF1	0.002712790621444583
GFI1B	SERPINA3G	0.0027127547655254602
GFI1B	CDC20	0.0027126341592520475
STAT2	E2F4	0.002712277928367257
IKZF1	E2F4	0.0027122292667627335
JUN	NUP93	0.0027121123857796192
NFAT5	PTDSS1	0.002712102374061942
IRF8	CCNB2	0.002712016459554434
STAT2	ARHGEF39	0.0027120125014334917
HDAC2	REXO2	0.0027118753641843796
SATB1	RPA1	0.002711124951019883
CBFB	SSH3	0.0027111030649393797
IKZF1	NADK	0.002711064415052533
CBX7	VPS16	0.002710814354941249
CBX7	ECT2	0.0027108120266348124
IRF8	MINDY3	0.0027107277419418097
CBFB	CTPS	0.002710561268031597
CBX7	ZEB2	0.0027104008477181196
WDR5	NDE1	0.0027094560209661722
HCFC1	POLA2	0.002709374763071537
SPI1	MTUS1	0.0027093212120234966
CBX7	MARS	0.002709304681047797
GFI1B	PCMTD2	0.002709260443225503
IKZF1	TENT5A	0.0027091496158391237
ELF1	STAG2	0.002708603162318468
ELF1	DDX1	0.0027085973415523767
MYC	HMGB3	0.00270848092623055
CBX7	TIE1	0.00270841340534389
ELF1	CLEC4E	0.0027083135209977627
GATA2	PRKCD	0.0027081433217972517
CBFB	MFSD10	0.0027081225998699665
JUN	TIMM29	0.0027080874424427748
HDAC2	LRRC8B	0.0027077319100499153
HCFC1	TNPO1	0.0027074681129306555
GATA2	RNF38	0.0027074513491243124
HCFC1	PRMT7	0.0027073323726654053
SATB1	ATP8B4	0.002707097679376602
RAD51	IFI30	0.0027070532087236643
RAD21	FRRS1	0.002707049483433366
SATB1	UHRF1	0.002706981496885419
CBFB	MFSD14B	0.0027068450581282377
NFAT5	HARS	0.0027067153714597225
FOXO1	DLST	0.0027061826549470425
MEIS1	POLE	0.002705941442400217
SATB1	CKAP2	0.002705818507820368
MYC	GFM1	0.0027057211846113205
HCFC1	BACE1	0.0027053533121943474
NFAT5	HASPIN	0.0027053039520978928
FOXO1	PRPS2	0.0027051225770264864
HCFC1	ADSL	0.002705071587115526
IKZF1	9430015G10RIK	0.0027049570344388485
STAT2	MOGS	0.0027048306073993444
NFAT5	LAP3	0.0027047963812947273
STAT2	CYBC1	0.0027047358453273773
ELF1	JPT2	0.0027046273462474346
RAD51	NUP93	0.002704574493691325
MEIS1	PLA2G15	0.0027045097667723894
GATA2	FAR1	0.002704429905861616
FOXO1	HDGF	0.002704427344724536
SATB1	RNF4	0.002704335143789649
HCFC1	ACLY	0.0027043172158300877
GATA2	ZMIZ1	0.0027042522560805082
GATA2	LMAN2L	0.002703889738768339
JUN	KCTD12	0.002703683217987418
STAT2	C1RL	0.0027034245431423187
STAT2	1700017B05RIK	0.002703344915062189
SATB1	STAG2	0.0027026564348489046
FOXO1	POLR1B	0.0027025816962122917
STAT2	CKAP2	0.002702555852010846
HDAC2	SLC19A1	0.0027020047418773174
GFI1B	PPAT	0.002701836870983243
JUN	PTPRE	0.002701727906242013
CBFB	STIP1	0.00270137470215559
GFI1B	TSPAN3	0.0027011497877538204
GATA2	MED16	0.002700300421565771
CBX7	IL17RA	0.0027002831920981407
JUN	NDUFV1	0.0027000149711966515
GFI1B	CHRNB1	0.002699783304706216
ELF1	EMID1	0.0026997101958841085
SATB1	NADK	0.0026993469800800085
MEIS1	MTHFD1	0.002699329052120447
IKZF1	API5	0.0026993099600076675
NFAT5	PHKB	0.0026990226469933987
IKZF1	NECAP2	0.0026989728212356567
GATA2	IRF6	0.0026988042518496513
RPA2	CD48	0.0026986338198184967
JUN	ACSS1	0.0026985493022948503
CBX7	GNL3	0.0026983204297721386
RAD21	REXO4	0.0026981993578374386
STAT2	ERGIC1	0.0026975651271641254
FOXO1	ASF1B	0.0026967227458953857
STAT2	BUB1B	0.0026963551063090563
SPI1	ISG20	0.002696325769647956
CBFB	TYROBP	0.002696060575544834
HCFC1	ARL8B	0.0026957509107887745
MYC	RANBP3	0.002695720177143812
ELF1	MTO1	0.0026954554487019777
JUN	CD9	0.002694763010367751
NFAT5	PPID	0.0026947043370455503
MYC	SELENBP1	0.0026944573037326336
NFAT5	CKS2	0.0026942857075482607
SATB1	NOL9	0.0026941620744764805
NFAT5	RCOR1	0.0026941169053316116
GATA2	GNG2	0.0026938901282846928
RAD21	SOCS2	0.0026938864029943943
IRF8	GPR65	0.0026933387853205204
RAD51	SLC35E1	0.0026932875625789165
IRF8	SLC30A5	0.0026931213214993477
JUN	SLC29A1	0.0026928759180009365
STAT2	NUP85	0.0026928139850497246
NFAT5	MTHFD1	0.0026925860438495874
IKZF1	CSF2RB	0.002692382549867034
WDR5	MICU1	0.0026920235250145197
SPI1	RAB37	0.0026919080410152674
GFI1B	GNL3	0.002691844943910837
SPI1	AKAP8L	0.002691663336008787
IKZF1	RAP1B	0.002691451692953706
GATA2	GM8113	0.0026913748588413
NFAT5	DUT	0.0026913085021078587
WDR5	PGLYRP2	0.002689863322302699
ELF1	API5	0.0026897264178842306
FOXO1	DDX21	0.0026894996408373117
ELF1	TRMT11	0.0026894607581198215
MYC	RCC1	0.0026893417816609144
RAD21	QARS	0.0026891862507909536
CBFB	RORA	0.0026887059211730957
CBFB	PECAM1	0.002688681473955512
HDAC2	SYNJ1	0.0026884889230132103
FOXO1	GMIP	0.002688388340175152
SPI1	TBC1D5	0.002688116393983364
MEIS1	SZT2	0.0026879680808633566
SPI1	SPPL2B	0.0026875906623899937
HDAC2	ZDHHC6	0.002687115455046296
ELF1	PRSS57	0.002686590189114213
MYC	EZR	0.002686377614736557
NFAT5	NWD1	0.0026862244121730328
GFI1B	HMGB2	0.0026860826183110476
SPI1	HDC	0.0026859233621507883
ELF1	BYSL	0.002685803920030594
IKZF1	FAM76B	0.0026855524629354477
WDR5	SPNS2	0.002685493091121316
GFI1B	SH3BGRL	0.0026852418668568134
STAT2	TUBGCP2	0.0026850637514144182
CBX7	ADO	0.0026849491987377405
WDR5	NUP93	0.0026846276596188545
GATA2	PPAT	0.0026844905223697424
JUN	SLC30A5	0.0026842972729355097
RAD21	CASP4	0.002684280276298523
SPI1	GMFB	0.002683681435883045
GATA2	THADA	0.0026836302131414413
JUN	NUAK2	0.0026833259034901857
GATA2	MCM2	0.002683226950466633
SPI1	RABGGTB	0.0026823985390365124
JUN	NAP1L3	0.002682300051674247
HCFC1	DHFR	0.0026821931824088097
STAT2	CSE1L	0.0026821072679013014
GFI1B	QARS	0.002681966871023178
SATB1	FGFR1OP	0.0026816895697265863
WDR5	MDN1	0.002681679790839553
HCFC1	NDC80	0.0026814269367605448
HDAC2	JPT2	0.0026814257726073265
FOXO1	NAPSA	0.0026813677977770567
SATB1	CRISPLD1	0.0026805878151208162
NFAT5	CKAP2	0.002680340316146612
SATB1	PSMD9	0.0026801133062690496
IKZF1	SCARB1	0.0026799668557941914
IKZF1	F2R	0.0026797011960297823
RAD21	CBX5	0.002679581521078944
IRF8	ZFP24	0.0026794278528541327
FOXO1	WDR43	0.002679297234863043
HDAC2	DDX20	0.002679289784282446
SPI1	ELF1	0.002678500022739172
RPA1	NCLN	0.00267801433801651
HCFC1	RPA1	0.0026779917534440756
GATA2	GYS1	0.0026779817417263985
MYC	MGAT5	0.0026779586914926767
GFI1B	PRIM1	0.0026778061874210835
SATB1	TIMM29	0.0026776811573654413
MYC	NUP85	0.002677453448995948
CBX7	PRIM2	0.002677161945030093
HCFC1	SEC23IP	0.002677096286788583
HCFC1	FBXW11	0.00267702410928905
FOXO1	SPI1	0.002676881616935134
IKZF1	SF3B3	0.0026766189839690924
SATB1	PRIM2	0.0026765342336148024
HCFC1	TMEM43	0.002676502801477909
SPI1	TOPORS	0.0026758755557239056
FOXO1	SLC44A2	0.0026758573949337006
RAD21	MYCN	0.0026754369027912617
WDR5	STRAP	0.002675107214599848
STAT2	HNRNPAB	0.0026745868381112814
IKZF1	RAB31	0.002674533287063241
IRF8	CSTF2	0.0026741228066384792
NFAT5	BUB1B	0.002673839684575796
HCFC1	PRPF4	0.0026738166343420744
RPA2	MOGS	0.0026736496947705746
HDAC2	REXO4	0.0026733388658612967
IRF8	NCAPD2	0.0026730927638709545
NFAT5	ZDHHC6	0.00267292489297688
RAD21	EDEM1	0.0026727612130343914
GATA2	ELANE	0.00267199263907969
GFI1B	CD93	0.0026719612069427967
GATA2	SDC4	0.0026712981052696705
NFAT5	C030034L19RIK	0.002671237103641033
IKZF1	MGAT5	0.002671076450496912
HCFC1	GBP7	0.0026710727252066135
HCFC1	VAV1	0.00267097563482821
RAD51	USP37	0.0026709488593041897
IKZF1	ARL6IP6	0.00267092720605433
SATB1	TAF12	0.002670709742233157
RAD21	OSTM1	0.0026705863419920206
RAD21	SATB1	0.002670546295121312
SATB1	TLE2	0.002670401707291603
SATB1	LY6A	0.002669936278834939
CBFB	FASTKD3	0.002669784938916564
HCFC1	SMARCA2	0.0026695968117564917
RPA1	PPAT	0.002668946050107479
NFAT5	TMEM33	0.0026689155492931604
FOXO1	GMFB	0.002668851986527443
STAT2	RAB44	0.0026687937788665295
SATB1	AP3S1	0.002668720902875066
IKZF1	ABCB8	0.0026683651376515627
CBX7	ZFP451	0.002668141620233655
HDAC2	G6PDX	0.0026681337039917707
RAD21	GEMIN5	0.0026676631532609463
FOXO1	RFC4	0.00266762962564826
STAT2	ZFP467	0.0026675579138100147
IRF8	ARCN1	0.002667300868779421
STAT2	ARID2	0.0026672629173845053
WDR5	RTEL1	0.0026669627986848354
IKZF1	BC005561	0.00266686687245965
HCFC1	ATF7	0.0026666189078241587
HCFC1	YBX3	0.0026664226315915585
SPI1	TMEM184C	0.0026652703527361155
NFAT5	TNFAIP2	0.002665216801688075
SATB1	EBI3	0.0026651262305676937
SATB1	H2-AA	0.002664694096893072
NFAT5	RANGAP1	0.0026646817568689585
CBFB	NSD2	0.0026645874604582787
SATB1	SORT1	0.0026645043399184942
HCFC1	CCNB1	0.002663928549736738
CBFB	SGO1	0.002663461957126856
CBX7	PSMC2	0.002663190709426999
CBFB	RETREG1	0.00266309198923409
FOXO1	DDX20	0.0026628028135746717
SATB1	RCC1	0.0026626456528902054
GATA2	IFI203	0.0026625690516084433
CBFB	CD69	0.0026625043246895075
STAT2	RPAP1	0.0026623092126101255
SPI1	CDCA7	0.0026622554287314415
CBX7	CCNF	0.0026620053686201572
HCFC1	OSBPL8	0.00266185007058084
MEIS1	IL6ST	0.0026614931412041187
HCFC1	OTUD4	0.002660832367837429
FOXO1	ZFP35	0.0026607003528624773
JUN	HUS1	0.0026604775339365005
IKZF1	NDC1	0.0026604686863720417
GATA2	ELOVL5	0.0026604223530739546
CBX7	MCM7	0.0026604069862514734
NFAT5	TEX10	0.0026602318976074457
IRF8	RPA2	0.0026600731071084738
RAD21	H1F0	0.0026598088443279266
MEIS1	SLC29A1	0.0026596214156597853
GFI1B	TRPC6	0.0026593783404678106
HCFC1	CD52	0.002659281250089407
IKZF1	KCTD20	0.0026591571513563395
HDAC2	MYB	0.00265909219160676
HCFC1	CD44	0.002659002784639597
RAD21	FBXW11	0.002658979967236519
RPA2	UMPS	0.002658976474776864
MEIS1	HSPH1	0.0026588619221001863
NFAT5	F630028O10RIK	0.0026584086008369923
WDR5	FDFT1	0.002657439326867461
WDR5	TRAP1	0.002657412551343441
ELF1	ABHD17B	0.0026573590002954006
RAD21	APOE	0.0026573059149086475
WDR5	SPIDR	0.0026570078916847706
RAD21	GALNS	0.0026569953188300133
CBX7	SOAT1	0.002656725002452731
NFAT5	WDR43	0.0026565685402601957
RPA1	CSTF2	0.0026565580628812313
MEIS1	NAA50	0.0026563687715679407
FOXO1	PHB2	0.002656193682923913
IKZF1	RHOF	0.0026561443228274584
MEIS1	PREP	0.002655851887539029
MEIS1	ERLIN1	0.0026557629462331533
RPA1	PSME3	0.00265513570047915
CBFB	HMGB3	0.0026548211462795734
RAD21	LY9	0.0026535415090620518
SATB1	OTUD4	0.002652972238138318
GATA2	EIF1AD	0.0026519163511693478
RAD21	FEM1B	0.002651533344760537
WDR5	INTS8	0.0026513799093663692
SATB1	MCM2	0.002650836482644081
IKZF1	TBC1D2B	0.002650572918355465
GFI1B	TOP3B	0.002650205045938492
CBX7	TBC1D2B	0.0026498977094888687
STAT2	SLC37A1	0.0026496900245547295
WDR5	MAN2A2	0.002649571979418397
IKZF1	BUB1	0.0026494087651371956
GFI1B	SLA	0.0026493414770811796
GFI1B	PTGS1	0.0026493261102586985
HCFC1	PRPS2	0.0026491174940019846
GATA2	JPT1	0.0026488234288990498
HDAC2	PPAT	0.0026481549721211195
STAT2	SEH1L	0.002647670218721032
CBFB	MTHFD1	0.0026476536877453327
HDAC2	HDGF	0.0026473840698599815
ELF1	PUS7	0.002646651118993759
STAT2	TMX3	0.0026466085109859705
IKZF1	HUS1	0.002646453445777297
ELF1	IRGM2	0.002646329812705517
WDR5	IMMT	0.0026460441295057535
HCFC1	HMGB3	0.00264594960026443
ELF1	EIF4ENIF1	0.0026458906941115856
JUN	QARS	0.002645100001245737
RAD21	ABCB10	0.0026450944133102894
SATB1	CTSL	0.0026450660079717636
NFAT5	ANKRD44	0.0026450545992702246
SPI1	MYL10	0.0026447291020303965
HCFC1	GOLPH3	0.0026447277050465345
SPI1	MRPL37	0.0026447242125868797
SPI1	BTK	0.002644625026732683
GFI1B	IRF6	0.0026444734539836645
ELF1	PHF5A	0.002644061343744397
SPI1	TGTP2	0.0026439952198415995
SPI1	IGSF6	0.00264377030543983
STAT2	CD44	0.0026434902101755142
SATB1	IFI209	0.0026433528400957584
WDR5	FLNA	0.0026431847363710403
MEIS1	MBNL3	0.002643158659338951
IRF8	GALNS	0.0026430278085172176
HDAC2	CD82	0.0026429123245179653
RAD21	NUAK2	0.0026428350247442722
STAT2	TK1	0.0026427877601236105
CBX7	RCOR1	0.002642636885866523
WDR5	CAD	0.0026422811206430197
MYC	MFNG	0.002642002422362566
IKZF1	LONP1	0.0026417404878884554
MEIS1	ITPR1	0.0026415407191962004
MYC	ABL2	0.0026414867024868727
NFAT5	NUSAP1	0.0026411772705614567
GFI1B	RTEL1	0.002640989376232028
CBX7	PDE4B	0.002640355844050646
IRF8	SNRPB	0.0026401709765195847
IRF8	TMEM176A	0.0026399039197713137
CBFB	IARS2	0.0026398785412311554
MYC	TRP53I11	0.002639756305143237
HDAC2	ZBTB38	0.002639623126015067
GATA2	CCL4	0.0026392238214612007
MEIS1	SLC25A38	0.0026388680562376976
SATB1	PRMT7	0.002638768870383501
IKZF1	GIMAP1OS	0.0026385558303445578
RAD21	AP1S2	0.002638487610965967
GATA2	ZHX1	0.0026379264891147614
GATA2	DEK	0.0026377574540674686
CBFB	GALNT6	0.0026372093707323074
JUN	EZR	0.002635990036651492
IKZF1	KLF6	0.0026358538307249546
SPI1	GCLC	0.0026352093555033207
NFAT5	USP11	0.0026350021362304688
IRF8	TOPORS	0.002634788164868951
JUN	PKIB	0.0026347453240305185
GATA2	NOL9	0.0026346766389906406
HCFC1	CDC45	0.0026346624363213778
JUN	SOAT1	0.002634302945807576
CBX7	MYO5A	0.0026341674383729696
ELF1	MYO1G	0.0026336179580539465
JUN	WDHD1	0.002633541589602828
MEIS1	CCDC137	0.002633522031828761
ELF1	TACC3	0.002633370691910386
SATB1	SLC35A4	0.0026328081730753183
CBX7	CEP55	0.0026327092200517654
CBFB	IPO9	0.0026325664948672056
SATB1	MFSD1	0.0026325269136577845
HDAC2	CTLA2B	0.0026324433274567127
RAD21	ZBTB38	0.0026324023492634296
CBFB	F13A1	0.002632173476740718
CBX7	CERS6	0.0026320929173380136
MEIS1	ZFP367	0.002631428185850382
WDR5	EZR	0.002631282666698098
NFAT5	JPT2	0.0026308726519346237
GFI1B	CD44	0.002630577189847827
JUN	ARFGEF2	0.0026304316706955433
NFAT5	PTGR1	0.002630143892019987
JUN	XRCC3	0.0026300279423594475
MYC	STXBP4	0.002629668917506933
JUN	TMEM154	0.002629628637805581
CBFB	STAT2	0.0026288668159395456
GATA2	INTS13	0.0026287029031664133
WDR5	GALNT6	0.0026285252533853054
RAD21	EIF4ENIF1	0.0026283974293619394
STAT2	9530068E07RIK	0.0026281860191375017
JUN	CYB5R1	0.0026280968450009823
WDR5	ATP6AP2	0.0026280409656465054
ELF1	RPAP1	0.0026280328165739775
FOXO1	CFP	0.0026279513258486986
STAT2	DOCK10	0.0026275848504155874
CBX7	CTSO	0.0026273205876350403
NFAT5	TMEM154	0.0026271617971360683
STAT2	GYS1	0.002627104753628373
CBFB	ARID2	0.002626673085615039
STAT2	PTGR1	0.002626481931656599
ELF1	CTSO	0.0026263475883752108
STAT2	TES	0.002625547582283616
WDR5	GBP7	0.002625315450131893
HDAC2	SPI1	0.0026252262759953737
JUN	SLC31A1	0.0026250421069562435
MYC	GARS	0.002624998800456524
CBX7	MAML3	0.002624938264489174
STAT2	CERS4	0.0026248348876833916
CBFB	PIM2	0.0026246560737490654
MEIS1	CDKN1A	0.0026241610758006573
IKZF1	TFG	0.0026239443104714155
MEIS1	NFAM1	0.002623789245262742
CBX7	ELP2	0.0026237587444484234
MEIS1	SIGLECG	0.002622873056679964
IKZF1	FTX	0.0026228653732687235
CBX7	NCEH1	0.0026222150772809982
WDR5	RPN1	0.002621987136080861
SPI1	LMO4	0.0026219869032502174
HCFC1	NMD3	0.0026219727005809546
CBFB	SHMT1	0.0026218772400170565
GFI1B	SPPL2B	0.0026217831764370203
CBFB	SIGLECG	0.002621410647407174
JUN	PITPNC1	0.002620975486934185
CBX7	IDH3A	0.002620846498757601
GATA2	CTC1	0.0026207605842500925
SATB1	MYCT1	0.002620760351419449
CBX7	MFSD10	0.002620518207550049
JUN	IFRD2	0.002620297484099865
ELF1	XRCC3	0.0026201175060123205
STAT2	NFE2	0.0026199694257229567
SPI1	5430427O19RIK	0.002619786886498332
RAD21	ELMO2	0.002619729144498706
HDAC2	ARCN1	0.0026196956168860197
RAD21	APLP2	0.0026196870021522045
MYC	RGS1	0.0026193673256784678
STAT2	NUAK2	0.002619262784719467
RAD21	GNG11	0.0026192243676632643
SPI1	USP42	0.002618981758132577
NFAT5	IL12A	0.0026186471804976463
MEIS1	SPI1	0.0026184464804828167
SATB1	CTSO	0.002617976162582636
HDAC2	MOGS	0.002617900026962161
MEIS1	CD93	0.002617706311866641
CBX7	BID	0.0026171773206442595
SATB1	CTC1	0.002617034362629056
GATA2	LRRC8B	0.0026167631149291992
WDR5	SELL	0.0026163968723267317
CBX7	SVIP	0.0026160236448049545
CBFB	NDRG1	0.0026159866247326136
ELF1	ZFP322A	0.002615773119032383
HDAC2	PDIA4	0.0026156737003475428
NFAT5	RCSD1	0.0026156436651945114
GATA2	PTGR1	0.0026155367959290743
ELF1	MTREX	0.0026154944207519293
HCFC1	NAA50	0.002615119330585003
NFAT5	SGO1	0.0026149337645620108
JUN	PRR5	0.002614437136799097
HDAC2	HMGB2	0.0026142995338886976
STAT2	PBX1	0.002613442251458764
CBFB	UMPS	0.0026133989449590445
HDAC2	ALAS1	0.002613362856209278
FOXO1	CDCA5	0.002613361459225416
WDR5	RIN3	0.0026130182668566704
WDR5	CD63-PS	0.002613008487969637
CBX7	IGKC	0.0026130022015422583
RAD21	KCNK5	0.002612688345834613
IKZF1	RAB44	0.002612470416352153
RAD21	ABHD17B	0.002612373558804393
GFI1B	ECT2	0.0026121819391846657
HCFC1	GRK3	0.002611821750178933
CBFB	IFI30	0.00261174445040524
GATA2	NAA50	0.0026116534136235714
ELF1	TPX2	0.0026113702915608883
CBX7	PRODH	0.002611350966617465
SPI1	LAPTM4B	0.0026112068444490433
ELF1	YBX1	0.0026109435129910707
GFI1B	ROBO4	0.002610814291983843
MYC	NUS1	0.002610699040815234
GFI1B	RPAP1	0.0026105688884854317
SPI1	GM8113	0.0026102240663021803
NFAT5	NDUFS1	0.00261008832603693
FOXO1	GLB1	0.0026098759844899178
HDAC2	PNCK	0.002609594725072384
MEIS1	CD44	0.00260947085916996
MYC	RAP1B	0.0026093951892107725
FOXO1	CTPS	0.002609312767162919
NFAT5	KIF22	0.002608894370496273
STAT2	PLSCR4	0.0026086079888045788
IKZF1	EMID1	0.0026083027478307486
SPI1	ST6GALNAC4	0.0026082517579197884
CBFB	PANX1	0.0026082168333232403
JUN	EIF3B	0.002608045469969511
MEIS1	NUP93	0.0026076401118189096
RAD21	CBFB	0.002607639180496335
RPA2	NUDT19	0.0026073127519339323
GFI1B	NUSAP1	0.002607265952974558
GATA2	ZFP451	0.0026072042528539896
FOXO1	SLCO4A1	0.0026064508128911257
ELF1	TRIM30D	0.002605501562356949
IRF8	NFKBIA	0.00260533788241446
CBX7	TMEM97	0.0026051332242786884
HDAC2	LAPTM4B	0.0026048850268125534
GATA2	DNAJC9	0.002604871056973934
STAT2	ELANE	0.0026048554573208094
HCFC1	CLPTM1L	0.0026047443971037865
CBX7	PREP	0.002604477806016803
CBX7	SLC44A2	0.0026044759433716536
CBFB	CERS4	0.0026042088866233826
CBX7	SHCBP1	0.0026036447379738092
SPI1	VPS35	0.0026035369373857975
IKZF1	MEIS1	0.0026032228488475084
RAD21	EEF1E1	0.002602948807179928
ELF1	TBXAS1	0.0026026570703834295
HCFC1	ODC1	0.002602364169433713
RAD21	SLC43A3	0.0026022964157164097
GFI1B	NDC80	0.002602215623483062
WDR5	DLST	0.0026021450757980347
GFI1B	PADI4	0.0026019744109362364
IRF8	PHF10	0.0026019318029284477
IRF8	DEK	0.0026018726639449596
STAT2	CD93	0.0026018249336630106
RAD21	GARS	0.002601647051051259
MYC	CS	0.0026010307483375072
RAD21	RGS18	0.0026009699795395136
STAT2	NRROS	0.002600862178951502
CBFB	GEMIN5	0.0026008172426372766
GFI1B	CKAP5	0.002600317820906639
GFI1B	CDCA4	0.0026002104859799147
IKZF1	NMD3	0.0026000405196100473
IKZF1	ERLIN1	0.0025999064091593027
JUN	PSMG2	0.002599783707410097
MYC	FUT7	0.0025995175819844007
CBX7	GLRX5	0.0025993534363806248
RAD21	FAM76B	0.0025991080328822136
HCFC1	MEIS1	0.002599033759906888
MEIS1	NAP1L3	0.0025987729895859957
RPA1	EIF3B	0.002598580438643694
STAT2	SLA	0.002598404884338379
ELF1	PLEKHO2	0.002598067279905081
STAT2	G6PDX	0.0025980607606470585
GATA2	MORC3	0.0025980472564697266
ELF1	IMMT	0.0025980151258409023
ELF1	SGO1	0.0025979233905673027
NFAT5	PRTN3	0.002597687067463994
ELF1	CDT1	0.002597622573375702
CBFB	COPB1	0.002597482642158866
IRF8	ABL1	0.0025973343290388584
IKZF1	STRAP	0.002597157144919038
IRF8	IRF9	0.002596792997792363
STAT2	ARHGAP15	0.002596465637907386
IRF8	FLNA	0.0025961908977478743
RAD21	TINAGL1	0.0025959990452975035
JUN	RCOR1	0.002595958998426795
SATB1	ATP10A	0.0025957124307751656
GFI1B	KIF22	0.0025955953169614077
HCFC1	TCIRG1	0.0025953915901482105
ELF1	LYN	0.0025944358203560114
IRF8	FGFR1OP	0.00259426049888134
MEIS1	UAP1	0.0025939904153347015
JUN	ABCB10	0.002593561075627804
IKZF1	ITSN1	0.002593535929918289
RAD21	MYCT1	0.0025930695701390505
JUN	ZBTB16	0.0025925892405211926
MYC	TRIM35	0.0025921324267983437
IRF8	MICU1	0.002592117991298437
MYC	KPNA3	0.002591419266536832
RPA2	PRELID3B	0.0025908902753144503
RAD21	LZTS1	0.002590424381196499
NFAT5	PLAA	0.0025894525460898876
RAD21	STAT2	0.0025892783887684345
HCFC1	PHF5A	0.0025890266988426447
STAT2	RGS19	0.002588741248473525
CBFB	NADK	0.0025885950308293104
HDAC2	UBE2L6	0.0025885587092489004
RAD21	JPT1	0.00258842040784657
HDAC2	D1ERTD622E	0.002588371280580759
HCFC1	TSPAN3	0.0025883070193231106
NFAT5	HEXA	0.0025883049238473177
RPA2	TEX10	0.002588042290881276
SATB1	MCM5	0.0025877938605844975
HCFC1	DUT	0.0025872779078781605
IRF8	PRTN3	0.0025871512480080128
RAD21	HUS1	0.0025870264507830143
CBX7	AZIN1	0.0025869833771139383
SPI1	ADA	0.002586876042187214
SATB1	SPPL2B	0.0025863335467875004
HCFC1	GPR160	0.0025863144546747208
RAD21	TTLL12	0.002586104441434145
ELF1	ORC2	0.0025860376190394163
IKZF1	NEAT1	0.002586017595604062
HDAC2	TAF12	0.002585446462035179
STAT2	EML4	0.0025854180566966534
GFI1B	PARVG	0.002585364505648613
FOXO1	HEXA	0.0025850168894976377
MEIS1	CENPF	0.0025848953519016504
CBFB	TNFRSF21	0.0025848608929663897
FOXO1	FUCA2	0.0025848376099020243
ELF1	MTCH2	0.0025845514610409737
MEIS1	IGHM	0.0025839696172624826
GFI1B	ATP10A	0.0025839596055448055
SPI1	LSP1	0.0025835223495960236
CBX7	CDC45	0.0025834606494754553
IRF8	MCM3	0.0025833272375166416
NFAT5	SELL	0.0025832001119852066
RPA1	HDGF	0.0025830715894699097
MEIS1	RARS	0.0025827663484960794
RPA1	TOP2A	0.0025827123317867517
STAT2	THADA	0.0025827018544077873
JUN	PARP8	0.002582577522844076
CBFB	SDF2L1	0.0025822212919592857
ELF1	POR	0.002582201035693288
WDR5	JARID2	0.0025816583074629307
IKZF1	NWD1	0.0025815372355282307
ELF1	GK	0.002581444103270769
IKZF1	CSAD	0.00258123641833663
STAT2	CASP1	0.0025811735540628433
HCFC1	STARD7	0.0025809609796851873
IKZF1	STIP1	0.002579855266958475
WDR5	CBFB	0.0025797290727496147
NFAT5	RPTOR	0.0025796876288950443
SATB1	JPT1	0.002579605905339122
IRF8	PRMT5	0.00257948343642056
MYC	SLC2A3	0.0025791735388338566
CBFB	MAN2A2	0.002578841522336006
MEIS1	SEC24D	0.0025781968142837286
CBX7	DTL	0.0025781644508242607
SPI1	DUS1L	0.0025778780691325665
CBX7	NUP93	0.0025772186927497387
NFAT5	OAS3	0.0025771011132746935
HDAC2	PSMC2	0.002577085280790925
SPI1	STARD7	0.002577063860371709
CBFB	EZR	0.0025765325408428907
ELF1	SUPV3L1	0.0025762515142560005
GFI1B	IL27RA	0.002576130209490657
ELF1	SHISA8	0.0025760873686522245
HCFC1	BC035044	0.002575996797531843
GATA2	NUDCD1	0.002575940452516079
HCFC1	SHCBP1	0.0025754866655915976
IRF8	MCM7	0.0025753905065357685
HCFC1	NADK	0.002574996557086706
HCFC1	ITPR1	0.0025749518536031246
ELF1	PHF6	0.002574414014816284
JUN	TBC1D9B	0.0025742475409060717
NFAT5	PDE4D	0.0025740356650203466
NFAT5	CPA3	0.0025739395059645176
SATB1	CNRIP1	0.002573915058746934
CBFB	TRMT6	0.002573767676949501
IRF8	RFC4	0.0025735129602253437
GATA2	MTMR1	0.0025732715148478746
SATB1	NEAT1	0.002573140664026141
IKZF1	FEM1B	0.0025730084162205458
FOXO1	CD93	0.00257271365262568
NFAT5	RPP40	0.0025725022424012423
CBFB	AP1S2	0.0025722759310156107
MEIS1	HJURP	0.00257215672172606
WDR5	RGS2	0.0025718153920024633
CBX7	AI506816	0.0025715939700603485
MEIS1	HARS	0.002571500837802887
SPI1	TIE1	0.00257117860019207
RAD21	KRT18	0.0025711432099342346
MEIS1	MINDY3	0.002570205368101597
ELF1	EFCC1	0.0025701457634568214
RAD21	PTPRE	0.0025700696278363466
MYC	THADA	0.002570045180618763
ELF1	NUBP2	0.0025697844102978706
CBFB	TUBGCP2	0.0025695820804685354
FOXO1	CLEC4E	0.0025688395835459232
SPI1	ZFP35	0.002568579278886318
WDR5	CDCA7	0.002568573923781514
MYC	RAB37	0.0025684982538223267
GFI1B	DUS1L	0.002567935734987259
SPI1	ZMIZ1	0.0025676428340375423
FOXO1	TMEM206	0.0025675571523606777
FOXO1	AI506816	0.0025675364304333925
NFAT5	DOCK10	0.0025673501659184694
WDR5	JPT1	0.0025669941678643227
GFI1B	CCNF	0.0025668509770184755
NFAT5	DCK	0.0025666975416243076
RAD21	RPTOR	0.0025665604043751955
CBFB	REXO4	0.0025663874112069607
SATB1	CASP4	0.0025661455001682043
SATB1	RRM1	0.002566101960837841
RPA1	NUP107	0.0025659080129116774
HCFC1	ZC3H7A	0.0025657762307673693
CBFB	GUCY1A1	0.002565704984590411
RPA2	SRM	0.0025655911304056644
NFAT5	TNFRSF21	0.002565541071817279
CBFB	SEC23IP	0.002565026981756091
CBFB	HDAC11	0.0025650232564657927
NFAT5	ADSSL1	0.0025649722665548325
IRF8	GTF2F1	0.002564910799264908
SATB1	PRIM1	0.0025645450223237276
NFAT5	POLD1	0.0025644744746387005
SPI1	KCNQ1OT1	0.00256433617323637
GFI1B	9530082P21RIK	0.0025640102103352547
GATA2	UMPS	0.002563230926170945
ELF1	ART4	0.0025632097385823727
JUN	EAF1	0.002563061425462365
CBFB	STT3A	0.0025630227755755186
STAT2	ANXA1	0.0025628022849559784
SATB1	MFSD14B	0.0025627282448112965
RAD21	MLLT3	0.0025626332499086857
GFI1B	NPLOC4	0.0025621247477829456
GFI1B	NAMPT	0.0025618465151637793
GATA2	CYP4V3	0.002561441622674465
GFI1B	CCNB2	0.0025614239275455475
NFAT5	GPD1L	0.002561175962910056
MYC	USP37	0.002560556633397937
CBFB	DCAF13	0.0025600725784897804
STAT2	NUP155	0.002559985965490341
STAT2	MTFR1	0.0025598749052733183
FOXO1	GBP3	0.0025597645435482264
CBX7	CKAP5	0.0025593775790184736
JUN	PIK3R2	0.0025593421887606382
WDR5	GARS	0.0025592914316803217
RPA1	SLC29A1	0.0025591473095119
GATA2	TMEM37	0.0025591382291167974
ELF1	PRKCH	0.00255886884406209
CBFB	PRMT5	0.002558837179094553
IKZF1	EIF4ENIF1	0.0025584630202502012
CBFB	GNG2	0.002557923551648855
GFI1B	GM20559	0.0025578634813427925
CBFB	AFAP1L1	0.0025573070161044598
STAT2	AGPS	0.002557279309257865
CBFB	IFI44	0.002557063475251198
WDR5	GMFB	0.0025569135323166847
CBFB	MORC3	0.0025567265693098307
CBFB	CCNB2	0.0025559733621776104
RAD21	RTEL1	0.002555868588387966
GFI1B	MRPL37	0.002555678365752101
MYC	GPR65	0.0025556457694619894
ELF1	METAP1	0.002555506071075797
ELF1	DCAF13	0.0025553267914801836
ELF1	NSD2	0.002555248560383916
ELF1	NCF1	0.002555240411311388
CBFB	CST7	0.0025548706762492657
MYC	SLC25A38	0.0025547847617417574
HCFC1	ELF1	0.002554695587605238
RAD21	NAV1	0.0025546657852828503
CBX7	SLC22A3	0.0025543272495269775
SPI1	PREP	0.0025541300419718027
ELF1	UBA7	0.0025538599584251642
GFI1B	TMEM206	0.0025536133907735348
HCFC1	ELP2	0.0025534487795084715
NFAT5	RRM1	0.0025532180443406105
GATA2	JARID2	0.002553085098043084
JUN	NUDCD1	0.0025530264247208834
HCFC1	NRROS	0.002552937250584364
JUN	GPR160	0.0025529011618345976
RAD21	RPA1	0.00255244760774076
JUN	AP1S2	0.002552399644628167
IKZF1	ELP2	0.0025521009229123592
MEIS1	YBX1	0.0025519109331071377
IRF8	RUNX1T1	0.002551725134253502
SATB1	SDF2L1	0.0025516196619719267
ELF1	TENT5A	0.0025511898566037416
WDR5	FEM1B	0.0025509970728307962
CBFB	MTOR	0.0025509819388389587
CBFB	AKAP8L	0.0025508617982268333
MYC	IDH3A	0.002550340024754405
JUN	SH2D5	0.0025500429328531027
CBFB	TNFAIP2	0.002550038043409586
CBX7	CDK1	0.002550021978095174
CBFB	DDX39	0.002549530705437064
CBFB	MYC	0.0025495144072920084
ELF1	ITPR1	0.002548994729295373
HCFC1	DLST	0.0025489935651421547
MEIS1	EPRS	0.002548853401094675
IRF8	ARHGEF39	0.002548512304201722
SATB1	SNHG5	0.0025482592172920704
IKZF1	KIF13A	0.0025482489727437496
NFAT5	CDCA8	0.002548136282712221
IRF8	CSE1L	0.0025480915792286396
HCFC1	TESPA1	0.002548028016462922
STAT2	KCTD20	0.0025479847099632025
GATA2	CTSZ	0.002547750249505043
SATB1	ARMT1	0.0025473092682659626
GFI1B	EIF4ENIF1	0.002547038020566106
CBFB	RMND5A	0.002546801697462797
SATB1	RAP1B	0.0025468014646321535
CBX7	FARSA	0.002546480158343911
ELF1	GBP3	0.002546417759731412
CBFB	F630028O10RIK	0.0025462498888373375
IRF8	AP3S1	0.002545922761783004
JUN	MCM5	0.0025449772365391254
HCFC1	IGTP	0.0025447700172662735
SATB1	CLPTM1L	0.0025446205399930477
HCFC1	LMAN2L	0.0025444531347602606
HCFC1	HK3	0.0025441606994718313
MYC	JARID2	0.0025441402103751898
SPI1	GANAB	0.0025439197197556496
WDR5	PLIN3	0.0025434563867747784
WDR5	DNAJC9	0.00254329782910645
MYC	HJURP	0.00254305312409997
CBFB	ZFP367	0.0025427332147955894
MEIS1	ERCC8	0.002542536472901702
CBFB	ZBTB20	0.0025424486957490444
HDAC2	ATAD1	0.002542342059314251
ELF1	PRELID3B	0.0025419024750590324
SPI1	PTPN7	0.0025416663847863674
HCFC1	UBASH3A	0.0025414559058845043
WDR5	GM20342	0.0025414060801267624
NFAT5	SERP1	0.0025413737166672945
FOXO1	NAP1L3	0.002541319699957967
NFAT5	TCIRG1	0.002541304100304842
CBX7	IFI203	0.0025412084069103003
IRF8	PTGR1	0.002541053108870983
SPI1	MARS	0.0025408633518964052
STAT2	FUT7	0.0025408014189451933
SATB1	SPC25	0.002540782792493701
GFI1B	NUBP2	0.0025404246989637613
CBX7	JCHAIN	0.0025402670726180077
STAT2	CDT1	0.0025401839520782232
SATB1	PSAT1	0.0025401099119335413
IRF8	DNAJC5	0.0025397539138793945
IRF8	ASF1B	0.0025396940764039755
RAD21	1700017B05RIK	0.002539471723139286
FOXO1	MCM2	0.0025393429677933455
HCFC1	TK1	0.0025391888339072466
SATB1	MTMR1	0.0025390610098838806
IKZF1	HNRNPLL	0.0025389925576746464
JUN	PYGM	0.0025388249196112156
SPI1	PPID	0.002538579748943448
HCFC1	CSE1L	0.0025383401662111282
ELF1	MTMR4	0.0025383373722434044
WDR5	TBL3	0.0025373734533786774
SPI1	GBP3	0.002537111286073923
ELF1	CTLA2A	0.002536729909479618
MEIS1	NUAK2	0.002536073559895158
NFAT5	SPTBN1	0.002536033745855093
RAD21	UBA2	0.002535853534936905
IKZF1	CREB5	0.0025358241982758045
STAT2	IL12A	0.002535667736083269
RAD21	MCM10	0.002535101491957903
GFI1B	CISH	0.002534831641241908
WDR5	PRIM1	0.0025341957807540894
JUN	CPA3	0.002534093102440238
IKZF1	HDGFL3	0.002533851657062769
IRF8	YBX3	0.0025337280239909887
IKZF1	LTB	0.002533674007281661
SATB1	RIN3	0.0025331464130431414
STAT2	TRIM35	0.002532769925892353
MYC	POLE3	0.0025326646864414215
SATB1	ADA	0.0025324791204184294
CBX7	ARID5A	0.0025320721324533224
RAD21	DENND1C	0.002532021142542362
CBFB	MED16	0.0025318339467048645
STAT2	SHCBP1	0.0025316053070127964
GATA2	TARS	0.002531033707782626
NFAT5	TMEM97	0.002530726371333003
ELF1	PIP4K2A	0.0025304656010121107
RPA1	PSMD1	0.0025304544251412153
ELF1	CBX7	0.002530404133722186
FOXO1	GMNN	0.002530373865738511
RAD21	STT3B	0.002530344296246767
STAT2	TFG	0.002530336380004883
RAD21	CCNE2	0.0025299901608377695
CBFB	CTLA2A	0.0025298232212662697
GATA2	MBNL3	0.0025294546503573656
ELF1	RACGAP1	0.002529252553358674
GATA2	EIF2B1	0.0025291796773672104
HDAC2	TIPIN	0.0025287216994911432
JUN	PRKCQ	0.0025280979461967945
GATA2	PNCK	0.0025280469562858343
IKZF1	SNRPB	0.0025277528911828995
STAT2	ETF1	0.002527176169678569
IKZF1	RFC5	0.0025265344884246588
JUN	MGAT1	0.0025258478708565235
JUN	SHCBP1	0.0025258073583245277
SPI1	MILR1	0.002525469521060586
HCFC1	TRIM35	0.002524837153032422
WDR5	RFC4	0.002524804091081023
IRF8	SLFN2	0.0025245763827115297
HDAC2	NUP93	0.002524330746382475
HCFC1	GLRX5	0.002524057636037469
ELF1	CSAD	0.0025240369141101837
STAT2	TSPAN3	0.0025238334201276302
WDR5	SPC24	0.002523710485547781
WDR5	F630028O10RIK	0.0025236066430807114
CBFB	TENT5A	0.002523553092032671
HCFC1	PWP2	0.0025234874337911606
HCFC1	ABCB10	0.0025233193300664425
JUN	MBNL3	0.002522972645238042
CBFB	DOCK10	0.002522624796256423
CBX7	ADGRG3	0.0025225928984582424
ELF1	ARL6IP6	0.0025223318953067064
CBFB	RNF4	0.002522282535210252
STAT2	DUT	0.0025215314235538244
HCFC1	ATP6AP2	0.0025214971974492073
GATA2	PRIM2	0.002521323971450329
CBFB	CENPO	0.0025211183819919825
HCFC1	MICU1	0.0025208855513483286
HDAC2	CHRNB1	0.0025204059202224016
IKZF1	STARD7	0.0025197521317750216
STAT2	RPS6KA5	0.0025196396745741367
ELF1	SLBP	0.002519583562389016
CBFB	TCIRG1	0.002519394038245082
RAD21	CISH	0.0025189206935465336
GFI1B	GOLT1B	0.0025188764557242393
STAT2	FAM111A	0.0025187863502651453
IRF8	POLR2B	0.0025186461862176657
GATA2	HAT1	0.0025182899553328753
IRF8	XPNPEP1	0.00251802452839911
HCFC1	KPNA1	0.002517752582207322
ELF1	GPR65	0.002517728367820382
GFI1B	AFAP1L1	0.0025176340714097023
CBFB	PIDD1	0.0025173076428472996
MEIS1	TRIB3	0.0025171050801873207
NFAT5	CCDC50	0.0025169316213577986
RAD21	SOAT1	0.0025168166030198336
RAD21	LRRC59	0.002516575390473008
WDR5	SNAP23	0.0025162214878946543
CBX7	MC5R	0.002516211709007621
IRF8	FAR1	0.0025155767798423767
NFAT5	SPO11	0.002515127183869481
SPI1	IFI27L2A	0.002515117870643735
FOXO1	CBFB	0.0025146398693323135
IRF8	FGGY	0.002514611231163144
JUN	ADA	0.002514591673389077
SPI1	CDK6	0.0025143546517938375
IKZF1	TOP3B	0.0025137399788945913
ELF1	GFM1	0.0025135783944278955
FOXO1	FLT3	0.0025134123861789703
GATA2	FBXO5	0.002512881299480796
GATA2	GALNS	0.0025127942208200693
IRF8	MTMR1	0.0025124046951532364
ELF1	KCNK5	0.0025119823403656483
RPA2	PREP	0.00251170271076262
RAD21	EMILIN1	0.0025116950273513794
ELF1	ARL8B	0.0025116424076259136
GFI1B	LSP1	0.002511543221771717
FOXO1	SF3B3	0.0025115013122558594
MEIS1	TENT5A	0.0025113283190876245
RPA2	UBA2	0.002511200262233615
HCFC1	ATP11C	0.0025110351853072643
RPA1	FAM111A	0.002510994905605912
SPI1	PDE4B	0.0025109515991061926
IRF8	FASTKD3	0.0025107969995588064
MYC	RPAP1	0.0025105862878262997
JUN	IARS	0.002510415855795145
ELF1	FOXRED1	0.0025103965308517218
CBX7	CTSG	0.0025103180669248104
CBFB	PRELID3B	0.002510249614715576
IKZF1	CASP12	0.0025100945495069027
IRF8	PRPS2	0.0025100945495069027
IKZF1	TCN2	0.0025092449504882097
MEIS1	CKAP2	0.0025092291180044413
ELF1	POLA2	0.0025091657880693674
RPA1	RTEL1	0.0025091080460697412
WDR5	HEXA	0.0025087904650717974
STAT2	CALCRL	0.002508732723072171
HCFC1	MYO1F	0.0025085052475333214
FOXO1	DHFR	0.002508299658074975
STAT2	SYNJ1	0.0025082568172365427
IRF8	EIF2S1	0.0025078512262552977
STAT2	FAM76B	0.0025075857993215322
MYC	ATP11C	0.0025073429569602013
RPA1	NOP2	0.0025073192082345486
RAD21	SORL1	0.002507268451154232
RAD21	SZT2	0.0025072256103157997
HDAC2	PSMD6	0.0025071180425584316
ELF1	RAB38	0.002506908494979143
NFAT5	MBNL3	0.0025063783396035433
ELF1	SRM	0.002506009303033352
ELF1	ITCH	0.002505864016711712
HCFC1	TSPOAP1	0.0025057760067284107
RAD51	SGO1	0.0025055445730686188
NFAT5	MTR	0.00250542932190001
MYC	FAM136A	0.002505343873053789
IRF8	NOP2	0.002504620235413313
SATB1	YBX3	0.0025044837966561317
HCFC1	CENPK	0.0025041927583515644
SPI1	CD63-PS	0.002503864699974656
RPA1	MKI67	0.002503667026758194
ELF1	CDCA5	0.002503511030226946
IKZF1	MAGED1	0.0025033706333488226
IRF8	DCAF13	0.002503311028704047
ELF1	VKORC1L1	0.0025030362885445356
MYC	TRMT11	0.002502883318811655
RAD21	TYMS	0.0025028258096426725
MEIS1	PRC1	0.002502714516595006
RAD21	HIF3A	0.002502713818103075
WDR5	ALDH9A1	0.002502645831555128
CBFB	ZNRF2	0.002502638613805175
CBFB	DUSP1	0.0025025424547493458
WDR5	SLCO3A1	0.0025021620094776154
JUN	ST8SIA4	0.0025020858738571405
WDR5	INTS13	0.002501461422070861
GFI1B	H2-DMA	0.002501394832506776
IKZF1	NUP88	0.0025010702665895224
WDR5	USP42	0.002500852569937706
JUN	SLCO4A1	0.002500658854842186
GATA2	REXO2	0.002500521019101143
HCFC1	EMB	0.0025004870258271694
GFI1B	ZBTB38	0.0024994260165840387
STAT2	PDIA4	0.002499420428648591
SATB1	NAA50	0.002499211113899946
RPA2	JPT2	0.0024991906248033047
HDAC2	ZFP322A	0.002499028341844678
JUN	TSPAN2	0.0024985952768474817
JUN	EPRS	0.002498578280210495
HCFC1	NUAK2	0.002498301211744547
IRF8	PRMT7	0.0024978285655379295
GFI1B	ADSL	0.002497574081644416
WDR5	RRM1	0.002497240900993347
WDR5	YBX1	0.0024970700033009052
SPI1	PHF5A	0.002496838103979826
CBFB	ST6GALNAC4	0.002496597822755575
CBX7	SLC20A1	0.0024964972399175167
JUN	SYK	0.002496094210073352
RPA1	NUP93	0.002496073255315423
CBFB	CTC1	0.002496006665751338
HDAC2	ANGPT1	0.002495868131518364
SPI1	GTF2H1	0.0024957042187452316
CBX7	ATAD1	0.0024956113193184137
RAD21	SELENOP	0.002495401306077838
IRF8	MYO5A	0.002494840882718563
CBX7	CD9	0.0024948299396783113
FOXO1	F13A1	0.0024948236532509327
CBX7	ME2	0.0024946199264377356
ELF1	ME2	0.0024945619516074657
RAD21	HDAC2	0.002494166838005185
GFI1B	ZFP422	0.0024940536823123693
MYC	FTX	0.0024937461130321026
NFAT5	EIF4ENIF1	0.002493537263944745
STAT2	RCC1	0.0024932564701884985
SPI1	HNRNPLL	0.0024931214284151793
MEIS1	AGPS	0.002493042964488268
FOXO1	GNG2	0.0024925335310399532
NFAT5	KIF20B	0.0024924438912421465
GATA2	MPI	0.002492395928129554
HCFC1	HELLS	0.002492339815944433
RAD51	NDUFV1	0.00249221152625978
MYC	XRCC6	0.0024916932452470064
CBX7	MBNL3	0.0024910084903240204
RPA1	RUVBL2	0.002490659710019827
IRF8	H2-AA	0.002490181243047118
MEIS1	NCLN	0.0024901023134589195
IRF8	MRPL37	0.002490091836079955
HCFC1	EEF1E1	0.0024900813587009907
RPA2	HACD3	0.0024898420087993145
SATB1	BTK	0.0024897176772356033
FOXO1	ITGAL	0.0024896233808249235
MEIS1	CD300A	0.002489434089511633
CBFB	H2-OB	0.0024893032386898994
ELF1	GM11346	0.002489242237061262
NFAT5	ZDHHC13	0.0024891861248761415
STAT2	F630028O10RIK	0.0024891835637390614
IKZF1	PIP4K2A	0.0024891651701182127
SATB1	SELENBP1	0.002489037113264203
CBX7	TK1	0.0024889656342566013
GFI1B	DCAF13	0.0024889344349503517
STAT2	IL27RA	0.0024886783212423325
JUN	BCL2	0.0024886387400329113
HCFC1	TIPIN	0.002488442463800311
SATB1	RELB	0.0024875157978385687
GFI1B	PGLYRP2	0.0024872657377272844
IKZF1	GSR	0.0024872026406228542
RAD21	STOM	0.0024871889036148787
WDR5	DDX39	0.0024870808701962233
GFI1B	OSBPL8	0.002486834768205881
RPA2	YBX3	0.002486306242644787
GFI1B	CAMK2D	0.002485987264662981
GFI1B	TPX2	0.002485844073817134
SATB1	ATAD2	0.002485815202817321
NFAT5	CKAP2L	0.002485790988430381
RPA2	TOP2A	0.0024853611830621958
HCFC1	PTPN7	0.0024843071587383747
JUN	POLE	0.0024837017990648746
WDR5	SETD2	0.0024833702482283115
MYC	STT3A	0.002483218442648649
GATA2	LAPTM4B	0.0024829180911183357
NFAT5	FGFR1OP	0.002482790034264326
JUN	PPID	0.002482769777998328
NFAT5	ADGRG3	0.0024826715234667063
MEIS1	OTUD6B	0.0024824219290167093
NFAT5	REXO4	0.002482303883880377
ELF1	GLB1	0.0024815069045871496
ELF1	MTHFD1	0.002481406321749091
JUN	THADA	0.0024812917690724134
RAD51	ADA	0.0024811571929603815
RAD21	NEDD1	0.0024808102753013372
MEIS1	CASP1	0.0024802801199257374
CBX7	FAM111A	0.0024802712723612785
JUN	SERP1	0.002480236580595374
FOXO1	HAAO	0.002480171388015151
HCFC1	HJURP	0.002480157185345888
IKZF1	UAP1	0.002479847753420472
ELF1	EMILIN1	0.0024790633469820023
GFI1B	GM4951	0.0024789569433778524
RAD21	HACD4	0.002478844253346324
SPI1	KCTD12	0.002478633774444461
FOXO1	CDC6	0.002478597452864051
ELF1	NDUFV1	0.0024785560090094805
HCFC1	SPC25	0.002478240989148617
MYC	INTS8	0.002478226087987423
MEIS1	MOGS	0.0024781133979558945
FOXO1	CD53	0.002478055190294981
HCFC1	RIN3	0.0024778470396995544
HDAC2	H2-DMA	0.002477732952684164
GFI1B	SOCS2	0.002477584406733513
GATA2	COPB1	0.0024773322511464357
CBFB	ARMT1	0.00247724330984056
ELF1	ENG	0.00247691897675395
JUN	CENPL	0.0024768493603914976
GFI1B	ITCH	0.0024765199050307274
HCFC1	KRT18	0.0024764572735875845
WDR5	CD52	0.0024764323607087135
STAT2	IKZF1	0.0024763811379671097
HDAC2	PSMD9	0.0024763154797255993
GATA2	EAF1	0.002476220251992345
SPI1	PA2G4	0.002476122695952654
GFI1B	TRPS1	0.0024760733358561993
STAT2	CLN5	0.0024758344516158104
RPA2	UAP1	0.002475555520504713
SATB1	IFITM1	0.002475455403327942
WDR5	ARID5A	0.0024752046447247267
RPA1	SLC35E1	0.0024750030133873224
WDR5	SYK	0.002474970882758498
HCFC1	FUCA2	0.00247491174377501
HCFC1	BUB1B	0.0024748470168560743
HCFC1	CD9	0.0024745312985032797
CBX7	DCK	0.0024744621478021145
WDR5	MTOR	0.0024743301328271627
NFAT5	E2F4	0.0024741310626268387
HCFC1	IKZF1	0.0024740309454500675
SPI1	S100A6	0.0024737261701375246
HCFC1	KIF22	0.0024737026542425156
FOXO1	DHX33	0.00247343722730875
RPA2	CTSZ	0.0024732702877372503
NFAT5	BIRC5	0.0024731543380767107
CBX7	TXNDC11	0.0024730393197387457
MYC	SEH1L	0.002472995314747095
MYC	HDGF	0.002472825348377228
HCFC1	RRM1	0.002472290303558111
GFI1B	TCP11L2	0.0024721890222281218
GFI1B	CASP12	0.0024721664376556873
CBFB	UBAC1	0.0024715273175388575
STAT2	PDE4D	0.002471452346071601
CBX7	MTR	0.0024713906459510326
IRF8	MARS	0.0024713631719350815
SPI1	HNRNPAB	0.002470876555889845
CBX7	HAT1	0.00247027981095016
ELF1	DDX20	0.002470106817781925
STAT2	CYP2J6	0.002470056526362896
JUN	REXO2	0.002470045816153288
WDR5	SLC28A2	0.0024699470959603786
HCFC1	TYMS	0.0024696632754057646
NFAT5	RFC5	0.0024695254396647215
SPI1	CLN5	0.002469427650794387
RPA1	HMBS	0.002468688413500786
HDAC2	MSH6	0.0024683198425918818
MYC	ORC6	0.0024680711794644594
MYC	SNRNP200	0.002467947546392679
HDAC2	CBFB	0.002467866288498044
FOXO1	NFAM1	0.0024676613975316286
GFI1B	DPP8	0.002467646962031722
GFI1B	NOL9	0.002467615995556116
STAT2	EBI3	0.0024675363674759865
CBFB	IDH3A	0.0024672187864780426
MYC	DHRS3	0.0024670828133821487
GFI1B	DNAJC9	0.0024670257698744535
IRF8	NUDT19	0.0024668527767062187
ELF1	KIF11	0.0024668187834322453
ELF1	THSD1	0.002466580830514431
HCFC1	EIF1AD	0.0024664655793458223
NFAT5	TOP3B	0.0024662702344357967
RAD21	WDR43	0.0024661908391863108
HCFC1	ITGAL	0.0024658767506480217
STAT2	NDE1	0.002465528203174472
HCFC1	FES	0.0024646350648254156
IKZF1	PNO1	0.0024641400668770075
SATB1	GBP2	0.002464124234393239
RAD21	ICAM1	0.002464048797264695
SATB1	NEIL3	0.002463940065354109
SATB1	SPNS2	0.0024639046750962734
CBFB	CNIH1	0.0024636981543153524
WDR5	HARS	0.0024633007124066353
MYC	GLB1	0.002463135402649641
IKZF1	B230219D22RIK	0.002462641801685095
IKZF1	MCM5	0.002462540054693818
MEIS1	MCM5	0.002462505828589201
WDR5	DTL	0.002462468110024929
STAT2	CSF1R	0.0024613949935883284
WDR5	TOMM70A	0.0024610613472759724
ELF1	PLA2G15	0.002460798714309931
SATB1	PHF5A	0.0024606112856417894
CBFB	INO80D	0.0024600066244602203
WDR5	POR	0.002459972631186247
SATB1	HYOU1	0.0024596203584223986
RAD51	PPM1G	0.002459203824400902
HCFC1	HNRNPAB	0.0024588867090642452
HDAC2	NDUFV1	0.002458772622048855
FOXO1	RARB	0.002458715345710516
HCFC1	EDEM1	0.002458674367517233
NFAT5	MCM6	0.0024586706422269344
RAD21	SORT1	0.0024585919454693794
STAT2	RGS2	0.0024583141785115004
IKZF1	GTF2F1	0.0024580133613198996
NFAT5	HK3	0.0024579984601587057
RAD21	USP11	0.002457953291013837
HDAC2	VPS16	0.002457589842379093
RAD21	SLC35B4	0.002457431284710765
CBX7	MILR1	0.0024573677219450474
RAD21	TOPORS	0.002457317430526018
MYC	HNRNPLL	0.0024572182446718216
WDR5	NCEH1	0.002457165392115712
IRF8	VAV3	0.0024571011308580637
WDR5	ATP1B3	0.0024565064813941717
GATA2	SUSD3	0.0024564722552895546
RAD21	KAT7	0.0024558608420193195
SPI1	NOLC1	0.0024557386059314013
CBX7	GLB1	0.002455707173794508
RAD21	ARL11	0.0024556932039558887
RAD21	DOK2	0.002455496694892645
MEIS1	HDAC2	0.002455315785482526
JUN	REXO4	0.0024550205562263727
SPI1	SLC37A1	0.0024547965731471777
SPI1	ZFP451	0.002454576315358281
WDR5	ADAM17	0.002454222645610571
IRF8	AI504432	0.002453896915540099
IKZF1	ST6GALNAC4	0.002453782595694065
MYC	MAML3	0.0024533236864954233
IRF8	TSPAN3	0.0024530314840376377
IRF8	SLC35E1	0.0024529288057237864
STAT2	AFAP1L1	0.002452627755701542
JUN	GLRX5	0.0024523409083485603
RAD21	STIP1	0.002452121814712882
RAD21	THEMIS2	0.002452070824801922
HCFC1	HNRNPLL	0.0024519828148186207
CBFB	BYSL	0.0024519297294318676
SATB1	PRKCD	0.002451235195621848
RAD21	DUSP1	0.002451222622767091
SPI1	WDR4	0.0024510605726391077
CBX7	CCNE2	0.0024510386865586042
HDAC2	WDR43	0.0024508938658982515
SATB1	MAGED2	0.002450793283060193
GFI1B	RPRD1B	0.0024505809415131807
CBX7	MCM4	0.0024498719722032547
MEIS1	TNFRSF13C	0.002449719002470374
ELF1	MIR99AHG	0.002449499676004052
GFI1B	BCAP29	0.0024492221418768167
RAD21	GM5111	0.002448788145557046
STAT2	WDR4	0.0024487811606377363
WDR5	HMBS	0.0024484647437930107
IKZF1	ACSS2	0.002448376500979066
RPA2	ELAC2	0.002448041457682848
IRF8	TMEM50B	0.002447965322062373
RPA1	ARL6IP6	0.002447942504659295
RAD51	KIF22	0.0024475972168147564
ELF1	PPM1F	0.0024475064128637314
NFAT5	USP14	0.0024474936071783304
SATB1	VPS35	0.0024470333009958267
HDAC2	MFSD14B	0.002446632133796811
JUN	STRAP	0.0024464810267090797
JUN	MIEF1	0.0024464705493301153
WDR5	MCM2	0.0024461227003484964
MEIS1	PUS7	0.0024460710119456053
GATA2	IMMT	0.002446052385494113
CBFB	TEAD2	0.002446042839437723
GATA2	GARS	0.0024460230488330126
STAT2	LDHB	0.002445552498102188
NFAT5	ZNRF2	0.002445294288918376
ELF1	NCAPG2	0.002445149701088667
WDR5	NUP85	0.0024450141936540604
RAD51	KIF11	0.0024446314200758934
ELF1	RANBP3	0.0024444980081170797
JUN	TAB1	0.0024443408474326134
NFAT5	RORC	0.0024442311841994524
HCFC1	EFCC1	0.0024438337422907352
RAD21	POLE3	0.0024436810053884983
WDR5	PTDSS1	0.002443470759317279
IRF8	SLC20A1	0.002443297766149044
JUN	MAML3	0.0024426630698144436
CBFB	ERGIC1	0.0024425508454442024
ELF1	DUT	0.0024425361771136522
RAD51	CDCA3	0.002442500554025173
IKZF1	ABHD17B	0.0024424726143479347
SPI1	INO80D	0.0024424432776868343
WDR5	SRSF1	0.002442174358293414
HCFC1	TMEM229B	0.0024418244138360023
CBFB	FTSJ3	0.0024417999666184187
JUN	FLNA	0.0024414649233222008
SATB1	CS	0.0024412835482507944
WDR5	LONP1	0.0024410129990428686
IKZF1	ABITRAM	0.0024407985620200634
GATA2	NPTN	0.002440662821754813
FOXO1	MYB	0.0024406618904322386
SPI1	CTSL	0.0024406362790614367
ELF1	LSP1	0.0024404171854257584
STAT2	MFSD10	0.0024397114757448435
WDR5	FAR1	0.002439284697175026
IKZF1	LZTS1	0.002438851399347186
ELF1	SLCO4A1	0.002438823925331235
NFAT5	ARID2	0.0024386912118643522
STAT2	KNSTRN	0.0024386667646467686
ELF1	EIF3B	0.0024381994735449553
SPI1	TBC1D10C	0.0024379512760788202
STAT2	SATB1	0.002437761751934886
IRF8	EBI3	0.0024377615191042423
HCFC1	MGAT5	0.0024372776970267296
ELF1	SLC26A2	0.0024366569705307484
SATB1	NFE2	0.002436653710901737
MEIS1	LY9	0.002436375943943858
NFAT5	CDT1	0.0024357682559639215
HCFC1	MPO	0.0024357193615287542
RAD21	F2R	0.002435509581118822
STAT2	GANAB	0.0024353668559342623
HDAC2	KPNA1	0.0024348918814212084
ELF1	BIRC5	0.002434483729302883
GFI1B	ZMIZ1	0.002433402929455042
WDR5	RACGAP1	0.0024331214372068644
RPA2	FAM136A	0.0024327633436769247
FOXO1	SLC25A38	0.0024326902348548174
RAD51	SLC29A1	0.002432488603517413
CBX7	GUSB	0.002432373119518161
JUN	MFSD1	0.0024322764948010445
GATA2	TMEM50B	0.00243222713470459
RPA2	GNL3	0.0024321172386407852
ELF1	HACD4	0.0024319025687873363
FOXO1	YBX1	0.0024318473879247904
FOXO1	NUAK2	0.002430919324979186
HDAC2	POLD1	0.002430899301543832
FOXO1	G6PDX	0.0024307521525770426
RPA2	RPTOR	0.0024306857958436012
SATB1	RACGAP1	0.002430519089102745
SPI1	PRDM16	0.0024304655380547047
MEIS1	PPAT	0.002429919084534049
RAD51	NUSAP1	0.0024299074430018663
GFI1B	SNHG5	0.0024290040601044893
CBFB	CDC20	0.0024288706481456757
SATB1	METTL7A1	0.0024288378190249205
IRF8	GOLIM4	0.0024286475963890553
SPI1	ALDH18A1	0.00242838473059237
SPI1	TMX3	0.002428359817713499
GATA2	PIP4K2A	0.002428170060738921
RAD21	TMEM50B	0.0024277453776448965
SATB1	MTOR	0.0024276624899357557
JUN	CSTF2	0.002427601721137762
RAD21	MSMO1	0.0024274252355098724
SPI1	TNPO1	0.002427340019494295
SATB1	UBA7	0.0024272927548736334
SATB1	SAMD9L	0.0024271723814308643
NFAT5	OTULINL	0.002426533494144678
SPI1	NAV1	0.0024264391977339983
CBX7	CDC20	0.0024264082312583923
IKZF1	CTTN	0.0024263181257992983
SPI1	NASP	0.002426127204671502
NFAT5	HMGB3	0.002425672486424446
HDAC2	GBP3	0.0024255458265542984
RAD21	IGKC	0.002425219165161252
NFAT5	NDN	0.0024249411653727293
MEIS1	POLA2	0.0024248610716313124
SPI1	PDIA4	0.002424785867333412
NFAT5	NCAPD2	0.0024242298677563667
IRF8	MFNG	0.002423753496259451
SATB1	NUF2	0.002423587953671813
HDAC2	MILR1	0.002423417754471302
IKZF1	IFI44	0.0024225760716944933
IKZF1	GPD1L	0.0024223835207521915
SATB1	GT(ROSA)26SOR	0.002422038000077009
HDAC2	CDT1	0.0024218230973929167
IKZF1	ZFP35	0.0024212943390011787
ELF1	HACD3	0.0024203616194427013
JUN	ZNRF2	0.002420212375000119
RAD21	CD93	0.00242014043033123
SPI1	FTX	0.0024196968879550695
SATB1	SLCO4A1	0.0024196370504796505
HDAC2	INPP5B	0.002419551368802786
RAD21	ACSS1	0.002419064985588193
GFI1B	TOP2A	0.0024188796523958445
FOXO1	DDX39	0.002418727381154895
WDR5	PRKCD	0.002418579300865531
STAT2	PADI4	0.0024185124784708023
JUN	FEM1B	0.002418388845399022
FOXO1	TIMM29	0.002418135292828083
IRF8	FIGNL1	0.002418084070086479
WDR5	NEIL3	0.0024176756851375103
SATB1	RANGAP1	0.0024167150259017944
CBFB	DNAJC10	0.0024164614733308554
HCFC1	CNIH1	0.0024164034985005856
NFAT5	TCF19	0.0024163220077753067
RPA2	CDCA4	0.002415838185697794
MYC	FGL2	0.0024157119914889336
RPA2	GARS	0.0024157045409083366
CBFB	PTGS1	0.0024156603030860424
FOXO1	EAF1	0.002415489172562957
RAD21	COL4A2	0.0024149257224053144
SATB1	TNIP3	0.002414728980511427
CBFB	FARSB	0.0024145543575286865
ELF1	EBI3	0.0024144472554326057
IKZF1	RELB	0.002413905458524823
SATB1	JCHAIN	0.0024139012675732374
RAD21	GM8113	0.0024136437568813562
RAD21	ANXA1	0.00241355923935771
MYC	WDR4	0.0024135166313499212
HCFC1	ANKRD44	0.0024134330451488495
ELF1	HDAC2	0.0024132556281983852
MYC	BYSL	0.0024125371128320694
RAD21	PRPS2	0.0024123929906636477
NFAT5	TARS	0.0024123298935592175
IKZF1	CNRIP1	0.002411938738077879
NFAT5	S100A6	0.0024117364082485437
NFAT5	MNS1	0.002411508932709694
GFI1B	STXBP4	0.002411407185718417
MYC	WSB1	0.0024112004321068525
NFAT5	GOLIM4	0.0024109333753585815
HCFC1	ZDHHC6	0.002410863758996129
CBX7	BPIFC	0.0024106400087475777
IKZF1	FOXRED1	0.002410248387604952
CBX7	ACOT9	0.00241024699062109
RAD21	DDX39	0.0024099366273730993
STAT2	DNAJC11	0.0024096632841974497
HDAC2	RASA4	0.002409456530585885
FOXO1	SOAT1	0.0024092011153697968
GFI1B	ACOT9	0.0024090767838060856
RPA1	CDC7	0.002408739645034075
GATA2	RARB	0.0024086025077849627
GATA2	JPT2	0.002408602274954319
ELF1	TAF12	0.002407938241958618
GATA2	GOLIM4	0.002407795749604702
RPA1	MFSD10	0.0024074132088571787
IKZF1	THEMIS2	0.0024073750246316195
WDR5	NDUFV1	0.002407372696325183
MYC	GTF2F1	0.002407293301075697
IKZF1	SLBP	0.002407217165455222
RAD21	FOXO1	0.002407124964520335
MYC	KCNQ1OT1	0.0024061035364866257
IKZF1	BDH2	0.002405990846455097
IRF8	BYSL	0.002405813429504633
GFI1B	MICU1	0.0024057640694081783
NFAT5	HAAO	0.002405239501968026
RAD21	PDE4D	0.0024052169173955917
STAT2	MYB	0.0024051587097346783
JUN	RPA2	0.002405093051493168
HDAC2	SPCS3	0.0024048020131886005
ELF1	BC005561	0.00240449421107769
JUN	WSB1	0.0024038723204284906
HDAC2	PLAG1	0.0024038313422352076
IRF8	DHX33	0.002403292339295149
GFI1B	SPNS3	0.0024032793007791042
SPI1	DDX20	0.0024031370412558317
NFAT5	PSMG2	0.002403020625934005
MEIS1	FAM111A	0.0024027531035244465
CBFB	PSTPIP1	0.0024024362210184336
HDAC2	CD34	0.002400951460003853
HCFC1	SLC30A5	0.0024009360931813717
STAT2	NCAPG2	0.0024008764885365963
CBFB	EPB41L4B	0.0024007107131183147
STAT2	NEIL3	0.0024001505225896835
GFI1B	PHB2	0.0024001155979931355
RAD21	ERLIN1	0.0023998983670026064
MEIS1	RAD21	0.002399422461166978
RAD21	CHORDC1	0.00239929067902267
IKZF1	TBL3	0.0023988205939531326
STAT2	MYC	0.002398776588961482
MYC	DCAF13	0.002398611279204488
CBFB	SH3BGRL	0.0023983092978596687
JUN	MEMO1	0.002398207550868392
SATB1	MPZL1	0.00239804876036942
ELF1	ZFP451	0.0023980068508535624
RAD21	CAMK2D	0.002397777745500207
STAT2	DTL	0.002397364005446434
ELF1	UAP1	0.0023971996270120144
SATB1	TSPAN14	0.0023969365283846855
SATB1	SLC19A1	0.002396932104602456
SATB1	RRM2	0.002396672498434782
GATA2	RCOR1	0.0023963390849530697
SATB1	SRM	0.0023961730767041445
WDR5	CD63	0.002395856659859419
STAT2	ABCB10	0.002395706018432975
CBX7	SNAP47	0.0023956280201673508
STAT2	USP10	0.0023955460637807846
FOXO1	PLA2G12A	0.002395545830950141
JUN	TEK	0.0023955367505550385
STAT2	PARVG	0.002395524876192212
RAD21	PROCR	0.002395409159362316
IRF8	RIN3	0.002395319752395153
RAD51	MNS1	0.0023948883172124624
MYC	COPB1	0.0023948424495756626
IKZF1	HDAC11	0.0023948096204549074
CBX7	POLD1	0.002394626848399639
FOXO1	HNRNPAB	0.0023943972773849964
ELF1	UMPS	0.0023942647967487574
CBX7	TOMM70A	0.0023941085673868656
FOXO1	ATAD1	0.002394062466919422
SPI1	FAM111A	0.0023938424419611692
GFI1B	API5	0.0023938200902193785
JUN	PSMD1	0.0023934643249958754
WDR5	VIPR2	0.0023929253220558167
ELF1	IRF8	0.002392916241660714
CBFB	MC5R	0.002392873400822282
NFAT5	ORC2	0.0023928661830723286
RPA1	PDIA4	0.0023928305599838495
CBX7	HARS	0.002392456168308854
RPA2	CFP	0.0023917309008538723
IKZF1	HIF3A	0.0023915315978229046
IRF8	RGS19	0.0023915059864521027
MEIS1	HDGF	0.002391479443758726
GATA2	NUDT4	0.0023914151825010777
GFI1B	CIPC	0.0023911723401397467
ELF1	ICAM1	0.002391068497672677
FOXO1	IFI27L2A	0.002390810986980796
GFI1B	CCDC137	0.002390804933384061
SATB1	VDR	0.002390790032222867
HDAC2	ELMO2	0.00239076791331172
GFI1B	SERPINB9	0.00239056209102273
JUN	SIGLECG	0.0023905036505311728
STAT2	BTAF1	0.0023902275133877993
CBFB	ACLY	0.002390216337516904
MYC	ZDHHC13	0.002390149049460888
HCFC1	TRIM16	0.002390088979154825
CBX7	FLT3	0.0023897530045360327
IKZF1	CBX5	0.0023891401942819357
GFI1B	TMX3	0.0023891162127256393
GFI1B	LTB	0.002389083383604884
GFI1B	NSUN2	0.0023888463620096445
WDR5	ASF1B	0.002388371154665947
MYC	DEF8	0.002388288266956806
HCFC1	CYBC1	0.0023880540393292904
WDR5	MTCH2	0.0023880237713456154
MEIS1	SORT1	0.002387759042903781
SATB1	AURKA	0.0023875439073890448
HCFC1	PRELID3B	0.002387472428381443
HDAC2	SLC29A1	0.002386889886111021
RAD21	DDX21	0.0023866393603384495
SPI1	UAP1	0.0023864596150815487
RAD21	PSME3	0.002386226551607251
SATB1	GYS1	0.002386178122833371
STAT2	AZIN1	0.0023859383072704077
NFAT5	CBX5	0.0023854500614106655
RAD51	KPNA1	0.0023847082629799843
CBX7	SRM	0.0023846663534641266
MEIS1	PSMC2	0.0023845138493925333
IKZF1	PGLYRP2	0.0023844873066991568
CBX7	RRM2	0.0023844814859330654
RAD21	TRIM47	0.0023844654206186533
CBFB	EDEM1	0.0023842088412493467
ELF1	PA2G4	0.002384019084274769
RAD21	SLC35E1	0.0023833001032471657
GATA2	AURKA	0.0023832088336348534
IKZF1	ZFP451	0.002383147832006216
MEIS1	NAV1	0.002383042359724641
ELF1	PPP1R15A	0.0023828670382499695
ELF1	RANGAP1	0.002382828388363123
IRF8	IPO9	0.002382780658081174
WDR5	VPS16	0.0023825636599212885
SPI1	REXO4	0.0023825413081794977
SPI1	SRSF1	0.0023821708746254444
IKZF1	PA2G4	0.0023819725029170513
CBFB	SDC4	0.0023817631881684065
FOXO1	HCFC1	0.002381696831434965
NFAT5	LRRC59	0.0023815070744603872
GFI1B	PIDD1	0.0023814805317670107
HDAC2	PPM1G	0.0023809608537703753
GFI1B	FAM91A1	0.0023807790130376816
WDR5	MOGS	0.002380605088546872
RAD21	USP37	0.002379430690780282
SATB1	SZT2	0.0023792043793946505
RAD21	FUT7	0.002379112411290407
GFI1B	PHF5A	0.0023788961116224527
RAD51	TRMT6	0.0023788707330822945
JUN	ABHD17B	0.0023787489626556635
RAD21	ITGAL	0.002378615317866206
WDR5	MIR17HG	0.002378439297899604
MEIS1	SLC16A1	0.002378376666456461
HDAC2	MTO1	0.0023783145006746054
HDAC2	PHF5A	0.002378252102062106
RPA2	NAPSA	0.002378158736974001
FOXO1	FLNA	0.0023778334725648165
SATB1	BID	0.0023776660673320293
RPA2	IMMT	0.002377599710598588
GATA2	TRIB3	0.0023773571010679007
CBX7	TOMM40	0.00237726210616529
STAT2	KIF22	0.0023765810765326023
HCFC1	FASTKD2	0.002376573858782649
CBX7	CKS1B	0.002376522636041045
RAD21	MBNL3	0.002376062795519829
ELF1	SERPINB9	0.0023760292679071426
GFI1B	TCN2	0.0023759559262543917
WDR5	ADGRL4	0.0023755221627652645
RAD21	PHF10	0.0023753775749355555
CBFB	SHISA8	0.002375352894887328
WDR5	FRRS1	0.0023752409033477306
RAD21	MYB	0.002375151729211211
HCFC1	FEM1B	0.0023750681430101395
SATB1	SH3BGRL	0.0023749934043735266
GFI1B	AI506816	0.0023747850209474564
STAT2	MCM7	0.0023747410159558058
RAD21	PRKCH	0.0023745079524815083
MEIS1	STT3B	0.002374333329498768
MYC	LRRC59	0.002373542170971632
CBX7	AHCYL1	0.0023734534624964
WDR5	CKS1B	0.0023733668494969606
MEIS1	NUDT19	0.0023733535781502724
CBFB	ABITRAM	0.0023732767440378666
SATB1	ARID3B	0.0023730730172246695
HCFC1	PRKCD	0.002372926799580455
STAT2	ODC1	0.0023728199303150177
IKZF1	SORT1	0.0023728003725409508
CBFB	NEDD1	0.0023725589271634817
IKZF1	XRCC6	0.002372171264141798
CBX7	CCNB2	0.002371949376538396
WDR5	LY6C2	0.002371868584305048
IKZF1	ZBTB16	0.0023717787116765976
GFI1B	EMILIN1	0.002371049951761961
IKZF1	DNM1L	0.0023704194463789463
NFAT5	CASP1	0.002370408270508051
HDAC2	TMEM176A	0.002370365895330906
HCFC1	GARS	0.002370269037783146
HCFC1	IRF9	0.002370040863752365
JUN	GBP7	0.0023700331803411245
WDR5	ICAM1	0.002369875553995371
IRF8	ADSSL1	0.0023693996481597424
IRF8	NUDT4	0.0023688040673732758
HDAC2	GT(ROSA)26SOR	0.0023683924227952957
CBFB	FGFR1OP	0.0023680231533944607
IKZF1	TRMT11	0.002367862267419696
MYC	ZBTB20	0.0023676729761064053
ELF1	MYB	0.002367501612752676
WDR5	TYMS	0.0023674406111240387
RAD21	DNTT	0.002367391949519515
SATB1	E2F4	0.002367262262851
HDAC2	TRAP1	0.0023669879883527756
CBFB	NUAK2	0.002366961445659399
RAD21	ANXA2	0.002366903005167842
SPI1	STAT2	0.002366467611864209
STAT2	PWP2	0.002366384258493781
FOXO1	ORC6	0.002366013824939728
HCFC1	EIF2B1	0.0023658457212150097
ELF1	MOB3C	0.0023657018318772316
JUN	MAGED2	0.0023656075354665518
HDAC2	GFM1	0.0023655719123780727
MEIS1	ISYNA1	0.002365299966186285
RPA1	DNTT	0.002365200547501445
MYC	RMND5A	0.002364810323342681
IKZF1	ISG20	0.0023644573520869017
SATB1	LAPTM4B	0.0023640377912670374
IKZF1	OASL2	0.002363781211897731
JUN	SAMD9L	0.002363444771617651
STAT2	MTMR6	0.00236334977671504
ELF1	HMBS	0.0023628738708794117
JUN	DDX58	0.0023622128646820784
STAT2	PTPRE	0.002362101338803768
MEIS1	MRPL37	0.0023619672283530235
MYC	VPS35	0.0023618468549102545
RPA2	H2-OB	0.0023617204278707504
IKZF1	HACD4	0.002360962564125657
ELF1	DNM1L	0.0023608857300132513
NFAT5	EIF1AD	0.002360723214223981
HDAC2	HEXA	0.002360242884606123
ELF1	RAB44	0.002360053127631545
CBFB	CIPC	0.002359820296987891
IKZF1	HDC	0.002359669655561447
IRF8	FTSJ3	0.002359634032472968
WDR5	SLC25A46	0.0023594279773533344
RAD21	ATP11C	0.002359129022806883
RPA2	ZDHHC13	0.0023590417113155127
WDR5	BYSL	0.002358830999583006
GATA2	TRIM16	0.00235836673527956
ELF1	SZT2	0.0023581928107887506
MEIS1	LIG1	0.0023581143468618393
WDR5	TGTP1	0.0023580938577651978
HCFC1	LGALS1	0.0023578880354762077
NFAT5	MTUS1	0.0023578722029924393
STAT2	RRM2	0.002357781631872058
JUN	PHKB	0.0023572889622300863
GFI1B	EIF2S1	0.002356973709538579
CBFB	GRK3	0.002356218174099922
STAT2	RPS6KA3	0.002356154378503561
STAT2	FEM1B	0.0023552279453724623
FOXO1	SLPI	0.0023547508753836155
HCFC1	ITCH	0.0023541797418147326
HCFC1	STT3A	0.002354159252718091
IKZF1	AZIN1	0.0023541341070085764
ELF1	BID	0.0023540279362350702
MYC	PWP2	0.0023539597168564796
NFAT5	ANXA2	0.0023533108178526163
NFAT5	PSAT1	0.002353031886741519
IKZF1	CSE1L	0.0023529508616775274
IRF8	RNF4	0.0023527478333562613
RAD21	FCGR3	0.0023527080193161964
JUN	OSGIN1	0.0023524705320596695
MYC	TIMM29	0.0023524067364633083
SPI1	QARS	0.0023522288538515568
JUN	PCLAF	0.0023519343230873346
NFAT5	PLA2G12A	0.002351928036659956
CBX7	NSD2	0.002351830480620265
HCFC1	ENPP5	0.0023516544606536627
RAD21	PIDD1	0.0023515704087913036
RAD21	ANGPT1	0.0023514728527516127
SPI1	ANKRD44	0.002351313829421997
IKZF1	CTSO	0.0023512127809226513
STAT2	TEC	0.0023508593440055847
MYC	CAD	0.002350695664063096
WDR5	MYL10	0.002350602298974991
GFI1B	ARL6IP6	0.0023503806442022324
WDR5	CD69	0.00235032569617033
STAT2	PSMD6	0.0023498188238590956
JUN	SLC22A3	0.002349584363400936
GFI1B	FSTL1	0.0023495275527238846
SPI1	EDEM1	0.002349490998312831
HDAC2	CTSZ	0.0023493391927331686
GATA2	SNX30	0.002349298447370529
RPA2	ADA	0.0023491731844842434
RAD21	STX3	0.0023485987912863493
CBX7	TSPAN3	0.002347825327888131
NFAT5	SCARB1	0.00234779785387218
RPA1	NDC1	0.002347734523937106
GATA2	SLC43A3	0.002347727306187153
HCFC1	ORC2	0.002347722416743636
IRF8	CCDC50	0.0023476399946957827
SATB1	HERPUD1	0.0023475971538573503
WDR5	EIF2S1	0.002347310073673725
IKZF1	MNS1	0.002347226021811366
GATA2	SPTBN1	0.002347153378650546
ELF1	MAD2L1	0.0023465848062187433
GATA2	VIPR2	0.0023457054048776627
JUN	NARS	0.002345636487007141
JUN	CDC45	0.0023456267081201077
WDR5	ERLIN1	0.002345524961128831
CBX7	BYSL	0.002344762207940221
SATB1	TEC	0.002344743115827441
WDR5	BTAF1	0.0023446911945939064
IKZF1	LMAN2L	0.002344670472666621
SATB1	NPTN	0.00234437664039433
HDAC2	EMCN	0.0023442856036126614
RAD21	F11R	0.002343975007534027
HCFC1	CST7	0.0023438171483576298
HCFC1	RFC5	0.0023436015471816063
IRF8	TMX3	0.002343532396480441
IKZF1	ATP10A	0.002343409229069948
JUN	TEC	0.0023433987516909838
GATA2	PARVG	0.002343360334634781
SATB1	MNS1	0.0023430201690644026
IRF8	ABL2	0.002342942403629422
RAD21	PIK3IP1	0.002342719119042158
RAD51	CSTF2	0.002342650666832924
SPI1	ARRDC4	0.0023426280822604895
CBX7	CSF1R	0.0023423931561410427
HDAC2	HDAC11	0.002342362655326724
RPA2	NCAPG2	0.0023423093371093273
RAD21	JCHAIN	0.0023421598598361015
JUN	CCNF	0.0023420415818691254
HCFC1	LAP3	0.002342026913538575
ELF1	SERPINB6A	0.00234198197722435
ELF1	IGHM	0.002341805025935173
MYC	EPB41L4B	0.0023413654416799545
STAT2	RP2	0.0023407323751598597
IRF8	DUS1L	0.0023406031541526318
RPA2	PLA2G12A	0.002340567298233509
IKZF1	FDFT1	0.002340440871194005
CBX7	POLA2	0.002340383594855666
JUN	EIF2S1	0.0023400417994707823
STAT2	PCMTD1	0.0023400303907692432
IKZF1	EML4	0.0023398816119879484
JUN	ATP13A1	0.0023394476156681776
RAD51	9430015G10RIK	0.0023390597198158503
CBFB	TARS	0.002338862745091319
HCFC1	CD69	0.0023387742694467306
RAD21	GMNN	0.0023386883549392223
NFAT5	NEDD1	0.0023381728678941727
SPI1	ACLY	0.002338170539587736
GFI1B	CSE1L	0.002338108606636524
ELF1	ATP6AP1	0.0023375535383820534
GATA2	NAV1	0.002337545854970813
WDR5	DEF8	0.002337541664019227
MEIS1	TTF2	0.0023374620359390974
GFI1B	MCOLN2	0.0023372157011181116
IKZF1	PRIM1	0.0023370918352156878
RAD21	BC035044	0.0023370489943772554
IKZF1	CS	0.0023366918321698904
ELF1	NEIL3	0.002336651785299182
CBFB	ITPR1	0.0023365698289126158
GATA2	METAP1	0.0023362471256405115
IRF8	REXO2	0.0023359828628599644
RPA1	TMEM33	0.0023353006690740585
HCFC1	PRTN3	0.002334900898858905
GFI1B	B230219D22RIK	0.0023348128888756037
HCFC1	EMILIN1	0.002334807300940156
CBFB	ANGPT1	0.0023344806395471096
CBFB	DDX1	0.002334253629669547
CBX7	MRPL20	0.002333651063963771
STAT2	FASTKD2	0.0023335106670856476
HDAC2	CD48	0.00233340822160244
MEIS1	HAT1	0.0023329174146056175
GFI1B	BTG2	0.0023328636307269335
SATB1	TECPR1	0.0023327404633164406
IKZF1	TBXAS1	0.002332697855308652
ELF1	FUT7	0.0023325032088905573
GATA2	ATP8B4	0.0023324736393988132
JUN	TK1	0.002331817988306284
RPA2	NSUN2	0.00233171577565372
NFAT5	SLC35E1	0.0023316917940974236
IRF8	MTHFD1	0.0023314068093895912
MYC	GFI1B	0.00233084405772388
RPA1	PIDD1	0.0023306808434426785
WDR5	CIP2A	0.0023305872455239296
CBFB	PATL1	0.002330385148525238
HCFC1	YBX1	0.002330352086573839
WDR5	SLC35B4	0.002329648472368717
JUN	PPM1G	0.002329552546143532
ELF1	BACE1	0.002329540438950062
NFAT5	HUS1	0.0023294773418456316
NFAT5	MICU1	0.002329452894628048
STAT2	CDC7	0.0023293420672416687
CBX7	TMEM43	0.002329251728951931
ELF1	GCLC	0.002329071518033743
IRF8	SMPD4	0.002328102011233568
NFAT5	TUBGCP3	0.0023280701134353876
SPI1	COLGALT1	0.0023276163265109062
SATB1	SELENOP	0.002327470574527979
HDAC2	CS	0.0023273674305528402
SPI1	INTS13	0.0023267832584679127
HCFC1	NEDD1	0.0023267732467502356
CBX7	ARCN1	0.0023264631163328886
CBFB	TBC1D9B	0.0023263779003173113
WDR5	UBE2C	0.00232633831910789
STAT2	DCK	0.0023261436726897955
IKZF1	NSD2	0.002325757872313261
RAD51	ATP1B3	0.002325737848877907
JUN	SLC35B4	0.0023256808053702116
SPI1	FLNB	0.0023254198022186756
SATB1	TXNIP	0.002325409557670355
IRF8	STAG2	0.002325318520888686
FOXO1	RARS	0.002325163222849369
SATB1	ZFP367	0.002324866596609354
RAD21	CTSO	0.0023248314391821623
SATB1	SPC24	0.002324457745999098
ELF1	NUDT4	0.00232444005087018
FOXO1	POLA2	0.0023242514580488205
HCFC1	CLTC	0.0023241552989929914
IRF8	POLR1B	0.002324047964066267
SATB1	NFKBIA	0.0023238896392285824
CBFB	NARS	0.0023235229309648275
CBFB	SLC43A3	0.002323375316336751
HCFC1	JPT1	0.002323365770280361
RAD21	MGAT1	0.0023230714723467827
NFAT5	SEC23IP	0.002322743646800518
HDAC2	YBX1	0.0023225233890116215
RAD21	PFKP	0.002322336658835411
HDAC2	PFKFB3	0.002321770414710045
WDR5	NAMPT	0.002321638399735093
STAT2	PRKCQ	0.0023215434048324823
ELF1	CNIH1	0.0023211687803268433
IRF8	CDCA8	0.002320552244782448
SATB1	UMPS	0.0023205287288874388
SPI1	ARCN1	0.0023204255849123
NFAT5	MTOR	0.0023202472366392612
SATB1	HLF	0.002320211147889495
STAT2	ANXA2	0.00231930916197598
JUN	SMC2	0.002319198800250888
HCFC1	H1F0	0.0023191282525658607
GATA2	AURKB	0.002318852348253131
RPA2	ZFP422	0.0023187955375760794
RAD21	NDRG2	0.0023184786550700665
WDR5	RASSF4	0.0023182036820799112
IRF8	EFTUD2	0.0023181727156043053
MYC	ITIH5	0.0023181000724434853
NFAT5	STT3A	0.002317186677828431
JUN	GM5111	0.00231700437143445
MYC	PRSS57	0.0023168325424194336
CBX7	ARL8B	0.002316815312951803
NFAT5	ATRN	0.002316805999726057
GATA2	EFTUD2	0.002315855585038662
CBFB	ACOX3	0.0023157454561442137
SATB1	CCNB2	0.0023153708316385746
MYC	GATA2	0.0023151924833655357
GATA2	FLOT2	0.002314887708052993
WDR5	ZDHHC13	0.0023147412575781345
GFI1B	GYS1	0.0023145335726439953
HCFC1	CTR9	0.0023139675613492727
GATA2	ACOT9	0.00231386860832572
RAD21	NFATC2	0.00231384951621294
CBX7	FTX	0.002313508652150631
GFI1B	TIE1	0.0023133414797484875
JUN	JPT1	0.0023132439237087965
CBFB	MIR17HG	0.0023130036424845457
CBFB	GOLIM4	0.002312959637492895
NFAT5	ITPR1	0.00231256359256804
IKZF1	GMIP	0.002312490250915289
RPA2	NUBP2	0.0023123878054320812
HCFC1	DHRS3	0.0023120702244341373
RPA2	SHISA8	0.0023120550904423
MYC	ITPR1	0.0023119922261685133
FOXO1	CDCA7	0.0023119463585317135
SATB1	BATF2	0.002311892341822386
MYC	DOK2	0.0023118259850889444
HDAC2	RGCC	0.0023117815144360065
EBF1	HEXA	0.002311346121132374
SPI1	SLC29A1	0.002310543553903699
HCFC1	MCM4	0.0023103535640984774
SPI1	TOMM70A	0.002310115611180663
SPI1	MFNG	0.00230992678552866
RAD51	NASP	0.002309827832505107
SATB1	IARS	0.0023096671793609858
IRF8	CKAP2	0.0023093505296856165
WDR5	UHRF1	0.002309305826202035
ELF1	CNRIP1	0.002309007104486227
JUN	KCNQ1OT1	0.0023088506422936916
HCFC1	TMEM33	0.002308776369318366
CBFB	ACAA2	0.002308391034603119
STAT2	HK3	0.0023078210651874542
CBFB	LY86	0.002307589165866375
HCFC1	MINDY3	0.0023072718176990747
WDR5	GEM	0.002306695794686675
FOXO1	SLC16A1	0.002306668320670724
IKZF1	CCNE2	0.0023065307177603245
IKZF1	PLEKHO2	0.002306177979335189
NFAT5	NKG7	0.0023061567917466164
GATA2	CREB5	0.0023060832172632217
RPA2	TARS	0.002305924193933606
SATB1	ARL6IP6	0.0023053872864693403
MEIS1	PHB2	0.0023053449112921953
IRF8	PPM1F	0.0023053300101310015
MEIS1	DLST	0.002305178204551339
MYC	ST8SIA4	0.0023051465395838022
HCFC1	ATAD1	0.002305105794221163
RPA1	SYK	0.0023042233660817146
SATB1	ITM2A	0.002304157242178917
ELF1	RARS	0.0023037497885525227
CBFB	EBF1	0.002302912762388587
GFI1B	NFATC2	0.0023025788832455873
HDAC2	SEC24D	0.0023024410475045443
IKZF1	SERPINB6B	0.002302344888448715
WDR5	YBX3	0.002302000531926751
MYC	SF3B3	0.002301904372870922
CBX7	CYP4V3	0.002301444998010993
GFI1B	SGCE	0.0023009299766272306
IRF8	RPN1	0.0023008626885712147
RAD21	MGAT5	0.0023008016869425774
IKZF1	NOLC1	0.002300756750628352
GATA2	RNF4	0.0023005870170891285
RAD21	C1RL	0.0023005332332104445
CBFB	KLF6	0.002300244988873601
MYC	AFAP1L1	0.002299961866810918
MYC	PSEN1	0.002299426356330514
STAT2	ACSS1	0.0022989080753177404
IRF8	ST6GALNAC4	0.002298881998285651
GATA2	NAPSA	0.002298688516020775
HDAC2	VPS35	0.0022985911928117275
STAT2	CTSO	0.002298409817740321
CBFB	PCMTD2	0.0022981492802500725
HDAC2	TEX10	0.002297860337421298
GATA2	MSH6	0.0022978251799941063
SPI1	GFM1	0.002297797007486224
IKZF1	FAM171A1	0.0022976312320679426
HCFC1	ELANE	0.002297520637512207
JUN	UPP1	0.002297432394698262
ELF1	GALNT6	0.0022972722072154284
CBX7	KCTD20	0.0022971590515226126
WDR5	RGS19	0.002296958351507783
NFAT5	TEC	0.002296947641298175
HCFC1	MRPL37	0.0022968375124037266
RAD21	CD53	0.002296651480719447
HCFC1	LRRC59	0.002296424936503172
SPI1	CTLA2B	0.0022964151576161385
SPI1	POR	0.00229641143232584
SATB1	PTTG1IP	0.0022961574140936136
WDR5	PPP1CB	0.002296095946803689
HDAC2	MCM2	0.002295809332281351
IRF8	4833439L19RIK	0.0022957311011850834
HCFC1	FCGR3	0.0022956214379519224
FOXO1	UBL4A	0.00229560281150043
IKZF1	PLXDC2	0.0022955078165978193
GFI1B	NEAT1	0.0022952158469706774
GATA2	KPNA1	0.0022951613646000624
ELF1	G6PDX	0.002294800942763686
MEIS1	ST8SIA4	0.002294712932780385
IKZF1	CSTF2	0.002294377190992236
ELF1	SNRNP200	0.0022941960487514734
SPI1	CTR9	0.002294122474268079
STAT2	TRMT11	0.0022937252651900053
ELF1	MILR1	0.0022936745081096888
CBX7	YBX1	0.0022935892920941114
MEIS1	RFC4	0.002293346682563424
RAD51	HJURP	0.002293054712936282
RAD21	DNAJC9	0.0022928661201149225
FOXO1	CST7	0.0022928332909941673
MYC	EPSTI1	0.002292652614414692
RPA2	ST6GALNAC4	0.0022925985977053642
STAT2	SEC24D	0.0022925210651010275
ELF1	RASSF4	0.0022923655342310667
CBFB	POLA2	0.0022922116331756115
GFI1B	ABL2	0.002292034449055791
RPA2	SMC2	0.002291903831064701
STAT2	POLE	0.002291712909936905
GFI1B	TINAGL1	0.0022913762368261814
ELF1	TRAP1	0.0022911850828677416
ELF1	ARMT1	0.002290952019393444
SPI1	CCL4	0.0022907895036041737
HCFC1	MFSD14B	0.002290706615895033
IKZF1	FAM102B	0.002290574600920081
WDR5	DENND2D	0.0022905590012669563
MYC	BTK	0.0022903336212038994
CBX7	TUBA4A	0.0022900814656168222
ELF1	PIDD1	0.00228987168520689
SATB1	GOLIM4	0.002289070747792721
GATA2	PRPF4	0.0022887010127305984
HCFC1	TAF12	0.002288591116666794
EBF1	MAPK12	0.0022883908823132515
RAD21	TUBGCP3	0.0022881748154759407
RPA2	PSAT1	0.002287891460582614
GFI1B	SLFN2	0.002287805313244462
SPI1	ZFP467	0.00228747446089983
HDAC2	STIP1	0.002287286100909114
HCFC1	NDUFA10	0.0022868432570248842
STAT2	EIF3B	0.0022868430241942406
GATA2	CDCA5	0.002286836039274931
GFI1B	RFC5	0.002286757342517376
ELF1	FIGNL1	0.0022866344079375267
CBFB	RPN1	0.0022865503560751677
NFAT5	HERPUD1	0.002286493079736829
RPA1	YBX3	0.0022864637430757284
JUN	TRIM30B	0.002285996451973915
SPI1	FCGRT	0.002285700524225831
GATA2	MTOR	0.0022855026181787252
SATB1	FOXO1	0.002285310532897711
CBFB	ZFP451	0.0022851841058582067
IKZF1	EIF3B	0.002283932873979211
SPI1	CYC1	0.0022839242592453957
MEIS1	DOCK11	0.0022838865406811237
GATA2	KIF13A	0.0022838260047137737
RPA2	ARL6IP6	0.002283780137076974
STAT2	GP9	0.0022834595292806625
JUN	GM20342	0.0022830055095255375
HCFC1	ETF1	0.0022828616201877594
HDAC2	PHKB	0.0022828117944300175
STAT2	NOP2	0.002282364061102271
HCFC1	ACSS1	0.0022822050377726555
HDAC2	FTSJ3	0.0022820900194346905
SATB1	CEP55	0.0022817531134933233
SATB1	TK1	0.0022817456629127264
MYC	TOR3A	0.00228161015547812
IKZF1	CBX7	0.0022812620736658573
EBF1	HK3	0.0022810406517237425
FOXO1	BTK	0.0022807361092418432
JUN	TMEM33	0.002280626678839326
RPA2	CHCHD10	0.002280555432662368
CBFB	CIP2A	0.002280466491356492
JUN	GM4951	0.0022804266773164272
STAT2	MTCH2	0.0022802057210355997
ELF1	NARS	0.002279464388266206
MYC	UBL4A	0.0022790860384702682
CBFB	PPP1CB	0.002279063919559121
GATA2	PBK	0.0022787838242948055
CBX7	CENPK	0.0022786494810134172
HCFC1	RCOR1	0.0022786001209169626
IRF8	DNM1L	0.002278562169522047
IRF8	RNF38	0.002278493484482169
WDR5	FEM1A	0.0022782511077821255
ELF1	MAGED1	0.0022781342267990112
IRF8	EGR1	0.0022777768317610025
IRF8	AZIN1	0.002277517691254616
HDAC2	CTSO	0.002277455059811473
SATB1	GNG12	0.0022772138472646475
SATB1	ARL11	0.0022769903298467398
CBX7	NAPSA	0.0022766110487282276
CBFB	9530082P21RIK	0.0022763859014958143
IKZF1	EIF2B1	0.002275718841701746
MYC	FEM1B	0.0022756473626941442
IKZF1	PRKCD	0.002275408711284399
GFI1B	NDUFV1	0.002275321166962385
FOXO1	TESPA1	0.0022751467768102884
GATA2	CBX5	0.002274429425597191
SPI1	4833439L19RIK	0.002274272497743368
SATB1	NSD2	0.0022742704022675753
STAT2	CSF3R	0.00227424711920321
GFI1B	MGAT5	0.0022742142900824547
SPI1	TRIM30B	0.00227405340410769
JUN	RPRD1B	0.002273780759423971
IKZF1	TRIM35	0.002273428486660123
SATB1	TMX4	0.002273391466587782
GATA2	PRMT7	0.002273221965879202
WDR5	CTSZ	0.0022727390751242638
JUN	NAPRT	0.0022727062460035086
GFI1B	EEF1E1	0.0022725409362465143
NFAT5	NCLN	0.002272325800731778
IRF8	MGAT5	0.0022721104323863983
MYC	ZHX1	0.0022720869164913893
CBX7	PLEK	0.002272062934935093
ELF1	ZC3H7A	0.002271676668897271
ELF1	NFIA	0.0022714845836162567
FOXO1	PNO1	0.0022714545484632254
GFI1B	LRRC59	0.002270839177072048
RAD51	PIDD1	0.002270828001201153
RAD21	PADI4	0.0022704987786710262
MYC	CHCHD10	0.002270353026688099
MYC	MAPKAPK3	0.0022701590787619352
MYC	LSP1	0.0022701427806168795
GFI1B	DNM1L	0.002269953954964876
SATB1	GMIP	0.0022695029620081186
IRF8	KIF22	0.0022693381179124117
GATA2	PIDD1	0.0022690354380756617
SPI1	PPM1G	0.0022689085453748703
MEIS1	NUDT4	0.002268799813464284
IRF8	XAF1	0.002268762793391943
ELF1	SH3BGRL	0.0022687579039484262
HCFC1	FRRS1	0.0022686722222715616
WDR5	SUPV3L1	0.0022683024872094393
GFI1B	LACTB	0.002268108306452632
SATB1	FES	0.002267468022182584
WDR5	ZFP451	0.0022671842016279697
GFI1B	RELB	0.002267021918669343
GFI1B	GEMIN5	0.0022664375137537718
SATB1	ASF1B	0.0022662922274321318
RAD21	IARS	0.002265872899442911
CBFB	PHKB	0.0022651515901088715
RAD21	TPM4	0.002264962298795581
SPI1	MIR17HG	0.0022644372656941414
MEIS1	EAF1	0.00226441933773458
RPA2	CCDC50	0.002264138776808977
RAD21	SSH3	0.0022638714872300625
STAT2	HELLS	0.0022636032663285732
NFAT5	TCN2	0.0022635606583207846
STAT2	PFKFB3	0.00226349919103086
ELF1	TMEM184C	0.002263357164338231
CBX7	SRSF1	0.002263240050524473
STAT2	XRCC3	0.0022631711326539516
CBFB	G6PDX	0.002262467285618186
STAT2	DCAF13	0.00226236367598176
HCFC1	POLR2B	0.0022620982490479946
CBFB	TBC1D2B	0.0022616370115429163
NFAT5	RASA4	0.0022612307220697403
WDR5	FASTKD3	0.0022611829917877913
JUN	PRELID3B	0.0022611350286751986
NFAT5	PRODH	0.002261125948280096
RAD51	SLC16A1	0.0022609401494264603
ELF1	SLC18A2	0.002260879846289754
RPA2	ARCN1	0.0022608779836446047
STAT2	FLOT2	0.0022605438716709614
SATB1	PTCD3	0.0022602463141083717
MEIS1	CAD	0.0022600579541176558
SATB1	USP10	0.002259852597489953
CBX7	CDCA8	0.0022591797169297934
SPI1	PPAT	0.002259043511003256
RPA1	CDCA8	0.0022581256926059723
SPI1	SETD2	0.002257944317534566
RAD21	ARID5A	0.0022579373326152563
RAD21	METTL7A1	0.0022577871568500996
STAT2	ITIH5	0.0022575510665774345
GATA2	GK	0.0022574421018362045
HCFC1	LIG1	0.0022569710854440928
GFI1B	ENPP5	0.002256967592984438
NFAT5	ODC1	0.0022566523402929306
HCFC1	LCP2	0.0022563503589481115
SPI1	SEH1L	0.002256021834909916
GFI1B	OTUD6B	0.002255869098007679
SPI1	ZFP53	0.0022553890012204647
CBFB	RFC4	0.0022552048321813345
ELF1	TEK	0.0022548390552401543
RPA1	MIS18BP1	0.002254718914628029
WDR5	H2-AA	0.0022546632681041956
IKZF1	CTR9	0.002254619961604476
SPI1	SH3BGRL	0.0022545650135725737
WDR5	XPC	0.00225432263687253
NFAT5	SPI1	0.0022543177474290133
CBX7	PUS7	0.0022540753707289696
NFAT5	CCNF	0.002253960119560361
HDAC2	ZBTB20	0.0022536925971508026
STAT2	GTF2H1	0.002253674203529954
CBFB	PHF6	0.002253426006063819
MYC	F630028O10RIK	0.0022533591836690903
MYC	TMEM176A	0.0022525291424244642
HDAC2	RBPMS	0.002252094214782119
FOXO1	TRAP1	0.002251984551548958
MYC	RABGGTB	0.002251950791105628
SATB1	HACD3	0.0022515784949064255
IKZF1	CDK18	0.002251037396490574
SATB1	PSEN1	0.0022508392576128244
GFI1B	SF3B3	0.0022506017703562975
CBFB	AHCYL1	0.0022505230735987425
GFI1B	TMEM184C	0.0022504443768411875
RAD51	CHCHD10	0.0022504301741719246
ELF1	HEXA	0.0022501766216009855
NFAT5	SLC30A5	0.0022499479819089174
SATB1	MLKL	0.0022499135229736567
RAD21	PIK3R2	0.002249771263450384
STAT2	FASTKD3	0.002248962875455618
HCFC1	FLNA	0.00224895472638309
GFI1B	9530068E07RIK	0.002248912351205945
IRF8	ODC1	0.0022487628739327192
RAD21	SNAP23	0.002248350763693452
SATB1	SCARB1	0.0022475558798760176
STAT2	TMEM43	0.0022475533187389374
HCFC1	CDT1	0.002247491618618369
MYC	MTR	0.0022472371347248554
SATB1	MORC3	0.002246835036203265
ELF1	HASPIN	0.002246733056381345
RAD21	ABCG2	0.0022465817164629698
RAD21	PEAR1	0.0022463256027549505
NFAT5	VAV1	0.0022459211759269238
HDAC2	MYC	0.0022456946317106485
MYC	API5	0.0022456080187112093
CBFB	CCNF	0.0022456070873886347
ELF1	NCLN	0.0022454424761235714
GFI1B	TTF2	0.0022453998681157827
GATA2	MFSD10	0.0022452310658991337
CBFB	ATP10A	0.002245104406028986
CBX7	RPRD1B	0.0022450024262070656
MYC	FES	0.002244944218546152
IKZF1	SOCS2	0.002244889736175537
RAD21	S100A6	0.002244852716103196
IRF8	GOLT1B	0.002244793577119708
MYC	TBC1D10C	0.002244733041152358
RPA2	MNS1	0.0022447267547249794
JUN	SHMT1	0.0022447076626122
HCFC1	RGS18	0.002244485542178154
JUN	TNFRSF21	0.0022442289628088474
CBX7	IPO9	0.002244192874059081
GFI1B	LRRC8B	0.0022441677283495665
MYC	LDHB	0.0022440729662775993
IRF8	CENPO	0.0022435954306274652
SATB1	PPP1R15A	0.0022435691207647324
SPI1	HEXA	0.0022435197606682777
FOXO1	NASP	0.0022434804122895002
RPA2	IFRD2	0.0022434047423303127
CBFB	CDCA8	0.00224336888641119
ELF1	ZFP36	0.0022430282551795244
GFI1B	GT(ROSA)26SOR	0.0022427458316087723
IKZF1	RGS18	0.002242621034383774
NFAT5	HNRNPAB	0.002242340939119458
SATB1	YBX1	0.002242329763248563
GFI1B	PSAT1	0.0022420946042984724
SPI1	SF3B3	0.00224202498793602
SPI1	LY6A	0.0022417858708649874
WDR5	HDAC2	0.0022416641004383564
ELF1	SHCBP1	0.0022410573437809944
NFAT5	PFKP	0.0022405346389859915
WDR5	PLA2G15	0.0022403651382774115
STAT2	CDC6	0.002240200759842992
ELF1	RASA4	0.0022401229944080114
HDAC2	MYO1F	0.00224005407653749
GFI1B	NAV1	0.0022398594301193953
GATA2	REXO4	0.002239237306639552
ELF1	ACLY	0.002239026129245758
RPA2	CYC1	0.00223902496509254
SPI1	GOLIM4	0.002238744869828224
CBFB	GCNT2	0.002238683635368943
FOXO1	SFXN1	0.0022385602351278067
ELF1	CSTF2	0.002238265238702297
RAD21	GTF2F1	0.0022378084249794483
STAT2	RGS18	0.0022377208806574345
IKZF1	GK	0.0022373178508132696
IRF8	ACLY	0.0022371020168066025
SPI1	AP1S2	0.002237101551145315
HCFC1	ENG	0.0022368065547198057
HCFC1	CENPF	0.0022367292549461126
STAT2	NUBP2	0.002236591186374426
SATB1	GIMAP5	0.002235990948975086
RPA2	ZFP53	0.0022353779058903456
MYC	DUS1L	0.0022349923383444548
GATA2	CDCA8	0.0022349758073687553
WDR5	PLAC8	0.002234927611425519
CBFB	BCAP29	0.002234788378700614
WDR5	DDX20	0.0022346945479512215
RAD21	TEC	0.002234496409073472
ELF1	RELB	0.002233983250334859
ELF1	GEM	0.0022339471615850925
STAT2	CD69	0.0022338307462632656
RAD51	SDF2L1	0.0022334421519190073
GFI1B	PARP8	0.0022334344685077667
CBFB	AKNA	0.002233346225693822
GFI1B	ATP1B3	0.0022333338856697083
IRF8	JPT1	0.00223326007835567
CBX7	CD48	0.0022332093212753534
SATB1	STAT2	0.0022329911589622498
IRF8	JARID2	0.002232959261164069
GFI1B	SPIDR	0.002232849830761552
IKZF1	IFI30	0.0022327888291329145
IKZF1	PRELID3B	0.0022325203754007816
HDAC2	RGS19	0.0022323927842080593
MYC	GT(ROSA)26SOR	0.002231880556792021
IKZF1	ATF7	0.0022315385285764933
NFAT5	WDHD1	0.0022315282840281725
NFAT5	MTREX	0.0022313804365694523
CBX7	HDGF	0.002231336198747158
IKZF1	C1RL	0.0022307471372187138
WDR5	TXNDC11	0.002230364130809903
SATB1	UBE2L6	0.002230158308520913
SATB1	PLAG1	0.002230115933343768
RAD51	CENPO	0.0022301108110696077
JUN	HSPH1	0.0022300344426184893
STAT2	SLC18A2	0.002229944569990039
ELF1	MCM10	0.0022295662201941013
MYC	HLF	0.002229532226920128
RAD21	SLBP	0.002229337813332677
RPA1	YBX1	0.0022292137145996094
CBX7	NDRG1	0.002229016739875078
HDAC2	RFC4	0.002228847239166498
RPA2	MTMR4	0.0022287173196673393
HDAC2	DNAJC10	0.0022286949679255486
WDR5	SLC44A2	0.002228612545877695
HDAC2	RNF38	0.0022284274455159903
NFAT5	ADSL	0.0022281508427113295
HCFC1	USP10	0.00222802278585732
RPA2	NCAPD2	0.0022278903052210808
MYC	EBI3	0.0022275936789810658
HDAC2	MYO1G	0.0022272479254752398
IKZF1	DDX1	0.002226800424978137
RAD51	CTPS	0.002226665848866105
STAT2	CCNE2	0.0022265866864472628
FOXO1	ADGRG3	0.002226543379947543
MYC	FOXRED1	0.002226435812190175
CBX7	UHRF1	0.002226357813924551
MEIS1	UBAC1	0.002226186916232109
RAD51	JPT2	0.0022258497774600983
WDR5	ABHD17B	0.0022255743388086557
JUN	ARHGAP15	0.0022254486102610826
GATA2	YBX1	0.0022253196220844984
WDR5	SERPINB6A	0.002225302392616868
HDAC2	RPS6KA3	0.002225283533334732
HCFC1	TRIM59	0.002225276315584779
SPI1	PLEKHO2	0.0022251317277550697
RAD21	ZEB2	0.002224972238764167
IRF8	NDRG1	0.002224742202088237
IRF8	TIMM50	0.0022244369611144066
NFAT5	ARL6IP6	0.002224381547421217
IRF8	TRIM35	0.0022242602426558733
ELF1	ZEB2	0.0022241012193262577
SPI1	SOAT1	0.0022239875979721546
STAT2	GNS	0.0022239701356738806
CBFB	RPTOR	0.0022239137906581163
JUN	ADGRG3	0.002223911229521036
HCFC1	MCM3	0.0022235438227653503
GFI1B	ARHGEF39	0.002223371993750334
GATA2	USP37	0.0022233319468796253
CBFB	CLPTM1L	0.002223168034106493
HCFC1	SLC28A2	0.002222966169938445
SATB1	CERS6	0.0022228483576327562
CBFB	GATM	0.0022223005071282387
CBX7	MYC	0.0022218171507120132
SPI1	C030034L19RIK	0.0022217570804059505
SATB1	CYC1	0.002221332862973213
MEIS1	NCAPD2	0.002221145899966359
ELF1	BTK	0.0022208953741937876
STAT2	HACD3	0.0022208131849765778
IKZF1	SLC2A3	0.002220362424850464
GATA2	TNPO1	0.002220341470092535
SPI1	NOL9	0.0022203270345926285
STAT2	CPA3	0.0022199528757482767
GATA2	MTMR4	0.002219949383288622
WDR5	NUP107	0.002219796646386385
RPA1	FBXO5	0.002219618298113346
SATB1	GNL3	0.002218777546659112
RAD21	FCGR2B	0.002218610141426325
GATA2	PLPPR3	0.0022183298133313656
NFAT5	KCTD12	0.002218269743025303
ELF1	MTR	0.002217989880591631
MEIS1	MTMR6	0.0022175966296344995
WDR5	ELOVL5	0.0022175689227879047
RAD21	SELL	0.0022175591439008713
MYC	KCTD20	0.0022174702025949955
CBFB	PDE4B	0.0022170301526784897
HCFC1	IGHM	0.002216848311945796
CBFB	SLC44A2	0.0022168178111314774
IRF8	NDUFV1	0.0022167442366480827
GFI1B	IFI44	0.002216625725850463
SPI1	SELENBP1	0.002216620836406946
RAD21	RIN3	0.002216584514826536
IKZF1	ZFP422	0.0022163745015859604
JUN	MC5R	0.0022163107059895992
IRF8	PBK	0.002215951681137085
WDR5	NPDC1	0.0022159225773066282
CBFB	DHX33	0.0022154641337692738
MYC	RGS18	0.0022152848541736603
IKZF1	GNS	0.002215201733633876
CBX7	PHF5A	0.0022149081341922283
STAT2	TOR3A	0.002214826876297593
RAD51	OTUD4	0.002214679727330804
IRF8	SIRPA	0.002214602427557111
MYC	EGR1	0.0022143179085105658
RAD21	CSGALNACT2	0.0022142776288092136
RAD21	ITIH5	0.002214247826486826
GFI1B	RAD51	0.002214146079495549
CBX7	TFG	0.0022140294313430786
MEIS1	TXNDC11	0.002213691594079137
SPI1	CSAD	0.00221351464278996
GFI1B	CD300A	0.002213285304605961
JUN	SPO11	0.0022131025325506926
SATB1	EEF1E1	0.0022128461860120296
CBX7	ALAS1	0.0022124466486275196
MEIS1	TSPAN2	0.0022120573557913303
RPA2	CDK1	0.002211956540122628
WDR5	COL4A1	0.002211933024227619
WDR5	GFM1	0.002211626386269927
MEIS1	CD52	0.002211515326052904
NFAT5	ABCE1	0.0022114794701337814
NFAT5	LMO4	0.0022114687599241734
FOXO1	ZFP422	0.0022111597936600447
STAT2	HSPH1	0.0022109795827418566
HCFC1	SPNS3	0.0022109264973551035
IRF8	EIF2B1	0.0022108221892267466
IRF8	AI506816	0.002210620790719986
IRF8	PATL1	0.0022105120588093996
STAT2	MPO	0.0022104578092694283
RAD21	TCF19	0.0022102887742221355
CBX7	SLC43A3	0.002209834288805723
NFAT5	CD53	0.0022094615269452333
WDR5	HELLS	0.0022092207800596952
HDAC2	RAB38	0.0022085183300077915
HCFC1	POLE	0.002207926008850336
MEIS1	CERS6	0.002207843353971839
NFAT5	NEIL3	0.0022078175097703934
GFI1B	E2F4	0.0022076114546507597
SPI1	PPP1CB	0.0022075804881751537
GATA2	S100A6	0.002207419602200389
HDAC2	BTK	0.0022071402054280043
SPI1	EIF2B1	0.002206928562372923
CBFB	EAF1	0.0022068661637604237
NFAT5	NCAPG2	0.0022065003868192434
GATA2	REL	0.0022059897892177105
RAD21	RFC4	0.0022058046888560057
CBX7	DNM1L	0.0022056906018406153
IRF8	PFKP	0.0022055446170270443
STAT2	MORC3	0.0022054968867450953
MYC	CUL3	0.0022054617293179035
HDAC2	KAT7	0.0022052149288356304
ELF1	KPNA3	0.002205168129876256
WDR5	CSAD	0.002204762538895011
STAT2	NOL9	0.002204518299549818
FOXO1	MRPL20	0.0022041755728423595
IRF8	MCM4	0.0022040503099560738
HDAC2	EMILIN1	0.0022030817344784737
RAD51	ABL2	0.002203009556978941
CBX7	PCLAF	0.0022029043175280094
WDR5	HASPIN	0.002202809788286686
ELF1	NCAPH	0.0022025296930223703
MYC	PPP1R9A	0.0022024502977728844
GFI1B	ABCG3	0.00220210081897676
ELF1	ACOT9	0.002201854018494487
SATB1	NOLC1	0.002201599534600973
GATA2	SMC2	0.0022014097776263952
IRF8	POLA2	0.002201389754191041
SATB1	CLEC4E	0.0022011420223861933
NFAT5	MRPL20	0.002200960647314787
MYC	LACTB	0.0022009036038070917
SATB1	NARS	0.0022008547093719244
HDAC2	NAMPT	0.002200530143454671
RAD21	HYOU1	0.0022001967299729586
STAT2	CKS2	0.002199754351750016
ELF1	CUL3	0.0021993524860590696
MYC	CSF2RB	0.002198955975472927
CBX7	H2-DMA	0.00219894596375525
RPA1	TCIRG1	0.002198565984144807
CBX7	DOCK11	0.0021985399071127176
RAD21	MYL10	0.0021980979945510626
RAD21	TBC1D9B	0.0021979620214551687
IKZF1	FAM136A	0.002197880297899246
GATA2	BTG2	0.002197778085246682
NFAT5	NECAP2	0.00219771103002131
RAD21	FTX	0.0021975876297801733
NFAT5	EMID1	0.0021974798291921616
STAT2	LRRC8B	0.00219679600559175
IKZF1	RASSF4	0.002196736168116331
FOXO1	SH2D5	0.0021966672502458096
CBX7	STRAP	0.0021966516505926847
RPA1	SCARB1	0.002195941284298897
SPI1	MCPT8	0.0021957599092274904
FOXO1	EMID1	0.0021956786513328552
SATB1	MTMR4	0.002195472829043865
SPI1	RPS6KA5	0.0021953389514237642
HCFC1	PSAT1	0.002195128006860614
NFAT5	SNRPB	0.0021949331276118755
MEIS1	E2F8	0.0021948746871203184
HCFC1	CD34	0.0021942448802292347
RAD51	PSAT1	0.002194106113165617
SPI1	PSTPIP1	0.002193693071603775
STAT2	FGFR1OP	0.0021936825942248106
HDAC2	VAV3	0.002193319145590067
SATB1	PRTN3	0.002193261869251728
SATB1	REXO4	0.0021932278759777546
IRF8	PSMD1	0.002193180611357093
MEIS1	EFTUD2	0.002193105174228549
WDR5	TIPIN	0.0021931028459221125
IRF8	CAPG	0.002193068154156208
CBFB	LRRC8B	0.0021926274057477713
ELF1	ATP11C	0.002192521234974265
NFAT5	BUB1	0.002192260231822729
HDAC2	TXNDC11	0.002191888866946101
GATA2	SERPINB6B	0.002191828563809395
HDAC2	FAM76B	0.0021916739642620087
HCFC1	SLC31A1	0.0021916162222623825
GFI1B	CDK6	0.0021915959659963846
CBX7	NASP	0.0021913950331509113
MYC	FAM111A	0.0021907459013164043
CBFB	CENPE	0.002190380124375224
SATB1	GM11346	0.0021901221480220556
SATB1	DDX39	0.0021899824496358633
RAD21	MUC13	0.0021897333208471537
RPA2	GCLC	0.0021896627731621265
RPA1	POLA2	0.0021895470563322306
GFI1B	RGS19	0.0021894683595746756
JUN	RB1	0.002189359627664089
CBX7	DDX21	0.0021893081720918417
NFAT5	CHRNB1	0.0021892599761486053
SATB1	SYK	0.002189205028116703
WDR5	CLEC4E	0.0021889556664973497
CBFB	FEM1A	0.002188700484111905
RPA2	SLC35B4	0.002188456943258643
RPA1	GOLT1B	0.00218831654638052
MYC	ZFP53	0.002188316313549876
ELF1	TGFBR1	0.0021877670660614967
STAT2	ZEB2	0.002187745412811637
MEIS1	REXO2	0.0021876562386751175
RAD21	MCPT8	0.0021876157261431217
FOXO1	PECAM1	0.002187182195484638
MEIS1	CIPC	0.0021871228236705065
RAD21	DDX1	0.0021869363263249397
WDR5	ABCE1	0.0021868892945349216
ELF1	CPA3	0.002186867641285062
GFI1B	RPS6KA3	0.00218655401840806
NFAT5	SLC20A1	0.0021863810252398252
IRF8	RAB31	0.0021856711246073246
HDAC2	TMEM50B	0.0021856592502444983
RAD21	MICU1	0.0021856206003576517
WDR5	HK3	0.002185481134802103
STAT2	CD244A	0.002185280667617917
JUN	CAMK2D	0.002185168443247676
RPA1	9530068E07RIK	0.0021851181518286467
GATA2	BC005561	0.002184835262596607
WDR5	EYA2	0.002184736542403698
JUN	HNRNPAB	0.002184145152568817
GATA2	CDK1	0.002183822449296713
HDAC2	CD53	0.0021837474778294563
NFAT5	KCTD20	0.0021834387443959713
CBFB	RGS1	0.002183305099606514
WDR5	GNL3	0.002183302538469434
MEIS1	CDK6	0.002183301141485572
RPA2	ELF1	0.00218325387686491
JUN	CSE1L	0.0021824210416525602
RAD21	TNFRSF13C	0.002182324416935444
ELF1	PBK	0.0021823120769113302
RPA1	TUBA4A	0.002182165626436472
RPA2	NDE1	0.002182098338380456
IKZF1	MOB3C	0.002181961666792631
RAD21	GLIPR2	0.0021819532848894596
CBFB	ATP8B4	0.002181704854592681
HDAC2	ME2	0.0021814245264977217
CBFB	DDX20	0.002181303221732378
MYC	PTCD3	0.0021810864564031363
SATB1	CTPS	0.002180983778089285
SATB1	GP9	0.002180629875510931
HCFC1	AURKB	0.0021805374417454004
SPI1	NUP88	0.002180223586037755
HCFC1	MIS18BP1	0.0021801793482154608
WDR5	CKAP5	0.00217999704182148
FOXO1	RAB44	0.002179996110498905
SPI1	KRT18	0.0021797188092023134
GFI1B	PNO1	0.0021796890068799257
SPI1	ARID5A	0.002179613569751382
IKZF1	HLF	0.002179490402340889
NFAT5	HYOU1	0.0021793008781969547
NFAT5	NAA50	0.002179205184802413
HDAC2	FDFT1	0.0021784850396215916
SPI1	BTAF1	0.0021782289259135723
GFI1B	PLA2G15	0.0021778270602226257
RPA2	ARHGAP15	0.002177504124119878
NFAT5	PARVG	0.002177309012040496
IRF8	RELB	0.0021769548766314983
FOXO1	BC035044	0.0021767897997051477
IRF8	HSPH1	0.002176328096538782
RAD21	PPP1R15A	0.002176242182031274
RAD21	NPTN	0.002176088746637106
RAD51	POLR2B	0.0021760237868875265
HDAC2	ACAA2	0.0021759369410574436
STAT2	STIP1	0.0021758591756224632
CBFB	FAM111A	0.00217576720751822
SATB1	EYA2	0.002175519010052085
SATB1	RAB44	0.0021753471810370684
RAD21	RPP40	0.002175169764086604
NFAT5	TFR2	0.002175005851313472
HDAC2	MGAT1	0.002174787689000368
STAT2	CD63-PS	0.0021746361162513494
STAT2	CREBRF	0.0021744982805103064
GATA2	BCL2	0.0021742687094956636
GFI1B	MC5R	0.002174183027818799
HDAC2	COPB1	0.002174143446609378
IKZF1	GCLC	0.0021738456562161446
IRF8	COPB1	0.002173801651224494
SATB1	SALL2	0.002173697343096137
CBFB	ZFP35	0.0021735471673309803
SPI1	RETREG1	0.0021735348273068666
RAD21	RAB37	0.0021735113114118576
GATA2	OSTM1	0.002173492219299078
MEIS1	NDUFV1	0.0021733769681304693
RAD21	OAS3	0.0021728104911744595
IKZF1	ABCB10	0.002172709908336401
ELF1	PPID	0.002172654028981924
HCFC1	TOR3A	0.002172598149627447
SATB1	MAP4K2	0.0021724142134189606
HDAC2	EPRS	0.00217232177965343
SATB1	MTHFD1	0.002171899424865842
GATA2	FOXRED1	0.0021718309726566076
CBFB	LZTS1	0.002171518746763468
WDR5	HAT1	0.002171388827264309
CBX7	MPO	0.002171166241168976
HDAC2	MCM5	0.0021707110572606325
JUN	CD44	0.002170606516301632
ELF1	HK3	0.002170465188100934
SATB1	TM7SF3	0.0021702845115214586
GATA2	TRPS1	0.00217003864236176
RAD21	CD52	0.002169942483305931
JUN	RABGGTB	0.0021695762407034636
RPA1	CFP	0.0021690940484404564
SATB1	PUS7	0.002168179489672184
GFI1B	SVIP	0.0021679475903511047
SPI1	NOP2	0.0021679310593754053
CBX7	TM6SF1	0.002167557366192341
ELF1	CTSG	0.0021673347800970078
SATB1	TMEM154	0.002167305676266551
JUN	NAA50	0.002167265862226486
SPI1	TES	0.002167203463613987
HCFC1	ADA	0.0021670109126716852
HCFC1	ALDH18A1	0.002166913589462638
HCFC1	PRSS57	0.0021666281390935183
CBFB	INTS13	0.002166452119126916
WDR5	NDC80	0.0021664483938366175
JUN	9530068E07RIK	0.0021662311628460884
RAD21	TMEM43	0.002166172955185175
SPI1	CSGALNACT2	0.0021661538630723953
RAD21	ABCB8	0.002166137797757983
HDAC2	ADK	0.00216613314114511
SPI1	TM7SF3	0.002166002755984664
IRF8	ARL11	0.0021658085752278566
SATB1	CD274	0.002165626734495163
HCFC1	FAM102B	0.0021651943679898977
RPA2	MYC	0.0021651284769177437
STAT2	TM6SF1	0.002164988312870264
GFI1B	CKAP2L	0.0021646954119205475
HCFC1	PCMTD1	0.002164444886147976
RAD21	CPA3	0.002164054661989212
ELF1	NCAPG	0.0021639643236994743
IRF8	ERLIN1	0.0021637738682329655
SPI1	PSMD6	0.002163297962397337
RPA1	PRC1	0.00216308212839067
RAD21	PLEKHO2	0.002162786666303873
MYC	RPS6KA3	0.0021626369562000036
HCFC1	TBC1D2B	0.002162626478821039
MYC	CYC1	0.002162561286240816
FOXO1	IDH3A	0.0021619354374706745
CBFB	ANKRD44	0.0021617766469717026
JUN	ALAS1	0.0021615310106426477
RPA2	ATP1B3	0.0021614404395222664
STAT2	RAB37	0.002161302836611867
HDAC2	NOLC1	0.0021612863056361675
HCFC1	TUBGCP2	0.0021612264681607485
WDR5	GATM	0.0021608551032841206
SATB1	SGO1	0.0021604872308671474
IKZF1	SFXN1	0.0021603938657790422
IRF8	INTS13	0.002160344971343875
RAD21	BTG2	0.0021603030618280172
HCFC1	ARHGEF39	0.0021599414758384228
NFAT5	MEMO1	0.002159935189411044
GFI1B	DDX20	0.002159921685233712
SPI1	COL4A1	0.002159824362024665
RPA1	SF3B3	0.002159710740670562
IKZF1	PLAG1	0.002159460447728634
JUN	ST6GALNAC4	0.0021594464778900146
IKZF1	TECPR1	0.0021594399586319923
RPA1	SRSF1	0.00215906067751348
NFAT5	MLKL	0.0021589898969978094
MEIS1	ARID5A	0.0021589279640465975
IKZF1	MDN1	0.0021588942036032677
SATB1	ROBO4	0.0021588816307485104
SATB1	SMC2	0.002158783609047532
CBFB	INPP5B	0.002158591290935874
CBFB	SERP1	0.0021584273781627417
SATB1	USP37	0.002158248797059059
RAD21	BCAP29	0.0021582222543656826
HCFC1	H2-OB	0.002157376380637288
STAT2	TCF19	0.0021572799887508154
RAD21	RPRD1B	0.0021569181699305773
RAD21	XAF1	0.0021559621673077345
WDR5	AW112010	0.0021555214188992977
MYC	REXO2	0.002155445283278823
JUN	TIMP2	0.0021554389968514442
STAT2	UMPS	0.0021553533151745796
SPI1	SELENOP	0.0021553179249167442
STAT2	LAP3	0.002155218506231904
SATB1	MTCH2	0.0021551637910306454
SATB1	CENPO	0.0021548469085246325
SPI1	RCSD1	0.0021546611096709967
RAD21	HAT1	0.00215453770942986
MEIS1	RIN3	0.002154002897441387
NFAT5	DDX21	0.0021537505090236664
STAT2	FES	0.0021536184940487146
WDR5	CD9	0.002153591951355338
HCFC1	SESN1	0.0021534899715334177
GFI1B	RNF4	0.002153032226487994
GFI1B	RABGGTB	0.0021526385098695755
HDAC2	CAPG	0.0021523742470890284
SATB1	STT3A	0.00215171929448843
ELF1	CASP4	0.0021515781991183758
SATB1	EMID1	0.002151570515707135
HCFC1	AFAP1L1	0.0021514473482966423
JUN	SPNS3	0.002151315798982978
CBFB	LONP2	0.0021511607337743044
WDR5	AURKA	0.0021505977492779493
WDR5	CDT1	0.002150448737666011
HDAC2	ATP1B3	0.0021502382587641478
SATB1	NUSAP1	0.0021500890143215656
WDR5	ADK	0.0021500573493540287
SATB1	H2-Q6	0.002149898326024413
IKZF1	NUBP2	0.002148433355614543
WDR5	SH3BGRL	0.0021482559386640787
ELF1	PRKCQ	0.0021482433658093214
SPI1	CKS2	0.0021481590811163187
GATA2	ATAD2	0.002148083411157131
SPI1	EIF1AD	0.002148078754544258
CBFB	SAMD9L	0.0021477786358445883
STAT2	TOMM70A	0.0021477537229657173
RAD21	MTMR6	0.0021475418470799923
ELF1	MOGS	0.0021474375389516354
MEIS1	ELOVL5	0.002147336956113577
HDAC2	NFKBIA	0.002147318096831441
JUN	NECAP2	0.002147260122001171
GFI1B	TSPAN14	0.0021471846848726273
STAT2	ISYNA1	0.0021471120417118073
RAD51	MEMO1	0.0021463094744831324
WDR5	IRGM2	0.002146232407540083
GFI1B	IGFBP4	0.0021461346186697483
MEIS1	CREB5	0.0021457562688738108
GFI1B	ZFP36	0.0021455122623592615
RPA2	PA2G4	0.0021453185472637415
JUN	NFAT5	0.002145271748304367
HCFC1	GCLC	0.0021451155189424753
FOXO1	TES	0.002144815865904093
MYC	INO80D	0.002144809579476714
HDAC2	MTMR1	0.0021446850150823593
GFI1B	RPTOR	0.0021446826867759228
STAT2	STT3A	0.0021445369347929955
ELF1	DNAJC11	0.002144112251698971
IKZF1	TGFBR1	0.0021435581147670746
NFAT5	PCMTD1	0.0021434826776385307
WDR5	PECAM1	0.0021428591571748257
CBFB	KIF13A	0.002142712939530611
RPA2	ARHGEF18	0.002142698271200061
IKZF1	BCL2	0.0021424151491373777
GFI1B	PSMD6	0.0021422335412353277
CBFB	LACTB	0.002142127836123109
SATB1	ELMO2	0.002141891047358513
HDAC2	CENPA	0.002141853328794241
MYC	5430427O19RIK	0.002141801407560706
CBX7	CENPO	0.0021416619420051575
HDAC2	SPC24	0.0021416395902633667
CBFB	CSRP3	0.0021415776573121548
IKZF1	SLC25A46	0.002141348086297512
WDR5	CSF2RB	0.0021410922054201365
GFI1B	CSAD	0.00214035133831203
SATB1	RP2	0.00214024493470788
IRF8	H2AFX	0.0021398768294602633
SATB1	VAV1	0.002139474730938673
MYC	MYCN	0.002139427000656724
MEIS1	SPCS3	0.0021391657646745443
MYC	REL	0.0021391091868281364
GFI1B	IFRD2	0.002139054238796234
HCFC1	ITSN1	0.0021388495806604624
IKZF1	SLPI	0.002138533629477024
GATA2	OTUD4	0.0021385110449045897
STAT2	HSPA4	0.0021382104605436325
JUN	MILR1	0.002138102427124977
CBFB	SLC26A2	0.002137815346941352
HDAC2	ABCB10	0.002137663308531046
IRF8	FRRS1	0.002136699855327606
RAD21	MILR1	0.0021360465325415134
JUN	IIGP1	0.002136023249477148
IRF8	DDX39	0.002135935705155134
ELF1	DLST	0.002135283313691616
HDAC2	NUP107	0.002135244430974126
HDAC2	GIMAP5	0.002134992042556405
HDAC2	CD63-PS	0.002134555485099554
WDR5	EIF3B	0.0021345033310353756
STAT2	GATM	0.00213426211848855
IKZF1	ACOX1	0.0021339505910873413
GATA2	DTL	0.0021338965743780136
MEIS1	FGL2	0.002133874222636223
IKZF1	DUSP1	0.002133754314854741
CBFB	RPS6KA3	0.0021335119381546974
ELF1	PNCK	0.0021334923803806305
MYC	TUBGCP2	0.0021329838782548904
WDR5	MTO1	0.002132914261892438
GFI1B	HDGFL3	0.002132788533344865
STAT2	HUS1	0.00213266396895051
RAD51	CDCA8	0.0021325042471289635
MYC	PRPS2	0.0021321221720427275
RAD21	THSD1	0.002132067456841469
CBFB	RASSF4	0.002131934743374586
JUN	EIF4ENIF1	0.002131713554263115
RPA2	NDUFV1	0.002131681190803647
STAT2	FAM91A1	0.0021315610501915216
SPI1	GALNS	0.0021314986515790224
WDR5	EML4	0.0021313310135155916
SPI1	FOXRED1	0.002131048822775483
HDAC2	ATG12	0.0021307875867933035
STAT2	OTUD4	0.002130711218342185
IKZF1	CCDC137	0.00213057198561728
HCFC1	ABCE1	0.002130531007423997
SPI1	IL6ST	0.002130405977368355
HCFC1	RASSF4	0.0021302648819983006
HDAC2	POLR2B	0.002129837404936552
JUN	PRPS2	0.0021296776831150055
STAT2	D1ERTD622E	0.0021295403130352497
IRF8	ERGIC1	0.002129025524482131
IKZF1	CD74	0.0021288786083459854
GFI1B	MAP4K2	0.0021285582333803177
RAD21	TIMP2	0.0021281468216329813
GATA2	IKZF1	0.002128089312463999
RAD21	GOLPH3	0.0021277794148772955
MYC	RETREG1	0.0021275810431689024
CBFB	SLCO4A1	0.002127310959622264
CBFB	TMEM246	0.002126923529431224
SPI1	CD69	0.002126895822584629
ELF1	CDC6	0.002126844599843025
NFAT5	SYTL1	0.0021264159586280584
HCFC1	ORC6	0.0021262720692902803
JUN	SFXN1	0.002126251580193639
CBX7	RAD51AP1	0.002125948667526245
NFAT5	UNC93B1	0.0021259014029055834
RPA1	PPP1R9A	0.002125649945810437
IKZF1	MTR	0.0021255144383758307
RPA2	AZIN1	0.002125445054844022
STAT2	BTK	0.002125432016327977
HCFC1	PLIN3	0.0021254299208521843
SPI1	USP37	0.0021248534321784973
RAD21	SLC19A1	0.00212454074062407
JUN	LAP3	0.0021244545932859182
IKZF1	COLGALT1	0.002124418970197439
RAD21	ZFAND5	0.002124183811247349
JUN	ETF1	0.002124172868207097
IRF8	LAP3	0.0021239998750388622
RAD21	COL4A1	0.002123982645571232
GFI1B	TRIM30D	0.002123757265508175
HCFC1	SNRNP200	0.0021236299071460962
SATB1	PLD3	0.002123519778251648
RPA2	ALDH18A1	0.0021233996376395226
NFAT5	PA2G4	0.0021231533028185368
WDR5	GPR160	0.002122886013239622
RPA2	PSMG2	0.0021223139483481646
NFAT5	NUP155	0.0021222985815256834
IKZF1	RANBP3	0.002122065518051386
CBFB	GM20342	0.0021219425834715366
MYC	SMPD4	0.002121657133102417
WDR5	CD300A	0.002121627563610673
ELF1	ZNRF2	0.0021214724984019995
IKZF1	INPP5B	0.0021209772676229477
HDAC2	GEMIN5	0.0021209497936069965
HCFC1	TIMP2	0.0021206836681813
SATB1	SIRPA	0.002120446413755417
HDAC2	RRM1	0.002120258519425988
RAD21	2610035D17RIK	0.0021202131174504757
IKZF1	TAF12	0.002120194723829627
IRF8	TMEM33	0.0021201791241765022
SPI1	DUT	0.0021200180053710938
STAT2	TIMM50	0.002119982149451971
ELF1	TRIM59	0.0021196941379457712
CBX7	ABHD17B	0.0021196850575506687
RAD21	ART4	0.0021195211447775364
HCFC1	IFI30	0.0021191388368606567
CBFB	RP2	0.002118664560839534
ELF1	INCENP	0.0021185288205742836
RPA2	WDR4	0.0021184899378567934
IKZF1	SLC26A2	0.002117284806445241
GFI1B	HEXA	0.002117278752848506
RAD21	ABL1	0.002117053372785449
ELF1	CYB5R1	0.0021170175168663263
RAD21	NPLOC4	0.0021167502272874117
NFAT5	TSPAN2	0.002116547431796789
ELF1	SIGLECG	0.0021165383514016867
MEIS1	CENPA	0.0021164272911846638
SPI1	IFITM1	0.0021162161137908697
SATB1	FSTL1	0.002115862909704447
CBX7	BC035044	0.00211580703034997
JUN	MTREX	0.0021155988797545433
MEIS1	DUS1L	0.0021155052818357944
MEIS1	9530068E07RIK	0.0021153592970222235
MEIS1	ARHGEF39	0.0021150819957256317
CBFB	EML4	0.0021148815285414457
IKZF1	OAS3	0.0021148433443158865
RAD21	KPNA1	0.002114549744874239
CBFB	CHRNB1	0.0021145339123904705
GFI1B	CBX5	0.00211423821747303
CBFB	LGALS1	0.002113922266289592
CBX7	FIGNL1	0.002113878959789872
STAT2	DNM1L	0.002113843336701393
GFI1B	GPD1L	0.0021136740688234568
SATB1	FARSB	0.0021135963033884764
NFAT5	CYBC1	0.0021135408896952868
MYC	PPAT	0.0021128773223608732
GFI1B	AKNA	0.0021128153894096613
RPA1	WDR4	0.0021127238869667053
HCFC1	VKORC1L1	0.002112408634275198
STAT2	STAG2	0.002112338086590171
HDAC2	ZFP422	0.0021115855779498816
GATA2	5430427O19RIK	0.0021111518144607544
RAD21	ISG20	0.0021110677625983953
SPI1	MCM3	0.002110795583575964
ELF1	COQ8A	0.002110482193529606
IRF8	PHF5A	0.002110464032739401
RAD21	PSMD9	0.00211017532274127
GATA2	RCSD1	0.0021092924289405346
RPA1	CIPC	0.0021088202483952045
RAD21	PARVG	0.0021086118649691343
RPA2	IPO9	0.002108416985720396
MYC	VPS16	0.0021084032487124205
MYC	TCP11L2	0.002107506850734353
RAD21	EFCC1	0.0021070619113743305
IRF8	9430015G10RIK	0.0021069033537060022
ELF1	CSGALNACT1	0.002106820233166218
WDR5	FUT7	0.002106782514601946
CBX7	RAD51	0.0021067429333925247
IKZF1	RPAP1	0.0021066933404654264
RAD21	GM20342	0.0021063750609755516
CBX7	EIF3B	0.002106360625475645
HCFC1	PHKB	0.0021058653946965933
IRF8	PANX1	0.0021054083481431007
HDAC2	IFRD2	0.002105254679918289
MEIS1	NEIL3	0.002105215098708868
STAT2	RPRD1B	0.0021050998475402594
IKZF1	CCL9	0.002105081919580698
STAT2	DDX21	0.0021049831993877888
IKZF1	PPID	0.002104911720380187
WDR5	RFC5	0.002104301005601883
STAT2	HLF	0.002104240469634533
NFAT5	PLPPR3	0.0021041505970060825
STAT2	TRMT6	0.002103792503476143
SATB1	COPB1	0.002103730570524931
JUN	MFSD10	0.0021036851685494184
JUN	CENPA	0.002103616250678897
IKZF1	TUBGCP3	0.002103545004501939
GATA2	MOGS	0.0021034805104136467
SPI1	PIK3R2	0.0021034800447523594
RPA2	CTPS	0.0021033273078501225
IRF8	NUBP2	0.0021031962241977453
CBFB	PSME4	0.0021030576899647713
GATA2	NSD2	0.0021029862109571695
SPI1	CD9	0.0021029277704656124
CBFB	GYS1	0.002102721482515335
SATB1	TBL3	0.002102529862895608
RAD21	MTREX	0.002102413447573781
FOXO1	MCPT8	0.0021022302098572254
RAD21	PSMD1	0.0021020486019551754
IKZF1	FARSB	0.002101923804730177
RAD21	RASSF4	0.0021018607076257467
RPA1	HNRNPAB	0.002100847428664565
MYC	TIMM50	0.002100584330037236
RAD21	PRODH	0.0021004066802561283
HDAC2	MTR	0.002100378507748246
HDAC2	ISG20	0.0021001226268708706
IRF8	CD34	0.002099940786138177
MYC	TRAP1	0.0020997291430830956
MEIS1	PPM1F	0.002099598292261362
HCFC1	DOCK11	0.0020995824597775936
MYC	GNG2	0.0020995589438825846
JUN	GTF2H1	0.0020995500963181257
CBX7	EIF4ENIF1	0.0020990364719182253
STAT2	TCIRG1	0.0020986644085496664
MYC	ARL6IP6	0.0020984658040106297
WDR5	SLC2A3	0.0020983724389225245
CBFB	ALDH9A1	0.002098362660035491
WDR5	MCPT8	0.00209799874573946
GFI1B	ADGRL4	0.0020979626569896936
SPI1	NEDD1	0.0020979102700948715
IKZF1	DDX20	0.002097750548273325
RAD21	NFAM1	0.0020976855885237455
SATB1	TTF2	0.002097669756039977
GFI1B	RANGAP1	0.0020972013007849455
JUN	HMGB2	0.002097163815051317
CBFB	DDX58	0.0020971354097127914
HDAC2	CKAP2	0.0020970948971807957
SATB1	MR1	0.0020970504265278578
GATA2	MAPK12	0.0020965628791600466
NFAT5	LIG1	0.00209617312066257
FOXO1	STRAP	0.0020959912799298763
HDAC2	RPN1	0.0020959549583494663
SPI1	LTB	0.002095860429108143
RPA1	CENPO	0.0020958385430276394
ELF1	GNS	0.0020953412167727947
HCFC1	PSME4	0.002095139352604747
IKZF1	CDC45	0.002094987081363797
WDR5	AI504432	0.0020947973243892193
HCFC1	TBXAS1	0.0020947891753166914
GATA2	SLBP	0.0020944583229720592
SATB1	SLPI	0.0020935016218572855
ELF1	CERS6	0.002093324903398752
RPA1	XRCC6	0.0020931593608111143
IKZF1	PSME3	0.0020930678583681583
STAT2	ITM2A	0.0020928564481437206
WDR5	RELB	0.002092430368065834
SATB1	WDR55	0.002092401497066021
SPI1	DNAJC9	0.0020920748356729746
RAD21	SPIDR	0.0020920739043504
RAD21	USP10	0.002092021983116865
HDAC2	LSP1	0.0020919472444802523
IRF8	TUBGCP2	0.002091936534270644
MYC	ABHD17B	0.0020918655209243298
STAT2	ADSSL1	0.002091454342007637
JUN	AP3S1	0.002091406611725688
CBFB	PSMD6	0.0020912352483719587
MEIS1	TMEM43	0.002091112546622753
MYC	GM5111	0.002091088332235813
HDAC2	9530068E07RIK	0.0020910438615828753
RPA1	ELAC2	0.0020909246522933245
STAT2	CD300A	0.0020904787816107273
CBFB	BTAF1	0.002090386813506484
RAD51	TTF2	0.0020902755204588175
IRF8	SERP1	0.0020901402458548546
CBFB	ADSSL1	0.002090132562443614
HDAC2	RETREG1	0.002089535817503929
GFI1B	STT3A	0.0020894508343189955
SPI1	MCM2	0.0020894387271255255
NFAT5	ST6GALNAC4	0.00208942499011755
HDAC2	NFE2	0.002089407527819276
STAT2	OTUD6B	0.002089375164359808
GATA2	ATRN	0.0020888342987746
JUN	PRIM1	0.0020884149707853794
RAD21	SH3BGRL	0.002088038017973304
MYC	PSME4	0.0020877798087894917
IRF8	GANAB	0.0020876878406852484
JUN	MNS1	0.002087659202516079
HDAC2	ZFP945	0.0020874810870736837
STAT2	PLA2G12A	0.002087049186229706
CBFB	PTPRE	0.002086829161271453
STAT2	ACOT9	0.0020858694333583117
MYC	MR1	0.002085664076730609
GATA2	MCM3	0.002085239626467228
NFAT5	CDK1	0.0020851907320320606
JUN	RP2	0.0020850629080086946
RAD51	SLC20A1	0.0020850244909524918
IRF8	PDIA4	0.002084419596940279
RAD51	HASPIN	0.002084156032651663
IRF8	STIP1	0.0020838710479438305
HDAC2	XAF1	0.0020836936309933662
RAD21	TSPOAP1	0.002083549974486232
JUN	PHB2	0.0020834566093981266
IKZF1	TSPAN14	0.0020832435693591833
RAD21	SFXN1	0.002083169063553214
CBX7	USP37	0.002083113417029381
RAD21	POR	0.002082895953208208
IKZF1	PHF10	0.002082805149257183
SPI1	TRIM30D	0.002082694321870804
JUN	NR3C2	0.002082681516185403
RAD21	ORC2	0.0020824009552598
HDAC2	MIS12	0.0020823064260184765
HDAC2	KCTD20	0.0020821860525757074
RPA1	NSD2	0.0020814642775803804
JUN	F13A1	0.0020813492592424154
CBX7	SYNJ1	0.002081129001453519
GFI1B	HELLS	0.0020808656699955463
RAD21	ATRN	0.0020806973334401846
ELF1	ABCB8	0.0020805601961910725
IRF8	USP37	0.002080559264868498
WDR5	LYN	0.00208050524815917
SPI1	PKIB	0.002080282662063837
SATB1	TBC1D2B	0.002080241683870554
SPI1	TTLL12	0.002080222126096487
GFI1B	RGCC	0.0020799506455659866
SPI1	SPNS2	0.0020797138568013906
GFI1B	EBF1	0.0020794474985450506
WDR5	ELF1	0.0020790088456124067
HDAC2	USP10	0.002079007448628545
ELF1	TGTP2	0.0020789355039596558
SATB1	TMEM176A	0.0020784924272447824
IKZF1	CISH	0.002078266814351082
NFAT5	CYP2J6	0.0020779462065547705
MYC	PGLYRP2	0.002077647252008319
FOXO1	LAP3	0.002077479148283601
NFAT5	PIDD1	0.0020769827533513308
HDAC2	FBXO5	0.0020765995141118765
ELF1	WDHD1	0.002076131524518132
RAD51	BUB1B	0.0020760875195264816
HDAC2	TSPAN3	0.0020760856568813324
SPI1	ZBTB20	0.0020750609692186117
SPI1	PIM2	0.0020750495605170727
HCFC1	USP11	0.0020748614333570004
SATB1	CSGALNACT1	0.00207438413053751
STAT2	TTLL12	0.0020742728374898434
JUN	GALNT6	0.002074236748740077
SATB1	TPX2	0.002073543146252632
CBX7	MIS18BP1	0.0020734781865030527
IKZF1	ARL11	0.0020731680560857058
SPI1	PRIM1	0.002073064213618636
SATB1	GARS	0.0020727438386529684
SPI1	PHF10	0.002072560600936413
GATA2	NUDT19	0.002072003437206149
HCFC1	XRCC6	0.0020716977305710316
NFAT5	WDR55	0.002071226481348276
RPA2	NOP2	0.002070971066132188
ELF1	NPLOC4	0.0020708260126411915
CBFB	TSC22D1	0.0020706087816506624
FOXO1	POLE3	0.0020704204216599464
IKZF1	SLC28A2	0.002070326590910554
GFI1B	MAMDC2	0.0020701386965811253
MYC	NFAT5	0.0020699319429695606
HCFC1	PTPRE	0.0020698520820587873
HDAC2	EEF1E1	0.0020691300742328167
HCFC1	PTGS1	0.0020689843222498894
MYC	TAB1	0.00206890725530684
RAD21	GM20559	0.0020687503274530172
HCFC1	ACSS2	0.002068599918857217
MYC	HK3	0.002068399451673031
RPA2	SLC25A38	0.0020680984016507864
MYC	ODC1	0.0020680653396993876
CBFB	LAP3	0.0020679060835391283
STAT2	DHFR	0.0020675186533480883
GFI1B	SAMD9L	0.002066684188321233
GFI1B	MRPL20	0.0020666837226599455
RPA1	BUB1	0.002066542161628604
SPI1	PLD3	0.002066470682621002
STAT2	TMX4	0.002066054381430149
CBFB	MYL10	0.002066003857180476
MEIS1	SERP1	0.002065880224108696
FOXO1	CASP1	0.0020658199209719896
SATB1	NFIA	0.0020655952394008636
RAD51	GOLT1B	0.002065584296360612
WDR5	CSE1L	0.0020654783584177494
HDAC2	SLC44A2	0.0020651165395975113
ELF1	KIF13A	0.0020650653168559074
STAT2	SERPINB1A	0.0020649535581469536
SPI1	EBI3	0.002064661355689168
RAD21	MTHFD1	0.0020643940661102533
ELF1	REL	0.0020637151319533587
WDR5	LCP2	0.0020636366680264473
RAD51	HDAC7	0.0020633689127862453
CBFB	ICAM1	0.002063003135845065
HCFC1	SERPINA3G	0.00206293654628098
SATB1	GOLT1B	0.0020629004575312138
SPI1	DHX33	0.0020626140758395195
JUN	RAB44	0.002062138170003891
SATB1	STT3B	0.0020614524837583303
RAD21	RAD51	0.0020613924134522676
GFI1B	ZFP451	0.002060825703665614
SPI1	RUVBL2	0.002060137689113617
NFAT5	IFRD2	0.0020600620191544294
MYC	CDC6	0.0020599826239049435
HCFC1	SLC35B4	0.0020595474634319544
GFI1B	TYMS	0.0020594282541424036
SPI1	PPM1F	0.0020592936780303717
GATA2	RPS6KA3	0.002058919984847307
HCFC1	DCAF13	0.0020587709732353687
MYC	GUSB	0.0020580743439495564
IRF8	TNPO1	0.002057957462966442
SPI1	BDH2	0.0020577912218868732
WDR5	FLOT2	0.0020577770192176104
FOXO1	ADSL	0.002057697856798768
GFI1B	COLGALT1	0.0020576470997184515
SPI1	GALNT6	0.002057625912129879
ELF1	PTPRS	0.002057599136605859
HCFC1	NASP	0.0020573826041072607
MEIS1	PIDD1	0.0020567611791193485
JUN	SRSF1	0.0020566859748214483
JUN	FARSA	0.00205657328478992
IRF8	NUP107	0.0020564256701618433
MYC	CTR9	0.002056255005300045
CBFB	LCP2	0.002056012162938714
GFI1B	DOK2	0.0020559176336973906
CBX7	UBR7	0.002055810298770666
SATB1	INPP5B	0.002055786084383726
MEIS1	NUSAP1	0.002055736258625984
ELF1	FBXO5	0.0020557160023599863
RAD21	FCER1G	0.002055560005828738
RPA1	UBA2	0.0020554123912006617
HDAC2	PLIN3	0.002055372577160597
RPA1	CD52	0.002055047545582056
SATB1	CCNA2	0.0020545353181660175
CBFB	ATP1B3	0.0020544850267469883
RPA1	SLC20A1	0.0020544277504086494
ELF1	GNG11	0.0020544100552797318
SPI1	HACD4	0.0020540442783385515
RPA2	PRR5	0.0020528226159512997
STAT2	AURKB	0.0020527616143226624
HDAC2	TCN2	0.002052595606073737
SPI1	FASTKD2	0.0020522628910839558
IRF8	B230219D22RIK	0.002051633782684803
IKZF1	CRISPLD1	0.0020515047945082188
GFI1B	TOPORS	0.002051152288913727
HDAC2	ABHD17B	0.0020510838367044926
WDR5	PTPN7	0.0020510670728981495
RAD51	ARHGEF18	0.0020510093308985233
HCFC1	ATP1B3	0.002050974639132619
JUN	AW112010	0.0020507131703197956
MEIS1	HELLS	0.002050122246146202
RPA2	PIDD1	0.002049666829407215
CBFB	ZFP53	0.002049339236691594
HCFC1	ABITRAM	0.0020493220072239637
SATB1	SHCBP1	0.0020493001211434603
GFI1B	MTMR6	0.0020492428448051214
CBX7	DUT	0.0020488817244768143
NFAT5	PSEN1	0.0020488183945417404
RPA2	SLC22A3	0.00204877438955009
SPI1	GBP7	0.0020486440043896437
MYC	CSGALNACT2	0.0020482176914811134
ELF1	MYO1F	0.00204819580540061
IKZF1	SHISA8	0.0020481771789491177
SATB1	NWD1	0.0020479161757975817
MYC	ERLIN1	0.0020475771743804216
ELF1	ACAA2	0.002047527814283967
STAT2	TESPA1	0.0020473748445510864
HCFC1	PHF6	0.002046996494755149
STAT2	PSMG2	0.002046700334176421
RAD21	C030034L19RIK	0.00204662699252367
GATA2	CD300A	0.002046573208644986
IRF8	SPPL2B	0.002046233741566539
WDR5	APLP2	0.0020462204702198505
IRF8	SORT1	0.0020459911320358515
JUN	SLFN2	0.0020458835642784834
RAD21	GCNT2	0.00204551313072443
WDR5	DOCK11	0.002045322908088565
JUN	ARCN1	0.002045278437435627
WDR5	TAF12	0.0020452369935810566
CBX7	LIG1	0.0020451140590012074
STAT2	GOLPH3	0.002043921034783125
RAD21	CERK	0.0020438474602997303
SPI1	TAF12	0.002043795073404908
IRF8	CALCRL	0.0020434546750038862
SPI1	PFKFB3	0.0020431866869330406
ELF1	CCNA2	0.0020431154407560825
STAT2	TOPORS	0.0020430325530469418
HCFC1	NAMPT	0.0020426383707672358
RAD21	NAA50	0.0020425848197191954
HCFC1	FLNB	0.002042545471340418
MEIS1	GEMIN5	0.0020424393005669117
GFI1B	SSH3	0.0020424360409379005
ELF1	IPO9	0.0020423729438334703
IKZF1	URB2	0.002042142441496253
RAD21	PCMTD1	0.0020419429056346416
SPI1	CERS6	0.002041814150288701
CBX7	PARVG	0.0020416879560798407
MYC	USP42	0.002041491447016597
IRF8	MFSD1	0.0020413666497915983
WDR5	THADA	0.002041290979832411
IRF8	TM6SF1	0.002041161060333252
MEIS1	ATP6AP2	0.00204091751947999
HDAC2	H2-OB	0.0020407859701663256
CBFB	4833439L19RIK	0.0020405850373208523
WDR5	TBC1D5	0.002040386665612459
RAD51	MYO1G	0.0020402006339281797
JUN	TM7SF3	0.0020401827059686184
FOXO1	TUBA4A	0.0020401664078235626
JUN	RANGAP1	0.0020394576713442802
IKZF1	FCGR3	0.0020394474267959595
RPA2	SRSF1	0.0020391736179590225
HDAC2	FEM1B	0.0020391461439430714
IKZF1	CLPTM1L	0.0020390464924275875
STAT2	TMEM246	0.002038713311776519
CBFB	PSMD1	0.0020386960823088884
WDR5	EIF4ENIF1	0.0020385661628097296
STAT2	SLC16A1	0.002038438804447651
ELF1	ADSL	0.002038115169852972
CBFB	MRPL37	0.0020380141213536263
SATB1	NDRG1	0.0020378970075398684
HCFC1	ZFP24	0.00203755428083241
HDAC2	SELENOP	0.002037492347881198
SATB1	SFXN1	0.002037263009697199
NFAT5	ORC6	0.00203706044703722
CBX7	ST6GALNAC4	0.0020369351841509342
CBX7	HELLS	0.002036877442151308
STAT2	TMEM97	0.002036862773820758
RPA2	CTC1	0.002036808058619499
WDR5	TUBA4A	0.002036389661952853
RAD21	OSGIN1	0.002035945886746049
SPI1	NUAK2	0.0020355824381113052
CBFB	GM5111	0.0020355666056275368
HCFC1	AI504432	0.0020355319138616323
MEIS1	FAM102B	0.002035254379734397
WDR5	GIMAP5	0.0020352357532829046
IKZF1	ZHX1	0.00203510420396924
ELF1	IARS2	0.002034394768998027
HCFC1	GUCY1A1	0.002034309320151806
HDAC2	UHRF1	0.0020340450573712587
WDR5	9530068E07RIK	0.0020340331830084324
IKZF1	NUDT19	0.0020336585585027933
GFI1B	FAM136A	0.002033447613939643
RAD21	TMEM229B	0.002033444819971919
HDAC2	TMEM97	0.0020332166459411383
MYC	GOLIM4	0.0020330443512648344
GFI1B	TBC1D9B	0.0020326024387031794
CBX7	PPAT	0.002032272517681122
STAT2	TFR2	0.0020321423653513193
NFAT5	XRCC6	0.002032078569754958
MEIS1	CENPE	0.002031841082498431
CBFB	5430427O19RIK	0.0020317852031439543
HDAC2	CCNE2	0.002031743759289384
RPA1	STAG2	0.0020316648297011852
IKZF1	GYS1	0.0020314319990575314
STAT2	KCTD12	0.002031136304140091
SPI1	GPR160	0.002030697651207447
SATB1	COL4A1	0.0020306126680225134
STAT2	STT3B	0.0020305297803133726
MYC	MOGS	0.0020303097553551197
ELF1	PCMTD1	0.002030138159170747
JUN	SPI1	0.0020300745964050293
NFAT5	LACTB	0.0020293421112000942
MYC	WDHD1	0.002029030816629529
WDR5	CERS6	0.0020289355888962746
NFAT5	CDCA3	0.002028496004641056
MYC	RNF4	0.0020279674790799618
ELF1	MSH6	0.0020277099683880806
GATA2	PRTN3	0.0020271402318030596
HCFC1	RPS6KA3	0.0020269248634576797
SATB1	SLC16A1	0.00202684523537755
RPA2	FLT3	0.002026704140007496
MYC	ZFP35	0.0020259669981896877
STAT2	KAT7	0.002025795867666602
MEIS1	PPID	0.002025250345468521
GFI1B	USP10	0.002025230322033167
HCFC1	CKAP2	0.0020250368397682905
GATA2	CHORDC1	0.0020248594228178263
WDR5	GM19590	0.0020247255451977253
GFI1B	PLD3	0.0020240135490894318
HDAC2	MLKL	0.002023890847340226
SPI1	SLC25A38	0.0020235865376889706
HDAC2	ADO	0.002023125998675823
SPI1	SIGLECG	0.0020231236703693867
GATA2	ITPR1	0.0020230673253536224
ELF1	EIF1AD	0.0020225539337843657
RAD51	PAK1	0.0020225136540830135
SPI1	CD244A	0.0020224787294864655
NFAT5	SLC31A1	0.0020224368199706078
MYC	MOB3C	0.002022411674261093
GFI1B	STX3	0.0020224011968821287
RAD21	PRELID3B	0.0020223725587129593
CBX7	CSF3R	0.0020221476443111897
GFI1B	ITIH5	0.0020221443846821785
CBFB	GANAB	0.002022009575739503
HDAC2	STXBP4	0.0020216424018144608
JUN	IGTP	0.0020208011846989393
SATB1	RAD51	0.00201991549693048
IKZF1	ZDHHC13	0.0020198023412376642
HDAC2	PA2G4	0.0020197215490043163
MEIS1	BACE1	0.002019440522417426
ELF1	SFXN1	0.0020191699732095003
IRF8	OTUD6B	0.002018566243350506
WDR5	TGFBR1	0.0020175904501229525
HCFC1	EBF1	0.002017308957874775
JUN	NDC80	0.002016896614804864
CBX7	RGS18	0.0020164758898317814
GFI1B	GMCL1	0.0020161631982773542
GFI1B	MIEF1	0.0020160481799393892
RAD21	KCNQ1OT1	0.002015782054513693
IKZF1	SLC25A38	0.002015734789893031
STAT2	MTREX	0.002015507547184825
NFAT5	NAMPT	0.0020152812357991934
FOXO1	MAPK12	0.0020144290756434202
RPA1	HARS	0.002014394151046872
ELF1	STT3A	0.00201401486992836
WDR5	TM6SF1	0.002013854682445526
CBFB	CD63	0.002012405311688781
SPI1	ADK	0.0020123072899878025
CBFB	TTF2	0.0020122979767620564
RAD21	FARSA	0.002011984121054411
RAD21	TBXAS1	0.0020119461696594954
RPA1	USP37	0.0020118539687246084
GFI1B	POLD1	0.002011701697483659
GATA2	LAX1	0.0020116742234677076
SATB1	GUCY1A1	0.0020112195052206516
STAT2	POLA2	0.0020110129844397306
HCFC1	ICAM1	0.002010907744988799
HDAC2	TMEM246	0.002010815078392625
GATA2	TACC3	0.0020105040166527033
ELF1	TOP2A	0.0020104781724512577
SATB1	4833439L19RIK	0.0020104097202420235
MYC	TUBGCP3	0.002010408090427518
SPI1	ARHGAP15	0.002010330557823181
NFAT5	TM6SF1	0.002010272117331624
GFI1B	MFNG	0.0020102059934288263
RAD21	NEURL3	0.0020100227557122707
STAT2	TBC1D9B	0.002009825548157096
SPI1	DDX60	0.0020096960943192244
SPI1	CLEC4E	0.0020091442856937647
SPI1	MEMO1	0.002009088173508644
IKZF1	INTS8	0.0020087158773094416
MEIS1	TCIRG1	0.00200847489759326
IKZF1	MXD3	0.0020083272829651833
SPI1	BACE1	0.0020083014387637377
HDAC2	MTHFD1	0.0020081449765712023
SATB1	NDC80	0.0020081154070794582
NFAT5	MCM2	0.00200800527818501
STAT2	ANGPT1	0.0020074930507689714
SATB1	F630028O10RIK	0.002007382456213236
CBX7	CBX5	0.0020072124898433685
GATA2	CKAP2	0.002007168484851718
CBFB	CALCRL	0.002006900729611516
CBFB	ZDHHC13	0.00200684554874897
IKZF1	RGCC	0.0020065316930413246
SPI1	UMPS	0.0020064013078808784
RAD51	IKZF1	0.0020058946684002876
SATB1	CENPK	0.002005700720474124
NFAT5	GLRX5	0.00200556474737823
SPI1	SLC25A46	0.002005287678912282
ELF1	SCARB1	0.0020051952451467514
WDR5	VAV3	0.002004532376304269
SPI1	FARSA	0.0020042425021529198
IRF8	ITIH5	0.002004033187404275
HDAC2	RPP40	0.002003846922889352
IKZF1	FLOT2	0.0020037249196320772
GFI1B	CCL4	0.0020031891763210297
HDAC2	CTPS	0.0020029968582093716
CBFB	MTMR6	0.0020029263105243444
JUN	ELAC2	0.002002582885324955
NFAT5	TACC3	0.002002574736252427
ELF1	PPAT	0.0020025281701236963
GFI1B	PRMT5	0.002002240624278784
SPI1	LCP2	0.0020020813681185246
IRF8	MIR17HG	0.002002029214054346
RPA2	NRROS	0.0020017405040562153
NFAT5	RGCC	0.00200165924616158
GATA2	SLA	0.0020014869514852762
RAD51	RTEL1	0.0020014692563563585
GATA2	MFSD14B	0.0020012413151562214
RAD21	RGS19	0.0020012015011161566
WDR5	TFRC	0.00200107810087502
WDR5	RAD21	0.0020009526051580906
NFAT5	USP10	0.0020008122082799673
RPA2	TECPR1	0.002000453881919384
RAD21	ATG12	0.0020003109239041805
SPI1	REL	0.0020002026576548815
RAD21	TBC1D2B	0.0020001493394374847
CBFB	PLXDC2	0.002000058302655816
IRF8	EMILIN1	0.001999204745516181
JUN	EDEM1	0.0019989667925983667
STAT2	ARCN1	0.0019988762214779854
CBX7	NSUN2	0.0019984792452305555
SPI1	GT(ROSA)26SOR	0.001998339779675007
JUN	KIF13A	0.0019981556106358767
SPI1	TESPA1	0.0019980850629508495
CBX7	NDUFA10	0.001997636631131172
HCFC1	MCM5	0.001997455721721053
RPA2	SHMT1	0.0019972966983914375
ELF1	WDR43	0.001997030107304454
GFI1B	RPN1	0.0019965930841863155
HDAC2	SMARCA2	0.0019964815583080053
JUN	YBX3	0.0019964794628322124
IRF8	CNIH1	0.001996273174881935
NFAT5	TOP2A	0.001996103208512068
MYC	ISG20	0.0019957302138209343
WDR5	TARS	0.001994944643229246
MYC	PSMD6	0.001994848484173417
IKZF1	GALNT6	0.0019945574458688498
STAT2	ESAM	0.0019942407961934805
STAT2	RGCC	0.001994228223338723
NFAT5	FAM136A	0.0019937604665756226
RAD21	TTF2	0.0019937080796808004
RAD21	WDR5	0.0019936172757297754
RPA2	CENPO	0.0019934591837227345
HDAC2	SMPDL3A	0.001993053127080202
SPI1	GCNT2	0.0019929567351937294
IRF8	MAML3	0.0019926296081393957
RPA2	HMGB3	0.001992512959986925
HDAC2	HNRNPLL	0.001992459874600172
SATB1	STIP1	0.001992230536416173
MYC	PECAM1	0.0019922128412872553
RAD21	EGR1	0.0019921106286346912
CBX7	EIF2B1	0.001991675468161702
JUN	MIS12	0.0019916549790650606
STAT2	ADGRG3	0.001991193974390626
GFI1B	NFKBIA	0.001991112483665347
SPI1	SLC2A3	0.0019906708039343357
GFI1B	PECAM1	0.001990563701838255
STAT2	COLGALT1	0.0019902929197996855
HDAC2	PTPN7	0.0019900170154869556
IKZF1	ZFP53	0.0019899262115359306
ELF1	FLNB	0.0019896833691745996
RAD21	CNN3	0.001989485928788781
SPI1	PNO1	0.0019890356343239546
GFI1B	PTPRE	0.0019888761453330517
RAD21	ZFP322A	0.001988059375435114
HCFC1	5430427O19RIK	0.001988054718822241
HCFC1	MAP4K2	0.001988024218007922
ELF1	FLOT2	0.0019868495874106884
IRF8	DUT	0.00198682420887053
SPI1	GIMAP5	0.0019863974303007126
WDR5	MRPL37	0.001986060757189989
GFI1B	GEM	0.00198591616936028
ELF1	INTS8	0.001985894748941064
HCFC1	TBC1D9B	0.001985593931749463
WDR5	1700017B05RIK	0.0019850211683660746
MEIS1	MXD3	0.0019849580712616444
WDR5	CDK6	0.0019847347866743803
JUN	PHF10	0.001984640955924988
GFI1B	HYOU1	0.0019844998605549335
IKZF1	FASTKD2	0.00198446330614388
SATB1	HNRNPLL	0.001984370406717062
GATA2	FAM111A	0.001984190894290805
GATA2	BPIFC	0.00198382162488997
IKZF1	ARRDC4	0.0019836623687297106
HCFC1	NUP155	0.0019833375699818134
CBFB	ZFP36	0.0019828947260975838
IKZF1	ZBTB38	0.001982776913791895
RAD21	GIMAP1OS	0.0019826071802526712
SPI1	HUS1	0.001982462592422962
JUN	DLST	0.001981981797143817
SPI1	PARP8	0.0019815643317997456
HCFC1	PSMD1	0.0019811829552054405
NFAT5	INPP5B	0.001981087727472186
GFI1B	CYP2J6	0.0019804679322987795
IRF8	ZFAND5	0.0019804146140813828
CBFB	FAM189B	0.0019803401082754135
GATA2	PA2G4	0.001979964319616556
JUN	HDAC2	0.001979951746761799
CBFB	SLA	0.001979901921004057
SPI1	CNN3	0.0019797049462795258
FOXO1	WDR55	0.00197968864813447
SPI1	PSMC2	0.001979284221306443
FOXO1	CD68	0.0019788886420428753
WDR5	EPRS	0.0019788341596722603
NFAT5	CSF1R	0.001978757092729211
ELF1	TBL3	0.0019781403243541718
JUN	TMEM206	0.0019781277514994144
HCFC1	RPS6KA5	0.001978123327717185
MEIS1	H2AFX	0.001978036481887102
NFAT5	SPPL2B	0.001977620180696249
SATB1	MAPKAPK3	0.0019775978289544582
HCFC1	GBP3	0.0019774623215198517
GATA2	HSPA4	0.001977149862796068
WDR5	G6PDX	0.001977128442376852
SPI1	ZFP945	0.0019768925849348307
RPA2	SFXN1	0.001976888393983245
WDR5	CCNA2	0.0019766916520893574
SATB1	PIDD1	0.0019765892066061497
ELF1	CD44	0.001976409461349249
JUN	ADO	0.0019762632437050343
SATB1	UBR7	0.0019760415889322758
CBFB	WSB1	0.001975768944248557
NFAT5	CTPS	0.0019749768543988466
GATA2	PREP	0.001974951010197401
WDR5	PSTPIP1	0.0019748914055526257
HCFC1	CIPC	0.001974761253222823
MYC	FTSJ3	0.0019747160840779543
STAT2	EFTUD2	0.001974262995645404
STAT2	TACC3	0.0019740653224289417
GATA2	CLPTM1L	0.001973743550479412
WDR5	ADGRG3	0.001973504200577736
NFAT5	SMC2	0.0019733260851353407
GFI1B	CKAP2	0.0019730734638869762
GFI1B	TRMT11	0.0019725048914551735
HCFC1	SZT2	0.0019719863776117563
MEIS1	MAPK12	0.0019711684435606003
WDR5	NEAT1	0.0019708124455064535
WDR5	ATRN	0.00197047321125865
CBX7	PTDSS1	0.0019704126752913
RAD21	GMCL1	0.0019702373538166285
GFI1B	TOMM40	0.00196974934078753
NFAT5	SVIP	0.001969680655747652
MYC	MEMO1	0.0019694361835718155
IRF8	TFG	0.00196934025734663
HDAC2	UQCRFS1	0.0019692194182425737
SPI1	APOE	0.0019688697066158056
SPI1	ABCB10	0.001968515571206808
SATB1	MINDY3	0.001968181226402521
WDR5	TSC22D1	0.0019681553822010756
STAT2	TEX10	0.0019678995013237
RAD21	MTMR4	0.001967890188097954
CBFB	HUS1	0.0019677316304296255
MYC	ABL1	0.0019676974043250084
MEIS1	SLC30A5	0.0019676911178976297
IRF8	GPR160	0.001966976560652256
GATA2	SOX18	0.0019667702727019787
CBFB	MGAT5	0.0019665847066789865
IKZF1	IGTP	0.001966498326510191
CBX7	TYROBP	0.0019663686398416758
MYC	FDFT1	0.001966099953278899
SATB1	CSF2RB	0.0019658321980386972
IRF8	NEAT1	0.001965718576684594
HDAC2	GOLIM4	0.001965557225048542
SATB1	TIPIN	0.0019653839990496635
HDAC2	OBSL1	0.0019647423177957535
JUN	ZBTB38	0.001964316936209798
RAD21	YPEL3	0.001964178401976824
HCFC1	ST8SIA4	0.001963876187801361
RPA2	ST8SIA4	0.001963799586519599
SPI1	TIFAB	0.001963767223060131
WDR5	IFI27L2A	0.001963762566447258
SPI1	ERCC8	0.001963746966794133
WDR5	HSPA4	0.0019631425384432077
FOXO1	GNL3	0.0019629739690572023
IRF8	PTDSS1	0.0019629488233476877
CBFB	MCM7	0.0019625332206487656
CBX7	CLTC	0.0019623925909399986
RAD51	LRRC8B	0.001962249632924795
SATB1	DENND1C	0.0019619448576122522
GATA2	ALDOC	0.0019617266952991486
ELF1	FES	0.0019616587087512016
SPI1	MSH6	0.0019612673204392195
GFI1B	CCNE2	0.001961104804649949
STAT2	HMGB2	0.0019610137678682804
FOXO1	PAK1	0.0019609620794653893
IKZF1	PLXNA4OS1	0.0019605651032179594
ELF1	SLC31A1	0.0019604945555329323
IKZF1	ACAA2	0.001960217719897628
RAD51	CKS1B	0.0019589890725910664
CBX7	CLEC12A	0.0019588186405599117
HDAC2	ARID3B	0.0019586675334721804
SPI1	TGTP1	0.001958556706085801
HCFC1	SERPINB6A	0.001958519918844104
CBFB	TIFAB	0.0019583129324018955
HDAC2	TFRC	0.0019582626409828663
NFAT5	ARID5A	0.0019581872038543224
GATA2	LIG1	0.001958048203960061
GFI1B	SLC20A1	0.0019578421488404274
RPA1	MNS1	0.0019575452897697687
NFAT5	TM7SF3	0.0019573692698031664
GATA2	ABCB8	0.001957343425601721
HDAC2	AI504432	0.001957046100869775
FOXO1	HSPH1	0.001956976717337966
CBFB	CPA3	0.0019567108247429132
SPI1	PLA2G15	0.001956598600372672
CBFB	TNFRSF13C	0.001956574385985732
IRF8	SLC29A1	0.001956172985956073
SPI1	DDX58	0.0019559646025300026
SPI1	SCARF1	0.001955918036401272
HDAC2	SLC22A3	0.001955712679773569
RAD51	TEX10	0.0019555308390408754
CBFB	CD82	0.0019555212929844856
ELF1	RUNX1T1	0.001955321291461587
GFI1B	TNPO1	0.001955266110599041
NFAT5	DDX20	0.0019550826400518417
RPA2	LAPTM4B	0.001955038867890835
ELF1	NAPSA	0.0019545999821275473
GATA2	UTP4	0.001953918021172285
ELF1	GT(ROSA)26SOR	0.0019538027700036764
HCFC1	ME2	0.001953739672899246
ELF1	ORC6	0.0019535007886588573
WDR5	KCNQ1OT1	0.001953196246176958
SATB1	CSTF2	0.0019531871657818556
HCFC1	OTUD6B	0.0019527460681274533
CBFB	NFATC2	0.001952503458596766
CBFB	RAB37	0.0019522857619449496
HDAC2	GFI1B	0.001952274120412767
SPI1	ALDOC	0.0019521700451150537
CBFB	TMEM43	0.0019513292936608195
CBFB	PADI4	0.001951312879100442
GFI1B	ACLY	0.0019510808633640409
ELF1	HAAO	0.0019507752731442451
IRF8	IKZF1	0.0019506136886775494
WDR5	RCOR1	0.0019505337113514543
RPA2	CBFB	0.0019503474468365312
MYC	LONP1	0.0019502609502524137
SATB1	AGPS	0.001950143021531403
STAT2	EGR1	0.0019499881891533732
WDR5	NAV1	0.0019497523317113519
STAT2	NWD1	0.0019497073953971267
NFAT5	SLFN2	0.001949695055373013
SATB1	GM20559	0.0019495246233418584
RPA2	MAPK1	0.0019491350976750255
GATA2	H2-OB	0.0019490746781229973
WDR5	TACC3	0.0019489771220833063
FOXO1	MFSD10	0.001948869088664651
CBFB	PPM1G	0.0019487866666167974
CBX7	CCDC50	0.0019486724631860852
RPA1	GANAB	0.0019480035407468677
MYC	TIE1	0.0019478877075016499
MEIS1	CDK1	0.0019476122688502073
STAT2	CCNA2	0.0019474936416372657
ELF1	SOAT1	0.0019472769927233458
ELF1	SERP1	0.001946567906998098
GFI1B	SPTBN1	0.001946298754774034
SATB1	INCENP	0.0019460446201264858
MYC	PTDSS1	0.0019458724418655038
SPI1	NDN	0.0019456137670204043
IKZF1	MPO	0.001945355674251914
IKZF1	TSPOAP1	0.0019453163258731365
SATB1	LONP2	0.0019450400723144412
NFAT5	RUVBL2	0.0019449549727141857
SPI1	UBR7	0.001944818301126361
GFI1B	CD274	0.0019448036327958107
RPA2	TRAP1	0.0019446539226919413
IKZF1	GM20342	0.0019442704506218433
MYC	SLC29A1	0.0019442428601905704
GFI1B	CDT1	0.0019441049080342054
GATA2	NUS1	0.0019440880278125405
NFAT5	LY6C2	0.0019440222531557083
CBFB	NPTN	0.0019437448354437947
HCFC1	DPP8	0.001943735871464014
GFI1B	ATP13A1	0.0019436993170529604
HCFC1	RANGAP1	0.0019436548464000225
NFAT5	NUF2	0.0019435276044532657
STAT2	TRIM16	0.0019432216649875045
FOXO1	FUT7	0.001943186274729669
GATA2	SPC24	0.0019426392391324043
MEIS1	DDX39	0.0019424710189923644
CBX7	PLPPR3	0.0019421933684498072
RAD21	BYSL	0.0019416953437030315
IRF8	CDC45	0.001941537600941956
FOXO1	MS4A6C	0.0019414209527894855
NFAT5	TUBA4A	0.0019412989495322108
HCFC1	HAAO	0.0019412823021411896
HDAC2	GBP7	0.0019410605309531093
SPI1	UBL4A	0.0019408863736316562
CBX7	ISYNA1	0.0019406614592298865
RAD21	TIMM50	0.0019405204802751541
SATB1	MIS18BP1	0.0019404968479648232
MYC	DDX39	0.0019401004537940025
RAD51	PLA2G12A	0.0019400245510041714
RAD21	YBX1	0.0019398665754124522
HCFC1	HDC	0.001939418027177453
RPA2	MAN2A2	0.0019385810010135174
WDR5	SLC25A38	0.001938371337018907
FOXO1	MPO	0.0019383418839424849
JUN	CERK	0.0019382479367777705
ELF1	TMEM176A	0.0019381282618269324
IRF8	CBFB	0.0019380600424483418
IKZF1	GMFB	0.0019377823919057846
MYC	POLA2	0.0019377090502530336
HDAC2	RAP1B	0.0019375700503587723
RPA1	NUF2	0.001937026041559875
SATB1	PA2G4	0.0019368468783795834
SATB1	TENT5A	0.0019366900669410825
HDAC2	TOMM70A	0.001936687738634646
RPA1	BIRC5	0.0019366263877600431
MEIS1	PDIA4	0.0019365530461072922
RAD21	WDR55	0.0019363611936569214
GATA2	ALAS1	0.0019362358143553138
CBFB	EMCN	0.001935914158821106
MEIS1	MIS18BP1	0.0019355721306055784
IKZF1	SERPINB6A	0.001935168169438839
SATB1	PSME3	0.001935119042173028
SATB1	FEM1B	0.0019350008806213737
HDAC2	IMMT	0.0019347271881997585
SPI1	TCP11L2	0.0019343787571415305
SATB1	UAP1	0.0019340853905305266
IRF8	ELP2	0.001934007159434259
CBFB	ATP6AP1	0.0019339852733537555
GATA2	IFRD2	0.0019339013379067183
ELF1	TOPORS	0.001933898078277707
CBX7	ABITRAM	0.001933755585923791
SPI1	CCDC50	0.001933565828949213
STAT2	MAPKAPK3	0.001933362684212625
MYC	HASPIN	0.0019329515052959323
HDAC2	JCHAIN	0.0019327712943777442
HDAC2	UBA2	0.001932748593389988
CBFB	TRIM16	0.0019326554611325264
IKZF1	CLEC4E	0.0019325846806168556
GFI1B	FOXRED1	0.0019325377652421594
CBFB	F2R	0.0019325095927342772
RAD21	RB1	0.0019323595333844423
GATA2	ADGRL4	0.001932330778799951
RAD51	CSE1L	0.0019318388076499104
CBFB	TXNIP	0.0019313644152134657
RPA1	IKZF1	0.0019310266943648458
HDAC2	TUBA4A	0.00193090143147856
SATB1	SLC31A1	0.0019304529996588826
MYC	RPA2	0.0019300509011372924
SPI1	FTSJ3	0.0019300237763673067
SPI1	ZFP322A	0.0019300070125609636
HDAC2	TIMM29	0.0019299567211419344
MYC	EIF4ENIF1	0.0019296539248898625
GATA2	TMEM184C	0.0019296313403174281
HDAC2	DOK2	0.0019293749937787652
HDAC2	IL21R	0.0019292815122753382
CBX7	TESPA1	0.0019292624201625586
SATB1	OSTM1	0.0019292262149974704
GFI1B	ABCE1	0.0019291933858767152
SATB1	KPNA1	0.001928933197632432
RAD51	PPM1F	0.0019285986199975014
JUN	EMID1	0.0019284605514258146
ELF1	BATF2	0.001928164972923696
NFAT5	SLC25A46	0.001928163692355156
RPA2	SLC16A1	0.0019280948908999562
RPA2	TRP53I11	0.0019275002414360642
IRF8	DOCK11	0.0019272897625342011
IKZF1	SLCO4A1	0.0019266280578449368
NFAT5	IDH3A	0.0019263809081166983
ELF1	AURKB	0.0019260946428403258
GFI1B	HNRNPAB	0.0019250687910243869
SATB1	PPID	0.001925057265907526
ELF1	MPI	0.0019249521428719163
SPI1	EFCC1	0.0019249056931585073
SATB1	GRK3	0.001924746436998248
HDAC2	ZC3H7A	0.0019246133742854
IRF8	RANBP3	0.0019243719289079309
RAD21	SNX30	0.0019243195420131087
GFI1B	DENND2D	0.0019242002163082361
JUN	BUB1B	0.0019239987013861537
CBFB	ZFP422	0.0019237998640164733
SPI1	GLB1	0.001923436182551086
SPI1	GEM	0.0019233239581808448
GFI1B	PTPRS	0.001923266681842506
RPA1	SELENBP1	0.001923144911415875
RAD21	AW112010	0.0019229974132031202
ELF1	KCNQ1OT1	0.001922604045830667
GFI1B	FES	0.001922452705912292
NFAT5	UHRF1	0.0019223304698243737
IRF8	HARS	0.0019221561960875988
IKZF1	EPRS	0.001922128489241004
WDR5	ACOX1	0.001921826391480863
SPI1	PRR5	0.0019217185908928514
FOXO1	PRMT7	0.0019216426881030202
NFAT5	CD48	0.0019215070642530918
IRF8	UTP4	0.0019214856438338757
MYC	GM1966	0.0019213467603549361
ELF1	KLF6	0.0019212154438719153
CBFB	PGLYRP2	0.001921036746352911
RPA2	SF3B3	0.001920843729749322
RAD21	SERP1	0.0019201264949515462
RAD21	NUP85	0.001919976552017033
RAD21	PLXDC2	0.0019199429079890251
WDR5	EMID1	0.001919829286634922
WDR5	KNSTRN	0.0019197228830307722
RPA1	NUDCD1	0.0019196951761841774
JUN	TYROBP	0.0019192749168723822
HDAC2	XPNPEP1	0.0019192377803847194
GFI1B	SGPP1	0.001918806810863316
NFAT5	DTL	0.0019187660655006766
FOXO1	PPM1G	0.0019185931887477636
IKZF1	GFI1B	0.001918466528877616
CBFB	EPSTI1	0.0019183795666322112
JUN	NUP85	0.0019182674586772919
RAD21	HEXA	0.00191821891348809
HDAC2	MAPKAPK3	0.0019180614035576582
RAD21	ZDHHC13	0.0019179009832441807
MEIS1	CYC1	0.001917886664159596
NFAT5	UBR7	0.0019176141358911991
HCFC1	GSR	0.0019174715271219611
WDR5	GTF2F1	0.0019171377643942833
HDAC2	CD52	0.0019169695442542434
HCFC1	ARID5A	0.0019168327562510967
CBFB	ZFAND5	0.0019166142446920276
STAT2	PTGS1	0.0019162817625328898
RAD21	NAP1L3	0.001916216453537345
RPA2	POLE	0.0019162057433277369
HCFC1	SSH3	0.0019159866496920586
HDAC2	DCK	0.0019156016642227769
CBX7	TEC	0.00191547442227602
CBX7	PWP2	0.00191536545753479
JUN	ADAM17	0.0019153356552124023
GFI1B	KLF6	0.001915323780849576
GATA2	RORC	0.0019152236636728048
GATA2	PRIM1	0.0019148794235661626
SPI1	FSTL1	0.0019148692954331636
NFAT5	TPM4	0.0019147507846355438
CBFB	PNCK	0.0019144985126331449
STAT2	TYROBP	0.0019142822129651904
SPI1	GK	0.0019140469375997782
WDR5	MOB3C	0.001913955551572144
IKZF1	MORC3	0.0019138297066092491
RAD21	TGM2	0.0019136752234771848
CBFB	IFI203	0.0019136713817715645
WDR5	H2AFX	0.0019132677698507905
HDAC2	CSGALNACT2	0.0019131609005853534
CBFB	ZBTB16	0.0019125387771055102
GATA2	KIF17	0.0019124341197311878
GFI1B	IARS2	0.0019123491365462542
IKZF1	METTL27	0.0019118157215416431
NFAT5	RASSF4	0.0019117575138807297
HDAC2	FGFR1OP	0.001911747152917087
CBX7	DOCK10	0.001911459257826209
GFI1B	PYGM	0.0019113755552098155
JUN	CRISPLD1	0.0019113351590931416
IKZF1	HMGB3	0.0019113266607746482
HCFC1	MFSD10	0.0019111905712634325
CBX7	ORC2	0.0019111570436507463
SATB1	TOR3A	0.0019108847482129931
GFI1B	PRDM16	0.0019107807893306017
ELF1	SGMS1	0.0019107107073068619
NFAT5	PPM1G	0.0019103516824543476
IKZF1	NPLOC4	0.001910017803311348
IRF8	ZFP367	0.001910015707835555
JUN	TIPIN	0.0019097101176157594
IRF8	TARS	0.0019096984760835767
IKZF1	SDC4	0.001909617567434907
WDR5	CST7	0.001909347833134234
IRF8	GTF2H1	0.0019091704161837697
WDR5	SPCS3	0.00190887285862118
WDR5	SCARF1	0.0019087184919044375
ELF1	RORA	0.0019083259394392371
GATA2	CIPC	0.0019081139471381903
STAT2	BPIFC	0.0019080197671428323
MYC	ZNRF2	0.0019078209297731519
RPA1	ACOT9	0.0019075250020250678
CBX7	PTPN7	0.0019073809962719679
STAT2	RPN1	0.0019072449067607522
SATB1	SUSD3	0.0019071580609306693
ELF1	MFSD1	0.0019068358233198524
GATA2	CYB5R1	0.001906819874420762
CBFB	OTULINL	0.001906276447698474
NFAT5	MPI	0.0019058757461607456
HDAC2	KPNA3	0.0019058083416894078
RAD21	MIR17HG	0.001905664335936308
NFAT5	MIS12	0.0019054729491472244
STAT2	SESN1	0.0019050956470891833
JUN	AKNA	0.001905052806250751
HDAC2	RABGGTB	0.001904902164824307
FOXO1	RORC	0.0019048182293772697
WDR5	CLEC12A	0.001904803328216076
NFAT5	HCFC1	0.0019046859815716743
RPA1	KIF17	0.0019045373192057014
HCFC1	PSMD9	0.001904388191178441
MYC	KIF17	0.0019043001811951399
HDAC2	DHRS3	0.0019042212516069412
ELF1	ERLIN1	0.0019038000609725714
IKZF1	NOL9	0.0019037470920011401
SPI1	TBC1D9B	0.001903004595078528
RAD51	PPAT	0.00190294801723212
HDAC2	SGCE	0.0019029269460588694
SPI1	UBASH3A	0.0019029219402000308
CBX7	HSPH1	0.0019026374211534858
CBFB	CD34	0.001902286079712212
GATA2	TM6SF1	0.0019021685002371669
RAD21	PTTG1IP	0.001902089104987681
IRF8	PSMD9	0.001901743933558464
WDR5	STOM	0.0019016696605831385
WDR5	TRIM35	0.0019016695441678166
MYC	FBXW11	0.0019015726866200566
RAD21	TXNDC11	0.0019014495192095637
GFI1B	GALNS	0.0019013144774362445
ELF1	ATP1B3	0.0019012015545740724
CBX7	SLBP	0.001901175593957305
NFAT5	GALNT6	0.0019006859511137009
HDAC2	NUDCD1	0.0018995462451130152
CBFB	MPL	0.001899415161460638
CBX7	MS4A6C	0.0018993814010173082
GATA2	ETF1	0.0018992286641150713
GFI1B	GUSB	0.0018988659139722586
RAD21	PLEK	0.0018987992079928517
WDR5	ATP13A1	0.0018979959422722459
CBFB	STXBP4	0.0018973365658894181
IKZF1	GLB1	0.0018967320211231709
IRF8	CCDC137	0.0018966725328937173
SPI1	H2-OB	0.0018965882482007146
HCFC1	CD244A	0.0018961671739816666
CBFB	DUS1L	0.0018960511079058051
STAT2	PIK3R1	0.001895831199362874
MYC	PRPF4	0.0018956834683194757
IRF8	MCM6	0.0018952871905639768
GFI1B	SALL2	0.0018952718237414956
ELF1	MICU1	0.001895059715025127
SATB1	VKORC1L1	0.0018949490040540695
JUN	PTGR1	0.0018948805518448353
HCFC1	UBE2L6	0.0018947264179587364
IKZF1	MTUS1	0.001894107204861939
IRF8	PRODH	0.0018938936991617084
JUN	EMILIN1	0.0018938914872705936
RAD21	TIMM29	0.0018938783323392272
SPI1	GOLPH3	0.001893655746243894
SPI1	VDR	0.001893593929708004
CBFB	CD63-PS	0.001893592532724142
CBFB	GIMAP1OS	0.001893168198876083
GFI1B	MBNL3	0.001892927917651832
RAD21	NDUFA10	0.0018926790216937661
SATB1	SLBP	0.0018922872841358185
IKZF1	BID	0.0018921681912615895
CBFB	ARID5A	0.0018917376874014735
GATA2	NUF2	0.0018910446669906378
GATA2	POLE	0.0018909415230154991
ELF1	MFSD10	0.0018909305799752474
MYC	HSPH1	0.0018906471086665988
IRF8	SMARCA2	0.0018906171899288893
HCFC1	TMEM50B	0.0018901580478996038
STAT2	NPDC1	0.001889972947537899
MEIS1	TPX2	0.0018897224217653275
MYC	UBR7	0.001889387029223144
WDR5	CSF3R	0.0018892938969656825
CBFB	SNAP47	0.0018892891239374876
MEIS1	LPCAT2	0.0018891780637204647
GFI1B	PA2G4	0.0018887384794652462
RAD21	MIS12	0.001888277824036777
CBFB	PLEK	0.0018882470903918147
IRF8	POLD1	0.0018882143776863813
MYC	MPO	0.0018880971474573016
IKZF1	PIK3R2	0.00188765290658921
MYC	RCSD1	0.0018873310182243586
ELF1	GRIA3	0.0018871298525482416
JUN	WDR4	0.0018871172796934843
WDR5	SLPI	0.0018870991189032793
FOXO1	GALNT6	0.0018862904980778694
STAT2	SPC25	0.0018857914255931973
RPA1	TNFAIP2	0.0018857643008232117
SATB1	SOCS2	0.0018853270448744297
MYC	USP11	0.001885248115286231
HDAC2	GALNT6	0.0018852398497983813
RAD21	GFI1B	0.0018851162167266011
MYC	MCOLN2	0.0018850158667191863
IRF8	FOXO1	0.001884941477328539
ELF1	RPP40	0.0018848641775548458
GATA2	ATP11C	0.0018848521867766976
MYC	G6PDX	0.0018847447354346514
RPA2	NDC1	0.0018847231986001134
HDAC2	NSUN2	0.0018844265723600984
IRF8	PIK3R1	0.0018843112047761679
ELF1	SPC24	0.0018836824456229806
GFI1B	OBSCN	0.0018834163201972842
SPI1	TFRC	0.001883073360659182
RAD21	TRP53I11	0.0018830409971997142
HDAC2	EBI3	0.0018822556594386697
IRF8	LY9	0.0018822322599589825
RPA1	SLC25A38	0.001882190234027803
HDAC2	SPNS2	0.001882128301076591
GFI1B	MCM4	0.0018816526280716062
CBFB	SCARB1	0.0018815273651853204
HCFC1	GNS	0.0018815099028870463
WDR5	PHB2	0.0018814546056091785
MYC	STARD7	0.0018814420327544212
ELF1	MED16	0.0018813028000295162
CBX7	CYC1	0.0018811553018167615
GFI1B	MKI67	0.0018805861473083496
MYC	ANXA1	0.0018804307328537107
IRF8	TM7SF3	0.0018802349222823977
WDR5	BCL2	0.001880222698673606
SATB1	TRIM30B	0.001880113035440445
JUN	TARS	0.0018796504009515047
HCFC1	PUS7	0.0018796119838953018
MYC	CTSZ	0.001879589632153511
FOXO1	IFRD2	0.001879424904473126
MYC	CAMK2D	0.0018790450412780046
SPI1	GNS	0.0018790393369272351
SATB1	EFTUD2	0.0018787540029734373
SATB1	AZIN1	0.0018786340951919556
CBFB	SLPI	0.0018783684354275465
JUN	SERPINB9	0.0018775785574689507
MEIS1	MFSD1	0.0018774917116388679
HCFC1	EPRS	0.0018772233743220568
RPA1	KPNA3	0.00187692663166672
CBX7	HSPA4	0.001876905676908791
RPA2	SPIDR	0.0018767170840874314
MEIS1	PRELID3B	0.0018766846042126417
RAD21	CYP2J9	0.001876651425845921
ELF1	UHRF1	0.0018766372231766582
ELF1	GOLT1B	0.0018764333799481392
HDAC2	GM5111	0.001876180525869131
GFI1B	NUDT4	0.0018759515369310975
GFI1B	BID	0.0018756977515295148
HCFC1	IFI27L2A	0.0018752601463347673
IRF8	PHF6	0.0018749020528048277
STAT2	GUSB	0.0018746330169960856
JUN	DHFR	0.0018743745749816298
SATB1	FTSJ3	0.0018743069376796484
GFI1B	SLC35A4	0.0018741624662652612
HDAC2	RPRD1B	0.0018739931983873248
HCFC1	PIK3R1	0.0018736191559582949
MYC	TSC22D1	0.001873543718829751
IRF8	PPM1G	0.0018731225281953812
HDAC2	ALDH9A1	0.0018730534939095378
GFI1B	MGAT1	0.0018730290466919541
GATA2	MTUS1	0.0018729767762124538
NFAT5	ABCB10	0.001872827298939228
IKZF1	WDR4	0.0018727087881416082
HCFC1	THEMIS2	0.0018716935301199555
WDR5	CSGALNACT2	0.0018716678023338318
IRF8	COQ8A	0.001871361630037427
MYC	URB2	0.0018713278695940971
IRF8	RRM1	0.0018709723372012377
SPI1	PTCD3	0.0018709179712459445
GATA2	NASP	0.0018707115668803453
HDAC2	HLF	0.0018706864211708307
STAT2	WDHD1	0.0018705311231315136
HDAC2	SHISA5	0.0018701774533838034
SPI1	1700017B05RIK	0.001870149397291243
IKZF1	GATA2	0.0018699850188568234
STAT2	RCSD1	0.0018699273932725191
FOXO1	FAM136A	0.0018697105115279555
RAD51	TIMM50	0.0018696630140766501
SPI1	SLC26A2	0.0018694417085498571
MYC	SVIP	0.0018691932782530785
MEIS1	KIF20B	0.0018688762793317437
GFI1B	PSMD1	0.0018688479904085398
IKZF1	NUP93	0.0018687340198084712
RPA2	LY9	0.0018686034018173814
SATB1	URB2	0.0018683740636333823
STAT2	MBNL3	0.001868298975750804
MEIS1	NCAPG	0.0018682412337511778
HCFC1	ADO	0.0018681344809010625
WDR5	ME2	0.0018679755739867687
ELF1	SGCE	0.0018679461209103465
SPI1	ARL6IP6	0.0018677483312785625
STAT2	H2-OB	0.0018669231794774532
STAT2	PLEK	0.0018667512340471148
ELF1	NUP107	0.0018665797542780638
IRF8	PLEKHO2	0.0018662166548892856
WDR5	TNPO1	0.0018662151414901018
RAD51	INPP5B	0.0018660491332411766
SPI1	SSH3	0.0018658501794561744
GFI1B	SNX30	0.001865378231741488
IRF8	STT3A	0.00186537008266896
WDR5	LIG1	0.0018653598381206393
SATB1	EPAS1	0.0018648821860551834
CBFB	ELANE	0.0018645315431058407
GATA2	ADGRG3	0.0018644003430381417
IKZF1	TUBGCP2	0.0018643763614818454
WDR5	TEAD2	0.0018641049973666668
JUN	ANXA2	0.0018636187305673957
RPA2	STARD7	0.0018633294384926558
IRF8	EIF4ENIF1	0.0018630254780873656
IRF8	AKAP8L	0.0018629366531968117
WDR5	ACSS1	0.0018629166297614574
CBX7	RANBP3	0.0018628392135724425
NFAT5	WDR5	0.0018625501543283463
STAT2	NCEH1	0.0018621926428750157
GFI1B	ATP6AP1	0.001862074132077396
STAT2	ABL1	0.0018613503780215979
GFI1B	IL21R	0.0018608865793794394
CBX7	PSAT1	0.0018608852988108993
SATB1	ZFP467	0.0018605600344017148
FOXO1	SELL	0.0018603055505082011
IRF8	ATP11C	0.0018602528143674135
CBFB	NWD1	0.0018601639894768596
RAD21	PREP	0.001859491690993309
WDR5	GLIPR2	0.0018594153225421906
NFAT5	CLEC4E	0.0018593643326312304
WDR5	SESN1	0.0018592793494462967
SPI1	RFC4	0.0018584399949759245
MYC	HERPUD1	0.0018583550117909908
GATA2	BIRC5	0.0018581717740744352
GFI1B	WSB1	0.0018578179879114032
STAT2	SIRPA	0.0018575028516352177
WDR5	SLC31A1	0.0018571369582787156
HCFC1	PLA2G12A	0.0018570417305454612
RPA1	NSUN2	0.0018566515063866973
RAD21	MRPL20	0.0018563306657597423
GFI1B	ARFGEF2	0.0018555477727204561
HDAC2	THADA	0.0018554436974227428
STAT2	IMMT	0.0018549797823652625
CBFB	MR1	0.0018547219224274158
HCFC1	ARHGEF18	0.001854721107520163
HCFC1	PRMT5	0.0018545199418440461
GFI1B	SPC25	0.001854382106103003
CBFB	ACSS1	0.0018541612662374973
GATA2	MCM4	0.0018539890879765153
SPI1	CSGALNACT1	0.001853817724622786
ELF1	IIGP1	0.0018537555588409305
HDAC2	IFI44	0.0018536405405029655
ELF1	NPDC1	0.0018533223774284124
HCFC1	JPT2	0.0018528866348788142
RAD21	CSF2RB	0.001852646586485207
WDR5	UQCRFS1	0.001852581393904984
CBFB	SNX30	0.001852525630965829
CBFB	RTEL1	0.0018523026956245303
HDAC2	SNRPB	0.001852276036515832
STAT2	H2AFX	0.0018520491430535913
HDAC2	KCNK5	0.001851505832746625
MYC	CD69	0.001851390697993338
ELF1	ZFP367	0.0018510419176891446
IKZF1	SLC22A3	0.0018509586807340384
SPI1	CDCA4	0.001850757747888565
JUN	RAP1B	0.0018504353938624263
JUN	GK	0.0018502207240089774
NFAT5	FLOT2	0.0018498527351766825
ELF1	LCP2	0.0018497953424230218
WDR5	CTR9	0.0018495986005291343
GFI1B	S100A6	0.0018493947573006153
WDR5	THEMIS2	0.0018489036010578275
FOXO1	RPN1	0.0018485542386770248
ELF1	SLC19A1	0.0018484002212062478
RAD21	BTAF1	0.001848381944000721
HDAC2	TSC22D3	0.0018479892751201987
GFI1B	TIMM29	0.0018475971883162856
CBX7	LMAN2L	0.001846958533860743
HDAC2	LYN	0.0018466863548383117
IRF8	SDC4	0.0018464380409568548
WDR5	HMGB2	0.0018464218592271209
MYC	HUS1	0.0018464126624166965
IKZF1	KAT7	0.0018461956642568111
RAD21	GP9	0.0018460374558344483
MEIS1	PSAT1	0.001845980528742075
RAD21	RPA2	0.0018455329118296504
RPA1	PUS7	0.001845469931140542
IRF8	PSMG2	0.0018453701632097363
GATA2	SLC16A1	0.0018450970528647304
MYC	CLTC	0.001844676211476326
WDR5	ARFGEF2	0.0018445467576384544
WDR5	TCN2	0.0018444169545546174
SPI1	ELAC2	0.0018443885492160916
SATB1	DLST	0.0018441941356286407
HCFC1	GPRASP1	0.001844190526753664
RAD21	ELANE	0.0018441217252984643
JUN	GBP3	0.00184388377238065
FOXO1	PDIA4	0.0018437415128573775
IRF8	YBX1	0.0018436228856444359
MEIS1	RORC	0.0018431980861350894
ELF1	RAB37	0.0018431056523695588
IKZF1	EMILIN1	0.0018429514020681381
WDR5	DHFR	0.0018428224138915539
RAD21	FUCA2	0.0018426147289574146
GFI1B	MCM2	0.0018424860900267959
RAD51	VIPR2	0.0018424376612529159
HCFC1	HDGFL3	0.001842188648879528
MYC	YPEL3	0.0018420302076265216
IKZF1	NUP107	0.0018419071566313505
IKZF1	SVIP	0.0018419047119095922
GATA2	MTREX	0.0018416298553347588
JUN	GM8113	0.001841451390646398
IRF8	MIS12	0.0018410788616165519
STAT2	HDGF	0.001840875600464642
WDR5	CASP4	0.001840763259679079
RAD21	UBR7	0.0018407410243526101
CBX7	IGHM	0.0018406796734780073
SATB1	IGTP	0.0018406021408736706
HCFC1	MORC3	0.0018405220471322536
MEIS1	NECAP2	0.0018404151778668165
WDR5	9430015G10RIK	0.0018397459061816335
SPI1	XAF1	0.0018395505612716079
CBFB	MS4A3	0.0018391585908830166
STAT2	ELMO2	0.0018389475299045444
HCFC1	KCNQ1OT1	0.001838868367485702
IKZF1	EMCN	0.0018376954831182957
HCFC1	EAF1	0.0018376915249973536
WDR5	AKAP8L	0.0018373895436525345
IKZF1	SLC20A1	0.0018372696358710527
CBFB	MTO1	0.0018368271412327886
RPA2	TRMT6	0.0018365783616900444
IKZF1	SEH1L	0.0018361179390922189
RAD21	KLF6	0.0018357986118644476
HDAC2	IFI30	0.00183578347787261
CBFB	OSTM1	0.0018357177032157779
IKZF1	EIF2S1	0.0018355698557570577
SPI1	SYTL1	0.00183554005343467
CBFB	TUBGCP3	0.0018352939514443278
IRF8	HNRNPAB	0.0018351838225498796
HCFC1	DENND2D	0.001835147850215435
RAD21	BC005561	0.001834376249462366
HCFC1	GBP2	0.0018339502857998013
HCFC1	MR1	0.0018337336368858814
ELF1	4833439L19RIK	0.0018336179200559855
SPI1	MTHFD1	0.0018333470216020942
SATB1	ADK	0.0018332917243242264
RAD21	CD63-PS	0.0018332914914935827
STAT2	FAM189B	0.0018332262989133596
GATA2	HSPH1	0.0018331982428207994
ELF1	UBAC1	0.0018330422462895513
RAD21	PLAC8	0.0018329382874071598
JUN	PFKP	0.0018328679725527763
IKZF1	GUSB	0.0018327438738197088
HDAC2	ARID2	0.0018327431753277779
SATB1	DDX60	0.0018325714627280831
MEIS1	NDC80	0.0018325595883652568
MYC	FEM1A	0.0018322226824238896
SPI1	GM5111	0.0018320492235943675
SPI1	THADA	0.0018319223308935761
CBX7	FAR1	0.001831411151215434
SPI1	PHF11B	0.001830754685215652
RPA1	UBE2L6	0.001830471446737647
WDR5	CDCA8	0.001830371911637485
MYC	PDIA4	0.0018300225492566824
SPI1	MYO5A	0.0018299901857972145
GFI1B	DNTT	0.0018299149814993143
RPA1	LY9	0.0018294838955625892
MYC	RP2	0.0018292473396286368
RPA2	FTSJ3	0.001829153043217957
CBFB	MIEF1	0.0018287115963175893
IKZF1	PIDD1	0.0018287078710272908
RAD21	SPPL2B	0.001828666660003364
HDAC2	H2-Q6	0.001828530803322792
RPA2	EIF4ENIF1	0.0018285205587744713
SPI1	E2F4	0.0018279311480000615
RAD21	TMEM184C	0.001827567582949996
RPA2	KRT18	0.001827217172831297
JUN	BPIFC	0.0018271064618602395
RAD21	PCMTD2	0.001827006577514112
IRF8	ELF1	0.0018269673455506563
NFAT5	TTF2	0.0018266914412379265
RAD21	IIGP1	0.001826623105444014
SATB1	TMEM43	0.0018265567487105727
RPA1	E2F8	0.001825974090024829
SATB1	STRAP	0.00182596396189183
JUN	USP42	0.0018258726922795177
CBX7	HMGB2	0.001825559651479125
HDAC2	DEK	0.0018252789741382003
SATB1	ISYNA1	0.0018252431182190776
GATA2	SYTL1	0.0018249006243422627
JUN	MCM7	0.0018248840933665633
ELF1	MTOR	0.001824842649511993
SATB1	SLA2	0.0018245474202558398
HDAC2	TPM4	0.0018245078390464187
WDR5	SF3B3	0.0018229428678750992
SPI1	CCDC137	0.0018223677761852741
GFI1B	REXO4	0.0018222614889964461
JUN	RACGAP1	0.001822252874262631
ELF1	EML4	0.001822227262891829
CBFB	PLAG1	0.0018222164362668991
WDR5	AZIN1	0.001822097459807992
HCFC1	ANXA2	0.0018220526399090886
IRF8	TMEM97	0.0018216506578028202
JUN	SEC24D	0.0018215144518762827
HCFC1	9530082P21RIK	0.0018213080475106835
JUN	CD300A	0.0018209130503237247
SPI1	THSD1	0.0018202217761427164
SPI1	TMEM154	0.0018200869672000408
SATB1	SVIP	0.0018200237536802888
NFAT5	CSRP3	0.001819986617192626
IKZF1	CDCA4	0.0018198740435764194
GATA2	PADI4	0.0018198247998952866
ELF1	SLC28A2	0.0018193291034549475
CBFB	GABBR1	0.0018192930147051811
SATB1	MKI67	0.0018192126881331205
HDAC2	MRPL20	0.0018191644921898842
GFI1B	ANXA2	0.001819033408537507
JUN	ATRN	0.0018189980182796717
HCFC1	GLB1	0.0018186972010880709
IKZF1	IARS2	0.0018185346852988005
RAD21	RPS6KA5	0.001818379620090127
RPA2	FBXO5	0.0018180875340476632
MYC	TIPIN	0.001818024436943233
IRF8	LZTS1	0.001817950513213873
HCFC1	TRP53I11	0.001817919546738267
RPA2	EEF1E1	0.0018177998717874289
HCFC1	PSMD6	0.001817371230572462
IRF8	CLPTM1L	0.001817296608351171
CBX7	RUVBL2	0.0018172889249399304
RPA1	FASTKD2	0.0018172517884522676
MYC	MGAT1	0.001817137934267521
NFAT5	CAPG	0.0018170889234170318
RAD21	CSAD	0.0018169084796682
GATA2	RPA1	0.0018168141832575202
IKZF1	ABCG2	0.0018167647067457438
GFI1B	CENPE	0.0018165423534810543
JUN	FBXW11	0.0018158910097554326
NFAT5	CCR2	0.0018157919403165579
ELF1	MFNG	0.0018152834381908178
WDR5	TSC22D3	0.001815263764001429
IRF8	WSB1	0.001815175754018128
NFAT5	PRIM1	0.0018146811053156853
RAD21	GBP3	0.0018145622452721
HCFC1	ZFP367	0.00181435642298311
JUN	PSAT1	0.0018142306944355369
RAD51	CYB5R1	0.0018138840096071362
RAD21	CIPC	0.0018136163707822561
GFI1B	ACOX1	0.001813592854887247
RPA1	9530082P21RIK	0.001813053502701223
CBFB	CTSO	0.001812955248169601
HCFC1	HERPUD1	0.001812561065889895
HCFC1	PREP	0.0018124415073543787
SATB1	MARS	0.0018124158959835768
MEIS1	SMC2	0.0018123813206329942
RAD21	SLFN2	0.0018123578047379851
RPA1	MTMR1	0.001812259084545076
RAD21	NDUFV1	0.0018119335873052478
JUN	SETD2	0.0018116795690730214
STAT2	MILR1	0.0018116661813110113
JUN	ARID3B	0.0018114505801349878
STAT2	ZBTB38	0.0018113568658009171
HDAC2	SELENBP1	0.00181121239438653
SPI1	ZFP36	0.0018106743227690458
SPI1	LY9	0.0018106714123860002
MYC	HAAO	0.001810014364309609
STAT2	NSD2	0.0018095754785463214
RAD51	DDX39	0.0018095090053975582
NFAT5	SF3B3	0.001808753702789545
SATB1	IRGM2	0.001808657543733716
STAT2	PECAM1	0.001808277447707951
STAT2	SLC44A2	0.0018082025926560163
SATB1	F13A1	0.0018078286666423082
GATA2	SGO1	0.0018077874556183815
ELF1	TIE1	0.001807783148251474
IRF8	SUSD3	0.0018076744163408875
MYC	VAV1	0.0018073730170726776
HCFC1	GMFB	0.0018065469339489937
CBX7	FGL2	0.0018058036221191287
ELF1	CIP2A	0.0018057922134175897
STAT2	ATP10A	0.001805551815778017
SPI1	CYP4V3	0.0018053165404126048
HDAC2	SLC35A4	0.0018052574014291167
STAT2	SPTBN1	0.001805201987735927
STAT2	SRSF1	0.0018051705555990338
HDAC2	VSIR	0.001804819330573082
ELF1	NFAM1	0.0018047576304525137
RAD21	PITPNC1	0.0018046563491225243
ELF1	IARS	0.001804573112167418
SPI1	PRPS2	0.0018042173469439149
SATB1	MXD3	0.00180417625233531
JUN	ABCE1	0.001804139232262969
MYC	DNAJC9	0.001803616527467966
IRF8	PTCD3	0.0018027665792033076
RAD51	NUDT19	0.001802718499675393
WDR5	PANX1	0.0018026792677119374
NFAT5	CYC1	0.0018025260651484132
HDAC2	CTR9	0.001802220125682652
RPA1	CCNF	0.0018021700670942664
STAT2	RFC4	0.0018021240830421448
JUN	H2AFX	0.0018018350237980485
HDAC2	CDCA5	0.0018017628462985158
STAT2	MYL10	0.0018017345573753119
HDAC2	USP37	0.0018013810040429235
RPA2	HJURP	0.0018012409564107656
GFI1B	FIGNL1	0.00180122721940279
RAD21	ARCN1	0.0018007901962846518
SPI1	CPA3	0.0018003403674811125
SPI1	SYNJ1	0.0018001558491960168
MYC	TYROBP	0.001800147583708167
IRF8	REL	0.0018000454874709249
HDAC2	APLP2	0.0017999893752858043
SPI1	PADI4	0.001799832796677947
WDR5	ZFP36	0.0017992391949519515
STAT2	CD63	0.0017988712061196566
HDAC2	NUP85	0.0017984382575377822
ELF1	ECT2	0.001798183424398303
SATB1	PHB2	0.001797726727090776
JUN	RRM1	0.0017977198585867882
IRF8	LIG1	0.001797627774067223
IKZF1	SMPD4	0.0017974969232454896
RPA1	POLR2B	0.0017973495414480567
IRF8	IDH3A	0.0017970779445022345
HDAC2	CDCA7	0.0017967962194234133
GFI1B	MAD2L1	0.0017965019214898348
HDAC2	SERPINA3G	0.0017964959843084216
SPI1	CD63	0.001796422409825027
MEIS1	RPN1	0.0017956100637093186
ELF1	CYP4V3	0.0017954244976863265
JUN	MTUS1	0.0017953800270333886
RPA1	ALDH9A1	0.0017952764173969626
CBFB	IGSF6	0.001795207615941763
SPI1	SMPDL3A	0.001795029267668724
WDR5	RETREG1	0.0017949262401089072
HCFC1	APOE	0.0017949100583791733
CBFB	SPIDR	0.0017948297318071127
SPI1	HP	0.001794706447981298
SPI1	PIK3IP1	0.0017942937556654215
STAT2	CNIH1	0.0017940469551831484
IKZF1	NUS1	0.0017940374091267586
IKZF1	MRPL20	0.0017939641838893294
JUN	SLC43A3	0.0017938903765752912
FOXO1	MUC13	0.001793821807950735
IKZF1	TMEM176A	0.0017936767544597387
CBFB	GPR65	0.0017932421760633588
IRF8	CTC1	0.0017930552130565047
FOXO1	NCF1	0.0017926424043253064
MYC	CLPTM1L	0.0017924646381288767
STAT2	MRPL20	0.0017921829130500555
RPA1	SNRNP200	0.001792054157704115
ELF1	GATA2	0.001791744609363377
ELF1	TMEM246	0.001791549613699317
CBFB	COQ8A	0.0017914342461153865
HCFC1	CDC7	0.0017913889605551958
MYC	RTP4	0.001791263115592301
WDR5	GNS	0.0017911902396008372
IRF8	MBNL3	0.0017909466987475753
NFAT5	PREP	0.0017907816218212247
SPI1	PRIM2	0.0017907769652083516
CBX7	PHB2	0.0017899443628266454
SPI1	MOGS	0.0017898797523230314
GFI1B	LIG1	0.0017896582139655948
HDAC2	POLA2	0.0017892798641696572
GFI1B	SLC25A46	0.0017892455216497183
MYC	B230219D22RIK	0.0017892427276819944
HCFC1	TMEM173	0.0017891654279083014
IRF8	GNG12	0.001789136091247201
WDR5	BCAP29	0.0017887206049636006
STAT2	CDK6	0.001788364490494132
STAT2	ARMT1	0.001788351102732122
STAT2	FOXRED1	0.0017877091886475682
MEIS1	DHFR	0.001787593704648316
IRF8	QARS	0.0017874937038868666
SATB1	ABCB8	0.001787483924999833
JUN	MCM3	0.0017874472541734576
NFAT5	UAP1	0.0017871097661554813
SPI1	ZFP422	0.0017865495756268501
WDR5	XPNPEP1	0.0017865480622276664
CBX7	CCL9	0.0017863456159830093
GATA2	SLC19A1	0.0017861392116174102
ELF1	ARID3B	0.0017860974185168743
CBX7	NCAPG2	0.0017858577193692327
HDAC2	PWP2	0.0017857208149507642
JUN	GLB1	0.0017855692422017455
HCFC1	CSGALNACT2	0.0017855617916211486
GFI1B	LAX1	0.0017851237207651138
RPA2	MAD2L1	0.0017850934527814388
MYC	CHORDC1	0.0017849343130365014
RAD51	HSPH1	0.001784777850843966
GFI1B	SYTL1	0.0017845776164904237
SATB1	MIS12	0.0017845737747848034
RAD21	SMPDL3A	0.0017845662077888846
IKZF1	SPNS2	0.0017845234833657742
GFI1B	TGFBR1	0.0017839692300185561
CBFB	GBP3	0.0017837404739111662
RPA1	CDK18	0.0017833778401836753
MYC	WDR55	0.0017831248696893454
IRF8	MFSD14B	0.0017830495489761233
HDAC2	ESAM	0.001782832550816238
CBFB	LY6C2	0.001782796811312437
HDAC2	GMNN	0.0017827627016231418
NFAT5	ATP8B4	0.0017826667753979564
GFI1B	PWP2	0.001782629988156259
JUN	PTCD3	0.001782572828233242
FOXO1	SOX18	0.00178226875141263
CBFB	TMEM184C	0.0017819935455918312
IRF8	GM8113	0.0017818358028307557
HDAC2	SLA	0.0017815293977037072
RAD21	PSTPIP1	0.0017814484890550375
MYC	PIDD1	0.0017808593111112714
HDAC2	FTX	0.0017808215925469995
RAD21	SNRPB	0.001780765363946557
NFAT5	FARSB	0.0017806293908506632
GFI1B	EIF1AD	0.00178047816734761
IKZF1	CAD	0.001780465361662209
CBFB	MS4A6C	0.0017803091323003173
ELF1	FGFR1OP	0.0017802742077037692
CBFB	SELENBP1	0.0017801979556679726
IKZF1	RTEL1	0.001779936021193862
GFI1B	ITGAL	0.0017795555759221315
GATA2	SYNJ1	0.0017794856103137136
HDAC2	EBF1	0.0017794581362977624
MYC	PLA2G12A	0.001778674079105258
CBX7	URB2	0.0017786661628633738
MYC	GBP2	0.001778656616806984
RPA2	NOLC1	0.001778574544005096
RAD21	9430015G10RIK	0.0017784455558285117
GATA2	RPA2	0.0017782743088901043
JUN	NASP	0.0017782703507691622
IKZF1	SYK	0.0017779315821826458
CBX7	MUC13	0.0017778653418645263
GFI1B	EAF1	0.0017772639403119683
IKZF1	GARS	0.0017772590508684516
CBFB	FES	0.0017772441497072577
RAD21	TLR4	0.0017772156279534101
CBFB	CHORDC1	0.0017771304119378328
NFAT5	EFTUD2	0.0017767420504242182
IKZF1	POR	0.001776635879650712
CBX7	EDEM1	0.0017763841897249222
RAD21	DEF8	0.0017761474009603262
STAT2	SLBP	0.0017759158508852124
RPA1	ABCE1	0.0017754054861143231
CBFB	CS	0.001774932025000453
WDR5	LZTS1	0.0017743450589478016
RAD51	UBL4A	0.001774093136191368
NFAT5	NUS1	0.0017740823095664382
MEIS1	G6PDX	0.0017740484327077866
CBFB	CSF1R	0.0017734321299940348
RPA1	EIF2S1	0.0017733890563249588
SPI1	CAD	0.0017728706588968635
ELF1	XPNPEP1	0.001772650284692645
CBFB	IFI27L2A	0.0017725820653140545
HCFC1	HDAC7	0.0017722429474815726
GATA2	GBP3	0.0017721186159178615
MEIS1	NDC1	0.0017720120958983898
NFAT5	VSIR	0.0017718798480927944
RAD21	EIF3B	0.001771864015609026
GFI1B	TMEM50B	0.001771529670804739
IKZF1	GBP2	0.0017713959095999599
FOXO1	IGSF6	0.0017708492232486606
IKZF1	TMEM154	0.0017707652878016233
IKZF1	USP42	0.0017706344369798899
HCFC1	NUP93	0.0017706287326291203
GFI1B	ITPR1	0.001770327566191554
RAD21	AP3S1	0.0017699499148875475
RAD51	CIP2A	0.0017694884445518255
GATA2	GPR160	0.0017694300040602684
GFI1B	TRIM59	0.0017693552654236555
GFI1B	CYP2J9	0.0017692213878035545
RPA2	TPM4	0.0017691062530502677
GFI1B	ZNRF2	0.0017690425738692284
GATA2	APBB1	0.0017688347725197673
RAD51	GFM1	0.0017686900682747364
RAD21	UAP1	0.0017686354694887996
RPA2	MDN1	0.001768535585142672
FOXO1	MINDY3	0.0017683478072285652
ELF1	STAT2	0.0017680857563391328
JUN	TMEM50B	0.001767992740496993
CBFB	CDCA4	0.001767816487699747
RAD21	DHFR	0.0017676480347290635
RAD21	PFKFB3	0.0017676274292171001
NFAT5	CFP	0.0017674374394118786
HDAC2	POR	0.0017672821413725615
HDAC2	APOE	0.001766639994457364
ELF1	METTL27	0.0017665814375504851
WDR5	IL27RA	0.0017657264834269881
STAT2	GRIA3	0.0017654976109042764
CBFB	ELMO2	0.0017650232184678316
IRF8	FBXO5	0.0017645510379225016
RPA1	FLNA	0.0017641950398683548
SATB1	TFG	0.0017641476588323712
SATB1	PHF10	0.001763851847499609
WDR5	SLC19A1	0.00176375568844378
MEIS1	PRTN3	0.001763736829161644
STAT2	ORC6	0.0017632010858505964
NFAT5	TMEM37	0.0017631866503506899
HDAC2	RAB31	0.001763138105161488
GFI1B	ARHGAP15	0.0017631161026656628
GFI1B	NDUFS1	0.0017628999194130301
RAD21	PATL1	0.0017626621993258595
RPA2	TMEM97	0.0017626547487452626
IKZF1	WDR5	0.0017623616149649024
STAT2	NSUN2	0.0017622695304453373
STAT2	TMEM206	0.0017619769787415862
GFI1B	HDGF	0.001761954976245761
CBX7	API5	0.0017618960700929165
RAD51	MAN2A2	0.0017617561388760805
SATB1	GIMAP1	0.001761566731147468
IKZF1	CALCRL	0.0017612046794965863
WDR5	DDX58	0.0017611442599445581
ELF1	CSGALNACT2	0.001761007122695446
HCFC1	NSD2	0.0017606626497581601
CBFB	KCTD20	0.0017606507753953338
RAD21	VKORC1L1	0.0017593317897990346
RAD21	SMARCA2	0.001758982427418232
JUN	ACAA2	0.0017587685724720359
RAD51	EML4	0.0017581213032826781
WDR5	SNHG5	0.0017580360872671008
ELF1	CDKN1A	0.0017579643754288554
HDAC2	RIN3	0.0017571523785591125
MYC	PPP1CB	0.001755652716383338
STAT2	XPC	0.0017556222155690193
HDAC2	FARSB	0.0017552328063175082
MYC	IDH1	0.0017551857745274901
JUN	ZFP53	0.001754643744789064
HCFC1	PBX1	0.0017545786686241627
RAD21	ADO	0.001754570985212922
GFI1B	TENT5A	0.0017545277951285243
MYC	MTREX	0.001754266326315701
IKZF1	RNF122	0.001754019525833428
GFI1B	TIMP2	0.001753952936269343
CBX7	PLAC8	0.0017537659732624888
RAD21	NUDT19	0.0017537144012749195
FOXO1	HK3	0.001753368298523128
RPA2	PTTG1IP	0.0017533261561766267
IKZF1	NDRG1	0.0017527448944747448
RAD21	DCAF13	0.001752654556185007
GFI1B	HAT1	0.0017521462868899107
GATA2	KIF11	0.0017521015834063292
IKZF1	ACOT9	0.0017517796950414777
HCFC1	TTF2	0.00175167853012681
GFI1B	ETF1	0.0017515619983896613
CBFB	STAG2	0.0017512907506898046
RAD21	TGTP2	0.0017512831836938858
ELF1	ANKRD44	0.0017510582692921162
IRF8	SPC24	0.001751005882397294
JUN	MGAT5	0.0017507217125967145
RPA1	CYFIP2	0.0017505346331745386
WDR5	ITIH5	0.0017504491843283176
RAD21	CST7	0.001750321127474308
IKZF1	FASTKD3	0.0017499024979770184
ELF1	GATM	0.001749813905917108
GATA2	PHF11B	0.0017497566295787692
ELF1	EDEM1	0.001749581191688776
HDAC2	PRPS2	0.00174952473025769
WDR5	E2F8	0.0017494214698672295
HDAC2	ZFP467	0.0017485065618529916
RAD21	CENPO	0.0017476760549470782
GATA2	CDCA4	0.0017474776832386851
RAD21	TOP3B	0.001747428672388196
CBFB	RIN3	0.001745650079101324
WDR5	ZNRF2	0.0017456489149481058
RPA2	TUBA4A	0.0017452997853979468
GFI1B	SMPDL3A	0.0017452286556363106
GATA2	NAP1L3	0.0017451300518587232
RPA1	MFSD14B	0.0017447968712076545
SPI1	PHKB	0.0017440291121602058
MYC	SERPINA3G	0.0017438919749110937
RPA1	SIRPA	0.0017437137430533767
HDAC2	POLR1B	0.001743689295835793
IKZF1	CAPG	0.0017435181653127074
STAT2	MIR17HG	0.001743446453474462
GFI1B	SDC4	0.0017434415640309453
RPA1	GARS	0.0017430690350010991
RAD21	ACLY	0.001742639346048236
HCFC1	ABCG2	0.001742375548928976
ELF1	PATL1	0.0017421225784346461
IRF8	ANKRD44	0.0017419577343389392
WDR5	RAB38	0.0017416118644177914
NFAT5	GTF2F1	0.0017415884649381042
SPI1	FIGNL1	0.0017415386391803622
GATA2	WDHD1	0.001741293235681951
STAT2	PPP1CB	0.0017411200096830726
IRF8	NUAK2	0.0017403707606717944
SATB1	TIFAB	0.0017403033562004566
IKZF1	PITPNC1	0.0017400617944076657
FOXO1	EPSTI1	0.0017397628398612142
WDR5	GM5111	0.0017397120827808976
JUN	F11R	0.0017396495677530766
STAT2	PHF10	0.001738539431244135
SPI1	ERLIN1	0.0017384712118655443
IKZF1	PLXNC1	0.0017381845973432064
MYC	COLGALT1	0.0017374056624248624
NFAT5	DLST	0.0017371787689626217
GFI1B	NCLN	0.0017365588573738933
IKZF1	NDN	0.0017363580409437418
WDR5	UAP1	0.0017354254378005862
RAD21	H2-Q6	0.0017353600123897195
GATA2	CDC7	0.0017353218281641603
IRF8	HDAC2	0.0017352572176605463
WDR5	SIGLECG	0.001735104015097022
RPA1	EZR	0.0017350317211821675
IKZF1	LONP2	0.001734408549964428
MYC	RB1	0.0017343151848763227
CBFB	PTDSS1	0.0017340534832328558
IRF8	AGPS	0.0017336830496788025
MYC	ALAS1	0.001733443234115839
NFAT5	RFC4	0.001732747768983245
HDAC2	SRSF1	0.001732665696181357
IKZF1	ACOX3	0.001732444972731173
NFAT5	NUP107	0.0017324206419289112
ELF1	SMPD4	0.0017321729101240635
SPI1	RNF4	0.0017318803584203124
MYC	MFSD1	0.0017318399623036385
MYC	TBL3	0.0017317624296993017
MYC	SYTL1	0.00173174066003412
RAD21	HDGFL3	0.0017316782614216208
IRF8	NDUFS1	0.00173166673630476
IRF8	MED16	0.001731631811708212
GFI1B	BC005561	0.001731416559778154
HDAC2	S100A6	0.0017313725547865033
GFI1B	TMEM97	0.0017312112031504512
WDR5	CD44	0.001731199212372303
STAT2	MNS1	0.0017307548550888896
IRF8	CDCA3	0.0017304086359217763
GATA2	BID	0.0017303471686318517
RAD21	RTP4	0.0017302968772128224
RAD21	IDH1	0.0017299915198236704
HDAC2	HELLS	0.0017299887258559465
ELF1	SIRPA	0.00172993924934417
HCFC1	ERCC8	0.0017298395978286862
NFAT5	ZFP24	0.0017298167804256082
RAD21	TCP11L2	0.0017297769663855433
ELF1	CKAP2L	0.0017296122387051582
GFI1B	GOLIM4	0.0017295393627136946
NFAT5	PIM2	0.0017295170109719038
JUN	NCAPH	0.0017295153811573982
IKZF1	COL4A1	0.0017293418059125543
FOXO1	FOXRED1	0.001729216892272234
CBFB	UBASH3A	0.001729195355437696
CBFB	TCN2	0.001728901406750083
WDR5	COL4A2	0.0017288641538470984
JUN	LRRC8B	0.001728762872517109
IRF8	TCP11L2	0.0017286950023844838
ELF1	OSBPL1A	0.001728162169456482
CBFB	MBNL3	0.0017279828898608685
JUN	USP37	0.0017273990670219064
HDAC2	SDF2L1	0.00172725401353091
HDAC2	ARFGEF2	0.0017268082592636347
IKZF1	PECAM1	0.0017263598274439573
HDAC2	PATL1	0.0017261370085179806
ELF1	CCNF	0.0017259882297366858
HCFC1	TCF19	0.0017256203573197126
SATB1	RAD51AP1	0.0017256191931664944
WDR5	TAB1	0.0017250169767066836
CBFB	SCARF1	0.001724993926472962
CBFB	POLE	0.0017247782088816166
GFI1B	RAD21	0.0017247546929866076
CBFB	AGPS	0.0017246014904230833
HCFC1	TNFAIP2	0.0017245594644919038
HDAC2	RCC1	0.0017245349008589983
SPI1	DNAJC5	0.0017244807677343488
RAD51	TUBGCP3	0.00172431708779186
SPI1	TRMT11	0.0017241734312847257
RPA1	CDCA5	0.0017239630687981844
ELF1	CTSZ	0.0017231658566743135
FOXO1	TOMM40	0.0017230997327715158
MYC	COQ8A	0.0017220989102497697
SATB1	DUS1L	0.0017218642169609666
STAT2	PCMTD2	0.0017218253342434764
GFI1B	SHMT1	0.0017217437271028757
RAD21	IFI44	0.0017216303385794163
CBFB	SPCS3	0.0017214453546330333
HCFC1	ARID2	0.0017210539663210511
WDR5	PNO1	0.001720794360153377
SPI1	ENG	0.001720518572255969
HCFC1	AP3S1	0.0017205054173246026
IRF8	PRSS57	0.0017204901669174433
STAT2	GNL3	0.0017202121671289206
GATA2	CCNE2	0.0017198947025462985
HCFC1	PYGM	0.0017197738634422421
STAT2	TBC1D5	0.00171970936935395
IRF8	TBC1D5	0.0017195799155160785
ELF1	LY9	0.0017193671083077788
SATB1	LGALS1	0.0017193605890497565
IRF8	RCC1	0.0017190774669870734
NFAT5	NCAPH	0.0017189265927299857
SPI1	KPNA1	0.001718637766316533
HCFC1	HAT1	0.0017181365983560681
HCFC1	NPTN	0.0017181308940052986
JUN	GARS	0.0017178059788420796
GATA2	SLC39A6	0.0017177150584757328
RAD21	XRCC3	0.0017176346154883504
HCFC1	OTULINL	0.0017175832763314247
RPA2	TAF12	0.001717115519568324
GATA2	IL6ST	0.0017170861829072237
ELF1	CD69	0.0017170676728710532
CBFB	MIR99AHG	0.0017170001519843936
WDR5	NKG7	0.0017167885089293122
FOXO1	PIM2	0.0017162755830213428
CBFB	SNRNP200	0.0017161155119538307
STAT2	STRAP	0.0017158504342660308
RPA2	CYP4V3	0.00171583890914917
ELF1	LMAN2L	0.001715527381747961
RAD21	NASP	0.0017150662606582046
SPI1	BATF2	0.0017149432096630335
IKZF1	CASP1	0.0017143989680334926
IKZF1	AFAP1L1	0.0017141393618658185
ELF1	PSMD9	0.001714104088023305
SPI1	SEC24D	0.0017140548443421721
RAD21	IRGM2	0.0017140250420197845
CBFB	SGPP1	0.0017137113027274609
MYC	TGFBR1	0.0017136619426310062
RAD21	JARID2	0.001713461708277464
RPA1	MOGS	0.001713164267130196
SPI1	SLC30A5	0.0017127546016126871
HDAC2	SNHG5	0.00171238265465945
SPI1	TRIM35	0.0017123260768130422
ELF1	GUCY1A1	0.0017122194403782487
ELF1	D1ERTD622E	0.0017122112913057208
GFI1B	GIMAP8	0.0017121890559792519
MYC	MILR1	0.0017119525000452995
RAD51	NCAPD2	0.0017115124501287937
RPA2	PRMT7	0.0017114520305767655
GFI1B	FASTKD2	0.0017110868357121944
FOXO1	CSF3R	0.0017102286219596863
NFAT5	DHX33	0.0017101956764236093
JUN	RMND5A	0.0017101410776376724
CBFB	PARVG	0.0017097232630476356
STAT2	CSTF2	0.0017097225645557046
RAD21	TRPS1	0.0017096840310841799
CBFB	CCL9	0.0017094612121582031
ELF1	CST7	0.001709422213025391
IRF8	GLIPR2	0.001709221163764596
NFAT5	FCER1G	0.0017087293090298772
HDAC2	RPA1	0.001708631170913577
WDR5	NCAPD2	0.0017084024148061872
IRF8	SLC37A1	0.0017083806451410055
GFI1B	TBC1D2B	0.0017083319835364819
RAD21	IFITM1	0.0017080589896067977
RAD21	SPNS2	0.0017077517695724964
NFAT5	E2F8	0.0017074592178687453
IKZF1	GABBR1	0.0017074127681553364
RAD21	HNRNPAB	0.0017066259169951081
MYC	MIEF1	0.0017065898282453418
MYC	TTLL12	0.0017065287102013826
SATB1	CYP4V3	0.001706449082121253
IKZF1	PRODH	0.0017061036778613925
HDAC2	STARD7	0.0017060998361557722
GFI1B	NAA50	0.001706041512079537
RAD21	CCDC137	0.0017059812089428306
HCFC1	MTCH2	0.0017058380180969834
STAT2	POR	0.001705598901025951
IKZF1	VAV1	0.0017055294010788202
SATB1	GMNN	0.0017054706113412976
JUN	RORC	0.0017051789909601212
IRF8	FEM1A	0.0017050451133400202
ELF1	COL4A2	0.001704963156953454
JUN	RAD51AP1	0.001704890513792634
RAD21	SEH1L	0.0017047838773578405
CBFB	NEAT1	0.0017042284598574042
ELF1	CISH	0.0017040889943018556
HDAC2	SH3BGRL	0.0017040350940078497
NFAT5	NOLC1	0.0017036286881193519
RAD21	CDKN1A	0.0017033540643751621
RAD21	RANBP3	0.0017032538307830691
SPI1	TXNIP	0.0017031622119247913
GATA2	NCAPG2	0.0017031438183039427
JUN	SLCO3A1	0.001702763605862856
CBFB	MCOLN2	0.0017027102876454592
IKZF1	WDR55	0.0017024672124534845
IRF8	CYC1	0.0017021872336044908
WDR5	FGFR1OP	0.001702084089629352
ELF1	TIPIN	0.00170203298330307
SATB1	PPP1CB	0.0017019921215251088
SATB1	PIK3R2	0.001701698056422174
MYC	ADO	0.0017015788471326232
RPA2	NAA50	0.001701487461104989
GATA2	PNO1	0.0017007130663841963
RPA1	SLC16A1	0.0017006656853482127
NFAT5	MXD3	0.0017004793044179678
IKZF1	ERGIC1	0.001700358814559877
RAD21	NUP88	0.001699955202639103
CBFB	MAPKAPK3	0.0016998597420752048
RPA2	PSMD1	0.0016993392491713166
GFI1B	CNN3	0.0016991172451525927
STAT2	CDCA7	0.0016990161966532469
MYC	CSTF2	0.001699016080237925
CBFB	HARS	0.0016986464615911245
WDR5	RPS6KA5	0.0016983223613351583
IKZF1	GATM	0.0016978870844468474
HCFC1	MYO1G	0.0016974937170743942
STAT2	COPB1	0.0016972484299913049
MYC	AI504432	0.0016970318974927068
RPA2	EMID1	0.001696963096037507
CBFB	ZMIZ1	0.0016969601856544614
HDAC2	MAP4K2	0.0016966578550636768
HDAC2	CDK18	0.001696634804829955
JUN	TM6SF1	0.001696531311608851
WDR5	MPL	0.0016963970847427845
IKZF1	F13A1	0.0016963358502835035
STAT2	TBC1D10C	0.0016963250236585736
HCFC1	DDX1	0.0016956472536548972
CBFB	PRODH	0.0016953895101323724
HCFC1	SUSD3	0.0016950082499533892
SPI1	ZDHHC6	0.0016948713455349207
RAD21	PNO1	0.001694858423434198
CBFB	CERS6	0.0016946691321209073
HDAC2	IARS2	0.0016944326926022768
HCFC1	PHF11B	0.0016944248927757144
RAD21	SHISA8	0.001694322912953794
HCFC1	NUDT4	0.0016942510847002268
SATB1	ME2	0.0016938268672674894
RPA1	STT3B	0.0016929944977164268
MYC	PSMG2	0.0016929175471886992
IKZF1	DENND2D	0.0016924698138609529
GFI1B	PROCR	0.0016919084591791034
HDAC2	DNAJC11	0.0016916299937292933
CBFB	B3GNT5	0.0016916118329390883
SPI1	JPT2	0.0016915604937821627
WDR5	SOAT1	0.001691508456133306
RAD21	PLXNC1	0.0016914450097829103
WDR5	METAP1	0.0016913479194045067
HCFC1	TRMT6	0.0016912949504330754
MYC	MSMO1	0.0016911134589463472
RAD21	CAPG	0.001690955483354628
IKZF1	ATRN	0.0016906154341995716
FOXO1	STIP1	0.0016901706112548709
WDR5	KIF11	0.0016900507034733891
HCFC1	TRAP1	0.0016891948180273175
HCFC1	DDX21	0.0016891228733584285
STAT2	PHF5A	0.0016889759572222829
SATB1	ACOX1	0.0016889639664441347
SATB1	RAB38	0.0016884492943063378
HCFC1	FCGR2B	0.0016883285716176033
IKZF1	IPO9	0.0016877996968105435
CBFB	BCL2	0.001687771757133305
WDR5	TEX10	0.001687221578322351
RPA2	CDCA5	0.0016869432292878628
SPI1	HSPH1	0.0016868887469172478
RAD21	PUS7	0.0016868181992322206
CBX7	ZHX1	0.0016867569647729397
IKZF1	TMEM229B	0.0016866918886080384
SATB1	PBX1	0.0016864128410816193
SPI1	MAMDC2	0.001686227973550558
WDR5	PARP8	0.0016859197057783604
GFI1B	ELP2	0.0016858556773513556
GFI1B	FCER1G	0.0016857243608683348
RAD21	DUS1L	0.0016850150423124433
CBFB	SETD2	0.0016844988567754626
RPA2	HDGFL3	0.0016843462362885475
GFI1B	ZC3H7A	0.0016843100311234593
SATB1	IDH1	0.0016839522868394852
JUN	CSGALNACT2	0.0016839475138112903
WDR5	GTF2H1	0.0016838484443724155
STAT2	RPP40	0.0016836912836879492
WDR5	MPO	0.0016836208524182439
STAT2	EEF1E1	0.0016834302805364132
RPA2	TNFAIP2	0.0016831343527883291
HDAC2	RAD21	0.0016830572858452797
IRF8	TES	0.0016828340012580156
HCFC1	TLR4	0.0016827030340209603
RAD21	SF3B3	0.001682411297224462
SPI1	SFXN1	0.0016821275930851698
RAD51	IL27RA	0.0016819766024127603
HCFC1	RRM2	0.0016819428419694304
IKZF1	FAM189B	0.0016809969674795866
SATB1	CBX5	0.0016801664605736732
CBX7	IFRD2	0.0016799040604382753
MYC	LONP2	0.0016797165153548121
RPA2	USP14	0.0016795851988717914
ELF1	PAK1	0.0016795337432995439
SPI1	ARHGEF18	0.001679255859926343
NFAT5	INTS8	0.0016789695946499705
STAT2	NUDCD1	0.001678796368651092
NFAT5	SFXN1	0.0016787131316959858
CBFB	ALAS1	0.0016783393220975995
SATB1	FASTKD3	0.0016780267469584942
IRF8	IARS2	0.0016778208082541823
RAD21	TSPAN3	0.0016776229022070765
FOXO1	GPR160	0.0016775991534814239
WDR5	ADA	0.0016775408294051886
CBX7	LGALS1	0.0016772141680121422
IKZF1	NAMPT	0.00167706492356956
HCFC1	CASP4	0.0016763348830863833
SPI1	STT3B	0.001676247688010335
IRF8	AFAP1L1	0.0016757962293922901
WDR5	DCK	0.0016757299890741706
GFI1B	NUP93	0.001675647683441639
GFI1B	TUBGCP2	0.0016756384866312146
IRF8	RB1	0.0016752115916460752
RPA1	SOAT1	0.0016751851653680205
ELF1	ELP2	0.0016751070506870747
WDR5	NPLOC4	0.0016750575741752982
SPI1	USP14	0.0016750413924455643
STAT2	GCLC	0.0016750413924455643
NFAT5	MINDY3	0.0016750057693570852
SATB1	OSGIN1	0.0016746923793107271
RPA2	MCOLN2	0.0016742096049711108
MEIS1	ECT2	0.0016739650163799524
SPI1	MIEF1	0.0016739494167268276
MYC	NDUFA10	0.0016737185651436448
RAD21	SLC22A3	0.0016735129756852984
ELF1	PLXNC1	0.0016732353251427412
MYC	GCLC	0.0016730093630030751
SPI1	TSPAN14	0.0016726851463317871
SPI1	WDHD1	0.0016726779285818338
IKZF1	MBNL3	0.0016724957386031747
SPI1	FAR1	0.001672247308306396
MEIS1	GTF2F1	0.0016719753621146083
MYC	PPM1F	0.001671740086749196
GFI1B	ATF7	0.0016716066747903824
RAD21	CSF3R	0.0016715755918994546
RAD21	SEC23IP	0.0016715343808755279
RPA2	FAM91A1	0.0016710608033463359
RPA1	INCENP	0.0016708431066945195
SPI1	IPO9	0.0016707306494936347
STAT2	SDF2L1	0.0016701486892998219
CBFB	PRDM16	0.0016699600964784622
MYC	VKORC1L1	0.0016699115512892604
STAT2	API5	0.0016696405364200473
NFAT5	SRM	0.0016694251680746675
HDAC2	ADORA2A	0.0016693846555426717
HCFC1	MCPT8	0.0016691598575562239
GFI1B	GMNN	0.0016690209740772843
ELF1	ABCE1	0.0016688393661752343
ELF1	ISYNA1	0.0016686321469023824
CBFB	RAB38	0.0016684354050084949
CBX7	RAB31	0.0016683932626619935
RAD21	PRMT7	0.0016677118837833405
WDR5	MXD3	0.001667560893110931
CBX7	DDX20	0.0016675436636433005
IRF8	FUT7	0.0016675022197887301
JUN	MINDY3	0.001667145756073296
RAD21	MPL	0.0016671011690050364
NFAT5	BC035044	0.001667066477239132
IKZF1	ACLY	0.0016669878968968987
MEIS1	GBP3	0.0016667799791321158
JUN	PATL1	0.001666554599069059
IKZF1	SGPP1	0.0016662656562402844
SPI1	ELMO2	0.0016660817200317979
RAD21	MAPK1	0.0016656412044540048
HCFC1	EFTUD2	0.0016652565682306886
IKZF1	FCER1G	0.0016652290942147374
RPA1	NOLC1	0.001665109652094543
SATB1	SLC28A2	0.0016646571457386017
STAT2	NDUFA10	0.0016645663417875767
CBFB	FLNB	0.001664383220486343
RPA1	SLC35B4	0.0016642074333503842
GFI1B	MSMO1	0.0016639914829283953
GFI1B	CALCRL	0.001663791248574853
CBFB	ADO	0.001663695089519024
RPA2	DNTT	0.0016633826307952404
ELF1	MFSD14B	0.0016632687766104937
NFAT5	CEP55	0.0016630702884867787
MYC	SERP1	0.0016630262834951282
HCFC1	PPP1R15A	0.0016629929887130857
MYC	QARS	0.001662857597693801
SPI1	YBX3	0.00166276132222265
ELF1	CSF1R	0.001662531984038651
CBX7	TAF12	0.0016624473500996828
FOXO1	PA2G4	0.0016623191768303514
SATB1	RFC4	0.0016618066001683474
RAD21	PRKCQ	0.0016616793582215905
IRF8	TSPOAP1	0.0016615749336779118
HDAC2	GTF2H1	0.001661504851654172
CBX7	PHF10	0.0016614488558843732
IRF8	ARHGEF18	0.0016612042672932148
WDR5	PRPS2	0.0016610176535323262
WDR5	PRPF4	0.0016609635204076767
GFI1B	GNG12	0.0016608759760856628
IRF8	IMMT	0.0016607409343123436
GFI1B	NEDD1	0.0016605948330834508
WDR5	PTTG1IP	0.00166033033747226
HCFC1	DEF8	0.0016600402304902673
WDR5	ERGIC1	0.0016599779482930899
SPI1	ISYNA1	0.0016594778280705214
JUN	IRF6	0.0016591292805969715
HDAC2	HYOU1	0.0016589744482189417
CBFB	UBE2L6	0.0016589502338320017
RAD21	EMB	0.0016589424340054393
HDAC2	IDH1	0.0016589113511145115
IRF8	SLC19A1	0.0016585636185482144
HCFC1	MTUS1	0.001658558496274054
JUN	ATP6AP2	0.001658500637859106
CBFB	TFR2	0.0016576882917433977
RAD21	NUP107	0.001657686778344214
IKZF1	PLA2G15	0.0016566896811127663
IRF8	STARD7	0.0016564560355618596
HDAC2	POLE3	0.0016564171528443694
RAD21	NUP155	0.0016556907212361693
CBFB	FTX	0.0016556120244786143
JUN	ATAD1	0.0016551660373806953
RAD21	RNF38	0.0016550772124901414
HCFC1	GGTA1	0.0016543505480512977
RAD21	CD244A	0.0016542370431125164
SPI1	SMARCA2	0.0016541080549359322
JUN	LAPTM4B	0.0016539825592190027
RAD21	MCM4	0.0016534976894035935
SPI1	FAM91A1	0.001653051469475031
GFI1B	TRAP1	0.0016525638056918979
IRF8	ELANE	0.0016524952370673418
GATA2	MAD2L1	0.001652289996854961
GATA2	CYBC1	0.0016522216610610485
JUN	UMPS	0.0016518514603376389
HCFC1	ERGIC1	0.0016514818416908383
FOXO1	NUP93	0.001651459257118404
IRF8	HUS1	0.0016511051217094064
GFI1B	HDAC11	0.0016509915003553033
GFI1B	TBC1D10C	0.0016509763663634658
WDR5	FASTKD2	0.0016507641412317753
SATB1	ZBTB16	0.0016505650710314512
STAT2	CENPK	0.0016499770572409034
SPI1	MBNL3	0.0016497982433065772
RPA2	NEIL3	0.0016496742609888315
ELF1	FAR1	0.001649561570957303
IRF8	ZDHHC6	0.0016494664596393704
ELF1	FAM171A1	0.0016492009162902832
ELF1	USP14	0.0016489977715536952
RPA2	ARMT1	0.001648491364903748
HCFC1	ABL1	0.0016477357130497694
CBFB	GEM	0.0016476515447720885
MEIS1	TMEM184C	0.0016473729629069567
CBFB	TRMT11	0.0016472004354000092
IKZF1	AW112010	0.0016469325637444854
SPI1	CTLA2A	0.0016468875110149384
ELF1	NFE2	0.0016467781970277429
SATB1	CTSF	0.0016465187072753906
RAD51	EZR	0.0016464092768728733
IRF8	DDX20	0.0016462515341117978
JUN	HMBS	0.0016459270846098661
HDAC2	PRODH	0.0016452426789328456
RAD21	CD82	0.001645200070925057
RAD51	PHF6	0.0016451763221994042
MYC	FUCA2	0.0016448829555884004
WDR5	CENPA	0.0016447851667180657
ELF1	PFKFB3	0.001644688192754984
HCFC1	INTS8	0.0016446824884042144
IRF8	VPS35	0.0016446635127067566
IKZF1	ZFP36	0.0016444051871076226
RPA1	OTUD4	0.0016443409258499742
RPA1	UAP1	0.0016442599007859826
RAD21	RFC5	0.0016442175256088376
SPI1	EYA2	0.0016440795734524727
ELF1	MSMO1	0.0016438610618934035
RAD21	NRROS	0.001643815659917891
IRF8	BPIFC	0.001643757801502943
RAD21	SLC37A1	0.0016437431331723928
FOXO1	IMMT	0.001643686555325985
RPA1	PRPF4	0.0016434660647064447
RAD21	UBA7	0.001642745453864336
RPA2	NECAP2	0.00164272531401366
RAD21	MRPL37	0.0016426241490989923
RAD21	PPM1G	0.0016422125045210123
RPA2	MTFR1	0.0016418544109910727
RAD21	FAM91A1	0.0016411200631409883
GFI1B	LCP2	0.0016405413625761867
MEIS1	EPAS1	0.0016404748894274235
CBX7	ANXA3	0.0016401371685788035
ELF1	DUS1L	0.001639730529859662
IRF8	MYC	0.0016396136488765478
ELF1	KRT18	0.0016393987461924553
HDAC2	GIMAP1	0.001638940186239779
WDR5	MYO1F	0.0016388680087402463
CBFB	MTFR1	0.0016388579970225692
WDR5	LAP3	0.0016385760391131043
CBFB	NUP88	0.001638540648855269
JUN	BC035044	0.0016383971087634563
IRF8	ARID2	0.0016383934998884797
IKZF1	IL27RA	0.0016382646281272173
HCFC1	NCEH1	0.0016381186433136463
IKZF1	CERS4	0.0016376655548810959
IRF8	PPAT	0.0016368324868381023
IRF8	NUP93	0.0016367073403671384
ELF1	RGS1	0.0016358833527192473
NFAT5	TRIB3	0.0016358410939574242
RAD21	TES	0.0016355467960238457
CBFB	XRCC6	0.001635147724300623
HCFC1	PKIB	0.001634621643461287
GATA2	NCAPH	0.001634496496990323
SPI1	SAMD9L	0.0016343632014468312
RPA2	SLC35A4	0.0016342210583388805
STAT2	BCAP29	0.0016342095332220197
CBX7	MTCH2	0.0016341808950528502
NFAT5	PFKFB3	0.0016336991684511304
NFAT5	KIF17	0.0016335967229679227
IKZF1	MYC	0.0016335694817826152
ELF1	LRRC8B	0.001632907660678029
IRF8	NFAT5	0.0016328254714608192
ELF1	SLC35E1	0.0016328071942552924
FOXO1	TACC3	0.0016323198797181249
RAD21	EMCN	0.0016321524744853377
RAD21	TFR2	0.0016317835543304682
NFAT5	GP9	0.0016308429185301065
GFI1B	EZR	0.001630354207009077
NFAT5	STOM	0.0016303511802107096
STAT2	XRCC6	0.0016296545509248972
NFAT5	SOX18	0.00162946293130517
RAD21	BACE1	0.0016293827211484313
CBX7	ALDH9A1	0.0016293810913339257
JUN	CTC1	0.0016291375504806638
GFI1B	DLST	0.00162890471983701
CBFB	OSBPL1A	0.0016288240440189838
HCFC1	AP1S2	0.0016286264872178435
IKZF1	MLKL	0.0016285749152302742
IRF8	9530068E07RIK	0.0016282079741358757
CBFB	JAM3	0.0016281314892694354
SPI1	POLA2	0.0016280894633382559
HCFC1	PITPNC1	0.0016280299751088023
GFI1B	NAPSA	0.0016274371882900596
IKZF1	KCNK5	0.001627366291359067
ELF1	TBC1D5	0.0016272920183837414
GFI1B	IL17RA	0.0016263985307887197
STAT2	PRPS2	0.0016263549914583564
HCFC1	STT3B	0.0016261105192825198
NFAT5	SLC16A1	0.001626001438125968
HCFC1	RPP40	0.0016255811788141727
GFI1B	JARID2	0.0016254211077466607
SPI1	LAX1	0.0016244191210716963
WDR5	NUDCD1	0.0016243861755356193
GATA2	CD34	0.0016242021229118109
IRF8	UMPS	0.001623910153284669
SPI1	FAM102B	0.0016233610222116113
HCFC1	GYS1	0.0016228259773924947
SATB1	RABGGTB	0.0016225407598540187
IKZF1	SLC7A4	0.001622434938326478
STAT2	LONP2	0.001622251933440566
WDR5	GNG2	0.0016221299301832914
CBFB	SPNS3	0.0016219295794144273
NFAT5	F13A1	0.0016205281717702746
ELF1	SELENBP1	0.0016204267740249634
RAD21	PHKB	0.0016203131526708603
HDAC2	PTGS1	0.0016201904509216547
CBFB	SVIP	0.001620022812858224
RAD21	XRCC6	0.0016199613455682993
CBFB	CTSG	0.001619810122065246
HDAC2	IGTP	0.0016196969663724303
HCFC1	SLC35A4	0.0016196846263483167
SPI1	TRP53I11	0.0016196694923564792
IRF8	JPT2	0.0016191968461498618
RPA2	SPPL2B	0.001619116635993123
SPI1	GATM	0.0016189687885344028
RAD51	KPNA3	0.0016188726294785738
STAT2	NPTN	0.0016185909043997526
RPA2	IARS2	0.001618572510778904
HCFC1	RPRD1B	0.0016185373533517122
IKZF1	REXO4	0.001617669127881527
HDAC2	NAV1	0.0016171548049896955
RAD21	TAB1	0.0016170802991837263
IRF8	METTL7A1	0.0016170316375792027
ELF1	PREP	0.001616684254258871
JUN	SGO1	0.001616537687368691
WDR5	PLA2G12A	0.0016165279084816575
WDR5	TOR3A	0.0016164478147402406
CBFB	FCER1G	0.0016160443192347884
MYC	NMD3	0.0016157093923538923
MEIS1	YBX3	0.0016147091519087553
GFI1B	CDC6	0.00161455397028476
JUN	MPI	0.0016142866807058454
HCFC1	MIS12	0.0016137014608830214
IRF8	THADA	0.0016133931931108236
WDR5	ANKRD44	0.0016131476731970906
ELF1	GRK3	0.0016130591975525022
ELF1	GABBR1	0.0016128990100696683
RAD51	HCFC1	0.00161286152433604
SATB1	NCEH1	0.0016127664130181074
IRF8	9530082P21RIK	0.0016127645503729582
HDAC2	TESPA1	0.0016126979608088732
HDAC2	E2F8	0.0016123224049806595
IKZF1	XPNPEP1	0.001612286432646215
GFI1B	IL12A	0.0016120412619784474
IRF8	STT3B	0.0016119895735755563
HDAC2	RHOF	0.0016119512729346752
ELF1	ATP8B4	0.0016118951607495546
HDAC2	PANX1	0.001611832994967699
JUN	RTP4	0.0016117278719320893
ELF1	PRR5	0.0016116858460009098
CBFB	PTTG1IP	0.0016115275211632252
ELF1	MXD3	0.0016113849123939872
JUN	CD93	0.0016110679134726524
SPI1	ABCE1	0.0016110154101625085
RPA2	TUBGCP3	0.0016107921255752444
IRF8	CHCHD10	0.0016103333327919245
RAD21	MTOR	0.0016102878144010901
RAD21	MOGS	0.0016102755907922983
RAD51	HMBS	0.001610239502042532
MYC	GTF2H1	0.001610210514627397
HCFC1	SGCE	0.0016100533539429307
NFAT5	HSPA1A	0.0016098732594400644
IKZF1	F11R	0.0016098103951662779
GFI1B	SCARF1	0.0016095902537927032
GFI1B	MSH6	0.001609196187928319
SPI1	TRIM16	0.0016088513657450676
CBX7	DLST	0.001608733437024057
ELF1	SMPDL3A	0.001608207356184721
SATB1	ACSS2	0.0016080617206171155
RAD21	SERPINB1A	0.0016079338965937495
HDAC2	RTEL1	0.0016077301697805524
SPI1	LRRC8B	0.0016076915198937058
RAD51	GARS	0.0016076737083494663
RAD21	ADGRG3	0.0016075922176241875
RPA2	MGAT1	0.0016075314488261938
MYC	EIF1AD	0.0016071590362116694
JUN	RIN3	0.0016069564735516906
IKZF1	CD274	0.0016066962853074074
IKZF1	GUCY1A1	0.0016065869713202119
MEIS1	ARL11	0.001606266712769866
IRF8	CENPA	0.0016062346985563636
CBFB	SLC22A3	0.0016061054775491357
RPA1	CS	0.0016054650768637657
SATB1	G6PDX	0.0016054539009928703
ELF1	MCM4	0.0016048650722950697
HCFC1	E2F4	0.001604489516466856
IRF8	HP	0.0016044701915234327
SATB1	PYGM	0.0016043928917497396
STAT2	TUBA4A	0.001604144461452961
JUN	ATG12	0.0016039969632402062
NFAT5	TK1	0.0016036798479035497
GFI1B	CCNA2	0.001603033160790801
STAT2	ATP1B3	0.0016027108067646623
STAT2	JUN	0.001602155389264226
JUN	TYMS	0.0016021340852603316
ELF1	TCIRG1	0.0016020096372812986
HCFC1	IARS	0.0016018946189433336
RAD21	PPID	0.0016013154527172446
HCFC1	PHB2	0.0016011156840249896
RAD21	ZFP53	0.0016010385006666183
ELF1	WDR55	0.0016007904196158051
MYC	SH3BGRL	0.0016007238300517201
HDAC2	MRPL37	0.0016001585172489285
IRF8	PLAC8	0.0016000015893951058
SATB1	ADSSL1	0.0015989260282367468
NFAT5	VPS16	0.0015989172970876098
MYC	LPCAT2	0.0015987734077498317
IRF8	UBA2	0.0015986738726496696
MYC	GIMAP1	0.001597935683093965
WDR5	BC005561	0.0015978513984009624
IKZF1	CYP2J6	0.0015978338196873665
WDR5	ADORA2A	0.00159744534175843
HDAC2	TRIM59	0.0015969584928825498
WDR5	KIF20B	0.0015963800251483917
MYC	SOAT1	0.0015960823511704803
RAD21	AI506816	0.0015957743162289262
ELF1	GM4951	0.0015955789713189006
ELF1	F11R	0.0015954554546624422
SPI1	IFI44	0.001595252426341176
GFI1B	IKZF1	0.001595151610672474
SPI1	ICAM1	0.0015936089912429452
CBFB	ABCG2	0.0015932777896523476
HCFC1	UHRF1	0.0015932329697534442
GFI1B	CTSZ	0.0015923604369163513
CBX7	SFXN1	0.0015919902361929417
RPA1	ELP2	0.0015918094431981444
GFI1B	TIPIN	0.00159147335216403
RPA1	GALNS	0.0015912309754639864
CBX7	PRIM1	0.0015912047820165753
WDR5	CDC7	0.0015911560039967299
SPI1	KCTD20	0.001590823638252914
MYC	FAM91A1	0.0015906747430562973
CBX7	SYK	0.0015903270104900002
SPI1	COQ8A	0.0015903102466836572
RAD21	EYA2	0.0015901527367532253
NFAT5	MGAT5	0.001590132829733193
HCFC1	API5	0.0015900625148788095
ELF1	TPM4	0.0015900389989838004
MYC	MYCT1	0.0015900136204436421
CBFB	PREP	0.0015899880090728402
HCFC1	GRINA	0.001589748077094555
STAT2	EIF1AD	0.0015895972028374672
IRF8	ITSN1	0.001589513849467039
HDAC2	TSPAN14	0.0015894081443548203
IKZF1	USP14	0.001589262974448502
SATB1	CHCHD10	0.0015892467927187681
MYC	NFAM1	0.0015891180373728275
IKZF1	RBPMS	0.0015890600625425577
CBFB	TMX3	0.0015890399226918817
WDR5	ERCC8	0.001588935381732881
IKZF1	SEC23IP	0.0015888407360762358
ELF1	CHORDC1	0.0015888034831732512
GATA2	IFI30	0.0015882737934589386
IRF8	SNRNP200	0.001587933162227273
NFAT5	MCM7	0.0015876824036240578
GFI1B	MCM6	0.0015873330412432551
NFAT5	DNAJC11	0.0015873234951868653
WDR5	URB2	0.0015873115044087172
RAD21	PRKCD	0.0015870800707489252
ELF1	MCM6	0.001587066100910306
ELF1	USP10	0.0015868596965447068
SPI1	SERPINA3G	0.0015866276808083057
GFI1B	BACE1	0.0015860800631344318
CBFB	GK	0.0015859791310504079
JUN	UBL4A	0.001585636637173593
ELF1	DCK	0.0015854695811867714
SPI1	CDC6	0.0015854535158723593
SPI1	OAS3	0.0015854121884331107
GFI1B	AW112010	0.001585342106409371
STAT2	GRINA	0.0015852923970669508
RAD21	MYO1F	0.0015852069482207298
HDAC2	WDR5	0.001584807876497507
HDAC2	IGHM	0.0015846535097807646
IRF8	RTEL1	0.0015845486195757985
GFI1B	IDH3A	0.0015844663139432669
HDAC2	SPPL2B	0.0015839660773053765
WDR5	IL12A	0.0015837764367461205
GFI1B	ADO	0.001583405421115458
NFAT5	NUPR1	0.0015828630421310663
STAT2	REXO4	0.0015823565190657973
HCFC1	ZBTB38	0.0015822495333850384
ELF1	FCGR2B	0.0015821068082004786
RAD21	UQCRFS1	0.0015810291515663266
IKZF1	PHF11B	0.001579880714416504
HDAC2	ITGAL	0.0015797745436429977
IRF8	GOLPH3	0.0015792136546224356
SATB1	DDX21	0.0015790486941114068
SPI1	PANX1	0.0015788794262334704
RPA1	PNO1	0.0015782896662130952
WDR5	GMNN	0.0015782221453264356
SPI1	PTDSS1	0.0015781600959599018
ELF1	E2F8	0.0015778385568410158
HDAC2	CDCA4	0.0015778264496475458
HDAC2	ORC6	0.0015778068918734789
HCFC1	RCC1	0.0015773295890539885
ELF1	FTX	0.0015773131744936109
CBFB	APBB1	0.0015771902399137616
RAD21	IFI27L2A	0.001577186631038785
WDR5	SNX30	0.001576982787810266
RAD21	SGCE	0.0015769477467983961
SPI1	DENND2D	0.0015768688172101974
RAD21	ARFGEF2	0.0015765199204906821
GFI1B	CSTF2	0.0015764317940920591
CBFB	MICU1	0.0015763414558023214
JUN	ATP8B4	0.0015756521606817842
HCFC1	GM8113	0.0015755639178678393
ELF1	CYFIP2	0.0015753880143165588
ELF1	GM5111	0.0015750654274597764
IRF8	GMCL1	0.0015750034945085645
RPA1	TMEM229B	0.0015747686848044395
WDR5	PRODH	0.0015743774129077792
CBFB	VAV3	0.0015741423703730106
IRF8	RAP1B	0.0015738981310278177
IRF8	NAA50	0.0015735604101791978
GFI1B	SMC2	0.0015732231549918652
HCFC1	JUN	0.0015728656435385346
HDAC2	DOCK10	0.0015728232683613896
NFAT5	RARS	0.0015723912511020899
CBX7	TIPIN	0.0015715969493612647
ELF1	ARCN1	0.0015715296613052487
MYC	ATP13A1	0.0015714851906523108
CBFB	RB1	0.0015713218599557877
NFAT5	GYS1	0.0015712782042101026
JUN	TMEM97	0.001571165514178574
CBFB	TRIM30D	0.0015709648141637444
CBFB	HJURP	0.0015707218553870916
HDAC2	PLAC8	0.0015705730766057968
STAT2	ZNRF2	0.0015704564284533262
SATB1	CAND2	0.0015701066004112363
SPI1	CSTF2	0.0015700360527262092
IKZF1	PWP2	0.001569931162521243
GFI1B	SHCBP1	0.001569482497870922
RAD21	IRF9	0.0015692405868321657
SATB1	RUNX1T1	0.0015690771397203207
WDR5	ADSL	0.0015689674764871597
MYC	RPS6KA5	0.0015686219558119774
HCFC1	SNX30	0.001568603329360485
NFAT5	CDK6	0.001568038365803659
GFI1B	NKG7	0.0015677029732614756
RAD21	TEAD2	0.0015674064634367824
WDR5	HCFC1	0.0015672515146434307
SPI1	SORL1	0.001567208208143711
MEIS1	DEK	0.0015669841086491942
SPI1	HLF	0.0015668681589886546
IKZF1	4833439L19RIK	0.0015668317209929228
RAD21	TM6SF1	0.0015668288106098771
IKZF1	TXNDC11	0.0015664953971281648
ELF1	SMARCA2	0.0015664951642975211
CBX7	CTPS	0.0015664021484553814
WDR5	NOP2	0.001566022983752191
CBFB	CD44	0.001565000507980585
HCFC1	USP37	0.0015648164553567767
JUN	HNRNPLL	0.0015641363570466638
RPA2	DDX21	0.0015641128411516547
NFAT5	CCNA2	0.0015637699980288744
SPI1	PIDD1	0.0015633426373824477
IKZF1	UTP4	0.0015631819842383265
IKZF1	SIRPA	0.0015629992121830583
ELF1	RCC1	0.001562858116813004
CBFB	TXNDC11	0.0015625912928953767
ELF1	CDCA7	0.0015623141080141068
SPI1	CASP4	0.0015620413469150662
MYC	STOM	0.0015620362246409059
SPI1	RNF122	0.0015619730111211538
IKZF1	GM19590	0.001561948680318892
STAT2	PSME3	0.0015618990873917937
HDAC2	GANAB	0.0015617781318724155
RPA1	MYO5A	0.0015617083990946412
ELF1	RB1	0.0015615510055795312
RAD21	GCLC	0.001561296870931983
RAD51	ALDH18A1	0.0015609312104061246
WDR5	PBK	0.001560655189678073
SPI1	TSPAN2	0.0015604197978973389
RPA1	SHISA8	0.0015604140935465693
MEIS1	NUP88	0.0015599356265738606
IRF8	TCN2	0.0015599197940900922
RAD21	D1ERTD622E	0.001559852622449398
WDR5	CSGALNACT1	0.0015598200261592865
CBFB	TBC1D10C	0.0015592065174132586
MYC	ELMO2	0.0015583127969875932
RAD21	ARL8B	0.0015582313062623143
SATB1	DTL	0.001558102434501052
RPA2	CYBC1	0.0015579218743368983
MYC	PANX1	0.0015572383999824524
WDR5	GCNT2	0.0015570715768262744
HCFC1	TBC1D5	0.0015570708783343434
HDAC2	CBX7	0.001556868082843721
IKZF1	GIMAP8	0.0015566815854981542
ELF1	VPS35	0.0015566442161798477
MEIS1	DNAJC10	0.0015565978828817606
HDAC2	CDC20	0.0015565811190754175
JUN	TMX3	0.0015563520137220621
IRF8	PHB2	0.0015561499167233706
GFI1B	PIK3R2	0.0015560140600427985
NFAT5	PUS7	0.0015559678431600332
IRF8	REXO4	0.00155586504843086
CBX7	PIK3R2	0.001555850263684988
RAD51	CCNF	0.0015556878643110394
STAT2	SERPINB6A	0.0015556318685412407
WDR5	PFKP	0.0015556110301986337
STAT2	CLPTM1L	0.0015553602715954185
JUN	NPTN	0.0015544549096375704
SPI1	TRPS1	0.0015542496694251895
ELF1	ELAC2	0.0015540460590273142
SPI1	SHISA5	0.0015537175349891186
HCFC1	POR	0.0015537169529125094
RAD21	VPS16	0.0015533368568867445
GATA2	NR3C2	0.0015532883116975427
WDR5	TMEM37	0.0015525058843195438
ELF1	NUP93	0.001552241388708353
WDR5	HAAO	0.0015517119318246841
IKZF1	LY6C2	0.0015514226397499442
NFAT5	MCM3	0.0015513872494921088
IRF8	CBX5	0.0015508192591369152
GFI1B	LGALS1	0.001550624263472855
HCFC1	SATB1	0.001550546963699162
RPA1	D1ERTD622E	0.0015504922484979033
GFI1B	CLN5	0.0015502035384997725
IRF8	PRPF4	0.0015496695414185524
RPA2	RPN1	0.0015496130799874663
RPA2	MORC3	0.0015493221580982208
HCFC1	GM20342	0.0015491796657443047
GFI1B	ARL8B	0.0015489906072616577
WDR5	ZFP367	0.00154886394739151
MEIS1	RARB	0.0015483536990359426
HDAC2	PHF11B	0.0015477471752092242
MYC	HYOU1	0.001547735184431076
RAD21	LPCAT2	0.0015476547414436936
SATB1	NOP2	0.0015468868659809232
JUN	TNPO1	0.0015464331954717636
WDR5	MTHFD1	0.0015460950089618564
HDAC2	ART4	0.0015459740534424782
GATA2	TIMM29	0.0015459493733942509
WDR5	WDR55	0.0015456868568435311
SPI1	EFTUD2	0.001545613631606102
GATA2	CKS1B	0.0015454428503289819
GATA2	TIPIN	0.0015453756786882877
RAD21	VIPR2	0.001545181032270193
IRF8	NDUFA10	0.001545029692351818
GFI1B	ARID5A	0.0015444215387105942
WDR5	INCENP	0.0015442240983247757
NFAT5	NUP88	0.0015441753203049302
CBFB	ADA	0.0015439954586327076
HDAC2	CD63	0.0015438331756740808
HDAC2	PRKCQ	0.0015437297988682985
HCFC1	SFXN1	0.0015433394582942128
IRF8	PHKB	0.0015432556392624974
JUN	HASPIN	0.001542988931760192
RAD21	MYO1G	0.0015424967277795076
HCFC1	RAP1B	0.001541523146443069
RAD21	DUT	0.0015411119675263762
MYC	SLA	0.001541031408123672
STAT2	PIM2	0.0015408567851409316
IRF8	TACC3	0.0015407600440084934
RAD51	KIF20B	0.0015403818106278777
MYC	NAV1	0.0015401372220367193
RAD21	RORA	0.0015400480479001999
HDAC2	TNFAIP2	0.0015390878543257713
WDR5	FLT3	0.001538895070552826
MEIS1	SCARB1	0.0015388249885290861
RAD21	BPIFC	0.0015387247549369931
IRF8	RPAP1	0.0015386746963486075
GFI1B	EPRS	0.0015379880787804723
MYC	ALDH18A1	0.0015375246293842793
GFI1B	SEH1L	0.0015371207846328616
MEIS1	RAD51AP1	0.0015370065812021494
MYC	EFTUD2	0.0015369293978437781
RPA2	PANX1	0.001536827301606536
GATA2	IGSF6	0.001536618103273213
RAD21	NUDCD1	0.0015362389385700226
MEIS1	ADGRG3	0.0015362133271992207
RPA2	RANGAP1	0.0015360201941803098
GFI1B	SYK	0.001535964198410511
RPA2	HDAC7	0.0015358076198026538
RPA1	PRODH	0.0015353984199464321
SPI1	MGAT5	0.001534296665340662
RPA1	MINDY3	0.0015341313555836678
WDR5	MS4A6C	0.0015338461380451918
HCFC1	TSC22D1	0.0015337906079366803
CBFB	SLC16A1	0.0015337736112996936
RAD21	BID	0.001533382572233677
HDAC2	METTL27	0.0015330566093325615
RAD21	PLA2G12A	0.001532015623524785
CBFB	NAPSA	0.00153145391959697
IRF8	USP10	0.0015314447227865458
MYC	TGTP2	0.0015312946634367108
GATA2	ADA	0.0015312025789171457
RPA2	DNM1L	0.0015309841837733984
HDAC2	SEH1L	0.0015307662542909384
ELF1	SYTL1	0.0015307014109566808
RAD21	JPT2	0.0015305555425584316
MYC	THSD1	0.0015304943080991507
RAD21	ZFP367	0.0015304802218452096
IKZF1	FCGRT	0.0015304744010791183
MYC	FASTKD2	0.0015302904648706317
IKZF1	MFSD1	0.0015299851074814796
GFI1B	CDC7	0.0015299831284210086
CBFB	NUDCD1	0.0015296959318220615
SPI1	CTSO	0.0015295776538550854
IRF8	PIDD1	0.0015294788172468543
GFI1B	SLA2	0.0015293327160179615
HCFC1	GLIPR2	0.0015287526184692979
HCFC1	ZEB2	0.0015283784596249461
STAT2	ADAM17	0.0015277722850441933
GFI1B	DDX1	0.001527651445940137
SPI1	IL21R	0.0015276343328878284
SATB1	LRRC59	0.0015271746087819338
SPI1	GMNN	0.0015271541196852922
SATB1	GALNT6	0.0015270180301740766
SATB1	NAMPT	0.0015265479451045394
IRF8	2610035D17RIK	0.001526044448837638
HDAC2	ASF1B	0.0015256819315254688
HDAC2	FIGNL1	0.0015255705220624804
RPA1	PTPN7	0.0015253523597493768
HDAC2	PNO1	0.0015251609729602933
RAD21	TIPIN	0.0015245850663632154
IRF8	GNS	0.0015244156820699573
JUN	IRGM2	0.0015240912325680256
CBFB	ITIH5	0.0015235953032970428
STAT2	VIPR2	0.0015234955353662372
HCFC1	FDFT1	0.001523478189483285
ELF1	PLIN3	0.001522131497040391
IKZF1	CHCHD10	0.0015217979671433568
MEIS1	UBE2C	0.0015217680484056473
SPI1	IGHM	0.0015216749161481857
ELF1	HNRNPLL	0.0015216341707855463
RPA1	TFG	0.0015209747944027185
HDAC2	STAG2	0.0015209564007818699
CBFB	ATRN	0.001520609832368791
IRF8	NUS1	0.0015205296222120523
STAT2	DUSP1	0.0015198409091681242
GFI1B	MYO1G	0.0015195966698229313
RAD21	ITM2A	0.00151956791523844
RAD21	METAP1	0.0015189473051577806
HDAC2	NUBP2	0.0015188592951744795
RPA2	WSB1	0.0015183112118393183
WDR5	ARID3B	0.0015182011993601918
IRF8	NSUN2	0.0015180257614701986
JUN	MAD2L1	0.001517720171250403
CBFB	CYBC1	0.001517532509751618
JUN	HDC	0.0015173186548054218
RPA1	GATM	0.0015169581165537238
HDAC2	COL4A2	0.0015168825630098581
RPA2	ERGIC1	0.0015168803511187434
HCFC1	HARS	0.0015167497331276536
IKZF1	XPC	0.0015167195815593004
WDR5	IGKC	0.0015165589284151793
HDAC2	DOCK11	0.0015160588081926107
GFI1B	FOXO1	0.001515953685157001
GFI1B	SLBP	0.0015157100278884172
HDAC2	IGKC	0.0015156720764935017
HCFC1	CAMK2D	0.00151514308527112
SPI1	ITPR1	0.0015148499514907598
ELF1	SLC30A5	0.0015148300444707274
CBFB	HNRNPLL	0.0015146179357543588
IKZF1	FCGR2B	0.0015142158372327685
ELF1	WDR4	0.0015141782350838184
WDR5	AHCYL1	0.0015137487789615989
ELF1	SLA2	0.001513711758889258
IRF8	PA2G4	0.0015131846303120255
HCFC1	ANXA3	0.0015130947576835752
IKZF1	FLNB	0.0015129792736843228
RAD21	FAM189B	0.0015127196675166488
WDR5	ZDHHC6	0.0015126734506338835
RPA1	KIF13A	0.0015126263024285436
WDR5	RRM2	0.00151255598757416
RAD51	CDCA4	0.001512413378804922
CBFB	ANXA5	0.0015123229240998626
RAD51	MTHFD1	0.0015121554024517536
SATB1	RASSF4	0.0015121523756533861
CBX7	RPP40	0.0015118153532966971
JUN	NAPSA	0.0015115168644115329
IKZF1	IFRD2	0.001510782283730805
CBFB	CNRIP1	0.0015104105696082115
RAD51	ELMO2	0.0015103159239515662
RPA2	MARS	0.001510205096565187
HCFC1	SHISA5	0.0015100317541509867
NFAT5	DEK	0.0015100004384294152
HDAC2	ST6GALNAC4	0.0015098468866199255
SATB1	ITSN1	0.0015098251169547439
IKZF1	MIEF1	0.0015097709838300943
GFI1B	CDKN1C	0.0015096350107342005
MYC	GYS1	0.0015096314018592238
RPA1	PDE4D	0.001509418711066246
GFI1B	RCC1	0.001509384484961629
MYC	ZFP945	0.001509026624262333
GATA2	MEMO1	0.0015088540967553854
NFAT5	HELLS	0.0015086911153048277
WDR5	TMEM97	0.0015085486229509115
GFI1B	CBFB	0.0015083898324519396
GFI1B	1700017B05RIK	0.0015082003083080053
IRF8	MAP4K2	0.0015080898301675916
STAT2	GK	0.0015080185839906335
IRF8	LRRC59	0.0015077745774760842
RAD21	EPB41L4B	0.0015076734125614166
HDAC2	EPSTI1	0.001507371081970632
MYC	TFRC	0.0015072004171088338
WDR5	CASP12	0.0015071241650730371
RAD21	CDK18	0.001506934524513781
RPA2	TSPAN2	0.001506792032159865
JUN	NSUN2	0.0015062615275382996
GFI1B	URB2	0.0015060672303661704
HCFC1	ZHX1	0.0015056685078889132
HCFC1	GOLIM4	0.0015054899267852306
WDR5	HERPUD1	0.0015053837560117245
ELF1	MAGED2	0.0015052056405693293
HDAC2	HSPH1	0.0015051476657390594
RAD21	HSPA1A	0.0015047094784677029
HCFC1	PDIA4	0.0015045650070533156
GATA2	SPPL2B	0.0015039548743516207
RPA2	GFI1B	0.0015038743149489164
HCFC1	METTL7A1	0.0015037262346595526
RAD21	TRMT11	0.00150343868881464
RPA2	CERS4	0.0015024535823613405
HDAC2	KCTD12	0.0015020921127870679
RAD21	TRIM16	0.0015020603314042091
IKZF1	ALDH18A1	0.0015016861725598574
RPA1	RBPMS	0.0015015120152384043
CBFB	TEX10	0.001501414692029357
ELF1	PTDSS1	0.0015012393705546856
IKZF1	CDCA7	0.0015010678907856345
MYC	ADSSL1	0.0015006199246272445
HDAC2	NUF2	0.0015000757994130254
SATB1	KIF13A	0.0014998753322288394
GFI1B	KIF20B	0.0014996944228187203
HCFC1	CYC1	0.001499523059464991
HDAC2	GP9	0.0014993782388046384
GFI1B	HASPIN	0.0014989008195698261
RPA1	NCAPD2	0.0014986366732046008
IRF8	ZDHHC13	0.0014984769513830543
HCFC1	CTLA2A	0.0014983097789809108
SPI1	INTS8	0.0014982565771788359
JUN	INCENP	0.0014982308493927121
GFI1B	B3GNT5	0.0014979306142777205
SATB1	OSBPL8	0.0014979274710640311
WDR5	FAM136A	0.00149792421143502
RAD21	MMRN1	0.0014978772960603237
RAD21	CASP1	0.0014972237404435873
SPI1	PLXNA4OS1	0.001496878918260336
HDAC2	CPA3	0.0014963358407840133
CBFB	SESN1	0.001496212324127555
HDAC2	UBA7	0.0014960078988224268
HCFC1	RPTOR	0.0014957456151023507
RAD21	TBL3	0.0014952148776501417
IKZF1	RAB38	0.0014951498014852405
ELF1	SHISA5	0.0014950743643566966
GFI1B	PRC1	0.0014949215110391378
HDAC2	USP14	0.001494518481194973
HDAC2	IFI27L2A	0.0014944324502721429
HCFC1	MIEF1	0.0014937382657080889
RPA2	TACC3	0.0014937303494662046
ELF1	PTTG1IP	0.001493719406425953
WDR5	PSME3	0.0014935870422050357
MYC	NEDD1	0.0014935052022337914
RPA1	FARSB	0.0014932450139895082
RPA2	DDX1	0.001493154326453805
CBFB	FAM91A1	0.001493057468906045
RAD21	SULT1A1	0.0014930013567209244
IRF8	CYP2J9	0.0014923905255272985
RAD21	MAMDC2	0.0014921692200005054
IRF8	RPA1	0.0014920535031706095
HDAC2	HARS	0.0014918169472366571
SATB1	CD74	0.0014918114757165313
GFI1B	INO80D	0.0014915893552824855
IKZF1	IGSF6	0.0014909801539033651
IRF8	PSME3	0.0014906738651916385
MYC	SLC35A4	0.0014905751449987292
HCFC1	B3GNT5	0.001490541617386043
JUN	NDUFS1	0.0014905144926160574
RAD21	NECAP2	0.0014903296250849962
CBFB	TGTP1	0.0014903285773470998
WDR5	PSMD6	0.0014896676875650883
GFI1B	RPA1	0.001489577000029385
ELF1	SPIDR	0.001489009358920157
RPA1	TMX3	0.0014889475423842669
HDAC2	NUP88	0.0014888315927237272
GFI1B	SLC39A6	0.0014885399723425508
CBFB	FRRS1	0.001487922971136868
SPI1	AHCYL1	0.0014877396170049906
WDR5	UMPS	0.0014877074863761663
RAD51	TMEM97	0.001487448113039136
RAD51	MFSD14B	0.0014873725594952703
RPA1	SPC25	0.0014873475302010775
NFAT5	TIMM29	0.0014871779130771756
WDR5	TENT5A	0.0014870003797113895
RPA1	NDC80	0.0014866297133266926
HCFC1	ADK	0.0014863713877275586
IRF8	TECPR1	0.0014862088719382882
RPA1	HSPA4	0.0014853120082989335
IKZF1	RPN1	0.0014852711465209723
HDAC2	FUT7	0.0014849543804302812
CBFB	NFAT5	0.0014847172424197197
IKZF1	ADA	0.00148467393592
RAD51	MFSD10	0.0014846037374809384
JUN	TMEM43	0.0014843952376395464
NFAT5	PRPS2	0.0014839860377833247
RPA2	MFNG	0.0014838973293080926
RAD21	IL6ST	0.0014837414491921663
HCFC1	ZFP467	0.0014837183989584446
SPI1	LMAN2L	0.0014829790452495217
IRF8	AW112010	0.0014824745012447238
WDR5	CHCHD10	0.0014817917253822088
RAD51	ADK	0.0014817898627370596
CBX7	TES	0.001481107552535832
ELF1	APOE	0.0014810803113505244
WDR5	ODC1	0.001480370992794633
RAD21	ZFP422	0.0014803309459239244
GFI1B	CASP4	0.0014801567886024714
RAD21	NWD1	0.001480103936046362
ELF1	NFAT5	0.0014797557378187776
IRF8	RETREG1	0.0014796972973272204
IRF8	PLPPR3	0.0014795863535255194
ELF1	ALDH18A1	0.0014795436291024089
JUN	FAM111A	0.0014791286084800959
RPA2	HSPA1A	0.0014788458356633782
RAD21	PDE4B	0.0014787715626880527
MEIS1	TIPIN	0.0014786514220759273
RPA2	POLR2B	0.0014784062514081597
WDR5	PSAT1	0.0014780987985432148
STAT2	GNG12	0.0014777964679524302
HDAC2	CNIH1	0.001477723359130323
WDR5	GM1966	0.001477570622228086
RAD21	IGFBP4	0.0014775474555790424
MEIS1	CDC6	0.0014772281283512712
IKZF1	SPNS3	0.0014771088026463985
RPA1	MSH6	0.0014770160196349025
SPI1	GPR65	0.0014768987894058228
WDR5	EPB41L4B	0.0014768702676519752
WDR5	SVIP	0.0014768250985071063
HCFC1	PTCD3	0.001476640347391367
MYC	ABCG2	0.0014762826031073928
HDAC2	METAP1	0.001476258272305131
SATB1	MAPK1	0.0014760378981009126
WDR5	SLC30A5	0.001475779921747744
HCFC1	SORL1	0.001475650118663907
GFI1B	HSPA4	0.0014752235729247332
NFAT5	RABGGTB	0.001474924385547638
HDAC2	9530082P21RIK	0.0014747647801414132
SPI1	MTO1	0.0014744354411959648
ELF1	PRDM16	0.0014737223973497748
STAT2	PSAT1	0.0014736461453139782
SPI1	PIK3R1	0.0014732376439496875
CBX7	CD300A	0.001473107491619885
GFI1B	CYB5R1	0.0014728223904967308
CBFB	HAAO	0.0014728092355653644
CBFB	TTLL12	0.0014726559165865183
HDAC2	HASPIN	0.001472632633522153
IKZF1	ME2	0.001472466392442584
RAD21	SLPI	0.0014722621999680996
IRF8	KAT7	0.0014721869956701994
WDR5	JPT2	0.0014719202881678939
NFAT5	RAD51AP1	0.0014715546276420355
STAT2	GMFB	0.0014714895514771342
SPI1	EGR1	0.0014713556738570333
RPA2	CNIH1	0.0014711940893903375
SPI1	HDAC7	0.0014709343668073416
MEIS1	FAR1	0.001470680464990437
SPI1	ATF7	0.0014703500783070922
GFI1B	ERGIC1	0.0014703304041177034
MEIS1	NUF2	0.0014702050248160958
WDR5	FGGY	0.0014701540349051356
STAT2	CTSZ	0.0014701045583933592
RAD51	CAD	0.0014700061874464154
FOXO1	FAM91A1	0.001469732727855444
IKZF1	VDR	0.0014695762656629086
JUN	TEAD2	0.0014693258563056588
GATA2	LSP1	0.001469246344640851
HCFC1	UAP1	0.0014683941844850779
IRF8	FAM136A	0.0014682402834296227
RAD21	NAPRT	0.0014678138541057706
HDAC2	ACSS1	0.0014672152465209365
GFI1B	LDHB	0.0014669892843812704
ELF1	TSPAN3	0.0014669772936031222
JUN	RAB31	0.0014668137300759554
IKZF1	TMEM97	0.0014663011534139514
RPA2	SETD2	0.0014662533067166805
RPA2	MYB	0.0014661074383184314
MYC	MTMR1	0.001466103596612811
SATB1	FDFT1	0.0014654624974355102
NFAT5	ZFP422	0.0014654495753347874
IKZF1	NUPR1	0.0014649014919996262
RPA2	SHCBP1	0.0014644713373854756
WDR5	PAK1	0.0014643180184066296
WDR5	MIR99AHG	0.0014641344314441085
SATB1	NUBP2	0.0014640893787145615
GFI1B	ZBTB16	0.0014639061409980059
STAT2	GSR	0.0014638329157605767
RPA1	GABBR1	0.001463661203160882
CBFB	PIK3R1	0.0014634079998359084
IRF8	EBF1	0.0014630426885560155
HCFC1	TFR2	0.0014627657365053892
SATB1	ALDH18A1	0.0014626681804656982
IRF8	PREP	0.001462648157030344
RPA2	IFI30	0.0014625879703089595
ELF1	PHF11B	0.001462495420128107
HDAC2	OTUD6B	0.001462214975617826
RAD21	CRISPLD1	0.001461865846067667
IRF8	SF3B3	0.001461711130104959
WDR5	BC035044	0.0014616366242989898
SPI1	SEC23IP	0.0014613005332648754
MYC	CAPG	0.001461008912883699
HCFC1	IGFBP4	0.0014609822537750006
SPI1	RAD21	0.00146093696821481
JUN	DDX60	0.001460270956158638
STAT2	FRRS1	0.0014601241564378142
SATB1	HMBS	0.001459849183447659
HCFC1	COL4A1	0.0014596523251384497
STAT2	PLXNC1	0.0014595190295949578
HDAC2	DNM1L	0.0014593263622373343
ELF1	ATRN	0.0014592190273106098
IRF8	ZFP35	0.0014589573256671429
FOXO1	CD34	0.0014586936449632049
GFI1B	CYFIP2	0.001458573155105114
FOXO1	CYC1	0.0014583986485376954
WDR5	OASL2	0.0014579750131815672
STAT2	RANGAP1	0.0014573187800124288
SPI1	CREB5	0.0014570256462320685
RPA2	LRRC8B	0.0014568933984264731
RAD51	FLOT2	0.0014564619632437825
RPA2	GT(ROSA)26SOR	0.0014562245924025774
HCFC1	PIM2	0.0014558116672560573
RAD51	UMPS	0.0014556931564584374
SPI1	TLE2	0.0014555547386407852
JUN	CDK1	0.0014555497327819467
IKZF1	SLC35E1	0.0014555088710039854
SATB1	XRCC3	0.001455245423130691
HCFC1	CEP55	0.0014551965286955237
SATB1	DEF8	0.0014551961794495583
CBFB	ACSS2	0.0014548966428264976
IRF8	TGM2	0.001454046694561839
GFI1B	PRMT7	0.0014539917465299368
SPI1	DHFR	0.001453787088394165
RPA2	NUP107	0.0014536262024194002
HDAC2	STAT2	0.0014534802176058292
NFAT5	CD69	0.0014530853368341923
ELF1	OTUD4	0.0014530225889757276
HDAC2	NKG7	0.0014522012788802385
IRF8	BIRC5	0.0014518580865114927
MYC	SALL2	0.0014517934760078788
SPI1	MAN2A2	0.0014517620438709855
WDR5	UBL4A	0.001451187999919057
HDAC2	ATP6AP1	0.0014511103508993983
ELF1	RPA1	0.0014509939355775714
HDAC2	ICAM1	0.0014509455068036914
CBX7	NUF2	0.001450750627554953
RAD21	STARD7	0.0014505184954032302
HDAC2	ATAD2	0.0014504649443551898
MYC	TMEM184C	0.001450357143767178
SPI1	RPS6KA3	0.0014502950944006443
HDAC2	SNAP47	0.0014501828700304031
IRF8	ATAD1	0.001449975068680942
ELF1	PEAR1	0.0014497388619929552
IKZF1	BCAP29	0.0014494974166154861
IRF8	MDN1	0.0014493911294266582
ELF1	GOLPH3	0.0014485857682302594
ELF1	DPP8	0.0014479681849479675
ELF1	RGS18	0.0014473277842625976
HDAC2	TLR4	0.0014470791211351752
IRF8	EIF3B	0.0014470475725829601
SPI1	OSTM1	0.0014469982124865055
HCFC1	MRPL20	0.001446845242753625
IRF8	SGPP1	0.0014467457076534629
SATB1	IFI30	0.0014467278961092234
RPA1	IFI30	0.0014461040263995528
WDR5	TES	0.001446044771000743
GATA2	RASSF4	0.001445795176550746
ELF1	HYOU1	0.0014457784127444029
SPI1	HCFC1	0.0014454979682341218
SPI1	GNL3	0.001444957684725523
ELF1	ATP13A1	0.0014445674605667591
RAD21	EIF1AD	0.0014444581465795636
GATA2	PRR5	0.0014442792162299156
RAD51	VAV3	0.0014442555839195848
RPA1	STIP1	0.0014442290412262082
MYC	NUBP2	0.001444196910597384
SPI1	ITCH	0.0014439120423048735
HCFC1	GIMAP1	0.001443764311261475
HCFC1	SLPI	0.0014436886413022876
SPI1	POLD1	0.0014436867786571383
IKZF1	PBX1	0.0014433220494538546
ELF1	CAD	0.0014432778116315603
RAD21	PHB2	0.0014430120354518294
SATB1	PLXNA4OS1	0.0014426906127482653
ELF1	CKAP2	0.0014425363624468446
HCFC1	RAB44	0.0014422235544770956
RAD51	FTSJ3	0.0014418135397136211
WDR5	MPI	0.0014417457859963179
RPA1	CTSZ	0.0014416968915611506
FOXO1	IGFBP4	0.0014415382174775004
RPA2	RTEL1	0.0014414903707802296
JUN	NOP2	0.0014412138843908906
NFAT5	ERGIC1	0.001440886640921235
HCFC1	GRIA3	0.0014408818678930402
GFI1B	OTULINL	0.0014406030531972647
RPA1	ERGIC1	0.001440306892618537
GATA2	PFKP	0.0014402614906430244
MEIS1	MLKL	0.0014402105007320642
GATA2	POLE3	0.001439785468392074
IRF8	CIPC	0.0014396186452358961
JUN	NUSAP1	0.0014396024635061622
HCFC1	CLN5	0.0014395925682038069
RPA1	IPO9	0.0014393035089597106
RAD51	CDCA7	0.0014391569420695305
ELF1	STOM	0.0014391050208359957
HCFC1	CPA3	0.0014390633441507816
GFI1B	SLC35B4	0.0014386475086212158
HCFC1	NSUN2	0.0014383408706635237
HDAC2	PCMTD2	0.0014382547233253717
RPA2	ZFP451	0.0014380707871168852
GFI1B	TOMM70A	0.001438042614609003
IRF8	TCF19	0.0014379990752786398
GATA2	MYO1G	0.0014378592604771256
ELF1	AP1S2	0.0014374102465808392
HDAC2	LONP1	0.0014373728772625327
MYC	PIK3IP1	0.001437305472791195
IRF8	FARSB	0.0014371027937158942
WDR5	CRISPLD1	0.0014370906865224242
NFAT5	ALDH18A1	0.0014364438829943538
HDAC2	CKAP2L	0.0014361906796693802
RAD51	RCOR1	0.0014359988272190094
HCFC1	WDR5	0.001435798592865467
IRF8	MTO1	0.0014354692539200187
GFI1B	XAF1	0.0014352502766996622
IRF8	CCNF	0.001435134676285088
RAD21	CLPTM1L	0.0014351002173498273
RAD51	PHF5A	0.0014350467827171087
ELF1	CD274	0.0014343210496008396
WDR5	TK1	0.0014340049820020795
WDR5	AI506816	0.001434001256711781
WDR5	EMCN	0.001433667028322816
HCFC1	CLEC4E	0.0014336403692141175
WDR5	RAD51	0.00143340730573982
SPI1	FAM76B	0.0014333607396110892
CBFB	SERPINB6A	0.0014333116123452783
ELF1	TM7SF3	0.0014332439750432968
HCFC1	9430015G10RIK	0.001433001714758575
HDAC2	SPC25	0.0014329450204968452
RAD21	ATP6AP2	0.001432785764336586
HDAC2	ANXA1	0.0014327079989016056
SPI1	SHMT1	0.001432118471711874
IRF8	WDR4	0.0014320992631837726
RAD21	AZIN1	0.0014318360481411219
RAD51	PRC1	0.0014316923916339874
SATB1	TMEM37	0.0014316161395981908
WDR5	MBNL3	0.001431497628800571
SPI1	GFI1B	0.0014306583907455206
HDAC2	UMPS	0.00143046781886369
GFI1B	NUP85	0.001429661177098751
IKZF1	MLLT3	0.0014296587323769927
IKZF1	BYSL	0.0014292642008513212
IKZF1	EPAS1	0.0014288214733824134
MEIS1	PRSS57	0.0014285469660535455
RPA1	DNAJC11	0.0014279428869485855
HDAC2	GGTA1	0.001427468378096819
GFI1B	CDK1	0.0014274445129558444
MYC	TRMT6	0.001427123905159533
IKZF1	ADSSL1	0.001427074777893722
IRF8	CCL4	0.001426626811735332
RAD21	PA2G4	0.001426413655281067
HCFC1	TFG	0.001426402130164206
WDR5	IFITM1	0.0014262789627537131
ELF1	GALNS	0.0014258541632443666
STAT2	MAGED1	0.0014257056172937155
NFAT5	DPP8	0.0014256751164793968
HCFC1	HIF3A	0.0014255096903070807
IRF8	TAF12	0.001425318536348641
HDAC2	PLXNC1	0.0014252171386033297
WDR5	CDK1	0.001424928312189877
RPA1	ZBTB38	0.0014246597420424223
CBX7	CD34	0.0014242156175896525
IRF8	ELAC2	0.0014241571770980954
RPA1	HJURP	0.0014237811556085944
CBFB	GFI1B	0.0014236725401133299
MYC	CYB5R1	0.001423430279828608
SPI1	EPAS1	0.0014232770772650838
RPA1	CDCA3	0.0014230168890208006
RPA1	TRMT11	0.001422982313670218
IKZF1	TNFAIP2	0.001422586152330041
ELF1	ARFGEF2	0.0014220357406884432
RPA1	ISG20	0.0014212721725925803
SATB1	CENPF	0.0014211771776899695
HDAC2	H2-AA	0.0014209396904334426
JUN	CSF3R	0.0014207707718014717
GATA2	NRROS	0.0014207353815436363
NFAT5	SLC44A2	0.0014200547011569142
NFAT5	SLC29A1	0.0014199689030647278
MYC	RFC4	0.0014192929957062006
HDAC2	ARL8B	0.0014192834496498108
IKZF1	PRMT5	0.0014192428207024932
RPA1	REL	0.0014190138317644596
ELF1	HUS1	0.0014186038170009851
HCFC1	PDE4B	0.0014182915911078453
HDAC2	DDX1	0.0014181660953909159
GFI1B	INTS13	0.0014177405973896384
WDR5	TFG	0.0014173532836139202
GFI1B	CFP	0.0014171521179378033
ELF1	ADK	0.0014170682989060879
ELF1	ALDH9A1	0.0014167287154123187
CBFB	GNG12	0.0014166701585054398
IRF8	TIMM29	0.0014165355823934078
WDR5	ABCB8	0.0014165298780426383
WDR5	NUS1	0.0014160707360133529
JUN	CD48	0.001415505539625883
ELF1	PTGR1	0.0014153734082356095
ELF1	ZDHHC6	0.0014153700321912766
WDR5	NRROS	0.001415361650288105
MYC	CYFIP2	0.0014150377828627825
SATB1	CDCA7	0.0014149562921375036
RPA2	UBR7	0.0014147809706628323
ELF1	SOCS2	0.0014147136826068163
MEIS1	UBASH3A	0.0014144546585157514
WDR5	ZFP53	0.0014142622239887714
RPA2	CCNA2	0.0014138214755803347
FOXO1	SHMT1	0.0014135397505015135
STAT2	XPNPEP1	0.0014129879418760538
MYC	ATG12	0.0014128644252195954
NFAT5	SDF2L1	0.0014122627908363938
ELF1	APBB1	0.0014121459098532796
HDAC2	CLN5	0.001412138226442039
IRF8	FAM91A1	0.001412118086591363
STAT2	UBL4A	0.0014120087726041675
GATA2	VSIR	0.0014119184343144298
SATB1	DNAJC10	0.0014115363592281938
SATB1	MYO1F	0.0014114925870671868
IRF8	KIF17	0.0014113347278907895
CBFB	EIF3B	0.0014112626668065786
CBFB	UTP4	0.0014108181931078434
RAD21	CTPS	0.0014107743045315146
WDR5	DOCK10	0.00140937021933496
IRF8	PRELID3B	0.0014091801131144166
IRF8	NUP88	0.001409159624017775
MYC	CSE1L	0.0014089333126321435
IKZF1	GT(ROSA)26SOR	0.0014086791779845953
RAD51	HMGB2	0.0014082378474995494
RAD21	TEK	0.001408127835020423
CBFB	TM7SF3	0.0014080479741096497
GFI1B	XPC	0.0014079518150538206
RAD21	RHOF	0.0014076899969950318
RAD51	NUP155	0.0014071367913857102
JUN	NDC1	0.0014071287587285042
RAD21	GK	0.0014068828895688057
HCFC1	IL6ST	0.0014068568125367165
WDR5	MYCT1	0.0014061242109164596
HCFC1	IGSF6	0.00140610639937222
RPA2	ISYNA1	0.001405817922204733
RAD51	ANKRD44	0.0014056172221899033
GATA2	PSTPIP1	0.0014054105849936604
GFI1B	NDUFA10	0.0014050285099074244
GFI1B	TMEM37	0.0014049691380932927
RAD21	SGPP1	0.00140469113830477
GFI1B	FARSA	0.0014044815907254815
HCFC1	GM20559	0.0014042352559044957
ELF1	NADK	0.0014040155801922083
STAT2	SPNS3	0.0014036818174645305
CBFB	ISYNA1	0.0014036302454769611
RPA2	MFSD10	0.0014029245357960463
RAD21	SMPD4	0.0014025926357135177
JUN	HYOU1	0.0014023348921909928
IKZF1	NUAK2	0.001402227790094912
SPI1	STXBP4	0.001401923829689622
JUN	STAT2	0.0014016999630257487
GFI1B	USP11	0.0014012992614880204
HDAC2	DPP8	0.001401264569722116
CBFB	RABGGTB	0.0014009064761921763
HDAC2	ZFP451	0.0014005807461217046
IRF8	NASP	0.0013997995993122458
SPI1	MTMR4	0.0013996146153658628
RPA1	HEXA	0.0013992899330332875
MYC	SMPDL3A	0.00139904604293406
HDAC2	PECAM1	0.0013989594299346209
STAT2	NKG7	0.0013983432436361909
IRF8	TRIM30D	0.0013982596574351192
GFI1B	HERPUD1	0.0013982555828988552
CBFB	LYN	0.0013979327632114291
CBFB	NAPRT	0.001397451851516962
JUN	ORC6	0.001397424261085689
STAT2	BCL2	0.0013973807217553258
GFI1B	RAD51AP1	0.0013967613922432065
RAD51	MTFR1	0.00139652902726084
SPI1	RCC1	0.0013961632503196597
HDAC2	DDX39	0.0013961121439933777
SATB1	BIRC5	0.0013959049247205257
JUN	URB2	0.0013958181953057647
HCFC1	CHORDC1	0.0013958102790638804
SATB1	LONP1	0.001395515282638371
JUN	OAS3	0.0013955036411061883
IRF8	HELLS	0.0013954227324575186
RAD21	CD63	0.0013949102722108364
GFI1B	KIF17	0.00139426754321903
RAD21	DHRS3	0.0013941952493041754
STAT2	TIMM29	0.0013937782496213913
HCFC1	PATL1	0.0013936697505414486
ELF1	ELANE	0.0013932964066043496
CBFB	GBP2	0.0013929849956184626
GFI1B	AGPS	0.0013928571715950966
MEIS1	LRRC59	0.0013927276013419032
GFI1B	PSME4	0.0013924612430855632
SPI1	PATL1	0.001392414909787476
RAD21	IRF6	0.001392413629218936
NFAT5	TBL3	0.001392024802044034
STAT2	NAV1	0.0013918901095166802
WDR5	NECAP2	0.0013917818432673812
WDR5	NUAK2	0.001391755766235292
IKZF1	PSMD6	0.0013916314346715808
RPA2	BCAP29	0.0013915703166276217
RPA1	AW112010	0.001391311176121235
IRF8	RUVBL2	0.0013908343389630318
SATB1	EIF1AD	0.0013901626225560904
RAD21	GABBR1	0.0013898804318159819
IRF8	LMO4	0.0013896889286115766
IRF8	RPTOR	0.0013895505107939243
MEIS1	UNC93B1	0.0013891611015424132
RAD51	RB1	0.0013891247799620032
MEIS1	HYOU1	0.0013889111578464508
ELF1	SUSD3	0.001388664823025465
RPA1	RANGAP1	0.0013885657535865903
FOXO1	RNF4	0.0013881729682907462
HCFC1	FSTL1	0.0013881009072065353
SPI1	H2AFX	0.0013880303595215082
CBFB	SPI1	0.0013873591087758541
HDAC2	TMEM206	0.0013872482813894749
IKZF1	MAMDC2	0.0013870454858988523
SPI1	LZTS1	0.0013870311668142676
MYC	ATP10A	0.0013863496715202928
GATA2	GATM	0.001386230462230742
MYC	DNTT	0.0013862045016139746
WDR5	TMEM173	0.0013859726022928953
HDAC2	FSTL1	0.0013858714373782277
WDR5	METTL27	0.001385765615850687
STAT2	RARS	0.0013855890138074756
HCFC1	PAK1	0.00138556445017457
RAD21	IMMT	0.001385431969538331
WDR5	CD48	0.0013849694514647126
ELF1	PLAA	0.0013847914524376392
CBFB	TMEM50B	0.0013847713125869632
IRF8	CHORDC1	0.001384748495183885
GFI1B	GM5111	0.0013846021611243486
JUN	FGL2	0.001384482136927545
IRF8	BCAP29	0.0013843044871464372
HCFC1	MAML3	0.0013840014580637217
HCFC1	TMEM97	0.0013838250888511539
WDR5	ZC3H7A	0.0013836993603035808
IRF8	HDAC11	0.001383281545713544
SPI1	PSAT1	0.001383226248435676
HCFC1	SLC26A2	0.0013831538381054997
CBFB	IRGM2	0.0013830228708684444
IRF8	SDF2L1	0.0013826143695041537
RPA1	TRAP1	0.0013818712905049324
IKZF1	UBL4A	0.0013818420702591538
MYC	MIS12	0.0013817313592880964
RPA1	CTPS	0.001381495501846075
RPA2	CYB5R1	0.0013814573176205158
HCFC1	IPO9	0.0013813197147101164
CBFB	FGL2	0.0013811372919008136
CBX7	ABCE1	0.0013810722157359123
HCFC1	SIRPA	0.001381070469506085
RAD51	REXO2	0.0013806247152388096
IKZF1	ISYNA1	0.0013804344926029444
MEIS1	CSTF2	0.0013802811736240983
HCFC1	BC005561	0.0013798720901831985
IRF8	CTSO	0.0013794420519843698
SPI1	JPT1	0.0013790525263175368
CBFB	SALL2	0.0013789500808343291
RPA2	REXO2	0.0013788907090201974
RAD21	REL	0.0013787008356302977
HDAC2	MBNL3	0.0013784029288217425
MYC	PLAG1	0.0013775472762063146
RPA2	FEM1B	0.0013774955878034234
WDR5	HMGB3	0.001377362641505897
RPA1	HMGB2	0.0013772796373814344
CBFB	FCGR3	0.001377247623167932
JUN	CHORDC1	0.0013772438978776336
STAT2	LAPTM4B	0.0013772372622042894
WDR5	EMILIN1	0.0013771365629509091
CBFB	XPNPEP1	0.0013770380755886436
MEIS1	GSR	0.001376675209030509
IKZF1	GM11346	0.0013766249176114798
CBFB	MYCN	0.0013762629823759198
MYC	GRK3	0.0013758196728304029
SPI1	CHRNB1	0.001375390449538827
RPA1	XRCC3	0.0013749378267675638
HDAC2	C1RL	0.0013746421318501234
WDR5	VPS35	0.0013744366588070989
RAD21	ROBO4	0.001373820472508669
WDR5	PLAG1	0.0013732926454395056
RAD51	NOLC1	0.001373048173263669
STAT2	NECAP2	0.0013726669130846858
RAD21	PRIM1	0.0013723033480346203
CBFB	BACE1	0.0013722507283091545
HCFC1	HYOU1	0.001371947699226439
HDAC2	OSBPL8	0.0013717063702642918
MEIS1	KIF11	0.001371609978377819
MYC	TGTP1	0.001371300662867725
RPA1	SPCS3	0.0013712904183194041
HCFC1	CASP1	0.0013708312762901187
FOXO1	SLC39A6	0.001370679005049169
IRF8	ARID5A	0.0013703644508495927
MYC	VSIR	0.0013701108982786536
CBFB	ENPP5	0.0013700872659683228
HDAC2	CERK	0.0013697094982489944
HDAC2	PSME4	0.0013696416281163692
SATB1	PDIA4	0.0013696308014914393
STAT2	PTCD3	0.0013693975051864982
IRF8	CYB5R1	0.0013692239299416542
HCFC1	GM1966	0.0013691565254703164
JUN	PIDD1	0.0013688965700566769
MYC	BTAF1	0.001368511002510786
MYC	DENND2D	0.0013682132121175528
HDAC2	ITIH5	0.001367852557450533
RPA1	TAF12	0.0013677245005965233
HDAC2	CDK6	0.001367327757179737
RAD51	RPRD1B	0.0013673185603693128
RPA2	UQCRFS1	0.0013672916684299707
GFI1B	CCNB1	0.0013670113403350115
CBFB	GIMAP6	0.0013660028344020247
GFI1B	CASP1	0.0013655249495059252
SATB1	RFC5	0.0013655140064656734
NFAT5	ATP10A	0.0013653518399223685
RAD51	PANX1	0.0013649994507431984
CBFB	SORL1	0.0013647513696923852
WDR5	ATG12	0.001364301424473524
RAD51	PTPRS	0.001363892457447946
MEIS1	DCK	0.0013633443741127849
IRF8	SULT1A1	0.0013632968766614795
RPA2	SLC7A4	0.0013631334295496345
RPA1	NUBP2	0.0013626724248751998
STAT2	FTSJ3	0.0013625326100736856
ELF1	NMD3	0.0013624104904010892
NFAT5	PSMD6	0.0013623329577967525
JUN	CDK6	0.0013622490223497152
RPA1	PANX1	0.0013620202662423253
HCFC1	CDC6	0.0013618608936667442
IKZF1	PTDSS1	0.0013618019875138998
CBFB	BATF2	0.0013617342337965965
ELF1	ANXA3	0.0013617239892482758
MYC	SPPL2B	0.0013616668293252587
HDAC2	LY6A	0.0013615833595395088
NFAT5	IGFBP4	0.001361427828669548
HDAC2	JARID2	0.0013601819518953562
GATA2	SLC29A1	0.0013601273531094193
JUN	CERS6	0.0013600639067590237
HCFC1	ALDOC	0.0013598920777440071
FOXO1	TEX10	0.0013594237389042974
SATB1	CTTN	0.0013593524927273393
CBFB	PRR5	0.0013593398034572601
NFAT5	UBA2	0.0013593065086752176
ELF1	NWD1	0.0013591954484581947
HCFC1	NUDT19	0.0013591167517006397
WDR5	NDRG1	0.0013590938178822398
JUN	PWP2	0.0013585725100710988
MYC	DNAJC11	0.001358476118184626
WDR5	TMEM43	0.0013584074331447482
HDAC2	MYCN	0.001358143170364201
CBX7	MCM2	0.0013581025414168835
MEIS1	CNN3	0.001357757835648954
HCFC1	NDUFV1	0.0013577144127339125
GFI1B	RASSF4	0.0013574559707194567
RAD21	SPI1	0.0013571581803262234
RPA1	NDUFV1	0.0013570126611739397
NFAT5	FIGNL1	0.0013568885624408722
IRF8	PHF11B	0.0013566205743700266
HCFC1	UQCRFS1	0.0013562000822275877
WDR5	WDHD1	0.001356196589767933
HDAC2	CALCRL	0.0013561692321673036
CBFB	SGCE	0.001355222542770207
CBFB	PHF10	0.0013545044930651784
RPA2	DNAJC11	0.0013544912217184901
CBFB	GLB1	0.0013540404615923762
IKZF1	CLN5	0.0013536966871470213
RAD21	INPP5B	0.001353577827103436
ELF1	GOLIM4	0.001353100291453302
GFI1B	DHFR	0.0013528497656807303
ELF1	ACOX3	0.0013524772366508842
WDR5	MED16	0.0013523651286959648
GFI1B	MINDY3	0.0013518682681024075
SPI1	NFAT5	0.0013518242631107569
IKZF1	PTTG1IP	0.0013516700128093362
ELF1	PDZK1IP1	0.0013516596518456936
GFI1B	TEAD2	0.001351557089947164
JUN	GOLPH3	0.0013512660516425967
MYC	TCN2	0.0013512099394574761
IRF8	MAPK1	0.001350938342511654
CBFB	RHOF	0.0013506945688277483
HCFC1	JARID2	0.0013501738430932164
RAD51	ELAC2	0.0013498899061232805
SATB1	PWP2	0.0013498198240995407
RAD21	RGS2	0.0013497582403942943
MYC	PATL1	0.0013495436869561672
RPA2	RNF122	0.0013494516024366021
CBFB	DEK	0.0013493942096829414
MEIS1	ME2	0.001349225640296936
WDR5	LMAN2L	0.0013490342535078526
MYC	CD274	0.0013489410048350692
RAD21	RELB	0.001348821329884231
RPA1	RAD51	0.0013487632386386395
JUN	TUBA4A	0.0013487215619534254
HCFC1	SLC7A4	0.001348567777313292
RPA2	IGFBP4	0.0013483765069395304
SPI1	ABCG3	0.0013478518230840564
SPI1	YPEL3	0.0013478470500558615
HDAC2	CD9	0.0013477609027177095
ELF1	GPR160	0.001347728306427598
GFI1B	TFRC	0.001347554731182754
IRF8	TNFAIP2	0.001347509678453207
CBFB	SPPL2B	0.0013474199222400784
HDAC2	CLTC	0.0013471606653183699
RAD21	LGALS1	0.00134682294446975
STAT2	ZFP451	0.001346435397863388
GFI1B	DNAJC10	0.001346222241409123
RAD51	EDEM1	0.0013460149057209492
RPA1	ATP13A1	0.0013459555339068174
CBFB	CCDC50	0.001345521304756403
RAD21	SNHG5	0.0013450195547193289
IKZF1	SNHG5	0.0013450183905661106
IKZF1	TCP11L2	0.0013445006916299462
SPI1	ATP10A	0.0013440150069072843
MYC	AW112010	0.001343866460956633
JUN	PRTN3	0.0013438340974971652
HDAC2	PARVG	0.0013437801972031593
HDAC2	RAD51	0.001343511394225061
HCFC1	PSMG2	0.0013430502731353045
STAT2	PBK	0.0013426445657387376
JUN	CIP2A	0.0013424513163045049
HCFC1	MTOR	0.001342233270406723
STAT2	DDX20	0.0013422048650681973
JUN	TMEM173	0.001342085306532681
IKZF1	CTPS	0.0013420601608231664
RAD21	SLCO4A1	0.0013420064933598042
GFI1B	ALDOC	0.0013419983442872763
HCFC1	GUSB	0.0013417795998975635
JUN	NDE1	0.0013417282607406378
RPA1	IGFBP4	0.001341523602604866
HCFC1	SCARB1	0.0013412423431873322
IRF8	KPNA1	0.0013411163818091154
IRF8	EIF1AD	0.0013409936800599098
RPA2	CDK6	0.0013408835511654615
IRF8	ALDH9A1	0.0013404624769464135
STAT2	PATL1	0.0013401529286056757
MYC	EIF2B1	0.0013400965835899115
HCFC1	INPP5B	0.0013399923918768764
CBX7	SERP1	0.001339789479970932
WDR5	PATL1	0.0013397610746324062
GFI1B	MLKL	0.0013395918067544699
ELF1	RFC4	0.001339503563940525
IRF8	NADK	0.0013394344132393599
WDR5	WSB1	0.0013394206762313843
MYC	ENG	0.0013393786503002048
CBFB	PTGR1	0.001339169917628169
RPA1	RACGAP1	0.0013390366220846772
NFAT5	SLC25A38	0.0013388276565819979
RPA2	SLC20A1	0.0013384763151407242
CBX7	ANXA1	0.001338123343884945
HCFC1	PLD3	0.0013379898155108094
RAD21	ELOVL5	0.0013377211289480329
GATA2	DHFR	0.0013376728165894747
SPI1	PLAG1	0.0013374992413446307
CBFB	ITSN1	0.0013373475521802902
WDR5	RPS6KA3	0.0013370489468798041
CBFB	SLC37A1	0.0013369688531383872
MYC	SYNJ1	0.001336924615316093
CBFB	TAF12	0.0013368441723287106
IKZF1	PAK1	0.0013365641934797168
RPA1	SHMT1	0.0013360631419345737
ELF1	ZFP467	0.0013357683783397079
HDAC2	MTMR4	0.0013353739632293582
GFI1B	BYSL	0.001335047883912921
RPA2	ELMO2	0.001334803062491119
RPA1	ARCN1	0.0013347003841772676
WDR5	LAX1	0.001334065804257989
HCFC1	ALDH9A1	0.0013336619595065713
SATB1	PRKCH	0.0013336592819541693
JUN	VPS35	0.0013333021197468042
SPI1	RMND5A	0.0013329818611964583
SATB1	SERPINA3G	0.001332713756710291
MEIS1	TFRC	0.0013326663756743073
RPA2	MYO1F	0.0013324575265869498
ELF1	CHRNB1	0.0013318515848368406
WDR5	CTLA2A	0.0013317258562892675
RPA2	PLA2G15	0.0013312672963365912
STAT2	NCF1	0.0013312477385625243
IRF8	XRCC3	0.0013312400551512837
SATB1	FGGY	0.0013304302701726556
GFI1B	EPB41L4B	0.0013301142025738955
HCFC1	MIR17HG	0.0013300455175340176
JUN	ARL6IP6	0.0013297999976202846
RAD21	SLC30A5	0.0013294642558321357
HCFC1	TARS	0.001329322811216116
RAD21	PSMD6	0.001328868675045669
RAD51	RPS6KA3	0.0013285957975313067
RPA2	NDC80	0.0013283850857988
HDAC2	WSB1	0.0013280886923894286
SATB1	SMPDL3A	0.0013279661070555449
MYC	ERCC8	0.001327894045971334
RPA2	LAP3	0.0013278699479997158
MYC	GPD1L	0.0013272494543343782
STAT2	RFC5	0.0013271954376250505
RAD21	PGLYRP2	0.0013270212803035975
FOXO1	CSE1L	0.0013261769199743867
CBFB	H2-DMA	0.0013257090467959642
HCFC1	SORT1	0.001325317774899304
HDAC2	ZFP367	0.0013252509525045753
MEIS1	NUP155	0.0013247393071651459
IRF8	SLC26A2	0.001324733137153089
HDAC2	ODC1	0.001324723823927343
JUN	COL4A2	0.0013246622402220964
GATA2	DHRS3	0.0013244012370705605
NFAT5	FAM111A	0.0013242989080026746
IKZF1	WSB1	0.0013242425629869103
RAD51	DNTT	0.0013242061249911785
IRF8	ZFP945	0.0013241629349067807
NFAT5	EPAS1	0.0013238770188763738
CBFB	PIK3IP1	0.0013236124068498611
HCFC1	KIF13A	0.0013233869103714824
HDAC2	PHF10	0.0013233325444161892
HCFC1	BPIFC	0.001323060248978436
SPI1	METAP1	0.0013229555916041136
HCFC1	CCL9	0.0013229288160800934
GFI1B	TACC3	0.0013226848095655441
RPA1	MARS	0.0013225642032921314
HCFC1	ZFP451	0.0013223022688180208
JUN	WDR5	0.0013220043620094657
SATB1	ANXA3	0.0013219391694292426
GFI1B	PUS7	0.0013219044776633382
STAT2	EMID1	0.0013209035387262702
FOXO1	PRELID3B	0.0013207915471866727
IRF8	MSMO1	0.0013207669835537672
STAT2	RAD51AP1	0.0013202070258557796
ELF1	NPTN	0.0013198360102251172
HDAC2	DUS1L	0.0013195594074204564
MYC	PRMT7	0.0013195115607231855
WDR5	CDCA3	0.001318934140726924
ELF1	ASF1B	0.0013186774449422956
CBX7	H2AFX	0.001318549271672964
RAD21	OTUD6B	0.0013176847714930773
ELF1	TNFRSF13C	0.0013168310979381204
RAD21	CBX7	0.0013167979195713997
WDR5	GATA2	0.0013167774304747581
WDR5	PSMD9	0.0013164851116016507
STAT2	VPS16	0.001316477544605732
HCFC1	REXO2	0.0013162631075829268
JUN	CUL3	0.0013155274791643023
RPA1	CCNA2	0.0013152147876098752
HCFC1	PPP1R9A	0.0013151571620255709
HCFC1	TBL3	0.0013150036102160811
IRF8	NUP85	0.0013149157166481018
RPA1	HCFC1	0.0013145161792635918
HDAC2	TACC3	0.001314027700573206
MEIS1	SPC25	0.0013125392142683268
STAT2	GFM1	0.0013122997479513288
SPI1	CAMK2D	0.0013117764610797167
ELF1	PKIB	0.0013115514302626252
RPA2	TMX4	0.0013114090543240309
ELF1	RAD51	0.0013113068416714668
IRF8	CDCA7	0.0013111254666000605
ELF1	HLF	0.0013111067237332463
RPA1	HDAC2	0.0013109709834679961
JUN	NCAPD2	0.0013104629470035434
RPA2	NARS	0.0013104538666084409
WDR5	DEK	0.0013104405952617526
GFI1B	GM8113	0.0013103527016937733
WDR5	SLC22A3	0.0013100146315991879
IRF8	SETD2	0.001309999031946063
WDR5	PARVG	0.0013099049683660269
NFAT5	PNO1	0.0013097429182380438
CBFB	NDE1	0.0013097316259518266
HCFC1	SVIP	0.0013095625909045339
RAD21	UPP1	0.0013087645638734102
SPI1	ABCG2	0.0013085959944874048
HCFC1	H2AFX	0.0013084319652989507
RPA2	AGPS	0.0013083299854770303
NFAT5	RPA2	0.0013081204378977418
SPI1	NDC1	0.0013081092620268464
HDAC2	ST8SIA4	0.0013080822536721826
HDAC2	CCDC50	0.0013080490753054619
MYC	MTHFD1	0.001308003324083984
MEIS1	RAD51	0.0013079372001811862
RPA2	GM5111	0.0013078469783067703
ELF1	PHKB	0.0013078369665890932
GFI1B	FAM102B	0.0013077898183837533
RAD21	FASTKD2	0.0013076614122837782
RAD21	GIMAP6	0.001307360245846212
FOXO1	ARL11	0.0013067814288660884
NFAT5	MS4A6C	0.001306068734265864
WDR5	NFE2	0.0013059629127383232
HDAC2	NCLN	0.0013057790929451585
HDAC2	XRCC3	0.0013051687274128199
CBFB	FCGR2B	0.0013047464890405536
JUN	RARS	0.0013041232014074922
CBFB	SMARCA2	0.0013039647601544857
SPI1	CCNB2	0.0013036580057814717
HDAC2	HDGFL3	0.0013035390293225646
CBFB	BID	0.0013033966533839703
IRF8	ORC6	0.0013030309928581119
GFI1B	TARS	0.0013028797693550587
HDAC2	PIDD1	0.001302734948694706
SPI1	RCOR1	0.0013027320383116603
FOXO1	PLAC8	0.0013027109671384096
FOXO1	EPAS1	0.001302290358580649
CBFB	TSC22D3	0.0013021307531744242
MYC	GRINA	0.0013021050253883004
RPA1	CSGALNACT2	0.0013020995538681746
IKZF1	DHX33	0.0013019726611673832
HCFC1	SEH1L	0.0013018896570429206
GFI1B	SGO1	0.001301758224144578
GFI1B	SIRPA	0.0013017181772738695
CBX7	YBX3	0.0013016840675845742
IKZF1	VIPR2	0.0013013643911108375
GFI1B	RETREG1	0.0013013104908168316
RPA1	SLC35A4	0.0013007669476792216
IKZF1	PLIN3	0.0013002578634768724
RPA2	IRF8	0.001300143077969551
SPI1	RNF38	0.0013000487815588713
MYC	FIGNL1	0.0013000475009903312
CBFB	SELENOP	0.0012999523896723986
JUN	SF3B3	0.00129893166013062
MYC	SLC35B4	0.001298669259995222
MYC	PDE4D	0.0012982833432033658
ELF1	TRIM16	0.0012982389889657497
GFI1B	CDC45	0.0012977441074326634
MYC	TRIM30B	0.0012971546966582537
RAD51	PHF10	0.0012970451498404145
GATA2	PIK3R2	0.0012968452647328377
GFI1B	PATL1	0.0012966770445927978
JUN	TCF19	0.0012964729685336351
STAT2	KCNQ1OT1	0.0012963747140020132
GFI1B	CHORDC1	0.0012962092878296971
RAD21	ZFP35	0.0012960078893229365
GFI1B	MFSD14B	0.0012958321021869779
HCFC1	FLOT2	0.001295759342610836
RPA1	INPP5B	0.0012954624835401773
RPA1	SFXN1	0.0012952398974448442
HDAC2	QARS	0.0012951557291671634
RPA1	NADK	0.0012950764503329992
CBFB	ARFGEF2	0.0012945807538926601
GFI1B	FAM171A1	0.0012945752823725343
CBX7	BCAP29	0.001294507528655231
CBFB	TMEM176A	0.0012940522283315659
ELF1	IDH1	0.00129318714607507
HDAC2	ELF1	0.001293085515499115
GATA2	CSF1R	0.0012930422089993954
NFAT5	CENPO	0.001292722998186946
GFI1B	PTCD3	0.0012925376649945974
CBFB	CAND2	0.0012919646687805653
NFAT5	COLGALT1	0.0012916340492665768
RPA2	SYNJ1	0.0012913077371194959
JUN	CD52	0.0012913016835227609
GFI1B	SPO11	0.0012903163442388177
JUN	EMB	0.001290256273932755
RAD21	ACOT9	0.0012902256567031145
RPA2	FARSB	0.0012901847949251533
IKZF1	PLPPR3	0.0012901384616270661
SATB1	SLC35E1	0.001289968378841877
SPI1	PRKCH	0.001289700041525066
WDR5	RGS18	0.0012894804822281003
JUN	CD53	0.001289029256440699
CBFB	RFC5	0.0012890045763924718
SPI1	OSGIN1	0.0012885482283309102
IKZF1	MIR99AHG	0.001288507366552949
MYC	ORC2	0.001288441359065473
WDR5	RGCC	0.0012883467134088278
HCFC1	PANX1	0.0012881996808573604
GFI1B	RACGAP1	0.001287940889596939
HDAC2	LIG1	0.0012877510162070394
MYC	MRPL37	0.0012875748798251152
HDAC2	TAB1	0.0012875000247731805
GFI1B	ZFP24	0.0012872435618191957
JUN	PBK	0.0012871877988800406
IRF8	METAP1	0.001287105493247509
STAT2	RANBP3	0.0012870761565864086
HCFC1	RETREG1	0.0012869567144662142
IKZF1	HP	0.0012867243494838476
GFI1B	MIS12	0.0012865987373515964
IRF8	TUBGCP3	0.0012860953575000167
HDAC2	LY9	0.001286075683310628
WDR5	CCNE2	0.0012858988484367728
HDAC2	AURKB	0.0012857862748205662
IKZF1	MS4A6C	0.0012857698602601886
RPA1	EIF4ENIF1	0.0012854657834395766
RAD21	PRTN3	0.001285330392420292
HCFC1	JCHAIN	0.001285066711716354
CBFB	PAK1	0.0012850052444264293
CBFB	PPID	0.0012848954647779465
GATA2	MS4A6C	0.0012848093174397945
MEIS1	NCAPG2	0.0012847412144765258
RAD21	SIRPA	0.0012843071017414331
SPI1	ROBO4	0.0012838214170187712
HCFC1	GABBR1	0.001283645280636847
NFAT5	SHCBP1	0.0012835962697863579
WDR5	PIP4K2A	0.0012835805537179112
STAT2	GEMIN5	0.0012834296794608235
GFI1B	COL4A1	0.0012832742650061846
SATB1	IIGP1	0.0012829243205487728
GFI1B	FCHO2	0.0012828762410208583
HCFC1	MCOLN2	0.0012828258331865072
MYC	MED16	0.0012825015000998974
HCFC1	CD53	0.0012821272248402238
RAD51	POLE3	0.001281784032471478
CBFB	C030034L19RIK	0.0012816200032830238
CBFB	FAM102B	0.0012813458452001214
HDAC2	NAPSA	0.0012811141787096858
ELF1	IFITM1	0.0012811090564355254
RAD21	FEM1A	0.0012809899635612965
HDAC2	NFAT5	0.0012809562031179667
RAD21	CTSF	0.0012807672610506415
RAD21	HAAO	0.0012803050922229886
WDR5	ATAD2	0.0012802908895537257
JUN	NKG7	0.0012799589894711971
SATB1	SHMT1	0.0012795282527804375
SPI1	PLA2G12A	0.0012792522320523858
SATB1	NPDC1	0.0012789289467036724
MYC	INTS13	0.001278927200473845
STAT2	LYN	0.0012785033322870731
HDAC2	COLGALT1	0.0012783652637153864
GFI1B	RUVBL2	0.0012782036792486906
IRF8	DTL	0.0012781755067408085
GATA2	GMNN	0.001277922885492444
JUN	B230219D22RIK	0.001277649076655507
RPA1	MED16	0.0012773092603310943
RAD51	TPX2	0.0012770842295140028
RPA1	PHF6	0.0012770761968567967
RAD21	VDR	0.0012768522137776017
JUN	BCAP29	0.0012768101878464222
GFI1B	KAT7	0.0012766856234520674
WDR5	ZEB2	0.0012766632717102766
RPA1	PTGS1	0.0012764630373567343
RPA2	HMBS	0.0012764409184455872
RAD21	RPN1	0.0012762648984789848
JUN	DCAF13	0.0012757235672324896
MYC	ZFP367	0.0012752847978845239
CBFB	GATA2	0.001275160233490169
RAD21	USP42	0.0012749367160722613
NFAT5	FCGR3	0.0012748829321935773
MEIS1	EDEM1	0.0012746030697599053
WDR5	ABCB10	0.001274585840292275
SPI1	IGTP	0.0012736249482259154
JUN	NUS1	0.0012734609190374613
RPA1	DDX1	0.0012734434567391872
IRF8	ZHX1	0.0012734400806948543
HDAC2	NFAM1	0.0012734330957755446
RAD21	STRAP	0.0012732601026073098
HCFC1	PECAM1	0.0012732180766761303
HCFC1	KIF17	0.0012726899003610015
HCFC1	ZMIZ1	0.0012724363477900624
RAD51	ELP2	0.0012721290113404393
CBX7	SELL	0.0012719022342935205
RAD21	HP	0.0012716962955892086
ELF1	EIF2S1	0.0012714785989373922
IRF8	ABCG3	0.0012713593896478415
WDR5	COLGALT1	0.0012713174801319838
STAT2	INTS13	0.0012707710266113281
ELF1	NUP88	0.0012707470450550318
HCFC1	ADGRL4	0.0012706263223662972
NFAT5	SH2D5	0.0012705905828624964
CBFB	GIMAP1	0.001270506763830781
WDR5	ZBTB20	0.001270432723686099
SATB1	MRPL20	0.0012704221298918128
ELF1	NUP155	0.0012703213142231107
SPI1	VIPR2	0.0012700144434347749
MYC	UNC93B1	0.0012696853373199701
HCFC1	DDX39	0.0012695934856310487
HDAC2	OBSCN	0.0012693438911810517
RAD51	GANAB	0.0012693005846813321
HDAC2	PPP1R9A	0.0012692530872300267
RAD21	MIR99AHG	0.001268880208954215
MEIS1	PTGR1	0.0012683962704613805
ELF1	SVIP	0.0012682226952165365
CBFB	HDGF	0.0012681514490395784
WDR5	RASA4	0.0012679020874202251
SPI1	PRODH	0.0012672111624851823
IKZF1	FAM111A	0.0012670648284256458
IKZF1	ADAM17	0.0012669975403696299
SATB1	MCM10	0.001266729785129428
ELF1	GSR	0.0012667156988754869
STAT2	SHMT1	0.0012663257075473666
MYC	EMID1	0.0012660558568313718
RAD21	AKNA	0.0012659141793847084
HDAC2	NCEH1	0.001265629893168807
SPI1	RTP4	0.0012654697056859732
MEIS1	PBK	0.0012654690071940422
RAD51	NAV1	0.0012653450248762965
WDR5	TPX2	0.0012652914738282561
HCFC1	PPP1CB	0.0012651346623897552
HDAC2	FAR1	0.0012651337310671806
SPI1	MTMR6	0.0012641309294849634
RAD21	TMEM154	0.001263879705220461
GFI1B	RAB44	0.0012635934399440885
IRF8	TTLL12	0.0012634270824491978
WDR5	USP10	0.0012632303405553102
ELF1	FOXO1	0.0012631695717573166
CBX7	PSME3	0.0012631007703021169
RAD21	TUBA4A	0.0012630701530724764
CBFB	SHISA5	0.0012626956449821591
RAD51	MGAT5	0.001262593548744917
STAT2	CTC1	0.001262572593986988
IKZF1	ADGRL4	0.0012625708477571607
GFI1B	CDCA7	0.0012625508243218064
RAD51	RPA1	0.001261795056052506
SPI1	UTP4	0.0012616978492587805
WDR5	TEK	0.001261579804122448
WDR5	CNN3	0.0012611793354153633
HDAC2	MARS	0.001261129742488265
HCFC1	EML4	0.0012609934201464057
RAD21	PANX1	0.0012609363766387105
CBFB	HP	0.001260679680854082
HDAC2	PKIB	0.0012601017951965332
CBFB	WDR55	0.0012598397443071008
JUN	RFC4	0.0012598260072991252
WDR5	MFSD1	0.0012595726875588298
RPA2	TRIM35	0.0012593731516972184
RAD51	TBL3	0.0012593716382980347
IRF8	CBX7	0.0012591261183843017
RAD21	ACSS2	0.00125898199621588
CBFB	PRSS57	0.0012589618563652039
CBFB	TGTP2	0.0012589463731274009
RAD51	ABCB8	0.001258575008250773
RAD51	XRCC3	0.0012582739582285285
MYC	ACOT9	0.0012578635942190886
WDR5	IGHM	0.0012577726738527417
STAT2	NUP88	0.0012577463639900088
RPA2	LRRC59	0.0012573060812428594
CBFB	TEK	0.001257156953215599
IKZF1	PSAT1	0.0012568418169394135
RAD51	ERGIC1	0.0012567810481414199
SPI1	PSME3	0.0012564683565869927
RPA1	SYNJ1	0.0012562747579067945
RAD51	TARS	0.0012561519397422671
STAT2	ATAD1	0.0012560633476823568
GFI1B	UQCRFS1	0.001255739014595747
HDAC2	TRP53I11	0.001255739014595747
RPA1	UQCRFS1	0.0012557047884911299
ELF1	CHCHD10	0.0012554270215332508
HDAC2	ACOX1	0.0012550742831081152
HDAC2	XPC	0.0012549925595521927
RPA1	NEIL3	0.0012549747480079532
GFI1B	DHRS3	0.0012544657802209258
RAD21	HK3	0.0012541512260213494
WDR5	ARCN1	0.0012540200259536505
CBX7	CDCA4	0.0012538561131805182
HCFC1	ST6GALNAC4	0.001253590569831431
HCFC1	ARFGEF2	0.0012535011628642678
HDAC2	TIMM50	0.0012531965039670467
MYC	ARFGEF2	0.0012531625106930733
STAT2	MC5R	0.001252641435712576
CBFB	CSAD	0.0012526216451078653
IRF8	AHCYL1	0.0012525630882009864
WDR5	UBR7	0.0012524432968348265
GFI1B	NUF2	0.001252356101758778
RPA1	RB1	0.001252280781045556
HDAC2	LGALS1	0.0012521961471065879
WDR5	PITPNC1	0.001251935726031661
MEIS1	CDCA4	0.0012518345611169934
MYC	MBNL3	0.001250732340849936
CBFB	PLD3	0.0012503920588642359
JUN	1700017B05RIK	0.001250306493602693
HDAC2	BTG2	0.001249854452908039
IKZF1	MAP4K2	0.001249836292117834
WDR5	FBXO5	0.0012498111464083195
MYC	FCHO2	0.001249659457243979
IRF8	SZT2	0.0012492811074480414
RPA1	TBC1D2B	0.001249206019565463
CBFB	YPEL3	0.001248935586772859
RPA1	UBL4A	0.0012489340733736753
WDR5	MTREX	0.0012489031068980694
IKZF1	GRK3	0.0012485828483477235
RAD51	MFSD1	0.0012485213810577989
RPA1	TMEM43	0.001248447224497795
CBFB	METTL7A1	0.0012482284801080823
RAD21	FARSB	0.0012478666612878442
WDR5	CBX7	0.0012477640993893147
RPA2	CAD	0.0012475978583097458
RAD51	1700017B05RIK	0.001247524400241673
GFI1B	TESPA1	0.0012473947135731578
GFI1B	UBASH3A	0.0012470186920836568
RAD21	MLKL	0.0012466969201341271
MYC	PTTG1IP	0.0012466574553400278
GATA2	ASF1B	0.0012465760810300708
SPI1	PPP1R9A	0.0012465601321309805
GFI1B	ELOVL5	0.0012458256678655744
RAD21	ADORA2A	0.0012456318363547325
WDR5	PRSS57	0.0012452672235667706
HDAC2	PRR5	0.0012450127396732569
RAD21	SEC24D	0.0012447581393644214
HCFC1	PIDD1	0.0012447286862879992
IKZF1	SDF2L1	0.0012447215849533677
MYC	GM4759	0.0012445045867934823
MYC	CDC7	0.0012444896856322885
ELF1	ZDHHC13	0.001243964652530849
SATB1	FBXW11	0.0012439637212082744
IRF8	TOP2A	0.0012439234415069222
ELF1	DDX39	0.0012437098193913698
IKZF1	HARS	0.001243433216586709
ELF1	PPM1G	0.0012425759341567755
IRF8	RANGAP1	0.0012424875749275088
IKZF1	SLC39A6	0.001241998397745192
CBFB	TMEM173	0.0012419394915923476
HCFC1	PLPPR3	0.001241932506673038
SPI1	HARS	0.0012413322692736983
GFI1B	KIF11	0.0012413221411406994
HDAC2	TTF2	0.001241076271981001
SPI1	UBA7	0.0012408217880874872
MYC	CBFB	0.001240735873579979
CBFB	FLOT2	0.0012405741726979613
IRF8	EPSTI1	0.0012401804560795426
RPA1	PRKCH	0.0012401624117046595
GFI1B	TMEM173	0.0012400302803143859
STAT2	EIF2S1	0.0012400206178426743
SPI1	ANGPT1	0.0012398740509524941
RAD21	MS4A6C	0.0012398612452670932
IRF8	SLC35A4	0.0012398421531543136
SATB1	NDRG2	0.0012397444806993008
JUN	NUBP2	0.0012395657831802964
ELF1	CD300A	0.0012394024524837732
IRF8	GFM1	0.0012388679897412658
NFAT5	IFI27L2A	0.0012388251489028335
ELF1	RHOF	0.0012382979039102793
SPI1	TSPOAP1	0.0012382258428260684
SPI1	SERPINB6B	0.0012381485430523753
WDR5	MR1	0.001238124561496079
RPA2	EMILIN1	0.0012377159437164664
CBFB	VIPR2	0.001237632823176682
HCFC1	GIMAP1OS	0.001237513730302453
GFI1B	TNIP3	0.0012369162868708372
MYC	TMX3	0.0012369116302579641
STAT2	COL4A1	0.0012367554008960724
SPI1	EAF1	0.0012366503942757845
IRF8	PNO1	0.0012365594739094377
HDAC2	PLXNA4OS1	0.0012361165136098862
RAD51	EFTUD2	0.0012360054533928633
HDAC2	TYROBP	0.001235096249729395
RAD21	LMAN2L	0.0012350358301773667
GFI1B	INCENP	0.001234079129062593
IRF8	ECT2	0.001234023948200047
RPA2	MYO1G	0.0012336514191702008
ELF1	PRIM1	0.0012335184728726745
RPA2	MFSD14B	0.0012334801722317934
RPA2	TIMM50	0.00123297655954957
HDAC2	SARAF	0.0012327985605224967
RPA2	PIK3R2	0.0012326166033744812
HDAC2	FAM111A	0.0012322597904130816
ELF1	MPZL1	0.001232168753631413
HCFC1	ACAA2	0.001232101465575397
RAD21	TRIM35	0.00123208062723279
RAD21	MFSD1	0.0012319621164351702
SPI1	CUL3	0.0012317652581259608
SPI1	TUBGCP2	0.001231685746461153
IRF8	CTSL	0.0012315141502767801
MEIS1	GNG12	0.001230832771398127
GFI1B	PFKFB3	0.0012307075085118413
WDR5	SEC24D	0.0012306072749197483
SPI1	2610035D17RIK	0.0012304119300097227
SPI1	CDC20	0.0012302887625992298
JUN	RARB	0.0012298827059566975
WDR5	INPP5B	0.0012298040091991425
HCFC1	NEAT1	0.001229760586284101
SATB1	ERCC8	0.0012297019129619002
NFAT5	SZT2	0.0012291817693039775
HCFC1	CYFIP2	0.0012288672151044011
HDAC2	RNF122	0.0012282737297937274
IKZF1	TMEM50B	0.0012281056260690093
GFI1B	PTGR1	0.0012278027134016156
CBFB	AW112010	0.0012276986381039023
CBFB	HAT1	0.0012275493936613202
RAD51	PTCD3	0.001227117609232664
JUN	SGPP1	0.0012266619596630335
RPA1	TMEM97	0.0012266046833246946
HCFC1	SCARF1	0.001226089778356254
IRF8	BC005561	0.0012260470539331436
HDAC2	CD68	0.0012258879141882062
RAD21	MDN1	0.001225192449055612
GFI1B	NAPRT	0.001225107116624713
RAD21	TRIM30D	0.001224631443619728
CBFB	CSF2RB	0.0012245426187291741
SPI1	CDC45	0.0012234000023454428
STAT2	BC005561	0.0012233362067490816
GFI1B	SHISA5	0.0012230374850332737
JUN	YBX1	0.0012225210666656494
RPA1	PLXNC1	0.001222263090312481
IRF8	WDR43	0.0012221882352605462
IRF8	HERPUD1	0.0012219336349517107
HCFC1	STIP1	0.0012216821778565645
RAD21	UBASH3A	0.0012205677339807153
STAT2	GFI1B	0.0012202018406242132
RPA2	SATB1	0.0012199449120089412
CBFB	PLA2G15	0.0012197495670989156
MEIS1	OTULINL	0.0012196471216157079
RPA2	ALDH9A1	0.0012196009047329426
WDR5	CASP1	0.0012191400164738297
HDAC2	SOCS2	0.0012188890250399709
RAD21	CTLA2A	0.001218724180944264
CBFB	XAF1	0.0012184458319097757
IKZF1	ZDHHC6	0.0012183425715193152
MYC	PPM1G	0.0012181211495772004
FOXO1	RAB31	0.0012179227778688073
GFI1B	ISYNA1	0.0012167019303888083
IKZF1	MAPK12	0.0012165966909378767
CBX7	MCM6	0.0012164273066446185
CBFB	XPC	0.0012161445338279009
RPA1	BCAP29	0.0012154680443927646
GFI1B	CTPS	0.0012154069263488054
SPI1	OTUD6B	0.0012149445246905088
RPA1	VPS16	0.0012147135566920042
IRF8	PSMC2	0.0012146617518737912
HDAC2	SLC31A1	0.0012140079634264112
IRF8	HMGB2	0.0012138173915445805
WDR5	USP11	0.0012135162251070142
HDAC2	NDRG1	0.0012132892152294517
ELF1	TGTP1	0.0012129615060985088
ELF1	TMEM229B	0.0012127157533541322
HDAC2	NFIA	0.0012127128429710865
HCFC1	TGFBR1	0.0012124186614528298
RAD51	CD52	0.0012123682536184788
GFI1B	ADA	0.00121196242980659
HCFC1	GANAB	0.0012118640588596463
WDR5	ECT2	0.0012115369318053126
WDR5	SORL1	0.001211217138916254
CBFB	RELB	0.0012111935066059232
ELF1	PRMT5	0.0012111695250496268
IRF8	ARL6IP6	0.0012108850060030818
SATB1	TUBGCP3	0.0012108528753742576
MEIS1	MNS1	0.0012108160881325603
HDAC2	SELL	0.0012107049115002155
NFAT5	RRM2	0.0012106881476938725
IRF8	ZFP467	0.0012105946661904454
CBFB	LAPTM4B	0.001210354152135551
GFI1B	MTOR	0.0012099649757146835
MYC	MARS	0.001209727837704122
IRF8	INTS8	0.0012096659047529101
ELF1	GMIP	0.0012095931451767683
FOXO1	MYC	0.0012093144468963146
RPA1	CLPTM1L	0.0012092730030417442
GATA2	MIS12	0.0012088812654837966
MYC	ACAA2	0.0012085293419659138
SATB1	PLSCR4	0.0012084352783858776
CBFB	SOCS2	0.0012084109475836158
RAD21	PSMG2	0.0012078711297363043
IKZF1	ESAM	0.0012077566934749484
HDAC2	MSMO1	0.0012077026767656207
SPI1	FLNA	0.0012076969724148512
RAD21	PPAT	0.0012076805578544736
RPA2	PITPNC1	0.00120748660992831
RPA1	TIFAB	0.0012071339879184961
SPI1	JUN	0.0012070337543264031
RAD51	HUS1	0.00120671303011477
MYC	TRPS1	0.001206667278893292
SATB1	TUBA4A	0.0012065983610227704
HDAC2	CYB5R1	0.0012063630856573582
RPA1	EIF1AD	0.001206061104312539
GFI1B	AP1S2	0.0012058122083544731
NFAT5	PKIB	0.001205782755278051
STAT2	MTR	0.001205212320201099
SPI1	ITIH5	0.0012049429351463914
IKZF1	JPT2	0.001204274594783783
MYC	IFI44	0.0012041127774864435
MYC	PHF6	0.0012037245323881507
RAD21	ADSSL1	0.0012036028783768415
NFAT5	CD68	0.0012034609680995345
ELF1	MCOLN2	0.001203254098072648
WDR5	CREBRF	0.0012031759833917022
IKZF1	LRRC59	0.0012029613135382533
RAD51	MTO1	0.0012028403580188751
GFI1B	NMD3	0.0012028083438053727
NFAT5	CTR9	0.0012027207994833589
CBFB	S100A6	0.0012025403557345271
GFI1B	TRIB3	0.001202486688271165
RAD21	UNC93B1	0.0012021597940474749
JUN	GNL3	0.0012021549046039581
MEIS1	BUB1	0.0012018932029604912
CBFB	SGMS1	0.0012014582753181458
ELF1	DDX60	0.0012012050719931722
ELF1	TXNDC11	0.0012006527977064252
HDAC2	SHCBP1	0.0012005091411992908
RPA2	TSPAN14	0.0012003466254100204
HCFC1	RASA4	0.0012001252034679055
RPA1	ITPR1	0.0012001056456938386
IKZF1	EBI3	0.001199993770569563
IRF8	ADSL	0.0011998277623206377
HCFC1	OBSL1	0.001199744176119566
MYC	EDEM1	0.0011994917877018452
JUN	PRC1	0.0011987898033112288
IRF8	BACE1	0.0011987288016825914
HCFC1	COLGALT1	0.0011987104080617428
RPA2	FTX	0.0011986956233158708
MEIS1	CD53	0.0011986882891505957
GFI1B	CYP4V3	0.0011985949240624905
HCFC1	ABHD17B	0.0011983499862253666
SPI1	SERPINB6A	0.0011982026044279337
JUN	POLR1B	0.0011980744311586022
RAD21	ITCH	0.0011976143578067422
HCFC1	UNC93B1	0.0011975964298471808
RPA2	MKI67	0.0011975864181295037
HDAC2	ELP2	0.0011970634805038571
ELF1	MIS18BP1	0.0011968814069405198
MYC	NAMPT	0.0011962783755734563
SATB1	FTX	0.0011961035197600722
STAT2	SH2D5	0.0011959710391238332
NFAT5	YBX1	0.0011953676585108042
GFI1B	MOB3C	0.0011949908221140504
RPA1	PHKB	0.0011948005994781852
GFI1B	HNRNPLL	0.001194651355035603
IRF8	SYTL1	0.0011944210855290294
RPA2	IKZF1	0.001194111187942326
IRF8	MKI67	0.0011938081588596106
JUN	SPCS3	0.0011937496019527316
WDR5	FBXW11	0.0011936677619814873
HCFC1	TES	0.0011933695059269667
MYC	RARS	0.0011930993059650064
CBFB	GRINA	0.0011930811451748013
HDAC2	ZMIZ1	0.0011930102482438087
GFI1B	SRM	0.0011929968604817986
IKZF1	MS4A3	0.0011926242150366306
SPI1	POLE3	0.0011926140869036317
SPI1	GGTA1	0.001192569499835372
RAD21	TYROBP	0.0011925451690331101
RPA1	IMMT	0.0011921479599550366
RAD21	MTO1	0.0011917301453649998
IRF8	ICAM1	0.0011916172225028276
RPA2	ADSL	0.001191234914585948
NFAT5	SLC43A3	0.0011910878820344806
ELF1	PGLYRP2	0.0011907578445971012
ELF1	EBF1	0.0011902457335963845
IRF8	TMEM246	0.0011900702957063913
IKZF1	LAPTM4B	0.0011900514364242554
JUN	NUDT4	0.0011899209348484874
RAD51	NUDT4	0.0011892940383404493
HDAC2	IRF6	0.001189247821457684
IKZF1	TFR2	0.0011888552689924836
WDR5	CYP2J6	0.0011888450244441628
RAD51	PREP	0.0011886622523888946
STAT2	PNO1	0.0011886450229212642
MEIS1	CKS1B	0.0011885843705385923
SPI1	PGLYRP2	0.0011885663261637092
HCFC1	CERK	0.001187904505059123
MYC	ZMIZ1	0.001187879010103643
WDR5	SLC18A2	0.001187878311611712
WDR5	DDX1	0.0011878283694386482
NFAT5	GRK3	0.0011878178920596838
HDAC2	CERS4	0.0011874628253281116
SPI1	GATA2	0.001187035464681685
CBFB	SERPINB6B	0.0011868338333442807
CBX7	SLCO3A1	0.001186200650408864
WDR5	CDCA5	0.001185927540063858
HDAC2	NPTN	0.00118580914568156
WDR5	SEC23IP	0.0011857488425448537
HCFC1	SIGLECG	0.0011855987831950188
RAD21	EIF2B1	0.001185004599392414
SPI1	DTL	0.0011848269496113062
SATB1	CLN5	0.0011848254362121224
IRF8	RPRD1B	0.0011844580294564366
IKZF1	CTSG	0.0011842201929539442
GFI1B	HSPH1	0.001184219727292657
SPI1	SLC22A3	0.0011841945815831423
HDAC2	CIP2A	0.0011840021470561624
RAD21	ELP2	0.001183782354928553
RAD21	MEMO1	0.0011835861951112747
WDR5	SMC2	0.001183539628982544
IKZF1	ZFP945	0.0011835304321721196
RPA1	CNN3	0.0011833591852337122
RAD21	HID1	0.001182839390821755
NFAT5	EEF1E1	0.0011827797861769795
RPA1	SORL1	0.001182126929052174
MYC	CASP1	0.0011820910731330514
HCFC1	ELAC2	0.001182054285891354
ELF1	LY86	0.0011820121435448527
RAD51	USP14	0.0011813703458756208
HDAC2	SERPINB1A	0.0011809039860963821
IRF8	RMND5A	0.001180832739919424
MYC	GMCL1	0.0011806769762188196
MEIS1	TCF19	0.001180627616122365
MYC	ZFP451	0.0011803819797933102
RAD21	LHCGR	0.0011803697561845183
SPI1	STAG2	0.00118033227045089
IKZF1	MYCT1	0.0011798625346273184
HDAC2	CD44	0.0011797627666965127
SPI1	FCHO2	0.0011796019971370697
GFI1B	UBAC1	0.0011795993195846677
IRF8	NUP155	0.0011791468132287264
ELF1	ODC1	0.0011790640419349074
RPA1	ALDOC	0.001178639940917492
HDAC2	TM7SF3	0.0011785592650994658
GFI1B	MIS18BP1	0.0011783032678067684
SATB1	DHFR	0.0011782379588112235
RPA1	ZFP24	0.001178110484033823
STAT2	TMEM173	0.0011779299238696694
MYC	AP3S1	0.0011777861509472132
CBFB	GNS	0.001177735161036253
HDAC2	NMD3	0.0011775512248277664
HCFC1	TUBA4A	0.0011772529687732458
RAD21	CCL9	0.0011768070980906487
MYC	METTL7A1	0.0011767919640988111
WDR5	GCLC	0.0011767060495913029
IRF8	KCNQ1OT1	0.001176203484646976
WDR5	CENPK	0.0011761945206671953
MYC	SZT2	0.001176041434518993
MYC	ZFP322A	0.0011755411978811026
RPA2	SELENBP1	0.0011755316518247128
MYC	KRT18	0.0011755116283893585
SPI1	CBFB	0.0011753618018701673
WDR5	TEC	0.0011752881109714508
WDR5	TGTP2	0.0011750682024285197
IKZF1	SERPINB9	0.0011746268719434738
ELF1	SLC16A1	0.0011745264055207372
HDAC2	TFG	0.0011741919443011284
GFI1B	PIK3R1	0.001174150500446558
GFI1B	PTPN7	0.0011740860063582659
HCFC1	ZFAND5	0.0011738981120288372
MYC	CALCRL	0.0011738688917830586
IRF8	PSEN1	0.0011737991590052843
RAD21	LONP2	0.0011737655149772763
IRF8	LONP1	0.0011736421147361398
WDR5	SMPD4	0.0011734719155356288
IKZF1	ENPP5	0.0011733972933143377
RAD51	KNSTRN	0.001173244439996779
SATB1	UTP4	0.0011725036893039942
SATB1	FLNB	0.0011723913485184312
SPI1	CDKN1A	0.0011723085772246122
MYC	PAK1	0.0011719010071828961
CBFB	HIF3A	0.0011717660818248987
RAD21	PSMC2	0.0011714912252500653
MYC	ATRN	0.0011712044943124056
RPA1	NUP88	0.0011702843476086855
WDR5	SELENOP	0.0011702791089192033
STAT2	PARP8	0.0011700805043801665
IKZF1	EAF1	0.001169682014733553
IRF8	GM4951	0.0011696014553308487
HCFC1	CCDC50	0.001169558148831129
RPA2	EPRS	0.0011686790967360139
JUN	MYC	0.0011683368356898427
MYC	TFR2	0.0011680452153086662
GFI1B	PRIM2	0.0011679037706926465
CBFB	RUNX1T1	0.0011678634909912944
SATB1	ZBTB38	0.0011669534724205732
HDAC2	TENT5A	0.0011669241357594728
RAD21	NCF1	0.0011667265789583325
ELF1	NASP	0.001166686648502946
ELF1	ETF1	0.001166646252386272
HDAC2	EAF1	0.001166574191302061
SATB1	NSUN2	0.0011663861805573106
IRF8	H2-OB	0.001166272908449173
SPI1	CENPA	0.0011662498582154512
WDR5	EPSTI1	0.001166185480542481
GATA2	PRPS2	0.00116559152957052
HCFC1	ERLIN1	0.0011654021218419075
JUN	SOX18	0.0011653733672574162
MYC	NCEH1	0.0011652570683509111
IRF8	DDX21	0.001165086287073791
SPI1	SLCO3A1	0.0011648546205833554
NFAT5	MAPK12	0.0011642121244221926
CBFB	POLR1B	0.00116402143612504
HCFC1	MTMR4	0.0011639047879725695
RPA2	SGCE	0.001163843902759254
RAD51	IL21R	0.0011637485586106777
RAD21	TNIP3	0.0011632847599685192
IKZF1	GEM	0.0011629171203821898
SPI1	KIF13A	0.001162896165624261
STAT2	ADGRL4	0.001162868458777666
IKZF1	TUBA4A	0.0011628424981608987
STAT2	BYSL	0.0011625230545178056
HCFC1	GPD1L	0.0011624478502199054
WDR5	ZFP35	0.0011623206082731485
RAD21	NFKBIA	0.0011621458688750863
ELF1	TRMT6	0.0011621330631896853
CBFB	NOP2	0.001162005471996963
RPA1	NDE1	0.0011613434180617332
RPA2	NKG7	0.001160907675512135
IKZF1	PREP	0.0011608283966779709
ELF1	GRINA	0.0011604868341237307
SPI1	PSMG2	0.001160099753178656
HCFC1	MED16	0.0011598248966038227
MYC	DOCK10	0.0011597516713663936
SATB1	UBL4A	0.0011595850810408592
HCFC1	9530068E07RIK	0.001159374718554318
SPI1	H2-AA	0.001159014063887298
MYC	PHF11B	0.0011590025387704372
RAD51	DDX20	0.0011588090565055609
SATB1	CCNE2	0.0011585125466808677
HDAC2	SLC20A1	0.0011582575971260667
WDR5	IIGP1	0.0011576798278838396
RAD21	CSRP3	0.0011575182434171438
MYC	FAM76B	0.0011563152074813843
RAD21	EPRS	0.0011559046106413007
HDAC2	ALDOC	0.0011555003002285957
GFI1B	MCM7	0.0011549515184015036
HCFC1	CDK1	0.00115487992297858
RAD21	TMEM176A	0.0011548066977411509
RPA1	ELOVL5	0.0011547160102054477
STAT2	NDUFS1	0.0011546616442501545
WDR5	RGS1	0.0011545735178515315
WDR5	MAGED2	0.0011545380111783743
HCFC1	TNFRSF13C	0.0011543463915586472
CBFB	HASPIN	0.0011541197309270501
SPI1	SLC7A4	0.0011537136742845178
IKZF1	OSTM1	0.001153523102402687
RPA1	TIMM50	0.0011534809600561857
CBFB	NEURL3	0.0011533796787261963
STAT2	SF3B3	0.0011531952768564224
RAD21	IL27RA	0.0011528049362823367
HDAC2	HACD3	0.001152771757915616
RPA2	PHF6	0.001152757671661675
IRF8	SOCS2	0.0011524884030222893
HCFC1	AGPS	0.0011516195954754949
CBFB	SYNJ1	0.0011511847842484713
GFI1B	TFG	0.0011511631309986115
IRF8	PWP2	0.0011509309988468885
GFI1B	RFC4	0.0011507848976179957
HDAC2	SLC25A46	0.001150517025962472
HCFC1	RUVBL2	0.00114889582619071
RPA1	CIP2A	0.0011486824369058013
STAT2	MCM3	0.0011484062997624278
HCFC1	MBNL3	0.001148394076153636
STAT2	EMILIN1	0.0011482898844406009
WDR5	ABCG2	0.0011480101384222507
RPA1	PHB2	0.0011479437816888094
ELF1	TIMM50	0.0011473898775875568
HCFC1	IFI44	0.0011470720637589693
GFI1B	CD244A	0.001146810594946146
WDR5	ZFP467	0.0011467175791040063
GFI1B	USP42	0.0011465923162177205
GFI1B	FGFR1OP	0.001146481721661985
SATB1	CASP12	0.0011457940563559532
FOXO1	PRTN3	0.0011456928914412856
RAD21	VAV1	0.001145586371421814
GATA2	D1ERTD622E	0.0011454280465841293
IRF8	TRIM16	0.0011452339822426438
HCFC1	SRSF1	0.0011449647136032581
SPI1	UPP1	0.0011447155848145485
HCFC1	MTR	0.0011439325753599405
SPI1	ZFP367	0.0011431273305788636
WDR5	MLKL	0.001143029541708529
GFI1B	ACOX3	0.00114284991286695
HCFC1	LZTS1	0.0011422057868912816
RPA1	DNAJC10	0.0011415880871936679
ELF1	SNHG5	0.0011415107874199748
RPA2	B230219D22RIK	0.0011409459402784705
HCFC1	MCM10	0.001140755950473249
HCFC1	ARL6IP6	0.0011405503610149026
STAT2	PSMD1	0.0011404103133827448
CBFB	CSTF2	0.0011401510564610362
RPA2	PAK1	0.0011399411596357822
HCFC1	IRGM2	0.0011396987829357386
HDAC2	MTOR	0.001139590167440474
CBFB	NCF1	0.0011395220644772053
RAD51	ARL8B	0.001139308325946331
ELF1	CCL4	0.0011391732841730118
IRF8	MAD2L1	0.0011390811996534467
SPI1	TMEM246	0.001138799823820591
ELF1	NDUFA10	0.0011385375401005149
FOXO1	CKS1B	0.0011384858516976237
HDAC2	SLC35E1	0.001138246851041913
MYC	TSPAN3	0.0011382077354937792
IRF8	CERS4	0.0011381396325305104
HDAC2	CSGALNACT1	0.0011380494106560946
RAD51	JPT1	0.001137927989475429
HCFC1	SPI1	0.0011378510389477015
NFAT5	TSPOAP1	0.0011378038907423615
IKZF1	TIMM50	0.0011375703616067767
GFI1B	USP37	0.0011373544111847878
SPI1	TUBA4A	0.001137164537794888
RAD51	DNM1L	0.0011365216923877597
WDR5	H2-Q6	0.0011364080710336566
RAD21	NARS	0.0011361900251358747
CBFB	COL4A2	0.0011353309964761138
IRF8	TRMT11	0.0011351025896146894
HCFC1	H2-DMA	0.0011348441476002336
WDR5	SLC35E1	0.0011347744148224592
SPI1	NDUFS1	0.0011345121311023831
GATA2	ODC1	0.0011344827944412827
JUN	AURKA	0.0011344313388690352
RPA1	NPLOC4	0.0011342763900756836
HCFC1	G6PDX	0.0011336402967572212
ELF1	MECOM	0.0011335028102621436
HDAC2	ARMT1	0.00113306671846658
HDAC2	GRK3	0.0011327873216941953
MYC	CERS6	0.0011324383085593581
CBFB	MGAT1	0.0011319699697196484
SPI1	ACSS2	0.001131772412918508
JUN	TOP2A	0.0011316550662741065
HDAC2	MKI67	0.0011311867274343967
RPA2	EPSTI1	0.001131119905039668
RPA1	DCAF13	0.0011308874236419797
IRF8	MORC3	0.0011308295652270317
IRF8	GPRASP1	0.0011307691456750035
JUN	UBASH3A	0.0011306320084258914
WDR5	CDK18	0.0011304628569632769
SPI1	PROCR	0.001130428514443338
STAT2	ABITRAM	0.0011298166355118155
IRF8	TSC22D3	0.0011289853136986494
RAD51	ARMT1	0.0011289571411907673
WDR5	GYS1	0.001128543633967638
IKZF1	NCEH1	0.0011284840293228626
CBX7	CKS2	0.0011281354818493128
RAD51	GOLPH3	0.0011281206971034408
GFI1B	GK	0.0011277520097792149
IRF8	TRMT6	0.001127716968767345
ELF1	IL27RA	0.0011277019511908293
JUN	PRODH	0.0011272450210526586
MYC	CREBRF	0.0011272192932665348
STAT2	PRMT5	0.0011271584080532193
HDAC2	NOL9	0.0011267329100519419
HDAC2	MORC3	0.0011267252266407013
HCFC1	SERPINB6B	0.0011264965869486332
SATB1	ALAS1	0.0011256280122324824
ELF1	SARAF	0.001125448034144938
CBFB	TBXAS1	0.001124730333685875
HCFC1	LONP2	0.0011245436035096645
GFI1B	H2AFX	0.0011245266068726778
JUN	GMNN	0.0011233905097469687
JUN	MXD3	0.0011230198433622718
JUN	NUP155	0.001122746616601944
HDAC2	STOM	0.0011221057502552867
ELF1	NDRG2	0.00112158025149256
ELF1	PSEN1	0.001121383742429316
CBFB	TECPR1	0.0011210134252905846
HCFC1	XPC	0.0011207774514332414
RPA1	EPRS	0.0011207463685423136
GATA2	MCM10	0.001120724598877132
HCFC1	SLC44A2	0.0011206507915630937
WDR5	PHF10	0.0011205262271687388
IKZF1	OTUD6B	0.0011200980516150594
GFI1B	MFSD10	0.0011200743028894067
RPA2	RANBP3	0.001119919354096055
CBFB	IRF9	0.0011196278501302004
RAD21	FGGY	0.0011193695245310664
IKZF1	XRCC3	0.0011191540397703648
STAT2	FEM1A	0.0011183549650013447
SPI1	TNFAIP2	0.0011178592685610056
ELF1	NUP85	0.0011176355183124542
WDR5	ENG	0.001117128529585898
SATB1	HEXA	0.0011166214244440198
RPA2	NDUFA10	0.0011164979077875614
JUN	PLAC8	0.0011163372546434402
RAD21	ANXA3	0.0011159186251461506
IKZF1	GPR160	0.0011154219973832369
HCFC1	CDCA4	0.0011153026716783643
HCFC1	MIR99AHG	0.0011151370126754045
IKZF1	SLA2	0.001114466693252325
STAT2	CDC45	0.0011142033617943525
ELF1	NOP2	0.001114174723625183
HDAC2	ARL11	0.0011141289724037051
RAD21	CERS6	0.0011138279223814607
FOXO1	MC5R	0.0011130848433822393
HDAC2	EGR1	0.001112901489250362
JUN	JPT2	0.0011127536417916417
WDR5	ZFP422	0.0011126272147521377
RAD21	MCM7	0.001111886347644031
SPI1	PYGM	0.0011117535177618265
IRF8	UBR7	0.0011115844827145338
RAD51	ARID2	0.0011114568915218115
IRF8	API5	0.0011110587511211634
IRF8	SUPV3L1	0.0011106872698292136
RAD21	THADA	0.0011106709716841578
IRF8	DPP8	0.0011104833101853728
RAD51	EIF2B1	0.0011103191645815969
NFAT5	MFSD1	0.0011102439602836967
HCFC1	ATP8B4	0.0011097751557826996
IKZF1	ART4	0.0011092036729678512
IRF8	THSD1	0.0011088689789175987
IKZF1	CAMK2D	0.0011085892328992486
HDAC2	PFKP	0.0011085632722824812
GATA2	CDKN1A	0.00110783358104527
STAT2	CUL3	0.001107791787944734
IKZF1	PLAA	0.0011076928349211812
HCFC1	TYROBP	0.0011072594206780195
GFI1B	PHKB	0.0011068369494751096
HDAC2	CISH	0.0011066205333918333
MYC	SGMS1	0.00110573077108711
IRF8	SNAP23	0.0011055800132453442
RAD21	ZMIZ1	0.0011055306531488895
ELF1	TRIM47	0.0011054002679884434
SPI1	MLKL	0.0011051659239456058
HDAC2	CAD	0.00110511330422014
RPA2	LONP2	0.0011047369334846735
GATA2	TSPAN2	0.0011047227308154106
RPA1	DHRS3	0.0011041852412745357
HDAC2	SERP1	0.0011041101533919573
ELF1	UBA2	0.0011039107339456677
RPA2	TMEM33	0.0011036390205845237
MYC	TLE2	0.0011036306386813521
RPA1	BUB1B	0.0011032454203814268
FOXO1	SNRPB	0.00110287731513381
SATB1	ODC1	0.0011026730062440038
CBFB	GRIA3	0.0011024393606930971
WDR5	SPC25	0.001102434005588293
JUN	CDCA5	0.0011023352853953838
RAD51	HNRNPAB	0.0011017280630767345
RAD51	SPIDR	0.0011015490163117647
WDR5	PCMTD2	0.0011014527408406138
SATB1	MUC13	0.0011014498304575682
ELF1	MR1	0.001101312111131847
RAD21	IL12A	0.0011005550622940063
RAD51	PIK3R2	0.0011005498236045241
CBFB	TM6SF1	0.0011003647232428193
HDAC2	ANKRD44	0.0011001245584338903
GFI1B	POLR2B	0.0011000590166077018
GATA2	MXD3	0.0010995895136147738
SATB1	PRDM16	0.0010995172196999192
JUN	ARL11	0.0010987793793901801
HDAC2	DDX21	0.0010985631961375475
HDAC2	RASSF4	0.0010984254768118262
HCFC1	ZFP53	0.0010982078965753317
SPI1	GEMIN5	0.0010981970699504018
SATB1	CKS2	0.001097428030334413
HCFC1	NARS	0.0010972386226058006
IRF8	HASPIN	0.0010971348965540528
NFAT5	CKS1B	0.0010971158044412732
HDAC2	HJURP	0.0010968497954308987
RPA1	MTO1	0.0010966559639200568
HCFC1	FAM91A1	0.0010961401276290417
HDAC2	H1F0	0.0010959861101582646
MYC	MTFR1	0.001095909159630537
IRF8	RPP40	0.0010956593323498964
GFI1B	ADORA2A	0.001095601823180914
MYC	GATM	0.0010955920442938805
JUN	DCK	0.0010954099707305431
RAD21	MCM5	0.0010944176465272903
ELF1	AI506816	0.0010942345252260566
SPI1	TFG	0.001093595172278583
MYC	GM8113	0.0010931538417935371
IRF8	MTUS1	0.00109308329410851
RAD21	ADA	0.0010930565185844898
MYC	NCLN	0.0010929170530289412
GFI1B	ICAM1	0.0010928282281383872
GFI1B	NUAK2	0.0010928078554570675
WDR5	ART4	0.0010921169305220246
RPA2	TBL3	0.0010917802574113011
RPA2	PLEKHO2	0.0010917643085122108
WDR5	MARS	0.0010916675673797727
RPA1	GRINA	0.0010908582480624318
RAD21	LY6C2	0.0010904528899118304
IRF8	RNF122	0.0010902825742959976
SATB1	SERPINB9	0.001088564284145832
RPA1	GLB1	0.0010885557858273387
SPI1	MTMR1	0.0010880946647375822
RAD51	B230219D22RIK	0.0010875283041968942
RAD21	CYP4V3	0.0010874902363866568
CBFB	ATAD1	0.0010874567087739706
GFI1B	NCAPG2	0.0010868761455640197
HDAC2	MFSD1	0.0010866234079003334
WDR5	IL6ST	0.001086529577150941
IRF8	PCMTD1	0.0010862165363505483
CBFB	GPR160	0.0010860348120331764
IKZF1	STAT2	0.0010859681060537696
HCFC1	CSAD	0.0010855270083993673
HDAC2	ZFP53	0.001085503725335002
NFAT5	BID	0.0010852719424292445
HDAC2	SLC2A3	0.0010849753161892295
RAD21	FIGNL1	0.0010849414393305779
HCFC1	SH3BGRL	0.0010846899822354317
RPA2	ANKRD44	0.0010841898620128632
IKZF1	KCNQ1OT1	0.0010841788025572896
RPA1	RASA4	0.0010839083697646856
HCFC1	MTMR1	0.0010836198925971985
ELF1	CLEC12A	0.0010835097637027502
IRF8	SYK	0.0010834939312189817
CBFB	PDE4D	0.0010834169806912541
SATB1	RUVBL2	0.0010830146493390203
HCFC1	CSTF2	0.0010829056845977902
HDAC2	SLCO3A1	0.0010824899654835463
IKZF1	NDE1	0.0010824223281815648
NFAT5	PCLAF	0.0010821610921993852
HCFC1	IRF7	0.001082065049558878
RAD51	DLST	0.0010814460692927241
HDAC2	LAP3	0.0010813201079145074
RAD21	SLA2	0.0010807127691805363
IRF8	CCNB1	0.0010803064797073603
GFI1B	HDC	0.0010801192838698626
GATA2	PHKB	0.0010800701566040516
STAT2	TIPIN	0.001079540466889739
RPA1	ATRN	0.0010794404661282897
HDAC2	HK3	0.0010792928515002131
RAD21	RAB38	0.0010792058892548084
RPA1	XAF1	0.001078665954992175
MYC	IL21R	0.0010786395287141204
JUN	FGFR1OP	0.0010784692130982876
RPA2	KPNA3	0.0010774105321615934
WDR5	PRELID3B	0.0010771158849820495
WDR5	TMEM229B	0.0010770215885713696
MYC	CST7	0.0010767995845526457
HDAC2	SNX30	0.0010765742044895887
RPA1	MS4A6C	0.0010764332255348563
GATA2	POLA2	0.0010762722231447697
WDR5	BPIFC	0.0010758073767647147
RAD21	TSC22D3	0.0010755929397419095
HCFC1	ADGRG3	0.00107534637209028
RPA2	PGLYRP2	0.001075107604265213
GFI1B	RAP1B	0.0010750468354672194
RPA1	SLC31A1	0.0010749429930001497
HCFC1	ANXA5	0.0010747684864327312
CBFB	SH2D5	0.0010739415884017944
HDAC2	GPD1L	0.0010735506657510996
HCFC1	NAPSA	0.0010735426330938935
IRF8	CKAP2L	0.001072910614311695
HDAC2	CNN3	0.0010719576384872198
CBFB	RPRD1B	0.0010715997777879238
SPI1	EMCN	0.0010715593816712499
RPA1	CLN5	0.0010714688105508685
HDAC2	HSPA1A	0.001071403850801289
CBFB	MTMR4	0.001071110018528998
JUN	NUDT19	0.001070540864020586
RAD51	TRAP1	0.0010702427243813872
HCFC1	ATP13A1	0.0010701838182285428
GFI1B	CLEC4E	0.0010701771825551987
JUN	DUT	0.0010701615829020739
IRF8	MTOR	0.0010693739168345928
GATA2	NAMPT	0.00106931256595999
HDAC2	WDR55	0.0010692700743675232
RAD51	PA2G4	0.0010692677460610867
STAT2	ARHGEF18	0.0010692073265090585
JUN	AURKB	0.0010688458569347858
WDR5	PRC1	0.0010687157046049833
WDR5	PRTN3	0.001068612327799201
IRF8	ABITRAM	0.0010683303698897362
SATB1	NCAPH	0.001068255864083767
JUN	IDH3A	0.0010680934647098184
WDR5	EFCC1	0.0010679969564080238
HDAC2	2610035D17RIK	0.0010679031256586313
RPA2	CLTC	0.0010678073158487678
WDR5	F2R	0.0010677510872483253
HDAC2	IDH3A	0.001067675999365747
RAD51	PATL1	0.0010674181394279003
GFI1B	CRISPLD1	0.001067276461981237
RAD21	SLC20A1	0.001067244098521769
GATA2	PHF5A	0.0010670688934624195
MYC	PRKCH	0.0010670193005353212
MYC	CHRNB1	0.0010669660987332463
IKZF1	SOAT1	0.0010667337337508798
IKZF1	DCK	0.0010666238376870751
MEIS1	CEP55	0.0010662622516974807
CBFB	NUP93	0.0010661474661901593
RAD51	TUBA4A	0.0010657384991645813
RPA1	1700017B05RIK	0.0010649970499798656
GFI1B	BIRC5	0.0010647884337231517
GATA2	EDEM1	0.0010644466383382678
HCFC1	SHMT1	0.0010643847053870559
STAT2	GGTA1	0.0010639375541359186
HDAC2	CCNB1	0.001063562580384314
GFI1B	MPO	0.0010629722382873297
RAD21	5430427O19RIK	0.0010624979622662067
ELF1	SSH3	0.0010621169349178672
RAD21	ACOX1	0.0010619901586323977
JUN	DEK	0.0010617917869240046
SPI1	SLC18A2	0.0010613667545840144
IKZF1	LYN	0.001061311922967434
HDAC2	EZR	0.001061215647496283
NFAT5	ATAD2	0.0010611745528876781
ELF1	LZTS1	0.0010610496392473578
IKZF1	TIE1	0.0010609951568767428
HDAC2	IGFBP4	0.0010604070266708732
GATA2	TXNDC11	0.0010602646507322788
HDAC2	CCL4	0.0010601046960800886
CBFB	H2-AA	0.0010595917701721191
IRF8	GMNN	0.0010594327468425035
RAD21	OTUD4	0.001059376634657383
GATA2	NUP85	0.0010590299498289824
ELF1	CERK	0.001058425521478057
IKZF1	MPZL1	0.0010582051472738385
WDR5	FAM171A1	0.0010578205110505223
RPA2	SH3BGRL	0.0010578036308288574
RPA1	AZIN1	0.0010576872155070305
RPA2	HNRNPLL	0.0010575286578387022
HDAC2	DNAJC5	0.001057490473613143
SPI1	IFI209	0.0010574739426374435
RAD21	SUPV3L1	0.0010573946638032794
IKZF1	TRAP1	0.0010568773141130805
CBFB	MAGED1	0.0010568652069196105
MYC	SLC20A1	0.001056709443219006
HCFC1	DDX60	0.0010566330747678876
CBFB	IL27RA	0.0010564855765551329
RPA1	BTAF1	0.0010564776603132486
MYC	MLKL	0.0010563211981207132
IRF8	H1F0	0.0010556966299191117
ELF1	CIPC	0.0010550918523222208
RPA1	ELMO2	0.0010550118749961257
RPA2	SNRNP200	0.0010546884732320905
IKZF1	ELAC2	0.0010545555269345641
WDR5	FAM102B	0.0010544909164309502
RPA1	TBXAS1	0.001054018153809011
RPA2	FASTKD3	0.0010540081420913339
JUN	CD244A	0.001053974381648004
HDAC2	NUP155	0.0010535232722759247
SPI1	SVIP	0.0010531273437663913
NFAT5	PTPRS	0.001053020590916276
RPA1	PRR5	0.001052792533300817
JUN	EEF1E1	0.0010526928817853332
IKZF1	SMPDL3A	0.0010522324591875076
MEIS1	MAD2L1	0.0010521954391151667
HDAC2	TBXAS1	0.001052095671184361
WDR5	LACTB	0.0010519310599192977
MYC	TAF12	0.0010515465401113033
RPA2	GNG2	0.0010514040477573872
WDR5	CYP2J9	0.0010511040454730392
MEIS1	TMEM50B	0.00105099577922374
WDR5	PPAT	0.0010502914665266871
GFI1B	ODC1	0.0010501677170395851
SPI1	STX3	0.0010500721400603652
GFI1B	TM7SF3	0.001049894723109901
RAD21	MED16	0.0010495273163542151
JUN	TMEM37	0.0010484637459740043
JUN	UBR7	0.0010484386002644897
CBFB	MLKL	0.001048424281179905
HCFC1	PLXNA4OS1	0.0010481153149157763
RPA2	NCAPH	0.0010474008740857244
RPA1	ADGRG3	0.0010467036627233028
SATB1	HACD4	0.0010464288061484694
CBFB	USP11	0.0010458750184625387
SATB1	COQ8A	0.0010454475414007902
RAD21	ALDH18A1	0.0010453211143612862
SPI1	ABCB8	0.0010449332185089588
JUN	TENT5A	0.0010443967767059803
MYC	SLCO4A1	0.0010438106255605817
CBFB	OTUD6B	0.001043553464114666
SATB1	NDC1	0.001043421565555036
IKZF1	TRPC6	0.001042919117026031
JUN	CAD	0.00104283238761127
RPA1	PARVG	0.0010424298234283924
HCFC1	SH2D5	0.0010422714985907078
WDR5	CD74	0.0010417405283078551
HDAC2	PLEKHO2	0.0010415801079943776
RPA2	TYROBP	0.0010412855772301555
MYC	ITCH	0.0010412359843030572
MYC	REXO4	0.0010410018730908632
RPA2	IL21R	0.0010408004745841026
MEIS1	ATAD2	0.001040581613779068
NFAT5	MDN1	0.0010403759079053998
RAD21	PPP1R9A	0.0010403504129499197
RAD21	TNFRSF21	0.001040264731273055
RAD21	CHCHD10	0.0010392292169854045
RAD51	ACAA2	0.0010392168769612908
IRF8	ELOVL5	0.0010388006921857595
WDR5	ANXA2	0.0010385544737800956
SATB1	SNAP23	0.0010376670397818089
SPI1	ITM2A	0.001037621172145009
GFI1B	CLTC	0.0010369678493589163
HCFC1	CENPO	0.0010369544615969062
RAD51	STAG2	0.0010368843795731664
RPA2	BIRC5	0.0010363993933424354
HDAC2	SATB1	0.0010360382730141282
MEIS1	IFI30	0.0010358806466683745
RAD51	CNIH1	0.0010358620202168822
CBFB	BC005561	0.0010358382714912295
RPA1	CCDC137	0.0010352990357205272
MYC	LAPTM4B	0.001035290420986712
IRF8	MOGS	0.0010352612007409334
MYC	KIF13A	0.0010352320969104767
SPI1	NFIA	0.0010347804054617882
MYC	ERGIC1	0.0010347485076636076
STAT2	PA2G4	0.001034173066727817
GFI1B	ZEB2	0.0010336888954043388
MYC	ARID2	0.0010336375562474132
ELF1	SLC20A1	0.0010334522230550647
IRF8	CDK6	0.0010326006449759007
MYC	TENT5A	0.0010322144953534007
RPA1	NUSAP1	0.0010321803856641054
HDAC2	B3GNT5	0.0010320240398868918
SPI1	SLCO4A1	0.0010316696716472507
RAD21	NUP93	0.0010314120445400476
HCFC1	MSH6	0.0010313144885003567
MYC	FRRS1	0.0010312143713235855
CBFB	ZFP24	0.0010310556972399354
IKZF1	CTSL	0.0010309319477528334
CBFB	NUBP2	0.0010303655872121453
JUN	PSMD6	0.0010303365997970104
MYC	ITGAL	0.001030175480991602
HDAC2	RANGAP1	0.0010296596447005868
ELF1	RFC5	0.0010295668616890907
CBFB	PBX1	0.0010292883962392807
SPI1	PDE4D	0.001029166392982006
IRF8	TRP53I11	0.001028938451781869
GFI1B	PLAG1	0.0010288461344316602
STAT2	ADSL	0.0010287746554240584
SPI1	ADO	0.0010286614997312427
GFI1B	PRPS2	0.0010285901371389627
IRF8	TOP3B	0.0010282295988872647
JUN	PRSS57	0.0010281889699399471
HCFC1	NFE2	0.0010278202826157212
RPA1	SRM	0.001027571503072977
GFI1B	BUB1B	0.0010272369254380465
SPI1	LONP2	0.0010268943151459098
WDR5	MFNG	0.0010264243464916945
MEIS1	4833439L19RIK	0.0010263044387102127
STAT2	CHORDC1	0.0010253832442685962
RAD21	MORC3	0.001024637371301651
MYC	GEM	0.0010245536686852574
SATB1	UBA2	0.001024545170366764
GFI1B	ZFP367	0.001024481374770403
ELF1	SGPP1	0.001024309080094099
CBFB	METTL27	0.0010242766002193093
MYC	TBC1D2B	0.0010242033749818802
WDR5	TFR2	0.0010241285199299455
STAT2	CYP4V3	0.0010237792739644647
IRF8	ART4	0.0010234852088615298
HDAC2	PDE4D	0.0010234080255031586
WDR5	ANXA1	0.0010231853229925036
ELF1	LPCAT2	0.0010231353808194399
WDR5	MAGED1	0.0010217421222478151
RAD51	CTC1	0.001021486590616405
GFI1B	TLR4	0.001021304284222424
RAD51	OTUD6B	0.0010210010223090649
MEIS1	TYMS	0.0010208012536168098
IKZF1	HK3	0.0010205416474491358
MYC	DDX20	0.0010204305872321129
IKZF1	SEC24D	0.0010204236023128033
IKZF1	MCOLN2	0.0010203002020716667
IRF8	ENG	0.001019817660562694
GFI1B	IFI27L2A	0.0010198099771514535
WDR5	RNF38	0.0010196988005191088
RPA1	ZFP53	0.0010191695764660835
HCFC1	2610035D17RIK	0.0010188115993514657
HCFC1	PLXNC1	0.0010182928526774049
RAD21	SDC4	0.0010182862170040607
GFI1B	DDX21	0.0010180757381021976
CBFB	CTLA2B	0.0010173293994739652
SATB1	JPT2	0.0010164055274799466
RAD21	PKIB	0.0010163149563595653
MYC	SLC44A2	0.0010162804974243045
RPA2	INPP5B	0.0010160799138247967
MYC	PRDM16	0.0010158466175198555
WDR5	NASP	0.001015790388919413
WDR5	IL21R	0.0010155090130865574
RPA1	PREP	0.001015353249385953
IRF8	GNL3	0.0010152191389352083
RAD21	TEX10	0.0010150709422305226
RAD51	MYO5A	0.001014793524518609
SPI1	SLC35B4	0.0010145459091290832
RAD21	GUSB	0.0010142710525542498
WDR5	TSPAN2	0.0010142592946067452
HCFC1	CREBRF	0.0010138993384316564
RPA1	TEX10	0.0010138674406334758
GFI1B	TECPR1	0.001013514818623662
NFAT5	IDH1	0.0010133142350241542
NFAT5	CTSG	0.0010131348390132189
RAD51	RANBP3	0.0010131018934771419
HCFC1	URB2	0.001012991415336728
WDR5	ALDOC	0.0010129889706149697
GATA2	POLD1	0.00101190444547683
GFI1B	ERCC8	0.0010112831369042397
RAD21	SLC2A3	0.0010111635783687234
SPI1	FAM189B	0.0010111546143889427
SPI1	SNAP47	0.0010101947700604796
IKZF1	TIMM29	0.001009914674796164
IRF8	GATM	0.0010098288767039776
SATB1	H1F0	0.0010096034966409206
WDR5	TMEM176A	0.001009030151180923
HDAC2	KIF22	0.0010082413209602237
WDR5	PIM2	0.0010080868378281593
RPA2	ATF7	0.0010080710053443909
FOXO1	GLRX5	0.0010079011553898454
SPI1	GM4759	0.0010078526102006435
HCFC1	GNG2	0.0010078189661726356
HDAC2	COL4A1	0.0010078102350234985
JUN	RCC1	0.0010076147736981511
HDAC2	NEURL3	0.0010075924219563603
WDR5	CD274	0.0010075431782752275
STAT2	NCLN	0.0010075042955577374
WDR5	PBX1	0.001007500453852117
GATA2	MGAT1	0.00100726168602705
STAT2	GMNN	0.0010069635463878512
MYC	PLAA	0.001006564125418663
CBX7	SHMT1	0.0010065319947898388
RAD51	DNAJC11	0.0010064399102702737
RPA2	HSPA4	0.0010061942739412189
SATB1	KIF20B	0.0010061474749818444
WDR5	MTR	0.0010060828644782305
WDR5	LDHB	0.001005840371362865
HDAC2	BDH2	0.0010058312909677625
CBFB	HDC	0.0010055862367153168
WDR5	NUF2	0.001005201251246035
GFI1B	GMFB	0.0010049061384052038
SATB1	BUB1	0.001004548161290586
HDAC2	MECOM	0.0010041645728051662
SATB1	ANXA1	0.0010041638743132353
HDAC2	MPI	0.0010039927437901497
RAD21	PTGS1	0.001003964338451624
RPA2	STRAP	0.0010035528102889657
HCFC1	RELB	0.0010032984428107738
GFI1B	EPSTI1	0.0010031013516709208
HDAC2	GIMAP1OS	0.001003060955554247
STAT2	HARS	0.0010027872631326318
SPI1	CDT1	0.0010018113534897566
RAD21	TCIRG1	0.0010014125145971775
MEIS1	RRM1	0.001000561867840588
MYC	DHFR	0.0010003389324992895
JUN	GM1966	0.0009999924805015326
RAD21	MPI	0.0009997407905757427
WDR5	TIMM29	0.000999647774733603
STAT2	USP37	0.0009995836298912764
MYC	HIF3A	0.0009994752472266555
GFI1B	GPR160	0.0009992795530706644
CBFB	THEMIS2	0.0009991812985390425
JUN	NUP107	0.0009990918915718794
GFI1B	CENPK	0.0009980855975300074
CBFB	HYOU1	0.0009977261070162058
SPI1	AGPS	0.0009973834967240691
WDR5	MAP4K2	0.0009971573017537594
HCFC1	ABCB8	0.000996976625174284
SPI1	CRISPLD1	0.0009968404192477465
SPI1	MCM7	0.00099665904417634
MEIS1	HDC	0.0009964221389964223
NFAT5	PRIM2	0.0009961262112483382
ELF1	2610035D17RIK	0.0009956866269931197
RAD51	AHCYL1	0.0009956680005416274
IRF8	IGFBP4	0.0009955659043043852
SATB1	MDN1	0.0009953203843906522
RPA2	CTR9	0.0009952082764357328
IRF8	CSF2RB	0.0009951181709766388
RPA2	NDUFS1	0.0009946259669959545
CBFB	EYA2	0.000994483008980751
MYC	SERPINB6B	0.0009939350420609117
GFI1B	AZIN1	0.0009935570415109396
CBFB	CENPA	0.000993217807263136
HCFC1	DDX58	0.0009930109372362494
RPA1	TNPO1	0.0009928744984790683
RPA2	GTF2F1	0.000992811401374638
IKZF1	MTMR4	0.000992799992673099
WDR5	PTGR1	0.0009927558712661266
HDAC2	TES	0.0009926720522344112
RPA2	OTUD4	0.000992662156932056
CBFB	NDUFV1	0.0009926175698637962
ELF1	BTAF1	0.0009921356104314327
GFI1B	GBP2	0.0009921304881572723
MYC	F2R	0.000992113258689642
ELF1	NUPR1	0.0009920719312503934
CBX7	ZFP322A	0.0009917704155668616
MYC	SLC35E1	0.0009915339760482311
HDAC2	LZTS1	0.0009913438698276877
HCFC1	LSP1	0.000991299981251359
HDAC2	TNPO1	0.0009910062653943896
HCFC1	IDH3A	0.0009909546934068203
FOXO1	CHORDC1	0.0009907577186822891
HDAC2	AW112010	0.0009906282648444176
SATB1	ENPP5	0.0009906039340421557
STAT2	TBL3	0.0009905037004500628
RPA2	POLR1B	0.0009898508433252573
MYC	NCF1	0.000989785068668425
IRF8	CHRNB1	0.0009897780837491155
RAD21	ALDOC	0.000989374122582376
IRF8	OSTM1	0.0009889116045087576
HCFC1	GK	0.0009889112552627921
GFI1B	NCEH1	0.000988629413768649
RPA1	ARID2	0.0009881719015538692
ELF1	PCLAF	0.000988123589195311
MEIS1	NASP	0.0009880807483568788
ELF1	PLAG1	0.0009879500139504671
HCFC1	SHISA8	0.000987317180261016
NFAT5	PLAC8	0.0009868612978607416
HDAC2	RGS1	0.0009865857427939773
IKZF1	TNIP3	0.0009865059982985258
ELF1	ALAS1	0.000986289232969284
WDR5	TRIM30D	0.0009862820152193308
CBFB	ARL11	0.000985967111773789
FOXO1	SORL1	0.0009859530255198479
HDAC2	PLA2G12A	0.0009859083220362663
HCFC1	FTX	0.0009851861977949739
HDAC2	YPEL3	0.0009844659361988306
RPA1	FTX	0.0009841230930760503
ELF1	TMEM43	0.000984085607342422
HCFC1	NUBP2	0.000983972568064928
MYC	H2AFX	0.0009839545236900449
HCFC1	SYTL1	0.0009838455589488149
MYC	1700017B05RIK	0.0009837500983849168
RAD21	TXNIP	0.0009834441589191556
HDAC2	CSF2RB	0.0009833957301452756
RAD51	TSPAN14	0.00098312774207443
SPI1	ATP11C	0.000982310390099883
GATA2	TNFRSF21	0.0009822987485677004
HCFC1	SELENOP	0.0009822661522775888
WDR5	GRK3	0.0009818237740546465
JUN	STT3A	0.0009818088728934526
WDR5	TMX4	0.0009814280783757567
NFAT5	TMEM184C	0.0009812411153689027
NFAT5	REXO2	0.0009811014169827104
MYC	PTPN7	0.0009810972260311246
SPI1	GMCL1	0.000980996759608388
HCFC1	THADA	0.0009809327311813831
STAT2	KPNA3	0.0009808660252019763
HDAC2	DENND2D	0.0009807670721784234
HCFC1	NFAM1	0.0009807635797187686
HDAC2	TSC22D1	0.000980545999482274
RAD51	ATP10A	0.0009802444837987423
RPA2	BID	0.0009801285341382027
HDAC2	TRIB3	0.0009797972161322832
HDAC2	DTL	0.0009797285310924053
RAD21	CTTN	0.0009794901125133038
RPA2	TMEM176A	0.0009793256176635623
NFAT5	LGALS1	0.0009792823111638427
RPA2	COLGALT1	0.000979188596829772
RAD51	FAM76B	0.0009782752022147179
GFI1B	CSGALNACT2	0.0009773948695510626
JUN	ATAD2	0.0009769422467797995
SPI1	NFKBIA	0.0009767127921804786
ELF1	TMEM154	0.0009765072609297931
SPI1	RPAP1	0.0009764679707586765
RPA2	ZFP24	0.0009754681377671659
IRF8	CTPS	0.0009753802441991866
JUN	CST7	0.0009752875776030123
FOXO1	F630028O10RIK	0.0009752611513249576
IRF8	PTPRS	0.0009746276191435754
IKZF1	AHCYL1	0.0009746046853251755
NFAT5	STIP1	0.0009745932766236365
STAT2	C030034L19RIK	0.0009744478156790137
HCFC1	MTREX	0.0009743670234456658
IRF8	SRSF1	0.000973480346146971
JUN	RRM2	0.0009734384366311133
IKZF1	APLP2	0.0009729579905979335
IRF8	OTUD4	0.0009728093864396214
MEIS1	MS4A6C	0.0009725351701490581
HDAC2	GEM	0.0009722827235236764
RPA2	HASPIN	0.0009719309746287763
GFI1B	FCGRT	0.0009718491928651929
JUN	IDH1	0.0009716887725517154
RPA2	ICAM1	0.0009714296320453286
GFI1B	SUSD3	0.0009713458130136132
WDR5	STXBP4	0.000970889930613339
WDR5	NEURL3	0.0009707900462672114
JUN	WDR43	0.0009703307296149433
RAD21	HLF	0.000969914544839412
RPA1	FAM91A1	0.000969648128375411
HDAC2	FOXO1	0.0009693201282061636
IRF8	GM20342	0.0009690963197499514
ELF1	FGGY	0.0009688987047411501
MYC	NUP107	0.0009686185512691736
ELF1	JARID2	0.0009683562675490975
SPI1	CTSF	0.0009677062043920159
STAT2	TMEM184C	0.0009675354813225567
SPI1	GM4951	0.000967453233897686
WDR5	HDAC7	0.0009673833264969289
GFI1B	DEK	0.0009673214517533779
HDAC2	LCP2	0.0009670646977610886
IKZF1	COQ8A	0.0009670091676525772
STAT2	SRM	0.0009666692931205034
HDAC2	OTUD4	0.000966604973655194
WDR5	OSTM1	0.000965883198659867
GFI1B	THEMIS2	0.0009656620095483959
MYC	ARID3B	0.0009655423345975578
GATA2	NEIL3	0.000965524697676301
GFI1B	SPI1	0.0009651327272877097
MYC	PLIN3	0.0009646008256822824
RPA1	CSGALNACT1	0.0009645886020734906
HDAC2	PLXDC2	0.0009644514648243785
SPI1	AURKA	0.0009640224743634462
RAD21	PDIA4	0.0009638191550038755
SPI1	DNM1L	0.0009635118185542524
STAT2	MTHFD1	0.000963228871114552
HCFC1	ARMT1	0.0009631503489799798
ELF1	CTTN	0.0009630945278331637
RPA1	EML4	0.0009627713006921113
ELF1	CS	0.0009624763624742627
RPA2	NEDD1	0.0009621161734685302
RAD51	AGPS	0.0009618022013455629
SPI1	RTEL1	0.0009616093593649566
JUN	FES	0.000961459125392139
GFI1B	WDR43	0.0009613403817638755
IRF8	GLRX5	0.0009609106928110123
ELF1	MAMDC2	0.0009608744294382632
IRF8	HDGF	0.0009605326922610402
GFI1B	SUPV3L1	0.0009597207535989583
CBFB	TRP53I11	0.000959500262979418
HCFC1	IDH1	0.0009593123686499894
SATB1	TIMP2	0.0009591375710442662
RAD21	ANKRD44	0.0009590560803189874
JUN	CENPE	0.0009590449626557529
HCFC1	BCAP29	0.0009586939704604447
RPA2	BYSL	0.000958606309723109
ELF1	SPCS3	0.0009585754596628249
HCFC1	ELMO2	0.0009580117766745389
GATA2	AKNA	0.0009579156758263707
IKZF1	GOLPH3	0.000957718410063535
RPA2	SLC2A3	0.0009575613075867295
IRF8	NUDCD1	0.000957538781221956
MYC	GANAB	0.0009573043207637966
IRF8	ZC3H7A	0.0009572480921633542
WDR5	C030034L19RIK	0.0009571528644300997
HDAC2	TGTP2	0.0009567525121383369
RPA1	STAT2	0.0009564827778376639
CBFB	PPP1R9A	0.0009563996572978795
SPI1	PTTG1IP	0.000956175266765058
RPA2	F2R	0.0009559604222886264
CBFB	ABHD17B	0.000955777068156749
HDAC2	RRM2	0.0009556354489177465
RPA2	UBASH3A	0.000955556461121887
SATB1	BDH2	0.0009554294520057738
IRF8	GEM	0.0009548772941343486
MYC	SLC30A5	0.0009545210050418973
RPA1	MTHFD1	0.0009544553468003869
WDR5	RTP4	0.0009544325293973088
MYC	IFITM1	0.000954412913415581
HDAC2	GALNS	0.0009543427149765193
RPA2	IL27RA	0.0009542630286887288
RPA1	ODC1	0.0009542463812977076
HDAC2	CD274	0.0009538729791529477
RPA2	TTF2	0.0009537517908029258
RPA1	ARL8B	0.0009527711081318557
RPA2	PATL1	0.0009523549233563244
CBFB	CLEC4E	0.0009513935074210167
WDR5	PHF6	0.0009513405966572464
SPI1	KCNK5	0.0009506716742180288
HDAC2	PDE4B	0.0009506695787422359
IRF8	ENPP5	0.0009503386681899428
ELF1	TSPOAP1	0.0009502879693172872
SPI1	HMBS	0.0009502106695435941
JUN	MTFR1	0.0009501558379270136
WDR5	MYCN	0.0009501200984232128
GATA2	AGPS	0.0009498539729975164
RAD51	NUP88	0.0009497380815446377
STAT2	SNRNP200	0.0009492114186286926
WDR5	SATB1	0.0009491079836152494
WDR5	ISG20	0.0009488494251854718
IRF8	STAT2	0.0009487971547059715
HCFC1	MS4A6C	0.0009486157214269042
RAD21	ATP6AP1	0.0009485207265242934
MEIS1	CD48	0.000948206230532378
RAD51	MARS	0.0009481139713898301
RAD21	TGFBR1	0.000947953958529979
GFI1B	MTMR4	0.000947484455537051
RPA2	LMO4	0.0009473918471485376
HCFC1	MAGED2	0.0009473872487433255
ELF1	ELMO2	0.0009473004611209035
SATB1	VSIR	0.0009472263627685606
ELF1	ITSN1	0.0009471064549870789
HDAC2	CD93	0.000946868909522891
MEIS1	MRPL20	0.0009467396885156631
IKZF1	VAV3	0.000946728338021785
GFI1B	KNSTRN	0.0009466756600886583
JUN	CYC1	0.0009464249014854431
RPA2	MTO1	0.0009463396272622049
GFI1B	FTX	0.0009461363079026341
IKZF1	SUSD3	0.0009460918372496963
RPA1	CD93	0.0009458533604629338
CBFB	HDGFL3	0.0009454017854295671
HDAC2	ITSN1	0.0009451363584958017
IKZF1	ITM2A	0.0009447805350646377
JUN	CSF2RB	0.0009445379255339503
IKZF1	APOE	0.0009443031740374863
HDAC2	TMEM154	0.0009442797745577991
IRF8	ARMT1	0.0009439091081731021
WDR5	IGSF6	0.0009438815759494901
NFAT5	NARS	0.0009435853571631014
SPI1	URB2	0.000943311839364469
HDAC2	PAK1	0.0009432744700461626
WDR5	CISH	0.0009429172496311367
SPI1	CLTC	0.0009425258613191545
HCFC1	SPPL2B	0.0009420080459676683
STAT2	ZFP35	0.0009418303961865604
RPA2	XRCC3	0.0009416534448973835
HCFC1	RAB38	0.000941604608669877
HDAC2	NDC80	0.0009415287640877068
RAD51	UAP1	0.0009408897603861988
HDAC2	CYP2J6	0.0009408092009834945
CBFB	MTUS1	0.0009407650213688612
HCFC1	PPID	0.0009407087927684188
CBX7	GTF2F1	0.0009405437158420682
GFI1B	GBP3	0.0009403235744684935
IKZF1	UMPS	0.0009402134455740452
WDR5	AKNA	0.0009399082628078759
WDR5	ZMIZ1	0.0009392739157192409
SATB1	CISH	0.0009391678613610566
HDAC2	ZBTB16	0.0009389913757331669
GFI1B	GM20342	0.0009384950972162187
GATA2	MIR17HG	0.0009384234435856342
MYC	PRELID3B	0.0009383836877532303
STAT2	PRIM1	0.0009382361313328147
RPA2	UBA7	0.0009377651731483638
RPA2	MIR17HG	0.0009375528898090124
RAD21	DDX60	0.000937469769269228
RPA1	VAV1	0.0009372800122946501
ELF1	CSF2RB	0.000936827389523387
CBFB	MFSD1	0.0009365894366055727
MYC	AHCYL1	0.0009361449629068375
HCFC1	SOAT1	0.0009361414704471827
HDAC2	GOLT1B	0.0009359286050312221
IKZF1	MPL	0.0009358871029689908
IRF8	PLD3	0.0009358501411043108
ELF1	DUSP1	0.0009356485097669065
JUN	ZFP367	0.0009355474030598998
HCFC1	FAM171A1	0.0009351508924737573
MYC	4833439L19RIK	0.0009347298764623702
IRF8	GMFB	0.0009346974547952414
RPA1	STARD7	0.000934423936996609
RAD21	DNM1L	0.0009343298734165728
RPA2	PRMT5	0.0009338277159258723
HDAC2	BTAF1	0.0009334775968454778
CBFB	HERPUD1	0.0009333868511021137
MYC	SPCS3	0.0009333525667898357
RAD21	DLST	0.0009333465714007616
JUN	CKAP2	0.0009331642650067806
SPI1	IRF7	0.0009331502369605005
RPA2	TNFRSF13C	0.000932802795432508
GATA2	CSF3R	0.000932689115870744
WDR5	TPM4	0.0009324424318037927
IRF8	PEAR1	0.0009323671110905707
RAD21	TMEM173	0.0009321284014731646
HDAC2	GPR65	0.0009319887030869722
RAD21	HERPUD1	0.0009319121018052101
IKZF1	DCAF13	0.0009317997610196471
RAD51	TOR3A	0.0009314847993664443
SPI1	CHCHD10	0.0009314135531894863
IRF8	EPRS	0.0009310233872383833
RPA2	CDC20	0.0009310192544944584
HCFC1	MLKL	0.0009309463785029948
RPA2	TBC1D10C	0.0009306934080086648
HDAC2	MCM10	0.000930677866563201
ELF1	HARS	0.0009306219290010631
RAD21	RNF4	0.0009300173842348158
HCFC1	IGKC	0.0009298553341068327
MEIS1	RACGAP1	0.0009294853080064058
CBFB	GM11346	0.0009292521281167865
RPA1	JPT1	0.0009291370515711606
WDR5	GM4759	0.0009290691814385355
RAD21	PLSCR4	0.0009283586405217648
NFAT5	CDCA4	0.0009282585233449936
MYC	MYO5A	0.0009282117825932801
HDAC2	THSD1	0.0009281664388254285
ELF1	ZBTB16	0.0009281058446504176
SPI1	IRGM2	0.0009275323827750981
HCFC1	PARVG	0.0009271117160096765
CBX7	PPID	0.0009257805650122464
STAT2	PUS7	0.0009257178171537817
RPA1	RAP1B	0.0009251312585547566
HCFC1	RANBP3	0.0009250256698578596
RAD51	UBASH3A	0.0009246889967471361
CBX7	ELOVL5	0.0009240848012268543
RAD51	SIGLECG	0.0009239885839633644
RAD21	FAM171A1	0.000923875835724175
STAT2	AI506816	0.000923852261621505
CBFB	PRTN3	0.0009238310158252716
JUN	NEIL3	0.0009238113416358829
ELF1	MPL	0.000923552957829088
IKZF1	TLR4	0.0009227697737514973
GFI1B	PAK1	0.0009224963723681867
WDR5	STX3	0.0009219005005434155
RPA2	ETF1	0.0009218011400662363
IKZF1	REXO2	0.0009216768085025251
WDR5	ACOX3	0.0009210567222908139
GFI1B	RPP40	0.0009210112621076405
JUN	CTSG	0.0009208776173181832
STAT2	ADO	0.0009202635264955461
CBFB	WDR4	0.0009201303473673761
HCFC1	TMEM206	0.0009191868593916297
WDR5	DUS1L	0.0009190830169245601
GFI1B	FUCA2	0.000918643840122968
RAD51	PNO1	0.0009185537928715348
GATA2	GRIA3	0.0009184842929244041
RAD21	GNG2	0.0009183436050079763
WDR5	CKAP2	0.0009182872599922121
GFI1B	MAPKAPK3	0.0009171920828521252
RPA2	RGS1	0.0009163014474324882
WDR5	IFI203	0.0009160541230812669
STAT2	SLC19A1	0.0009158768807537854
RPA2	SCARB1	0.0009158703614957631
HDAC2	SPNS3	0.0009155741427093744
RPA1	PBX1	0.0009155466104857624
GFI1B	LY6A	0.0009154527215287089
RPA2	FUCA2	0.0009141353075392544
IRF8	IIGP1	0.0009141136542893946
ELF1	MGAT5	0.0009138260502368212
WDR5	MKI67	0.0009134403080679476
MYC	CTSF	0.0009132717968896031
HCFC1	FLT3	0.0009132096311077476
RPA2	TESPA1	0.000913105031941086
GFI1B	SLC35E1	0.0009124753996729851
NFAT5	SLC35A4	0.0009120248723775148
HCFC1	GCNT2	0.0009118390153162181
IKZF1	9530082P21RIK	0.0009117010049521923
HCFC1	SDC4	0.0009116020519286394
IRF8	IGSF6	0.0009113522828556597
WDR5	MCM5	0.0009108968079090118
SPI1	HDGFL3	0.0009104530909098685
HDAC2	GABBR1	0.0009099839953705668
IRF8	SELENOP	0.0009099075105041265
HCFC1	PPAT	0.0009095740970224142
MYC	PEAR1	0.0009079277515411377
HCFC1	GIMAP8	0.000907753361389041
GATA2	CDC6	0.0009074903791770339
IRF8	TIPIN	0.000907367852050811
IKZF1	TRIM47	0.0009070847881957889
NFAT5	ST8SIA4	0.0009070647065527737
HCFC1	PHF10	0.00090667704353109
RPA2	ERLIN1	0.0009065209305845201
IRF8	OBSCN	0.0009065031190402806
RPA1	RAD21	0.0009060123702511191
JUN	PFKFB3	0.0009057762799784541
MYC	ARL8B	0.00090574542991817
GATA2	TYROBP	0.0009045721380971372
RAD51	YBX3	0.0009044822654686868
WDR5	RPAP1	0.0009041107259690762
MYC	MTMR6	0.0009031862718984485
HCFC1	HSPH1	0.0009030007058754563
RAD21	ESAM	0.0009028009953908622
IKZF1	ROBO4	0.0009024470928125083
SPI1	CSRP3	0.0009021990699693561
RPA1	CYB5R1	0.0009019050630740821
RAD21	MPZL1	0.0009014364914037287
GFI1B	NOLC1	0.0009009670466184616
SPI1	CD74	0.0009008549386635423
HDAC2	HIF3A	0.0009007552871480584
ELF1	RAP1B	0.0009005363681353629
MEIS1	RASSF4	0.000900512095540762
HDAC2	MED16	0.000899945036508143
GATA2	BUB1	0.0008999393903650343
WDR5	CDKN1A	0.0008999370620585978
JUN	MAPK12	0.0008999108686111867
WDR5	HDC	0.0008989258203655481
IRF8	1700017B05RIK	0.0008989193011075258
HCFC1	TTLL12	0.0008988995105028152
ELF1	GMNN	0.0008986527100205421
WDR5	CKS2	0.0008980069542303681
HCFC1	ACOX3	0.0008977571851573884
WDR5	FAM76B	0.0008971772622317076
SATB1	MCPT8	0.0008969567716121674
SPI1	CKAP5	0.0008960932609625161
SPI1	ATP13A1	0.0008960238192230463
ELF1	GPRASP1	0.000895426026545465
HCFC1	SPNS2	0.000894967233762145
STAT2	RAD51	0.0008947438909672201
ELF1	CSRP3	0.000893673044629395
IRF8	CENPL	0.0008932513883337379
RAD21	TSPAN14	0.0008931972552090883
RPA1	GOLIM4	0.0008924801950342953
HDAC2	CDCA8	0.0008923884015530348
ELF1	9530082P21RIK	0.0008921314729377627
CBFB	PKIB	0.0008920733816921711
MEIS1	THEMIS2	0.0008914382779039443
ELF1	GBP2	0.0008906724397093058
HCFC1	ARL11	0.0008903525304049253
HDAC2	RNF4	0.0008901473484002054
ELF1	CERS4	0.0008900350076146424
HCFC1	PNO1	0.0008896852959878743
RAD51	IFRD2	0.0008882555994205177
HCFC1	PSMC2	0.0008881752728484571
RAD51	H2AFX	0.0008879646775312722
IRF8	LCP2	0.000887430680450052
SATB1	NR3C2	0.0008871036698110402
CBFB	GPRASP1	0.0008870529127307236
HDAC2	XRCC6	0.0008870384772308171
RPA2	IARS	0.0008869938319548965
SATB1	POR	0.0008868872537277639
RPA1	PSMC2	0.0008863885304890573
SPI1	NR3C2	0.000886193651240319
HCFC1	GALNS	0.0008860008092597127
HCFC1	FAR1	0.0008857319480739534
IKZF1	PFKFB3	0.000884303473867476
IRF8	GIMAP5	0.00088279735064134
HCFC1	NFKBIA	0.0008824660326354206
WDR5	PRIM2	0.0008823085227049887
RPA2	NADK	0.0008822503732517362
HCFC1	CD68	0.0008822325034998357
CBFB	GTF2H1	0.0008817193447612226
NFAT5	POLR2B	0.0008816149784252048
WDR5	EBI3	0.0008811590960249305
HDAC2	CKS1B	0.0008810526924207807
ELF1	RARB	0.0008803085656836629
CBFB	ABL2	0.0008802589727565646
RAD21	VPS35	0.0008801357471384108
IRF8	NEIL3	0.0008800413925200701
WDR5	NUBP2	0.0008797159534879029
IRF8	EMCN	0.0008793940069153905
RAD21	IFI209	0.0008791065774857998
SPI1	PWP2	0.0008785746176727116
SPI1	NFATC2	0.0008784534293226898
STAT2	TSPAN14	0.0008781435899436474
SATB1	TMEM33	0.000877918500918895
MYC	SPIDR	0.0008778311312198639
HCFC1	IFI209	0.0008772839792072773
WDR5	ZFP24	0.0008767343824729323
SPI1	GPRASP1	0.0008762521320022643
WDR5	GM20559	0.0008761482313275337
SPI1	NDE1	0.0008760336204431951
WDR5	SMPDL3A	0.0008759636548347771
RPA2	ARFGEF2	0.0008758637704886496
IRF8	GM11346	0.0008756868774071336
RAD51	ICAM1	0.000875550729688257
HCFC1	THSD1	0.000875389261636883
JUN	COL4A1	0.0008752044523134828
ELF1	MLLT3	0.000874728022608906
WDR5	GANAB	0.0008746210369281471
ELF1	CBX5	0.0008740201592445374
MYC	STT3B	0.0008733380818739533
ELF1	S100A6	0.000873011420480907
IKZF1	LAP3	0.000872969045303762
RAD21	DOCK10	0.0008723778882995248
SPI1	PTPRS	0.0008721777703613043
SATB1	GFI1B	0.0008720383630134165
SPI1	USP10	0.0008719298639334738
GFI1B	TRIM35	0.0008718898170627654
JUN	DDX20	0.0008717956952750683
RAD51	PRSS57	0.0008717831806279719
SPI1	FBXW11	0.0008716495940461755
WDR5	BIRC5	0.0008715341682545841
SATB1	CTSG	0.000871298077981919
FOXO1	CCL9	0.0008711631526239216
IRF8	CD82	0.0008711324771866202
CBFB	PFKFB3	0.0008709905087016523
RPA2	ADK	0.0008707899251021445
RPA2	E2F8	0.0008697556331753731
WDR5	CYC1	0.0008695010328665376
ELF1	TARS	0.0008692676783539355
SPI1	MCOLN2	0.0008692556293681264
RAD21	MR1	0.0008692422416061163
SPI1	FEM1A	0.0008690563263371587
RAD21	TGTP1	0.0008689637761563063
RAD21	IRF7	0.0008687046938575804
MYC	ATAD2	0.0008683624910190701
HCFC1	UBAC1	0.0008681208710186183
RPA1	TRPS1	0.0008678602753207088
RAD21	ALDH9A1	0.000867304508574307
HDAC2	PLPPR3	0.0008672377443872392
STAT2	NUP93	0.0008666220237500966
HCFC1	ITIH5	0.0008665756904520094
RPA1	USP10	0.0008664919878356159
STAT2	PREP	0.0008663947228342295
GATA2	PLAC8	0.0008663910557515919
GFI1B	TEX10	0.000866228248924017
WDR5	ABITRAM	0.0008660448365844786
RAD51	SLCO4A1	0.0008660123567096889
ELF1	CDK1	0.0008655759738758206
NFAT5	ARL11	0.0008653815020807087
WDR5	TMEM50B	0.0008652748656459153
SPI1	ATAD1	0.0008646366186439991
RPA2	PUS7	0.0008645002963021398
CBFB	IFITM1	0.000864375033415854
RAD21	MFNG	0.0008642461034469306
RPA2	MTR	0.0008642264874652028
RAD21	F630028O10RIK	0.0008641767199151218
CBFB	OBSL1	0.0008641009335406125
RPA2	RCC1	0.0008635891717858613
RAD51	OTULINL	0.0008635563426651061
WDR5	GM4951	0.0008629608200863004
WDR5	UBASH3A	0.000862865534145385
ELF1	TUBGCP2	0.0008627173374406993
JUN	TACC3	0.0008623464382253587
GATA2	ERLIN1	0.0008619613363407552
CBFB	NUP107	0.0008613757672719657
RAD21	CD44	0.0008607596391811967
STAT2	HEXA	0.000860375992488116
CBFB	2610035D17RIK	0.000860347761772573
RAD21	REXO2	0.0008601841982454062
HDAC2	ENPP5	0.0008601536974310875
GATA2	RFC4	0.0008598992135375738
RAD51	NUBP2	0.0008595942636020482
IKZF1	VKORC1L1	0.0008594285463914275
CBFB	THADA	0.0008586350013501942
HDAC2	GLRX5	0.0008580732974223793
SATB1	TUBGCP2	0.0008569430792704225
RAD21	MAP4K2	0.0008567580371163785
RPA1	MGAT5	0.0008566839969716966
GFI1B	AI504432	0.0008565854514017701
WDR5	SLA	0.0008564998861402273
WDR5	JCHAIN	0.0008562553557567298
WDR5	TMEM184C	0.0008561156573705375
HDAC2	RGS18	0.0008559669950045645
RAD21	ISYNA1	0.0008558630361221731
RPA2	ZDHHC6	0.0008556763059459627
CBFB	NAMPT	0.0008550806087441742
ELF1	FDFT1	0.0008549544145353138
SPI1	EMID1	0.0008549153571948409
HDAC2	INTS8	0.000854095327667892
IRF8	CCNE2	0.0008534200023859739
FOXO1	TYROBP	0.0008530065533705056
HCFC1	FOXRED1	0.0008529519545845687
MYC	ELAC2	0.0008521731942892075
RPA2	SZT2	0.0008518790709786117
SPI1	NPLOC4	0.0008517770911566913
GFI1B	NFAM1	0.0008516605012118816
CBFB	KCNQ1OT1	0.0008514589280821383
HDAC2	LPCAT2	0.0008512780768796802
GFI1B	SORT1	0.0008511643973179162
RAD21	GGTA1	0.0008510682382620871
NFAT5	FBXO5	0.0008509698091074824
GFI1B	VIPR2	0.0008508665487170219
MEIS1	GRIA3	0.0008506528101861477
HDAC2	SIGLECG	0.0008506146259605885
MYC	POR	0.0008500245166942477
HDAC2	SHMT1	0.0008499694522470236
ELF1	SPC25	0.0008498032111674547
HCFC1	IRF8	0.0008490702603012323
SATB1	PLXNC1	0.0008488969760946929
RPA2	AFAP1L1	0.0008485720027238131
SPI1	KNSTRN	0.0008484043646603823
GFI1B	SYNJ1	0.0008483562851324677
HCFC1	MPI	0.0008483430719934404
SPI1	NAP1L3	0.0008477162336930633
IRF8	CDKN1C	0.0008474616333842278
WDR5	SAMD9L	0.000847093528136611
HCFC1	OBSCN	0.0008469492895528674
GFI1B	EDEM1	0.0008468834566883743
RAD21	GBP2	0.0008467583684250712
RPA2	REXO4	0.0008457966614514589
RPA1	TPM4	0.0008457713993266225
HDAC2	BC035044	0.0008454977651126683
NFAT5	NCF1	0.0008449726738035679
HDAC2	DENND1C	0.0008447579457424581
NFAT5	MS4A3	0.0008446356514468789
WDR5	CLN5	0.000844332214910537
RPA2	PRSS57	0.000844044960103929
IKZF1	TYMS	0.0008438322693109512
IRF8	FLOT2	0.0008433347684331238
MEIS1	CIP2A	0.0008432595059275627
RAD21	GNS	0.0008432525210082531
IRF8	EEF1E1	0.0008429680019617081
NFAT5	QARS	0.0008428544970229268
RPA1	H2AFX	0.0008420647936873138
MYC	ABCB10	0.000841688655782491
WDR5	TTF2	0.0008408445864915848
HCFC1	HACD3	0.0008400402730330825
MYC	GRIA3	0.0008398215868510306
SPI1	CISH	0.0008397268247790635
HCFC1	HP	0.0008394172764383256
HCFC1	RGS1	0.0008391586015932262
HCFC1	RAB37	0.000839110987726599
WDR5	GOLPH3	0.0008390794391743839
RAD51	AI506816	0.0008389034774154425
WDR5	TYROBP	0.0008384926477447152
WDR5	POLD1	0.0008381259976886213
GFI1B	CD74	0.0008379630162380636
RAD21	PRIM2	0.0008378069032914937
RPA1	POLR1B	0.0008376480545848608
SATB1	NUP93	0.0008375238394364715
IRF8	TRIM30B	0.0008373401942662895
SPI1	9530082P21RIK	0.00083731027552858
HCFC1	CTSO	0.0008370038704015315
HDAC2	NCAPG2	0.00083593197632581
RPA2	FOXRED1	0.0008349932613782585
WDR5	MCM7	0.0008348400006070733
IRF8	NDN	0.0008345854585058987
RPA2	TNPO1	0.000834425154607743
RPA2	SPCS3	0.0008343964000232518
RAD21	ELAC2	0.0008341873181052506
ELF1	CYP2J9	0.0008335065213032067
SPI1	MPZL1	0.000833334750495851
WDR5	DHRS3	0.0008331944118253887
ELF1	RRM2	0.0008330529672093689
HDAC2	GATM	0.0008328878902830184
RAD21	CREB5	0.0008327186806127429
HDAC2	PRPF4	0.0008327129180543125
ELF1	NEAT1	0.0008325054659508169
WDR5	EDEM1	0.0008321639033965766
JUN	MTOR	0.000832117279060185
RPA2	PADI4	0.0008320934139192104
RAD51	LAPTM4B	0.0008315775776281953
RPA2	TRIM47	0.0008314633741974831
IRF8	FBXW11	0.0008309524855576456
RPA1	KIF22	0.0008308237884193659
IRF8	CASP4	0.0008307496318593621
MYC	LAX1	0.000830496137496084
GATA2	ARID5A	0.0008298482280224562
RPA1	LGALS1	0.0008293413557112217
IRF8	RCOR1	0.000829049211461097
HDAC2	SCARF1	0.0008288944372907281
ELF1	CASP12	0.0008287180098704994
RPA2	LACTB	0.0008284197538159788
IKZF1	IIGP1	0.0008283538045361638
RAD51	MPI	0.0008279408793896437
IKZF1	TMEM184C	0.0008271429687738419
HDAC2	ECT2	0.0008266202639788389
RPA2	ART4	0.0008262772462330759
HDAC2	ZFP36	0.0008259963942691684
HCFC1	NDUFS1	0.0008259190944954753
CBFB	SPNS2	0.0008258601883426309
ELF1	EPAS1	0.0008256813162006438
WDR5	ELMO2	0.0008252659463323653
WDR5	KCNK5	0.0008239530143328011
MYC	FAM102B	0.0008238302543759346
HDAC2	USP42	0.000823440495878458
HDAC2	DLST	0.000823199050500989
HDAC2	UBASH3A	0.0008231157553382218
HDAC2	ACOT9	0.0008230693056248128
WDR5	ARHGEF18	0.0008229006780311465
RPA2	SLCO3A1	0.000822614470962435
IKZF1	CHRNB1	0.0008225641795434058
HCFC1	SLA	0.0008224630728363991
WDR5	CD53	0.0008217753493227065
HCFC1	ADORA2A	0.0008217190043069422
ELF1	EPB41L4B	0.0008217006688937545
HCFC1	TGTP1	0.000820950313936919
RAD51	YBX1	0.000819937966298312
WDR5	B3GNT5	0.0008197149727493525
HCFC1	FAM189B	0.0008194341789931059
STAT2	SH3BGRL	0.0008190295775420964
IKZF1	GOLIM4	0.0008185350452549756
IRF8	PIM2	0.0008181275334209204
WDR5	SNAP47	0.0008178589050658047
HCFC1	XRCC3	0.0008175266557373106
WDR5	PTPRS	0.0008171054651029408
HCFC1	CS	0.0008166616316884756
RPA2	HARS	0.0008161342702805996
CBFB	NFKBIA	0.0008156934636645019
JUN	ARMT1	0.0008156532421708107
JUN	ARHGEF39	0.0008154002134688199
SATB1	CHRNB1	0.0008151630754582584
IRF8	PPP1R9A	0.0008151126094162464
HDAC2	GM19590	0.0008147938642650843
CBX7	ADK	0.0008146038162522018
RPA1	NOL9	0.000814549217466265
IRF8	ITM2A	0.0008144793682731688
GFI1B	BCL2	0.0008142861188389361
MEIS1	CFP	0.0008137208642438054
RAD21	LONP1	0.0008135752286761999
HDAC2	MOB3C	0.0008135086391121149
CBFB	IFI209	0.0008131776703521609
GATA2	ARL11	0.0008131429785862565
HCFC1	RGS19	0.000812917307484895
MYC	TRPC6	0.0008128021145239472
ELF1	MS4A6C	0.000812626676633954
WDR5	LY6A	0.0008126122411340475
CBX7	HERPUD1	0.0008122562430799007
HDAC2	NDC1	0.0008121306891553104
HDAC2	DUSP1	0.0008120695711113513
HDAC2	NDE1	0.0008119321428239346
SPI1	DNTT	0.0008118373225443065
HCFC1	KCTD20	0.0008117044344544411
SPI1	SLFN2	0.0008117021061480045
RPA1	CASP4	0.0008108628680929542
NFAT5	EZR	0.0008108175243251026
RAD21	MAGED2	0.0008107913890853524
MYC	NAPRT	0.0008105620509013534
RPA2	HDGF	0.0008103134459815919
RAD51	BCAP29	0.0008101848070509732
JUN	POLE3	0.0008097503450699151
IKZF1	USP10	0.0008093036012724042
MEIS1	NCAPH	0.0008089694310911
RAD51	UTP4	0.000808826822321862
MYC	SETD2	0.0008082415442913771
GFI1B	POLR1B	0.0008080629049800336
WDR5	GABBR1	0.0008078035898506641
SATB1	SETD2	0.0008077565580606461
CBFB	MLLT3	0.0008076769299805164
SPI1	GIMAP1OS	0.0008073829230852425
MYC	COL4A2	0.0008068621973507106
FOXO1	SERPINB1A	0.0008064849535003304
HCFC1	FCER1G	0.0008061450789682567
RPA1	PSMG2	0.0008060638210736215
HDAC2	HERPUD1	0.0008050409960560501
RAD21	CTSL	0.0008048950112424791
HCFC1	VPS16	0.0008046519360505044
RAD51	IL6ST	0.0008046042057685554
HCFC1	RORA	0.0008044300484471023
RAD21	EBI3	0.0008041037363000214
RPA2	5430427O19RIK	0.0008038077503442764
IKZF1	PTGS1	0.0008033214253373444
HCFC1	MYL10	0.0008032841142266989
MYC	GOLPH3	0.0008030376629903913
WDR5	BUB1B	0.0008029050659388304
HDAC2	NDUFA10	0.0008027622243389487
HDAC2	TOP3B	0.0008020211826078594
MYC	IKZF1	0.00080182432429865
MEIS1	RASA4	0.0008012605248950422
HDAC2	TRMT6	0.0008011051686480641
RAD51	TBC1D5	0.0008007023716345429
RPA2	H2AFX	0.0008002207614481449
CBFB	VDR	0.0008001334499567747
JUN	CENPK	0.000799856090452522
GFI1B	IPO9	0.0007989050354808569
MYC	GPRASP1	0.0007988857105374336
HCFC1	OSTM1	0.0007987327990122139
IRF8	MIS18BP1	0.0007986281416378915
HDAC2	MICU1	0.0007981316302902997
RAD21	LCP2	0.0007979283691383898
WDR5	NMD3	0.0007978028152137995
HDAC2	H2AFX	0.0007976446067914367
RAD21	CSF1R	0.0007969358121044934
MYC	UBA2	0.0007967682904563844
HDAC2	TLE2	0.0007966532139107585
WDR5	PRDM16	0.0007959159556776285
RPA2	PNCK	0.0007955770124681294
SATB1	SEC24D	0.0007955621695145965
SATB1	REXO2	0.0007947994163259864
SPI1	CBX7	0.0007947123376652598
SATB1	NCAPG	0.0007945757242850959
SPI1	ODC1	0.0007944363751448691
RPA2	HERPUD1	0.0007937488262541592
GFI1B	GTF2H1	0.0007933690212666988
HCFC1	PA2G4	0.0007930658757686615
RAD21	CD300A	0.0007928688428364694
SATB1	PFKFB3	0.0007928424165584147
RPA2	TCIRG1	0.0007926415419206023
SPI1	EML4	0.0007924355450086296
RAD51	HARS	0.0007924354285933077
RPA2	GBP3	0.0007920354837551713
GFI1B	PNCK	0.0007918972405605018
SATB1	CDCA3	0.0007918624323792756
RPA2	COQ8A	0.0007910711574368179
IRF8	MPZL1	0.0007908965344540775
HCFC1	SLCO4A1	0.000790853810030967
WDR5	GNG11	0.0007904561352916062
RPA1	MTREX	0.0007904517697170377
ELF1	GYS1	0.0007902585784904659
RPA1	DENND1C	0.0007898496696725488
CBFB	RAB44	0.000789737154264003
RAD21	POLR1B	0.00078969617607072
RPA1	UTP4	0.0007896035094745457
WDR5	TRP53I11	0.0007891192217357457
GFI1B	SLC44A2	0.0007888036780059338
RAD51	UBR7	0.000788675039075315
ELF1	REXO4	0.0007884479127824306
CBFB	ADGRL4	0.0007876779418438673
IRF8	MFSD10	0.0007875635055825114
MYC	9530082P21RIK	0.000787452154327184
RAD21	SLC44A2	0.0007872922578826547
CBFB	CKAP5	0.0007872036076150835
RPA1	TBL3	0.0007869825349189341
SPI1	NUDCD1	0.0007868308457545936
HCFC1	TOPORS	0.0007867153617553413
SPI1	MORC3	0.0007866739179007709
RPA2	9530068E07RIK	0.0007864362560212612
HDAC2	CASP1	0.0007863459759391844
IRF8	PPP1CB	0.0007862775237299502
RPA1	PSEN1	0.0007862232159823179
WDR5	CTSL	0.000785709242336452
JUN	KIF22	0.0007856598822399974
STAT2	BID	0.000784710340667516
SPI1	SPIDR	0.0007846427033655345
IRF8	SLBP	0.0007842267514206469
JUN	DUS1L	0.00078383315121755
RPA1	NAMPT	0.000783117429818958
SATB1	CAD	0.0007828618981875479
GFI1B	BUB1	0.0007824090425856411
HDAC2	PLD3	0.0007816292345523834
MEIS1	GATM	0.0007815809804014862
JUN	SLC16A1	0.0007815359276719391
SPI1	GIMAP6	0.0007814693381078541
ELF1	CLTC	0.0007808576337993145
HCFC1	CUL3	0.0007808490190654993
IRF8	NPLOC4	0.000780750997364521
HCFC1	TM6SF1	0.000780346046667546
IRF8	XRCC6	0.0007803072221577168
RAD21	GPR65	0.0007802031468600035
WDR5	CTTN	0.0007800433086231351
ELF1	NFATC2	0.0007794821285642684
IRF8	NDC80	0.000779440626502037
HDAC2	MTMR6	0.0007793292170390487
ELF1	DTL	0.0007785113411955535
NFAT5	BYSL	0.0007783686742186546
RPA1	CCDC50	0.0007782740867696702
RPA1	LACTB	0.0007779558654874563
MYC	ZBTB38	0.0007776996353641152
MYC	ZFAND5	0.0007776794373057783
GFI1B	TMEM33	0.0007775699486956
IRF8	SLC16A1	0.0007772911922074854
WDR5	NDUFS1	0.0007771656382828951
MYC	PLEKHO2	0.0007769577787257731
GFI1B	GM1966	0.0007767242495901883
HCFC1	PCMTD2	0.0007767166825942695
GFI1B	YBX3	0.0007765759946778417
RAD21	BATF2	0.0007765603950247169
IKZF1	UPP1	0.0007764010224491358
RAD21	EIF2S1	0.0007761602755635977
GFI1B	PHF11B	0.0007759897271171212
HDAC2	CAND2	0.0007759177242405713
GATA2	RGS2	0.0007756702834740281
MYC	TRIM16	0.0007752878591418266
MYC	MDN1	0.0007752498495392501
CBFB	RGCC	0.0007750870427116752
GFI1B	COPB1	0.0007750400109216571
WDR5	FCGR3	0.000775036693084985
WDR5	TCF19	0.0007747279596515
WDR5	COPB1	0.0007746989140287042
MEIS1	ASF1B	0.0007745453622192144
NFAT5	CD300A	0.0007743915193714201
CBFB	FEM1B	0.0007738363347016275
GFI1B	FGL2	0.0007737193955108523
NFAT5	PHB2	0.0007736293482594192
RAD51	ERLIN1	0.0007735813851468265
JUN	GOLT1B	0.000771920254919678
RPA1	TUBGCP2	0.0007717027328908443
WDR5	ARRDC4	0.0007716580876149237
RAD51	SLC31A1	0.0007715485990047455
RPA1	TSPAN3	0.000770673796068877
IRF8	URB2	0.0007706340402364731
STAT2	CENPO	0.0007706171018071473
SPI1	MAD2L1	0.00077031523687765
MYC	TNFAIP2	0.0007701081340201199
RAD21	LDHB	0.0007698449189774692
RAD51	WDR4	0.0007693211082369089
WDR5	KLF6	0.000769134028814733
CBFB	SERPINB9	0.0007690473576076329
WDR5	BATF2	0.0007688265759497881
IRF8	IARS	0.0007682681898586452
RPA2	ITM2A	0.0007681084680370986
HDAC2	MCPT8	0.0007677269168198109
IRF8	UBE2C	0.0007669560727663338
SPI1	GMIP	0.0007668901234865189
HDAC2	IFITM1	0.0007663381402380764
MYC	CSAD	0.0007661147974431515
RPA1	PARP8	0.0007660837145522237
IKZF1	PLSCR4	0.0007659749826416373
HCFC1	RPN1	0.0007658686954528093
IKZF1	NASP	0.0007654422661289573
IRF8	USP42	0.0007649532053619623
HCFC1	BATF2	0.0007649234612472355
GFI1B	SZT2	0.0007647761376574636
RAD51	AZIN1	0.0007647180464118719
RPA2	EMB	0.0007644291617907584
JUN	ELANE	0.0007644086726941168
HDAC2	LONP2	0.0007643102435395122
RPA1	NFKBIA	0.000764080323278904
RPA2	LAX1	0.0007635671063326299
MEIS1	VSIR	0.0007635572110302746
RAD51	PSMC2	0.0007633983041159809
RPA2	PSMD6	0.0007633009809069335
RAD51	TRP53I11	0.0007627447484992445
GFI1B	DCK	0.0007622461998835206
IRF8	FCHO2	0.0007622361881658435
HCFC1	LPCAT2	0.0007619032403454185
RAD21	CCL4	0.000761828909162432
ELF1	CD82	0.0007615293143317103
RPA1	DDX58	0.0007614858914166689
STAT2	PIP4K2A	0.0007611843757331371
RPA1	CBFB	0.0007610861794091761
HDAC2	TMEM43	0.0007604636484757066
RAD51	CDKN1A	0.0007604265119880438
CBFB	RORC	0.0007602140540257096
MYC	CCNE2	0.0007600710960105062
HCFC1	COPB1	0.0007599558448418975
RAD21	GLB1	0.0007597749936394393
RPA1	CSF3R	0.0007595671922899783
SPI1	RANGAP1	0.0007595355273224413
WDR5	VDR	0.0007595312781631947
RPA1	HASPIN	0.0007594769122079015
GFI1B	CDK18	0.0007585941348224878
SPI1	NUP155	0.0007577703800052404
RPA2	THADA	0.0007574642659164965
SPI1	PIP4K2A	0.0007568359724245965
SPI1	PPP1R15A	0.0007566250860691071
WDR5	ARL6IP6	0.0007565144915133715
GFI1B	ELMO2	0.0007562710670754313
RPA1	MORC3	0.000755410932470113
RPA2	PPAT	0.0007550458540208638
CBFB	PEAR1	0.0007540612132288516
SATB1	HSPA4	0.0007536010234616697
RAD21	PLPPR3	0.0007533362368121743
RPA2	GP9	0.0007531976443715394
HDAC2	HACD4	0.0007528454880230129
GFI1B	DTL	0.0007525220862589777
RAD21	IFI203	0.0007522334926761687
MYC	GPR160	0.0007520977524109185
RPA1	FARSA	0.0007515470497310162
RAD21	KCTD12	0.0007513572345487773
IRF8	BTAF1	0.0007512855809181929
SATB1	E2F8	0.000751080980990082
IRF8	FEM1B	0.0007509297574870288
RPA2	TMEM173	0.0007506236433982849
RAD51	NRROS	0.000750616891309619
MYC	SNAP23	0.0007505246321670711
GFI1B	OTUD4	0.0007505218381993473
HCFC1	NWD1	0.0007502121152356267
GFI1B	APBB1	0.0007500373758375645
RPA2	LZTS1	0.0007499117054976523
CBX7	NUBP2	0.0007494011661037803
CBFB	SLC35B4	0.0007490788120776415
WDR5	PSMC2	0.0007490252610296011
RPA1	KIF11	0.0007484095403924584
RPA2	AURKB	0.0007483920780941844
WDR5	PTGS1	0.0007476485334336758
IRF8	RORA	0.0007474080193787813
STAT2	RABGGTB	0.0007474007434211671
RPA2	VPS16	0.0007473205914720893
HCFC1	SLC35E1	0.0007471489952877164
SPI1	ACSS1	0.0007466721581295133
RPA1	GGTA1	0.0007465280359610915
WDR5	JAM3	0.0007463637157343328
RAD51	NUP107	0.0007463329238817096
GATA2	CDT1	0.0007462416542693973
JUN	MRPL20	0.0007461878703907132
MYC	SLC31A1	0.0007457954343408346
RAD51	5430427O19RIK	0.0007457926985807717
GFI1B	RNF38	0.0007456212188117206
WDR5	MTFR1	0.0007452478166669607
NFAT5	MARS	0.0007449440890923142
HDAC2	ATP11C	0.0007444753427989781
CBFB	TOPORS	0.0007443500217050314
RAD21	CDT1	0.0007441546185873449
RPA2	ITCH	0.0007441026973538101
HDAC2	CDC7	0.0007439939072355628
WDR5	OSBPL8	0.0007436407031491399
RPA2	WDR55	0.0007435653824359179
HDAC2	TBC1D10C	0.0007435103179886937
RPA2	ITIH5	0.0007429833058267832
HDAC2	SPIDR	0.0007417463348247111
HDAC2	HSPA4	0.0007411172846332192
HDAC2	RPS6KA5	0.0007403838098980486
RPA2	SGPP1	0.0007399289752356708
HCFC1	LONP1	0.0007398971356451511
CBFB	ZFP945	0.0007398631423711777
MYC	ITM2A	0.0007392106926999986
RPA1	MIS12	0.0007392015540972352
MYC	IRF7	0.0007388228550553322
HCFC1	DOCK10	0.0007385745993815362
WDR5	LY86	0.0007384638884104788
SATB1	SPCS3	0.0007383775664493442
WDR5	LRRC8B	0.0007380557944998145
HDAC2	STT3A	0.0007380266906693578
GFI1B	TMEM154	0.0007375298300758004
HCFC1	RPA2	0.0007373279077000916
RPA2	LMAN2L	0.0007368564838543534
WDR5	TIE1	0.0007366992649622262
HCFC1	PLXDC2	0.0007365387864410877
RPA1	COL4A1	0.0007363730110228062
GFI1B	ADGRG3	0.0007359322044067085
CBFB	SIRPA	0.0007358583388850093
WDR5	RAB37	0.0007353356922976673
CBFB	ZEB2	0.0007353328983299434
GATA2	MYO1F	0.0007351826643571258
RAD51	LAP3	0.0007348195649683475
RAD21	RAB31	0.0007346958154812455
RPA1	ABL1	0.0007344789919443429
HDAC2	GPRASP1	0.000734045694116503
IKZF1	YBX1	0.0007339355070143938
IRF8	SSH3	0.0007336999988183379
RPA2	CAND2	0.0007334412075579166
STAT2	USP14	0.0007333696121349931
RAD21	STAG2	0.0007330632070079446
IKZF1	BATF2	0.0007321493467316031
HDAC2	KIF13A	0.0007318821735680103
SATB1	KCNK5	0.0007314577233046293
RPA2	RABGGTB	0.0007312230882234871
RPA1	CCR2	0.0007308689528144896
ELF1	SLC29A1	0.0007296728435903788
IKZF1	SNRNP200	0.000729596009477973
SPI1	RPA2	0.0007292235968634486
RPA2	RAB37	0.000729079358279705
RPA1	PPM1G	0.0007286009495146573
HDAC2	SLC7A4	0.0007285004248842597
ELF1	RTEL1	0.0007283722516149282
RAD51	FAM136A	0.0007281052530743182
MYC	LYN	0.0007280303980223835
HDAC2	BUB1B	0.0007278613047674298
HDAC2	MAGED1	0.000727662059944123
MYC	SESN1	0.0007274882518686354
RPA2	ANGPT1	0.000727218808606267
HDAC2	SLC18A2	0.0007265850435942411
CBFB	TCP11L2	0.0007262592553161085
GATA2	CENPK	0.0007257323013618588
IRF8	ALDH18A1	0.0007255760719999671
RAD21	GIMAP8	0.0007252336945384741
HCFC1	TMEM176A	0.0007251687929965556
RPA1	SGO1	0.0007245665183290839
ELF1	UTP4	0.000724355224519968
RPA2	MBNL3	0.0007242851424962282
RPA1	SLC30A5	0.000724219367839396
WDR5	RMND5A	0.0007232031784951687
SPI1	TBC1D2B	0.0007227962487377226
HDAC2	RCSD1	0.0007227602181956172
SATB1	CSRP3	0.0007216969388537109
HDAC2	F11R	0.0007215039804577827
IKZF1	SOX18	0.0007213929202407598
MYC	GNG12	0.0007212667842395604
RPA2	ARID2	0.0007205053116194904
JUN	MCM10	0.0007204962894320488
RAD51	KAT7	0.0007203134009614587
GFI1B	CST7	0.0007199658430181444
HDAC2	IRF9	0.0007198498933576047
WDR5	MNS1	0.0007191522745415568
WDR5	GK	0.0007186259608715773
IRF8	TNIP3	0.0007178430678322911
RAD21	UMPS	0.0007177759543992579
HDAC2	TK1	0.0007167644798755646
SPI1	MIR99AHG	0.0007164717535488307
GFI1B	CD48	0.0007157467771321535
RAD21	F13A1	0.0007152967737056315
STAT2	ELOVL5	0.0007148513104766607
RPA1	RPAP1	0.0007145991548895836
GFI1B	SOX18	0.0007144113769754767
RPA1	SPIDR	0.0007134184706956148
CBFB	ZFP467	0.0007132015307433903
SATB1	PAK1	0.0007130862795747817
ELF1	E2F4	0.0007130104349926114
NFAT5	GMNN	0.0007129046716727316
WDR5	MCOLN2	0.0007122120005078614
GFI1B	TBL3	0.0007116521010175347
HDAC2	NASP	0.000711558386683464
RPA2	ACSS2	0.0007115030311979353
GFI1B	CDCA8	0.0007111957529559731
RAD51	TMEM43	0.0007111589657142758
RPA2	MILR1	0.0007106813136488199
WDR5	CCNB1	0.0007106459815986454
IRF8	CDC6	0.0007106292177923024
SATB1	9530082P21RIK	0.0007105466793291271
RAD21	NUBP2	0.0007101406226865947
HDAC2	NUDT4	0.0007100009825080633
RAD51	SETD2	0.0007092898595146835
IRF8	STXBP4	0.0007092517334967852
HDAC2	RB1	0.0007090747822076082
RAD21	CD274	0.0007088975398801267
HCFC1	SLC25A38	0.0007088122656568885
JUN	CCNB2	0.0007087923004291952
SPI1	RPRD1B	0.0007087194826453924
SATB1	OBSCN	0.0007086702971719205
ELF1	ESAM	0.0007086328696459532
ELF1	TUBA4A	0.0007085888064466417
RAD51	PSME3	0.0007085538236424327
GATA2	PANX1	0.000707831175532192
CBFB	MFNG	0.0007075283792801201
SATB1	ABCG2	0.0007071575382724404
SATB1	USP14	0.0007071449072100222
HDAC2	INTS13	0.0007065183599479496
RAD51	ZNRF2	0.0007061231881380081
WDR5	CDC45	0.0007060253992676735
MYC	NDC1	0.0007049214909784496
HDAC2	BIRC5	0.0007047578110359609
SPI1	RUNX1T1	0.000704738951753825
IKZF1	AI506816	0.000704714737366885
IKZF1	UBA2	0.0007043647929094732
IRF8	GLB1	0.0007031717686913908
NFAT5	CST7	0.0007031062850728631
MEIS1	WDHD1	0.0007030826527625322
IRF8	TUBA4A	0.0007027121027931571
CBX7	HK3	0.0007025529630482197
IRF8	ATP6AP2	0.0007022466161288321
ELF1	ACOX1	0.0007020225166343153
MYC	CBX7	0.0007019718177616596
MEIS1	AURKB	0.0007017251336947083
RPA1	TOMM40	0.0007016548770479858
HDAC2	GMIP	0.0007016190211288631
ELF1	IFI209	0.0007016165764071047
RAD51	BYSL	0.0007013818249106407
RPA2	ZFP35	0.0007013484137132764
HCFC1	FGFR1OP	0.0007009192486293614
GATA2	CD44	0.0007007393287494779
HDAC2	CKS2	0.0007003846112638712
ELF1	IL21R	0.0007002874044701457
CBX7	ADGRL4	0.0007001457270234823
ELF1	TRPC6	0.0006999243632890284
IKZF1	UBAC1	0.0006998007302172482
WDR5	GBP2	0.0006993631832301617
ELF1	LMO4	0.0006993140559643507
NFAT5	MPO	0.0006992423441261053
WDR5	NFKBIA	0.000698705087415874
ELF1	H2-Q6	0.000698625692166388
HDAC2	SEC23IP	0.0006985088111832738
RPA2	SEH1L	0.0006981365731917322
SPI1	LDHB	0.0006975287105888128
IRF8	TGFBR1	0.0006974524585530162
RAD51	SLC25A38	0.0006973916897550225
GFI1B	MPI	0.0006973411655053496
JUN	FAM91A1	0.0006970151443965733
MEIS1	CCNE2	0.0006969466921873391
CBFB	MPZL1	0.0006969337700866163
GFI1B	VSIR	0.0006969079840928316
RAD51	GM5111	0.0006966854562051594
RAD51	IDH3A	0.0006966500077396631
HDAC2	ARHGAP15	0.0006966370274312794
ELF1	LY6A	0.0006964749773032963
RAD21	IRF8	0.0006958674639463425
SPI1	CALCRL	0.0006957335863262415
CBFB	UBL4A	0.0006953355041332543
SATB1	MECOM	0.0006952308467589319
WDR5	B230219D22RIK	0.0006942705367691815
RPA1	FCGR2B	0.0006940025486983359
HCFC1	SLC18A2	0.0006932687829248607
RPA1	TMEM176A	0.0006925201159901917
HDAC2	HDC	0.0006920122541487217
RAD51	IARS2	0.0006920064915902913
IRF8	TEX10	0.0006917325081303716
MEIS1	CCNB2	0.0006910390802659094
RAD51	CERS4	0.0006910332594998181
RAD21	SPNS3	0.0006909689400345087
ELF1	TIFAB	0.0006906078779138625
ELF1	MMRN1	0.0006904552574269474
IRF8	HACD3	0.0006898437859490514
RAD51	TTLL12	0.0006896581617183983
WDR5	UBA7	0.000689657055772841
RPA1	ATP11C	0.0006895409896969795
HDAC2	MDN1	0.0006893782992847264
WDR5	RPRD1B	0.0006890200893394649
RPA2	GOLIM4	0.0006878403364680707
RPA1	NCF1	0.0006869637290947139
HDAC2	GSR	0.0006867792108096182
MYC	PARP8	0.0006866418407298625
HDAC2	TRPS1	0.0006865081377327442
IKZF1	SPO11	0.0006859640125185251
ELF1	CENPK	0.0006857466651126742
WDR5	GMCL1	0.0006849500932730734
WDR5	SYNJ1	0.0006844649324193597
RPA1	GMFB	0.0006843959563411772
RPA1	PITPNC1	0.0006842276197858155
HDAC2	TBC1D5	0.0006840902497060597
GATA2	RRM2	0.0006840513669885695
MYC	COL4A1	0.0006838892004452646
HDAC2	INCENP	0.0006836014217697084
RAD21	ENG	0.000683533726260066
HDAC2	CDK1	0.0006834083469584584
NFAT5	UBL4A	0.0006832509534433484
IRF8	CENPE	0.0006831669597886503
RPA1	MAN2A2	0.0006831327918916941
RPA2	GNG12	0.0006826901808381081
CBFB	VSIR	0.0006825654418207705
GFI1B	NUDT19	0.0006813021027483046
WDR5	TINAGL1	0.0006811678758822381
RAD51	STARD7	0.0006810355698689818
NFAT5	OSGIN1	0.0006808175239712
WDR5	FGL2	0.0006807307945564389
JUN	FASTKD3	0.0006804367294535041
NFAT5	OBSCN	0.0006804143195040524
RPA2	CTTN	0.0006803759606555104
RAD51	STIP1	0.000680372177157551
RAD51	ZFP422	0.0006801614654250443
RAD21	PLAA	0.0006801423151046038
RPA1	PSME4	0.0006801068666391075
HDAC2	MPL	0.0006799377151764929
NFAT5	CERK	0.0006798453978262842
CBFB	ADORA2A	0.0006798437680117786
HCFC1	CHCHD10	0.0006796545349061489
HCFC1	ZBTB16	0.0006793034262955189
IRF8	TEC	0.0006790636689402163
CBFB	ALDOC	0.0006785658188164234
MYC	LCP2	0.0006776873487979174
HDAC2	RACGAP1	0.0006775592337362468
RAD21	NUS1	0.0006771847256459296
GFI1B	4833439L19RIK	0.0006768562598153949
NFAT5	TIPIN	0.000676403462421149
WDR5	ATP11C	0.0006761645781807601
JUN	ERCC8	0.0006757087539881468
GFI1B	ST6GALNAC4	0.0006756429211236537
GFI1B	RRM1	0.0006752207409590483
RAD51	TM6SF1	0.0006751741166226566
RAD51	RNF4	0.00067492964444682
RAD21	H2-AA	0.0006742614204995334
RPA1	CTSO	0.0006740785902366042
HCFC1	SNRPB	0.0006734185153618455
RAD21	H2-DMA	0.0006733276532031596
RAD21	TBC1D10C	0.0006730405148118734
CBX7	RPA2	0.0006727883010171354
RAD51	ADO	0.0006727679865434766
IKZF1	PRKCH	0.00067258341005072
WDR5	GIMAP1	0.0006717717042192817
SPI1	9430015G10RIK	0.0006715747294947505
HDAC2	SGPP1	0.0006714725750498474
IKZF1	SZT2	0.0006713466718792915
WDR5	CFP	0.0006711903843097389
HDAC2	CCNF	0.0006710959714837372
IRF8	NUF2	0.0006710166344419122
STAT2	GOLIM4	0.0006704811239615083
GFI1B	RMND5A	0.0006703137769363821
GFI1B	GGTA1	0.0006702299579046667
RAD21	ODC1	0.0006699301884509623
IRF8	AURKA	0.000669798522721976
SPI1	KIF20B	0.0006697648786939681
CBFB	MAP4K2	0.0006697309436276555
HCFC1	IFITM1	0.0006684419349767268
RPA1	RGS1	0.0006684355321340263
ELF1	TMEM97	0.0006677897181361914
WDR5	RCSD1	0.0006676187040284276
IRF8	MAMDC2	0.0006674245232716203
HDAC2	NPLOC4	0.0006674228934571147
HDAC2	YBX3	0.0006673883181065321
NFAT5	MYO5A	0.0006673416355624795
ELF1	MCPT8	0.0006671897135674953
WDR5	ARID2	0.000667091750074178
CBFB	FOXO1	0.000666812586132437
HDAC2	SAMD9L	0.0006664687534794211
ELF1	MDN1	0.0006664590328000486
HCFC1	TNIP3	0.0006662249797955155
HCFC1	SERPINB9	0.0006658528582192957
NFAT5	FUCA2	0.000665751111228019
HCFC1	STOM	0.0006654836470261216
SATB1	PTPN7	0.0006646427791565657
HCFC1	CDCA7	0.0006639458006247878
HDAC2	MIR99AHG	0.000663718325085938
GATA2	FUCA2	0.0006634764140471816
RPA1	VAV3	0.0006631728610955179
RAD51	DDX1	0.0006629002746194601
RPA2	ARL8B	0.0006627344409935176
WDR5	SNRNP200	0.0006623688386753201
HCFC1	NUP85	0.0006621755310334265
RPA2	MED16	0.0006621031207032502
MYC	FASTKD3	0.0006617604522034526
HCFC1	KCTD12	0.0006612983415834606
IRF8	TGTP1	0.0006611136486753821
IRF8	PLXNA4OS1	0.0006609646370634437
MEIS1	MYO1F	0.0006608750554732978
HCFC1	HSPA1A	0.0006607417017221451
IRF8	CAND2	0.0006598066538572311
CBFB	GMIP	0.0006596578168682754
RAD51	AP1S2	0.0006594636361114681
NFAT5	IGSF6	0.0006594556616619229
RPA1	BCL2	0.0006592994323000312
RAD21	ZDHHC6	0.00065906613599509
RAD51	SORL1	0.0006586267845705152
JUN	RPN1	0.0006586162489838898
CBFB	CTTN	0.0006585326045751572
CBFB	ODC1	0.0006584338843822479
HDAC2	SIRPA	0.0006584154907613993
RAD21	SYTL1	0.0006581167108379304
ELF1	GP9	0.000657834520097822
RPA2	EAF1	0.0006577678141184151
MEIS1	CKAP2L	0.0006574847502633929
IRF8	ABCB8	0.0006570747354999185
RAD21	GSR	0.0006569706019945443
RPA2	CD93	0.0006557320593856275
HCFC1	MYCT1	0.0006551677943207324
HDAC2	MAD2L1	0.0006548958481289446
IRF8	JAM3	0.0006548615056090057
MYC	PLA2G15	0.0006544351927004755
WDR5	AGPS	0.0006541190086863935
WDR5	NWD1	0.0006538229063153267
IRF8	HCFC1	0.0006538021261803806
HCFC1	GM4951	0.0006535869324579835
STAT2	SELENOP	0.000653083436191082
STAT2	IARS2	0.0006529587553814054
RPA2	ABCG2	0.0006525685894303024
HCFC1	EIF2S1	0.0006524862255901098
WDR5	TSPAN3	0.0006524653872475028
WDR5	SPTBN1	0.000651392329018563
WDR5	RARS	0.0006506367935799062
IRF8	TYMS	0.000650297268293798
MYC	ACOX1	0.0006499952869489789
HDAC2	FLOT2	0.0006496485439129174
NFAT5	ABCB8	0.0006496005808003247
RAD21	NR3C2	0.0006495895213447511
HCFC1	IMMT	0.000649457739200443
ELF1	SYNJ1	0.0006488818908110261
RAD51	NDE1	0.0006488816579803824
RPA1	NAA50	0.0006476136622950435
CBFB	ARCN1	0.0006474225083366036
SPI1	HAT1	0.0006469323416240513
SPI1	PDZK1IP1	0.000646734144538641
MYC	ZFP36	0.0006466380436904728
RPA2	ACSS1	0.0006465184851549566
RPA1	EPB41L4B	0.000645924243144691
JUN	MIS18BP1	0.0006456610281020403
WDR5	RCC1	0.0006455605034716427
SPI1	BYSL	0.0006454065442085266
IRF8	TAB1	0.0006453924579545856
WDR5	RAB44	0.0006453727837651968
GFI1B	STAT2	0.000645303400233388
HDAC2	GATA2	0.0006452915840782225
RPA1	CTR9	0.0006450380315072834
RAD21	ERGIC1	0.00064493203535676
RPA1	EIF2B1	0.0006449208594858646
RAD21	MAPKAPK3	0.0006446646293625236
RAD51	GFI1B	0.0006445592734962702
IRF8	METTL27	0.0006444713217206299
MYC	SIGLECG	0.0006441545556299388
CBFB	ISG20	0.0006436629919335246
CBFB	IRF7	0.0006435354007408023
HDAC2	GMFB	0.0006435267860069871
HDAC2	PSME3	0.0006434633978642523
CBX7	PRMT5	0.0006432494265027344
HDAC2	CBX5	0.0006426000618375838
RPA1	TRIM30D	0.0006417690892703831
WDR5	EIF1AD	0.0006416253745555878
GFI1B	PPM1F	0.0006415547686628997
RPA1	ZFP35	0.0006415437092073262
IRF8	ZBTB38	0.000641508842818439
RAD51	GEMIN5	0.0006414838135242462
SPI1	SUPV3L1	0.0006409885827451944
MYC	ATAD1	0.0006404861924238503
GATA2	GM1966	0.0006401662831194699
RAD51	PRPF4	0.0006400874117389321
SPI1	ARID2	0.0006396406679414213
STAT2	ADA	0.0006394460797309875
SPI1	SHISA8	0.0006394125521183014
IRF8	TOMM40	0.0006393886869773269
IRF8	GABBR1	0.0006386826280504465
WDR5	TSPAN14	0.0006386592285707593
SPI1	AI504432	0.0006382088758982718
RPA2	ADO	0.0006375862285494804
HDAC2	WDHD1	0.0006374475779011846
CBX7	ZFP422	0.0006373308133333921
RPA2	GGTA1	0.0006369976908899844
HCFC1	WSB1	0.0006369315087795258
HCFC1	CERS4	0.0006365615408867598
STAT2	GOLT1B	0.0006364914588630199
SATB1	TYMS	0.0006364681757986546
HCFC1	HASPIN	0.0006361622363328934
IKZF1	NFE2	0.000635743432212621
RAD51	THADA	0.0006357270758599043
NFAT5	HDC	0.0006356751546263695
RAD51	PSMG2	0.0006352636846713722
IRF8	ABCB10	0.000634900585282594
HCFC1	STXBP4	0.000634398718830198
MYC	9430015G10RIK	0.0006341496482491493
MYC	SCARB1	0.0006340495892800391
IRF8	APLP2	0.0006338757812045515
IRF8	MSH6	0.0006338310777209699
HDAC2	MIEF1	0.0006338157691061497
RAD21	FLT3	0.0006337519735097885
ELF1	UPP1	0.0006335719372145832
RPA2	FAR1	0.0006334416102617979
IRF8	SPIDR	0.0006328595918603241
RPA2	ATG12	0.0006325027788989246
HDAC2	ZFAND5	0.0006324674468487501
NFAT5	MYO1F	0.0006321111577562988
RAD51	VKORC1L1	0.0006320307729765773
RAD21	IFRD2	0.0006319988169707358
HDAC2	ANXA5	0.0006314933998510242
HCFC1	SLC29A1	0.0006314649363048375
SATB1	FCGR2B	0.000631200906354934
GFI1B	TIMM50	0.0006311575416475534
MYC	EAF1	0.0006307729636318982
SATB1	RPN1	0.0006304574781097472
HCFC1	NUS1	0.0006299574160948396
WDR5	MEMO1	0.0006298840162344277
RAD21	CYC1	0.000629692105576396
IRF8	OAS3	0.0006296568899415433
SATB1	TNFAIP2	0.000629378657322377
STAT2	NOLC1	0.0006292865728028119
JUN	AI506816	0.0006291661411523819
IRF8	MTFR1	0.0006289473385550082
SATB1	COL4A2	0.0006285961135290563
MYC	HAT1	0.0006284544360823929
RAD51	MDN1	0.0006283865659497678
IRF8	BUB1B	0.000628015142865479
CBFB	APLP2	0.0006279285880737007
SATB1	MTUS1	0.0006277923239395022
ELF1	ERCC8	0.0006277607753872871
WDR5	PSEN1	0.0006275917985476553
RPA1	SGMS1	0.0006274930783547461
SATB1	TMEM50B	0.0006269195000641048
RPA2	SGO1	0.0006267433636821806
IKZF1	KRT18	0.0006261584931053221
SPI1	SLC35E1	0.0006261277594603598
HDAC2	SH2D5	0.0006260104128159583
GFI1B	BPIFC	0.0006259484216570854
RAD51	HACD3	0.0006255541229620576
RAD21	GEM	0.0006250302540138364
NFAT5	FCGR2B	0.0006247631972655654
HDAC2	MIS18BP1	0.0006246241391636431
IRF8	ATAD2	0.0006244769901968539
RAD51	SZT2	0.0006241240189410746
GFI1B	POLE	0.0006240287912078202
SATB1	MS4A6C	0.0006240154034458101
HCFC1	GM19590	0.0006238807691261172
IKZF1	TRIM30B	0.0006237967754714191
SPI1	TRMT6	0.0006235913024283946
RAD51	DUS1L	0.0006229150458239019
SPI1	MYCT1	0.0006228219717741013
IRF8	IRF7	0.0006227268604561687
SPI1	MYCN	0.0006218294729478657
MYC	TXNIP	0.0006214013556018472
STAT2	PPAT	0.0006212742300704122
WDR5	TMEM154	0.0006209154380485415
HDAC2	AP3S1	0.0006207046681083739
SATB1	PRELID3B	0.0006194833549670875
HCFC1	MECOM	0.0006193517474457622
ELF1	TFRC	0.0006188163533806801
NFAT5	ANXA3	0.0006187445833347738
GFI1B	ERLIN1	0.000618738355115056
MYC	PHKB	0.0006178700714372098
HDAC2	FBXW11	0.0006175183225423098
MYC	SPTBN1	0.0006173804868012667
IKZF1	CASP4	0.0006172018474899232
HDAC2	CIPC	0.0006171417771838605
ELF1	EAF1	0.0006169662810862064
SATB1	NUP107	0.0006167460815049708
HDAC2	CSRP3	0.0006164481164887547
GFI1B	ATP6AP2	0.0006162268691696227
RAD51	RPTOR	0.0006161159835755825
HDAC2	TPX2	0.0006156278541311622
GFI1B	NAP1L3	0.00061550218379125
SPI1	TMEM33	0.0006149296532385051
GFI1B	TM6SF1	0.0006147579988464713
MYC	CTSG	0.0006145397201180458
HCFC1	TIFAB	0.0006143192877061665
RAD51	CD93	0.0006143093341961503
WDR5	SGO1	0.0006141344201751053
SPI1	CYP2J6	0.0006139550823718309
WDR5	SALL2	0.0006139039760455489
RPA1	CCNB1	0.0006135959993116558
SPI1	TNIP3	0.0006134729483164847
HDAC2	MCOLN2	0.0006129146786406636
RAD51	HDGFL3	0.0006128973909653723
SPI1	RPTOR	0.0006127518718130887
HDAC2	CSF3R	0.0006127298693172634
WDR5	DDX60	0.0006124816136434674
SPI1	TUBGCP3	0.0006123582134023309
SPI1	RRM1	0.000611980096437037
HCFC1	NCLN	0.000611838127952069
WDR5	MCM10	0.0006115834694355726
RAD51	MTMR1	0.000611396215390414
JUN	PHF6	0.0006108786910772324
ELF1	METTL7A1	0.0006105895736254752
RAD51	IARS	0.0006104399799369276
HCFC1	RP2	0.0006099710590206087
HCFC1	SEC24D	0.0006099369493313134
GFI1B	MED16	0.0006099342135712504
CBFB	PRKCH	0.0006097647128626704
RAD51	MTMR4	0.0006094916607253253
CBFB	EFCC1	0.0006094665150158107
HDAC2	MYCT1	0.0006089836824685335
MYC	NUDCD1	0.0006078236037865281
RAD21	FOXRED1	0.000607797468546778
MYC	RIN3	0.0006074540433473885
RPA1	TNFRSF21	0.0006071467068977654
SPI1	GBP2	0.0006068721995688975
IRF8	PFKFB3	0.0006067024660296738
RPA2	PPP1CB	0.0006064499611966312
WDR5	DOK2	0.0006062661414034665
RPA1	CLEC12A	0.0006061734748072922
RPA2	SESN1	0.0006060898886062205
RPA1	RCOR1	0.0006060469895601273
RPA1	CYP4V3	0.0006059088627807796
GFI1B	CERK	0.0006058834260329604
MEIS1	PRIM2	0.0006058088038116693
HDAC2	SLC37A1	0.0006057979771867394
RAD51	RPN1	0.00060568458866328
RPA1	ACOX3	0.0006056042038835585
CBX7	GANAB	0.0006055801059119403
GFI1B	CKS1B	0.0006054738187231123
RAD21	GMFB	0.0006051718955859542
WDR5	NAPRT	0.0006049450603313744
WDR5	LSP1	0.0006044189212843776
CBX7	EFTUD2	0.0006039045983925462
NFAT5	FUT7	0.0006032951641827822
NFAT5	RAD51	0.000603174848947674
CBFB	SNAP23	0.0006025924230925739
RPA2	SIGLECG	0.0006025065667927265
HDAC2	NDUFS1	0.0006024510366842151
RAD51	GNS	0.0006023230962455273
HDAC2	IL27RA	0.0006019448628649116
RPA1	BYSL	0.0006018601707182825
IRF8	DENND1C	0.000601409759838134
MYC	UBA7	0.0006013673264533281
GFI1B	5430427O19RIK	0.0006006551557220519
HCFC1	LDHB	0.0006005695322528481
RPA1	RAB31	0.0006005464238114655
SATB1	APLP2	0.0006003443850204349
ELF1	OSGIN1	0.0006000950816087425
ELF1	TEX10	0.0005999086424708366
SPI1	ARFGEF2	0.0005996841937303543
CBFB	KPNA1	0.0005995242390781641
WDR5	NR3C2	0.0005993898375891149
HCFC1	EPSTI1	0.0005990391364321113
MYC	DUSP1	0.0005989764467813075
RAD21	LAPTM4B	0.0005984276067465544
HCFC1	MLLT3	0.0005981950089335442
WDR5	NCLN	0.0005972892977297306
RAD21	MAML3	0.0005972075741738081
RPA1	GTF2F1	0.0005969703197479248
SPI1	UBAC1	0.0005967406905256212
RPA2	PPM1G	0.0005964945303276181
RAD21	KIF17	0.0005963595467619598
HCFC1	MUC13	0.0005954279913567007
RAD51	EMID1	0.0005952778155915439
RAD51	ITM2A	0.0005951449275016785
RAD51	REXO4	0.0005951195489615202
JUN	COPB1	0.0005943442811258137
MYC	MS4A6C	0.000594037352129817
WDR5	GPRASP1	0.0005940289702266455
SPI1	ARL8B	0.0005939463735558093
MYC	MICU1	0.000593900098465383
HCFC1	CBX7	0.0005938907852396369
MYC	STX3	0.0005936397355981171
CBFB	RPP40	0.0005932214553467929
HDAC2	FCHO2	0.000592986005358398
SPI1	RFC5	0.0005929065519012511
IRF8	SIGLECG	0.000592702766880393
HCFC1	GTF2F1	0.0005924277938902378
RAD21	HMBS	0.0005921873380430043
RPA2	TMEM50B	0.0005918018287047744
WDR5	MECOM	0.0005916444933973253
WDR5	TRIM59	0.0005916170193813741
RAD51	MICU1	0.0005908821476623416
HDAC2	CCNB2	0.0005908496677875519
RPA2	EML4	0.0005906493170186877
NFAT5	MCM5	0.0005902468110434711
RPA2	CKS2	0.000589568808209151
HDAC2	GNS	0.0005894150817766786
RAD21	PHF5A	0.0005893460474908352
HCFC1	COQ8A	0.0005893330089747906
SATB1	XPNPEP1	0.000588621012866497
RPA1	DOCK11	0.0005883508129045367
IRF8	SPTBN1	0.0005882105324417353
CBFB	RPAP1	0.0005881263641640544
CBFB	EBI3	0.0005880919634364545
RAD21	API5	0.0005880619864910841
RAD51	NUDCD1	0.0005877229268662632
HCFC1	CD82	0.0005876181530766189
SATB1	MPL	0.0005875861388631165
SPI1	HIF3A	0.0005875041824765503
RAD51	SNHG5	0.0005874647758901119
MYC	CKAP5	0.0005874564521946013
CBFB	SULT1A1	0.0005872542969882488
HCFC1	GIMAP6	0.0005871019093319774
RAD51	TBC1D2B	0.0005866414285264909
RPA1	TTF2	0.0005864293780177832
RAD51	NPLOC4	0.0005863218102604151
IKZF1	IDH3A	0.0005862553371116519
RPA2	FAM102B	0.0005860644741915166
RAD51	E2F4	0.0005858067888766527
ELF1	MAP4K2	0.0005856832140125334
RPA2	SUSD3	0.0005855392664670944
SPI1	JARID2	0.000585510628297925
WDR5	PHF11B	0.0005850018933415413
SPI1	CSE1L	0.0005842907703481615
RPA2	PHF11B	0.0005837688222527504
WDR5	CIPC	0.0005831040325574577
RAD51	SIRPA	0.0005828443681821227
RPA2	9430015G10RIK	0.0005827601416967809
HDAC2	GNG11	0.0005825539701618254
GATA2	TFRC	0.0005822113598696887
IRF8	MC5R	0.0005821799277327955
MYC	NASP	0.0005821169470436871
GATA2	HK3	0.0005820206715725362
RPA1	NUS1	0.0005816627526655793
WDR5	ELP2	0.0005815679323859513
RPA2	GUSB	0.0005811917362734675
MEIS1	SORL1	0.0005806958070024848
ELF1	CCNE2	0.0005803591920994222
WDR5	TBXAS1	0.0005803271778859198
CBX7	SERPINB1A	0.0005799378268420696
RAD21	PSEN1	0.0005794783355668187
HDAC2	CFP	0.0005790712893940508
RPA1	FASTKD3	0.0005790578434243798
SPI1	CDCA8	0.0005787510308437049
RAD51	FAR1	0.0005782167427241802
HDAC2	DDX58	0.0005778737249784172
RPA1	CERK	0.0005778239574283361
SPI1	ZEB2	0.0005774093442596495
GFI1B	IGTP	0.0005772996228188276
HCFC1	DHX33	0.0005769780836999416
RAD21	RNF122	0.0005769057315774262
GATA2	EPAS1	0.000576802936848253
HCFC1	NDRG1	0.0005760023486800492
JUN	API5	0.000575828889850527
SPI1	EBF1	0.0005758178303949535
HCFC1	TNFRSF21	0.0005755251040682197
RPA1	MGAT1	0.0005755234160460532
SATB1	NUP85	0.0005754817393608391
HDAC2	MFNG	0.0005751982680521905
ELF1	CD63-PS	0.0005746937822550535
HDAC2	AHCYL1	0.0005741726490668952
WDR5	MCM6	0.0005738783511333168
HDAC2	CENPK	0.0005734123988077044
RAD51	RPS6KA5	0.0005732717108912766
WDR5	CTLA2B	0.0005723587819375098
MYC	PRR5	0.0005721150082536042
IKZF1	SALL2	0.0005715397419407964
RPA1	NFAT5	0.0005713402642868459
GFI1B	PLXNA4OS1	0.0005704069044440985
GATA2	XRCC3	0.0005699378671124578
GFI1B	THADA	0.000569753407035023
ELF1	PLD3	0.0005692322156392038
RPA1	SMARCA2	0.0005691965925507247
WDR5	FCGR2B	0.0005691003170795739
WDR5	OBSL1	0.0005689793615601957
GATA2	NDC1	0.0005687621887773275
HDAC2	NUPR1	0.0005683217314071953
HDAC2	NAP1L3	0.0005682627088390291
WDR5	RB1	0.0005682090413756669
HDAC2	NEAT1	0.0005681710899807513
HDAC2	TXNIP	0.0005677317385561764
JUN	CCNE2	0.0005674939602613449
GFI1B	CTR9	0.0005674639251083136
IRF8	TMEM154	0.0005665455828420818
SPI1	MEIS1	0.000566187547519803
RPA2	MTOR	0.000566143891774118
RAD51	EIF1AD	0.0005660317838191986
RPA2	SLC25A46	0.0005659895250573754
HCFC1	TIE1	0.0005658718291670084
RPA2	MUC13	0.0005654956330545247
SATB1	ACAA2	0.0005653860862366855
RPA2	H2-DMA	0.0005648008082062006
IRF8	MAN2A2	0.0005644914344884455
WDR5	SHISA8	0.000564415066037327
RAD51	PRPS2	0.0005644062766805291
CBFB	EMILIN1	0.0005641321185976267
CBFB	ITM2A	0.0005624238983727992
SPI1	TEK	0.0005620990414172411
WDR5	FCGRT	0.0005620492738671601
RPA2	DDX58	0.0005618751747533679
IKZF1	APBB1	0.0005616601556539536
GATA2	IFI27L2A	0.0005614508991129696
CBX7	PA2G4	0.0005613648681901395
HDAC2	POLE	0.0005612550885416567
GFI1B	NR3C2	0.0005611081724055111
RPA1	RPP40	0.0005610332009382546
SPI1	EIF4ENIF1	0.0005609389627352357
IRF8	IFI44	0.0005609180661849678
CBFB	ABL1	0.0005603471654467285
CBFB	TLR4	0.0005600441945716739
MYC	IPO9	0.0005593823152594268
WDR5	CD244A	0.0005593732348643243
HDAC2	SLA2	0.0005591550143435597
HCFC1	RHOF	0.0005590109503827989
SPI1	KAT7	0.0005586982588283718
SATB1	GUSB	0.0005583288730122149
ELF1	LHCGR	0.0005583027377724648
JUN	UBE2C	0.0005582243902608752
HDAC2	USP11	0.0005564810708165169
STAT2	MSH6	0.0005555763491429389
JUN	CKAP5	0.0005551595240831375
RAD51	ABITRAM	0.0005551525391638279
RAD51	ST6GALNAC4	0.0005545563180930912
HDAC2	FAM189B	0.0005545206367969513
HCFC1	ATP6AP1	0.0005543947336263955
RAD21	ANXA5	0.0005542057915590703
RAD51	CERK	0.000553859630599618
HDAC2	FCGR2B	0.0005533749936148524
IRF8	MLLT3	0.0005529380869120359
WDR5	LY9	0.0005524843581952155
SPI1	SZT2	0.0005522742867469788
RAD21	LYN	0.0005522684659808874
RAD51	BC005561	0.0005517365061677992
SATB1	HMGB3	0.0005512569332495332
IRF8	ANXA1	0.0005510870832949877
HCFC1	TSC22D3	0.0005506792804226279
RAD21	PRMT5	0.0005504776490852237
HCFC1	CNRIP1	0.0005494263023138046
SPI1	CREBRF	0.0005493319476954639
WDR5	PKIB	0.0005492452182807028
CBFB	KCNK5	0.000548879208508879
MYC	LY9	0.0005488570895977318
RPA1	CAPG	0.0005479526007547975
ELF1	TMEM37	0.0005477530066855252
WDR5	CCNB2	0.000547710747923702
IKZF1	FRRS1	0.0005476827500388026
GFI1B	ZHX1	0.0005473315250128508
JUN	PPAT	0.0005471422336995602
WDR5	GP9	0.0005467991577461362
HDAC2	AKNA	0.000546480470802635
HCFC1	BYSL	0.0005464254063554108
RAD51	XAF1	0.0005462866392917931
CBFB	CASP12	0.0005462002591229975
IRF8	ZNRF2	0.0005461256951093674
RPA2	RPP40	0.0005460801185108721
MYC	VIPR2	0.0005459051462821662
IKZF1	RARB	0.000545534014236182
HDAC2	SNRNP200	0.0005452249897643924
MYC	UBE2L6	0.0005443287082016468
RPA1	PTPRE	0.0005443001864477992
RPA1	LAX1	0.0005442078108899295
MYC	GIMAP5	0.0005441262619569898
JUN	SELL	0.0005440178792923689
IKZF1	ELANE	0.0005437448271550238
WDR5	ARHGAP15	0.0005435534403659403
GATA2	THEMIS2	0.0005431548343040049
RAD51	NPTN	0.0005427513970062137
GFI1B	MTMR1	0.0005424268310889602
RAD51	XRCC6	0.0005422448739409447
HDAC2	RAD51AP1	0.0005421940004453063
IRF8	MMRN1	0.0005420172237791121
HCFC1	ATG12	0.0005418869550339878
RPA1	HK3	0.0005416044732555747
WDR5	FCHO2	0.0005413562757894397
SPI1	KPNA3	0.0005405638949014246
MYC	TSPAN2	0.0005401562666520476
SPI1	NUP93	0.0005401411326602101
CBFB	ATP6AP2	0.000540125067345798
HDAC2	PITPNC1	0.0005396186606958508
WDR5	RP2	0.0005394164472818375
CBFB	HK3	0.0005387207493185997
GFI1B	PRKCD	0.0005379602662287652
SATB1	LDHB	0.0005378997302614152
HDAC2	FLT3	0.0005376051412895322
SATB1	TRMT6	0.0005373504245653749
WDR5	PNCK	0.0005370411090552807
GFI1B	DOCK10	0.000536827661562711
IRF8	TINAGL1	0.0005368002457544208
RPA1	LYN	0.0005367285921238363
MEIS1	CD69	0.0005364473909139633
MEIS1	TSPOAP1	0.000536188599653542
IKZF1	FGL2	0.000536169100087136
WDR5	PDE4D	0.0005361344083212316
RAD51	FAM171A1	0.0005359777715057135
RPA2	CNN3	0.0005358913913369179
IKZF1	EYA2	0.000535824045073241
RAD51	TRMT11	0.0005355729372240603
HDAC2	SLC25A38	0.0005354134482331574
RPA1	PPP1CB	0.0005352249136194587
RAD51	RABGGTB	0.0005350554711185396
HDAC2	RORA	0.0005349426064640284
HCFC1	PIK3R2	0.0005348616396076977
MYC	RASA4	0.000534724211320281
NFAT5	NUDT19	0.000533943239133805
SPI1	H2-Q6	0.0005336500471457839
MYC	LMO4	0.0005327808321453631
IKZF1	PHB2	0.000532155332621187
IKZF1	IRF6	0.0005320730269886553
RAD51	EPB41L4B	0.0005317881004884839
ELF1	CDC45	0.0005317371687851846
RPA1	SH3BGRL	0.0005315849557518959
WDR5	ANGPT1	0.0005309071857482195
RPA2	GSR	0.0005304957740008831
HDAC2	KIF17	0.000530400313436985
CBFB	TSPAN2	0.0005303956568241119
IKZF1	TOMM40	0.0005303073558025062
IRF8	PIK3IP1	0.0005299439653754234
GATA2	FAM102B	0.0005295881419442594
NFAT5	ELANE	0.0005295524606481194
CBFB	MYCT1	0.0005291089764796197
HDAC2	NECAP2	0.0005284890066832304
RAD51	CD48	0.0005281926714815199
HCFC1	PRKCH	0.0005272980779409409
RPA2	MAP4K2	0.0005272874841466546
IRF8	SVIP	0.0005267377127893269
RAD51	LAX1	0.000526636722497642
GFI1B	NPDC1	0.0005264031351543963
HDAC2	NCAPG	0.0005251746042631567
CBFB	MECOM	0.0005248773959465325
SPI1	GM20559	0.0005248289089649916
HDAC2	COQ8A	0.0005247274530120194
HDAC2	PSAT1	0.0005246753571555018
MEIS1	F630028O10RIK	0.0005246715736575425
WDR5	GIMAP1OS	0.0005246664513833821
HCFC1	SLC20A1	0.0005246602231636643
WDR5	ABL1	0.0005245175561867654
RPA2	NUF2	0.0005243645864538848
STAT2	LIG1	0.0005239921156316996
NFAT5	THEMIS2	0.0005239829770289361
GATA2	ZFP367	0.0005236873985268176
RPA1	TFRC	0.0005236786091700196
GFI1B	GABBR1	0.0005236598080955446
HDAC2	ARRDC4	0.0005235117860138416
RAD51	ODC1	0.0005234081181697547
ELF1	LGALS1	0.0005233707488514483
WDR5	LAPTM4B	0.0005227217334322631
SPI1	PRPF4	0.00052258325740695
RAD51	PSMD6	0.0005224490887485445
WDR5	NUDT4	0.0005223466432653368
IRF8	WDR5	0.0005222504842095077
IRF8	PTPN7	0.0005221202736720443
SPI1	ZC3H7A	0.0005221101455390453
HDAC2	TECPR1	0.0005218564765527844
ELF1	ABCG2	0.0005214996635913849
MYC	MPL	0.0005214365664869547
SPI1	PRELID3B	0.0005211604875512421
CBFB	JARID2	0.0005209169466979802
MYC	NDUFV1	0.0005206954665482044
RAD51	PPID	0.0005193758406676352
RPA2	SMARCA2	0.0005191444652155042
WDR5	GIMAP6	0.0005191088421270251
ELF1	NFKBIA	0.0005190601223148406
RPA1	CD44	0.0005189466173760593
HCFC1	HACD4	0.0005187105271033943
RPA1	NRROS	0.0005186604685150087
HCFC1	ZFP945	0.000518619897775352
HDAC2	IRF8	0.0005181871238164604
CBFB	CAMK2D	0.0005181657033972442
NFAT5	AP3S1	0.0005178482388146222
HDAC2	TEAD2	0.0005178431165404618
CBFB	EIF2B1	0.0005178232677280903
STAT2	MDN1	0.0005178168066777289
NFAT5	CDCA5	0.0005177368293516338
NFAT5	TYMS	0.000517731998115778
MYC	PBX1	0.0005171234952285886
SPI1	IL17RA	0.0005167876952327788
GFI1B	CCDC50	0.000516363768838346
SPI1	PEAR1	0.0005162378074601293
RPA2	HIF3A	0.0005155707476660609
HDAC2	GIMAP6	0.0005155158578418195
RAD21	TLE2	0.0005154245882295072
IRF8	GMIP	0.0005153699312359095
SPI1	HSPA1A	0.0005152266821824014
RPA1	MYO1G	0.0005151974619366229
RAD21	ADGRL4	0.0005151581717655063
HCFC1	MC5R	0.0005151377990841866
IKZF1	TSPAN3	0.0005149610806256533
NFAT5	ACAA2	0.0005149403586983681
RPA2	PARVG	0.0005147388437762856
RAD51	IRF8	0.0005147194606252015
IRF8	SCARF1	0.0005143617745488882
SATB1	GM4951	0.0005143166054040194
RAD51	PRODH	0.0005142769077792764
HDAC2	ATP10A	0.0005141572328284383
ELF1	CDK18	0.0005139927961863577
GFI1B	SLC37A1	0.0005138049018569291
IRF8	ABCE1	0.0005136174731887877
JUN	RAD21	0.0005135228275321424
HDAC2	MEMO1	0.0005134084494784474
IRF8	SLC7A4	0.0005133544327691197
HCFC1	PTDSS1	0.0005131483776494861
IRF8	CYP4V3	0.0005130270146764815
RPA1	PATL1	0.0005129704950377345
HDAC2	LAX1	0.0005124268936924636
ELF1	CEP55	0.0005123032024130225
RPA2	PLPPR3	0.000511571706738323
RPA1	PTPRS	0.0005107998731546104
SPI1	VKORC1L1	0.0005106755997985601
RPA2	PRC1	0.0005105985328555107
NFAT5	AURKB	0.0005105595337226987
RPA1	COL4A2	0.0005101162241771817
RAD51	MTR	0.00051010528113693
RPA2	RNF4	0.000509894744027406
MYC	RPA1	0.0005096416571177542
WDR5	PLEKHO2	0.0005096315871924162
NFAT5	H2AFX	0.0005092358915135264
RPA2	CTLA2B	0.0005092139472253621
HCFC1	NFIA	0.0005090849590487778
RAD21	ACAA2	0.0005088940379209816
RAD21	INTS8	0.0005088720936328173
RAD21	LSP1	0.0005088314646854997
MEIS1	ALAS1	0.0005082814022898674
IRF8	DDX1	0.0005082451971247792
ELF1	CCR2	0.0005081476992927492
GATA2	MYO5A	0.0005071577616035938
SATB1	TFR2	0.0005070596816949546
IRF8	HYOU1	0.0005069520557299256
RPA1	TMEM173	0.0005068773753009737
RPA2	CIPC	0.0005068129394203424
HCFC1	GT(ROSA)26SOR	0.0005066249286755919
ELF1	SALL2	0.0005064414581283927
RAD21	URB2	0.0005061784177087247
WDR5	2610035D17RIK	0.0005055476794950664
RPA1	MSMO1	0.0005052993074059486
HDAC2	TCF19	0.0005052218912169337
MYC	HDAC11	0.0005050153122283518
GFI1B	SERPINB1A	0.0005047936574555933
RPA1	NUDT19	0.0005047227023169398
RAD51	CNN3	0.0005045217112638056
MYC	SLC26A2	0.000504337134771049
RPA2	ISG20	0.0005040359101258218
CBFB	CERK	0.0005037025548517704
RPA2	RCSD1	0.0005034484784118831
WDR5	FAM111A	0.0005034034256823361
RPA1	SATB1	0.0005032526096329093
RAD51	RUVBL2	0.0005026704748161137
HCFC1	WDR55	0.0005026514991186559
IRF8	UBASH3A	0.0005021240212954581
IRF8	MCPT8	0.0005018975934945047
RAD51	PLAA	0.0005018028314225376
RAD51	TESPA1	0.0005017565563321114
HDAC2	TEC	0.0005016013165004551
ELF1	SEC24D	0.0005015356000512838
IRF8	SLC25A38	0.0005014823982492089
CBFB	RARB	0.0005010221502743661
HCFC1	NCF1	0.0005008294247090816
RAD21	EPAS1	0.000500424939673394
JUN	OSBPL8	0.0005003466503694654
RPA1	KCTD20	0.00050020293565467
RPA1	ZDHHC6	0.0004992671310901642
CBFB	CISH	0.0004992471658624709
IKZF1	JAM3	0.0004986942512914538
HCFC1	CALCRL	0.000497038708999753
RAD51	TFG	0.0004968470893800259
HDAC2	METTL7A1	0.0004965243861079216
HCFC1	TRIM47	0.000496487133204937
MEIS1	SOX18	0.0004961660597473383
JUN	SORT1	0.0004960666410624981
RPA1	ZDHHC13	0.0004957161727361381
CBFB	CD274	0.0004945099935866892
ELF1	TEAD2	0.0004943576641380787
JUN	ZFP322A	0.0004943354870192707
RPA2	GPRASP1	0.0004941039951518178
WDR5	GBP3	0.0004940982325933874
SPI1	RPA1	0.000494052073918283
STAT2	DNAJC9	0.000493748695589602
NFAT5	TOMM40	0.0004936250043101609
RPA2	MLKL	0.0004934159805998206
RAD51	SNX30	0.0004922350635752082
MYC	2610035D17RIK	0.0004911846481263638
GFI1B	CDCA5	0.0004909574636258185
WDR5	ITM2A	0.0004907945403829217
GATA2	FGL2	0.0004905556561425328
MYC	B3GNT5	0.0004905071691609919
HDAC2	NUDT19	0.0004901490756310523
RPA2	FLNA	0.000489392492454499
ELF1	CTPS	0.0004889537813141942
JUN	CTPS	0.0004887960967607796
RAD21	TMEM37	0.00048751075519248843
RPA2	MMRN1	0.0004865500086452812
IRF8	KIF20B	0.0004863895592279732
HCFC1	EMID1	0.00048637756844982505
MEIS1	CDCA5	0.0004861488414462656
RAD21	CAND2	0.00048577520647086203
MEIS1	ATRN	0.0004857528256252408
GFI1B	H2-AA	0.0004852176643908024
IRF8	GEMIN5	0.00048482927377335727
CBFB	DLST	0.0004838407039642334
RAD51	FAM189B	0.00048346066614612937
RPA2	TBC1D5	0.00048332251026295125
RAD21	TIFAB	0.0004824646166525781
IKZF1	UBR7	0.00048228396917693317
RPA1	ACLY	0.0004822612681891769
RAD51	FASTKD2	0.0004820140602532774
RAD51	NFKBIA	0.00048187936772592366
IRF8	TRPC6	0.00048122211592271924
CBFB	TRPC6	0.0004810686514247209
ELF1	FARSA	0.0004810197278857231
HDAC2	GPR160	0.0004807696386706084
MYC	ATP6AP2	0.00048045837320387363
IRF8	FSTL1	0.0004804565978702158
RPA2	EZR	0.0004803403280675411
HDAC2	KRT18	0.00048030843026936054
HDAC2	PTPRS	0.00048012277693487704
RPA2	CDCA3	0.0004800927417818457
GATA2	SLC44A2	0.0004799282760359347
GFI1B	FGGY	0.0004798757145181298
RPA2	2610035D17RIK	0.00047963543329387903
RPA2	NMD3	0.00047949692816473544
GATA2	SORL1	0.0004793926200363785
RPA1	MTMR4	0.0004791082756128162
HCFC1	BCL2	0.000479105394333601
RAD51	FOXO1	0.0004788310907315463
GATA2	CDC45	0.00047826467198319733
WDR5	ELANE	0.00047734053805470467
RPA2	PLAC8	0.0004770360828842968
HCFC1	DUSP1	0.00047646922757849097
RPA1	PPID	0.00047645915765315294
HCFC1	NPLOC4	0.0004763404722325504
RAD51	STX3	0.0004763058968819678
ELF1	SOX18	0.0004762850294355303
GATA2	RAD51	0.0004762333119288087
RPA1	SLC2A3	0.00047612690832465887
JUN	DDX39	0.00047604384599253535
NFAT5	YBX3	0.000475631415611133
IRF8	NOLC1	0.00047560405801050365
RPA2	CD244A	0.00047480984358116984
SPI1	UBE2C	0.000474550761282444
HDAC2	EMB	0.00047423120122402906
RPA1	RPS6KA3	0.0004741340526379645
WDR5	RPP40	0.0004739298310596496
GFI1B	CAD	0.00047373550478369
MEIS1	MCM10	0.00047359641757793725
WDR5	FAM91A1	0.0004734060203190893
IRF8	CLEC4E	0.00047311856178566813
JUN	FCGR3	0.00047297374112531543
SATB1	PFKP	0.0004726591578219086
NFAT5	HP	0.0004725093604065478
RPA1	PKIB	0.00047194186481647193
STAT2	CTLA2B	0.0004719082498922944
RPA2	MEMO1	0.00047130181337706745
RPA2	HK3	0.00047091388842090964
WDR5	PLPPR3	0.0004706093459390104
RPA2	STXBP4	0.0004700181889347732
RAD21	NAMPT	0.0004698165867011994
SPI1	TARS	0.0004694604722317308
WDR5	LPCAT2	0.00046888517681509256
IRF8	ARRDC4	0.00046859378926455975
NFAT5	CCNE2	0.0004685112799052149
MYC	GP9	0.00046787961036898196
WDR5	PPP1R9A	0.00046777731040492654
JUN	ELOVL5	0.00046766491141170263
CBFB	SLC7A4	0.00046765600563958287
RAD21	TRAP1	0.00046637377818115056
WDR5	NCF1	0.0004658506659325212
SPI1	TBXAS1	0.0004656504315789789
SATB1	ATP6AP2	0.0004651691415347159
IKZF1	TMEM246	0.00046482140896841884
RPA2	CSGALNACT2	0.0004638880491256714
IKZF1	EPB41L4B	0.00046361921704374254
RAD21	MEIS1	0.00046344639849849045
HCFC1	MAPKAPK3	0.0004627369053196162
HCFC1	GATA2	0.0004625525325536728
CBFB	CD9	0.0004622163833118975
HCFC1	FEM1A	0.0004619501705747098
RPA2	GMIP	0.00046067035873420537
SATB1	KRT18	0.0004604231799021363
MYC	TYMS	0.00046019203728064895
MEIS1	FLOT2	0.00045989055070094764
HCFC1	FARSB	0.000459453760413453
RAD21	RORC	0.0004592214245349169
GFI1B	GSR	0.0004590685712173581
WDR5	HNRNPLL	0.0004587553848978132
RPA1	LMAN2L	0.00045861926628276706
RPA2	LONP1	0.0004584811977110803
RPA2	WDR43	0.00045847927685827017
RPA1	TMX4	0.0004583843983709812
RPA2	ZFP945	0.00045837293146178126
RPA2	UBL4A	0.0004583067202474922
IRF8	LHCGR	0.00045805450645275414
MYC	MIR99AHG	0.0004577630024868995
RPA1	LAP3	0.00045775555190630257
RPA1	ADSSL1	0.00045742426300421357
GFI1B	EPAS1	0.0004570797609630972
IRF8	ARID3B	0.0004566658171825111
WDR5	ZBTB38	0.000456623820355162
RAD51	PUS7	0.00045617998694069684
HCFC1	LY9	0.00045608720392920077
MEIS1	SELL	0.00045577407581731677
RPA2	PSEN1	0.0004555454943329096
HDAC2	NUS1	0.0004554184852167964
RAD21	CYFIP2	0.00045517622493207455
RPA1	STXBP4	0.00045477418461814523
WDR5	CD68	0.00045448497985489666
ELF1	PTGS1	0.0004541529342532158
WDR5	STIP1	0.00045389251317828894
HCFC1	MAN2A2	0.0004536620108410716
RPA2	DCAF13	0.00045342760859057307
MEIS1	HK3	0.00045290321577340364
RPA1	COQ8A	0.0004527833661995828
MYC	PCMTD2	0.00045240650069899857
RAD21	CASP12	0.00045223490451462567
WDR5	XRCC3	0.0004521345254033804
IRF8	ADK	0.00045206339564174414
HDAC2	KNSTRN	0.0004510912986006588
IRF8	SMPDL3A	0.00045108553604222834
GFI1B	PSTPIP1	0.00045071050408296287
HDAC2	PEAR1	0.0004502425726968795
JUN	CDT1	0.0004499210917856544
RPA1	PIK3R2	0.00044898976921103895
GFI1B	NSD2	0.00044850079575553536
HCFC1	NAV1	0.0004484809178393334
HDAC2	CENPL	0.00044834078289568424
MYC	PSAT1	0.0004474024462979287
HCFC1	FGGY	0.0004471914144232869
IKZF1	SCARF1	0.0004460159398149699
RPA1	FUCA2	0.0004457550239749253
HCFC1	GFM1	0.0004457024042494595
ELF1	FEM1A	0.00044533697655424476
RPA1	AFAP1L1	0.00044533106847666204
WDR5	NPTN	0.0004452940484043211
MYC	AKAP8L	0.0004421770281624049
RPA1	SNAP47	0.00044208840699866414
RAD21	GYS1	0.000442040414782241
NFAT5	TIFAB	0.00044203849392943084
RPA1	HACD3	0.0004415501025505364
GFI1B	PFKP	0.00044141896069049835
HCFC1	ISYNA1	0.0004412375274114311
WDR5	NAA50	0.0004406250372994691
RAD21	CFP	0.0004402854247018695
WDR5	KCTD20	0.0004401551850605756
SATB1	FEM1A	0.00044004645314998925
IKZF1	PNCK	0.00043970096157863736
HCFC1	SRM	0.00043939551687799394
STAT2	CTPS	0.000439182244008407
HDAC2	MINDY3	0.0004389943787828088
RAD51	SORT1	0.00043767091119661927
GFI1B	RARB	0.0004376282449811697
GFI1B	CS	0.00043746180017478764
RPA2	SNHG5	0.0004359582671895623
ELF1	BCAP29	0.00043542281491681933
NFAT5	AI506816	0.00043484597699716687
IRF8	SGCE	0.0004344749904703349
GFI1B	RPS6KA5	0.00043408156489022076
RPA1	GNG2	0.00043286793516017497
RPA2	EIF1AD	0.0004326836788095534
RAD21	PAK1	0.0004326067864894867
RAD51	USP10	0.0004325582995079458
HCFC1	NR3C2	0.0004322275926824659
HCFC1	LY6C2	0.00043102240306325257
RPA1	ADO	0.00043081253534182906
RAD51	EAF1	0.00043001375161111355
GFI1B	FASTKD3	0.0004294200916774571
IKZF1	GIMAP5	0.00042913909419439733
SPI1	SOX18	0.00042896447121165693
HDAC2	ERCC8	0.00042883583228103817
IRF8	FAM189B	0.00042832863982766867
IKZF1	CDC6	0.00042769379797391593
RAD21	IGSF6	0.0004272856458555907
MYC	FLNB	0.0004270506906323135
WDR5	STAG2	0.00042694705189205706
MEIS1	CBX5	0.00042675755685195327
ELF1	ERGIC1	0.0004265987081453204
HDAC2	CEP55	0.0004262866859789938
HCFC1	MPL	0.00042600653250701725
RPA2	KAT7	0.00042586843483150005
RAD51	RANGAP1	0.0004257642140146345
CBFB	MAMDC2	0.0004255979729350656
STAT2	LACTB	0.0004254570521879941
HCFC1	SF3B3	0.0004242852737661451
HCFC1	CD74	0.00042416268843226135
ELF1	HDAC11	0.0004236430686432868
RAD51	NMD3	0.0004231959755998105
HDAC2	ADAM17	0.00042290345299988985
RAD21	LACTB	0.00042249573743902147
IKZF1	RUNX1T1	0.00042246890370734036
RPA2	MRPL20	0.00042242309427820146
MYC	NUP155	0.0004223900323268026
SATB1	MMRN1	0.0004222314164508134
GFI1B	PSME3	0.00042157983989454806
HDAC2	CERS6	0.00042127096094191074
RAD51	ARL6IP6	0.00042115122778341174
CBFB	TLE2	0.00042106094770133495
JUN	MPO	0.0004205294535495341
CBFB	HEXA	0.0004202719428576529
IRF8	ERCC8	0.00041955639608204365
GFI1B	NASP	0.00041923674871213734
HCFC1	FARSA	0.0004184739082120359
CBFB	PIP4K2A	0.0004182763514108956
HDAC2	IRF7	0.0004179053648840636
IRF8	PLAG1	0.00041724464972503483
CBX7	SPTBN1	0.0004169271560385823
RPA1	RGS2	0.0004166701983194798
IKZF1	SLC29A1	0.00041661952855065465
IKZF1	DEF8	0.0004163433623034507
HDAC2	PRELID3B	0.00041624350706115365
IRF8	CNRIP1	0.0004159313684795052
HCFC1	TM7SF3	0.0004158990050200373
HCFC1	MCM2	0.00041556311771273613
RAD21	NCLN	0.00041537429206073284
RPA2	RASA4	0.00041510045411996543
RPA1	SLC26A2	0.0004138311487622559
SPI1	SALL2	0.0004136512288823724
HDAC2	JUN	0.0004124095430597663
CBFB	TSPAN3	0.00041190243791788816
MYC	CBX5	0.000410063803428784
MEIS1	SGO1	0.0004098934878129512
CBFB	DENND2D	0.00040982908103615046
HDAC2	GK	0.0004096438060514629
RAD21	ALAS1	0.00040947855450212955
JUN	ARID2	0.000409372994909063
HDAC2	MPZL1	0.0004091983428224921
HDAC2	PSTPIP1	0.0004086987755727023
SPI1	MAGED2	0.00040857636486180127
RPA2	HUS1	0.00040856178384274244
RPA1	CSF1R	0.00040839490247890353
NFAT5	ITGAL	0.00040835965774022043
CBFB	GPD1L	0.0004082712985109538
WDR5	HP	0.00040790659841150045
RAD51	CD44	0.0004078045312780887
MYC	RTEL1	0.0004074634634889662
RAD21	PRSS57	0.00040726197767071426
RPA1	ST6GALNAC4	0.0004070645954925567
JUN	KNSTRN	0.0004069368587806821
RAD51	PLXDC2	0.00040693674236536026
MYC	TMEM43	0.00040681601967662573
IRF8	STRAP	0.00040622061351314187
WDR5	TMX3	0.0004059573111589998
SATB1	HDC	0.0004058989288751036
SPI1	ORC2	0.00040573676233179867
SATB1	OBSL1	0.0004053041338920593
IRF8	SERPINB1A	0.00040500753675587475
RPA1	COLGALT1	0.0004047806141898036
IRF8	SERPINB6B	0.0004047068068757653
MYC	EYA2	0.0004044818924739957
IRF8	IFRD2	0.00040364888263866305
GFI1B	FCGR3	0.0004036362806800753
CBFB	CLN5	0.00040277597145177424
WDR5	PIK3IP1	0.00040273574995808303
IRF8	IL27RA	0.00040264110430143774
SATB1	ATP6AP1	0.0004023401706945151
SATB1	TINAGL1	0.0004021742788609117
IKZF1	TIMP2	0.0004017066676169634
RPA1	CTC1	0.00040044740308076143
RAD51	GSR	0.00040015176637098193
RPA1	ARFGEF2	0.00040011300006881356
GATA2	UHRF1	0.0003998565371148288
SATB1	APBB1	0.00039984204340726137
RPA2	CYFIP2	0.00039973860839381814
IKZF1	SERPINA3G	0.00039966724580153823
RAD21	MCOLN2	0.00039896732778288424
RPA1	TPX2	0.0003988395328633487
JUN	SDF2L1	0.0003986811498180032
HDAC2	PHF6	0.0003982113557867706
HDAC2	NWD1	0.0003977948217652738
SPI1	ATAD2	0.00039744056994095445
WDR5	NDRG2	0.00039720992208458483
RPA2	KCTD12	0.0003968182427342981
WDR5	PCLAF	0.00039669981924816966
RAD51	GPR65	0.00039615301648154855
RAD51	GGTA1	0.00039600225863978267
RAD51	ATP11C	0.0003958440211135894
IRF8	SEC23IP	0.0003950350801460445
MYC	RGCC	0.0003948935482185334
RPA2	CCNB1	0.00039444025605916977
GFI1B	FEM1A	0.0003938078589271754
MYC	IL27RA	0.0003936768916901201
RAD21	SLC35A4	0.00039288384141400456
GFI1B	SOAT1	0.0003920646267943084
WDR5	GRINA	0.00039173822733573616
MYC	ANXA5	0.00039129622746258974
MYC	MFSD14B	0.0003911561507266015
HDAC2	KIF20B	0.00039089767960831523
MYC	SLC18A2	0.00039072122308425605
CBFB	CREBRF	0.0003905612975358963
GFI1B	CCL9	0.0003903848410118371
GATA2	WDR4	0.00039012753404676914
HCFC1	SARAF	0.00038944798870943487
RPA2	ITGAL	0.0003891429223585874
IKZF1	SLC18A2	0.0003890603256877512
GFI1B	CDCA3	0.00038901768857613206
RPA1	NDUFA10	0.00038804480573162436
MYC	HDGFL3	0.0003876920964103192
RPA1	EAF1	0.0003873252135235816
IKZF1	DUS1L	0.0003869430802296847
GFI1B	IL6ST	0.00038688050699420273
HDAC2	TBC1D2B	0.00038669659988954663
RPA2	ERCC8	0.00038633766234852374
SPI1	KLF6	0.00038626609602943063
RPA2	1700017B05RIK	0.00038613376091234386
ELF1	MTMR1	0.00038608189788646996
HDAC2	BUB1	0.00038586597656831145
RAD51	KCNQ1OT1	0.00038559967651963234
MYC	SGPP1	0.00038503549876622856
SATB1	MAPK12	0.00038489032885991037
JUN	TRMT6	0.00038452143780887127
IKZF1	ANXA5	0.0003839581913780421
WDR5	LGALS1	0.00038295300328172743
MYC	EML4	0.0003829417109955102
HCFC1	MYCN	0.0003827704640571028
MYC	HMGB2	0.000382668076781556
RPA2	FGFR1OP	0.00038242278969846666
RPA1	SDF2L1	0.0003821666759904474
SPI1	ABITRAM	0.000382077821996063
WDR5	LTB	0.0003819844569079578
IRF8	PYGM	0.00038154757930897176
RAD21	CNIH1	0.0003814994415733963
ELF1	CD63	0.0003808273177128285
MYC	OAS3	0.0003807607281487435
GFI1B	JPT1	0.00038049646536819637
SPI1	SMPD4	0.0003803404397331178
HDAC2	4833439L19RIK	0.00037978027830831707
RPA1	HMGB3	0.0003793828946072608
RPA2	NAPRT	0.00037906348006799817
RAD51	FASTKD3	0.00037871371023356915
GFI1B	CD34	0.00037810864159837365
HCFC1	MXD3	0.0003779625112656504
RPA2	ACAA2	0.0003777952224481851
IKZF1	SNAP23	0.00037734152283519506
HDAC2	SESN1	0.00037730237818323076
GFI1B	POLA2	0.0003769107861444354
SPI1	NUDT4	0.00037688182783313096
RPA2	MTCH2	0.0003767208254430443
RAD21	PNCK	0.0003767165762837976
ELF1	SLFN2	0.00037644285475835204
HDAC2	PPM1F	0.0003761491971090436
IRF8	GM4759	0.0003758004168048501
WDR5	CERK	0.000375694187823683
RPA1	GPRASP1	0.00037551543209701777
HCFC1	CYP4V3	0.0003754819626919925
GATA2	CYP2J6	0.0003752546035684645
ELF1	NDC1	0.00037517593591473997
JUN	CCL9	0.000375167845049873
IRF8	ADAM17	0.00037506764056161046
HCFC1	PLSCR4	0.0003747607988771051
IRF8	FLNB	0.0003746884176507592
ELF1	VIPR2	0.00037428882205858827
SATB1	CDC45	0.0003736376529559493
SPI1	PHF6	0.00037348910700529814
WDR5	GRIA3	0.00037334649823606014
RPA2	GBP7	0.00037254850030876696
RAD51	NAMPT	0.00037179459468461573
GFI1B	CIP2A	0.00037164505920372903
MEIS1	GPR160	0.0003712211037054658
RPA1	IFI203	0.0003711851895786822
HDAC2	B230219D22RIK	0.0003706149000208825
SPI1	IIGP1	0.0003700043889693916
HDAC2	BACE1	0.0003695509512908757
WDR5	NCAPG	0.0003693447506520897
MYC	DENND1C	0.0003688553115352988
HDAC2	SVIP	0.0003683143586385995
RAD51	HDAC2	0.0003668766876216978
GFI1B	PDIA4	0.0003663224051706493
RAD21	SHISA5	0.00036584382178261876
MEIS1	BUB1B	0.000364958425052464
WDR5	IRF8	0.00036495106178335845
HCFC1	ZDHHC13	0.00036418752279132605
SPI1	NAPRT	0.0003640579816419631
SATB1	TCF19	0.00036394697963260114
RPA2	B3GNT5	0.0003635977045632899
HCFC1	LTB	0.00036327747511677444
ELF1	MYL10	0.0003632411826401949
IRF8	PBX1	0.0003632130101323128
GFI1B	DUT	0.0003628968261182308
MEIS1	CCNB1	0.0003625553217716515
RPA2	SLC35E1	0.00036250436096452177
IRF8	UBA7	0.0003621067153289914
WDR5	ATP10A	0.0003617838374339044
WDR5	SERPINA3G	0.00036133715184405446
CBFB	PARP8	0.0003608331608120352
MEIS1	TRIM16	0.00036040303530171514
RPA2	CKAP2	0.0003603023651521653
MYC	CD68	0.0003601298085413873
MYC	ACSS1	0.00035984368878416717
HDAC2	SLC39A6	0.0003592737193685025
SPI1	NUP107	0.00035892249434255064
RAD21	POLA2	0.0003581265336833894
RPA1	NECAP2	0.0003558871103450656
RPA2	RCOR1	0.00035499941441230476
IKZF1	PRTN3	0.00035449553979560733
RPA1	LONP1	0.0003543472266755998
RAD21	MFSD10	0.00035407586256042123
IRF8	VIPR2	0.0003536221047397703
RAD21	NAPSA	0.00035360950278118253
HCFC1	RNF122	0.00035335507709532976
ELF1	FAM91A1	0.00035311118699610233
WDR5	TNFRSF13C	0.0003530198009684682
HDAC2	ABCE1	0.00035284532350488007
ELF1	RORC	0.0003526747750584036
RPA2	CEP55	0.00035261313314549625
SATB1	MAMDC2	0.0003522683691699058
RPA2	TFRC	0.0003520278842188418
RAD51	NADK	0.00035179080441594124
HCFC1	SULT1A1	0.0003515255230013281
HDAC2	IL6ST	0.0003513287228997797
RAD51	HYOU1	0.0003507095680106431
CBFB	CASP1	0.00035060103982686996
SPI1	JCHAIN	0.0003505021159071475
RPA1	EFCC1	0.0003500727762002498
HCFC1	INTS13	0.000349409383488819
IRF8	CAD	0.00034926930675283074
RAD51	GMCL1	0.0003492083342280239
IRF8	CTSF	0.00034904759377241135
RAD21	CDKN1C	0.00034900641185231507
MYC	NFIA	0.0003479905135463923
HCFC1	EBI3	0.0003478173166513443
SPI1	F11R	0.0003476251440588385
SPI1	CCNB1	0.000347559223882854
RPA2	CSF3R	0.0003475217963568866
RPA2	NUP88	0.0003472937678452581
RPA1	PLEK	0.0003472713869996369
ELF1	CD9	0.00034686343860812485
SATB1	NAP1L3	0.00034672569017857313
IRF8	NCAPG	0.0003467089554760605
HDAC2	NARS	0.0003461320302449167
WDR5	FCER1G	0.00034572803997434676
IRF8	NCAPG2	0.0003456671838648617
JUN	TSPOAP1	0.0003455173864495009
HDAC2	SLC30A5	0.00034526074887253344
RAD51	MILR1	0.0003451239608693868
IKZF1	TEAD2	0.000345042091794312
RAD21	EPSTI1	0.0003446372284088284
RPA2	UBAC1	0.00034459796734154224
GFI1B	NDC1	0.00034459432936273515
WDR5	ARMT1	0.00034442514879629016
RPA1	BACE1	0.0003443811438046396
RPA1	SPPL2B	0.00034356172545813024
RAD51	TSPAN3	0.00034339181729592383
RAD21	CSGALNACT1	0.00034302397398278117
RPA2	KLF6	0.0003428347408771515
GFI1B	FLNB	0.0003423995221965015
WDR5	USP14	0.00034239483647979796
HDAC2	UNC93B1	0.00034232516190968454
RAD21	LAP3	0.0003419106942601502
WDR5	SLFN2	0.00034104130463674664
RPA2	CD274	0.0003409632481634617
RPA1	IRF8	0.00034083673381246626
ELF1	TTF2	0.0003405223542358726
RPA1	FLT3	0.00034049825626425445
NFAT5	SNHG5	0.0003404390881769359
HDAC2	TM6SF1	0.0003401155991014093
RPA1	ITGAL	0.0003399820125196129
RPA1	CST7	0.0003394555242266506
CBFB	CDK18	0.0003392227226868272
IRF8	IL21R	0.00033907676697708666
MYC	DLST	0.000339060730766505
HCFC1	RABGGTB	0.00033837021328508854
ELF1	TLE2	0.0003381501301191747
IKZF1	CD63	0.0003377990797162056
SPI1	DUSP1	0.0003376860695425421
RAD21	PTPN7	0.00033754055039025843
RAD51	ORC2	0.0003374541411176324
RAD51	GM20559	0.0003372663340996951
CBFB	CYP2J9	0.00033700509811751544
IKZF1	PROCR	0.0003356703673489392
CBFB	ACOX1	0.0003352247003931552
NFAT5	GEMIN5	0.0003347042656969279
ELF1	TIMP2	0.0003340983239468187
RAD51	SHISA8	0.00033397984225302935
ELF1	SNAP47	0.00033378202351741493
RPA2	VAV1	0.0003334431385155767
GATA2	RPP40	0.0003334282082505524
RAD21	VAV3	0.0003334091743454337
RAD21	GOLIM4	0.0003333415079396218
WDR5	SLC7A4	0.00033321979572065175
RPA2	TMEM43	0.0003327758749946952
RPA2	FARSA	0.0003319213865324855
WDR5	SZT2	0.00033163675107061863
IRF8	NDC1	0.00033040306880138814
RPA1	OBSCN	0.0003303923294879496
IRF8	RHOF	0.00032988449675031006
NFAT5	DCAF13	0.0003296530630905181
RAD21	SPO11	0.00032959625241346657
HDAC2	JAM3	0.00032913777977228165
SATB1	IRF6	0.000329101545503363
RAD21	TMEM97	0.0003286530845798552
RPA2	SERPINB1A	0.0003286407154519111
RAD51	PTGS1	0.00032862622174434364
SATB1	MLLT3	0.00032802176428958774
GFI1B	ANXA3	0.0003279753727838397
RAD21	USP14	0.00032783293863758445
IRF8	NOL9	0.00032762158662080765
SPI1	MTR	0.000327339832438156
SPI1	MAML3	0.0003272604080848396
RPA1	SLA2	0.00032720225863158703
HDAC2	APBB1	0.0003265191044192761
IRF8	E2F8	0.00032624692539684474
WDR5	CAMK2D	0.00032611200003884733
STAT2	DDX1	0.0003259918303228915
ELF1	TMX4	0.0003258196811657399
IRF8	PSAT1	0.000325685425195843
IKZF1	SULT1A1	0.00032515948987565935
RPA1	PFKP	0.00032444519456475973
HDAC2	HDAC7	0.0003230540896765888
RPA2	LGALS1	0.0003229512949474156
RPA2	PRDM16	0.0003228054556529969
RPA1	FTSJ3	0.00032259419094771147
HDAC2	ACSS2	0.0003225026302970946
RPA2	USP42	0.0003222388040740043
RAD21	ATP1B3	0.00032209514756686985
RAD51	TRIM35	0.0003212709561921656
RPA1	UBR7	0.00032110634492710233
RPA1	PLAG1	0.00032036795164458454
RAD21	MCM2	0.0003199043567292392
SPI1	ECT2	0.00031978567130863667
RPA1	CKAP2L	0.00031960365595296025
HCFC1	SMPDL3A	0.0003186909307260066
JUN	ODC1	0.00031866718200035393
JUN	GMCL1	0.00031862265313975513
RAD51	API5	0.0003184924426022917
RAD51	DENND1C	0.00031847780337557197
RPA1	SLPI	0.000317398487823084
RPA1	IL17RA	0.0003166531678289175
IRF8	SPCS3	0.0003164751105941832
SATB1	NUPR1	0.00031638905056752264
HCFC1	SGMS1	0.00031630508601665497
RPA2	YPEL3	0.0003161164640914649
RAD51	KIF13A	0.00031606495031155646
HCFC1	ZFP322A	0.0003158158215228468
HDAC2	CD244A	0.00031571529689244926
IKZF1	CD63-PS	0.00031543103978037834
IRF8	SARAF	0.0003153367433696985
RAD21	NOLC1	0.00031496796873398125
RPA1	HSPA1A	0.00031490143737755716
MYC	DNAJC10	0.00031450699316337705
CBFB	LMAN2L	0.00031434002448804677
RAD51	CALCRL	0.0003142144705634564
HCFC1	REXO4	0.0003133503196295351
RPA2	GFM1	0.00031315971864387393
HCFC1	NAP1L3	0.00031284731812775135
WDR5	SORT1	0.0003125159128103405
WDR5	FSTL1	0.0003124802897218615
WDR5	MTMR4	0.00031178651261143386
ELF1	FASTKD2	0.00031121031497605145
GFI1B	CUL3	0.0003110479738097638
HDAC2	SLC35B4	0.0003104427014477551
HDAC2	GM1966	0.0003104421484749764
ELF1	LDHB	0.0003103553899563849
MEIS1	HMGB2	0.0003094609419349581
GFI1B	FLOT2	0.0003090265381615609
CBFB	RCOR1	0.0003087479854002595
IRF8	ARFGEF2	0.0003086538054049015
RPA1	MAPK1	0.0003084244963247329
IRF8	PRDM16	0.0003081473696511239
HCFC1	YPEL3	0.0003081242321059108
CBX7	TYMS	0.00030788249569013715
HDAC2	TMEM33	0.00030768450233154
RAD51	MRPL20	0.0003074443666264415
RPA2	DUS1L	0.0003072381077799946
SPI1	SGMS1	0.0003071814717259258
GFI1B	UMPS	0.0003067641519010067
SPI1	GM11346	0.00030648501706309617
RPA1	S100A6	0.00030627648811787367
NFAT5	NASP	0.00030621266341768205
ELF1	ABCG3	0.00030590547248721123
RAD21	IGTP	0.0003056023851968348
IRF8	ADORA2A	0.00030555130797438323
WDR5	H1F0	0.00030547648202627897
SATB1	CDC6	0.00030545744812116027
IRF8	INO80D	0.00030540235457010567
WDR5	MYO5A	0.0003051248495467007
JUN	SLC28A2	0.0003041132295038551
RPA1	GMIP	0.0003039688745047897
RPA2	BPIFC	0.00030363723635673523
CBFB	API5	0.0003026527992915362
RPA2	MINDY3	0.00030250605777837336
ELF1	TRP53I11	0.0003022075106855482
WDR5	TBC1D2B	0.00030202764901332557
RAD21	CYP2J6	0.0003015482798218727
RAD51	ETF1	0.00030016215168870986
RAD51	SELL	0.000299959589028731
WDR5	GIMAP8	0.00029930382152087986
HDAC2	IL17RA	0.00029854034073650837
RPA2	LSP1	0.0002983507001772523
RAD21	CHRNB1	0.0002983045997098088
IKZF1	RABGGTB	0.00029730581445619464
GFI1B	RB1	0.00029629244818352163
HDAC2	BPIFC	0.00029557530069723725
HCFC1	LAPTM4B	0.0002952765498775989
MEIS1	SDF2L1	0.0002952333015855402
JUN	POLR2B	0.0002951024507638067
MYC	CASP12	0.00029509601881727576
MYC	GSR	0.0002948051842395216
GATA2	NUAK2	0.00029471321613527834
CBFB	FCGRT	0.0002944573061540723
NFAT5	EIF2S1	0.0002942727296613157
WDR5	IFI30	0.00029426629771478474
RAD51	FLT3	0.0002941918792203069
IRF8	CDCA5	0.0002939694677479565
ELF1	PLSCR4	0.00029376696329563856
RPA1	TOPORS	0.0002936950186267495
RAD51	SPPL2B	0.0002932462084572762
GFI1B	OSGIN1	0.0002930755144916475
CBFB	SLC25A38	0.0002930362243205309
SPI1	CENPE	0.00029289102531038225
MYC	NFATC2	0.0002927177702076733
WDR5	EMB	0.0002917497477028519
CBFB	PRKCQ	0.00029150524642318487
RPA2	4833439L19RIK	0.00029127681045792997
RPA2	MIS18BP1	0.00029126618755981326
JUN	NUF2	0.00029078192892484367
WDR5	CS	0.0002897618687711656
RPA1	ACAA2	0.0002897238591685891
WDR5	PDE4B	0.0002897204249165952
MYC	IRF9	0.00028921954799443483
RPA1	WDR55	0.0002889844763558358
HCFC1	GMIP	0.0002889839524868876
RPA1	RAB38	0.0002884877612814307
RAD51	URB2	0.0002883043489418924
IRF8	DNAJC11	0.0002881215768866241
HDAC2	PARP8	0.00028807835769839585
RPA1	DDX39	0.00028678198577836156
RPA2	ADAM17	0.0002862303808797151
HCFC1	NFATC2	0.0002860359672922641
HCFC1	GNL3	0.0002858839288819581
ELF1	ARRDC4	0.00028581402148120105
SPI1	ACOX3	0.0002856080245692283
SATB1	TBXAS1	0.0002855175989679992
SATB1	GBP7	0.00028521771309897304
RAD21	PTCD3	0.0002849895681720227
RAD51	SERPINB9	0.00028462213231250644
SATB1	PTGS1	0.00028413874679245055
NFAT5	POLA2	0.00028407294303178787
WDR5	PRKCQ	0.00028389666113071144
HCFC1	EIF3B	0.0002838351938407868
SATB1	GPR160	0.00028366802143864334
RAD51	TSPAN2	0.00028358164126984775
RPA2	DNAJC5	0.00028345483588054776
GFI1B	NUP88	0.0002831497404258698
RAD51	PRDM16	0.0002831363526638597
MYC	DDX58	0.00028298786492086947
SPI1	CDCA3	0.00028273259522393346
RPA1	SLC19A1	0.00028222519904375076
IRF8	SHMT1	0.0002820822992362082
HDAC2	ORC2	0.0002815828484017402
HCFC1	CYP2J6	0.0002809100551530719
IRF8	CKS2	0.0002805441617965698
HDAC2	PIP4K2A	0.0002804621180985123
HCFC1	TCN2	0.0002802316448651254
SPI1	GP9	0.00028012043912895024
HCFC1	TOMM70A	0.0002800416841637343
RPA2	PEAR1	0.00027977622812613845
RAD51	RORA	0.0002790357975754887
CBFB	ATF7	0.00027831969782710075
RAD51	BPIFC	0.00027829475584439933
IRF8	EFCC1	0.00027821268304251134
RAD21	SCARB1	0.00027789335581474006
RAD21	SERPINB9	0.00027769635198637843
GFI1B	GCLC	0.000277695304248482
SPI1	LIG1	0.0002763529191724956
HDAC2	ALDH18A1	0.000275833677733317
RAD51	OSTM1	0.00027531685191206634
RPA1	EGR1	0.00027405450236983597
WDR5	MIS18BP1	0.0002733487344812602
IRF8	RAD21	0.0002732856955844909
RPA1	TIMM29	0.00027319189393892884
WDR5	RBPMS	0.00027250120183452964
WDR5	NCAPH	0.0002721936034504324
HCFC1	FCHO2	0.0002714208385441452
RPA2	NOL9	0.00027123658219352365
CBFB	TMX4	0.0002704740036278963
MYC	GM20559	0.0002698324096854776
HCFC1	UBR7	0.0002689561515580863
RAD21	SESN1	0.000268353644059971
RAD51	ZDHHC6	0.00026806132518686354
HCFC1	MCM6	0.0002674396673683077
MYC	NEURL3	0.0002674162678886205
WDR5	PEAR1	0.0002673850394785404
ELF1	TINAGL1	0.00026714650448411703
RPA2	GANAB	0.0002655964344739914
RAD51	ADSL	0.0002655490825418383
RPA1	FUT7	0.0002654681447893381
CBFB	GIMAP8	0.0002642469189595431
RPA2	TM7SF3	0.000264026690274477
SATB1	C1RL	0.00026385480305179954
CBFB	MSMO1	0.0002638532896526158
RPA2	TOP3B	0.00026385069941170514
RPA1	MAP4K2	0.0002638264559209347
RPA2	SEC23IP	0.00026351423002779484
MYC	IRF8	0.0002634890261106193
JUN	DPP8	0.000263283058302477
SPI1	CIP2A	0.0002630444068927318
HDAC2	ADGRG3	0.000262814195593819
WDR5	NDUFA10	0.0002624545886646956
HDAC2	ARHGEF39	0.0002623561886139214
IRF8	OSBPL1A	0.0002622684114612639
NFAT5	CTSZ	0.00026109276222996414
RAD51	STXBP4	0.0002609266375657171
IRF8	MIR99AHG	0.00026064185658469796
HCFC1	RARS	0.0002603979373816401
RAD21	NDRG1	0.00025976618053391576
WDR5	CENPE	0.0002596458944026381
MYC	BTG2	0.0002582844172138721
ELF1	ZBTB38	0.0002578634303063154
STAT2	PPID	0.00025784739409573376
SPI1	PSME4	0.00025718615506775677
IRF8	DDX60	0.0002571615041233599
HDAC2	FES	0.00025578142958693206
NFAT5	MOGS	0.0002557199914008379
RPA1	SGCE	0.00025467900559306145
RAD21	GRINA	0.0002537928812671453
RPA2	DHX33	0.0002531387726776302
HDAC2	TIE1	0.0002529824851080775
RAD51	NDN	0.00025275617372244596
JUN	SPC25	0.0002526106545701623
RAD21	XPNPEP1	0.0002523785806261003
RPA1	WDR43	0.0002518060791771859
RPA1	ABCB10	0.00025069614639505744
CBX7	PRTN3	0.0002506272285245359
RAD21	CD68	0.0002506108721718192
ELF1	HELLS	0.00025052123237401247
RPA2	IFI203	0.0002505031297914684
JUN	BUB1	0.000250501383561641
CBFB	CD93	0.0002494289365131408
RAD51	FLNA	0.000249426462687552
RPA2	CSE1L	0.00024881825083866715
RAD51	MYCN	0.0002483606804162264
RAD21	NOP2	0.00024820290855132043
RPA2	DOCK10	0.0002480895782355219
RPA2	CYP2J9	0.0002479517715983093
GFI1B	AP3S1	0.00024683939409442246
IRF8	EPAS1	0.0002464195713400841
RPA1	ARHGEF39	0.0002460407267790288
JUN	KIF11	0.0002457545488141477
MYC	NDE1	0.00024543123436160386
RAD21	DENND2D	0.0002447295992169529
WDR5	IRF6	0.00024432409554719925
RAD21	SLC16A1	0.0002443179255351424
WDR5	PLXDC2	0.00024426562595181167
WDR5	GM8113	0.00024404514988418669
IRF8	GRINA	0.0002440075622871518
CBFB	GBP7	0.000243721209699288
STAT2	PRIM2	0.00024341302923858166
RAD51	TEC	0.0002432303299428895
HCFC1	MFNG	0.0002420251112198457
RPA1	ZFP451	0.0002418623334961012
IRF8	E2F4	0.00024135920102708042
GFI1B	RRM2	0.0002407597639830783
WDR5	CCL4	0.00024053598463069648
RPA2	ATAD1	0.00023957500525284559
MYC	UBAC1	0.00023954830248840153
ELF1	CREB5	0.000239122862694785
ELF1	NEURL3	0.00023910914023872465
RAD21	SELENBP1	0.0002387055428698659
ELF1	SULT1A1	0.000238661072216928
IRF8	F2R	0.0002384027320658788
WDR5	SSH3	0.00023810641141608357
RPA2	C030034L19RIK	0.00023804331431165338
HCFC1	PFKFB3	0.00023787803365848958
RPA1	BC035044	0.00023714193957857788
RPA1	MBNL3	0.000236959065659903
SATB1	PCLAF	0.00023693323601037264
RAD51	SPNS3	0.00023683914332650602
RPA2	SLC30A5	0.0002367711131228134
MYC	KCNK5	0.0002365942782489583
RAD51	MYL10	0.00023560355475638062
RAD51	SNRPB	0.00023560330737382174
NFAT5	TYROBP	0.00023521170078311116
WDR5	IDH1	0.00023481520474888384
IKZF1	LHCGR	0.00023473908368032426
GFI1B	MCM10	0.0002345328830415383
WDR5	NAP1L3	0.00023437461641151458
HCFC1	TSPAN14	0.00023352123389486223
NFAT5	PLA2G15	0.0002334845339646563
RAD21	OBSCN	0.00023333441640716046
RPA2	BTK	0.00023316708393394947
MEIS1	ACOX3	0.00023228433565236628
SPI1	FGGY	0.00023187106125988066
WDR5	SDC4	0.00023163086734712124
HDAC2	ARID5A	0.0002314762386959046
WDR5	ATP8B4	0.00023143881116993725
RAD51	PADI4	0.00023068199516274035
RAD21	CD74	0.00023049181618262082
ELF1	THADA	0.00023042158863972872
RPA2	FSTL1	0.00023023952962830663
RPA2	SALL2	0.00023020166554488242
HDAC2	TRIM47	0.00023015643819235265
SATB1	TRIB3	0.00023014366161078215
SPI1	GARS	0.00023003151000011712
RPA1	GCLC	0.00022955531312618405
SPI1	PRKCQ	0.0002295384620083496
ELF1	F13A1	0.00022938793699722737
RPA2	KCNK5	0.00022927722602616996
MYC	TIMP2	0.00022918498143553734
RPA2	SOCS2	0.00022899142641108483
GFI1B	CREB5	0.00022895386791788042
SATB1	PRKCQ	0.00022870847897138447
SATB1	ABCG3	0.0002280664921272546
WDR5	IKZF1	0.00022780190920457244
ELF1	DENND1C	0.00022721782443113625
HCFC1	IL27RA	0.00022694040671922266
IRF8	GCLC	0.00022685543808620423
WDR5	NUSAP1	0.00022675162472296506
GFI1B	NUP107	0.0002266996743855998
WDR5	AURKB	0.00022618647199124098
RAD21	SUSD3	0.00022600937518291175
WDR5	SOCS2	0.00022586480190511793
RPA1	FAM76B	0.00022574872127734125
HDAC2	PRSS57	0.00022539906785823405
RPA1	FOXRED1	0.00022419939341489226
IRF8	MCOLN2	0.00022411608370020986
SPI1	NCAPD2	0.0002236968430224806
RAD21	CLEC4E	0.00022369346697814763
HDAC2	FOXRED1	0.0002236141444882378
IRF8	CKS1B	0.00022293611255008727
HDAC2	CD69	0.0002224109775852412
SPI1	TGFBR1	0.0002215264248661697
SPI1	SUSD3	0.00022100268688518554
RAD51	NOP2	0.0002206390054197982
HDAC2	PBX1	0.00022062518110033125
SPI1	IFI30	0.00022012065164744854
IKZF1	S100A6	0.0002183744654757902
RPA1	GTF2H1	0.00021833463688381016
HDAC2	CKAP5	0.00021790598111692816
NFAT5	RAB44	0.0002178216091124341
RPA2	LY86	0.000217775086639449
HDAC2	EML4	0.000217724809772335
RAD21	GM4951	0.0002175949193770066
ELF1	SLC2A3	0.0002170965017285198
GFI1B	TRIM16	0.00021684203238692135
ELF1	EYA2	0.0002167348429793492
HDAC2	GM4759	0.00021628978720400482
MYC	TM7SF3	0.0002162524760933593
HDAC2	LMAN2L	0.00021606289374176413
SATB1	SPO11	0.00021580829343292862
RPA2	RARS	0.0002155421971110627
STAT2	SFXN1	0.0002153903478756547
IKZF1	HSPA4	0.00021534966072067618
HCFC1	IL21R	0.00021528011711779982
MYC	NUP93	0.0002144994941772893
RPA2	CLN5	0.00021446710161399096
CBFB	PHF11B	0.0002142282173736021
RPA2	PPM1F	0.00021391715563368052
WDR5	SGCE	0.00021385036234278232
JUN	EIF1AD	0.0002138046402251348
RPA1	SLC44A2	0.00021368100715335459
RPA2	TGFBR1	0.00021343899425119162
RPA1	UNC93B1	0.00021342920081224293
RPA1	AI504432	0.00021336897043511271
GFI1B	TOR3A	0.00021255912724882364
WDR5	ARL11	0.00021243200171738863
MEIS1	LGALS1	0.00021189212566241622
WDR5	TXNIP	0.00021174144058022648
HDAC2	SUPV3L1	0.0002116612158715725
IRF8	BDH2	0.00021152431145310402
MYC	H2-Q6	0.00021110527450218797
RAD51	GK	0.00021109117369633168
RAD51	H2-OB	0.0002103342121699825
HDAC2	TNFRSF13C	0.00020988353935535997
MYC	SLC37A1	0.0002093784132739529
HDAC2	PCLAF	0.0002093060757033527
RPA2	PWP2	0.00020926829893141985
WDR5	ITSN1	0.00020864813996013254
CBFB	SUSD3	0.00020849285647273064
HCFC1	TMEM154	0.00020832287555094808
HDAC2	UBL4A	0.00020825157116632909
HCFC1	NOLC1	0.00020818502525798976
WDR5	TIMP2	0.0002080669510178268
RPA1	PIP4K2A	0.0002080218546325341
RAD21	FDFT1	0.000207798759220168
HCFC1	XAF1	0.00020649824000429362
WDR5	ROBO4	0.00020605148165486753
RAD51	EIF2S1	0.00020531576592475176
RPA2	ATP13A1	0.00020525902800727636
RPA1	RARS	0.00020512858463916928
RPA1	SPTBN1	0.00020461264648474753
JUN	5430427O19RIK	0.00020455663616303355
ELF1	FSTL1	0.0002043305867118761
ELF1	C1RL	0.00020398256310727447
RPA2	STAT2	0.00020365891396068037
RPA1	SULT1A1	0.00020299485186114907
CBFB	SARAF	0.00020255608251318336
RPA2	PLAG1	0.00020254545961506665
HCFC1	ZBTB20	0.00020223249157425016
IRF8	PLSCR4	0.00020161927386652678
RAD51	SF3B3	0.00020160000713076442
IRF8	SLA2	0.0002011786273214966
HCFC1	WDR4	0.00020112654601689428
MEIS1	CD68	0.00020098745881114155
CBFB	POR	0.00020084732386749238
IRF8	HDGFL3	0.00020033032342325896
MYC	GMIP	0.00020009790023323148
WDR5	C1RL	0.00019988295389339328
HDAC2	TRIM16	0.0001998653751797974
RPA2	PTGS1	0.00019859150052070618
HDAC2	TMEM184C	0.00019847843213938177
RPA2	UTP4	0.0001984040136449039
HCFC1	FTSJ3	0.00019783845345955342
MYC	CYBC1	0.00019762557349167764
MYC	PNCK	0.0001967324933502823
RAD51	EPSTI1	0.00019670474284794182
RPA2	PDIA4	0.000196508364751935
RAD51	TECPR1	0.00019640190294012427
WDR5	OTULINL	0.00019623333355411887
GATA2	HAAO	0.0001961603556992486
GFI1B	NRROS	0.0001960960653377697
HDAC2	RPAP1	0.00019592685566749424
RAD21	GM19590	0.00019513737061060965
HCFC1	RGCC	0.0001951284648384899
IRF8	PSME4	0.0001947564451256767
SATB1	FAM102B	0.00019456302106846124
SATB1	BUB1B	0.0001945208787219599
RPA2	NUAK2	0.0001944802497746423
MYC	PLSCR4	0.00019432191038504243
WDR5	CBX5	0.00019386310304980725
HCFC1	RNF4	0.00019372331735212356
RAD51	SLC19A1	0.00019337043340783566
IRF8	CDC7	0.0001932851882884279
HCFC1	MGAT1	0.00019319281273055822
GFI1B	RCSD1	0.00019246195734012872
JUN	GGTA1	0.0001922065857797861
HCFC1	S100A6	0.00019211179460398853
CBX7	IGFBP4	0.00019181519746780396
SATB1	OTUD6B	0.00019161893578711897
RPA1	INO80D	0.0001912276347866282
MYC	OTUD6B	0.00019122032972518355
WDR5	SYTL1	0.00019108993001282215
MYC	ABITRAM	0.00019043093197979033
SATB1	STOM	0.00019032234558835626
HCFC1	TOMM40	0.00019015977159142494
ELF1	SCARF1	0.0001894582819659263
WDR5	APBB1	0.00018932436069007963
WDR5	ZFP322A	0.00018853657820727676
SPI1	SPO11	0.0001884149678517133
SPI1	LONP1	0.00018816255033016205
GFI1B	RGS2	0.0001879071642179042
SATB1	TSPOAP1	0.00018756963254418224
CBFB	MCPT8	0.00018678759806789458
WDR5	DENND1C	0.00018671801080927253
RPA1	NPTN	0.0001865529629867524
RAD21	RABGGTB	0.0001865139347501099
MEIS1	CDC20	0.00018644487136043608
RAD51	EIF3B	0.00018642342183738947
RPA1	EMID1	0.00018640396592672914
RAD51	EBI3	0.00018539272423367947
GFI1B	PLAC8	0.0001853446156019345
MYC	CIPC	0.00018513765826355666
IKZF1	MAPKAPK3	0.00018509398796595633
RPA1	SAMD9L	0.00018440464918967336
HCFC1	NFAT5	0.00018406329036224633
IRF8	HDAC7	0.00018387101590633392
IRF8	MR1	0.0001838624302763492
RAD51	BTAF1	0.00018385532894171774
HCFC1	DNAJC11	0.0001832706475397572
GATA2	HELLS	0.00018269834981765598
RPA1	EDEM1	0.00018243178783450276
CBFB	JCHAIN	0.00018210157577414066
RPA1	DUS1L	0.00018197957251686603
RAD51	PARVG	0.0001817340962588787
RAD51	EYA2	0.00018152537813875824
HCFC1	NOP2	0.00018077755521517247
SATB1	ART4	0.00018017430556938052
HCFC1	C030034L19RIK	0.00017939790268428624
RAD21	UTP4	0.00017816887702792883
RAD51	KCTD20	0.00017778399342205375
RAD21	NADK	0.0001776383287506178
MYC	NECAP2	0.00017734909488353878
IRF8	KCNK5	0.00017711488180793822
HDAC2	PLSCR4	0.00017685127386357635
RPA2	ELP2	0.00017630925867706537
RAD51	IL12A	0.00017585075693205
RPA1	FLOT2	0.00017500064859632403
JUN	FLNB	0.00017477777146268636
IRF8	ZBTB20	0.0001747751812217757
MEIS1	MKI67	0.00017476765788160264
RAD21	NUPR1	0.00017476508219260722
RAD51	SSH3	0.00017443268734496087
HCFC1	FAM136A	0.00017435599875170738
WDR5	IGTP	0.00017320964252576232
RPA2	RUNX1T1	0.000172952059074305
HDAC2	NR3C2	0.00017281313193961978
HDAC2	SFXN1	0.0001724807225400582
RAD21	VSIR	0.00017159993876703084
RAD21	ARHGEF18	0.00017159050912596285
STAT2	TYMS	0.00017155268869828433
GFI1B	ARID3B	0.00017135633970610797
HDAC2	TRIM30D	0.00017123900761362165
STAT2	NDUFV1	0.0001709250791464001
HDAC2	PRKCD	0.00017079192912206054
RAD51	RNF122	0.00017047855362761766
SATB1	RORC	0.00017017926438711584
RAD51	GM8113	0.0001696261460892856
HDAC2	IFI203	0.0001695023529464379
IRF8	SERPINB9	0.00016941383364610374
WDR5	LONP2	0.00016934439190663397
NFAT5	GSR	0.00016921953647397459
RAD51	HNRNPLL	0.00016844725178088993
WDR5	NCAPG2	0.00016843694902490824
MYC	CNRIP1	0.00016821968893054873
HDAC2	MYL10	0.00016813731053844094
WDR5	GNG12	0.0001680241257417947
RPA2	APBB1	0.00016774755204096437
WDR5	TRPS1	0.0001674792292760685
RAD51	MED16	0.00016708148177713156
SPI1	FOXO1	0.0001660396665101871
SPI1	CBX5	0.00016596603381913155
CBFB	SPO11	0.00016576838970649987
HDAC2	SMPD4	0.00016555606271140277
ELF1	TK1	0.00016536226030439138
HDAC2	SORL1	0.00016526701801922172
SATB1	KCTD20	0.00016523718659300357
RPA2	XPNPEP1	0.0001652302307775244
RAD51	TRIM47	0.00016508980479557067
CBFB	CASP4	0.0001649608020670712
MYC	CYP4V3	0.00016484365914948285
IRF8	RGS18	0.0001646989258006215
RPA1	ATP10A	0.0001644820731598884
RAD21	H2-OB	0.00016402719484176487
RPA2	HSPH1	0.00016316039545927197
RPA2	CD52	0.00016312576190102845
CBFB	FASTKD2	0.0001629297184990719
CBFB	IL6ST	0.0001626549637876451
RAD51	GT(ROSA)26SOR	0.0001626498851692304
RPA1	HNRNPLL	0.00016202979895751923
RAD51	ME2	0.0001618190435692668
CBFB	PLXNA4OS1	0.00016100263746920973
WDR5	MEIS1	0.00015975644055288285
RAD21	GNL3	0.0001588432351127267
RAD51	S100A6	0.00015809846809133887
HDAC2	PBK	0.00015784453717060387
GFI1B	ARCN1	0.00015708735736552626
RPA2	SNX30	0.0001569754385855049
RPA2	SVIP	0.00015657876792829484
RPA1	PWP2	0.00015619101759511977
SATB1	MOGS	0.00015590379189234227
CBFB	NUPR1	0.0001553079200675711
RPA1	PHF10	0.00015519738371949643
ELF1	SHMT1	0.00015485442418139428
GFI1B	SERPINB6A	0.00015440692368429154
SPI1	MR1	0.00015431571227964014
SPI1	TNFRSF13C	0.00015420005365740508
GATA2	USP11	0.00015417856047861278
IRF8	CCNA2	0.00015400498523376882
IRF8	HIF3A	0.00015359865210484713
IKZF1	FSTL1	0.00015271722804754972
RPA1	RASSF4	0.0001524262479506433
MEIS1	SPC24	0.0001523032842669636
RPA2	IRGM2	0.00015170074766501784
JUN	NCAPG	0.00015052338130772114
STAT2	PPM1G	0.00014970146003179252
HDAC2	TUBGCP2	0.00014969307812862098
RPA1	STOM	0.00014915814972482622
CBFB	ACOT9	0.0001491080765845254
IRF8	NPDC1	0.00014891316823195666
RPA1	OBSL1	0.00014832419401500374
RPA2	RAP1B	0.00014831039879936725
RAD51	DHX33	0.0001479531783843413
RPA1	SLC39A6	0.00014758975885342807
RAD51	SUPV3L1	0.00014717195881530643
CBFB	PLSCR4	0.00014695891877636313
IRF8	TNFRSF21	0.00014694532728753984
RAD51	CUL3	0.0001467791444156319
HCFC1	F2R	0.0001467115362174809
WDR5	KRT18	0.0001448543625883758
RPA1	GUSB	0.00014470380847342312
CBX7	RFC4	0.00014436195488087833
JUN	CS	0.00014383808593265712
ELF1	TCF19	0.00014325542724691331
RPA1	KIF20B	0.00014199651195667684
MYC	TSPAN14	0.0001415647566318512
GFI1B	NCAPH	0.00014151344657875597
RPA2	CREBRF	0.00014141516294330359
RPA2	GLRX5	0.00014119570550974458
STAT2	NUDT19	0.00014114522491581738
HDAC2	SERPINB6A	0.0001409579417668283
RPA2	D1ERTD622E	0.00014073784404899925
RAD51	SCARB1	0.00014034300693310797
RPA2	CD69	0.0001401888730470091
HDAC2	FCER1G	0.0001396823936374858
HDAC2	SOAT1	0.00013920820492785424
IKZF1	NAPRT	0.00013886454689782113
WDR5	MS4A3	0.00013858944294042885
IRF8	CASP12	0.0001384778443025425
RAD51	LACTB	0.00013812430552206933
MYC	HSPA1A	0.00013760487490799278
IRF8	FAM76B	0.00013740092981606722
HCFC1	LRRC8B	0.00013713138469029218
RAD51	LMO4	0.00013627161388285458
RPA1	CD68	0.00013608236622530967
RPA2	SORL1	0.000136058428324759
SPI1	DNAJC11	0.00013510709686670452
IRF8	OBSL1	0.0001347271172562614
ELF1	PPP1R9A	0.00013460128684528172
WDR5	SERPINB6B	0.00013399330782704055
IRF8	RPS6KA3	0.0001330375816905871
RPA1	OTUD6B	0.0001326004130532965
RPA2	GM4759	0.00013234498328529298
SPI1	ZBTB16	0.00013228644093032926
HCFC1	IARS2	0.000132075059809722
RPA1	TBC1D5	0.0001311678352067247
RAD21	TRIM30B	0.00013110821601003408
RPA2	GUCY1A1	0.0001311014493694529
CBFB	MTMR1	0.00013079696509521455
RPA2	RPAP1	0.00013068548287265003
GFI1B	FARSB	0.0001300654112128541
IRF8	CENPF	0.00012989765673410147
WDR5	SHCBP1	0.0001298955612583086
IRF8	C1RL	0.0001298374409088865
WDR5	CENPL	0.00012981951294932514
HCFC1	CSF1R	0.00012945914932060987
RAD51	TLR4	0.00012929263175465167
CBFB	TIMP2	0.0001292657107114792
JUN	ATP11C	0.00012860438437201083
WDR5	DUSP1	0.00012820071424357593
ELF1	HDC	0.00012798704847227782
RPA2	CERK	0.0001274908718187362
RAD51	TCIRG1	0.00012747429718729109
IRF8	ESAM	0.00012746847642119974
WDR5	PADI4	0.00012711605813819915
SPI1	PLXNC1	0.00012699043145403266
RAD51	MAGED2	0.00012696627527475357
RAD51	PLSCR4	0.0001267822226509452
IRF8	PRKCH	0.00012618069013115019
MYC	ANKRD44	0.0001259569835383445
MYC	VDR	0.0001258197007700801
RAD51	MPZL1	0.00012492762471083552
RPA1	MTMR6	0.00012480340956244618
RPA2	FAM76B	0.0001247337058885023
WDR5	GLB1	0.0001241039572050795
HCFC1	PEAR1	0.00012354578939266503
HCFC1	TPM4	0.0001231347705470398
HDAC2	SULT1A1	0.00012298458022996783
RAD51	ZFP35	0.00012249212886672467
RPA2	RASSF4	0.00012246312689967453
RPA2	SUPV3L1	0.00012231370783410966
RPA1	LDHB	0.0001221351994900033
HDAC2	STT3B	0.00012190258712507784
CBFB	IRF6	0.00012188310938654467
HDAC2	GIMAP8	0.0001217018798342906
GFI1B	MTUS1	0.00012148785026511177
MYC	GLIPR2	0.00012147407687734812
ELF1	TECPR1	0.00012140395119786263
HDAC2	GM20559	0.00012135234283050522
RPA2	ACOT9	0.00012113644334021956
RAD21	SCARF1	0.00012099320883862674
HCFC1	HDAC2	0.00012087520735803992
MYC	INPP5B	0.00012081307068001479
JUN	CKAP2L	0.00012078229337930679
SPI1	CKAP2	0.00012060879816999659
RPA1	USP42	0.00012058690481353551
HDAC2	PROCR	0.00012050454097334296
SPI1	IARS2	0.00012040618457831442
IKZF1	HERPUD1	0.00012022224836982787
STAT2	RUVBL2	0.00012013332161586732
CBFB	OSGIN1	0.00011939779506064951
RPA2	ALDOC	0.00011920931137865409
SPI1	GUCY1A1	0.00011901179823325947
RAD51	CAND2	0.00011844115215353668
WDR5	CDCA4	0.00011774490849347785
WDR5	PPM1F	0.00011763590009650216
IRF8	SERPINA3G	0.00011761677160393447
GFI1B	SCARB1	0.00011728173558367416
CBFB	RANBP3	0.0001170084869954735
IRF8	ROBO4	0.00011696256115101278
RAD51	GPRASP1	0.00011683843331411481
RAD51	CD274	0.00011625485785771161
RAD51	TGTP2	0.00011577670375118032
RAD51	ZFAND5	0.00011558562982827425
RPA2	ANXA5	0.0001155309219029732
SATB1	CDK1	0.00011546449240995571
RAD51	CYFIP2	0.00011535279190866277
CBFB	ARRDC4	0.00011472628102637827
RAD51	ACOT9	0.00011441575770732015
IRF8	PLXNC1	0.00011434816406108439
RPA1	LRRC8B	0.0001141344546340406
RAD51	APLP2	0.00011402795644244179
RPA1	NAPRT	0.00011382359662093222
RAD51	ZFP24	0.0001137669532909058
HDAC2	CDKN1C	0.00011368736886652187
HDAC2	FASTKD2	0.00011349328997312114
MYC	SULT1A1	0.00011336270836181939
GATA2	TCF19	0.00011336182797094807
SPI1	NCAPG	0.00011309627734590322
RAD21	COPB1	0.00011302198254270479
MYC	SOCS2	0.00011279679165454581
HDAC2	RELB	0.00011278669262537733
RAD21	EMID1	0.00011266940418863669
WDR5	PCMTD1	0.00011252739204792306
GFI1B	GATM	0.00011251885007368401
RAD51	IFI44	0.00011205684131709859
RAD51	IPO9	0.00011182798334630206
CBFB	NR3C2	0.00011170733341714367
RPA2	SORT1	0.00011168627679580823
WDR5	CSF1R	0.00011125215678475797
RPA1	ITM2A	0.00011114991502836347
HCFC1	CTSL	0.00011091497435700148
RPA2	PLSCR4	0.00011089949839515612
RAD51	CENPE	0.00011060971883125603
STAT2	IDH3A	0.00011059609096264467
RAD21	LTB	0.00011058275413233787
RPA2	SSH3	0.00011056612856918946
RPA2	EBI3	0.00011030917085008696
RPA1	SORT1	0.00011001277744071558
RAD51	INO80D	0.00010998978541465476
FOXO1	CDT1	0.00010985747940139845
IRF8	CISH	0.00010966409899992868
RAD51	TGTP1	0.00010955365723930299
ELF1	ABITRAM	0.00010898811888182536
SATB1	SULT1A1	0.00010850181570276618
RPA2	GIMAP8	0.00010833370470209047
RAD51	CNRIP1	0.00010830146493390203
RAD51	GNG11	0.00010773183748824522
WDR5	RPA2	0.00010757599375210702
WDR5	SULT1A1	0.00010752232628874481
RPA2	PTGR1	0.00010738021228462458
SPI1	UHRF1	0.00010731023212429136
RPA1	NUP155	0.00010719440615503117
RAD51	TNFAIP2	0.00010713981464505196
RAD51	PRKCQ	0.00010695346281863749
HCFC1	ARRDC4	0.00010684264998417348
HDAC2	PRIM2	0.00010671032214304432
RAD51	UBE2L6	0.00010665024456102401
RAD51	UBAC1	0.00010656408267095685
HDAC2	TMX3	0.00010640407708706334
IRF8	IRGM2	0.00010613316408125684
RAD51	IFI27L2A	0.00010601532994769514
WDR5	TNFAIP2	0.0001059338974300772
WDR5	PIK3R1	0.00010577301873126999
RPA2	SLA	0.00010565386764938012
WDR5	MILR1	0.000105634520878084
STAT2	MEMO1	0.00010539092181716114
RAD51	RNF38	0.00010476091119926423
RPA1	CEP55	0.00010475263115949929
RAD51	FGL2	0.0001046158722601831
RAD51	PHF11B	0.00010445145017001778
RPA2	TMX3	0.0001041316136252135
RPA2	PLXNA4OS1	0.00010392737749498338
RPA1	APOE	0.00010351179662393406
RAD51	TGFBR1	0.0001034025990520604
RPA2	GOLPH3	0.00010333021054975688
HDAC2	FARSA	0.00010278231638949364
GFI1B	PRSS57	0.00010277538967784494
RAD51	CPA3	0.00010271670180372894
RAD51	ANXA5	0.00010268932965118438
IRF8	NARS	0.00010258470138069242
RPA1	PSMD9	0.0001025704259518534
HCFC1	PRDM16	0.00010247674799757078
RPA1	CD274	0.00010246659076074138
SPI1	HDAC11	0.00010226743324892595
RAD51	PDIA4	0.00010224184370599687
RAD51	DDX58	0.00010206761362496763
HCFC1	BTAF1	0.00010174860653933138
IRF8	ISYNA1	0.00010173073678743094
RPA2	HDAC11	0.00010105856199515983
RAD51	TOMM40	0.00010081916843773797
SPI1	IRF6	0.00010074702004203573
IRF8	MAGED2	0.00010058887710329145
SPI1	SULT1A1	0.00010053686855826527
IKZF1	IARS	0.0001001956406980753
ELF1	ROBO4	0.0001000511838356033
MYC	SEC23IP	9.993520507123321e-05
WDR5	SERPINB9	9.976420551538467e-05
RPA1	TOR3A	9.961429896065965e-05
WDR5	GOLIM4	9.940080781234428e-05
GFI1B	FLT3	9.931009117281064e-05
RAD51	PCMTD2	9.920374577632174e-05
MYC	UHRF1	9.908325591823086e-05
RAD51	PLXNC1	9.903266618493944e-05
IRF8	GNG11	9.887576743494719e-05
MYC	SIRPA	9.856389806373045e-05
RPA2	SNAP23	9.854933159658685e-05
MYC	AZIN1	9.851666254689917e-05
MYC	GALNS	9.836091339820996e-05
IRF8	NFATC2	9.78943717200309e-05
HDAC2	PIK3R2	9.767097799340263e-05
HCFC1	CDK18	9.760861576069146e-05
IKZF1	NARS	9.742168185766786e-05
RPA2	ZFP322A	9.735699859447777e-05
RAD51	SULT1A1	9.716169006424025e-05
RAD51	TBC1D10C	9.700762166175991e-05
RPA2	USP10	9.698468056740239e-05
RPA1	GPD1L	9.692010644357651e-05
RAD51	IRF9	9.691689047031105e-05
RAD51	CIPC	9.691016748547554e-05
IKZF1	IFITM1	9.669354039942846e-05
RPA1	GIMAP1	9.663581295171753e-05
HCFC1	TGTP2	9.657890041125938e-05
RAD51	MOGS	9.632894943933934e-05
RAD51	NEAT1	9.627700637793168e-05
RAD51	DENND2D	9.608288382878527e-05
IRF8	CAMK2D	9.581367339706048e-05
IRF8	SFXN1	9.57608936005272e-05
RAD51	F2R	9.560499165672809e-05
RAD51	ELF1	9.559794125379995e-05
HDAC2	TMEM37	9.545208013150841e-05
RPA1	ELF1	9.540657629258931e-05
RPA1	ARRDC4	9.530558600090444e-05
SPI1	VPS16	9.522350592305884e-05
HDAC2	PIM2	9.510543895885348e-05
IRF8	USP11	9.489361400483176e-05
RAD51	MAGED1	9.483692701905966e-05
RPA1	VDR	9.475316619500518e-05
CBFB	PROCR	9.467270865570754e-05
HCFC1	CD63-PS	9.459750435780734e-05
WDR5	ACSS2	9.453111124457791e-05
RAD51	GCLC	9.425651660421863e-05
RAD51	KCNK5	9.424662130186334e-05
RPA1	EBI3	9.408099140273407e-05
RAD51	TPM4	9.396355744684115e-05
RPA2	SULT1A1	9.387505269842222e-05
RPA1	CHRNB1	9.359238902106881e-05
RAD51	UBA7	9.346205479232594e-05
RAD51	PLAG1	9.315117495134473e-05
ELF1	CDKN1C	9.307250729762018e-05
MYC	ALDOC	9.299347584601492e-05
RAD51	TMEM206	9.295949712395668e-05
WDR5	RORA	9.27711371332407e-05
HDAC2	IARS	9.272144961869344e-05
RAD51	FOXRED1	9.271940507460386e-05
RAD51	SPCS3	9.2626731202472e-05
RPA1	CBX7	9.256509656552225e-05
RAD51	TMEM50B	9.223072993336245e-05
RPA2	SERPINB9	9.173300350084901e-05
HCFC1	CYP2J9	9.158768079942092e-05
RAD51	FCGRT	9.156310989055783e-05
JUN	RGCC	9.149099059868604e-05
MYC	TMEM37	9.143829811364412e-05
IRF8	MYL10	9.133300045505166e-05
RPA2	FOXO1	9.125722135649994e-05
RAD51	SERPINB6A	9.119132300838828e-05
RPA2	IFI27L2A	9.085107740247622e-05
RPA1	PSMD6	9.068436338566244e-05
RPA2	GALNS	9.066421625902876e-05
GFI1B	YBX1	9.06185814528726e-05
MYC	FAR1	9.045525803230703e-05
HDAC2	ROBO4	9.033806418301538e-05
RAD51	CDK6	9.020329889608547e-05
RAD51	CISH	9.016055264510214e-05
RPA1	GIMAP8	9.004020103020594e-05
RPA2	INO80D	8.996797259896994e-05
IRF8	FDFT1	8.993242227006704e-05
RAD51	SGPP1	8.977643301477656e-05
WDR5	CTSG	8.967263420345262e-05
RAD51	CDC20	8.96065030246973e-05
HCFC1	MPZL1	8.96026031114161e-05
RAD51	HMGB3	8.952053030952811e-05
HDAC2	IFI209	8.945579611463472e-05
HDAC2	CYP2J9	8.939958934206516e-05
JUN	SPC24	8.939100371208042e-05
RPA2	PSTPIP1	8.935741789173335e-05
RAD51	ATF7	8.933955541579053e-05
RPA2	MPL	8.910878386814147e-05
RPA1	HYOU1	8.901279943529516e-05
RAD51	PSMD9	8.893731865100563e-05
HDAC2	AKAP8L	8.852035534800962e-05
RAD51	TMEM176A	8.845685806591064e-05
IRF8	CSF3R	8.845650881994516e-05
GFI1B	TSPOAP1	8.842172974254936e-05
MYC	PTGR1	8.834508480504155e-05
SPI1	ARID3B	8.828133286442608e-05
RPA1	ANXA5	8.825630357023329e-05
CBFB	ROBO4	8.816705667413771e-05
MYC	ROBO4	8.813430758891627e-05
RAD51	GIMAP8	8.806119876680896e-05
MYC	RORA	8.801600051810965e-05
ELF1	ANXA5	8.790439460426569e-05
RAD51	WDR55	8.780168718658388e-05
IRF8	FGL2	8.777449693297967e-05
RPA1	MFSD1	8.75514087965712e-05
IRF8	GIMAP1	8.754357986617833e-05
RPA1	IFI27L2A	8.745656668907031e-05
RPA2	RORA	8.742962381802499e-05
WDR5	HDAC11	8.721728954697028e-05
IRF8	HID1	8.715156582184136e-05
HCFC1	EPAS1	8.71161901159212e-05
RAD51	SLC25A46	8.70675066835247e-05
RPA1	H2-Q6	8.702416380401701e-05
HDAC2	TRMT11	8.657771832076833e-05
SATB1	GATA2	8.650797099107876e-05
RAD21	TOR3A	8.6482337792404e-05
RPA2	SLC39A6	8.646193600725383e-05
RPA1	JUN	8.646191417938098e-05
RAD51	KIF17	8.641761087346822e-05
JUN	NCAPG2	8.627802890259773e-05
SATB1	PLXDC2	8.627500210423023e-05
RAD21	HDAC11	8.604462345829234e-05
IRF8	EYA2	8.603538299212232e-05
ELF1	MS4A3	8.593806705903262e-05
MYC	RPTOR	8.575150422984734e-05
WDR5	H2-OB	8.536370296496898e-05
RAD51	PRMT7	8.530773629900068e-05
CBFB	PLPPR3	8.516458910889924e-05
IRF8	CERK	8.503960998496041e-05
RAD21	CSTF2	8.463712583761662e-05
RAD51	SH3BGRL	8.462892583338544e-05
RAD51	GRIA3	8.461520337732509e-05
RAD51	PLA2G15	8.444765262538567e-05
WDR5	NFIA	8.442097168881446e-05
SPI1	CCNE2	8.435049676336348e-05
HDAC2	EPAS1	8.40952416183427e-05
RAD51	CTSZ	8.409301517531276e-05
ELF1	VDR	8.40834472910501e-05
IRF8	CREBRF	8.402771345572546e-05
IRF8	SLCO4A1	8.392139716306701e-05
CBFB	MMRN1	8.386187982978299e-05
RAD51	ZBTB20	8.363465167349204e-05
RPA1	MXD3	8.357731712749228e-05
RAD51	LYN	8.354397868970409e-05
RPA2	JUN	8.353974408237264e-05
HCFC1	ROBO4	8.335238817380741e-05
IRF8	CSAD	8.329012780450284e-05
IKZF1	EEF1E1	8.319357584696263e-05
IRF8	ATG12	8.317155879922211e-05
IRF8	TEK	8.274886931758374e-05
RAD21	FCGRT	8.272670675069094e-05
MYC	TMEM50B	8.260487084044144e-05
RPA1	TMEM50B	8.249744132626802e-05
MYC	EPAS1	8.246804645750672e-05
CBFB	UBA7	8.220188465202227e-05
MYC	CCDC50	8.219017763622105e-05
WDR5	IFI44	8.199083094950765e-05
RPA2	EPAS1	8.197963325073943e-05
WDR5	PLXNA4OS1	8.192885434255004e-05
WDR5	CAND2	8.182838064385578e-05
IRF8	PLXDC2	8.159589924616739e-05
RPA2	CAPG	8.139524288708344e-05
ELF1	PLXNA4OS1	8.118090045172721e-05
RAD51	MIR17HG	8.107082976493984e-05
RPA1	IL12A	8.105584856821224e-05
RAD51	HSPA4	8.102109131868929e-05
WDR5	MGAT5	8.100152626866475e-05
GFI1B	MS4A6C	8.09611301519908e-05
MYC	NWD1	8.089958282653242e-05
RAD51	ABL1	8.089598850347102e-05
IRF8	CYFIP2	8.078728569671512e-05
RPA1	KRT18	8.077278471319005e-05
RPA2	ACOX3	8.068516035564244e-05
HCFC1	CISH	8.046179573284462e-05
HCFC1	TMEM37	8.014709601411596e-05
RPA1	RCSD1	8.008941222215071e-05
RAD51	PTGR1	7.991662278072909e-05
RPA2	AP3S1	7.977888162713498e-05
SPI1	ASF1B	7.974799518706277e-05
RAD51	SERPINA3G	7.954442844493315e-05
HCFC1	CCR2	7.945912511786446e-05
RPA2	STOM	7.9413024650421e-05
HCFC1	CFP	7.931510481284931e-05
RPA2	EPB41L4B	7.922671647975221e-05
RPA1	RNF122	7.908334373496473e-05
ELF1	CAND2	7.904892845544964e-05
HDAC2	FRRS1	7.90422418504022e-05
MYC	ZEB2	7.904168160166591e-05
RPA1	ZC3H7A	7.895131420809776e-05
WDR5	NDN	7.878701580921188e-05
RAD51	MORC3	7.854119030525908e-05
RPA1	PEAR1	7.850545807741582e-05
WDR5	ST8SIA4	7.835323049221188e-05
RPA2	FEM1A	7.814606215106323e-05
IRF8	RARB	7.798826845828444e-05
JUN	ABITRAM	7.761062443023548e-05
GFI1B	NUS1	7.75495936977677e-05
RAD51	NUS1	7.753111276542768e-05
RAD51	LY9	7.75080916355364e-05
RAD51	PLXNA4OS1	7.745076436549425e-05
MYC	LGALS1	7.744444155832753e-05
RPA2	CSF1R	7.730288052698597e-05
MYC	MAN2A2	7.723987801000476e-05
RPA2	GBP2	7.692475628573447e-05
RPA1	FEM1A	7.691939390497282e-05
MYC	FAM171A1	7.691809150855988e-05
CBFB	EPAS1	7.686276512686163e-05
RPA1	GLRX5	7.677228859392926e-05
IRF8	GP9	7.669449405511841e-05
HCFC1	CD63	7.656296656932682e-05
RAD51	COL4A1	7.649394683539867e-05
RPA2	SERP1	7.647948950761929e-05
IRF8	VKORC1L1	7.647634629392996e-05
RPA1	NUDT4	7.635974179720506e-05
IKZF1	POLR1B	7.632761116838083e-05
RPA2	RPRD1B	7.627237209817395e-05
RAD51	MYO1F	7.615642243763432e-05
RPA2	FAM171A1	7.615012873429805e-05
RAD51	ATAD1	7.613634807057679e-05
RAD51	CAPG	7.608408486703411e-05
SATB1	ATRN	7.587504660477862e-05
RAD51	IRGM2	7.575813651783392e-05
SPI1	MAP4K2	7.537218334618956e-05
HDAC2	SORT1	7.534403266618028e-05
HDAC2	PDZK1IP1	7.531381561420858e-05
RPA1	TMEM206	7.529336289735511e-05
RAD51	MTOR	7.525227556470782e-05
IRF8	SLC2A3	7.506336987717077e-05
WDR5	OSGIN1	7.498799823224545e-05
CBFB	SORT1	7.497876504203305e-05
HCFC1	SNAP23	7.489736890420318e-05
RAD51	GP9	7.480310159735382e-05
RPA2	MXD3	7.466458191629499e-05
MYC	ELANE	7.460337656084448e-05
SATB1	IDH3A	7.45774814276956e-05
MEIS1	PLAC8	7.456571620423347e-05
SPI1	DOCK11	7.418206223519519e-05
RPA2	ATP10A	7.417164306389168e-05
CBFB	TGM2	7.407688826788217e-05
IRF8	MECOM	7.40481264074333e-05
RPA2	DOK2	7.399611786240712e-05
RAD51	CKS2	7.387547520920634e-05
HDAC2	5430427O19RIK	7.370628736680374e-05
RAD51	FLNB	7.364728662651032e-05
RPA1	HDGFL3	7.360633026110008e-05
STAT2	HDAC7	7.356091373367235e-05
RAD51	ZFP322A	7.353870751103386e-05
RPA2	GRIA3	7.344985351664945e-05
ELF1	MTUS1	7.334326801355928e-05
RPA2	MPO	7.328141509788111e-05
RAD51	CCR2	7.321666635107249e-05
HDAC2	GLIPR2	7.317736162804067e-05
RAD51	ALDOC	7.311111403396353e-05
RAD51	MOB3C	7.30608735466376e-05
RPA2	TRIM30B	7.282834849320352e-05
RPA2	ROBO4	7.267824548762292e-05
RPA2	CSAD	7.257644028868526e-05
RPA2	MRPL37	7.235401426441967e-05
IRF8	RAB38	7.23365374142304e-05
SPI1	CAND2	7.228228787425905e-05
SPI1	CDKN1C	7.218839164124802e-05
RAD21	TARS	7.213014760054648e-05
RPA1	URB2	7.208435272332281e-05
RAD51	VDR	7.19855961506255e-05
GATA2	TRIM59	7.172295590862632e-05
CBFB	TMEM154	7.163714326452464e-05
MYC	APOE	7.163688133005053e-05
RAD51	PTDSS1	7.156293577281758e-05
RAD51	H2-AA	7.149124576244503e-05
WDR5	EPAS1	7.149088196456432e-05
RAD51	SEH1L	7.143825496314093e-05
RAD51	CD244A	7.143455877667293e-05
IRF8	UAP1	7.142532558646053e-05
RAD51	STOM	7.117884524632245e-05
RAD51	CLN5	7.113086030585691e-05
IRF8	GM19590	7.112615276128054e-05
RPA2	METTL27	7.10589811205864e-05
IRF8	PCMTD2	7.100121001712978e-05
RPA1	UBASH3A	7.095015462255105e-05
RAD51	CFP	7.091298175510019e-05
WDR5	HDGFL3	7.089676364557818e-05
CBFB	SERPINA3G	7.088755955919623e-05
RAD51	PPP1R9A	7.081542571540922e-05
HCFC1	GNG11	7.080701470840722e-05
RPA2	RAD21	7.074140012264252e-05
RPA1	ZFP322A	7.060743519105017e-05
RAD21	ADSL	7.060600182740018e-05
RAD51	SGCE	7.059561175992712e-05
RAD51	GATA2	7.058894698275253e-05
IRF8	STX3	7.054897287162021e-05
HCFC1	METTL27	7.053129957057536e-05
RPA2	CDK18	7.042464130790904e-05
RAD51	TRIM30D	6.993275746935979e-05
RAD51	CLEC12A	6.989552639424801e-05
GFI1B	NCF1	6.987307278905064e-05
RPA1	SLCO4A1	6.964562635403126e-05
RPA2	PLXDC2	6.961571489227936e-05
GFI1B	GUCY1A1	6.957801815588027e-05
RPA1	KCTD12	6.954572745598853e-05
SPI1	CYP2J9	6.95373528287746e-05
RPA1	CD244A	6.951645627850667e-05
IRF8	LAPTM4B	6.93628826411441e-05
RAD51	ROBO4	6.93222027621232e-05
IRF8	GT(ROSA)26SOR	6.930356175871566e-05
MYC	CPA3	6.929463415872306e-05
CBFB	SLFN2	6.925563502591103e-05
CBFB	TRIM30B	6.923062028363347e-05
RAD51	AI504432	6.920718442415819e-05
MYC	CYP2J9	6.91692839609459e-05
RPA2	PRKCQ	6.916607526363805e-05
MYC	STAG2	6.915216363267973e-05
WDR5	INO80D	6.910457159392536e-05
RPA1	CDK6	6.905490590725094e-05
SPI1	POLE	6.896389095345512e-05
HCFC1	NDN	6.896047852933407e-05
ELF1	SERPINB6B	6.887182098580524e-05
HCFC1	VIPR2	6.887046038173139e-05
RPA2	CD68	6.877795385662466e-05
HDAC2	ABCG3	6.869593926239759e-05
RAD51	SLC35A4	6.86618805048056e-05
MYC	XRCC3	6.862883310532197e-05
RPA1	RGS18	6.861157453386113e-05
IRF8	CD274	6.860598659841344e-05
MYC	CKAP2	6.848062184872106e-05
MYC	NDN	6.84768456267193e-05
MYC	CAND2	6.83545003994368e-05
RPA2	TPX2	6.830340134911239e-05
RPA1	ETF1	6.806393503211439e-05
RAD51	ACOX3	6.799229595344514e-05
WDR5	PDZK1IP1	6.775138899683952e-05
MYC	CDCA4	6.762175326002762e-05
GATA2	SORT1	6.756355287507176e-05
MYC	IFI27L2A	6.750760803697631e-05
HDAC2	NUAK2	6.7258755734656e-05
SPI1	NCAPH	6.713569018756971e-05
RPA2	SLCO4A1	6.712409958709031e-05
RAD51	NKG7	6.696704076603055e-05
RAD51	LCP2	6.696348282275721e-05
IRF8	TGTP2	6.692239549010992e-05
RAD51	TBC1D9B	6.683141691610217e-05
RAD21	CLN5	6.680739898001775e-05
RAD51	MTMR6	6.680274236714467e-05
RPA1	CENPE	6.673300958937034e-05
RPA2	ACLY	6.671367009403184e-05
HDAC2	SYK	6.669996946584433e-05
RPA1	TSPAN2	6.654977914877236e-05
IRF8	CREB5	6.651870353380218e-05
IRF8	NFIA	6.651375588262454e-05
HCFC1	CTTN	6.64682374917902e-05
RPA1	ZEB2	6.64239123580046e-05
RPA1	SNHG5	6.64012914057821e-05
RAD51	NSUN2	6.637577462242916e-05
WDR5	TUBGCP2	6.627906259382144e-05
MEIS1	NCF1	6.623973604291677e-05
HDAC2	SNAP23	6.623459921684116e-05
RPA2	TBC1D9B	6.616735481657088e-05
HDAC2	SLCO4A1	6.615652819164097e-05
RPA2	LY6A	6.611435674130917e-05
GFI1B	MDN1	6.607850809814408e-05
MYC	FGFR1OP	6.606413080589846e-05
CBFB	CSGALNACT2	6.58628559904173e-05
SATB1	CDKN1C	6.583434151252732e-05
SATB1	MICU1	6.580859189853072e-05
RAD51	ZBTB38	6.571188714588061e-05
HCFC1	ART4	6.56933116260916e-05
WDR5	NUP88	6.567852688021958e-05
MYC	PPP1R15A	6.566591036971658e-05
RPA2	XAF1	6.565743387909606e-05
RPA1	PPM1F	6.564884824911132e-05
IRF8	MOB3C	6.561679037986323e-05
HDAC2	GM11346	6.560382462339476e-05
RAD51	LMAN2L	6.558571476489305e-05
SPI1	MIS18BP1	6.557010783581063e-05
HDAC2	GBP2	6.55666517559439e-05
HDAC2	CSTF2	6.55472103971988e-05
RAD51	CYP2J9	6.535283318953589e-05
RAD51	SELENBP1	6.53475071885623e-05
MYC	ARRDC4	6.533138366648927e-05
RPA2	RETREG1	6.528935773530975e-05
RPA1	ARHGEF18	6.519255111925304e-05
HDAC2	GCLC	6.51660084258765e-05
RAD51	TRIM59	6.51042428216897e-05
CBFB	GALNS	6.503798795165494e-05
RAD21	LY6A	6.50174988550134e-05
RPA1	SERPINB9	6.487630162155256e-05
RPA2	NUS1	6.48462082608603e-05
RPA2	NFAT5	6.479294825112447e-05
MYC	TPM4	6.468700303230435e-05
RAD21	CTLA2B	6.465872138505802e-05
ELF1	CD68	6.429616041714326e-05
RAD51	EFCC1	6.42307786620222e-05
RAD51	EBF1	6.423021841328591e-05
RAD21	SHMT1	6.422284786822274e-05
RPA2	TGTP1	6.419714190997183e-05
RPA1	FCGRT	6.416980613721535e-05
HDAC2	VKORC1L1	6.416864198399708e-05
ELF1	IRF6	6.408141780411825e-05
MYC	SLC7A4	6.402971484931186e-05
RAD51	EGR1	6.396250682882965e-05
RAD51	FCHO2	6.396029493771493e-05
RPA2	ZEB2	6.39495046925731e-05
RAD51	KLF6	6.39293430140242e-05
RAD51	IGFBP4	6.389703776221722e-05
SPI1	F2R	6.3853629399091e-05
RAD51	CYP2J6	6.373610813170671e-05
RPA2	KIF13A	6.371711060637608e-05
WDR5	EGR1	6.36637705611065e-05
RPA1	IARS	6.365682929754257e-05
RAD51	PRR5	6.353654316626489e-05
RPA1	ZFP422	6.341154949041083e-05
RPA1	FAR1	6.33062154520303e-05
RPA2	CPA3	6.314845813903958e-05
RAD51	LDHB	6.311082688625902e-05
HDAC2	EPB41L4B	6.305754504865035e-05
IRF8	TMEM37	6.305108399828896e-05
RPA1	FRRS1	6.30292997811921e-05
RAD21	NSUN2	6.302928522927687e-05
SPI1	METTL27	6.299587403191254e-05
RPA2	MYL10	6.289391603786498e-05
HCFC1	TEK	6.282743561314419e-05
GFI1B	CTSG	6.259950896492228e-05
RAD21	ACOX3	6.248934369068593e-05
RPA1	TEK	6.234137254068628e-05
SPI1	CASP12	6.232801388250664e-05
RAD51	OSBPL1A	6.21449580648914e-05
HDAC2	VDR	6.207943806657568e-05
RAD51	PLEK	6.19307829765603e-05
RPA2	QARS	6.182388460729271e-05
RPA2	EIF2B1	6.178505282150581e-05
HDAC2	PTTG1IP	6.156849849503487e-05
MYC	CFP	6.15293174632825e-05
MYC	FOXO1	6.139711331343278e-05
RPA2	SEC24D	6.12859585089609e-05
WDR5	CYP4V3	6.127545930212364e-05
JUN	EPAS1	6.119942554505542e-05
GATA2	CFP	6.113918061600998e-05
IKZF1	RORC	6.11006616964005e-05
HDAC2	IRGM2	6.0972743085585535e-05
IRF8	PROCR	6.096795914345421e-05
GATA2	FASTKD3	6.093982665333897e-05
ELF1	PLXDC2	6.089451562729664e-05
SPI1	SERPINB9	6.0856109485030174e-05
RPA2	COPB1	6.075969577068463e-05
ELF1	TRIM30B	6.0625756304943934e-05
RPA1	CYP2J9	6.061385283828713e-05
RAD51	PLD3	6.0611371736740693e-05
MYC	MXD3	6.057561040506698e-05
IRF8	ABCG2	6.05077511863783e-05
RAD51	NEURL3	6.032183227944188e-05
RPA2	INTS13	6.0278682212810963e-05
RPA2	PTDSS1	6.010641300235875e-05
MYC	MTMR4	6.0089620092185214e-05
RAD51	TNPO1	6.00409803155344e-05
RPA1	PAK1	6.001316796755418e-05
NFAT5	ACOT9	6.001149085932411e-05
CBFB	GP9	5.996583786327392e-05
RAD51	COPB1	5.994865932734683e-05
MYC	MTUS1	5.975685780867934e-05
HCFC1	TCP11L2	5.969839185127057e-05
RPA2	MIEF1	5.9603895351756364e-05
IRF8	HMGB3	5.9594385675154626e-05
RAD51	SOAT1	5.953638537903316e-05
MYC	FGGY	5.950494232820347e-05
HDAC2	TGM2	5.948974649072625e-05
RAD51	PSEN1	5.9487883845577016e-05
RAD21	CDC6	5.935592344030738e-05
RPA1	EPAS1	5.930882252869196e-05
RAD51	CBX7	5.930239785811864e-05
SPI1	KIF17	5.9268590121064335e-05
RAD51	TOP3B	5.918922761338763e-05
IRF8	RORC	5.910712934564799e-05
RPA1	FGL2	5.8994530263589695e-05
HDAC2	FAM102B	5.8960591559298337e-05
SATB1	TEAD2	5.894986315979622e-05
ELF1	OBSCN	5.891551700187847e-05
RAD51	ITIH5	5.8909383369609714e-05
RPA2	NCAPG	5.887967927264981e-05
RPA1	CDCA4	5.8826346503337845e-05
RPA1	MAGED2	5.882400000700727e-05
RAD51	SNAP47	5.879775926587172e-05
HDAC2	NDN	5.875432907487266e-05
MYC	CERK	5.835490082972683e-05
RPA2	HYOU1	5.834291732753627e-05
RAD51	OBSCN	5.831047747051343e-05
RPA2	FLNB	5.824633262818679e-05
RPA2	SERPINB6A	5.8190027630189434e-05
RAD51	MCOLN2	5.81655403948389e-05
CBFB	LY6A	5.816092016175389e-05
MYC	RORC	5.813559619127773e-05
SPI1	CNRIP1	5.813379175378941e-05
IKZF1	MAGED2	5.811717710457742e-05
ELF1	SLC25A38	5.7952955103246495e-05
HCFC1	TMX3	5.7771063438849524e-05
RAD51	NEDD1	5.774381497758441e-05
RPA1	NARS	5.770029383711517e-05
SATB1	PTGR1	5.768282790086232e-05
MYC	TIFAB	5.766663889517076e-05
RPA2	DENND2D	5.7576908147893846e-05
GATA2	ACOX3	5.7463767006993294e-05
HDAC2	CSF1R	5.7365617976756766e-05
SPI1	SPC25	5.71144228160847e-05
RAD51	EIF4ENIF1	5.71092423342634e-05
RAD51	EMCN	5.7065502915065736e-05
MYC	PIK3R2	5.6971359299495816e-05
RAD51	SLC22A3	5.684958887286484e-05
RPA2	KIF17	5.6747423514025286e-05
WDR5	PLXNC1	5.663225965690799e-05
RPA2	CASP12	5.6603472330607474e-05
RAD21	SLC25A46	5.650614184560254e-05
IRF8	NEURL3	5.634675835608505e-05
HCFC1	FGL2	5.634537956211716e-05
CBFB	FDFT1	5.6340417359024286e-05
RPA1	FAM102B	5.6325970945181325e-05
RAD51	JUN	5.628127109957859e-05
RPA1	DDX20	5.6181092077167705e-05
RAD51	PTTG1IP	5.61427696084138e-05
HDAC2	PLA2G15	5.613386383629404e-05
RAD51	NUPR1	5.606652484857477e-05
HDAC2	MXD3	5.601882003247738e-05
RPA2	PLEK	5.600376607617363e-05
RAD51	LSP1	5.59298277948983e-05
IRF8	GFI1B	5.5886117479531094e-05
GATA2	HP	5.587375198956579e-05
ELF1	COL4A1	5.583994061453268e-05
IKZF1	ADSL	5.5684220569673926e-05
RAD51	SOCS2	5.566750041907653e-05
RPA2	RGS18	5.563111699302681e-05
RAD51	ALDH9A1	5.562176011153497e-05
RPA2	TGM2	5.555209645535797e-05
RPA1	THEMIS2	5.552339644054882e-05
RAD51	SMARCA2	5.547534237848595e-05
RAD51	CYBC1	5.544256418943405e-05
HCFC1	CAPG	5.5381689890054986e-05
RPA1	PRTN3	5.528930341824889e-05
RPA1	XPNPEP1	5.5214582971530035e-05
RPA1	PTGR1	5.5166874517453834e-05
ELF1	PROCR	5.516094824997708e-05
CBFB	LDHB	5.5104952480178326e-05
CBFB	PIK3R2	5.507401510840282e-05
HCFC1	PGLYRP2	5.5051652452675626e-05
HDAC2	PRKCH	5.5040844017639756e-05
SPI1	RORA	5.497478196048178e-05
IRF8	PPID	5.4961801652098075e-05
MYC	SLC43A3	5.4829331929795444e-05
HDAC2	RORC	5.4793628805782646e-05
MEIS1	CKS2	5.477284503285773e-05
RAD21	JAM3	5.4768886911915615e-05
IRF8	KRT18	5.458474697661586e-05
IRF8	HACD4	5.440302629722282e-05
RPA1	RIN3	5.437519575934857e-05
RPA2	DDX20	5.4306528909364715e-05
MYC	TEK	5.4286701924866065e-05
CBFB	ZFP322A	5.415991836343892e-05
RAD51	TCN2	5.414717452367768e-05
RPA2	IFI209	5.4060728871263564e-05
RAD51	PLEKHO2	5.399551446316764e-05
RAD51	SLFN2	5.398408757173456e-05
RAD51	IL17RA	5.39525572094135e-05
RPA2	CTSL	5.383238021750003e-05
IRF8	GBP2	5.382029485190287e-05
RPA2	TMEM184C	5.3816125728189945e-05
HDAC2	EYA2	5.37116575287655e-05
RAD51	GM4951	5.370997678255662e-05
WDR5	ANXA5	5.3683994337916374e-05
RAD21	NFE2	5.365975812310353e-05
MYC	STAT2	5.361110743251629e-05
RAD21	SLC39A6	5.358147245715372e-05
RAD51	USP42	5.3457479225471616e-05
JUN	ASF1B	5.343512020772323e-05
RAD51	LRRC59	5.326303289621137e-05
RAD51	COL4A2	5.319191768649034e-05
WDR5	TGM2	5.315347880241461e-05
MYC	SERPINB9	5.3098032367415726e-05
RAD51	PIK3IP1	5.306318053044379e-05
CBFB	MAPK12	5.305765080265701e-05
HDAC2	IIGP1	5.305538434186019e-05
MYC	RANGAP1	5.304332808009349e-05
RPA2	CISH	5.3026869863970205e-05
HDAC2	MLLT3	5.3018990001874045e-05
ELF1	ITM2A	5.2976996812503785e-05
RPA1	AURKA	5.2961298933951184e-05
RAD51	RGS2	5.290875196806155e-05
SPI1	TMEM37	5.287435124046169e-05
HCFC1	SPCS3	5.285960651235655e-05
IRF8	IRF6	5.285669976728968e-05
RAD51	CS	5.284200233290903e-05
RAD51	NARS	5.283160135149956e-05
RPA1	CKS2	5.281810445012525e-05
RAD51	CLTC	5.281595076667145e-05
CBFB	MOB3C	5.275650983094238e-05
RPA1	USP11	5.2737686928594485e-05
RPA2	PTCD3	5.2718336519319564e-05
SPI1	FAM171A1	5.2658353524748236e-05
HDAC2	MAGED2	5.26411495229695e-05
RPA2	IGKC	5.257517477730289e-05
RAD51	SEC23IP	5.245789361651987e-05
RAD51	RMND5A	5.241059261607006e-05
IRF8	GIMAP1OS	5.240826430963352e-05
RAD51	MTUS1	5.237105506239459e-05
CBFB	GLIPR2	5.2352472266647965e-05
CBFB	TOR3A	5.229278394836001e-05
RPA1	ARHGAP15	5.2253100875532255e-05
CBFB	IGKC	5.2226769184926525e-05
RAD51	NFAM1	5.216819772613235e-05
MYC	TEC	5.2143157518003136e-05
RPA2	NPLOC4	5.213597250985913e-05
RAD51	CLEC4E	5.213504846324213e-05
CBFB	KRT18	5.2126248192507774e-05
SATB1	CDK18	5.196200800128281e-05
RAD51	CCDC50	5.1948329200968146e-05
RAD21	TUBGCP2	5.1926766900578514e-05
RAD51	RGS18	5.19064960826654e-05
GFI1B	D1ERTD622E	5.1890812756028026e-05
HCFC1	H2-AA	5.187711212784052e-05
RAD51	FARSA	5.185678310226649e-05
WDR5	OBSCN	5.183890971238725e-05
HDAC2	ATRN	5.171310476725921e-05
HDAC2	OSGIN1	5.1689832616830245e-05
RPA2	OSGIN1	5.1565104513429105e-05
RAD51	ITGAL	5.1446448196657e-05
RPA2	ANXA3	5.1369803259149194e-05
RPA2	TIFAB	5.1367263949941844e-05
RAD51	ELOVL5	5.130809950060211e-05
HCFC1	RARB	5.1266626542201266e-05
GFI1B	SLC30A5	5.125419920659624e-05
RAD51	GNL3	5.122149741509929e-05
RAD51	SMPD4	5.118800618220121e-05
SPI1	BUB1B	5.115895328344777e-05
RAD51	POLR1B	5.109685298521072e-05
RPA1	VKORC1L1	5.109660196467303e-05
MYC	IRGM2	5.1002087275264785e-05
RAD21	CTSZ	5.097156827105209e-05
RAD51	SAMD9L	5.087820318294689e-05
MYC	OSGIN1	5.086959936306812e-05
MYC	FLOT2	5.0808899686671793e-05
WDR5	FES	5.0751481467159465e-05
RAD51	ANXA2	5.0720609579002485e-05
MYC	MTOR	5.0668433686951175e-05
RAD51	SGMS1	5.0661292334552854e-05
ELF1	H2-AA	5.063692151452415e-05
IRF8	GIMAP8	5.059254908701405e-05
RPA1	RORC	5.056536974734627e-05
RAD51	SPI1	5.054874054621905e-05
HCFC1	TGM2	5.0518050557002425e-05
RPA1	F2R	5.0475595344323665e-05
RAD51	VAV1	5.046496517024934e-05
MYC	MAGED2	5.0443522923160344e-05
RPA2	TNFRSF21	5.0361024477751926e-05
RPA2	NFKBIA	5.0352056859992445e-05
RAD51	THSD1	5.034175410401076e-05
RAD51	PEAR1	5.03143819514662e-05
SPI1	GLIPR2	5.0197257223771885e-05
RAD51	CD300A	5.015039641875774e-05
RPA2	TINAGL1	5.0113485485780984e-05
RPA2	MYO5A	5.007860454497859e-05
MYC	SNX30	5.002017132937908e-05
SATB1	NDN	4.991819150745869e-05
MYC	CDCA8	4.990477464161813e-05
RPA1	MTOR	4.989151784684509e-05
HCFC1	NUPR1	4.982659811503254e-05
WDR5	MAMDC2	4.975854608346708e-05
MYC	CTSL	4.973990508005954e-05
RPA2	COL4A1	4.9727495934348553e-05
RAD51	RASA4	4.963959872839041e-05
RPA2	UBE2L6	4.9633090384304523e-05
MYC	TPX2	4.960166916134767e-05
HCFC1	CD274	4.9484144255984575e-05
RAD51	SUSD3	4.947511843056418e-05
RAD51	NUAK2	4.946330591337755e-05
IRF8	PRKCQ	4.934327080263756e-05
RAD51	ACSS2	4.9291629693470895e-05
IRF8	ACSS2	4.923066444462165e-05
RPA2	PLD3	4.917662590742111e-05
RPA2	GPR65	4.916434045298956e-05
JUN	CKS2	4.909118797513656e-05
HCFC1	ABCG3	4.906363756163046e-05
RPA2	RPS6KA5	4.89566482428927e-05
RPA1	B230219D22RIK	4.893162622465752e-05
HCFC1	MOB3C	4.889048796030693e-05
SPI1	TK1	4.887367686023936e-05
RPA2	NPTN	4.886159877059981e-05
RPA2	MSMO1	4.884913869318552e-05
MYC	ATF7	4.882374923909083e-05
IRF8	DENND2D	4.878429172094911e-05
HDAC2	ACOX3	4.869950862484984e-05
RPA2	PPP1R9A	4.866308154305443e-05
RAD51	CTSL	4.8568545025773346e-05
RPA1	BTG2	4.852420534007251e-05
RAD51	UNC93B1	4.851936682825908e-05
HCFC1	TEAD2	4.849858669331297e-05
RAD21	PECAM1	4.8435726057505235e-05
HCFC1	RTP4	4.842525231651962e-05
GFI1B	UBL4A	4.840648398385383e-05
MYC	GIMAP8	4.840031760977581e-05
MEIS1	CDC45	4.835038635064848e-05
RPA1	SERPINB6A	4.834710489376448e-05
HCFC1	TRIM30B	4.8321420763386413e-05
RAD51	TMEM37	4.828573582926765e-05
RPA1	GNS	4.821920447284356e-05
HCFC1	NEURL3	4.819797322852537e-05
IRF8	SPC25	4.815448119188659e-05
RPA2	MOB3C	4.807247387361713e-05
MYC	TEAD2	4.804611307918094e-05
RAD51	NECAP2	4.8029909521574154e-05
RAD51	STRAP	4.7985038690967485e-05
RPA2	PPP1R15A	4.796609209734015e-05
RPA1	KLF6	4.793463085661642e-05
RPA2	ABL1	4.793222979060374e-05
RAD51	TNFRSF21	4.792464096681215e-05
HCFC1	EYA2	4.790721141034737e-05
RPA1	RPRD1B	4.788688602275215e-05
RPA1	ABITRAM	4.78177607874386e-05
HCFC1	OASL2	4.780193921760656e-05
HDAC2	PRTN3	4.7790399548830464e-05
RAD51	GUSB	4.7753921535331756e-05
RPA2	ARHGEF39	4.768578946823254e-05
HCFC1	TSPAN2	4.768004146171734e-05
RPA1	SGPP1	4.763496690429747e-05
MYC	NUAK2	4.74282460345421e-05
HDAC2	SSH3	4.7415815060958266e-05
RAD51	QARS	4.737592826131731e-05
IRF8	INPP5B	4.736886694445275e-05
ELF1	NDN	4.732232991955243e-05
RPA2	URB2	4.7321034799097106e-05
RPA2	OBSCN	4.7276964323828e-05
HCFC1	HDAC11	4.7243778681149706e-05
IRF8	RBPMS	4.714416354545392e-05
MYC	NCAPG2	4.705656829173677e-05
RAD51	TEK	4.7028624976519495e-05
MYC	PLXNA4OS1	4.702271326095797e-05
HCFC1	ACOX1	4.7010275011416525e-05
RPA1	GRIA3	4.6965440560597926e-05
RPA1	PLXNA4OS1	4.6877805289113894e-05
IRF8	SPO11	4.6876815758878365e-05
ELF1	SORL1	4.679521225625649e-05
HCFC1	STRAP	4.677974357036874e-05
RPA2	TNIP3	4.6779168769717216e-05
HDAC2	SYTL1	4.6666238631587476e-05
RPA1	ACOX1	4.661317871068604e-05
RPA1	FES	4.6594224841101095e-05
SATB1	TRPC6	4.659300611820072e-05
GFI1B	IGKC	4.6573084546253085e-05
RAD51	ZDHHC13	4.6564528020098805e-05
STAT2	HMGB3	4.653712676372379e-05
RPA2	TMEM246	4.652078860090114e-05
RAD51	BCL2	4.650687696994282e-05
MYC	PRKCQ	4.64595686935354e-05
IRF8	RGCC	4.635008008335717e-05
RPA1	OSTM1	4.613652345142327e-05
HCFC1	PIK3IP1	4.607773007592186e-05
HCFC1	CDKN1C	4.602100671036169e-05
IRF8	PTGS1	4.588720548781566e-05
RAD51	TRPS1	4.576273568090983e-05
MEIS1	TOP2A	4.572025136440061e-05
RPA1	GFM1	4.571821409626864e-05
WDR5	APOE	4.567006544675678e-05
RAD51	CRISPLD1	4.547058415482752e-05
MYC	PCMTD1	4.545177216641605e-05
RAD51	PKIB	4.540482404991053e-05
WDR5	HACD4	4.538727444014512e-05
RAD51	GPD1L	4.5235719881020486e-05
HCFC1	DENND1C	4.523382449406199e-05
RAD51	GLRX5	4.520855873124674e-05
WDR5	CDKN1C	4.520227594184689e-05
RPA2	CCNB2	4.519198046182282e-05
RPA2	ZBTB20	4.518767673289403e-05
RPA2	VIPR2	4.516497574513778e-05
HDAC2	OSBPL1A	4.51590858574491e-05
RPA2	OSBPL1A	4.5064574806019664e-05
MYC	THEMIS2	4.502461160882376e-05
SPI1	GIMAP8	4.499146234593354e-05
RPA1	GNG12	4.498389535001479e-05
RPA2	EFTUD2	4.4945412810193375e-05
RPA2	CTLA2A	4.494102904573083e-05
RPA2	EGR1	4.491995423450135e-05
RAD51	CLPTM1L	4.489069397095591e-05
RAD51	TEAD2	4.4846565288025886e-05
RPA2	EYA2	4.46840058430098e-05
RAD51	SLC39A6	4.464304947759956e-05
IKZF1	COL4A2	4.457690010895021e-05
IKZF1	HID1	4.4528351281769574e-05
ELF1	FCGRT	4.445316517376341e-05
RAD51	PIP4K2A	4.442151839612052e-05
RPA2	HEXA	4.4397882447810844e-05
IKZF1	GEMIN5	4.439224358065985e-05
HCFC1	VDR	4.435949813341722e-05
RPA1	PSTPIP1	4.432883724803105e-05
IKZF1	TOR3A	4.431761408341117e-05
SPI1	MCM10	4.429735054145567e-05
RPA1	HACD4	4.428685497259721e-05
SATB1	F11R	4.428532702149823e-05
RPA2	FCHO2	4.426341183716431e-05
HCFC1	ITM2A	4.424347935128026e-05
SPI1	XRCC3	4.420002005645074e-05
HCFC1	OSGIN1	4.417452873894945e-05
MYC	IIGP1	4.414072463987395e-05
SATB1	RARB	4.413996066432446e-05
HCFC1	PROCR	4.4110711314715445e-05
IRF8	RP2	4.409097527968697e-05
RAD51	FES	4.396137592266314e-05
RPA2	MICU1	4.391107358969748e-05
SPI1	RACGAP1	4.385387364891358e-05
IRF8	MXD3	4.38286988355685e-05
MYC	LMAN2L	4.381506369099952e-05
IRF8	LDHB	4.3811633076984435e-05
RAD21	INTS13	4.3754556827479973e-05
GATA2	GM5111	4.3671043385984376e-05
RPA1	FCHO2	4.359676313470118e-05
RAD51	MXD3	4.353664553491399e-05
WDR5	CALCRL	4.352360338089056e-05
GFI1B	REL	4.3469699448905885e-05
RAD51	RETREG1	4.3430220102891326e-05
RAD51	TIFAB	4.340871601016261e-05
RPA1	IGHM	4.340479426900856e-05
IRF8	PTTG1IP	4.338204234954901e-05
RPA1	HAAO	4.332395110395737e-05
GFI1B	EML4	4.331033778726123e-05
NFAT5	ASF1B	4.3290358007652685e-05
RPA1	BPIFC	4.323710163589567e-05
MYC	LZTS1	4.322671884438023e-05
HCFC1	HSPA4	4.3190986616536975e-05
RAD51	9530068E07RIK	4.315252954256721e-05
RPA2	TEC	4.3115782318636775e-05
HCFC1	AKAP8L	4.3107451347168535e-05
RAD51	SDC4	4.3103311327286065e-05
RAD51	VPS35	4.3002375605283305e-05
MYC	CDC45	4.2971292714355513e-05
RAD51	2610035D17RIK	4.293416714062914e-05
HDAC2	TRIM30B	4.290354627300985e-05
RPA1	TMEM184C	4.2747116822283715e-05
RPA1	ACSS2	4.271577199688181e-05
WDR5	CD82	4.270526551408693e-05
HDAC2	VAV1	4.266481482773088e-05
IRF8	PDZK1IP1	4.261581489117816e-05
HCFC1	COL4A2	4.2581123125273734e-05
WDR5	RAD51AP1	4.250499478075653e-05
RPA2	CTSO	4.249255289323628e-05
ELF1	NAP1L3	4.249062476446852e-05
HDAC2	ENG	4.239903864799999e-05
NFAT5	NADK	4.2384028347441927e-05
RAD51	EMILIN1	4.236268068780191e-05
ELF1	MIS12	4.23374367528595e-05
RPA1	PLPPR3	4.2330368160037324e-05
MYC	PIP4K2A	4.231503407936543e-05
CBFB	AP3S1	4.2298466723877937e-05
RPA2	ZFP36	4.22273478761781e-05
IKZF1	GNG11	4.220817208988592e-05
RPA1	CCNB2	4.2186813516309485e-05
RPA1	NFAM1	4.2128769564442337e-05
RPA2	CBX7	4.211600753478706e-05
RAD51	ZC3H7A	4.208684549666941e-05
RAD51	PSME4	4.2077048419741914e-05
SATB1	TEK	4.205491495667957e-05
RPA1	ARID5A	4.2037456296384335e-05
RPA2	F13A1	4.203153366688639e-05
WDR5	GALNS	4.202462878311053e-05
RPA2	ZHX1	4.200231342110783e-05
RAD51	PLAC8	4.1983956180047244e-05
JUN	TXNDC11	4.1876566683640704e-05
HDAC2	ABITRAM	4.181581607554108e-05
HCFC1	EGR1	4.181501208222471e-05
MYC	ASF1B	4.1811745177255943e-05
MYC	CYP2J6	4.176713991910219e-05
RAD51	SERP1	4.173050183453597e-05
HCFC1	NAPRT	4.171819819021039e-05
HDAC2	FLNB	4.1698924178490415e-05
RPA1	NAPSA	4.164139318163507e-05
RPA2	RACGAP1	4.1618091927375644e-05
SPI1	MXD3	4.156187787884846e-05
RPA2	SLPI	4.146480205236003e-05
ELF1	TOR3A	4.1411793063161895e-05
RAD51	EPAS1	4.137114228797145e-05
RAD51	RAB31	4.132630056119524e-05
HCFC1	CD300A	4.131953028263524e-05
RPA2	CIP2A	4.122707832721062e-05
RPA1	SERPINA3G	4.107595304958522e-05
RPA2	GLIPR2	4.106010601390153e-05
RAD51	ATP13A1	4.103378523723222e-05
IRF8	CD244A	4.100784644833766e-05
WDR5	PIK3R2	4.0987626562127843e-05
RAD51	GLB1	4.098187855561264e-05
CBFB	APOE	4.091662776772864e-05
RAD51	INTS8	4.0880397136788815e-05
RAD51	TMX4	4.086794069735333e-05
RPA1	MIEF1	4.083717431058176e-05
MYC	CSF1R	4.0743911085883155e-05
WDR5	HID1	4.074090247740969e-05
WDR5	MTMR6	4.0733979403739795e-05
SPI1	NCAPG2	4.073256059200503e-05
MYC	DEK	4.071822331752628e-05
RAD51	ARID5A	4.070411159773357e-05
HDAC2	NCF1	4.068209818797186e-05
RPA2	CKAP2L	4.064634413225576e-05
WDR5	TUBGCP3	4.064573295181617e-05
RPA1	STRAP	4.063057349412702e-05
RAD51	PFKFB3	4.062335574417375e-05
WDR5	CPA3	4.062015432282351e-05
RPA2	LDHB	4.0583145164418966e-05
RPA2	CCDC137	4.0391496440861374e-05
IKZF1	ADORA2A	4.033873847220093e-05
RAD51	WSB1	4.0332426578970626e-05
HDAC2	FGL2	4.032388824271038e-05
SPI1	RAD51	4.0315891965292394e-05
IRF8	FAM171A1	4.027594332001172e-05
RPA1	SLC22A3	4.019918560516089e-05
ELF1	TMEM50B	4.019795233034529e-05
SPI1	TRIM59	4.018320032628253e-05
IRF8	SLC18A2	4.018030813313089e-05
ELF1	HID1	4.015889862785116e-05
RPA1	ROBO4	4.013914076494984e-05
IRF8	SAMD9L	4.0121274651028216e-05
WDR5	FOXO1	4.011273995274678e-05
RPA2	MAGED2	4.009699841844849e-05
RPA1	VIPR2	4.005123264505528e-05
HDAC2	FGGY	4.002410059911199e-05
RPA1	CNIH1	4.000323679065332e-05
HCFC1	POLR1B	3.993084101239219e-05
WDR5	KIF17	3.988409662269987e-05
SPI1	NUP85	3.987890522694215e-05
RPA2	ENG	3.986124283983372e-05
RAD51	LY6A	3.983508941018954e-05
RPA2	VDR	3.982702401117422e-05
RPA1	SLFN2	3.969315730500966e-05
SPI1	TINAGL1	3.969222598243505e-05
CBFB	ENG	3.965335417888127e-05
GATA2	LY9	3.961056791013107e-05
RAD51	CD68	3.9607581129530445e-05
IRF8	TPX2	3.960494723287411e-05
IRF8	COL4A1	3.959914101869799e-05
HCFC1	KCNK5	3.959104651585221e-05
HCFC1	GM11346	3.958361048717052e-05
RPA1	ADK	3.958154411520809e-05
RAD51	FARSB	3.95677998312749e-05
RAD51	MAMDC2	3.954398925998248e-05
WDR5	EBF1	3.9520891732536256e-05
HDAC2	THEMIS2	3.9520557038486004e-05
RAD51	MECOM	3.948302401113324e-05
RAD51	9530082P21RIK	3.9418358937837183e-05
RAD51	CSF1R	3.9404410927090794e-05
RPA2	SLC28A2	3.940136230085045e-05
RAD51	ITCH	3.934768756153062e-05
RPA2	MECOM	3.933694097213447e-05
RPA2	NCF1	3.932034087483771e-05
RPA1	HID1	3.9307778934016824e-05
MYC	TLR4	3.927474972442724e-05
RAD51	ACOX1	3.926430144929327e-05
RAD51	MRPL37	3.925590863218531e-05
RPA2	EFCC1	3.923662370652892e-05
RAD51	TMEM154	3.922565883840434e-05
SPI1	HID1	3.921830648323521e-05
HCFC1	TRPC6	3.921314055332914e-05
RAD51	PIM2	3.9193055272335187e-05
RAD51	PWP2	3.914470289601013e-05
RPA1	PNCK	3.913923501386307e-05
RAD51	ABCG3	3.91045723517891e-05
ELF1	IFI30	3.909584484063089e-05
ELF1	CFP	3.907334394170903e-05
RAD21	APBB1	3.902380558429286e-05
MYC	FCGR2B	3.9020022086333483e-05
MYC	GNG11	3.898915383615531e-05
WDR5	TNIP3	3.892275708494708e-05
GFI1B	NCAPG	3.889935396728106e-05
RPA1	TEC	3.8862901419634e-05
RPA2	PTPRE	3.884978286805563e-05
HDAC2	TEK	3.883285535266623e-05
RAD51	GM4759	3.8816135202068835e-05
HCFC1	PRKCQ	3.8804726500529796e-05
WDR5	PROCR	3.875857146340422e-05
RPA1	CPA3	3.8727372157154605e-05
RAD51	PNCK	3.871670560329221e-05
CBFB	RTP4	3.864632890326902e-05
SPI1	GNG11	3.863850361085497e-05
CBFB	CYP4V3	3.863811434712261e-05
RAD51	MIEF1	3.8599227991653606e-05
IKZF1	FTSJ3	3.8595902879023924e-05
HDAC2	STX3	3.858831769321114e-05
RPA2	NFAM1	3.855270188068971e-05
WDR5	RARB	3.846798063023016e-05
IRF8	NAP1L3	3.845330502372235e-05
RPA1	AP3S1	3.843964441330172e-05
RAD51	ADGRL4	3.823149745585397e-05
RPA2	OTUD6B	3.819667472271249e-05
HCFC1	TBC1D10C	3.8147893064888194e-05
RAD51	PITPNC1	3.8060967199271545e-05
RPA1	THADA	3.797761382884346e-05
RPA2	OASL2	3.792549978243187e-05
HCFC1	CTSF	3.7898171285633e-05
RAD51	TXNDC11	3.7889043596806005e-05
RPA1	HDAC11	3.779913095058873e-05
RAD51	DOK2	3.771427509491332e-05
RAD51	CYP4V3	3.765449582715519e-05
HDAC2	OASL2	3.76312127627898e-05
WDR5	BDH2	3.762050255318172e-05
RPA1	TMEM37	3.7614045140799135e-05
RPA1	RPS6KA5	3.759023820748553e-05
RPA1	SUPV3L1	3.752353950403631e-05
MYC	CISH	3.745324647752568e-05
RPA1	OSBPL1A	3.742960325325839e-05
HCFC1	PRR5	3.742821718333289e-05
IRF8	MAGED1	3.7426874769153073e-05
HDAC2	TCP11L2	3.740043393918313e-05
RPA2	XRCC6	3.737111182999797e-05
HDAC2	CTLA2A	3.735815698746592e-05
MEIS1	GMNN	3.734988422365859e-05
RPA1	IARS2	3.734785059350543e-05
WDR5	HLF	3.733126141014509e-05
ELF1	LTB	3.724264388438314e-05
HDAC2	INO80D	3.7147809052839875e-05
HCFC1	AI506816	3.705900235217996e-05
RPA1	ABCG3	3.7006193451816216e-05
IRF8	ARHGAP15	3.694635597639717e-05
HDAC2	CD74	3.691060919663869e-05
MYC	METTL27	3.689839650178328e-05
RPA2	IL17RA	3.689398363349028e-05
RPA1	GMCL1	3.684961484395899e-05
SPI1	TYMS	3.672732782433741e-05
RPA2	PCMTD1	3.6718349292641506e-05
RPA2	PBX1	3.6710458516608924e-05
WDR5	KIF13A	3.669677971629426e-05
HCFC1	CSGALNACT1	3.668666977318935e-05
GFI1B	LY9	3.660990478238091e-05
RPA2	CENPE	3.660796210169792e-05
SATB1	FCGRT	3.6604244087357074e-05
CBFB	TMEM37	3.65048399544321e-05
RPA1	AGPS	3.649424252216704e-05
HDAC2	TTLL12	3.6468969483394176e-05
WDR5	NFAT5	3.6439250834519044e-05
SPI1	ARHGEF39	3.640518480096944e-05
IRF8	CTTN	3.633117739809677e-05
MEIS1	TPM4	3.628166450653225e-05
RAD51	DNAJC5	3.6067231121705845e-05
RPA1	NDUFS1	3.604310404625721e-05
RAD51	CASP1	3.600291893235408e-05
GFI1B	CSF3R	3.598529292503372e-05
RAD51	CASP12	3.598174953367561e-05
MYC	OSTM1	3.598080002120696e-05
CBFB	FOXRED1	3.5959939850727096e-05
CBFB	SOAT1	3.5951408790424466e-05
ELF1	TYMS	3.5946421121479943e-05
HDAC2	NEDD1	3.592754728742875e-05
IRF8	OASL2	3.591925633372739e-05
CBFB	ANXA3	3.590341657400131e-05
MEIS1	ITGAL	3.5890127037419006e-05
WDR5	ITCH	3.58133802365046e-05
RPA1	MILR1	3.577785173547454e-05
RPA2	ANXA2	3.5749479138758034e-05
HDAC2	PTCD3	3.571297202142887e-05
RAD51	BTG2	3.567142630345188e-05
WDR5	KPNA3	3.561232006177306e-05
HCFC1	TRIM30D	3.560076584108174e-05
RAD21	JUN	3.559056494850665e-05
RPA2	TRIM30D	3.558149910531938e-05
HDAC2	TMEM229B	3.555387593223713e-05
RPA2	DUSP1	3.551090776454657e-05
RPA2	IDH1	3.5495057090884075e-05
RPA2	IL12A	3.549297252902761e-05
HCFC1	TXNIP	3.5491542803356424e-05
RPA1	CKAP2	3.5486438719090074e-05
RPA1	CTSL	3.545762592693791e-05
HCFC1	FOXO1	3.543619823176414e-05
HCFC1	IRF6	3.541111072991043e-05
RAD51	OASL2	3.539760655257851e-05
RAD51	NDUFS1	3.535865471349098e-05
RPA1	PHF11B	3.535842915880494e-05
HCFC1	SLC39A6	3.532735718181357e-05
HDAC2	MMRN1	3.528216984705068e-05
SATB1	ARRDC4	3.5205961466999725e-05
RPA2	NUDCD1	3.5133172787027434e-05
IKZF1	GP9	3.512841431074776e-05
MYC	EMCN	3.5120472603011876e-05
RAD51	OBSL1	3.5116398066747934e-05
SATB1	MAGED1	3.510712122078985e-05
HCFC1	GM4759	3.509377711452544e-05
CBFB	GNG11	3.506197390379384e-05
HDAC2	EDEM1	3.5047596611548215e-05
RAD51	PCMTD1	3.5026918340008706e-05
MYC	TMEM154	3.501590617815964e-05
RAD21	SLC29A1	3.50009577232413e-05
RPA1	MYB	3.499814556562342e-05
RAD51	HEXA	3.4976470487890765e-05
RPA2	MGAT5	3.494584598229267e-05
HDAC2	ABL1	3.487625508569181e-05
HDAC2	ATP8B4	3.48157700500451e-05
RPA2	BCL2	3.47754976246506e-05
ELF1	ENPP5	3.471632953733206e-05
WDR5	CERS4	3.471051240921952e-05
HDAC2	ITCH	3.468340219114907e-05
RAD51	GBP2	3.4643118851818144e-05
HCFC1	APBB1	3.464282053755596e-05
RPA2	PRKCH	3.464189649093896e-05
MYC	METAP1	3.456802005530335e-05
RAD51	ARRDC4	3.455340629443526e-05
MYC	PRIM2	3.455077239777893e-05
SATB1	JAM3	3.454910984146409e-05
CBFB	NAP1L3	3.4509459510445595e-05
RPA1	TOMM70A	3.4359487472102046e-05
IRF8	TLR4	3.43526917276904e-05
MYC	ART4	3.429679782129824e-05
MYC	ENPP5	3.429104253882542e-05
MYC	NFKBIA	3.428471609367989e-05
SATB1	DENND2D	3.420242137508467e-05
WDR5	TMEM246	3.418805499677546e-05
RPA1	INTS13	3.404301969567314e-05
RAD51	GNG12	3.4010576200671494e-05
HCFC1	H2-Q6	3.3966243790928274e-05
RPA1	OTULINL	3.395909516257234e-05
HDAC2	LY86	3.3910753700183704e-05
RPA1	HP	3.3907614124473184e-05
RAD51	MMRN1	3.383420335012488e-05
RPA1	MPL	3.3815445931395516e-05
IRF8	TXNIP	3.381114947842434e-05
HDAC2	CDCA3	3.376863605808467e-05
IKZF1	PRKCQ	3.35909535351675e-05
IRF8	SHISA5	3.358153480803594e-05
HDAC2	LDHB	3.357359310030006e-05
RAD51	GBP3	3.357059176778421e-05
RPA2	PSMD9	3.3523738238727674e-05
IRF8	CKAP5	3.3522312151035294e-05
RPA2	BC005561	3.348736936459318e-05
RPA1	PLD3	3.34330034093e-05
SPI1	CENPK	3.334488064865582e-05
HDAC2	PCMTD1	3.334161010570824e-05
RPA2	TRIM16	3.33247116941493e-05
RAD51	PBX1	3.331460902700201e-05
RAD51	SYNJ1	3.330519757582806e-05
MYC	NUPR1	3.3258296753047034e-05
IRF8	UBE2L6	3.324825593153946e-05
CBFB	CDKN1C	3.322137490613386e-05
WDR5	PSME4	3.321386611787602e-05
WDR5	RORC	3.3211599657079205e-05
RAD51	OSGIN1	3.318088783998974e-05
RPA1	TSC22D3	3.3173761039506644e-05
MEIS1	CDCA8	3.3145803172374144e-05
RAD51	IRF6	3.314071727800183e-05
RPA1	PTDSS1	3.312097760499455e-05
RAD21	PHF11B	3.30557522829622e-05
RAD51	ITPR1	3.292851033620536e-05
RPA2	IFI44	3.289696905994788e-05
RAD51	ARHGAP15	3.286098944954574e-05
HDAC2	GM4951	3.2857631595106795e-05
SPI1	SPC24	3.28292153426446e-05
MYC	ACOX3	3.276906136306934e-05
MYC	IGTP	3.2767780794529244e-05
RAD51	METAP1	3.2750755053712055e-05
HDAC2	SETD2	3.273713809903711e-05
RAD51	FGGY	3.269723674748093e-05
RPA2	CS	3.2662792364135385e-05
RPA2	H2-AA	3.2642015867168084e-05
RAD51	CKAP2	3.2612530048936605e-05
IRF8	HNRNPLL	3.258651486248709e-05
RPA2	POR	3.25163418892771e-05
RAD51	HDGF	3.2513660698896274e-05
RPA1	PLEKHO2	3.251318776165135e-05
IKZF1	TMEM37	3.250827649026178e-05
RPA1	PECAM1	3.246015330660157e-05
RPA2	CYP2J6	3.2459432986797765e-05
HDAC2	MYO5A	3.244605613872409e-05
RPA2	TOR3A	3.236210250179283e-05
SATB1	EIF2B1	3.23425410897471e-05
RPA2	IIGP1	3.234120231354609e-05
RPA1	PDE4B	3.2317406294168904e-05
RAD51	GOLIM4	3.2314354029949754e-05
RAD51	CDKN1C	3.2277839636662975e-05
HDAC2	PTGR1	3.227028719265945e-05
RAD51	TGM2	3.2267169444821775e-05
RPA1	SNAP23	3.225333784939721e-05
RPA2	DNAJC10	3.2237236155197024e-05
HDAC2	TMX4	3.2175339583773166e-05
RPA1	CYBC1	3.214872776879929e-05
RPA2	PLXNC1	3.2094070775201544e-05
WDR5	AFAP1L1	3.206171459169127e-05
RPA2	UBE2C	3.199342609150335e-05
RAD51	MGAT1	3.1973733712220564e-05
RPA1	IFI44	3.196609759470448e-05
IKZF1	CTSF	3.184472370776348e-05
MYC	GABBR1	3.179403574904427e-05
RPA2	ARL11	3.177913458785042e-05
HDAC2	TINAGL1	3.174730954924598e-05
RAD51	HDAC11	3.1727642635814846e-05
HCFC1	MMRN1	3.172111610183492e-05
RPA1	RMND5A	3.1709903851151466e-05
HCFC1	GP9	3.168303010170348e-05
RPA2	SLC44A2	3.1673629564465955e-05
MYC	MYO1F	3.165493399137631e-05
HDAC2	C030034L19RIK	3.164137524436228e-05
RAD21	SARAF	3.159415064146742e-05
HDAC2	SUSD3	3.155721424263902e-05
RAD51	IIGP1	3.1555780878989026e-05
RPA2	GM1966	3.152706631226465e-05
HCFC1	GPR65	3.150630072923377e-05
RPA2	IRF6	3.1322775612352416e-05
RPA2	PIP4K2A	3.1319261324824765e-05
RAD21	BDH2	3.130736877210438e-05
IKZF1	CD9	3.123487840639427e-05
RPA2	CDKN1C	3.1186089472612366e-05
GFI1B	FCGR2B	3.11728217639029e-05
RPA2	RORC	3.114596620434895e-05
RAD51	RCSD1	3.112696867901832e-05
RPA2	FRRS1	3.1099589250516146e-05
RPA2	SIRPA	3.108196324319579e-05
HDAC2	UBE2C	3.107763041043654e-05
IKZF1	NDRG2	3.104750794591382e-05
RPA1	RARB	3.097508670180105e-05
RPA1	CD48	3.094382554991171e-05
IRF8	SHCBP1	3.093478153459728e-05
RPA1	GM20342	3.092471160925925e-05
CBFB	COL4A1	3.0901661375537515e-05
ELF1	TLR4	3.08678463625256e-05
RAD51	CTSO	3.086679134867154e-05
MYC	CENPK	3.085554999415763e-05
WDR5	GMIP	3.08100861730054e-05
HCFC1	PDZK1IP1	3.08071103063412e-05
RAD51	NFIA	3.0789906304562464e-05
RPA2	STAG2	3.074658889090642e-05
RAD51	JAM3	3.072516119573265e-05
RAD51	MFNG	3.0697126931045204e-05
RPA2	ELOVL5	3.0677438189741224e-05
RPA2	GTF2H1	3.067062789341435e-05
RPA1	EEF1E1	3.063318217755295e-05
RPA1	MYC	3.058167203562334e-05
STAT2	UTP4	3.0473776860162616e-05
RPA1	MYL10	3.046524761884939e-05
RAD51	ZEB2	3.039133662241511e-05
MYC	SMC2	3.0300974685815163e-05
JUN	MS4A3	3.0296938348328695e-05
RAD51	GABBR1	3.0262101063271984e-05
MYC	NCAPG	3.025116166099906e-05
RPA1	NAP1L3	3.0245711968746036e-05
MYC	CCL4	3.0235349186114036e-05
RPA1	FLNB	3.0227134629967622e-05
HDAC2	IL12A	3.021920201717876e-05
RPA1	CTSF	3.0207182135200128e-05
WDR5	CREB5	3.014522371813655e-05
HCFC1	MSMO1	3.0132776373648085e-05
RAD51	GLIPR2	3.0129784136079252e-05
SATB1	PROCR	3.011946682818234e-05
HCFC1	SLC19A1	3.0119217626634054e-05
RPA1	SHISA5	3.008814928762149e-05
GFI1B	RORC	3.0043796868994832e-05
RAD21	STXBP4	2.9998420359333977e-05
HCFC1	TMEM184C	2.9983177228132263e-05
RAD51	NAP1L3	2.9980312319821678e-05
RPA2	NUPR1	2.9963113775011152e-05
IRF8	LONP2	2.995063732669223e-05
MYC	FCGR3	2.9941491447971202e-05
IRF8	TIMP2	2.9893108148826286e-05
MYC	NUP88	2.9856146284146234e-05
SPI1	ORC6	2.9842505682609044e-05
RAD51	PFKP	2.9841807190678082e-05
MYC	RAD51AP1	2.9819508199580014e-05
RPA2	CRISPLD1	2.9725790227530524e-05
RAD51	SYTL1	2.9721057217102498e-05
RPA1	CDKN1C	2.9690316296182573e-05
HCFC1	BID	2.9675775294890627e-05
IRF8	NCAPH	2.9639430067618378e-05
GFI1B	GRIA3	2.9637578336405568e-05
RPA1	SERP1	2.9597700631711632e-05
RPA1	SLA	2.959238554467447e-05
HDAC2	EIF2B1	2.9586801247205585e-05
ELF1	PIK3R2	2.958104778372217e-05
RPA1	FDFT1	2.9568242098321207e-05
ELF1	GIMAP8	2.9519093004637398e-05
RAD51	RP2	2.945939741039183e-05
RPA2	MAML3	2.9441327569657005e-05
RPA2	LYN	2.9432263545459136e-05
SATB1	LHCGR	2.933099131041672e-05
RAD51	PLPPR3	2.931642666226253e-05
RPA1	TRIM59	2.9296357752173208e-05
RAD21	HSPA4	2.928851972683333e-05
RPA2	MTMR6	2.9240480216685683e-05
RAD21	OTULINL	2.921722989412956e-05
RPA1	ANXA3	2.920713995990809e-05
HDAC2	CSAD	2.9203289159340784e-05
RAD51	H1F0	2.9201084544183686e-05
IRF8	ACOX1	2.9167436878196895e-05
RAD51	UQCRFS1	2.916170342359692e-05
RPA2	RIN3	2.9158167308196425e-05
IRF8	KIF13A	2.9125418222974986e-05
RAD51	GIMAP1	2.907300768129062e-05
RPA2	TMEM229B	2.9068494768580422e-05
RAD51	TMEM246	2.9042574169579893e-05
RPA1	MOB3C	2.90395000774879e-05
RAD21	GM11346	2.9022728995187208e-05
RPA2	CD300A	2.9000524591538124e-05
HDAC2	ATF7	2.8926520826644264e-05
MYC	SPC25	2.8922744604642503e-05
RPA1	PFKFB3	2.8874308554804884e-05
GFI1B	MXD3	2.8786635084543377e-05
HDAC2	MS4A6C	2.8786558686988428e-05
MYC	GBP3	2.874313940992579e-05
CBFB	LHCGR	2.8734739316860214e-05
RAD51	GALNS	2.8731083148159087e-05
CBFB	SLC18A2	2.869663694582414e-05
RAD51	ANXA1	2.867676994355861e-05
RPA2	TXNIP	2.8650953026954085e-05
RPA2	FLOT2	2.864066482288763e-05
RPA1	BC005561	2.863868576241657e-05
RAD21	MAGED1	2.8609469154616818e-05
HDAC2	TGFBR1	2.8595513867912814e-05
RAD51	METTL27	2.858867446775548e-05
RPA1	RP2	2.8574500902323052e-05
MYC	FSTL1	2.853672231140081e-05
HCFC1	IIGP1	2.853086516552139e-05
HCFC1	PLA2G15	2.8519567422335967e-05
HDAC2	SPTBN1	2.8445127099985257e-05
RPA2	BUB1B	2.8445119824027643e-05
RAD51	PSTPIP1	2.843347829184495e-05
RPA1	PLIN3	2.8420348826330155e-05
HCFC1	NPDC1	2.841597597580403e-05
RPA2	ACOX1	2.8374426619848236e-05
ELF1	BDH2	2.8348056730465032e-05
RAD51	SLC18A2	2.832448444678448e-05
IRF8	SLC28A2	2.8317654141574167e-05
IRF8	OSGIN1	2.829241748258937e-05
RAD51	ATP8B4	2.8272934287087992e-05
RPA2	SELENOP	2.826214586093556e-05
RPA1	PRKCQ	2.8260838007554412e-05
RPA1	MTCH2	2.8255339202587493e-05
RAD51	TINAGL1	2.8183358153910376e-05
RAD21	PDZK1IP1	2.8142701921751723e-05
RPA1	TARS	2.8139353162259795e-05
RAD51	ZFP53	2.8137839763076045e-05
HDAC2	CASP4	2.8078236937290058e-05
RPA1	DDX21	2.8076045055058785e-05
RPA2	FGL2	2.8059101168764755e-05
RAD51	CSGALNACT1	2.8040371034876443e-05
RPA1	CISH	2.7952777600148693e-05
ELF1	TGM2	2.7927702831220813e-05
RAD51	RAB37	2.792745544866193e-05
HCFC1	APLP2	2.792460327327717e-05
SPI1	RORC	2.7862415663548745e-05
HCFC1	SNHG5	2.785561082419008e-05
IKZF1	TEX10	2.785031210805755e-05
RPA1	RGCC	2.783103809633758e-05
RAD51	EPRS	2.7811656764242798e-05
WDR5	NUPR1	2.7768748623202555e-05
RPA1	TRMT6	2.7755228074966e-05
MYC	ME2	2.7746609703171998e-05
HDAC2	CYP4V3	2.774390122795012e-05
SATB1	DDX1	2.7723812308977358e-05
SPI1	CDK1	2.7701151338987984e-05
CBFB	STX3	2.7625788789009675e-05
CBFB	HID1	2.7580867026699707e-05
WDR5	SLC37A1	2.754490742518101e-05
RPA1	RNF38	2.751034298853483e-05
HDAC2	TIMP2	2.7502845114213414e-05
IRF8	CYP2J6	2.7449941626400687e-05
RPA1	ZFP945	2.7421257982496172e-05
RPA1	4833439L19RIK	2.74206558970036e-05
CBFB	BDH2	2.7391823095967993e-05
RAD51	GTF2H1	2.730525920924265e-05
RPA1	DENND2D	2.7274214517092332e-05
IRF8	TEAD2	2.7251153369434178e-05
HDAC2	SMC2	2.7251140636508353e-05
MYC	RASSF4	2.7226287784287706e-05
GFI1B	KCTD12	2.7186470106244087e-05
HDAC2	9430015G10RIK	2.7181989935343154e-05
HDAC2	HCFC1	2.7173196940566413e-05
RAD51	BDH2	2.716638300626073e-05
RAD51	TRIM16	2.707373096200172e-05
RPA2	AW112010	2.70452510449104e-05
RPA1	CD63-PS	2.7042809961130843e-05
RPA1	PLSCR4	2.703746758925263e-05
CBFB	IDH1	2.6989757316187024e-05
RAD51	HAAO	2.697158015507739e-05
MYC	ZFP467	2.6916875867755152e-05
RAD51	RAD21	2.691423833312001e-05
RAD51	NAPRT	2.687624510144815e-05
RPA2	SYK	2.683465208974667e-05
RAD51	ACLY	2.6832802177523263e-05
HCFC1	ZFP36	2.682894228200894e-05
IRF8	GM20559	2.6824740416486748e-05
RPA1	LONP2	2.6808487746166065e-05
RPA1	DOCK10	2.6723848350229673e-05
RAD51	USP11	2.671280162758194e-05
RPA1	OSGIN1	2.6706875360105187e-05
SPI1	ART4	2.6680476366891526e-05
WDR5	TRIM16	2.666355976543855e-05
RAD51	PRKCH	2.6633251763996668e-05
WDR5	ANXA3	2.657441837072838e-05
SATB1	SORL1	2.6555340809863992e-05
SPI1	CENPL	2.6533458367339335e-05
GATA2	IL12A	2.6524736313149333e-05
RPA1	MAML3	2.6412350052851252e-05
RAD51	FAM102B	2.6389909180579707e-05
IRF8	PNCK	2.6388635887997225e-05
RAD51	BACE1	2.6347697712481022e-05
MYC	SERPINB6A	2.6325962608098052e-05
RAD51	GM11346	2.6289804736734368e-05
RAD51	GRK3	2.6228053684462793e-05
IRF8	RTP4	2.6212561351712793e-05
IRF8	SGMS1	2.6172345314989798e-05
MYC	SCARF1	2.6159032131545246e-05
WDR5	NEDD1	2.6153476937906817e-05
SPI1	CDC7	2.6101482944795862e-05
SPI1	RGCC	2.6076337235281244e-05
WDR5	PLD3	2.6046953280456364e-05
RPA1	CDKN1A	2.6035755581688136e-05
SATB1	RHOF	2.5878036467474885e-05
RAD51	PDE4B	2.5852965336525813e-05
RPA2	PECAM1	2.584103640401736e-05
HDAC2	CENPE	2.5839781301328912e-05
RPA2	CASP1	2.583459900051821e-05
RPA1	SNX30	2.577048508101143e-05
RAD51	MAML3	2.5707877284730785e-05
RPA2	CLEC12A	2.566430703154765e-05
RPA1	ATP6AP1	2.5648632799857296e-05
RPA1	MICU1	2.561960536695551e-05
HDAC2	TNIP3	2.5615350750740618e-05
ELF1	SLPI	2.5573895982233807e-05
MYC	TOP2A	2.5572726372047327e-05
RPA1	SLC7A4	2.5519204427837394e-05
MYC	SLPI	2.551717625465244e-05
RAD51	AFAP1L1	2.5504394216113724e-05
CBFB	CYP2J6	2.5426805223105475e-05
RAD51	TOPORS	2.540680543461349e-05
RPA1	RNF4	2.5399915102752857e-05
CBFB	GM4951	2.5359055143781006e-05
HCFC1	TINAGL1	2.5321760404040106e-05
RPA2	9530082P21RIK	2.531061545596458e-05
RPA1	SEH1L	2.5287470634793863e-05
IRF8	VPS16	2.5284096409450285e-05
RAD51	TMEM184C	2.5235751309082843e-05
JUN	PNO1	2.517248321964871e-05
RPA2	BTAF1	2.5063895009225234e-05
RAD51	HACD4	2.5046032533282414e-05
HCFC1	ATP10A	2.5028133677551523e-05
RAD51	SLC26A2	2.5013805498019792e-05
RAD51	SLC44A2	2.4976134227472357e-05
SATB1	TLR4	2.493098691047635e-05
RAD51	RPP40	2.4885272068786435e-05
MYC	CREB5	2.4877881514839828e-05
RAD51	FBXW11	2.4868799300747924e-05
RPA2	E2F4	2.4842207494657487e-05
RPA1	AHCYL1	2.4818677047733217e-05
MYC	GK	2.4813160052872263e-05
MEIS1	RGCC	2.48063042818103e-05
HCFC1	MILR1	2.4705657779122703e-05
CBFB	TINAGL1	2.4679779016878456e-05
RAD21	ABL2	2.467230660840869e-05
RAD51	NDUFA10	2.4632374334032647e-05
IRF8	TBC1D9B	2.4617756935185753e-05
GFI1B	CD68	2.4600069082225673e-05
RAD51	IFI203	2.4584362108726054e-05
HCFC1	LAX1	2.4574050257797353e-05
HDAC2	TIFAB	2.456286529195495e-05
RPA1	ATF7	2.4543478502891958e-05
RPA1	UBAC1	2.4522096282453276e-05
RAD51	CTSF	2.444621168251615e-05
RPA2	BDH2	2.4325909180333838e-05
RPA2	ZC3H7A	2.4316177587024868e-05
RPA2	SLC18A2	2.430954009469133e-05
STAT2	MFSD1	2.4302078600157984e-05
MYC	CCNB1	2.428496918582823e-05
WDR5	IARS2	2.4219949409598485e-05
RPA1	RORA	2.420704549876973e-05
HCFC1	ARID3B	2.4195818696171045e-05
HDAC2	EFCC1	2.4136978026945144e-05
HDAC2	MTUS1	2.41319794440642e-05
WDR5	PPP1R15A	2.397455318714492e-05
RPA1	GT(ROSA)26SOR	2.396281524852384e-05
SATB1	RPRD1B	2.393422619206831e-05
RAD21	ZFP467	2.3897162463981658e-05
RPA1	ATP1B3	2.3881002562120557e-05
RPA2	LCP2	2.3874783437349834e-05
HDAC2	CASP12	2.3831733415136114e-05
RPA1	FGGY	2.383138780714944e-05
RAD51	FDFT1	2.3730613975203596e-05
GATA2	CHCHD10	2.366210537729785e-05
RAD51	NFAT5	2.3609039999428205e-05
RAD51	CTTN	2.360403595957905e-05
RAD51	SYK	2.3599735868629068e-05
RPA1	PLAA	2.3535621949122287e-05
HDAC2	RMND5A	2.3521159164374694e-05
SPI1	GOLT1B	2.3496531866840087e-05
HCFC1	CREB5	2.3489901650464162e-05
MYC	ADORA2A	2.3474673071177676e-05
SPI1	SMC2	2.3399627025355585e-05
RPA2	ARID5A	2.3389891794067807e-05
WDR5	ABCG3	2.3379532649414614e-05
HDAC2	MAPK12	2.3349979528575204e-05
RAD51	XPC	2.3316495571634732e-05
RPA2	KPNA1	2.3315589714911766e-05
RPA2	F630028O10RIK	2.330800452909898e-05
MYC	CENPL	2.3261611204361543e-05
RPA2	CALCRL	2.325501191080548e-05
IRF8	PDE4B	2.3250002413988113e-05
RPA1	GEM	2.3242519091581926e-05
HDAC2	NCAPD2	2.31964913837146e-05
RAD51	WDR5	2.3170596250565723e-05
RPA1	CSAD	2.313784534635488e-05
CBFB	OBSCN	2.312277865712531e-05
RPA2	AI504432	2.3120494006434456e-05
WDR5	MTUS1	2.3101008991943672e-05
HDAC2	AURKA	2.3041220629238524e-05
HCFC1	MAMDC2	2.299985135323368e-05
RAD51	RGCC	2.2993317543296143e-05
HCFC1	HLF	2.299325933563523e-05
RPA1	MTUS1	2.297078572155442e-05
MYC	FCGRT	2.2940599592402577e-05
RPA2	ADSSL1	2.293788747920189e-05
HDAC2	GNG12	2.2932677893550135e-05
RPA2	COL4A2	2.291027885803487e-05
GFI1B	SLC29A1	2.2894326320965774e-05
HDAC2	FCGR3	2.2888951207278296e-05
WDR5	BTG2	2.2864633137942292e-05
HCFC1	TEX10	2.2859680029796436e-05
RAD21	PIM2	2.2857602743897587e-05
RPA2	AKNA	2.281120941916015e-05
RAD51	RTP4	2.278201463923324e-05
RAD51	DUSP1	2.2772692318540066e-05
MYC	APBB1	2.276742088724859e-05
RAD21	TMEM206	2.2762596927350387e-05
MYC	SLA2	2.2750749849365093e-05
IRF8	GUCY1A1	2.2738568077329546e-05
GFI1B	PANX1	2.2728472686139867e-05
IRF8	TTF2	2.2713969883625396e-05
ELF1	SDF2L1	2.2678583263768815e-05
RAD51	CENPL	2.2668313249596395e-05
RPA1	GLIPR2	2.262020825583022e-05
RAD51	FAM91A1	2.2561236619367264e-05
RAD51	KCTD12	2.255315484944731e-05
RPA1	SEC24D	2.2549535060534254e-05
RPA1	MCOLN2	2.250652869406622e-05
RPA2	MFSD1	2.250071156595368e-05
RPA1	JAM3	2.245924770249985e-05
IRF8	ZFP322A	2.2405667550629005e-05
MYC	TTF2	2.2383466784958728e-05
RAD51	NOL9	2.2333464585244656e-05
RAD51	TBXAS1	2.2302776415017433e-05
IRF8	CDK1	2.2279542463365942e-05
RPA1	SYTL1	2.219378438894637e-05
WDR5	ITGAL	2.2175607227836736e-05
RAD21	HACD3	2.2143238311400637e-05
SPI1	HJURP	2.2131212972453795e-05
HCFC1	RORC	2.2099931811681017e-05
HCFC1	AZIN1	2.2091877326602116e-05
RAD51	PTPRE	2.2078847905504517e-05
WDR5	S100A6	2.2075200831750408e-05
HCFC1	JAM3	2.2006208382663317e-05
RPA2	RARB	2.2002037439960986e-05
RPA2	PFKP	2.1988702428643592e-05
RPA1	CTSG	2.197106550738681e-05
RAD51	CCDC137	2.195365414081607e-05
GFI1B	CD53	2.192374086007476e-05
SPI1	TEAD2	2.1914971512160264e-05
RPA1	ARID3B	2.188731923524756e-05
RPA2	MS4A6C	2.184868026233744e-05
RAD21	KPNA3	2.1827327145729214e-05
IRF8	RABGGTB	2.178502836613916e-05
RPA1	USP14	2.1714737158617936e-05
MEIS1	CSF1R	2.1687106709578075e-05
HCFC1	CTLA2B	2.166892954846844e-05
RAD51	SCARF1	2.1586480215773918e-05
RAD51	MAPK1	2.156565460609272e-05
HDAC2	VIPR2	2.1563440895988606e-05
RPA2	RMND5A	2.1512696548597887e-05
SPI1	NUPR1	2.1464711608132347e-05
RPA1	PTCD3	2.1420803022920154e-05
RAD21	NOL9	2.137536466761958e-05
RPA2	HAAO	2.1294823454809375e-05
SPI1	PRC1	2.1274852770147845e-05
RPA2	PROCR	2.1218280380708165e-05
MYC	CSRP3	2.1176198060857132e-05
RPA2	ITPR1	2.117049734806642e-05
GFI1B	ADSSL1	2.1146579456399195e-05
RPA1	NEDD1	2.1144902348169126e-05
SPI1	CTPS	2.1124247723491862e-05
SPI1	CENPO	2.110160312440712e-05
IRF8	PUS7	2.1082265448058024e-05
IRF8	NWD1	2.1022871806053445e-05
RPA2	MIR99AHG	2.1020223357481882e-05
WDR5	ENPP5	2.101589234371204e-05
MYC	APLP2	2.1013305740780197e-05
RPA1	EBF1	2.0990106349927373e-05
RPA1	ATP8B4	2.0981156922061928e-05
RAD51	TSPOAP1	2.097780270560179e-05
RAD51	SPTBN1	2.0923040210618638e-05
RAD51	MLKL	2.091172427753918e-05
RAD51	PPP1R15A	2.0901456082356162e-05
RAD21	ATF7	2.088710607495159e-05
RPA1	GM4759	2.0862846213276498e-05
HCFC1	USP42	2.0844601749558933e-05
HDAC2	SDC4	2.071758899546694e-05
HDAC2	SALL2	2.0714263882837258e-05
RPA2	TENT5A	2.0710243916255422e-05
RPA2	TLR4	2.0705423594336025e-05
WDR5	CNRIP1	2.0673258404713124e-05
IRF8	SMC2	2.064425643766299e-05
RAD51	DCAF13	2.0595593014149927e-05
MYC	CDKN1A	2.058747850242071e-05
GFI1B	ASF1B	2.0569490516209044e-05
HCFC1	FCGRT	2.0563818907248788e-05
WDR5	FAM189B	2.056260927929543e-05
RPA2	TRMT11	2.0497684090514667e-05
SPI1	SHCBP1	2.0454584955587052e-05
RPA2	FBXW11	2.0442392269615084e-05
SPI1	TLR4	2.0424935428309254e-05
RPA2	GPD1L	2.039689388766419e-05
HCFC1	TLE2	2.0382656657602638e-05
HDAC2	CD300A	2.0347681129351258e-05
GATA2	PRSS57	2.032042721111793e-05
RAD51	F630028O10RIK	2.023807064688299e-05
RPA2	TBC1D2B	2.0233350369380787e-05
CBFB	FCHO2	2.021722320932895e-05
MYC	ZBTB16	2.0215686163282953e-05
IRF8	ALDOC	2.021062573476229e-05
HDAC2	RARB	2.015980498981662e-05
RPA2	CDKN1A	2.0147135728620924e-05
HCFC1	UBA7	2.0142668290645815e-05
RAD51	PLIN3	2.0096638763789088e-05
WDR5	SLCO4A1	2.0084791685803793e-05
RAD51	SLA	2.0069777747266926e-05
GFI1B	SLC28A2	2.0069515812792815e-05
HDAC2	FLNA	2.0053976186318323e-05
HDAC2	GMCL1	2.005178430408705e-05
RPA1	CERS4	2.00465765374247e-05
RPA2	TSC22D1	1.997613435378298e-05
HCFC1	PNCK	1.9962362785008736e-05
MYC	SSH3	1.990519194805529e-05
HDAC2	SGMS1	1.9899742255802266e-05
RAD51	MSMO1	1.9859175154124387e-05
RPA2	VKORC1L1	1.9821527530439198e-05
RPA1	H2-AA	1.9809696823358536e-05
RAD21	PLD3	1.9741062715183944e-05
RAD51	SNAP23	1.9734765373868868e-05
HDAC2	OTULINL	1.9721692297025584e-05
RAD51	MEIS1	1.9692348359967582e-05
RAD51	SATB1	1.9612401956692338e-05
MYC	CCDC137	1.9574223188101314e-05
HCFC1	XPNPEP1	1.955927837116178e-05
RPA1	TSPAN14	1.9553310266928747e-05
MYC	CENPO	1.9501811038935557e-05
ELF1	CDC7	1.949129546119366e-05
GFI1B	SLC43A3	1.9485896700643934e-05
HDAC2	SERPINB6B	1.9483952200971544e-05
IKZF1	MUC13	1.9480150513118133e-05
MEIS1	FCGR2B	1.9463755961623974e-05
RPA1	TM6SF1	1.9423605408519506e-05
MYC	NPTN	1.939028879860416e-05
RPA1	RPN1	1.9291468561277725e-05
RPA1	PPP1R15A	1.9283168512629345e-05
RAD51	NAA50	1.9282610082882456e-05
RPA2	ABCG3	1.9255447114119306e-05
RPA2	IGTP	1.9248624084866606e-05
RAD21	OSBPL1A	1.9241877453168854e-05
RAD51	ATG12	1.9185330529580824e-05
RAD51	METTL7A1	1.9169376173522323e-05
RAD51	ADAM17	1.9075761883868836e-05
HCFC1	EMCN	1.9050157789024524e-05
RPA1	CD300A	1.904633427329827e-05
RAD51	HID1	1.9012786651728675e-05
RAD51	MIR99AHG	1.9009914467460476e-05
RAD51	AP3S1	1.9003959096153267e-05
RAD21	PRR5	1.899302878882736e-05
RAD51	LONP2	1.895400600915309e-05
RPA1	CENPF	1.887246071419213e-05
HCFC1	BDH2	1.8842965801013634e-05
RAD51	XPNPEP1	1.8771628674585372e-05
RPA1	ANXA2	1.875167254183907e-05
RAD51	ANXA3	1.8745118723018095e-05
RPA2	PHF10	1.872300708782859e-05
RPA2	PLAA	1.871343374659773e-05
RPA1	RPTOR	1.8679522327147424e-05
WDR5	GPD1L	1.867819082690403e-05
IRF8	NUPR1	1.8649447156349197e-05
SPI1	PRMT7	1.863843499450013e-05
RPA1	F630028O10RIK	1.8629916667123325e-05
RPA1	GPR65	1.8603013813844882e-05
SATB1	APOE	1.858069299487397e-05
RAD51	THEMIS2	1.856981725723017e-05
GFI1B	HK3	1.8556995200924575e-05
RPA2	FASTKD2	1.854245419963263e-05
RPA1	ZNRF2	1.8445403838995844e-05
MYC	CDK18	1.840972254285589e-05
ELF1	NAPRT	1.8383496353635564e-05
JUN	ANXA3	1.8362976334174164e-05
MYC	OASL2	1.834740578487981e-05
IRF8	NDRG2	1.8270811779075302e-05
IRF8	DEF8	1.825501567509491e-05
RPA1	CD69	1.8254280803375877e-05
MYC	RRM2	1.8249920685775578e-05
HCFC1	CCNE2	1.820562465582043e-05
RPA2	HACD4	1.8171622286899947e-05
RPA1	SPNS3	1.8119131709681824e-05
RPA2	ANXA1	1.810575668059755e-05
RPA2	CCL4	1.810314461181406e-05
HDAC2	CTSF	1.8035238099400885e-05
RPA2	FES	1.7999922420131043e-05
RAD51	ZBTB16	1.7976735762204044e-05
WDR5	RPTOR	1.7964972357731313e-05
HCFC1	IFI203	1.792405964806676e-05
RPA1	ECT2	1.7916654542204924e-05
MYC	CTC1	1.7898146325023845e-05
HDAC2	SLC26A2	1.7892805772135034e-05
RPA1	RABGGTB	1.7843158275354654e-05
GFI1B	AURKB	1.7808948541642167e-05
RPA2	TIMP2	1.773691110429354e-05
RPA2	OAS3	1.7691374523565173e-05
CBFB	DENND1C	1.7685364582575858e-05
RPA1	PLA2G15	1.766426066751592e-05
HDAC2	CCNA2	1.7653403119766153e-05
GFI1B	NCAPD2	1.762825922924094e-05
RAD51	KRT18	1.762733154464513e-05
RAD51	ENPP5	1.7591768482816406e-05
RAD51	GTF2F1	1.7578568076714873e-05
RPA1	METAP1	1.7571970602148212e-05
RAD51	BID	1.7521771951578557e-05
RAD51	FUCA2	1.7503831259091385e-05
RPA2	XPC	1.7486476281192154e-05
RPA2	PSME4	1.7434382243664004e-05
GFI1B	ELANE	1.739656181598548e-05
IKZF1	ANXA3	1.7338652469334193e-05
HDAC2	ZNRF2	1.730050462356303e-05
MYC	MAD2L1	1.7292484699282795e-05
GFI1B	SH2D5	1.726785376376938e-05
RPA1	SOCS2	1.7255792045034468e-05
RPA1	NDN	1.721673470456153e-05
MYC	POLD1	1.7172651496366598e-05
IRF8	GATA2	1.7163845768664032e-05
RAD51	CTLA2B	1.71598785527749e-05
HCFC1	TMEM246	1.7125579688581638e-05
RPA2	STX3	1.7103469872381538e-05
MYC	CDC20	1.7048962035914883e-05
RPA2	RAB44	1.7025231500156224e-05
RPA2	GNS	1.7019716324284673e-05
RPA2	RAB38	1.7013351680361666e-05
RPA2	NCLN	1.7001199012156576e-05
RPA1	TCN2	1.698898631730117e-05
HCFC1	PFKP	1.696163417364005e-05
RPA1	KCNK5	1.6959342246991582e-05
WDR5	PRKCH	1.6929549019550905e-05
MYC	NCAPD2	1.6915395463001914e-05
IRF8	CDK18	1.690390672592912e-05
RPA1	NEURL3	1.6863656128407456e-05
MYC	NDC80	1.6852698536240496e-05
RAD51	MUC13	1.6808355212560855e-05
RPA2	MTUS1	1.6807571228127927e-05
HDAC2	CTC1	1.6798310753074475e-05
RAD51	NDRG1	1.6790698282420635e-05
RPA2	TMEM37	1.6762825907790102e-05
RAD51	SERPINB6B	1.6717140169930644e-05
RAD51	CD63	1.6699801562936045e-05
RPA2	APOE	1.667826836637687e-05
RPA2	ARRDC4	1.667046126385685e-05
IRF8	ATRN	1.6547279301448725e-05
RPA1	EMILIN1	1.6537669580429792e-05
RPA2	METAP1	1.6509507986484095e-05
RAD51	ARCN1	1.650601734581869e-05
HDAC2	FEM1A	1.6504776795045473e-05
HCFC1	ELOVL5	1.6479296391480602e-05
ELF1	POLE	1.6477019016747363e-05
RPA1	BTK	1.644566873437725e-05
RAD51	CD69	1.6379484804929234e-05
RAD51	TAF12	1.628893005545251e-05
RPA1	AKAP8L	1.6287578546325676e-05
RPA1	UBE2C	1.6262145436485298e-05
RAD51	AKAP8L	1.620841612748336e-05
RPA2	CASP4	1.6203448467422277e-05
GFI1B	WDHD1	1.6202377082663588e-05
RPA1	CENPL	1.6169942682608962e-05
RPA1	CLEC4E	1.6153575415955856e-05
RPA1	TGFBR1	1.6109384887386113e-05
MYC	IL6ST	1.610087201697752e-05
GFI1B	TPM4	1.6100864741019905e-05
WDR5	TCIRG1	1.6069219782366417e-05
MYC	FAM189B	1.606226578587666e-05
RPA1	TTLL12	1.6041865819715895e-05
RPA2	NEURL3	1.603818600415252e-05
WDR5	SLC35A4	1.602339580131229e-05
MYC	NR3C2	1.6017394955269992e-05
RPA2	GIMAP1OS	1.6013116692192852e-05
RPA1	GNL3	1.5994284694897942e-05
RPA1	SLC25A46	1.5993420674931258e-05
GFI1B	NDN	1.5986888683983125e-05
IRF8	CIP2A	1.5965839338605292e-05
RPA1	MIR17HG	1.596361107658595e-05
RPA2	UNC93B1	1.5872999938437715e-05
RPA2	SMPDL3A	1.5849447663640603e-05
RPA1	FEM1B	1.5831838027224876e-05
IRF8	FARSA	1.5768533558002673e-05
MYC	IGSF6	1.574129237269517e-05
MYC	ABCB8	1.573432018631138e-05
RPA2	TEK	1.5722658645245247e-05
RAD51	FEM1B	1.570978383824695e-05
WDR5	REXO4	1.5630674170097336e-05
HCFC1	PLAG1	1.562503348395694e-05
GATA2	CD68	1.5620325939380564e-05
MYC	PLD3	1.561534736538306e-05
SPI1	RARB	1.556838833494112e-05
HCFC1	SLC2A3	1.547495230624918e-05
RPA2	GNG11	1.5398962204926647e-05
RAD51	TSC22D1	1.5387255189125426e-05
HDAC2	NDRG2	1.5380071999970824e-05
HDAC2	MUC13	1.536435229354538e-05
RPA1	AKNA	1.5358857126557268e-05
RPA2	GMCL1	1.5300225641112775e-05
IRF8	TBXAS1	1.5159368558670394e-05
GATA2	SERPINB1A	1.5118122973944992e-05
HDAC2	ARHGEF18	1.5070500012370758e-05
RAD51	RAB38	1.5068773791426793e-05
HDAC2	PTDSS1	1.503387920820387e-05
HDAC2	CTTN	1.5032151168270502e-05
IKZF1	FEM1A	1.5009081835160032e-05
RPA2	EBF1	1.4992558135418221e-05
RAD51	DPP8	1.498923847975675e-05
RPA1	TGM2	1.498922847531503e-05
RPA1	GM5111	1.4967485185479745e-05
RPA2	ABITRAM	1.4953568097553216e-05
RAD51	HSPA1A	1.492723367846338e-05
HDAC2	PYGM	1.4898619156156201e-05
RPA1	PLAC8	1.4889245903759729e-05
RPA1	XPC	1.4883246876706835e-05
SPI1	SLC20A1	1.486580276832683e-05
SATB1	SLC18A2	1.4859345355944242e-05
IRF8	MYCN	1.4845330042589922e-05
MYC	GMNN	1.4821399417996872e-05
RPA1	NMD3	1.4781505342398304e-05
RPA1	TRPC6	1.475843873777194e-05
RPA1	GEMIN5	1.4749014553672168e-05
MYC	IRF6	1.4655501217930578e-05
IKZF1	OSGIN1	1.4630143596150447e-05
RAD51	YPEL3	1.4613103303418029e-05
RPA1	IRGM2	1.4596354048990179e-05
HDAC2	REL	1.458916722185677e-05
RAD51	MTREX	1.4575479326595087e-05
RAD21	TOMM40	1.4571835890819784e-05
MYC	HID1	1.450414947612444e-05
RPA2	MPZL1	1.4501868463412393e-05
RPA2	CD53	1.4501313671644311e-05
RPA1	GFI1B	1.4427012501982972e-05
HCFC1	SLA2	1.4414211364055518e-05
RAD51	ADGRG3	1.4405498404812533e-05
RPA2	GATA2	1.4370369171956554e-05
RPA2	ABHD17B	1.4358811313286424e-05
SPI1	IGKC	1.4354865925270133e-05
MYC	CNN3	1.4318344256025739e-05
RPA1	5430427O19RIK	1.4303435818874277e-05
RPA2	MTMR1	1.4286978512245696e-05
MYC	SUPV3L1	1.42784647323424e-05
IRF8	ATP10A	1.4184754945745226e-05
RPA2	BTG2	1.417004932591226e-05
RPA1	TRIM35	1.4134046068647876e-05
RPA1	ACSS1	1.4101065971772186e-05
RAD51	ZHX1	1.4066087715036701e-05
RAD51	AURKA	1.4003933756612241e-05
GFI1B	HACD3	1.3989688341098372e-05
RPA2	PFKFB3	1.3937453331891447e-05
HCFC1	GFI1B	1.3872641829948407e-05
HDAC2	BCL2	1.385363702866016e-05
RAD51	IRF7	1.3838615814165678e-05
HDAC2	CENPO	1.3828189366904553e-05
RPA1	NUAK2	1.3796152416034602e-05
MYC	ANXA3	1.3706012396141887e-05
RPA2	USP11	1.3686466445506085e-05
RPA2	TOMM70A	1.367174081678968e-05
JUN	CDCA8	1.3671440683538094e-05
RPA1	H2-OB	1.3659453543368727e-05
RAD51	CST7	1.363485171168577e-05
RPA1	GP9	1.3597164979728404e-05
RPA2	PDE4D	1.3501420653483365e-05
WDR5	CTSF	1.3455040971166454e-05
ELF1	MAPK12	1.3448891877487767e-05
MYC	RARB	1.3443854186334647e-05
RAD51	NCLN	1.3331922673387453e-05
RAD51	ART4	1.3321513506525662e-05
CBFB	DEF8	1.331533076154301e-05
RPA1	SSH3	1.3305608263181057e-05
SPI1	MNS1	1.3296747056301683e-05
ELF1	NR3C2	1.3220957953308243e-05
RPA2	TEAD2	1.3174650121072773e-05
GFI1B	CSF1R	1.3126790690876078e-05
HDAC2	PIK3R1	1.3059034245088696e-05
RPA2	VSIR	1.3054037481197156e-05
RPA2	ZMIZ1	1.299575887969695e-05
HDAC2	AP1S2	1.296219397772802e-05
RPA1	MYO1F	1.2898819477413781e-05
CBFB	OAS3	1.287501618207898e-05
RPA2	CD63-PS	1.2859391063102521e-05
IKZF1	PDIA4	1.2847441212215926e-05
SPI1	PTGS1	1.2832254469685722e-05
MYC	IGHM	1.2816428352380171e-05
MYC	TBXAS1	1.2774932656611782e-05
RAD51	D1ERTD622E	1.2745545063808095e-05
WDR5	YPEL3	1.273220459552249e-05
RPA2	TIMM29	1.2719886399281677e-05
RPA1	ADORA2A	1.2715740012936294e-05
HDAC2	RPTOR	1.2653831618081313e-05
RAD51	DOCK10	1.2647766197915189e-05
WDR5	MMRN1	1.262809837498935e-05
RAD51	IGKC	1.2602953574969433e-05
SPI1	SOCS2	1.2597912245837506e-05
MYC	TACC3	1.2569593309308402e-05
RPA2	ATP6AP2	1.2543991033453494e-05
WDR5	CTC1	1.2483059435908217e-05
RPA1	IRF6	1.2416236131684855e-05
SPI1	EPB41L4B	1.2390206393320113e-05
WDR5	PLEK	1.2389828953018878e-05
MYC	DPP8	1.235250510944752e-05
GATA2	LACTB	1.2341021829342935e-05
SPI1	APBB1	1.2315842468524352e-05
IKZF1	ABCG3	1.2269868420844432e-05
MYC	NUDT4	1.2262174095667433e-05
RAD51	DEF8	1.2261735719221178e-05
RAD21	IDH3A	1.2239543139003217e-05
HCFC1	RB1	1.2235716894792859e-05
SATB1	FASTKD2	1.2201000572531484e-05
HCFC1	TRMT11	1.2169483852630947e-05
RPA1	DOK2	1.2161827726231422e-05
HDAC2	RP2	1.2153004718129523e-05
IRF8	PADI4	1.2150871043559164e-05
IRF8	GM5111	1.207664990943158e-05
HDAC2	F630028O10RIK	1.2075424820068292e-05
MYC	BDH2	1.2050366422045045e-05
RAD51	WDR43	1.2010455066047143e-05
RAD51	RORC	1.1995598470093682e-05
HDAC2	ERLIN1	1.198810787172988e-05
CBFB	ABCG3	1.1976559108006768e-05
RAD51	CAMK2D	1.1962754797423258e-05
GFI1B	TRIM30B	1.1948999599553645e-05
HDAC2	TSPAN2	1.1947528037126176e-05
SPI1	APLP2	1.1921350960619748e-05
RPA1	ANKRD44	1.1917933079530485e-05
RPA2	OTULINL	1.1912195077457e-05
RAD51	ARFGEF2	1.1897995136678219e-05
WDR5	TLR4	1.1887401342391968e-05
RPA1	SALL2	1.1835126315418165e-05
RPA2	NCEH1	1.1817784070444759e-05
MYC	PROCR	1.1803501365648117e-05
GFI1B	TXNDC11	1.1788913070631679e-05
RPA1	TRP53I11	1.1721480404958129e-05
RPA1	STT3A	1.1658772564260289e-05
HDAC2	FASTKD3	1.1585581887629814e-05
RPA1	WSB1	1.158371742349118e-05
IRF8	COL4A2	1.1538453691173345e-05
JUN	GT(ROSA)26SOR	1.1529718904057518e-05
GFI1B	METAP1	1.1519364306877833e-05
HDAC2	BC005561	1.1482836271170527e-05
RAD51	RARB	1.1413304491725285e-05
RPA2	SERPINA3G	1.1285560503893066e-05
MYC	SORL1	1.1255965546297375e-05
RPA2	CKAP5	1.1213996913284063e-05
RAD51	FRRS1	1.116110615839716e-05
RPA1	FOXO1	1.113897542381892e-05
SPI1	BUB1	1.1078125680796802e-05
MYC	SUSD3	1.1020965757779777e-05
RPA2	C1RL	1.1015712516382337e-05
RAD21	RARB	1.1002605788235087e-05
HDAC2	CDC45	1.0992638635798357e-05
HDAC2	MGAT5	1.0947903319902252e-05
HDAC2	GUCY1A1	1.0936701983155217e-05
RPA2	CST7	1.0903647307713982e-05
IRF8	OSBPL8	1.088723092834698e-05
ELF1	RGCC	1.0877181921387091e-05
RPA2	RGS19	1.0866070624615531e-05
HDAC2	NAA50	1.0860105248866603e-05
IRF8	CENPK	1.0845617907762062e-05
SATB1	PRODH	1.0823802767845336e-05
RPA1	DNAJC5	1.0800796189869288e-05
GATA2	B3GNT5	1.0778562682389747e-05
RAD51	LY86	1.0769891559903044e-05
WDR5	ELAC2	1.0700525308493525e-05
MYC	CASP4	1.0683153959689662e-05
RAD51	MTCH2	1.0650992408045568e-05
IRF8	MYB	1.062637511495268e-05
RPA1	CHORDC1	1.0560612281551585e-05
GFI1B	PRR5	1.0554449545452371e-05
IRF8	ISG20	1.0539771210460458e-05
RPA2	SOAT1	1.0507237675483339e-05
RAD51	HIF3A	1.042656549543608e-05
RPA1	CLTC	1.0406771252746694e-05
IRF8	PGLYRP2	1.0394741366326343e-05
SPI1	SLC28A2	1.036831054079812e-05
RAD51	PGLYRP2	1.03496786323376e-05
RAD21	CDCA7	1.0278015906806104e-05
WDR5	GFI1B	1.0265059245284647e-05
RPA2	CENPF	1.0248146281810477e-05
CBFB	CCL4	1.0185793144046329e-05
RAD51	TRPC6	1.0185397513851058e-05
RPA1	PRMT7	1.0151935384783428e-05
RPA2	TOPORS	1.0131774615729228e-05
RAD21	MAPK12	1.0113961252500303e-05
RPA1	GBP2	1.0100799954670947e-05
STAT2	DNAJC10	1.0085989742947277e-05
RAD51	ZFP945	1.0048456715594511e-05
NFAT5	FLNB	9.986270015360788e-06
MYC	PIK3R1	9.985107681131922e-06
RPA1	TXNDC11	9.976700312108733e-06
MYC	SEC24D	9.95020309346728e-06
MYC	MNS1	9.919599506247323e-06
MYC	TGM2	9.91301112662768e-06
RPA1	STX3	9.912520908983424e-06
RPA2	IRF9	9.880078323476482e-06
RPA2	REL	9.86762734100921e-06
ELF1	OBSL1	9.856328688329086e-06
RAD51	TMX3	9.787952876649797e-06
GFI1B	PKIB	9.775593753147405e-06
RAD51	NCF1	9.712964128993917e-06
IRF8	EMID1	9.70672226685565e-06
SPI1	NSD2	9.697943823994137e-06
RPA2	H2-Q6	9.697679161035921e-06
RAD51	ERCC8	9.677060006652027e-06
RPA2	CSTF2	9.610705092200078e-06
RPA2	TXNDC11	9.597113603376783e-06
RAD51	PIK3R1	9.594791663403157e-06
RPA2	FGGY	9.576644515618682e-06
RPA2	BATF2	9.57206793827936e-06
RPA1	9430015G10RIK	9.541871804685798e-06
SPI1	PBX1	9.441023394174408e-06
SPI1	NUF2	9.426475116924848e-06
GFI1B	TSPAN2	9.421024515177123e-06
RAD21	FLOT2	9.38345147005748e-06
MYC	JUN	9.373455213790294e-06
HDAC2	PLAA	9.365255209559109e-06
RPA2	SLC26A2	9.356357622891665e-06
RAD51	TLE2	9.347635568701662e-06
MYC	GNS	9.331645742349792e-06
RPA2	RPS6KA3	9.329155545856338e-06
RPA1	ART4	9.326772669737693e-06
RAD51	DDX21	9.317067451775074e-06
RPA1	YPEL3	9.307391337642912e-06
RPA1	TIMP2	9.303054866904858e-06
IKZF1	NSUN2	9.28280314838048e-06
HCFC1	DUS1L	9.257745659851935e-06
STAT2	MCM6	9.255483746528625e-06
RAD51	TM7SF3	9.249639333575033e-06
RAD51	ISYNA1	9.186456736642867e-06
RPA2	OBSL1	9.145809599431232e-06
MYC	PFKP	9.1376368800411e-06
HDAC2	ADSSL1	9.108121957979165e-06
RPA1	METTL27	8.981355676951353e-06
RPA2	TMEM154	8.974377124104649e-06
JUN	MIR17HG	8.96551318874117e-06
RPA2	IRF7	8.965209417510778e-06
HCFC1	SERP1	8.938934115576558e-06
RAD51	PRMT5	8.935981895774603e-06
HDAC2	GOLPH3	8.820496987027582e-06
RAD21	LY86	8.782470104051754e-06
IRF8	NCEH1	8.771807188168168e-06
RAD21	TRPC6	8.76950980455149e-06
RAD51	ABCG2	8.749819244258106e-06
RPA2	PLIN3	8.721726771909744e-06
MYC	PTGS1	8.702172635821626e-06
SPI1	KIF22	8.694576536072418e-06
RPA2	PIM2	8.676137440488674e-06
IRF8	UPP1	8.653236363898031e-06
RPA2	SPNS3	8.624635484011378e-06
WDR5	ZFP945	8.558232366340235e-06
RPA2	ZBTB16	8.526883902959526e-06
RAD51	4833439L19RIK	8.504634934070054e-06
RPA2	SPI1	8.47676710691303e-06
RAD51	DHRS3	8.458618140139151e-06
HDAC2	CLEC12A	8.448190783383325e-06
IKZF1	PDZK1IP1	8.443867955065798e-06
GFI1B	F630028O10RIK	8.434759365627542e-06
RAD51	RHOF	8.429127774434164e-06
RPA2	IGSF6	8.421776328759734e-06
GATA2	MILR1	8.391542905883398e-06
RAD51	PSMD1	8.384766260860488e-06
MYC	CDK1	8.373949640372302e-06
RPA1	MTR	8.337353392562363e-06
RPA1	GALNT6	8.290696314361412e-06
CBFB	NDN	8.269256795756519e-06
RPA1	ITCH	8.263170457212254e-06
HCFC1	D1ERTD622E	8.26288123789709e-06
RAD51	GIMAP6	8.206779057218228e-06
RAD51	SLPI	8.184320904547349e-06
HCFC1	CSRP3	8.175846232916228e-06
RPA2	MEIS1	8.139670171658508e-06
WDR5	ESAM	8.121337486954872e-06
GFI1B	IGSF6	8.114096090139356e-06
HDAC2	HID1	8.104730113700498e-06
MYC	JAM3	8.093947144516278e-06
GATA2	CD93	8.065936526691075e-06
RPA2	MLLT3	8.065388101385906e-06
HDAC2	HMBS	8.062191227509174e-06
SATB1	TMEM246	8.057882951106876e-06
MYC	SHISA5	8.02528484200593e-06
HDAC2	SLFN2	8.016638275876176e-06
HDAC2	CDKN1A	7.983877367223613e-06
RPA2	NDRG1	7.97987468104111e-06
RAD21	SPCS3	7.934621862659696e-06
RAD51	APBB1	7.929674211482052e-06
RPA1	LSP1	7.886684215918649e-06
RAD51	MS4A3	7.831739821995143e-06
RAD51	STAT2	7.770035153953359e-06
RAD51	RASSF4	7.764620931993704e-06
RPA2	DENND1C	7.753910722385626e-06
IRF8	TLE2	7.747573363303673e-06
RPA1	G6PDX	7.739575266896281e-06
RAD51	SLC30A5	7.70696897234302e-06
WDR5	MAML3	7.682228897465393e-06
RAD51	AKNA	7.663268661417533e-06
MYC	PKIB	7.653290595044382e-06
WDR5	HJURP	7.646726771781687e-06
RPA2	ZNRF2	7.623236797371646e-06
RPA1	ADGRL4	7.617239134560805e-06
IRF8	GSR	7.580260898976121e-06
IRF8	PITPNC1	7.572389222332276e-06
WDR5	REL	7.56209556129761e-06
IRF8	APBB1	7.502144399040844e-06
JUN	TGFBR1	7.467503110092366e-06
RAD51	ABCB10	7.414776518999133e-06
SPI1	CDK18	7.408084002236137e-06
RPA2	AHCYL1	7.336424005188746e-06
RPA2	PIK3IP1	7.324280431930674e-06
HDAC2	PRC1	7.282729256985476e-06
HCFC1	HUS1	7.2798402470652945e-06
RPA2	ECT2	7.2465882112737745e-06
WDR5	ZBTB16	7.241269486257806e-06
WDR5	PLSCR4	7.230007668113103e-06
GFI1B	LY86	7.193176315922756e-06
RPA1	ST8SIA4	7.1470558395958506e-06
HCFC1	HID1	7.117111636034679e-06
RPA2	GEM	7.0827186391397845e-06
RAD51	IGHM	7.074845143506536e-06
RAD51	EEF1E1	7.073926099110395e-06
MYC	MAPK12	7.03090927345329e-06
RAD51	CASP4	6.994484010647284e-06
RAD51	STT3B	6.979085810598917e-06
RAD51	PROCR	6.959252914384706e-06
SATB1	UPP1	6.939589638932375e-06
RPA2	AKAP8L	6.922773536643945e-06
RAD51	FCGR2B	6.916789061506279e-06
RPA1	DPP8	6.9150682975305244e-06
RPA1	CSF2RB	6.900952030264307e-06
RAD51	TNIP3	6.870159268146381e-06
RAD51	CDK18	6.866514468129026e-06
GFI1B	CDKN1A	6.841351023467723e-06
CBFB	NDRG2	6.754276000719983e-06
MYC	MAGED1	6.74060311212088e-06
HCFC1	ANGPT1	6.740198841725942e-06
MYC	CRISPLD1	6.734307589795208e-06
HDAC2	CLEC4E	6.702572136418894e-06
RPA2	RNF38	6.689911970170215e-06
RAD51	SRM	6.664299689873587e-06
MYC	NAP1L3	6.5916865423787385e-06
MYC	POLR2B	6.577930889761774e-06
IRF8	MRPL20	6.571585799974855e-06
RPA1	PRMT5	6.5454651121399365e-06
RPA2	THEMIS2	6.5090766838693526e-06
RAD51	TAB1	6.505112196464324e-06
RAD51	GM1966	6.470697371696588e-06
HCFC1	CSF3R	6.4370292420790065e-06
RPA2	GK	6.361850410030456e-06
RAD51	CCL9	6.345589554257458e-06
HDAC2	NCAPH	6.3282168412115425e-06
RPA1	TEAD2	6.315410246315878e-06
IRF8	PDE4D	6.3068041527003516e-06
RPA2	SNAP47	6.277812644839287e-06
STAT2	ZDHHC6	6.248713361856062e-06
RPA1	TRIM30B	6.232143732631812e-06
CBFB	CTSF	6.2020690165809356e-06
IKZF1	TGM2	6.192658474901691e-06
RPA2	GABBR1	6.176442639116431e-06
RAD51	ADSSL1	6.164244950923603e-06
RPA2	GM11346	6.136715910542989e-06
WDR5	TCP11L2	6.123207640484907e-06
MYC	MPI	6.10361803410342e-06
RPA2	CCL9	6.096260221966077e-06
RPA1	FBXW11	6.022173693054356e-06
RAD51	CREBRF	5.9985218285874e-06
HDAC2	PIK3IP1	5.972179224045249e-06
RPA2	TM6SF1	5.9574604165391065e-06
SPI1	MKI67	5.943260021012975e-06
HDAC2	LHCGR	5.889945896342397e-06
SPI1	FBXO5	5.857157702848781e-06
RPA1	C1RL	5.847039119544206e-06
RAD51	LY6C2	5.821519152959809e-06
MYC	PLXNC1	5.751419394073309e-06
WDR5	MAPK12	5.725560185965151e-06
CBX7	FLNA	5.686601980414707e-06
RAD51	TIMM29	5.6305902944586705e-06
MEIS1	TACC3	5.61682145416853e-06
HDAC2	EIF4ENIF1	5.615630925603909e-06
RAD51	ITSN1	5.568338110606419e-06
RAD51	HDC	5.5377108765242156e-06
IRF8	CD9	5.482595497596776e-06
RPA1	CD82	5.477365903061582e-06
RPA1	MPO	5.437128947960446e-06
MYC	IGKC	5.39055690751411e-06
RPA2	TBXAS1	5.387827059166739e-06
WDR5	CKAP2L	5.36377865500981e-06
RPA1	SETD2	5.31747627974255e-06
RAD51	HLF	5.312485882313922e-06
RPA2	THSD1	5.309369043970946e-06
RPA1	CDC20	5.301541023072787e-06
HDAC2	OAS3	5.254645657259971e-06
SATB1	HID1	5.231230261415476e-06
RPA2	CD63	5.2174018492223695e-06
IRF8	BATF2	5.1961455937998835e-06
SATB1	FRRS1	5.192147909838241e-06
HCFC1	MAPK12	5.18973138241563e-06
WDR5	EAF1	5.1881747822335456e-06
MYC	MMRN1	5.161205990589224e-06
CBFB	MYO1F	5.153033725946443e-06
RPA1	LZTS1	5.13846816829755e-06
RPA2	ABCB10	5.128063548909267e-06
IRF8	NAPRT	5.043376859248383e-06
HDAC2	MAMDC2	5.042928023613058e-06
IRF8	PTPRE	5.037295522924978e-06
RAD51	GM20342	5.026761300541693e-06
RAD51	CD53	4.997465111955535e-06
IKZF1	SLFN2	4.993408765585627e-06
SPI1	TGM2	4.992598860553699e-06
MYC	KLF6	4.990377419744618e-06
RPA1	QARS	4.971501766704023e-06
RPA1	COPB1	4.959023954143049e-06
RAD21	MSH6	4.935200195177458e-06
RAD51	VSIR	4.913929842587095e-06
HDAC2	HAAO	4.844934210268548e-06
RPA2	SCARF1	4.815278316527838e-06
HCFC1	CASP12	4.801031536771916e-06
RPA2	TTLL12	4.791864284925396e-06
ELF1	GIMAP1OS	4.764589448313927e-06
IKZF1	TINAGL1	4.758711384056369e-06
SPI1	PCMTD1	4.754506335302722e-06
RPA2	DDX60	4.725836333818734e-06
HDAC2	PRMT5	4.700661520473659e-06
RPA1	GM4951	4.695513780461624e-06
MYC	SDC4	4.6730147005291656e-06
MYC	FBXO5	4.66607116322848e-06
RPA2	ZFP467	4.65390803583432e-06
RPA2	SPTBN1	4.630587227438809e-06
RPA1	FAM136A	4.6170448513294104e-06
MYC	TMEM246	4.604673449648544e-06
RAD51	TRIM30B	4.590595835907152e-06
HCFC1	CCL4	4.581944267556537e-06
RAD51	SEC24D	4.568114036374027e-06
RAD51	C030034L19RIK	4.522159997577546e-06
MYC	PHF10	4.514042757364223e-06
HDAC2	BATF2	4.513668045547092e-06
RPA1	SPNS2	4.48324635726749e-06
CBFB	CREB5	4.444524620339507e-06
RPA2	SLFN2	4.393328708829358e-06
RPA1	IFI209	4.357518264441751e-06
RPA1	GM1966	4.3341256059648e-06
RAD51	OAS3	4.325447662267834e-06
HCFC1	WDR43	4.311133579903981e-06
RPA2	GEMIN5	4.301675289752893e-06
RPA2	CSF2RB	4.295384769648081e-06
RAD51	CERS6	4.264427843736485e-06
RPA2	CTSG	4.251573045621626e-06
RAD51	MC5R	4.245025138516212e-06
RPA2	CHRNB1	4.202252057439182e-06
WDR5	ARHGEF39	4.176629317953484e-06
RPA2	GM4951	4.151821030973224e-06
SPI1	COL4A2	4.148751941102091e-06
CBFB	FAM171A1	4.117176104045939e-06
JUN	HP	4.115719548281049e-06
RPA1	DDX60	4.0660729609953705e-06
GFI1B	EIF3B	4.062006610183744e-06
HDAC2	TRPC6	3.977940650656819e-06
RPA1	IDH3A	3.963542894780403e-06
RAD51	JARID2	3.951799499191111e-06
RAD51	CCNB1	3.946538981836056e-06
RPA1	LY6C2	3.877672497765161e-06
MYC	NEAT1	3.857164756482234e-06
GFI1B	PLPPR3	3.847059360850835e-06
RPA1	NUPR1	3.83742781195906e-06
RPA1	EMCN	3.7681970752601046e-06
RPA2	VPS35	3.723489726326079e-06
GFI1B	FUT7	3.7103977774677332e-06
SPI1	SGO1	3.7063407489767997e-06
RAD51	UBE2C	3.7018526199972257e-06
SPI1	HASPIN	3.6745107081515016e-06
HDAC2	ZEB2	3.6636217828345252e-06
RPA2	DPP8	3.6494207051873673e-06
RPA1	TM7SF3	3.5944378851127112e-06
HDAC2	CENPF	3.5895732253266033e-06
RPA2	DEF8	3.5879656934412196e-06
MEIS1	CDCA3	3.5878460948879365e-06
RAD51	SLC2A3	3.581215423764661e-06
RPA2	MS4A3	3.5447296795609873e-06
RAD51	SELENOP	3.4619772577570984e-06
RAD51	ABCE1	3.453385488683125e-06
HDAC2	URB2	3.4334370866417885e-06
RPA2	HCFC1	3.4217525808344362e-06
CBFB	IGTP	3.4188415156677365e-06
RPA1	TMEM154	3.408041266084183e-06
RPA1	LY86	3.390086021681782e-06
IRF8	MYCT1	3.3512787922518328e-06
CBFB	HACD4	3.2888476653170073e-06
RPA2	MAGED1	3.2732637009758037e-06
RAD51	SRSF1	3.252537453590776e-06
MYC	AURKA	3.170223635606817e-06
RAD51	DNAJC10	3.140339913443313e-06
HDAC2	MEIS1	3.1383801797346678e-06
HDAC2	SPO11	3.132178790110629e-06
IRF8	IFITM1	3.1315912565332837e-06
RPA2	TLE2	3.1181216400000267e-06
SPI1	JAM3	3.096121190537815e-06
GFI1B	JAM3	3.096069804087165e-06
RAD51	FCGR3	3.0564913231501123e-06
RPA2	PHKB	3.0296434943011263e-06
RPA2	SERPINB6B	2.9928642106824555e-06
RAD51	PPP1CB	2.846988536475692e-06
RPA2	HP	2.840979959728429e-06
IKZF1	CDKN1C	2.818621851474745e-06
HCFC1	GEM	2.802936478474294e-06
RAD51	RPAP1	2.7899218366655987e-06
IRF8	H2-Q6	2.7500439045979874e-06
SPI1	ESAM	2.7498633698996855e-06
IKZF1	OBSCN	2.7363282697479008e-06
SPI1	MECOM	2.7220166884944774e-06
RAD21	CCR2	2.7165101528225932e-06
RAD51	ZFP36	2.707422481762478e-06
HCFC1	LY6A	2.6982390863850014e-06
RAD51	DDX60	2.6952684493153356e-06
HDAC2	NPDC1	2.677584916455089e-06
CBFB	PCMTD1	2.659659912751522e-06
MYC	CDCA5	2.618580765556544e-06
MYC	DNAJC5	2.6176924166065874e-06
WDR5	JUN	2.609567445688299e-06
MEIS1	TIFAB	2.598668515929603e-06
RPA2	ADGRG3	2.5351441763632465e-06
RAD51	H2-Q6	2.531725840526633e-06
RPA1	CALCRL	2.5116630695265485e-06
HCFC1	TMX4	2.491098484824761e-06
RPA2	TRPC6	2.371690470681642e-06
RPA1	PRSS57	2.3579957542096963e-06
RPA1	MPI	2.346593419133569e-06
RPA2	ADGRL4	2.3407408207276603e-06
GFI1B	UHRF1	2.3337611310125794e-06
RPA1	ABCG2	2.3085769953468116e-06
RPA2	AP1S2	2.247085149065242e-06
RAD51	APOE	2.2463457298727008e-06
SPI1	CENPF	2.2130232082417933e-06
SATB1	CD63-PS	2.2053411612432683e-06
RPA1	B3GNT5	2.148949533875566e-06
HCFC1	SLFN2	2.0971638150513172e-06
IRF8	MUC13	2.09160702979716e-06
WDR5	HSPA1A	2.0116967789363116e-06
RPA2	CLPTM1L	1.999529786189669e-06
IRF8	CSGALNACT1	1.9983906440756982e-06
CBFB	PLIN3	1.958585471584229e-06
HCFC1	VSIR	1.953542323462898e-06
SPI1	CERS4	1.9137221443088492e-06
ELF1	CRISPLD1	1.90531977750652e-06
RPA2	MAPKAPK3	1.8977502804773394e-06
HDAC2	HP	1.8858780777009088e-06
RPA2	PCMTD2	1.8721509604802122e-06
HDAC2	RCOR1	1.864378305072023e-06
RPA1	CAND2	1.8491799664843711e-06
WDR5	ATF7	1.8474622720532352e-06
RPA2	CD82	1.8326464896745165e-06
ELF1	IGSF6	1.8049328218694427e-06
RPA2	MPI	1.794813442757004e-06
HCFC1	ESAM	1.7914104546434828e-06
RPA2	MYCT1	1.6945550669333898e-06
WDR5	PHKB	1.636465526644315e-06
GFI1B	MILR1	1.626481434868765e-06
RAD51	INTS13	1.6215899449889548e-06
SPI1	NWD1	1.553722199787444e-06
RPA1	TINAGL1	1.5518434111072565e-06
RPA1	EMB	1.549487706142827e-06
MYC	TRIM59	1.5475530972253182e-06
RPA1	MAPK12	1.5462272813238087e-06
MYC	CDKN1C	1.5416816268043476e-06
IRF8	GBP7	1.537426101094752e-06
MYC	MCM10	1.513282995802001e-06
RPA1	SLC28A2	1.5056513120725867e-06
RAD51	CYC1	1.4542481494572712e-06
NFAT5	CLEC12A	1.4412443078981596e-06
RPA1	ZFP36	1.4063818980503129e-06
HDAC2	TOP2A	1.3705076753467438e-06
RAD51	MLLT3	1.3428198144538328e-06
RPA2	KIF20B	1.3181554550101282e-06
MYC	DCK	1.2610637440957362e-06
RPA1	FAM171A1	1.2573052572406596e-06
RPA2	ZFAND5	1.2451482689357363e-06
SPI1	OBSCN	1.2410699810061487e-06
RPA2	KCNQ1OT1	1.2389330095174955e-06
RPA1	IGSF6	1.2099678770027822e-06
IRF8	TRIM47	1.1760305369534763e-06
SPI1	PITPNC1	1.163600359177508e-06
SATB1	CSGALNACT2	1.160742044703511e-06
SATB1	SLFN2	1.145073269981367e-06
MYC	CCNB2	1.1272076108070905e-06
RPA1	HDAC7	1.1131752444271115e-06
IRF8	SNAP47	1.0822187732628663e-06
IRF8	CDC20	1.0766635796244373e-06
RPA2	NR3C2	1.0636864544721902e-06
RPA1	NAV1	1.038342020365235e-06
RPA1	TSC22D1	9.987492148866295e-07
IKZF1	SNAP47	9.935757816492696e-07
RPA2	STT3A	9.764339665707666e-07
RAD51	SLC28A2	9.641627229939331e-07
RAD51	ATP6AP1	9.155194788945664e-07
IKZF1	MFNG	9.114419299294241e-07
ELF1	FCGR3	9.111705594477826e-07
MYC	GIMAP1OS	9.082519341063744e-07
SPI1	C1RL	8.612719284428749e-07
SPI1	MTOR	8.606264714217104e-07
HDAC2	LRRC59	8.542234013475536e-07
RPA2	OSTM1	8.225941314776719e-07
RPA1	PIK3R1	7.846314815651567e-07
CBFB	NCEH1	7.646470407962624e-07
HCFC1	NDRG2	7.583515184705902e-07
RAD21	TCN2	7.107681767593022e-07
MYC	MS4A3	7.05211391505145e-07
WDR5	TLE2	6.176568945193139e-07
CBFB	PDZK1IP1	6.142186634860991e-07
RPA1	OSBPL8	5.968120149191236e-07
HDAC2	RTP4	5.880983167116938e-07
RPA2	CSGALNACT1	5.420457682703272e-07
GATA2	CD53	5.118723152008897e-07
RPA1	GBP3	4.864340894528141e-07
RPA1	MS4A3	4.813312557416793e-07
RAD51	SLC37A1	4.776334208145272e-07
RPA1	C030034L19RIK	4.739862049518706e-07
RAD51	NWD1	4.7223684873642924e-07
RAD51	NPDC1	4.191725224700349e-07
RPA2	GM19590	4.067063912316371e-07
IRF8	DDX58	3.9049518818501383e-07
WDR5	TECPR1	3.8860466133883165e-07
SPI1	CCNA2	3.698517332395568e-07
MYC	RRM1	3.000873221026268e-07
HDAC2	TGTP1	2.9822842861904064e-07
RAD51	TMEM229B	2.6563537858237396e-07
RPA1	ADA	2.571074162460718e-07
SPI1	AURKB	2.479345653227938e-07
CBFB	IIGP1	2.1855299792150618e-07
MYC	SNAP47	1.9954931929078157e-07
RPA1	FAM189B	1.7030180288202246e-07
HDAC2	CNRIP1	1.4663821445992653e-07
RPA1	VPS35	1.4063211040138412e-07
RPA1	TUBGCP3	1.1464680227391e-07
MYC	S100A6	9.450360494156484e-08
GFI1B	IFI209	6.267003271887006e-08
RPA1	UBA7	6.127438467729007e-08
ELF1	IGKC	3.591302544236896e-08
GFI1B	RASA4	6.713614553177649e-09
IRF8	TIE1	-1.0822419405087658e-08
IRF8	RAB37	-4.0723033833955924e-08
HDAC2	LACTB	-8.224402137102516e-08
RPA2	WDR5	-9.542053192035382e-08
WDR5	GM11346	-1.376669018782195e-07
IRF8	SPNS2	-2.320763314855867e-07
WDR5	9530082P21RIK	-2.599678055048571e-07
HDAC2	MR1	-2.699125047911366e-07
RPA2	TFR2	-2.8203601232235087e-07
SPI1	GABBR1	-3.074547976211761e-07
HDAC2	PTPRE	-3.611120291679981e-07
HDAC2	NUSAP1	-3.6812642179029353e-07
IRF8	DOK2	-4.015240619992255e-07
RPA1	ELANE	-4.136072959681769e-07
RPA2	MYCN	-4.3691409246093826e-07
HDAC2	DDX60	-4.5589922592625953e-07
RPA1	PIM2	-4.629400223166158e-07
RAD51	AW112010	-4.646437901101308e-07
HDAC2	LTB	-4.70498264348862e-07
MYC	OBSL1	-4.711152143954678e-07
HDAC2	NFATC2	-4.930810746373027e-07
RPA1	INTS8	-5.027837346460728e-07
MYC	TCIRG1	-5.102801310385985e-07
RAD51	SESN1	-5.338702067092527e-07
SPI1	NDRG2	-5.363286845749826e-07
MEIS1	KNSTRN	-5.407172238847124e-07
SPI1	CTC1	-5.495172672453918e-07
WDR5	MLLT3	-5.768256983174069e-07
SPI1	H1F0	-6.444977884711989e-07
RAD51	GNG2	-7.230678988889849e-07
SPI1	BIRC5	-7.502430889871903e-07
GATA2	SATB1	-7.693724910495803e-07
RAD51	PHB2	-8.5265179450289e-07
RPA2	FCGR2B	-8.595868052907463e-07
RPA1	ERLIN1	-8.805856737126305e-07
RPA1	F13A1	-8.966924838205159e-07
RPA2	PKIB	-9.43815564369288e-07
WDR5	COQ8A	-9.57323209149763e-07
RPA1	TOP3B	-1.098550455935765e-06
RPA1	SUSD3	-1.1910557304872782e-06
RAD51	PECAM1	-1.1975456573054544e-06
GFI1B	MYO1F	-1.3167524457458057e-06
HCFC1	PRODH	-1.3923263395554386e-06
WDR5	TRIM30B	-1.4043879446035135e-06
WDR5	HIF3A	-1.4176039258018136e-06
RPA1	TMEM246	-1.4318061403173488e-06
RPA2	METTL7A1	-1.509263370280678e-06
RPA2	RGCC	-1.5358095879491884e-06
RAD51	FEM1A	-1.5465965361727285e-06
RPA2	RELB	-1.557932591822464e-06
RPA1	LAPTM4B	-1.5662371879443526e-06
RAD51	ATRN	-1.5886056417002692e-06
IKZF1	TM7SF3	-1.5945303175612935e-06
RAD51	FGFR1OP	-1.6396055571021861e-06
WDR5	OAS3	-1.6764577139838366e-06
RPA2	EMCN	-1.6892928442757693e-06
RPA1	CREB5	-1.713704364192381e-06
HCFC1	MFSD1	-1.7537815892865183e-06
MYC	ARHGEF39	-1.7599819557290175e-06
RPA2	EDEM1	-1.793361661839299e-06
MYC	CLEC12A	-1.7951111885849969e-06
SATB1	GNG11	-1.798735070224211e-06
RPA1	SPI1	-1.8201284319729893e-06
GFI1B	ALAS1	-1.8232489082947723e-06
RAD51	COQ8A	-1.858486598393938e-06
RAD51	CTLA2A	-1.8606594949233113e-06
RPA1	NR3C2	-1.869834704848472e-06
HDAC2	ADGRL4	-1.8699594193094526e-06
SPI1	TTF2	-1.902263079500699e-06
MYC	NCAPH	-2.0031902749906294e-06
RPA1	SLC18A2	-2.1365799511841033e-06
RPA1	API5	-2.1855619252164615e-06
RAD51	TFR2	-2.2270239696808858e-06
RAD21	ABCE1	-2.231570306321373e-06
ELF1	GIMAP5	-2.23623692363617e-06
RPA1	JARID2	-2.2410883957491023e-06
HCFC1	DOK2	-2.27840973821003e-06
RPA1	MLKL	-2.3012426026980393e-06
RPA2	NDN	-2.319894747415674e-06
RPA2	H1F0	-2.3288341708394e-06
SATB1	TARS	-2.331915766262682e-06
MYC	SAMD9L	-2.3526074528490426e-06
RPA2	CNRIP1	-2.366844228163245e-06
GFI1B	MTR	-2.407146666882909e-06
RPA2	CLEC4E	-2.443241783112171e-06
RPA1	BID	-2.4956484594440553e-06
HCFC1	UTP4	-2.513535719117499e-06
GFI1B	CSF2RB	-2.5313295282103354e-06
RPA1	MAPKAPK3	-2.5365170586155728e-06
NFAT5	ALAS1	-2.547388930906891e-06
NFAT5	UTP4	-2.6350828647991875e-06
GFI1B	PLAA	-2.6994205200026045e-06
SPI1	CKAP2L	-2.7683827283908613e-06
RPA1	ALAS1	-2.804473979267641e-06
RPA2	NDRG2	-2.819941755660693e-06
RAD51	ST8SIA4	-2.871917331503937e-06
WDR5	MFSD14B	-2.8735166779370047e-06
RAD51	TOMM70A	-2.9775085295113968e-06
RPA2	FCGRT	-3.005404096256825e-06
HCFC1	SELENBP1	-3.0209262149583083e-06
MEIS1	RAB44	-3.05146022583358e-06
RPA2	DHRS3	-3.0531512038578512e-06
MYC	CENPE	-3.065214514208492e-06
RAD51	SALL2	-3.095108468187391e-06
RPA1	GIMAP1OS	-3.1025126645545242e-06
MYC	TNIP3	-3.1072918318386655e-06
RPA2	GALNT6	-3.220836333639454e-06
RAD51	CENPF	-3.2217089938058052e-06
CBFB	CSGALNACT1	-3.2286079658661038e-06
RAD51	SFXN1	-3.2730733892094577e-06
RPA1	TBC1D9B	-3.2766533877293114e-06
WDR5	CCDC50	-3.282558736827923e-06
GFI1B	GPR65	-3.316743914183462e-06
IRF8	APOE	-3.327582817291841e-06
RAD51	H2-DMA	-3.3738069760147482e-06
RPA2	INTS8	-3.404217977731605e-06
RAD51	RGS19	-3.4072186281264294e-06
RPA2	DOCK11	-3.410010549487197e-06
MYC	ABCG3	-3.4201311791548505e-06
ELF1	JCHAIN	-3.422758936721948e-06
RPA2	PTPN7	-3.4300487641303334e-06
ELF1	AP3S1	-3.4537890769570367e-06
RPA1	SESN1	-3.4616398352227407e-06
MYC	PLXDC2	-3.492255700621172e-06
CBFB	OASL2	-3.5558739455154864e-06
RPA2	NAP1L3	-3.6171768442727625e-06
JUN	IGSF6	-3.6273145269660745e-06
MEIS1	AURKA	-3.6290336993261008e-06
CBFB	HLF	-3.664287532956223e-06
RAD51	TIMP2	-3.6975141028960934e-06
RPA1	TSPOAP1	-3.724366933965939e-06
SPI1	OTUD4	-3.7436836919368943e-06
HCFC1	FASTKD3	-3.7516751945076976e-06
CBFB	TRIM47	-3.754864110305789e-06
RAD21	ENPP5	-3.7682225411117543e-06
SPI1	MLLT3	-3.813083367276704e-06
RAD51	ELANE	-3.847011157631641e-06
CBFB	ELAC2	-3.9033407119859476e-06
RPA1	RTP4	-3.947264758608071e-06
RPA2	HID1	-3.9512283365183976e-06
RPA1	CENPA	-3.977330834459281e-06
RAD51	MINDY3	-3.989197466580663e-06
MYC	TRIM30D	-3.997116891696351e-06
SPI1	RRM2	-4.019725110993022e-06
SATB1	ESAM	-4.028902367281262e-06
GATA2	GPR65	-4.0346230889554136e-06
GATA2	PCLAF	-4.035928213852458e-06
HCFC1	MTHFD1	-4.045379682793282e-06
MYC	TECPR1	-4.055580120621016e-06
RPA1	TES	-4.0793947846395895e-06
IRF8	GALNT6	-4.10196162192733e-06
HDAC2	PLEK	-4.107753738935571e-06
RPA2	ELANE	-4.140428245591465e-06
RPA1	SELL	-4.140687451581471e-06
MYC	MAP4K2	-4.183968940196792e-06
MYC	HP	-4.245626314514084e-06
RPA1	SIGLECG	-4.324921064835507e-06
ELF1	TRIB3	-4.366096618468873e-06
GFI1B	CERS6	-4.382735369290458e-06
RPA2	TSC22D3	-4.397252268972807e-06
RPA1	OASL2	-4.402046215545852e-06
MYC	MLLT3	-4.462132892513182e-06
RAD51	DOCK11	-4.4769826672563795e-06
RPA2	SH2D5	-4.663725576392608e-06
SPI1	DENND1C	-4.690733931056457e-06
CBFB	SMPDL3A	-4.70173927169526e-06
MYC	H1F0	-4.705465471488424e-06
RPA1	MPZL1	-4.744374564324971e-06
RAD21	RASA4	-4.764609457197366e-06
RPA2	BUB1	-4.784786597156199e-06
RPA2	CUL3	-4.793032076122472e-06
MYC	SLFN2	-4.816816726815887e-06
RPA1	IIGP1	-4.8605561460135505e-06
RPA1	CYC1	-4.911864834866719e-06
IRF8	SHISA8	-4.919381353829522e-06
RPA2	NUDT4	-4.95368431074894e-06
RPA1	H1F0	-5.046897513238946e-06
MYC	GM11346	-5.080474238638999e-06
JUN	CENPF	-5.0980875130335335e-06
RAD51	TNFRSF13C	-5.1047204578935634e-06
SPI1	OBSL1	-5.16615455126157e-06
CBFB	GSR	-5.181419510336127e-06
RPA1	ITIH5	-5.187061105971225e-06
RAD51	RARS	-5.194125151319895e-06
HCFC1	F13A1	-5.201797648624051e-06
HDAC2	NAPRT	-5.202354714128887e-06
RAD51	GIMAP1OS	-5.212039468460716e-06
ELF1	GTF2H1	-5.229880571278045e-06
RAD51	NDRG2	-5.265004347165814e-06
RPA1	KPNA1	-5.274627710605273e-06
MYC	CD9	-5.284236976876855e-06
GATA2	PKIB	-5.316211627359735e-06
RAD51	CD74	-5.344348664948484e-06
IRF8	GIMAP6	-5.364415756048402e-06
RPA1	LCP2	-5.399313977250131e-06
GFI1B	CD69	-5.467755727295298e-06
SPI1	NDC80	-5.475822035805322e-06
HCFC1	RUNX1T1	-5.480449999595294e-06
RAD51	MAPKAPK3	-5.497795427800156e-06
RPA2	PDZK1IP1	-5.516477813216625e-06
RAD51	CCL4	-5.52884876015014e-06
HDAC2	CCR2	-5.5768027777958196e-06
HDAC2	GNG2	-5.587227406067541e-06
RAD51	IFI209	-5.6237254284496885e-06
RPA2	ZBTB38	-5.639748451358173e-06
RAD51	B3GNT5	-5.642690211971058e-06
RAD51	CSF2RB	-5.651330866385251e-06
GFI1B	ATP8B4	-5.65277696296107e-06
GFI1B	IRF8	-5.666508513968438e-06
RAD51	HP	-5.688525561708957e-06
HDAC2	SLPI	-5.6980079534696415e-06
MYC	MINDY3	-5.715928637073375e-06
GFI1B	ATP11C	-5.736901130148908e-06
RPA1	PCMTD2	-5.746266651840415e-06
RAD51	POR	-5.7463680604996625e-06
RPA1	SERPINB6B	-5.762624368799152e-06
ELF1	PFKP	-5.880815933778649e-06
GATA2	VAV3	-5.940791652392363e-06
RPA1	IDH1	-5.950143531663343e-06
IRF8	SRM	-5.971450264041778e-06
MYC	POLE	-6.020799446559977e-06
RAD51	ACSS1	-6.036094873707043e-06
RPA1	SERPINB1A	-6.052865956007736e-06
RPA1	NPDC1	-6.081840183469467e-06
RPA1	CASP12	-6.1524792727141175e-06
RPA2	SELL	-6.196754839038476e-06
MYC	SGCE	-6.267219305300387e-06
RPA1	MAMDC2	-6.288954864430707e-06
WDR5	TRIM47	-6.33139597994159e-06
GFI1B	SATB1	-6.343891072901897e-06
MYC	XAF1	-6.37724724583677e-06
GFI1B	HAAO	-6.3980737650126684e-06
GATA2	DCK	-6.431677775253775e-06
RPA1	ERCC8	-6.472660061263014e-06
RAD51	ZMIZ1	-6.473165740317199e-06
RPA2	CCR2	-6.491262411145726e-06
RPA1	TLE2	-6.4970290623023175e-06
RPA2	TCP11L2	-6.511403626063839e-06
RAD51	G6PDX	-6.517264864669414e-06
SATB1	RGCC	-6.532695351779694e-06
MYC	TCF19	-6.572976417373866e-06
HCFC1	UPP1	-6.575859515578486e-06
RAD51	CD63-PS	-6.5923795773414895e-06
RPA2	CENPL	-6.6060133576684166e-06
SPI1	IDH3A	-6.627125003433321e-06
RAD51	RIN3	-6.681883860437665e-06
RPA1	EYA2	-6.749757631041575e-06
WDR5	KCTD12	-6.767961622244911e-06
CBFB	TGFBR1	-6.771151220164029e-06
RPA2	MAMDC2	-6.827625838923268e-06
RPA1	ABCB8	-6.832057351857657e-06
WDR5	TRPC6	-6.860144367237808e-06
RAD51	SHISA5	-6.8780991568928584e-06
RAD51	IGTP	-6.917866357980529e-06
WDR5	DPP8	-6.9533625719486736e-06
RPA2	S100A6	-6.9622510636691e-06
RAD51	SARAF	-6.969050900806906e-06
RAD51	NR3C2	-7.074992026900873e-06
RPA2	FCGR3	-7.111165359674487e-06
RAD21	PPM1F	-7.114590971468715e-06
SPI1	MAPK12	-7.122360784705961e-06
RPA2	CREB5	-7.212271157186478e-06
MYC	RAD21	-7.22699996913434e-06
SPI1	CTTN	-7.232869393192232e-06
RPA1	ATP6AP2	-7.24546225683298e-06
RPA1	PLXDC2	-7.246515451697633e-06
RPA1	ZFP467	-7.255802756844787e-06
RPA2	INCENP	-7.2793300205376e-06
RAD21	RGS1	-7.316163191717351e-06
CBFB	C1RL	-7.411144906654954e-06
WDR5	DNTT	-7.4349622991576325e-06
RAD21	AKAP8L	-7.4705853876366746e-06
RAD21	FTSJ3	-7.489528798032552e-06
MYC	TMEM229B	-7.51997868064791e-06
RPA1	EFTUD2	-7.579484645248158e-06
RPA2	GLB1	-7.582373200420989e-06
MYC	SPC24	-7.64460492064245e-06
GFI1B	ATAD2	-7.665847078897059e-06
GFI1B	TIFAB	-7.748647476546466e-06
HCFC1	NUP88	-7.76278739067493e-06
SATB1	TGM2	-7.861976882850286e-06
GFI1B	SLPI	-7.914803063613363e-06
IRF8	CTLA2B	-7.92853461462073e-06
NFAT5	IFI209	-7.929284947749693e-06
RPA2	TAB1	-7.931063009891659e-06
RAD51	FSTL1	-7.940618161228485e-06
RPA2	RGS2	-7.98034670879133e-06
IRF8	LY6A	-7.98303426563507e-06
RAD51	TSC22D3	-7.991055099410005e-06
RPA2	TGTP2	-8.033098310988862e-06
HDAC2	ITM2A	-8.044811693252996e-06
MYC	TK1	-8.058122148213442e-06
HCFC1	SLC37A1	-8.059286301431712e-06
RPA1	KNSTRN	-8.11229801911395e-06
RAD51	SLCO3A1	-8.116143362713046e-06
SPI1	PLSCR4	-8.16210376797244e-06
RAD51	NAPSA	-8.22219590190798e-06
RAD51	GM19590	-8.22339643491432e-06
HCFC1	TECPR1	-8.247831829066854e-06
RAD51	CTR9	-8.338332918356173e-06
RPA2	SLA2	-8.359761523024645e-06
RPA1	HDC	-8.371900548809208e-06
RPA1	RAB37	-8.405227163166273e-06
SPI1	SGCE	-8.421826350968331e-06
ELF1	CTLA2B	-8.427517968812026e-06
RPA2	TES	-8.439729754172731e-06
JUN	DNAJC9	-8.444355444225948e-06
RPA2	ATP11C	-8.456392606603913e-06
RAD51	CTSG	-8.469866770610679e-06
HCFC1	PSTPIP1	-8.496467671648134e-06
RPA2	CD44	-8.500685908074956e-06
RAD51	ALAS1	-8.542103387298994e-06
RAD51	SLA2	-8.576404070481658e-06
RPA1	MLLT3	-8.593853635829873e-06
SPI1	DCK	-8.59648844198091e-06
RPA2	GM20559	-8.641340173198842e-06
RPA2	CENPA	-8.653268196212593e-06
HCFC1	AKNA	-8.668694135849364e-06
RAD51	GRINA	-8.681504368723836e-06
RPA2	SPNS2	-8.694910320627969e-06
RPA2	TSPOAP1	-8.698607416590676e-06
RPA2	SYTL1	-8.707665983820334e-06
RPA2	CTSF	-8.719255674805027e-06
RAD51	MYCT1	-8.749289918341674e-06
RPA1	HERPUD1	-8.776280083111487e-06
RPA1	ATAD1	-8.776411050348543e-06
RAD21	RCC1	-8.789223102212418e-06
RPA2	GMFB	-8.867920769262128e-06
HCFC1	GOLT1B	-8.87732494447846e-06
RPA2	JAM3	-8.920874279283453e-06
RPA1	ABL2	-8.947997230279725e-06
MYC	CCR2	-8.97718382475432e-06
MEIS1	STOM	-9.005883839563467e-06
RPA2	KNSTRN	-9.019016943057068e-06
HDAC2	CSE1L	-9.05231081560487e-06
RPA1	DUSP1	-9.060470802069176e-06
WDR5	SPO11	-9.064363439392764e-06
RPA1	TESPA1	-9.09138543647714e-06
GFI1B	ABHD17B	-9.106430297833867e-06
RPA1	CTLA2B	-9.147507626039442e-06
RPA1	CASP1	-9.175658306048717e-06
HDAC2	LMO4	-9.175714694720227e-06
RPA1	PCMTD1	-9.19380454433849e-06
HDAC2	SZT2	-9.219750609190669e-06
RPA1	APBB1	-9.252657036995515e-06
MYC	BACE1	-9.272935130866244e-06
SATB1	SCARF1	-9.289026820624713e-06
HDAC2	BYSL	-9.30947317101527e-06
RAD51	CSAD	-9.329670319857541e-06
MYC	MCPT8	-9.355392649013083e-06
RPA2	NWD1	-9.374731234856881e-06
RPA1	GM20559	-9.420312380825635e-06
RAD51	HERPUD1	-9.471963494434021e-06
GFI1B	TCIRG1	-9.497764949628618e-06
RPA2	G6PDX	-9.540644896333106e-06
RPA1	RETREG1	-9.558872989146039e-06
CBFB	SOX18	-9.586506166670006e-06
RPA1	FSTL1	-9.611322639102582e-06
HDAC2	RAB44	-9.67378309724154e-06
MYC	RACGAP1	-9.72227644524537e-06
MYC	E2F8	-9.723941730044317e-06
SPI1	TRIM47	-9.737782420415897e-06
IKZF1	SRM	-9.748923730512615e-06
RPA2	CHORDC1	-9.791454431251623e-06
HDAC2	GRIA3	-9.810964911594056e-06
MYC	LHCGR	-9.826600944506936e-06
CBFB	H1F0	-9.826845598581713e-06
RPA1	CERS6	-9.842055987974163e-06
SPI1	TCF19	-9.854998097580392e-06
RPA2	PDE4B	-9.863375453278422e-06
MYC	GM4951	-9.899118595058098e-06
RPA1	ADAM17	-9.90853277471615e-06
RPA1	GM11346	-9.927498467732221e-06
CBFB	LPCAT2	-9.957068868970964e-06
RPA2	API5	-1.0017679414886516e-05
RPA2	FUT7	-1.0036448657047004e-05
RPA1	DEF8	-1.0046023817267269e-05
RAD51	ISG20	-1.008245726552559e-05
RPA1	TNIP3	-1.0113663847732823e-05
RPA2	GCNT2	-1.0126237611984834e-05
IRF8	TESPA1	-1.0144058251171373e-05
HCFC1	OAS3	-1.0237060450890567e-05
RAD51	BTK	-1.0253947948513087e-05
HCFC1	C1RL	-1.0271805876982398e-05
HCFC1	NOL9	-1.0332584679417778e-05
RPA1	GNG11	-1.0376014870416839e-05
RPA2	TCN2	-1.0395022400189191e-05
SATB1	FLOT2	-1.0481627214176115e-05
RAD51	FUT7	-1.048873491527047e-05
HCFC1	GIMAP5	-1.0501820725039579e-05
RAD51	MAP4K2	-1.0516709153307602e-05
RPA1	IRF7	-1.0557871974015143e-05
RAD51	ENG	-1.0609182027110364e-05
RAD51	TES	-1.0616481631586794e-05
RAD21	COLGALT1	-1.0623218258842826e-05
MYC	ATP8B4	-1.0698709047574084e-05
RAD51	FTX	-1.0779537660710048e-05
IKZF1	PIM2	-1.0786903658299707e-05
GFI1B	ATRN	-1.0832332009158563e-05
GFI1B	ARRDC4	-1.084066661860561e-05
RPA1	CD63	-1.0861461305466946e-05
RPA1	TLR4	-1.0889356417465024e-05
RPA1	IRF9	-1.093981700250879e-05
IRF8	KIF11	-1.1020354577340186e-05
MYC	CTTN	-1.1047428415622562e-05
RAD51	LZTS1	-1.1113128493889235e-05
GFI1B	SIGLECG	-1.111493202188285e-05
RPA1	TBC1D10C	-1.1131954124721233e-05
RPA2	GIMAP5	-1.115222130465554e-05
RPA2	HDC	-1.1192152669536881e-05
RPA2	FDFT1	-1.1200164408364799e-05
IRF8	SALL2	-1.123283254855778e-05
RPA1	IL21R	-1.1237882063142024e-05
RPA1	SLC37A1	-1.1258483937126584e-05
RPA2	SAMD9L	-1.1266431101830676e-05
RAD51	PTPN7	-1.1267886293353513e-05
ELF1	JAM3	-1.1340884157107212e-05
JUN	CLEC4E	-1.1462746442703065e-05
SATB1	PDZK1IP1	-1.1535993508005049e-05
RPA1	CKAP5	-1.1536566489667166e-05
RPA1	HIF3A	-1.160411920864135e-05
IKZF1	NAP1L3	-1.1618091775744688e-05
NFAT5	SLPI	-1.1740192348952405e-05
RAD51	GYS1	-1.1769721822929569e-05
RPA2	RP2	-1.178574802906951e-05
RPA2	GIMAP1	-1.1798420018749312e-05
MYC	LTB	-1.1869408808706794e-05
RPA2	TIE1	-1.186989902635105e-05
HCFC1	CTC1	-1.1876407370436937e-05
RPA1	NFIA	-1.189605154650053e-05
RAD51	MS4A6C	-1.190697821584763e-05
RAD51	FCER1G	-1.192487161461031e-05
RPA1	NWD1	-1.1938574971281923e-05
WDR5	POLE	-1.1969921615673229e-05
RPA1	EPSTI1	-1.2007932127744425e-05
RPA1	CUL3	-1.20401346066501e-05
RAD51	MR1	-1.2123628039262258e-05
RPA2	APLP2	-1.2156253433204256e-05
MYC	ESAM	-1.2176673408248462e-05
RAD51	MAPK12	-1.2205814527987968e-05
RPA1	GOLPH3	-1.2454752322810236e-05
RPA1	ESAM	-1.2456943295546807e-05
RPA2	CD34	-1.2466847692849115e-05
SPI1	MPL	-1.2524517842393834e-05
RAD51	PDE4D	-1.2526071259344462e-05
ELF1	CD74	-1.2563756172312424e-05
SATB1	FCGR3	-1.2582983799802605e-05
WDR5	ITPR1	-1.258392512681894e-05
HDAC2	GM8113	-1.2628053809748963e-05
IRF8	PRC1	-1.2687658454524353e-05
RPA2	CAMK2D	-1.2712658644886687e-05
MYC	SPO11	-1.2723967302008532e-05
RPA2	KCTD20	-1.2762041478708852e-05
RAD51	HK3	-1.2800188414985314e-05
JUN	HK3	-1.2818549294024706e-05
RPA2	IL6ST	-1.2843179320043419e-05
RPA1	SH2D5	-1.2871375474787783e-05
SATB1	9530068E07RIK	-1.2939624866703525e-05
RPA2	ALAS1	-1.2957465514773503e-05
RPA1	CD53	-1.2960225831193384e-05
IRF8	TBC1D2B	-1.2983668057131581e-05
RPA1	TFR2	-1.2990974028070923e-05
SPI1	CEP55	-1.3013835996389389e-05
RPA1	TCP11L2	-1.3018177014600951e-05
IRF8	TOMM70A	-1.3025380212638993e-05
RPA1	GBP7	-1.3026138731220271e-05
SPI1	TOP2A	-1.3044574188825209e-05
RPA2	ITSN1	-1.3062155630905181e-05
MYC	BATF2	-1.3083605153951794e-05
RAD51	GALNT6	-1.3088950254314113e-05
RAD51	IGSF6	-1.3094338100927416e-05
RPA1	2610035D17RIK	-1.3097843293508049e-05
RAD21	GMIP	-1.3109508472552989e-05
HDAC2	GRINA	-1.3120828043611255e-05
IKZF1	CSGALNACT1	-1.3125690202286933e-05
HDAC2	ELANE	-1.312894164584577e-05
RAD51	OSBPL8	-1.3205399227445014e-05
MYC	CENPF	-1.3219723768997937e-05
RPA1	CYP2J6	-1.3241551641840488e-05
RPA1	CNRIP1	-1.3328471140994225e-05
HDAC2	AGPS	-1.3390303138294257e-05
JUN	ERLIN1	-1.3397180737229064e-05
RPA2	ARID3B	-1.3397570910456125e-05
WDR5	MPZL1	-1.3499690794560593e-05
RAD51	COLGALT1	-1.3558827959059272e-05
RPA1	IGKC	-1.3563576430897228e-05
IRF8	LTB	-1.3593506082543172e-05
RAD51	EMB	-1.3628957276523579e-05
RAD51	CHRNB1	-1.3651737390318885e-05
RPA1	TAB1	-1.3684070836461615e-05
RAD51	LHCGR	-1.3741750990448054e-05
RAD51	IDH1	-1.3760656656813808e-05
MYC	CD82	-1.3764512004854623e-05
MYC	AP1S2	-1.3808469702780712e-05
WDR5	LHCGR	-1.3949483218311798e-05
RAD51	LGALS1	-1.3961727745481767e-05
HDAC2	IGSF6	-1.4040685528016184e-05
MYC	NPDC1	-1.4065103641769383e-05
SPI1	TACC3	-1.4074016689846758e-05
GATA2	RASA4	-1.416567374690203e-05
MYC	TOPORS	-1.4231140085030347e-05
RPA1	GYS1	-1.4237160939956084e-05
RAD51	ZFP451	-1.4240858035918791e-05
MYC	F13A1	-1.4260119314712938e-05
RAD21	GIMAP5	-1.4342023860081099e-05
HDAC2	FAM171A1	-1.4347736396302935e-05
IRF8	POR	-1.4353837286762428e-05
GFI1B	CD52	-1.4380239917954896e-05
IRF8	LAX1	-1.4391392141988035e-05
IRF8	PLA2G12A	-1.4394295249076094e-05
RAD51	GMIP	-1.4396466212929226e-05
IRF8	GRK3	-1.4536275557475165e-05
RPA2	TRPS1	-1.4558298971678596e-05
WDR5	BUB1	-1.459589293517638e-05
WDR5	SELENBP1	-1.462792442907812e-05
RPA2	NFATC2	-1.4637284039054066e-05
RAD51	RAB44	-1.4658727195637766e-05
MYC	IFI209	-1.4659014595963527e-05
RPA1	SDC4	-1.466957382945111e-05
RAD51	CCNB2	-1.4689925592392683e-05
RAD51	RAP1B	-1.4699687199026812e-05
RAD51	ESAM	-1.4739764992555138e-05
RPA1	PTTG1IP	-1.4775455383642111e-05
HCFC1	SPO11	-1.4810882930760272e-05
IKZF1	OBSL1	-1.482887273596134e-05
WDR5	LMO4	-1.4886750250298064e-05
WDR5	SLA2	-1.4917080079612788e-05
RPA2	RAB31	-1.5046434782561846e-05
RPA2	SGMS1	-1.505155614722753e-05
RAD51	TENT5A	-1.5159050235524774e-05
WDR5	CENPF	-1.5163330317591317e-05
GFI1B	MOGS	-1.5185384654614609e-05
GFI1B	MS4A3	-1.5240717402775772e-05
MEIS1	GK	-1.5249777788994834e-05
SPI1	ENPP5	-1.525768584542675e-05
RPA1	VSIR	-1.526623236713931e-05
GFI1B	MCM3	-1.5268842616933398e-05
RPA2	GPR160	-1.530696863483172e-05
GFI1B	ARL11	-1.534776129119564e-05
SATB1	AI506816	-1.538481046736706e-05
RAD21	MOB3C	-1.542272548249457e-05
SATB1	HP	-1.5438045011251234e-05
GFI1B	MAPK12	-1.548121690575499e-05
MYC	TSPOAP1	-1.548811087559443e-05
RAD21	GATM	-1.5498029824811965e-05
SPI1	RAD51AP1	-1.558153599034995e-05
HDAC2	ZFP35	-1.5602909115841612e-05
MYC	LY6A	-1.5607003660988994e-05
IRF8	MS4A3	-1.5614739822922274e-05
SPI1	SNX30	-1.5751673345221207e-05
RPA1	PROCR	-1.5801935660419986e-05
HCFC1	ZFP35	-1.5821393390069716e-05
HDAC2	ITPR1	-1.5837351384107023e-05
RAD51	GMFB	-1.583879566169344e-05
HDAC2	ABL2	-1.585405334481038e-05
IRF8	RGS1	-1.5897609046078287e-05
MEIS1	TK1	-1.592549233464524e-05
MYC	BUB1	-1.5941934179863892e-05
CBFB	ABCB8	-1.5986421203706414e-05
RAD51	GIMAP5	-1.5995754438336007e-05
SPI1	PLXDC2	-1.6017904272302985e-05
RAD51	CHORDC1	-1.6102347217383794e-05
IKZF1	TLE2	-1.6126421542139724e-05
SPI1	ADORA2A	-1.615588007553015e-05
CBFB	TIE1	-1.6232015696004964e-05
GFI1B	TCF19	-1.6254381989710964e-05
WDR5	RPA1	-1.6296102330670692e-05
MYC	NUSAP1	-1.6314093954861164e-05
RAD21	PWP2	-1.6322021110681817e-05
RPA2	VAV3	-1.6409725503763184e-05
SPI1	LHCGR	-1.6425074136350304e-05
RAD51	RBPMS	-1.6433261407655664e-05
RPA1	ANXA1	-1.6487074390170164e-05
RPA2	ENPP5	-1.6527937987120822e-05
RPA2	NPDC1	-1.6610705642960966e-05
RPA2	FCER1G	-1.6630527170491405e-05
IRF8	TNFRSF13C	-1.664311275817454e-05
RPA2	AURKA	-1.666512616793625e-05
HDAC2	F13A1	-1.6671265257173218e-05
HCFC1	MAGED1	-1.66940335475374e-05
WDR5	UPP1	-1.6709105693735182e-05
WDR5	ADSSL1	-1.6727373804314993e-05
RAD21	DTL	-1.6762312952778302e-05
RPA1	GUCY1A1	-1.6772446542745456e-05
RPA1	IGTP	-1.6810095985420048e-05
WDR5	DNAJC10	-1.681748835835606e-05
RPA2	SLC37A1	-1.6884867363842204e-05
ELF1	SPO11	-1.6890675397007726e-05
MYC	AGPS	-1.693350168352481e-05
RAD51	NCEH1	-1.7002095773932524e-05
RPA1	CAMK2D	-1.7008022041409276e-05
GFI1B	SPC24	-1.702569716144353e-05
MYC	LY6C2	-1.71026294992771e-05
RAD51	TIE1	-1.7133517758338712e-05
MYC	DDX60	-1.7155649402411655e-05
RPA1	ARL11	-1.7169255443150178e-05
RAD51	SPO11	-1.7176642359117977e-05
WDR5	CEP55	-1.72532436408801e-05
RPA1	TENT5A	-1.7255846614716575e-05
CBFB	UPP1	-1.7257887520827353e-05
RAD21	9530082P21RIK	-1.7328029571217485e-05
RPA1	MFNG	-1.7599550119484775e-05
RAD21	RPAP1	-1.7620095604797825e-05
RPA1	RHOF	-1.7637023120187223e-05
MYC	MKI67	-1.7645130355958827e-05
RPA2	SARAF	-1.7650165318627842e-05
RPA1	NDRG2	-1.769524169503711e-05
RPA1	ATG12	-1.774494921846781e-05
MYC	MECOM	-1.7762322386261076e-05
HDAC2	KLF6	-1.7831713194027543e-05
IKZF1	PYGM	-1.7849477444542572e-05
HDAC2	ABCB8	-1.7887636204250157e-05
HCFC1	LYN	-1.78986356331734e-05
RPA1	ARMT1	-1.792140756151639e-05
HDAC2	CRISPLD1	-1.804312523745466e-05
HDAC2	TCIRG1	-1.806193722586613e-05
RAD51	F13A1	-1.815408541006036e-05
RPA1	SVIP	-1.8177062884205952e-05
RPA2	BACE1	-1.8191776689491235e-05
HDAC2	MTFR1	-1.819240969780367e-05
RPA1	IL6ST	-1.824793616833631e-05
RPA2	OSBPL8	-1.827465348469559e-05
RPA1	FGFR1OP	-1.830860310292337e-05
RPA1	MEIS1	-1.830951077863574e-05
RPA2	MAPK12	-1.8384251234238036e-05
RPA2	MR1	-1.8453607481205836e-05
SPI1	KIF11	-1.8514838302507997e-05
RPA2	KIF22	-1.854574838944245e-05
HDAC2	PRDM16	-1.856611379480455e-05
MYC	LY86	-1.856722155935131e-05
HDAC2	NEIL3	-1.859690382843837e-05
RAD51	PHKB	-1.862058343249373e-05
WDR5	TIFAB	-1.8646440366865136e-05
JUN	TESPA1	-1.876487658591941e-05
MYC	ICAM1	-1.885906749521382e-05
RPA1	TRIM47	-1.8907998310169205e-05
RPA2	ATP8B4	-1.8934339095721953e-05
RAD51	STT3A	-1.89929469343042e-05
RPA2	GRK3	-1.9029561372008175e-05
MYC	MAMDC2	-1.9042012354475446e-05
RAD51	CD82	-1.905499266285915e-05
RPA1	FCER1G	-1.906383113237098e-05
MYC	UPP1	-1.9080624042544514e-05
GATA2	SHISA8	-1.910265928017907e-05
RPA1	MUC13	-1.9171402527717873e-05
RPA2	JARID2	-1.9180473827873357e-05
RAD51	ABHD17B	-1.9215585780330002e-05
GFI1B	VAV3	-1.924259413499385e-05
RPA2	GRINA	-1.924974458233919e-05
RAD51	ADORA2A	-1.9270739358034916e-05
RAD51	ARL11	-1.9324206732562743e-05
CBFB	ZBTB38	-1.9331831936142407e-05
NFAT5	DDX1	-1.9340366634423845e-05
RAD51	PYGM	-1.9371173038962297e-05
RPA2	LHCGR	-1.9378749129828066e-05
IKZF1	ALAS1	-1.9380191588425077e-05
MYC	TFG	-1.9390197849133983e-05
MYC	NADK	-1.94666936295107e-05
RPA1	KCNQ1OT1	-1.9505816453602165e-05
GATA2	SDF2L1	-1.9506347598508e-05
GATA2	NCF1	-1.9521858121152036e-05
HDAC2	SGO1	-1.954788967850618e-05
SPI1	NPDC1	-1.960255940502975e-05
CBFB	NFE2	-1.965447336260695e-05
IRF8	F11R	-1.9658711607917212e-05
RAD21	MYC	-1.9691386114573106e-05
HDAC2	MAN2A2	-1.9721948774531484e-05
RAD51	RUNX1T1	-1.9764180251513608e-05
RAD51	PARP8	-1.978394175239373e-05
MYC	C1RL	-1.9893930584657937e-05
RAD51	NFE2	-1.9917184545192868e-05
IRF8	SEC24D	-1.9927410903619602e-05
GFI1B	RIN3	-2.0074698113603517e-05
HDAC2	SHISA8	-2.007657167268917e-05
RPA1	GM8113	-2.0092147678951733e-05
GFI1B	WDR5	-2.0141304048593156e-05
GFI1B	MCPT8	-2.014956589846406e-05
WDR5	AP3S1	-2.02017563424306e-05
RPA1	TXNIP	-2.023062734224368e-05
RPA1	ENPP5	-2.0368646801216528e-05
RPA1	CTLA2A	-2.0369056073832326e-05
HDAC2	CTSG	-2.0392957594594918e-05
RAD51	GEM	-2.0480611055972986e-05
SPI1	MINDY3	-2.0522409613477066e-05
RPA1	SOX18	-2.053445678029675e-05
RPA1	SLCO3A1	-2.054072501778137e-05
RPA1	ABHD17B	-2.0552286514430307e-05
RPA2	SHISA5	-2.0687884898507036e-05
RPA2	MTREX	-2.0697871150332503e-05
RAD51	SVIP	-2.0719975509564392e-05
WDR5	NSD2	-2.089531517412979e-05
RAD51	GUCY1A1	-2.0999947082600556e-05
RAD21	MARS	-2.103567931044381e-05
RPA1	LMO4	-2.1089432266307995e-05
RAD51	IMMT	-2.110883178829681e-05
WDR5	TOP2A	-2.112039328494575e-05
RAD51	GBP7	-2.1146621293155476e-05
HCFC1	USP14	-2.1156627553864382e-05
RAD51	SH2D5	-2.115686766046565e-05
IKZF1	MMRN1	-2.124688217008952e-05
WDR5	XAF1	-2.1456758986460045e-05
RPA2	NEAT1	-2.156059599656146e-05
IRF8	NFE2	-2.16220723814331e-05
IRF8	CRISPLD1	-2.16256121348124e-05
WDR5	GUCY1A1	-2.1686752006644383e-05
MYC	RAD51	-2.170561856473796e-05
MEIS1	MILR1	-2.17492943193065e-05
RPA1	JCHAIN	-2.1848636606591754e-05
MYC	HDC	-2.188978760386817e-05
RPA2	RTP4	-2.195245360780973e-05
RAD51	CSF3R	-2.204059637733735e-05
IRF8	HJURP	-2.2200583771336824e-05
RPA1	IFITM1	-2.2236123186303303e-05
RAD51	LTB	-2.2244992578634992e-05
RPA1	BDH2	-2.2258322132984176e-05
RPA1	MDN1	-2.2268282918957993e-05
MYC	JCHAIN	-2.2270331101026386e-05
RAD51	ANGPT1	-2.230000427516643e-05
RAD51	ZFP467	-2.234885141660925e-05
RPA1	HUS1	-2.2358719434123486e-05
HCFC1	PADI4	-2.2420472305384465e-05
JUN	BACE1	-2.243204835394863e-05
RPA1	PRDM16	-2.249009230581578e-05
ELF1	AGPS	-2.2536645701620728e-05
HDAC2	MAML3	-2.2544076273334213e-05
GFI1B	SHISA8	-2.2577643903787248e-05
RPA1	ZMIZ1	-2.2623597033089027e-05
HCFC1	CRISPLD1	-2.2656853616354056e-05
RPA1	IL27RA	-2.27093551075086e-05
RAD51	SMPDL3A	-2.276399391121231e-05
HDAC2	FCGRT	-2.2768719645682722e-05
RPA1	MIR99AHG	-2.2798962163506076e-05
HDAC2	TBC1D9B	-2.2802285457146354e-05
MEIS1	MTUS1	-2.2819644073024392e-05
WDR5	CCR2	-2.286597555212211e-05
SATB1	CD63	-2.2875421564094722e-05
RPA2	FAM189B	-2.2895485017215833e-05
WDR5	TRMT11	-2.2900832846062258e-05
RPA2	IGHM	-2.290357770107221e-05
HDAC2	GM20342	-2.2981026631896384e-05
MYC	H2-AA	-2.2991358491708525e-05
RPA1	GRK3	-2.3051768948789686e-05
HCFC1	LY86	-2.3135949959396385e-05
MEIS1	IFI209	-2.3172504370450042e-05
HCFC1	ISG20	-2.3302132831304334e-05
RPA2	LPCAT2	-2.3413425878970884e-05
WDR5	TBC1D10C	-2.345002030779142e-05
RPA2	PRTN3	-2.351525836274959e-05
SATB1	9430015G10RIK	-2.3539625544799492e-05
HDAC2	CST7	-2.3543670977232978e-05
RAD51	F11R	-2.3629427232663147e-05
CBFB	GIMAP5	-2.3638751372345723e-05
RPA1	SMPDL3A	-2.3638982383999974e-05
HDAC2	SLC28A2	-2.372346534684766e-05
RPA2	PRODH	-2.3737369701848365e-05
ELF1	POLD1	-2.381153535679914e-05
SATB1	CREB5	-2.3873917598393746e-05
RAD51	CSRP3	-2.389876863162499e-05
RPA1	GK	-2.411010063951835e-05
RPA1	MECOM	-2.4162880436051637e-05
MYC	FCER1G	-2.418220719846431e-05
MEIS1	CCR2	-2.4196957383537665e-05
RAD51	MYB	-2.420974306005519e-05
SPI1	CDCA5	-2.4287453925353475e-05
CBFB	TNIP3	-2.436923205095809e-05
RPA1	CTTN	-2.445010431983974e-05
ELF1	SPPL2B	-2.4542901883251034e-05
WDR5	TOPORS	-2.460384894220624e-05
RAD51	PDZK1IP1	-2.4618162569822744e-05
CBFB	MPI	-2.4634693545522168e-05
HCFC1	TRIB3	-2.4635864974698052e-05
RPA1	SZT2	-2.463905002514366e-05
RPA1	NEAT1	-2.4671871869941242e-05
STAT2	MCM5	-2.4674776796018705e-05
HDAC2	MS4A3	-2.470731305947993e-05
WDR5	HUS1	-2.47254574787803e-05
HDAC2	CHORDC1	-2.4738068532315083e-05
MYC	IFI30	-2.48051255766768e-05
RPA2	NUSAP1	-2.4817332814563997e-05
NFAT5	ZFP35	-2.4843877326929942e-05
RPA2	PIK3R1	-2.4895763999666087e-05
WDR5	SGMS1	-2.4974609914352186e-05
RPA2	RBPMS	-2.4976452550617978e-05
HCFC1	CD93	-2.4987197321024723e-05
HDAC2	UPP1	-2.5058638129848987e-05
SPI1	SLA2	-2.5117025870713405e-05
SPI1	PBK	-2.5163462851196527e-05
SPI1	TPX2	-2.5372683012392372e-05
IRF8	TFR2	-2.545849929447286e-05
RAD51	MPO	-2.5478831958025694e-05
GATA2	TK1	-2.5519148039165884e-05
RPA1	TECPR1	-2.5668899979791604e-05
SPI1	RB1	-2.570989636296872e-05
GFI1B	TRMT6	-2.5752553483471274e-05
RPA1	ICAM1	-2.5756946342880838e-05
NFAT5	LY86	-2.5838475266937166e-05
WDR5	ZHX1	-2.5916593585861847e-05
RPA1	PGLYRP2	-2.593745375634171e-05
RAD51	REL	-2.5961200663005002e-05
RAD51	JCHAIN	-2.5961257051676512e-05
HDAC2	CREB5	-2.6016658011940308e-05
RAD51	NFATC2	-2.6068628358189017e-05
WDR5	BACE1	-2.6368923499831e-05
RPA1	APLP2	-2.640504317241721e-05
WDR5	SOX18	-2.6422179871588014e-05
WDR5	IPO9	-2.6459663786226884e-05
GFI1B	SDF2L1	-2.647848305059597e-05
RPA1	SARAF	-2.6507412258069962e-05
HDAC2	DHX33	-2.6525860448600724e-05
SPI1	TECPR1	-2.6767869712784886e-05
MYC	KIF20B	-2.681899604795035e-05
RPA2	F11R	-2.693173155421391e-05
RPA1	DNM1L	-2.7090909497928806e-05
MYC	CIP2A	-2.7119858714286238e-05
MEIS1	PKIB	-2.7135989512316883e-05
IRF8	TRIB3	-2.713708636292722e-05
GFI1B	TK1	-2.7141380996908993e-05
RAD51	CREB5	-2.7267928089713678e-05
RPA1	TGTP2	-2.7297341148369014e-05
GATA2	TPM4	-2.7355485144653358e-05
RPA2	ADORA2A	-2.746346581261605e-05
MYC	PYGM	-2.7466012397781014e-05
RAD51	SERPINB1A	-2.7532663807505742e-05
CBFB	TRIB3	-2.756720823526848e-05
RPA2	JCHAIN	-2.76114369626157e-05
SPI1	TIMP2	-2.762644726317376e-05
RPA2	NUP155	-2.7681731808115728e-05
RPA2	PRKCD	-2.7731475711334497e-05
RPA1	ENG	-2.7739630240830593e-05
SATB1	SOX18	-2.7770933229476213e-05
SATB1	TRIM47	-2.7773092369898222e-05
RPA1	WDR5	-2.785886863421183e-05
MEIS1	TMEM229B	-2.787385710689705e-05
WDR5	IRF9	-2.790606777125504e-05
MYC	HACD4	-2.8093380024074577e-05
SATB1	GSR	-2.809567013173364e-05
WDR5	RHOF	-2.8100643248762935e-05
RPA1	SCARF1	-2.8188611395307817e-05
SPI1	PCMTD2	-2.8198715881444514e-05
MYC	MPZL1	-2.836901148839388e-05
RPA1	CCL4	-2.837746978912037e-05
WDR5	F13A1	-2.8381004085531458e-05
IRF8	CEP55	-2.8391004889272153e-05
RPA2	GM8113	-2.8480537366704084e-05
WDR5	ZFAND5	-2.848737858585082e-05
RAD51	BATF2	-2.852234320016578e-05
RPA1	POR	-2.86030990537256e-05
SATB1	TIE1	-2.8777842089766636e-05
MEIS1	AP3S1	-2.878988925658632e-05
HCFC1	CHRNB1	-2.8823023967561312e-05
WDR5	NFATC2	-2.8854565243818797e-05
RPA1	SPO11	-2.8986674806219526e-05
GFI1B	ST8SIA4	-2.905873225245159e-05
WDR5	FIGNL1	-2.919708458648529e-05
NFAT5	TIMM50	-2.927671084762551e-05
IRF8	LPCAT2	-2.927731657109689e-05
HCFC1	MYC	-2.9311064281500876e-05
IRF8	MAPK12	-2.9451955924741924e-05
JUN	GATM	-2.9536528018070385e-05
RPA2	GM20342	-2.964905979752075e-05
GATA2	IFI209	-2.967814180010464e-05
GATA2	SLPI	-2.976677023980301e-05
RPA1	PIK3IP1	-2.9773909773211926e-05
HDAC2	SOX18	-2.985757055284921e-05
MYC	RHOF	-2.9927339710411616e-05
GFI1B	SELL	-3.0102355594863184e-05
RPA2	SPO11	-3.015199035871774e-05
WDR5	METTL7A1	-3.015213951584883e-05
WDR5	SUSD3	-3.030212792509701e-05
RPA1	NKG7	-3.0309236535686068e-05
GFI1B	IFI30	-3.031203777936753e-05
MYC	NSD2	-3.045187440875452e-05
RAD51	RELB	-3.0476916435873136e-05
RPA2	CD74	-3.048688085982576e-05
RPA1	LY6A	-3.059927257709205e-05
GFI1B	JCHAIN	-3.066532372031361e-05
NFAT5	FARSA	-3.069137528655119e-05
RPA1	FCGR3	-3.101645052083768e-05
RAD51	SLC7A4	-3.1030889658723027e-05
RPA1	THSD1	-3.128321986878291e-05
HDAC2	ANXA3	-3.132223355351016e-05
IRF8	GYS1	-3.135922452202067e-05
JUN	CDC20	-3.139401087537408e-05
RAD51	ARID3B	-3.1425937777385116e-05
WDR5	SPPL2B	-3.143491267110221e-05
MYC	KIF11	-3.1486408261116594e-05
RAD51	TCP11L2	-3.149491749354638e-05
RPA2	MCPT8	-3.1552990549243987e-05
IRF8	NR3C2	-3.156868478981778e-05
RPA1	TRIM16	-3.165705129504204e-05
RPA1	REXO4	-3.1725729058962315e-05
HDAC2	CCL9	-3.18778729706537e-05
SPI1	PCLAF	-3.1881816539680585e-05
RAD51	GPR160	-3.191592259099707e-05
JUN	NOL9	-3.198443664587103e-05
RPA1	HLF	-3.208644920960069e-05
RPA1	GPR160	-3.2169100450119004e-05
RPA1	NCEH1	-3.220378130208701e-05
GFI1B	UNC93B1	-3.23033491440583e-05
RAD51	TMEM33	-3.230530637665652e-05
RPA1	OAS3	-3.266287603764795e-05
GATA2	TSPOAP1	-3.276523784734309e-05
IRF8	SOX18	-3.2839343475643545e-05
RPA1	F11R	-3.2915071642491966e-05
IRF8	LRRC8B	-3.2917374483076856e-05
RPA2	SMPD4	-3.2965283025987446e-05
RPA1	CRISPLD1	-3.2977019145619124e-05
RAD51	CSGALNACT2	-3.297732473583892e-05
RPA2	CD9	-3.3012205676641315e-05
SPI1	NEIL3	-3.302007826277986e-05
HDAC2	MNS1	-3.305348218418658e-05
MYC	KNSTRN	-3.3112439268734306e-05
IRF8	CERS6	-3.327034573885612e-05
RPA2	ABCB8	-3.333633139845915e-05
CBFB	IL21R	-3.3392454497516155e-05
HDAC2	LY6C2	-3.348600148456171e-05
RPA2	GIMAP6	-3.3627275115577504e-05
IRF8	MEIS1	-3.363136784173548e-05
ELF1	MARS	-3.3690808777464554e-05
RPA2	CSRP3	-3.3728683774825186e-05
RPA2	LY6C2	-3.374249718035571e-05
RAD51	MPL	-3.376379027031362e-05
GFI1B	HCFC1	-3.376954555278644e-05
RPA1	TIE1	-3.380329144420102e-05
SATB1	CD9	-3.381706483196467e-05
ELF1	HP	-3.400502464501187e-05
RPA2	MC5R	-3.4033866540994495e-05
GFI1B	BC035044	-3.4044274798361585e-05
MYC	RUNX1T1	-3.4047337976517156e-05
HCFC1	TUBGCP3	-3.460019433987327e-05
CBFB	ESAM	-3.462426320766099e-05
SPI1	E2F8	-3.4635049814824015e-05
WDR5	F11R	-3.467832357273437e-05
RAD51	RGS1	-3.4707489248830825e-05
RPA1	PYGM	-3.473861943348311e-05
SPI1	ITSN1	-3.4783632145263255e-05
RPA1	AP1S2	-3.486833884380758e-05
RPA1	CSRP3	-3.5104276321362704e-05
RAD51	C1RL	-3.515007847454399e-05
CBFB	KPNA3	-3.5325996577739716e-05
HCFC1	MARS	-3.5386205126997083e-05
HDAC2	KIF11	-3.54389485437423e-05
RPA1	ZFAND5	-3.544426363077946e-05
RPA1	MYCN	-3.5644312447402626e-05
GATA2	LY86	-3.57633653038647e-05
RPA2	STT3B	-3.5976954677607864e-05
RAD21	SOX18	-3.604121593525633e-05
RPA1	CREBRF	-3.608787301345728e-05
RPA1	CD74	-3.632119842222892e-05
RPA1	GSR	-3.656097032944672e-05
ELF1	RAD51AP1	-3.660599031718448e-05
RPA1	BATF2	-3.661084338091314e-05
RAD21	TRIB3	-3.661409573396668e-05
MEIS1	F13A1	-3.664739051600918e-05
RPA1	GATA2	-3.673083119792864e-05
RPA1	TYROBP	-3.692238897201605e-05
RPA2	NFE2	-3.694719998748042e-05
GFI1B	SLCO3A1	-3.698420914588496e-05
RAD51	MYC	-3.718847074196674e-05
MYC	GUCY1A1	-3.719594678841531e-05
GFI1B	SEC24D	-3.721181201399304e-05
SPI1	TRIB3	-3.721406028489582e-05
JUN	HAT1	-3.7266996514517814e-05
CBFB	CD74	-3.73178263544105e-05
IKZF1	TRIB3	-3.7408110074466094e-05
RAD51	CKAP5	-3.7527544918702915e-05
RPA1	GIMAP6	-3.755285797524266e-05
WDR5	CCNF	-3.757379818125628e-05
MYC	CERS4	-3.761779225897044e-05
HDAC2	KCNQ1OT1	-3.766859299503267e-05
GFI1B	MCM5	-3.78189142793417e-05
GATA2	ST8SIA4	-3.7962458009133115e-05
RAD51	CBFB	-3.805123196798377e-05
MEIS1	RRM2	-3.809342524618842e-05
MYC	KIF22	-3.817088872892782e-05
MYC	GBP7	-3.8335503631969914e-05
RPA2	PYGM	-3.8344260246958584e-05
RPA2	ABL2	-3.83507831429597e-05
MYC	NDRG2	-3.8440539356088266e-05
RPA2	CCNF	-3.8535210478585213e-05
IRF8	TENT5A	-3.87597901863046e-05
CBFB	DDX60	-3.881634620483965e-05
WDR5	TSPOAP1	-3.904425830114633e-05
GATA2	TCIRG1	-3.908021972165443e-05
RPA2	PARP8	-3.9155529520940036e-05
IRF8	CSGALNACT2	-3.9229860703926533e-05
RPA2	ATRN	-3.925685086869635e-05
CBFB	LTB	-3.9289665437536314e-05
HCFC1	LHCGR	-3.935089262085967e-05
RPA2	KIF11	-3.9426024159183726e-05
IKZF1	NPDC1	-3.9490671042585745e-05
MYC	SOX18	-3.950305836042389e-05
RPA1	METTL7A1	-3.9643746276851743e-05
GFI1B	MAGED1	-3.9744179957779124e-05
RPA1	KAT7	-3.9773862226866186e-05
RAD21	SH2D5	-3.980913606937975e-05
RPA2	NFIA	-4.013142824987881e-05
HCFC1	VPS35	-4.0233157051261514e-05
HDAC2	GCNT2	-4.023741712444462e-05
RAD51	BC035044	-4.0316215745406225e-05
RPA1	TGTP1	-4.036985774291679e-05
MEIS1	MS4A3	-4.060529317939654e-05
MYC	RELB	-4.065024040755816e-05
SPI1	CCNF	-4.070761860930361e-05
WDR5	PYGM	-4.076195546076633e-05
RPA1	DHX33	-4.0763050492387265e-05
GATA2	MCM5	-4.1015508031705394e-05
RAD51	TYROBP	-4.113324757781811e-05
RPA1	ZBTB20	-4.114426701562479e-05
RPA1	MR1	-4.117404023418203e-05
RPA2	ESAM	-4.1213086660718545e-05
HCFC1	F11R	-4.1273029637522995e-05
SPI1	SDC4	-4.1335286368848756e-05
MEIS1	ATP8B4	-4.139171869610436e-05
MEIS1	PCLAF	-4.158087176620029e-05
CBFB	FSTL1	-4.162939148955047e-05
MYC	HCFC1	-4.171003820374608e-05
MEIS1	BIRC5	-4.1868635889841244e-05
MYC	ARMT1	-4.2012899939436466e-05
SPI1	MMRN1	-4.209551480016671e-05
RPA1	MAGED1	-4.2105868487851694e-05
IRF8	INCENP	-4.2223939090035856e-05
RPA1	MC5R	-4.236367385601625e-05
RPA1	LPCAT2	-4.238206020090729e-05
WDR5	AP1S2	-4.238600376993418e-05
GFI1B	IGHM	-4.2594296246534213e-05
MEIS1	MPO	-4.2708816181402653e-05
MYC	TNFRSF13C	-4.2919127736240625e-05
RAD51	PRKCD	-4.2922743887174875e-05
HDAC2	NSD2	-4.3076892325188965e-05
RAD51	PRTN3	-4.328099385020323e-05
RAD51	ATP6AP2	-4.3287855078233406e-05
HDAC2	CREBRF	-4.339935185271315e-05
RPA1	PDZK1IP1	-4.3411993829067796e-05
GATA2	UNC93B1	-4.3591560825007036e-05
RAD51	LPCAT2	-4.365126005723141e-05
SATB1	GATM	-4.405013532959856e-05
RPA1	NDRG1	-4.415003058966249e-05
GFI1B	NUP155	-4.4238291593501344e-05
RAD51	SPNS2	-4.455794260138646e-05
RPA1	CD9	-4.456578244571574e-05
IRF8	NUSAP1	-4.513442036113702e-05
RPA2	SOX18	-4.5184082409832627e-05
RPA1	LHCGR	-4.5208500523585826e-05
RPA1	NFE2	-4.540242298389785e-05
HDAC2	TMEM173	-4.550068115349859e-05
RPA1	MMRN1	-4.55784029327333e-05
HCFC1	PSME3	-4.572643229039386e-05
RPA1	MYCT1	-4.590463504428044e-05
HDAC2	RGS2	-4.593301491695456e-05
MYC	PDZK1IP1	-4.6035322156967595e-05
JUN	MCPT8	-4.646215165848844e-05
SATB1	ELANE	-4.675416857935488e-05
MYC	ITSN1	-4.696972973761149e-05
IRF8	ADGRL4	-4.702226215158589e-05
RAD51	SOX18	-4.7217410610755906e-05
GATA2	IGHM	-4.767479549627751e-05
RPA1	UPP1	-4.769445877172984e-05
WDR5	KIF22	-4.77646135550458e-05
MEIS1	CST7	-4.798344525624998e-05
GATA2	CCR2	-4.798512236448005e-05
IRF8	ZBTB16	-4.8175799747696146e-05
CBFB	F11R	-4.876721868640743e-05
GFI1B	F13A1	-4.892487413599156e-05
MEIS1	UHRF1	-4.892759898211807e-05
GFI1B	PCLAF	-4.8940339183900505e-05
GATA2	SH2D5	-4.9217152991332114e-05
RPA1	GM19590	-4.926411565975286e-05
RPA1	MTFR1	-4.930682189296931e-05
HDAC2	TSPOAP1	-4.940585859003477e-05
GFI1B	HP	-4.9792153731686994e-05
JUN	ECT2	-5.036631046095863e-05
CBFB	PYGM	-5.049810715718195e-05
ELF1	DENND2D	-5.0853290304075927e-05
RPA1	GCNT2	-5.1057340897386894e-05
RAD51	TMEM173	-5.1225710194557905e-05
GFI1B	PRTN3	-5.14512175868731e-05
MYC	CENPA	-5.145690738572739e-05
MYC	CCNF	-5.1546328904805705e-05
HDAC2	GYS1	-5.174947727937251e-05
RPA1	ANGPT1	-5.175385740585625e-05
RPA2	LTB	-5.182688983040862e-05
IRF8	UBL4A	-5.1851184252882376e-05
RPA1	MCPT8	-5.185904956306331e-05
MEIS1	MCPT8	-5.19818022439722e-05
SPI1	TRPC6	-5.2034603868378326e-05
RPA1	ZBTB16	-5.213045369600877e-05
RPA1	PADI4	-5.214224802330136e-05
RAD21	MCM6	-5.215608325670473e-05
RPA1	RELB	-5.2778017561649904e-05
NFAT5	CCL9	-5.278018215904012e-05
GFI1B	TNFRSF13C	-5.307365790940821e-05
RPA2	CERS6	-5.3111230954527855e-05
RAD21	MCM3	-5.322839569998905e-05
GATA2	CNN3	-5.379189315135591e-05
GATA2	F13A1	-5.389901343733072e-05
RPA2	RHOF	-5.398979192250408e-05
WDR5	CCL9	-5.412409154814668e-05
IRF8	SLCO3A1	-5.448548836284317e-05
MYC	SGO1	-5.4911401093704626e-05
RPA1	H2-DMA	-5.493027492775582e-05
RAD51	CD34	-5.4969194025034085e-05
IRF8	MNS1	-5.4982392612146214e-05
IRF8	TMX4	-5.5181997595354915e-05
RPA1	TNFRSF13C	-5.523081563296728e-05
GFI1B	ZFP53	-5.6035663874354213e-05
RPA2	GYS1	-5.673894702340476e-05
GFI1B	MYO5A	-5.691182741429657e-05
MYC	PBK	-5.708673779736273e-05
RPA1	ZHX1	-5.7131852372549474e-05
GATA2	TIFAB	-5.804497413919307e-05
RPA1	GIMAP5	-5.811287701362744e-05
MYC	AURKB	-5.82563407078851e-05
RPA2	SDC4	-5.84571753279306e-05
WDR5	IFI209	-5.8776498917723075e-05
GFI1B	NEIL3	-5.8896348491543904e-05
NFAT5	PWP2	-5.960848284303211e-05
IRF8	FCGR3	-5.9620844695018604e-05
RPA2	HLF	-5.964251613477245e-05
JUN	TPX2	-6.002496593282558e-05
RAD51	CD9	-6.0213671531528234e-05
RAD51	TRIB3	-6.042422683094628e-05
MYC	GIMAP6	-6.065958950784989e-05
IRF8	SLC22A3	-6.074998964322731e-05
GFI1B	CLEC12A	-6.081451283534989e-05
HDAC2	TYMS	-6.158802716527134e-05
RAD21	ST6GALNAC4	-6.17790428805165e-05
WDR5	TRIB3	-6.32400915492326e-05
RPA1	SELENOP	-6.338981620501727e-05
MYC	ECT2	-6.366467277985066e-05
IRF8	HLF	-6.395950185833499e-05
MYC	BUB1B	-6.396386015694588e-05
ELF1	DHFR	-6.42645827610977e-05
MYC	CEP55	-6.428430788218975e-05
RAD21	SRM	-6.434863462345675e-05
GATA2	CD69	-6.458510324591771e-05
RAD21	MC5R	-6.50469955871813e-05
RPA1	PRKCD	-6.507512443931773e-05
RPA1	HSPH1	-6.512058462249115e-05
MEIS1	CCL9	-6.60844671074301e-05
JUN	CCNA2	-6.626497633988038e-05
RPA1	NFATC2	-6.62842285237275e-05
MYC	F11R	-6.657754420302808e-05
MYC	TRIM47	-6.709701119689271e-05
RPA2	TRIB3	-6.727056461386383e-05
JUN	CEP55	-6.728608423145488e-05
GFI1B	TYROBP	-6.74914990668185e-05
ELF1	LY6C2	-6.75703922752291e-05
HDAC2	MPO	-6.776904047001153e-05
IKZF1	MCPT8	-6.805441807955503e-05
IRF8	ANGPT1	-6.831605423940346e-05
HDAC2	ERGIC1	-6.859726272523403e-05
MYC	NEIL3	-6.876467523397878e-05
RAD51	GCNT2	-6.946503708604723e-05
MEIS1	IRF8	-6.947523797862232e-05
SPI1	INCENP	-6.9862995587755e-05
MYC	SHCBP1	-7.1161579398904e-05
MEIS1	CCNA2	-7.148400618461892e-05
HDAC2	CAMK2D	-7.155961793614551e-05
RAD51	CENPA	-7.178434316301718e-05
JUN	CKS1B	-7.214919605758041e-05
IRF8	CPA3	-7.257133984239772e-05
RPA1	ITSN1	-7.260724669322371e-05
JUN	SERPINB1A	-7.328312494792044e-05
HCFC1	SOX18	-7.347961945924908e-05
JUN	CDCA3	-7.348838698817417e-05
RPA1	CCL9	-7.390355312963948e-05
GFI1B	CEP55	-7.534794713137671e-05
RPA1	RUNX1T1	-7.615928188897669e-05
RPA1	RGS19	-7.642377750016749e-05
IRF8	CSRP3	-7.657348032807931e-05
NFAT5	GPR160	-7.801794708939269e-05
GATA2	TMEM173	-7.811365503584966e-05
SPI1	NUSAP1	-7.837163138901815e-05
MYC	INCENP	-7.931399886729196e-05
WDR5	CSRP3	-7.95080850366503e-05
MYC	TINAGL1	-7.954413740662858e-05
CBX7	DDX1	-8.030721073737368e-05
SATB1	LY6C2	-8.066273585427552e-05
RAD51	MCPT8	-8.077572420006618e-05
GATA2	IRF8	-8.206211350625381e-05
IRF8	GCNT2	-8.234403503593057e-05
MYC	PCLAF	-8.30535136628896e-05
RAD21	CD34	-8.328263356816024e-05
RAD51	SNRNP200	-8.375555626116693e-05
MYC	CKAP2L	-8.385676483158022e-05
RPA1	LTB	-8.775410242378712e-05
GATA2	LY6C2	-8.897794759832323e-05
GFI1B	SORL1	-9.001105354400352e-05
RPA1	TRIB3	-9.030255750985816e-05
RAD51	UPP1	-9.068892541108653e-05
GATA2	BC035044	-9.209112613461912e-05
STAT2	MCM2	-9.286509157391265e-05
GATA2	AP1S2	-9.384697477798909e-05
MEIS1	ELANE	-9.479458094574511e-05
MEIS1	TYROBP	-9.481456800131127e-05
SPI1	AW112010	-9.529169619781896e-05
RPA1	RAB44	-9.656512702349573e-05
HDAC2	PPP1R15A	-9.706538548925892e-05
MEIS1	CTSG	-9.818347461987287e-05
JUN	HELLS	-9.89484105957672e-05
MEIS1	SLPI	-9.946808131644502e-05
GATA2	CLEC12A	-0.00010374329576734453
NFAT5	JPT1	-0.00010381861648056656
MYC	CD74	-0.00010730818758020177
MYC	PRC1	-0.00011149475176353008
RPA1	CD34	-0.00011506491136969998
IRF8	MPL	-0.00011590265785343945
MYC	CDCA3	-0.00011596327385632321
JUN	MKI67	-0.00011738237662939355
HDAC2	RUNX1T1	-0.00011898718366865069
SATB1	IGSF6	-0.00012216155300848186
IRF8	NKG7	-0.00012251042062416673
GATA2	KCTD12	-0.00012279073416721076
MYC	EBF1	-0.00012530873937066644
MEIS1	LY86	-0.00012775012874044478
RAD51	TXNIP	-0.00012812115892302245
WDR5	RUNX1T1	-0.0001292333472520113
GFI1B	CCR2	-0.00013355152623262256
MEIS1	BC035044	-0.00013433904678095132
GATA2	SIGLECG	-0.00013474391016643494
RPA2	UPP1	-0.0001399351458530873
GFI1B	LY6C2	-0.00014803369413129985
IRF8	CTLA2A	-0.00014916580403223634
GFI1B	EMB	-0.00016347561904694885
RPA2	IFITM1	-0.0001778354635462165
MYC	MIS18BP1	-0.0001904542586999014
MEIS1	FCGR3	-0.00019446233636699617
SATB1	MS4A3	-0.00021143826597835869
JUN	BIRC5	-0.00024472674704156816
MYC	NUF2	-0.0002459634852129966
MEIS1	CLEC12A	-0.0002520398411434144
GATA2	DNTT	-0.00026089249877259135
MYC	BIRC5	-0.00026334536960348487
JUN	F630028O10RIK	-0.0002638357982505113
MYC	TRIB3	-0.00029206700855866075
RAD51	IFITM1	-0.00042344178655184805
GATA2	CD52	-0.0004267231561243534
MYC	OBSCN	-0.0004556836502160877
JUN	CCNB1	-0.00048045499715954065
MEIS1	LY6C2	-0.0005398542853072286
GATA2	EMB	-0.0005721109337173402
MEIS1	ANXA3	-0.0005854284972883761
GATA2	FLT3	-0.0006459676078520715
MEIS1	HP	-0.0006583930808119476
IRF8	HDC	-0.0006617770995944738
MYC	UBE2C	-0.0006813586223870516
MEIS1	IGSF6	-0.0007522888481616974
MYC	CCNA2	-0.0008695029537193477
IRF8	CD63	-0.003915966022759676
IRF8	CD63-PS	-0.004484962671995163
