TF	Target	EdgeWeight
GATA2	APOE	0.010629648342728615
SATB1	DNTT	0.010073157027363777
SATB1	FLT3	0.00981514248996973
NOTCH1	DNTT	0.009501239284873009
GATA2	PDZK1IP1	0.009389251470565796
SATB1	CD53	0.009321351535618305
GATA2	TGM2	0.009298505261540413
SATB1	ADGRG3	0.00929256435483694
SATB1	WFDC17	0.009127471596002579
SATB1	BC035044	0.008989086374640465
RAG2	DNTT	0.008896425366401672
GATA2	SLC18A2	0.00888413842767477
SATB1	H2AFY	0.008867233991622925
RAG2	ARPP21	0.008786800317466259
GATA2	TRIM47	0.008675975725054741
MEIS1	NFE2	0.008638210594654083
RAG2	IL7R	0.008637255057692528
SATB1	PLAC8	0.008584553375840187
GATA2	GNG11	0.008561233058571815
SATB1	EMB	0.008550307713449001
GFI1B	GATA2	0.008542133495211601
GATA2	PLXDC2	0.008541095070540905
SATB1	IGHM	0.008531319908797741
GATA2	CD63	0.008515776135027409
GATA2	SERPINA3G	0.008514159359037876
GATA2	MPL	0.008509067818522453
GFI1B	APOE	0.00850770529359579
MYC	CDK6	0.008496238850057125
GATA2	RAB38	0.008418760262429714
GATA2	GFI1B	0.008328263647854328
GATA2	ESAM	0.008280223235487938
MEIS1	CAR2	0.008188579231500626
GFI1B	ALDH1A1	0.008184010162949562
GATA2	MMRN1	0.008153611794114113
MEIS1	ANGPT1	0.008143839426338673
GFI1B	SLC18A2	0.00813972670584917
SATB1	H2-OB	0.008114253170788288
IRF8	CST7	0.008112042210996151
GATA2	CD9	0.008108922280371189
MEIS1	MPL	0.008105414919555187
GATA2	MYCT1	0.008099137805402279
SPI1	CD34	0.008096067234873772
SATB1	CD52	0.00808501522988081
SATB1	SERPINB1A	0.008078460581600666
SATB1	TESPA1	0.008040920831263065
IKZF1	FLT3	0.007955058477818966
MEIS1	PDZK1IP1	0.007952569052577019
GATA2	ANGPT1	0.007933324202895164
NOTCH1	NCF1	0.00790352001786232
NOTCH1	FLT3	0.00789050105959177
NOTCH1	IGHM	0.007869620807468891
GATA2	CD63-PS	0.007837901823222637
SATB1	IL12A	0.007832220755517483
NOTCH1	SATB1	0.007828408852219582
RAG2	CMAH	0.007821661420166492
GFI1B	GNG11	0.007815632969141006
GATA2	MLLT3	0.007810404058545828
ELF1	EMB	0.007797591853886843
MEIS1	RAB38	0.007778717204928398
GATA2	HACD4	0.007770156022161245
GATA2	ADGRG1	0.007754390127956867
SATB1	SLC35D3	0.007747633848339319
IRF8	DNTT	0.0077423290349543095
MEIS1	IFITM1	0.007723882328718901
IKZF1	CD53	0.007708284538239241
GATA2	VWF	0.007705932483077049
GATA2	IFITM1	0.007692424580454826
RAG2	BLNK	0.007670128718018532
ELF1	BC035044	0.00763556407764554
NOTCH1	IL12A	0.007588158827275038
RAG2	CLEC12A	0.007560898084193468
IRF8	CLEC12A	0.007560046389698982
MEIS1	MECOM	0.007557747885584831
FOXO1	IGF1	0.007547691930085421
GATA2	TXNIP	0.007543358951807022
ELF1	DNTT	0.00747278518974781
MYC	VLDLR	0.007470282725989819
MEIS1	CD63-PS	0.0074602458626031876
SPI1	GRAMD1A	0.007458568550646305
MYC	PLAC8	0.007457409985363483
MEIS1	CD63	0.007450872100889683
SATB1	CD34	0.007440701127052307
GATA2	TFR2	0.00744053116068244
RAG2	CNN3	0.007434820290654898
GATA2	DEF8	0.007433217950165272
GATA2	CAR2	0.007431688252836466
SATB1	IL1R1	0.007424002978950739
IRF8	CNN3	0.00742369843646884
GATA2	STARD4	0.007422593887895346
MEIS1	ADGRG1	0.007407707162201405
GATA2	HLF	0.0073905764147639275
NOTCH1	WFDC17	0.007385378237813711
MYC	RAMP1	0.00738097308203578
CBFB	SLBP	0.007374256383627653
MEIS1	ABCG2	0.007361471652984619
ELF1	IL12A	0.007358289789408445
GATA2	TINAGL1	0.007353116292506456
MEIS1	VAMP5	0.0073430221527814865
MYC	NPM1	0.007336128503084183
MEF2C	WFDC17	0.007335579488426447
MEIS1	MYCT1	0.007327835075557232
MEF2C	DNTT	0.007316060364246368
IRF8	IGHM	0.007303585764020681
GATA2	ENG	0.007292367052286863
SATB1	DHRS3	0.007287222426384687
MEF2C	IL12A	0.007249410264194012
GATA2	MECOM	0.007243328727781773
GATA2	VAMP5	0.0072234622202813625
MYC	HNRNPAB	0.0072176698595285416
MEIS1	TRIM47	0.007208013907074928
MEF2C	FLT3	0.007204825524240732
MYC	RANBP1	0.007175853475928307
IKZF1	CD52	0.007172457408159971
GATA2	RUNX1T1	0.007167360745370388
GFI1B	GDF3	0.00715299230068922
IRF8	LY86	0.0071487571112811565
SATB1	RASA4	0.007144752889871597
ELF1	ADGRG3	0.007143072318285704
GFI1B	SDSL	0.00714121526107192
IRF8	CD48	0.007134621497243643
RAG2	CTR9	0.007133577950298786
GATA2	CAPG	0.007126169744879007
IRF8	CSF1R	0.007101480849087238
RAG2	GOLM1	0.007097634021192789
CBFB	PRIM1	0.007088889833539724
NOTCH1	IFI27L2A	0.007085859775543213
SPI1	FLT3	0.007077610120177269
GATA2	NFE2	0.0070695714093744755
IKZF1	DNTT	0.007058480754494667
GATA2	TRPC6	0.007053256966173649
MYC	CD34	0.007047525607049465
MYC	SERPINB1A	0.007039406802505255
IKZF1	DOCK10	0.007036981172859669
IKZF1	ADGRG3	0.007031736895442009
CBFB	MCM4	0.0070227328687906265
SATB1	CCL3	0.007016313262283802
GFI1B	CES2G	0.007014659233391285
GATA2	PPP1R15A	0.007013216614723206
IKZF1	H2AFY	0.007008264772593975
RAG2	DRC7	0.0069970604963600636
GATA2	TMEM246	0.006983636878430843
NOTCH1	CNN3	0.00697599072009325
GATA2	PBX1	0.006964384112507105
RAG2	TSPAN2	0.006958885584026575
NOTCH1	CD33	0.006928650196641684
MYC	RPL41	0.006919351406395435
IKZF1	IGHM	0.006911850068718195
NOTCH1	CD53	0.006907680071890354
GFI1B	ESAM	0.006902995053678751
IKZF1	MN1	0.006900951731950045
MEIS1	PTGS1	0.0068874419666826725
ELF1	H2AFY	0.006882921326905489
SATB1	GM1966	0.006879427935928106
IRF8	TYROBP	0.00687312101945281
GFI1B	MMRN1	0.00687143811956048
MYC	NHP2	0.00686775054782629
MEIS1	GNG11	0.006858882028609514
GFI1B	PDZK1IP1	0.0068584829568862915
SATB1	RAMP1	0.0068579609505832195
MEIS1	HLF	0.006851659622043371
SATB1	C230085N15RIK	0.006831614300608635
CBFB	MCM5	0.0068296389654278755
SATB1	ST8SIA4	0.006818721070885658
GATA2	NT5C3	0.006817171815782785
MEIS1	GATA2	0.006814961321651936
IKZF1	MEF2C	0.006811228580772877
RAG2	ARHGEF39	0.0068084197118878365
SATB1	NCF1	0.006804709322750568
SATB1	DDX4	0.006800944451242685
SPI1	GPX1	0.006794122979044914
IRF8	CD52	0.006793143693357706
MEF2C	MN1	0.006790745072066784
GATA2	APLP2	0.006782560143619776
RAG2	BC035044	0.006779906339943409
GATA2	RHOF	0.006777627859264612
ELF1	PLAC8	0.006771665066480637
GFI1B	CSGALNACT1	0.0067669241689145565
MEIS1	SGMS1	0.006764346733689308
GFI1B	CD63	0.006762478966265917
GATA2	TIE1	0.006755215115845203
SPI1	ARHGDIB	0.0067544602788984776
MEIS1	APOE	0.0067505622282624245
SATB1	PLEK	0.00673565873876214
MYC	H2AFY	0.006733651272952557
GATA2	KIT	0.00672812107950449
NOTCH1	MGAT1	0.006721814163029194
MEIS1	ITSN1	0.0067118569277226925
SATB1	CST7	0.006711684633046389
SATB1	NOTCH1	0.00670974375680089
SPI1	CD27	0.0067089274525642395
MEIS1	TXNIP	0.006701229140162468
MEIS1	ESAM	0.0066912295296788216
GATA2	IGF1	0.006690193898975849
CBFB	CDT1	0.0066861556842923164
RAG2	ITPR2	0.006680307909846306
GATA2	GDF3	0.006678188685327768
RAG2	MPEG1	0.006674181204289198
GATA2	KRT18	0.006672607734799385
MYC	NKG7	0.006672578398138285
GATA2	SULT1A1	0.006671654060482979
RAG2	CAMK1D	0.00665996503084898
MYC	YBX1	0.00664832117035985
SPI1	PLAC8	0.0066449884325265884
IRF8	TPM4	0.006631888914853334
MEIS1	UBA7	0.0066316742449998856
GATA2	RNF125	0.006631396245211363
IKZF1	PLAC8	0.006631094962358475
ELF1	SERPINB1A	0.006630607880651951
MEIS1	DEF8	0.0066300733014941216
RAG2	BCL2	0.006622334010899067
SATB1	MEF2C	0.006620265543460846
SATB1	MN1	0.006618493236601353
ELF1	CDK6	0.006617585197091103
NOTCH1	CCL3	0.006612737663090229
RAG2	CD93	0.006610145792365074
MEF2C	IGHM	0.006605410482734442
RAG2	CD69	0.006593254394829273
GFI1B	SPNS2	0.0065852319821715355
IKZF1	SATB1	0.006581664551049471
GATA2	TBXAS1	0.006580850575119257
IRF8	MPEG1	0.006577650550752878
SPI1	NFE2	0.006575937382876873
RAG2	ADGRG3	0.006565168499946594
GATA2	ITGA6	0.006563602015376091
SPI1	GPR171	0.006549108307808638
GATA2	MEIS1	0.0065462361089885235
CBFB	NKG7	0.00654560187831521
CBFB	UHRF1	0.006544235162436962
IKZF1	WFDC17	0.006542898714542389
IKZF1	CD34	0.00653791381046176
GATA2	ART4	0.006536578759551048
GATA2	KLF6	0.006534480024129152
GATA2	HSD3B7	0.006530714686959982
GFI1B	MECOM	0.006525757256895304
MYC	HSPE1	0.006524947937577963
SATB1	SAMSN1	0.006524896714836359
MEIS1	ENG	0.00652008643373847
CBFB	H2AFY	0.0065167928114533424
GFI1B	ELL2	0.006514272652566433
SATB1	MPO	0.006508654914796352
ELF1	FLT3	0.006505460478365421
MYC	CSF3R	0.006501769181340933
SPI1	CD52	0.0065011861734092236
GATA2	SOCS2	0.006500431336462498
GATA2	SELENOP	0.006495879031717777
GATA2	F2R	0.006495418027043343
SATB1	SH2D5	0.0064950063824653625
ELF1	PSTPIP1	0.006491996347904205
MEIS1	SMPDL3A	0.006491406820714474
MEIS1	PYGL	0.006488704588264227
RAG2	SLC9A9	0.0064820339903235435
NOTCH1	H2AFY	0.006481599528342485
GATA2	PROCR	0.0064787594601511955
CBX7	ABCG3	0.006472979672253132
SATB1	SDC1	0.006468745414167643
GATA2	PTGS1	0.006454847753047943
MEIS1	TMEM176B	0.006444298196583986
SATB1	CD27	0.006439273711293936
NOTCH1	MN1	0.00643917266279459
MEIS1	SERPINA3G	0.0064319344237446785
MEIS1	CSGALNACT1	0.006428862921893597
IRF8	CMAH	0.006427619606256485
GFI1B	HSD3B7	0.006425220053642988
GATA2	SCARF1	0.006422905251383781
RAG2	IFI209	0.006420589052140713
IKZF1	EMB	0.006418086588382721
RAG2	CDK19	0.006414218805730343
GATA2	MAGED1	0.0064105563797056675
NOTCH1	TSPAN2	0.006408907473087311
RAG2	IL12A	0.006407946813851595
GATA2	CTSF	0.006402949336916208
IRF8	MILR1	0.00640244921669364
NOTCH1	DDX4	0.006401496008038521
RAG2	H2AFY	0.006401287857443094
GFI1B	FADS1	0.006400336045771837
MEIS1	KIT	0.006393313407897949
SATB1	ITGAL	0.00638950802385807
GATA2	NDN	0.006385482382029295
IKZF1	SERPINB1A	0.006385442800819874
CBX7	MPL	0.006384477484971285
MEF2C	H2AFY	0.006374857854098082
GATA2	GSTM1	0.006373253650963306
MEIS1	SDSL	0.006372414529323578
GATA2	PLSCR4	0.006371624302119017
GATA2	PRKCH	0.006368898320943117
GATA2	CTTN	0.006368416827172041
NOTCH1	TPM4	0.0063669076189398766
CBFB	CRIP1	0.006366360932588577
MEIS1	SLC18A2	0.006365325767546892
NOTCH1	ARPP21	0.006358632817864418
SPI1	ZYX	0.0063552274368703365
GFI1B	NT5C3	0.006354871205985546
NOTCH1	CD52	0.00634793471544981
RAG2	TMEM14C	0.0063477023504674435
ELF1	WFDC17	0.006343521177768707
MEF2C	SATB1	0.0063412548042833805
SPI1	RGS19	0.006340238265693188
MEIS1	PROCR	0.00633888179436326
MEIS1	GSTM1	0.006331299431622028
MEIS1	ART4	0.006325898692011833
MEIS1	CD81	0.006323714274913073
MYC	MCM5	0.0063228425569832325
CBFB	HSPE1	0.006320932414382696
GFI1B	CD63-PS	0.006320147775113583
SPI1	ANXA2	0.006310743745416403
RAG2	TOP2A	0.006310481112450361
GATA2	PLXNC1	0.00630694255232811
SATB1	AC174780.1	0.00630573695525527
RAG2	TPM4	0.006304165348410606
GATA2	NFIA	0.006302566267549992
MYC	PRIM1	0.0063016354106366634
IKZF1	IL1R1	0.006300582550466061
NOTCH1	RHOH	0.006292997393757105
GATA2	H2-Q6	0.006292246747761965
GFI1B	TUBB4B	0.006289046257734299
MEIS1	LDHB	0.006288859061896801
IRF8	BC035044	0.00628881948068738
FOXO1	NEAT1	0.006287224590778351
SATB1	IL17RA	0.006286904215812683
GFI1B	KRT18	0.006284218747168779
IRF8	SELL	0.006281841546297073
NOTCH1	P2RY14	0.006281081587076187
SATB1	9030619P08RIK	0.006280023138970137
MEIS1	LONP2	0.006279089953750372
GATA2	TUBB4B	0.006278864573687315
MEIS1	TGM2	0.00627638166770339
SPI1	SH2D5	0.006274682004004717
NOTCH1	DHRS3	0.006274541839957237
CBFB	RANBP1	0.006272500846534967
SPI1	LAPTM5	0.0062722149305045605
SPI1	RAMP1	0.006269609555602074
GATA2	NCEH1	0.0062681324779987335
RAG2	MAML3	0.006264911498874426
MYC	ATPIF1	0.006263849791139364
ELF1	MPO	0.006262445822358131
GFI1B	TFPI	0.0062607331201434135
GATA2	SGMS1	0.006255017127841711
CBFB	SPC24	0.0062531400471925735
SATB1	RGS2	0.006252975668758154
MEF2C	IKZF1	0.0062497640028595924
CBX7	HLF	0.006247702054679394
RAG2	DHRS3	0.006238368805497885
RAG2	IRF8	0.006236053537577391
CBX7	PDZK1IP1	0.006235676351934671
MEIS1	HACD4	0.006229837890714407
NOTCH1	SP100	0.006226970814168453
GATA2	UBA7	0.006225671153515577
IKZF1	PANX1	0.006223586387932301
SPI1	NCF1	0.00622183782979846
MYC	ANGPT1	0.0062206583097577095
GATA2	UAP1L1	0.006220415700227022
CBX7	COQ8A	0.006220387760549784
NOTCH1	BC035044	0.006219502538442612
GATA2	SLAMF1	0.006217387970536947
GATA2	ALDH1A1	0.00621375348418951
IRF8	NCF1	0.006209731567651033
GATA2	MSMO1	0.0062095425091683865
CBFB	TOP2A	0.006197740789502859
NOTCH1	CMAH	0.0061970921233296394
SPI1	ACAP1	0.006194067653268576
GATA2	GDA	0.006188683211803436
GFI1B	MLLT3	0.006187558174133301
GATA2	NEAT1	0.00618630601093173
RAG2	KIF17	0.006183532066643238
SPI1	PTPRE	0.006178421434015036
GATA2	DUSP1	0.00617328193038702
RAG2	TIFAB	0.006173030473291874
GFI1B	LONP2	0.006171555258333683
RAG2	GMNN	0.006169647444039583
GATA2	TFEC	0.0061691273003816605
GATA2	GM4951	0.006166892591863871
ELF1	SATB1	0.006165115162730217
NOTCH1	CLEC12A	0.006163622718304396
GATA2	SDSL	0.006163083482533693
NOTCH1	IKZF1	0.006158203352242708
RAG2	TBXA2R	0.006156928837299347
MEIS1	DUSP1	0.006156242918223143
RAG2	ANKRD44	0.00615416606888175
MEIS1	LTB	0.006152973044663668
MEIS1	H2-Q6	0.0061487737111747265
IRF8	TSPAN2	0.006147458683699369
RAG2	AFF3	0.006146016530692577
GFI1B	TRIM47	0.006139935459941626
SPI1	PLEK	0.006136924494057894
RAG2	IGHM	0.006134814117103815
GATA2	CISH	0.006132722832262516
MEIS1	SCARF1	0.006130607333034277
IRF8	MPO	0.006130355875939131
MEIS1	ZBTB20	0.006125456187874079
MEIS1	ADGRL4	0.006123343016952276
GFI1B	LHCGR	0.006119256839156151
SPI1	CCL3	0.006119195371866226
GFI1B	APLP2	0.006115337833762169
MEIS1	CREG1	0.006115317344665527
CBFB	DCK	0.006114611402153969
RAG2	SDC1	0.006112263537943363
GATA2	CAV2	0.006110991816967726
GATA2	CTSL	0.006110964808613062
CBFB	CDK6	0.006109158042818308
RAG2	LPCAT2	0.00610855408012867
MEIS1	PPP1R15A	0.006106625311076641
RAG2	SELL	0.006106614135205746
GFI1B	P2RX1	0.006106237880885601
SPI1	FUT7	0.006106001324951649
GFI1B	TFR2	0.006101200822740793
SATB1	CDK6	0.006096852943301201
GFI1B	CD9	0.006093005184084177
MEIS1	HSD3B7	0.006087541114538908
GFI1B	ANGPT1	0.006082909181714058
GATA2	ANXA5	0.006082773208618164
SATB1	CLEC12A	0.006080183666199446
SATB1	RUNX2	0.006077078636735678
RAG2	MAN1A	0.006071634124964476
GATA2	TMEM176B	0.006071148905903101
GATA2	C1RL	0.006070302799344063
CBX7	MLLT3	0.006066052243113518
RAG2	RPS27L	0.006065723951905966
GATA2	NPDC1	0.006065031047910452
GATA2	ITSN1	0.0060631814412772655
GATA2	ABCG3	0.006062276195734739
RAG2	NOTCH1	0.0060599991120398045
GATA2	GM45837	0.00605982868000865
SPI1	IL12A	0.0060513620264828205
MEIS1	DENND2D	0.006049889139831066
RAG2	MN1	0.006048653274774551
GFI1B	VWF	0.006048382725566626
IRF8	CD93	0.0060453396290540695
MEIS1	GIMAP1	0.006041734013706446
NOTCH1	SDC1	0.006040262524038553
MEIS1	IFITM3	0.006038376595824957
GFI1B	COQ8A	0.006037517450749874
FOXO1	TNS2	0.006032195407897234
IRF8	SATB1	0.006030273158103228
SPI1	H2AFY	0.006028424948453903
CBX7	GRAMD1A	0.006023735739290714
GFI1B	TGM2	0.00602311035618186
IRF8	DOCK10	0.006022174842655659
ELF1	RAMP1	0.006020430009812117
MEIS1	MLLT3	0.006018328946083784
SATB1	CD48	0.006016224157065153
RAG2	CYFIP2	0.0060112373903393745
MYC	GPX1	0.006009089294821024
RAG2	STK17B	0.00600647134706378
SPI1	RASA4	0.0060049742460250854
SATB1	IKZF1	0.006004016380757093
SATB1	TYROBP	0.00600125128403306
GATA2	KCNK5	0.005999884568154812
GATA2	GUCY1A1	0.005998138803988695
SPI1	BC035044	0.00599717115983367
GFI1B	PPM1G	0.005992052145302296
GFI1B	PRUNE2	0.005990785080939531
NOTCH1	DOCK10	0.005989474710077047
NOTCH1	TMEM173	0.00598895875737071
SATB1	GPR171	0.005987890530377626
FOXO1	IGKC	0.005986148491501808
MEIS1	CAPG	0.005985631607472897
ELF1	SAMSN1	0.005985460244119167
RAG2	CARD6	0.005985165946185589
MEIS1	SLC2A3	0.005983520299196243
GATA2	IFITM3	0.0059825400821864605
IRF8	ERP29	0.005980728194117546
GFI1B	GDA	0.005980591289699078
GATA2	GAA	0.005980351939797401
NOTCH1	BLNK	0.005979369394481182
RAG2	LY86	0.005979146808385849
RAG2	HDAC7	0.005978309083729982
RAG2	XRCC6	0.005977137014269829
GATA2	SHROOM4	0.005973725114017725
SPI1	PLPPR3	0.005967087112367153
GATA2	AFDN	0.005965697579085827
CBFB	SLCO3A1	0.005962548311799765
ELF1	TESPA1	0.005961391609162092
MEIS1	TIE1	0.0059571051970124245
RAG2	VAMP1	0.00595493009313941
GFI1B	ENG	0.005953024607151747
SPI1	CSF3R	0.005949620623141527
IKZF1	BC035044	0.005947002209722996
SPI1	WFDC17	0.005941770039498806
SATB1	P2RY14	0.005940330680459738
GFI1B	MPL	0.005939212162047625
GATA2	LDHB	0.0059375097043812275
GFI1B	RFTN1	0.005936091765761375
ESR1	PLAC8	0.0059357332065701485
RAG2	IGHV1-77	0.005935660097748041
MEF2C	XPC	0.005935107357800007
GATA2	PPIC	0.005931413266807795
GATA2	PGRMC1	0.0059250774793326855
CBFB	IGFBP4	0.00592444185167551
IRF8	LGALS1	0.0059244027361273766
MEIS1	ANXA5	0.005923856049776077
IRF8	UHRF1	0.005923326592892408
CBFB	MKI67	0.005920364521443844
GFI1B	DEF8	0.0059194667264819145
IKZF1	CD93	0.005915203131735325
GATA2	CDK17	0.005909435451030731
ESR1	SH2D5	0.00590304983779788
GATA2	F11R	0.005902488715946674
SATB1	CDK19	0.005901700351387262
IKZF1	TESPA1	0.005893472582101822
GATA2	AMPD2	0.0058921389281749725
MEIS1	ITGA6	0.005890104919672012
GFI1B	ADGRG1	0.005889469292014837
IKZF1	GPR171	0.005888192914426327
GATA2	WLS	0.005884874612092972
GFI1B	GMNN	0.005884387530386448
RAG2	COX6A2	0.005882469471544027
SATB1	CD69	0.005881763529032469
CBX7	CTSB	0.005881119053810835
CBX7	TRPC6	0.005879961885511875
RAG2	SLC35D3	0.005879555828869343
NOTCH1	MEF2C	0.005878728348761797
SPI1	H2-DMA	0.00587567500770092
MEIS1	MYCN	0.0058745210990309715
NOTCH1	CD93	0.005874491762369871
GFI1B	CRACR2B	0.005864686332643032
IRF8	BCL2	0.005863110069185495
MYC	TIPIN	0.005862718913704157
GATA2	SERPINA3F	0.005861378740519285
MEF2C	CCL3	0.005860223900526762
NOTCH1	XPC	0.005856805481016636
MYC	XIST	0.005851043853908777
MEIS1	PDCD4	0.005850000306963921
ELF1	9030619P08RIK	0.005849730689078569
NOTCH1	PLAC8	0.005846347659826279
CBX7	GDA	0.005842921324074268
IRF8	PARP8	0.0058380919508636
MEF2C	GM1966	0.005837503354996443
RAG2	UHRF1	0.005830663256347179
GFI1B	ANXA5	0.005829219240695238
MEIS1	KLF6	0.005827846005558968
MYC	DUSP6	0.0058270771987736225
SATB1	E430014B02RIK	0.005819064099341631
GATA2	APP	0.005813764873892069
NOTCH1	C230085N15RIK	0.005811688490211964
GATA2	UBE2L6	0.005811652634292841
SPI1	TALDO1	0.005811511073261499
MEF2C	CD34	0.005810091271996498
GATA2	MAGED2	0.005808726884424686
RAG2	MEF2C	0.005806374363601208
ELF1	CBFB	0.005804261192679405
RAG2	AKNA	0.005804033018648624
SPI1	TMEM173	0.005802169442176819
GATA2	MTUS1	0.005800678860396147
GATA2	CADPS2	0.005800636950880289
SATB1	TAPT1	0.005800584331154823
GFI1B	SLAMF1	0.0057976688258349895
ELF1	DHRS3	0.005796312820166349
ESR1	TM6SF1	0.005790143273770809
RAG2	CCNG2	0.005790066439658403
GFI1B	ITGA6	0.005785841029137373
CBX7	TBXAS1	0.005783384665846825
SPI1	NRROS	0.005782096181064844
GATA2	ZBTB20	0.0057786307297647
FOXO1	MECOM	0.005776767618954182
CBFB	CD48	0.00577419763430953
IKZF1	RAMP1	0.005770925898104906
RAG2	EMP1	0.005770294461399317
MYC	RPS27L	0.0057696993462741375
IKZF1	CD48	0.00576667720451951
GATA2	TSC22D3	0.0057639493606984615
MYC	UQCR11	0.005763233173638582
GATA2	MYCN	0.005762148182839155
GFI1B	C1RL	0.0057596429251134396
MYC	SLC25A5	0.0057595218531787395
GATA2	CRACR2B	0.005758893676102161
GATA2	TTC39B	0.005757177248597145
SATB1	IFI27	0.0057550398632884026
NOTCH1	PRR5	0.005754272453486919
NOTCH1	TBXA2R	0.005752389319241047
IKZF1	LAX1	0.005752107128500938
IKZF1	DOCK11	0.0057517834939062595
GFI1B	MYC	0.005749760195612907
RAG2	DOCK10	0.005749071016907692
ESR1	SATB1	0.005749068222939968
MEF2C	HOXA9	0.005748960189521313
GATA2	ELL2	0.005743091925978661
GFI1B	TMEM14C	0.005741269793361425
SATB1	CNN3	0.005741118919104338
NOTCH1	C130089K02RIK	0.005740400403738022
CBFB	NHP2	0.005739046726375818
CBX7	MAMDC2	0.00573482783511281
GFI1B	TFEC	0.005734373349696398
IKZF1	NOTCH1	0.005733702797442675
RAG2	ZFP422	0.0057334257289767265
GFI1B	MPO	0.00573256891220808
CBX7	TXNIP	0.005732424557209015
SATB1	BCL2	0.0057289390824735165
RAG2	SSTR2	0.005728927440941334
RAG2	SH2D5	0.00572771392762661
CBFB	TIPIN	0.005726747680455446
RAG2	CD52	0.005726478528231382
MEF2C	CD52	0.00572294881567359
SATB1	CRIP1	0.005717921070754528
SATB1	IRF8	0.005717091262340546
GFI1B	NFIA	0.005714958067983389
GATA2	FUT8	0.005705886986106634
NOTCH1	ADGRG3	0.005704644601792097
GATA2	TNFAIP2	0.005704503506422043
GATA2	LONP2	0.005704245995730162
GATA2	TEK	0.005703251343220472
GATA2	CDKN1C	0.005700248759239912
ESR1	CLEC12A	0.005698667839169502
MEIS1	PLSCR4	0.005697707179933786
RAG2	MKI67	0.005696880165487528
FOXO1	SLC39A13	0.005695232190191746
GATA2	CTNNAL1	0.00569404661655426
CBX7	PROCR	0.005690630991011858
SPI1	SDC1	0.005689538083970547
RAG2	XPC	0.005687952507287264
RAG2	FRMD6	0.005684703588485718
GATA2	GAS2L3	0.00568458903580904
NOTCH1	TAPT1	0.005682895891368389
MEIS1	NEAT1	0.005681481212377548
SPI1	EMB	0.0056797475554049015
ESR1	RCSD1	0.005676066502928734
GATA2	CASP12	0.005676049739122391
MEIS1	GHR	0.00567250233143568
MEIS1	RBPMS	0.0056657143868505955
FOXO1	SLC18A2	0.005664889235049486
MEIS1	PBX1	0.005662768147885799
FOXO1	SAT1	0.005662173964083195
ESR1	DHRS3	0.0056593157351017
RAG2	E430014B02RIK	0.005659311544150114
MEIS1	KRT18	0.00565909780561924
GATA2	OBSL1	0.005658333655446768
RAG2	CSF1R	0.00565752387046814
IKZF1	CDK19	0.0056566898711025715
GATA2	ABCG2	0.005655607208609581
GATA2	SNAP23	0.0056549739092588425
GATA2	DACH1	0.005654665641486645
CBX7	ZBTB20	0.005654534790664911
IKZF1	STK17B	0.0056532942689955235
GATA2	GM973	0.005652333609759808
SATB1	SLC44A2	0.005650599952787161
SPI1	IFI27	0.005650409962981939
RAG2	PTGER2	0.0056501589715480804
GFI1B	SULT1A1	0.0056486730463802814
GFI1B	PYGL	0.005648244637995958
SATB1	CTSS	0.0056470544077456
GFI1B	NEURL3	0.005646052770316601
ELF1	P2RY14	0.005645374767482281
RAG2	PTP4A3	0.005645278375595808
IRF8	IL12A	0.00564439594745636
MEIS1	EBI3	0.0056428308598697186
MEIS1	TBXAS1	0.005641798488795757
GATA2	CSGALNACT1	0.005639997776597738
RAG2	MIR6240	0.005639911163598299
NOTCH1	SSTR2	0.005638548173010349
IRF8	CTNND2	0.005638003349304199
ELF1	CRIP1	0.005637741181999445
ESR1	BC035044	0.005635605659335852
RAG2	ZFP62	0.0056341844610869884
NOTCH1	FGD2	0.005630618426948786
GATA2	SLFN2	0.005628653801977634
FOXO1	VWF	0.005627876613289118
MEIS1	NFIA	0.005624703597277403
NOTCH1	E430014B02RIK	0.005623744335025549
MEIS1	CASP12	0.005621621385216713
RAG2	EMB	0.005621560849249363
IKZF1	CRIP1	0.00562118086963892
SPI1	MSMO1	0.005621167365461588
NOTCH1	CSF1R	0.005619522649794817
ESR1	GGTA1	0.005618540570139885
FOXO1	MAMDC2	0.005617823917418718
GFI1B	RAB27B	0.0056177107617259026
NOTCH1	RCSD1	0.005614828784018755
GATA2	FKBP9	0.005614403635263443
GFI1B	PBX1	0.0056130895391106606
MEIS1	APLP2	0.005612699314951897
MEF2C	NOTCH1	0.005611902568489313
RAG2	ELF1	0.005610884632915258
RAG2	2610307P16RIK	0.005609595216810703
MEIS1	FUT8	0.005609446205198765
CBFB	DYNLL1	0.0056091477163136005
SATB1	CCL9	0.005608496256172657
CBX7	APOE	0.005608410108834505
SATB1	TM6SF1	0.005607730243355036
GATA2	GHR	0.005606663879007101
CBX7	APLP2	0.005605775862932205
IRF8	RASA4	0.0056045884266495705
ELF1	TMEM173	0.005604519508779049
RAG2	SATB1	0.005603000987321138
IKZF1	RCSD1	0.00560025405138731
ELF1	H2-OB	0.005600077100098133
GATA2	PLIN3	0.0055982815101742744
GFI1B	TMEM123	0.00559782050549984
SATB1	C130089K02RIK	0.005596936214715242
GFI1B	HACD4	0.005596201401203871
IRF8	IL18RAP	0.005596050526946783
GATA2	TSPAN3	0.0055940719321370125
GFI1B	SLC2A3	0.005593165289610624
IKZF1	OTULINL	0.0055909776128828526
RAG2	C030034L19RIK	0.005589921958744526
FOXO1	CAPG	0.005589141510426998
FOXO1	RORA	0.005588735453784466
NOTCH1	CD69	0.005588463507592678
NOTCH1	H2-OB	0.005588239524513483
FOXO1	IGHM	0.005586671642959118
ESR1	DNTT	0.005586207844316959
IRF8	CTR9	0.00558607280254364
IKZF1	AC174780.1	0.005584763363003731
RAG2	DPP4	0.005584476049989462
FOXO1	PDGFC	0.0055817244574427605
RAG2	PRSS57	0.005580623168498278
GATA2	PYGL	0.005580522585660219
SATB1	PPCDC	0.00557915261015296
IKZF1	MIR6240	0.005578527692705393
ELF1	CNN3	0.00557843828573823
RAG2	TRIM59	0.005575939547270536
NOTCH1	IGHV1-81	0.005573866423219442
ESR1	CD53	0.005573491100221872
ELF1	DYNLL1	0.0055730813182890415
GATA2	SPNS2	0.005572235211730003
RAG2	SPC24	0.0055718617513775826
CBX7	SAT1	0.005569692235440016
ELF1	SLC35D3	0.005566644947975874
GATA2	COQ8A	0.005565791856497526
RAG2	DOK2	0.005565335042774677
FOXO1	APOE	0.005564583465456963
SPI1	CORO1A	0.005561477039009333
IKZF1	TMEM206	0.005560607183724642
IKZF1	H2-OB	0.005559912417083979
MYC	SLBP	0.005555286072194576
NOTCH1	CDK19	0.005553591996431351
GFI1B	TNFAIP2	0.005553584545850754
MEIS1	PLXNA4OS1	0.0055533042177557945
GATA2	CPNE8	0.005551574286073446
GFI1B	SGMS1	0.0055506727658212185
IKZF1	UBASH3A	0.005550274159759283
GFI1B	PLXDC2	0.0055497013963758945
RAG2	IL18RAP	0.005549246910959482
IRF8	UNC93B1	0.005548889748752117
GATA2	VDR	0.005548043176531792
RAG2	CLU	0.0055474769324064255
RAG2	MILR1	0.00554503221064806
GFI1B	PDCD4	0.005543808918446302
MYC	MPO	0.005542906932532787
GATA2	EBI3	0.005542499478906393
SATB1	HOXA9	0.005540887825191021
GATA2	GIMAP5	0.005540724378079176
RAG2	CDK6	0.005539354402571917
RAG2	IFI27L2A	0.005538801662623882
SATB1	MAML3	0.005538742057979107
MEIS1	CPQ	0.005537813529372215
GATA2	OBSCN	0.005536983720958233
GATA2	NSMF	0.005535471718758345
FOXO1	ZBTB20	0.005535057745873928
RAG2	ESR1	0.005533951334655285
SATB1	IGHV1-77	0.005532628390938044
ELF1	ZFP422	0.005531922914087772
RAG2	RASA4	0.005530741065740585
GATA2	METTL7A1	0.005529795307666063
MYC	CRIP1	0.005529484711587429
GATA2	FDFT1	0.005529223941266537
RAG2	SLC16A10	0.005528413224965334
GFI1B	FUT8	0.00552838621661067
SATB1	LCK	0.005528094246983528
GATA2	FADS1	0.005527392961084843
CBX7	UAP1L1	0.005527277942746878
GFI1B	RAB38	0.005525574088096619
ELF1	CD34	0.005521911196410656
CBX7	GATA2	0.005521269980818033
IKZF1	ITGAL	0.005520624574273825
MEF2C	TMEM173	0.005519854370504618
MEIS1	TSC22D3	0.005518917925655842
MEIS1	CTTN	0.005514898803085089
MEIS1	TFPI	0.005513577256351709
GATA2	MPZL1	0.005513194017112255
SATB1	SSH2	0.0055131870321929455
ELF1	ARID5A	0.005512831266969442
ELF1	CD53	0.005511144176125526
GFI1B	CTSG	0.005511019844561815
GFI1B	CTTN	0.0055107418447732925
FOXO1	ABCG3	0.005510088987648487
RAG2	TAPT1	0.005506815388798714
MEIS1	MMRN1	0.005506665911525488
CBX7	FDFT1	0.005506275221705437
MYC	ACAP1	0.00550616392865777
GATA2	SERPINF1	0.005504037719219923
SATB1	LAX1	0.005503260064870119
GFI1B	KIT	0.005501318722963333
GFI1B	SNAP47	0.005500827915966511
IRF8	F630028O10RIK	0.00550068961456418
GATA2	FHL1	0.005499028135091066
FOXO1	JCHAIN	0.0054986728355288506
SPI1	ADGRL4	0.005497443024069071
RAG2	NRROS	0.005495547782629728
IRF8	PRPS2	0.0054931542836129665
RAG2	NCAPD2	0.00549307418987155
MEIS1	CISH	0.005491691641509533
RAG2	PAG1	0.005491381045430899
FOXO1	TSC22D3	0.00549008185043931
ESR1	SMPDL3A	0.005489239934831858
RAG2	TM6SF1	0.005489204544574022
CBX7	IFITM1	0.005488285794854164
NOTCH1	LAX1	0.005487557500600815
GATA2	PEAR1	0.005487310700118542
GATA2	FCGRT	0.005486558191478252
CBFB	DTL	0.0054862005636096
RAG2	CD48	0.00548528740182519
RAG2	TLR7	0.005485100671648979
MYC	PLPPR3	0.005484354682266712
MEIS1	PEAR1	0.005480685271322727
MEF2C	SAMSN1	0.005477267317473888
SPI1	RUNX2	0.005477250553667545
MYC	SPNS3	0.005474715027958155
RAG2	GM8203	0.005473500117659569
SATB1	MILR1	0.0054731606505811214
ELF1	UCP2	0.005473031662404537
MYC	ADGRG3	0.005471009761095047
ELF1	CCL9	0.005469180643558502
SPI1	SELPLG	0.0054685561917722225
CBFB	TMEM14C	0.005468286108225584
NOTCH1	MILR1	0.005467682145535946
CBX7	ANGPT1	0.005464959889650345
GATA2	PLXNA4OS1	0.005463707260787487
NOTCH1	REL	0.005462923552840948
CBX7	F11R	0.005462452303618193
MEIS1	NDN	0.005461643449962139
SATB1	KLF3	0.005460968241095543
GFI1B	SNAP23	0.005460034590214491
RAG2	USP11	0.005458512343466282
FOXO1	PDZK1IP1	0.0054584164172410965
IKZF1	CORO1A	0.005457126535475254
RAG2	HNRNPAB	0.005456089973449707
RAG2	SPNS3	0.005453416611999273
RAG2	MCM5	0.005451931152492762
IRF8	AI504432	0.0054513500072062016
GATA2	CHRNB1	0.005450671073049307
RAG2	SLC18A1	0.00545031251385808
IKZF1	9030619P08RIK	0.005449400749057531
RAG2	LGMN	0.005447818897664547
GATA2	CERS4	0.005447061732411385
MYC	CCT2	0.005446895025670528
MYC	GM26917	0.005446121096611023
SATB1	SPNS3	0.00544576533138752
RAG2	CRIP1	0.0054429639130830765
SPI1	PPCDC	0.005441213026642799
GFI1B	ARHGAP29	0.00543929310515523
SATB1	ESR1	0.005439139902591705
SPI1	NUDT19	0.005437456537038088
GATA2	KAZALD1	0.005434498190879822
GFI1B	RHOF	0.005432103760540485
IRF8	PLAC8	0.00543149234727025
FOXO1	PLSCR4	0.005430873949080706
GFI1B	PPP1R15A	0.005430726334452629
SATB1	CAMK1D	0.005429883021861315
NOTCH1	CORO7	0.0054279207251966
ELF1	2610307P16RIK	0.005424948409199715
MEF2C	RASA4	0.005423822905868292
FOXO1	GNG11	0.005422534421086311
GATA2	LHCGR	0.005420527420938015
CBFB	GMNN	0.005419719032943249
IRF8	GGTA1	0.005415683146566153
FOXO1	CISH	0.005412935744971037
MYC	SLC22A3	0.005412242840975523
ESR1	SLC35D3	0.005408542230725288
MEIS1	CD34	0.005407882854342461
MYC	TMEM14C	0.005404047667980194
GFI1B	DOCK11	0.005403201095759869
NOTCH1	MAN1A	0.00540302274748683
SATB1	GM5111	0.005400621332228184
SATB1	PRR5	0.005399954505264759
SATB1	GM20342	0.005399711895734072
ELF1	XRCC6	0.005399456713348627
CBX7	HACD4	0.00539645878598094
MYC	SH2D5	0.005395554471760988
GATA2	GM10419	0.00539358938112855
GATA2	SMPDL3A	0.0053922319784760475
GATA2	NEURL3	0.005390810314565897
NOTCH1	RAG2	0.00538988271728158
CBX7	IGF1	0.005388440098613501
RAG2	RCSD1	0.005387585610151291
FOXO1	SNAP23	0.005386450327932835
MEIS1	WLS	0.005384511314332485
GFI1B	CAR2	0.005384376272559166
MYC	PTPRE	0.005384027026593685
IRF8	CD53	0.005383429117500782
CBFB	BC035044	0.005383101757615805
GATA2	SERPINB6A	0.005381530616432428
SPI1	OTULINL	0.005381516180932522
GFI1B	SERPINA3G	0.0053793699480593204
MEIS1	FCGRT	0.005378092639148235
GFI1B	ATPIF1	0.005377659574151039
SATB1	ELF1	0.005377167835831642
RAG2	DTL	0.0053767254576087
CBX7	MMRN1	0.005376574117690325
MYC	CDT1	0.0053759790025651455
MEF2C	PSTPIP1	0.005371920298784971
MEF2C	ELF1	0.005370015278458595
SATB1	SLC18A1	0.005368219222873449
ELF1	MEF2C	0.005359427537769079
SPI1	UCP2	0.005359422881156206
IKZF1	CD27	0.005358779337257147
RAG2	CTSS	0.005358683876693249
RAG2	ABHD17B	0.0053581418469548225
SATB1	CD93	0.005358000751584768
RAG2	DDX4	0.005356311798095703
IKZF1	IL12A	0.005356138572096825
SPI1	EPSTI1	0.005356076639145613
RAG2	P2RY14	0.0053558931685984135
ELF1	IL17RA	0.005353393033146858
CBFB	MOGS	0.005352583713829517
NOTCH1	SLC18A1	0.005351956468075514
MEIS1	CD9	0.005349390674382448
GATA2	GIMAP1	0.005347130354493856
GATA2	ROBO4	0.005347117781639099
SPI1	SERPINB1A	0.005346472375094891
SPI1	RHOH	0.00534622510895133
GATA2	TNS2	0.005343579687178135
MEIS1	SOCS2	0.005343359429389238
NOTCH1	NCAPD2	0.005342927295714617
GFI1B	PAFAH2	0.005341091193258762
CBX7	TGM2	0.005339636001735926
IKZF1	HDAC7	0.005338301882147789
SATB1	TMEM173	0.005338156130164862
CBX7	ANXA5	0.005337927024811506
MEIS1	SPNS2	0.005337401293218136
SATB1	SSTR2	0.005337398499250412
RAG2	GAS2L3	0.005337068345397711
RAG2	ATP8B4	0.00533653236925602
CBX7	PPP1R15A	0.005334726069122553
SATB1	ARID5A	0.005332846660166979
MEIS1	IRAK3	0.005331745371222496
IKZF1	TM6SF1	0.00532787200063467
CBFB	RPL41	0.005327301099896431
GATA2	FGD5	0.005326585844159126
CBFB	ELF1	0.005324672907590866
IRF8	PRIM1	0.005322373937815428
SATB1	ANKRD44	0.0053222267888486385
RAG2	POLA2	0.005320149473845959
GFI1B	NEAT1	0.005319416057318449
GFI1B	RBPMS	0.005319265648722649
RAG2	KLF3	0.005317219533026218
SATB1	XPC	0.005315700545907021
IKZF1	CMAH	0.00531536340713501
IKZF1	GM5111	0.005314987618476152
ELF1	ADSSL1	0.005314108449965715
SATB1	ABHD17B	0.005313500761985779
GFI1B	GAS2L3	0.005312977824360132
IKZF1	NCAPD2	0.005312531255185604
MEF2C	MGAT1	0.005310273263603449
GFI1B	CD55	0.005309196189045906
IKZF1	UHRF1	0.00530849676579237
RAG2	FCRL1	0.005308489315211773
MEIS1	CERS4	0.005308242980390787
RAG2	TESPA1	0.005306456238031387
ELF1	GNG2	0.0053062657825648785
GFI1B	NCKAP1	0.005305817350745201
RAG2	GBP4	0.005305813625454903
SATB1	H2-DMA	0.00530426437035203
GFI1B	GP9	0.005303453654050827
IRF8	MCM5	0.005303072277456522
FOXO1	NFIA	0.005302878562361002
ELF1	ST8SIA4	0.005298850126564503
MEIS1	METTL7A1	0.005298645701259375
GFI1B	H1F0	0.005297586787492037
SPI1	GNG2	0.00529372738674283
RAG2	LARS2	0.005292275920510292
RAG2	CD33	0.005291329696774483
GATA2	RUSC2	0.005289615131914616
RAG2	TES	0.00528955552726984
IRF8	BLNK	0.005289328284561634
MYC	VAV3	0.005289183929562569
GATA2	BDH2	0.005288168787956238
SATB1	HAAO	0.005285320337861776
NOTCH1	TYROBP	0.005285099148750305
RAG2	ARHGAP18	0.005284339189529419
GFI1B	ADAM17	0.005284163635224104
CBX7	AMIGO2	0.005284063518047333
IRF8	ATP8B4	0.00528305396437645
IRF8	MIR6240	0.005282619968056679
MYC	CD48	0.005280475132167339
IKZF1	SLC35D3	0.005278684198856354
SPI1	CD53	0.005274818278849125
SATB1	2610307P16RIK	0.005274552386254072
MEIS1	RNF125	0.005271961446851492
RAG2	DCK	0.005271036643534899
ESR1	RHOH	0.00527019752189517
RAG2	LY9	0.005269309040158987
GATA2	GBP2	0.0052690329030156136
CBX7	SGMS1	0.0052666743285954
IKZF1	XIST	0.005266428459435701
GFI1B	SLC16A2	0.00526475440710783
GATA2	IRAK3	0.005263959057629108
IKZF1	AKNA	0.005263931583613157
MEF2C	CDK19	0.005262352060526609
MEIS1	CPXM1	0.00526230875402689
NOTCH1	CCR7	0.005259482655674219
GFI1B	FAM110C	0.005258371587842703
GATA2	KLHL4	0.0052582332864403725
RAG2	SLBP	0.005258108023554087
FOXO1	ITSN1	0.005257325246930122
CBX7	MECOM	0.0052558365277945995
SATB1	CD44	0.005254751071333885
GFI1B	RNF125	0.005251542665064335
FOXO1	TBXAS1	0.005251245107501745
SPI1	CTSS	0.0052507054060697556
MYC	DTL	0.005250627174973488
CBFB	SERPINB1A	0.005249887239187956
IRF8	OTULINL	0.0052432953380048275
SATB1	RPL41	0.005243203602731228
FOXO1	CERS4	0.0052423542365431786
RAG2	GM15564	0.005240586120635271
CBFB	PTP4A3	0.005240279715508223
IKZF1	ACAP1	0.0052398983389139175
RAG2	CST7	0.00523968692868948
NOTCH1	AC174780.1	0.005239258985966444
MEF2C	TESPA1	0.005235901102423668
RAG2	UNC93B1	0.005235414952039719
ESR1	H2-DMA	0.005235091783106327
ESR1	MN1	0.005235052201896906
ESR1	CD34	0.005233593750745058
MYC	SELL	0.005233499221503735
SATB1	BTG2	0.005233221687376499
MEF2C	BTG2	0.005232711788266897
SATB1	PSTPIP1	0.005230915732681751
CBFB	CD34	0.005229119211435318
NOTCH1	CST7	0.005227936431765556
SPI1	RGS2	0.005225639324635267
SATB1	NLRC3	0.005224551074206829
IRF8	TM6SF1	0.005223790183663368
NOTCH1	MPEG1	0.005222707986831665
MEIS1	NPDC1	0.00521948654204607
RAG2	GCSAM	0.005216924473643303
GATA2	CES2G	0.005215911660343409
NOTCH1	SLC35D3	0.005215330980718136
RAG2	PECAM1	0.005214954260736704
RAG2	CD53	0.005213145166635513
CBX7	MYCN	0.005213076248764992
RAG2	ICOS	0.005212666001170874
MEF2C	LAX1	0.005211576819419861
SATB1	TBXA2R	0.005211398471146822
ESR1	BLNK	0.005210287868976593
SATB1	ATP8B4	0.005209014751017094
IKZF1	TPM4	0.0052090114913880825
GFI1B	PLXNC1	0.005208440590649843
ELF1	UBASH3A	0.005207628943026066
CBX7	GIMAP5	0.005207022186368704
RAG2	ATP1A3	0.005205241963267326
SATB1	OTULINL	0.00520517211407423
IKZF1	TALDO1	0.005205165594816208
ESR1	GGT5	0.0052047306671738625
RAG2	CD44	0.0052032917737960815
SPI1	GM2A	0.005201490595936775
CBX7	KIT	0.005200935062021017
MYC	ADGRL4	0.005200772546231747
SPI1	CCL9	0.005200595129281282
SPI1	CD81	0.005199818406254053
IRF8	LCK	0.005196448881179094
SATB1	CSF1R	0.005196363665163517
GATA2	STXBP1	0.005194068420678377
SATB1	ZMIZ1	0.005192064680159092
CBFB	NCAPD2	0.005189525429159403
SATB1	UCP2	0.0051872618496418
IRF8	FGD2	0.00518609955906868
MYC	COX6A1	0.0051854457706213
CBX7	CD74	0.005182295106351376
RAG2	N4BP3	0.005182066932320595
GATA2	LTB	0.005182001739740372
MEIS1	PTPRE	0.0051819640211761
MEF2C	CTSS	0.005181199871003628
RAG2	SSH2	0.005181042943149805
GATA2	PLCL1	0.0051804520189762115
FOXO1	GUCY1A1	0.005180331412702799
FOXO1	GAA	0.005180204287171364
RAG2	C230085N15RIK	0.005179144907742739
GFI1B	UBA7	0.005179027561098337
ESR1	CD93	0.005178719758987427
ELF1	SLC22A3	0.005177862476557493
GATA2	D630039A03RIK	0.00517624244093895
SATB1	TSPAN2	0.005176160950213671
ESR1	SERPINB1A	0.005175535101443529
ESR1	H2-OB	0.005175482016056776
RAG2	PANX1	0.005175240803509951
GFI1B	MKI67	0.0051747593097388744
MEF2C	PLAC8	0.005173946730792522
RAG2	ADSSL1	0.005173868034034967
ELF1	NKG7	0.005172687117010355
SATB1	NAV1	0.005171833094209433
GFI1B	PRKCH	0.005171695724129677
RAG2	ME2	0.0051694936119019985
IKZF1	CTSS	0.005168313626199961
ESR1	ARHGAP18	0.005168236326426268
MYC	CD44	0.005168200470507145
NOTCH1	CDT1	0.005167427007108927
CBFB	JPT1	0.005167040508240461
GFI1B	GAA	0.005166984628885984
ESR1	TSPAN2	0.005165199749171734
CBFB	TUBB4B	0.005164732225239277
NOTCH1	EMB	0.005163691472262144
SPI1	HNF4A	0.005162677261978388
MEIS1	GIMAP5	0.005161428824067116
SATB1	ARHGAP15	0.005161154083907604
SPI1	MEF2C	0.0051600029692053795
ELF1	CORO7	0.005158286076039076
IKZF1	CD33	0.005158241838216782
GATA2	FAM110C	0.005157649051398039
RAG2	SLC16A11	0.005156523548066616
RAG2	TSPAN13	0.005153327714651823
RAG2	AI504432	0.005152272526174784
IKZF1	MCM4	0.005150757730007172
IRF8	CCL9	0.005150515120476484
SATB1	DUSP5	0.0051503172144293785
SATB1	IGHV1-81	0.005150265526026487
SPI1	XPC	0.005150195211172104
MEIS1	CTSB	0.005150191951543093
SATB1	C030034L19RIK	0.005149944685399532
IRF8	ATP1A3	0.005148608237504959
RAG2	IGF1	0.005148251540958881
CBFB	TESPA1	0.005146653391420841
ELF1	SH2D5	0.005145634990185499
MEIS1	TFR2	0.005145522765815258
FOXO1	PLXDC2	0.005144682712852955
FOXO1	MPL	0.005144111812114716
GATA2	SLC6A15	0.00514392601326108
RAG2	FOXO1	0.0051427241414785385
IKZF1	ZMIZ1	0.005141728557646275
GFI1B	TBC1D5	0.005141718778759241
SPI1	MGAT1	0.005141616333276033
IKZF1	TES	0.0051396735943853855
IRF8	ABHD17B	0.005139388609677553
RAG2	RFTN1	0.0051386114209890366
FOXO1	CES2G	0.0051377443596720695
MEF2C	NCF1	0.005135763436555862
FOXO1	MLLT3	0.005135290790349245
GATA2	SLC39A13	0.005135004408657551
FOXO1	ESAM	0.0051335543394088745
CBFB	GM8203	0.005133031401783228
IKZF1	CSF3R	0.005132875870913267
ESR1	CD44	0.005132414400577545
MYC	HSD3B7	0.00513061136007309
NOTCH1	RASA4	0.005125538911670446
RAG2	DOCK11	0.005123780574649572
GFI1B	TMEM246	0.005122008267790079
CBFB	GM26917	0.005121962167322636
NOTCH1	LRRC8C	0.005121584981679916
GATA2	RFTN1	0.005119635257869959
CBX7	CPNE8	0.005119600798934698
RAG2	IKZF1	0.0051188236102461815
CBX7	SLC39A13	0.005117272492498159
GATA2	CTSB	0.005117266438901424
SATB1	TPM4	0.005116444081068039
SATB1	CORO7	0.005115967243909836
GATA2	CD55	0.005115099251270294
GATA2	ARHGAP29	0.005113940220326185
GATA2	SAT1	0.005112621933221817
MEIS1	CDK17	0.0051124426536262035
NOTCH1	ABHD17B	0.005108820274472237
GATA2	RBPMS	0.005108416546136141
GATA2	H1F0	0.00510784424841404
RAG2	SLC39A6	0.005107679404318333
GFI1B	HLF	0.005106766242533922
MEIS1	TFEC	0.005102690774947405
ESR1	2610307P16RIK	0.00509992940351367
SPI1	IGFBP4	0.005098828114569187
MYC	ELOVL5	0.005097788758575916
NOTCH1	ST8SIA4	0.005095371510833502
IRF8	TOP2A	0.005094660446047783
FOXO1	GIMAP3	0.005094196647405624
ELF1	TM6SF1	0.005094144493341446
NOTCH1	LCP1	0.005093812011182308
CBX7	CADPS2	0.00509350560605526
ELF1	CKS1B	0.005091591738164425
MEF2C	ST8SIA4	0.005091400351375341
RAG2	GGTA1	0.005091208033263683
MEIS1	VDR	0.005090281367301941
ELF1	MOGS	0.005090073682367802
SATB1	UBASH3A	0.005089178681373596
NOTCH1	IL17RA	0.005087549798190594
NOTCH1	ZMIZ1	0.005087433382868767
ELF1	TYROBP	0.0050870925188064575
IKZF1	SPC24	0.0050870575942099094
IKZF1	GM2A	0.005086544435471296
GFI1B	SLC16A10	0.00508301705121994
ESR1	CORO7	0.005080838687717915
CBX7	GUCY1A1	0.0050781662575900555
NOTCH1	IRF8	0.005076583940535784
CBFB	CSF3R	0.005074949469417334
CBX7	USP11	0.0050749401561915874
GATA2	CBX7	0.005073601845651865
MEIS1	BDH2	0.005072342697530985
IKZF1	DUSP5	0.00507059320807457
GATA2	CYP26B1	0.005069027654826641
RAG2	PARP8	0.005068852100521326
SPI1	DOCK10	0.005068709142506123
RAG2	TYROBP	0.005068228114396334
SATB1	MIR6240	0.005067597609013319
GFI1B	SERP1	0.005067057441920042
SPI1	KLF3	0.00506575545296073
GFI1B	COX7B	0.005060414783656597
ESR1	DCK	0.005059358198195696
SPI1	GM4759	0.005056212190538645
MEF2C	C230085N15RIK	0.005056002642959356
MEF2C	RCSD1	0.00505515281111002
IRF8	FLT3	0.00505501264706254
GFI1B	COX6A1	0.005054437089711428
MYC	TESPA1	0.00505351135507226
RAG2	CCR7	0.005052946507930756
NOTCH1	IL7R	0.005052448250353336
IRF8	DHRS3	0.005052014719694853
IKZF1	ZFP62	0.005049389321357012
GATA2	P2RX1	0.0050488305278122425
MEIS1	RUNX1T1	0.005046052858233452
MEIS1	GM4951	0.005045775324106216
CBX7	RHOF	0.005045659374445677
RAG2	UAP1L1	0.005045529454946518
GATA2	COL4A2	0.005040338728576899
CBX7	MEIS1	0.005038332659751177
CBX7	H2-Q6	0.005037771537899971
MEF2C	AC174780.1	0.0050377692095935345
GFI1B	CHRNB1	0.005036146845668554
MYC	SYK	0.005035809241235256
SATB1	TSPAN13	0.005035361275076866
CBX7	LDHB	0.005034993402659893
GATA2	MYLK	0.005033868830651045
RAG2	ARID5A	0.005033409688621759
RAG2	NCF1	0.005032575689256191
MEF2C	AP1S2	0.005031363572925329
NOTCH1	GRAMD1A	0.005031014792621136
MEIS1	VWF	0.0050287735648453236
ESR1	H2AFY	0.005028223153203726
CBX7	CES2G	0.005028167273849249
IKZF1	LAPTM5	0.00502672977745533
MEF2C	ZMIZ1	0.005026272963732481
GFI1B	F11R	0.005025661550462246
SATB1	PLPPR3	0.005025153513997793
NOTCH1	NUCB2	0.005025058519095182
CBFB	YBX1	0.0050246454775333405
ELF1	F630028O10RIK	0.005024490877985954
MEF2C	IL1R1	0.005024226848036051
MYC	MCM4	0.005024191457778215
GFI1B	CDK17	0.0050241658464074135
SPI1	BTG2	0.0050240010023117065
RAG2	CKS1B	0.0050232247449457645
RAG2	IL17RA	0.00502200098708272
MEIS1	PPIC	0.00502190925180912
IKZF1	HMGB2	0.005018272902816534
NOTCH1	IL1R1	0.005017929710447788
FOXO1	GM45837	0.005017769057303667
MEF2C	PTP4A3	0.005017588846385479
IKZF1	ST8SIA4	0.005017232149839401
MEF2C	LAPTM5	0.005016841925680637
NOTCH1	DRC7	0.0050161415711045265
GFI1B	TXNIP	0.005016007926315069
FOXO1	ARHGAP29	0.005014678929001093
IKZF1	RP2	0.0050139715895056725
SPI1	ELF1	0.005013872869312763
CBX7	EBI3	0.005011442583054304
CBX7	LTB	0.005008770152926445
CBFB	LCK	0.0050086453557014465
IKZF1	DHRS3	0.005007714498788118
IKZF1	STK10	0.005006685853004456
MEIS1	CTNNAL1	0.005006637889891863
NOTCH1	ERP29	0.005005320999771357
MEIS1	TALDO1	0.005005320999771357
NOTCH1	SELENOP	0.00500288512557745
SPI1	GIMAP1	0.005001808982342482
RAG2	AP1S2	0.005001719109714031
GATA2	PDE1B	0.005000949837267399
SPI1	SLC39A6	0.005000484641641378
RAG2	MYO5A	0.0050000641494989395
SPI1	RASAL3	0.004999781958758831
MYC	XRCC6	0.004998774733394384
NOTCH1	ITGB2	0.004998489748686552
GFI1B	MTUS1	0.004998446442186832
MYC	IGFBP4	0.004997599869966507
GFI1B	TIE1	0.004997591488063335
MYC	CD27	0.0049972678534686565
CBX7	OBSCN	0.004995846189558506
MYC	MCM7	0.0049951705150306225
ELF1	GM1966	0.004995128605514765
MEF2C	SDC1	0.004994839429855347
MEF2C	OAS2	0.0049929507076740265
MEF2C	SP100	0.004992251750081778
SPI1	DNTT	0.0049919746816158295
CBFB	SLC25A5	0.004991206806153059
SATB1	GGT5	0.004990873392671347
GFI1B	GM26917	0.004989455919712782
MEIS1	PRUNE2	0.004988359287381172
ESR1	ARHGAP15	0.004987355321645737
ESR1	GRAMD1A	0.004985486157238483
SATB1	SELL	0.004985432140529156
CBX7	EYA2	0.004984108731150627
GATA2	PF4	0.004984066355973482
RAG2	PRIM1	0.004983306396752596
IRF8	IFI27L2A	0.004983196035027504
GATA2	SNAP47	0.004982673563063145
NOTCH1	MAML3	0.004982596263289452
MEF2C	H2-OB	0.004982332699000835
MYC	H2-OB	0.004981836304068565
NOTCH1	GPR171	0.004981729201972485
GFI1B	HSPE1	0.004981563426554203
ELF1	SLC16A11	0.004980817437171936
MEIS1	TMEM246	0.004979419521987438
IRF8	ADGRG3	0.0049789366312325
MEF2C	RGS2	0.004978375509381294
RAG2	ZNRF2	0.004978297743946314
SATB1	CTR9	0.0049781822599470615
GATA2	COL4A1	0.00497804582118988
IRF8	RCSD1	0.0049769096076488495
GATA2	PAFAH2	0.004976778291165829
FOXO1	PBX1	0.004976395517587662
IKZF1	NLRC3	0.004976356402039528
MEIS1	PLXNC1	0.004976185970008373
CBX7	NEURL3	0.0049756676889956
ESR1	FLT3	0.004975657910108566
MEIS1	JAM3	0.004972775466740131
RAG2	LCK	0.004972569644451141
ESR1	RASA4	0.004971107468008995
RAG2	PLAC8	0.004965806379914284
RAG2	LYN	0.004965625703334808
IKZF1	MGAT1	0.004964916501194239
SPI1	UBE2L6	0.004964521620422602
GATA2	DENND2D	0.004964413587003946
GFI1B	TBXAS1	0.004963416140526533
NOTCH1	PDCD4	0.004962804261595011
CBX7	SLC18A2	0.004962495993822813
RAG2	RNF13	0.004962113685905933
SATB1	MGAT1	0.004960828926414251
MEF2C	DOCK11	0.004960750229656696
RAG2	GM1966	0.004960659891366959
RAG2	PRR5	0.00495773134753108
RAG2	GM20342	0.004957409575581551
IKZF1	ARHGAP27	0.004956306889653206
RAG2	YBX1	0.004954033996909857
CBFB	SYK	0.004953530617058277
GATA2	CLEC14A	0.004952490795403719
GFI1B	CD93	0.004951251205056906
MYC	PDCD4	0.004951121285557747
RAG2	NUDT19	0.004950659815222025
RAG2	STK10	0.004949954804033041
ESR1	GM20342	0.004949465394020081
ELF1	PRPS2	0.004947989713400602
CBFB	HMGB2	0.004947545938193798
NOTCH1	CD27	0.004945393651723862
GFI1B	ART4	0.00494396174326539
IRF8	H2-OB	0.0049439286813139915
GATA2	HID1	0.0049436152912676334
ESR1	PRSS57	0.004943139851093292
ELF1	GPR171	0.004942965228110552
FOXO1	MMRN1	0.004942737519741058
IKZF1	NAV1	0.004942562431097031
NOTCH1	HAAO	0.004942243453115225
ELF1	PARP8	0.004942177329212427
IKZF1	ELOVL5	0.004939600825309753
GATA2	PTP4A3	0.004939089063555002
SPI1	HOXA9	0.004938035737723112
MEIS1	FKBP9	0.004937440622597933
GFI1B	MPZL1	0.004936578683555126
IKZF1	IL18RAP	0.004936289507895708
GFI1B	UPP1	0.00493588438257575
NOTCH1	ITGAL	0.004935606848448515
RAG2	H2-OB	0.004935474134981632
GFI1B	GOLM1	0.004934652708470821
IRF8	RAG2	0.004932270385324955
MEIS1	DOK2	0.00493225222453475
ESR1	RGS2	0.004931844305247068
ELF1	OTULINL	0.004930728115141392
IKZF1	CKS1B	0.004930497612804174
SATB1	LAPTM5	0.004930396564304829
SATB1	CIPC	0.004928871989250183
FOXO1	HLF	0.004928528796881437
GFI1B	CTSL	0.0049280766397714615
FOXO1	TRAF1	0.004927546717226505
IKZF1	C230085N15RIK	0.004927259404212236
SATB1	CD33	0.004926646128296852
GFI1B	BDH2	0.004926472902297974
MYC	DOCK11	0.004926127847284079
ELF1	CD52	0.004925297573208809
ESR1	XPC	0.004924274515360594
SATB1	ARHGAP27	0.00492426473647356
SATB1	RGS19	0.004922734573483467
IKZF1	CD69	0.004922295454889536
GFI1B	UBE2L6	0.004922235384583473
CBX7	UBA7	0.004922172985970974
IRF8	IGF1	0.004920267499983311
SATB1	HDAC7	0.004920040722936392
RAG2	IGHV1-76	0.004919643048197031
SATB1	IGFBP4	0.004919448401778936
SATB1	TES	0.004919317085295916
CBX7	SOCS2	0.004918601829558611
RAG2	BPIFC	0.004918442107737064
IKZF1	TOP2A	0.004917825572192669
ESR1	MAML3	0.004916965030133724
MYC	SLCO3A1	0.0049164569936692715
SPI1	MN1	0.004916241858154535
MEIS1	LHCGR	0.00491541251540184
SATB1	CMAH	0.004915387835353613
RAG2	SP100	0.004913792945444584
GFI1B	ATP8B4	0.004913558252155781
FOXO1	SERPINF1	0.004913319367915392
MEIS1	PLIN3	0.004912007134407759
MEIS1	KLF3	0.0049118660390377045
MYC	ERP29	0.004910724703222513
GATA2	ENPP5	0.004909704905003309
ELF1	PLPPR3	0.004906177520751953
GFI1B	CDT1	0.004904842935502529
IKZF1	RASA4	0.004904517903923988
GFI1B	OBSL1	0.004903621971607208
RAG2	MPO	0.004903528839349747
MEF2C	SLC35D3	0.004902792163193226
MEIS1	CADPS2	0.004901960492134094
MEIS1	AFDN	0.004900896456092596
RAG2	PPCDC	0.004900746513158083
ELF1	RGS2	0.004899469669908285
CBFB	MPO	0.004898775368928909
MEF2C	GM5111	0.0048987604677677155
IRF8	SP100	0.0048978617414832115
GATA2	SLC16A2	0.004896735306829214
FOXO1	GATA2	0.004896552301943302
GATA2	CD81	0.0048959399573504925
RAG2	HAAO	0.004895000718533993
SATB1	RHOH	0.004894818179309368
IKZF1	POLA2	0.004893351346254349
RAG2	GM37124	0.004892957396805286
FOXO1	TEK	0.004892396274954081
CBFB	CLEC12A	0.004890959244221449
SATB1	ARHGEF18	0.00489078788086772
ELF1	SELL	0.0048905410803854465
ESR1	TYROBP	0.004890472162514925
ELF1	TSPAN13	0.00489008380100131
MEF2C	LSP1	0.00489006657153368
NOTCH1	CAMK1D	0.004889370407909155
SATB1	FUT7	0.004888548050075769
RAG2	MGAT1	0.004888289142400026
MYC	CCL9	0.004886955954134464
SATB1	SELPLG	0.004886392503976822
GFI1B	NWD1	0.004886079579591751
MYC	VAMP5	0.004885523114353418
IKZF1	MOGS	0.004885329864919186
SPI1	C030034L19RIK	0.0048851752653717995
GFI1B	ITM2A	0.004885085858404636
IRF8	C230085N15RIK	0.004884678870439529
SATB1	SLC9A9	0.0048823850229382515
FOXO1	ITGA6	0.004880127962678671
RAG2	GP9	0.0048790425062179565
FOXO1	DACH1	0.004878385923802853
IKZF1	SLC44A2	0.00487809581682086
CBFB	CKS1B	0.004877867642790079
MEF2C	ADGRL4	0.004877131432294846
NOTCH1	WFDC18	0.004876555874943733
IKZF1	DOK2	0.004876127932220697
CBFB	PPCDC	0.004875940270721912
ELF1	ARHGEF18	0.004875655751675367
SATB1	PARVG	0.0048750415444374084
IKZF1	SELPLG	0.004874879959970713
GATA2	GIMAP8	0.004874602425843477
FOXO1	FRMD6	0.004874473437666893
RAG2	NAV1	0.0048740329220891
RAG2	LAX1	0.004873752128332853
IRF8	CTSG	0.004872584715485573
SATB1	WFDC18	0.004872574470937252
FOXO1	PROCR	0.004872524179518223
GATA2	CD74	0.004870484583079815
FOXO1	CSF1R	0.004869786091148853
IRF8	CAMK1D	0.004869514144957066
SATB1	MAN1A	0.004869510419666767
RAG2	LCP1	0.004869373515248299
SPI1	IFI27L2A	0.004868689458817244
ELF1	GGT5	0.004868504591286182
NOTCH1	IFI27	0.004868017043918371
CBX7	PLK2	0.004867905285209417
ELF1	RANBP1	0.004867821931838989
RAG2	GM19331	0.0048675378784537315
SATB1	GPR65	0.004867212846875191
GFI1B	METTL7A1	0.004867127630859613
GFI1B	MYCT1	0.004867070354521275
GFI1B	APP	0.0048662219196558
FOXO1	PAFAH2	0.004865460563451052
RAG2	5430427O19RIK	0.004864320158958435
ESR1	9030619P08RIK	0.004863864742219448
NOTCH1	IL17RE	0.00486160209402442
GFI1B	RUNX1T1	0.0048614987172186375
RAG2	IGHV1-74	0.004860859364271164
SATB1	DOCK10	0.004860775079578161
GATA2	GBP4	0.004860299173742533
GATA2	SDC2	0.004860264714807272
ELF1	KLF3	0.004859157372266054
ESR1	BTG2	0.004858991596847773
MEIS1	EYA2	0.004858773667365313
IRF8	SPNS3	0.004856891464442015
CBX7	PRDM16	0.004855433478951454
MYC	NFE2	0.004854114726185799
CBX7	TMEM246	0.004853955935686827
CBX7	MKI67	0.004853471182286739
GFI1B	ITSN1	0.004852974321693182
CBFB	ATPIF1	0.004852862097322941
IKZF1	CAMK1D	0.0048518795520067215
MEF2C	MYO5A	0.004851500503718853
MEIS1	NCEH1	0.004849053919315338
SPI1	VAV3	0.004848916549235582
ESR1	ATP8B4	0.004848377779126167
CBFB	MYO5A	0.004847920499742031
GFI1B	AMPD2	0.004847089294344187
SPI1	LGALS1	0.004846710711717606
IRF8	CD69	0.004846260882914066
GATA2	FOXO1	0.0048460629768669605
SPI1	SP100	0.004844519309699535
RAG2	SNAP23	0.004844215698540211
FOXO1	C130089K02RIK	0.004844020586460829
IKZF1	CBFB	0.004843116272240877
MEF2C	SH2D5	0.004843035247176886
SATB1	CSF3R	0.004842833150178194
GATA2	TFPI	0.004842713475227356
MYC	AFF3	0.004842705558985472
ELF1	SLCO3A1	0.0048421756364405155
NOTCH1	FRMD6	0.004841874819248915
ELF1	HOXA9	0.0048417262732982635
IKZF1	CLEC12A	0.004840850364416838
CBX7	ADGRG1	0.004840483423322439
GATA2	FCHO2	0.004840255714952946
IKZF1	TRIM59	0.00483995396643877
IRF8	TIFAB	0.00483986921608448
SPI1	NAV1	0.004839079920202494
SATB1	LSP1	0.0048387437127530575
GATA2	GM11346	0.0048384880647063255
MYC	GMNN	0.004837968852370977
MEIS1	XIST	0.004836622625589371
SPI1	NCEH1	0.004835403058677912
CBFB	SLC29A1	0.004835113417357206
RAG2	TMSB4X	0.0048349397256970406
SPI1	PAQR5	0.004834054969251156
GFI1B	FDFT1	0.004833124112337828
NOTCH1	GBP4	0.004832777194678783
IKZF1	NCF1	0.004832587670534849
SPI1	SATB1	0.004832348320633173
MYC	UCP2	0.004830198362469673
GATA2	S100A6	0.004829948768019676
SATB1	TBC1D5	0.004829873330891132
NOTCH1	DUSP5	0.004828882869333029
NOTCH1	TRPV2	0.004828715696930885
MEF2C	CAMK1D	0.0048275841400027275
MEIS1	CTSF	0.004827529191970825
CBX7	RORA	0.004826694261282682
GFI1B	BGN	0.004826336167752743
SPI1	CD48	0.004826293792575598
FOXO1	TMEM246	0.004825315438210964
SATB1	SP100	0.0048243156634271145
RAG2	CIPC	0.0048235938884317875
GFI1B	CCT2	0.004823422059416771
IKZF1	ERP29	0.004820382222533226
ELF1	BTG2	0.004819792695343494
GFI1B	PLIN3	0.004817425739020109
GFI1B	TCAF1	0.004816396161913872
SATB1	LYN	0.004815040156245232
IKZF1	ATP8B4	0.0048148855566978455
NOTCH1	PAQR5	0.004814388230443001
SATB1	GM2A	0.004814087878912687
CBX7	PRNP	0.004812981002032757
NOTCH1	SLC9A9	0.004812249913811684
IKZF1	DTL	0.00481147225946188
CBX7	ITGB7	0.004811347462236881
ELF1	IFI27	0.0048106759786605835
MEIS1	RFTN1	0.004808928817510605
MEIS1	ELL2	0.004808833356946707
FOXO1	PLXNC1	0.004808409605175257
ESR1	JPT1	0.0048080990090966225
RAG2	BTG2	0.0048078144900500774
GFI1B	DUSP1	0.004807519726455212
RAG2	SLC44A2	0.00480655999854207
FOXO1	KLHL4	0.004806189797818661
RAG2	DYNLL1	0.004806134849786758
RAG2	JPT1	0.004806115757673979
ELF1	RNF13	0.004806035198271275
MYC	SPNS2	0.004805502947419882
CBFB	VAMP5	0.004804197698831558
MEF2C	CD44	0.004803467076271772
NOTCH1	KLF3	0.004802090581506491
ESR1	CIPC	0.004800555296242237
FOXO1	NSMF	0.0047982363030314445
RAG2	ART4	0.004798015579581261
RAG2	ARL11	0.004797686822712421
SPI1	GSTM1	0.004797207657247782
NOTCH1	LAPTM5	0.004796288441866636
MEIS1	SLFN2	0.004796025808900595
GFI1B	SOCS2	0.004795645363628864
RAG2	CCL3	0.00479505117982626
RAG2	ADAM17	0.004792148247361183
SATB1	FGD2	0.004791969433426857
ESR1	IL1R1	0.004791260231286287
ESR1	RFTN1	0.004791173152625561
FOXO1	TRIM47	0.004790510982275009
ESR1	CNN3	0.004790238570421934
MEIS1	SERPINA3F	0.0047901468351483345
MEIS1	CBX7	0.004789817146956921
IKZF1	NKG7	0.004789494443684816
MYC	CD93	0.004786079283803701
RAG2	GM4759	0.00478515587747097
SATB1	NKG7	0.004783488344401121
GFI1B	CERS4	0.004783486016094685
RAG2	ST8SIA4	0.004783380776643753
MEIS1	MYC	0.004782012663781643
IKZF1	H2-DMA	0.004781979136168957
CBX7	GIMAP1	0.004781306255608797
ELF1	PPCDC	0.0047802734188735485
NOTCH1	STK10	0.00477938074618578
RAG2	SYK	0.004779369104653597
CBFB	LARS2	0.004779293201863766
FOXO1	SOCS2	0.004778334870934486
MEIS1	CHRNB1	0.0047767250798642635
SPI1	NKG7	0.004775976296514273
IKZF1	CCL3	0.004775605630129576
RAG2	STXBP1	0.004775459878146648
IKZF1	GM1966	0.0047750831581652164
CBX7	SULT1A1	0.004772649612277746
ELF1	CD27	0.004772568121552467
GATA2	RAB27B	0.004772472195327282
CBFB	HNRNPAB	0.004772396758198738
SPI1	SLA	0.004771786276251078
MEF2C	CMAH	0.004771592561155558
CBFB	RNF38	0.0047704121097922325
IRF8	HDAC7	0.004769655875861645
ELF1	BCL2	0.004769591614603996
GFI1B	TOP2A	0.004768610931932926
GFI1B	COL4A2	0.004767922218888998
RAG2	PDGFRB	0.004767674021422863
GFI1B	MAGED2	0.004767587874084711
MEF2C	IGHV1-77	0.004767122212797403
MEIS1	SLAMF1	0.004766970407217741
CBX7	RAB38	0.004765352699905634
IRF8	SLC43A2	0.004765180870890617
IKZF1	MKI67	0.004764833953231573
NOTCH1	GSN	0.004764473531395197
GATA2	CLCA3A1	0.004763185046613216
GATA2	OTUB2	0.004762742668390274
SATB1	TALDO1	0.0047623151913285255
RAG2	DUSP6	0.004761173389852047
NOTCH1	GM1966	0.004760180599987507
CBFB	GOLM1	0.004759666044265032
RAG2	CLEC2I	0.004758914466947317
SATB1	PRSS57	0.004758615046739578
RAG2	PKIB	0.004758256021887064
SPI1	DHRS3	0.00475811492651701
IKZF1	SAMSN1	0.00475621223449707
ELF1	SLC44A2	0.004754175897687674
SATB1	RCSD1	0.004754159599542618
RAG2	H2-Q6	0.004753942601382732
GFI1B	IFITM1	0.004753716755658388
NOTCH1	5430427O19RIK	0.0047536748461425304
RAG2	ARHGAP29	0.004753165412694216
IKZF1	PTPRE	0.0047531467862427235
GFI1B	STXBP1	0.004753103945404291
SPI1	IFITM3	0.004751668311655521
IKZF1	CYFIP2	0.004750106483697891
RAG2	SLC29A1	0.004749585874378681
SATB1	TMEM206	0.0047492943704128265
MEIS1	TRPC6	0.004748449195176363
FOXO1	GDA	0.004748074803501368
GATA2	MAMDC2	0.0047477418556809425
MEIS1	LAPTM5	0.004747598432004452
CBX7	CDK17	0.0047469427809119225
IRF8	IL1R1	0.004744596313685179
GFI1B	NFE2	0.004742523655295372
MEIS1	MAGED1	0.004742340184748173
FOXO1	SLC6A15	0.004742257297039032
MEIS1	SELENOP	0.004741467535495758
IKZF1	RASAL3	0.004741312470287085
MYC	H2-DMA	0.004740813281387091
IRF8	TBXA2R	0.00473981024697423
CBFB	CYFIP2	0.004738820716738701
ELF1	AKNA	0.004738607443869114
MEIS1	H1F0	0.004738000221550465
GFI1B	CISH	0.004737925715744495
MEIS1	ATPIF1	0.004737650975584984
ESR1	ST8SIA4	0.004737539682537317
RAG2	SELPLG	0.004735935479402542
SATB1	DYNLL1	0.004735832568258047
MEF2C	CD33	0.004735810682177544
MEIS1	GBP2	0.004735802300274372
ELF1	COX6A1	0.004735495429486036
ELF1	H2-DMA	0.0047350479289889336
ESR1	BCL2	0.0047347890213131905
CBX7	PTGS1	0.004734266083687544
CBX7	TTC39B	0.004734010901302099
MYC	FUT7	0.004733717534691095
FOXO1	HACD4	0.004733455833047628
NOTCH1	BTG2	0.004732856992632151
MYC	MOGS	0.004731622990220785
NOTCH1	CTSS	0.004730732645839453
ESR1	ELOVL5	0.00472993915900588
RAG2	RASAL3	0.004729669541120529
IKZF1	IFI27L2A	0.004729290492832661
RAG2	XIST	0.004728791769593954
RAG2	CAMSAP2	0.0047277649864554405
IKZF1	LRRC8C	0.0047276802361011505
SPI1	CYFIP2	0.0047266217879951
FOXO1	SSH2	0.004726318176835775
IRF8	IPCEF1	0.00472615472972393
MEIS1	PARVG	0.004725982900708914
FOXO1	GDF3	0.004725861828774214
MYC	CORO1A	0.004724525846540928
IKZF1	GRAMD1A	0.004723455756902695
NOTCH1	AP1S2	0.004723229445517063
ELF1	CD48	0.004721942823380232
GATA2	CREG1	0.004721921402961016
CBX7	GIMAP3	0.004721852485090494
IRF8	MGAT1	0.004721635952591896
ESR1	CD27	0.004721581004559994
IKZF1	PRIM1	0.004721414297819138
RAG2	GPR18	0.004720449913293123
RAG2	GM5111	0.00471987621858716
RAG2	SLCO3A1	0.004719503689557314
GATA2	MPDZ	0.0047194636426866055
GATA2	ADAMTSL5	0.00471859285607934
MEIS1	PRDM16	0.004718527663499117
GATA2	IL18BP	0.0047167204320430756
GFI1B	CPNE8	0.004716080613434315
IKZF1	GNG2	0.004716042894870043
FOXO1	GAS2L3	0.004715766292065382
RAG2	FDFT1	0.004715693183243275
IRF8	CDT1	0.004715303890407085
CBX7	NFIA	0.0047148121520876884
SPI1	DEF8	0.00471455929800868
RAG2	GPR171	0.004714244976639748
RAG2	DUSP1	0.004713666625320911
GFI1B	RPS27L	0.0047134654596447945
SPI1	OAS2	0.004712301306426525
IKZF1	PRPS2	0.0047121811658144
RAG2	MOGS	0.004711807705461979
GATA2	PKN3	0.004711289890110493
MEIS1	CDKN1C	0.0047112153843045235
RAG2	CDT1	0.004710468463599682
SPI1	PDGFRB	0.0047095054760575294
SPI1	ARL11	0.004709158558398485
NOTCH1	RGS19	0.004708761814981699
SPI1	LCP1	0.004707000218331814
NOTCH1	TSPAN13	0.004705006722360849
ESR1	TPM4	0.004704938270151615
ELF1	ADGRL4	0.004704850725829601
GFI1B	GSTM1	0.004704605787992477
RAG2	IL1R1	0.004703375045210123
ELF1	ARHGAP15	0.004703193437308073
CBFB	POLA2	0.0047029294073581696
MYC	GPR65	0.0047028870321810246
CBX7	PDGFC	0.004702288191765547
ESR1	RNF38	0.0047018579207360744
NOTCH1	ZYX	0.004701058380305767
GATA2	BGN	0.004699314013123512
IRF8	ARHGEF39	0.0046985880471765995
ELF1	STK17B	0.004698572680354118
CBX7	CAPG	0.0046964650973677635
IKZF1	HOXA9	0.004695831798017025
CBX7	CLCA3A1	0.004695715848356485
CBFB	CST7	0.0046945917420089245
ESR1	CARD6	0.004694544710218906
NOTCH1	PPCDC	0.0046942150220274925
MEF2C	SLBP	0.004694044124335051
IKZF1	RUNX2	0.004693901166319847
GATA2	SLC2A3	0.004693593364208937
GFI1B	ARHGEF18	0.004693564493209124
GFI1B	CTSF	0.004693285562098026
GATA2	CPQ	0.004691758193075657
RAG2	IGHD	0.004690991714596748
MEIS1	PRKCH	0.004690759349614382
MYC	SLC39A6	0.004689330235123634
NOTCH1	SSH2	0.004687515087425709
ELF1	CSF3R	0.00468728831037879
GATA2	PDE1C	0.004687049426138401
NOTCH1	EMP1	0.004685963038355112
RAG2	RPL41	0.0046859197318553925
FOXO1	FGFR3	0.004684282001107931
MEIS1	MAMDC2	0.004683204460889101
IKZF1	HAAO	0.004683011211454868
MEIS1	SERPINF1	0.004682645201683044
RAG2	FUCA2	0.004680570214986801
IRF8	HAAO	0.004680245649069548
IKZF1	ARHGAP15	0.0046798838302493095
FOXO1	CIPC	0.0046797883696854115
GFI1B	SCARF1	0.004679406527429819
GFI1B	PEAR1	0.004679347854107618
FOXO1	KCNK5	0.004678598139435053
IRF8	WFDC17	0.00467801233753562
NOTCH1	PPM1G	0.0046774656511843204
FOXO1	UBA7	0.004676519893109798
GATA2	TEAD2	0.004674447700381279
SPI1	DUSP6	0.004674237687140703
GATA2	CAVIN2	0.00467398576438427
MEF2C	SSH2	0.004673623479902744
SPI1	CKS1B	0.00467178737744689
IKZF1	NRROS	0.004669192247092724
MYC	TALDO1	0.004668958485126495
SPI1	PDCD4	0.004667986184358597
MEIS1	ICA1	0.00466749956831336
NOTCH1	RNF38	0.004667161498218775
ELF1	TALDO1	0.004666144028306007
ESR1	CTSG	0.0046654813922941685
FOXO1	SHROOM4	0.004665294662117958
IRF8	ITGB2	0.0046651531010866165
CBFB	ZFP367	0.004665003623813391
ELF1	GM26917	0.004664946813136339
GATA2	EFNA1	0.004664610605686903
IRF8	ITGAL	0.004664610605686903
FOXO1	CDKN1C	0.004664325155317783
CBX7	GNG11	0.004662557039409876
GATA2	OSGIN1	0.004662461578845978
GATA2	TCAF1	0.004661429673433304
MEF2C	H2-DMA	0.004659758880734444
NOTCH1	SLC29A1	0.004659597296267748
CBX7	PEAR1	0.0046586086973547935
SATB1	LRRC8C	0.004658589605242014
FOXO1	EBI3	0.004658453166484833
IRF8	ST8SIA4	0.0046583483926951885
CBX7	TBC1D5	0.004658280871808529
NOTCH1	SLC43A2	0.004658058751374483
MEIS1	UBE2L6	0.004657460376620293
FOXO1	GGTA1	0.004657429177314043
MEIS1	CDK18	0.004654938355088234
RAG2	CD27	0.004654616583138704
RAG2	2810468N07RIK	0.004654488526284695
IRF8	NOTCH1	0.004653531592339277
GFI1B	RORA	0.00465302262455225
CBX7	TNS2	0.004652843810617924
FOXO1	LCK	0.004652144853025675
CBX7	GPR171	0.00465075159445405
MEIS1	ZYX	0.00465003214776516
CBFB	PPIC	0.00464954087510705
CBX7	PARP8	0.0046492815017700195
RAG2	HMGB2	0.0046487003564834595
CBX7	VAV3	0.004648578353226185
MEIS1	CTSL	0.004648344125598669
IRF8	CFP	0.004647423513233662
ESR1	GSN	0.004647156223654747
FOXO1	STK10	0.004646722227334976
FOXO1	METTL7A1	0.004646059591323137
ELF1	XPC	0.004645944107323885
IKZF1	CDK6	0.004644968081265688
ESR1	RASAL3	0.004644710570573807
IKZF1	IGFBP4	0.004644038621336222
ELF1	PLEK	0.004643440246582031
ELF1	NCF1	0.004641176201403141
SPI1	LSP1	0.004640720319002867
FOXO1	GIMAP8	0.004640496801584959
ELF1	VAV3	0.004640484694391489
NOTCH1	COX6A2	0.004640200175344944
ESR1	RAMP1	0.004640017170459032
ELF1	MGAT1	0.004639956634491682
GFI1B	P2RY14	0.004639789462089539
ELF1	GPX1	0.004639541730284691
MEIS1	PLPPR3	0.004638872109353542
SPI1	YBX1	0.004637866746634245
MEIS1	F11R	0.0046378388069570065
GFI1B	WLS	0.004636982921510935
RAG2	DUSP5	0.004636205732822418
IRF8	EMB	0.004635820630937815
CBX7	NDN	0.004635127726942301
SATB1	PARP8	0.004634327255189419
IKZF1	E430014B02RIK	0.004633311647921801
RAG2	ANKRD33B	0.0046330601908266544
MEIS1	AMPD2	0.004632989410310984
FOXO1	ABCG2	0.004632903728634119
GFI1B	XRCC6	0.004632637836039066
GFI1B	GM973	0.004631741903722286
ELF1	HMGB2	0.004630980547517538
MYC	NRROS	0.004630203824490309
IKZF1	CNN3	0.004630181472748518
SATB1	GM26917	0.004629889968782663
SATB1	PPM1G	0.004629814065992832
GFI1B	CLEC14A	0.004629718605428934
RAG2	FLT3	0.0046289837919175625
SATB1	GPX1	0.004628099966794252
CBX7	XPC	0.004627677612006664
MYC	BCL2	0.004627542104572058
ELF1	IL1R1	0.004626643378287554
NOTCH1	RNF13	0.004626163747161627
MEF2C	CD53	0.004626147914677858
NOTCH1	ARHGEF39	0.004626069217920303
CBX7	KLF6	0.0046259635128080845
CBFB	MYC	0.00462423637509346
SPI1	LYN	0.004622927401214838
RAG2	ARHGDIB	0.004622607491910458
GFI1B	HID1	0.004622491542249918
ESR1	C130089K02RIK	0.0046214088797569275
CBX7	ABCG2	0.004621392115950584
ESR1	DOCK10	0.004620542284101248
ELF1	NRROS	0.004618932958692312
RAG2	GM45837	0.004618860315531492
MEF2C	SERPINB1A	0.004618409555405378
GATA2	CPXM1	0.004617579281330109
SPI1	DYNLL1	0.004616594407707453
CBFB	TRIM59	0.004616540390998125
GFI1B	CTNNAL1	0.00461621442809701
RAG2	IGKC	0.004616154823452234
SPI1	SLC44A2	0.0046150218695402145
ESR1	TESPA1	0.004614194389432669
MEIS1	COQ8A	0.004614012781530619
MEIS1	ARHGAP29	0.004611860495060682
NOTCH1	2610307P16RIK	0.004611756186932325
NOTCH1	DOK2	0.004611027427017689
GATA2	2810468N07RIK	0.004610346630215645
GFI1B	XIST	0.004609000403434038
SATB1	MYO5A	0.004608435556292534
CBFB	ADGRG3	0.0046076420694589615
MYC	COX7B	0.004607055801898241
GFI1B	MYCN	0.004606602247804403
RAG2	LGALS1	0.004606425296515226
SATB1	ARHGDIB	0.004605514463037252
CBFB	STK17B	0.004605303984135389
MYC	FLT3	0.004604533314704895
GFI1B	C030034L19RIK	0.004604361020028591
CBX7	ROBO4	0.004603726323693991
FOXO1	DUSP1	0.0046035596169531345
CBX7	PLXNC1	0.004601825028657913
IRF8	5430427O19RIK	0.004601731430739164
MEIS1	PLXDC2	0.004601466003805399
IKZF1	AP1S2	0.004600909072905779
MEIS1	FAM171A1	0.004600903019309044
GATA2	LDHD	0.004600854124873877
RAG2	CDK17	0.004600789397954941
ELF1	IL18RAP	0.004598920699208975
IRF8	SSH2	0.004598468076437712
MEIS1	TINAGL1	0.004597784020006657
NOTCH1	ELF1	0.00459762429818511
MEIS1	RUNX2	0.004597591236233711
CBX7	NCEH1	0.004597515799105167
RAG2	DEPP1	0.00459697749465704
RAG2	KLHL4	0.004596933722496033
CBFB	ARHGEF39	0.004596039652824402
SATB1	RNF38	0.004595693666487932
SPI1	DUSP5	0.004595485050231218
ELF1	CCNG2	0.004595173988491297
IKZF1	P2RY14	0.0045945304445922375
NOTCH1	PARVG	0.004594525787979364
RAG2	ELOVL5	0.004593118093907833
CBX7	CX3CL1	0.004592753481119871
GFI1B	ME2	0.004592658020555973
CBX7	CD93	0.0045926533639431
NOTCH1	LSP1	0.004592099227011204
FOXO1	SERPINB6A	0.004591778386384249
IKZF1	SSH2	0.004591427277773619
IRF8	CD33	0.004591002129018307
FOXO1	SPNS2	0.0045909881591796875
SATB1	GM15564	0.00459064869210124
SPI1	4833407H14RIK	0.004590556491166353
GFI1B	CDK6	0.004589116666465998
FOXO1	RHOF	0.004588880576193333
MEIS1	IL17RA	0.004588346928358078
NOTCH1	DTL	0.004587083589285612
GFI1B	GIMAP1OS	0.004587025847285986
MEF2C	TBXA2R	0.004586990922689438
FOXO1	ENG	0.0045866756699979305
GATA2	FGFR3	0.004586377181112766
RAG2	SERPINB6A	0.004586334340274334
MEF2C	PLPPR3	0.004585942719131708
SATB1	LARS2	0.00458495132625103
GATA2	ZYX	0.004584496840834618
NOTCH1	UNC93B1	0.004583423957228661
CBX7	TRIM47	0.00458306260406971
NOTCH1	C030034L19RIK	0.004583051893860102
NOTCH1	KBTBD11	0.004582932218909264
RAG2	CTNND2	0.004581335932016373
MYC	TMEM206	0.004580552224069834
RAG2	FUT7	0.004580355249345303
IKZF1	TBXA2R	0.004578197840601206
IKZF1	WFDC18	0.004576794803142548
NOTCH1	RASAL3	0.004576349165290594
GFI1B	BCL2	0.0045755477622151375
IKZF1	CSF1R	0.004575313068926334
FOXO1	PLCL1	0.00457531213760376
SATB1	AKNA	0.004575085360556841
GFI1B	RPL41	0.004574324004352093
GFI1B	CCNG2	0.004574218299239874
NOTCH1	ZFP62	0.004572791513055563
IKZF1	BTG2	0.004572577774524689
IRF8	SPC24	0.00457251351326704
GATA2	WFDC2	0.004572383128106594
ESR1	LARS2	0.0045722732320427895
RAG2	FGD5	0.004571162164211273
IRF8	PLD4	0.004570928402245045
MYC	PANX1	0.004570135846734047
GFI1B	CAPG	0.004569449461996555
CBX7	RUNX1T1	0.004569279495626688
CBX7	C1RL	0.004566811956465244
SATB1	IL18RAP	0.004566160961985588
RAG2	C1RL	0.004565833602100611
SPI1	XRCC6	0.004565155133605003
CBX7	NCKAP1	0.004564977716654539
SPI1	ADSSL1	0.00456424942240119
NOTCH1	GGTA1	0.004564111586660147
CBX7	NWD1	0.004564083646982908
GFI1B	SLC39A13	0.004563992843031883
ESR1	CST7	0.004562960937619209
MEF2C	ADGRG3	0.004562683403491974
NOTCH1	PECAM1	0.004561209119856358
IKZF1	TMEM123	0.004561119247227907
CBX7	COL4A2	0.004560867324471474
FOXO1	NCEH1	0.004559636116027832
IKZF1	MPO	0.004559493623673916
SPI1	GM8203	0.004559040535241365
GFI1B	PTGS1	0.004558839835226536
NOTCH1	RUNX2	0.004558817949146032
CBX7	CD63	0.004558378830552101
CBX7	PLEKHB1	0.0045579527504742146
NOTCH1	TLR7	0.004557223524898291
MEIS1	SAMSN1	0.0045568086206912994
RAG2	COL4A1	0.004556593950837851
ELF1	NHP2	0.004555907566100359
IKZF1	ARPP21	0.004555790219455957
GATA2	CLIP3	0.004555680323392153
MEF2C	IFI27L2A	0.004555406980216503
GFI1B	PTPRE	0.00455537298694253
FOXO1	RUNX1T1	0.004554493818432093
GFI1B	IRAK3	0.004554376471787691
GFI1B	TMEM176B	0.004553615115582943
MYC	SDSL	0.004552988335490227
CBX7	ITSN1	0.004552397411316633
IKZF1	GM15564	0.0045519620180130005
ESR1	XRCC6	0.004551539197564125
CBFB	TES	0.004551229998469353
RAG2	RAMP1	0.004551124759018421
ESR1	ADGRG3	0.004550950136035681
MEIS1	NEURL3	0.0045507848262786865
CBX7	MCM5	0.004550041165202856
SPI1	HSPE1	0.004549918230623007
MEIS1	FGD5	0.004548992961645126
RAG2	ITGAL	0.004548907279968262
SPI1	TMEM14C	0.004547485616058111
ESR1	TMEM173	0.004547185264527798
NOTCH1	ESR1	0.004546008538454771
ESR1	TLR7	0.004545333795249462
GFI1B	IRF6	0.004544698167592287
CBX7	SLFN2	0.004544694907963276
IKZF1	LY9	0.004543602000921965
SPI1	PANX1	0.004543398506939411
FOXO1	SLAMF1	0.004543242044746876
IRF8	TMEM206	0.004543090704828501
CBX7	CAR2	0.004542557056993246
GATA2	ICA1	0.004542003385722637
GATA2	NEO1	0.004541739821434021
FOXO1	SERPINA3G	0.004540556110441685
SATB1	SLC16A11	0.004540266003459692
ELF1	RPS27L	0.00454011419788003
IRF8	E430014B02RIK	0.004539974499493837
FOXO1	TIE1	0.004539910703897476
RAG2	RNF38	0.0045394618064165115
MEIS1	VLDLR	0.004539332818239927
IKZF1	LARS2	0.0045393118634819984
SATB1	MCM7	0.004538996610790491
ESR1	PECAM1	0.004538833629339933
IKZF1	5430427O19RIK	0.00453841732814908
RAG2	IGHV1-82	0.004537901841104031
ELF1	MAML3	0.004537554457783699
CBX7	CISH	0.004537385422736406
CBX7	ENG	0.004536440130323172
FOXO1	SULT1A1	0.004535526968538761
NOTCH1	RGS2	0.004535424988716841
CBX7	CD81	0.0045353323221206665
IRF8	CD44	0.004534828010946512
CBX7	MN1	0.00453453091904521
ELF1	FUCA2	0.004533874802291393
SPI1	H2-OB	0.00453232740983367
MEF2C	CSF3R	0.004532162100076675
GATA2	PLK2	0.004531373269855976
SATB1	RNF13	0.004530101083219051
CBX7	SERPINA3G	0.004528988152742386
ELF1	LCP1	0.0045264712534844875
IKZF1	ARHGEF18	0.004525389987975359
ESR1	GPR171	0.004525138530880213
RAG2	ARHGEF18	0.004524310119450092
RAG2	SOCS2	0.004523388110101223
RAG2	ITGB2	0.004523082636296749
GATA2	PDGFD	0.004521575290709734
NOTCH1	ATP1A3	0.004521139431744814
IRF8	LYN	0.004520013928413391
ELF1	TRPV2	0.004519764333963394
ELF1	ELOVL5	0.004519459325820208
SATB1	NUDT19	0.004518916364759207
MYC	CTR9	0.004518690053373575
MEF2C	EMB	0.004518150817602873
GATA2	TMEM123	0.004517645109444857
CBX7	GIMAP8	0.00451726745814085
NOTCH1	LYN	0.004517043475061655
SATB1	GM10384	0.004516070708632469
RAG2	LRRC8C	0.004515982232987881
MEIS1	PAQR5	0.00451529398560524
SATB1	STK17B	0.004513178952038288
FOXO1	PLK2	0.004512862302362919
NOTCH1	STK17B	0.004512328188866377
FOXO1	SMPDL3A	0.004512316081672907
CBX7	PECAM1	0.004511355422437191
CBX7	GAS2L3	0.004511245060712099
MEIS1	GDF3	0.004511043429374695
RAG2	FSTL1	0.004510775208473206
SPI1	CD44	0.004509463906288147
IRF8	SLA	0.004509353078901768
MEIS1	DACH1	0.004509206395596266
SATB1	TLR7	0.004507678095251322
RAG2	TIPIN	0.004507134668529034
SATB1	GM4759	0.0045062885619699955
RAG2	PDCD4	0.004505698569118977
RAG2	ZBTB20	0.004504837095737457
NOTCH1	LCK	0.004504746291786432
SPI1	CORO7	0.004504218231886625
RAG2	REL	0.004502470139414072
SPI1	MAGED1	0.004502156283706427
MEIS1	MAGED2	0.004502017982304096
SPI1	PARVG	0.0045012785121798515
NOTCH1	GM26917	0.004500440787523985
RAG2	CD244A	0.004500033799558878
MEIS1	9030619P08RIK	0.004499936942011118
GFI1B	JAM2	0.00449966499581933
MEIS1	SLC39A13	0.004498917143791914
IRF8	TESPA1	0.004498886875808239
RAG2	PSTPIP1	0.00449873274192214
IKZF1	CDT1	0.00449866708368063
IKZF1	GM26917	0.004498079419136047
GATA2	AMIGO2	0.004497951827943325
MEIS1	STXBP1	0.004497136455029249
CBFB	XIST	0.004496673122048378
GATA2	CDK18	0.004496188368648291
IKZF1	PARVG	0.004496133886277676
MYC	ZFP422	0.004495861474424601
FOXO1	RNF125	0.0044951974414289
ESR1	CRIP1	0.004494550637900829
MEIS1	HOXA9	0.004494118504226208
ELF1	TSPAN2	0.004493917338550091
CBX7	NEAT1	0.004493861459195614
GATA2	CTSH	0.004493702203035355
FOXO1	ELL2	0.004493684973567724
RAG2	NLRC3	0.004493465181440115
RAG2	GM30948	0.004493460990488529
MEIS1	APP	0.004493137821555138
IKZF1	FUT7	0.004491490311920643
CBFB	NRROS	0.0044913818128407
IRF8	ZFP367	0.004490226972848177
RAG2	ELL2	0.004489487037062645
GFI1B	LRRC8C	0.004489287734031677
MEIS1	RP2	0.004488591570407152
MEIS1	FSTL1	0.0044879126362502575
IKZF1	GGT5	0.004487702157348394
MYC	GM8203	0.004486697260290384
MEIS1	TUBB4B	0.004486457444727421
SPI1	GSN	0.0044844080694019794
CBX7	VWF	0.004483930300921202
GFI1B	MEIS1	0.004483853932470083
IKZF1	PLEK	0.004482860676944256
GATA2	VEGFC	0.004481886979192495
MEF2C	TAPT1	0.004481396172195673
SPI1	IL1R1	0.004481091164052486
MEF2C	LCK	0.004480668809264898
SPI1	N4BP3	0.004479904659092426
CBFB	MIR6240	0.0044785551726818085
FOXO1	PPP1R15A	0.0044778622686862946
CBX7	UBE2L6	0.004477846901863813
ELF1	HNF4A	0.004477581474930048
CBFB	PLAC8	0.004476041998714209
SATB1	F630028O10RIK	0.004475174006074667
GFI1B	D630039A03RIK	0.004474867135286331
FOXO1	GSTM1	0.004469972103834152
ELF1	IGFBP4	0.0044693006202578545
GFI1B	HNRNPAB	0.004468596540391445
MEF2C	DDX4	0.0044685848988592625
IKZF1	TMEM14C	0.004467547871172428
MEF2C	DHRS3	0.004466983024030924
ELF1	SPI1	0.004466895945370197
RAG2	D630039A03RIK	0.004466588143259287
SPI1	SLC25A5	0.004466541111469269
RAG2	MCM4	0.004465661011636257
IRF8	IL7R	0.004465591628104448
MEIS1	KCNK5	0.004464646335691214
RAG2	WFDC18	0.00446420768275857
FOXO1	ARRDC4	0.0044631510972976685
RAG2	SLC2A3	0.004460969939827919
IKZF1	RHOH	0.004460650030523539
ELF1	PECAM1	0.0044591776095330715
MYC	AMPD2	0.0044589112512767315
IKZF1	COX7B	0.0044585647992789745
ESR1	MILR1	0.004457908682525158
IRF8	PRSS57	0.0044576008804142475
NOTCH1	OAS2	0.004457170143723488
CBX7	CIPC	0.004456944763660431
FOXO1	PEAR1	0.004455354064702988
IKZF1	REL	0.00445508910343051
GATA2	TRAF1	0.004455047193914652
MEIS1	STARD4	0.004454972688108683
ELF1	LACTB	0.004454944748431444
RAG2	APLP2	0.004454494919627905
MEIS1	CSF1R	0.004453736823052168
IKZF1	SERP1	0.004452559631317854
ELF1	HDAC7	0.004452229011803865
GATA2	NCKAP1	0.00445205345749855
RAG2	RGS2	0.004451635759323835
FOXO1	ADGRG1	0.0044516283087432384
RAG2	ABCG3	0.004451290238648653
GATA2	RHOJ	0.0044511305168271065
IKZF1	C130089K02RIK	0.004450747277587652
ESR1	HAAO	0.0044501242227852345
RAG2	CHRNB1	0.004450088832527399
ELF1	PTP4A3	0.004449645522981882
SPI1	DOK2	0.004449606407433748
RAG2	PPM1G	0.004448684863746166
RAG2	ZMIZ1	0.004447796382009983
NOTCH1	CD34	0.004446842707693577
ELF1	ZMIZ1	0.004446347709745169
CBX7	EEPD1	0.004446257371455431
CBX7	MAGED2	0.0044450159184634686
IKZF1	SPI1	0.004444940015673637
ELF1	UNC93B1	0.004444869700819254
GFI1B	CD38	0.004444541875272989
ESR1	GAA	0.004444021265953779
RAG2	MCTP2	0.004443000070750713
NOTCH1	CAMSAP2	0.0044428762048482895
MEF2C	RNF213	0.004441986326128244
IKZF1	PPCDC	0.004441431257873774
NOTCH1	TESPA1	0.004441357217729092
RAG2	SLA	0.004441036377102137
RAG2	NEAT1	0.0044393218122422695
SPI1	LPCAT2	0.0044389632530510426
RAG2	GIMAP1OS	0.004438634030520916
IKZF1	JPT1	0.0044385893270373344
FOXO1	PPCDC	0.0044385106302797794
GATA2	CCDC112	0.004437993746250868
FOXO1	COL4A1	0.004437967669218779
NOTCH1	BCL2	0.004437342751771212
GFI1B	PPIC	0.004437156021595001
MEF2C	SPI1	0.0044370549730956554
IKZF1	TBC1D5	0.004436966963112354
CBX7	CPQ	0.0044362847693264484
SPI1	ADAM17	0.004436000715941191
ELF1	RHOH	0.004434407688677311
FOXO1	WLS	0.004433604888617992
RAG2	SERP1	0.004433407913893461
FOXO1	CDK17	0.004432870075106621
FOXO1	MYLK	0.00443264190107584
CBFB	ELOVL5	0.004432396497577429
GFI1B	MAMDC2	0.0044321417808532715
IKZF1	CTR9	0.004431896843016148
RAG2	FCGRT	0.004431634210050106
RAG2	HNF4A	0.004431120119988918
RAG2	PTPRE	0.004430896136909723
MEIS1	ZMIZ1	0.004430016502737999
SPI1	GM5111	0.004429989494383335
RAG2	GIMAP1	0.004429388791322708
FOXO1	IRF8	0.004428765270859003
IRF8	COQ8A	0.004428713116794825
ELF1	CDK19	0.004427916370332241
ESR1	GOLM1	0.0044277263805270195
NOTCH1	SYK	0.004427167121320963
SPI1	IKZF1	0.004427097737789154
MEIS1	PPCDC	0.004426940809935331
GFI1B	PLSCR4	0.004426924511790276
ESR1	FUT8	0.004426054190844297
MEIS1	DUSP6	0.0044253794476389885
NOTCH1	SYTL1	0.004423672333359718
NOTCH1	ATP8B4	0.004423253238201141
RAG2	CAV2	0.0044229766353964806
ELF1	GOLM1	0.0044204555451869965
SATB1	UNC93B1	0.004419639706611633
SATB1	LY9	0.004417152144014835
RAG2	GM10384	0.004417130723595619
SPI1	GM26917	0.004416549112647772
FOXO1	TSPAN3	0.00441653560847044
MEF2C	CD93	0.004415146075189114
MYC	2610307P16RIK	0.004412622191011906
MEIS1	ITGAM	0.0044115767814219
CBX7	GHR	0.0044114068150520325
IKZF1	DDX4	0.004411282017827034
IRF8	C130089K02RIK	0.00441092811524868
NOTCH1	LY9	0.004410783294588327
SATB1	AP1S2	0.00441073440015316
SPI1	PRR5	0.0044099753722548485
MEF2C	PLEK	0.0044094352051615715
RAG2	PGRMC1	0.004408809822052717
FOXO1	VDR	0.004408686887472868
ELF1	RUNX2	0.004408681765198708
NOTCH1	TRIM59	0.004407511092722416
NOTCH1	CCNG2	0.004406954627484083
NOTCH1	FLNA	0.004406360909342766
MEIS1	ZFP422	0.004406300373375416
MEF2C	CD27	0.004405871499329805
MEF2C	SLCO3A1	0.0044038984924554825
MEF2C	CD69	0.004403240047395229
ELF1	TAPT1	0.004402844235301018
GATA2	CLU	0.004402524325996637
CBX7	HID1	0.0044019087217748165
MEIS1	GFI1B	0.004401095677167177
CBFB	COX6A1	0.004401082172989845
MYC	CKS1B	0.004401077516376972
RAG2	PYGL	0.004400810692459345
GFI1B	ADAMTSL5	0.004400377161800861
RAG2	COQ8A	0.004400167614221573
RAG2	TMEM173	0.00439957482740283
GFI1B	SCRN1	0.004398990422487259
NOTCH1	MKI67	0.004398228134959936
ESR1	CTSS	0.004398120567202568
NOTCH1	IL18RAP	0.004398045130074024
RAG2	GDF3	0.004397915210574865
IKZF1	SLC43A2	0.0043970574624836445
RAG2	FKBP9	0.004396962933242321
SATB1	HNRNPAB	0.004396903328597546
CBX7	TBXA2R	0.004396474454551935
CBFB	IKZF1	0.004395680036395788
RAG2	RUNX2	0.004395575728267431
SATB1	TIFAB	0.004395548719912767
ELF1	PTPRE	0.004395387135446072
CBFB	ZFP422	0.0043947286903858185
CBFB	XRCC6	0.004392014816403389
FOXO1	CX3CL1	0.004390173591673374
RAG2	PAQR5	0.004388781730085611
GATA2	GPC1	0.004388765897601843
SPI1	RHOF	0.0043884520418941975
MYC	NUDT19	0.004387200810015202
MEIS1	TEK	0.004387001972645521
ESR1	CDT1	0.004385392647236586
CBX7	LDHD	0.004384829197078943
ESR1	RNF213	0.004384459927678108
SPI1	LAX1	0.00438319705426693
IRF8	AKNA	0.004382854327559471
MEIS1	OTUB2	0.004382204730063677
RAG2	IFI213	0.0043812342919409275
IRF8	SELPLG	0.004380848724395037
CBX7	RNF125	0.004380824044346809
GATA2	RORA	0.004380547441542149
GFI1B	EYA2	0.0043802205473184586
SATB1	XRCC6	0.004379493184387684
MEF2C	TES	0.004379369784146547
MEIS1	TNS2	0.004377614241093397
FOXO1	RBPMS	0.004377574194222689
FOXO1	APLP2	0.004376582335680723
IRF8	ZFP422	0.004375810734927654
GFI1B	DACH1	0.004375698510557413
ESR1	4833407H14RIK	0.004375419579446316
IRF8	PECAM1	0.004374869633466005
RAG2	OTUB2	0.004374517593532801
GFI1B	FGFR3	0.004372949246317148
SPI1	NPM1	0.004372941330075264
ESR1	LRRC8C	0.004372844938188791
ESR1	LTB	0.004372765310108662
RAG2	PLD4	0.0043721324764192104
NOTCH1	OTULINL	0.00437038904055953
MYC	EMB	0.004369574133306742
MYC	SLC16A11	0.004369544330984354
FOXO1	CD74	0.004368767142295837
SPI1	RNF13	0.004368275869637728
MEF2C	BC035044	0.004367514979094267
GATA2	SFRP1	0.004367384128272533
CBX7	AFDN	0.004367006476968527
RAG2	GDA	0.004366978071630001
SPI1	NEURL3	0.0043666427955031395
SATB1	PTP4A3	0.0043661571107804775
GATA2	JAM2	0.004365391097962856
FOXO1	CDK18	0.004365087021142244
IKZF1	PRSS57	0.004364882595837116
ELF1	PAQR5	0.004364161752164364
CBX7	ICA1	0.004363311920315027
RAG2	VAV3	0.004361615050584078
RAG2	PRPS2	0.004360263701528311
IRF8	MKI67	0.004359550774097443
CBX7	ST8SIA4	0.004359525162726641
FOXO1	TMEM268	0.004359277430921793
GFI1B	FHL1	0.004358844365924597
ELF1	GM8203	0.004358019679784775
FOXO1	CLEC14A	0.0043580117635428905
ELF1	ADAM17	0.004357536789029837
MYC	HNF4A	0.0043570310808718204
ESR1	CMAH	0.004356666002422571
SPI1	CRIP1	0.0043566301465034485
MYC	CD63	0.004355830606073141
MYC	PRSS57	0.004355806857347488
CBFB	CD27	0.004355160053819418
SATB1	GOLM1	0.004354524426162243
RAG2	NSMF	0.004354421049356461
GFI1B	CADPS2	0.004354387987405062
RAG2	9030619P08RIK	0.004354302771389484
RAG2	RASSF2	0.004353904630988836
MEIS1	MPZL1	0.004353570751845837
GFI1B	RUSC2	0.0043535418808460236
CBX7	PBLD2	0.004353504162281752
FOXO1	MYCN	0.004353035241365433
RAG2	CDKN1C	0.00435181800276041
MEIS1	SLC22A3	0.004350829869508743
ESR1	EMB	0.004349722061306238
RAG2	GPX3	0.004349272698163986
ESR1	SLA	0.004349086433649063
SPI1	F630028O10RIK	0.0043486845679581165
ELF1	RASA4	0.004348356276750565
MEIS1	P2RX1	0.004348082467913628
ELF1	CD93	0.00434747664257884
MEIS1	RAB27B	0.004346765112131834
FOXO1	RAG2	0.004346609115600586
ESR1	RAG2	0.004346397705376148
NOTCH1	SPNS3	0.0043458715081214905
IRF8	FUCA2	0.004345840774476528
ELF1	FLNA	0.004345324356108904
MEF2C	TLR7	0.004345151595771313
GATA2	SELL	0.004344746004790068
FOXO1	LGMN	0.0043446775525808334
RAG2	HSPE1	0.004344223067164421
FOXO1	PKIB	0.004344037733972073
CBX7	GOLM1	0.004343871027231216
MEF2C	GRAMD1A	0.004342598840594292
CBX7	GBP2	0.004342392552644014
FOXO1	SIGLECG	0.004342027939856052
CBX7	GMNN	0.0043416391126811504
GFI1B	SAT1	0.004340547602623701
RAG2	FGD2	0.004339423030614853
SPI1	FGD2	0.004339025355875492
MEIS1	NT5C3	0.004338838160037994
MEIS1	CSF3R	0.004338238388299942
SPI1	CSF1R	0.00433753477409482
IRF8	ARL11	0.004337513353675604
ESR1	GBP4	0.004337008576840162
MEF2C	ITGB7	0.004336762707680464
FOXO1	TINAGL1	0.004336690530180931
SPI1	IL17RE	0.004336549434810877
SPI1	TMEM123	0.004335192497819662
GATA2	ANKRD33B	0.004335186444222927
GFI1B	VAMP5	0.004334338940680027
SPI1	TMEM206	0.004333855584263802
MEIS1	NWD1	0.004333659075200558
CBX7	LONP2	0.004333225078880787
MEF2C	XRCC6	0.004332233220338821
ELF1	NCAPD2	0.004331439733505249
SPI1	PRSS57	0.0043313815258443356
MYC	TBC1D5	0.004330798983573914
CBX7	CCL3	0.004330778960138559
MEF2C	PECAM1	0.004330469761043787
ELF1	MILR1	0.0043301088735461235
MEF2C	P2RY14	0.00432994868606329
SPI1	STK17B	0.004328829236328602
CBX7	OCLN	0.004328525625169277
NOTCH1	SH2D5	0.004328262526541948
RAG2	RHBDF1	0.0043276953510940075
SATB1	SLC43A2	0.004327399656176567
SATB1	USP11	0.004327245522290468
NOTCH1	SNAP23	0.004326790105551481
MEIS1	GPR65	0.004326759371906519
RAG2	PBX1	0.004325198940932751
IKZF1	ARHGDIB	0.0043244860135018826
CBX7	ELL2	0.004324129782617092
GFI1B	CPQ	0.004323516972362995
MEIS1	FADS1	0.004322852939367294
SATB1	RASAL3	0.004321850370615721
IRF8	AFF3	0.00432157376781106
ELF1	PDGFRB	0.004321372602134943
ELF1	ARHGEF39	0.004321141634136438
MYC	PARVG	0.004320533946156502
CBX7	COL4A1	0.004320510197430849
IRF8	PRR5	0.004320137668401003
FOXO1	CADPS2	0.004320051521062851
CBX7	SCARF1	0.004319431725889444
IRF8	NAPSA	0.004319086205214262
MEF2C	TSPAN13	0.004318899475038052
ELF1	MN1	0.004318390507251024
ELF1	SLBP	0.004318200051784515
MEIS1	CORO1A	0.004317926708608866
RAG2	ALDH1A1	0.004316878970712423
SATB1	VAV3	0.004316477105021477
FOXO1	CTSH	0.004316422156989574
IRF8	XRCC6	0.004316374659538269
CBX7	TUBB4B	0.004316365346312523
MEIS1	GPR171	0.004316135309636593
RAG2	OBSCN	0.0043158624321222305
NOTCH1	EPSTI1	0.0043152980506420135
MEIS1	PF4	0.004315231926739216
FOXO1	CD55	0.004315038211643696
MYC	PAQR5	0.004314118530601263
FOXO1	MPZL1	0.004314057528972626
SATB1	PDGFRB	0.004313732031732798
IRF8	RPL41	0.004313352517783642
IRF8	DPP4	0.0043131448328495026
SATB1	IPCEF1	0.004312909673899412
MYC	KCTD12	0.004312534816563129
SPI1	SERP1	0.0043119220063090324
GATA2	NUPR1	0.004309377167373896
IRF8	STK10	0.004308727569878101
IKZF1	TIFAB	0.004308690316975117
ELF1	TBXA2R	0.004308001138269901
ESR1	CCNG2	0.004307955503463745
MYC	TMEM173	0.004307694733142853
GFI1B	ABCG2	0.00430701021105051
CBFB	FUCA2	0.0043070013634860516
MYC	ARID5A	0.004306974355131388
IKZF1	PSTPIP1	0.004306967835873365
MEIS1	GM11346	0.004306520335376263
SPI1	C230085N15RIK	0.004306374583393335
RAG2	COX6A1	0.00430609006434679
FOXO1	OTULINL	0.004305932205170393
MYC	ADGRG1	0.004305381793528795
RAG2	SEMA3D	0.0043051959946751595
CBFB	UCP2	0.004304173402488232
FOXO1	H2-Q6	0.004304090980440378
IKZF1	TSPAN13	0.0043024541810154915
NOTCH1	TMEM123	0.004302334971725941
GFI1B	TRPC6	0.004302005283534527
NOTCH1	ARHGEF18	0.004301620181649923
FOXO1	ST8SIA4	0.004301309119910002
CBFB	PAQR5	0.004301216918975115
GFI1B	SELENOP	0.004300976637750864
SATB1	GGTA1	0.004300880711525679
SPI1	NAPSA	0.004300681874155998
SPI1	ATPIF1	0.0043002888560295105
RAG2	UCP2	0.004299870226532221
ELF1	ACAP1	0.004298749845474958
IKZF1	FUCA2	0.004298350308090448
MEIS1	SERPINB6A	0.004297115374356508
FOXO1	ANKRD33B	0.004296842496842146
CBX7	GGT5	0.004296762403100729
IRF8	PTP4A3	0.004295057617127895
GFI1B	NUDT19	0.004294295329600573
IKZF1	GGTA1	0.0042927744798362255
IKZF1	USP11	0.004291672259569168
GATA2	NWD1	0.004291008226573467
RAG2	INHBA	0.0042900280095636845
MEIS1	RHOF	0.004289918579161167
MEF2C	CLEC12A	0.004289746284484863
FOXO1	PDE1B	0.004288775846362114
IRF8	ADSSL1	0.0042885891161859035
NOTCH1	HOXA9	0.0042885285802185535
GFI1B	SDC2	0.004287831950932741
RAG2	TMEM268	0.004287419840693474
RAG2	CLEC14A	0.004287296440452337
SPI1	PYGL	0.004286105278879404
NOTCH1	BTLA	0.004285953473299742
SATB1	TRPV2	0.004285743460059166
CBX7	DENND2D	0.004285587463527918
MYC	ARHGDIB	0.004285411909222603
FOXO1	LGALS1	0.004282681737095118
GATA2	GIMAP3	0.004282405599951744
ESR1	SPC24	0.004282268695533276
SATB1	ACAP1	0.004281844478100538
GFI1B	NCAPD2	0.0042816465720534325
IRF8	SLC39A6	0.004281544126570225
FOXO1	ITM2A	0.0042804572731256485
SPI1	NHP2	0.004279850050806999
SPI1	E430014B02RIK	0.004279721528291702
RAG2	KCNK5	0.00427971500903368
IRF8	ARPP21	0.004279160872101784
SATB1	DUSP6	0.004279117565602064
FOXO1	RHOJ	0.004278115462511778
RAG2	TEK	0.004277392756193876
NOTCH1	9030619P08RIK	0.004277301486581564
SPI1	RP2	0.004276988096535206
GATA2	TMEM14C	0.0042769028805196285
CBFB	CIPC	0.004276500083506107
GFI1B	TEK	0.004276060964912176
NOTCH1	ARHGAP27	0.004275635350495577
SATB1	DOK2	0.004274621605873108
ESR1	GM5111	0.004273958504199982
MEIS1	GP9	0.004273674450814724
ELF1	ARPP21	0.004273563157767057
CBFB	CTR9	0.0042733908630907536
NOTCH1	NAV1	0.004272598773241043
NOTCH1	GM4759	0.004272527992725372
MYC	ADAM17	0.004271890036761761
CBX7	H1F0	0.004271454177796841
GFI1B	ZFP422	0.004271139856427908
MEIS1	F2R	0.004270689561963081
SATB1	IFI213	0.004269684664905071
IRF8	MCM7	0.004269508644938469
IRF8	H2AFY	0.0042694793082773685
SATB1	PTGER2	0.00426929397508502
MEF2C	MAN1A	0.004269187338650227
IKZF1	SH2D5	0.004268846474587917
MEF2C	SLC26A11	0.004267961718142033
IKZF1	DYNLL1	0.004267931915819645
MYC	CD244A	0.004267693031579256
SPI1	UNC93B1	0.004267535172402859
GFI1B	RASAL3	0.0042651742696762085
GFI1B	ARHGAP18	0.004264960065484047
GATA2	SHISA9	0.004264000337570906
CBX7	SLC2A3	0.004262764938175678
MEIS1	ANKRD33B	0.00426214374601841
IRF8	KLF3	0.004261430352926254
NOTCH1	HMGB2	0.004261338151991367
CBX7	TMSB4X	0.004259529057890177
MEIS1	PLK2	0.004259367473423481
GFI1B	AMIGO2	0.004258991684764624
CBFB	SLC39A6	0.004258406348526478
FOXO1	LONP2	0.004257989581674337
GATA2	NHP2	0.004257892724126577
RAG2	NAPSA	0.004257786553353071
CBX7	ITGB2	0.004257730673998594
GATA2	IPCEF1	0.004257197957485914
CBX7	SLC43A2	0.0042571318335831165
MYC	CBFB	0.004256761632859707
MEIS1	UAP1L1	0.004256117157638073
IKZF1	FGD2	0.004255893640220165
ELF1	GM2A	0.004255813080817461
NOTCH1	IGHV1-77	0.0042558093555271626
CBFB	PDCD4	0.004254656378179789
CBX7	CD63-PS	0.004254382103681564
IRF8	ELOVL5	0.004253671504557133
CBX7	CTSH	0.004253413528203964
CBFB	NPM1	0.004253068007528782
MEIS1	CD74	0.004253011662513018
MEIS1	ARHGAP27	0.004252189304679632
ELF1	USP11	0.0042520370334386826
RAG2	SIGLECG	0.004251896403729916
MEF2C	PARVG	0.004251858219504356
SPI1	TYROBP	0.004251725506037474
ELF1	GRAMD1A	0.004251689650118351
GFI1B	CLCA3A1	0.0042509716004133224
NOTCH1	LAG3	0.004250841215252876
RAG2	RHOJ	0.0042500970885157585
SATB1	NAPSA	0.00424983911216259
ELF1	TMEM14C	0.004249218385666609
ELF1	GM20342	0.0042489985935389996
ESR1	P2RY14	0.004248035605996847
CBFB	SLC35D3	0.0042478060349822044
MYC	RGS19	0.004247597884386778
NOTCH1	ZFP658	0.004247170872986317
MYC	PLEK	0.0042462716810405254
CBX7	WLS	0.004246002063155174
SATB1	SPI1	0.004245992749929428
MEF2C	C130089K02RIK	0.004244989715516567
CBX7	TFR2	0.004244944080710411
ELF1	CLEC12A	0.004244716372340918
ELF1	RCSD1	0.004244406241923571
GFI1B	TSC22D3	0.004243106581270695
MYC	TES	0.0042420243844389915
GFI1B	NUPR1	0.004241964779794216
FOXO1	BDH2	0.004241786431521177
SATB1	PDCD4	0.004241744987666607
IRF8	TMEM14C	0.0042413510382175446
RAG2	ICA1	0.004240378737449646
MEIS1	KAZALD1	0.004240313544869423
FOXO1	CST7	0.004239798989146948
MEIS1	RASSF2	0.004238142631947994
FOXO1	TGM2	0.004236721899360418
RAG2	GM26917	0.004236277192831039
ESR1	NT5C3	0.0042359353974461555
SATB1	ZYX	0.004235444590449333
IKZF1	IL17RE	0.004234949592500925
SPI1	ADGRG3	0.004234632011502981
CBFB	PANX1	0.004234338644891977
MEIS1	CCDC112	0.0042342874221503735
FOXO1	KLF6	0.004234216641634703
ELF1	RNF38	0.004233869258314371
GFI1B	SMPDL3A	0.004232997074723244
MYC	RASAL3	0.004232645966112614
GFI1B	SLFN2	0.004232014995068312
CBX7	P2RY14	0.004231663886457682
RAG2	SLC16A2	0.004231565166264772
CBX7	PYGL	0.0042311809957027435
ELF1	NAV1	0.004231092985719442
NOTCH1	HDAC7	0.004230210557579994
GATA2	GSTT1	0.004229923244565725
MYC	POLA2	0.004229812882840633
GFI1B	ZBTB20	0.004229795653373003
CBX7	SIGLECG	0.004229613114148378
IKZF1	MAML3	0.004228417761623859
FOXO1	NDRG2	0.004227097146213055
ESR1	CDK6	0.004226230084896088
MYC	HDAC7	0.004224670119583607
RAG2	4833407H14RIK	0.004223868250846863
GATA2	NDRG2	0.004223068710416555
CBFB	CCT2	0.004222974646836519
RAG2	PPP1R15A	0.0042227450758218765
IRF8	GM1966	0.0042224302887916565
RAG2	PGR	0.0042222342453897
GATA2	UPP1	0.004221825394779444
SPI1	TRPV2	0.0042213681153953075
NOTCH1	ITGB7	0.004221269860863686
SPI1	CFP	0.004220541100949049
ESR1	CES2G	0.004219657741487026
ESR1	UAP1L1	0.004218414891511202
IRF8	ME2	0.0042184023186564445
GATA2	FLNA	0.004217525478452444
FOXO1	FCHO2	0.004217512905597687
GFI1B	PF4	0.004215979482978582
MEIS1	ROBO4	0.004215625114738941
MEF2C	REL	0.004215489607304335
CBX7	DEF8	0.004215039778500795
ELF1	NUDT19	0.004215019289404154
RAG2	GSN	0.00421483488753438
RAG2	CASP12	0.004214596468955278
SPI1	S100A6	0.004214487038552761
RAG2	CORO7	0.004214479587972164
CBFB	RPS27L	0.004213912412524223
FOXO1	ENPP5	0.004213469568639994
SATB1	CORO1A	0.004213292151689529
SATB1	ATP1A3	0.004213239997625351
MEF2C	LGMN	0.004213074222207069
ELF1	EPSTI1	0.0042128185741603374
RAG2	MLLT3	0.004212501458823681
FOXO1	CD63	0.004212445579469204
ESR1	NAV1	0.004212035797536373
NOTCH1	CHRNB1	0.004211823455989361
FOXO1	ITGAL	0.004211693070828915
RAG2	MCM7	0.004211461637169123
SPI1	ST8SIA4	0.004211010877043009
RAG2	JCHAIN	0.0042108711786568165
MEIS1	ARHGEF18	0.004207743797451258
MEIS1	OBSL1	0.004207722842693329
SPI1	CAPG	0.004207130987197161
FOXO1	PLIN3	0.004206939600408077
RAG2	NCKAP1	0.004206545185297728
MEIS1	CD27	0.00420621782541275
IRF8	JPT1	0.004205548204481602
NOTCH1	RAMP1	0.004205396864563227
CBX7	LAPTM5	0.004205200355499983
ESR1	LAX1	0.004204896278679371
ELF1	HNRNPAB	0.004204884637147188
RAG2	GBP9	0.004204704891890287
NOTCH1	ARHGDIB	0.0042043412104249
CBX7	KLHL4	0.0042038410902023315
FOXO1	ROBO4	0.004202975891530514
CBX7	GM20342	0.004201984032988548
RAG2	SYTL1	0.004201372154057026
ELF1	DDX4	0.004200370982289314
ELF1	DPP4	0.004199618473649025
GATA2	PDCD4	0.004198779352009296
RAG2	RNASE6	0.004198729991912842
RAG2	UQCR11	0.004198680631816387
ELF1	DOCK10	0.0041984254494309425
SATB1	TRIM59	0.004198343493044376
ELF1	ZNRF2	0.004198113922029734
MEIS1	ITM2A	0.004197854548692703
NOTCH1	PTGER2	0.00419784476980567
MEF2C	N4BP3	0.004197258502244949
RAG2	NHP2	0.004197241738438606
FOXO1	LTB	0.0041971891187131405
CBX7	CBFB	0.004197167698293924
CBX7	VEGFC	0.0041969576850533485
GATA2	INHBA	0.004196326248347759
CBFB	ZNRF2	0.00419533159583807
CBFB	RAMP1	0.004195129964500666
GFI1B	FSTL1	0.004194803070276976
MEIS1	MEF2C	0.004194092471152544
SPI1	P2RY14	0.004191451705992222
FOXO1	AFDN	0.004191332962363958
ELF1	PRSS57	0.004191008396446705
IKZF1	GMNN	0.004190401174128056
GATA2	ZFP612	0.004189522936940193
NOTCH1	GOLM1	0.004189115017652512
MYC	MIR6240	0.0041882810182869434
NOTCH1	4833407H14RIK	0.004187513142824173
NOTCH1	GPR18	0.0041870535351336
RAG2	TNS2	0.004186657723039389
IKZF1	ABHD17B	0.004186076577752829
CBX7	FGD2	0.004182395059615374
RAG2	CADPS2	0.004182301461696625
SATB1	CLEC2I	0.004182202275842428
GATA2	NAIP6	0.004182193893939257
CBX7	SMPDL3A	0.004182148724794388
CBFB	RBPMS	0.00418188376352191
MEIS1	MYLK	0.004181382711976767
ESR1	MPO	0.004180907271802425
FOXO1	LDHB	0.00418080622330308
ESR1	AI504432	0.004180277697741985
IKZF1	PTP4A3	0.0041800616309046745
GFI1B	LYN	0.004179034382104874
CBFB	FLT3	0.004178917501121759
MEF2C	2610307P16RIK	0.0041785151697695255
NOTCH1	SLA	0.0041784923523664474
GFI1B	RP2	0.0041780793108046055
GFI1B	CLEC12A	0.004177347291260958
CBFB	TBC1D5	0.00417694915086031
FOXO1	INHBA	0.0041763572953641415
CBX7	ENPP5	0.0041762907058000565
ESR1	SELENOP	0.004175733309239149
ESR1	SLC29A1	0.004175175912678242
CBX7	PDE1C	0.004174916073679924
GATA2	EEPD1	0.004172098357230425
NOTCH1	IGFBP4	0.00417204387485981
FOXO1	CAMSAP2	0.00417199544608593
CBX7	KAZALD1	0.004171909764409065
IKZF1	CCNG2	0.00417137797921896
SATB1	ZFP422	0.004171268083155155
CBX7	GSTM1	0.0041704559698700905
IKZF1	BCL2	0.004170435480773449
IKZF1	CST7	0.00416934909299016
MYC	TUBB4B	0.004168947692960501
MYC	ZNRF2	0.0041687567718327045
GFI1B	VDR	0.004168344661593437
FOXO1	HNF4A	0.004168326500803232
IKZF1	PRR5	0.004168240819126368
RAG2	PLXNA1	0.004166695289313793
CBX7	F2R	0.004166502971202135
GFI1B	CCL9	0.004166454076766968
FOXO1	TMSB4X	0.004165854770690203
CBFB	TMEM206	0.004165810067206621
ELF1	SPNS3	0.004164874088019133
SATB1	AI504432	0.0041646393947303295
MEIS1	9530082P21RIK	0.004164351150393486
IKZF1	AI504432	0.004163747653365135
MEIS1	CLEC14A	0.004162934608757496
ESR1	C230085N15RIK	0.004161010030657053
CBX7	RUSC2	0.004160700831562281
IKZF1	IL17RA	0.00416056253015995
MEF2C	UNC93B1	0.004160314332693815
CBFB	RHOH	0.004159756004810333
SATB1	NCAPD2	0.0041594598442316055
MEIS1	GDA	0.004159174859523773
GFI1B	HMGB2	0.004158670548349619
NOTCH1	PIRB	0.004158637952059507
MYC	STARD4	0.004158209543675184
MEIS1	GAA	0.004157816991209984
CBX7	SDSL	0.004157256335020065
NOTCH1	VAMP1	0.004157159477472305
CBX7	GBP9	0.0041566570289433
GFI1B	CIPC	0.004156533628702164
MEIS1	NCKAP1	0.004156386945396662
ESR1	H2-Q6	0.004155735019594431
NOTCH1	AI504432	0.004154682625085115
SATB1	RAG2	0.004153462592512369
MEF2C	SLC18A1	0.004153439309448004
MEF2C	GPR171	0.004153300076723099
IRF8	ANKRD44	0.004153054673224688
MEF2C	LYN	0.004151639528572559
CBX7	SPNS2	0.004150461871176958
IKZF1	CAMSAP2	0.004149087704718113
MEIS1	ACAP1	0.004148536361753941
SPI1	RAB38	0.004147951025515795
IKZF1	MAN1A	0.004147916566580534
MYC	JPT1	0.004147358704358339
SPI1	RANBP1	0.004147271625697613
IKZF1	IGHV1-77	0.004146925173699856
RAG2	MMRN1	0.004146698862314224
MEF2C	IL17RA	0.0041466387920081615
ELF1	PDCD4	0.0041456641629338264
IKZF1	SELL	0.004145455081015825
SPI1	ERP29	0.0041448697447776794
GATA2	PRNP	0.004144332371652126
IRF8	CORO7	0.004144070204347372
IKZF1	TMEM173	0.004143382888287306
CBX7	RRAS	0.00414304481819272
FOXO1	C1RL	0.004142713267356157
NOTCH1	UHRF1	0.004141921643167734
MEF2C	STK17B	0.0041418480686843395
MEF2C	RAG2	0.004141585901379585
IKZF1	SLC9A9	0.0041409945115447044
FOXO1	GM11346	0.004140963312238455
NOTCH1	GIMAP1	0.004140773322433233
MYC	TSPAN13	0.004138259217143059
RAG2	OTULINL	0.004137922544032335
IRF8	TBC1D5	0.004137649666517973
GATA2	JAM3	0.004137356299906969
FOXO1	UHRF1	0.004137197509407997
GFI1B	UQCR11	0.00413670064881444
RAG2	RHOH	0.004136643838137388
GFI1B	PGRMC1	0.0041363658383488655
GFI1B	MPDZ	0.004135583993047476
CBX7	GIMAP1OS	0.004134937655180693
ELF1	PKIB	0.004134524613618851
ESR1	NUDT19	0.00413451436907053
MEIS1	GUCY1A1	0.004134420771151781
GFI1B	MCM4	0.004133542999625206
NOTCH1	CTNND2	0.004133205395191908
ELF1	RAG2	0.004133033100515604
MEIS1	ABCG3	0.004132949281483889
MYC	9030619P08RIK	0.0041328128427267075
NOTCH1	TIFAB	0.0041327993385493755
ELF1	LAPTM5	0.0041322107426822186
SATB1	IFI27L2A	0.004131794907152653
SPI1	NLRC3	0.004130964633077383
MEF2C	ITGA6	0.0041306582279503345
MYC	PTP4A3	0.004130335059016943
SPI1	ITGAL	0.004129932262003422
RAG2	TRPV2	0.004129926208406687
SPI1	TBC1D5	0.00412973714992404
CBFB	CFP	0.004129722248762846
ESR1	UQCR11	0.0041294884867966175
CBFB	FLNA	0.004129278473556042
CBX7	MAGED1	0.004128981847316027
FOXO1	SGMS1	0.004128944128751755
GFI1B	CD44	0.004128823988139629
GFI1B	GHR	0.004128562286496162
CBX7	TSPAN13	0.004128442611545324
IRF8	PKIB	0.004128436092287302
MYC	KIT	0.004127968568354845
GATA2	IRF6	0.004127925261855125
MEIS1	USP11	0.004127442371100187
RAG2	PDE1C	0.0041266558691859245
CBFB	ACAP1	0.004126341547816992
MEIS1	XPC	0.004126318264752626
MEIS1	TSPAN3	0.004124618135392666
FOXO1	RUSC2	0.0041242665611207485
IKZF1	VAMP1	0.004124223720282316
IKZF1	TYROBP	0.004123949445784092
SPI1	RPS27L	0.004123704507946968
SATB1	SERP1	0.004123114049434662
ELF1	NOTCH1	0.004122965037822723
FOXO1	ME2	0.004122963175177574
FOXO1	EYA2	0.004121026489883661
MEF2C	RAMP1	0.004119691904634237
ESR1	LY9	0.004119667690247297
ESR1	DOCK11	0.0041193123906850815
IKZF1	ARHGEF39	0.004119255114346743
RAG2	MSMO1	0.004119164776057005
CBX7	ADAM17	0.0041187661699950695
NOTCH1	XRCC6	0.004118416924029589
SPI1	FDFT1	0.0041180322878062725
RAG2	NR3C2	0.0041176010854542255
IKZF1	ATP1A3	0.004116553347557783
FOXO1	AP1S2	0.0041165342554450035
IRF8	RNF213	0.004116384778171778
FOXO1	CTSB	0.004115855321288109
GFI1B	GPX1	0.004115753341466188
RAG2	MAGED2	0.004115628078579903
IKZF1	ANKRD44	0.004115561954677105
SPI1	GGT5	0.0041147880256175995
ELF1	FGD2	0.00411437451839447
IRF8	BTG2	0.004113827832043171
CBX7	SHROOM4	0.004113686271011829
IRF8	DTL	0.004112804774194956
NOTCH1	ANXA2	0.00411193585023284
IRF8	RGS2	0.004111302085220814
FOXO1	TEAD2	0.004110114648938179
MYC	ZBTB20	0.004109151195734739
GFI1B	ARHGEF28	0.004109090659767389
GATA2	ARRDC4	0.004108779598027468
RAG2	CLCA3A1	0.004107588902115822
FOXO1	PBLD2	0.004107372835278511
MEF2C	ABHD17B	0.0041070240549743176
MEIS1	SAT1	0.004106880631297827
IKZF1	SYTL1	0.0041052247397601604
RAG2	ZFP367	0.004105215892195702
ELF1	AC174780.1	0.004104784689843655
CBFB	GGTA1	0.0041044303216040134
NOTCH1	PRPS2	0.004103770013898611
ESR1	EPSTI1	0.004103044047951698
FOXO1	SELENOP	0.00410277396440506
GFI1B	IFITM3	0.004102613776922226
NOTCH1	TBC1D5	0.004102441947907209
RAG2	WFDC2	0.004102066624909639
IKZF1	LPCAT2	0.004101779777556658
MEF2C	ARHGAP15	0.004101087339222431
RAG2	MPDZ	0.004100880119949579
ESR1	ACAP1	0.004099187441170216
GATA2	ARHGEF28	0.004098854027688503
MYC	CREG1	0.004098647274076939
SPI1	LCK	0.004098087083548307
GFI1B	RANBP1	0.0040976740419864655
GATA2	FAM171B	0.004097594413906336
CBX7	SERPINA3F	0.004097545985132456
RAG2	SLC18A2	0.004096805118024349
RAG2	TRIB3	0.004095430951565504
CBX7	TYROBP	0.004095027688890696
MEF2C	E430014B02RIK	0.004093530587852001
ESR1	CASP12	0.004093519411981106
CBX7	PBX1	0.004093433730304241
ESR1	DTL	0.004093376453965902
SATB1	GNG2	0.004093081224709749
SATB1	RNF213	0.004092407412827015
ELF1	VLDLR	0.00409232871606946
CBX7	KLF3	0.004091415088623762
MYC	CD52	0.004091083537787199
ELF1	CTSG	0.004090934991836548
RAG2	NAIP6	0.004089821130037308
GFI1B	NPM1	0.004089294001460075
GATA2	CLEC1A	0.00408853217959404
ELF1	JPT1	0.004088107962161303
IKZF1	GM8203	0.004087985958904028
RAG2	CERS4	0.004086490720510483
GFI1B	KCNK5	0.004085960332304239
NOTCH1	CORO1A	0.004085550084710121
ELF1	C230085N15RIK	0.004084417596459389
RAG2	LACTB	0.004084317944943905
RAG2	CTSW	0.004082983825355768
MEF2C	IFI27	0.004082823637872934
NOTCH1	GBP9	0.004082046914845705
SPI1	GM1966	0.004081224091351032
FOXO1	TM6SF1	0.004080656915903091
MEIS1	SLC6A15	0.004080604761838913
SPI1	ABHD17B	0.004080299288034439
GFI1B	F630028O10RIK	0.0040798974223434925
MYC	UHRF1	0.004079314414411783
GFI1B	CAV2	0.004078356549143791
MEF2C	IRF8	0.004077584482729435
RAG2	CISH	0.004077011253684759
SPI1	CHRNB1	0.004076958633959293
CBX7	ANKRD33B	0.004076653625816107
ELF1	CD33	0.004076536279171705
ESR1	LYN	0.004076525568962097
FOXO1	TBC1D5	0.004075291566550732
IRF8	GM20342	0.004074435215443373
SPI1	EBI3	0.004074196796864271
NOTCH1	IGHV1-74	0.00407385965809226
ELF1	SDC1	0.004073533695191145
CBFB	UQCR11	0.0040734936483204365
GFI1B	TIPIN	0.004072645213454962
FOXO1	CLCA3A1	0.004072269424796104
IRF8	NPM1	0.004072070587426424
RAG2	RORA	0.00407007010653615
CBX7	PLEKHG6	0.004069221671670675
NOTCH1	IFI206	0.004068776499480009
GATA2	CTSG	0.004068319220095873
GFI1B	UHRF1	0.004068007227033377
CBX7	STK17B	0.0040670898742973804
RAG2	FLNA	0.00406660046428442
GFI1B	GM11346	0.004066318739205599
ESR1	RPS27L	0.0040662456303834915
IKZF1	PECAM1	0.004064950160682201
GATA2	IGKC	0.004064432345330715
IKZF1	SYK	0.004064349457621574
CBX7	FCHO2	0.004063981585204601
NOTCH1	TM6SF1	0.004063404630869627
IKZF1	SEMA3D	0.004063159227371216
GATA2	GRAMD1A	0.004062693566083908
CBX7	NR3C2	0.004062481224536896
CBX7	PF4	0.004062360618263483
RAG2	NPM1	0.004061860032379627
CBX7	NDRG2	0.004061736632138491
SPI1	PARP8	0.004061556421220303
NOTCH1	EVI2A	0.004061544314026833
IRF8	SYTL1	0.004061458632349968
SPI1	MCM4	0.004061195068061352
MEF2C	RUNX2	0.004060904961079359
GFI1B	ARHGDIB	0.004060803912580013
ESR1	TALDO1	0.004060173407196999
SATB1	GRAMD1A	0.0040596527978777885
CBX7	PDGFD	0.004059627186506987
SATB1	LGMN	0.004059210419654846
NOTCH1	IFI213	0.004059014841914177
IKZF1	RANBP1	0.004058907739818096
ESR1	DUSP6	0.0040587871335446835
MEIS1	GM10419	0.004058352205902338
MEIS1	RNF38	0.004057836253196001
MEF2C	FGD2	0.004057762678712606
IRF8	HCK	0.004057134035974741
SATB1	HNF4A	0.004056892357766628
MEF2C	CNN3	0.0040564811788499355
RAG2	CD81	0.00405638013035059
GFI1B	RGS19	0.004056378733366728
RAG2	IRAK3	0.004056176170706749
RAG2	CTSB	0.004055239260196686
SPI1	9030619P08RIK	0.004054688848555088
MYC	ABHD17B	0.004054629243910313
ELF1	GIMAP1	0.004054367542266846
NOTCH1	GPX1	0.004054109565913677
NOTCH1	ARHGAP18	0.004053992684930563
IRF8	LSP1	0.004053049720823765
MEIS1	NSMF	0.004052893724292517
NOTCH1	TMEM268	0.004052791278809309
ELF1	ERP29	0.0040525831282138824
IKZF1	GM4759	0.004052432719618082
GATA2	KLF3	0.004052042495459318
GFI1B	GNG2	0.004051745869219303
NOTCH1	IGHD	0.004051240161061287
MEF2C	RASAL3	0.004051012918353081
MEIS1	IGF1	0.004049265757203102
GFI1B	RUNX2	0.004048568196594715
ESR1	ZBTB20	0.00404835632070899
CBX7	NPDC1	0.0040482524782419205
RAG2	SERPINA3N	0.0040482161566615105
NOTCH1	TMSB4X	0.004047979135066271
ESR1	CD52	0.0040479195304214954
RAG2	RP2	0.004047824069857597
RAG2	KCTD12	0.004047728609293699
CBX7	LPCAT2	0.004047392401844263
RAG2	RANBP1	0.0040466864593327045
MEIS1	GIMAP1OS	0.004045784007757902
IRF8	SH2D5	0.004045729059726
SATB1	CYFIP2	0.004044706001877785
GFI1B	LACTB	0.004044658504426479
MYC	LCP1	0.004043774679303169
RAG2	CTSH	0.004043015651404858
MEIS1	MSMO1	0.004042084328830242
GFI1B	GRAMD1A	0.004041893873363733
IRF8	CDK6	0.004041407257318497
SPI1	MYC	0.004041286185383797
CBX7	TSPAN3	0.004041220061480999
CBFB	CD52	0.004040100611746311
CBX7	GM973	0.00403930526226759
GFI1B	GIMAP8	0.004039026331156492
RAG2	SAMSN1	0.004038598388433456
RAG2	CTSL	0.004038517829030752
SPI1	SYK	0.004038397688418627
IKZF1	DUSP6	0.004038356244564056
CBX7	CYFIP2	0.004037100821733475
MEIS1	C1RL	0.004036913625895977
CBFB	ME2	0.0040367403998970985
MEF2C	AKNA	0.004036648664623499
SATB1	ARHGAP18	0.004036516882479191
MYC	CD63-PS	0.004035825841128826
MEF2C	ADAM17	0.0040347520262002945
NOTCH1	PAG1	0.004034003708511591
MEIS1	EPSTI1	0.004032986704260111
IRF8	CTSH	0.004032967612147331
FOXO1	PRDM16	0.00403292290866375
CBX7	ZYX	0.004032692406326532
RAG2	MRVI1	0.004031839314848185
CBX7	GFI1B	0.0040315380319952965
CBX7	IFI27	0.004031009040772915
FOXO1	FGD5	0.004030711017549038
GFI1B	FLNA	0.00403036642819643
GATA2	CX3CL1	0.00402860390022397
ESR1	IFI27	0.004027064889669418
FOXO1	ANXA5	0.004027023445814848
SPI1	SLC16A11	0.004026653710752726
NOTCH1	LDHB	0.004026216454803944
NOTCH1	UCP2	0.004025866277515888
MYC	NAV1	0.004025243688374758
GATA2	GBP9	0.004025111440569162
MEIS1	ADAM17	0.004025095142424107
GATA2	NOXA1	0.004024880472570658
ELF1	PRR5	0.004023103043437004
FOXO1	VAMP5	0.004022588022053242
ESR1	TRIM59	0.004022125620394945
CBFB	NUDT19	0.004022086970508099
MEF2C	GM26917	0.004022050648927689
RAG2	LDHD	0.004021991044282913
MEIS1	AFF3	0.004021838307380676
MEF2C	TRIM59	0.004021388478577137
RAG2	CD7	0.00402090884745121
MYC	PPCDC	0.004019591026008129
ELF1	ZFP62	0.004019350744783878
RAG2	TUBB4B	0.004019240848720074
IRF8	IFI209	0.004018560517579317
ESR1	PEAR1	0.004018211737275124
ESR1	KCTD12	0.0040181172080338
SPI1	TFR2	0.004017953295260668
MEIS1	GM4759	0.0040177577175199986
SPI1	WFDC18	0.004017240833491087
GFI1B	TSPAN13	0.004017233848571777
MEF2C	DUSP5	0.004016883671283722
GATA2	RP2	0.004016770049929619
GFI1B	CREG1	0.00401633745059371
GATA2	TRIB3	0.004014937207102776
RAG2	MPZL1	0.0040146540850400925
IRF8	RUNX1T1	0.004014428239315748
SPI1	NT5C3	0.004014311823993921
FOXO1	CD38	0.004013878293335438
SATB1	SLC29A1	0.004013573285192251
ESR1	MEIS1	0.004013301804661751
FOXO1	BPIFC	0.004013037774711847
ESR1	CADPS2	0.004012893885374069
ELF1	TMEM123	0.004012600984424353
GFI1B	NDRG2	0.004012539982795715
NOTCH1	IL10RA	0.004012261983007193
ESR1	TAPT1	0.004011005163192749
RAG2	CTTN	0.004010812379419804
CBX7	OBSL1	0.00401060376316309
IRF8	NKG7	0.00401059165596962
CBFB	9030619P08RIK	0.004010384436696768
CBFB	UNC93B1	0.0040103779174387455
GATA2	MLPH	0.004010078031569719
NOTCH1	GM2A	0.00400973204523325
IRF8	DCK	0.004009227734059095
GFI1B	ZNRF2	0.004008707590401173
MEF2C	SLA	0.004008668940514326
NOTCH1	MCM4	0.0040085758082568645
MEIS1	4833407H14RIK	0.004008552059531212
MEIS1	ALDH1A1	0.004008334595710039
RAG2	AMPD2	0.004008129704743624
GFI1B	UAP1L1	0.004008060321211815
ESR1	GM15564	0.004007777664810419
ELF1	CDK17	0.004007152281701565
RAG2	HOXA9	0.004007143899798393
ESR1	NFIA	0.0040064346976578236
NOTCH1	AKNA	0.004006002098321915
MYC	GFI1B	0.004005855415016413
CBX7	BDH2	0.004005852155387402
MEF2C	USP11	0.004005400463938713
ESR1	RUNX2	0.004005372989922762
MEF2C	IGHV1-81	0.0040047005750238895
ESR1	SLC16A10	0.004004329908639193
FOXO1	CD9	0.004003801848739386
ESR1	UNC93B1	0.004003667738288641
CBFB	RNF13	0.004002934321761131
MEF2C	TBC1D5	0.004002832807600498
GFI1B	F2R	0.004002132453024387
MEIS1	MCM7	0.0040017981082201
SATB1	PTPRE	0.004000949673354626
ESR1	VAMP1	0.0040004197508096695
IKZF1	4833407H14RIK	0.004000376909971237
CBX7	PDCD4	0.003999006934463978
IKZF1	KLF3	0.003998656291514635
MEIS1	NDRG2	0.003998398780822754
SPI1	PSTPIP1	0.003998324275016785
SPI1	CTSW	0.003998206928372383
ESR1	HNRNPAB	0.00399814173579216
CBX7	CD38	0.0039981273002922535
GATA2	EYA2	0.003998052794486284
SPI1	IL10RA	0.003996594808995724
IKZF1	LCK	0.003996359650045633
ELF1	CAMK1D	0.0039962660521268845
SPI1	RNASE6	0.003995275590568781
IRF8	DRC7	0.003994300030171871
IKZF1	RGS19	0.003993263468146324
IRF8	MEF2C	0.003993087448179722
CBX7	GDF3	0.003992910962551832
ELF1	LGMN	0.003992369398474693
IKZF1	PPM1G	0.003992222249507904
RAG2	TMEM246	0.003992148675024509
MYC	NLRC3	0.003991852980107069
ESR1	NOTCH1	0.003991798497736454
ESR1	CTSL	0.003991794306784868
FOXO1	CD63-PS	0.003991652280092239
IKZF1	ARID5A	0.0039913225919008255
IRF8	MCM4	0.003991321194916964
NOTCH1	SLC44A2	0.003991296514868736
ELF1	SLC16A10	0.00399094820022583
IKZF1	ARHGAP18	0.003990638069808483
ELF1	ARL11	0.003990091849118471
IKZF1	SP100	0.003989967051893473
CBX7	NLRC3	0.003989809192717075
RAG2	ITGB5	0.0039888652972877026
RAG2	PARVG	0.003988605458289385
ESR1	GDF3	0.003988546784967184
CBX7	NT5C3	0.003988529555499554
RAG2	AC174780.1	0.003987356089055538
MEIS1	GAS2L3	0.003986665979027748
RAG2	MYCN	0.003986506722867489
GFI1B	GM10419	0.003985278308391571
FOXO1	OSGIN1	0.003985249437391758
ELF1	PYGL	0.003984685521572828
CBX7	CAVIN2	0.003984680399298668
CBX7	TSC22D3	0.00398359214887023
CBX7	ITGA6	0.003983226139098406
NOTCH1	FCRL1	0.003983042668551207
ELF1	IFI206	0.003982921130955219
IRF8	ZMIZ1	0.00398275488987565
ELF1	COX7B	0.003982099238783121
IKZF1	SLCO3A1	0.003981659654527903
CBX7	METTL7A1	0.003980986308306456
CBX7	STARD4	0.003980458248406649
RAG2	VWF	0.0039802435785532
MEIS1	OBSCN	0.003980052191764116
SATB1	DOCK11	0.00397999444976449
CBX7	TEAD2	0.003979052882641554
RAG2	9530082P21RIK	0.003979051019996405
ESR1	IL7R	0.003978834953159094
GATA2	GP9	0.003978233318775892
ESR1	SDC2	0.003978223539888859
FOXO1	PRUNE2	0.003978185821324587
CBX7	STXBP1	0.0039780521765351295
GATA2	FSTL1	0.003977973014116287
GFI1B	PLK2	0.003977050539106131
RAG2	IFI27	0.003976826556026936
CBX7	TIE1	0.003976510372012854
IRF8	FCRL1	0.0039761909283697605
GATA2	FAM171A1	0.003975303377956152
RAG2	IGHV1-81	0.003974744118750095
CBX7	FAM110C	0.003974718973040581
NOTCH1	CD7	0.003974305000156164
GFI1B	GM2A	0.003973508253693581
ELF1	MKI67	0.003972569014877081
ESR1	SDC1	0.003972296603024006
SATB1	5430427O19RIK	0.003971682861447334
SPI1	SAMSN1	0.003971610683947802
IKZF1	CARD6	0.003970786463469267
IKZF1	GPX1	0.003970600198954344
ESR1	PTPRE	0.0039700912311673164
SPI1	GOLM1	0.0039695980958640575
CBFB	MCM7	0.0039694965817034245
NOTCH1	ZFP367	0.003968820441514254
SPI1	ELOVL5	0.0039687445387244225
FOXO1	CD52	0.003968565259128809
FOXO1	GM1966	0.003968506585806608
ELF1	SSH2	0.003967852797359228
RAG2	F630028O10RIK	0.0039677806198596954
RAG2	KLF6	0.003967638593167067
IKZF1	MYO5A	0.003967274446040392
CBFB	NLRC3	0.003966941963881254
SATB1	TMEM268	0.003966404590755701
IKZF1	GBP4	0.003966365475207567
MYC	CST7	0.003966116346418858
GFI1B	H2-Q6	0.003966092597693205
ESR1	ARHGEF18	0.003965306561440229
SATB1	NRROS	0.003964405041188002
MEIS1	UPP1	0.003964145202189684
ELF1	SP100	0.003964054398238659
MEF2C	PGR	0.003963852301239967
CBX7	LGMN	0.003963759634643793
MEIS1	GIMAP8	0.0039629023522138596
SATB1	SEMA3D	0.003962550312280655
MEIS1	SNAP47	0.003962541464716196
IRF8	CCL3	0.00396214984357357
IKZF1	GPR65	0.003961655776947737
GFI1B	CD81	0.003960592672228813
CBX7	CTNND2	0.003959958907216787
RAG2	PLK2	0.003959949593991041
GFI1B	DTL	0.003959746100008488
MEF2C	WFDC18	0.003959369845688343
CBX7	ADSSL1	0.003958650398999453
MEF2C	UBASH3A	0.0039586457423865795
ELF1	YBX1	0.0039563048630952835
SPI1	CAMK1D	0.0039562685415148735
RAG2	LSP1	0.003956266678869724
IRF8	FLNA	0.0039560217410326
MYC	PECAM1	0.0039556496776640415
CBX7	ITGAM	0.003954394720494747
SATB1	PANX1	0.003953512758016586
ELF1	MAN1A	0.00395345501601696
IKZF1	CCL9	0.003953385166823864
CBFB	ANXA2	0.003953152801841497
CBX7	CCR9	0.003952262923121452
FOXO1	ARHGAP15	0.0039520710706710815
GFI1B	RASSF2	0.003951997496187687
GFI1B	MSMO1	0.003951802849769592
IRF8	TMSB4X	0.003951715771108866
SATB1	CBFB	0.003950696438550949
CBX7	RHOJ	0.0039506941102445126
MEIS1	RPS27L	0.0039505925960838795
SATB1	SLCO3A1	0.003949849400669336
IKZF1	RAG2	0.003949131816625595
IRF8	N4BP3	0.0039491173811256886
ESR1	SLC9A9	0.003948826342821121
RAG2	SLC25A5	0.003948690835386515
MYC	TFEC	0.00394758116453886
CBX7	GAA	0.003945073112845421
IRF8	IL17RA	0.0039445688016712666
CBX7	MYCT1	0.0039441813714802265
IKZF1	ANXA2	0.0039440360851585865
SPI1	TMSB4X	0.0039424593560397625
SPI1	ANXA5	0.003942160867154598
FOXO1	FAM110C	0.003942146897315979
RAG2	RARB	0.003941253758966923
GFI1B	H2-DMA	0.003941216506063938
ESR1	FLNA	0.003941166214644909
RAG2	CD55	0.003940950613468885
FOXO1	CTNNAL1	0.003939833026379347
NOTCH1	LPCAT2	0.003939621616154909
MEIS1	SLC26A11	0.00393960764631629
GFI1B	SPNS3	0.003939512651413679
RAG2	IL18BP	0.003939223475754261
GFI1B	FCGRT	0.003938508220016956
RAG2	LHCGR	0.003937775734812021
ELF1	GM10384	0.003937342204153538
RAG2	KBTBD11	0.003936990164220333
MEIS1	ENPP5	0.00393647002056241
ELF1	PARVG	0.003936391789466143
ESR1	SSTR2	0.003936366643756628
IRF8	ANXA2	0.003936171531677246
RAG2	CTNNAL1	0.003936084918677807
RAG2	BDH2	0.003935667220503092
NOTCH1	CLEC2I	0.003935027401894331
ELF1	CD244A	0.003934985026717186
GFI1B	PARP8	0.003934862092137337
RAG2	SLAMF1	0.003934681881219149
NOTCH1	SLCO3A1	0.0039343396201729774
ELF1	IFI27L2A	0.003934282809495926
SATB1	MYC	0.00393426138907671
MEIS1	COL4A1	0.003933796193450689
ESR1	NKG7	0.003933738451451063
RAG2	SDSL	0.00393301947042346
SPI1	CTSL	0.0039326404221355915
MEIS1	RNF13	0.003931136801838875
NOTCH1	SAMSN1	0.003930636215955019
ESR1	TBXA2R	0.003930636215955019
RAG2	PRUNE2	0.003929841797798872
NOTCH1	MCM7	0.003929018974304199
SATB1	ANXA2	0.003929018974304199
RAG2	GIMAP3	0.00392894959077239
ESR1	ELL2	0.00392865389585495
SATB1	TMSB4X	0.003927915822714567
CBFB	TSPAN13	0.0039277770556509495
SPI1	ME2	0.0039263335056602955
SPI1	CD93	0.003926159348338842
IKZF1	KBTBD11	0.003926004748791456
FOXO1	SLC2A3	0.003925693687051535
CBX7	CERS4	0.003924748860299587
IRF8	SSTR2	0.003924097865819931
GATA2	TTLL7	0.003923896234482527
CBX7	CD9	0.003923600073903799
SPI1	HDAC7	0.0039235688745975494
IKZF1	HNRNPAB	0.003923455718904734
ESR1	ARL11	0.003922066185623407
MYC	PPM1G	0.003921935334801674
ESR1	LDHB	0.003921000752598047
CBFB	SATB1	0.003920520190149546
MEIS1	HNF4A	0.003919453360140324
SPI1	TSPAN3	0.003918956499546766
IKZF1	XRCC6	0.003918719477951527
MYC	PRPS2	0.003918508533388376
MYC	TM6SF1	0.003917189780622721
ESR1	GM26917	0.003916857298463583
ELF1	MIR6240	0.003916695713996887
ELF1	IGHM	0.003916278947144747
GATA2	GIMAP1OS	0.003915475215762854
RAG2	PLCL1	0.003915444947779179
CBX7	FCGRT	0.003915426786988974
IKZF1	ZYX	0.003914570901542902
RAG2	JAM3	0.00391417508944869
CBX7	E430014B02RIK	0.003914131782948971
CBX7	CSGALNACT1	0.0039121233858168125
RAG2	SLC26A11	0.003911890555173159
FOXO1	TXNIP	0.003911830484867096
FOXO1	CMAH	0.003911010455340147
GFI1B	GIMAP5	0.003910738509148359
MYC	GM2A	0.003910593222826719
FOXO1	LARS2	0.00391015037894249
FOXO1	TMEM176B	0.003910041879862547
IKZF1	ELF1	0.003909508232027292
ESR1	TRPV2	0.003909089136868715
ESR1	PBX1	0.003908812068402767
FOXO1	H1F0	0.003907783422619104
ELF1	TIFAB	0.003907779697328806
CBFB	PRPS2	0.003907729405909777
ESR1	ARID5A	0.0039077214896678925
IKZF1	SERPINF1	0.003907449077814817
IKZF1	ESR1	0.003907199949026108
SPI1	ZFP422	0.003906620666384697
CBX7	TMEM176B	0.0039062192663550377
NOTCH1	NRROS	0.0039053340442478657
SATB1	ADAM17	0.0039050886407494545
IKZF1	UCP2	0.0039047859609127045
MEIS1	GM973	0.0039046581368893385
SPI1	LACTB	0.003904410172253847
MEF2C	METTL7A1	0.003904326818883419
ESR1	CAMK1D	0.003903485368937254
ELF1	NCEH1	0.0039033647626638412
RAG2	CCR9	0.0039032879285514355
RAG2	FGFR3	0.003902994329109788
CBFB	SELPLG	0.0039027146995067596
RAG2	SERPINF1	0.003902702359482646
ESR1	CCL3	0.003902456955984235
MEIS1	RORA	0.0039023298304528
GFI1B	TMEM268	0.00390171748585999
MEIS1	CLEC2I	0.0039010406471788883
GATA2	PLPPR3	0.003900852520018816
ESR1	ARPP21	0.0039004404097795486
GFI1B	EEPD1	0.0039000515826046467
SATB1	N4BP3	0.003899737261235714
RAG2	C130089K02RIK	0.00389867858029902
GFI1B	SHISA9	0.003897633170709014
FOXO1	E430014B02RIK	0.0038972797337919474
ELF1	CMAH	0.0038967893924564123
IKZF1	RASSF2	0.003896672511473298
ELF1	TNFAIP2	0.003896156558766961
GFI1B	ZFP37	0.003895839210599661
SPI1	TESPA1	0.0038955560885369778
SATB1	SLC25A5	0.003895238507539034
ESR1	DUSP5	0.003895119996741414
SPI1	CCNG2	0.0038949681911617517
RAG2	APP	0.003894806606695056
IRF8	2610307P16RIK	0.0038946110289543867
IRF8	TAPT1	0.0038944396656006575
CBFB	ERP29	0.003893802175298333
FOXO1	TM4SF1	0.0038936762139201164
CBX7	CDKN1C	0.0038936398923397064
ELF1	SLC39A6	0.0038929583970457315
MEIS1	TEAD2	0.003890973050147295
SATB1	CKS1B	0.0038903485983610153
SPI1	USP11	0.0038899837527424097
CBX7	DUSP5	0.003889917628839612
FOXO1	CD81	0.0038896212354302406
CBX7	ITM2A	0.0038890745490789413
IKZF1	LGMN	0.0038889094721525908
CBX7	SPC24	0.0038880431093275547
ESR1	MIR6240	0.0038877215702086687
RAG2	NPDC1	0.0038877029437571764
MEIS1	ANXA2	0.003887038677930832
ESR1	DEF8	0.003886982100084424
IKZF1	AFF3	0.0038861967623233795
FOXO1	GM973	0.0038860635831952095
FOXO1	GGT5	0.003885580925270915
GATA2	PRDM16	0.0038852232974022627
CBFB	CD63	0.0038846789393574
FOXO1	H2-OB	0.0038846773095428944
SPI1	AKNA	0.003884411882609129
ELF1	SLC18A1	0.003884244943037629
SPI1	SPNS3	0.0038840167690068483
IKZF1	TRPV2	0.003883657045662403
FOXO1	CD69	0.00388345611281693
FOXO1	IFI209	0.0038833823055028915
NOTCH1	TSPAN3	0.0038830628618597984
CBFB	GGT5	0.0038824777584522963
CBX7	GM45837	0.003882288932800293
CBX7	FKBP9	0.003882099874317646
GFI1B	SHROOM4	0.003881959244608879
GFI1B	TRIB3	0.0038816926535218954
MEIS1	CPNE8	0.003880996024236083
MEIS1	PGRMC1	0.0038799173198640347
ELF1	TES	0.0038798865862190723
RAG2	CARD11	0.003879836993291974
SATB1	CDT1	0.003879210213199258
SATB1	SLC26A11	0.0038788809906691313
ESR1	USP11	0.003878544317558408
IKZF1	ITGAM	0.003878497751429677
NOTCH1	CTSB	0.0038783529307693243
FOXO1	FKBP9	0.003878101473674178
GATA2	GM20342	0.003877763170748949
ELF1	AI504432	0.003877453040331602
SATB1	DPP4	0.003876878647133708
MYC	UAP1L1	0.003876390168443322
RAG2	UBASH3A	0.003876222064718604
CBX7	BTG2	0.0038760374300181866
ELF1	RGS19	0.0038759794551879168
GATA2	9530082P21RIK	0.003875739173963666
MEF2C	DOCK10	0.003875509835779667
NOTCH1	SELPLG	0.003875243477523327
ESR1	CD48	0.003874602261930704
ELF1	LCK	0.003874300280585885
SATB1	PECAM1	0.003874255111441016
MEIS1	ESR1	0.003873923560604453
RAG2	GSTT1	0.0038734599947929382
RAG2	WLS	0.0038731482345610857
IRF8	ZFP62	0.003872749162837863
CBX7	S100A6	0.0038725275080651045
NOTCH1	SLC16A10	0.0038717312272638083
NOTCH1	STXBP1	0.0038716865237802267
MEF2C	PANX1	0.0038715703412890434
SATB1	FRMD6	0.003871264634653926
NOTCH1	CDK18	0.0038711780216544867
ESR1	IKZF1	0.003871150780469179
RAG2	GRAMD1A	0.0038694387767463923
ESR1	WFDC17	0.0038688210770487785
NOTCH1	COX7B	0.003867651801556349
RAG2	MYC	0.003867153078317642
CBX7	ARHGAP15	0.0038670655339956284
SPI1	LAG3	0.003866753540933132
IRF8	PLEK	0.003866338636726141
MEIS1	LRRC8C	0.003866129321977496
FOXO1	SDC1	0.0038660767022520304
SPI1	C130089K02RIK	0.0038649796042591333
RAG2	NUCB2	0.0038640513084828854
RAG2	GFI1B	0.0038627414032816887
RAG2	CFP	0.003862034296616912
RAG2	WFDC17	0.00386152695864439
IKZF1	NAPSA	0.003860840806737542
IKZF1	EPSTI1	0.0038606994785368443
ELF1	DOK2	0.003860478987917304
ESR1	CKS1B	0.0038598806131631136
RAG2	FAM171B	0.003859261516481638
CBX7	4833407H14RIK	0.0038592074997723103
CBX7	FGFR3	0.003859135787934065
CBX7	OAS2	0.003858837066218257
RAG2	SELENOP	0.003858730895444751
MYC	CTSG	0.003858286188915372
SPI1	IGHV1-77	0.003857250325381756
MEIS1	RASAL3	0.0038569129537791014
GATA2	RRAS	0.003856790717691183
RAG2	HCK	0.003855255665257573
FOXO1	CTSL	0.0038551161997020245
ESR1	CTR9	0.0038549192249774933
MEIS1	GRAMD1A	0.003854562994092703
GFI1B	CHST2	0.0038536563515663147
SPI1	SLC35D3	0.003853656118735671
GATA2	F630028O10RIK	0.003853348782286048
SPI1	CD244A	0.0038531306199729443
GFI1B	LGALS1	0.003853096626698971
MEIS1	GM26917	0.003852482885122299
RAG2	CPNE8	0.003852155990898609
GATA2	VAMP1	0.0038517455104738474
GFI1B	CTSB	0.003851231187582016
GATA2	CFP	0.0038504931144416332
SPI1	HAAO	0.003849297994747758
NOTCH1	CKS1B	0.0038491105660796165
ELF1	SLC29A1	0.0038485475815832615
GFI1B	ZFP612	0.0038484372198581696
RAG2	IFI206	0.0038475084584206343
RAG2	TBC1D5	0.0038475049659609795
GATA2	PKIA	0.003847458865493536
MEIS1	RUSC2	0.0038471424486488104
IKZF1	KCTD12	0.003846112871542573
SPI1	CIPC	0.0038460653740912676
IKZF1	TIPIN	0.0038454162422567606
CBFB	ARHGEF18	0.0038452199660241604
SATB1	MCM4	0.0038452132139354944
RAG2	CCT2	0.003845132188871503
GFI1B	GM8203	0.0038451184518635273
FOXO1	IRAK3	0.0038450516294687986
SATB1	ITPR2	0.0038435549940913916
GFI1B	2810468N07RIK	0.003843478159978986
ELF1	RP2	0.0038433263543993235
ESR1	AFF3	0.0038433128502219915
SPI1	CMAH	0.0038425144739449024
SPI1	ELL2	0.003842355217784643
RAG2	PLEK	0.00384231423959136
GFI1B	IGF1	0.0038421619683504105
RAG2	NWD1	0.003842025063931942
ELF1	MYO5A	0.0038407836109399796
GFI1B	FAM171A1	0.003839101642370224
MEIS1	PAFAH2	0.003838917938992381
RAG2	ITSN1	0.0038388397078961134
GATA2	CD38	0.0038381721824407578
RAG2	SAT1	0.0038373160641640425
SPI1	AFF3	0.0038368285167962313
CBX7	ART4	0.0038364434149116278
RAG2	NDRG2	0.0038362040650099516
MEF2C	PRR5	0.003835116047412157
FOXO1	MEF2C	0.0038342508487403393
ELF1	GM4759	0.0038342445623129606
FOXO1	IKZF1	0.003833760740235448
CBX7	IGKC	0.003833600552752614
GFI1B	ELF1	0.0038329202216118574
CBFB	AI504432	0.0038327868096530437
SPI1	SLCO3A1	0.003832778660580516
CBX7	CORO7	0.0038323833141475916
CBFB	TBXA2R	0.003832354908809066
RAG2	NFIA	0.003832312300801277
IKZF1	FLNA	0.003832210786640644
CBX7	PPM1G	0.003832167712971568
ESR1	CAVIN2	0.0038319327868521214
GATA2	JCHAIN	0.003831724403426051
ESR1	IGFBP4	0.0038306908681988716
CBX7	CST7	0.0038305269554257393
MEF2C	CSF1R	0.0038304608315229416
IRF8	KCTD12	0.003830342786386609
GFI1B	KAZALD1	0.0038299912121146917
RAG2	COX7B	0.00382978655397892
MYC	BPIFC	0.003829600755125284
CBFB	ZMIZ1	0.003828518558293581
NOTCH1	ARL11	0.0038285080809146166
MYC	ARHGAP15	0.0038280680309981108
IRF8	FADS1	0.003827326465398073
GFI1B	TRPV2	0.0038271944504231215
SPI1	PLIN3	0.003826758824288845
RAG2	BTLA	0.0038264538161456585
CBX7	PLXDC2	0.0038261900190263987
RAG2	CCDC136	0.0038260272704064846
MEIS1	CD55	0.0038258035201579332
MEF2C	ARHGEF18	0.003825603751465678
ESR1	CAPG	0.0038255809340626
IKZF1	LACTB	0.0038254065439105034
CBX7	LHCGR	0.0038252563681453466
FOXO1	ALDH1A1	0.003825048916041851
MEIS1	CCT2	0.0038243671879172325
SATB1	ADSSL1	0.0038240859284996986
GFI1B	PAQR5	0.0038237599655985832
MEIS1	LSP1	0.003823737381026149
CBX7	9530082P21RIK	0.0038235364481806755
CBX7	IRF8	0.003823016071692109
IRF8	RNF13	0.0038229762576520443
RAG2	RRAS	0.0038229336496442556
CBX7	OSGIN1	0.0038227210752665997
SPI1	MPO	0.003821206046268344
CBX7	SLA	0.003820874961093068
GFI1B	N4BP3	0.003820807207375765
NOTCH1	KIF17	0.0038207785692065954
GFI1B	TMEM173	0.003820771584287286
FOXO1	CPQ	0.0038206165190786123
IRF8	FRMD6	0.0038193727377802134
GATA2	PLEKHB1	0.0038189783226698637
IKZF1	SLA	0.003818381344899535
CBX7	RASA4	0.003817320801317692
CBFB	CORO7	0.0038161000702530146
ESR1	SPNS2	0.0038154737558215857
GATA2	MYC	0.0038143040146678686
RAG2	ARHGAP15	0.0038140667602419853
FOXO1	ADAM17	0.0038140621036291122
SPI1	GIMAP1OS	0.0038139708340168
MYC	FLNA	0.0038130704779177904
CBX7	PTPRE	0.0038130327593535185
CBX7	JAM3	0.0038125566206872463
SPI1	CCDC112	0.0038109347224235535
CBX7	FOXO1	0.003810551716014743
CBX7	PKIA	0.0038102867547422647
NOTCH1	ZFP422	0.003810281865298748
CBX7	CDK19	0.0038102352991700172
ELF1	ABHD17B	0.0038097756914794445
RAG2	GGT5	0.0038096054922789335
CBX7	GIMAP4	0.0038086925633251667
SATB1	ADGRL4	0.003808338660746813
ESR1	5430427O19RIK	0.003808041801676154
MYC	SATB1	0.0038074881304055452
SATB1	LCP1	0.003807368455454707
GFI1B	NOXA1	0.003807360539212823
ESR1	IL18RAP	0.0038063284009695053
SPI1	NDN	0.003806292312219739
NOTCH1	LGALS1	0.003806023159995675
CBFB	TNFAIP2	0.003805638989433646
ESR1	SPNS3	0.0038054687902331352
GFI1B	DYNLL1	0.0038052722811698914
SATB1	XIST	0.00380469998344779
NOTCH1	PLD4	0.003804677864536643
IRF8	PPM1G	0.003803785191848874
FOXO1	PLD4	0.003803490661084652
CBX7	CRACR2B	0.0038033449091017246
FOXO1	AMPD2	0.0038031458389014006
RAG2	RUNX1T1	0.0038029903080314398
CBX7	CTNNAL1	0.0038024571258574724
MEIS1	SHISA9	0.0038020992651581764
RAG2	EPSTI1	0.0038018752820789814
NOTCH1	LY86	0.003801618702709675
MEIS1	NRROS	0.003801366314291954
RAG2	FADS1	0.0038012852892279625
RAG2	VEGFC	0.0038012422155588865
IRF8	C030034L19RIK	0.0038005542010068893
MYC	CORO7	0.0038004666566848755
NOTCH1	GM37124	0.0038002817891538143
NOTCH1	GM20342	0.003800135338678956
GATA2	TMEM37	0.0037996917963027954
IKZF1	PKIB	0.003799175377935171
CBX7	ESR1	0.003798839868977666
ELF1	PANX1	0.003798610996454954
CBFB	KIT	0.0037984238006174564
CBX7	AI504432	0.003797825425863266
NOTCH1	KCTD12	0.003797486424446106
RAG2	SLC6A15	0.003797444747760892
GFI1B	KIF17	0.0037973837461322546
ELF1	IKZF1	0.003797353943809867
CBX7	SERPINA3N	0.003796706674620509
CBX7	WFDC2	0.0037960950285196304
ESR1	ABHD17B	0.0037960116751492023
MEIS1	SLC29A1	0.003795833792537451
RAG2	PRDM16	0.0037951343692839146
MEIS1	MPDZ	0.00379508757032454
CBX7	ESAM	0.0037948971148580313
MEF2C	ATP1A3	0.0037946479860693216
MYC	CYFIP2	0.0037925089709460735
MYC	IL12A	0.003792477073147893
RAG2	SERPINB1A	0.0037924088537693024
CBX7	TOP2A	0.003792214673012495
FOXO1	LAG3	0.0037921839393675327
NOTCH1	IGHV1-76	0.00379168801009655
SPI1	CST7	0.003791605355218053
MEIS1	PAG1	0.003791146446019411
FOXO1	CTR9	0.0037909764796495438
MYC	DUSP5	0.0037907876539975405
GFI1B	SELL	0.0037905487697571516
MEIS1	OSGIN1	0.0037900360766798258
SPI1	IFI206	0.003789569018408656
IRF8	MAML3	0.0037886356003582478
FOXO1	MAGED1	0.003788543865084648
CBX7	RASSF2	0.0037880726158618927
SATB1	STK10	0.0037880209274590015
FOXO1	JAM3	0.0037879925221204758
SPI1	SYTL1	0.0037879522424191236
CBX7	IFITM3	0.0037877517752349377
MEF2C	C030034L19RIK	0.0037872553803026676
SATB1	PGR	0.003786857007071376
CBX7	UPP1	0.003786799730733037
CBFB	ANGPT1	0.0037867133505642414
GFI1B	SLC6A15	0.0037861911114305258
GFI1B	ACAP1	0.0037859792355448008
FOXO1	ARHGEF28	0.0037858521100133657
ELF1	MCM5	0.0037857969291508198
RAG2	KAZALD1	0.003785549895837903
FOXO1	AKNA	0.0037849759683012962
RAG2	DACH1	0.0037848895881325006
ESR1	NEURL3	0.003784629749134183
CBX7	CTSL	0.0037845878396183252
IKZF1	ATPIF1	0.0037843852769583464
GATA2	ADAM17	0.0037838818971067667
MYC	TSPAN3	0.003783315420150757
SPI1	PRIM1	0.003783141728490591
IKZF1	LSP1	0.0037828010972589254
CBX7	RBPMS	0.003781009465456009
FOXO1	RASIP1	0.003780379658564925
NOTCH1	PTP4A3	0.0037798378616571426
GFI1B	TNS2	0.003779726568609476
GFI1B	GBP2	0.0037795898970216513
RAG2	H2-DMA	0.0037793389055877924
RAG2	NKG7	0.0037791025824844837
GATA2	ARHGEF39	0.003778790822252631
GFI1B	IGFBP4	0.003778772661462426
NOTCH1	GGT5	0.00377809745259583
FOXO1	CREG1	0.003778001992031932
FOXO1	MSMO1	0.0037779950071126223
MEIS1	TTC39B	0.003777452278882265
CBFB	F630028O10RIK	0.0037773018702864647
FOXO1	FAM171A1	0.0037771533243358135
GFI1B	POLA2	0.0037769642658531666
ESR1	ATPIF1	0.0037769407499581575
IKZF1	MILR1	0.0037764529697597027
MEF2C	TPM4	0.0037764522712677717
SPI1	MIR6240	0.003775784745812416
ESR1	PARVG	0.0037757314275950193
CBX7	CSF3R	0.003775677178055048
IKZF1	TAPT1	0.0037749847397208214
GATA2	LAG3	0.00377494259737432
CBX7	SYTL1	0.003773930948227644
SPI1	CD74	0.003773788921535015
IKZF1	GOLM1	0.0037735479418188334
GATA2	NDNF	0.0037733898498117924
FOXO1	TNFAIP2	0.003773010103031993
CBFB	NAV1	0.0037729425821453333
ESR1	ZYX	0.003772011725232005
CBX7	TFEC	0.0037714645732194185
MEF2C	PARP8	0.0037712552584707737
FOXO1	MN1	0.0037711751647293568
CBX7	CCDC112	0.003770653158426285
SPI1	HSD3B7	0.0037702133413404226
GFI1B	PLCL1	0.0037699963431805372
SPI1	MCTP2	0.003769734874367714
FOXO1	BTG2	0.0037693737540394068
RAG2	VDR	0.003769033122807741
MYC	GM5111	0.0037689469754695892
FOXO1	VEGFC	0.00376868830062449
ESR1	SOCS2	0.003768298774957657
ELF1	HSPE1	0.003768165595829487
GATA2	ZFP37	0.0037670149467885494
ESR1	CSF3R	0.003766959300264716
ESR1	PSTPIP1	0.0037666489370167255
NOTCH1	SLC16A11	0.0037664249539375305
MEF2C	GGTA1	0.0037663672119379044
ELF1	RPL41	0.0037656060885638
NOTCH1	GNG2	0.0037655166815966368
ESR1	UCP2	0.00376501539722085
CBX7	KRT18	0.0037649336736649275
CBX7	BCL2	0.0037649162113666534
MEIS1	HSPE1	0.003764578839763999
MEIS1	KLHL4	0.003763969521969557
IRF8	ARHGAP27	0.0037627823185175657
RAG2	PDE1B	0.0037621483206748962
RAG2	CES2G	0.0037620195653289557
IKZF1	HNF4A	0.003761960892006755
FOXO1	LDHD	0.003761035157367587
CBX7	TMEM206	0.0037610065191984177
ESR1	MGAT1	0.0037606910336762667
CBFB	RGS19	0.003759892424568534
FOXO1	SERPINA3F	0.0037597522605210543
IRF8	TMEM268	0.0037596561014652252
CBX7	P2RX1	0.003759218379855156
GFI1B	ATP1A3	0.003758165054023266
ELF1	GPR65	0.003757932223379612
NOTCH1	GM5111	0.0037576998583972454
GFI1B	CKS1B	0.00375765492208302
GATA2	PBLD2	0.0037572726141661406
MYC	PAFAH2	0.003757201600819826
CBFB	SDSL	0.003757005324587226
MEIS1	GPC1	0.0037563233636319637
RAG2	FHL1	0.00375623838044703
ELF1	ATP1A3	0.0037551820278167725
RAG2	IGHJ4	0.0037549277767539024
SPI1	CBX7	0.003754563396796584
MEF2C	KLF3	0.0037544078659266233
CBX7	GNG2	0.00375436432659626
GFI1B	CCDC112	0.0037539764307439327
SATB1	LPCAT2	0.003753796685487032
MEF2C	DOK2	0.0037525875959545374
GFI1B	ESR1	0.0037521258927881718
CBX7	LY86	0.003752089338377118
MYC	RNF38	0.0037520709447562695
CBX7	IL1R1	0.003751021809875965
GFI1B	STARD4	0.0037507638335227966
IRF8	SLC18A1	0.003750717733055353
SPI1	CAR2	0.0037504611536860466
IKZF1	LDHB	0.003749558934941888
SPI1	GM20342	0.00374944182112813
CBX7	UNC93B1	0.0037482723128050566
CBX7	MSMO1	0.003748214803636074
RAG2	TRIM16	0.0037480222526937723
MEIS1	PKIA	0.003747796406969428
RAG2	RNF125	0.0037477563600987196
RAG2	EYA2	0.00374774681404233
MYC	FADS1	0.003747217357158661
GFI1B	PDGFRB	0.0037464157212525606
MEIS1	VAV3	0.003745522117242217
CBX7	SLAMF1	0.003742832690477371
IKZF1	CD244A	0.003742690198123455
RAG2	RUSC2	0.0037423099856823683
GFI1B	PBLD2	0.003742275293916464
SPI1	PECAM1	0.0037422706373035908
FOXO1	FAM171B	0.003742223372682929
SATB1	ZFP367	0.00374123128131032
CBFB	ARHGAP27	0.0037411311641335487
CBX7	CLEC2I	0.003740789368748665
CBFB	ARHGAP15	0.003740720683708787
MYC	TYROBP	0.00374019518494606
RAG2	ZFP658	0.0037401767913252115
SPI1	TBXA2R	0.003739951178431511
ESR1	RAB27B	0.0037396831903606653
CBX7	PRKCH	0.0037378575652837753
IKZF1	MCM5	0.0037375558167696
SPI1	PLD4	0.003737045917659998
FOXO1	ITGB2	0.003737004240974784
MEIS1	RHOJ	0.003736252197995782
ELF1	CSF1R	0.0037359725683927536
GFI1B	TAPT1	0.00373558490537107
GATA2	OCLN	0.0037348447367548943
SPI1	CD33	0.0037344074808061123
RAG2	GM973	0.0037342309951782227
FOXO1	MYO5A	0.003733897116035223
CBX7	CHRNB1	0.0037331555504351854
FOXO1	TRIB3	0.003732764394953847
SATB1	4833407H14RIK	0.0037326246965676546
CBX7	CTSS	0.003732621204108
RAG2	IL10RA	0.003732495242729783
IKZF1	CD44	0.003731863107532263
MEIS1	SNAP23	0.0037318444810807705
CBX7	LYN	0.003731665201485157
CBX7	CREG1	0.00373084656894207
FOXO1	CRACR2B	0.003730747615918517
MEF2C	SSTR2	0.0037307427264750004
NOTCH1	MYO5A	0.0037306882441043854
CBX7	SDC1	0.0037300712428987026
GFI1B	RAG2	0.0037296204827725887
RAG2	ACAP1	0.0037289131432771683
SPI1	KIT	0.003728757845237851
MEF2C	PGRMC1	0.0037285941652953625
ESR1	SLC18A1	0.0037284649442881346
ESR1	SYK	0.0037282626144587994
IRF8	SYK	0.003728104755282402
FOXO1	IFITM1	0.003727714065462351
CBFB	GM15564	0.003727569477632642
MEIS1	CBFB	0.003727271920070052
NOTCH1	SERPINB1A	0.0037270395550876856
RAG2	GUCY1A1	0.0037267685402184725
FOXO1	RP2	0.003726479597389698
GFI1B	CAVIN2	0.003726332215592265
FOXO1	GBP9	0.0037251184694468975
FOXO1	SLA	0.00372496759518981
ELF1	LYN	0.0037245892453938723
MEIS1	F630028O10RIK	0.0037244646809995174
MEF2C	SLC29A1	0.003724459558725357
SPI1	ZBTB20	0.0037238155491650105
CBFB	NPDC1	0.003723632311448455
ELF1	COQ8A	0.0037230215966701508
SPI1	LTB	0.003722862573340535
MYC	CSGALNACT1	0.003722851164638996
CBX7	ARRDC4	0.0037225917913019657
CBFB	SELL	0.0037225193809717894
ESR1	RNF13	0.0037223894614726305
MYC	CPQ	0.0037215768825262785
ELF1	C130089K02RIK	0.003720921231433749
ESR1	F11R	0.0037207934074103832
MYC	PAG1	0.003720758715644479
CBFB	RORA	0.003720484906807542
MYC	GGT5	0.003720294451341033
GFI1B	DPP4	0.003719951491802931
RAG2	PKN3	0.0037197433412075043
GATA2	CCL9	0.0037190159782767296
FOXO1	FSTL1	0.0037187961861491203
RAG2	CRACR2B	0.0037183265667408705
GFI1B	LARS2	0.0037180266808718443
FOXO1	LPCAT2	0.003716216189786792
FOXO1	TTC39B	0.003715530503541231
NOTCH1	MIR6240	0.003715505125001073
RAG2	PDGFC	0.0037152704317122698
RAG2	RBPMS	0.003714572638273239
IRF8	CDK19	0.0037145090755075216
ELF1	LAX1	0.0037138634361326694
ESR1	OAS2	0.0037117088213562965
ESR1	SLCO3A1	0.003711518831551075
CBFB	GM1966	0.003711504628881812
ESR1	LSP1	0.003711390309035778
CBX7	UBASH3A	0.003711351426318288
MEIS1	TNFAIP2	0.0037112825084477663
FOXO1	MOGS	0.0037109795957803726
SATB1	EVI2A	0.0037104059010744095
CBX7	SERPINB6A	0.003710351884365082
FOXO1	CD48	0.0037103421054780483
CBX7	SERPINF1	0.003710266202688217
CBFB	IFI27	0.0037097518797963858
MEIS1	NPM1	0.0037096869200468063
GFI1B	TSPAN2	0.0037095530424267054
FOXO1	KRT18	0.003709257347509265
SPI1	ATP1A3	0.0037084079813212156
MEIS1	GM10384	0.0037081236951053143
RAG2	SCRN1	0.0037080757319927216
ESR1	IFI27L2A	0.003707879688590765
SATB1	MKI67	0.003707172581925988
ESR1	GAS2L3	0.0037059043534100056
IKZF1	TSPAN2	0.0037058580201119184
CBX7	CHIL5	0.0037057080771774054
FOXO1	TIPIN	0.0037056661676615477
GATA2	PARP8	0.0037054906133562326
MEIS1	IFI27	0.0037051737308502197
ESR1	NSMF	0.003705157432705164
CBX7	PAG1	0.0037050785031169653
ELF1	ARHGDIB	0.003704837756231427
FOXO1	RCSD1	0.003702716203406453
GFI1B	PROCR	0.003701792797073722
FOXO1	CLIP3	0.0037015664856880903
RAG2	ARRDC4	0.0037015355192124844
GFI1B	PRDM16	0.0037014279514551163
IKZF1	NHP2	0.0037012798711657524
IRF8	NAV1	0.0037005902267992496
RAG2	NDNF	0.0037000933662056923
IKZF1	ARL11	0.0036995112895965576
RAG2	KRT18	0.0036984062753617764
RAG2	RGS19	0.0036978614516556263
NOTCH1	PGRMC1	0.0036977415438741446
CBX7	C130089K02RIK	0.0036973843816667795
FOXO1	CTNND2	0.003697086125612259
ESR1	RGS19	0.0036967953201383352
MEF2C	VAV3	0.0036960516590625048
GFI1B	GM15564	0.003695904742926359
MYC	NAPSA	0.0036951168440282345
SPI1	GM10384	0.0036944791208952665
FOXO1	LY9	0.003693773876875639
MEIS1	JCHAIN	0.0036935016978532076
ESR1	FRMD6	0.003693058853968978
FOXO1	MCM4	0.0036926865577697754
IKZF1	IRF8	0.003692226018756628
IKZF1	2610307P16RIK	0.0036919484846293926
ELF1	KCTD12	0.0036912995856255293
CBFB	DOCK11	0.003691042773425579
FOXO1	SDSL	0.0036909019108861685
ESR1	SSH2	0.0036904753651469946
GFI1B	TINAGL1	0.0036902278661727905
MEF2C	OTULINL	0.003690220881253481
MYC	ITGAM	0.0036898881662636995
RAG2	SULT1A1	0.0036883435677736998
CBFB	ADAM17	0.003688160330057144
MEF2C	SLC22A3	0.0036877458915114403
ESR1	SELL	0.003687698859721422
MYC	SLC2A3	0.0036876804661005735
CBX7	IRF6	0.003687629709020257
CBX7	IPCEF1	0.0036875256337225437
MYC	ADSSL1	0.0036873870994895697
NOTCH1	RASSF2	0.00368675054050982
FOXO1	ADAMTSL5	0.003686666488647461
MEIS1	IGFBP4	0.0036862504202872515
NOTCH1	FUT7	0.0036860203836113214
SPI1	PTP4A3	0.003685933304950595
ESR1	VAMP5	0.0036857174709439278
MYC	IFI27	0.0036856650840491056
FOXO1	TUBB4B	0.003685461822897196
CBX7	GM4951	0.003685352858155966
ESR1	VWF	0.0036844576243311167
FOXO1	LAX1	0.0036844532005488873
ESR1	C030034L19RIK	0.00368418637663126
GATA2	PPM1G	0.0036839658860117197
SATB1	CCNG2	0.003683930728584528
IRF8	ITGB7	0.0036830934695899487
CBFB	PPM1G	0.0036829751916229725
RAG2	PLEKHB1	0.0036826517898589373
MEIS1	H2-DMA	0.003682459704577923
GFI1B	SLBP	0.0036823267582803965
GFI1B	SP100	0.003681967966258526
ELF1	AFF3	0.0036817442160099745
MEIS1	C030034L19RIK	0.003681233385577798
NOTCH1	RNASE6	0.0036809523589909077
IRF8	NCAPD2	0.0036806894931942225
FOXO1	CD44	0.0036802005488425493
FOXO1	RFTN1	0.0036793644540011883
NOTCH1	UBASH3A	0.0036788012366741896
ELF1	CORO1A	0.0036786189302802086
IKZF1	JCHAIN	0.0036784859839826822
RAG2	ERP29	0.0036784070543944836
SPI1	PRDM16	0.0036783250980079174
NOTCH1	TES	0.0036782422102987766
RAG2	PRKCH	0.0036777968052774668
SPI1	TAPT1	0.003677381668239832
MEIS1	DPP4	0.0036770878359675407
SATB1	CTSG	0.0036766421981155872
CBX7	XDH	0.003676540683954954
CBX7	SELENOP	0.003675937419757247
ESR1	MCM7	0.0036759173963218927
MYC	SLC16A10	0.003675788175314665
CBFB	CD53	0.0036756990011781454
CBX7	GPC1	0.0036745923571288586
GFI1B	MOGS	0.003674226813018322
NOTCH1	SERP1	0.0036740268114954233
MYC	CDK17	0.003673998638987541
MYC	BC035044	0.0036737245973199606
SATB1	ELOVL5	0.003673623548820615
IRF8	LARS2	0.003673475468531251
SPI1	IL18RAP	0.0036734365858137608
NOTCH1	TRIB3	0.0036733162123709917
NOTCH1	SLC39A6	0.003672820283100009
SPI1	FCGRT	0.003672801423817873
RAG2	GAA	0.0036725408863276243
ESR1	NAPSA	0.0036724417004734278
IKZF1	LAG3	0.003671900136396289
ELF1	DOCK11	0.0036711764987558126
SPI1	NUCB2	0.003670378355309367
FOXO1	GM15564	0.003670270321890712
GFI1B	TTC39B	0.003669409081339836
CBFB	SERP1	0.003669263795018196
MEIS1	MAML3	0.003668018151074648
MYC	F630028O10RIK	0.0036676262971013784
MEF2C	TRPV2	0.0036675697192549706
ESR1	MTUS1	0.0036673054564744234
ESR1	ZFP658	0.0036669550463557243
MEIS1	GGTA1	0.0036669503897428513
GFI1B	PRIM1	0.0036667699459940195
CBX7	ARHGAP27	0.003666456788778305
MEIS1	BTG2	0.0036662982311099768
CBX7	ELF1	0.0036658456083387136
MEIS1	RRAS	0.003665665164589882
FOXO1	PRNP	0.0036652626004070044
SPI1	SLC2A3	0.003665059804916382
FOXO1	GBP2	0.0036642567720264196
GFI1B	SLA	0.0036639426834881306
ESR1	PTP4A3	0.0036634360440075397
GFI1B	GM45837	0.003663427662104368
GFI1B	PDE1C	0.0036633082199841738
ELF1	MCM7	0.003663289360702038
CBX7	GGTA1	0.0036629480309784412
GFI1B	9530082P21RIK	0.0036628625821322203
GFI1B	GBP4	0.003662463976070285
GATA2	MKI67	0.0036623277701437473
ESR1	UBA7	0.0036608166992664337
CBFB	ST8SIA4	0.003660171991214156
ESR1	SGMS1	0.0036597764119505882
IRF8	USP11	0.0036593375261873007
MEIS1	GM5111	0.0036578162107616663
RAG2	IGFBP4	0.003657592460513115
CBX7	PLSCR4	0.0036575528793036938
RAG2	ARHGEF28	0.003657296532765031
GATA2	CCNG2	0.003656836226582527
CBX7	XIST	0.003656439483165741
SATB1	ITGAM	0.0036563710309565067
FOXO1	MAML3	0.003655549604445696
SATB1	LAG3	0.003655246226117015
SPI1	ITGAM	0.003653827589005232
MEIS1	CCL3	0.0036531854420900345
SPI1	CDK19	0.0036526271142065525
IKZF1	IL7R	0.0036525987088680267
GATA2	RGS19	0.0036520708817988634
MEF2C	ANKRD44	0.00365185528062284
SPI1	SMPDL3A	0.0036506270989775658
GATA2	PDGFC	0.0036505975294858217
NOTCH1	MCM5	0.0036501861177384853
SATB1	ARPP21	0.0036499877460300922
CBX7	ATP8B4	0.0036496955435723066
CBX7	CPXM1	0.003649636637419462
IRF8	UBASH3A	0.0036495153326541185
CBX7	TRIB3	0.0036493572406470776
ELF1	IGHV1-81	0.0036487060133367777
IRF8	CD74	0.0036486040335148573
ELF1	BLNK	0.003648232202976942
ELF1	ITGAL	0.003647882491350174
SPI1	ITGB7	0.003647277830168605
ESR1	VEGFC	0.003646924626082182
GATA2	NCAPD2	0.0036467304453253746
IRF8	ITPR2	0.003646190045401454
GATA2	SCRN1	0.0036458515096455812
SATB1	CCT2	0.0036455581430345774
RAG2	PLXNC1	0.0036452810745686293
IKZF1	RUSC2	0.0036452377680689096
CBX7	DACH1	0.003645144635811448
SPI1	CTR9	0.0036451166961342096
RAG2	KLRD1	0.003645106917247176
SATB1	MPEG1	0.0036450237967073917
FOXO1	ICOS	0.0036440540570765734
IRF8	SERP1	0.003643597709015012
ESR1	LCK	0.0036423325072973967
SATB1	ARL11	0.0036415178328752518
ELF1	ANKRD44	0.0036413625348359346
FOXO1	GM10419	0.0036412524059414864
CBX7	CAV2	0.0036410395987331867
ELF1	SAT1	0.003640904789790511
SPI1	IRAK3	0.003640787210315466
GFI1B	ZFP62	0.0036406908184289932
IRF8	LGMN	0.0036399965174496174
GFI1B	CORO7	0.0036397946532815695
RAG2	UNC45BOS	0.003639784874394536
FOXO1	ARHGEF39	0.003639624221250415
MYC	HOXA9	0.0036396223586052656
NOTCH1	RNF213	0.0036396165378391743
GATA2	GMNN	0.003638769267126918
GFI1B	IFI27	0.0036385853309184313
MYC	SAMSN1	0.003637814661487937
ESR1	GIMAP5	0.0036375161726027727
FOXO1	D630039A03RIK	0.003637463552877307
IKZF1	ZNRF2	0.003637259593233466
MYC	UBASH3A	0.003636591602116823
MEIS1	CLEC1A	0.0036361992824822664
MEIS1	RNASE6	0.003635679604485631
MEIS1	IRF6	0.003634348511695862
IRF8	DUSP5	0.0036339242942631245
GFI1B	TSPAN3	0.0036337883211672306
FOXO1	PDGFD	0.0036336348857730627
NOTCH1	N4BP3	0.0036334008909761906
SATB1	PKIB	0.0036326954141259193
RAG2	CX3CL1	0.0036321370862424374
CBFB	LAPTM5	0.003632135456427932
SATB1	HSPE1	0.003631599945947528
MEF2C	MIR6240	0.003631594590842724
MEIS1	RHOH	0.0036310723517090082
SPI1	ARID5A	0.003630761755630374
ESR1	PAFAH2	0.0036304749082773924
CBX7	VDR	0.0036302192602306604
ESR1	GM4759	0.0036300811916589737
MEF2C	CD81	0.0036291354335844517
SPI1	ANKRD44	0.0036289971321821213
RAG2	TTC39B	0.0036289640702307224
MYC	ZYX	0.0036288739647716284
FOXO1	VLDLR	0.0036285212263464928
SPI1	AP1S2	0.003627766389399767
MYC	LACTB	0.003627130528911948
RAG2	OCLN	0.0036268976982682943
CBX7	IRAK3	0.003626253455877304
FOXO1	IL7R	0.0036254501901566982
CBFB	FADS1	0.0036249945405870676
MEF2C	CCNG2	0.0036248937249183655
CBX7	ACAP1	0.0036247684620320797
RAG2	CDK18	0.003624693490564823
GFI1B	CDK18	0.0036240103654563427
RAG2	AFDN	0.003623839933425188
NOTCH1	DEPP1	0.0036235274747014046
RAG2	CTSG	0.0036221714690327644
NOTCH1	PSTPIP1	0.0036219535395503044
SPI1	KLHL4	0.003621724434196949
SATB1	ARHGEF39	0.003621658543124795
FOXO1	HSD3B7	0.003621291136369109
SPI1	TMEM176B	0.003621211741119623
FOXO1	RAB27B	0.003621135838329792
RAG2	ADGRL4	0.003621011273935437
GFI1B	TBXA2R	0.0036205952055752277
CBFB	DOK2	0.003620490897446871
RAG2	BGN	0.0036202450282871723
FOXO1	SLC16A10	0.0036201286129653454
CBFB	ITGAM	0.003619956085458398
IKZF1	BPIFC	0.0036189155653119087
CBFB	EMB	0.00361827714368701
IKZF1	CORO7	0.003617897629737854
CBX7	DUSP1	0.003617639420554042
RAG2	NDN	0.003617288079112768
SATB1	SIGLECG	0.003617042675614357
IRF8	SLC9A9	0.0036166401114314795
SPI1	COX6A1	0.003615910653024912
SPI1	ARHGEF18	0.0036153497640043497
RAG2	FAM110C	0.0036142361350357533
ESR1	ARHGEF39	0.0036139327567070723
ELF1	CCL3	0.0036128771025687456
MEF2C	ZFP422	0.0036126449704170227
MEIS1	TBXA2R	0.0036125609185546637
GATA2	CHIL5	0.0036125474143773317
MYC	GM1966	0.0036123578902333975
NOTCH1	LARS2	0.003612252650782466
FOXO1	CCR9	0.0036121432203799486
IRF8	PSTPIP1	0.0036117620766162872
SPI1	ZNRF2	0.003611670807003975
GFI1B	PLEKHB1	0.003610377898439765
ESR1	LY86	0.0036101508885622025
RAG2	SPI1	0.0036099175922572613
IKZF1	LCP1	0.0036077217664569616
ELF1	WLS	0.0036076020915061235
GFI1B	IL18BP	0.0036070398055016994
ELF1	ATPIF1	0.0036066158208996058
MEF2C	IL18RAP	0.0036053056828677654
IRF8	PARVG	0.0036047648172825575
FOXO1	MYCT1	0.0036047357134521008
CBFB	PRSS57	0.0036047182511538267
IKZF1	SDC1	0.003604114055633545
ESR1	CD69	0.0036041024141013622
SATB1	CAMSAP2	0.0036039806436747313
MEF2C	LRRC8C	0.0036036961246281862
CBFB	SLC44A2	0.0036029138136655092
SPI1	HCK	0.00360285397619009
FOXO1	KCTD12	0.0036023580469191074
RAG2	OAS2	0.0036022523418068886
CBFB	UBE2L6	0.003602193668484688
GFI1B	PTP4A3	0.003602137789130211
RAG2	SHISA9	0.003601998323574662
ELF1	TBC1D5	0.0036019349936395884
MEIS1	GNG2	0.0036014870274811983
SPI1	RNF213	0.003601273987442255
ELF1	NPM1	0.0036008998285979033
FOXO1	DEF8	0.0036004111170768738
RAG2	PEAR1	0.0036002425476908684
SATB1	PAG1	0.0036000737454742193
ESR1	HOXA9	0.003599713556468487
FOXO1	LYN	0.0035995885264128447
CBX7	SLC39A6	0.0035987908486276865
CBX7	GM37124	0.0035987154114991426
GFI1B	NAPSA	0.0035984970163553953
ELF1	TOP2A	0.0035980965476483107
RAG2	CLEC1A	0.00359772308729589
CBFB	TMEM123	0.0035973708145320415
RAG2	OBSL1	0.003597108181566
CBFB	ITGAL	0.0035968655720353127
CBFB	UAP1L1	0.00359644484706223
FOXO1	CTSF	0.0035964001435786486
IRF8	MN1	0.0035961871035397053
SPI1	HACD4	0.003595641115680337
MEIS1	SERPINB1A	0.0035955829080194235
GFI1B	NSMF	0.003595478367060423
IRF8	GM15564	0.003595066489651799
MEF2C	ACAP1	0.003594718175008893
ELF1	SNAP23	0.003594539826735854
RAG2	HID1	0.0035945118870586157
GFI1B	CBX7	0.0035944385454058647
NOTCH1	CARD6	0.0035943156108260155
RAG2	GM2A	0.0035930476151406765
SPI1	CTSB	0.003592746565118432
ELF1	BPIFC	0.0035925228148698807
IRF8	CRIP1	0.003592425025999546
ESR1	IL12A	0.00359235517680645
RAG2	TEAD2	0.0035920999944210052
FOXO1	ART4	0.0035920897498726845
IRF8	NUDT19	0.003591775894165039
MEIS1	MAN1A	0.0035914392210543156
RAG2	EVI2A	0.0035914380569010973
MEIS1	TRPV2	0.003590900916606188
MEF2C	CYFIP2	0.0035907872952520847
ELF1	FADS1	0.0035905824042856693
FOXO1	DRC7	0.0035903931129723787
SPI1	GCSAM	0.0035894722677767277
ESR1	LPCAT2	0.00358943291939795
CBX7	RGS19	0.0035893984604626894
MEF2C	SLC39A6	0.0035893202293664217
CBX7	NCF1	0.003589203581213951
SATB1	NUCB2	0.0035890634171664715
RAG2	GM11346	0.0035886880941689014
CBFB	FUT8	0.0035885567776858807
FOXO1	LRRC8C	0.0035883395466953516
RAG2	TCAF1	0.0035877253394573927
SPI1	COX7B	0.0035876461770385504
FOXO1	TRPV2	0.0035876338370144367
GFI1B	OTUB2	0.0035873136948794127
FOXO1	GPX3	0.003586545819416642
FOXO1	MPDZ	0.0035858566407114267
ELF1	DEF8	0.0035854820162057877
IRF8	SLBP	0.0035852380096912384
CBX7	TNFAIP2	0.003584418911486864
RAG2	OSGIN1	0.003583781188353896
RAG2	CHIL5	0.0035837762989103794
RAG2	ENPP5	0.0035832689609378576
IRF8	SLC44A2	0.003582977456972003
NOTCH1	IGHV1-82	0.0035827127285301685
GFI1B	DUSP6	0.0035824801307171583
MEF2C	ZYX	0.0035824324004352093
CBX7	CAMSAP2	0.0035822209902107716
FOXO1	GSN	0.0035822009667754173
SPI1	BPIFC	0.0035820393823087215
ESR1	ARHGDIB	0.0035816035233438015
IKZF1	NFIA	0.0035814254079014063
GFI1B	ZMIZ1	0.0035806596279144287
MEF2C	KCTD12	0.0035802603233605623
MEF2C	ARHGDIB	0.003580253105610609
RAG2	CHST2	0.003579584648832679
RAG2	FAM171A1	0.003579515963792801
ESR1	TMEM14C	0.0035794805735349655
GFI1B	ABCG3	0.0035790782421827316
SPI1	JPT1	0.0035787089727818966
NOTCH1	CTR9	0.00357850082218647
CBFB	AMPD2	0.003577958792448044
SATB1	BLNK	0.003576809773221612
ESR1	GM37124	0.0035761352628469467
MEIS1	PSTPIP1	0.0035760398022830486
SPI1	PRKCH	0.003574935020878911
GFI1B	NCEH1	0.003574878443032503
GFI1B	KLHL4	0.003574470290914178
CBX7	KIF17	0.0035740535240620375
ESR1	ME2	0.0035737629514187574
NOTCH1	PDE1B	0.003573368303477764
RAG2	CLIP3	0.0035726409405469894
MEF2C	RHOH	0.003572610206902027
ELF1	SIGLECG	0.003571458160877228
NOTCH1	PRSS57	0.003570041386410594
RAG2	TMEM37	0.003570011118426919
RAG2	PLXNA4OS1	0.003570009721443057
GFI1B	SPI1	0.0035698593128472567
ESR1	MYC	0.0035694153048098087
SATB1	EPSTI1	0.0035693657118827105
MYC	CFP	0.003569295397028327
GFI1B	FUCA2	0.0035692777018994093
MYC	XPC	0.003568559419363737
SPI1	SLC9A9	0.003568490734323859
MYC	CD81	0.00356841622851789
CBX7	NFE2	0.0035683484748005867
MEF2C	XIST	0.0035677808336913586
GFI1B	FKBP9	0.0035676099359989166
ESR1	LONP2	0.00356737500987947
ESR1	H1F0	0.0035660844296216965
CBX7	GBP4	0.003565798746421933
CBFB	GNG2	0.003565554739907384
CBX7	PIRB	0.0035651600919663906
IRF8	GOLM1	0.0035649146884679794
NOTCH1	TIPIN	0.0035644250456243753
SATB1	ATPIF1	0.0035644113086163998
SPI1	DDX4	0.003564396407455206
IRF8	UCP2	0.003564232960343361
MEIS1	CYP26B1	0.003563879756256938
CBFB	MEIS1	0.0035636723041534424
ESR1	PKIB	0.003563528647646308
ESR1	SPI1	0.0035629638005048037
SPI1	PKIB	0.0035629370249807835
FOXO1	VAV3	0.0035618816036731005
IRF8	RNF38	0.0035617651883512735
SPI1	GGTA1	0.0035614827647805214
ESR1	RORA	0.003561232937499881
IKZF1	BLNK	0.0035607789177447557
FOXO1	2610307P16RIK	0.00356071419082582
IKZF1	RNF38	0.003560712095350027
ESR1	ADSSL1	0.0035607072059065104
GFI1B	ANKRD44	0.0035605167504400015
MEIS1	FAM110C	0.0035605148877948523
SPI1	AFDN	0.003560333512723446
FOXO1	ARHGEF18	0.0035601165145635605
RAG2	NUPR1	0.0035598231479525566
CBFB	LY9	0.003559725359082222
CBFB	RCSD1	0.0035589486360549927
FOXO1	CAV2	0.003558631055057049
MYC	LARS2	0.0035580946132540703
FOXO1	PTP4A3	0.003558069933205843
IRF8	FOXO1	0.0035577034577727318
GFI1B	CPXM1	0.0035568266175687313
IKZF1	ITGB2	0.0035565742291510105
FOXO1	SATB1	0.003556446870788932
MEIS1	FHL1	0.003556428011506796
CBX7	SFRP1	0.0035560033284127712
CBX7	PPCDC	0.0035547439474612474
GATA2	ATPIF1	0.0035545816645026207
FOXO1	GBP4	0.003554452210664749
ELF1	RNF213	0.0035538540687412024
MYC	DACH1	0.003553690854460001
CBX7	CD55	0.003553352551534772
NOTCH1	NEURL3	0.003553221933543682
SPI1	PIRB	0.0035524265840649605
CBX7	PLCL1	0.0035514335613697767
RAG2	GIMAP4	0.0035510456655174494
RAG2	GHR	0.003550233319401741
CBX7	CTR9	0.003550149267539382
FOXO1	TMEM37	0.0035489851143211126
NOTCH1	ROBO4	0.003548887325450778
RAG2	SLC39A13	0.00354758626781404
NOTCH1	LTB	0.003546816762536764
ELF1	MYC	0.003545955289155245
CBX7	MYC	0.0035459392238408327
ESR1	CAMSAP2	0.0035459334030747414
GFI1B	CFP	0.0035458893980830908
GFI1B	ARPP21	0.0035458263009786606
CBFB	DHRS3	0.0035457811318337917
RAG2	MECOM	0.0035454716999083757
GFI1B	CDKN1C	0.00354534643702209
ESR1	ZFP367	0.0035447352565824986
FOXO1	CTSS	0.00354391778819263
NOTCH1	CCR9	0.0035436181351542473
CBX7	MTUS1	0.003543103113770485
ESR1	RUSC2	0.003542935475707054
CBX7	MPZL1	0.003542895894497633
ELF1	SLC25A5	0.003542749211192131
FOXO1	PF4	0.0035421454813331366
GFI1B	CLIP3	0.003541839076206088
SPI1	CDK6	0.0035416961181908846
IRF8	IKZF1	0.0035411883145570755
MEIS1	AMIGO2	0.0035408013500273228
GFI1B	PKN3	0.0035405484959483147
IRF8	GMNN	0.0035403959918767214
GATA2	ANXA2	0.0035402015782892704
CBX7	SCRN1	0.003539478173479438
MEF2C	SYTL1	0.0035382939968258142
IKZF1	MCM7	0.0035374960862100124
CBX7	SPI1	0.0035373971331864595
SPI1	IPCEF1	0.0035372800193727016
IRF8	CTSS	0.0035370721016079187
MEIS1	SPI1	0.0035369540564715862
CBX7	LRRC8C	0.003536768490448594
GFI1B	HNF4A	0.003535995027050376
IKZF1	SLC39A13	0.003535488387569785
GFI1B	YBX1	0.0035350602120161057
CBFB	CD63-PS	0.0035347281955182552
MEIS1	EVI2A	0.003533639246597886
NOTCH1	PRIM1	0.0035332946572452784
GFI1B	MYLK	0.0035329696256667376
FOXO1	AC174780.1	0.00353252817876637
RAG2	CBFB	0.003532316302880645
NOTCH1	LGMN	0.0035322571638971567
ESR1	STK17B	0.0035322061739861965
ESR1	PYGL	0.0035317670553922653
IKZF1	LGALS1	0.0035316674038767815
ELF1	TIPIN	0.0035307067446410656
MYC	RAB38	0.0035290801897644997
CBX7	PLXNA4OS1	0.0035286720376461744
ESR1	COX6A1	0.00352855259552598
RAG2	EEPD1	0.003528005676344037
MYC	DENND2D	0.003527536988258362
FOXO1	TRPC6	0.0035272936802357435
CBX7	D630039A03RIK	0.0035272687673568726
ELF1	CD81	0.0035268638748675585
NOTCH1	DUSP6	0.0035267332568764687
SPI1	SELL	0.003525978187099099
MEF2C	GM2A	0.0035253954119980335
GFI1B	CLEC1A	0.0035252803936600685
MEIS1	SULT1A1	0.003524772822856903
IKZF1	RPS27L	0.0035247679334133863
RAG2	TSC22D3	0.0035246782936155796
ESR1	ARHGAP29	0.003524652449414134
SATB1	YBX1	0.003524411702528596
CBX7	SNAP47	0.003524379339069128
IKZF1	TLR7	0.0035240924917161465
ESR1	IGHM	0.003523437771946192
RAG2	SHROOM4	0.0035228568594902754
SATB1	CCR7	0.003521983278915286
ESR1	9530082P21RIK	0.003521950449794531
ESR1	ICOS	0.0035215436946600676
MEIS1	IL18BP	0.0035213399678468704
CBX7	PRUNE2	0.0035212193615734577
MYC	TMEM176B	0.0035202819854021072
ELF1	MYCN	0.0035201215650886297
NOTCH1	PLXNA4OS1	0.0035201164428144693
IKZF1	C030034L19RIK	0.003520099213346839
MEIS1	SSTR2	0.0035195962991565466
ELF1	SPNS2	0.003518645418807864
NOTCH1	RP2	0.003518573008477688
CBX7	PRR5	0.003518229816108942
ESR1	MCM4	0.003518093377351761
FOXO1	CCNG2	0.003517666831612587
SPI1	ITGB2	0.0035176321398466825
IKZF1	SSTR2	0.003517132718116045
FOXO1	SCARF1	0.0035167732276022434
MEIS1	BPIFC	0.003516759490594268
SATB1	IFI206	0.0035166109446436167
MEF2C	SPNS3	0.0035160910338163376
CBX7	ARHGEF39	0.0035159841645509005
MEIS1	FLNA	0.003515630029141903
NOTCH1	IFI209	0.0035155797377228737
SATB1	PAQR5	0.003515291027724743
CBFB	CORO1A	0.003513091942295432
SPI1	NOTCH1	0.003512247232720256
SPI1	SEMA3D	0.003512198803946376
ESR1	MKI67	0.003511754097416997
SPI1	NEAT1	0.0035109398886561394
SPI1	TIPIN	0.003510544076561928
IKZF1	PGR	0.003509670961648226
GFI1B	LDHB	0.0035095277708023787
MEIS1	CRACR2B	0.0035095077473670244
CBX7	CTSG	0.003509187838062644
CBFB	PSTPIP1	0.0035088262520730495
NOTCH1	MRVI1	0.0035077338106930256
SATB1	SLC22A3	0.003507375717163086
CBX7	2610307P16RIK	0.0035069144796580076
MEF2C	ITGAL	0.0035067973658442497
MEF2C	CRIP1	0.0035060716327279806
MEIS1	HID1	0.0035060045775026083
ESR1	TOP2A	0.003505045548081398
ELF1	TMEM206	0.003504465101286769
MEIS1	OAS2	0.0035044350661337376
MYC	TOP2A	0.0035041251685470343
MEF2C	CTR9	0.003503988264128566
ELF1	CPXM1	0.003503892570734024
ELF1	N4BP3	0.003503056475892663
SPI1	KCTD12	0.0035030506551265717
NOTCH1	LACTB	0.0035028839483857155
ESR1	CCR7	0.00350226741284132
CBX7	LSP1	0.0035011270083487034
MEF2C	PTPRE	0.0035009935963898897
FOXO1	FADS1	0.0035008853301405907
CBX7	WFDC18	0.0035005747340619564
ELF1	UHRF1	0.003500105580314994
NOTCH1	ZNRF2	0.0034999565687030554
CBX7	TPM4	0.0034998420160263777
GFI1B	MLPH	0.003499818267300725
SPI1	TXNIP	0.0034996012691408396
MEIS1	PDGFD	0.0034987733233720064
GFI1B	ADGRL4	0.003498693462461233
FOXO1	RGS2	0.00349815865047276
RAG2	GPX1	0.0034976026508957148
FOXO1	ANGPT1	0.003497493453323841
SPI1	CREG1	0.003497371217235923
ELF1	CAMSAP2	0.003497224533930421
IKZF1	GM20342	0.0034970231354236603
ESR1	FUCA2	0.0034962089266628027
MEIS1	TAPT1	0.0034957651514559984
CBFB	DNTT	0.003495607292279601
ELF1	MPEG1	0.0034954948350787163
GATA2	ARHGAP15	0.003494895063340664
RAG2	CD38	0.0034948221873492002
ELF1	ATP8B4	0.0034944615326821804
SATB1	BTLA	0.00349416583776474
NOTCH1	CD44	0.003493520198389888
NOTCH1	CBFB	0.0034925227519124746
RAG2	ROBO4	0.00349217327311635
ELF1	CST7	0.0034912885166704655
MEIS1	NAIP6	0.0034912165720015764
RAG2	PLEKHG6	0.003490712493658066
MEF2C	EPSTI1	0.0034906072542071342
FOXO1	GIMAP5	0.0034904677886515856
SPI1	TIE1	0.0034903096966445446
MEF2C	RP2	0.0034897425211966038
GFI1B	LTB	0.0034896063152700663
FOXO1	GM4759	0.0034889064263552427
MYC	ARL11	0.0034888761583715677
ELF1	OAS2	0.003488226095214486
NOTCH1	GM10384	0.003488225629553199
CBX7	IFI206	0.003488045185804367
MEIS1	GPX1	0.003487713634967804
CBFB	MILR1	0.0034872267860919237
FOXO1	FHL1	0.0034869746305048466
RAG2	SLFN2	0.0034862705506384373
CBFB	SH2D5	0.0034862463362514973
ESR1	RBPMS	0.003486123401671648
GFI1B	CST7	0.003485987428575754
MEIS1	LARS2	0.0034848300274461508
SPI1	GFI1B	0.003484810935333371
MEIS1	PRNP	0.0034847778733819723
MEF2C	CORO1A	0.0034846398048102856
GATA2	TM4SF1	0.003484450513496995
NOTCH1	ADSSL1	0.003484334098175168
MEIS1	SYK	0.003484333399683237
CBX7	PLXNA1	0.003484285669401288
FOXO1	NUPR1	0.0034842747263610363
ESR1	GM1966	0.0034841657616198063
CBFB	GM4759	0.0034840640146285295
GFI1B	ITGAL	0.003483997657895088
IRF8	DYNLL1	0.0034826966002583504
GFI1B	C230085N15RIK	0.0034825317561626434
NOTCH1	DOCK11	0.003482402302324772
CBX7	PAQR5	0.0034818239510059357
CBX7	LCP1	0.00348157761618495
FOXO1	LACTB	0.0034809454809874296
CBX7	JCHAIN	0.003480802057310939
GATA2	GM4759	0.003480661427602172
MEIS1	PLXNA1	0.003479660488665104
MEIS1	RHBDF1	0.0034795203246176243
CBX7	SLC16A10	0.0034792907536029816
IRF8	CKS1B	0.0034789626952260733
SPI1	MILR1	0.003478734754025936
CBX7	LAG3	0.0034776809625327587
GFI1B	KLF6	0.003477653954178095
FOXO1	4833407H14RIK	0.0034772693179547787
GFI1B	FAM171B	0.0034771293867379427
NOTCH1	KLRD1	0.003476687241345644
CBX7	REL	0.0034758623223751783
CBX7	FAM171A1	0.0034758371766656637
SPI1	AC174780.1	0.003475720761343837
GATA2	SOX18	0.0034757135435938835
FOXO1	CTTN	0.0034751661587506533
IKZF1	RORA	0.0034751398488879204
MYC	GGTA1	0.0034748816397041082
GFI1B	DENND2D	0.0034748385660350323
FOXO1	HCK	0.0034740970004349947
CBX7	FADS1	0.003473414806649089
MEIS1	ARRDC4	0.0034730504266917706
SPI1	CPQ	0.0034721004776656628
SATB1	JPT1	0.0034720739349722862
CBX7	ZMIZ1	0.0034717125818133354
CBX7	RAB27B	0.0034713244531303644
FOXO1	SHISA9	0.003471240634098649
SPI1	SLC26A11	0.0034693595953285694
FOXO1	PRKCH	0.0034684250131249428
RAG2	METTL7A1	0.003467586822807789
MEIS1	PTP4A3	0.003467557253316045
ELF1	GM37124	0.0034674382768571377
GFI1B	CAMSAP2	0.0034669344313442707
ELF1	ITPR2	0.003466497641056776
MEF2C	AFF3	0.0034659889061003923
RAG2	XDH	0.0034659290686249733
SPI1	SSTR2	0.0034658387303352356
CBFB	TM6SF1	0.0034656678326427937
FOXO1	TTLL7	0.0034650193993002176
FOXO1	ZFP62	0.0034630950540304184
CBFB	PARVG	0.003462600987404585
CBFB	HOXA9	0.003462243126705289
SPI1	ESR1	0.0034620764199644327
MYC	SLC29A1	0.003461674554273486
SPI1	VLDLR	0.0034616051707416773
NOTCH1	GM19331	0.0034611818846315145
ESR1	DEPP1	0.0034608528949320316
ELF1	ITGB7	0.003460744395852089
IKZF1	GCSAM	0.0034607206471264362
NOTCH1	GBP2	0.003458219114691019
FOXO1	SPC24	0.003458031453192234
SPI1	SLC18A1	0.0034570335410535336
CBFB	VLDLR	0.0034565394744277
CBFB	SPNS2	0.003456320846453309
CBX7	ANKRD44	0.003455802332609892
RAG2	IGLV1	0.003455420257523656
RAG2	GPR65	0.003454203251749277
RAG2	NEO1	0.003453026758506894
FOXO1	CHRNB1	0.0034523876383900642
ESR1	AKNA	0.0034518190659582615
IKZF1	IGKC	0.003450629534199834
MYC	DPP4	0.003450550837442279
ESR1	CAR2	0.0034501554910093546
CBX7	SLC9A9	0.0034499724861234426
MYC	WFDC17	0.0034498583991080523
IKZF1	IGHV1-81	0.003449523588642478
CBX7	BLNK	0.003449296811595559
GFI1B	ARID5A	0.0034491296391934156
RAG2	TRPC6	0.0034476255532354116
IRF8	REL	0.0034471824765205383
ELF1	CTSL	0.003446387592703104
MEF2C	ADSSL1	0.003445759881287813
SPI1	POLA2	0.003445426933467388
MYC	DYNLL1	0.003444446949288249
RAG2	TNFAIP2	0.0034443752374500036
MEF2C	ARPP21	0.0034441682510077953
NOTCH1	PDGFRB	0.003444079542532563
RAG2	ZYX	0.00344395125284791
SPI1	RPL41	0.0034439112059772015
GATA2	LYN	0.0034438278526067734
ESR1	TES	0.0034435561392456293
NOTCH1	TOP2A	0.003443205263465643
CBX7	AP1S2	0.0034428781364113092
IRF8	IGHV1-77	0.003442062297835946
ESR1	KLF6	0.003441539825871587
MEF2C	IGF1	0.0034414941910654306
GFI1B	OTULINL	0.0034411216620355844
SPI1	RASSF2	0.0034408101346343756
IRF8	ARHGAP15	0.003440780332311988
SPI1	EVI2A	0.0034406878985464573
RAG2	SLC22A3	0.00344053260050714
MEIS1	NOXA1	0.003439886961132288
GFI1B	GPR171	0.0034392771776765585
MEIS1	SLC25A5	0.0034385668113827705
ESR1	GM10384	0.003438501385971904
CBX7	ZFP37	0.0034383900929242373
GFI1B	ANKRD33B	0.0034380799625068903
CBX7	VAMP1	0.003437939565628767
ESR1	FHL1	0.003437920706346631
GFI1B	MGAT1	0.0034377521369606256
CBX7	GCSAM	0.003437678562477231
SPI1	MAML3	0.003437506966292858
SPI1	SNAP23	0.003436109982430935
RAG2	TINAGL1	0.003435272490605712
ESR1	GPC1	0.0034351334907114506
CBFB	CTSG	0.003435097634792328
MEF2C	UQCR11	0.003434876911342144
GFI1B	CSF3R	0.0034348121844232082
CBFB	CBX7	0.0034347204491496086
IRF8	COX6A2	0.0034346869215369225
MYC	TIE1	0.0034346578177064657
ELF1	SEMA3D	0.003434281563386321
RAG2	TGM2	0.003433776320889592
IKZF1	SLC18A1	0.00343361496925354
MEIS1	PKN3	0.0034333099611103535
FOXO1	UNC45BOS	0.0034331087954342365
FOXO1	NEO1	0.003432629629969597
IRF8	LCP1	0.0034325832966715097
MEF2C	PAG1	0.003431592369452119
CBX7	CDK18	0.0034310119226574898
GFI1B	XPC	0.00343071180395782
GFI1B	COL4A1	0.0034304722212255
GFI1B	ICA1	0.0034298517275601625
SATB1	RP2	0.0034291015472263098
MEF2C	LCP1	0.0034283071290701628
MEF2C	STK10	0.003428199328482151
SPI1	EYA2	0.0034280908294022083
IKZF1	ZFP367	0.0034277699887752533
ESR1	HDAC7	0.0034265073481947184
RAG2	PDGFD	0.003425946459174156
IKZF1	CCR7	0.003425500588491559
IKZF1	UNC93B1	0.0034249459858983755
MEF2C	DYNLL1	0.0034247287549078465
SPI1	DPP4	0.0034246458671987057
SATB1	IL7R	0.0034237196668982506
CBFB	ZFP62	0.003423294285312295
SPI1	GBP9	0.0034228048752993345
ELF1	POLA2	0.0034222945105284452
FOXO1	PKN3	0.003422251669690013
ELF1	CDT1	0.0034221343230456114
MEIS1	ARHGDIB	0.003421870293095708
SPI1	5430427O19RIK	0.003421125700697303
ESR1	RUNX1T1	0.0034206912387162447
SPI1	H2-Q6	0.0034205366391688585
GFI1B	GM1966	0.003420355962589383
RAG2	NT5C3	0.0034195201005786657
GATA2	ARHGEF18	0.003419464221224189
GATA2	SP100	0.003418879583477974
GFI1B	CYFIP2	0.003418790176510811
ESR1	ARHGAP27	0.0034186786506325006
RAG2	CSGALNACT1	0.003418503561988473
IRF8	YBX1	0.0034182900562882423
ELF1	ZYX	0.003417728003114462
IRF8	PAG1	0.0034176530316472054
CBX7	IL17RE	0.003416419727727771
CBX7	SNAP23	0.003413781523704529
FOXO1	OTUB2	0.0034136157482862473
RAG2	SFRP1	0.003413499565795064
MYC	MAML3	0.0034134869929403067
IKZF1	RNF213	0.003412913763895631
CBFB	IGHV1-77	0.0034123200457543135
CBFB	PTGER2	0.0034112087450921535
ELF1	UQCR11	0.0034111719578504562
IRF8	DOCK11	0.003411163343116641
NOTCH1	CTSL	0.003411006648093462
ESR1	CORO1A	0.0034106881357729435
SATB1	VLDLR	0.003410474630072713
SPI1	ITGB5	0.003410350764170289
MYC	LAPTM5	0.003410221077501774
NOTCH1	SPI1	0.0034100348129868507
GFI1B	ROBO4	0.003409971948713064
MYC	CD53	0.0034095929004251957
IRF8	RPS27L	0.003408687422052026
CBFB	GM45837	0.0034084846265614033
MYC	SPI1	0.0034083884675055742
ELF1	CTR9	0.0034079195465892553
IKZF1	HSPE1	0.0034075002186000347
MEF2C	LACTB	0.003407308366149664
SPI1	PGR	0.003406612202525139
FOXO1	SERP1	0.0034063237253576517
SPI1	IRF8	0.003406048286706209
CBX7	TCAF1	0.0034060042817145586
IKZF1	PBLD2	0.0034059600438922644
MEF2C	IGFBP4	0.0034055483993142843
SPI1	SGMS1	0.0034049362875521183
MYC	ANXA2	0.003404780989512801
SPI1	PDE1C	0.0034039777237921953
RAG2	P2RX1	0.0034038256853818893
GFI1B	SERPINA3F	0.003403668524697423
GATA2	PLEKHG6	0.003403653623536229
NOTCH1	PGR	0.0034030121751129627
NOTCH1	ARHGAP15	0.0034027325455099344
SPI1	DOCK11	0.0034023274201899767
MEF2C	SELPLG	0.0034018836449831724
FOXO1	NT5C3	0.003400989808142185
ESR1	LAG3	0.0033999779261648655
ESR1	CLEC2I	0.0033998030703514814
SPI1	OSGIN1	0.0033997981809079647
NOTCH1	CD48	0.0033997411374002695
MEF2C	ZNRF2	0.0033995008561760187
CBFB	ABHD17B	0.0033989266958087683
RAG2	IPCEF1	0.003398907370865345
FOXO1	CAVIN2	0.003398893866688013
SPI1	MCM5	0.003398421686142683
GATA2	GNG2	0.0033983937464654446
NOTCH1	SERPINA3F	0.0033976873382925987
SPI1	SAT1	0.0033972286619246006
GFI1B	LPCAT2	0.003396311542019248
RAG2	CPXM1	0.0033945769537240267
MYC	IFITM3	0.003393913386389613
MEF2C	MAML3	0.0033929133787751198
ESR1	IL10RA	0.0033912735525518656
MYC	PSTPIP1	0.0033909569028764963
CBX7	NRROS	0.0033903627190738916
MEIS1	KCTD12	0.003389782505109906
MEIS1	CAV2	0.0033895426895469427
MYC	DOK2	0.00338857457973063
GFI1B	GPR65	0.003388205775991082
IKZF1	OAS2	0.0033876760862767696
CBX7	MOGS	0.0033875536173582077
FOXO1	NR3C2	0.0033875510562211275
NOTCH1	PARP8	0.0033874630462378263
GFI1B	TRIM59	0.003387251403182745
CBX7	GM4759	0.003387011354789138
MEF2C	SLC44A2	0.003386544995009899
MYC	RFTN1	0.0033865279983729124
GATA2	PRUNE2	0.0033859245013445616
FOXO1	XPC	0.0033854711800813675
FOXO1	TIFAB	0.003384577576071024
CBX7	DHRS3	0.003384564770385623
MEF2C	CD48	0.0033841640688478947
GFI1B	CX3CL1	0.003383968025445938
GATA2	HOXA9	0.0033838904928416014
GATA2	CCDC136	0.003383547766134143
ESR1	RP2	0.0033830732572823763
CBFB	AFF3	0.0033825188875198364
IRF8	CLEC2I	0.003382226452231407
SPI1	TES	0.003382012015208602
RAG2	JAM2	0.00338194752112031
ESR1	GPX1	0.0033817249350249767
MEF2C	ATP8B4	0.0033810946624726057
MYC	LDHB	0.0033807565923780203
FOXO1	CYFIP2	0.003379776841029525
MEF2C	CBFB	0.0033789784647524357
MEIS1	TES	0.0033788385335355997
CBFB	CCL9	0.003378276014700532
IRF8	IGKC	0.0033781458623707294
ELF1	NLRC3	0.0033777831122279167
ESR1	CHRNB1	0.0033771998714655638
SPI1	PAG1	0.0033769188448786736
CBX7	NPM1	0.0033758559729903936
SPI1	PRPS2	0.0033757518976926804
SPI1	BDH2	0.0033753090538084507
SATB1	GPR18	0.003374688560143113
SPI1	CNN3	0.0033743272069841623
ESR1	HSPE1	0.0033743176609277725
RAG2	DENND2D	0.003374292515218258
MEIS1	LAG3	0.003374033374711871
IRF8	NLRC3	0.0033739078789949417
MYC	LONP2	0.0033731728326529264
MEF2C	CAPG	0.003372922306880355
IKZF1	SLC25A5	0.003372801002115011
MYC	IL17RA	0.003372359788045287
MYC	TFR2	0.003371704602614045
SPI1	SERPINF1	0.0033715905155986547
IRF8	RFTN1	0.003371019149199128
ESR1	SLBP	0.003370624966919422
GFI1B	FGD5	0.003370512742549181
MEIS1	NAPSA	0.003370314370840788
SATB1	IL10RA	0.003369920188561082
RAG2	CCDC112	0.0033694370649755
FOXO1	PLEKHB1	0.0033691523130983114
CBX7	CASP12	0.0033689558040350676
ESR1	PPCDC	0.003368848469108343
IKZF1	N4BP3	0.003368443576619029
RAG2	MTUS1	0.00336779048666358
SPI1	LGMN	0.0033663997892290354
ESR1	IFI209	0.0033663655631244183
GFI1B	HCK	0.0033663008362054825
RAG2	PRNP	0.0033659508917480707
SPI1	MYCN	0.003365639131516218
RAG2	GIMAP5	0.00336520466953516
MEIS1	N4BP3	0.003364629577845335
RAG2	SCARF1	0.0033632018603384495
MEIS1	SYTL1	0.0033631264232099056
GFI1B	LCP1	0.003363073570653796
MYC	FUCA2	0.0033628069795668125
NOTCH1	PLEK	0.0033619380556046963
ELF1	SYK	0.0033618814777582884
RAG2	ITGA6	0.0033615417778491974
IRF8	MAN1A	0.0033615301363170147
IKZF1	GM37124	0.0033613357227295637
SPI1	CD69	0.003361258888617158
FOXO1	SLFN2	0.003360820934176445
FOXO1	DCK	0.0033603517804294825
SPI1	MEIS1	0.003359339665621519
MEIS1	IGKC	0.0033592269755899906
FOXO1	ATP8B4	0.0033590218517929316
ESR1	IL17RE	0.0033585720229893923
GATA2	HDAC7	0.0033584514167159796
ESR1	ADAM17	0.0033583955373615026
CBX7	FGD5	0.003357995068654418
SPI1	P2RX1	0.0033572495449334383
RAG2	RHOF	0.0033566253259778023
IRF8	DUSP6	0.0033566169440746307
ESR1	ITGB5	0.003356493543833494
FOXO1	CLU	0.0033563924953341484
SATB1	ICOS	0.003356215776875615
SPI1	TSC22D3	0.0033561564050614834
GFI1B	HOXA9	0.0033557286951690912
CBFB	ANKRD33B	0.003355571534484625
CBFB	SLC2A3	0.0033554492983967066
CBX7	IFI213	0.0033552348613739014
NOTCH1	ARRDC4	0.003355026477947831
IRF8	SDC1	0.003354659304022789
FOXO1	ITGB5	0.003354557789862156
FOXO1	DENND2D	0.0033543359022587538
GFI1B	SLC39A6	0.0033534925896674395
FOXO1	CNN3	0.0033529794309288263
ESR1	PLPPR3	0.0033528695348650217
FOXO1	RNF213	0.0033524404279887676
NOTCH1	JPT1	0.0033518546260893345
CBX7	SPNS3	0.0033513898961246014
MEF2C	ARL11	0.003351041581481695
RAG2	COL4A2	0.003350788028910756
FOXO1	DOCK11	0.0033505584578961134
RAG2	ABCG2	0.003350206883624196
CBX7	MGAT1	0.0033496501855552197
MEIS1	SLBP	0.0033486303873360157
RAG2	MAMDC2	0.0033483977895230055
SPI1	IFITM1	0.0033480075653642416
NOTCH1	DYNLL1	0.0033476892858743668
FOXO1	IRF6	0.0033476208336651325
ELF1	SLC43A2	0.0033474902156740427
SATB1	DCK	0.0033472059294581413
CBX7	TMEM14C	0.00334715424105525
CBX7	HCK	0.003347026417031884
CBFB	PKIB	0.0033458720427006483
SPI1	HLF	0.0033458061516284943
CBX7	OTUB2	0.0033455495722591877
IRF8	CCT2	0.003345122095197439
SPI1	GM15564	0.003344984957948327
ESR1	HNF4A	0.0033449800685048103
CBX7	HSD3B7	0.0033448582980781794
SPI1	ADGRG1	0.003344649216160178
CBFB	ICA1	0.003343459451571107
GATA2	ITM2A	0.0033434578217566013
MEIS1	SSH2	0.0033433528151363134
MEIS1	PLCL1	0.0033430063631385565
MEF2C	GMNN	0.0033430031035095453
CBX7	NOTCH1	0.003342285053804517
CBX7	GM10384	0.0033420489635318518
FOXO1	GPC1	0.003341906238347292
RAG2	RNF213	0.003341859672218561
MEIS1	PBLD2	0.003341719275340438
ELF1	FUT8	0.003341428469866514
ESR1	PRIM1	0.0033408941235393286
MYC	TMEM123	0.003340759314596653
FOXO1	PRSS57	0.0033400808461010456
SPI1	TRIM16	0.003340057795867324
CBX7	NSMF	0.003339944174513221
MEF2C	UCP2	0.0033395676873624325
CBX7	CD7	0.003339051501825452
MEF2C	CORO7	0.0033389597665518522
SATB1	FUCA2	0.0033387434668838978
ESR1	SLC16A11	0.0033386426512151957
ESR1	IRF8	0.0033383516129106283
SPI1	PPM1G	0.0033381935209035873
GFI1B	ZFP367	0.003337487578392029
GFI1B	TYROBP	0.00333721493370831
SATB1	ITGB7	0.0033367464784532785
SPI1	TM6SF1	0.0033367155119776726
MEIS1	CYFIP2	0.00333658279851079
FOXO1	NCKAP1	0.0033360242377966642
CBX7	CSF1R	0.0033358242362737656
MEF2C	TYROBP	0.0033357245847582817
GFI1B	SLC25A5	0.0033356875646859407
MEIS1	OCLN	0.003334279637783766
FOXO1	CD244A	0.003333945758640766
SPI1	TSPAN13	0.0033338339999318123
NOTCH1	ANKRD44	0.0033336442429572344
ESR1	APP	0.0033322046510875225
NOTCH1	ITPR2	0.0033318132627755404
SATB1	IL17RE	0.0033309105783700943
MYC	C030034L19RIK	0.0033305231481790543
CBX7	CLIP3	0.003330300794914365
MEIS1	CES2G	0.0033299752976745367
FOXO1	WFDC2	0.0033290544524788857
GFI1B	PECAM1	0.0033290437422692776
FOXO1	P2RX1	0.0033288071863353252
MEIS1	CLCA3A1	0.0033287834376096725
GATA2	GGT5	0.0033285103272646666
FOXO1	RUNX2	0.0033284456003457308
GATA2	IGLC2	0.0033278001938015223
RAG2	SMPDL3A	0.0033268940169364214
GFI1B	UBASH3A	0.003326748264953494
GATA2	CHST2	0.0033265778329223394
NOTCH1	H2-DMA	0.003326395060867071
RAG2	ARHGAP27	0.003326347330585122
RAG2	RASIP1	0.003326279576867819
SPI1	BTLA	0.003326225792989135
RAG2	PLXDC2	0.003325750818476081
RAG2	UPP1	0.0033256756141781807
CBX7	H2-DMA	0.003325541503727436
CBFB	ADSSL1	0.0033252278808504343
FOXO1	S100A6	0.0033249317202717066
GFI1B	FRMD6	0.0033246083185076714
SATB1	OAS2	0.003324524499475956
IKZF1	RNF13	0.003324303077533841
FOXO1	NUDT19	0.0033241547644138336
GATA2	XDH	0.003324116114526987
FOXO1	NOXA1	0.0033240451011806726
MEIS1	P2RY14	0.0033232970163226128
MEIS1	SH2D5	0.0033231861889362335
CBX7	EMP1	0.0033227920066565275
FOXO1	IGLC2	0.003322381991893053
RAG2	FCHO2	0.0033223454374819994
NOTCH1	DCK	0.003321836469694972
FOXO1	IPCEF1	0.003321421565487981
MEIS1	PLEKHB1	0.003321272088214755
CBX7	RFTN1	0.0033210567198693752
SATB1	CD244A	0.0033204343635588884
CBX7	ZFP62	0.0033201801124960184
IKZF1	PARP8	0.0033198099117726088
GFI1B	CARD6	0.003319644136354327
FOXO1	PDE1C	0.003319633426144719
GFI1B	UNC45BOS	0.003319451818242669
RAG2	AMIGO2	0.003319410141557455
CBFB	CPQ	0.003319063689559698
GFI1B	IPCEF1	0.003318721428513527
SPI1	UBASH3A	0.0033186813816428185
IRF8	SERPINF1	0.0033179770689457655
MYC	ANXA5	0.0033177861478179693
RAG2	PAFAH2	0.0033173717092722654
RAG2	RAB40B	0.003317286493256688
ESR1	SLC6A15	0.003317038994282484
MEF2C	CPQ	0.0033163835760205984
NOTCH1	FUCA2	0.003316373797133565
IKZF1	NUCB2	0.0033161912579089403
IRF8	KIF17	0.0033161581959575415
RAG2	ZFP612	0.003316000569611788
GFI1B	DHRS3	0.0033159966114908457
ESR1	NAIP6	0.0033158897422254086
FOXO1	MIR6240	0.003315817564725876
IRF8	XPC	0.0033157789148390293
IRF8	RP2	0.003315678332000971
SPI1	STXBP1	0.003315528156235814
FOXO1	DTL	0.003315509296953678
MEIS1	PDE1C	0.003315133973956108
GFI1B	TMEM37	0.0033149367664009333
MEIS1	MN1	0.0033145002089440823
NOTCH1	SLC26A11	0.0033142701722681522
FOXO1	NDNF	0.003314095549285412
CBX7	MAML3	0.003313811495900154
SPI1	IGHM	0.003313185181468725
CBX7	RASIP1	0.003312631044536829
FOXO1	FCGRT	0.0033118389546871185
CBX7	KCNK5	0.003311605891212821
FOXO1	GM5111	0.003311262233182788
MEF2C	LARS2	0.0033112294040620327
MEF2C	SLC25A5	0.0033108952920883894
RAG2	NOXA1	0.0033094987738877535
MEIS1	PANX1	0.003309213323518634
CBFB	LACTB	0.00330890784971416
ELF1	GMNN	0.0033071967773139477
SATB1	EMP1	0.003306279657408595
FOXO1	GCSAM	0.0033059348352253437
GATA2	VLDLR	0.003305923193693161
MEIS1	ERP29	0.0033054426312446594
NOTCH1	USP11	0.0033051115460693836
ESR1	PANX1	0.003304749261587858
CBFB	2610307P16RIK	0.003304617013782263
MEIS1	SCRN1	0.0033038270194083452
SPI1	HNRNPAB	0.003303545294329524
IKZF1	DRC7	0.0033031883649528027
CBX7	INHBA	0.0033022300340235233
MYC	AKNA	0.003301580436527729
NOTCH1	SPC24	0.003301332239061594
CBX7	MPEG1	0.0033012463245540857
MYC	GDF3	0.0033010460902005434
GFI1B	CYP26B1	0.003300960175693035
GFI1B	PSTPIP1	0.0033003378193825483
MYC	ZFP62	0.003300220938399434
ESR1	RASSF2	0.0033002053387463093
CBFB	COX7B	0.003299760865047574
RAG2	LONP2	0.0032996931113302708
SATB1	COX7B	0.0032996265217661858
ELF1	SERPINB6A	0.0032992360647767782
IRF8	SLC35D3	0.0032986982259899378
CBFB	ADGRL4	0.003297386458143592
SPI1	DUSP1	0.003297310322523117
SPI1	GIMAP5	0.003297183196991682
FOXO1	COL4A2	0.003296701004728675
FOXO1	FGD2	0.0032964772544801235
FOXO1	CPNE8	0.003296347102150321
RAG2	SPNS2	0.003295469330623746
GFI1B	NAV1	0.0032951761968433857
NOTCH1	PDE1C	0.003295130794867873
CBX7	PSTPIP1	0.00329447234980762
MEF2C	FRMD6	0.0032939971424639225
SATB1	TMEM14C	0.0032934623304754496
IKZF1	TMSB4X	0.0032931931782513857
MEF2C	NLRC3	0.0032930115703493357
ELF1	TPM4	0.0032909130677580833
CBFB	CHRNB1	0.0032908807042986155
GFI1B	EBI3	0.00328918918967247
CBFB	H2-Q6	0.003288491163402796
MEIS1	SLC44A2	0.003288281848654151
MEIS1	COL4A2	0.003287975210696459
MEF2C	TMEM268	0.0032879619393497705
GFI1B	EFNA1	0.0032875470351427794
CBX7	PKIB	0.0032866005785763264
ESR1	GBP9	0.003286355175077915
MEIS1	YBX1	0.0032863523811101913
MYC	SERP1	0.003286227583885193
GFI1B	DCK	0.0032861989457160234
GFI1B	FOXO1	0.003285526530817151
ESR1	NPM1	0.0032847935799509287
SPI1	CLEC14A	0.0032843316439539194
MYC	MAN1A	0.0032837004400789738
MYC	ITGAL	0.0032836725004017353
SPI1	GBP2	0.003282930701971054
ESR1	NCAPD2	0.0032820890191942453
GFI1B	GM10384	0.003281686920672655
MEIS1	RGS2	0.0032811721321195364
NOTCH1	AFF3	0.0032811628188937902
IRF8	CES2G	0.0032806112430989742
SATB1	IGHV1-82	0.003280461998656392
FOXO1	PTPRE	0.003280316712334752
SPI1	SLC43A2	0.003280220553278923
CBX7	UCP2	0.003279860597103834
SATB1	NHP2	0.003279859432950616
FOXO1	RNF13	0.003279401222243905
RAG2	CPQ	0.003279174445196986
IKZF1	CTSG	0.0032791374251246452
FOXO1	MKI67	0.003278893418610096
RAG2	SDC2	0.003278417745605111
GFI1B	ENPP5	0.00327822333201766
MYC	RNF13	0.003278138814494014
ESR1	EYA2	0.0032780696637928486
MEIS1	ELF1	0.003277063136920333
IKZF1	ADSSL1	0.0032764149364084005
ELF1	CYFIP2	0.0032761001493781805
CBFB	TMEM173	0.0032759488094598055
SPI1	FAM171B	0.003275632858276367
GFI1B	BTG2	0.0032752451952546835
MEF2C	ARHGEF39	0.0032745639327913523
FOXO1	IL10RA	0.0032740430906414986
IKZF1	F630028O10RIK	0.0032739671878516674
MYC	AI504432	0.0032736354041844606
CBX7	KBTBD11	0.00327314087189734
ESR1	CLIP3	0.0032718440052121878
SPI1	HMGB2	0.003271587425842881
MEF2C	GM4759	0.003270684974268079
IRF8	TLR7	0.0032706467900425196
CBX7	SP100	0.003270359942689538
FOXO1	STXBP1	0.003270125249400735
SPI1	COL4A1	0.0032696998678147793
CBX7	GP9	0.0032691662199795246
IRF8	COX7B	0.003269148524850607
GATA2	LGALS1	0.0032689934596419334
NOTCH1	MAGED2	0.003268466331064701
IRF8	SPI1	0.0032683273311704397
FOXO1	LAPTM5	0.00326816039159894
MEIS1	GM8203	0.003267943160608411
ELF1	NAPSA	0.0032678600400686264
ESR1	COX6A2	0.003267466789111495
NOTCH1	NKG7	0.0032674171961843967
SATB1	SLA	0.003267045831307769
IRF8	CAMSAP2	0.003266773419454694
MEF2C	TALDO1	0.0032664958853274584
SPI1	SLC22A3	0.003266323124989867
IKZF1	FRMD6	0.0032663054298609495
MEF2C	SLC43A2	0.0032662558369338512
GFI1B	MCM5	0.0032660802826285362
IRF8	HMGB2	0.0032659312710165977
CBX7	ATPIF1	0.0032658439595252275
GFI1B	RHOJ	0.0032654618844389915
CBFB	BTLA	0.0032654423266649246
MYC	MEIS1	0.0032649324275553226
FOXO1	GP9	0.0032649191562086344
MYC	ME2	0.0032647971529513597
MEF2C	BLNK	0.0032647105399519205
IKZF1	RGS2	0.0032646653708070517
GATA2	PAG1	0.0032646299805492163
ESR1	TIPIN	0.0032642902806401253
MEIS1	ARHGAP15	0.0032642234582453966
ESR1	ZFP422	0.003263928461819887
CBX7	ITPR2	0.0032639214769005775
FOXO1	KIT	0.0032639068085700274
ESR1	SDSL	0.0032637666445225477
IRF8	LACTB	0.0032632877118885517
CBFB	UBASH3A	0.0032629049383103848
IRF8	EVI2A	0.003262140089645982
RAG2	SNAP47	0.003261679084971547
SPI1	PEAR1	0.0032614185474812984
NOTCH1	ZFP37	0.0032611307688057423
MEF2C	GPX1	0.0032606194727122784
IRF8	CCR7	0.0032603025902062654
SATB1	CARD6	0.0032596872188150883
MEF2C	RASSF2	0.0032596788369119167
CBFB	TYROBP	0.0032593226060271263
IRF8	ARHGAP29	0.003259301418438554
FOXO1	CCR7	0.003259170101955533
RAG2	TFPI	0.003259139833971858
GFI1B	MCTP2	0.003258944721892476
ELF1	APLP2	0.003258633892983198
ELF1	C030034L19RIK	0.0032580450642853975
CBX7	MAN1A	0.0032579100225120783
NOTCH1	HNF4A	0.0032571901101619005
ELF1	ITGAM	0.003256258787587285
MEIS1	FGFR3	0.0032560406252741814
ESR1	DDX4	0.0032554510980844498
RAG2	ITGAM	0.003255403134971857
ELF1	GM45837	0.003255300223827362
ESR1	TBC1D5	0.0032550476025789976
CBX7	STK10	0.00325415818952024
CBX7	PTP4A3	0.0032540997490286827
CBX7	MPO	0.003253825008869171
SPI1	ADAMTSL5	0.003253587521612644
CBX7	ARHGAP29	0.0032535172067582607
IKZF1	CIPC	0.003252778435125947
SPI1	ARRDC4	0.003252723254263401
ESR1	CLU	0.003252593334764242
GATA2	RNF213	0.003251234767958522
ESR1	RANBP1	0.0032511039171367884
GFI1B	BPIFC	0.0032507169526070356
MEIS1	TMEM123	0.003250203328207135
RAG2	TMEM206	0.0032499402295798063
IRF8	PANX1	0.0032493495382368565
SATB1	ITGB5	0.0032491942401975393
MEIS1	TMEM206	0.0032491604797542095
CBX7	CD27	0.00324878073297441
ESR1	MAN1A	0.0032486864365637302
FOXO1	JAM2	0.003248469205573201
CBFB	PTPRE	0.00324843917042017
GATA2	MAN1A	0.0032483236864209175
GFI1B	RASIP1	0.003248266875743866
GFI1B	SPC24	0.003247721353545785
CBFB	TSPAN2	0.0032473085448145866
MEIS1	MYO5A	0.003246722277253866
MEF2C	SLC16A11	0.003245656844228506
SPI1	ARHGAP18	0.003245217725634575
CBFB	ARHGDIB	0.0032450456637889147
ESR1	GM2A	0.0032447101548314095
MEF2C	SIGLECG	0.003244514111429453
MEIS1	FCHO2	0.003244465682655573
GATA2	CDK19	0.003244386287406087
FOXO1	GM10384	0.0032443301752209663
MEF2C	TSPAN2	0.00324414880014956
ELF1	SLA	0.0032432647421956062
CBFB	TRIM16	0.0032425641547888517
IKZF1	COX6A1	0.0032421445939689875
SATB1	UHRF1	0.003241150174289942
GFI1B	GM4951	0.0032409648410975933
MYC	ELF1	0.003240451915189624
IRF8	SERPINB1A	0.003240421647205949
CBX7	FUT8	0.003240295685827732
GATA2	RASIP1	0.003240040270611644
ELF1	RFTN1	0.003239900339394808
GFI1B	SLC22A3	0.003239487297832966
CBFB	HDAC7	0.0032390577252954245
ESR1	EEPD1	0.003238857025280595
GFI1B	RNASE6	0.003238758770748973
RAG2	IGHV1-53	0.003237640717998147
MEIS1	CX3CL1	0.003237605793401599
RAG2	GPC1	0.003236810676753521
MEF2C	5430427O19RIK	0.003236706368625164
MEIS1	WFDC17	0.003236681455746293
MEF2C	SERPINA3F	0.003236260963603854
SPI1	ROBO4	0.003236185060814023
NOTCH1	NWD1	0.003236170159652829
RAG2	F11R	0.0032356546726077795
FOXO1	SP100	0.0032346211373806
FOXO1	CCL3	0.003234563395380974
CBFB	CMAH	0.00323440576903522
GATA2	SMTNL1	0.0032339361496269703
CBX7	DRC7	0.003233187133446336
CBFB	CD44	0.003233167342841625
GFI1B	PDGFD	0.0032325645443052053
FOXO1	IL18RAP	0.003232508897781372
GFI1B	PARVG	0.003232496092095971
CBFB	BPIFC	0.003232085146009922
ESR1	IGF1	0.003231514012441039
NOTCH1	ENG	0.0032314611598849297
CBX7	RHBDF1	0.0032312304247170687
CBX7	TINAGL1	0.0032309801317751408
SPI1	IFI213	0.003230531234294176
SATB1	FLNA	0.0032302415929734707
MEIS1	LCP1	0.003230114234611392
RAG2	TSPAN3	0.0032297130674123764
MYC	ARHGAP18	0.0032297128345817327
FOXO1	ZNRF2	0.0032291875686496496
FOXO1	CAR2	0.00322918058373034
RAG2	F2R	0.0032289037480950356
SATB1	MOGS	0.003228797111660242
CBFB	DENND2D	0.0032287617214024067
RAG2	CD34	0.0032279640436172485
CBX7	TMEM123	0.003227732377126813
SPI1	PLXNA1	0.0032275712583214045
SATB1	VAMP1	0.0032274164259433746
GFI1B	NPDC1	0.0032272879034280777
GATA2	CBFB	0.003227186854928732
MEF2C	LAG3	0.0032267202623188496
FOXO1	F2R	0.0032260275911539793
FOXO1	SLC9A9	0.003225878579542041
CBX7	ATP1A3	0.0032245004549622536
CBX7	TMEM37	0.003224153770133853
FOXO1	CARD6	0.0032238669227808714
CBX7	HNF4A	0.003223632462322712
CBFB	CDK17	0.003223177744075656
FOXO1	NWD1	0.0032231686636805534
GATA2	TOP2A	0.0032226676121354103
ESR1	CCDC112	0.0032223958987742662
IKZF1	SLC16A10	0.0032221609726548195
CBFB	SLA	0.00322204502299428
MYC	GNG2	0.00322151486761868
FOXO1	CLEC1A	0.003221394494175911
CBFB	CD69	0.003221076913177967
NOTCH1	ELOVL5	0.003220946528017521
MEIS1	ARHGEF28	0.003220683429390192
FOXO1	OBSCN	0.0032204524613916874
MYC	P2RY14	0.003218618221580982
MEIS1	SERP1	0.003217735094949603
GFI1B	SFRP1	0.003217598656192422
IKZF1	VLDLR	0.003217569552361965
MYC	PF4	0.0032174070365726948
MEF2C	SAT1	0.0032167641911655664
ELF1	CD69	0.0032167406752705574
CBX7	SAMSN1	0.0032166519667953253
CBFB	FUT7	0.003216298297047615
GATA2	DUSP6	0.003216107375919819
ELF1	ARHGAP18	0.0032159925904124975
MEF2C	ITPR2	0.003215978154912591
CBFB	GAS2L3	0.003215970005840063
CBX7	TFPI	0.00321557791903615
GFI1B	CLU	0.003214805154129863
FOXO1	GHR	0.0032146566081792116
RAG2	TRAF1	0.0032144549768418074
MEF2C	VLDLR	0.003213926451280713
IKZF1	ITPR2	0.0032138314563781023
ESR1	SIGLECG	0.00321335275657475
GATA2	SLC26A11	0.0032132435590028763
ELF1	TRIM59	0.003213019110262394
FOXO1	BLNK	0.0032129869796335697
CBFB	OCLN	0.0032122780103236437
SPI1	ZFP62	0.0032120945397764444
MEIS1	SLC16A10	0.0032113962806761265
SPI1	COQ8A	0.003210955299437046
IKZF1	SLC22A3	0.0032109515741467476
CBX7	PKN3	0.0032108984887599945
MEF2C	ARID5A	0.00321052223443985
CBX7	TEK	0.00321013736538589
ELF1	KIF17	0.00320985889993608
MEF2C	GGT5	0.003209472168236971
CBX7	IL7R	0.003209170652553439
CBX7	GM5111	0.003208427457138896
FOXO1	SLCO3A1	0.0032084095291793346
GATA2	SERP1	0.0032082286197692156
MEF2C	TM6SF1	0.0032079892698675394
GFI1B	IFI209	0.0032069406006485224
ELF1	SPC24	0.0032063417602330446
RAG2	PBLD2	0.003204512409865856
IRF8	ARHGEF18	0.0032044651452451944
ESR1	F630028O10RIK	0.0032038602512329817
SPI1	TSPAN2	0.0032035664189606905
IRF8	TMEM173	0.003202673979103565
CBFB	SPNS3	0.0032024215906858444
IKZF1	PDCD4	0.003202267689630389
MEIS1	ZFP612	0.0032009936403483152
GFI1B	GPR18	0.003200952196493745
NOTCH1	GAA	0.003200637176632881
SPI1	FUCA2	0.0032005382236093283
IRF8	CCR9	0.003200132865458727
SPI1	CTSG	0.0032000725623220205
IRF8	GM8203	0.0032000637147575617
SATB1	NPM1	0.0031989472918212414
RAG2	CD74	0.003197905607521534
RAG2	MLPH	0.0031978434417396784
FOXO1	RARB	0.0031976979225873947
NOTCH1	KCNK5	0.003197637153789401
FOXO1	FDFT1	0.0031963903456926346
CBFB	SAMSN1	0.003195123514160514
ELF1	LY9	0.003194754011929035
GFI1B	BLNK	0.0031941295601427555
ESR1	TUBB4B	0.0031938706524670124
CBX7	ZFP367	0.003193450625985861
MEF2C	PAQR5	0.003193370532244444
SPI1	2610307P16RIK	0.0031932720448821783
GFI1B	NUCB2	0.0031931346748024225
RAG2	TFR2	0.0031921453773975372
GFI1B	BC035044	0.0031918343156576157
SATB1	LACTB	0.0031913120765239
IKZF1	SLC39A6	0.0031909674871712923
GFI1B	CBFB	0.003190868766978383
CBFB	KBTBD11	0.0031907919328659773
FOXO1	NPDC1	0.0031907393131405115
MEIS1	PLEK	0.003190587041899562
IRF8	GSN	0.0031890464015305042
GATA2	SPI1	0.003188955131918192
CBFB	IFI206	0.0031889211386442184
MEF2C	PRDM16	0.003188901115208864
SPI1	REL	0.0031884971540421247
IRF8	ARHGAP18	0.003188492264598608
CBX7	CD48	0.003187080379575491
RAG2	CORO1A	0.003186810528859496
ESR1	HMGB2	0.0031866836361587048
ELF1	CIPC	0.0031863313633948565
SPI1	PLXNA4OS1	0.0031858773436397314
ESR1	TRIM16	0.003185300389304757
FOXO1	MTUS1	0.0031848640646785498
IRF8	TRIM16	0.0031836216803640127
FOXO1	CCT2	0.00318323471583426
CBX7	CLU	0.0031831625383347273
SPI1	CSGALNACT1	0.0031829411163926125
MEF2C	PPCDC	0.0031829229556024075
CBX7	GM11346	0.003182727377861738
SATB1	HMGB2	0.0031826887279748917
ELF1	IRF8	0.0031825071200728416
NOTCH1	ARID5A	0.0031823734752833843
ELF1	CCT2	0.0031820922158658504
CBX7	PLIN3	0.0031820216681808233
NOTCH1	CRIP1	0.0031818575225770473
ESR1	GIMAP8	0.003181492444127798
IRF8	CD38	0.0031812884844839573
MYC	TSC22D3	0.0031808263156563044
ELF1	TMEM268	0.0031807341147214174
ELF1	GM5111	0.0031806810293346643
MEIS1	GM45837	0.0031797748524695635
GATA2	DTL	0.003179724793881178
ESR1	BPIFC	0.00317890802398324
SPI1	LARS2	0.003178817918524146
CBFB	RAB38	0.003178760875016451
SATB1	SYTL1	0.00317812105640769
MEIS1	CDT1	0.0031780090648680925
MEF2C	CLEC14A	0.0031776875257492065
ELF1	ME2	0.0031763832084834576
IRF8	GP9	0.0031763464212417603
SPI1	KBTBD11	0.0031762246508151293
MEIS1	S100A6	0.003176131984218955
CBFB	PRR5	0.00317553523927927
CBFB	COL4A2	0.0031752658542245626
ESR1	SLAMF1	0.003174661658704281
FOXO1	PRIM1	0.003174646757543087
CBFB	PRUNE2	0.003174471901729703
IRF8	GPR18	0.0031737873796373606
MEF2C	SLC9A9	0.003173645818606019
FOXO1	CRIP1	0.003172911936417222
FOXO1	KIF17	0.003172256052494049
ESR1	PLXNA4OS1	0.0031707226298749447
ESR1	TIFAB	0.003170698182657361
RAG2	IL17RE	0.003170538926497102
IRF8	MTUS1	0.0031698658131062984
CBX7	ARID5A	0.003169710049405694
MYC	ABCG2	0.0031696418300271034
MEIS1	SLA	0.003169459057971835
RAG2	EFNA1	0.003169423434883356
ESR1	P2RX1	0.0031692299526184797
ESR1	TMEM206	0.0031690681353211403
RAG2	GIMAP8	0.0031689766328781843
ESR1	ITPR2	0.003168700495734811
CBX7	FUT7	0.003168062772601843
NOTCH1	RRAS	0.003167960559949279
RAG2	STARD4	0.0031679505482316017
MYC	CADPS2	0.0031669943127781153
GATA2	4833407H14RIK	0.003166807582601905
CBFB	TRPV2	0.003166775917634368
IKZF1	GIMAP1	0.003166666952893138
IRF8	RANBP1	0.0031662562396377325
GFI1B	AFF3	0.003165914211422205
SPI1	ABCG2	0.003164898604154587
SPI1	UBA7	0.0031636664643883705
RAG2	GBP2	0.003162805689498782
ELF1	ANXA2	0.003162300679832697
SPI1	TLR7	0.003162202425301075
ELF1	E430014B02RIK	0.003162143286317587
CBX7	TSPAN2	0.0031619330402463675
CBFB	SLC43A2	0.003161192871630192
SPI1	UQCR11	0.003160985419526696
SATB1	PRPS2	0.0031597940251231194
FOXO1	EEPD1	0.0031596673652529716
IKZF1	GPC1	0.0031595954205840826
NOTCH1	CD244A	0.0031593921594321728
FOXO1	ITPR2	0.0031591812148690224
MEF2C	IL17RE	0.003159011248499155
CBFB	MEF2C	0.0031589209102094173
NOTCH1	MTUS1	0.0031589099671691656
RAG2	TRIM47	0.0031585150863975286
CBX7	NAV1	0.003158488543704152
GFI1B	SSH2	0.003158461069688201
RAG2	IRF6	0.003158144187182188
FOXO1	ELOVL5	0.0031577718909829855
FOXO1	GIMAP1OS	0.0031576664187014103
GATA2	AFF3	0.003157644532620907
ESR1	EMP1	0.0031576117035001516
NOTCH1	CD81	0.003157558385282755
FOXO1	CDK6	0.003157508559525013
IRF8	GAS2L3	0.0031574962195008993
GFI1B	ELOVL5	0.003157422412186861
ESR1	XIST	0.0031569385901093483
FOXO1	N4BP3	0.003156932070851326
GFI1B	GM20342	0.0031565804965794086
GATA2	SLC22A3	0.0031562894582748413
IKZF1	ENG	0.003155943239107728
CBFB	TFPI	0.0031556535977870226
GATA2	ZFP62	0.003155444748699665
GFI1B	PKIA	0.0031552708242088556
IRF8	GPR171	0.003154907375574112
NOTCH1	COQ8A	0.003154742531478405
FOXO1	GPR18	0.003154587000608444
RAG2	TTLL7	0.0031543513759970665
CBFB	PLXNC1	0.0031542957294732332
GFI1B	PLXNA4OS1	0.0031538768671453
MYC	NCEH1	0.0031537648756057024
SATB1	REL	0.00315365893766284
CBFB	OTULINL	0.0031535206362605095
ELF1	ITGA6	0.003153210273012519
CBX7	TIFAB	0.0031528191175311804
IRF8	PPCDC	0.0031524992082268
NOTCH1	NAPSA	0.0031523266807198524
ESR1	ZMIZ1	0.0031508654356002808
SPI1	RBPMS	0.003150803269818425
RAG2	CTSF	0.0031504298094660044
GATA2	TES	0.0031503448262810707
CBX7	N4BP3	0.0031488812528550625
RAG2	SERPINA3F	0.0031487573869526386
RAG2	NEURL3	0.0031485215295106173
CBX7	PDE1B	0.003148188116028905
MEIS1	D630039A03RIK	0.00314772455021739
ESR1	SLC25A5	0.0031477133743464947
CBFB	TMEM246	0.003147646551951766
CBFB	FKBP9	0.003147156909108162
NOTCH1	FDFT1	0.0031467529479414225
ELF1	FRMD6	0.0031453254632651806
RAG2	ITGB7	0.0031452435068786144
MYC	RGS2	0.0031446272041648626
CBFB	DOCK10	0.0031444935593754053
IRF8	TRIM59	0.003144328249618411
RAG2	HSD3B7	0.0031442621257156134
IRF8	LAPTM5	0.0031441785395145416
MEF2C	MEIS1	0.003143985290080309
CBFB	CD81	0.0031439021695405245
MEIS1	TMEM37	0.003143209731206298
MEIS1	BGN	0.0031430276576429605
MEF2C	CTSW	0.0031429354567080736
MEF2C	GM4951	0.003142580622807145
GATA2	ITGB7	0.0031420199666172266
NOTCH1	CTSH	0.003141409019008279
CBFB	ALDH1A1	0.003141205757856369
MEIS1	GSTT1	0.0031410858500748873
SPI1	MYCT1	0.0031406343914568424
IKZF1	ITGB7	0.00314044626429677
CBX7	OTULINL	0.0031401943415403366
ESR1	CBX7	0.003140032757073641
MEIS1	CCDC136	0.0031397624406963587
SPI1	ZFP367	0.003139065345749259
ESR1	GNG2	0.003138412954285741
IRF8	CBFB	0.00313828163780272
FOXO1	IFITM3	0.00313827907666564
SATB1	GCSAM	0.0031380243599414825
CBFB	SGMS1	0.003137655323371291
SPI1	AMPD2	0.00313753355294466
CBX7	GPR18	0.0031373193487524986
GFI1B	NKG7	0.0031368164345622063
FOXO1	LHCGR	0.003136272542178631
MEF2C	JCHAIN	0.003136168699711561
MYC	GM15564	0.003136035520583391
MEIS1	SDC2	0.0031350478529930115
RAG2	TM4SF1	0.0031350229401141405
RAG2	GNG2	0.0031349281780421734
IRF8	TALDO1	0.0031348583288490772
SPI1	CARD6	0.0031343060545623302
SPI1	GPR65	0.0031334878876805305
CBFB	KIF17	0.00313311698846519
ESR1	VDR	0.003133082529529929
MEIS1	GBP4	0.0031330017372965813
SPI1	GP9	0.0031326443422585726
FOXO1	ARPP21	0.0031322380527853966
FOXO1	OCLN	0.0031317651737481356
IKZF1	IFI27	0.0031317623797804117
GATA2	MPO	0.0031310119666159153
FOXO1	GM2A	0.0031309472396969795
MEF2C	GUCY1A1	0.003130927449092269
ELF1	VAMP1	0.00313089438714087
ESR1	METTL7A1	0.003130560042336583
CBX7	2810468N07RIK	0.0031298608519136906
ESR1	CTSW	0.003129639197140932
ELF1	IPCEF1	0.0031294585205614567
FOXO1	UAP1L1	0.0031292301137000322
CBX7	DCK	0.003128104843199253
ESR1	PAG1	0.0031280843541026115
MEIS1	EMB	0.003127944190055132
CBX7	ARHGAP18	0.0031275369692593813
NOTCH1	PKIB	0.0031269039027392864
MEF2C	CARD6	0.003126726485788822
ESR1	PARP8	0.003126241033896804
RAG2	RAB27B	0.0031260615214705467
CBFB	MAN1A	0.003125983290374279
ESR1	GPX3	0.0031259097158908844
SATB1	COX6A1	0.0031257779337465763
ESR1	ZNRF2	0.0031257420778274536
GFI1B	VEGFC	0.003125327406451106
ELF1	IL7R	0.003125280374661088
CBFB	TPM4	0.0031246375292539597
FOXO1	LY86	0.0031240726821124554
MEF2C	RPL41	0.003123501781374216
MYC	KIF17	0.0031233306508511305
GFI1B	FCHO2	0.0031226587016135454
GFI1B	OSGIN1	0.00312259653583169
CBX7	IL17RA	0.0031217439100146294
MEIS1	HDAC7	0.0031212985049933195
SPI1	XIST	0.0031207408756017685
ELF1	TFR2	0.0031206277199089527
FOXO1	ZFP612	0.003120429115369916
SATB1	BPIFC	0.003120304783806205
CBX7	GPR65	0.0031201948877424
MYC	CD69	0.003119330620393157
MEF2C	GM15564	0.0031192561145871878
IRF8	NUCB2	0.0031185015104711056
ESR1	ANXA2	0.0031184465624392033
SPI1	METTL7A1	0.0031183920800685883
CBFB	SYTL1	0.003118380904197693
MEIS1	CDK19	0.0031182458624243736
ESR1	PPM1G	0.0031180817168205976
GATA2	PECAM1	0.0031172139570116997
ESR1	SNAP23	0.0031172086019068956
MEIS1	TCAF1	0.0031171429436653852
CBX7	TRIM59	0.0031170372385531664
ESR1	NR3C2	0.003116234438493848
ELF1	DRC7	0.003115701721981168
CBX7	ADAMTSL5	0.0031154239550232887
MYC	5430427O19RIK	0.003113572020083666
CBX7	HAAO	0.0031134053133428097
GATA2	PDGFRB	0.003111728932708502
ESR1	PLEKHG6	0.0031115442980080843
SPI1	TRIM59	0.003111005760729313
IKZF1	ZBTB20	0.0031109615229070187
MEF2C	PTGER2	0.0031104686204344034
MYC	RHOH	0.00311045884154737
FOXO1	PRR5	0.003109854878857732
CBX7	EFNA1	0.003109823679551482
MEIS1	NUPR1	0.00310965022072196
NOTCH1	SFRP1	0.0031093975994735956
CBX7	CTTN	0.0031082062050700188
SPI1	SNAP47	0.0031081519555300474
ESR1	SLC43A2	0.003107810392975807
NOTCH1	RPS27L	0.0031075587030500174
NOTCH1	PYGL	0.003107326803728938
SPI1	IL17RA	0.0031069775577634573
ESR1	MEF2C	0.0031060227192938328
MYC	DOCK10	0.003105890704318881
CBFB	RUNX2	0.0031057074666023254
FOXO1	PDGFRB	0.003105426672846079
CBFB	HNF4A	0.0031051263213157654
NOTCH1	PANX1	0.003104755887761712
ESR1	GFI1B	0.003104595234617591
NOTCH1	TNS2	0.0031044965144246817
SPI1	NFIA	0.0031038110610097647
MEIS1	SELPLG	0.003103142138570547
MYC	USP11	0.0031030757818371058
CBFB	PTGS1	0.003102957271039486
CBX7	GM1966	0.0031027665827423334
SATB1	CFP	0.0031025619246065617
CBFB	PLEK	0.0031018126755952835
IRF8	COX6A1	0.00310111022554338
ESR1	ESAM	0.003100764472037554
ESR1	KBTBD11	0.0030999877490103245
MEIS1	FUT7	0.003099985420703888
ESR1	CSF1R	0.0030998976435512304
FOXO1	DOCK10	0.003099879715591669
IKZF1	GIMAP1OS	0.003099213819950819
GATA2	YBX1	0.0030986720230430365
CBFB	TALDO1	0.0030982124153524637
GATA2	TSPAN2	0.003097937209531665
CBX7	ITGAL	0.0030974852852523327
MYC	HMGB2	0.00309666502289474
MYC	MYCN	0.0030964408069849014
MEF2C	SERP1	0.0030961704906076193
SPI1	ANGPT1	0.003095959546044469
ESR1	ANKRD44	0.0030957679264247417
ESR1	FCGRT	0.003095753490924835
SATB1	ZFP62	0.0030956619884818792
GATA2	NAPSA	0.003095312975347042
FOXO1	TRIM59	0.0030951376538723707
FOXO1	LSP1	0.003094976069405675
CBX7	IFI209	0.003094189101830125
SPI1	RNF38	0.003094115061685443
GATA2	HNRNPAB	0.0030925676692277193
RAG2	CAPG	0.00309238163754344
SPI1	STK10	0.003091573715209961
ESR1	SCARF1	0.0030913904774934053
SATB1	MCTP2	0.0030911925714462996
SPI1	SERPINB6A	0.003090713871642947
SATB1	TIPIN	0.0030900882557034492
IKZF1	PRDM16	0.0030899697449058294
MYC	OTULINL	0.003089961828663945
MYC	ZFP367	0.00308990478515625
FOXO1	FUCA2	0.0030887718312442303
CBX7	CNN3	0.0030884973239153624
CBFB	CADPS2	0.003088402794674039
FOXO1	COX7B	0.003088186029344797
FOXO1	NLRC3	0.0030881213024258614
FOXO1	ZFP37	0.0030878763645887375
MYC	N4BP3	0.0030868654139339924
FOXO1	PTGS1	0.003086261684074998
ESR1	FUT7	0.0030860435217618942
CBFB	IL17RA	0.0030859787948429585
ELF1	GFI1B	0.0030856304802000523
IRF8	PDGFRB	0.0030854027718305588
FOXO1	CASP12	0.00308536970987916
ESR1	GCSAM	0.0030849396716803312
ESR1	ABCG2	0.003084850497543812
ESR1	ITM2A	0.003084520809352398
RAG2	ENG	0.00308451266027987
FOXO1	TRIM16	0.0030844712164252996
CBFB	MSMO1	0.003084440715610981
ELF1	LARS2	0.003084098920226097
ELF1	CBX7	0.003083309158682823
SPI1	FUT8	0.0030830365139991045
MEIS1	GM20342	0.0030827175360172987
CBFB	CPXM1	0.003082603681832552
NOTCH1	NEAT1	0.0030823780689388514
IRF8	IFI27	0.003082126844674349
ESR1	GHR	0.003081962699070573
MYC	CDK19	0.0030819091480225325
IRF8	CTSL	0.0030814537312835455
MEF2C	PLXNC1	0.003080985741689801
CBFB	MAGED2	0.003080827184021473
GATA2	C030034L19RIK	0.0030797754880040884
RAG2	GNG11	0.0030796038918197155
IKZF1	MYC	0.0030792371835559607
CBX7	ARHGEF28	0.0030773465987294912
CBX7	GM10419	0.0030770518351346254
IKZF1	JAM2	0.0030768588185310364
GFI1B	RNF213	0.0030768525321036577
MEIS1	IGHV1-77	0.003076687455177307
ESR1	CTNNAL1	0.0030765803530812263
CBX7	RUNX2	0.0030762052629143
SPI1	CDK17	0.003076146822422743
MEIS1	EEPD1	0.0030760655645281076
MEIS1	SIGLECG	0.00307563622482121
GFI1B	LDHD	0.0030751905869692564
FOXO1	GOLM1	0.0030750571750104427
ESR1	CYFIP2	0.0030738567002117634
SATB1	CES2G	0.003073763335123658
CBFB	CSF1R	0.003073384752497077
MEIS1	PDGFRB	0.003072883700951934
RAG2	MYLK	0.00307267252355814
SPI1	WLS	0.003072651568800211
CBX7	DOK2	0.0030718890484422445
SPI1	ZMIZ1	0.0030716219916939735
ESR1	MYLK	0.003071345156058669
CBFB	PDGFRB	0.0030706075485795736
NOTCH1	SEMA3D	0.003070546081289649
FOXO1	PARP8	0.0030699092894792557
SPI1	CCR9	0.003069050144404173
FOXO1	ZFP367	0.0030689211562275887
GATA2	LPCAT2	0.0030687362886965275
ELF1	DACH1	0.0030681476928293705
GATA2	RHOH	0.003067978424951434
SPI1	BCL2	0.003067964920774102
SATB1	PIRB	0.0030678703915327787
MEF2C	GM45837	0.003067723475396633
MEF2C	GM20342	0.0030674675945192575
NOTCH1	IGF1	0.0030669893603771925
CBX7	SLC26A11	0.0030668694525957108
IKZF1	UQCR11	0.003066581441089511
CBX7	CCDC136	0.0030664780642837286
SPI1	2810468N07RIK	0.003066031960770488
FOXO1	CCDC112	0.003065296681597829
MEIS1	SDC1	0.0030652040150016546
CBX7	ALDH1A1	0.0030650326516479254
MEF2C	DUSP6	0.0030641884077340364
FOXO1	9530082P21RIK	0.0030638249590992928
CBFB	GM37124	0.0030618268065154552
NOTCH1	CTTN	0.003061662195250392
CBX7	AKNA	0.003061483148485422
MEIS1	MTUS1	0.0030613080598413944
MEIS1	SP100	0.003060789778828621
RAG2	S100A6	0.0030606703367084265
MYC	CTSF	0.0030591993127018213
FOXO1	RASA4	0.00305829755961895
IRF8	ITGAM	0.003058081492781639
MEIS1	DDX4	0.003057919442653656
FOXO1	XDH	0.0030577252618968487
IRF8	RHOH	0.003057661699131131
FOXO1	ATP1A3	0.003057650523260236
IRF8	PTGER2	0.003056393237784505
NOTCH1	ITGB5	0.00305624445900321
GATA2	GCSAM	0.0030560658778995275
CBX7	CD44	0.003055365290492773
CBX7	CAMK1D	0.003054942935705185
GFI1B	CASP12	0.003053737571462989
GFI1B	ITGB2	0.0030536961276084185
IKZF1	LY86	0.0030535582918673754
GFI1B	CTSW	0.0030532439704984426
NOTCH1	NLRC3	0.00305305328220129
CBX7	UHRF1	0.0030528896022588015
CBX7	TMEM268	0.0030528369825333357
CBFB	ITGB2	0.003052783664315939
RAG2	PLIN3	0.003050473751500249
MYC	TRPC6	0.0030497158877551556
SPI1	CTNND2	0.003049513092264533
CBX7	MEF2C	0.003049509134143591
NOTCH1	RPL41	0.0030492800287902355
CBX7	DPP4	0.0030482346192002296
ESR1	CDK19	0.0030481021385639906
MEF2C	MPEG1	0.003047924255952239
MYC	TMEM37	0.003047550329938531
MEIS1	XRCC6	0.0030473920051008463
MEIS1	SHROOM4	0.0030466443859040737
IRF8	SLC25A5	0.0030461095739156008
ESR1	CHST2	0.0030456066597253084
FOXO1	CHIL5	0.0030454916413873434
GFI1B	USP11	0.0030444751027971506
FOXO1	BCL2	0.0030440655536949635
RAG2	TMEM123	0.00304333190433681
FOXO1	GM20342	0.003043321892619133
FOXO1	TCAF1	0.0030430820770561695
IRF8	NHP2	0.0030416520312428474
MEIS1	PRSS57	0.0030413512140512466
MEF2C	CCL9	0.0030412899795919657
ELF1	ITGB5	0.0030409074388444424
NOTCH1	CARD11	0.0030408550519496202
SATB1	UQCR11	0.003040359355509281
FOXO1	CTSG	0.0030395665671676397
CBX7	F630028O10RIK	0.003039156785234809
CBX7	TMEM173	0.0030390876345336437
MYC	SNAP23	0.003038947470486164
IKZF1	NEURL3	0.0030386161524802446
MEIS1	SLC39A6	0.0030383889097720385
RAG2	TALDO1	0.0030379241798073053
IRF8	ELL2	0.003036542097106576
FOXO1	IFI206	0.003036255482584238
MEF2C	CDK17	0.0030361851677298546
SPI1	RUNX1T1	0.0030357791110873222
MYC	ZMIZ1	0.0030356296338140965
MEF2C	PDGFRB	0.003035443602129817
SATB1	ITGB2	0.0030347672291100025
CBX7	NUPR1	0.0030345278792083263
ESR1	GM4951	0.0030338435899466276
CBFB	CAMK1D	0.0030334617476910353
CBX7	SLC44A2	0.0030321632511913776
ESR1	RNF125	0.0030319110956043005
MEF2C	TMEM123	0.0030313783790916204
NOTCH1	ADAM17	0.003030952764675021
IRF8	TIPIN	0.0030308919958770275
GATA2	SAMSN1	0.0030308456625789404
FOXO1	SELL	0.0030305041000247
ESR1	SLC22A3	0.0030303250532597303
MEF2C	ARHGAP27	0.0030296610202640295
SPI1	FRMD6	0.003029312938451767
ELF1	CD44	0.003029201179742813
NOTCH1	IPCEF1	0.0030286284163594246
NOTCH1	GCSAM	0.0030285664834082127
CBFB	PAG1	0.003028544597327709
GATA2	GPX3	0.0030281334184110165
CBFB	EYA2	0.0030281213112175465
GATA2	CAMSAP2	0.0030270542483776808
ELF1	SLC9A9	0.0030268006958067417
SPI1	CD63-PS	0.0030256984755396843
RAG2	IGLC2	0.003025570185855031
SATB1	RPS27L	0.0030251857824623585
SATB1	AFF3	0.0030251615680754185
IKZF1	IPCEF1	0.0030250130221247673
FOXO1	ZMIZ1	0.0030243920627981424
IKZF1	GPR18	0.0030239277984946966
GATA2	TAPT1	0.0030230276752263308
ESR1	TTLL7	0.003022368997335434
RAG2	GM10419	0.003022262593731284
IRF8	JCHAIN	0.0030221822671592236
FOXO1	CHST2	0.003021888667717576
CBFB	TAPT1	0.0030215876176953316
SPI1	SLBP	0.0030213745776563883
SATB1	PEAR1	0.0030208383686840534
SPI1	SLC16A10	0.003020486095920205
IRF8	SLC29A1	0.003019532887265086
GFI1B	ANXA2	0.0030193820130079985
ESR1	IFI213	0.0030192548874765635
NOTCH1	TALDO1	0.0030191480182111263
GFI1B	AKNA	0.0030190341640263796
CBFB	TCAF1	0.003018972696736455
CBX7	MCTP2	0.0030188600067049265
FOXO1	JPT1	0.0030185331124812365
IKZF1	IFI206	0.00301808537915349
CBFB	ABCG2	0.003017925890162587
IRF8	POLA2	0.003017233218997717
MEIS1	PDE1B	0.0030168015509843826
GFI1B	ARHGAP15	0.003016649279743433
CBFB	TEAD2	0.0030163575429469347
MEIS1	CTSG	0.003015875583514571
MYC	TFPI	0.0030154981650412083
ELF1	REL	0.0030153715051710606
MYC	BTLA	0.0030143943149596453
FOXO1	HID1	0.003014169866219163
ELF1	DCK	0.0030139023438096046
CBX7	ITGB5	0.003013501176610589
RAG2	CCL9	0.0030128248035907745
NOTCH1	VDR	0.0030127728823572397
CBFB	GM2A	0.0030124832410365343
GFI1B	HDAC7	0.0030120827723294497
RAG2	SLC43A2	0.003012044122442603
CBFB	LAX1	0.0030117970891296864
IRF8	ZNRF2	0.0030116362031549215
ELF1	EMP1	0.003011139575392008
FOXO1	NAIP6	0.0030106534250080585
CBX7	RNF13	0.0030098152346909046
SPI1	IGHV1-81	0.0030088676139712334
SATB1	GM37124	0.0030084876343607903
ELF1	PPM1G	0.0030082373414188623
CBX7	CTSF	0.0030080450233072042
IRF8	SLC16A11	0.0030080415308475494
NOTCH1	CD74	0.0030075772665441036
FOXO1	CARD11	0.003007404273375869
IKZF1	GBP9	0.0030073844827711582
CBX7	RNASE6	0.00300726224668324
MEF2C	IGHD	0.003006278071552515
SPI1	UAP1L1	0.0030055902898311615
ESR1	TCAF1	0.0030055101960897446
RAG2	TFEC	0.003005109028890729
MYC	ICA1	0.0030045651365071535
NOTCH1	SLC25A5	0.0030043183360248804
ESR1	SLC44A2	0.0030040608253329992
CBX7	CARD6	0.003003973513841629
GFI1B	OBSCN	0.003003036370500922
MEF2C	ERP29	0.0030029998160898685
IKZF1	GM973	0.00300269341096282
CBFB	CTSL	0.0030026109889149666
CBX7	JPT1	0.0030025930609554052
MEF2C	NPM1	0.003001400036737323
MYC	GM10384	0.0030013418290764093
IRF8	GHR	0.0030012817587703466
MYC	ITGA6	0.0030008808244019747
FOXO1	RAB40B	0.0030005646403878927
FOXO1	RASSF2	0.003000452648848295
CBFB	NWD1	0.003000396303832531
MYC	ENG	0.0029992766212671995
MEF2C	COQ8A	0.0029990626499056816
GATA2	CARD6	0.002998962067067623
MYC	ARHGEF18	0.002998851705342531
GATA2	LRRC8C	0.0029988265596330166
RAG2	TIE1	0.002998706651851535
MYC	GOLM1	0.002998444251716137
IRF8	ELF1	0.0029968838207423687
CBX7	ME2	0.0029963995330035686
FOXO1	TAPT1	0.0029962959233671427
CBX7	PPIC	0.0029959878884255886
MEF2C	LTB	0.002995293354615569
GFI1B	PRPS2	0.002994873793795705
SPI1	CD63	0.002994719659909606
ELF1	SSTR2	0.002993606263771653
CBFB	ITGA6	0.0029929575975984335
ELF1	NUCB2	0.002992809982970357
CBX7	UNC45BOS	0.00299266935326159
FOXO1	SPNS3	0.0029926090501248837
ESR1	IGHV1-77	0.0029922667890787125
ELF1	CARD6	0.0029920001979917288
ELF1	IL10RA	0.0029915033373981714
MYC	PYGL	0.002991498215124011
ELF1	SDSL	0.0029914500191807747
IKZF1	FOXO1	0.0029912893660366535
FOXO1	ARHGAP18	0.002991270972415805
MEIS1	NKG7	0.0029912262689322233
NOTCH1	PTPRE	0.002990888897329569
ESR1	IFI206	0.0029905117116868496
SPI1	CD55	0.002990178531035781
GATA2	TBC1D5	0.0029901762027293444
ESR1	GIMAP1	0.002989651635289192
CBFB	BCL2	0.0029896071646362543
MEF2C	CD74	0.00298828212544322
GFI1B	ABHD17B	0.0029878539498895407
GFI1B	PPCDC	0.0029875109903514385
MEIS1	CD7	0.0029870979487895966
GFI1B	CMAH	0.0029861703515052795
MYC	FUT8	0.002985962200909853
FOXO1	PSTPIP1	0.0029858711641281843
SPI1	PAFAH2	0.0029858446214348078
GATA2	GPR65	0.002985771046951413
GFI1B	NHP2	0.0029857149347662926
CBX7	ARPP21	0.0029851028230041265
CBX7	IGHD	0.0029842397198081017
CBX7	LACTB	0.002983999438583851
MEF2C	ZBTB20	0.0029837179463356733
CBX7	VAMP5	0.002983122132718563
CBFB	CTNND2	0.002982586622238159
CBFB	CCDC112	0.002982322359457612
RAG2	ANXA5	0.002982247853651643
SPI1	GATA2	0.0029819158371537924
CBFB	ESR1	0.0029814564622938633
CBFB	TEK	0.0029813770670443773
IRF8	MYC	0.00298109813593328
IRF8	PIRB	0.002980521647259593
SPI1	VDR	0.0029803551733493805
IRF8	RNASE6	0.0029798459727317095
GFI1B	GIMAP1	0.002979820594191551
ESR1	CLCA3A1	0.0029792897403240204
SPI1	MRVI1	0.0029788820538669825
ELF1	LY86	0.0029775931034237146
RAG2	HACD4	0.0029769898392260075
MEIS1	CCR9	0.0029767684172838926
ESR1	KLHL4	0.002976763527840376
ESR1	ERP29	0.0029767260421067476
FOXO1	CLEC2I	0.002976536052301526
MEIS1	ITGB2	0.002976507181301713
CBX7	IGLC2	0.002976035000756383
ELF1	STARD4	0.0029757446609437466
CBFB	PYGL	0.002975631505250931
GFI1B	LAX1	0.002975176554173231
MEIS1	NHP2	0.002975007751956582
CBFB	ARID5A	0.002974654547870159
IKZF1	ADAM17	0.002974608913064003
FOXO1	MPEG1	0.0029744687490165234
MEF2C	COX6A2	0.002974216127768159
CBX7	ICOS	0.0029742021579295397
GFI1B	RNF38	0.0029739357996731997
ESR1	LGALS1	0.002973648253828287
GFI1B	SMTNL1	0.002973414259031415
RAG2	PKIA	0.002973332069814205
MEF2C	CLEC1A	0.0029729963280260563
IKZF1	CDK18	0.00297266012057662
MYC	GPR171	0.0029721837490797043
GATA2	NLRC3	0.00297170365229249
SPI1	ITM2A	0.0029714314732700586
CBFB	IL1R1	0.002971388166770339
SATB1	ME2	0.002971271751448512
MEIS1	CAVIN2	0.0029711523093283176
ESR1	WFDC18	0.0029706282075494528
GFI1B	INHBA	0.002970451256260276
CBX7	MPDZ	0.002969985594972968
ELF1	EBI3	0.002969979075714946
IKZF1	RPL41	0.002969691064208746
MEIS1	TMEM173	0.002968934830278158
IRF8	HNRNPAB	0.002968840766698122
MEF2C	TINAGL1	0.0029686973430216312
SATB1	IGHV1-76	0.002968365792185068
MEF2C	ESR1	0.0029683555476367474
CBX7	NDNF	0.0029681322630494833
IKZF1	SLC16A2	0.002967790700495243
FOXO1	PYGL	0.002966956701129675
CBX7	MYLK	0.0029664651956409216
FOXO1	APP	0.002965789521113038
FOXO1	TOP2A	0.0029654288664460182
SATB1	KCTD12	0.0029651932418346405
ELF1	CLEC2I	0.0029651031363755465
IRF8	IL10RA	0.002964750863611698
ELF1	TMSB4X	0.002963240025565028
MYC	PRDM16	0.0029629019554704428
FOXO1	SDC2	0.002962731523439288
CBFB	CTSS	0.00296273035928607
CBX7	MRVI1	0.00296262395568192
ELF1	XIST	0.002962505677714944
SATB1	RNASE6	0.0029624225571751595
GATA2	MCM7	0.0029623950831592083
MEF2C	NUCB2	0.002962194150313735
GATA2	TMEM206	0.002961881458759308
MEF2C	PLIN3	0.0029618546832352877
MEIS1	PRIM1	0.00296152220107615
SPI1	SPNS2	0.0029614074155688286
MEF2C	HDAC7	0.002961312420666218
IKZF1	EVI2A	0.00296079576946795
GATA2	CCT2	0.0029607885517179966
MEF2C	CST7	0.0029606218449771404
GFI1B	ZYX	0.0029601401183754206
ELF1	PRKCH	0.002959609031677246
CBFB	JAM2	0.002959266072139144
ELF1	NPDC1	0.0029591990169137716
ELF1	CTNND2	0.0029582204297184944
ESR1	NCEH1	0.002958106342703104
GATA2	DOK2	0.0029578078538179398
SPI1	DCK	0.002956707961857319
MEF2C	NAV1	0.00295658060349524
IRF8	GDA	0.0029565661679953337
ELF1	MCM4	0.0029565244913101196
MYC	COL4A2	0.0029563859570771456
NOTCH1	CD38	0.002956139389425516
RAG2	PPIC	0.0029557885136455297
IRF8	SELENOP	0.0029547717422246933
MEIS1	PECAM1	0.0029544865246862173
SPI1	PROCR	0.002954283030703664
CBX7	APP	0.0029541028197854757
IKZF1	FCHO2	0.002954040188342333
FOXO1	MCTP2	0.0029539659153670073
MEF2C	BDH2	0.00295378384180367
CBX7	IGHV1-53	0.0029529447201639414
IRF8	CLU	0.0029528611339628696
CBFB	TFR2	0.002952238777652383
MEIS1	RNF213	0.0029516315553337336
CBX7	SLC29A1	0.0029514171183109283
ESR1	PLIN3	0.0029509905725717545
MEF2C	4833407H14RIK	0.0029506573919206858
RAG2	ADAMTSL5	0.0029506145510822535
CBX7	CHST2	0.002949932822957635
GATA2	IFI27	0.002949508372694254
CBFB	MPL	0.0029492697212845087
CBX7	SLC22A3	0.0029492368921637535
CBX7	AC174780.1	0.0029490909073501825
CBX7	ANXA2	0.0029485966078937054
RAG2	ZFP37	0.002948460867628455
MYC	TRIM16	0.002948429901152849
SPI1	TMEM268	0.0029477993957698345
CBX7	CFP	0.0029476184863597155
MYC	COL4A1	0.002947552129626274
CBX7	PRIM1	0.0029474953189492226
IRF8	H2-DMA	0.002947320928797126
IKZF1	PAG1	0.0029470869340002537
IKZF1	CCT2	0.0029467076528817415
GATA2	GOLM1	0.00294664828106761
GFI1B	GCSAM	0.0029465581756085157
ESR1	TXNIP	0.002946280874311924
NOTCH1	SIGLECG	0.002945777028799057
CBX7	GSN	0.002945325104519725
IKZF1	PGRMC1	0.0029451698064804077
GFI1B	NLRC3	0.0029448275454342365
ESR1	MSMO1	0.0029446734115481377
MEF2C	IFI206	0.002944190287962556
SATB1	RASSF2	0.002943911589682102
CBFB	CTNNAL1	0.0029433723539114
MYC	MPL	0.0029433192685246468
MEF2C	IGKC	0.002942482242360711
GFI1B	RHOH	0.002942473627626896
MEF2C	HNF4A	0.0029424624517560005
ELF1	SERP1	0.0029413499869406223
RAG2	FUT8	0.002941233804449439
MEIS1	MGAT1	0.00294095859862864
FOXO1	ABHD17B	0.002940885489806533
CBX7	POLA2	0.0029408836271613836
NOTCH1	PLK2	0.002940625650808215
ELF1	ZFP367	0.002940528327599168
FOXO1	RASAL3	0.0029404684901237488
MYC	MYO5A	0.0029404684901237488
ESR1	OBSCN	0.002939532045274973
ELF1	CTSS	0.002939407480880618
SPI1	KRT18	0.0029392852447927
MEF2C	BPIFC	0.0029389981646090746
MYC	SYTL1	0.0029376179445534945
ESR1	PAQR5	0.0029354982543736696
NOTCH1	UBE2L6	0.002935363445430994
SATB1	IGF1	0.0029350188560783863
CBX7	CMAH	0.0029339659959077835
ESR1	REL	0.0029338616877794266
GATA2	CTSW	0.002933720126748085
SPI1	TTC39B	0.0029337010346353054
CBX7	CLEC14A	0.00293362676165998
MEF2C	NEAT1	0.0029334917198866606
ESR1	UHRF1	0.002933245850726962
MEF2C	PPM1G	0.0029328709933906794
CBX7	COX6A1	0.002932849107310176
CBFB	GRAMD1A	0.0029324996285140514
CBFB	ITPR2	0.002932098461315036
MEF2C	TSPAN3	0.0029316190630197525
FOXO1	NCAPD2	0.0029315915890038013
NOTCH1	OSGIN1	0.0029314719140529633
SPI1	CLEC2I	0.002931350376456976
ESR1	PLXNA1	0.0029298767913132906
IKZF1	PLD4	0.0029296947177499533
GATA2	LAPTM5	0.0029296879656612873
IRF8	FCGRT	0.0029291962273418903
MEIS1	AC174780.1	0.0029290372040122747
FOXO1	TFPI	0.00292852520942688
ELF1	EVI2A	0.002928114263340831
SPI1	ARHGAP27	0.0029279079753905535
CBX7	FRMD6	0.002927548484876752
ESR1	LGMN	0.0029258448630571365
MEF2C	IFI213	0.0029250276274979115
CBFB	GM5111	0.0029249785002321005
FOXO1	SLC29A1	0.0029246117919683456
ELF1	PRIM1	0.0029245938640087843
SPI1	PF4	0.002924573142081499
RAG2	CYP26B1	0.002924315631389618
MEF2C	CLCA3A1	0.0029242769815027714
GATA2	CSF1R	0.0029242062009871006
GATA2	SELPLG	0.002924144733697176
NOTCH1	TBXAS1	0.0029233370441943407
SPI1	ABCG3	0.0029231540393084288
RAG2	H1F0	0.0029230457730591297
ESR1	RPL41	0.0029229994397610426
MEF2C	CCR7	0.002922944724559784
SATB1	POLA2	0.00292280875146389
MEIS1	REL	0.002922806888818741
SPI1	CCR7	0.0029222872108221054
FOXO1	PLEKHG6	0.002922283485531807
CBFB	BTG2	0.0029222676530480385
NOTCH1	MCTP2	0.0029219232965260744
GFI1B	CSF1R	0.0029217968694865704
ELF1	SLC6A15	0.002921744715422392
MEIS1	TRIM59	0.0029213111847639084
GFI1B	CLEC2I	0.0029211859218776226
SPI1	DENND2D	0.0029210979118943214
ESR1	PLXNC1	0.0029205456376075745
ESR1	N4BP3	0.002920339349657297
SATB1	FCRL1	0.0029197263065725565
MEIS1	C130089K02RIK	0.0029190608765929937
NOTCH1	COX6A1	0.0029186266474425793
ELF1	KIT	0.0029185768216848373
RAG2	INSRR	0.002918558195233345
GATA2	RANBP1	0.0029183796141296625
NOTCH1	GM45837	0.002918057143688202
IKZF1	NPM1	0.0029178799595683813
ELF1	GM15564	0.0029178045224398375
GATA2	ZFP422	0.002917718607932329
ESR1	ZFP612	0.002917452482506633
CBFB	KCTD12	0.0029167269822210073
CBFB	RP2	0.002916313474997878
SPI1	FAM110C	0.0029162948485463858
SATB1	TMEM123	0.0029156480450183153
ESR1	COX7B	0.002915424294769764
FOXO1	FLNA	0.002915316494181752
IRF8	STXBP1	0.0029146927408874035
CBX7	CDT1	0.0029143013525754213
CBX7	RNF213	0.002914167009294033
CBX7	ZFP658	0.0029134966898709536
MYC	EBI3	0.0029132161289453506
CBX7	SLC16A2	0.0029119844548404217
ESR1	TIE1	0.0029118063393980265
MEF2C	GPR65	0.002911760238930583
CBX7	KCTD12	0.0029111183248460293
MEF2C	TNS2	0.002910352312028408
RAG2	EBI3	0.0029100244864821434
NOTCH1	CREG1	0.0029096435755491257
ESR1	ROBO4	0.002909245667979121
GFI1B	TEAD2	0.0029084854759275913
ELF1	GCSAM	0.002908403519541025
CBX7	SLC16A11	0.002907334826886654
FOXO1	PLXNA4OS1	0.0029070910532027483
MEF2C	ARHGAP29	0.0029069336596876383
MEF2C	RNASE6	0.0029063585679978132
ELF1	LRRC8C	0.002906239125877619
RAG2	ADGRG1	0.002905324101448059
MEIS1	PDGFC	0.0029041741508990526
MEIS1	RASIP1	0.0029034239705652
SATB1	ZFP658	0.0029031261801719666
MYC	NCAPD2	0.0029030039440840483
SATB1	TOP2A	0.0029029494617134333
SPI1	CTSH	0.0029027205891907215
ELF1	CLU	0.002902638167142868
GFI1B	GM37124	0.0029021846130490303
ELF1	PBX1	0.002902102889493108
GFI1B	TM4SF1	0.0029020144138485193
FOXO1	COX6A2	0.0029019152279943228
ESR1	AFDN	0.002901694970205426
MYC	GM20342	0.0029014721512794495
IRF8	CD244A	0.0029008984565734863
SATB1	SLBP	0.002900525461882353
FOXO1	GPR65	0.0029001175425946712
SATB1	MCM5	0.002899989252910018
CBFB	MRVI1	0.0028997762128710747
ELF1	GPR18	0.002899609971791506
CBX7	JAM2	0.002899478655308485
SPI1	CISH	0.002898635109886527
ESR1	GMNN	0.0028985615354031324
GATA2	ZNRF2	0.002898345235735178
MYC	GAA	0.0028981196228414774
MEIS1	MCM4	0.0028978653717786074
CBFB	ADGRG1	0.0028977158945053816
FOXO1	CAMK1D	0.002897367114201188
ELF1	CES2G	0.0028971019200980663
ESR1	CBFB	0.002896498655900359
GATA2	UHRF1	0.002896267920732498
IRF8	GM2A	0.0028958856128156185
ESR1	CD55	0.0028954199515283108
IKZF1	SLBP	0.0028937740717083216
CBX7	NCAPD2	0.0028932581190019846
IKZF1	RBPMS	0.0028932434506714344
IRF8	GM4759	0.0028928855899721384
CBFB	DPP4	0.002892051823437214
SPI1	DEPP1	0.002891772659495473
IRF8	HSPE1	0.002891749609261751
SPI1	GM19331	0.0028914788272231817
SPI1	SERPINA3G	0.002891271375119686
MEIS1	ADSSL1	0.002890779636800289
FOXO1	H2-DMA	0.002890110481530428
ESR1	INSRR	0.0028900366742163897
NOTCH1	ZFP612	0.0028900159522891045
CBFB	RASA4	0.0028894043061882257
MEIS1	GPX3	0.002888880204409361
ESR1	SLC2A3	0.002888490678742528
CBX7	ZNRF2	0.0028874450363218784
CBFB	SIGLECG	0.0028864252381026745
IKZF1	ZFP658	0.002886025933548808
MEIS1	WFDC2	0.002885238965973258
ESR1	NCF1	0.002885017776861787
ELF1	RNASE6	0.0028849546797573566
ESR1	GM8203	0.002884606597945094
CBX7	DYNLL1	0.0028843674808740616
MEF2C	PKIB	0.0028840273153036833
IRF8	GBP4	0.0028835798148065805
NOTCH1	SLC39A13	0.002883380278944969
NOTCH1	MYLK	0.0028829118236899376
ESR1	IPCEF1	0.0028826873749494553
MYC	LAG3	0.0028825572226196527
CBFB	NEURL3	0.0028818186838179827
MYC	CLCA3A1	0.0028813083190470934
ESR1	TTC39B	0.0028806375339627266
ESR1	ELF1	0.0028805360198020935
MYC	ESR1	0.0028803094755858183
SPI1	CCT2	0.0028802333399653435
FOXO1	SFRP1	0.002879360457882285
ESR1	KIT	0.00287931552156806
ESR1	AMIGO2	0.0028791429940611124
SATB1	PRIM1	0.0028790668584406376
MEF2C	GM19331	0.0028788011986762285
MYC	CTSW	0.0028778009582310915
CBFB	USP11	0.0028773269150406122
MEIS1	E430014B02RIK	0.0028773187659680843
CBX7	SELPLG	0.0028772815130650997
SPI1	RCSD1	0.0028764328453689814
MEIS1	GGT5	0.002876398852095008
MEF2C	ELOVL5	0.0028762896545231342
GATA2	RHBDF1	0.0028759962879121304
CBX7	IGHV1-82	0.002875611884519458
CBFB	ITGB5	0.002874979982152581
MEF2C	TIFAB	0.0028748048935085535
FOXO1	CSGALNACT1	0.0028747397009283304
NOTCH1	C1RL	0.0028734016232192516
FOXO1	AI504432	0.0028729659970849752
ELF1	PAFAH2	0.0028728796169161797
MEF2C	ZFP658	0.0028725313022732735
CBX7	PAFAH2	0.0028724728617817163
MEIS1	ADAMTSL5	0.0028712865896523
SPI1	MYO5A	0.0028708758763968945
CBFB	SLC18A1	0.002870252588763833
MEIS1	CLU	0.002869947114959359
FOXO1	CFP	0.0028683263808488846
SATB1	LGALS1	0.002868272829800844
ESR1	DRC7	0.002868085401132703
GFI1B	KCTD12	0.0028678560629487038
GFI1B	SIGLECG	0.002867366885766387
FOXO1	UBE2L6	0.002867296803742647
ESR1	PDCD4	0.0028657105285674334
SPI1	CBFB	0.002865481423214078
MEF2C	PLD4	0.002864886773750186
ELF1	IGHV1-77	0.0028643631376326084
IRF8	STK17B	0.0028637072537094355
ESR1	PRDM16	0.002863303292542696
MYC	MAGED2	0.0028631959576159716
GATA2	SLA	0.0028627749998122454
FOXO1	DUSP5	0.0028622341342270374
MYC	UNC93B1	0.002861406421288848
ESR1	ATP1A3	0.002861370798200369
ELF1	FUT7	0.002861203858628869
MYC	MYCT1	0.0028609493747353554
CBFB	ZFP612	0.0028608667198568583
MEIS1	LYN	0.0028599968645721674
GFI1B	IL18RAP	0.0028595731128007174
FOXO1	GFI1B	0.002859169151633978
ESR1	PTGS1	0.0028591062873601913
ESR1	SELPLG	0.0028585982508957386
IRF8	P2RY14	0.002858268329873681
ELF1	UBA7	0.002858218504115939
CBX7	HOXA9	0.0028573335148394108
CBFB	SSH2	0.002857206854969263
MEF2C	GNG2	0.0028570981230586767
MEF2C	NAPSA	0.002856689039617777
FOXO1	SLC26A11	0.0028563241939991713
ESR1	KIF17	0.0028563044033944607
MYC	C230085N15RIK	0.0028561982326209545
FOXO1	TSPAN13	0.0028556755278259516
ESR1	PLXDC2	0.0028554489836096764
CBX7	FSTL1	0.0028554012533277273
ESR1	CFP	0.0028549993876367807
ESR1	SHISA9	0.0028546189423650503
MEIS1	ZFP367	0.002854400547221303
GATA2	GM15564	0.002854396356269717
MYC	IPCEF1	0.002854038728401065
MYC	NWD1	0.002853894606232643
IRF8	CYFIP2	0.0028530252166092396
CBFB	NFIA	0.002852956997230649
GATA2	LGMN	0.002852358389645815
CBX7	CYP26B1	0.0028522852808237076
IRF8	TFPI	0.0028504941146820784
NOTCH1	PLEKHB1	0.002850261516869068
CBX7	SLBP	0.0028498065657913685
GFI1B	TALDO1	0.0028497937601059675
ELF1	NCKAP1	0.002849695971235633
CBX7	PGRMC1	0.002849652199074626
MYC	PARP8	0.0028492300771176815
GFI1B	RRAS	0.002848226809874177
CBX7	PLD4	0.0028481371700763702
CBX7	RGS2	0.002847708761692047
SATB1	WLS	0.002847550669685006
IRF8	GIMAP3	0.0028472018893808126
GATA2	PIRB	0.0028470915276557207
MEF2C	POLA2	0.002846385817974806
ESR1	TNFAIP2	0.0028454468119889498
ESR1	NRROS	0.002844620496034622
SPI1	VAMP5	0.002844111993908882
MEF2C	9030619P08RIK	0.0028439308516681194
SATB1	DRC7	0.002843791153281927
SATB1	KIF17	0.0028437343426048756
MEIS1	UNC93B1	0.002843245165422559
ESR1	RAB38	0.0028431196697056293
CBFB	GM20342	0.0028430577367544174
IKZF1	MPEG1	0.0028427797369658947
NOTCH1	FCGRT	0.0028427469078451395
MEF2C	ANKRD33B	0.0028424987103790045
FOXO1	AMIGO2	0.002842060988768935
GATA2	LARS2	0.002842012559995055
RAG2	SMTNL1	0.0028417997527867556
RAG2	CAVIN2	0.0028416516724973917
MYC	FGD2	0.00284153176471591
CBX7	GM15564	0.0028411534149199724
ESR1	ALDH1A1	0.0028411410748958588
MEF2C	MPO	0.0028411168605089188
CBX7	AMPD2	0.002841008361428976
GATA2	ARHGAP27	0.0028402446769177914
FOXO1	GM4951	0.0028399864677339792
GFI1B	PIRB	0.002839277032762766
SPI1	RHBDF1	0.0028392199892550707
RAG2	PF4	0.002838841173797846
ELF1	IGHV1-76	0.0028386174235492945
MEF2C	IFITM3	0.00283683929592371
NOTCH1	S100A6	0.0028367626946419477
FOXO1	F11R	0.002836517756804824
ELF1	SLC16A2	0.0028363848105072975
SPI1	SOX18	0.0028359140269458294
NOTCH1	GM4951	0.0028344362508505583
ESR1	JAM3	0.002834353828802705
FOXO1	TMEM123	0.0028341813012957573
FOXO1	GIMAP1	0.002834134502336383
MEF2C	IGHV1-74	0.002833988517522812
NOTCH1	CIPC	0.0028338932897895575
SPI1	GM4951	0.002833867911249399
GATA2	INSRR	0.002833583625033498
MEIS1	SFRP1	0.0028333619702607393
CBFB	ART4	0.0028332110960036516
GATA2	EVI2A	0.00283221248537302
MEIS1	LAX1	0.002831656951457262
GFI1B	GPC1	0.0028316350653767586
CBX7	PLPPR3	0.0028312206268310547
ELF1	MEIS1	0.002831118879839778
SATB1	GM8203	0.002831031335517764
FOXO1	VAMP1	0.002831028774380684
ELF1	CD55	0.0028308560140430927
RAG2	LAPTM5	0.0028307943139225245
CBX7	NEO1	0.00283057545311749
IRF8	RAMP1	0.002830448327586055
RAG2	UBA7	0.002830066252499819
ESR1	COL4A1	0.002829263685271144
IKZF1	PLPPR3	0.0028292599599808455
MEIS1	NR3C2	0.0028290306217968464
MYC	HLF	0.002828880213201046
MYC	FKBP9	0.0028281738050282
CBFB	9530082P21RIK	0.0028280974365770817
SPI1	ARHGAP15	0.0028280692640691996
SPI1	NSMF	0.0028273295611143112
GFI1B	SLC9A9	0.002827291376888752
GATA2	XIST	0.002826630137860775
SATB1	CREG1	0.0028263244312256575
CBX7	INSRR	0.002826015232130885
SPI1	PPP1R15A	0.002825362840667367
ESR1	AMPD2	0.002824627561494708
SATB1	RANBP1	0.0028246233705431223
SPI1	GMNN	0.0028244564309716225
MEF2C	MOGS	0.002823847346007824
IKZF1	GSN	0.0028237877413630486
ESR1	CLEC1A	0.0028237688820809126
GFI1B	UNC93B1	0.0028227828443050385
FOXO1	P2RY14	0.002822567941620946
MYC	RNF213	0.002821908099576831
CBFB	FAM110C	0.0028211940079927444
GFI1B	GBP9	0.002821078058332205
FOXO1	DDX4	0.0028208126313984394
IKZF1	COX6A2	0.002820022637024522
CBFB	ARL11	0.002819972112774849
SPI1	SLC29A1	0.002819743240252137
NOTCH1	NFIA	0.002819319721311331
CBX7	TM4SF1	0.0028190971352159977
GFI1B	NDNF	0.002819045213982463
NOTCH1	FGFR3	0.0028188922442495823
ESR1	MYCN	0.0028179839719086885
ELF1	ADGRG1	0.0028178489301353693
GATA2	TRPV2	0.0028176503255963326
MEF2C	TMEM176B	0.002817015163600445
CBX7	IGLV1	0.0028167401906102896
IRF8	IGHV1-74	0.0028163862880319357
CBFB	NOTCH1	0.0028161094523966312
CBFB	4833407H14RIK	0.002815671032294631
MEIS1	CHST2	0.0028153101447969675
MEF2C	ARHGAP18	0.0028149611316621304
IKZF1	ICOS	0.0028145781252533197
MEIS1	WFDC18	0.002814548322930932
SPI1	STARD4	0.002814315492287278
MEIS1	SLC16A2	0.002814079402014613
SPI1	SLC39A13	0.0028133289888501167
RAG2	IGHV1-69	0.002813202328979969
ESR1	MLPH	0.0028124996460974216
ESR1	ITGB2	0.002812356222420931
ELF1	TSC22D3	0.002811760874465108
NOTCH1	EYA2	0.002811737824231386
FOXO1	RPS27L	0.002811509883031249
FOXO1	HSPE1	0.002811263781040907
ESR1	HACD4	0.0028105834499001503
SPI1	KIF17	0.0028104488737881184
ELF1	MAGED2	0.0028100477065891027
MEF2C	GCSAM	0.0028098926413804293
MEF2C	VAMP1	0.002809611614793539
CBX7	IL18BP	0.002809562487527728
CBX7	CD69	0.0028093361761420965
GFI1B	OAS2	0.0028093350119888783
IRF8	MRVI1	0.002808942226693034
GATA2	SPNS3	0.0028081994969397783
NOTCH1	UQCR11	0.0028076465241611004
CBX7	FUCA2	0.002807183424010873
IRF8	MOGS	0.002806974807754159
MEF2C	LY86	0.0028067489620298147
SPI1	IGKC	0.002806078176945448
CBFB	CDK19	0.0028051999397575855
MYC	RBPMS	0.0028050702530890703
CBFB	OTUB2	0.0028048574458807707
ELF1	PGRMC1	0.002804728224873543
ELF1	MPDZ	0.0028046504594385624
CBX7	MLPH	0.0028036395087838173
MEF2C	GPR18	0.0028030246030539274
GATA2	NR3C2	0.002803004113957286
RAG2	ATPIF1	0.0028022632468491793
CBX7	ARHGEF18	0.0028022313490509987
MYC	FDFT1	0.0028017947915941477
ESR1	CD244A	0.002801633905619383
CBFB	CAPG	0.002801612252369523
IKZF1	AMPD2	0.0028015447314828634
GFI1B	RAB40B	0.002799143549054861
CBX7	IKZF1	0.0027985419146716595
IRF8	RGS19	0.0027980890590697527
SPI1	ENG	0.002798056695610285
NOTCH1	PLIN3	0.0027979486621916294
GFI1B	PLXNA1	0.0027977165300399065
GATA2	RASAL3	0.002796811517328024
SATB1	ERP29	0.002796210814267397
CBX7	CD244A	0.0027960529550909996
MEIS1	TRAF1	0.002795494394376874
FOXO1	NAPSA	0.002794472500681877
CBFB	MAML3	0.002793219406157732
FOXO1	MRVI1	0.002793082734569907
MEF2C	ITGB5	0.002792855491861701
CBFB	AKNA	0.0027927670162171125
RAG2	LAG3	0.0027922617737203836
MEIS1	ELOVL5	0.0027921160217374563
IKZF1	CD81	0.002791978418827057
ESR1	NCKAP1	0.002791481791064143
MEF2C	DPP4	0.0027912138029932976
ESR1	DYNLL1	0.0027909064665436745
FOXO1	EFNA1	0.0027906557079404593
GFI1B	SLC26A11	0.0027901045978069305
CBFB	TMEM268	0.002789940917864442
GATA2	PTPRE	0.00278990319930017
IKZF1	SLC16A11	0.0027893343940377235
NOTCH1	H2-Q6	0.0027890517376363277
FOXO1	ZFP422	0.0027889900375157595
ELF1	CAPG	0.0027889057528227568
CBX7	RNF38	0.0027887055184692144
SATB1	MTUS1	0.0027881634887307882
MEF2C	ENG	0.002788110636174679
SPI1	SELENOP	0.0027876344975084066
GFI1B	CNN3	0.0027868275064975023
CBX7	TAPT1	0.0027867623139172792
CBFB	BLNK	0.0027863068971782923
MEIS1	VEGFC	0.0027854680083692074
MEIS1	HNRNPAB	0.00278484751470387
GATA2	DOCK11	0.002783960895612836
MEIS1	CLIP3	0.002783561358228326
FOXO1	SOX18	0.00278291292488575
RAG2	TMEM176B	0.0027827650774270296
SPI1	CAMSAP2	0.002782713156193495
FOXO1	SCRN1	0.002781597664579749
SPI1	CDT1	0.00278111407533288
SATB1	ZNRF2	0.0027807995211333036
NOTCH1	METTL7A1	0.002780215349048376
MEIS1	ZNRF2	0.0027799285016953945
ESR1	SLC26A11	0.002778710098937154
FOXO1	CD53	0.0027786698192358017
FOXO1	EVI2A	0.0027780341915786266
ESR1	RHOF	0.0027780181262642145
NOTCH1	GIMAP8	0.0027779447846114635
MEF2C	LPCAT2	0.002777521265670657
CBX7	5430427O19RIK	0.0027771685272455215
MEF2C	NRROS	0.0027770576998591423
GFI1B	TTLL7	0.0027769042644649744
SATB1	SAT1	0.002776841400191188
GFI1B	OCLN	0.00277676060795784
GFI1B	SH2D5	0.00277655478566885
CBFB	CERS4	0.002775559900328517
GATA2	RNASE6	0.0027747838757932186
NOTCH1	FSTL1	0.0027747161220759153
CBFB	IRF8	0.0027744616381824017
MEIS1	DTL	0.0027739652432501316
CBFB	SERPINB6A	0.0027737843338400126
GFI1B	VLDLR	0.002773526357486844
FOXO1	PLEK	0.0027734541799873114
MEIS1	JPT1	0.0027727703563869
SATB1	SLC39A6	0.002772585256025195
SATB1	SPC24	0.0027722627855837345
MEIS1	GBP9	0.0027717004995793104
SPI1	ICA1	0.0027710755821317434
FOXO1	USP11	0.0027708776760846376
CBFB	SERPINA3G	0.002770430175587535
CBX7	C230085N15RIK	0.002770018996670842
CBX7	SERP1	0.0027698026970028877
MEIS1	GM2A	0.0027694539166986942
ESR1	MMRN1	0.0027691861614584923
ESR1	DACH1	0.00276855262927711
FOXO1	AFF3	0.0027680459897965193
MEF2C	FUCA2	0.0027677537873387337
GFI1B	E430014B02RIK	0.0027677498292177916
NOTCH1	XIST	0.0027677433099597692
IKZF1	NUDT19	0.0027668243274092674
GFI1B	MCM7	0.002766679273918271
ESR1	ITGA6	0.002766670659184456
CBX7	RAB40B	0.0027665095403790474
FOXO1	STK17B	0.002766358433291316
RAG2	VLDLR	0.0027662923093885183
ESR1	ADGRG1	0.0027660164050757885
GFI1B	MAN1A	0.0027659654151648283
MEIS1	MILR1	0.0027644785586744547
ELF1	TLR7	0.002764434088021517
MEF2C	EMP1	0.00276383338496089
MYC	GSTM1	0.002763360971584916
CBX7	SMTNL1	0.002763141645118594
MEF2C	APLP2	0.002762691816315055
NOTCH1	PEAR1	0.002762135583907366
CBX7	LCK	0.0027621190529316664
SPI1	TPM4	0.00276129855774343
CBX7	DUSP6	0.0027612291742116213
SPI1	KCNK5	0.002761220093816519
MEIS1	RANBP1	0.0027609181124716997
IKZF1	IGHV1-74	0.0027607937809079885
MYC	SIGLECG	0.002760367002338171
CBFB	IFI27L2A	0.002759911585599184
IRF8	GPR65	0.002759819384664297
GATA2	XRCC6	0.002759512746706605
MEF2C	MILR1	0.0027591155376285315
MYC	CAR2	0.002758569782599807
GFI1B	CDK19	0.0027585674542933702
IKZF1	METTL7A1	0.0027584817726165056
SPI1	MAN1A	0.0027583346236497164
NOTCH1	NR3C2	0.002758019370958209
NOTCH1	JAM3	0.0027578617446124554
IKZF1	H1F0	0.0027577599976211786
NOTCH1	GHR	0.002757634501904249
MYC	ANKRD33B	0.002757519017904997
MEF2C	ITGAM	0.0027574317064136267
FOXO1	ADSSL1	0.002756631001830101
FOXO1	ITGB7	0.0027565727941691875
SPI1	FCHO2	0.0027564861811697483
ESR1	2810468N07RIK	0.002756040310487151
CBX7	PGR	0.0027560298331081867
NOTCH1	KLF6	0.002755099209025502
FOXO1	2810468N07RIK	0.002754265908151865
GATA2	SLCO3A1	0.002754112472757697
MYC	MSMO1	0.002753852866590023
SPI1	ZFP658	0.00275360862724483
IRF8	S100A6	0.0027530116494745016
CBX7	BPIFC	0.002752656349912286
FOXO1	TBXA2R	0.002752522239461541
NOTCH1	CFP	0.0027525194454938173
GATA2	ME2	0.0027522144373506308
MEF2C	CDK6	0.0027516495902091265
GATA2	CTR9	0.0027514940593391657
IRF8	CHRNB1	0.002751327119767666
MEF2C	COX6A1	0.00275122607126832
ELF1	LAG3	0.0027511853259056807
FOXO1	MEIS1	0.002750553423538804
FOXO1	CBX7	0.002748816506937146
SPI1	IGHD	0.0027482849545776844
FOXO1	CYP26B1	0.0027474453672766685
ESR1	STARD4	0.0027470358181744814
CBFB	F2R	0.0027462628204375505
ESR1	GPR65	0.002746123820543289
MEIS1	NLRC3	0.0027457261458039284
MEF2C	FOXO1	0.002745402976870537
CBFB	CD33	0.0027443110011518
SATB1	CTSW	0.002742027398198843
NOTCH1	NSMF	0.0027413677889853716
GFI1B	IRF8	0.0027413652278482914
MYC	SLC35D3	0.0027408315800130367
MEF2C	CAMSAP2	0.0027399074751883745
ELF1	CREG1	0.0027399000246077776
ESR1	DOK2	0.0027394823264330626
NOTCH1	POLA2	0.00273916800506413
MEF2C	IGHV1-82	0.002738805254921317
CBX7	GPX3	0.0027387936133891344
SATB1	GMNN	0.002738767769187689
NOTCH1	GDA	0.0027383477427065372
IRF8	FUT7	0.00273804715834558
NOTCH1	ICOS	0.002737824572250247
NOTCH1	GPX3	0.0027373353950679302
NOTCH1	F630028O10RIK	0.002736619906499982
NOTCH1	CCDC112	0.0027350205928087234
FOXO1	TSPAN2	0.002733952831476927
NOTCH1	MPO	0.002733444096520543
ELF1	PGR	0.0027329197619110346
MEF2C	IL10RA	0.0027325693517923355
MEIS1	PARP8	0.0027324112597852945
CBFB	LSP1	0.002732160734012723
MYC	ATP1A3	0.0027320983354002237
IRF8	NRROS	0.0027316524647176266
RAG2	PTGS1	0.002730637788772583
GFI1B	SLC29A1	0.0027299418579787016
GATA2	LCP1	0.0027291879523545504
GFI1B	CTNND2	0.0027291064616292715
MEF2C	PLCL1	0.0027289935387670994
IRF8	IGFBP4	0.0027287278790026903
CBFB	CD55	0.0027278901543468237
ESR1	OTULINL	0.002727823331952095
IKZF1	EMP1	0.002727571874856949
CBFB	IL7R	0.002726843813434243
MEIS1	COX7B	0.002726376987993717
FOXO1	CLEC12A	0.0027260584756731987
GATA2	CD44	0.0027259301859885454
GFI1B	CORO1A	0.002725467085838318
IKZF1	ME2	0.0027251222636550665
SPI1	KLF6	0.002724736463278532
GFI1B	GSTT1	0.00272473250515759
IRF8	ESR1	0.002724719699472189
ELF1	KCNK5	0.002724664518609643
IRF8	RASSF2	0.0027243655640631914
GFI1B	SERPINF1	0.0027242214418947697
IRF8	TRPV2	0.0027241662610322237
ESR1	BTLA	0.002723646815866232
GFI1B	IGKC	0.002722740639001131
MEF2C	GM30948	0.002722586039453745
ESR1	ANGPT1	0.002722386969253421
NOTCH1	2810468N07RIK	0.002721766009926796
MEF2C	EBI3	0.002721523866057396
SATB1	SYK	0.0027212915010750294
IKZF1	SELENOP	0.002720446791499853
ESR1	KCNK5	0.0027203478384763002
NOTCH1	ELL2	0.0027203066274523735
ESR1	LCP1	0.002719447948038578
MEF2C	RUNX1T1	0.0027191557455807924
ESR1	GIMAP4	0.0027191145345568657
FOXO1	PARVG	0.0027189506217837334
NOTCH1	GIMAP4	0.0027185187209397554
NOTCH1	CHST2	0.002718128263950348
NOTCH1	CLU	0.00271800858899951
ESR1	PBLD2	0.0027179804164916277
FOXO1	EMB	0.0027178404852747917
MEIS1	STK10	0.0027176912408322096
MEIS1	ZFP37	0.0027174397837370634
MEIS1	LDHD	0.002715806942433119
MYC	RP2	0.002715747570618987
IKZF1	IGHV1-82	0.002715736860409379
FOXO1	NEURL3	0.0027155117131769657
NOTCH1	TMEM206	0.0027152043767273426
MEIS1	PLEKHG6	0.0027151473332196474
SATB1	CCR9	0.0027150337118655443
IKZF1	ADGRL4	0.002714871196076274
GFI1B	4833407H14RIK	0.0027147368527948856
GATA2	RAB40B	0.0027143743354827166
CBX7	NUCB2	0.0027138525620102882
CBFB	VAV3	0.002713774796575308
ELF1	RASSF2	0.002713702619075775
CBX7	EMB	0.0027136337012052536
ESR1	SAMSN1	0.0027135880663990974
RAG2	PLPPR3	0.0027127773500978947
CBFB	KLF3	0.0027121948078274727
GFI1B	S100A6	0.002712108427658677
GFI1B	MAML3	0.0027110055088996887
MEF2C	ME2	0.0027109230868518353
CBFB	PEAR1	0.0027106613852083683
IKZF1	MSMO1	0.0027106364723294973
RAG2	SOX18	0.0027102907188236713
CBX7	SH2D5	0.00270971842110157
CBFB	CCNG2	0.0027095654513686895
IKZF1	RNASE6	0.0027094329707324505
CBX7	SOX18	0.002709031570702791
FOXO1	PPM1G	0.002708985237404704
ESR1	TEAD2	0.0027089526411145926
GATA2	IFI206	0.002707755658775568
CBX7	DOCK10	0.0027071384247392416
GATA2	GM26917	0.0027071062941104174
IKZF1	CASP12	0.0027062243316322565
NOTCH1	SLBP	0.0027060657739639282
CBX7	KLRD1	0.002705891616642475
IRF8	CORO1A	0.002705560764297843
IKZF1	PIRB	0.0027052797377109528
CBX7	PRPS2	0.002704609651118517
GFI1B	CCR7	0.002704550512135029
CBFB	FGD2	0.0027044734451919794
IRF8	MCTP2	0.002703811274841428
MEIS1	FLT3	0.0027036138344556093
CBX7	DEPP1	0.0027035220991820097
IRF8	ARID5A	0.0027034482918679714
ESR1	ENG	0.002703214529901743
CBFB	MAGED1	0.0027031893841922283
ESR1	FAM171B	0.0027026389725506306
MEF2C	RNF13	0.0027017472311854362
MYC	RASSF2	0.0027015339583158493
IRF8	PEAR1	0.0027012478094547987
RAG2	CBX7	0.002701109740883112
GFI1B	PTGER2	0.0027009749319404364
ESR1	TFPI	0.002700675744563341
CBFB	GSTM1	0.0027002054266631603
RAG2	LDHB	0.0027001556009054184
CBFB	RNF213	0.002699784003198147
CBFB	DUSP6	0.002698625670745969
NOTCH1	SLFN2	0.0026981316041201353
MEF2C	ANXA2	0.002698085969313979
GFI1B	MRVI1	0.0026979180984199047
MYC	PPIC	0.002697634743526578
GFI1B	TES	0.002697354881092906
MYC	RAB27B	0.002696838229894638
CBX7	CD52	0.0026964135468006134
ELF1	KLHL4	0.0026957327499985695
IKZF1	9530082P21RIK	0.0026945865247398615
CBFB	GPX1	0.0026943206321448088
ELF1	IL17RE	0.0026942742988467216
ESR1	GIMAP1OS	0.0026937813963741064
CBX7	EPSTI1	0.002693701768293977
CBFB	GIMAP1OS	0.0026933217886835337
ELF1	SELENOP	0.002692847978323698
NOTCH1	GIMAP5	0.002692688023671508
GFI1B	LY86	0.002692397218197584
CBX7	SLCO3A1	0.0026922845281660557
GATA2	ADSSL1	0.002692063106223941
GFI1B	NRROS	0.002691861242055893
IKZF1	PTGER2	0.0026918535586446524
MYC	TSPAN2	0.0026918528601527214
MYC	COQ8A	0.002691247733309865
GATA2	GIMAP4	0.0026912048924714327
NOTCH1	PLXNA1	0.0026908807922154665
CBX7	IL12A	0.0026907664723694324
NOTCH1	GMNN	0.0026905618142336607
ESR1	CPNE8	0.0026902491226792336
ESR1	FGD2	0.0026897985953837633
CBFB	SCARF1	0.0026895117480307817
FOXO1	TMEM206	0.0026892228052020073
SPI1	FLNA	0.0026863140519708395
MYC	SDC1	0.0026861729566007853
IRF8	SAT1	0.002686155494302511
IKZF1	ICA1	0.0026857967022806406
GFI1B	SYK	0.002685664454475045
MEF2C	GPC1	0.0026853273157030344
SPI1	MAMDC2	0.00268473569303751
SPI1	SERPINA3F	0.002684533130377531
FOXO1	PIRB	0.00268440879881382
ELF1	LSP1	0.0026843491941690445
ESR1	PRR5	0.0026841878425329924
ESR1	TMEM176B	0.0026834493037313223
CBFB	RFTN1	0.002683155005797744
IKZF1	KIT	0.0026825142558664083
ESR1	NWD1	0.002682141726836562
GFI1B	UCP2	0.002681315876543522
CBFB	FAM171B	0.002680988982319832
SPI1	GPR18	0.0026804967783391476
RAG2	GM4951	0.0026799922343343496
GATA2	PLXNA1	0.002679728204384446
CBX7	CLEC1A	0.0026796364691108465
MYC	FAM171A1	0.0026795396115630865
CBX7	H2-OB	0.002678889548406005
GATA2	CDT1	0.0026788851246237755
SATB1	COX6A2	0.002678646007552743
MYC	SERPINA3G	0.002678513992577791
MEF2C	CADPS2	0.0026773042045533657
SPI1	DTL	0.0026769463438540697
ESR1	DUSP1	0.002676457166671753
GFI1B	LSP1	0.0026763896457850933
IKZF1	SLC29A1	0.0026762839406728745
ESR1	ITGAL	0.002676192205399275
MYC	ARHGAP27	0.002675503259524703
ESR1	JAM2	0.002674108138307929
MYC	MILR1	0.0026736492291092873
ELF1	AP1S2	0.002673498820513487
IKZF1	SERPINB6A	0.002672912087291479
IRF8	TMEM246	0.0026721637696027756
MEF2C	RNF38	0.0026719786692410707
IKZF1	CCR9	0.0026717791333794594
NOTCH1	PBLD2	0.0026717374566942453
CBX7	ERP29	0.0026716552674770355
FOXO1	PLPPR3	0.002671422204002738
CBX7	ELOVL5	0.002670779125764966
CBFB	SNAP47	0.0026701902970671654
IKZF1	KIF17	0.002669161418452859
MEF2C	MCM4	0.0026690729428082705
ESR1	ITGAM	0.0026678857393562794
CBX7	SLC35D3	0.0026678587310016155
SPI1	MAGED2	0.0026673516258597374
MEF2C	GM8203	0.0026669385842978954
MYC	REL	0.0026660694275051355
SPI1	RAG2	0.0026660526636987925
FOXO1	ANKRD44	0.002665582811459899
MEIS1	FOXO1	0.002665257779881358
NOTCH1	DUSP1	0.0026652386877685785
ESR1	ADGRL4	0.0026628836058080196
IRF8	SULT1A1	0.0026621920987963676
MEIS1	PRPS2	0.0026620347052812576
SATB1	LY86	0.002661696868017316
IRF8	FUT8	0.0026616775430738926
SPI1	UHRF1	0.0026612922083586454
CBFB	JAM3	0.0026612107176333666
IKZF1	GM10384	0.0026611662469804287
ESR1	GBP2	0.002660972997546196
GFI1B	PKIB	0.002660702681168914
CBFB	GPR171	0.002660299651324749
ESR1	PGR	0.0026602367870509624
ELF1	CTSW	0.0026601669378578663
NOTCH1	CAPG	0.0026594712398946285
MYC	F2R	0.0026589706540107727
MYC	KCNK5	0.0026587198954075575
MEIS1	LY9	0.002658660290762782
GATA2	BPIFC	0.002657913137227297
SATB1	KBTBD11	0.0026577417738735676
NOTCH1	HNRNPAB	0.0026575832162052393
MEF2C	ZFP62	0.00265698553994298
NOTCH1	GSTT1	0.002656698925420642
ESR1	CISH	0.0026560097467154264
SATB1	GM19331	0.0026558900717645884
FOXO1	KAZALD1	0.002655587624758482
MEF2C	HAAO	0.0026554029900580645
ESR1	RAB40B	0.0026553100906312466
FOXO1	XIST	0.002655016491189599
FOXO1	IL17RA	0.0026549219619482756
SPI1	IGHV1-82	0.002654688898473978
CBFB	LYN	0.0026545298751443624
MEIS1	CDK6	0.0026539249811321497
FOXO1	PAG1	0.002653815085068345
FOXO1	SLBP	0.002653239294886589
MEF2C	SNAP23	0.0026531752664595842
SATB1	KLRD1	0.00265298318117857
FOXO1	GIMAP4	0.002652660245075822
NOTCH1	IFITM3	0.002651723101735115
SPI1	MPEG1	0.0026513428892940283
GFI1B	PGR	0.0026511342730373144
MEF2C	KBTBD11	0.0026511161122471094
GFI1B	5430427O19RIK	0.002651038346812129
ESR1	ARHGEF28	0.0026508935261517763
GFI1B	GGTA1	0.002649908419698477
GATA2	GM10384	0.002649686997756362
MYC	KRT18	0.0026490010786801577
FOXO1	PGRMC1	0.0026488464791327715
MYC	CCL3	0.002648018766194582
ESR1	PTGER2	0.0026475873310118914
GATA2	GM37124	0.002647319808602333
SPI1	LRRC8C	0.0026461950037628412
MYC	IFITM1	0.0026459703221917152
SPI1	CADPS2	0.002645093947649002
GATA2	MIR6240	0.0026446704287081957
ELF1	CCR7	0.002644323045387864
ELF1	ART4	0.0026440273504704237
FOXO1	TFEC	0.002643994987010956
CBFB	INHBA	0.0026436231564730406
ESR1	E430014B02RIK	0.0026435176841914654
IRF8	CX3CL1	0.002643461572006345
CBX7	CLEC12A	0.0026433453895151615
IKZF1	SHROOM4	0.0026430876459926367
CBX7	WFDC17	0.002642927458509803
IRF8	TNFAIP2	0.0026426517870277166
GFI1B	TMEM206	0.002642147010192275
GFI1B	NR3C2	0.002641834318637848
CBFB	GUCY1A1	0.0026417914777994156
FOXO1	GM37124	0.0026413684245198965
GFI1B	MIR6240	0.0026406566612422466
GFI1B	ITGAM	0.002640543505549431
ELF1	ESR1	0.00264044851064682
MYC	LSP1	0.0026400915812700987
CBX7	FAM171B	0.0026399933267384768
FOXO1	DEPP1	0.0026397290639579296
SPI1	CARD11	0.0026396331377327442
NOTCH1	TRIM16	0.0026395274326205254
FOXO1	OAS2	0.00263944617472589
MEF2C	ITGB2	0.00263919192366302
NOTCH1	DENND2D	0.002639009151607752
SPI1	TIFAB	0.0026388310361653566
ESR1	SEMA3D	0.002638786332681775
CBX7	VLDLR	0.0026372552383691072
ESR1	F2R	0.0026371816638857126
CBFB	RASSF2	0.0026369597762823105
CBFB	LDHB	0.0026366491802036762
MEIS1	TRIB3	0.002636582124978304
MEIS1	ANKRD44	0.002636296907439828
CBFB	GPR65	0.002635856857523322
ESR1	UNC45BOS	0.002635795623064041
IKZF1	PDE1C	0.0026350663974881172
ESR1	STXBP1	0.0026346249505877495
CBX7	PANX1	0.0026346235536038876
GATA2	STK17B	0.0026344405487179756
MEF2C	APP	0.002633600728586316
RAG2	ANGPT1	0.00263355765491724
MYC	IFI206	0.002633511321619153
FOXO1	ERP29	0.002631173236295581
ESR1	SERPINB6A	0.002630917588248849
SPI1	UPP1	0.0026305592618882656
MEF2C	FLNA	0.0026302810292690992
MYC	TAPT1	0.002630230039358139
CBFB	CD244A	0.0026301939506083727
SPI1	TMEM246	0.0026299101300537586
CBX7	RAG2	0.0026297743897885084
MEF2C	SYK	0.0026295692659914494
MEIS1	AI504432	0.0026295692659914494
MYC	C130089K02RIK	0.002629518276080489
SPI1	F11R	0.0026292041875422
FOXO1	GM30948	0.0026290100067853928
CBFB	SERPINA3F	0.0026289476081728935
MEF2C	PIRB	0.0026286833453923464
MEF2C	FCRL1	0.002628335962072015
ESR1	GUCY1A1	0.002628314308822155
MEF2C	LDHB	0.0026261613238602877
ESR1	EBI3	0.002625079359859228
SATB1	FOXO1	0.0026250635273754597
CBX7	TM6SF1	0.0026247447822242975
NOTCH1	GPC1	0.0026240625884383917
ESR1	PLEK	0.002623917069286108
FOXO1	SLC18A1	0.00262376107275486
CBX7	BTLA	0.002622809959575534
GFI1B	SAMSN1	0.0026225224137306213
ELF1	GGTA1	0.002622355008497834
FOXO1	SLC16A11	0.0026222639717161655
ELF1	IGHV1-82	0.002621928695589304
IRF8	CIPC	0.0026218316052109003
ESR1	CTSB	0.002621034625917673
IRF8	PLIN3	0.002620871178805828
SATB1	DTL	0.0026208492927253246
CBX7	DOCK11	0.002620619023218751
ESR1	RHOJ	0.0026201922446489334
NOTCH1	NPM1	0.0026201189029961824
NOTCH1	GIMAP3	0.002619881182909012
ESR1	PLEKHB1	0.002619521925225854
NOTCH1	LDHD	0.0026194490492343903
NOTCH1	9530082P21RIK	0.002619029488414526
ESR1	SLC39A6	0.0026182120200246572
ESR1	IL17RA	0.0026179030537605286
CBX7	GSTT1	0.0026172082871198654
NOTCH1	APLP2	0.002616309095174074
NOTCH1	MOGS	0.0026161361020058393
IKZF1	MECOM	0.0026161111891269684
MYC	CES2G	0.002615832956507802
ESR1	GSTM1	0.0026154976803809404
IRF8	SLCO3A1	0.0026142371352761984
MEF2C	SPC24	0.0026138818357139826
SATB1	CTNND2	0.002613833174109459
FOXO1	GNG2	0.002613703953102231
RAG2	MAGED1	0.002613081829622388
MEIS1	SLC16A11	0.0026128683239221573
GFI1B	NEO1	0.0026128324680030346
RAG2	SGMS1	0.002612598240375519
FOXO1	NFE2	0.002612567041069269
MYC	SMPDL3A	0.0026119688991457224
ESR1	KLF3	0.002611507661640644
GATA2	REL	0.0026111749466508627
FOXO1	IL17RE	0.0026110559701919556
CBFB	SPI1	0.002610253170132637
IRF8	SIGLECG	0.0026098862290382385
ELF1	WFDC18	0.002609837334603071
SPI1	GSTT1	0.0026097632944583893
MEIS1	SLC43A2	0.0026097598019987345
FOXO1	ARID5A	0.0026097558438777924
RAG2	DEF8	0.0026091388426721096
CBFB	DRC7	0.00260890182107687
IKZF1	NR3C2	0.0026088175363838673
SATB1	SLC16A10	0.002608106704428792
ELF1	GSN	0.002607782371342182
GFI1B	GGT5	0.0026076440699398518
CBX7	SLC6A15	0.0026071593165397644
ESR1	ITSN1	0.002607037080451846
FOXO1	PLXNA1	0.0026069730520248413
SPI1	SCARF1	0.002606956521049142
NOTCH1	PRDM16	0.0026068328879773617
MYC	IL1R1	0.0026066789869219065
FOXO1	SMTNL1	0.0026063923723995686
FOXO1	WFDC18	0.0026053166948258877
MEIS1	GM15564	0.0026051122695207596
CBFB	PKIA	0.0026049965526908636
FOXO1	SLC16A2	0.0026048675645142794
MEF2C	PTGS1	0.0026048559229820967
NOTCH1	CSF3R	0.0026042687240988016
ELF1	CHRNB1	0.0026042552199214697
ESR1	PRUNE2	0.002604201901704073
GFI1B	LGMN	0.0026040244847536087
CBFB	PLXDC2	0.0026036349590867758
ELF1	RUNX1T1	0.0026033357717096806
ESR1	NDRG2	0.0026029774453490973
MEF2C	SLC39A13	0.0026026831474155188
GATA2	TYROBP	0.002602673601359129
MEF2C	BTLA	0.0026022668462246656
MEIS1	NCAPD2	0.002602099208161235
GFI1B	GIMAP3	0.0026019869837909937
ESR1	CTSF	0.0026018170174211264
RAG2	CREG1	0.0026016212068498135
MEIS1	XDH	0.002601117826998234
ELF1	STXBP1	0.002600661013275385
GFI1B	CD34	0.002599213272333145
MYC	MGAT1	0.002599129220470786
IRF8	CAV2	0.0025990428403019905
MYC	EYA2	0.0025984568055719137
ELF1	LONP2	0.0025983233936131
ESR1	FCRL1	0.002598114311695099
ESR1	SLC39A13	0.0025978561025112867
ELF1	DUSP6	0.002597448416054249
CBFB	TSPAN3	0.0025974069721996784
IKZF1	PLEKHB1	0.0025971487630158663
GATA2	POLA2	0.0025970039423555136
IRF8	KLF6	0.0025969359558075666
FOXO1	MAN1A	0.0025968756526708603
GFI1B	NDN	0.0025964369997382164
CBFB	SCRN1	0.0025962754152715206
MEIS1	UNC45BOS	0.0025960737839341164
CBFB	KCNK5	0.0025954521261155605
MEF2C	SEMA3D	0.0025952584110200405
ESR1	PRNP	0.0025947585236281157
MYC	CAPG	0.002594506600871682
SPI1	RRAS	0.0025942884385585785
CBFB	ARPP21	0.002594192046672106
IKZF1	CTSW	0.002593889134004712
GATA2	SYTL1	0.0025938423350453377
GATA2	RPS27L	0.0025936404708772898
IKZF1	FAM171A1	0.0025929720140993595
NOTCH1	HCK	0.0025929457042366266
CBFB	SLC6A15	0.0025925864465534687
NOTCH1	GM15564	0.0025919759646058083
GATA2	CSF3R	0.0025914465077221394
GATA2	RNF13	0.0025913799181580544
GFI1B	AFDN	0.0025913717690855265
SPI1	LY9	0.002591355238109827
NOTCH1	GM973	0.002590988529846072
CBX7	RP2	0.00258996756747365
IRF8	DDX4	0.002589868614450097
ESR1	HSD3B7	0.002589466981589794
ESR1	GSTT1	0.0025886953808367252
FOXO1	RAB38	0.0025886748917400837
NOTCH1	CERS4	0.002588561037555337
ESR1	IRF6	0.002588306088000536
MEIS1	FUCA2	0.0025881321635097265
CBX7	ZFP612	0.0025878772139549255
MEF2C	GM37124	0.002587872790172696
MYC	DEF8	0.002587761962786317
CBX7	MCM7	0.002587666269391775
CBX7	NHP2	0.002587637398391962
GFI1B	CD27	0.002586344489827752
FOXO1	TMEM14C	0.0025861088652163744
CBFB	RAB40B	0.0025860711466521025
IKZF1	XPC	0.0025853593833744526
IKZF1	ZFP422	0.00258531142026186
FOXO1	ARHGDIB	0.0025850788224488497
CBFB	DACH1	0.0025847607757896185
IKZF1	TMEM176B	0.0025838371366262436
MEF2C	RGS19	0.0025837626308202744
MEF2C	CREG1	0.002583728637546301
ESR1	RNASE6	0.002583268331363797
GATA2	COX6A1	0.002583250869065523
FOXO1	DPP4	0.002583106281235814
CBX7	SYK	0.002582658315077424
SPI1	LY86	0.002582223853096366
IKZF1	CFP	0.0025814648251980543
ESR1	ABCG3	0.0025808820500969887
IRF8	IGHD	0.0025806473568081856
MEF2C	LY9	0.002580344444140792
CBFB	PLPPR3	0.002580193802714348
IKZF1	TEK	0.0025795684196054935
GATA2	PGR	0.0025794547982513905
SPI1	MOGS	0.002579271327704191
IRF8	GM26917	0.0025789926294237375
MEF2C	GIMAP1	0.002578562591224909
SPI1	SIGLECG	0.002578538376837969
CBFB	5430427O19RIK	0.002578388899564743
IRF8	AP1S2	0.0025780547875910997
SPI1	IRF6	0.0025775597896426916
RAG2	CD9	0.002577233826741576
MEF2C	MCM5	0.0025772140361368656
ESR1	GM10419	0.002576929284259677
IRF8	EPSTI1	0.00257595325820148
MYC	STXBP1	0.00257577421143651
ESR1	NHP2	0.0025751900393515825
NOTCH1	RHBDF1	0.0025751718785613775
FOXO1	REL	0.0025751676876097918
ESR1	DPP4	0.002574496902525425
SPI1	PBX1	0.0025740857236087322
SPI1	RNF125	0.0025733327493071556
IKZF1	IL10RA	0.002573060803115368
IRF8	UQCR11	0.0025725862942636013
NOTCH1	CHIL5	0.0025724538136273623
CBFB	MPEG1	0.0025718682445585728
SPI1	JCHAIN	0.0025716430973261595
SPI1	MCM7	0.0025711304042488337
MYC	ITPR2	0.0025709057226777077
SPI1	ARPP21	0.002570789773017168
ESR1	NFE2	0.0025707504246383905
NOTCH1	RORA	0.0025702619459480047
NOTCH1	UNC45BOS	0.0025695827789604664
ESR1	ZFP37	0.002568843076005578
ESR1	SHROOM4	0.0025685676373541355
GATA2	RNF38	0.002567422343418002
SPI1	FCRL1	0.00256698252633214
FOXO1	ITGAM	0.002566852141171694
CBX7	SDC2	0.0025656812358647585
NOTCH1	ITM2A	0.0025655310600996017
MEIS1	VAMP1	0.00256426096893847
SPI1	GBP4	0.002564168768003583
CBX7	IFI27L2A	0.002563836984336376
GFI1B	SDC1	0.002563777146860957
CBFB	CCDC136	0.002563084941357374
MYC	KBTBD11	0.0025629373267292976
MEF2C	ZFP37	0.0025628346484154463
FOXO1	RHBDF1	0.002562604146078229
SPI1	GPC1	0.0025624558329582214
SPI1	CLEC12A	0.002562250941991806
MEF2C	TMSB4X	0.002561204833909869
GATA2	MOGS	0.0025606187991797924
ELF1	TXNIP	0.0025605722330510616
MEF2C	CLEC2I	0.002559988759458065
NOTCH1	CDK6	0.002559131942689419
MYC	BDH2	0.002558850683271885
FOXO1	TFR2	0.0025586048141121864
GATA2	EPSTI1	0.0025583559181541204
CBX7	SHISA9	0.0025580187793821096
GFI1B	CTSH	0.0025578592903912067
MEF2C	PLXNA4OS1	0.0025572667364031076
MEF2C	HSPE1	0.002557245083153248
CBFB	PGR	0.0025569722056388855
ESR1	IGKC	0.0025568781420588493
FOXO1	NUCB2	0.0025567696429789066
CBFB	SLC26A11	0.0025562576483935118
FOXO1	INSRR	0.002555198036134243
FOXO1	MAGED2	0.0025547612458467484
CBFB	RHOF	0.002554688835516572
NOTCH1	PKN3	0.002554297214373946
SPI1	APOE	0.002553578233346343
CBFB	WFDC17	0.0025532448198646307
CBX7	FHL1	0.0025526524987071753
ELF1	ARHGAP27	0.002551817102357745
GATA2	TMEM268	0.002550927922129631
MEIS1	LCK	0.0025508638937026262
FOXO1	ICA1	0.002549310214817524
CBFB	SLC16A2	0.002549212658777833
GATA2	E430014B02RIK	0.002548712305724621
CBFB	APP	0.002548663876950741
NOTCH1	DPP4	0.002548638731241226
SATB1	IFI209	0.0025486291851848364
ELF1	TUBB4B	0.0025485979858785868
NOTCH1	KLHL4	0.0025473334826529026
GFI1B	IL17RE	0.002547062234953046
MEF2C	NCEH1	0.0025452866684645414
GFI1B	KLF3	0.002545066876336932
ELF1	GBP9	0.002544121816754341
CBFB	PLEKHB1	0.0025438331067562103
SPI1	PRUNE2	0.002543811686336994
MYC	F11R	0.002542924601584673
ESR1	CTSH	0.002542660105973482
IKZF1	DPP4	0.002542590955272317
NOTCH1	PLCL1	0.0025422810576856136
GATA2	DPP4	0.002541204681620002
IRF8	SERPINB6A	0.002541186986491084
SATB1	TRIM16	0.0025406028144061565
CBX7	C030034L19RIK	0.0025405024643987417
ESR1	GPR18	0.002540332032367587
NOTCH1	FCHO2	0.002540020504966378
NOTCH1	ADGRL4	0.0025397897697985172
ELF1	HCK	0.0025394882541149855
CBFB	SLC16A11	0.0025393336545675993
MYC	PDGFRB	0.002538030268624425
MYC	SLC9A9	0.002537976950407028
GATA2	UBASH3A	0.002537691267207265
GFI1B	PRR5	0.0025368607603013515
FOXO1	SYK	0.002536818850785494
MEIS1	JAM2	0.0025361175648868084
MEF2C	STARD4	0.00253520580008626
CBX7	CCR7	0.0025351992808282375
ESR1	OTUB2	0.0025351461954414845
NOTCH1	CCL9	0.00253506563603878
CBFB	XPC	0.002534575294703245
GATA2	HNF4A	0.0025336777325719595
CBFB	PRDM16	0.0025335962418466806
FOXO1	PKIA	0.0025330372154712677
MEIS1	COX6A1	0.0025324912276118994
GFI1B	DUSP5	0.002532272133976221
IKZF1	ITGB5	0.002532022772356868
RAG2	ITM2A	0.0025318125262856483
CBFB	IFITM3	0.0025310141500085592
RAG2	NCEH1	0.002530904719606042
MEF2C	UHRF1	0.0025307026226073503
ESR1	ANKRD33B	0.002530636265873909
GFI1B	MYO5A	0.0025301265995949507
ESR1	ARRDC4	0.0025295999366790056
CBFB	IGF1	0.0025290020275861025
IKZF1	KLHL4	0.0025289931800216436
CBX7	UQCR11	0.0025284753646701574
CBX7	IGHV1-69	0.0025284162256866693
MEIS1	LACTB	0.0025279619731009007
CBFB	EBI3	0.0025278935208916664
MEIS1	H2-OB	0.002527715638279915
CBX7	IGHM	0.00252699526026845
GFI1B	TRIM16	0.002526282100006938
CBFB	DDX4	0.002526261145249009
IKZF1	IFI209	0.0025262541603296995
GFI1B	CD244A	0.0025261894334107637
SPI1	CERS4	0.002525621559470892
ESR1	AC174780.1	0.002525395480915904
GFI1B	RHBDF1	0.0025249484460800886
MEF2C	2810468N07RIK	0.0025246141012758017
SATB1	GIMAP8	0.0025244830176234245
ESR1	INHBA	0.002523923758417368
FOXO1	NCF1	0.0025232292246073484
MYC	CTSL	0.0025232036132365465
MEF2C	BCL2	0.0025230334140360355
CBX7	SELL	0.002522061113268137
CBX7	IGHV1-77	0.0025217903312295675
SPI1	SDSL	0.0025216711219400167
CBX7	CCNG2	0.0025215880014002323
NOTCH1	SELL	0.0025215777568519115
CBX7	PLEK	0.0025214189663529396
FOXO1	TLR7	0.00252108764834702
IKZF1	SGMS1	0.002520620124414563
MEF2C	NDN	0.0025201612152159214
MEF2C	IPCEF1	0.002520076697692275
CBFB	SLC22A3	0.0025199565570801497
GFI1B	PANX1	0.0025195705238729715
ESR1	ART4	0.0025195307098329067
SPI1	MPDZ	0.002518855035305023
GATA2	NUCB2	0.0025177733041346073
ESR1	NEAT1	0.0025175882037729025
GATA2	SPC24	0.0025167616549879313
ESR1	RHBDF1	0.0025162457022815943
MYC	ST8SIA4	0.0025159975048154593
ELF1	HAAO	0.0025159944780170918
MYC	SLC43A2	0.002515614964067936
CBFB	HAAO	0.0025154489558190107
SPI1	TEK	0.002515340456739068
IKZF1	LYN	0.002515302272513509
GATA2	ITGAM	0.002514246851205826
MEIS1	NEO1	0.0025142270606011152
ELF1	BTLA	0.002513849874958396
ESR1	SYTL1	0.0025138112250715494
CBFB	NOXA1	0.002513621933758259
MEF2C	NCAPD2	0.002513417275622487
CBFB	CX3CL1	0.0025133895687758923
ESR1	CX3CL1	0.002513329964131117
GATA2	IFI213	0.0025124007370322943
MYC	SGMS1	0.002512116450816393
SPI1	CD9	0.002511608647182584
CBFB	RNASE6	0.0025108782574534416
ESR1	PLSCR4	0.002510146936401725
CBFB	IL18RAP	0.0025099138729274273
CBFB	ATP8B4	0.002509839367121458
NOTCH1	SCRN1	0.002509742509573698
GFI1B	SLCO3A1	0.002509084064513445
GATA2	HMGB2	0.002507392317056656
MEIS1	SPNS3	0.002506841206923127
NOTCH1	UPP1	0.002506369724869728
ESR1	YBX1	0.0025061580818146467
CBX7	CD33	0.002506035612896085
GFI1B	SOX18	0.002505111275240779
ESR1	VLDLR	0.0025050374679267406
ESR1	CDK17	0.002505024429410696
ESR1	CREG1	0.002504242118448019
RAG2	ESAM	0.0025041692424565554
CBFB	CREG1	0.002503990661352873
MYC	SELPLG	0.0025039638858288527
ESR1	APLP2	0.0025036188308149576
ELF1	9530082P21RIK	0.0025010325480252504
GATA2	ANKRD44	0.0025006295181810856
MEF2C	HMGB2	0.0025001622270792723
GFI1B	SERPINA3N	0.0024998283479362726
MYC	TTC39B	0.0024993191473186016
CBX7	AFF3	0.0024989424273371696
CBX7	LGALS1	0.0024969165679067373
NOTCH1	TMEM176B	0.002496537519618869
MYC	CIPC	0.0024964662734419107
CBFB	IGHM	0.00249604694545269
IRF8	VAV3	0.0024944941978901625
SATB1	FCHO2	0.00249443924985826
CBFB	SLAMF1	0.002494192449375987
FOXO1	ADGRL4	0.0024940427392721176
GFI1B	SLC44A2	0.0024936578702181578
MEF2C	GSN	0.0024923989549279213
FOXO1	BGN	0.0024904352612793446
ESR1	CHIL5	0.002490303246304393
MYC	CLEC12A	0.002490178681910038
SPI1	FAM171A1	0.002490054350346327
IRF8	TEK	0.002490033395588398
CBFB	PLD4	0.0024898771662265062
ELF1	SLC26A11	0.002489791950210929
CBFB	PLXNA1	0.0024896166287362576
IKZF1	GHR	0.002489379607141018
CBFB	OBSL1	0.002489125356078148
IKZF1	WLS	0.002488846192136407
FOXO1	EMP1	0.002488769358024001
IRF8	H1F0	0.0024887321051210165
GFI1B	INSRR	0.0024887139443308115
MEF2C	CIPC	0.0024883407168090343
MEF2C	IGHV1-76	0.0024883216246962547
ELF1	FAM171A1	0.0024881719145923853
GFI1B	LAG3	0.002488149795681238
CBFB	IL10RA	0.002488004043698311
MEIS1	CFP	0.002487394493073225
ESR1	PRPS2	0.0024861099664121866
GFI1B	TMSB4X	0.002485766541212797
MYC	ITM2A	0.00248540285974741
SPI1	IGF1	0.0024852745700627565
FOXO1	PGR	0.0024852189235389233
ESR1	TRAF1	0.0024851332418620586
ELF1	IRAK3	0.002484755590558052
MEF2C	SERPINB6A	0.0024842885322868824
NOTCH1	HACD4	0.002483183750882745
ESR1	ANXA5	0.002482297131791711
GATA2	TRIM16	0.002482285024598241
GFI1B	SYTL1	0.002482107374817133
CBFB	CD7	0.00248186313547194
SPI1	ANKRD33B	0.002481678733602166
SPI1	TBXAS1	0.0024813904892653227
FOXO1	CPXM1	0.0024813059717416763
NOTCH1	H1F0	0.0024812573101371527
GFI1B	RNF13	0.0024808719754219055
CBFB	C230085N15RIK	0.0024805774446576834
GFI1B	GM4759	0.0024802633561193943
MYC	LY9	0.0024800703395158052
SATB1	PGRMC1	0.0024800330866128206
GATA2	DCK	0.0024799304082989693
GATA2	ATP1A3	0.0024795825593173504
NOTCH1	GAS2L3	0.002478925744071603
SPI1	NR3C2	0.0024788205046206713
FOXO1	SEMA3D	0.0024777704384177923
GFI1B	ARHGEF39	0.0024776130449026823
MYC	PRR5	0.002477566711604595
MEIS1	KBTBD11	0.002477422822266817
NOTCH1	EBI3	0.002476976253092289
NOTCH1	JAM2	0.002476724563166499
ELF1	ICA1	0.0024765448179095984
CBX7	CORO1A	0.0024763899855315685
MYC	WLS	0.0024762642569839954
GFI1B	ZFP658	0.00247611990198493
MEF2C	CCR9	0.0024759466759860516
CBFB	TSC22D3	0.002475613495334983
FOXO1	IL18BP	0.0024746512062847614
MEF2C	KIF17	0.002474261214956641
NOTCH1	NUPR1	0.0024737331550568342
FOXO1	IFI27L2A	0.0024736046325415373
GFI1B	ADSSL1	0.0024729163851588964
CBX7	BGN	0.0024718320928514004
MEF2C	TOP2A	0.0024717741180211306
ESR1	FGD5	0.002471361542120576
IRF8	HOXA9	0.002471202751621604
CBFB	D630039A03RIK	0.002470229519531131
IRF8	GCSAM	0.0024698197375983
NOTCH1	NDRG2	0.00246949284337461
FOXO1	RNF38	0.002469404134899378
IRF8	GM10384	0.0024681035429239273
NOTCH1	AMIGO2	0.0024667270481586456
SPI1	F2R	0.002466700505465269
GATA2	5430427O19RIK	0.0024665766395628452
IRF8	PKN3	0.002465976169332862
ESR1	BDH2	0.002465820172801614
MEF2C	ART4	0.002464326797053218
ESR1	NOXA1	0.002464128192514181
FOXO1	HDAC7	0.0024635714944452047
SPI1	SMTNL1	0.0024627470411360264
ELF1	TSPAN3	0.0024621766060590744
SPI1	VAMP1	0.002462092787027359
NOTCH1	GM11346	0.0024616625159978867
GFI1B	SSTR2	0.0024614783469587564
CBFB	TLR7	0.0024610019754618406
NOTCH1	GM30948	0.0024605020880699158
MEF2C	TMEM206	0.002460140036419034
SPI1	CD7	0.0024598457384854555
IRF8	CADPS2	0.0024596131406724453
FOXO1	9030619P08RIK	0.0024595148861408234
MEF2C	ITSN1	0.002459321403875947
ELF1	UBE2L6	0.0024592734407633543
SATB1	CPXM1	0.002458571922034025
ESR1	NDN	0.002458538394421339
NOTCH1	GM8203	0.00245772791095078
ESR1	SOX18	0.0024576850701123476
NOTCH1	NPDC1	0.0024571523535996675
FOXO1	UPP1	0.002456099959090352
MEF2C	PRIM1	0.002454990753903985
IKZF1	BTLA	0.002454168628901243
IRF8	BTLA	0.002453921362757683
GFI1B	LAPTM5	0.0024534764233976603
GFI1B	KBTBD11	0.002452553017064929
GATA2	CARD11	0.0024523509200662374
MEF2C	JPT1	0.0024522922467440367
SPI1	9530082P21RIK	0.002452195156365633
CBFB	MYLK	0.0024519560392946005
ELF1	CASP12	0.0024513781536370516
CBFB	N4BP3	0.0024512382224202156
CBFB	H2-OB	0.0024511590600013733
ESR1	CLEC14A	0.002450761152431369
ESR1	PLCL1	0.002450484549626708
CBX7	PTGER2	0.0024503967724740505
NOTCH1	INSRR	0.0024502896703779697
MEF2C	PAFAH2	0.002449007937684655
ESR1	LACTB	0.00244898977689445
FOXO1	SLC43A2	0.002448553219437599
SPI1	ARHGEF39	0.002448257291689515
ELF1	TFPI	0.0024480721913278103
MEF2C	FUT7	0.0024478116538375616
FOXO1	FCRL1	0.0024468309711664915
NOTCH1	NUDT19	0.002446114318445325
GATA2	HCK	0.0024458784610033035
NOTCH1	IGLV1	0.0024440435227006674
GATA2	KBTBD11	0.002443944104015827
NOTCH1	KAZALD1	0.0024438933469355106
FOXO1	PDCD4	0.002443796955049038
ESR1	MYCT1	0.002443689154461026
CBX7	GM26917	0.0024432935751974583
MYC	LYN	0.0024430237244814634
CBFB	FRMD6	0.002442785771563649
MEF2C	CHRNB1	0.0024426812306046486
CBFB	ENG	0.0024425352457910776
MEIS1	IPCEF1	0.0024421922862529755
IRF8	TEAD2	0.0024420246481895447
MEF2C	GIMAP1OS	0.0024416965898126364
MEF2C	PRPS2	0.002441195072606206
GATA2	IFI209	0.002441167365759611
CBFB	GFI1B	0.0024407089222222567
MEF2C	DTL	0.0024406432639807463
NOTCH1	CLEC14A	0.002440611133351922
MYC	CTSB	0.0024405696894973516
GATA2	SLC39A6	0.0024402025155723095
MEF2C	PLEKHB1	0.002439768984913826
NOTCH1	TNFAIP2	0.0024379370734095573
CBX7	NOXA1	0.0024374050553888083
NOTCH1	MPDZ	0.00243641366250813
IKZF1	UBA7	0.0024358639493584633
IKZF1	CLEC2I	0.0024353188928216696
ESR1	IL18BP	0.002435004571452737
SPI1	PDZK1IP1	0.0024349105078727007
ESR1	TRIB3	0.002434756839647889
FOXO1	YBX1	0.002434146823361516
NOTCH1	SMPDL3A	0.002432368230074644
NOTCH1	SMTNL1	0.002432340756058693
CBFB	H2-DMA	0.002431334462016821
IKZF1	SAT1	0.0024311947636306286
ESR1	C1RL	0.0024310790468007326
MYC	DRC7	0.002430819906294346
GATA2	CDK6	0.0024307838175445795
IRF8	GFI1B	0.0024307528510689735
FOXO1	UCP2	0.0024306182749569416
IKZF1	NEO1	0.0024305677507072687
GFI1B	COX6A2	0.0024304611142724752
MEF2C	CTNND2	0.0024299321230500937
SATB1	GSN	0.0024298587813973427
NOTCH1	CLIP3	0.0024298017378896475
CBX7	EVI2A	0.0024294669274240732
IRF8	KBTBD11	0.0024289253633469343
MEF2C	ICA1	0.0024286946281790733
SPI1	CTSF	0.002428151434287429
FOXO1	SLC22A3	0.002427709987387061
GFI1B	NAIP6	0.00242757610976696
IKZF1	FCRL1	0.002426975639536977
NOTCH1	OBSL1	0.002426246413961053
CBFB	TMSB4X	0.00242609647102654
IRF8	SLC16A2	0.0024255316238850355
ESR1	CTNND2	0.0024249032139778137
GATA2	CIPC	0.002424665493890643
MYC	PRKCH	0.0024243444204330444
MEF2C	GBP2	0.0024242743384093046
GATA2	ARHGAP18	0.002424066187813878
CBFB	IL17RE	0.0024238512851297855
ELF1	SELPLG	0.0024234403390437365
MEIS1	INHBA	0.0024228838738054037
ESR1	MCM5	0.002422596327960491
RAG2	MYCT1	0.0024221930652856827
CBFB	ARHGAP18	0.0024216820020228624
CBFB	PECAM1	0.0024212340358644724
ELF1	IGHD	0.002421206794679165
GATA2	UNC45BOS	0.0024208540562540293
ELF1	5430427O19RIK	0.0024208456743508577
IRF8	ZFP658	0.002420497825369239
GFI1B	CD69	0.0024202659260481596
MEIS1	2810468N07RIK	0.002420211909338832
ESR1	GM45837	0.002420170232653618
SPI1	TNFAIP2	0.002419861266389489
ELF1	KLF6	0.00241952296346426
CBX7	ARL11	0.0024193325079977512
SPI1	CLU	0.002419322030618787
CBFB	CNN3	0.0024184288922697306
CBX7	NAIP6	0.002417983254417777
IRF8	ATPIF1	0.0024174549616873264
SPI1	ARHGAP29	0.002417254261672497
MEIS1	SMTNL1	0.002417007926851511
MEF2C	MSMO1	0.002416720613837242
NOTCH1	SERPINF1	0.002416557865217328
CBX7	9030619P08RIK	0.0024163019843399525
IKZF1	VAV3	0.0024157243315130472
CBFB	MTUS1	0.002415588591247797
CBFB	RASIP1	0.0024148975498974323
CBFB	TM4SF1	0.002414889633655548
NOTCH1	OCLN	0.0024139792658388615
GFI1B	ICOS	0.0024134765844792128
MEF2C	SELENOP	0.00241331709548831
CBFB	MPDZ	0.0024132549297064543
FOXO1	C230085N15RIK	0.0024129231460392475
MEF2C	DEPP1	0.002412432571873069
RAG2	PLSCR4	0.002412323607131839
GFI1B	PLAC8	0.002412156667560339
CBFB	ARHGEF28	0.0024121366441249847
IRF8	CSF3R	0.0024114795960485935
CBX7	SEMA3D	0.002411240478977561
ELF1	CDK18	0.002410353859886527
IRF8	SOCS2	0.0024079461582005024
ESR1	MPEG1	0.002407597377896309
GFI1B	CD48	0.002407596679404378
IRF8	IGLC2	0.002407575026154518
MYC	GRAMD1A	0.0024074120447039604
IKZF1	CBX7	0.0024072041269391775
MYC	PLIN3	0.0024065410252660513
CBFB	SEMA3D	0.0024064064491540194
FOXO1	FUT8	0.0024061091244220734
ELF1	TEAD2	0.002405922394245863
IKZF1	SIGLECG	0.002405874663963914
ESR1	TMEM268	0.0024057943373918533
ESR1	SCRN1	0.0024056409019976854
MYC	P2RX1	0.0024054828099906445
MEF2C	CD38	0.0024053382221609354
FOXO1	ZFP658	0.002405294217169285
MEF2C	PBX1	0.0024050066713243723
MEF2C	MCTP2	0.0024038900155574083
IRF8	CTSB	0.0024032406508922577
IKZF1	RAB40B	0.0024029151536524296
GFI1B	KLRD1	0.0024029130581766367
ELF1	AMPD2	0.0024025668390095234
MYC	ANKRD44	0.0024009523913264275
GATA2	ADGRL4	0.00240064924582839
MYC	TNFAIP2	0.002400024328380823
NOTCH1	RARB	0.0023999770637601614
CBFB	APLP2	0.0023999547120183706
MYC	PGR	0.0023994012735784054
RAG2	GATA2	0.002399319550022483
MEIS1	FAM171B	0.002399209188297391
ESR1	NPDC1	0.002399139106273651
CBX7	HMGB2	0.0023985225707292557
NOTCH1	CBX7	0.0023984843865036964
IRF8	CBX7	0.0023980990517884493
ESR1	PF4	0.002398009644821286
IRF8	GPX1	0.0023978850804269314
MEIS1	CTSH	0.0023978815879672766
MEF2C	FAM171A1	0.0023974778596311808
GATA2	SLC16A11	0.002397397765889764
CBFB	VAMP1	0.0023968711029738188
CBX7	GM19331	0.002396088093519211
CBFB	LGMN	0.0023960776161402464
IRF8	EMP1	0.002395347226411104
SPI1	APP	0.0023944948334246874
GATA2	DEPP1	0.0023943500127643347
CBFB	FAM171A1	0.002393640112131834
SPI1	CES2G	0.0023933963384479284
ESR1	SERPINA3N	0.002392539521679282
MEIS1	RAMP1	0.0023917830549180508
MEIS1	PPM1G	0.002391621470451355
MYC	PEAR1	0.002390727400779724
GFI1B	ARHGAP27	0.002390032634139061
IRF8	IFI213	0.0023879508953541517
IKZF1	GBP2	0.002387882675975561
CBFB	GDF3	0.0023878314532339573
MEF2C	MRVI1	0.0023878018837422132
MEF2C	CTSL	0.0023871061857789755
MEIS1	CTSW	0.0023869751021265984
ESR1	FSTL1	0.0023869068827480078
IRF8	SLC26A11	0.0023868598509579897
MEIS1	FDFT1	0.0023862794041633606
GATA2	RARB	0.002385941334068775
SATB1	IGHD	0.0023851897567510605
CBFB	ZYX	0.0023849678691476583
FOXO1	DOK2	0.0023848162963986397
NOTCH1	UBA7	0.0023844463285058737
ELF1	SERPINA3F	0.0023843818344175816
SPI1	TFEC	0.002384336432442069
CBFB	MCTP2	0.002384124556556344
FOXO1	SNAP47	0.002383961109444499
NOTCH1	GPR65	0.0023839520290493965
ESR1	ADAMTSL5	0.0023833210580050945
MYC	GM4759	0.0023831925354897976
SPI1	NCKAP1	0.0023820397909730673
RAG2	ANXA2	0.0023813487496227026
CBFB	MN1	0.0023806444369256496
ELF1	CADPS2	0.002380483318120241
ESR1	TINAGL1	0.0023804388474673033
ELF1	GM11346	0.002379928482696414
MYC	LCK	0.0023777897004038095
SPI1	AI504432	0.00237709516659379
GATA2	OTULINL	0.00237632030621171
ELF1	MCTP2	0.0023761368356645107
ELF1	TCAF1	0.0023758418392390013
ESR1	KRT18	0.0023756984155625105
MEF2C	CYP26B1	0.002375675132498145
CBX7	RCSD1	0.0023754623252898455
IRF8	PAQR5	0.002375317271798849
ELF1	DUSP5	0.0023752085398882627
ESR1	LAPTM5	0.002374995732679963
FOXO1	CDK19	0.002374584088101983
MYC	SLC44A2	0.0023745447397232056
GFI1B	CHIL5	0.0023741191253066063
ELF1	LGALS1	0.002373927505686879
MEF2C	GSTM1	0.0023738741874694824
ESR1	EVI2A	0.0023738204035907984
FOXO1	HAAO	0.0023731146939098835
CBFB	IL12A	0.002372922608628869
CBX7	SATB1	0.0023725642822682858
CBFB	PDGFC	0.002371309557929635
ESR1	FDFT1	0.0023703724145889282
MYC	EEPD1	0.0023696254938840866
MYC	DDX4	0.002369601745158434
CBFB	LRRC8C	0.002368844812735915
GATA2	MYO5A	0.002368193818256259
NOTCH1	SOX18	0.0023679102305322886
GFI1B	HAAO	0.002367891138419509
IRF8	VAMP1	0.002367771230638027
MEF2C	MECOM	0.002367457840591669
MEF2C	CLU	0.002367197535932064
MEIS1	CAMSAP2	0.0023655870463699102
CBFB	RAB27B	0.0023640685249119997
CBFB	ADAMTSL5	0.0023637854028493166
FOXO1	OBSL1	0.0023636524565517902
CBX7	LAX1	0.002362963045015931
IRF8	VWF	0.0023611749056726694
SPI1	MTUS1	0.0023611257784068584
MEF2C	NUDT19	0.002361064311116934
GATA2	H2-DMA	0.0023608324117958546
ELF1	IFI209	0.0023606657050549984
CBX7	IGHV1-74	0.0023591583594679832
GFI1B	PLEKHG6	0.0023589881602674723
MYC	SLC26A11	0.0023588156327605247
FOXO1	UNC93B1	0.002358339261263609
MYC	IRF8	0.002358046593144536
CBFB	ENPP5	0.00235797674395144
MYC	VAMP1	0.002357861492782831
IRF8	LRRC8C	0.0023573581129312515
MYC	RUSC2	0.002357296645641327
GATA2	TIPIN	0.002356201410293579
CBFB	IFI209	0.002355099655687809
ESR1	CPXM1	0.0023550069890916348
ESR1	TSPAN13	0.0023548181634396315
CBFB	ATP1A3	0.0023544265422970057
MEF2C	MYLK	0.0023543115239590406
RAG2	PROCR	0.002353787189349532
FOXO1	MCM5	0.002353464253246784
CBFB	DUSP5	0.002352914772927761
ESR1	CCL9	0.0023528088349848986
MEIS1	NDNF	0.002352465409785509
IRF8	RHOF	0.002352226059883833
MEIS1	MCTP2	0.0023520546965301037
GATA2	MAML3	0.002351391362026334
NOTCH1	F11R	0.002351147821173072
NOTCH1	PLXNC1	0.0023510137107223272
FOXO1	MGAT1	0.0023498516529798508
MYC	IL18RAP	0.002349783666431904
ELF1	DTL	0.002349781570956111
GFI1B	RGS2	0.002349233254790306
GFI1B	MILR1	0.002349232789129019
IRF8	GM37124	0.0023486365098506212
ELF1	STK10	0.0023479543160647154
IRF8	GAA	0.002346936147660017
NOTCH1	IGHJ4	0.002346188295632601
FOXO1	GMNN	0.002345324493944645
ESR1	PGRMC1	0.002345145447179675
CBX7	PARVG	0.002344965236261487
MYC	DHRS3	0.0023448248393833637
IKZF1	ELL2	0.0023446804843842983
NOTCH1	GP9	0.0023442592937499285
SPI1	FGD5	0.0023442271631211042
CBFB	LAG3	0.0023437687195837498
CBFB	ELL2	0.002343470463529229
SPI1	PLK2	0.002342481166124344
NOTCH1	CTSF	0.002342347288504243
FOXO1	ANXA2	0.002342213410884142
GATA2	PRIM1	0.002342119812965393
CBFB	SLC16A10	0.0023417046759277582
CBFB	LCP1	0.002341190353035927
MEF2C	F630028O10RIK	0.0023411104921251535
MEIS1	INSRR	0.002340871375054121
CBX7	IL10RA	0.0023407998960465193
GFI1B	IL10RA	0.00234051002189517
CBFB	DUSP1	0.00234037428162992
CBFB	SSTR2	0.0023383956868201494
IKZF1	CAPG	0.00233785854652524
NOTCH1	TUBB4B	0.002337766345590353
ESR1	TMSB4X	0.002336751436814666
ESR1	IGHV1-76	0.0023367127869278193
GATA2	SLBP	0.002336484380066395
IRF8	P2RX1	0.0023356808815151453
IKZF1	PAQR5	0.0023354580625891685
GFI1B	CAMK1D	0.0023343442007899284
GATA2	CTSS	0.0023336114827543497
NOTCH1	CYFIP2	0.002333583775907755
IRF8	CARD11	0.002332388423383236
CBX7	NKG7	0.0023322191555052996
ESR1	MOGS	0.0023317288141697645
MYC	IKZF1	0.0023316850420087576
GFI1B	GUCY1A1	0.0023316058795899153
CBFB	EVI2A	0.0023309732787311077
GFI1B	PAG1	0.0023308121599256992
CBFB	NCKAP1	0.0023307299707084894
ESR1	CCT2	0.002330673160031438
ESR1	SP100	0.0023302766494452953
RAG2	VAMP5	0.0023300694301724434
FOXO1	SH2D5	0.002329456154257059
IRF8	RORA	0.0023278724402189255
SPI1	DACH1	0.0023276859428733587
MEF2C	NAIP6	0.0023275769781321287
IKZF1	MYCN	0.0023271951358765364
GATA2	IL10RA	0.0023262861650437117
GATA2	OAS2	0.0023261222522705793
ELF1	RORA	0.0023260849993675947
SPI1	GM973	0.0023258186411112547
ELF1	PKN3	0.0023253965191543102
ELF1	S100A6	0.0023250405211001635
GFI1B	CTR9	0.0023249820806086063
ELF1	TRIM16	0.002324354136362672
CBFB	CHST2	0.002324282191693783
FOXO1	5430427O19RIK	0.0023238598369061947
RAG2	UBE2L6	0.0023223459720611572
MEIS1	ZFP658	0.00232153432443738
NOTCH1	SDC2	0.0023214463144540787
IRF8	VDR	0.0023210584186017513
CBX7	TTLL7	0.00232087355107069
ESR1	FAM110C	0.0023207697086036205
NOTCH1	CTNNAL1	0.0023203694727271795
MEF2C	ENPP5	0.002320249564945698
GFI1B	PLEK	0.0023197021801024675
ESR1	TMEM37	0.0023191289510577917
SPI1	TCAF1	0.0023188807535916567
MYC	STK17B	0.0023182188160717487
MYC	SERPINF1	0.0023170418571680784
MYC	NFIA	0.0023162965662777424
IKZF1	H2-Q6	0.002315687481313944
MEF2C	SLAMF1	0.002315659075975418
GATA2	CYFIP2	0.002314404584467411
GATA2	DUSP5	0.0023140583653002977
NOTCH1	PDGFC	0.002313972683623433
ESR1	UBE2L6	0.002313751494511962
ESR1	PRKCH	0.0023133265785872936
FOXO1	CORO1A	0.002312589669600129
MEIS1	2610307P16RIK	0.00231238198466599
GATA2	UQCR11	0.002312088618054986
IRF8	SLC16A10	0.0023116227239370346
IKZF1	PDGFRB	0.0023115735966712236
NOTCH1	WLS	0.0023109575267881155
ESR1	SULT1A1	0.002309951465576887
CBX7	NUDT19	0.002308162860572338
CBFB	ANKRD44	0.00230807694606483
NOTCH1	LONP2	0.0023079519160091877
MYC	PRUNE2	0.0023076338693499565
MEF2C	CERS4	0.0023075169883668423
ESR1	RRAS	0.0023072068579494953
FOXO1	PTGER2	0.0023071696050465107
FOXO1	IL1R1	0.002306257141754031
FOXO1	DHRS3	0.0023046943824738264
SPI1	GM30948	0.0023043793626129627
IRF8	ART4	0.0023041008971631527
MEIS1	RGS19	0.002303680870682001
ELF1	FCRL1	0.002303066896274686
ESR1	LHCGR	0.0023029339499771595
NOTCH1	XDH	0.002302730455994606
MYC	E430014B02RIK	0.002302475506439805
ESR1	CERS4	0.0023024294059723616
SPI1	BLNK	0.0023020589724183083
ESR1	IGHV1-53	0.002301568165421486
NOTCH1	CX3CL1	0.002300192601978779
MEF2C	SGMS1	0.0022998019121587276
CBX7	CDK6	0.0022997704800218344
FOXO1	CCL9	0.0022990675643086433
MEF2C	CTNNAL1	0.0022985695395618677
MEF2C	MTUS1	0.0022985220421105623
NOTCH1	SOCS2	0.0022982535883784294
CBX7	RARB	0.0022959925699979067
MYC	SSH2	0.0022959099151194096
ESR1	SERPINF1	0.0022955790627747774
MEIS1	CCNG2	0.0022955634631216526
FOXO1	STARD4	0.0022955122403800488
MYC	CD55	0.0022954598534852266
IRF8	PPP1R15A	0.002294826554134488
NOTCH1	ENPP5	0.002294212346896529
MEIS1	TM4SF1	0.0022940090857446194
SATB1	GBP4	0.0022937338799238205
ESR1	KAZALD1	0.0022933995351195335
FOXO1	HNRNPAB	0.0022927254904061556
SPI1	ATP8B4	0.0022922672796994448
CBFB	AFDN	0.002290857955813408
ESR1	UBASH3A	0.002290515461936593
CBX7	IGHV1-81	0.002289997646585107
ELF1	SOX18	0.002288689138367772
GATA2	MCM4	0.0022880001924932003
ELF1	PDE1C	0.0022879610769450665
MEIS1	CD38	0.0022878008894622326
GATA2	TIFAB	0.0022874188143759966
ELF1	GSTM1	0.0022873226553201675
ELF1	TMEM246	0.0022868008818477392
MEF2C	COX7B	0.002286540577188134
NOTCH1	WFDC2	0.0022863249760121107
GFI1B	TRAF1	0.0022862162441015244
NOTCH1	ADAMTSL5	0.002285700524225831
CBFB	ZFP658	0.0022852078545838594
ELF1	PEAR1	0.002284856978803873
ELF1	LDHD	0.0022836525458842516
GFI1B	CARD11	0.002283112145960331
ESR1	GM973	0.002282762201502919
CBFB	CARD6	0.002282232977449894
MEIS1	CIPC	0.0022817824501544237
MEF2C	ICOS	0.002281571738421917
ESR1	MECOM	0.002280695829540491
MEF2C	FGD5	0.00228006299585104
IRF8	GBP9	0.0022795950062572956
SPI1	APLP2	0.0022795649711042643
IRF8	MLPH	0.002279433188959956
MEF2C	DRC7	0.0022794180549681187
SPI1	IGHV1-76	0.0022793703246861696
IKZF1	TMEM268	0.0022792562376707792
GATA2	GPX1	0.0022791314404457808
MYC	PGRMC1	0.002277873456478119
IKZF1	FDFT1	0.0022777244448661804
IKZF1	SLC26A11	0.002277653431519866
CBX7	DNTT	0.0022773523814976215
MEF2C	TEAD2	0.0022772972006350756
IKZF1	PPP1R15A	0.002276764251291752
IKZF1	ABCG2	0.0022767495829612017
ESR1	PDGFD	0.0022758173290640116
MEIS1	ARL11	0.0022756694816052914
MEF2C	CTTN	0.002275607082992792
GFI1B	AI504432	0.0022753833327442408
NOTCH1	SLC22A3	0.0022752881050109863
CBX7	CARD11	0.002274747472256422
MEIS1	RARB	0.0022744997404515743
ESR1	MPDZ	0.0022744364105165005
SATB1	GM45837	0.0022738734260201454
ELF1	SYTL1	0.0022734322119504213
SATB1	PLD4	0.0022733481600880623
ESR1	PPP1R15A	0.002273307414725423
MEF2C	PLXNA1	0.002273190300911665
GFI1B	GPX3	0.0022722340654581785
SPI1	TMEM37	0.002271892735734582
FOXO1	SSTR2	0.0022718096151947975
SPI1	PKIA	0.0022717101965099573
MYC	CISH	0.002271181670948863
ESR1	FCHO2	0.0022703311406075954
MEF2C	TIPIN	0.0022700720001012087
SPI1	FKBP9	0.0022699658293277025
CBX7	SLC25A5	0.002269415883347392
SPI1	GDA	0.002269306220114231
NOTCH1	PPP1R15A	0.0022690340410917997
ESR1	ZFP62	0.002268200973048806
IRF8	NEO1	0.0022677890956401825
MEF2C	PKIA	0.00226733204908669
IKZF1	IRF6	0.002265541348606348
NOTCH1	RUNX1T1	0.0022651778999716043
ESR1	ITGB7	0.002265139250084758
IRF8	SLAMF1	0.0022649152670055628
GATA2	LY86	0.0022646847646683455
SATB1	CERS4	0.002263264264911413
ELF1	RNF125	0.0022625625133514404
MYC	FSTL1	0.002261941786855459
MEF2C	CDKN1C	0.0022614807821810246
MYC	9530082P21RIK	0.0022611580789089203
ESR1	SFRP1	0.00226041697897017
RAG2	TXNIP	0.0022588439751416445
NOTCH1	VWF	0.0022580549120903015
MEIS1	PGR	0.0022579736541956663
SATB1	DEPP1	0.0022566639818251133
GFI1B	2610307P16RIK	0.002256037900224328
FOXO1	IGHD	0.00225587235763669
NOTCH1	IGKC	0.002255834639072418
MEF2C	UBA7	0.00225576083175838
CBFB	NEAT1	0.002255707513540983
CBX7	IGHJ4	0.0022553103044629097
ESR1	GP9	0.0022544998209923506
NOTCH1	BPIFC	0.002254387130960822
IKZF1	FGFR3	0.00225427420809865
GATA2	GPR18	0.0022530313581228256
CBX7	ADGRG3	0.0022529305424541235
CBX7	GM2A	0.0022526243701577187
MEF2C	RPS27L	0.002252324018627405
GFI1B	LCK	0.0022522611543536186
CBFB	SERPINF1	0.0022521321661770344
MEF2C	FGFR3	0.002252069069072604
CBX7	HDAC7	0.0022513335570693016
GATA2	ELF1	0.0022510685957968235
MEF2C	RHOJ	0.0022507852409034967
MEF2C	KLF6	0.0022497759200632572
IKZF1	RASIP1	0.002249104669317603
GATA2	PAQR5	0.0022485945373773575
MEIS1	MPO	0.0022482117637991905
NOTCH1	RUSC2	0.0022475728765130043
SPI1	TEAD2	0.0022469644900411367
NOTCH1	RFTN1	0.0022465551737695932
NOTCH1	BDH2	0.0022465523798018694
ELF1	NDRG2	0.002246190793812275
FOXO1	IGHV1-53	0.002245903480798006
CBX7	TES	0.0022452552802860737
SPI1	RFTN1	0.0022451209370046854
FOXO1	RNASE6	0.0022441474720835686
MEIS1	MLPH	0.0022438319865614176
GATA2	CTNND2	0.0022438191808760166
CBFB	TMEM176B	0.002243695082142949
GATA2	FUT7	0.002243190770968795
IRF8	NEAT1	0.0022431800607591867
FOXO1	HMGB2	0.0022426380310207605
FOXO1	NDN	0.0022424659691751003
CBX7	LARS2	0.0022424128837883472
CBFB	NDNF	0.0022423435002565384
NOTCH1	TRAF1	0.002242080634459853
CBX7	DTL	0.0022413788828998804
IRF8	UBA7	0.002240712521597743
MEIS1	RAB40B	0.0022403814364224672
SATB1	MYLK	0.002239488298073411
MEF2C	NEO1	0.002238922519609332
GFI1B	SEMA3D	0.0022388536017388105
ESR1	CD74	0.002238448476418853
FOXO1	UBASH3A	0.0022383227478712797
MYC	SEMA3D	0.0022381185553967953
CBFB	NUCB2	0.0022380943410098553
ELF1	MTUS1	0.0022378196008503437
MEIS1	GM1966	0.0022362233139574528
ESR1	TBXAS1	0.002235762309283018
MYC	LAX1	0.0022349818609654903
ELF1	NEURL3	0.002234772080555558
MEF2C	ELL2	0.0022346382029354572
GFI1B	IL17RA	0.0022340738214552402
CBFB	AC174780.1	0.002233997220173478
MYC	TMEM268	0.002233870793133974
GATA2	NUDT19	0.0022333499509841204
CBFB	TFEC	0.002233166014775634
MYC	SP100	0.002232833532616496
CBFB	ITSN1	0.002232614206150174
GATA2	BTLA	0.002232462866231799
SPI1	KLRD1	0.0022313441149890423
CBX7	LY9	0.0022313171066343784
IKZF1	IGHD	0.002231271006166935
MEIS1	TRIM16	0.002230769954621792
MEIS1	RPL41	0.0022306800819933414
ELF1	ZBTB20	0.002230602316558361
SATB1	IGHV1-74	0.002230241661891341
IKZF1	CD74	0.002229969250038266
ESR1	WFDC2	0.0022293522488325834
GFI1B	PDE1B	0.0022291759960353374
ESR1	AP1S2	0.0022290993947535753
ESR1	HLF	0.002228902420029044
GFI1B	ITPR2	0.0022286430466920137
CBX7	SSH2	0.0022283054422587156
MEIS1	TSPAN13	0.002228151774033904
ESR1	CD33	0.0022280674893409014
GFI1B	SLC18A1	0.0022270139306783676
ELF1	APP	0.002226700307801366
CBFB	COQ8A	0.0022265524603426456
IRF8	CARD6	0.0022264502476900816
CBX7	TRIM16	0.002224076772108674
MYC	EPSTI1	0.002223939634859562
ELF1	OSGIN1	0.002223401330411434
RAG2	LTB	0.002222381765022874
ESR1	CD9	0.0022210185416042805
FOXO1	GSTT1	0.0022208390291780233
FOXO1	KLF3	0.0022208113223314285
MYC	MEF2C	0.002220357768237591
IKZF1	CTNND2	0.0022197277285158634
NOTCH1	BGN	0.0022184874396771193
GFI1B	TIFAB	0.002218385459855199
GATA2	PPCDC	0.002218275098130107
GFI1B	JCHAIN	0.0022175887133926153
CBX7	TRPV2	0.0022175870835781097
CBFB	BGN	0.0022162222303450108
NOTCH1	MYCN	0.0022162189707159996
IRF8	OBSL1	0.002215014072135091
CBX7	XRCC6	0.00221435958519578
ESR1	WLS	0.002214138163253665
IRF8	PLPPR3	0.0022140885703265667
ELF1	NT5C3	0.0022138655185699463
ESR1	SERP1	0.002213737927377224
CBFB	ZBTB20	0.0022136587649583817
IKZF1	PKIA	0.0022114457096904516
MYC	GIMAP1	0.0022112159058451653
SATB1	PLEKHG6	0.002210170729085803
IRF8	CD27	0.0022100438363850117
CBFB	TRPC6	0.0022097474429756403
GATA2	SSH2	0.002209028461948037
ESR1	IFITM3	0.0022085784003138542
GFI1B	IL12A	0.002208530670031905
CBFB	VEGFC	0.0022079565096646547
IRF8	CHST2	0.0022075027227401733
ELF1	PBLD2	0.0022072901483625174
ESR1	GDA	0.002206624485552311
CBFB	GATA2	0.0022047841921448708
MEIS1	AP1S2	0.002204224467277527
CBFB	PPP1R15A	0.0022037054877728224
IKZF1	F2R	0.002203242387622595
MYC	GATA2	0.002202705480158329
MYC	SELENOP	0.0022025692742317915
SPI1	FSTL1	0.002202393487095833
FOXO1	TESPA1	0.002202211180701852
SATB1	MRVI1	0.002202036092057824
IRF8	GM5111	0.002201615134254098
MEF2C	PRNP	0.0022014626301825047
FOXO1	GRAMD1A	0.002201124792918563
IRF8	GM4951	0.002200992777943611
MEF2C	SLFN2	0.0022004919592291117
GFI1B	JAM3	0.0022001590114086866
CBFB	IGHV1-82	0.002200081944465637
MYC	SLC18A2	0.002199871465563774
FOXO1	BC035044	0.002199594397097826
IRF8	ICOS	0.0021991468966007233
MEF2C	AI504432	0.0021982553880661726
GATA2	HAAO	0.0021981599275022745
MEF2C	PRKCH	0.0021979669108986855
IKZF1	MTUS1	0.00219631171785295
MYC	GIMAP5	0.002195697044953704
ELF1	GIMAP3	0.002195474924519658
GATA2	LSP1	0.002195349195972085
CBFB	CD9	0.0021952602546662092
ELF1	SLC39A13	0.002194879576563835
MYC	LDHD	0.002193611115217209
SATB1	TMEM37	0.002193413209170103
ELF1	RBPMS	0.002193373627960682
RAG2	NFE2	0.002192956395447254
MYC	DUSP1	0.0021918502170592546
ESR1	VAV3	0.0021914090029895306
MEF2C	FCHO2	0.002190716564655304
ESR1	CYP26B1	0.0021904974710196257
GFI1B	DOCK10	0.0021903058513998985
IRF8	LAX1	0.0021891111973673105
GFI1B	TM6SF1	0.0021890951320528984
CBX7	TRAF1	0.002188507467508316
MEF2C	PF4	0.002188500016927719
NOTCH1	CTSW	0.0021884713787585497
CBFB	PDE1B	0.002188341924920678
MYC	IL17RE	0.002187900710850954
CBFB	RASAL3	0.0021874902304261923
NOTCH1	YBX1	0.0021874657832086086
GATA2	COX7B	0.002187316305935383
IRF8	IGHV1-81	0.0021872043143957853
MEIS1	TM6SF1	0.0021868261974304914
GATA2	GGTA1	0.0021860559936612844
GATA2	KLRD1	0.002186054829508066
NOTCH1	FADS1	0.002185921650379896
GATA2	AP1S2	0.0021858003456145525
SATB1	SLC39A13	0.002185247605666518
ESR1	LDHD	0.002183367731049657
CBX7	PDGFRB	0.0021830671466886997
GATA2	RUNX2	0.002181675750762224
ELF1	CYP26B1	0.0021799758542329073
GATA2	BCL2	0.0021799036767333746
NOTCH1	SAT1	0.002179809845983982
ELF1	PTGER2	0.002179694827646017
ESR1	CAV2	0.0021790824830532074
FOXO1	IGHV1-74	0.0021783430129289627
GATA2	SERPINA3N	0.002177078975364566
IKZF1	MYLK	0.0021767187863588333
MEF2C	SLC2A3	0.0021761106327176094
ESR1	PROCR	0.0021757350768893957
IKZF1	ARHGEF28	0.0021754007320851088
GFI1B	IL7R	0.0021744035184383392
MEF2C	PYGL	0.0021737657953053713
GFI1B	CD74	0.0021732719615101814
IRF8	BPIFC	0.002172923181205988
MEF2C	ABCG2	0.002172520151361823
IRF8	9530082P21RIK	0.0021724868565797806
SATB1	FGFR3	0.00217188592068851
IRF8	SPNS2	0.0021714617032557726
MYC	ARHGEF39	0.002171214437112212
CBFB	PKN3	0.002171007916331291
MEF2C	PDGFC	0.0021709678694605827
CBFB	IFITM1	0.0021709573920816183
ESR1	IGHV1-82	0.002170955529436469
MEF2C	CRACR2B	0.0021707951091229916
ESR1	UPP1	0.002170399995520711
GATA2	PRR5	0.002170265419408679
IKZF1	BDH2	0.0021702449303120375
MYC	GBP2	0.0021699301432818174
SPI1	PLXNC1	0.0021697955671697855
SPI1	GIMAP4	0.0021697774063795805
CBX7	SSTR2	0.0021695864852517843
SPI1	EMP1	0.0021690644789487123
MEIS1	CD93	0.002168816514313221
IRF8	CLCA3A1	0.002167884726077318
ESR1	TMEM123	0.0021678342018276453
MEF2C	ZFP367	0.002166768768802285
SPI1	RASIP1	0.0021665217354893684
MEIS1	IL18RAP	0.0021662532817572355
MEIS1	CTR9	0.0021658821497112513
ELF1	GBP2	0.002163613447919488
GFI1B	GIMAP4	0.0021633498836308718
CBFB	CLU	0.002163233235478401
ESR1	CDK18	0.002162941498681903
NOTCH1	FGD5	0.002162882126867771
MEF2C	CPXM1	0.0021628173999488354
CBX7	RASAL3	0.0021626269444823265
ELF1	PLEKHB1	0.002161567797884345
CBFB	HCK	0.0021608059760183096
MEF2C	MYC	0.002160401549190283
RAG2	CSF3R	0.0021600897889584303
NOTCH1	RHOF	0.0021599631290882826
IKZF1	OCLN	0.0021592089906334877
MEF2C	SCRN1	0.0021586252842098475
ESR1	COL4A2	0.0021584180649369955
MEF2C	GM11346	0.0021582813933491707
IRF8	ZBTB20	0.0021581321489065886
GATA2	ABHD17B	0.0021575361024588346
IKZF1	NWD1	0.002157044829800725
ESR1	OCLN	0.002157017821446061
ELF1	F2R	0.0021569777745753527
SPI1	SSH2	0.002156076254323125
GATA2	ZMIZ1	0.0021560031455010176
IRF8	TMEM123	0.0021552795078605413
MYC	TLR7	0.0021546226926147938
IRF8	GRAMD1A	0.002153201727196574
IKZF1	ARRDC4	0.0021530943922698498
GFI1B	PLPPR3	0.0021530580706894398
IKZF1	TM4SF1	0.002152436412870884
ESR1	STK10	0.0021516289561986923
IRF8	LAG3	0.0021514445543289185
MEF2C	AMPD2	0.0021514291875064373
MEIS1	UCP2	0.002150766784325242
GFI1B	RAMP1	0.002150043612346053
SPI1	TRAF1	0.0021498845890164375
SPI1	CX3CL1	0.002149853389710188
IRF8	TSPAN3	0.002149752574041486
ESR1	MLLT3	0.002149371663108468
ELF1	MSMO1	0.0021492603700608015
SPI1	ITPR2	0.002148993080481887
ELF1	F11R	0.002148729283362627
SPI1	COX6A2	0.0021472692023962736
GATA2	ITGB2	0.0021472331136465073
MEIS1	GIMAP3	0.0021467390470206738
GFI1B	STK10	0.0021465597674250603
MEIS1	EFNA1	0.002145938342437148
SPI1	GDF3	0.002145337639376521
CBFB	GHR	0.0021450072526931763
SPI1	MLPH	0.0021447367034852505
MEIS1	ABHD17B	0.002144013764336705
SPI1	SLAMF1	0.0021435562521219254
ESR1	ICA1	0.002143356716260314
ESR1	CSGALNACT1	0.0021432742942124605
IRF8	CCNG2	0.0021428761538118124
ESR1	PPIC	0.0021427441388368607
MEF2C	CTSG	0.002142531331628561
MYC	CHRNB1	0.002141881501302123
ESR1	MAGED2	0.0021410249173641205
ELF1	HSD3B7	0.0021388977766036987
ESR1	TNS2	0.002138721290975809
GATA2	FGD2	0.0021383357234299183
FOXO1	RGS19	0.002138165757060051
IKZF1	GM4951	0.002137359231710434
IRF8	GIMAP1OS	0.0021373452618718147
SPI1	NDRG2	0.0021371892653405666
NOTCH1	GUCY1A1	0.0021369480527937412
ELF1	CTSF	0.002136757131665945
MEIS1	C230085N15RIK	0.0021367142908275127
ESR1	NUPR1	0.0021365946158766747
SPI1	RAB40B	0.0021364858839660883
IRF8	GM973	0.002136209048330784
MYC	COX6A2	0.0021357613150030375
IRF8	ITSN1	0.0021353086922317743
GATA2	PARVG	0.0021343098487704992
NOTCH1	SLC2A3	0.0021339512895792723
CBFB	CTSB	0.002133330563083291
CBX7	RHOH	0.0021331345196813345
GFI1B	CTSS	0.0021327310241758823
ESR1	GM19331	0.0021326737478375435
ESR1	GM30948	0.0021326711867004633
ESR1	TFEC	0.002132454887032509
MEF2C	YBX1	0.002131439046934247
ELF1	RASAL3	0.0021313868928700686
ELF1	CPQ	0.002130993641912937
IKZF1	IGHV1-76	0.0021304339170455933
ELF1	CLEC14A	0.002129769418388605
NOTCH1	CDKN1C	0.002129494911059737
GATA2	SLC16A10	0.002129383385181427
CBFB	LHCGR	0.002129144733771682
ELF1	HACD4	0.002129012020304799
CBX7	CKS1B	0.0021282697562128305
SATB1	GAA	0.0021276241168379784
ESR1	JCHAIN	0.0021273125894367695
CBX7	RPS27L	0.0021269547287374735
ELF1	4833407H14RIK	0.002126762643456459
MEF2C	LONP2	0.002126191509887576
GATA2	EMP1	0.0021255791652947664
GFI1B	MPEG1	0.002125253900885582
MYC	DCK	0.0021252473816275597
NOTCH1	SERPINA3N	0.0021247712429612875
MEIS1	KLRD1	0.00212367856875062
GFI1B	DDX4	0.0021230170968919992
SATB1	MAGED2	0.0021229528356343508
IRF8	GPC1	0.0021224874071776867
CBX7	NAPSA	0.002122256439179182
CBFB	CD38	0.0021220461931079626
MYC	DNTT	0.002121652476489544
SPI1	AMIGO2	0.002120757242664695
NOTCH1	IL18BP	0.0021207339596003294
SATB1	NWD1	0.0021200659684836864
MYC	RAG2	0.0021199441980570555
FOXO1	CD33	0.0021198971662670374
IKZF1	MCTP2	0.002119802637025714
CBX7	COX6A2	0.0021197786554694176
GATA2	TMSB4X	0.0021193071734160185
ESR1	ENPP5	0.002119150012731552
IRF8	ABCG3	0.002118884352967143
MYC	CD33	0.0021187274251133204
FOXO1	NOTCH1	0.002118268283084035
CBFB	C030034L19RIK	0.0021179933100938797
CBFB	LGALS1	0.0021177572198212147
GFI1B	NOTCH1	0.0021175877191126347
GATA2	P2RY14	0.0021175770089030266
IKZF1	GM30948	0.002116741146892309
IRF8	IL17RE	0.0021166859660297632
ESR1	SNAP47	0.0021162962075322866
MEIS1	PIRB	0.002115912502631545
SPI1	NWD1	0.002114990260452032
IRF8	STARD4	0.002114968840032816
IRF8	CERS4	0.0021145145874470472
MEIS1	GSN	0.0021142412442713976
GATA2	JPT1	0.0021137394942343235
CBFB	CTSF	0.002113626105710864
IKZF1	TBXAS1	0.0021118978038430214
SPI1	TOP2A	0.00211183144710958
IRF8	PBX1	0.002111525507643819
SPI1	JAM3	0.002111484296619892
NOTCH1	NDN	0.0021112733520567417
MEIS1	ITGB7	0.00211064494214952
IKZF1	SPNS3	0.0021092721726745367
MYC	UBE2L6	0.0021092076785862446
MEIS1	NCF1	0.0021089648362249136
MEIS1	MOGS	0.002108845626935363
SPI1	LDHB	0.002108529210090637
MYC	TEAD2	0.0021085268817842007
NOTCH1	TM4SF1	0.002107845386490226
IRF8	XIST	0.0021077014971524477
GFI1B	AP1S2	0.002107291016727686
CBFB	PGRMC1	0.002107141073793173
ELF1	MYLK	0.00210658204741776
MYC	CBX7	0.00210613664239645
FOXO1	SERPINA3N	0.002103396924212575
FOXO1	PAQR5	0.0021032989025115967
MEIS1	TMEM14C	0.0021032632794231176
CBFB	RAG2	0.002103248843923211
ELF1	MAGED1	0.0021031787618994713
IRF8	IRAK3	0.002102679805830121
ELF1	CERS4	0.00210222858004272
IKZF1	PEAR1	0.0021017941180616617
CBX7	TALDO1	0.0021013286896049976
CBFB	CTTN	0.00210069352760911
IRF8	GDF3	0.0021005175076425076
ESR1	FKBP9	0.002099699107930064
CBFB	XDH	0.002099269535392523
IKZF1	MRVI1	0.0020990611519664526
ELF1	GAS2L3	0.0020988094620406628
FOXO1	XRCC6	0.0020984511356800795
MEF2C	NSMF	0.0020975954830646515
ESR1	NDNF	0.0020974501967430115
MEF2C	H1F0	0.002097163815051317
SPI1	MECOM	0.0020957808010280132
IKZF1	CCDC136	0.0020955614745616913
IKZF1	IGLC2	0.0020953190978616476
MEIS1	DUSP5	0.0020947211887687445
IRF8	MYO5A	0.002094212220981717
GATA2	C130089K02RIK	0.0020934720523655415
NOTCH1	PBX1	0.0020933281630277634
IRF8	LPCAT2	0.0020922482945024967
SPI1	C1RL	0.002091950736939907
ESR1	D630039A03RIK	0.0020918813534080982
MEF2C	LGALS1	0.002091621980071068
SPI1	H1F0	0.0020907472353428602
SATB1	ANKRD33B	0.002090174937620759
FOXO1	CCDC136	0.0020888582803308964
MEF2C	NFE2	0.0020877195056527853
GATA2	TMEM173	0.0020873567555099726
ELF1	TIE1	0.0020861979573965073
IRF8	SNAP23	0.0020861425437033176
CBFB	S100A6	0.002085857093334198
GFI1B	JPT1	0.0020835327450186014
IKZF1	CTSB	0.0020833630114793777
ESR1	CTTN	0.0020826959516853094
MEF2C	IGLC2	0.0020826351828873158
GATA2	IGHV1-53	0.0020823352970182896
NOTCH1	IGLC2	0.0020821397192776203
SPI1	PDGFD	0.0020818253979086876
ESR1	TM4SF1	0.0020814656745642424
IKZF1	CARD11	0.0020809820853173733
GATA2	PKIB	0.0020807627588510513
SATB1	KLF6	0.0020807478576898575
SPI1	PPIC	0.002080472419038415
MYC	ALDH1A1	0.0020802675280719995
SATB1	PBLD2	0.002080070087686181
NOTCH1	NEO1	0.002079685917124152
SPI1	NCAPD2	0.0020793608855456114
GATA2	SIGLECG	0.0020790402777493
IKZF1	GM19331	0.0020788332913070917
ESR1	MYO5A	0.0020783734507858753
CBX7	SLC18A1	0.0020781061612069607
FOXO1	CD7	0.0020752695854753256
MEIS1	IL12A	0.002075186464935541
MEIS1	MRVI1	0.002074217889457941
GATA2	ARL11	0.0020741107873618603
SATB1	ELL2	0.0020740835461765528
CBFB	FHL1	0.0020737291779369116
CBFB	PBLD2	0.002073669573292136
IRF8	GIMAP1	0.0020735380239784718
SPI1	MYLK	0.002072424627840519
GATA2	IGFBP4	0.0020722385961562395
FOXO1	ARHGAP27	0.002071846043691039
GFI1B	SERPINB1A	0.0020717340521514416
ELF1	PRDM16	0.002071505645290017
IRF8	HSD3B7	0.002071426482871175
ELF1	CCR9	0.0020711582619696856
ELF1	NWD1	0.0020711577963083982
MEIS1	ARHGAP18	0.002070822985842824
ESR1	PDGFRB	0.0020703431218862534
IRF8	CD7	0.002069901442155242
CBX7	MCM4	0.002068872330710292
IRF8	TGM2	0.00206864345818758
IKZF1	SLC2A3	0.0020685603376477957
FOXO1	NAV1	0.0020683608017861843
CBFB	GCSAM	0.0020683135371655226
FOXO1	KLRD1	0.0020675407722592354
FOXO1	RHOH	0.002067307475954294
NOTCH1	NCKAP1	0.002067156136035919
SATB1	UAP1L1	0.0020671102683991194
FOXO1	SLC39A6	0.002066999673843384
ELF1	H1F0	0.002066985471174121
IKZF1	LTB	0.002066246001049876
SPI1	CRACR2B	0.0020659519359469414
NOTCH1	PLEKHG6	0.002065784763544798
CBFB	SLFN2	0.002064972883090377
CBFB	PLEKHG6	0.0020649221260100603
IKZF1	VDR	0.0020637898705899715
CBFB	FGFR3	0.002063388004899025
CBFB	FCGRT	0.0020627803169190884
CBFB	2810468N07RIK	0.0020605679601430893
GATA2	FRMD6	0.002060506260022521
CBFB	CCR7	0.002059411723166704
ELF1	RASIP1	0.0020593972876667976
MEF2C	TMEM37	0.0020580266136676073
IRF8	RAB27B	0.0020573027431964874
MYC	GM37124	0.0020569609478116035
ELF1	ALDH1A1	0.0020566447637975216
MYC	KLHL4	0.0020561786368489265
GFI1B	ERP29	0.0020556708332151175
RAG2	MEIS1	0.002054927172139287
GATA2	GSN	0.0020546442829072475
FOXO1	IGHV1-81	0.002053735312074423
NOTCH1	SHISA9	0.002053427742794156
ELF1	HID1	0.002053295262157917
CBFB	GM4951	0.002053270349279046
CBFB	ITGB7	0.002052856609225273
MYC	ARRDC4	0.0020524724386632442
ESR1	XDH	0.0020524223800748587
CBFB	MECOM	0.0020520228426903486
GFI1B	SELPLG	0.0020519669633358717
IKZF1	DACH1	0.002051945310086012
IRF8	KCNK5	0.0020505429711192846
FOXO1	ZYX	0.0020483427215367556
MEF2C	CCDC112	0.002047944813966751
MYC	CTTN	0.0020475646015256643
IRF8	KLHL4	0.002047348767518997
MEF2C	F2R	0.002046880777925253
SPI1	JAM2	0.0020468393340706825
SATB1	GM11346	0.002046601613983512
ELF1	2810468N07RIK	0.0020464786794036627
IKZF1	TTC39B	0.0020444002002477646
FOXO1	MLPH	0.0020442900713533163
IKZF1	YBX1	0.0020439790096133947
MEF2C	PDCD4	0.0020439079962670803
MEF2C	MYCN	0.00204385700635612
MEIS1	CTSS	0.00204385700635612
MYC	RASA4	0.002043569227680564
IRF8	WFDC18	0.0020428914576768875
MEF2C	SELL	0.002042583655565977
CBX7	IGHV1-76	0.0020419820211827755
ESR1	CD38	0.002041925908997655
SPI1	INSRR	0.0020417107734829187
SATB1	LTB	0.0020411612931638956
ESR1	PLD4	0.0020407731644809246
IKZF1	NOXA1	0.0020404972601681948
IRF8	PAFAH2	0.0020403515081852674
GATA2	CCR9	0.0020403333473950624
NOTCH1	PAFAH2	0.00204031472094357
SPI1	NDNF	0.002040207851678133
SPI1	ARHGEF28	0.002040182938799262
IKZF1	PAFAH2	0.0020392395090311766
ESR1	MPZL1	0.002039025304839015
MEIS1	CCR7	0.0020381996873766184
IRF8	GM19331	0.0020368315745145082
ELF1	OTUB2	0.002035815268754959
FOXO1	CORO7	0.0020355021115392447
CBFB	IGHV1-74	0.002035402925685048
MYC	BGN	0.002035388257354498
IKZF1	SOX18	0.0020352669525891542
SPI1	NOXA1	0.002033800119534135
NOTCH1	ALDH1A1	0.002032872522249818
CBFB	C130089K02RIK	0.0020323668140918016
MEF2C	SPNS2	0.002032282529398799
IKZF1	ENPP5	0.002031796146184206
GFI1B	CCR9	0.0020314021967351437
GATA2	CAMK1D	0.0020312960259616375
CBFB	NEO1	0.002031273441389203
NOTCH1	COL4A2	0.002030964009463787
CBX7	FCRL1	0.002030310919508338
NOTCH1	MSMO1	0.0020297463051974773
FOXO1	COQ8A	0.0020296231377869844
IKZF1	NEAT1	0.0020294268615543842
SPI1	WFDC2	0.002029385417699814
SPI1	ZFP612	0.002028817543759942
IKZF1	CDK17	0.002028163056820631
MEF2C	JAM2	0.0020280752796679735
CBX7	CTSW	0.002027565613389015
ELF1	VWF	0.00202740915119648
MEIS1	PLD4	0.0020270557142794132
CBFB	RHOJ	0.002026841975748539
IKZF1	TNFAIP2	0.0020265330094844103
CBFB	KLRD1	0.0020264319609850645
IRF8	GNG2	0.00202597095631063
CBFB	SP100	0.0020257020369172096
MYC	ADAMTSL5	0.0020249085500836372
CBFB	GPX3	0.0020246359053999186
NOTCH1	CES2G	0.002023526234552264
CBX7	CCT2	0.0020223360043019056
NOTCH1	ART4	0.0020221888553351164
GATA2	SYK	0.0020215713884681463
IRF8	PDGFC	0.0020215497352182865
GATA2	KIF17	0.002020880812779069
MEIS1	ADGRG3	0.0020207895431667566
IKZF1	INHBA	0.002020700369030237
CBX7	RPL41	0.0020202617160975933
NOTCH1	CDK17	0.00201993715018034
MYC	NSMF	0.0020193103700876236
CBFB	CISH	0.0020191213116049767
FOXO1	ATPIF1	0.0020190828945487738
GFI1B	ARRDC4	0.0020188940688967705
IRF8	DOK2	0.002018716186285019
IRF8	IFI206	0.0020185888279229403
NOTCH1	ANKRD33B	0.0020183876622468233
CBFB	IGHV1-76	0.002018037950620055
NOTCH1	KRT18	0.0020180288702249527
CBFB	IGHV1-81	0.002017665421590209
FOXO1	BTLA	0.0020170884672552347
IKZF1	2810468N07RIK	0.0020169911440461874
FOXO1	UQCR11	0.002016648883000016
IRF8	4833407H14RIK	0.0020164158195257187
IKZF1	PRNP	0.0020162612199783325
MEIS1	SOX18	0.0020155764650553465
CBFB	WFDC2	0.0020148393232375383
MEIS1	CTNND2	0.0020148055627942085
MEIS1	FRMD6	0.002014798577874899
IRF8	GM30948	0.0020138309337198734
CBFB	PDE1C	0.0020132961217314005
NOTCH1	CCDC136	0.0020127566531300545
ELF1	PPP1R15A	0.0020124090369790792
SPI1	PTGER2	0.0020116898231208324
CBFB	CLEC14A	0.0020111461635679007
ESR1	CCDC136	0.0020108658354729414
ESR1	IGHD	0.002010446973145008
MYC	2810468N07RIK	0.002010354306548834
GATA2	NKG7	0.002010123338550329
NOTCH1	SNAP47	0.0020095198415219784
SPI1	TFPI	0.0020090527832508087
SATB1	RASIP1	0.0020086129661649466
MEF2C	PDGFD	0.002008466748520732
ESR1	CARD11	0.0020082981791347265
IRF8	IGHV1-82	0.002008295152336359
IRF8	UNC45BOS	0.0020078737288713455
MEF2C	IFI209	0.0020077740773558617
SPI1	IL18BP	0.00200760830193758
GATA2	IL17RA	0.002006850205361843
GFI1B	BTLA	0.00200578011572361
FOXO1	GPR171	0.0020044923294335604
CBFB	GBP2	0.002004364738240838
NOTCH1	VAV3	0.002003198489546776
MYC	NCF1	0.0020020233932882547
ESR1	NEO1	0.0020019791554659605
SATB1	CLIP3	0.002001488348469138
ELF1	ICOS	0.002001373330131173
IRF8	MPDZ	0.0020012366585433483
GATA2	IL17RE	0.001996526261791587
SPI1	TRIM47	0.0019963234663009644
IRF8	F2R	0.0019962401129305363
IKZF1	C1RL	0.001996121136471629
CBFB	CDK18	0.001995834754779935
IRF8	OSGIN1	0.0019952792208641768
IRF8	MMRN1	0.0019950231071561575
SPI1	LONP2	0.0019944587256759405
SPI1	ICOS	0.0019941541831940413
SPI1	BGN	0.001994120189920068
CBFB	GSTT1	0.0019939029589295387
SPI1	PLCL1	0.001992160454392433
MYC	INSRR	0.0019914547447115183
IRF8	FCHO2	0.00199132296256721
SPI1	IFI209	0.0019908177200704813
MEIS1	TBC1D5	0.001990711549296975
NOTCH1	ITGAM	0.001990624936297536
CBFB	METTL7A1	0.0019901664927601814
ELF1	IFI213	0.00198976113460958
GATA2	CD7	0.00198933482170105
ELF1	UNC45BOS	0.0019891811534762383
CBFB	E430014B02RIK	0.0019890721887350082
CBFB	PRNP	0.001987571595236659
GFI1B	XDH	0.00198754807934165
MYC	NPDC1	0.0019870824180543423
SPI1	NAIP6	0.001986457034945488
MEF2C	NWD1	0.0019864251371473074
GATA2	VAV3	0.0019860416650772095
NOTCH1	ACAP1	0.001986041432246566
SATB1	CAPG	0.0019855862483382225
SATB1	METTL7A1	0.0019854921847581863
ELF1	GPX3	0.0019844225607812405
IKZF1	CX3CL1	0.001984191592782736
GFI1B	MAGED1	0.0019835203420370817
GFI1B	WFDC2	0.0019834081176668406
IRF8	SLC39A13	0.0019829801749438047
MEF2C	CARD11	0.001982803223654628
MEF2C	GIMAP5	0.0019825599156320095
SPI1	EEPD1	0.0019824851769953966
CBX7	COX7B	0.001981869339942932
FOXO1	H2AFY	0.0019813484977930784
ESR1	PDE1C	0.001981250708922744
MYC	PKN3	0.001981173176318407
IRF8	NOXA1	0.0019806502386927605
ELF1	CTSB	0.001980349188670516
NOTCH1	CASP12	0.001980100991204381
ELF1	METTL7A1	0.0019786288030445576
FOXO1	NHP2	0.0019783766474574804
GATA2	SLC44A2	0.0019780946895480156
CBFB	CYP26B1	0.0019779508002102375
FOXO1	ARL11	0.0019776462577283382
NOTCH1	MLLT3	0.0019770071376115084
SPI1	IGLC2	0.0019757687114179134
ELF1	TMEM176B	0.0019751908257603645
MEIS1	ITGB5	0.0019741603173315525
ELF1	RAB40B	0.0019733516965061426
CBFB	IGHD	0.0019729137420654297
MEF2C	RHBDF1	0.0019724227022379637
ESR1	RASIP1	0.001971358433365822
GFI1B	EVI2A	0.001971279503777623
GATA2	DRC7	0.001971134217455983
CBFB	ARHGAP29	0.001971096731722355
ELF1	LHCGR	0.001970115816220641
MEF2C	PPP1R15A	0.0019700508564710617
IRF8	TES	0.0019695127848535776
SPI1	TTLL7	0.001969356322661042
NOTCH1	PKIA	0.0019687898457050323
MEIS1	ST8SIA4	0.0019686282612383366
FOXO1	CD27	0.0019678252283483744
ESR1	S100A6	0.001967152813449502
RAG2	KIT	0.001967137446627021
SPI1	IGHV1-53	0.001966730924323201
ELF1	GM973	0.0019663432613015175
NOTCH1	INHBA	0.0019662186969071627
IRF8	ZYX	0.001966213807463646
CBFB	RARB	0.001966041512787342
NOTCH1	SCARF1	0.001966039650142193
IRF8	KAZALD1	0.0019652973860502243
IKZF1	CES2G	0.001965021714568138
IRF8	NFIA	0.0019649711903184652
CBFB	CAMSAP2	0.0019646137952804565
MEF2C	IRAK3	0.001964312745258212
GFI1B	CCDC136	0.001963176531717181
ESR1	NUCB2	0.0019631602335721254
FOXO1	IGHV1-77	0.001962536247447133
GFI1B	IFI206	0.0019618181977421045
MEF2C	CKS1B	0.0019618081860244274
GATA2	ARPP21	0.0019617388024926186
GATA2	MRVI1	0.0019616575445979834
FOXO1	CBFB	0.001961363945156336
ELF1	VEGFC	0.0019612296018749475
GATA2	ITPR2	0.0019607385620474815
IKZF1	PDGFD	0.0019605800043791533
IKZF1	TRIM16	0.001960448222234845
CBFB	TIE1	0.001960411434993148
SATB1	NEURL3	0.001960045425221324
NOTCH1	TINAGL1	0.001960035180673003
CBFB	CES2G	0.0019595457706600428
SPI1	INHBA	0.001957927830517292
FOXO1	F630028O10RIK	0.001957712695002556
MEF2C	GBP4	0.001957524800673127
SPI1	VEGFC	0.0019573704339563847
MEIS1	SLCO3A1	0.001956816064193845
ESR1	PKIA	0.0019566125702112913
SPI1	CPXM1	0.0019564104732125998
IKZF1	NCEH1	0.001955042127519846
IRF8	FSTL1	0.001954625127837062
ELF1	GUCY1A1	0.0019541087094694376
SATB1	IGKC	0.0019540272187441587
MEIS1	AKNA	0.0019538786727935076
MYC	4833407H14RIK	0.0019531764555722475
ELF1	VAMP5	0.001953152474015951
MEIS1	ITGAL	0.0019526868127286434
MEF2C	GIMAP4	0.0019522124202921987
MEF2C	GOLM1	0.0019517515320330858
MYC	OSGIN1	0.0019510529236868024
GFI1B	GM5111	0.0019492527935653925
SATB1	F2R	0.001948649762198329
MEIS1	TESPA1	0.0019485524389892817
IRF8	FGFR3	0.0019479494076222181
CBFB	RHBDF1	0.0019479459151625633
CBFB	SHISA9	0.001947834505699575
SATB1	UBA7	0.0019465885125100613
SATB1	SELENOP	0.001944937976077199
ELF1	UPP1	0.0019448588136583567
MEIS1	TSPAN2	0.001944615039974451
SPI1	PGRMC1	0.0019444999052211642
MEIS1	PKIB	0.0019442078191787004
ESR1	FADS1	0.001944138901308179
SPI1	SLC18A2	0.0019441053736954927
SPI1	SFRP1	0.0019439127063378692
CBFB	DEPP1	0.0019438709132373333
FOXO1	IFI27	0.0019429068779572845
NOTCH1	TSC22D3	0.0019423454068601131
CBX7	CD53	0.001941945869475603
GATA2	PLEK	0.0019408470252528787
ELF1	CFP	0.0019407578511163592
MEF2C	DUSP1	0.001940697431564331
FOXO1	WFDC17	0.0019396719289943576
ESR1	SLC16A2	0.0019391514360904694
SATB1	TNFAIP2	0.0019374757539480925
CBX7	PRSS57	0.0019363604951649904
IRF8	PLEKHG6	0.0019360018195584416
ESR1	TRPC6	0.0019358943682163954
MYC	LRRC8C	0.0019355746917426586
RAG2	MPL	0.001934531843289733
MEF2C	HLF	0.0019341473234817386
CBX7	GM30948	0.0019339678110554814
MYC	PROCR	0.0019334483658894897
IRF8	ARHGEF28	0.0019331694347783923
GFI1B	ITGB7	0.001932731131091714
MYC	OTUB2	0.0019326756009832025
CBFB	CAR2	0.0019315644167363644
ESR1	MAGED1	0.0019305456662550569
MYC	MPDZ	0.0019304909510537982
FOXO1	TES	0.0019303073640912771
IRF8	AMPD2	0.0019303065491840243
ESR1	GM11346	0.001930185011588037
IKZF1	GDF3	0.0019298954866826534
CBFB	MYCN	0.0019279173575341702
SATB1	SLC2A3	0.0019277436658740044
NOTCH1	NOXA1	0.0019269260810688138
MYC	ESAM	0.0019257068634033203
GATA2	HSPE1	0.0019250346813350916
CBFB	PBX1	0.0019249995239078999
GATA2	ESR1	0.0019247950986027718
MYC	SLC6A15	0.0019245524890720844
MEF2C	PDE1B	0.0019243035931140184
ELF1	GBP4	0.0019242847338318825
SATB1	FKBP9	0.001923914416693151
MEF2C	GAA	0.0019231326878070831
GFI1B	FCRL1	0.0019225875148549676
GATA2	CST7	0.0019223650451749563
ESR1	MRVI1	0.0019222237169742584
GATA2	AI504432	0.0019220411777496338
CBFB	MYCT1	0.0019219915848225355
ELF1	CRACR2B	0.0019214276690036058
SPI1	PBLD2	0.0019213617779314518
NOTCH1	SLAMF1	0.0019209199817851186
IKZF1	KCNK5	0.0019207204459235072
GATA2	SLC29A1	0.001920410431921482
FOXO1	PECAM1	0.0019196773646399379
FOXO1	CD93	0.0019184793345630169
NOTCH1	TXNIP	0.001917037065140903
FOXO1	GM8203	0.001915042637847364
MYC	UBA7	0.0019147964194417
ESR1	TSC22D3	0.0019146041013300419
IRF8	APLP2	0.0019142727833241224
ELF1	NFIA	0.0019142063101753592
SATB1	CLCA3A1	0.001914090709760785
ELF1	GNG11	0.0019134200410917401
ELF1	LDHB	0.0019131575245410204
MEF2C	GM10384	0.0019128706771880388
IKZF1	ANKRD33B	0.001911985338665545
RAG2	PDZK1IP1	0.0019108366686850786
SPI1	SLC6A15	0.0019107188563793898
CBFB	HLF	0.0019104772945865989
IKZF1	MAGED1	0.0019104562234133482
NOTCH1	FAM171B	0.00190999754704535
GFI1B	REL	0.0019095847383141518
CBX7	SERPINB1A	0.0019095512107014656
CBFB	OAS2	0.0019092151196673512
GATA2	CLEC2I	0.001909154700115323
MEF2C	CCDC136	0.0019089521374553442
MEIS1	5430427O19RIK	0.00190876261331141
MEF2C	TIE1	0.0019084515515714884
MEIS1	CD44	0.0019083026563748717
MEF2C	ATPIF1	0.0019074672600254416
GFI1B	DRC7	0.0019073865842074156
NOTCH1	PLPPR3	0.0019064127700403333
ELF1	TBXAS1	0.0019061180064454675
IKZF1	CD55	0.001905634650029242
NOTCH1	ATPIF1	0.0019051686394959688
CBFB	RUNX1T1	0.0019045310327783227
GFI1B	STK17B	0.0019043850479647517
MYC	VEGFC	0.0019043093780055642
MYC	SHROOM4	0.0019042748026549816
CBFB	SLC39A13	0.0019040590850636363
ELF1	RAB27B	0.0019032255513593554
ESR1	SERPINA3F	0.0019029176328331232
MEIS1	IKZF1	0.0019023350905627012
IKZF1	SCRN1	0.0019019743194803596
GFI1B	IGHD	0.0019017710583284497
IRF8	NCKAP1	0.0019017059821635485
CBFB	NAPSA	0.0019015857251361012
MEIS1	PRR5	0.0019015781581401825
FOXO1	DNTT	0.0019012552220374346
CBX7	DDX4	0.0019006847869604826
MEF2C	FAM110C	0.0018999725580215454
SATB1	GSTM1	0.0018999516032636166
ELF1	FCHO2	0.0018991744145751
CBFB	CLEC2I	0.0018982080509886146
MEIS1	ZFP62	0.001898034941405058
IKZF1	HCK	0.0018978870939463377
FOXO1	CSF3R	0.0018972601974382997
MEF2C	EVI2A	0.0018971872050315142
MEF2C	CAV2	0.0018969341181218624
ELF1	ADAMTSL5	0.0018964686896651983
MEF2C	GM973	0.001895860186778009
CBFB	GM10419	0.0018950405064970255
MEF2C	NR3C2	0.001894076238386333
MEF2C	NOXA1	0.0018935316475108266
ESR1	DENND2D	0.0018934751860797405
SATB1	GP9	0.001892734202556312
SATB1	OSGIN1	0.0018922369927167892
CBFB	CASP12	0.0018918045097962022
CBFB	MPZL1	0.001891378196887672
SATB1	ROBO4	0.0018908350029960275
MEIS1	POLA2	0.001890392042696476
MEIS1	CCL9	0.001889280043542385
NOTCH1	EFNA1	0.0018892481457442045
IRF8	CTNNAL1	0.0018891277723014355
MYC	PKIA	0.001888049067929387
CBFB	EMP1	0.0018878552364185452
IRF8	IL18BP	0.001887159887701273
NOTCH1	IRAK3	0.0018866447499021888
CBX7	FLT3	0.0018865615129470825
ESR1	OBSL1	0.0018865264719352126
GATA2	UNC93B1	0.0018864154117181897
SATB1	PLK2	0.0018851419445127249
CBFB	SULT1A1	0.001884842524304986
ESR1	HCK	0.001884715398773551
IRF8	ADAM17	0.0018833247013390064
FOXO1	TMEM173	0.0018824536819010973
GATA2	C230085N15RIK	0.0018823767313733697
MEIS1	CMAH	0.0018823589198291302
MEF2C	HACD4	0.0018819927936419845
ELF1	RRAS	0.0018815111834555864
ELF1	LPCAT2	0.001881253905594349
MEF2C	CTSH	0.001880646450445056
SATB1	RUSC2	0.001879508956335485
FOXO1	NPM1	0.0018790361937135458
ELF1	CCDC112	0.0018789528403431177
IKZF1	ARHGAP29	0.0018787707667797804
MEF2C	KRT18	0.001877933624200523
GFI1B	ADGRG3	0.0018778182566165924
NOTCH1	CCT2	0.0018776669166982174
GATA2	TSPAN13	0.0018764670239761472
IKZF1	IFI213	0.0018755658529698849
GFI1B	PDGFC	0.0018746767891570926
ESR1	PDZK1IP1	0.0018746365094557405
SPI1	PLEKHG6	0.0018744642147794366
MEF2C	TRIM16	0.0018736040219664574
ESR1	CDKN1C	0.0018727857386693358
NOTCH1	HSD3B7	0.0018713070312514901
SATB1	SMTNL1	0.001871045446023345
MYC	AP1S2	0.0018698694184422493
IRF8	PLEKHB1	0.001869784900918603
IRF8	OBSCN	0.0018697120249271393
MEF2C	MAGED1	0.001869485597126186
MYC	ROBO4	0.0018693794263526797
IKZF1	CPNE8	0.0018692252924665809
IRF8	PPIC	0.0018687997944653034
FOXO1	POLA2	0.0018687419360503554
MEF2C	ROBO4	0.0018685503164306283
MEF2C	OSGIN1	0.0018682939698919654
MEF2C	RRAS	0.0018679527565836906
ESR1	CD63-PS	0.0018678740598261356
ELF1	COX6A2	0.0018676521722227335
NOTCH1	SPNS2	0.001867553568445146
RAG2	APOE	0.001866906532086432
CBFB	PAFAH2	0.0018665065290406346
SPI1	PTGS1	0.0018664293456822634
GATA2	TALDO1	0.0018660591449588537
ESR1	TRIM47	0.0018653864972293377
GATA2	ZFP658	0.0018653651932254434
ELF1	COL4A2	0.0018652532016858459
IRF8	PLXNC1	0.0018649476114660501
MEF2C	ANGPT1	0.0018645783420652151
MEF2C	TUBB4B	0.0018644409719854593
CBFB	FOXO1	0.0018641753122210503
MYC	FCRL1	0.0018631686689332128
FOXO1	ESR1	0.0018631244311109185
ELF1	DEPP1	0.0018627275712788105
SATB1	CARD11	0.0018621518975123763
MEIS1	HCK	0.001861427677795291
CBFB	RGS2	0.0018611667910590768
ESR1	POLA2	0.0018603395437821746
ESR1	KLRD1	0.001860286807641387
IRF8	DUSP1	0.0018600557232275605
CBFB	SFRP1	0.0018596986774355173
ELF1	INSRR	0.0018593926215544343
FOXO1	C030034L19RIK	0.0018588586244732141
ESR1	CPQ	0.0018587858648970723
SPI1	TRIB3	0.0018586269579827785
CBFB	CCR9	0.0018579646712169051
MYC	FRMD6	0.0018576226430013776
ESR1	PKN3	0.0018571820110082626
CBX7	CD34	0.0018567984225228429
CBFB	ARRDC4	0.001856719609349966
CBX7	GM8203	0.0018562664045020938
MEIS1	CAMK1D	0.001856244052760303
GFI1B	PRNP	0.0018562020268291235
SPI1	MKI67	0.0018555056303739548
MYC	IL10RA	0.0018547318177297711
ESR1	IGHV1-81	0.0018545390339568257
GATA2	CD244A	0.0018542632460594177
ESR1	HID1	0.0018537786090746522
NOTCH1	TCAF1	0.001853698049671948
ELF1	PLD4	0.0018513243412598968
IRF8	JAM3	0.001850868109613657
MEF2C	DEF8	0.001850705943070352
SATB1	CD7	0.0018506308551877737
ESR1	RARB	0.0018505891785025597
RAG2	TBXAS1	0.0018501367885619402
MYC	SSTR2	0.001849295455031097
IRF8	SERPINA3N	0.0018491444643586874
NOTCH1	VEGFC	0.0018484159372746944
NOTCH1	GIMAP1OS	0.0018474588869139552
MEF2C	HSD3B7	0.001847446314059198
ESR1	MAMDC2	0.0018468877533450723
CBFB	GIMAP8	0.0018468323396518826
MYC	KLF3	0.0018452202202752233
MYC	NT5C3	0.0018447402399033308
IKZF1	TFPI	0.0018446234753355384
CBFB	PRKCH	0.0018444297602400184
ELF1	RUSC2	0.0018440827261656523
IRF8	WLS	0.0018434816738590598
IKZF1	DEPP1	0.0018433050718158484
ELF1	ZFP37	0.0018417953979223967
MYC	DEPP1	0.0018411134369671345
SPI1	PDE1B	0.001839160337112844
CBFB	SHROOM4	0.00183856429066509
MEF2C	GIMAP3	0.0018351281760260463
CBFB	SERPINA3N	0.001835062401369214
IRF8	PDE1C	0.0018349647289142013
IRF8	CD81	0.0018347670556977391
MYC	PTGS1	0.0018339506350457668
MEF2C	NT5C3	0.0018337364308536053
ESR1	FAM171A1	0.0018324817065149546
ELF1	GP9	0.0018322448013350368
CBFB	FDFT1	0.0018321680836379528
IRF8	OCLN	0.0018312550382688642
MEF2C	GBP9	0.0018310098676010966
FOXO1	SELPLG	0.0018305956618860364
MYC	VDR	0.0018305907724425197
GATA2	RASSF2	0.0018304608529433608
GFI1B	RARB	0.001829964341595769
MYC	SLA	0.0018299163784831762
IRF8	SDC2	0.001829263987019658
IRF8	CYP26B1	0.0018291911110281944
GFI1B	VAMP1	0.0018291753949597478
MYC	TRIM59	0.001829153043217957
ELF1	EFNA1	0.001828924287110567
MEIS1	H2AFY	0.0018288602586835623
MYC	C1RL	0.0018287210259586573
IRF8	NEURL3	0.0018281193915754557
MEF2C	CAR2	0.001827880390919745
IRF8	LDHD	0.001827590516768396
CBFB	PIRB	0.001827067811973393
ESR1	FOXO1	0.0018266091356053948
GATA2	SLC43A2	0.0018263845704495907
CBFB	IPCEF1	0.0018256654730066657
MEIS1	MCM5	0.0018251908477395773
MYC	RUNX2	0.0018251760629937053
IKZF1	PYGL	0.0018250468419864774
ELF1	FDFT1	0.0018247339176014066
MEIS1	IL10RA	0.0018245101673528552
IKZF1	PLCL1	0.001824473380111158
CBFB	CARD11	0.0018237982876598835
ESR1	SMTNL1	0.0018237605690956116
CBFB	CAV2	0.001823175698518753
ELF1	TFEC	0.0018229400739073753
MEIS1	RCSD1	0.001822365215048194
MEIS1	SLC35D3	0.001822127029299736
NOTCH1	CRACR2B	0.001820969395339489
MYC	FCHO2	0.001820682198740542
ELF1	ZFP658	0.0018206140957772732
MEF2C	VWF	0.0018204032676294446
NOTCH1	FAM110C	0.0018200965132564306
ELF1	CCDC136	0.0018195114098489285
MEF2C	CAVIN2	0.001819480792619288
IRF8	CPNE8	0.0018188944086432457
GFI1B	GM19331	0.00181861431337893
MEF2C	CPNE8	0.0018185798544436693
GFI1B	RCSD1	0.0018183402717113495
ELF1	SLAMF1	0.0018182690255343914
IRF8	CDKN1C	0.001817660522647202
ELF1	CTSH	0.0018176061566919088
MYC	HAAO	0.0018167214002460241
NOTCH1	RASIP1	0.0018139624735340476
NOTCH1	RNF125	0.0018136842409148812
GFI1B	EMP1	0.0018129580421373248
GATA2	ITGB5	0.0018122001783922315
SATB1	GDA	0.0018120037857443094
CBFB	SAT1	0.0018118182197213173
ESR1	BGN	0.0018116396386176348
ELF1	GM19331	0.0018108801450580359
SATB1	TSPAN3	0.00181024509947747
SPI1	RUSC2	0.0018090419471263885
ELF1	GM4951	0.0018078952562063932
ESR1	CD7	0.0018076087580993772
NOTCH1	MLPH	0.0018070584628731012
SATB1	NR3C2	0.0018070018850266933
MEF2C	TEK	0.0018069747602567077
IRF8	EFNA1	0.0018066494958475232
IRF8	ITM2A	0.0018057486740872264
MEF2C	KIT	0.0018047591438516974
MYC	NAIP6	0.0018041221192106605
IKZF1	ALDH1A1	0.0018041112925857306
CBFB	STK10	0.0018036727560684085
IRF8	PGRMC1	0.0018025669269263744
IRF8	SFRP1	0.001801845384761691
IRF8	RUNX2	0.0018002879805862904
MEIS1	SERPINA3N	0.0017996004316955805
GATA2	ICOS	0.0017994986847043037
NOTCH1	NDNF	0.0017988095059990883
GFI1B	PRSS57	0.0017980511765927076
MEF2C	MKI67	0.00179742940235883
NOTCH1	OTUB2	0.0017972023924812675
IRF8	GIMAP5	0.0017971316119655967
MEIS1	SPC24	0.0017967850435525179
IRF8	RASAL3	0.0017948162276297808
MEF2C	TXNIP	0.00179396104067564
MEF2C	CD244A	0.0017934192437678576
SATB1	NEO1	0.001793072558939457
GATA2	CKS1B	0.0017930215690284967
ELF1	EEPD1	0.0017927342560142279
CBFB	CD93	0.0017921163234859705
ELF1	GHR	0.00179179513361305
FOXO1	PANX1	0.001791629008948803
MYC	AC174780.1	0.0017903896514326334
IKZF1	PLXDC2	0.0017902398249134421
IKZF1	CD7	0.0017898485530167818
FOXO1	MCM7	0.001788432477042079
MYC	ARHGAP29	0.0017880068626254797
CBFB	MGAT1	0.00178766087628901
MEF2C	IL7R	0.0017872153548523784
NOTCH1	TTLL7	0.0017871424788609147
GATA2	CORO1A	0.0017871251329779625
NOTCH1	CLCA3A1	0.001787040731869638
NOTCH1	FOXO1	0.0017867881106212735
MEF2C	KLRD1	0.0017861765809357166
IRF8	GPX3	0.0017860903171822429
SATB1	TRAF1	0.001785806380212307
NOTCH1	RAB40B	0.0017846486298367381
MYC	SPC24	0.00178452767431736
MEIS1	BTLA	0.0017840017098933458
IRF8	NAIP6	0.0017837677150964737
MYC	MYLK	0.0017833082238212228
ELF1	TEK	0.0017825443064793944
SATB1	EBI3	0.0017824452370405197
IRF8	LY9	0.0017822865629568696
GATA2	NPM1	0.0017819739878177643
CBFB	GDA	0.001779975718818605
SPI1	GUCY1A1	0.0017798073822632432
MEF2C	PKN3	0.0017784681404009461
CBFB	WLS	0.0017781734932214022
FOXO1	LCP1	0.001778079429641366
GATA2	ZFP367	0.0017767699901014566
FOXO1	COX6A1	0.001776438090018928
FOXO1	RANBP1	0.001775612821802497
ESR1	PDGFC	0.001774193369783461
ELF1	PLK2	0.001774066244252026
ELF1	KLRD1	0.0017736961599439383
MYC	NEURL3	0.001772965071722865
FOXO1	FUT7	0.0017729210667312145
GFI1B	LY9	0.0017726533114910126
MEIS1	NOTCH1	0.0017724335193634033
ELF1	SMTNL1	0.0017713862471282482
MEF2C	CDK18	0.0017710838001221418
MEIS1	DYNLL1	0.0017697555013000965
GATA2	DOCK10	0.0017692120745778084
CBFB	OBSCN	0.0017691669054329395
GATA2	LCK	0.001767463400028646
GFI1B	IGLC2	0.0017673055408522487
NOTCH1	IGHV1-53	0.0017669172957539558
IRF8	TINAGL1	0.001764594460837543
SATB1	DUSP1	0.0017640169244259596
MEF2C	D630039A03RIK	0.0017637948039919138
CBX7	CCL9	0.0017634090036153793
CBFB	NR3C2	0.0017632006201893091
SPI1	PLEKHB1	0.0017630475340411067
SPI1	CAVIN2	0.0017625453183427453
GFI1B	IGHV1-77	0.0017625249456614256
NOTCH1	MAMDC2	0.0017617344856262207
IRF8	RNF125	0.0017614398384466767
MEF2C	MAGED2	0.0017605789471417665
CBFB	GIMAP3	0.0017596656689420342
SPI1	GM11346	0.0017593605443835258
MYC	PBX1	0.001759268925525248
ELF1	H2-Q6	0.0017592066433280706
CBX7	IGFBP4	0.0017583813751116395
IRF8	DEPP1	0.0017583573935553432
MYC	ENPP5	0.001758134225383401
CBX7	TESPA1	0.0017576896352693439
SPI1	NEO1	0.0017549064941704273
MEIS1	NAV1	0.0017543061403557658
ELF1	GAA	0.001752195181325078
IKZF1	UBE2L6	0.0017508097225800157
NOTCH1	SERPINB6A	0.0017505544237792492
IKZF1	NDN	0.0017500158865004778
CBFB	HSD3B7	0.0017498424276709557
ELF1	CISH	0.0017494026105850935
MEIS1	CHIL5	0.001748901791870594
SATB1	INHBA	0.0017486783908680081
IKZF1	TCAF1	0.0017471654573455453
NOTCH1	TMEM14C	0.0017467101570218801
IRF8	LHCGR	0.0017462512478232384
CBFB	LY86	0.0017461383249610662
GATA2	NRROS	0.0017460722010582685
CBX7	HNRNPAB	0.0017458354122936726
MEF2C	NPDC1	0.0017453936161473393
MEF2C	FSTL1	0.0017451782478019595
NOTCH1	AFDN	0.0017450702143833041
MEF2C	KLHL4	0.001744637032970786
CBFB	GIMAP4	0.0017424959223717451
ELF1	RAB38	0.0017422244418412447
ELF1	FGFR3	0.0017419697251170874
MYC	CAMK1D	0.001741914078593254
MEIS1	TIFAB	0.0017410202417522669
MEIS1	ME2	0.001740440260618925
IRF8	PTPRE	0.0017393958987668157
IKZF1	SHISA9	0.0017385203391313553
NOTCH1	JCHAIN	0.0017377421027049422
MEF2C	TRIB3	0.0017375827301293612
GATA2	TM6SF1	0.0017361534992232919
IRF8	GM45837	0.0017353618750348687
MEIS1	MIR6240	0.0017334123840555549
MYC	MMRN1	0.0017322780331596732
CBFB	REL	0.001731627038680017
CBFB	UBA7	0.0017306475201621652
MEF2C	SHISA9	0.0017301219049841166
CBFB	MAMDC2	0.0017285102512687445
ELF1	SULT1A1	0.0017277372535318136
MEF2C	AMIGO2	0.0017271003453060985
ELF1	CD38	0.0017262168694287539
SPI1	GHR	0.0017257989384233952
SATB1	CADPS2	0.001724305679090321
NOTCH1	MPZL1	0.0017240488668903708
MEIS1	TTLL7	0.0017239887965843081
MEIS1	CARD6	0.0017223834292963147
MEF2C	9530082P21RIK	0.0017223345348611474
SPI1	LDHD	0.001721887500025332
IKZF1	NAIP6	0.0017217200947925448
IRF8	PLCL1	0.0017216415144503117
IRF8	PYGL	0.0017213531536981463
SPI1	SOCS2	0.0017211020458489656
MYC	STK10	0.0017207434866577387
NOTCH1	MEIS1	0.001720087486319244
MEIS1	TYROBP	0.0017193363746628165
SATB1	AFDN	0.0017193363746628165
MEIS1	UBASH3A	0.0017190073849633336
SPI1	GAA	0.0017189821228384972
GFI1B	SLC35D3	0.0017176661640405655
MEF2C	GHR	0.0017174986423924565
CBFB	AP1S2	0.0017153352964669466
SATB1	CBX7	0.0017149634659290314
ELF1	SFRP1	0.0017136485548689961
ELF1	GM10419	0.0017135550733655691
MEF2C	EFNA1	0.001713224803097546
MEF2C	CBX7	0.001710959360934794
IKZF1	TSPAN3	0.001710784388706088
SATB1	GPC1	0.0017106558661907911
CBFB	EPSTI1	0.001710645155981183
NOTCH1	CADPS2	0.0017092265188694
MYC	CCDC136	0.0017089552711695433
SATB1	PDGFC	0.0017087035812437534
ESR1	TEK	0.0017082784324884415
CBFB	SOX18	0.0017074306961148977
FOXO1	ELF1	0.0017073178896680474
ESR1	IGLV1	0.0017070007743313909
MEF2C	FADS1	0.001706420909613371
IRF8	PGR	0.0017058675875887275
IKZF1	MPDZ	0.0017049572197720408
NOTCH1	CTSG	0.0017047547735273838
IRF8	UBE2L6	0.0017040536040440202
IKZF1	LONP2	0.0017033172771334648
MYC	RCSD1	0.0017017255304381251
IRF8	GUCY1A1	0.0017008754657581449
MEF2C	NHP2	0.0017002280801534653
ELF1	INHBA	0.0016999761573970318
ELF1	PLXNA1	0.0016998274950310588
MEIS1	HAAO	0.0016989620635285974
GFI1B	DOK2	0.0016988766146823764
IRF8	PLK2	0.0016986437840387225
SPI1	ITSN1	0.0016984250396490097
MYC	ARPP21	0.0016975653124973178
IRF8	RAB40B	0.0016973373712971807
NOTCH1	CPQ	0.001697230152785778
FOXO1	ACAP1	0.0016970884753391147
IKZF1	DENND2D	0.0016965417889878154
IRF8	GM10419	0.0016952852020040154
FOXO1	DUSP6	0.001695164362899959
MEIS1	GMNN	0.0016946562100201845
SPI1	TUBB4B	0.0016945297829806805
IRF8	CAPG	0.00169385876506567
ELF1	WFDC2	0.001691928948275745
NOTCH1	NAIP6	0.0016917315078899264
GATA2	PSTPIP1	0.0016909827245399356
MEIS1	GM30948	0.0016905264928936958
MYC	SERPINA3F	0.001690084463916719
SATB1	EYA2	0.0016897193854674697
CBX7	GPX1	0.001689399010501802
IRF8	PLXNA1	0.0016892895800992846
NOTCH1	HID1	0.001689029741100967
GATA2	CLEC12A	0.0016885845689103007
CBFB	CPNE8	0.0016885357908904552
FOXO1	MPO	0.0016884224023669958
IRF8	FDFT1	0.001688240678049624
FOXO1	EPSTI1	0.0016878970200195909
SPI1	MPL	0.0016863110940903425
ELF1	SERPINA3N	0.0016855290159583092
IRF8	CAVIN2	0.0016855172580108047
NOTCH1	CPXM1	0.0016842110780999064
GFI1B	MEF2C	0.001683690003119409
MEIS1	IFI206	0.0016835941933095455
MEIS1	DHRS3	0.0016835308633744717
MEF2C	FAM171B	0.0016834358684718609
ESR1	CRACR2B	0.0016833533300086856
ELF1	CD7	0.0016825328348204494
IKZF1	UNC45BOS	0.0016821788158267736
SATB1	AMIGO2	0.0016814273549243808
MEF2C	IL18BP	0.0016813063994050026
ELF1	SOCS2	0.001680979272350669
GATA2	ARID5A	0.001680973218753934
GFI1B	VAV3	0.0016808637883514166
SPI1	ESAM	0.0016804742626845837
FOXO1	IGHV1-82	0.0016804741462692618
CBFB	PARP8	0.0016803611069917679
IKZF1	ZFP37	0.0016799570294097066
CBFB	GM10384	0.0016797288553789258
IKZF1	GSTT1	0.0016795591218397021
IRF8	NWD1	0.001679339911788702
CBFB	PROCR	0.0016791156958788633
GATA2	PTGER2	0.00167903455439955
SPI1	SHISA9	0.0016788211651146412
IRF8	PDE1B	0.0016788208158686757
ESR1	IRAK3	0.0016784685431048274
MYC	LHCGR	0.001677841180935502
GFI1B	IGHV1-53	0.0016777754062786698
MYC	RAB40B	0.0016774529358372092
IKZF1	RUNX1T1	0.0016772928647696972
MYC	CDK18	0.0016772529343143106
MYC	PKIB	0.0016767359338700771
GFI1B	IGHV1-76	0.0016767325578257442
IKZF1	SOCS2	0.0016766785411164165
IKZF1	PBX1	0.0016750850481912494
ESR1	TMEM246	0.001674859900958836
ELF1	BGN	0.001674448954872787
MEIS1	UQCR11	0.0016737326513975859
FOXO1	SLC35D3	0.001673306804150343
FOXO1	GM19331	0.001672633457928896
IKZF1	TEAD2	0.001672588288784027
ELF1	OBSL1	0.0016723638400435448
IRF8	GGT5	0.0016720045823603868
CBFB	PF4	0.0016717027174308896
MEF2C	IGLV1	0.0016713981749489903
GATA2	IGHV1-76	0.0016712539363652468
SPI1	SLC16A2	0.0016706346068531275
MYC	GSN	0.0016703072469681501
SPI1	ZFP37	0.0016688219038769603
ELF1	ENPP5	0.001667788252234459
ESR1	NLRC3	0.00166775390971452
MYC	CCDC112	0.0016673685749992728
CBX7	IL18RAP	0.0016669296892359853
SATB1	FSTL1	0.0016663987189531326
CBFB	CLEC1A	0.0016655974322929978
SPI1	NUPR1	0.0016651696059852839
ELF1	CTTN	0.001664750394411385
MEF2C	CFP	0.0016646997537463903
IKZF1	NSMF	0.0016644950956106186
IRF8	PDCD4	0.001664149109274149
CBX7	MIR6240	0.0016637817025184631
ELF1	MMRN1	0.0016616947250440717
MYC	GCSAM	0.0016616206848993897
MEF2C	ZFP612	0.0016610941383987665
MYC	RORA	0.0016610815655440092
MEF2C	OCLN	0.0016610812162980437
NOTCH1	ME2	0.0016609856393188238
ESR1	IGLC2	0.0016607714351266623
MEF2C	RARB	0.001660049892961979
SPI1	ALDH1A1	0.0016597318463027477
IKZF1	PPIC	0.0016594313783571124
MEF2C	FCGRT	0.0016587590798735619
CBFB	GIMAP1	0.001658736844547093
IKZF1	CLEC1A	0.0016582529060542583
GFI1B	IFI213	0.0016578050563111901
MEIS1	GM37124	0.0016574885230511427
IKZF1	DCK	0.001657183631323278
CBFB	RNF125	0.0016562710516154766
MYC	CSF1R	0.0016562421806156635
GATA2	MPEG1	0.0016560581279918551
CBFB	VWF	0.0016553979367017746
IRF8	SHISA9	0.0016553940949961543
ELF1	PAG1	0.0016553509049117565
MEIS1	DOCK10	0.0016546555561944842
ELF1	KBTBD11	0.0016541853547096252
NOTCH1	CISH	0.001653563231229782
GFI1B	CD7	0.0016534412279725075
IRF8	9030619P08RIK	0.0016524713719263673
CBFB	NSMF	0.0016519521595910192
MEF2C	C1RL	0.0016513358568772674
GATA2	CD48	0.001650637132115662
MYC	PLXNA1	0.0016502001089975238
MEF2C	GPX3	0.001650195918045938
SPI1	SLFN2	0.0016500806668773293
IRF8	ENPP5	0.001649928861297667
SPI1	GNG11	0.001649233396165073
MYC	H2-Q6	0.001649212557822466
IRF8	ICA1	0.001649154699407518
GFI1B	ARL11	0.0016475243028253317
IKZF1	NDNF	0.001646916731260717
SPI1	GIMAP8	0.0016457062447443604
MEF2C	SERPINF1	0.0016455922741442919
MYC	TRPV2	0.0016447431407868862
CBFB	VDR	0.0016440798062831163
SPI1	OCLN	0.0016435286961495876
GFI1B	9030619P08RIK	0.001641708193346858
SATB1	CDK17	0.0016410195967182517
MEF2C	SHROOM4	0.00164080411195755
CBFB	NT5C3	0.001640498056076467
MEF2C	TMEM14C	0.001640388392843306
CBFB	ICOS	0.0016399134183302522
ESR1	GATA2	0.001639646477997303
SATB1	CD55	0.0016396362334489822
MEF2C	SERPINA3N	0.0016390669625252485
MYC	AFDN	0.001638249959796667
MEF2C	INHBA	0.0016374336555600166
IKZF1	ITGA6	0.0016372587997466326
SATB1	CLU	0.001636721775867045
CBFB	ROBO4	0.0016366748604923487
GFI1B	H2AFY	0.0016365231713280082
MEIS1	ARID5A	0.0016363546019420028
MEF2C	FKBP9	0.001635923283174634
FOXO1	NRROS	0.0016345999902114272
IKZF1	FADS1	0.001634569256566465
IKZF1	GM11346	0.001634084153920412
MYC	FGD5	0.0016340571455657482
ESR1	IGHV1-74	0.001633598585613072
SPI1	PRNP	0.0016332208178937435
IRF8	EYA2	0.0016329019563272595
CBFB	STARD4	0.0016314057866111398
GATA2	ITGAL	0.001630811719223857
ELF1	ENG	0.0016302616568282247
SPI1	CTTN	0.001628555590286851
MEF2C	MCM7	0.0016283527947962284
ESR1	TSPAN3	0.0016283229924738407
MEF2C	PLEKHG6	0.0016279639676213264
MEF2C	DACH1	0.0016274977242574096
GATA2	RAG2	0.0016269054030999541
CBX7	HSPE1	0.001626573852263391
IRF8	EBI3	0.0016256890958175063
IKZF1	ITM2A	0.0016253619687631726
MYC	SDC2	0.0016250878106802702
MYC	METTL7A1	0.001624848460778594
SATB1	INSRR	0.0016245614970102906
FOXO1	RPL41	0.0016244713915511966
GATA2	CD93	0.0016240776749327779
IKZF1	JAM3	0.0016233896603807807
ELF1	CTNNAL1	0.0016232529887929559
MEF2C	CHST2	0.0016221774276345968
IRF8	ROBO4	0.0016221539117395878
IKZF1	CTTN	0.0016221173573285341
CBFB	TBXAS1	0.0016219770768657327
MEF2C	FDFT1	0.0016219199169427156
IRF8	NPDC1	0.001621441449970007
IKZF1	MEIS1	0.001621136674657464
SATB1	MLPH	0.0016209480818361044
IKZF1	PLXNA1	0.0016205428401008248
IRF8	C1RL	0.0016195058124139905
GATA2	XPC	0.0016190847381949425
IKZF1	CLU	0.0016173012554645538
ELF1	PDGFD	0.0016171245370060205
MYC	GSTT1	0.0016169976443052292
MEIS1	DCK	0.0016162677202373743
SPI1	TM4SF1	0.001616183784790337
FOXO1	DYNLL1	0.0016153915785253048
FOXO1	PPIC	0.001611876767128706
CBFB	GIMAP5	0.0016118702478706837
IKZF1	CREG1	0.0016115233302116394
NOTCH1	MAGED1	0.00161040760576725
MEF2C	ARRDC4	0.0016090103890746832
SATB1	SGMS1	0.001609003753401339
MEF2C	HCK	0.00160893180873245
MEIS1	IGHV1-81	0.0016087404219433665
IRF8	SERPINA3F	0.001607456710189581
CBFB	IGKC	0.0016067607793956995
ESR1	COQ8A	0.0016059763729572296
IRF8	CLIP3	0.0016055156011134386
MEF2C	CTSF	0.0016050499398261309
IKZF1	NUPR1	0.0016048853285610676
MEIS1	DOCK11	0.0016037203604355454
SATB1	CTSL	0.0016033289721235633
MYC	OAS2	0.0016021570190787315
FOXO1	GPX1	0.0016019842587411404
NOTCH1	CAV2	0.0016017226735129952
ELF1	CSGALNACT1	0.0016014714492484927
MEIS1	IFI27L2A	0.0016008977545425296
FOXO1	HOXA9	0.001600712421350181
IRF8	SCRN1	0.0016002785414457321
MYC	LPCAT2	0.0016001898329705
MYC	SFRP1	0.0016000596806406975
NOTCH1	PRKCH	0.0015985136851668358
SATB1	SCRN1	0.0015982765471562743
CBFB	GM11346	0.0015981741016730666
GATA2	LAX1	0.0015969262458384037
IRF8	INHBA	0.0015968565130606294
ESR1	FGFR3	0.0015949029475450516
RAG2	RAB38	0.0015932938549667597
ELF1	SERPINF1	0.0015931662637740374
GFI1B	ITGB5	0.0015931068919599056
MYC	ZFP658	0.001592721906490624
MYC	MECOM	0.0015926967607811093
CBFB	TIFAB	0.0015926352934911847
MEF2C	STXBP1	0.001592579879797995
CBX7	TLR7	0.0015924505423754454
CBFB	LDHD	0.0015922115417197347
SATB1	CPQ	0.0015920937294140458
IRF8	CASP12	0.0015920413425192237
NOTCH1	GSTM1	0.00159164285287261
NOTCH1	KIT	0.0015916114207357168
NOTCH1	PDGFD	0.0015911107184365392
MEF2C	IRF6	0.001590738189406693
CBFB	TMEM37	0.001590338652022183
GATA2	LACTB	0.0015895984834060073
IKZF1	FAM171B	0.0015891530783846974
IRF8	COL4A1	0.001587692997418344
SPI1	OBSCN	0.0015875048702582717
IRF8	SHROOM4	0.001587338512763381
MEF2C	MPZL1	0.0015868530608713627
MYC	NUPR1	0.0015865074237808585
SPI1	GPX3	0.0015864489832893014
ELF1	SDC2	0.0015863553853705525
MEIS1	GIMAP4	0.0015863056760281324
MEF2C	TTLL7	0.0015847901813685894
MYC	GDA	0.0015847121831029654
ELF1	MPZL1	0.0015844590961933136
SPI1	NPDC1	0.0015843069413676858
SPI1	CLEC1A	0.0015843019355088472
SATB1	BGN	0.0015840752748772502
SATB1	PKIA	0.0015838976250961423
GFI1B	PLD4	0.0015833537327125669
SATB1	CX3CL1	0.0015830553602427244
ESR1	SLFN2	0.0015827903989702463
SATB1	DACH1	0.0015823571011424065
MEF2C	SLC6A15	0.0015817723469808698
SATB1	PLXNA4OS1	0.0015784957213327289
SATB1	JCHAIN	0.001577811548486352
NOTCH1	GFI1B	0.001576981390826404
GATA2	USP11	0.0015769765013828874
MYC	CX3CL1	0.0015769138699397445
CBX7	BC035044	0.0015764104900881648
NOTCH1	CYP26B1	0.0015763737028464675
NOTCH1	ABCG2	0.0015760574024170637
MYC	CASP12	0.0015753217739984393
ELF1	PLXNC1	0.0015747074503451586
IKZF1	COQ8A	0.001574214780703187
ELF1	JAM2	0.0015726865967735648
IRF8	PRUNE2	0.0015723970718681812
ESR1	GIMAP3	0.0015722307143732905
ELF1	FKBP9	0.0015721757663413882
CBFB	CSGALNACT1	0.0015712877502664924
IKZF1	GPX3	0.0015707815764471889
SATB1	GM30948	0.001570725697092712
CBX7	ABHD17B	0.0015705161495134234
MEF2C	CTSB	0.0015693303430452943
CBFB	SOCS2	0.0015692382585257292
IRF8	CLEC14A	0.0015684543177485466
MEF2C	OTUB2	0.0015680267242714763
FOXO1	MYC	0.0015677320770919323
MYC	GAS2L3	0.0015672792214900255
GFI1B	GSN	0.0015663855010643601
CBFB	P2RX1	0.0015663227532058954
SATB1	PAFAH2	0.0015656363684684038
CBFB	MMRN1	0.0015655247261747718
NOTCH1	PTGS1	0.001565386075526476
GATA2	SEMA3D	0.0015650881687179208
IRF8	NUPR1	0.0015648819971829653
MEF2C	MPDZ	0.0015639833873137832
MEF2C	HNRNPAB	0.001563877915032208
IKZF1	CAV2	0.0015635000308975577
NOTCH1	UAP1L1	0.0015626128297299147
IKZF1	AMIGO2	0.0015618843026459217
MEF2C	PBLD2	0.0015613771975040436
ELF1	CAVIN2	0.00156131770927459
NOTCH1	TFPI	0.0015611951239407063
ELF1	ANKRD33B	0.001559640746563673
SPI1	SCRN1	0.0015589098911732435
IRF8	PKIA	0.0015587725210934877
FOXO1	NKG7	0.0015575363067910075
MYC	CPXM1	0.0015571556286886334
CBFB	JCHAIN	0.0015563374618068337
CBFB	ANXA5	0.0015561123145744205
IRF8	NR3C2	0.0015560017200186849
IKZF1	GM10419	0.0015555639984086156
SATB1	CTTN	0.001555330236442387
ELF1	NEO1	0.001555064576677978
MYC	TIFAB	0.0015542356995865703
MYC	PLXNA4OS1	0.0015541819157078862
NOTCH1	CLEC1A	0.001553553738631308
IRF8	DENND2D	0.0015535199781879783
FOXO1	FLT3	0.0015526608331128955
CBFB	P2RY14	0.0015523970359936357
NOTCH1	TRPC6	0.0015521887689828873
ELF1	GM30948	0.0015520054148510098
IRF8	RHBDF1	0.001551825669594109
GATA2	GPR171	0.0015517552383244038
IKZF1	MAMDC2	0.001551677705720067
FOXO1	SLC25A5	0.00155134208034724
MYC	GIMAP1OS	0.001551300985738635
MEF2C	SOCS2	0.001550324377603829
MYC	SLAMF1	0.0015499790897592902
NOTCH1	SLC16A2	0.0015499221626669168
IKZF1	PF4	0.001549798296764493
FOXO1	ADGRG3	0.0015497427666559815
SPI1	EFNA1	0.0015488485805690289
CBFB	CLCA3A1	0.0015488420613110065
CBFB	F11R	0.0015486084157600999
ELF1	KRT18	0.0015484844334423542
MYC	SNAP47	0.0015482429880648851
IRF8	CLEC1A	0.0015473843086510897
MEF2C	KCNK5	0.0015467512421309948
MYC	TBXA2R	0.0015463008312508464
GATA2	N4BP3	0.0015458555426448584
ELF1	CLEC1A	0.0015458232956007123
IRF8	SLC6A15	0.0015457741683349013
CBFB	PDGFD	0.0015450188657268882
IKZF1	SMPDL3A	0.0015444513410329819
NOTCH1	ZBTB20	0.0015432751970365644
MYC	IGHV1-74	0.0015418294351547956
SATB1	CD38	0.0015412337379530072
IKZF1	RHBDF1	0.0015408061444759369
NOTCH1	TMEM246	0.0015406518941745162
MYC	GP9	0.0015403773868456483
MEF2C	UAP1L1	0.0015397582901641726
CBX7	TIPIN	0.001539582503028214
SPI1	FGFR3	0.0015394507208839059
SATB1	ZBTB20	0.001539355842396617
IRF8	FAM171A1	0.0015390862245112658
CBFB	SNAP23	0.0015387205639854074
MYC	ITGB5	0.0015382524579763412
FOXO1	PRPS2	0.001537409843876958
ELF1	RARB	0.0015373271889984608
MEIS1	LGALS1	0.001537234173156321
ELF1	PLEKHG6	0.0015370852779597044
SPI1	MPZL1	0.0015360499965026975
IRF8	D630039A03RIK	0.0015359122771769762
MEIS1	RASA4	0.0015353781636804342
MEIS1	EMP1	0.001534770242869854
IKZF1	GIMAP8	0.0015345205320045352
SATB1	GIMAP1OS	0.0015335495118051767
IRF8	ALDH1A1	0.0015322102699428797
IRF8	GIMAP4	0.0015320093370974064
CBFB	UPP1	0.0015318867517635226
NOTCH1	APP	0.0015316992066800594
MEF2C	SMPDL3A	0.0015303556574508548
ESR1	SLC18A2	0.0015298154903575778
CBX7	YBX1	0.0015292662428691983
MYC	RNF125	0.0015292324824258685
GATA2	COX6A2	0.0015285155968740582
IKZF1	UAP1L1	0.0015270686708390713
IKZF1	PLXNC1	0.0015262033557519317
CBFB	MLPH	0.0015261287335306406
GFI1B	CRIP1	0.0015254417667165399
MEIS1	NUDT19	0.0015250745927914977
IKZF1	CHRNB1	0.0015249281423166394
ELF1	CAR2	0.0015239884378388524
ESR1	MCTP2	0.001523633487522602
CBFB	IFI213	0.0015230191638693213
SATB1	VDR	0.0015229970449581742
ELF1	OCLN	0.0015228277770802379
SPI1	ENPP5	0.0015223607188090682
GFI1B	FUT7	0.001522201462648809
CBFB	TRIM47	0.001520609832368791
NOTCH1	PLSCR4	0.0015189409023150802
ELF1	IGF1	0.0015180699992924929
ELF1	GSTT1	0.0015172717394307256
FOXO1	KBTBD11	0.0015165681252256036
SPI1	CDK18	0.0015159999020397663
IKZF1	UPP1	0.0015151392435654998
ELF1	MAMDC2	0.0015138298040255904
CBFB	IL18BP	0.0015134435379877687
ELF1	ESAM	0.0015131720574572682
SATB1	HCK	0.0015127903316169977
IKZF1	GIMAP3	0.0015110126696527004
MYC	TEK	0.0015109492233023047
FOXO1	IGHV1-69	0.0015109332744032145
IRF8	TRPC6	0.001510554808191955
CBX7	ADGRL4	0.0015099927550181746
SATB1	GM4951	0.0015085452469065785
CBX7	CRIP1	0.0015083763282746077
GFI1B	H2-OB	0.0015083382604643703
GFI1B	TESPA1	0.0015077400021255016
IKZF1	SERPINA3F	0.0015071546658873558
FOXO1	TPM4	0.0015062744496390224
GFI1B	EPSTI1	0.0015061524463817477
NOTCH1	RAB27B	0.0015053176321089268
SATB1	CTSH	0.0015051199588924646
SPI1	CPNE8	0.001504684565588832
IKZF1	TUBB4B	0.0015039556892588735
ELF1	PLIN3	0.0015032181981950998
MEF2C	PDE1C	0.0015024390304461122
MYC	IFI213	0.0015022619627416134
SPI1	ART4	0.001502223196439445
IKZF1	SFRP1	0.0015021819854155183
MEIS1	LPCAT2	0.001501424703747034
MEF2C	SULT1A1	0.0015011319192126393
MEIS1	DEPP1	0.001500821323134005
MEF2C	UNC45BOS	0.0015007841866463423
MEIS1	CD33	0.001500720507465303
IRF8	PLXNA4OS1	0.00149970140773803
RAG2	PIRB	0.0014994371449574828
ELF1	TMEM37	0.0014987894101068377
ELF1	CLCA3A1	0.0014980193227529526
MEIS1	SLC18A1	0.0014969840412959456
NOTCH1	FAM171A1	0.0014964911388233304
MYC	LGALS1	0.0014963740250095725
CBFB	TGM2	0.0014958652900531888
FOXO1	RRAS	0.0014948255848139524
SATB1	SERPINA3F	0.001494589145295322
SATB1	MYCN	0.0014934440841898322
CBFB	EEPD1	0.001493240473791957
RAG2	SERPINA3G	0.0014931901823729277
IRF8	TRIB3	0.001492709037847817
IRF8	FKBP9	0.0014897265937179327
IRF8	MAGED2	0.0014882078394293785
SATB1	STXBP1	0.0014876641798764467
ESR1	IFITM1	0.0014875340275466442
NOTCH1	F2R	0.0014874690677970648
MYC	IGHV1-82	0.0014871913008391857
GATA2	CD27	0.0014856891939416528
MYC	GUCY1A1	0.001485605607740581
SATB1	RORA	0.0014853868633508682
ELF1	SMPDL3A	0.0014853355241939425
CBFB	MLLT3	0.0014847959391772747
GATA2	ATP8B4	0.0014835328329354525
MEIS1	IL1R1	0.0014830946456640959
SPI1	GIMAP3	0.0014826218830421567
NOTCH1	STARD4	0.0014825226971879601
ELF1	SLC18A2	0.0014819898642599583
GATA2	SLC18A1	0.0014819455100223422
MYC	IGHD	0.0014809694839641452
CBFB	LPCAT2	0.0014808267587795854
MEIS1	CD53	0.0014807031257078052
GATA2	ELOVL5	0.0014802409568801522
MYC	PLEKHG6	0.0014798796037212014
ESR1	MPL	0.0014795592287555337
IKZF1	FKBP9	0.0014783337246626616
SATB1	PLIN3	0.001477898214943707
IRF8	IGHV1-76	0.0014747189125046134
MYC	MCTP2	0.0014742100611329079
MEF2C	RUSC2	0.0014738172758370638
MYC	ARHGEF28	0.0014733787393197417
IRF8	SLFN2	0.001472756965085864
SATB1	AMPD2	0.0014715536963194609
MYC	IL18BP	0.0014697100268676877
IRF8	OTUB2	0.0014695716090500355
MEF2C	OBSCN	0.0014691288815811276
SPI1	CHST2	0.0014684625202789903
FOXO1	GM26917	0.001467956113629043
SPI1	IGHV1-74	0.0014679367886856198
CBFB	GBP4	0.0014676384162157774
IKZF1	CERS4	0.001466978108510375
MYC	MLPH	0.0014663169858977199
CBFB	SDC2	0.0014659371227025986
CBFB	TNS2	0.0014656847342848778
IKZF1	AFDN	0.0014652747195214033
IRF8	ACAP1	0.0014652322279289365
RAG2	GSTM1	0.0014649437507614493
MEIS1	IGHV1-76	0.0014647198840975761
ELF1	ANGPT1	0.0014644457260146737
FOXO1	CKS1B	0.0014638854190707207
IRF8	WFDC2	0.0014622343005612493
FOXO1	MILR1	0.0014612169470638037
SATB1	FAM171A1	0.0014609674690291286
MEF2C	TCAF1	0.001460677944123745
FOXO1	CDT1	0.001460278406739235
IRF8	CCDC136	0.0014598469715565443
ELF1	SNAP47	0.0014588729245588183
IKZF1	ITSN1	0.0014581064460799098
IRF8	RHOJ	0.0014560616109520197
MEF2C	S100A6	0.0014560604467988014
ELF1	CAV2	0.0014558285474777222
IKZF1	INSRR	0.0014545043231919408
MYC	RRAS	0.0014539052499458194
IRF8	UPP1	0.001453793840482831
MYC	UPP1	0.001453522127121687
ESR1	SAT1	0.0014532390050590038
GATA2	CCR7	0.0014530771877616644
SPI1	UNC45BOS	0.0014525317819789052
MEIS1	OTULINL	0.001451697200536728
NOTCH1	TEK	0.0014511669287458062
CBFB	TRIB3	0.0014506205916404724
IKZF1	CTSH	0.0014496322255581617
IKZF1	KLRD1	0.0014482723781839013
SPI1	RHOJ	0.0014479800593107939
SATB1	SHROOM4	0.001447958406060934
CBFB	KLF6	0.0014477681834250689
CBFB	INSRR	0.0014472630573436618
ELF1	AMIGO2	0.0014467734145000577
ELF1	PLCL1	0.0014465464046224952
MYC	BTG2	0.001446329872123897
MYC	NOTCH1	0.0014462691033259034
NOTCH1	CPNE8	0.001445748726837337
CBFB	RUSC2	0.0014453795738518238
SATB1	ARHGEF28	0.001444969093427062
SPI1	IGHV1-69	0.001443875371478498
NOTCH1	PRUNE2	0.001443567918613553
CBFB	STXBP1	0.0014434035401791334
CBFB	TRAF1	0.0014433892210945487
SATB1	GIMAP5	0.001442071283236146
FOXO1	TYROBP	0.0014414431061595678
MEF2C	MYCT1	0.0014413223834708333
IRF8	TM4SF1	0.0014409275026991963
ELF1	NUPR1	0.0014408825663849711
ELF1	ABCG3	0.0014404375106096268
MEF2C	H2-Q6	0.0014403550885617733
MEF2C	TRPC6	0.0014391267905011773
MEIS1	TMSB4X	0.0014382220106199384
ELF1	MRVI1	0.0014378954656422138
IRF8	PLXDC2	0.0014374713646247983
IRF8	2810468N07RIK	0.001436950289644301
ELF1	RHOF	0.0014364487724378705
MEF2C	GM10419	0.0014362293295562267
SPI1	GM45837	0.0014358540065586567
SPI1	SPC24	0.0014354984741657972
MYC	PLSCR4	0.0014352593570947647
SATB1	PBX1	0.001433645375072956
MEF2C	PRUNE2	0.001431150478310883
MEF2C	PEAR1	0.0014307050732895732
MEF2C	BGN	0.001429269788786769
SATB1	NCKAP1	0.0014287614030763507
GATA2	PRSS57	0.0014285261277109385
GATA2	GM2A	0.0014267050428315997
GFI1B	RASA4	0.00142585055436939
IKZF1	PLK2	0.0014256745344027877
NOTCH1	SULT1A1	0.0014255731366574764
MEIS1	ICOS	0.0014248891966417432
ELF1	CHST2	0.0014245102647691965
MEIS1	IGHV1-82	0.0014230398228392005
IKZF1	APP	0.0014230039669200778
IKZF1	ZFP612	0.0014227860374376178
FOXO1	IGHV1-76	0.0014217650750651956
SPI1	CASP12	0.0014215155970305204
FOXO1	SLC44A2	0.0014209601795300841
GATA2	CCL3	0.0014209123328328133
MEF2C	FHL1	0.0014199758879840374
SPI1	PKN3	0.0014194740215316415
MEF2C	WLS	0.0014180302387103438
SPI1	TINAGL1	0.0014178258134052157
IKZF1	ROBO4	0.0014176508411765099
MEF2C	SFRP1	0.0014172906521707773
IKZF1	SPNS2	0.001417288789525628
MEIS1	IGLC2	0.0014172736555337906
IRF8	CTTN	0.001416294719092548
NOTCH1	OBSCN	0.0014161142753437161
CBX7	ZFP422	0.0014160583959892392
MEIS1	GPR18	0.0014157918049022555
IRF8	KLRD1	0.001415712758898735
SATB1	RFTN1	0.0014155199751257896
MYC	NDN	0.0014151440700516105
IRF8	TMEM37	0.001414788537658751
MYC	NCKAP1	0.0014144856249913573
MEF2C	CSGALNACT1	0.0014142694417387247
ELF1	PPIC	0.0014138611732050776
IRF8	VEGFC	0.0014135404489934444
SPI1	CDKN1C	0.001412411336787045
ELF1	ITSN1	0.0014121191343292594
ELF1	TTLL7	0.0014115850208327174
MEF2C	PRSS57	0.0014114121440798044
NOTCH1	D630039A03RIK	0.001411063363775611
SATB1	TMEM176B	0.0014100471744313836
SATB1	GPX3	0.0014098527608439326
IKZF1	KLF6	0.0014090865151956677
SPI1	CD38	0.0014082476263865829
ELF1	KAZALD1	0.0014076061779633164
MEIS1	CARD11	0.001407063682563603
SPI1	CYP26B1	0.0014069073367863894
SPI1	HID1	0.0014048125594854355
MYC	NR3C2	0.001403680769726634
IRF8	SMPDL3A	0.0014026844874024391
IKZF1	MPZL1	0.0014026481658220291
MEF2C	AFDN	0.0014025180134922266
NOTCH1	ADGRG1	0.0013999975053593516
IKZF1	F11R	0.0013997770147398114
GATA2	IL7R	0.0013997710775583982
MYC	RHBDF1	0.0013995453482493758
ELF1	ITGB2	0.001398739987052977
IRF8	ANXA5	0.0013983765384182334
IRF8	ZFP612	0.0013976659392938018
MYC	PBLD2	0.0013971838634461164
CBFB	GM19331	0.0013969119172543287
MYC	ITGB7	0.0013969113351777196
IRF8	NT5C3	0.0013963825767859817
ELF1	PIRB	0.0013963459059596062
MEF2C	LHCGR	0.001395875820890069
MEF2C	SLC16A10	0.0013958181953057647
MEF2C	SNAP47	0.001395542873069644
ESR1	CD81	0.0013950077118352056
IRF8	NSMF	0.001394964987412095
IRF8	TSPAN13	0.0013949295971542597
SATB1	SERPINB6A	0.0013947596307843924
IRF8	HID1	0.0013940921053290367
SATB1	SFRP1	0.0013939456548541784
SPI1	IGLV1	0.001393885468132794
CBFB	FCHO2	0.0013901222264394164
CBFB	CHIL5	0.0013893945142626762
MYC	FCGRT	0.0013889945112168789
IRF8	APP	0.0013879482867196202
GFI1B	WFDC17	0.0013858183519914746
ELF1	FGD5	0.001385728595778346
SPI1	CLIP3	0.0013849042588844895
MEF2C	RAB38	0.0013846077490597963
ELF1	IFITM3	0.0013844327768310905
ELF1	GPC1	0.0013842914486303926
NOTCH1	HSPE1	0.0013838894665241241
SATB1	ARHGAP29	0.001383371651172638
NOTCH1	ANXA5	0.0013825565110892057
SPI1	LHCGR	0.0013824892230331898
MYC	MTUS1	0.0013818525476381183
SPI1	FADS1	0.001380454981699586
ELF1	NEAT1	0.0013794699916616082
CBFB	TXNIP	0.0013791724340990186
MYC	NOXA1	0.001375529682263732
MYC	GNG11	0.001374763436615467
MEF2C	EEPD1	0.0013747019693255424
CBFB	NCF1	0.001374401617795229
SPI1	ITGA6	0.001374076004140079
GATA2	MCTP2	0.0013740002177655697
NOTCH1	CAVIN2	0.001373988576233387
FOXO1	SPI1	0.0013738216366618872
CBFB	KRT18	0.0013731722719967365
CBFB	WFDC18	0.0013721531722694635
MEF2C	TBXAS1	0.0013712195213884115
MEF2C	NDNF	0.0013698141556233168
IKZF1	NT5C3	0.0013696391833946109
GATA2	GM30948	0.001367431366816163
CBFB	SELENOP	0.0013669038889929652
MYC	GHR	0.0013662982964888215
IKZF1	CD38	0.0013662626734003425
SATB1	FDFT1	0.001365705975331366
MEIS1	LGMN	0.001365469885058701
FOXO1	IFI213	0.0013649885077029467
CBX7	FLNA	0.0013647975865751505
ELF1	FSTL1	0.0013638295931741595
IKZF1	HLF	0.001363604562357068
SATB1	RAB40B	0.0013633426278829575
SPI1	D630039A03RIK	0.001363143790513277
NOTCH1	PF4	0.0013629194581881166
MEIS1	IGHV1-74	0.001361966598778963
GFI1B	WFDC18	0.001361402915790677
MYC	SLC16A2	0.0013606577413156629
IRF8	FHL1	0.0013596907956525683
MEF2C	COL4A1	0.001356801949441433
SATB1	TM4SF1	0.0013566535199061036
MEF2C	DENND2D	0.0013564046239480376
SPI1	CAV2	0.001355998683720827
MYC	RNASE6	0.0013559060171246529
MEIS1	CKS1B	0.00135572359431535
IRF8	NDN	0.0013555234763771296
GATA2	NAV1	0.00135534827131778
IRF8	FAM110C	0.0013546874979510903
ELF1	SLFN2	0.001354146283119917
CBFB	KLHL4	0.0013539872597903013
ESR1	PIRB	0.0013521661749109626
IRF8	SLC18A2	0.0013518760679289699
MYC	OBSL1	0.0013518297346308827
ELF1	TRIB3	0.0013512730365619063
ELF1	SLC2A3	0.0013507085386663675
MEF2C	RHOF	0.0013499914202839136
CBFB	AMIGO2	0.0013489127159118652
ELF1	ABCG2	0.0013477259781211615
GFI1B	TLR7	0.0013470809208229184
IRF8	AC174780.1	0.001346633187495172
IRF8	GIMAP8	0.00134660629555583
MYC	IRF6	0.001346298842690885
MEIS1	ATP1A3	0.0013461094349622726
ELF1	ARHGEF28	0.001345587894320488
CBX7	MILR1	0.0013451080303639174
ELF1	MYCT1	0.0013430481776595116
IKZF1	DEF8	0.0013426807709038258
IRF8	SLC2A3	0.0013425229117274284
IRF8	ITGA6	0.0013419362949207425
SATB1	GBP2	0.0013418302405625582
ELF1	PRUNE2	0.0013408685335889459
GFI1B	NCF1	0.0013407203368842602
MEF2C	INSRR	0.0013404503697529435
SATB1	LONP2	0.0013403076445683837
GATA2	IGHJ4	0.0013401737669482827
IRF8	GBP2	0.001339694019407034
MEF2C	VDR	0.0013395505957305431
CBFB	OSGIN1	0.0013394315028563142
MEF2C	CDT1	0.0013386285863816738
IRF8	OAS2	0.0013382345205172896
MEF2C	RANBP1	0.0013365136692300439
GATA2	IGHV1-82	0.0013363779289647937
ELF1	FAM110C	0.0013353961985558271
FOXO1	SERPINB1A	0.0013347900239750743
ELF1	P2RX1	0.0013347745407372713
IRF8	TUBB4B	0.0013333938550204039
ESR1	CCR9	0.0013332223752513528
IRF8	GM11346	0.001332898042164743
SPI1	GAS2L3	0.0013323818566277623
IKZF1	RRAS	0.0013301302678883076
CBFB	IGLC2	0.0013299657730385661
ESR1	APOE	0.0013290444621816278
SPI1	GM37124	0.001328996499069035
MYC	ATP8B4	0.0013274973025545478
MEF2C	ALDH1A1	0.0013270999770611525
IKZF1	COL4A1	0.0013259642291814089
MEF2C	RAB40B	0.0013257048558443785
ELF1	TRPC6	0.0013256851816549897
IRF8	CD9	0.0013255769154056907
CBFB	GP9	0.001325339311733842
IRF8	ITGB5	0.0013247638707980514
GFI1B	DEPP1	0.0013246150920167565
SATB1	IFITM3	0.0013236196245998144
MYC	IGKC	0.00132359704002738
SPI1	CHIL5	0.0013230681652203202
GATA2	IFI27L2A	0.0013227331219241023
MEIS1	GCSAM	0.0013216768857091665
IKZF1	VAMP5	0.0013214381178840995
IKZF1	LDHD	0.001320711337029934
MEF2C	RASIP1	0.0013205981813371181
IRF8	METTL7A1	0.001319863717071712
GATA2	RPL41	0.0013186511350795627
IKZF1	GIMAP5	0.0013185455463826656
GFI1B	IL1R1	0.0013172896578907967
IRF8	CPQ	0.0013172825565561652
SATB1	FCGRT	0.0013167415745556355
IRF8	TCAF1	0.0013165618292987347
IKZF1	FGD5	0.0013153085019439459
MYC	SERPINB6A	0.0013153075706213713
IKZF1	IGHJ4	0.0013144921977072954
IRF8	LDHB	0.001314198481850326
MEF2C	TM4SF1	0.001313720247708261
ELF1	FOXO1	0.0013132558669894934
ELF1	GATA2	0.0013128133723512292
MEF2C	ADAMTSL5	0.0013124902034178376
MYC	GPX3	0.0013115028850734234
SPI1	RARB	0.0013111158041283488
SATB1	H1F0	0.0013109288411214948
CBFB	FCRL1	0.0013105629477649927
SATB1	PLXNA1	0.0013102341908961535
ESR1	IGHV1-69	0.001309546292759478
IRF8	PRNP	0.001309374114498496
IRF8	ADAMTSL5	0.0013090966967865825
SPI1	TNS2	0.001308515784330666
FOXO1	SYTL1	0.0013080587377771735
CBFB	LONP2	0.0013066569808870554
CBFB	COL4A1	0.001306448015384376
SATB1	PLEKHB1	0.0013051715213805437
SPI1	GM10419	0.0013041720958426595
IKZF1	CISH	0.001303706201724708
MEF2C	CD7	0.001302552642300725
FOXO1	IGLV1	0.0013025158550590277
SATB1	NT5C3	0.00130155507940799
NOTCH1	TEAD2	0.0012982378248125315
MYC	GM19331	0.0012978981249034405
CBFB	PLIN3	0.0012974536512047052
SATB1	ZFP37	0.0012973378179594874
MEIS1	STK17B	0.0012961608590558171
GFI1B	IKZF1	0.001295613357797265
GATA2	IL18RAP	0.0012949544470757246
IKZF1	TSC22D3	0.001294911839067936
MYC	ICOS	0.0012942581670358777
IRF8	SCARF1	0.0012937033316120505
IRF8	ARHGDIB	0.0012907920172438025
SATB1	SDC2	0.0012898038839921355
SATB1	GM10419	0.0012894829269498587
SATB1	NEAT1	0.0012886180775240064
MYC	SAT1	0.0012882150476798415
MEIS1	KIF17	0.00128807476721704
CBFB	GSN	0.0012862809235230088
IRF8	RASIP1	0.001285324222408235
NOTCH1	PROCR	0.0012851611245423555
CBFB	BDH2	0.0012849608901888132
GATA2	PRPS2	0.0012844994198530912
CBFB	NUPR1	0.0012843820732086897
SATB1	NDNF	0.0012841795105487108
IRF8	CD34	0.001283724675886333
RAG2	HLF	0.0012834020890295506
IKZF1	CLCA3A1	0.0012832997599616647
ELF1	CX3CL1	0.001282981364056468
SPI1	OTUB2	0.0012822546996176243
MEF2C	NKG7	0.0012819160474464297
ELF1	UAP1L1	0.0012817669194191694
CBFB	PLSCR4	0.0012812917120754719
MEIS1	TIPIN	0.0012791254557669163
IRF8	EEPD1	0.0012783060083165765
MEF2C	CHIL5	0.0012780646793544292
MEF2C	UBE2L6	0.001277998322620988
CBX7	RANBP1	0.0012777530355378985
IRF8	TTLL7	0.0012756306678056717
GATA2	IGHV1-69	0.001274974667467177
MEIS1	CST7	0.0012749102897942066
IKZF1	SLC6A15	0.0012747226282954216
MYC	PLXNC1	0.0012728068977594376
ESR1	IGHJ4	0.0012726862914860249
FOXO1	IGFBP4	0.0012719618389382958
GATA2	ARHGDIB	0.001271896413527429
CBFB	SDC1	0.001271878369152546
MYC	RARB	0.0012712405296042562
MEIS1	HMGB2	0.0012710095616057515
MEIS1	SELL	0.001270898268558085
MYC	SOCS2	0.0012704858090728521
MYC	TCAF1	0.0012703918619081378
IRF8	ABCG2	0.0012683809036388993
SATB1	HSD3B7	0.001268358319066465
ELF1	IGHV1-53	0.0012679684441536665
MYC	IGHV1-77	0.001266687409952283
MYC	MAGED1	0.0012660647043958306
MYC	UNC45BOS	0.0012658429332077503
MYC	LGMN	0.0012652629520744085
ELF1	PDE1B	0.0012650855351239443
MYC	JAM3	0.0012649409472942352
SATB1	CLEC1A	0.001264923601411283
MYC	LTB	0.001264895312488079
GATA2	MGAT1	0.0012646164977923036
ELF1	ITM2A	0.001263976562768221
NOTCH1	DEF8	0.0012637526961043477
ELF1	EYA2	0.0012636996107175946
MEF2C	EYA2	0.0012636479223147035
NOTCH1	EEPD1	0.0012634412851184607
NOTCH1	PRNP	0.0012629225384443998
GFI1B	SERPINB6A	0.0012624586233869195
ELF1	LTB	0.0012618713080883026
IRF8	MYLK	0.0012613695580512285
MEIS1	ATP8B4	0.0012612231075763702
IRF8	CHIL5	0.0012597452150657773
GATA2	MEF2C	0.0012597303139045835
SATB1	RAB27B	0.0012594355503097177
IKZF1	CLEC14A	0.0012587860692292452
IRF8	RARB	0.0012586539378389716
MEF2C	PPIC	0.0012577202869579196
MEIS1	IFI213	0.0012575914151966572
ESR1	TGM2	0.001257278141565621
GATA2	DYNLL1	0.001256883842870593
IRF8	MSMO1	0.0012564442586153746
MEF2C	TRAF1	0.0012562577612698078
ELF1	ROBO4	0.0012562149204313755
MYC	RASIP1	0.0012562028132379055
ELF1	SHISA9	0.001255261478945613
MYC	PLXDC2	0.001254642498679459
MYC	TTLL7	0.0012544335331767797
SATB1	CD74	0.001254283357411623
GATA2	MN1	0.0012539001181721687
CBFB	KAZALD1	0.0012537247966974974
SPI1	VWF	0.0012537218863144517
CBFB	SLC18A2	0.0012535203713923693
GFI1B	C130089K02RIK	0.0012514360714703798
IKZF1	SULT1A1	0.0012512861285358667
IKZF1	HSD3B7	0.001249118591658771
MYC	TXNIP	0.001248976681381464
IKZF1	GP9	0.0012462080921977758
IRF8	IGHJ4	0.0012450270587578416
MEF2C	SOX18	0.0012445362517610192
CBFB	SLC9A9	0.0012439368292689323
IRF8	CTSF	0.0012433069059625268
MEF2C	CCT2	0.0012432264629751444
IRF8	JAM2	0.0012429840862751007
NOTCH1	CSGALNACT1	0.0012426970060914755
MYC	ELL2	0.0012418922269716859
SPI1	SDC2	0.0012413224903866649
IKZF1	TRIB3	0.0012411819770932198
SATB1	CHST2	0.0012406243477016687
IKZF1	CADPS2	0.0012403872096911073
MYC	TPM4	0.0012403648579493165
IRF8	SMTNL1	0.0012390610063448548
SATB1	IGHJ4	0.0012375195510685444
CBFB	SMPDL3A	0.0012370797339826822
GATA2	GM1966	0.0012369065079838037
MEF2C	WFDC2	0.0012356166262179613
CBFB	HID1	0.0012334896018728614
GATA2	ACAP1	0.0012323083356022835
GATA2	LY9	0.0012317320797592402
CBX7	ARHGDIB	0.0012315065832808614
ESR1	OSGIN1	0.0012312062317505479
MEF2C	RFTN1	0.001230961293913424
IRF8	CD55	0.001229656394571066
MYC	SLC18A1	0.00122930109500885
CBFB	ITM2A	0.0012289023725315928
CBFB	IRF6	0.0012288637226447463
IRF8	LTB	0.0012288460275158286
MYC	CLU	0.001228736829943955
MEF2C	MLLT3	0.001228727400302887
MEF2C	VEGFC	0.001227991422638297
IKZF1	CHST2	0.0012274839682504535
ELF1	VDR	0.0012257699854671955
ELF1	FHL1	0.0012257531052455306
SATB1	NFIA	0.0012245929101482034
IRF8	TRAF1	0.0012245569378137589
MYC	CLEC2I	0.001224374515004456
CBFB	COX6A2	0.0012240454088896513
MEF2C	KAZALD1	0.0012236724141985178
IKZF1	RHOF	0.0012232516892254353
CBFB	IGHJ4	0.0012229927815496922
MYC	PDGFD	0.0012220294447615743
GATA2	UCP2	0.0012210010318085551
IKZF1	MLPH	0.0012203884543851018
SATB1	LDHD	0.0012200409546494484
GATA2	RASA4	0.0012198007898405194
SPI1	FOXO1	0.0012197844916954637
MYC	MN1	0.0012186438543722034
MYC	CMAH	0.0012173596769571304
NOTCH1	PLXDC2	0.00121493695769459
IRF8	CPXM1	0.0012149279937148094
SATB1	CYP26B1	0.0012148061068728566
SATB1	TTLL7	0.0012144154170528054
MYC	IGHV1-81	0.0012133941054344177
IRF8	CRACR2B	0.0012128676753491163
ESR1	PLK2	0.0012123490450903773
SATB1	CHRNB1	0.0012119024759158492
SATB1	S100A6	0.0012103818589821458
SATB1	OBSCN	0.0012100408785045147
MEF2C	CX3CL1	0.0012080941814929247
CBFB	ZFP37	0.001207317691296339
IKZF1	CYP26B1	0.0012068168725818396
SPI1	CLCA3A1	0.0012066016206517816
MYC	SERPINA3N	0.0012060756562277675
CBFB	TINAGL1	0.0012060211738571525
MEF2C	XDH	0.0012046811170876026
CBFB	UNC45BOS	0.0012041744776070118
MYC	APLP2	0.0012031360529363155
MYC	NDRG2	0.0012022331357002258
NOTCH1	COL4A1	0.001201774924993515
ELF1	PKIA	0.0012015053071081638
SATB1	TCAF1	0.0012012624647468328
IKZF1	RFTN1	0.0012005927274003625
CBFB	GPC1	0.001200255355797708
ELF1	MLPH	0.0012001621071249247
SATB1	PRUNE2	0.001199460937641561
SATB1	ABCG3	0.0011992191430181265
CBFB	GM973	0.0011986203026026487
CBFB	GNG11	0.0011985116871073842
ELF1	IGHJ4	0.0011977050453424454
IRF8	SOX18	0.0011974293738603592
IRF8	COL4A2	0.0011971363564953208
MEF2C	GFI1B	0.0011963602155447006
SATB1	FADS1	0.0011962623102590442
NOTCH1	RANBP1	0.0011958031682297587
GFI1B	IGLV1	0.0011947551975026727
MEIS1	SLC9A9	0.0011947347084060311
MEF2C	JAM3	0.0011939904652535915
ELF1	SCRN1	0.0011928436579182744
CBFB	CTSH	0.001192147727124393
NOTCH1	LHCGR	0.0011911552865058184
ELF1	IL18BP	0.0011891268659383059
IKZF1	RARB	0.0011885453714057803
ESR1	CD63	0.0011874642223119736
MYC	CAMSAP2	0.0011870901798829436
NOTCH1	GM10419	0.0011870207963511348
ELF1	HLF	0.0011861060047522187
ELF1	NDNF	0.0011849456932395697
IRF8	CTSW	0.0011849065776914358
IRF8	BGN	0.0011833084281533957
SATB1	GIMAP4	0.0011828523129224777
SATB1	KLHL4	0.001182708889245987
SPI1	CCDC136	0.0011825102847069502
SATB1	PLCL1	0.0011815958423539996
GATA2	IGLV1	0.0011811221484094858
IKZF1	HACD4	0.0011808440322056413
CBX7	PLAC8	0.001180549617856741
MEF2C	NEURL3	0.0011800535721704364
SATB1	ENPP5	0.0011789617128670216
CBFB	DEF8	0.0011783437803387642
IKZF1	CTSF	0.0011779943015426397
CBFB	CTSW	0.0011778447078540921
SATB1	CTNNAL1	0.0011769873090088367
GATA2	RGS2	0.001175524783320725
SPI1	PDGFC	0.0011754914885386825
MYC	CERS4	0.001175372744910419
SPI1	RORA	0.001175259705632925
IKZF1	SMTNL1	0.0011749822879210114
MEF2C	DCK	0.001174585777334869
MEF2C	CES2G	0.0011745631927624345
NOTCH1	TTC39B	0.00117335538379848
MEIS1	GOLM1	0.0011731880949810147
RAG2	IFITM3	0.0011726614320650697
IRF8	INSRR	0.0011718790046870708
FOXO1	CTSW	0.0011704886564984918
SATB1	SPNS2	0.001169854192994535
MYC	IGLV1	0.0011690834071487188
MEIS1	MKI67	0.0011674840934574604
ELF1	SERPINA3G	0.0011673561530187726
MEIS1	IGHD	0.0011673246044665575
IKZF1	EYA2	0.001166853355243802
ELF1	ZFP612	0.0011652399552986026
GFI1B	GM30948	0.0011650025844573975
IRF8	SAMSN1	0.0011647039791569114
MYC	CD38	0.001164007349871099
IRF8	IGLV1	0.0011630585649982095
ESR1	EFNA1	0.0011621989542618394
NOTCH1	FHL1	0.0011601907899603248
IRF8	NCEH1	0.0011598445707932115
IRF8	MAMDC2	0.001158455852419138
SATB1	PDE1B	0.001157459570094943
GATA2	BTG2	0.0011574067175388336
ELF1	TRIM47	0.0011563021689653397
ELF1	XDH	0.0011561907595023513
GATA2	CORO7	0.0011553872609511018
MEF2C	RBPMS	0.001154332305304706
IKZF1	ANGPT1	0.0011537489481270313
IKZF1	GM45837	0.001153145101852715
CBFB	NCEH1	0.00115298293530941
MYC	H1F0	0.001152222859673202
SPI1	SHROOM4	0.001152018434368074
MYC	CCNG2	0.0011510131880640984
IKZF1	PRKCH	0.001149471732787788
NOTCH1	ICA1	0.001149281277321279
NOTCH1	TMEM37	0.0011486837174743414
IKZF1	GAS2L3	0.0011480670655146241
IKZF1	CAR2	0.0011479827808216214
IRF8	ZFP37	0.0011466523865237832
MEF2C	TSC22D3	0.0011464463314041495
NOTCH1	SDSL	0.0011461385292932391
MEF2C	RNF125	0.0011457132641226053
GATA2	GM5111	0.0011451010359451175
MEF2C	SMTNL1	0.00114478450268507
MYC	PDE1C	0.001144499285146594
MEIS1	GM19331	0.0011424454860389233
MYC	GM973	0.0011404776014387608
SPI1	OBSL1	0.0011398002970963717
MYC	WFDC2	0.0011383850360289216
SATB1	PRNP	0.001137708080932498
MYC	FAM171B	0.0011375554604455829
MYC	IL7R	0.0011375537142157555
MYC	LY86	0.001137258717790246
MEF2C	GP9	0.0011370605789124966
IKZF1	CTSL	0.0011360689532011747
ELF1	GIMAP5	0.0011354191228747368
MEF2C	CLIP3	0.0011342380894348025
NOTCH1	ITGA6	0.0011335322633385658
SATB1	RUNX1T1	0.0011318533215671778
CBFB	RRAS	0.001129500800743699
GATA2	BLNK	0.0011293970746919513
FOXO1	IGHJ4	0.0011286676162853837
IKZF1	GSTM1	0.0011283720377832651
GFI1B	AC174780.1	0.001128232222981751
GFI1B	IGHM	0.0011271698167547584
MYC	IGHV1-69	0.0011268887901678681
SPI1	XDH	0.0011264095082879066
MEF2C	GDA	0.0011263092746958137
GATA2	KCTD12	0.001124498201534152
ESR1	TFR2	0.001123144757002592
GFI1B	FGD2	0.0011215892154723406
MYC	GIMAP4	0.0011201687157154083
MEF2C	HID1	0.0011201227316632867
GATA2	MCM5	0.0011195422848686576
SATB1	TFPI	0.0011183718452230096
MYC	PLEKHB1	0.0011182696325704455
MEIS1	DRC7	0.0011172976810485125
MYC	CARD6	0.0011162653099745512
IKZF1	IL18BP	0.0011162124574184418
MYC	TM4SF1	0.0011160224676132202
IKZF1	IGHV1-69	0.0011158469133079052
IRF8	ESAM	0.001115284045226872
SPI1	MLLT3	0.0011133349034935236
IKZF1	IFITM3	0.001112493802793324
SPI1	PLXDC2	0.0011119124246761203
ELF1	AFDN	0.0011118886759504676
SATB1	FAM171B	0.0011114452499896288
IRF8	RUSC2	0.0011112199863418937
MYC	CHIL5	0.001109900651499629
NOTCH1	NCEH1	0.0011098614195361733
MYC	OCLN	0.0011094106594100595
ELF1	GDA	0.0011093338252976537
GATA2	SSTR2	0.0011088367318734527
IKZF1	CRACR2B	0.0011084858560934663
ELF1	TINAGL1	0.0011070636101067066
SATB1	EEPD1	0.0011069581378251314
IRF8	PRDM16	0.0011064187856391072
NOTCH1	ABCG3	0.0011064064456149936
IKZF1	RHOJ	0.0011062289122492075
IKZF1	FCGRT	0.0011043725535273552
GATA2	ERP29	0.0011042860569432378
CBFB	SMTNL1	0.001103845308534801
IRF8	CISH	0.0011035355273634195
IKZF1	WFDC2	0.0011035266797989607
ELF1	RHOJ	0.0011028911685571074
SATB1	UNC45BOS	0.0011027033906430006
GATA2	GM19331	0.001100553898140788
SPI1	CTNNAL1	0.0010998271172866225
MEF2C	GSTT1	0.0010990883456543088
IKZF1	DUSP1	0.001098661799915135
GATA2	CD69	0.0010967145208269358
IRF8	ANKRD33B	0.0010959430364891887
IKZF1	TIE1	0.001094479695893824
MYC	ITSN1	0.0010943342931568623
GATA2	AKNA	0.0010941639775410295
ELF1	NAIP6	0.0010927299736067653
IRF8	MLLT3	0.001092225662432611
ELF1	MECOM	0.0010919676860794425
MEIS1	FCRL1	0.0010910689597949386
SATB1	TRIB3	0.0010906701209023595
IRF8	MPZL1	0.0010906284442171454
SATB1	PRDM16	0.0010892486898228526
MYC	RHOF	0.0010889030527323484
MYC	WFDC18	0.0010861700866371393
MYC	IGHV1-53	0.0010855637956410646
ELF1	CARD11	0.001084573450498283
MEIS1	PTGER2	0.0010842811316251755
GATA2	CMAH	0.0010834450367838144
CBFB	TTLL7	0.0010823617922142148
SATB1	SERPINA3N	0.00108186190482229
IKZF1	SLAMF1	0.0010817106813192368
ELF1	NR3C2	0.0010814610868692398
MEIS1	PLAC8	0.0010809656232595444
MYC	IFI27L2A	0.0010730079375207424
SPI1	COL4A2	0.0010725973406806588
MYC	CD9	0.0010718433186411858
SATB1	MPDZ	0.0010701438877731562
MYC	CARD11	0.001070117810741067
IRF8	TRIM47	0.0010697200195863843
MEIS1	ITPR2	0.0010696242097765207
IKZF1	IGLV1	0.0010694413213059306
MYC	CHST2	0.001069240621291101
IKZF1	TRAF1	0.0010681290877982974
SATB1	CAVIN2	0.0010681007988750935
IKZF1	SERPINA3N	0.0010677154641598463
IRF8	FGD5	0.0010672700591385365
NOTCH1	VLDLR	0.0010667418828234076
GATA2	IGHD	0.0010613023769110441
IRF8	RBPMS	0.0010610478930175304
CBFB	PLCL1	0.0010606746654957533
ELF1	ARHGAP29	0.0010603346163406968
MYC	PDE1B	0.0010592798935249448
IRF8	LONP2	0.0010587197029963136
IKZF1	CHIL5	0.0010581939714029431
ELF1	TTC39B	0.0010578277288004756
MYC	CTSS	0.001057688146829605
SATB1	SNAP23	0.0010548863792791963
IRF8	GSTM1	0.0010548790451139212
SATB1	SHISA9	0.0010511435102671385
IKZF1	MAGED2	0.0010506572434678674
MEF2C	ABCG3	0.0010497909970581532
SPI1	DRC7	0.0010495000751689076
MYC	SCARF1	0.0010490701533854008
MYC	BLNK	0.0010471348650753498
IKZF1	PRUNE2	0.0010464501101523638
GFI1B	IGHV1-74	0.0010455712908878922
GFI1B	FLT3	0.0010445482330396771
SATB1	CPNE8	0.0010418279562145472
MYC	IRAK3	0.0010406983783468604
NOTCH1	MYC	0.0010389399249106646
SATB1	KIT	0.0010388692608103156
SATB1	IGLV1	0.0010377195430919528
IKZF1	SCARF1	0.0010372011456638575
CBFB	CDKN1C	0.0010348784271627665
CBFB	PLXNA4OS1	0.0010322488378733397
SATB1	CCDC136	0.0010316098341718316
IRF8	PRKCH	0.0010316029656678438
SATB1	PKN3	0.0010304029565304518
SATB1	NAIP6	0.0010286259930580854
MYC	JCHAIN	0.0010283429874107242
SATB1	GBP9	0.0010266141034662724
CBFB	IGLV1	0.0010264693992212415
CBX7	MYO5A	0.0010261459974572062
IKZF1	TFR2	0.0010246284073218703
MYC	ART4	0.0010242735734209418
IKZF1	PLSCR4	0.0010237769456580281
MYC	PDZK1IP1	0.0010226453887298703
ELF1	GIMAP4	0.0010217027738690376
ELF1	GDF3	0.00102139450609684
SATB1	GHR	0.0010210792534053326
SATB1	RBPMS	0.0010201336117461324
SPI1	FHL1	0.0010193489724770188
SATB1	WFDC2	0.0010188594460487366
SATB1	ITM2A	0.0010186608415096998
MEF2C	TMEM246	0.001017807750031352
IRF8	CSGALNACT1	0.0010155559284612536
SATB1	2810468N07RIK	0.0010143036488443613
GATA2	TPM4	0.0010128084104508162
IRF8	PF4	0.0010118853533640504
MEF2C	LDHD	0.0010110032744705677
MEF2C	IGHJ4	0.0010109510039910674
SATB1	XDH	0.0010092565789818764
IRF8	BDH2	0.001008996507152915
MEF2C	MAMDC2	0.0010080878855660558
SATB1	SOX18	0.001007787766866386
ELF1	IGHV1-74	0.0010073966113850474
GATA2	PLD4	0.0010072927689179778
IKZF1	CTNNAL1	0.0010067629627883434
MYC	D630039A03RIK	0.0010067432885989547
MYC	SCRN1	0.0010062983492389321
MYC	SOX18	0.0010055644670501351
IRF8	F11R	0.001005164347589016
SATB1	CTSF	0.0010043428046628833
MEF2C	P2RX1	0.0010038764448836446
ELF1	CHIL5	0.0010037472238764167
MYC	SMTNL1	0.0009996818844228983
GATA2	IL1R1	0.0009984038770198822
CBFB	TTC39B	0.0009961106115952134
IRF8	TFR2	0.000995505484752357
IKZF1	PLXNA4OS1	0.000993001158349216
CBFB	NDN	0.0009928266517817974
MEIS1	MPEG1	0.0009919028962031007
SATB1	NCEH1	0.000991897308267653
SATB1	LDHB	0.0009912782115861773
IRF8	KRT18	0.0009912714594975114
MYC	ZFP612	0.0009910661028698087
ELF1	NFE2	0.0009897855343297124
IRF8	APOE	0.000989407068118453
IRF8	TNS2	0.0009888946078717709
NOTCH1	NT5C3	0.0009879907593131065
NOTCH1	NHP2	0.0009877352276816964
SATB1	NSMF	0.0009841762948781252
IKZF1	IRAK3	0.0009819719707593322
NOTCH1	TFR2	0.0009786977898329496
IRF8	XDH	0.0009786462178453803
IRF8	CDK18	0.0009775480721145868
ELF1	PTGS1	0.0009772239718586206
SATB1	SLC6A15	0.0009772073244675994
IKZF1	TNS2	0.000976794632151723
SATB1	FAM110C	0.0009765612194314599
ELF1	FCGRT	0.0009757611551322043
GFI1B	IGHV1-82	0.0009755370556376874
MEF2C	IFITM1	0.0009754413040354848
SATB1	IRF6	0.0009739041561260819
CBFB	CRACR2B	0.0009735934436321259
SATB1	APP	0.0009734200430102646
MYC	CCR7	0.0009718332439661026
IKZF1	GAA	0.000971021770965308
MEF2C	ADGRG1	0.0009706182172521949
MEIS1	SEMA3D	0.0009701046510599554
IRF8	NDNF	0.0009699687943793833
MEF2C	F11R	0.0009673712775111198
SATB1	PPP1R15A	0.0009670566651038826
GFI1B	SATB1	0.0009659474599175155
MYC	MKI67	0.0009658104390837252
MEF2C	RORA	0.0009654541499912739
NOTCH1	MECOM	0.0009646237595006824
ESR1	GNG11	0.0009646054240874946
MYC	NUCB2	0.0009640225907787681
MEF2C	CASP12	0.0009633165318518877
GATA2	SLC25A5	0.0009598993929103017
CBFB	EFNA1	0.0009591755224391818
MYC	MPZL1	0.0009582258062437177
MEIS1	ARHGEF39	0.0009563810890540481
GFI1B	CCL3	0.0009556531440466642
ELF1	PRNP	0.0009539680904708803
CBFB	FGD5	0.0009538098238408566
IRF8	DACH1	0.0009536237921565771
SATB1	SMPDL3A	0.0009509761584922671
MYC	FAM110C	0.0009507693466730416
SATB1	DEF8	0.0009499438456259668
IKZF1	TMEM37	0.0009480220032855868
MEF2C	OBSL1	0.0009479768923483789
IKZF1	GFI1B	0.0009471741504967213
SATB1	NUPR1	0.0009465423645451665
SATB1	9530082P21RIK	0.0009464433533139527
ELF1	C1RL	0.0009445477044209838
IKZF1	HID1	0.0009438914712518454
SATB1	RHBDF1	0.000941634236369282
IKZF1	RAB38	0.0009415510576218367
MEF2C	NCKAP1	0.0009388744947500527
IRF8	AMIGO2	0.0009381304262205958
SATB1	MSMO1	0.0009368626051582396
SATB1	MPZL1	0.0009368283208459616
NOTCH1	SGMS1	0.0009367404854856431
MYC	FHL1	0.000936468131840229
RAG2	CD63	0.0009347797022201121
SATB1	ZFP612	0.0009342752164229751
IKZF1	SDC2	0.0009337554802186787
SPI1	IL7R	0.0009310996392741799
MYC	IGLC2	0.0009297532960772514
SPI1	KAZALD1	0.0009280291851609945
IRF8	FAM171B	0.0009275031043216586
IKZF1	CSGALNACT1	0.0009265301050618291
MYC	IGHV1-76	0.0009262057719752192
CBX7	RAMP1	0.000924590858630836
ELF1	OBSCN	0.0009237704216502607
MEIS1	TLR7	0.0009219220955856144
SATB1	APLP2	0.0009217768092639744
IKZF1	VEGFC	0.0009176795138046145
MYC	SHISA9	0.0009175321320071816
MEF2C	IGHV1-69	0.0009170467383228242
GATA2	TESPA1	0.0009167671669274569
MYC	FOXO1	0.0009165983065031469
ELF1	IRF6	0.0009164167568087578
MYC	CAVIN2	0.00091596192214638
SATB1	GIMAP3	0.0009157411986961961
IKZF1	P2RX1	0.000915592594537884
GFI1B	TPM4	0.0009143722127191722
MEF2C	GIMAP8	0.0009102784679271281
IKZF1	XDH	0.0009090054663829505
IKZF1	APLP2	0.000908750924281776
SATB1	RHOJ	0.000907188979908824
MEF2C	GAS2L3	0.0009064076002687216
MEF2C	IGHV1-53	0.0009059692383743823
GFI1B	DNTT	0.0009024064056575298
MEF2C	SDC2	0.0009019321296364069
IKZF1	LHCGR	0.0009019042481668293
IKZF1	FAM110C	0.0009001059224829078
NOTCH1	ARHGEF28	0.0008974747615866363
IRF8	CDK17	0.0008964732405729592
IRF8	NDRG2	0.0008949898183345795
SATB1	VEGFC	0.00089411367662251
MYC	SULT1A1	0.0008929512114264071
IRF8	HNF4A	0.0008927416056394577
FOXO1	RAMP1	0.0008922404376789927
NOTCH1	ARHGAP29	0.000888292386662215
NOTCH1	RHOJ	0.0008879250381141901
IRF8	PLSCR4	0.0008867527940310538
ELF1	IGKC	0.0008863288094289601
SATB1	COQ8A	0.00088554184185341
IKZF1	CAVIN2	0.0008853193721733987
ELF1	IFITM1	0.0008845144184306264
IKZF1	PDGFC	0.0008819855283945799
IRF8	TBXAS1	0.0008818702190183103
CBFB	IGHV1-53	0.0008818369824439287
SATB1	PDE1C	0.0008817218476906419
GATA2	CD34	0.0008814557804726064
MYC	GPR18	0.0008798628114163876
SATB1	PLXNC1	0.0008796138572506607
SATB1	MEIS1	0.0008787356200627983
IRF8	SEMA3D	0.0008778158808127046
MEIS1	CD244A	0.0008760290220379829
NOTCH1	TRIM47	0.0008758026524446905
NOTCH1	SHROOM4	0.0008752646390348673
ELF1	ARRDC4	0.0008752555586397648
SATB1	CASP12	0.0008752319263294339
FOXO1	TALDO1	0.0008750987472012639
IRF8	MECOM	0.0008738250471651554
ELF1	MLLT3	0.0008711945847608149
NOTCH1	IGHV1-69	0.0008702195482328534
MYC	GM45837	0.000866234244313091
SATB1	NDRG2	0.000865211128257215
ELF1	CDKN1C	0.0008650168310850859
MEF2C	GATA2	0.0008650058298371732
GFI1B	SLC16A11	0.0008641130407340825
MYC	CTNNAL1	0.0008631880627945065
MEF2C	VAMP5	0.0008625974296592176
ELF1	TRAF1	0.0008622930035926402
MEIS1	IGHV1-53	0.0008582189911976457
IRF8	TSC22D3	0.0008576852269470692
IRF8	SERPINA3G	0.0008569956407882273
IKZF1	CCDC112	0.0008568183984607458
SPI1	IGHJ4	0.0008563867304474115
ELF1	NOXA1	0.0008553750230930746
IKZF1	ADGRG1	0.0008549183839932084
CBFB	PLK2	0.0008541170391254127
ELF1	CD63	0.0008531507919542491
RAG2	CD63-PS	0.0008529993356205523
GATA2	TRIM59	0.0008523078868165612
GATA2	STK10	0.0008504937286488712
FOXO1	IL12A	0.0008492293418385088
SPI1	PLSCR4	0.0008425903506577015
IKZF1	GDA	0.0008415973279625177
SATB1	PRKCH	0.0008377938065677881
SATB1	MAGED1	0.000837751489598304
GFI1B	IGHV1-81	0.0008331696735695004
SATB1	GAS2L3	0.0008307623793371022
SATB1	GSTT1	0.0008300774497911334
MEF2C	UPP1	0.0008282397175207734
NOTCH1	GATA2	0.0008278519962914288
GATA2	CD33	0.0008267407538369298
IRF8	IRF6	0.0008266594959422946
GATA2	SLC9A9	0.0008253902778960764
ELF1	PF4	0.0008251027902588248
SATB1	GUCY1A1	0.0008249523816630244
NOTCH1	IRF6	0.0008248910889960825
SATB1	EFNA1	0.0008233144762925804
MYC	GBP4	0.0008209689403884113
SATB1	TXNIP	0.0008205503690987825
IKZF1	PROCR	0.000819720677100122
SATB1	OCLN	0.0008180994773283601
IRF8	RRAS	0.0008174108224920928
ELF1	DENND2D	0.0008171724039129913
MYC	PTGER2	0.0008167571504600346
IKZF1	CD63-PS	0.0008150955545715988
CBFB	PDZK1IP1	0.0008146887412294745
SATB1	IGLC2	0.0008143015438690782
CBFB	HACD4	0.000812843325547874
GFI1B	CD33	0.0008123996085487306
MEF2C	PLXDC2	0.0008121238788589835
GATA2	FUCA2	0.0008106830064207315
SATB1	SERPINF1	0.0008089523762464523
CBFB	C1RL	0.0008087944588623941
IKZF1	NCKAP1	0.0008086155285127461
MEF2C	NDRG2	0.000806584779638797
GFI1B	IFI27L2A	0.0008064900175668299
IRF8	H2-Q6	0.000805382092949003
MEIS1	IL7R	0.0008050866308622062
ELF1	CLIP3	0.0008043787674978375
IRF8	PTGS1	0.0008032270707190037
ELF1	IGLV1	0.000803210015874356
GFI1B	IGHJ4	0.0008020271779969335
IKZF1	OSGIN1	0.0007992506143637002
NOTCH1	MYCT1	0.0007968555437400937
MEF2C	ANXA5	0.0007954969187267125
GATA2	IGHV1-74	0.00079362653195858
NOTCH1	NFE2	0.0007927217520773411
MYC	GM10419	0.0007923918892629445
MEF2C	CD55	0.0007922833319753408
CBFB	NAIP6	0.0007919458439573646
IKZF1	TXNIP	0.0007903502555564046
ELF1	COL4A1	0.000788724806625396
GATA2	ST8SIA4	0.0007884244550950825
SPI1	RAB27B	0.0007879044860601425
MYC	PPP1R15A	0.0007865368388593197
CBFB	FSTL1	0.0007862478378228843
ELF1	GIMAP1OS	0.0007861570338718593
CBFB	CAVIN2	0.0007856112206354737
SATB1	NOXA1	0.0007844078354537487
IKZF1	CD9	0.0007836016011424363
MEIS1	FGD2	0.0007827263325452805
SATB1	CTSB	0.0007814402342773974
SATB1	IRAK3	0.0007801098981872201
IKZF1	PLIN3	0.000777982990257442
MEF2C	ESAM	0.0007774870027787983
SATB1	CLEC14A	0.0007767805363982916
IRF8	PDGFD	0.0007756132981739938
GATA2	GM8203	0.000773589767049998
SATB1	TUBB4B	0.0007725656032562256
NOTCH1	SLC18A2	0.0007718537817709148
IRF8	CCDC112	0.0007712317747063935
MEF2C	CISH	0.0007703087176196277
ELF1	SCARF1	0.0007696417742408812
SATB1	CRACR2B	0.0007695675594732165
MEIS1	TMEM268	0.0007678031106479466
MYC	SLFN2	0.0007649881881661713
IKZF1	NFE2	0.0007644538418389857
SATB1	OTUB2	0.0007636472582817078
SATB1	TEAD2	0.0007626778678968549
ELF1	APOE	0.0007619370589964092
SATB1	PDGFD	0.0007615474751219153
MYC	GIMAP8	0.0007613805937580764
SATB1	CHIL5	0.0007613430498167872
CBFB	IGHV1-69	0.000760384660679847
MEIS1	LY86	0.0007576793432235718
MEIS1	CD69	0.0007573167094960809
CBFB	ABCG3	0.0007541285012848675
MYC	GPC1	0.0007538509671576321
SATB1	HACD4	0.0007534251781180501
SATB1	CD81	0.0007533660973422229
SATB1	PYGL	0.0007524877437390387
IRF8	MYCN	0.000752210442442447
ELF1	IGLC2	0.0007520727813243866
SATB1	OBSL1	0.000748760299757123
SATB1	IGHV1-53	0.0007475416641682386
MEF2C	TFEC	0.0007460981141775846
IKZF1	FSTL1	0.000745937752071768
SATB1	D630039A03RIK	0.000742193078622222
IRF8	SNAP47	0.0007404509233310819
SATB1	ANXA5	0.0007395267602987587
ESR1	SERPINA3G	0.0007391949184238911
ELF1	PLSCR4	0.0007387692457996309
NOTCH1	AMPD2	0.0007377028814516962
NOTCH1	ITSN1	0.0007373017142526805
IRF8	GSTT1	0.0007372002582997084
MYC	PIRB	0.0007360820891335607
IKZF1	ADAMTSL5	0.0007336852722801268
IKZF1	TTLL7	0.0007336107664741576
FOXO1	SAMSN1	0.0007325817714445293
SATB1	VWF	0.0007304052705876529
MYC	HID1	0.0007297531119547784
IKZF1	CPQ	0.0007276069954968989
MEIS1	CLEC12A	0.0007274438976310194
IKZF1	STXBP1	0.0007247108151204884
MYC	MRVI1	0.0007237450336106122
ELF1	TM4SF1	0.000723234552424401
MYC	APOE	0.0007223249413073063
MEF2C	TRIM47	0.0007213650387711823
SATB1	COL4A1	0.0007207848830148578
ELF1	ANXA5	0.0007200242835097015
MYC	RHOJ	0.0007196143269538879
IKZF1	RNF125	0.0007173162885010242
IKZF1	OTUB2	0.000717300339601934
CBFB	IRAK3	0.0007155649946071208
IKZF1	SDSL	0.0007147536962293088
ELF1	CPNE8	0.0007130673038773239
SATB1	ENG	0.0007119767251424491
IKZF1	PLEKHG6	0.0007118157227523625
ELF1	NSMF	0.0007102179224602878
ELF1	D630039A03RIK	0.0007096431218087673
MYC	IGF1	0.0007096196059137583
MYC	ZFP37	0.000706688326317817
ELF1	SGMS1	0.0007051386637613177
GFI1B	IGHV1-69	0.0007037106552161276
IKZF1	TINAGL1	0.0007002612110227346
NOTCH1	P2RX1	0.0007001612684689462
CBFB	NFE2	0.0007000654586590827
GATA2	RCSD1	0.0006971030961722136
SATB1	KAZALD1	0.0006961519247852266
SPI1	TRPC6	0.0006950169918127358
ELF1	RHBDF1	0.0006947554065845907
ELF1	TNS2	0.0006926953792572021
SATB1	ICA1	0.0006917639984749258
MEIS1	RAG2	0.0006916674319654703
GATA2	NOTCH1	0.0006906550261192024
NOTCH1	CD9	0.000690107757691294
SATB1	IGHV1-69	0.0006894266698509455
IKZF1	RAB27B	0.0006887261988595128
CBFB	CCL3	0.000688461062964052
CBFB	CLIP3	0.0006841473514214158
GFI1B	CD53	0.0006809498299844563
GATA2	PANX1	0.0006788973696529865
MEIS1	ARPP21	0.0006785605219192803
ELF1	PLXNA4OS1	0.0006775006768293679
ESR1	PDE1B	0.000673892383929342
IRF8	IFITM3	0.0006720933015458286
FOXO1	PLAC8	0.0006704731495119631
MYC	EMP1	0.0006647247937507927
MEIS1	IGHV1-69	0.000662309757899493
IKZF1	TRPC6	0.000662215577904135
MEIS1	CRIP1	0.0006620514905080199
GATA2	2610307P16RIK	0.0006582312635146081
MYC	HACD4	0.0006553388084284961
IRF8	SLC22A3	0.0006522630574181676
IKZF1	EEPD1	0.0006502505275420845
MYC	RUNX1T1	0.0006492322427220643
SATB1	GM973	0.0006475249538198113
IKZF1	IGF1	0.0006474302499555051
ELF1	DUSP1	0.0006450490327551961
MYC	CTNND2	0.0006431471556425095
MYC	SLC39A13	0.0006427345215342939
IKZF1	KRT18	0.0006406772881746292
MYC	IGHJ4	0.0006389798945747316
IKZF1	GUCY1A1	0.0006388628971762955
MEF2C	TFR2	0.0006375450757332146
IRF8	TIE1	0.0006374649237841368
ELF1	PDGFC	0.0006369609036482871
IKZF1	BGN	0.0006358971586450934
MYC	XDH	0.0006330291507765651
MYC	EVI2A	0.0006315430509857833
MEIS1	IL17RE	0.000631282979156822
CBFB	GBP9	0.0006282874965108931
IRF8	ARRDC4	0.0006273397011682391
SATB1	BDH2	0.0006263682153075933
SATB1	IL18BP	0.0006257494096644223
MEIS1	SATB1	0.0006232582381926477
MYC	NEAT1	0.0006212027510628104
IKZF1	EBI3	0.0006201620562933385
GFI1B	CD52	0.0006178374751470983
IRF8	TTC39B	0.0006161740748211741
IRF8	ENG	0.0006129805115051568
MYC	NEO1	0.0006125095533207059
IRF8	MEIS1	0.0006110784597694874
SATB1	SULT1A1	0.0006106360233388841
IKZF1	ART4	0.0006068732473067939
SATB1	CCDC112	0.0006059109000489116
ELF1	CD9	0.0006056750426068902
MEF2C	TFPI	0.0006045310292392969
IKZF1	ESAM	0.0006041395245119929
MYC	IFI209	0.0006032922537997365
MYC	CTSH	0.0005992536316625774
MYC	APP	0.0005986472824588418
MEF2C	NUPR1	0.0005979198613204062
CBFB	LTB	0.0005978088011033833
IKZF1	MYCT1	0.0005933775682933629
ELF1	TGM2	0.0005932610365562141
MEF2C	ARHGEF28	0.0005921681877225637
SATB1	HID1	0.0005902931443415582
CBFB	NDRG2	0.0005887103034183383
GATA2	DHRS3	0.0005869083688594401
IRF8	IGHV1-69	0.0005857687210664153
NOTCH1	FUT8	0.0005815486656501889
MYC	FGFR3	0.0005792749579995871
MEIS1	NUCB2	0.0005751349963247776
IKZF1	GIMAP4	0.0005742592038586736
MYC	KLRD1	0.000571900513023138
SATB1	ALDH1A1	0.0005716265877708793
MEF2C	SLC16A2	0.0005700296023860574
NOTCH1	CD55	0.0005694717983715236
SATB1	MAMDC2	0.0005693630082532763
MYC	GM11346	0.0005671482067555189
ELF1	CD74	0.000565647438634187
IRF8	AFDN	0.0005655615241266787
ELF1	SHROOM4	0.0005651168758049607
IKZF1	FHL1	0.0005643211770802736
SATB1	JAM2	0.0005637138383463025
MYC	CLEC1A	0.0005607011844404042
NOTCH1	PDZK1IP1	0.0005591164226643741
IRF8	HACD4	0.0005563790327869356
MEIS1	IGHJ4	0.0005560174467973411
SATB1	ART4	0.0005512222996912897
NOTCH1	RBPMS	0.0005509779439307749
ELF1	CD63-PS	0.0005498951068148017
ELF1	FAM171B	0.0005445363349281251
CBFB	GPR18	0.0005441642133519053
IRF8	MAGED1	0.0005416281637735665
MEIS1	IGLV1	0.0005407409626059234
NOTCH1	DACH1	0.0005405060364864767
IKZF1	IGHV1-53	0.0005402282695285976
SATB1	SLFN2	0.0005398242501541972
IKZF1	CD63	0.0005361406947486103
SATB1	GFI1B	0.0005343778757378459
MYC	IGHM	0.0005328756524249911
MYC	CYP26B1	0.0005325489328242838
CBFB	H1F0	0.0005282113561406732
IKZF1	FUT8	0.000525801326148212
SATB1	CAR2	0.0005235453136265278
MYC	PLK2	0.0005206997157074511
ELF1	ELL2	0.0005195745616219938
GATA2	IGHV1-77	0.0005149539792910218
MYC	CPNE8	0.0005121230497024953
IRF8	UAP1L1	0.0005108972545713186
MEF2C	COL4A2	0.0005094954976812005
IKZF1	SLC18A2	0.0005087388562969863
IRF8	PBLD2	0.0005055138026364148
SATB1	CAV2	0.0005050288164056838
MEF2C	GDF3	0.000503786257468164
ELF1	PROCR	0.0005023452686145902
SATB1	RRAS	0.0004969858564436436
SATB1	FGD5	0.0004961385275237262
NOTCH1	MMRN1	0.0004928956623189151
GFI1B	SLC43A2	0.0004925935063511133
MYC	GM30948	0.0004921774379909039
MEF2C	NFIA	0.0004919538623653352
NOTCH1	CAR2	0.0004910272546112537
SATB1	SLAMF1	0.0004862043133471161
IRF8	TFEC	0.00048597625573165715
SATB1	NPDC1	0.00048574028187431395
IRF8	TMEM176B	0.000485180236864835
SPI1	SERPINA3N	0.0004849279939662665
MEF2C	PLSCR4	0.0004820647882297635
SATB1	TEK	0.00047972850734367967
CBFB	ESAM	0.00047531299060210586
MEIS1	CORO7	0.0004743732570204884
ELF1	NDN	0.00047423323849216104
IKZF1	CDKN1C	0.0004705761093646288
SATB1	RARB	0.0004694474919233471
CBFB	GM30948	0.00046520118485204875
IKZF1	SNAP47	0.00046017582644708455
IKZF1	TMEM246	0.0004572815669234842
IKZF1	TRIM47	0.00045659588067792356
GFI1B	MN1	0.0004559968947432935
CBFB	GAA	0.00045592663809657097
MYC	CD7	0.00045309436973184347
SATB1	KCNK5	0.0004514584725257009
IKZF1	PKN3	0.00044765291386283934
MYC	TMSB4X	0.00044706262997351587
IRF8	DEF8	0.00044655532110482454
IKZF1	TFEC	0.00043515104334801435
SATB1	NFE2	0.00042716218740679324
MYC	PRNP	0.0004257873515598476
ELF1	JAM3	0.00042482404387556016
MEIS1	COX6A2	0.0004245453455951065
SATB1	P2RX1	0.0004230428603477776
SATB1	TINAGL1	0.0004222682036925107
IRF8	VLDLR	0.0004177980590611696
MEF2C	TGM2	0.00041501704254187644
SPI1	MMRN1	0.0004106412234250456
NOTCH1	PPIC	0.0004074189346283674
GATA2	9030619P08RIK	0.00040233455365523696
SATB1	RNF125	0.0004007212701253593
MYC	PLCL1	0.0003994835424236953
SATB1	SNAP47	0.00039854596252553165
SATB1	FHL1	0.0003949542879126966
MEF2C	MLPH	0.00039181055035442114
IKZF1	OBSCN	0.000389279390219599
MEF2C	SCARF1	0.0003871855733450502
RAG2	CAR2	0.00038698510616086423
IKZF1	COL4A2	0.00038274843245744705
GATA2	IKZF1	0.000381314690457657
NOTCH1	IFITM1	0.00037841772427782416
ELF1	IGHV1-69	0.0003755148791242391
MYC	GM4951	0.00037487741792574525
IKZF1	SERPINA3G	0.0003747359733097255
MEF2C	TNFAIP2	0.0003745218855328858
GATA2	FCRL1	0.0003667061682790518
MYC	TBXAS1	0.00036593657569028437
MEIS1	IRF8	0.00036532405647449195
MYC	TRIB3	0.00036496605025604367
MYC	KLF6	0.0003638452908489853
GATA2	IRF8	0.0003638127527665347
IRF8	TXNIP	0.0003615252207964659
IRF8	VAMP5	0.00036012561758980155
SATB1	PF4	0.00036000629188492894
SATB1	KRT18	0.00035764521453529596
IKZF1	S100A6	0.0003573565336409956
MYC	TGM2	0.0003572653513401747
MEF2C	PROCR	0.00035628295154310763
MEIS1	CNN3	0.0003523679624777287
SATB1	ADAMTSL5	0.0003450172662269324
GFI1B	EMB	0.0003366068995092064
IRF8	SDSL	0.0003357348614372313
MYC	CRACR2B	0.00033466608147136867
MYC	PDGFC	0.0003331421175971627
FOXO1	CD34	0.0003288005536887795
GFI1B	ST8SIA4	0.00032665053731761873
MEF2C	PLK2	0.0003249657165724784
SATB1	CDKN1C	0.00031680610845796764
NOTCH1	TGM2	0.000316606427077204
SATB1	UPP1	0.00031490958645008504
SATB1	CISH	0.00031339493580162525
SATB1	HLF	0.00031025303178466856
IKZF1	SLFN2	0.00030425889417529106
MYC	KAZALD1	0.00029984189313836396
SATB1	CSGALNACT1	0.00029056667699478567
MEF2C	SLC18A2	0.00028862344333902
MYC	AMIGO2	0.00028477489831857383
NOTCH1	GDF3	0.0002843325783032924
MYC	CDKN1C	0.00027754611801356077
MEF2C	MMRN1	0.00027638612664304674
MEF2C	ITM2A	0.0002751658612396568
GATA2	SDC1	0.00027444236911833286
IKZF1	PTGS1	0.0002687113010324538
GATA2	RAMP1	0.0002642243343871087
NOTCH1	APOE	0.00025482778437435627
SATB1	TMEM246	0.0002542746951803565
IKZF1	KAZALD1	0.0002519786066841334
SATB1	C1RL	0.00024911045329645276
SATB1	SLC16A2	0.0002489131293259561
MYC	NDNF	0.0002487145538907498
IRF8	GNG11	0.00023892497119959444
NOTCH1	TIE1	0.00023544592841062695
MYC	MAMDC2	0.00023379955382551998
MYC	CNN3	0.0002321634819963947
GATA2	IGHV1-81	0.00022997955966275185
SATB1	UBE2L6	0.00022887642262503505
SATB1	COL4A2	0.00022802400053478777
MYC	MPEG1	0.00022364340838976204
GATA2	ADGRG3	0.00022360305592883378
MYC	TMEM246	0.00021779056987725198
IRF8	MYCT1	0.00021710895816795528
ELF1	JCHAIN	0.00021285221737343818
SPI1	TGM2	0.0002087728789774701
SATB1	JAM3	0.0002061424747807905
IKZF1	NDRG2	0.00020122005662415177
MEIS1	BC035044	0.00020035771012771875
MEIS1	TPM4	0.00019492392311803997
MYC	TRAF1	0.0001948799763340503
IRF8	ADGRL4	0.00018962062313221395
SATB1	TNS2	0.00018533888214733452
CBX7	H2AFY	0.00018268352141603827
SATB1	TTC39B	0.00018017242837231606
MEIS1	UHRF1	0.00017673676484264433
MYC	TRIM47	0.00017018485232256353
ELF1	PLXDC2	0.000169311068020761
MYC	CLIP3	0.0001686231989879161
MEF2C	TTC39B	0.0001680405403021723
GATA2	WFDC18	0.0001651121856411919
CBFB	APOE	0.00016179407248273492
ELF1	GIMAP8	0.00016035586304496974
GATA2	NCF1	0.00015888892812654376
MYC	TINAGL1	0.0001564886188134551
SATB1	GIMAP1	0.00015480050933547318
MYC	GIMAP3	0.00015133575652725995
SATB1	PLXDC2	0.0001504886313341558
MEF2C	SDSL	0.00014844829274807125
IKZF1	STARD4	0.0001443791697965935
SPI1	SULT1A1	0.00014433593605645
GATA2	TLR7	0.00014409043069463223
IKZF1	ANXA5	0.00013956011389382184
GATA2	DDX4	0.00013255399244371802
MYC	CLEC14A	0.00013097902410663664
MEIS1	BLNK	0.0001290683139814064
GATA2	MILR1	0.00012100996536901221
GATA2	CNN3	0.00011931428889511153
GATA2	CRIP1	0.00011820091458503157
SATB1	TFEC	0.00011699317838065326
SATB1	ADGRG1	0.00011517048551468179
MYC	ITGB2	0.00011125777382403612
SATB1	CDK18	0.00011023805564036593
MYC	OBSCN	0.00010767234925879166
MYC	JAM2	0.00010612030746415257
MEF2C	CD63	0.00010185284918406978
SATB1	ITGA6	0.0001008328254101798
GATA2	CD53	9.942586621036753e-05
MEIS1	CD52	9.927093196893111e-05
IKZF1	NPDC1	9.90462867775932e-05
SATB1	STARD4	9.773194324225187e-05
SATB1	PLSCR4	9.493407560512424e-05
GATA2	PLAC8	9.23433544812724e-05
IKZF1	CLIP3	9.211703581968322e-05
SATB1	ITSN1	9.157825115835294e-05
SATB1	ABCG2	9.153352584689856e-05
ELF1	PDZK1IP1	9.009634959511459e-05
IKZF1	GATA2	8.671125397086143e-05
MEIS1	BCL2	8.022204565349966e-05
IKZF1	SNAP23	7.79407491791062e-05
GATA2	H2-OB	7.558229117421433e-05
SATB1	TRIM47	7.511905278079212e-05
IKZF1	PDE1B	7.44181452319026e-05
IKZF1	TGM2	7.368499063886702e-05
MYC	EFNA1	7.04939229763113e-05
NOTCH1	GNG11	6.929180381121114e-05
SATB1	GATA2	6.896440027048811e-05
IKZF1	OBSL1	6.771175685571507e-05
GATA2	SATB1	6.700505036860704e-05
NOTCH1	RAB38	6.556566222570837e-05
MEF2C	GNG11	6.508165097329766e-05
MYC	TNS2	6.48007116978988e-05
SATB1	GDF3	6.287163705565035e-05
SATB1	MYCT1	5.5690950830467045e-05
SATB1	ESAM	5.46865958312992e-05
MEF2C	FUT8	5.396282722358592e-05
MEIS1	IGHM	5.2858198614558205e-05
GATA2	BC035044	4.9631024012342095e-05
SATB1	FUT8	4.786731005879119e-05
MEF2C	RAB27B	4.657490717363544e-05
MEF2C	APOE	4.62665302620735e-05
IRF8	GATA2	4.572196849039756e-05
MEF2C	CD9	4.5588640205096453e-05
IKZF1	GNG11	4.54674955108203e-05
SATB1	CD63-PS	4.49606086476706e-05
MEF2C	PDZK1IP1	4.415165676618926e-05
NOTCH1	TFEC	4.341007297625765e-05
IRF8	PDZK1IP1	4.31903317803517e-05
NOTCH1	ESAM	4.313273893785663e-05
MEF2C	CD63-PS	4.200845069135539e-05
GATA2	TBXA2R	3.922188261640258e-05
ELF1	MPL	3.86521642212756e-05
GATA2	SERPINB1A	3.723445115610957e-05
NOTCH1	HLF	3.493456097203307e-05
SATB1	TRPC6	3.453828685451299e-05
IRF8	IGHV1-53	3.3070235076593235e-05
GATA2	H2AFY	3.194580858689733e-05
SATB1	RAB38	3.189249036950059e-05
IKZF1	APOE	3.044550794584211e-05
IKZF1	PDZK1IP1	2.9085122150718234e-05
SATB1	LHCGR	2.790922371787019e-05
MEF2C	SERPINA3G	2.7690513888956048e-05
SATB1	TIE1	2.6730702302302234e-05
SATB1	TSC22D3	2.6307761800126173e-05
SATB1	SDSL	2.617570680740755e-05
IKZF1	CPXM1	2.549503005866427e-05
GATA2	FLT3	2.5173338144668378e-05
GATA2	AC174780.1	2.3547661839984357e-05
IRF8	ANGPT1	2.32446600421099e-05
SATB1	MLLT3	2.2665004507871345e-05
IKZF1	VWF	2.21151076402748e-05
NOTCH1	SLC6A15	2.1830230252817273e-05
GATA2	SLC35D3	2.150826003344264e-05
MYC	ABCG3	2.1030529751442373e-05
IRF8	KIT	2.0109435354243033e-05
SATB1	APOE	1.96021228475729e-05
IKZF1	ABCG3	1.9497745597618632e-05
GATA2	EMB	1.9457260350463912e-05
SATB1	ANGPT1	1.7437312635593116e-05
SATB1	VAMP5	1.6412754121120088e-05
MYC	S100A6	1.5062494640005752e-05
IRF8	RAB38	1.455454093957087e-05
IKZF1	MLLT3	1.4313737665361259e-05
CBFB	CD74	1.157852057076525e-05
SATB1	CD63	1.1506090231705457e-05
MYC	CAV2	8.84050768945599e-06
SATB1	CD9	8.328759577125311e-06
SATB1	MECOM	8.312729733006563e-06
SATB1	DENND2D	6.3708653215144295e-06
SATB1	NDN	5.471722943184432e-06
SATB1	IFITM1	5.068657628726214e-06
SATB1	GNG11	4.7511425691482145e-06
SATB1	SCARF1	2.259568191220751e-06
SATB1	MMRN1	1.8398494603388826e-06
MYC	MLLT3	1.2845620176449302e-06
SATB1	TGM2	3.403383885824951e-08
GATA2	SH2D5	-1.9200909662231425e-07
SATB1	PDZK1IP1	-2.3840696883326018e-07
MYC	VWF	-1.2827658792957664e-06
SATB1	H2-Q6	-1.3602348190033808e-06
SATB1	PROCR	-2.537499540267163e-06
IKZF1	IFITM1	-2.6907673600362614e-06
SATB1	F11R	-2.769725142570678e-06
GATA2	IL12A	-4.16860393670504e-06
IRF8	ADGRG1	-5.786643214378273e-06
IRF8	SGMS1	-7.292532245628536e-06
GATA2	CD52	-7.455026661773445e-06
SATB1	PTGS1	-8.291862286569085e-06
NOTCH1	VAMP5	-8.296367923321668e-06
IRF8	CREG1	-9.1700067059719e-06
NOTCH1	ANGPT1	-1.0786358870973345e-05
ELF1	BDH2	-1.0926512004516553e-05
IRF8	CD63-PS	-1.123221682064468e-05
MYC	GBP9	-1.2333794984442648e-05
NOTCH1	CD63-PS	-1.3222580491856206e-05
SATB1	RHOF	-1.3230745935288724e-05
SATB1	SERPINA3G	-1.4397946870303713e-05
SATB1	SOCS2	-1.472262738388963e-05
SATB1	TBXAS1	-1.594233799551148e-05
NOTCH1	SERPINA3G	-1.603773853275925e-05
IRF8	CD63	-1.6464318832731806e-05
MEIS1	CD48	-1.9598299331846647e-05
GATA2	WFDC17	-1.9852039258694276e-05
MYC	CD74	-2.087256871163845e-05
SATB1	PPIC	-2.1324673070921563e-05
SATB1	TFR2	-2.1481335352291353e-05
IKZF1	MMRN1	-2.3823782612453215e-05
MEIS1	IFI209	-2.5751029170351103e-05
SATB1	ARRDC4	-2.5970610295189545e-05
MEF2C	MPL	-2.6777517632581294e-05
IRF8	HLF	-2.6912959583569318e-05
NOTCH1	CD63	-2.930438131443225e-05
IKZF1	D630039A03RIK	-2.931252856797073e-05
IKZF1	MPL	-2.9498325602617115e-05
IRF8	PROCR	-3.049055339943152e-05
MYC	HCK	-3.5876655601896346e-05
NOTCH1	MPL	-3.725580972968601e-05
SATB1	SLC18A2	-3.832023867289536e-05
GATA2	DNTT	-4.2863750422839075e-05
MYC	CCR9	-4.471690408536233e-05
MEIS1	DNTT	-4.490138599066995e-05
IRF8	NFE2	-4.564836126519367e-05
RAG2	IFITM1	-4.579179221764207e-05
IKZF1	EFNA1	-4.7515099140582606e-05
MYC	PLD4	-4.975171759724617e-05
SATB1	MPL	-5.0116086640628055e-05
MEIS1	TOP2A	-5.055088331573643e-05
IRF8	MPL	-5.431662066257559e-05
NOTCH1	FKBP9	-5.776638863608241e-05
MYC	INHBA	-7.044900848995894e-05
IRF8	IFITM1	-7.37017544452101e-05
GATA2	IGHM	-7.901994104031473e-05
IRF8	CAR2	-0.0008250050013884902
