TF,Target
17,155
17,592
17,277
17,780
17,312
17,652
17,997
17,864
17,130
17,960
17,1095
17,420
17,924
17,830
17,903
17,342
17,583
17,877
17,733
17,737
17,354
17,622
17,470
17,840
17,357
17,976
17,686
17,772
17,116
17,848
17,1060
17,1029
17,718
17,663
17,258
17,1103
17,309
17,901
17,707
17,928
17,128
17,636
17,682
17,781
17,818
17,99
17,528
17,137
17,41
17,993
17,858
17,819
17,517
17,409
17,556
17,695
17,429
17,361
17,784
17,1056
17,1058
17,658
17,627
17,157
17,466
17,891
17,275
17,984
17,343
17,1080
17,1038
17,878
17,218
17,816
17,849
17,47
17,894
17,83
17,222
17,544
17,144
17,566
17,1091
17,1059
17,296
17,469
17,759
17,590
17,158
17,446
17,870
17,888
17,811
17,104
17,902
17,672
17,366
17,519
17,861
17,166
17,465
17,1044
17,199
17,173
17,146
17,606
17,1036
17,435
17,641
17,85
17,532
17,407
17,150
17,1048
17,207
17,478
17,571
17,1131
17,226
17,224
17,39
17,237
17,269
17,1071
17,302
17,873
17,895
17,110
17,582
17,443
17,131
17,235
17,416
17,743
17,1097
17,80
17,160
17,777
17,778
17,703
17,480
17,618
17,285
17,654
17,939
17,248
17,708
17,906
17,209
17,874
17,536
17,188
17,196
17,132
17,586
17,451
17,476
17,882
17,317
17,867
17,331
17,228
17,35
17,522
17,493
17,295
17,1099
17,2
17,628
17,731
17,303
17,930
17,728
17,301
17,254
17,952
17,240
17,1078
17,1081
17,1042
17,48
17,403
17,907
17,1092
17,386
17,619
17,66
17,7
17,635
17,616
17,489
17,236
17,458
17,315
17,507
17,797
17,198
17,1018
17,1074
17,1054
17,893
17,1045
17,595
17,452
17,200
17,947
17,1093
17,264
17,38
17,267
17,426
17,9
17,373
17,213
17,515
17,1082
17,706
17,633
17,758
17,332
17,352
17,92
17,26
17,1061
17,281
17,434
17,1123
17,909
17,1125
17,569
17,787
17,311
17,552
17,944
17,472
17,1017
17,461
17,1098
17,791
17,260
17,956
17,189
17,161
17,23
17,533
17,105
17,491
17,1112
17,423
17,346
17,803
17,1104
17,474
17,832
17,424
17,112
17,988
17,197
17,417
17,1055
17,1128
17,551
17,494
17,727
17,261
17,233
17,276
17,1026
17,644
17,593
17,273
17,90
17,831
17,704
17,305
17,989
17,535
17,898
17,836
17,487
17,839
17,1069
17,284
17,117
17,473
17,351
17,313
17,239
17,793
17,1005
17,163
17,217
17,330
17,194
17,401
17,694
17,344
17,1073
17,475
17,192
17,643
17,1034
17,669
17,656
17,950
17,647
17,42
17,86
17,826
17,962
17,542
17,629
17,153
17,1027
17,350
17,761
17,1064
17,438
17,63
17,88
17,427
17,646
17,842
17,949
17,212
17,93
17,999
17,769
17,1065
17,885
17,626
17,745
17,977
17,971
17,579
17,740
17,974
17,760
17,574
17,308
17,892
17,668
17,87
17,587
17,662
17,379
17,1063
17,232
17,268
17,578
17,1039
17,561
17,603
17,337
17,783
17,1116
17,604
17,62
17,794
17,526
17,367
17,29
17,504
17,287
17,215
17,514
17,8
17,1047
17,374
17,43
17,460
17,786
17,691
17,739
17,1008
17,385
17,384
17,807
17,615
17,51
17,119
17,76
17,263
17,11
17,445
17,520
17,852
17,774
17,899
17,159
17,191
17,660
17,640
17,59
17,577
17,115
17,359
17,370
17,283
17,871
17,516
17,349
17,1019
17,530
17,1115
17,741
17,282
17,405
17,1067
17,36
17,917
17,884
17,147
17,1033
17,44
17,183
17,991
17,850
17,546
17,723
17,730
17,639
17,1002
17,684
17,485
17,576
17,565
17,859
17,195
17,827
17,860
17,82
17,471
17,539
17,719
17,994
17,300
17,792
17,326
17,265
17,1124
17,437
17,126
17,734
17,788
17,49
17,338
17,549
17,597
17,1119
17,1096
17,286
17,53
17,847
17,1126
17,828
17,609
17,588
17,13
17,709
17,910
17,1
17,918
17,428
17,979
17,442
17,136
17,221
17,371
17,857
17,250
17,585
17,717
17,274
17,563
17,1031
17,358
17,825
17,961
17,509
17,611
17,919
17,667
17,678
17,674
17,511
17,1083
17,935
17,383
17,345
17,20
17,922
17,234
17,796
17,230
17,651
17,568
17,58
17,866
17,751
17,410
17,294
17,1030
17,537
17,612
17,376
17,375
17,293
17,216
17,449
17,433
17,929
17,369
17,880
17,114
17,679
17,742
17,766
17,1006
17,323
17,402
17,815
17,499
17,179
17,419
17,931
17,983
17,932
17,510
17,457
17,1062
17,165
17,726
17,208
17,875
17,584
17,752
17,912
17,986
17,1077
17,614
17,957
17,512
17,712
17,84
17,764
17,905
17,124
17,1009
17,109
17,687
17,377
17,525
17,954
17,1049
17,543
17,948
17,959
17,125
17,450
17,328
17,306
17,139
17,699
17,340
17,30
17,336
17,732
17,1127
17,341
17,121
17,68
17,411
17,829
17,747
17,594
17,655
17,227
17,823
17,545
17,943
17,1035
17,1070
17,143
17,389
17,184
17,19
17,262
17,724
17,292
17,272
17,680
17,908
17,60
17,387
17,953
17,602
17,1090
17,362
17,754
17,106
17,996
17,970
17,259
17,564
17,799
17,399
17,896
17,390
17,133
17,73
17,806
17,490
17,4
17,785
17,249
17,415
17,486
17,324
17,681
17,573
17,843
17,978
17,887
17,1076
17,10
17,721
17,33
17,61
17,170
17,804
17,459
17,1107
17,936
17,589
17,154
17,698
17,749
17,958
17,34
17,923
17,202
17,621
17,210
17,498
17,182
17,441
17,406
17,46
17,711
17,502
17,468
17,649
17,763
17,692
17,316
17,1041
17,527
17,1100
17,299
17,524
17,813
17,333
17,714
17,765
17,279
17,95
17,500
17,776
17,810
17,40
17,689
17,762
17,802
17,665
17,946
17,608
17,501
17,21
17,320
17,671
17,149
17,835
17,168
17,642
17,581
17,596
17,972
17,81
17,575
17,969
17,557
17,100
17,838
17,145
17,448
17,280
17,356
17,206
17,175
17,605
17,886
17,863
17,1121
17,256
17,865
17,15
17,534
17,1120
17,800
17,12
17,697
17,205
17,855
17,822
17,290
17,705
17,941
17,140
17,1046
17,120
17,554
17,134
17,657
17,72
17,185
17,430
17,1110
17,648
17,620
17,701
17,869
17,790
17,422
17,162
17,138
17,879
17,890
17,464
17,1010
17,676
17,380
17,756
17,444
17,477
17,833
17,108
17,321
17,98
17,940
17,187
17,298
17,74
17,1022
17,54
17,744
17,580
17,1037
17,107
17,223
17,1040
17,1028
17,101
17,245
17,964
17,690
17,1113
17,167
17,219
17,770
17,529
17,135
17,688
17,169
17,393
17,755
17,673
17,319
17,1032
17,990
17,1023
17,625
17,995
17,937
17,418
17,214
17,624
17,856
17,965
17,382
17,746
17,1053
17,123
17,1024
17,246
17,266
17,378
17,65
17,1013
17,75
17,675
17,782
17,289
17,889
17,1052
17,661
17,391
17,748
17,503
17,837
17,70
17,768
17,659
17,801
17,238
17,862
17,439
17,722
17,610
17,307
17,152
17,31
17,926
17,805
17,1089
17,904
17,598
17,151
17,77
17,715
17,479
17,16
17,176
17,548
17,412
17,817
17,103
17,779
17,955
17,1020
17,853
17,400
17,913
17,821
17,6
17,541
17,91
17,696
17,925
17,914
17,327
17,702
17,22
17,720
17,288
17,1051
17,24
17,204
17,347
17,1014
17,32
17,492
17,599
17,360
17,824
17,572
17,613
17,447
17,523
17,348
17,812
17,203
17,190
17,809
17,488
17,1130
17,713
17,795
17,1118
17,252
17,394
17,142
17,846
17,271
17,481
17,381
17,96
17,396
17,650
17,45
17,365
17,467
17,432
17,408
17,404
17,562
17,127
17,632
17,1066
17,64
17,368
17,982
17,463
17,456
17,617
17,1025
17,28
17,495
17,5
17,322
17,981
17,291
17,94
17,211
17,638
17,945
17,1050
17,201
17,1003
17,89
17,172
17,1007
17,767
17,820
17,25
17,844
17,102
17,225
17,700
17,735
17,851
17,247
17,998
17,118
17,670
17,231
17,538
449,1095
449,177
449,559
449,821
449,314
449,940
449,247
449,81
449,243
449,1129
449,781
449,468
449,316
449,1089
449,267
449,157
449,838
449,896
449,67
449,920
449,496
449,381
449,161
449,512
449,853
449,176
449,498
449,533
449,921
449,534
449,524
449,25
449,652
449,55
449,607
449,779
449,755
449,266
449,170
449,13
449,822
449,0
449,626
449,221
449,46
449,722
449,923
449,148
449,665
449,801
449,797
449,485
449,959
449,356
449,1086
449,599
449,1126
449,179
449,205
449,714
449,901
449,288
449,290
449,567
449,168
449,719
449,729
449,403
449,54
449,158
449,413
449,422
449,1116
449,654
449,32
449,368
449,1117
449,925
449,180
449,400
449,296
449,778
449,860
449,813
449,888
449,282
449,1088
449,700
449,21
449,350
449,206
449,982
449,868
449,863
449,45
449,418
449,1057
449,748
449,969
449,145
449,488
449,300
449,643
449,752
449,630
449,278
449,762
449,713
449,1072
449,237
449,428
449,757
449,823
449,355
449,143
449,152
449,65
449,547
449,1003
449,200
449,208
449,113
449,424
449,63
449,942
449,312
449,211
449,1042
449,964
449,726
449,967
449,325
449,408
449,187
449,976
449,236
449,244
449,601
449,220
449,50
449,1010
449,494
449,1130
449,711
449,638
449,328
449,613
449,592
449,617
449,933
449,937
449,1106
449,467
449,456
449,737
449,353
449,973
449,903
449,989
449,523
449,492
449,753
449,965
449,307
449,683
449,690
449,1005
449,242
449,866
449,128
449,215
449,477
449,361
449,497
449,971
449,365
449,390
449,608
449,516
449,382
449,880
449,549
449,1053
449,691
449,749
449,444
449,297
449,706
449,1064
449,107
449,849
449,1051
449,621
449,139
449,189
449,343
449,837
449,333
449,806
449,658
449,855
449,233
449,29
449,640
449,1098
449,689
449,331
449,198
449,740
449,469
449,703
449,319
449,135
449,364
449,908
449,655
449,788
449,950
449,684
449,856
449,167
449,203
449,772
449,432
449,140
449,932
449,928
449,202
449,914
449,746
449,588
449,679
449,730
449,874
449,759
449,346
449,383
449,195
449,1
449,1131
449,1120
449,1036
449,429
449,82
449,91
449,984
449,401
449,593
449,87
449,43
449,289
449,897
449,530
449,232
449,646
449,1044
449,796
449,279
449,783
449,249
449,561
449,825
449,478
449,528
449,979
449,336
449,1046
449,527
449,151
449,843
449,146
449,98
449,1027
449,597
449,1081
449,681
449,1083
449,535
449,707
449,732
449,1026
449,459
449,618
449,1048
449,1107
449,733
449,1118
449,1125
449,118
449,414
449,398
449,455
449,2
449,993
449,374
449,254
449,1112
449,536
449,583
449,586
449,686
449,80
449,595
449,514
449,342
449,147
449,366
449,295
449,1076
449,1078
449,917
449,905
449,337
599,139
599,818
599,146
599,280
599,797
599,244
599,20
599,878
599,1019
599,480
599,465
599,516
599,110
599,976
599,949
599,1124
599,503
599,779
599,492
599,766
599,837
599,260
599,780
599,509
599,819
599,456
599,391
599,1059
599,29
599,233
599,278
599,273
599,826
599,107
599,360
599,660
599,498
599,979
599,805
599,287
599,439
599,539
599,311
599,966
599,769
599,442
599,346
599,336
599,406
599,1089
599,101
599,85
599,532
599,930
599,451
599,134
599,495
599,359
599,65
599,210
599,461
599,409
599,713
599,214
599,523
599,1091
599,748
599,586
599,94
599,173
599,858
599,289
599,189
599,175
599,902
599,526
599,1030
599,343
599,853
599,1039
599,620
599,191
599,1104
599,368
599,964
599,796
599,312
599,8
599,460
599,305
599,183
599,338
599,836
599,115
599,81
599,661
599,614
599,1054
599,1050
599,1078
599,954
599,382
599,472
599,970
599,928
599,485
599,1040
599,117
599,880
599,395
599,1035
599,388
599,176
599,830
599,88
599,331
599,848
599,903
599,124
599,683
599,1022
599,558
599,42
599,414
599,625
599,687
599,608
599,723
599,594
599,275
599,206
599,813
599,810
599,237
599,918
599,985
599,945
599,926
599,412
599,1056
599,592
599,371
599,362
599,794
599,709
599,643
599,344
599,192
599,1110
599,383
599,648
599,100
599,1026
599,55
599,607
599,695
599,781
599,544
599,866
599,989
599,684
599,911
599,514
599,491
599,1031
599,1083
599,1036
599,186
599,947
599,772
599,613
599,801
599,956
599,650
599,574
599,9
599,95
599,800
599,771
599,399
599,308
599,450
599,982
599,595
599,917
599,131
599,96
599,199
599,1071
599,285
599,310
599,61
599,228
599,668
599,147
599,348
599,427
599,281
599,767
599,554
599,1098
599,5
599,961
599,151
599,1049
599,995
599,41
599,128
599,27
599,238
599,629
599,6
599,258
599,583
599,276
599,714
599,764
599,504
599,638
599,921
599,426
599,522
599,908
599,559
599,168
599,433
599,125
599,497
599,652
599,530
599,1080
599,1015
599,236
599,527
599,512
599,932
599,859
599,822
599,901
599,925
599,3
599,304
599,799
599,1061
599,2
599,78
599,46
599,548
599,1014
599,758
599,1095
599,11
599,950
599,1005
599,1108
599,330
599,137
599,829
599,354
478,218
478,219
478,88
478,772
478,86
478,38
478,875
478,590
478,686
478,571
478,34
478,832
478,29
478,402
478,794
478,511
478,209
478,909
478,309
478,254
478,490
478,903
478,474
478,614
478,137
478,672
478,198
478,728
478,745
478,1104
478,932
478,647
478,641
478,183
478,195
478,597
478,811
478,128
478,215
478,226
478,248
478,606
478,1059
478,764
478,891
478,68
478,758
478,379
478,80
478,112
478,588
478,594
478,504
478,706
478,116
478,705
478,1093
478,351
478,473
478,188
478,552
478,1063
478,733
478,618
478,153
478,119
478,1003
478,470
478,313
478,712
478,315
478,285
478,783
478,169
478,337
478,699
478,1056
478,361
478,427
478,781
478,818
478,698
478,652
478,1065
478,830
478,1078
478,143
478,369
478,718
478,986
478,827
478,702
478,1126
478,793
478,207
478,622
478,785
478,687
478,272
478,349
478,948
478,1035
478,956
478,343
478,684
478,759
478,792
478,850
478,173
478,269
478,136
478,301
478,989
478,1027
478,386
478,739
478,423
478,852
478,273
478,150
478,126
478,943
478,43
478,857
478,628
478,212
478,576
478,592
478,47
478,189
478,192
478,898
478,399
478,569
478,94
478,579
478,853
478,87
478,341
478,264
478,661
478,409
478,939
478,658
478,924
478,39
478,1055
478,568
478,583
478,695
478,303
478,1044
478,228
478,1091
478,846
478,283
478,3
478,974
478,2
478,561
478,240
478,952
478,534
478,639
478,770
478,443
478,585
478,997
478,249
478,352
478,996
478,663
478,476
478,720
478,1002
478,262
478,65
478,864
478,36
478,1038
478,155
478,1123
478,1013
478,517
478,131
478,1113
478,165
478,636
478,232
478,403
478,375
478,114
478,625
478,656
478,450
478,41
478,299
478,724
478,286
478,21
478,69
478,159
478,1095
478,530
478,420
478,1124
478,833
478,536
478,407
478,175
478,769
478,871
478,528
478,988
478,381
478,356
478,928
478,295
478,566
478,274
478,575
478,139
478,714
478,32
478,132
478,344
478,133
478,290
478,960
478,342
478,751
478,466
478,370
478,674
478,551
478,7
478,163
478,140
478,719
478,261
478,233
478,362
478,546
478,76
478,263
478,281
478,621
478,899
478,520
478,810
478,191
478,110
478,949
478,498
478,493
478,851
478,1103
478,1029
478,855
478,49
478,378
478,70
478,489
478,130
478,556
478,1115
478,578
478,860
478,958
478,430
478,554
478,848
478,1030
478,442
478,893
478,1117
478,438
478,1097
478,822
478,426
478,154
478,383
478,1005
478,124
478,620
478,385
478,737
478,679
478,995
478,984
478,869
478,296
478,603
478,993
478,519
478,615
478,964
478,971
478,753
478,1131
478,650
478,894
478,364
478,1042
478,926
478,17
478,836
478,660
478,197
478,105
478,1051
478,1017
478,994
478,513
478,1060
478,612
478,1077
478,731
478,51
478,643
478,340
478,557
478,865
478,213
478,849
478,1037
478,782
478,874
478,458
478,1031
478,1090
478,358
478,543
478,930
478,803
478,384
478,867
478,469
478,19
478,374
478,329
478,1045
478,447
478,707
478,1048
478,202
478,125
478,744
478,231
478,1121
478,935
478,882
478,1083
478,877
478,326
478,680
478,414
478,1069
478,106
478,979
478,1028
478,981
478,371
478,858
478,843
478,886
478,776
478,701
478,108
478,870
478,291
478,703
478,446
478,129
478,404
478,222
478,491
478,9
478,912
478,74
478,59
478,1092
478,1039
478,359
478,486
478,1019
478,694
478,396
478,1080
478,1125
478,1071
478,723
478,651
478,161
478,354
478,416
478,970
478,380
478,510
478,947
478,842
478,353
478,763
478,514
478,524
478,276
478,406
478,963
478,535
478,176
478,24
478,1062
478,98
478,182
478,73
478,433
478,84
478,892
478,44
478,1129
478,978
478,1050
478,834
478,544
478,1
478,734
478,457
478,204
478,287
478,913
478,258
478,449
478,977
478,804
478,667
478,866
478,85
478,532
478,282
478,284
478,999
478,635
478,275
478,465
478,962
478,542
478,774
478,605
478,306
478,1043
478,563
478,839
478,12
478,271
478,422
478,146
478,616
478,669
478,525
478,477
478,788
478,333
478,393
478,587
478,464
478,1110
478,1098
478,78
478,187
478,507
478,632
478,144
478,910
478,367
478,704
478,81
478,237
478,224
478,717
478,26
478,1022
478,311
478,294
478,627
478,787
478,444
478,185
478,796
478,355
478,317
478,483
478,555
478,157
478,685
478,826
478,259
478,250
478,1018
478,461
478,991
478,1026
478,574
478,825
478,878
478,784
478,54
478,61
478,239
478,0
478,983
478,802
478,806
478,214
478,577
478,888
478,1122
478,90
478,452
478,671
478,1119
478,666
478,885
478,411
478,100
478,936
478,1109
478,828
478,1099
478,1061
478,372
478,662
478,387
478,376
478,777
478,539
478,743
478,167
478,678
478,492
478,300
478,499
478,1070
478,331
478,550
478,66
478,742
478,505
478,431
478,91
478,338
478,260
478,831
478,624
478,609
478,861
478,92
478,692
478,689
478,1036
478,390
478,907
478,896
478,321
478,1105
478,298
478,565
478,529
478,230
478,138
478,1040
478,35
478,63
478,332
478,345
478,330
478,629
478,235
478,1009
478,809
478,640
478,400
478,682
478,99
478,1096
478,451
478,633
478,1004
478,322
478,120
478,1020
478,194
478,697
478,1073
478,293
478,708
478,15
478,919
478,905
478,429
478,564
478,279
478,336
478,77
478,30
478,562
478,1064
478,761
478,4
478,644
478,902
478,471
478,366
478,998
478,889
478,394
478,324
478,727
478,740
478,598
101,143
101,681
101,433
101,1131
101,434
101,651
101,692
101,147
101,93
101,832
101,772
101,959
101,131
101,468
101,928
101,917
101,903
101,588
101,183
101,598
101,21
101,1035
101,237
101,283
101,188
101,746
101,87
101,806
101,589
101,442
101,371
101,654
101,299
101,239
101,1060
101,269
101,893
101,285
101,349
101,842
101,743
101,848
101,459
101,884
101,924
101,134
101,836
101,778
101,792
101,774
101,663
101,1112
101,825
101,284
101,840
101,897
101,1044
101,17
101,867
101,250
101,133
101,641
101,254
101,340
101,849
101,342
101,155
101,472
101,606
101,918
101,752
101,168
101,367
101,165
101,1061
101,465
101,522
101,426
101,813
101,1
101,597
101,209
101,828
101,818
101,1064
101,1024
101,682
101,62
101,469
101,686
101,812
101,491
101,929
101,451
101,29
101,706
101,423
101,159
101,23
101,158
101,636
101,997
101,386
101,777
101,583
101,476
101,971
101,759
101,913
101,949
101,1073
101,673
101,652
101,411
101,1039
101,116
101,182
101,218
101,150
101,235
101,104
101,956
101,279
101,370
101,1063
101,691
101,878
101,215
101,359
101,910
101,298
101,1046
101,658
101,272
101,44
101,418
101,703
101,51
101,788
101,1093
101,446
101,643
101,63
101,844
101,1103
101,445
101,267
101,763
101,494
101,137
101,582
101,644
101,430
101,47
101,504
101,138
101,695
101,687
101,337
101,939
101,791
101,345
101,530
101,592
101,252
101,563
101,655
101,402
101,161
101,191
101,794
101,671
101,822
101,626
101,571
101,1042
101,905
101,1080
101,207
101,196
101,981
101,544
101,1128
101,509
101,586
101,306
101,132
101,343
101,471
101,54
101,787
101,416
101,258
101,769
101,566
101,556
101,429
101,751
101,861
101,991
101,1038
101,891
101,1130
101,243
1106,718
1106,469
1106,82
1106,780
1106,1093
1106,216
1106,104
1106,75
1106,643
1106,1059
1106,231
1106,592
1106,798
1106,143
1106,30
1106,456
1106,861
1106,650
1106,640
1106,741
1106,652
1106,489
1106,573
1106,15
1106,277
1106,407
1106,535
1106,816
1106,1070
1106,869
1106,158
1106,291
1106,336
1106,576
1106,38
1106,226
1106,585
1106,711
1106,867
1106,836
1106,342
1106,873
1106,672
1106,450
1106,497
1106,703
1106,194
1106,190
1106,308
1106,354
1106,658
1106,189
1106,444
1106,865
1106,632
1106,641
1106,1055
1106,1062
1106,543
1106,772
1106,544
1106,1116
1106,629
1106,209
1106,62
1106,424
1106,668
1106,866
1106,654
1106,819
1106,1027
1106,39
1106,1117
1106,586
1106,458
1106,1099
1106,846
1106,251
1106,44
1106,901
1106,266
1106,1131
1106,290
1106,375
1106,1078
1106,907
1106,495
1106,705
1106,536
1106,301
1106,40
1106,321
1106,116
1106,565
1106,309
1106,633
1106,894
1106,821
1106,264
1106,935
1106,919
1106,537
1106,285
1106,646
1106,130
1106,891
1106,360
1106,478
1106,875
1106,1023
1106,179
1106,969
1106,864
1106,929
1106,280
1106,170
1106,152
1106,105
1106,663
1106,260
1106,337
1106,258
1106,33
1106,298
1106,384
1106,569
1106,207
1106,355
1106,51
1106,520
1106,299
1106,91
1106,248
1106,1026
1106,387
1106,715
1106,888
1106,330
1106,624
1106,903
1106,222
1106,848
1106,823
1106,54
1106,893
1106,509
1106,627
1106,1120
1106,302
1106,1018
1106,590
1106,369
1106,145
1106,913
1106,88
1106,974
1106,196
1106,480
1106,367
1106,1103
1106,153
1106,739
1106,599
1106,502
1106,511
1106,1112
1106,423
1106,606
1106,406
1106,313
1106,468
1106,131
1106,9
1106,801
1106,295
1106,1048
1106,239
1106,737
1106,984
1106,694
1106,644
1106,6
1106,661
1106,221
1106,578
1106,960
1106,879
1106,332
1106,1113
1106,389
1106,90
1106,571
1106,237
1106,713
1106,818
1106,311
1106,429
1106,13
1106,12
1106,714
1106,272
1106,72
1106,8
1106,876
1106,184
1106,58
1106,947
1106,928
1106,566
1106,157
1106,68
1106,835
1106,1097
1106,944
1106,183
1106,269
1106,515
1106,930
1106,351
1106,186
1106,487
1106,695
1106,761
1106,702
1106,614
1106,276
1106,109
1106,128
1106,580
1106,1045
1106,324
1106,412
1106,740
1106,625
1106,1
1106,477
1106,747
1106,83
1106,951
1106,416
1106,1019
1106,731
1106,922
1106,970
1106,932
1106,943
1106,385
1106,899
1106,595
1106,1122
1106,344
1106,74
1106,279
1106,874
1106,262
1106,87
1106,878
1106,2
1106,786
1106,20
1106,366
1106,1086
1106,81
1106,66
1106,41
1106,192
1106,1107
1106,621
1106,491
1106,327
1106,499
1106,588
1106,16
1106,92
1106,451
1106,195
1106,23
1106,862
1106,150
1106,166
1106,561
1106,785
1106,803
1106,95
1106,597
1106,997
1106,689
1106,312
1106,504
1106,405
1106,199
1106,212
1106,283
1106,655
1106,546
1106,696
1106,422
1106,343
1106,482
1106,706
1106,707
1106,830
1106,420
1106,346
1106,187
1106,17
1106,1073
1106,609
1106,93
1106,162
1106,1079
1106,1006
1106,439
1106,294
1106,361
1106,1125
1106,766
1106,233
1106,428
1106,636
1106,409
1106,860
1106,4
1106,165
1106,465
1106,112
1106,971
1106,850
1106,24
1106,996
1106,651
1106,218
1106,918
1106,622
1106,110
1106,10
1106,620
1106,574
1106,284
1106,155
1106,1123
1106,476
1106,749
1106,510
1106,857
1106,732
1106,528
1106,228
1106,659
1106,669
1106,897
1106,979
1106,147
1106,719
1106,220
1106,215
1106,34
1106,949
1106,417
1106,475
1106,774
1106,303
1106,418
1106,920
1106,684
1106,691
1106,856
1106,1007
1106,246
1106,224
1106,376
1106,1020
1106,1109
1106,852
1106,674
1106,86
1106,232
1106,1035
1106,1110
1106,198
1106,671
1106,953
1106,1058
1106,849
1106,999
1106,208
1106,225
1106,909
1106,517
1106,1065
1106,887
1106,80
1106,648
1106,583
1106,859
1106,844
1106,89
1106,1038
1106,796
1106,238
1106,892
1106,708
1106,394
1106,249
1106,768
1106,443
1106,1104
1106,287
1106,70
1106,1129
1106,523
1106,151
1106,746
1106,877
1106,326
1106,138
1106,839
1106,292
1106,140
1106,185
1106,213
1106,667
1106,161
1106,63
1106,470
1106,820
1106,545
1106,526
1106,43
1106,323
1106,967
1106,827
1106,96
1106,559
1106,847
1106,357
1106,1054
1106,941
1106,519
1106,219
1106,498
1106,359
1106,662
1106,146
1106,924
1106,534
1106,898
1106,503
1106,690
1106,452
1106,261
1106,100
1106,936
1106,709
1106,603
1106,1036
1106,133
1106,1083
1106,205
1106,442
1106,681
1106,1064
1106,660
1106,568
1106,241
1106,1042
1106,29
1106,275
1106,628
1106,445
1106,341
1106,1098
1106,427
1106,701
1106,1044
1106,349
1106,697
1106,686
1106,7
1106,178
1106,1031
1106,358
1106,1037
1106,98
1106,108
1106,783
1106,1118
1106,797
1106,47
1106,1069
1106,419
1106,459
1106,618
1106,32
1106,981
1106,811
1106,169
1106,76
1106,263
1106,1039
1106,610
1106,48
1106,682
1106,46
1106,792
1106,386
1106,114
1106,211
1106,855
1106,842
1106,240
1106,136
1106,60
1106,1016
1106,134
1106,962
1106,542
1106,120
1106,125
1106,959
1106,274
1106,906
1106,315
1106,529
1106,557
1106,474
1106,744
1106,776
1106,673
1106,794
1106,1066
1106,494
1106,73
1106,539
1106,328
1106,1063
1106,787
1106,806
1106,446
1106,173
1106,884
1106,201
1106,353
1106,883
1106,362
1106,563
1106,965
1106,642
1106,1009
1106,1081
1106,983
1106,84
1106,514
1106,49
1106,793
1106,382
1106,582
1106,986
1106,413
1106,137
1106,527
1106,1080
1106,79
1106,800
1106,160
1106,490
1106,904
1106,1033
1106,188
1106,159
1106,1043
1106,678
1106,119
1106,976
1106,759
1106,745
1106,217
1106,1126
1106,765
1106,978
1106,1119
1106,1003
1106,21
1106,1013
1106,853
1106,734
1106,530
1106,69
1106,912
1106,18
1106,902
1106,438
1106,698
1106,858
1106,665
1106,335
1106,587
1106,373
1106,788
1106,604
1106,605
1106,473
1106,402
1106,724
1106,235
1106,993
1106,712
1106,479
1106,1067
1106,378
1106,905
1106,946
1106,488
1106,880
1106,331
1106,594
1106,717
1106,203
1106,994
1106,991
1106,297
1106,202
1106,577
1106,743
1106,552
1106,182
1106,995
1106,206
1106,36
1106,144
1106,832
1106,843
1106,910
1106,626
1106,742
1106,1082
1106,286
1106,121
1106,245
1106,584
1106,770
1106,956
1106,379
1106,319
1106,733
1106,954
1106,647
1106,1008
1106,619
1106,1090
1106,886
1106,293
1106,381
1106,281
1106,687
1106,25
1106,19
1106,575
1106,837
1106,758
1106,370
1106,815
1106,1034
1106,1068
1106,1088
1106,403
1106,126
1106,989
1106,784
1106,666
1106,615
1106,1005
1106,399
1106,496
1106,771
1106,870
1106,167
1106,325
1106,1074
1106,813
1106,828
1106,940
1106,1022
1106,558
1106,964
1106,252
1106,657
1106,656
1106,282
1106,549
1106,833
1106,531
1106,410
1106,757
1106,348
1106,371
1106,675
1106,172
1106,1051
1106,22
1106,267
1106,345
1106,825
1106,751
1106,1077
1106,383
1106,763
1106,396
1106,613
1106,985
1106,1060
1106,333
1106,726
1106,752
1106,1130
1106,65
1106,273
1106,1092
1106,411
1106,704
1106,760
1106,980
1106,94
1106,1096
1106,1095
1106,810
1106,822
1106,612
1106,163
1106,977
1106,50
1106,802
1106,64
1106,958
1106,1071
1106,1128
1106,421
1106,390
1106,895
1106,472
1106,106
1106,462
1106,1046
1106,97
1106,300
1106,840
1106,197
1106,124
1106,59
1106,1050
1106,591
1106,176
1106,972
1106,812
1106,214
1106,1017
1106,923
1106,254
1106,306
1106,85
1106,532
1106,352
1106,243
1106,863
1106,1049
1106,845
1106,917
1106,699
1106,466
1106,464
1106,791
1106,725
1106,436
1106,939
1106,401
1106,998
1106,952
1106,728
1106,457
1106,957
1106,611
1106,548
1106,329
1106,372
1106,781
1106,635
1106,31
1106,259
1106,1115
1106,486
1106,1029
1106,670
1106,1124
1106,101
1106,139
1106,388
1106,764
1106,1041
1106,271
1106,968
1106,236
1106,204
1106,804
1106,71
1106,397
1106,61
1106,871
1106,769
1106,777
1106,55
1106,607
1106,795
1106,982
1106,541
1106,426
1106,223
1106,1100
1106,512
1106,1061
1106,679
1106,115
1106,356
1106,516
1106,1030
1106,1052
1106,948
1106,914
1106,471
1106,35
1106,579
280,1054
280,1093
280,450
280,611
280,424
280,817
280,104
280,1002
280,860
280,344
280,606
280,764
280,312
280,291
280,875
280,719
280,685
280,1017
280,928
280,167
280,546
280,131
280,1131
280,878
280,734
280,732
280,844
280,869
280,458
280,275
280,207
280,772
280,1018
280,354
280,359
280,590
280,290
280,807
280,520
280,1095
280,170
280,937
280,941
280,566
280,658
280,780
280,903
280,1003
280,1061
280,124
280,4
280,1089
280,455
280,592
280,850
280,632
280,100
280,416
280,503
280,864
280,997
280,680
280,248
280,622
280,577
280,524
280,343
280,585
280,829
280,867
280,932
280,349
280,913
280,218
280,1073
280,231
280,830
280,155
280,816
280,960
280,214
280,774
280,597
280,828
280,254
280,797
280,988
280,655
280,720
280,166
280,2
280,274
280,716
280,176
280,887
280,23
280,66
280,113
280,1059
280,357
280,665
280,733
280,476
280,1027
280,1122
280,953
280,849
280,605
280,528
280,77
280,189
280,487
280,136
280,387
280,451
280,627
280,820
280,925
280,330
280,235
280,361
280,752
280,954
280,981
280,790
280,246
280,417
280,1063
280,101
280,836
280,149
280,256
280,370
280,747
280,342
280,285
280,695
280,226
280,407
280,443
280,375
280,840
280,386
280,352
280,876
280,369
280,462
280,393
280,428
280,1044
280,822
280,92
280,326
280,745
280,972
280,787
280,49
280,53
280,65
280,551
280,269
280,130
280,9
280,137
280,182
280,1033
280,286
280,44
280,707
280,85
280,532
280,1029
280,784
280,706
280,994
280,41
280,1060
280,293
280,337
280,239
280,1116
280,70
280,625
280,1019
280,783
280,948
280,165
280,700
280,116
280,894
280,792
280,1065
280,1103
280,401
280,346
280,759
280,93
280,212
280,221
280,842
280,571
280,412
280,861
280,73
280,405
280,192
280,222
280,510
280,87
280,761
280,584
280,317
280,145
280,419
280,153
280,505
280,1007
280,984
280,300
280,62
280,796
280,24
280,1068
280,631
280,898
280,718
280,198
280,81
280,150
280,284
280,739
280,507
280,267
280,259
280,569
280,465
280,163
280,642
280,691
280,115
280,223
280,946
280,299
280,277
280,426
280,621
280,557
280,904
280,261
280,662
280,519
280,1024
280,552
280,536
280,1081
280,1128
280,321
280,661
280,142
280,489
280,384
280,59
280,188
280,72
280,659
280,848
280,308
280,906
280,423
280,833
280,886
280,652
280,749
280,272
280,757
280,847
280,158
280,1039
280,802
280,583
280,468
280,556
280,84
280,276
280,420
280,422
280,1023
280,333
280,250
280,445
280,61
280,309
280,758
280,912
280,544
280,944
280,371
280,127
280,15
280,1082
280,143
280,306
280,678
280,209
280,650
280,586
280,919
280,219
280,138
280,161
280,68
280,530
280,439
280,628
280,414
280,741
280,365
280,302
280,301
280,311
280,805
280,1097
280,215
280,986
280,332
280,1042
280,644
280,6
280,196
280,98
280,961
280,109
280,1058
280,409
280,20
280,494
280,429
280,1104
280,1115
280,434
280,313
280,626
280,888
280,233
280,241
280,195
280,8
280,82
280,282
280,594
280,495
280,827
280,395
280,930
280,535
280,786
280,737
280,999
280,712
280,353
280,403
280,29
280,220
280,431
280,826
280,341
280,939
280,899
280,329
280,245
280,1037
280,1112
280,1036
280,971
280,1055
280,529
280,144
280,7
280,1099
280,515
280,537
280,1064
280,1035
280,88
280,952
280,1129
280,909
280,615
280,490
280,793
280,1080
280,641
280,576
280,956
280,199
280,3
280,656
280,603
280,1006
280,298
280,614
280,884
280,703
280,924
280,265
280,636
280,1056
280,923
280,491
280,498
280,217
280,977
280,232
280,410
280,469
280,383
280,562
280,660
280,740
280,810
280,60
280,119
280,154
280,905
280,1124
280,1049
280,859
280,173
280,139
280,402
280,843
280,582
280,378
280,1062
280,488
280,39
280,271
280,832
870,252
870,1073
870,133
870,563
870,835
870,536
870,791
870,306
870,892
870,60
870,1039
870,956
870,571
870,575
870,1065
870,510
870,250
870,991
870,939
870,622
870,465
870,673
870,635
870,566
870,984
870,706
870,910
870,997
870,666
870,974
870,301
870,703
870,262
870,828
870,38
870,44
870,971
870,1024
870,1061
870,116
870,849
870,772
870,792
870,36
870,386
870,426
870,1069
870,884
870,189
870,473
870,618
870,351
870,312
870,411
870,345
870,912
870,272
870,342
870,435
870,1093
870,209
870,774
870,861
870,1078
870,830
870,41
870,212
870,1090
870,423
870,660
870,8
870,833
870,198
870,248
870,1029
870,875
870,628
870,159
870,163
870,584
870,452
870,491
870,387
870,349
870,150
870,343
870,827
870,909
870,405
870,898
870,948
870,656
870,2
870,429
870,215
870,758
870,663
870,222
870,261
870,739
870,924
870,66
870,489
870,606
870,730
870,1097
870,256
870,326
870,852
870,1042
870,960
870,1063
870,695
870,1026
870,85
870,532
870,88
870,254
870,475
870,332
870,1123
870,794
870,577
870,1055
870,207
870,249
870,1048
870,86
870,416
870,228
870,80
870,1027
870,137
870,466
870,733
870,39
870,166
870,90
870,658
870,519
870,786
870,311
870,1031
870,643
870,358
870,686
870,561
870,529
870,34
870,112
870,87
870,760
870,906
870,324
870,590
870,337
870,1038
870,427
870,858
870,551
870,1104
870,309
870,778
870,657
870,438
870,1059
870,344
870,1041
870,366
870,130
870,84
870,894
870,1071
870,619
870,202
870,627
870,796
870,98
870,790
870,1100
870,640
870,712
870,49
870,520
870,474
870,437
870,295
870,357
870,315
870,806
870,188
870,647
870,839
870,785
870,672
870,443
870,235
870,952
870,759
870,226
870,1044
870,197
870,105
870,379
870,240
870,74
870,218
870,788
870,128
870,864
870,275
870,818
870,586
870,930
870,552
870,983
870,470
870,877
870,698
870,420
870,615
870,196
870,614
870,160
870,511
870,546
870,308
870,1
870,126
870,1080
870,47
870,903
870,588
870,592
870,994
870,268
870,48
870,303
870,119
870,29
870,636
870,264
870,384
870,1009
870,1036
870,803
870,928
870,451
870,728
870,594
870,59
870,810
870,76
870,263
870,919
870,370
870,1006
870,1058
870,641
870,681
870,953
870,731
870,409
870,557
870,183
870,644
870,1119
870,625
870,23
870,1008
870,804
870,1098
870,507
870,848
870,597
870,745
870,376
870,850
870,783
870,192
870,793
870,476
870,867
870,684
870,269
870,125
870,442
870,979
870,378
870,106
870,734
870,832
870,478
870,1033
870,1103
870,362
870,399
870,899
870,687
870,986
870,707
870,313
870,787
870,589
870,530
870,668
870,859
870,1034
870,1124
870,724
870,216
870,276
870,569
870,1018
870,83
870,487
870,359
870,402
870,701
870,811
870,662
870,874
870,298
870,165
870,996
870,265
870,651
870,173
870,1019
870,544
870,43
870,35
870,321
870,1030
870,604
870,239
870,153
870,554
870,373
870,182
870,890
870,718
870,612
870,1056
870,33
870,219
870,873
870,504
870,576
870,871
870,816
870,285
870,847
870,1064
870,528
870,891
870,1112
870,417
870,361
870,936
870,389
870,605
870,1032
870,1092
870,354
870,104
870,749
870,114
870,515
870,82
870,146
870,836
870,40
870,1081
870,15
870,286
870,223
870,68
870,58
870,258
870,678
870,464
870,669
870,565
870,232
870,374
870,1002
870,284
870,691
870,92
870,932
870,281
870,699
870,395
870,169
870,954
870,93
870,1099
870,556
870,583
870,139
870,234
870,458
870,988
870,279
870,1049
870,1035
870,460
870,441
870,598
870,805
870,923
870,962
870,1107
870,542
870,369
870,283
870,661
870,236
870,621
870,883
870,579
870,878
870,709
870,949
870,273
870,100
870,905
870,886
870,1076
870,761
870,843
870,1003
870,697
870,784
870,143
870,445
870,732
870,514
870,1060
870,233
870,120
870,865
870,30
870,603
870,277
870,6
870,639
870,746
870,494
870,346
870,62
870,611
870,1128
870,19
870,115
870,527
870,1125
870,646
870,450
870,1115
870,866
870,208
870,616
870,970
870,857
870,743
870,20
870,380
870,260
870,751
870,110
870,320
870,305
870,396
870,1046
870,7
870,1077
870,652
870,419
870,331
870,522
870,13
870,490
870,620
870,1131
870,747
870,735
870,11
870,51
870,862
870,582
870,1127
870,869
870,947
870,578
870,195
870,1126
870,1083
870,543
870,1082
870,352
870,943
870,224
870,439
870,469
870,121
870,670
870,140
870,1070
870,539
870,902
870,958
870,999
870,1040
870,481
870,406
870,293
870,70
870,564
870,929
870,1020
870,525
870,410
870,155
870,274
870,908
870,993
870,230
870,217
870,186
870,131
870,271
870,887
870,191
870,299
870,468
870,12
870,688
870,471
870,711
870,371
870,860
870,1074
870,94
870,1017
870,383
870,367
870,341
870,124
870,336
870,138
870,659
870,403
870,573
870,587
870,800
870,723
870,117
870,675
870,201
870,782
870,682
870,776
870,9
870,154
870,407
870,1088
870,610
870,855
870,499
870,391
870,917
870,477
870,461
870,526
870,705
870,888
870,385
870,667
870,287
870,147
870,1130
870,1028
870,199
870,77
870,671
870,802
870,516
870,1110
870,91
870,568
870,602
870,740
870,1037
870,809
870,434
870,764
870,972
870,648
870,946
870,853
870,674
870,1054
870,829
870,16
870,989
870,1062
870,144
870,944
870,812
870,633
870,595
870,842
870,459
870,1052
870,294
870,517
870,585
870,63
870,492
870,213
870,493
870,175
870,290
870,145
870,1045
870,1000
870,136
870,713
870,957
870,626
870,101
870,179
870,472
870,694
870,498
870,205
870,702
870,523
870,446
870,291
870,109
870,961
870,535
870,696
870,338
870,719
870,17
870,1091
870,501
870,227
870,609
870,922
870,184
870,512
870,214
870,78
870,282
870,629
870,107
870,765
870,820
870,856
870,1095
870,72
870,158
870,486
870,1120
870,185
870,381
870,840
870,1023
870,965
870,73
870,897
870,513
870,340
870,831
870,562
870,913
870,108
870,69
870,149
870,307
870,372
870,1105
870,654
870,797
870,744
870,755
870,103
870,347
870,1005
870,813
870,502
870,65
870,25
870,447
870,99
870,926
870,102
870,167
870,753
870,955
870,901
870,422
870,394
870,21
870,377
870,977
870,375
870,931
870,766
870,770
870,54
870,127
870,333
870,817
870,317
870,428
870,680
870,708
870,32
870,462
870,642
870,921
870,904
870,937
870,412
870,360
870,64
870,757
870,826
870,964
870,135
870,31
870,1096
870,172
870,300
870,505
870,237
870,280
870,935
870,61
870,430
870,238
870,780
870,721
870,436
870,1016
870,655
870,819
870,194
870,1117
870,807
870,433
870,742
870,963
870,457
870,355
870,768
870,1053
870,959
870,329
870,1013
870,1086
870,880
870,503
870,995
870,879
870,624
870,245
870,26
870,756
870,893
870,781
870,1079
870,574
870,650
870,1043
870,350
870,400
870,541
870,976
870,24
870,22
870,1015
870,798
870,244
870,388
870,882
870,823
870,821
870,266
870,808
870,364
870,81
870,1014
870,46
870,779
870,4
870,302
870,1118
870,933
870,825
870,211
870,449
870,726
870,767
870,132
870,846
870,1067
870,665
870,868
870,538
870,480
870,799
870,889
870,415
870,401
870,162
870,161
870,1108
870,129
870,533
870,203
870,398
870,714
870,638
870,689
870,353
870,483
870,631
870,752
870,1113
870,777
870,837
870,28
870,164
870,495
870,851
870,10
870,296
870,1089
870,221
870,896
870,634
870,572
870,251
870,567
870,885
870,193
870,316
870,717
870,599
870,448
870,187
870,242
870,914
870,918
870,1129
870,1051
870,348
870,951
870,497
870,225
870,231
870,876
870,509
870,241
870,424
870,259
870,593
870,649
870,676
494,903
494,794
494,706
494,2
494,956
494,571
494,772
494,429
494,41
494,695
494,128
494,587
494,155
494,1044
494,758
494,622
494,576
494,163
494,830
494,248
494,86
494,332
494,473
494,833
494,615
494,130
494,663
494,930
494,594
494,285
494,1073
494,326
494,66
494,198
494,910
494,971
494,284
494,786
494,898
494,87
494,528
494,450
494,8
494,592
494,928
494,1076
494,207
494,475
494,1081
494,212
494,515
494,275
494,793
494,116
494,1123
494,112
494,361
494,658
494,153
494,1124
494,1056
494,452
494,1082
494,402
494,1055
494,703
494,137
494,1048
494,146
494,261
494,283
494,295
494,606
494,1017
494,199
494,1065
494,731
494,636
494,256
494,303
494,597
494,734
494,313
494,906
494,469
494,189
494,816
494,374
494,575
494,723
494,487
494,98
494,699
494,791
494,351
494,213
494,894
494,370
494,309
494,233
494,272
494,1018
494,419
494,1060
494,999
494,286
494,733
494,530
494,1080
494,948
494,458
494,1071
494,293
494,438
494,420
494,1119
494,1064
494,379
494,635
494,29
494,47
494,577
494,566
494,827
494,778
494,1078
494,974
494,984
494,652
494,891
494,818
494,557
494,839
494,105
494,451
494,1026
494,836
494,366
494,759
494,1033
494,932
494,579
494,1030
494,997
494,209
494,628
494,878
494,864
494,51
494,877
494,707
494,583
494,986
494,893
494,687
494,1031
494,358
494,568
494,761
494,383
494,359
494,308
494,226
494,235
494,343
494,616
494,147
494,991
494,849
494,684
494,586
494,224
494,1098
494,1103
494,588
494,740
494,80
494,875
494,979
494,1038
494,563
494,183
494,536
494,249
494,490
494,747
494,944
494,887
494,739
494,641
494,269
494,909
494,474
494,996
494,643
494,1063
494,232
494,466
494,344
494,498
494,867
494,1061
494,860
494,417
494,459
494,465
494,439
494,526
494,301
494,611
494,712
494,489
494,337
494,590
494,315
494,1029
494,188
494,1131
494,88
494,312
494,544
494,1062
494,655
494,384
494,36
494,1027
494,908
494,268
494,657
494,745
494,842
494,23
494,1039
494,527
494,85
494,532
494,785
494,976
494,90
494,668
494,342
494,861
494,345
494,1019
494,119
494,1046
494,196
494,443
494,68
494,859
494,62
494,17
494,371
494,405
494,1002
494,678
494,38
494,476
494,718
494,627
494,63
494,311
494,939
494,1090
494,905
494,640
494,871
494,1058
494,165
494,471
494,792
494,240
494,943
494,551
494,362
494,924
494,988
494,125
494,952
494,711
494,44
494,143
494,582
494,1035
494,813
494,279
494,446
494,306
494,885
494,656
494,787
494,751
494,993
494,373
494,803
494,74
494,264
494,840
494,1107
494,166
494,858
494,510
494,719
494,514
494,1054
494,672
494,1036
494,1104
494,357
494,743
494,1083
494,217
494,140
494,732
494,276
494,321
494,195
494,828
494,569
494,598
494,434
494,873
494,674
494,416
494,884
494,1006
494,39
494,223
494,43
494,535
494,222
494,1034
494,804
494,49
494,806
494,330
494,614
494,386
494,983
494,949
494,1095
494,299
494,511
494,810
494,899
494,262
494,1069
494,93
494,349
494,552
494,783
494,519
494,154
494,369
494,19
494,409
494,426
494,697
494,752
494,618
494,662
494,218
494,749
494,724
494,234
494,960
494,491
494,265
494,701
494,427
494,619
494,737
494,605
494,48
494,784
494,869
494,1110
494,917
494,139
494,65
494,389
494,556
494,82
494,1077
494,788
494,977
494,274
494,1009
494,320
494,728
494,401
494,1042
494,470
494,802
494,423
494,120
494,478
494,117
494,30
494,874
494,561
494,250
494,1045
494,367
494,407
494,780
494,554
494,902
494,686
494,647
494,578
494,603
494,376
494,1126
494,922
494,133
494,912
494,124
494,481
494,774
494,323
494,625
494,957
494,135
494,346
494,852
494,1041
494,354
494,539
494,589
494,862
494,192
494,182
494,892
494,228
494,298
494,422
494,394
494,114
494,221
494,1097
494,604
494,1059
494,352
494,730
494,959
494,776
494,104
494,260
494,187
494,169
494,173
494,403
494,650
494,782
494,1
494,1092
494,1100
494,12
494,811
494,15
494,92
494,660
494,913
494,239
494,493
494,1128
494,646
494,136
494,644
494,227
494,138
494,150
494,681
494,399
494,144
494,34
494,1049
494,1005
494,1120
494,954
494,585
494,958
494,387
494,890
494,435
494,442
494,1068
494,1093
494,215
494,11
494,620
494,857
494,7
494,160
494,76
494,263
494,848
494,273
494,855
494,254
494,994
494,9
494,378
494,58
494,1020
494,252
494,501
494,612
494,106
494,621
494,642
494,829
494,947
494,271
494,989
494,208
494,437
494,72
494,929
494,865
494,507
494,131
494,109
494,107
494,96
494,964
494,953
494,1008
494,162
494,83
494,1112
494,847
494,13
494,202
494,962
494,542
494,520
494,54
494,331
494,50
494,412
494,760
494,60
494,184
494,110
494,766
494,1096
494,694
494,385
494,863
494,84
494,682
494,504
494,764
494,639
494,832
494,529
494,460
494,796
494,972
494,669
494,626
494,324
494,287
494,126
494,610
494,843
494,565
494,200
494,445
494,6
494,546
494,294
494,64
494,1115
494,391
494,573
494,191
494,472
494,649
494,744
494,609
494,886
494,1127
494,35
494,897
494,305
494,651
494,946
494,713
494,159
494,676
494,817
494,348
494,40
494,277
494,300
494,1125
494,59
494,770
494,406
494,216
494,574
494,377
494,914
494,879
494,965
494,302
494,461
494,477
494,203
494,704
494,179
494,396
494,100
494,237
494,679
494,33
494,1091
494,1099
494,317
494,691
494,654
494,850
494,705
494,580
494,1089
494,648
494,480
494,415
494,245
494,1074
494,673
494,350
494,746
494,797
494,219
494,214
494,680
494,522
494,503
494,809
494,1024
494,230
494,157
494,499
494,20
494,121
494,259
494,457
494,831
494,659
494,282
494,763
494,838
494,258
494,21
494,410
494,304
494,525
494,533
494,709
494,132
494,185
494,97
494,497
494,523
494,714
494,595
494,1023
494,433
494,61
494,722
494,158
494,428
494,708
494,1032
494,115
494,186
494,73
494,16
494,464
494,1118
494,769
494,753
494,584
494,356
494,492
494,46
494,548
494,108
494,602
494,517
494,170
494,290
494,904
494,69
494,197
494,360
494,338
494,424
494,244
494,638
494,400
494,236
494,468
494,543
494,78
494,923
494,888
494,336
494,781
494,95
494,970
494,969
494,340
494,801
494,856
494,167
494,524
494,502
494,486
494,1117
494,45
494,661
494,671
494,720
494,756
494,432
494,688
494,149
494,866
494,10
494,375
494,194
494,767
494,152
494,807
494,666
494,689
494,805
494,800
494,820
494,1052
494,826
494,537
494,629
494,534
494,103
494,1010
494,931
494,307
494,936
494,880
494,633
494,390
494,1028
494,1129
494,541
494,835
494,837
494,768
494,176
494,812
494,698
494,950
494,325
494,495
494,418
494,81
494,1014
494,667
494,449
494,347
494,151
494,549
494,955
494,777
494,381
494,281
494,1037
494,142
494,925
494,726
494,1051
494,101
494,513
494,99
494,1053
494,280
494,1130
494,1003
494,441
494,353
494,721
494,907
494,175
494,696
494,444
494,448
494,201
494,1043
494,883
494,297
494,53
494,1088
494,161
494,608
494,632
494,206
494,729
494,765
494,935
494,411
494,91
494,562
494,790
494,210
494,372
494,675
494,242
494,762
494,172
494,599
494,945
494,512
494,821
494,70
494,333
494,896
494,755
494,1070
494,18
494,382
494,127
494,388
494,895
494,677
494,889
494,447
494,901
494,430
494,727
494,246
494,0
494,77
494,572
494,1022
494,538
494,134
494,853
494,921
494,1067
494,3
494,933
494,455
494,414
494,174
494,413
494,985
494,916
494,823
494,32
494,630
494,1050
494,564
494,168
494,204
494,870
494,624
494,1072
494,845
494,355
494,364
494,665
494,25
494,55
494,607
494,799
494,225
494,919
494,1013
494,815
494,998
494,567
494,241
494,436
494,702
494,398
494,1121
494,918
494,380
494,278
494,1106
494,129
494,42
494,4
494,456
494,990
494,341
494,421
494,876
494,1114
494,937
494,1015
494,24
494,266
494,267
494,593
494,462
494,940
494,882
494,220
494,690
494,716
494,145
494,825
494,963
494,631
494,717
494,488
494,1113
494,795
494,981
494,670
494,814
494,1040
494,509
494,545
494,291
494,102
494,26
494,94
494,431
494,289
494,328
494,966
494,479
494,516
494,1085
494,1102
494,1000
494,822
494,31
494,75
494,193
494,483
494,808
494,926
494,693
494,951
494,1047
494,920
494,995
494,467
494,141
494,771
494,89
494,368
494,559
494,485
494,750
494,961
494,393
494,700
494,496
494,742
494,851
494,558
494,335
494,978
494,22
494,692
494,316
494,1116
494,1108
494,1109
494,911
494,327
494,846
494,482
494,1086
494,288
494,408
494,798
494,454
494,550
494,942
494,982
494,980
494,637
494,1016
494,531
494,941
494,329
494,292
494,617
494,900
494,868
494,365
494,253
494,834
494,404
494,741
494,591
494,113
494,231
494,247
494,1105
494,547
494,613
494,1057
494,1066
494,683
494,505
494,395
494,1001
494,211
494,748
494,757
494,314
494,180
494,715
494,1122
494,463
494,600
494,754
494,238
494,634
494,243
494,484
494,319
822,41
822,903
822,910
822,528
822,1002
822,695
822,651
822,311
822,128
822,239
822,928
822,864
822,402
822,478
822,315
822,652
822,625
822,36
822,233
822,592
822,450
822,780
822,361
822,43
822,605
822,586
822,629
822,793
822,606
822,504
822,855
822,409
822,1042
822,438
822,766
822,830
822,286
822,898
822,385
822,769
822,386
822,446
822,899
822,119
822,299
822,218
822,976
822,240
822,656
822,69
822,477
822,144
822,6
822,207
822,1082
822,312
822,146
822,248
822,499
822,760
822,226
822,772
822,469
822,840
822,641
822,787
822,640
822,153
822,357
822,1059
822,1071
822,80
822,1089
822,970
822,687
822,1104
822,155
822,857
822,11
822,631
822,38
822,503
822,770
822,298
822,761
822,1029
822,708
822,359
822,516
822,621
822,1044
822,244
822,618
822,1
822,974
822,295
822,360
822,452
822,1124
822,130
822,1048
822,352
822,526
822,275
822,658
822,848
822,786
822,232
822,704
822,39
822,320
822,487
822,818
822,214
822,831
822,794
822,661
822,569
822,1028
822,199
822,513
822,574
822,663
822,109
822,1095
822,237
822,1036
822,784
822,718
822,636
822,859
822,556
822,354
822,956
822,552
822,333
822,827
822,587
822,491
822,294
822,490
822,1035
822,442
822,1107
822,290
822,1026
822,422
822,875
822,192
822,228
822,627
822,684
822,1019
822,99
822,954
822,383
822,139
822,231
822,81
822,126
822,104
822,711
822,944
822,972
822,24
822,202
822,745
822,300
822,907
822,861
822,544
822,615
822,332
822,1091
822,939
822,694
822,985
822,408
822,1103
822,368
822,892
822,234
822,1060
822,917
822,744
822,706
822,895
822,330
822,175
822,1064
822,566
822,582
822,579
822,989
822,810
822,110
822,309
822,143
822,284
822,224
822,396
822,88
822,800
822,384
822,416
822,759
822,272
822,476
822,161
822,771
822,561
822,866
822,18
822,614
822,273
822,1077
822,797
822,781
822,964
822,997
822,826
822,468
822,993
822,643
822,667
822,13
822,897
822,871
822,136
822,712
822,465
822,519
822,902
822,721
822,461
822,108
822,779
822,668
822,908
822,1056
822,107
822,839
822,131
822,278
822,707
822,879
822,74
822,63
822,543
822,564
822,262
822,439
822,66
822,157
822,260
822,522
822,948
822,189
822,680
822,23
822,878
822,280
822,874
822,537
822,1018
822,1006
822,719
822,217
822,756
822,29
822,204
822,138
822,206
822,1081
822,317
822,8
822,947
822,529
822,1065
822,805
822,737
822,58
822,269
822,1027
822,405
822,510
822,140
822,530
822,520
822,612
822,498
822,92
822,778
822,112
822,753
822,366
822,415
822,82
822,166
822,1015
822,843
822,578
822,475
822,1009
822,669
822,571
822,342
822,979
822,1017
822,949
822,222
822,394
822,407
822,1126
822,485
822,391
822,639
822,932
822,411
822,576
822,583
822,998
822,1045
822,836
822,984
822,714
822,170
822,76
822,263
822,470
822,59
822,351
822,183
822,291
822,807
822,1113
822,894
822,912
822,856
822,369
822,1038
822,849
822,91
822,635
822,1055
822,720
822,196
822,303
822,117
822,321
822,173
822,935
822,420
822,971
822,154
822,1020
822,539
822,577
822,337
822,419
822,209
822,551
822,7
822,95
822,464
822,1005
822,124
822,1078
822,671
822,603
822,480
822,1080
822,594
822,215
822,922
822,703
822,62
822,650
822,1050
822,134
822,568
822,429
822,423
822,725
822,115
822,85
822,532
822,545
822,86
822,723
822,378
822,813
822,755
822,1130
822,403
822,1058
822,343
822,702
822,515
822,399
822,977
822,752
822,672
822,517
822,867
822,418
822,988
822,328
822,776
822,742
822,12
822,860
822,832
822,87
822,644
822,198
822,717
822,457
822,662
822,727
822,53
822,893
822,1069
822,210
822,380
822,835
822,533
822,376
822,492
822,796
822,535
822,282
822,924
822,622
822,1110
822,869
822,853
822,619
822,611
822,536
822,562
822,1093
822,886
822,98
822,962
822,1090
822,542
822,838
822,444
822,349
822,820
822,389
822,488
822,223
822,17
822,103
822,649
822,655
822,20
822,51
822,817
822,802
822,724
822,193
822,120
822,285
822,472
822,2
822,197
822,1047
822,377
822,885
822,326
822,679
822,654
822,283
822,213
822,534
822,777
822,427
822,620
822,158
822,68
822,991
822,276
822,709
822,458
822,599
822,93
822,301
822,693
822,426
822,264
822,160
822,256
822,828
822,212
822,395
822,1096
822,788
822,424
822,507
822,647
822,179
822,588
822,308
822,891
822,182
822,221
822,116
822,1014
822,44
822,590
822,47
822,42
822,563
822,494
822,61
822,101
822,996
822,489
822,816
822,616
822,842
822,137
822,1092
822,281
822,1119
822,165
822,268
822,803
822,783
822,302
822,913
822,593
822,597
822,837
822,994
822,626
822,1067
822,296
822,1039
822,887
822,34
822,466
822,1046
822,572
822,880
822,792
822,406
822,344
822,906
822,966
822,1112
822,90
822,937
822,697
822,686
822,524
822,341
822,322
822,1023
822,258
822,728
822,573
822,147
822,850
822,523
822,288
822,604
822,430
822,185
822,433
822,785
822,665
822,398
822,774
822,410
822,1061
822,150
822,40
822,230
822,1063
822,983
822,1051
822,345
822,1041
822,245
822,265
822,801
822,145
822,628
822,946
822,19
822,49
822,445
822,142
822,261
822,97
822,960
822,1097
822,660
822,208
822,682
822,70
822,546
822,374
822,313
822,367
822,30
822,1128
822,114
822,676
822,888
822,595
822,925
822,689
822,459
822,434
822,681
822,921
822,585
822,758
822,602
822,1040
822,1054
822,678
822,370
822,733
822,1099
822,105
822,54
822,132
822,451
822,1131
822,829
822,812
822,252
822,731
822,986
822,873
822,931
822,486
822,188
822,471
822,267
822,502
822,527
822,236
822,877
822,60
822,657
822,176
822,610
822,467
822,274
822,133
822,905
822,0
822,1073
822,862
822,666
822,216
822,293
822,930
822,1010
822,474
822,159
822,277
822,978
822,609
822,443
822,167
822,909
822,743
822,1033
822,923
822,456
822,550
822,412
822,235
822,1121
822,414
822,762
822,791
822,200
822,764
822,121
822,648
822,205
822,747
822,473
822,884
822,448
822,918
822,1117
822,373
822,152
822,955
822,999
822,713
822,9
822,31
822,331
822,174
822,287
822,1122
822,172
822,511
822,1083
822,806
822,1062
822,1037
822,1127
822,811
822,1022
822,558
822,279
822,493
822,512
822,749
822,646
822,307
822,362
822,870
822,379
822,958
822,638
822,734
822,289
822,953
822,740
822,833
822,125
822,858
822,1049
822,852
822,375
822,169
822,990
822,336
822,1008
822,565
822,162
822,441
822,483
822,195
822,65
822,961
822,219
822,815
822,598
822,557
822,1098
822,1115
822,254
822,865
822,305
822,674
822,481
822,1032
822,739
822,227
822,765
822,338
822,48
822,249
822,1086
822,64
822,701
822,699
822,751
822,435
822,575
822,698
822,700
822,355
822,428
822,191
822,957
822,851
822,952
822,936
822,46
822,692
822,356
822,1013
822,371
822,642
822,187
822,554
822,584
822,77
822,904
822,393
822,509
822,981
822,323
822,847
822,541
822,404
822,382
822,83
822,799
822,596
822,194
822,250
822,673
822,21
822,630
822,677
822,514
822,782
822,549
822,1024
822,201
822,1031
822,358
822,1070
822,417
822,819
822,767
822,203
822,350
822,1034
822,26
822,324
822,390
822,911
822,1100
822,965
822,1066
822,246
822,163
822,266
822,340
822,525
822,969
822,1074
822,730
822,27
822,637
822,696
822,746
822,950
822,1125
822,15
822,94
822,763
822,4
822,809
822,449
822,495
822,432
822,348
822,100
822,1123
822,1129
822,127
822,589
822,963
822,914
822,168
822,306
822,316
822,691
822,959
822,106
822,889
822,1076
822,613
822,387
822,1109
822,863
822,823
822,479
822,882
822,346
822,353
822,184
822,259
822,919
822,33
822,454
822,688
822,1030
822,926
822,896
822,943
822,804
822,940
822,75
822,462
822,413
822,1114
822,929
822,795
822,501
822,683
822,768
822,890
822,72
822,437
822,748
822,834
822,381
822,580
822,845
822,1052
822,825
822,84
822,1120
822,372
822,1003
822,617
822,732
822,538
822,10
822,1075
822,102
822,436
822,35
822,901
822,995
822,883
822,1105
822,632
822,670
822,400
822,50
822,1053
822,798
822,1043
822,388
822,624
822,190
822,96
822,1118
822,149
822,757
822,1102
822,968
822,310
822,73
822,600
822,735
822,705
822,496
822,319
822,347
822,271
822,633
822,460
822,690
822,242
822,1116
822,329
822,16
822,151
822,238
822,980
822,32
822,89
822,555
822,675
822,251
822,591
822,28
822,841
700,490
700,921
700,69
700,855
700,944
700,78
700,801
700,1020
700,562
700,610
700,585
700,483
700,12
700,720
700,360
700,505
700,432
700,876
700,70
700,579
700,457
700,868
700,652
700,112
700,769
700,807
700,4
700,108
700,414
700,283
700,1022
700,175
700,708
700,361
700,1085
700,1000
700,541
700,312
700,972
700,561
700,846
700,724
700,903
700,486
700,394
700,478
700,294
700,679
700,477
700,594
700,1015
700,522
700,904
700,504
700,1108
700,372
700,138
700,354
700,1105
700,714
700,1005
700,1113
700,1045
700,164
700,649
700,302
700,176
700,592
700,550
700,140
700,231
700,948
700,565
700,683
700,852
700,946
700,810
700,132
700,753
700,564
700,134
700,89
700,534
700,795
700,939
700,856
700,221
700,963
700,128
700,834
700,446
700,995
700,1080
700,32
700,232
700,558
700,223
700,822
700,1117
700,152
700,717
700,631
700,142
700,154
700,341
700,600
700,501
700,220
700,61
700,982
700,405
700,957
700,808
700,415
700,333
700,54
700,1035
700,675
700,620
700,474
700,409
700,337
700,1077
700,813
700,385
700,507
700,422
700,1095
700,1023
700,764
700,204
700,296
700,65
700,159
700,174
700,298
700,317
700,151
700,41
700,552
700,390
700,718
700,1094
700,1009
700,1014
700,407
700,571
700,1004
700,621
700,770
700,1065
700,981
700,680
700,362
700,393
700,33
700,928
700,960
700,80
700,1027
700,273
700,566
700,110
700,556
700,24
700,387
700,133
700,251
700,226
700,402
700,662
700,161
700,941
700,469
700,574
700,102
700,187
700,858
700,1103
700,412
700,864
700,587
700,996
700,742
700,84
700,280
700,702
700,480
700,922
700,355
700,549
700,491
700,985
700,194
700,743
700,984
700,647
700,143
700,797
700,802
700,785
700,772
700,867
700,628
700,262
700,404
700,554
700,1002
700,737
700,582
700,851
700,624
700,932
700,997
700,285
700,569
700,1029
700,1038
700,612
700,678
700,656
700,1129
700,326
700,493
700,378
700,733
700,74
700,9
700,476
700,721
700,119
700,818
700,622
700,900
700,638
700,313
700,347
700,398
700,322
700,274
700,345
700,395
700,711
700,604
700,1078
700,641
700,1
700,499
700,461
700,434
700,880
700,335
700,87
700,511
700,343
700,1013
700,130
700,386
700,268
700,812
700,86
700,839
700,421
700,17
700,615
700,162
700,27
700,1006
700,420
700,555
700,357
700,406
700,658
700,248
700,1124
700,1043
700,424
700,170
700,315
700,1097
700,44
700,452
700,34
700,26
700,1066
700,282
700,442
700,688
700,528
700,898
700,575
700,1127
700,30
700,695
700,1042
700,590
700,1122
700,38
700,1091
700,750
700,1048
700,246
700,218
700,374
700,463
700,366
700,293
700,116
700,301
700,978
700,674
700,929
700,391
700,606
700,306
700,1030
700,330
700,994
700,1056
700,254
700,586
700,198
700,115
700,516
700,971
700,209
700,1063
700,735
700,431
700,1003
700,840
700,1090
700,238
700,913
700,961
700,104
700,275
700,1069
700,166
700,684
700,794
700,829
700,465
700,235
700,759
700,860
700,37
700,895
700,739
700,830
700,444
700,39
700,706
700,715
700,1102
700,783
700,403
700,673
700,351
700,519
700,788
700,842
700,1123
700,495
700,827
700,563
700,1130
290,1129
290,1019
290,47
290,535
290,105
290,573
290,74
290,831
290,497
290,491
290,505
290,0
290,132
290,807
290,978
290,632
290,81
290,470
290,299
290,629
290,110
290,102
290,1113
290,655
290,291
290,652
290,908
290,454
290,840
290,294
290,944
290,810
290,905
290,592
290,104
290,847
290,472
290,61
290,1043
290,671
290,1123
290,119
290,1064
290,685
290,428
290,457
290,301
290,593
290,648
290,979
290,32
290,1056
290,963
290,480
290,394
290,595
290,565
290,1065
290,996
290,13
290,720
290,478
290,569
290,860
290,138
290,300
290,754
290,855
290,777
290,921
290,90
290,343
290,941
290,726
290,1117
290,4
290,2
290,141
290,1023
290,143
290,770
290,1078
290,976
290,594
290,85
290,532
290,402
290,939
290,204
290,417
290,116
290,903
290,240
290,213
290,541
290,28
290,801
290,993
290,1122
290,597
290,719
290,1006
290,78
290,66
290,404
290,878
290,1080
290,711
290,876
290,164
290,220
290,887
290,708
290,166
290,888
290,1005
290,465
290,787
290,1018
290,899
290,571
290,128
290,1044
290,191
290,1008
290,650
290,474
290,758
290,955
290,880
290,275
290,283
290,1004
290,359
290,296
290,142
290,794
290,1061
290,626
290,221
290,217
290,646
290,613
290,139
290,260
290,791
290,1085
290,8
290,517
290,24
290,662
290,175
290,475
290,713
290,340
290,41
290,971
290,780
290,913
290,62
290,1102
290,830
290,1045
290,536
290,864
290,12
290,707
290,312
290,322
290,39
290,779
290,723
290,442
290,900
290,321
290,354
290,69
290,162
290,45
290,190
290,88
290,112
290,391
290,108
290,744
290,909
290,1082
290,1099
290,684
290,495
290,209
290,616
290,473
290,948
290,313
290,367
290,982
290,904
290,568
290,452
290,609
290,549
290,622
290,161
290,749
290,145
290,562
290,826
290,586
290,816
290,82
290,302
290,561
290,980
290,21
290,332
290,232
290,1026
290,997
290,469
290,651
290,1095
290,1027
290,894
290,697
290,194
290,848
290,461
290,832
290,351
290,577
290,533
290,893
290,284
290,519
290,246
290,875
290,606
290,619
290,429
290,705
290,703
290,384
290,951
290,151
290,737
290,362
290,93
290,337
290,1037
290,207
290,1103
290,383
290,249
290,63
290,507
290,657
290,1092
290,884
290,714
290,956
290,273
290,26
290,360
290,235
290,906
290,994
290,254
290,972
290,7
290,349
290,455
290,715
290,772
290,187
290,985
290,228
290,1077
290,579
290,829
290,1131
290,215
290,499
290,27
290,19
290,65
290,543
290,793
290,261
290,935
290,813
290,1059
290,1093
290,656
290,189
290,590
290,556
290,444
290,233
290,991
290,585
290,823
290,891
290,309
290,587
290,873
290,802
290,564
290,550
290,898
290,199
290,743
290,165
290,1124
290,774
290,544
290,304
290,834
290,857
290,1076
290,959
290,589
290,1072
290,1
290,43
290,1033
290,471
290,244
290,153
290,68
290,624
290,424
290,914
290,326
290,274
290,910
290,272
290,212
290,514
290,376
290,303
290,40
290,29
290,786
290,30
290,83
290,1035
290,140
290,390
290,1014
290,796
290,678
290,751
290,420
290,183
290,658
290,218
290,198
290,23
290,248
290,554
290,621
290,483
290,1110
290,1081
290,879
290,530
290,403
290,1083
290,438
290,330
290,114
290,1048
290,503
290,173
290,785
290,498
290,718
290,416
290,984
290,582
290,1098
290,121
290,1126
290,1017
290,977
290,943
290,524
290,70
290,732
290,386
290,683
290,1071
290,445
290,526
290,728
290,412
290,86
290,366
290,176
290,80
290,551
290,641
290,150
290,1090
290,115
290,458
290,661
290,983
290,686
290,276
290,818
290,52
290,476
290,842
290,861
290,574
290,734
290,1128
290,628
290,146
290,135
290,1073
290,867
290,406
290,753
290,205
290,295
290,344
290,188
290,405
290,1055
290,317
290,877
290,695
290,1001
290,795
290,355
290,1036
290,17
290,504
290,361
290,401
290,346
290,583
290,129
290,792
290,778
290,706
290,953
290,922
290,522
290,100
290,668
290,739
290,264
290,740
290,924
290,196
290,815
290,169
290,936
290,1046
290,372
290,98
290,489
290,1013
290,961
290,742
290,490
290,250
290,137
290,612
290,930
290,931
290,34
290,837
290,746
290,451
290,691
290,849
290,520
290,769
290,1112
290,1002
290,342
290,555
290,822
290,833
290,486
290,1096
290,576
290,1058
290,48
290,889
290,352
290,731
290,717
290,620
290,77
290,385
290,804
290,38
290,1108
290,724
290,902
290,515
290,974
290,529
290,528
290,836
290,92
290,154
290,846
290,124
290,644
290,866
290,377
290,998
290,988
290,130
290,952
290,136
290,761
290,588
290,159
290,871
290,195
290,981
290,1031
290,1050
290,315
290,1119
290,133
290,1091
290,1039
290,566
290,87
290,766
290,485
290,885
290,1063
290,511
290,10
290,642
290,797
290,752
290,970
290,231
290,928
290,439
290,268
290,269
290,277
290,167
290,531
290,307
290,35
290,660
290,1075
290,759
290,874
290,51
290,96
290,776
290,949
290,84
290,18
290,131
290,647
290,733
290,50
290,788
290,643
290,186
290,501
290,353
290,33
290,1107
290,1120
290,446
290,466
290,222
290,494
290,995
290,433
290,635
290,163
290,986
290,15
290,293
290,1034
290,1105
290,1097
290,134
290,1049
290,603
290,598
290,618
290,636
290,286
290,358
290,783
290,1068
290,3
290,152
290,663
290,1015
290,557
290,510
290,1042
290,552
290,279
290,827
290,467
290,285
290,414
290,1030
290,929
290,226
290,298
290,964
290,828
290,1029
290,375
290,784
290,946
290,627
290,435
290,853
290,396
290,1062
290,701
290,409
290,546
290,745
290,811
290,450
290,918
290,157
290,234
290,441
290,709
290,679
290,214
290,843
290,459
290,371
290,262
290,611
290,808
290,408
290,267
290,1020
290,200
290,11
290,712
290,241
290,427
290,202
290,1104
290,20
290,947
290,958
290,960
290,999
290,369
290,432
290,76
290,263
290,584
290,699
290,851
290,673
290,16
290,1003
290,357
290,117
290,1016
290,923
290,933
290,1127
290,311
290,859
290,1041
290,730
290,201
290,487
290,437
290,639
290,333
290,890
290,185
290,781
290,1054
290,669
290,411
290,370
290,852
290,803
290,1086
290,1060
290,602
290,182
290,839
290,605
290,539
290,281
290,615
290,422
290,477
290,625
290,760
290,674
290,259
290,693
290,373
290,640
290,345
290,670
290,144
290,280
290,912
290,869
290,865
290,664
290,58
290,224
290,395
290,932
290,689
290,282
290,580
290,1069
290,158
290,763
290,800
290,1118
290,106
290,672
290,610
290,338
290,638
290,75
290,681
290,227
290,989
290,1038
290,271
290,155
290,687
290,965
290,239
290,256
290,193
290,1047
290,1130
290,44
290,468
290,219
290,676
290,868
290,954
290,179
290,443
290,886
290,447
290,387
290,817
290,538
290,917
290,210
290,1074
290,415
290,324
290,49
290,782
290,393
290,462
290,91
290,95
290,418
290,197
290,700
290,882
290,1009
290,410
290,170
290,850
290,350
290,109
290,688
290,604
290,192
290,423
290,400
290,716
290,379
290,534
290,258
290,762
290,845
290,919
290,856
290,1115
290,527
290,374
290,630
290,835
290,36
290,378
290,126
290,659
290,806
290,147
290,516
290,667
290,425
290,107
290,962
290,413
290,542
290,60
290,160
290,926
290,798
290,481
290,399
290,389
290,907
290,682
290,120
290,308
290,1028
290,381
290,768
290,1125
290,1088
290,329
290,841
290,306
290,1053
290,31
290,950
290,460
290,251
290,265
290,216
290,654
290,548
290,67
290,22
290,493
290,578
290,863
290,729
290,125
290,599
290,614
290,897
290,305
290,398
290,940
290,892
290,419
290,73
290,748
290,356
290,103
290,1100
290,463
290,223
290,704
290,525
290,336
290,895
290,702
290,6
290,690
290,825
290,870
290,492
290,1070
290,89
290,1057
290,925
290,252
290,184
290,208
290,575
290,59
290,347
290,805
290,289
290,53
290,969
290,72
290,331
290,266
290,631
290,382
290,957
290,407
290,46
290,368
290,563
290,1040
290,320
290,1000
290,973
290,790
290,297
290,319
290,323
290,245
290,819
290,174
290,101
290,747
290,430
290,243
290,901
290,211
290,649
290,1089
290,812
290,756
290,54
290,1052
290,388
290,247
290,721
290,675
290,230
290,341
290,821
290,484
290,64
290,1121
290,764
290,448
290,348
290,1024
290,858
290,426
290,559
290,502
290,449
290,434
290,97
290,1114
290,741
290,25
290,42
290,365
290,634
290,316
290,666
290,225
290,967
290,479
290,288
290,920
290,767
290,1022
290,558
290,55
290,607
290,149
290,94
290,99
1003,108
1003,632
1003,794
1003,375
1003,411
1003,638
1003,754
1003,329
1003,614
1003,857
1003,481
1003,309
1003,840
1003,1024
1003,732
1003,749
1003,1037
1003,207
1003,778
1003,538
1003,707
1003,312
1003,826
1003,537
1003,261
1003,774
1003,1077
1003,19
1003,42
1003,486
1003,32
1003,860
1003,80
1003,972
1003,1049
1003,450
1003,998
1003,62
1003,31
1003,737
1003,724
1003,641
1003,393
1003,874
1003,590
1003,291
1003,903
1003,200
1003,833
1003,792
1003,240
1003,41
1003,349
1003,1100
1003,706
1003,859
1003,152
1003,674
1003,1127
1003,745
1003,87
1003,507
1003,435
1003,1124
1003,894
1003,624
1003,646
1003,847
1003,770
1003,479
1003,884
1003,192
1003,1098
1003,956
1003,928
1003,178
1003,506
1003,780
1003,1088
1003,213
1003,817
1003,818
1003,986
1003,786
1003,65
1003,189
1003,836
1003,597
1003,1029
1003,949
1003,143
1003,5
1003,511
1003,662
1003,444
1003,991
1003,407
1003,628
1003,423
1003,719
1003,176
1003,54
1003,688
1003,691
1003,559
1003,642
1003,565
1003,1020
1003,475
1003,136
1003,191
1003,961
1003,132
1003,353
1003,1078
1003,406
1003,66
1003,543
1003,202
1003,273
1003,943
1003,813
1003,359
1003,788
1003,505
1003,333
1003,469
1003,216
1003,1080
1003,782
1003,183
1003,711
1003,474
1003,581
1003,1036
1003,527
1003,673
1003,68
1003,758
1003,1110
1003,829
1003,134
1003,212
1003,208
1003,807
1003,888
1003,221
1003,89
1003,190
1003,295
1003,953
1003,759
1003,195
1003,123
1003,63
1003,491
1003,536
1003,582
1003,379
1003,776
1003,530
1003,941
1003,1035
1003,845
1003,285
1003,667
1003,1058
1003,977
1003,911
1003,885
1003,30
1003,458
1003,697
1003,74
1003,47
1003,753
1003,249
1003,703
1003,429
1003,473
1003,302
1003,1008
1003,615
1003,72
1003,1099
1003,1045
1003,913
1003,661
1003,246
1003,199
1003,305
1003,304
1003,150
1003,556
1003,362
1003,708
1003,101
1003,1054
1003,592
1003,669
1003,1095
1003,544
1003,497
1003,524
1003,135
1003,898
1003,378
1003,864
1003,1093
1003,651
1003,865
1003,997
1003,901
1003,128
1003,1027
1003,535
1003,1123
1003,577
1003,344
1003,696
1003,499
1003,338
1003,503
1003,431
1003,52
1003,387
1003,1039
1003,1071
1003,383
1003,571
1003,46
1003,744
1003,948
1003,8
1003,963
1003,1009
1003,219
1003,260
1003,810
1003,45
1003,50
1003,369
1003,165
1003,924
1003,982
1003,526
1003,1060
1003,551
1003,985
1003,232
1003,85
1003,532
1003,896
1003,981
1003,401
1003,139
1003,169
1003,23
1003,146
1003,618
1003,313
1003,819
1003,668
1003,1103
1003,248
1003,1016
1003,326
1003,28
1003,603
1003,629
1003,952
1003,843
1003,233
1003,116
1003,70
1003,925
1003,566
1003,441
1003,376
1003,308
1003,701
1003,979
1003,1086
1003,370
1003,1081
1003,211
1003,1019
1003,90
1003,105
1003,438
1003,827
1003,595
1003,513
1003,272
1003,1040
1003,204
1003,162
1003,289
1003,842
1003,40
1003,866
1003,343
1003,254
1003,612
1003,198
1003,635
1003,988
1003,636
1003,846
1003,783
1003,643
1003,420
1003,478
1003,279
1003,870
1003,586
1003,1025
1003,1069
1003,1042
1003,311
1003,611
1003,402
1003,978
1003,98
1003,684
1003,1033
1003,218
1003,366
1003,910
1003,1083
1003,102
1003,495
1003,460
1003,230
1003,1044
1003,971
1003,520
1003,848
1003,793
1003,412
1003,564
1003,6
1003,588
1003,587
1003,138
1003,728
1003,315
1003,765
1003,739
1003,422
1003,893
1003,816
1003,468
1003,296
1003,734
1003,220
1003,452
1003,853
1003,110
1003,60
1003,509
1003,145
1003,112
1003,926
1003,409
1003,137
1003,384
1003,133
1003,626
1003,439
1003,682
1003,404
1003,1061
1003,245
1003,400
1003,498
1003,995
1003,44
1003,419
1003,104
1003,39
1003,1120
1003,504
1003,751
1003,740
1003,797
1003,731
1003,947
1003,29
1003,752
1003,321
1003,1117
1003,679
1003,569
1003,59
1003,1096
1003,1122
1003,563
1003,217
1003,424
1003,561
1003,1028
1003,654
1003,215
1003,1102
1003,576
1003,317
1003,442
1003,957
1003,1118
1003,196
1003,395
1003,451
1003,161
1003,648
1003,284
1003,457
1003,10
1003,933
1003,1013
1003,735
1003,252
1003,908
1003,447
1003,993
1003,330
1003,73
1003,390
1003,114
1003,871
1003,155
1003,416
1003,336
1003,12
1003,21
1003,729
1003,1094
1003,262
1003,589
1003,620
1003,922
1003,386
1003,573
1003,568
1003,955
1003,117
1003,160
1003,869
1003,1005
1003,346
1003,880
1003,994
1003,265
1003,832
1003,107
1003,434
1003,61
1003,283
1003,9
1003,606
1003,166
1003,1017
1003,529
1003,675
1003,621
1003,825
1003,286
1003,24
1003,11
1003,258
1003,849
1003,939
1003,140
1003,17
1003,490
1003,173
1003,293
1003,803
1003,274
1003,415
1003,354
1003,324
1003,681
1003,1104
1003,449
1003,290
1003,203
1003,899
1003,222
1003,351
1003,671
1003,35
1003,891
1003,371
1003,574
1003,391
1003,633
1003,1064
1003,858
1003,1113
1003,930
1003,131
1003,144
1003,639
1003,124
1003,1015
1003,727
1003,361
1003,761
1003,1076
1003,550
1003,919
1003,388
1003,82
1003,678
1003,459
1003,13
1003,777
1003,282
1003,300
1003,443
1003,772
1003,599
1003,802
1003,280
1003,163
1003,228
1003,456
1003,275
1003,897
1003,109
1003,1041
1003,811
1003,465
1003,175
1003,1089
1003,831
1003,414
1003,796
1003,477
1003,989
1003,879
1003,616
1003,38
1003,151
1003,862
1003,619
1003,650
1003,188
1003,850
1003,301
1003,470
1003,822
1003,355
1003,575
1003,410
1003,332
1003,1131
1003,239
1003,237
1003,730
1003,932
1003,609
1003,583
1003,306
1003,627
1003,405
1003,81
1003,417
1003,501
1003,34
1003,445
1003,385
1003,698
1003,1034
1003,1050
1003,528
1003,625
1003,153
1003,712
1003,726
1003,1056
1003,514
1003,890
1003,36
1003,428
1003,1126
1003,658
1003,158
1003,86
1003,76
1003,263
1003,1031
1003,358
1003,454
1003,141
1003,94
1003,493
1003,601
1003,1107
1003,100
1003,1073
1003,264
1003,909
1003,489
1003,704
1003,784
1003,1018
1003,437
1003,471
1003,534
1003,179
1003,476
1003,51
1003,709
1003,320
1003,119
1003,466
1003,1
1003,394
1003,126
1003,1065
1003,480
1003,945
1003,303
1003,958
1003,878
1003,839
1003,360
1003,1030
1003,342
1003,962
1003,542
1003,186
1003,130
1003,652
1003,562
1003,852
1003,931
1003,381
1003,69
1003,256
1003,88
1003,413
1003,787
1003,877
1003,154
1003,929
1003,227
1003,446
1003,1006
1003,917
1003,815
1003,959
1003,352
1003,1068
1003,1130
1003,1119
1003,578
1003,231
1003,345
1003,983
1003,856
1003,644
1003,660
1003,791
1003,403
1003,969
1003,837
1003,686
1003,912
1003,554
1003,766
1003,269
1003,461
1003,996
1003,1059
1003,1097
1003,594
1003,157
1003,705
1003,43
1003,206
1003,235
1003,159
1003,756
1003,129
1003,223
1003,277
1003,695
1003,1055
1003,980
1003,764
1003,964
1003,79
1003,743
1003,33
1003,276
1003,337
1003,906
1003,1002
1003,659
1003,733
1003,672
1003,267
1003,694
1003,892
1003,357
1003,426
1003,250
1003,115
1003,1062
1003,1092
1003,1129
1003,427
1003,1128
1003,546
1003,821
1003,268
1003,828
1003,523
1003,634
1003,687
1003,622
1003,125
1003,182
1003,1109
1003,48
1003,692
1003,999
1003,806
1003,398
1003,548
1003,1048
1003,539
1003,194
1003,356
1003,1090
1003,1043
1003,723
1003,781
1003,714
1003,944
1003,164
1003,663
1003,722
1003,889
1003,863
1003,951
1003,1046
1003,174
1003,1108
1003,1125
1003,103
1003,868
1003,580
1003,149
1003,7
1003,584
1003,1105
1003,873
1003,984
1003,914
1003,331
1003,742
1003,834
1003,804
1003,172
1003,567
1003,377
1003,907
1003,22
1003,1112
1003,900
1003,610
1003,147
1003,605
1003,1032
1003,488
1003,494
1003,876
1003,243
1003,281
1003,1063
1003,823
1003,800
1003,887
1003,970
1003,226
1003,187
1003,18
1003,886
1003,399
1003,1014
1003,801
1003,487
1003,522
1003,234
1003,238
1003,867
1003,665
1003,253
1003,515
1003,861
1003,902
1003,1082
1130,930
1130,212
1130,369
1130,416
1130,2
1130,971
1130,1073
1130,703
1130,384
1130,274
1130,235
1130,276
1130,1036
1130,98
1130,877
1130,209
1130,924
1130,284
1130,730
1130,422
1130,337
1130,527
1130,219
1130,420
1130,285
1130,602
1130,260
1130,642
1130,35
1130,261
1130,658
1130,580
1130,740
1130,465
1130,208
1130,682
1130,30
1130,515
1130,303
1130,991
1130,586
1130,552
1130,451
1130,887
1130,636
1130,370
1130,867
1130,699
1130,858
1130,228
1130,1081
1130,910
1130,445
1130,1097
1130,218
1130,86
1130,198
1130,49
1130,469
1130,999
1130,250
1130,988
1130,443
1130,810
1130,583
1130,239
1130,434
1130,295
1130,501
1130,386
1130,429
1130,308
1130,747
1130,676
1130,106
1130,48
1130,1061
1130,207
1130,860
1130,80
1130,655
1130,406
1130,497
1130,903
1130,311
1130,732
1130,701
1130,546
1130,806
1130,249
1130,706
1130,116
1130,986
1130,783
1130,590
1130,674
1130,452
1130,159
1130,830
1130,399
1130,309
1130,1048
1130,1058
1130,275
1130,859
1130,672
1130,979
1130,731
1130,816
1130,852
1130,647
1130,498
1130,528
1130,829
1130,232
1130,576
1130,494
1130,85
1130,532
1130,678
1130,1027
1130,1033
1130,47
1130,539
1130,582
1130,126
1130,848
1130,215
1130,306
1130,1017
1130,803
1130,686
1130,345
1130,8
1130,792
1130,592
1130,898
1130,809
1130,511
1130,40
1130,38
1130,1031
1130,358
1130,376
1130,813
1130,362
1130,1019
1130,510
1130,114
1130,850
1130,1082
1130,1009
1130,264
1130,136
1130,366
1130,791
1130,960
1130,269
1130,147
1130,489
1130,589
1130,351
1130,761
1130,651
1130,1115
1130,566
1130,84
1130,1080
1130,718
1130,739
1130,199
1130,749
1130,1030
1130,625
1130,419
1130,598
1130,925
1130,367
1130,788
1130,281
1130,301
1130,1063
1130,1026
1130,1059
1130,1078
1130,1090
1130,536
1130,173
1130,1038
1130,759
1130,905
1130,93
1130,794
1130,643
1130,1112
1130,861
1130,525
1130,1006
1130,332
1130,1071
1130,326
1130,843
1130,438
1130,890
1130,6
1130,169
1130,352
1130,138
1130,947
1130,361
1130,43
1130,58
1130,143
1130,983
1130,109
1130,535
1130,221
1130,949
1130,473
1130,743
1130,112
1130,1065
1130,346
1130,878
1130,1091
1130,320
1130,487
1130,187
1130,1099
1130,627
1130,51
1130,189
1130,929
1130,578
1130,1110
1130,1104
1130,530
1130,74
1130,621
1130,697
1130,758
1130,1034
1130,984
1130,41
1130,728
1130,894
1130,343
1130,439
1130,828
1130,969
1130,874
1130,405
1130,628
1130,279
1130,663
1130,646
1130,639
1130,29
1130,72
1130,119
1130,943
1130,785
1130,533
1130,597
1130,873
1130,104
1130,466
1130,92
1130,950
1130,427
1130,669
1130,891
1130,426
1130,884
1130,609
1130,166
1130,342
1130,1056
1130,165
1130,140
1130,0
1130,620
1130,622
1130,254
1130,554
1130,133
1130,684
1130,723
1130,1083
1130,459
1130,15
1130,764
1130,224
1130,33
1130,912
1130,234
1130,796
1130,802
1130,349
1130,226
1130,124
1130,849
1130,939
1130,1041
1130,105
1130,128
1130,956
1130,379
1130,146
1130,480
1130,36
1130,774
1130,707
1130,442
1130,695
1130,373
1130,163
1130,23
1130,96
1130,130
1130,1052
1130,752
1130,932
1130,117
1130,412
1130,836
1130,827
1130,711
1130,444
1130,262
1130,551
1130,526
1130,679
1130,556
1130,786
1130,12
1130,870
1130,1062
1130,139
1130,287
1130,864
1130,428
1130,90
1130,1070
1130,793
1130,614
1130,641
1130,131
1130,1125
1130,357
1130,403
1130,401
1130,656
1130,137
1130,39
1130,1123
1130,507
1130,842
1130,1060
1130,417
1130,845
1130,755
1130,1054
1130,216
1130,46
1130,577
1130,248
1130,344
1130,615
1130,784
1130,185
1130,778
1130,227
1130,383
1130,908
1130,1018
1130,437
1130,871
1130,375
1130,514
1130,585
1130,997
1130,1008
1130,928
1130,893
1130,606
1130,1074
1130,63
1130,424
1130,691
1130,681
1130,588
1130,1103
1130,635
1130,495
1130,266
1130,202
1130,1035
1130,561
1130,504
1130,751
1130,273
1130,760
1130,44
1130,839
1130,605
1130,712
1130,974
1130,155
1130,595
1130,402
1130,233
1130,668
1130,389
1130,66
1130,1107
1130,458
1130,183
1130,186
1130,195
1130,544
1130,160
1130,19
1130,1029
1130,1064
1130,1055
1130,387
1130,644
1130,818
1130,471
1130,594
1130,745
1130,238
1130,865
1130,772
1130,619
1130,151
1130,571
1130,904
1130,470
1130,100
1130,410
1130,917
1130,922
1130,654
1130,603
1130,496
1130,300
1130,787
1130,548
1130,936
1130,660
1130,478
1130,733
1130,1005
1130,1039
1130,323
1130,423
1130,374
1130,371
1130,977
1130,359
1130,1
1130,768
1130,34
1130,16
1130,385
1130,222
1130,1042
1130,734
1130,245
1130,305
1130,657
1130,719
1130,604
1130,724
1130,286
1130,88
1130,575
1130,901
1130,886
1130,205
1130,652
1130,315
1130,1098
1130,468
1130,95
1130,863
1130,125
1130,821
1130,804
1130,1068
1130,258
1130,68
1130,271
1130,687
1130,776
1130,503
1130,491
1130,282
1130,272
1130,906
1130,700
1130,840
1130,217
1130,153
1130,1096
1130,154
1130,9
1130,1092
1130,616
1130,729
1130,213
1130,252
1130,587
1130,1051
1130,832
1130,866
1130,460
1130,833
1130,59
1130,1069
1130,73
1130,350
1130,659
1130,65
1130,476
1130,714
1130,1003
1130,230
1130,236
1130,449
1130,970
1130,1128
1130,240
1130,962
1130,542
1130,618
1130,811
1130,964
1130,662
1130,184
1130,492
1130,312
1130,283
1130,196
1130,1076
1130,677
1130,954
1130,1117
1130,411
1130,875
1130,563
1130,1100
1130,409
1130,472
1130,62
1130,435
1130,82
1130,722
1130,60
1130,299
1130,1093
1130,7
1130,486
1130,83
1130,780
1130,1044
1130,474
1130,640
1130,805
1130,952
1130,120
1130,665
1130,329
1130,573
1130,688
1130,976
1130,611
1130,612
1130,441
1130,223
1130,1120
1130,1124
1130,265
1130,670
1130,330
1130,17
1130,13
1130,192
1130,610
1130,200
1130,675
1130,70
1130,179
1130,862
1130,298
1130,838
1130,899
1130,490
1130,135
1130,144
1130,364
1130,1046
1130,958
1130,97
1130,944
1130,763
1130,448
1130,467
1130,24
1130,91
1130,557
1130,182
1130,354
1130,145
1130,321
1130,746
1130,313
1130,107
1130,709
1130,996
1130,800
1130,777
1130,225
1130,1014
1130,87
1130,801
1130,593
1130,626
1130,450
1130,1002
1130,708
1130,522
1130,1119
1130,953
1130,879
1130,902
1130,955
1130,188
1130,1053
1130,390
1130,391
1130,549
1130,246
1130,256
1130,1127
1130,1129
1130,880
1130,766
1130,172
1130,268
1130,1114
1130,324
1130,1050
1130,77
1130,348
1130,152
1130,477
1130,942
1130,869
1130,446
1130,648
1130,454
1130,705
1130,994
1130,993
1130,673
1130,197
1130,756
1130,377
1130,856
1130,735
1130,888
1130,413
1130,1057
1130,782
1130,64
1130,797
1130,103
1130,479
1130,517
1130,933
1130,1049
1130,837
1130,520
1130,569
1130,744
1130,965
1130,150
1130,919
1130,134
1130,935
1130,921
1130,892
1130,683
1130,1032
1130,698
1130,499
1130,989
1130,825
1130,191
1130,297
1130,42
1130,667
1130,634
1130,381
1130,857
1130,916
1130,819
1130,1131
1130,115
1130,638
1130,599
1130,693
1130,574
1130,959
1130,568
1130,101
1130,433
1130,247
1130,957
1130,565
1130,519
1130,331
1130,170
1130,847
1130,25
1130,972
1130,543
1130,1045
1130,889
1130,54
1130,713
1130,762
1130,1040
1130,110
1130,237
1130,1028
1130,1126
1130,737
1130,1010
1130,1024
1130,121
1130,584
1130,464
1130,162
1130,1075
1130,538
1130,290
1130,885
1130,1079
1130,10
1130,201
1130,868
1130,1020
1130,241
1130,378
1130,853
1130,61
1130,671
1130,414
1130,694
1130,835
1130,365
1130,765
1130,161
1130,231
1130,481
1130,69
1130,982
1130,1016
1130,795
1130,76
1130,263
1130,666
1130,50
1130,505
1130,11
1130,946
1130,141
1130,149
1130,242
1130,475
1130,831
1130,529
1130,572
1130,447
1130,940
1130,822
1130,457
1130,319
1130,382
1130,817
1130,482
1130,78
1130,158
1130,790
1130,3
1130,244
1130,289
1130,629
1130,980
1130,937
1130,293
1130,67
1130,923
1130,1000
1130,203
1130,897
1130,1118
1130,1095
1130,333
1130,21
1130,206
1130,1088
1130,704
1130,753
1130,102
1130,913
1130,973
1130,55
1130,607
1130,291
1130,1077
1130,45
1130,909
1130,591
1130,360
1130,341
1130,1015
1130,900
1130,167
1130,855
1130,559
1130,541
1130,211
1130,524
1130,727
1130,18
1130,132
1130,702
1130,20
1130,4
1130,823
1130,814
1130,1023
1130,948
1130,175
1130,812
1130,456
1130,579
1130,564
1130,94
1130,1108
1130,1089
1130,32
1130,876
1130,680
1130,407
1130,220
1130,259
1130,690
1130,356
1130,779
1130,400
1130,926
1130,523
1130,781
1130,436
1130,562
1130,396
1130,650
1130,214
1130,1122
1130,1106
1130,513
1130,455
1130,807
1130,483
1130,721
1130,882
1130,502
1130,430
1130,717
1130,108
1130,632
1130,368
1130,931
1130,961
1130,355
1130,661
1130,896
1130,726
1130,75
1130,380
1130,696
1130,81
1130,516
1130,990
1130,296
1130,493
1130,278
1130,1113
1130,914
1130,689
1130,826
1130,981
1130,194
1130,649
1130,267
1130,99
1130,770
1130,1043
1130,488
1130,415
1130,512
1130,1013
1130,317
1130,22
1130,1004
1130,907
1130,251
1130,31
1130,820
1130,118
1130,485
1130,336
1130,277
1130,1067
1130,631
1130,769
1130,394
1130,347
1130,113
1130,613
1130,204
1130,243
1130,398
1130,883
1130,177
1130,1086
1130,1105
1130,294
1130,425
1130,280
1130,127
1130,340
1130,895
1130,316
1130,846
1130,462
1130,142
1130,567
1130,26
1130,393
1130,176
1130,748
1130,372
1130,506
1130,157
1130,304
1130,608
1130,302
1130,985
1130,1094
1130,518
1130,808
1130,767
1130,716
1130,388
1130,624
1130,431
1130,951
1130,1037
1130,353
1130,193
1130,28
1130,685
1130,461
1130,692
1130,255
1130,1066
1130,1022
1130,558
1130,395
1130,432
1130,633
1130,601
1130,509
1130,178
1130,798
1130,963
1130,325
1130,741
1130,1109
1130,998
1130,844
1130,310
1130,404
1130,534
1130,174
1130,338
1130,799
1130,53
1130,27
1130,555
1130,995
1130,168
1130,1085
1130,129
1130,314
1130,750
1130,288
1130,945
928,128
928,640
928,842
928,875
928,1107
928,148
188,536
188,41
188,336
188,1119
188,965
188,509
188,361
188,903
188,201
188,888
188,944
188,146
188,367
188,958
188,499
188,755
188,221
188,450
188,1082
188,1042
188,53
188,498
188,579
188,648
188,21
188,805
188,820
188,541
188,280
188,1067
188,215
188,990
188,1086
188,382
188,433
188,609
188,1128
188,956
188,446
188,925
188,186
188,779
188,800
188,454
188,835
188,462
188,864
188,107
188,595
188,734
188,400
188,979
188,598
188,516
188,772
188,718
188,626
188,899
188,393
188,1023
188,293
188,569
188,381
188,13
188,290
188,430
188,728
188,926
188,1089
188,415
188,331
188,843
188,481
188,343
188,417
188,459
188,1077
188,690
188,1078
188,10
188,196
188,139
188,863
188,917
188,167
188,274
188,222
188,761
188,266
188,210
188,946
188,786
188,840
188,372
188,491
188,695
188,316
188,651
188,705
188,543
188,161
188,1103
188,63
188,896
188,674
188,901
188,829
188,574
188,1112
188,671
188,951
188,717
188,1115
188,1027
188,371
188,344
188,1091
188,892
188,986
188,348
188,860
188,551
188,85
188,532
188,923
188,20
188,342
188,1095
188,448
188,95
188,493
188,388
188,880
188,413
188,587
188,1069
188,228
188,442
188,320
188,711
188,721
188,136
188,1130
188,140
188,827
188,66
188,858
188,166
188,104
188,357
188,267
188,1126
188,184
188,812
188,947
188,157
188,403
188,1114
188,592
188,213
188,615
188,1049
188,513
188,955
188,44
188,414
188,709
188,561
188,849
188,299
188,261
188,658
188,836
188,993
188,475
188,1029
188,207
188,187
188,853
188,93
188,1040
188,943
188,652
188,445
188,73
188,369
188,559
188,47
188,390
188,707
188,241
188,321
188,120
188,488
188,1090
188,29
188,525
188,472
188,214
188,478
188,801
188,774
188,1
188,909
188,960
188,928
188,1071
188,248
188,352
188,605
188,713
188,818
188,1092
188,884
188,62
188,740
188,758
188,510
188,644
188,230
188,922
188,312
188,405
188,232
188,621
188,861
188,780
188,655
188,298
188,308
188,760
188,128
188,1081
188,170
188,565
188,19
188,1070
188,1018
188,468
188,672
188,842
188,1118
188,278
188,822
188,724
188,535
188,346
188,890
188,781
188,784
188,176
188,16
188,233
188,618
188,759
188,719
188,684
188,816
188,573
188,117
188,427
188,1062
188,522
188,714
188,766
188,562
188,630
188,563
188,798
188,777
188,794
188,226
188,1124
188,640
188,969
188,25
188,410
188,162
188,811
188,597
188,121
188,997
188,745
188,594
188,791
188,247
188,575
188,660
188,100
188,686
188,282
188,76
188,263
188,326
188,1073
188,362
188,1064
188,1030
188,209
188,458
188,227
188,539
188,667
188,1057
188,764
188,763
188,115
188,832
188,203
188,244
188,526
188,583
188,957
188,86
188,604
188,82
188,424
188,813
188,309
188,1035
188,732
188,628
188,32
188,643
188,256
188,576
188,906
188,144
188,582
188,469
188,646
188,902
188,154
188,852
188,155
188,212
188,733
188,333
188,112
188,949
188,69
188,1044
188,138
188,11
188,866
188,937
188,991
188,273
188,1034
188,323
188,431
188,982
188,538
188,692
188,879
188,804
188,1080
188,7
188,700
188,125
188,105
188,452
188,473
188,1100
188,953
188,663
188,182
188,634
188,302
188,428
188,444
188,847
188,130
188,471
188,999
188,584
188,1104
188,401
188,528
188,152
188,39
188,78
188,1028
188,279
188,416
188,1054
188,173
188,265
188,451
188,420
188,994
188,269
188,411
188,114
188,245
188,894
188,989
188,1125
188,438
188,345
188,657
188,802
188,68
188,330
188,1019
188,262
188,932
188,373
188,1065
188,697
188,356
188,768
188,296
188,6
188,566
188,1033
188,934
188,590
188,1046
188,494
188,437
188,1110
188,183
188,101
188,505
188,855
188,439
188,749
188,195
188,305
188,830
188,974
188,529
188,90
188,1120
188,1038
188,856
188,859
188,625
188,1043
188,43
188,954
188,656
188,423
188,920
188,778
188,678
188,1123
188,126
188,385
188,578
188,959
188,1020
188,1058
188,1008
188,912
188,748
188,1063
188,359
188,17
188,2
188,703
188,175
188,412
188,72
188,200
188,669
188,165
188,12
188,792
188,507
188,15
188,283
188,480
188,546
188,407
188,593
188,109
188,1129
188,743
188,378
188,303
188,465
188,1024
188,276
188,588
188,40
188,375
188,54
188,124
188,217
188,520
188,908
188,826
188,376
188,544
188,461
188,614
188,1056
188,571
188,524
188,219
188,1031
188,358
188,250
188,317
188,158
188,706
188,673
188,641
188,689
188,466
188,284
188,30
188,353
188,110
188,821
188,240
188,9
188,300
188,527
188,286
188,133
188,661
188,610
188,208
188,360
188,1052
188,845
188,70
188,905
188,354
188,746
188,803
188,332
188,487
188,910
188,1093
188,281
188,1074
188,631
188,930
188,694
188,38
188,627
188,898
188,771
188,46
188,976
188,169
188,883
188,985
188,490
188,142
188,429
188,340
188,380
188,485
188,153
188,338
188,568
188,137
188,533
188,81
188,470
188,88
188,586
188,191
188,337
188,285
188,602
188,350
188,135
188,409
188,294
188,504
188,512
188,751
188,878
188,216
188,235
188,530
188,418
188,351
188,422
188,23
188,58
188,649
188,1048
188,589
188,492
188,796
188,770
188,790
188,564
188,874
188,87
188,867
188,995
188,1039
188,268
188,271
188,3
188,945
188,681
188,931
188,676
188,1053
188,199
188,421
188,935
188,636
188,606
188,924
188,218
188,519
188,489
188,983
188,869
188,143
188,355
188,723
188,131
188,386
188,603
188,1076
188,739
188,483
188,246
188,398
188,1036
188,515
188,205
188,977
188,716
188,548
188,234
188,839
188,808
188,682
188,36
188,402
188,364
188,301
188,295
188,752
188,952
188,580
188,850
188,260
188,8
188,737
188,1000
188,476
188,1006
188,379
188,496
188,1059
188,806
188,225
188,259
188,399
188,149
188,275
188,554
188,108
188,865
188,477
188,971
188,523
188,556
188,92
188,783
188,223
188,857
188,712
188,198
188,887
188,249
188,502
188,970
188,828
188,793
188,893
188,1045
188,787
188,474
188,408
188,939
188,1026
188,34
188,426
188,679
188,1014
188,1061
188,160
188,313
188,65
188,756
188,654
188,383
188,585
188,365
188,552
188,150
188,151
188,807
188,147
188,306
188,61
188,189
188,83
188,687
188,258
188,511
188,848
188,981
188,460
188,50
188,59
188,202
188,613
188,1102
188,277
188,366
188,134
188,1010
188,891
188,443
188,103
188,747
188,688
188,708
188,514
188,396
188,1083
188,447
188,1131
188,837
188,940
188,757
188,18
188,642
188,936
188,851
188,236
188,14
188,91
188,264
188,611
188,964
188,996
188,486
188,1017
188,809
188,1015
188,691
188,782
188,239
188,77
188,272
188,347
188,1075
188,799
188,434
188,680
188,886
188,577
188,192
188,659
188,730
188,1005
188,391
188,862
188,349
188,831
188,726
188,895
188,929
188,116
188,599
188,457
188,224
188,441
188,291
188,1098
188,1055
188,699
188,834
188,871
188,742
188,897
188,467
188,242
188,315
188,1060
188,377
188,419
188,877
188,963
188,534
188,237
188,616
188,876
188,394
188,370
188,106
188,89
188,668
188,1106
188,368
188,900
188,1003
188,962
188,542
188,873
188,132
188,435
188,311
188,984
188,913
188,868
188,163
188,102
188,238
188,875
188,1037
188,159
188,666
188,1009
188,324
188,482
188,55
188,607
188,550
188,933
188,918
188,966
188,436
188,119
188,231
188,600
188,988
188,4
188,193
188,819
188,904
188,48
188,341
188,464
188,919
188,456
188,942
188,0
188,731
188,129
188,916
188,647
188,889
188,557
188,35
188,1107
188,1117
188,51
188,662
188,810
188,31
188,49
188,720
188,449
188,406
188,665
188,638
188,744
188,650
188,620
188,785
188,500
188,384
188,80
188,503
188,288
188,174
188,33
188,97
188,179
188,204
188,823
188,624
188,1051
188,24
188,795
188,635
188,701
188,683
188,921
188,45
188,98
188,287
188,254
188,788
188,289
188,704
188,374
188,60
188,1096
188,632
188,619
188,961
188,52
188,1108
188,67
188,948
188,1113
188,729
188,314
188,735
188,762
188,998
188,702
188,172
188,675
188,190
188,99
188,1068
188,825
188,815
188,1127
188,1041
188,319
188,497
188,42
188,387
188,252
188,1013
188,833
188,479
188,914
188,1016
188,696
188,617
188,1122
188,389
188,882
188,870
188,797
188,495
188,26
188,432
188,1085
188,148
188,677
188,220
188,941
188,973
188,698
188,177
188,555
188,612
188,194
188,633
188,1121
188,776
188,27
188,211
188,404
188,74
188,972
188,197
188,322
188,537
188,838
188,1088
188,185
188,814
188,549
188,425
188,741
188,978
188,817
188,1099
188,1011
188,180
188,1072
188,601
188,206
188,629
188,64
188,1105
188,670
188,304
188,297
188,307
188,693
188,84
188,501
188,328
188,395
188,1002
188,769
188,517
188,1097
188,685
188,327
188,28
188,581
188,1032
188,715
188,164
188,622
188,950
188,1050
188,1109
188,722
188,765
188,94
188,113
188,484
188,846
188,1004
188,753
188,907
188,531
188,545
188,639
188,145
188,911
188,22
188,329
188,767
188,967
188,1022
188,455
188,596
188,885
188,1047
188,463
188,1079
188,567
188,750
188,572
188,168
272,947
272,68
272,846
272,92
272,338
272,235
272,142
272,984
272,899
272,606
272,1031
272,358
272,796
272,724
279,608
279,694
279,68
279,1034
279,899
279,235
279,912
279,599
279,1043
279,612
279,224
279,380
279,658
279,398
279,861
279,772
974,167
974,142
974,68
974,861
974,903
974,298
267,903
267,592
267,41
267,493
267,831
267,663
267,860
267,407
267,797
267,1095
267,772
267,606
267,311
267,858
267,737
267,1080
267,695
267,619
267,155
267,579
267,984
267,128
267,207
267,218
267,332
267,552
267,475
267,928
267,742
267,622
267,277
267,807
267,694
267,116
267,899
267,947
267,153
267,652
267,864
267,9
267,126
267,296
267,283
267,85
267,532
267,1097
267,867
267,248
267,1038
267,517
267,948
267,656
267,99
267,909
267,1103
267,861
267,38
267,276
267,997
267,957
267,875
267,451
267,1071
267,274
267,586
267,793
267,115
267,384
267,972
267,403
267,1060
267,258
267,1065
267,309
267,130
267,343
267,317
267,166
267,658
267,416
267,344
267,818
267,1027
267,302
267,924
267,769
267,465
267,1047
267,442
267,260
267,285
267,342
267,894
267,944
267,330
267,672
267,718
267,298
267,1078
267,839
267,888
267,361
267,199
267,585
267,1034
267,197
267,237
267,47
267,417
267,261
267,179
267,1018
267,157
267,429
267,816
267,137
267,668
267,1099
267,786
267,528
267,568
267,461
267,499
267,569
267,1082
267,215
267,615
267,175
267,739
267,366
267,39
267,566
267,188
267,830
267,491
267,1090
267,222
267,13
267,703
267,536
267,758
267,112
267,1048
267,275
267,213
267,958
267,1069
267,906
267,680
267,34
267,131
267,49
267,1059
267,357
267,869
267,104
267,561
267,313
267,312
267,1131
267,1077
267,1063
267,26
267,731
267,895
267,628
267,707
267,163
267,226
267,636
267,189
267,827
267,647
267,299
267,684
267,932
267,1123
267,704
267,784
267,198
267,337
267,913
267,774
267,777
267,761
267,882
267,224
267,489
267,878
267,627
267,269
267,88
267,63
267,1030
267,340
267,391
267,939
267,405
267,891
267,596
267,531
267,415
267,931
267,133
267,885
267,657
267,143
267,956
267,1058
267,597
267,33
267,641
267,476
267,233
267,770
267,184
267,58
267,444
267,83
267,543
267,169
267,960
267,842
267,971
267,110
267,836
267,826
267,910
267,427
267,132
267,105
267,468
267,792
267,1130
267,520
267,351
267,420
267,359
267,907
267,333
267,373
267,369
267,196
267,168
267,1055
267,92
267,82
267,551
267,859
267,232
267,979
267,640
267,537
267,898
267,66
267,371
267,161
267,562
267,174
267,744
267,236
267,743
267,209
267,446
267,402
267,284
267,1073
267,238
267,282
267,1008
267,1125
267,208
267,935
267,999
267,1064
267,866
267,511
267,421
267,294
267,780
267,1107
267,240
267,36
267,354
267,1124
267,1036
267,959
267,692
267,833
267,949
267,1062
267,17
267,583
267,708
267,43
267,794
267,93
267,787
267,438
267,142
267,533
267,308
267,301
267,1042
267,745
267,626
267,450
267,326
267,649
267,728
267,644
267,810
267,571
267,781
267,727
267,902
267,62
267,3
267,855
267,950
267,720
267,380
267,530
267,140
267,519
267,676
267,1023
267,759
267,20
267,705
267,604
267,952
267,470
267,146
267,2
267,679
267,798
267,1049
267,686
267,478
267,1045
267,124
267,195
267,1056
267,953
267,892
267,293
267,210
267,158
267,595
267,594
267,643
267,411
267,654
267,194
267,443
267,871
267,386
267,139
267,706
267,504
267,778
267,611
267,19
267,87
267,487
267,917
267,609
267,331
267,848
267,136
267,516
267,409
267,201
267,90
267,1037
267,86
267,1076
267,535
267,825
267,893
267,544
267,791
267,1046
267,908
267,477
267,69
267,165
267,1092
267,125
267,51
267,618
267,1039
267,582
267,256
267,147
267,1031
267,358
267,756
267,46
267,989
267,494
267,605
267,466
267,1126
267,135
267,42
267,11
267,150
267,751
267,268
267,68
267,352
267,315
267,345
267,990
267,6
267,474
267,852
267,459
267,216
267,290
267,239
267,473
267,1104
267,764
267,590
267,843
267,912
267,457
267,991
267,1081
267,1017
267,1026
267,432
267,834
267,1019
267,621
267,642
267,235
267,977
267,396
267,1074
267,1044
267,498
267,21
267,1029
267,723
267,577
267,419
267,631
267,988
267,423
267,1128
267,449
267,295
267,362
267,183
267,811
267,303
267,436
267,472
267,425
267,73
267,376
267,996
267,349
267,287
267,788
267,724
267,387
267,138
267,23
267,1091
267,375
267,378
267,624
267,515
267,905
267,734
267,874
267,733
267,367
267,1004
267,803
267,426
267,804
267,154
267,815
267,1054
267,588
267,523
267,234
267,200
267,722
267,715
267,374
267,338
267,974
267,576
267,1119
267,828
267,265
267,625
267,887
267,890
267,678
267,249
267,1067
267,849
267,117
267,565
267,762
267,873
267,1002
267,688
267,60
267,30
267,946
267,464
267,24
267,119
267,167
267,452
267,740
267,254
267,883
267,72
267,541
267,698
267,573
267,660
267,884
267,462
267,835
267,719
267,469
267,699
267,802
267,80
267,490
267,669
267,701
267,603
267,870
267,545
267,7
267,97
267,614
267,48
267,439
267,549
267,410
267,983
267,259
267,230
267,651
267,1013
267,202
267,35
267,114
267,1122
267,526
267,747
267,1093
267,930
267,323
267,370
267,221
267,231
267,813
267,783
267,1043
267,170
267,512
267,486
267,346
267,159
267,360
267,529
267,424
267,134
267,54
267,564
267,4
267,152
267,1121
267,943
267,877
267,993
267,808
267,687
267,106
267,1098
267,59
267,193
267,61
267,612
267,1112
267,1028
267,1005
267,390
267,1033
267,847
267,965
267,690
267,286
267,922
267,8
267,109
267,671
267,1006
267,610
267,458
267,857
267,856
267,75
267,904
267,227
267,889
267,341
267,923
267,655
267,1022
267,160
267,712
267,711
267,383
267,1096
267,524
267,103
267,954
267,667
267,192
267,978
267,879
267,102
267,1020
267,817
267,648
267,522
267,108
267,29
267,697
267,766
267,824
267,554
267,377
267,144
267,1024
267,717
267,1110
267,665
267,510
267,10
267,223
267,629
267,646
267,840
267,936
267,752
267,1014
267,264
267,53
267,435
267,505
267,379
267,572
267,632
267,246
267,556
267,253
267,721
267,336
267,527
267,272
267,998
267,962
267,542
267,563
267,1040
267,100
267,1120
267,862
267,846
267,74
267,820
267,666
267,335
267,851
267,558
267,76
267,263
267,162
267,557
267,650
267,185
267,12
267,714
267,674
267,1035
267,399
267,1009
267,1052
267,422
267,578
267,187
267,279
267,15
267,587
267,252
267,838
267,1072
267,546
267,394
267,1113
267,880
267,40
267,484
267,78
267,589
267,292
267,1127
267,534
267,1
267,305
267,228
267,507
267,471
267,191
267,372
267,300
267,616
267,822
267,182
267,1085
267,525
267,805
267,433
267,1115
267,995
267,321
267,969
267,753
267,1061
267,514
291,562
291,337
291,652
291,133
291,361
291,594
291,69
291,579
291,402
291,283
291,302
291,1005
291,333
291,631
291,846
291,4
291,1095
291,78
291,1080
291,1030
291,70
291,921
291,534
291,354
291,9
291,474
291,74
291,802
291,478
291,764
291,312
291,461
291,128
291,807
291,550
291,124
291,17
291,1004
291,961
291,313
291,995
291,32
291,615
291,176
291,808
291,761
291,407
291,61
291,795
291,714
291,132
291,571
291,490
291,175
291,81
291,505
291,829
291,621
291,110
291,469
291,719
291,222
291,154
291,876
291,187
291,733
291,207
291,1031
291,358
291,442
291,743
291,742
291,839
291,422
291,711
291,683
291,1117
291,1027
291,702
291,1043
291,963
291,1056
291,414
291,391
291,767
291,903
291,65
291,1020
291,932
291,493
291,527
291,404
291,695
291,499
291,119
291,274
291,564
291,280
291,34
291,770
291,855
291,151
291,891
291,232
291,86
291,551
291,910
291,41
291,853
291,554
291,618
291,33
291,834
291,720
291,355
291,1063
291,944
291,406
291,685
291,161
291,941
291,1093
291,115
291,561
291,1015
291,24
291,972
291,30
291,785
291,624
291,568
291,585
291,164
291,955
291,173
291,12
291,611
291,651
291,409
291,1037
291,504
291,565
291,981
291,847
291,978
291,641
291,240
291,1124
291,867
291,1097
291,815
291,251
291,376
291,569
291,444
291,455
291,1081
291,997
291,1028
291,877
291,42
291,904
291,856
291,385
291,27
291,818
291,769
291,317
291,153
291,604
291,582
291,386
291,647
291,935
291,801
291,1072
291,587
291,218
291,285
291,321
291,827
291,783
291,125
291,520
291,610
291,198
291,188
291,674
291,708
291,717
291,47
291,137
291,780
291,1071
291,842
291,812
291,403
291,612
291,1090
291,155
291,231
291,374
291,26
291,943
291,282
291,590
291,1122
291,0
291,245
291,326
291,1105
291,606
291,1009
291,822
291,516
291,874
291,136
291,457
291,21
291,885
291,939
291,301
291,3
291,898
291,1059
291,574
291,528
291,1104
291,1110
291,139
291,680
291,543
291,658
291,860
291,306
291,970
291,650
291,362
291,522
291,214
291,530
291,340
291,1077
291,140
291,977
291,360
291,450
291,262
291,796
291,909
291,948
291,485
291,116
291,112
291,420
291,272
291,998
291,552
291,917
291,351
291,956
291,476
291,679
291,501
291,315
291,345
291,68
291,892
291,511
291,1091
291,576
291,1129
291,87
291,477
291,268
291,813
291,341
291,387
291,759
291,592
291,330
291,843
291,169
291,295
291,545
291,893
291,215
291,875
291,957
291,507
291,871
291,465
291,833
291,483
291,731
291,868
291,63
291,451
291,928
291,1065
291,689
291,675
291,724
291,99
291,549
291,831
291,654
291,322
291,1048
291,794
291,749
291,866
291,768
291,1
291,194
291,393
291,638
291,753
291,54
291,1019
291,686
291,787
291,307
291,427
291,797
291,962
291,542
291,566
291,38
291,100
291,1121
291,959
291,779
291,102
291,1103
291,264
291,395
291,29
291,213
291,922
291,390
291,718
291,1035
291,284
291,174
291,864
291,233
291,848
291,751
291,1123
291,300
291,470
291,763
291,199
291,1039
291,737
291,913
291,663
291,332
291,31
291,723
291,989
291,758
291,144
291,667
291,446
291,1018
291,343
291,699
291,378
291,246
291,870
291,1069
291,273
291,383
291,662
291,656
291,248
291,472
291,894
291,990
291,756
291,614
291,1098
291,92
291,900
291,1062
291,526
291,609
291,1094
291,792
291,954
291,349
291,556
291,649
291,657
291,473
291,778
291,777
291,628
291,991
291,129
291,249
291,772
291,424
291,134
291,1033
291,620
291,39
291,811
291,411
291,1085
291,372
291,486
291,416
291,79
291,498
291,832
291,1096
291,830
291,1099
291,352
291,59
291,642
291,573
291,701
291,732
291,1050
291,105
291,533
291,750
291,823
291,684
291,715
291,10
291,836
291,721
291,275
291,826
291,1013
291,277
291,441
291,293
291,985
291,850
291,949
291,575
291,423
291,890
291,776
291,510
291,541
291,43
291,357
291,704
291,1008
291,228
291,19
291,529
291,672
291,544
291,726
291,861
291,80
291,380
291,210
291,706
291,323
291,426
291,678
291,1060
291,849
291,316
291,375
291,905
291,130
291,45
291,1000
291,466
291,463
291,1024
291,745
291,974
291,1073
291,356
291,819
291,347
291,183
291,625
291,126
291,294
291,880
291,36
291,581
291,82
291,858
291,1078
291,412
291,83
291,85
291,532
291,580
291,727
291,162
291,299
291,49
291,311
291,1115
291,578
291,793
291,988
291,253
291,276
291,267
291,1102
291,195
291,873
291,433
291,712
291,1016
291,108
291,994
291,189
291,298
291,669
291,782
291,384
291,919
291,223
291,191
291,13
291,7
291,633
291,324
291,52
291,212
291,37
291,1040
291,709
291,687
291,309
291,555
291,1038
291,1108
291,931
291,90
291,399
291,443
291,84
291,734
291,936
291,365
291,494
291,697
291,1068
291,1042
291,405
291,20
291,947
291,1014
291,209
291,489
291,964
291,908
291,11
291,202
291,260
291,754
291,497
291,1113
291,703
291,438
291,946
291,88
291,114
291,744
291,1082
291,104
291,896
291,44
291,166
291,269
291,882
291,1017
291,512
291,117
291,51
291,432
291,138
291,762
291,983
291,926
291,369
291,224
291,728
291,838
291,971
291,639
291,76
291,263
291,907
291,757
291,661
291,531
291,588
291,852
291,600
291,902
291,73
291,803
291,364
291,281
291,980
291,200
291,226
291,979
291,605
291,107
291,690
291,960
291,296
291,182
291,1126
291,208
291,1119
291,506
291,23
291,475
291,1092
291,1029
291,216
291,286
291,739
291,503
291,1058
291,1083
291,1026
291,673
291,591
291,1044
291,519
291,417
291,254
291,840
291,389
291,800
291,480
291,924
291,367
291,1001
291,851
291,157
291,887
291,632
291,1055
291,1003
291,6
291,502
291,152
291,958
291,535
291,982
291,901
291,1064
291,784
291,143
291,563
291,413
291,546
291,945
291,646
291,170
291,693
291,219
291,888
291,781
291,235
291,603
291,159
291,464
291,513
291,230
291,613
291,342
291,192
291,539
291,163
291,722
291,747
291,986
291,418
291,193
291,1002
291,1067
291,28
291,952
291,366
291,993
291,2
291,665
291,178
291,996
291,1070
291,400
291,394
291,217
291,572
291,146
291,1041
291,878
291,265
291,471
291,648
291,809
291,953
291,106
291,557
291,788
291,752
291,965
291,239
291,8
291,999
291,951
291,66
291,131
291,237
291,452
291,398
291,220
291,707
291,626
291,370
291,336
291,459
291,310
291,1047
291,863
291,1074
291,643
291,190
291,791
291,410
291,109
291,167
291,660
291,583
291,50
291,637
291,344
291,627
291,1118
291,691
291,439
291,448
291,225
291,211
291,1100
291,221
291,1023
291,644
291,346
291,635
291,841
291,899
291,918
291,771
291,381
291,491
291,766
291,597
291,515
291,514
291,1045
291,676
291,805
291,629
291,359
291,350
291,238
291,327
291,668
291,320
291,698
291,1088
291,168
291,1025
291,292
291,517
291,96
291,710
291,236
291,371
291,584
291,303
291,1112
291,1036
291,40
291,694
291,259
291,179
291,1086
291,1131
291,969
291,835
291,786
291,165
291,147
291,536
291,77
291,622
291,227
291,377
291,328
291,816
291,186
291,353
291,184
291,288
291,94
291,930
291,1034
291,636
291,666
291,525
291,912
291,145
291,201
291,290
291,434
291,567
291,671
291,984
291,35
291,142
291,598
291,879
291,97
291,487
291,1006
291,976
291,121
291,135
291,437
291,428
291,204
291,886
291,60
291,1106
291,1066
291,197
291,700
291,429
291,158
291,577
291,1076
291,804
291,857
291,1107
291,495
291,180
291,258
291,379
291,250
291,458
291,279
291,548
291,730
291,48
291,895
291,817
291,824
291,234
291,329
291,419
291,431
291,46
291,421
291,373
291,396
291,93
291,774
291,98
291,923
291,677
291,884
291,331
291,1127
291,150
291,445
291,897
291,1054
291,16
291,929
291,454
291,261
291,810
291,682
291,72
291,828
291,436
291,968
291,185
291,484
291,1120
291,889
291,862
291,1061
291,1130
291,304
291,244
291,401
291,735
291,1125
291,449
291,586
291,488
291,869
291,62
291,435
291,966
291,559
291,933
291,589
291,160
291,1011
291,123
291,266
291,338
291,271
291,681
291,91
291,287
291,940
291,975
291,462
291,89
291,716
291,1046
291,865
291,692
291,14
291,837
291,537
291,196
291,482
291,127
291,599
291,256
291,64
291,602
291,760
291,467
291,15
291,806
291,460
291,18
291,775
291,308
291,335
291,883
291,937
291,655
291,844
291,25
291,278
291,696
291,141
291,906
291,595
291,740
291,305
291,149
291,640
291,925
291,608
291,252
291,616
291,408
291,741
291,492
291,619
291,914
291,255
291,859
291,825
291,382
291,688
291,58
291,1128
291,570
291,415
291,456
291,481
291,103
291,524
291,101
291,348
291,1032
291,241
291,920
291,967
291,5
291,713
291,798
291,289
291,120
291,430
291,1049
291,1052
291,748
291,206
291,820
291,1116
291,845
291,790
291,297
291,593
291,523
291,746
291,916
291,368
291,705
291,22
291,630
291,601
291,53
291,1007
291,319
291,799
291,118
291,1051
291,67
291,242
291,509
291,203
291,1089
291,1075
291,1079
291,973
291,670
291,95
291,55
291,607
291,950
291,496
291,113
291,425
291,148
291,821
291,479
291,1109
291,388
291,75
291,172
1045,718
1045,720
1045,372
1045,143
1045,1022
1045,769
1045,650
1045,164
1045,1020
1045,610
1045,110
1045,394
1045,706
1045,571
1045,388
1045,138
1045,473
1045,261
1045,855
1045,432
1045,151
1045,579
1045,142
1045,944
1045,830
1045,112
1045,8
1045,585
1045,622
1045,312
1045,126
1045,708
1045,78
1045,1065
1045,649
1045,349
1045,429
1045,956
1045,1008
1045,66
1045,643
1045,351
1045,971
1045,198
1045,212
1045,87
1045,416
1045,984
1045,997
1045,189
1045,558
1045,130
1045,294
1045,223
1045,566
1045,985
1045,552
1045,100
1045,335
1045,894
1045,519
1045,1029
1045,2
1045,147
1045,851
1045,590
1045,536
1045,889
1045,551
1045,841
1045,170
1045,663
1045,577
1045,381
1045,898
1045,1098
1045,202
1045,796
1045,842
1045,452
1045,465
1045,248
1045,421
1045,478
1045,86
1045,652
1045,606
1045,1063
1045,555
1045,445
1045,903
1045,256
1045,826
1045,489
1045,1069
1045,522
1045,88
1045,29
1045,1112
1045,924
1045,1103
1045,81
1045,707
1045,635
1045,1033
1045,49
1045,930
1045,818
1045,544
1045,1009
1045,249
1045,739
1045,592
1045,772
1045,290
1045,472
1045,700
1045,371
1045,427
1045,541
1045,12
1045,626
1045,801
1045,326
1045,557
1045,466
1045,1102
1045,584
1045,1104
1045,662
1045,1042
1045,128
1045,1125
1045,709
1045,43
1045,1078
1045,1081
1045,1031
1045,358
1045,974
1045,1123
1045,628
1045,301
1045,794
1045,109
1045,733
1045,678
1045,701
1045,928
1045,420
1045,786
1045,443
1045,921
1045,435
1045,405
1045,1058
1045,810
1045,740
1045,1018
1045,758
1045,529
1045,877
1045,657
1045,614
1045,734
1045,1090
1045,470
1045,315
1045,362
1045,15
1045,875
1045,531
1045,587
1045,82
1045,379
1045,269
1045,284
1045,1027
1045,948
1045,61
1045,41
1045,761
1045,912
1045,528
1045,337
1045,731
1045,742
1045,658
1045,137
1045,218
1045,268
1045,166
1045,1
1045,173
1045,867
1045,561
1045,910
1045,858
1045,671
1045,260
1045,1107
1045,641
1045,686
1045,84
1045,813
1045,91
1045,228
1045,165
1045,914
1045,1097
1045,568
1045,785
1045,684
1045,273
1045,104
1045,1092
1045,125
1045,994
1045,1006
1045,85
1045,532
1045,215
1045,576
1045,939
1045,646
1045,105
1045,1044
1045,92
1045,1019
1045,909
1045,510
1045,44
1045,1080
1045,1046
1045,647
1045,583
1045,597
1045,836
1045,816
1045,759
1045,1000
1045,595
1045,354
1045,507
1045,530
1045,199
1045,34
1045,913
1045,861
1045,724
1045,208
1045,286
1045,949
1045,366
1045,275
1045,905
1045,849
1045,219
1045,1130
1045,578
1045,167
1045,983
1045,114
1045,546
1045,986
1045,827
1045,309
1045,629
1045,753
1045,648
1045,342
1045,573
1045,222
1045,778
1045,712
1045,209
1045,990
1045,979
1045,804
1045,295
1045,878
1045,848
1045,90
1045,344
1045,1030
1045,474
1045,159
1045,803
1045,719
1045,299
1045,276
1045,154
1045,660
1045,192
1045,655
1045,625
1045,36
1045,874
1045,640
1045,752
1045,1049
1045,745
1045,76
1045,263
1045,850
1045,399
1045,38
1045,783
1045,438
1045,271
1045,1048
1045,367
1045,1064
1045,917
1045,952
1045,932
1045,859
1045,1073
1045,213
1045,1071
1045,402
1045,106
1045,884
1045,1119
1045,594
1045,385
1045,119
1045,419
1045,144
1045,636
1045,70
1045,609
1045,410
1045,691
1045,115
1045,93
1045,77
1045,340
1045,516
1045,746
1045,409
1045,899
1045,451
1045,695
1045,226
1045,378
1045,988
1045,792
1045,7
1045,829
1045,1126
1045,1035
1045,476
1045,891
1045,240
1045,943
1045,929
1045,1038
1045,59
1045,539
1045,227
1045,511
1045,732
1045,153
1045,217
1045,136
1045,856
1045,23
1045,98
1045,39
1045,40
1045,1082
1045,1061
1045,556
1045,47
1045,1036
1045,611
1045,871
1045,993
1045,183
1045,703
1045,679
1045,728
1045,343
1045,239
1045,857
1045,906
1045,535
1045,620
1045,272
1045,423
1045,574
1045,196
1045,80
1045,232
1045,303
1045,674
1045,182
1045,604
1045,187
1045,1023
1045,533
1045,230
1045,83
1045,133
1045,569
1045,618
1045,373
1045,355
1045,582
1045,140
1045,586
1045,68
1045,477
1045,48
1045,436
1045,311
1045,1128
1045,863
1045,651
1045,30
1045,389
1045,492
1045,721
1045,320
1045,598
1045,319
1045,403
1045,193
1045,332
1045,751
1045,605
1045,494
1045,969
1045,852
1045,526
1045,704
1045,346
1045,155
1045,1113
1045,479
1045,1056
1045,236
1045,250
1045,976
1045,669
1045,480
1045,459
1045,843
1045,603
1045,369
1045,1083
1045,787
1045,13
1045,832
1045,998
1045,1124
1045,504
1045,619
1045,324
1045,616
1045,588
1045,962
1045,542
1045,793
1045,116
1045,376
1045,846
1045,262
1045,357
1045,965
1045,697
1045,902
1045,361
1045,360
1045,770
1045,1026
1045,644
1045,486
1045,947
1045,1034
1045,374
1045,864
1045,442
1045,483
1045,207
1045,469
1045,996
1045,94
1045,191
1045,254
1045,279
1045,1002
1045,970
1045,285
1045,682
1045,1076
1045,233
1045,264
1045,246
1045,791
1045,1131
1045,554
1045,121
1045,152
1045,999
1045,1095
1045,806
1045,308
1045,1100
1045,195
1045,892
1045,150
1045,959
1045,102
1045,515
1045,51
1045,461
1045,953
1045,188
1045,175
1045,350
1045,1024
1045,520
1045,895
1045,873
1045,383
1045,185
1045,687
1045,737
1045,160
1045,1074
1045,893
1045,991
1045,654
1045,244
1045,563
1045,743
1045,514
1045,1059
1045,656
1045,370
1045,1115
1045,809
1045,101
1045,200
1045,265
1045,1052
1045,11
1045,124
1045,377
1045,980
1045,621
1045,282
1045,74
1045,321
1045,300
1045,1017
1045,524
1045,498
1045,391
1045,307
1045,62
1045,216
1045,426
1045,760
1045,194
1045,298
1045,989
1045,711
1045,163
1045,487
1045,699
1045,768
1045,776
1045,345
1045,593
1045,120
1045,964
1045,117
1045,1032
1045,352
1045,888
1045,9
1045,954
1045,1041
1045,491
1045,132
1045,575
1045,612
1045,252
1045,833
1045,384
1045,139
1045,146
1045,808
1045,441
1045,281
1045,784
1045,527
1045,411
1045,940
1045,1053
1045,386
1045,681
1045,960
1045,817
1045,17
1045,730
1045,935
1045,723
1045,747
1045,63
1045,234
1045,1099
1045,235
1045,1054
1045,805
1045,525
1045,463
1045,458
1045,1040
1045,1091
1045,499
1045,450
1045,627
1045,1096
1045,60
1045,434
1045,886
1045,287
1045,267
1045,437
1045,788
1045,390
1045,313
1045,359
1045,839
1045,58
1045,19
1045,35
1045,866
1045,946
1045,224
1045,840
1045,672
1045,615
1045,825
1045,781
1045,777
1045,862
1045,415
1045,811
1045,922
1045,65
1045,471
1045,667
1045,714
1045,1062
1045,589
1045,549
1045,387
1045,698
1045,184
1045,1055
1045,439
1045,214
1045,661
1045,688
1045,802
1045,908
1045,490
1045,896
1045,543
1045,460
1045,562
1045,1039
1045,417
1045,774
1045,680
1045,6
1045,1060
1045,375
1045,283
1045,169
1045,847
1045,428
1045,21
1045,958
1045,713
1045,668
1045,865
1045,161
1045,407
1045,957
1045,879
1045,890
1045,50
1045,955
1045,659
1045,538
1045,53
1045,869
1045,1093
1045,822
1045,488
1045,690
1045,1005
1045,135
1045,513
1045,831
1045,158
1045,422
1045,431
1045,744
1045,20
1045,412
1045,764
1045,475
1045,274
1045,72
1045,828
1045,694
1045,400
1045,726
1045,1077
1045,565
1045,356
1045,3
1045,95
1045,860
1045,293
1045,523
1045,642
1045,564
1045,782
1045,904
1045,936
1045,1070
1045,580
1045,870
1045,306
1045,433
1045,766
1045,464
1045,1120
1045,722
1045,331
1045,1108
1045,880
1045,505
1045,501
1045,258
1045,502
1045,800
1045,316
1045,591
1045,749
1045,16
1045,449
1045,961
1045,444
1045,517
1045,205
1045,676
1045,179
1045,54
1045,702
1045,107
1045,834
1045,1016
1045,414
1045,330
1045,1110
1045,670
1045,812
1045,157
1045,468
1045,430
1045,937
1045,46
1045,705
1045,779
1045,328
1045,780
1045,683
1045,206
1045,1117
1045,756
1045,341
1045,1050
1045,1028
1045,380
1045,210
1045,887
1045,317
1045,73
1045,485
1045,69
1045,484
1045,918
1045,923
1045,305
1045,978
1045,145
960,552
960,126
960,443
960,849
960,409
960,703
960,622
960,36
960,460
960,474
960,389
960,747
960,511
960,386
960,1124
960,1092
960,254
960,264
960,514
960,1039
960,974
960,793
960,159
960,1061
960,635
960,215
960,163
960,437
960,80
960,374
960,116
960,189
960,556
960,112
960,1076
960,84
960,565
960,563
960,1002
960,85
960,532
960,1119
960,571
960,86
960,465
960,209
960,997
960,301
960,39
960,732
960,586
960,557
960,137
960,891
960,106
960,988
960,442
960,345
960,351
960,733
960,691
960,1090
960,346
960,739
960,1049
960,1063
960,783
960,1038
960,1083
960,426
960,875
960,956
960,1093
960,262
960,848
960,939
960,1078
960,150
960,861
960,387
960,772
960,470
960,349
960,539
960,706
960,1073
960,313
960,60
960,423
960,114
960,252
960,379
960,471
960,378
960,774
960,983
960,1123
960,342
960,450
960,903
960,1125
960,370
960,627
960,272
960,804
960,306
960,283
960,250
960,218
960,629
960,894
960,852
960,183
960,473
960,510
960,384
960,606
960,566
960,35
960,695
960,1097
960,858
960,546
960,971
960,344
960,957
960,731
960,2
960,614
960,575
960,628
960,284
960,1080
960,792
960,662
960,44
960,910
960,1060
960,491
960,144
960,1112
960,672
960,38
960,791
960,133
960,639
960,235
960,260
960,1065
960,207
960,833
960,643
960,906
960,90
960,188
960,536
960,860
960,830
960,1005
960,1104
960,293
960,758
960,984
960,343
960,660
960,1044
960,261
960,416
960,1069
960,828
960,884
960,475
960,873
960,1056
960,258
960,759
960,930
960,119
960,909
960,315
960,1026
960,88
960,577
960,222
960,671
960,232
960,87
960,1029
960,659
960,1034
960,66
960,618
960,290
960,354
960,226
960,898
960,646
960,130
960,551
960,326
960,476
960,285
960,76
960,263
960,684
960,535
960,673
960,611
960,332
960,658
960,887
960,324
960,991
960,619
960,687
960,686
960,198
960,874
960,383
960,337
960,836
960,494
960,1054
960,93
960,908
960,723
960,924
960,615
960,835
960,309
960,709
960,892
960,103
960,1027
960,515
960,8
960,1127
960,962
960,542
960,996
960,371
960,656
960,794
960,160
960,248
960,666
960,857
960,41
960,986
960,228
960,249
960,827
960,663
960,761
960,700
960,839
960,806
960,1059
960,98
960,275
960,864
960,366
960,128
960,489
960,952
960,427
960,308
960,1030
960,120
960,948
960,592
960,818
960,269
960,1055
960,647
960,1103
960,1045
960,192
960,528
960,640
960,594
960,459
960,34
960,943
960,867
960,429
960,199
960,1041
960,420
960,72
960,212
960,405
960,554
960,682
960,23
960,590
960,360
960,921
960,724
960,602
960,49
960,877
960,912
960,803
960,886
960,81
960,810
960,295
960,147
960,101
960,153
960,576
960,788
960,785
960,51
960,279
960,391
960,668
960,493
960,578
960,1018
960,362
960,276
960,143
960,174
960,561
960,1042
960,786
960,83
960,173
960,196
960,224
960,1048
960,478
960,1071
960,657
960,435
960,312
960,452
960,30
960,869
960,544
960,357
960,47
960,850
960,597
960,78
960,256
960,718
960,208
960,699
960,734
960,636
960,402
960,745
960,817
960,169
960,200
960,216
960,273
960,504
960,603
960,1033
960,740
960,878
960,361
960,219
960,240
960,728
960,165
960,778
960,155
960,125
960,48
960,434
960,487
960,1019
960,146
960,139
960,713
960,712
960,890
960,303
960,928
960,612
960,905
960,466
960,438
960,932
960,583
960,796
960,520
960,105
960,899
960,979
960,1108
960,213
960,730
960,1099
960,588
960,422
960,376
960,1014
960,369
960,311
960,29
960,871
960,286
960,944
960,202
960,1064
960,233
960,69
960,1017
960,641
960,582
960,826
960,82
960,182
960,719
960,1095
960,77
960,385
960,652
960,102
960,445
960,604
960,562
960,195
960,411
960,124
960,1036
960,451
960,1058
960,1075
960,407
960,999
960,274
960,1006
960,529
960,280
960,410
960,74
960,230
960,43
960,1031
960,358
960,321
960,743
960,847
960,698
960,901
960,751
960,197
960,104
960,1081
960,115
960,701
960,13
960,1024
960,175
960,831
960,816
960,1035
960,579
960,166
960,131
960,519
960,1098
960,490
960,569
960,760
960,722
960,59
960,694
960,859
960,10
960,674
960,259
960,598
960,616
960,15
960,866
960,625
960,217
960,340
960,989
960,832
960,949
960,458
960,507
960,320
960,524
960,352
960,100
960,1100
960,1131
960,954
960,239
960,530
960,287
960,1009
960,1037
960,469
960,291
960,317
960,417
960,63
960,1046
960,347
960,1008
960,1032
960,766
960,441
960,1117
960,994
960,68
960,829
960,856
960,185
960,268
960,298
960,801
960,294
960,1000
960,1120
960,681
960,763
960,840
960,972
960,811
960,1105
960,501
960,1107
960,787
960,299
960,573
960,12
960,895
960,517
960,610
960,697
960,913
960,644
960,654
960,300
960,140
960,808
960,70
960,947
960,752
960,117
960,777
960,862
960,721
960,436
960,1118
960,865
960,651
960,367
960,53
960,223
960,1020
960,1
960,855
960,372
960,543
960,568
960,946
960,58
960,373
960,65
960,527
960,776
960,707
960,1015
960,737
960,64
960,477
960,880
960,302
960,110
960,377
960,784
960,135
960,963
960,40
960,678
960,472
960,278
960,359
960,1023
960,398
960,985
960,151
960,1052
960,399
960,419
960,1077
960,632
960,236
960,16
960,917
960,605
960,187
960,214
960,802
960,62
960,136
960,705
960,33
960,929
960,17
960,936
960,380
960,1115
960,1050
960,331
960,626
960,1053
960,4
960,650
960,19
960,918
960,735
960,620
960,305
960,1091
960,564
960,481
960,870
960,525
960,211
960,1062
960,92
960,480
960,457
960,589
960,851
960,193
960,415
960,1010
960,498
960,237
960,54
960,461
960,1082
960,1085
960,585
960,621
960,486
960,456
960,161
960,708
960,502
960,94
960,157
960,595
960,680
960,388
960,7
960,403
960,138
960,243
960,227
960,842
960,922
960,142
960,843
960,20
960,499
960,782
960,574
960,649
960,797
960,401
960,412
960,609
960,964
960,431
960,73
960,764
960,599
960,584
960,483
960,965
960,923
960,1128
960,1113
960,430
960,522
960,11
960,341
960,1102
960,961
960,669
960,958
960,981
960,893
960,381
960,282
960,1096
960,914
960,711
960,888
960,191
960,203
960,333
960,394
960,221
960,717
960,464
960,32
960,809
960,746
960,780
960,631
960,902
960,356
960,679
960,889
960,9
960,184
960,336
960,993
960,375
960,368
960,753
960,534
960,154
960,330
960,396
960,277
960,1088
960,267
960,714
960,176
960,492
960,897
960,108
960,667
960,162
960,541
960,509
960,1126
960,744
960,304
960,505
960,696
960,998
960,523
960,765
960,42
960,6
960,790
960,145
960,925
960,648
960,807
960,812
960,882
960,307
960,661
960,22
960,194
960,170
960,1016
960,433
960,400
960,742
960,95
960,446
960,134
960,179
960,770
960,1121
960,390
960,99
960,670
960,271
960,350
960,1040
960,234
960,822
960,109
960,428
960,18
960,89
960,449
960,970
960,935
960,853
960,868
960,533
960,805
960,439
960,749
960,526
960,462
960,704
960,690
960,580
960,642
960,1028
960,297
960,178
960,990
960,702
