Gene1,Gene2
BMI1,MECOM
BMI1,GFI1
BMI1,EBF1
BMI1,RUNX2
BMI1,GATA2
BMI1,PPM1H
BMI1,ESR1
BMI1,ARMC8
BMI1,TRIB2
BMI1,ZEB2
BMI1,ATP7B
BMI1,ALG11
BMI1,HOXA9
BMI1,MYO1D
BMI1,HLF
BMI1,IRF8
BMI1,GOLM1
BMI1,LCP1
BMI1,ASNS
BMI1,NR3C2
BMI1,TMEM56
BMI1,IKZF1
BMI1,ARID3B
BMI1,EYA1
BMI1,MAN1A
BMI1,TIFA
BMI1,SPHK1
BMI1,MEF2C
BMI1,TSPAN33
BMI1,GATM
BMI1,NFATC2
BMI1,PIK3C3
BMI1,THRB
BMI1,SQOR
BMI1,IRF5
BMI1,GFI1B
BMI1,METAP1D
BMI1,PLCG2
BMI1,SGO1
BMI1,ST8SIA4
BMI1,SNX10
BMI1,SLC25A21
BMI1,PSMF1
BMI1,PDE4B
BMI1,WDR75
BMI1,ETS1
BMI1,PRKCH
BMI1,GNB4
BMI1,ST3GAL6
BMI1,ANGPT1
BMI1,SALL2
BMI1,EPDR1
BMI1,CHAMP1
BMI1,RCOR1
BMI1,MYCN
BMI1,EYA2
BMI1,SLC11A2
BMI1,GCNT2
BMI1,AHR
BMI1,PBX1
BMI1,CARHSP1
BMI1,NDN
BMI1,GTF3C3
BMI1,BTRC
BMI1,IL27RA
BMI1,ANK
CBFB,MSH6
CBFB,SLC35A1
CBFB,COPG1
CBFB,ORC5
CBFB,NFE2
CBFB,HEMGN
CBFB,CALU
CBFB,LIMD2
CBFB,TIMM29
CBFB,OTUD6B
CBFB,WDR5
CBFB,NOP2
CBFB,PRDM4
CBFB,CLPTM1L
CBFB,DNAJC11
CBFB,SEH1L
CBFB,TES
CBFB,DNAJC10
CBFB,SNRNP200
CBFB,NDOR1
CBFB,ACSS2
CBFB,PCYT1A
CBFB,GARS
CBFB,NUF2
CBFB,RANGAP1
CBFB,ESYT2
CBFB,ARL6IP6
CBFB,NFXL1
CBFB,HSPA4L
CBFB,RPRD1B
CBFB,ATG16L1
CBFB,VPS26C
CBFB,PMPCA
CBFB,ERLIN2
CBFB,PKM
CBFB,ARMT1
CBFB,RCOR1
CBFB,UNK
CBFB,DCAF13
CBFB,SPNS2
CBFB,NFAT5
CBFB,PPAT
CBFB,CASP2
CBFB,NUDCD3
CBFB,CTPS
CBFB,PRKCH
CBFB,MORC3
CBFB,PGLYRP2
CBFB,ATAD2
CBFB,SUPT7L
CBFB,TMEM129
CBFB,TACC3
CBFB,DDX20
CBFB,EIF1AD
CBFB,TFR2
CBFB,RHOT1
CBFB,ATP2A3
CBFB,MIS12
CBFB,FAM76B
CBFB,GOSR2
CBFB,MIS18BP1
CBFB,WARS
CBFB,PFKM
CBFB,AP5M1
CBFB,STK25
CBFB,NCEH1
CBFB,CSTF2
CBFB,CLPX
CBFB,CRNKL1
CBFB,RABGGTB
CBFB,GMFB
CBFB,POLE3
CBFB,ACAP1
CBFB,EYA2
CBFB,PWP2
CBFB,INCENP
CBFB,BIRC5
CBFB,DUS1L
CBFB,RAD51AP1
CBFB,REXO4
CBFB,FIGNL1
CBFB,PJA2
CBFB,CLIC4
CBFB,TRMT2A
CBFB,9430015G10RIK
CBFB,COLGALT1
CBFB,PLEC
CBFB,SLC39A9
CBFB,GYPC
CBFB,CMPK2
CBFB,MED16
CBFB,FAR1
CBFB,RASSF5
CBFB,DDHD2
CBFB,1700017B05RIK
CBFB,PIK3R2
CBFB,ARMC8
CBFB,NUDT9
CBFB,XRCC6
CBFB,TREML2
CBFB,UBA5
CBFB,WDR36
CBFB,ANAPC2
CBFB,DUSP2
CBFB,GTF2H1
CBFB,HDAC7
CBFB,SERPINB9
CBFB,HCFC1
CBFB,DPH6
CBFB,RNF115
CBFB,CSGALNACT2
CBFB,PNO1
CBFB,CIPC
CBFB,RASAL3
CBFB,CENPE
CBFB,DCP1A
CBFB,SLC14A1
CBFB,PSMF1
CBFB,NGLY1
CBFB,ZFP143
CBFB,FEM1B
CBFB,C330018D20RIK
CBFB,DHX33
CBFB,CUL2
CBFB,CHMP7
CBFB,POLD1
CBFB,CHORDC1
CBFB,PHETA2
CBFB,NIF3L1
CBFB,UBAC1
CBFB,SCRN3
CBFB,EPS15
CBFB,RNF141
CBFB,RUVBL2
CBFB,CDC45
CBFB,XPC
CBFB,MTMR6
CBFB,CDCA5
CBFB,YPEL3
CBFB,ZDHHC6
CBFB,CDK1
CBFB,ABHD16A
CBFB,KAT7
CBFB,FCHSD2
CBFB,PRKAB1
CBFB,ACSS1
CBFB,NAA35
CBFB,DNPEP
CBFB,STXBP3
CBFB,TAB1
CBFB,PTPN12
CBFB,NT5DC1
CBFB,HMBS
CBFB,ZBTB20
CBFB,METAP1
CBFB,ZZZ3
CBFB,ATP7B
CBFB,ALG11
CBFB,TCP11L2
CBFB,LCP1
CBFB,XAB2
CBFB,TOX4
CBFB,HDGF
CBFB,ENPP4
CBFB,CYB5R3
CBFB,UBE2G2
CBFB,CRK
CBFB,SACM1L
CBFB,FGFR1OP
CBFB,ELAC2
CBFB,VPS33B
CBFB,CKAP5
CBFB,ZFP62
CBFB,PDE4B
CBFB,WDR75
CBFB,MBTPS1
CBFB,CLCN4
CBFB,WDR45B
CBFB,FNTA
CBFB,BCLAF3
CBFB,GTF2E1
CBFB,IFRD2
CBFB,GPR171
CBFB,EZR
CBFB,ZFP24
CBFB,TBCD
CBFB,GYPA
CBFB,PHAX
CBFB,MCM7
CBFB,IFT140
CBFB,ST8SIA4
CBFB,ATL2
CBFB,ISG20
CBFB,KIF11
CBFB,AURKA
CBFB,CNOT7
CBFB,PTDSS1
CBFB,CHP1
CBFB,ATG4B
CBFB,AHCYL1
CBFB,WDSUB1
CBFB,ZFP397
CBFB,UBR1
CBFB,RAD21
CBFB,LANCL2
CBFB,IPO9
CBFB,HAUS2
CBFB,ADK
CBFB,MCM4
CBFB,CEP70
CBFB,SRSF1
CBFB,NOL9
CBFB,BAP1
CBFB,DEK
CBFB,ARHGAP15
CBFB,STAT3
CBFB,PRMT7
CBFB,NOLC1
CBFB,HARS2
CBFB,HARS
CBFB,RNF139
CBFB,FASTKD2
CBFB,COA5
CBFB,THUMPD3
CBFB,MOGS
CBFB,CDCA3
CBFB,CTR9
CBFB,CNOT10
CBFB,SLC31A1
CBFB,MARS
CBFB,TFRC
CBFB,UROS
CBFB,PTCD3
CBFB,SLA2
CBFB,NUDCD1
CBFB,MGST3
CBFB,RFC4
CBFB,TCF12
CBFB,GFI1
CBFB,FAM45A
CBFB,CUL3
CBFB,CDCA8
CBFB,NCAPH
CBFB,EFTUD2
CBFB,MIOS
CBFB,BLZF1
CBFB,D10WSU102E
CBFB,UBR7
CBFB,CDCA4
CBFB,PPOX
CBFB,ELP3
CBFB,FAM168B
CBFB,MEMO1
CBFB,RNF145
CBFB,HIST1H1C
CBFB,COPS8
CBFB,ABTB1
CBFB,VKORC1L1
CBFB,GALK2
CBFB,DUSP1
CBFB,ADAMTS10
CBFB,TBL3
CBFB,SPTBN1
CBFB,ITSN1
CBFB,ZYX
CBFB,CENPO
CBFB,VPS33A
CBFB,PACSIN2
CBFB,SATB1
CBFB,NDC1
CBFB,HACD3
CBFB,CRBN
CBFB,UAP1
CBFB,VIM
CBFB,FAM136A
CBFB,EIF2B1
CBFB,MIEF1
CBFB,MTREX
CBFB,DOK2
CBFB,ZFP655
CBFB,CCNE2
CBFB,PLD3
CBFB,NECAP2
CBFB,PLIN3
CBFB,FARSB
CBFB,NFKBIA
CBFB,USF3
CBFB,CPOX
CBFB,DENND1C
CBFB,LPCAT3
CBFB,ILVBL
CBFB,KPNA3
CBFB,NDUFV1
CBFB,RRM1
CBFB,SDHAF2
CBFB,CUL4A
CBFB,ZFP672
CBFB,MINPP1
CBFB,ICE1
CBFB,HERC4
CBFB,USP37
CBFB,ABCB8
CBFB,NCAPD2
CBFB,ASAH1
CBFB,TTF1
CBFB,NUBP2
CBFB,D1ERTD622E
CBFB,POLR3F
CBFB,FOXRED1
CBFB,SP4
CBFB,CKS1B
CBFB,SCFD1
CBFB,P2RY14
CBFB,ALKBH8
CBFB,PSMD9
CBFB,NELFB
CBFB,SETD2
CBFB,RARS
CBFB,NR4A1
CBFB,HDAC2
CBFB,UBASH3A
CBFB,BYSL
CBFB,TMEM68
CBFB,TIMM50
CBFB,AFF4
CBFB,ZDHHC13
CBFB,TUBGCP2
CBFB,ABI1
CBFB,PSTPIP1
CBFB,TSPAN3
CBFB,NUP155
CBFB,SGO1
CBFB,MARCH5
CBFB,PBK
CBFB,SMC2
CBFB,PSMD6
CBFB,WDR73
CBFB,NEK9
CBFB,CPT2
CBFB,MXD3
CBFB,AHCTF1
CBFB,CAST
CBFB,NSMAF
CBFB,PHB2
CBFB,CYP20A1
CBFB,MED22
CBFB,E2F8
CBFB,TPX2
CBFB,NRF1
CBFB,DCK
CBFB,FOS
CBFB,TSPAN14
CBFB,PICALM
CBFB,POLR1B
CBFB,ABCB4
CBFB,SHCBP1
CBFB,PPP6C
CBFB,MFSD1
CBFB,PACS1
CBFB,UBXN2B
CBFB,ZFP35
CBFB,RORC
CBFB,FKBP1A
CBFB,CTSE
CBFB,ITIH5
CBFB,TRMT6
CBFB,P2RX4
CBFB,FAAP100
CBFB,VPS35
CBFB,ORC6
CBFB,CISH
CBFB,MFN2
CBFB,MAD2L1
CBFB,DPP8
CBFB,DTL
CBFB,NCAPG2
CBFB,NFE2L2
CBFB,NUP93
CBFB,ANXA5
CBFB,GTF2F1
CBFB,ATP13A1
CBFB,MAU2
CBFB,MAPK1
CBFB,RNF19A
CBFB,WDR4
CBFB,RMND5A
CBFB,LAP3
CBFB,VAMP3
CBFB,OASL2
CBFB,SMIM5
CBFB,RGCC
CBFB,LRRC8C
CBFB,DCAF11
CBFB,OPTN
CBFB,SLC20A1
CBFB,FZR1
CBFB,RPA2
CBFB,CRIP2
CBFB,AAR2
CBFB,SGPL1
CBFB,GTF3C3
CBFB,NUP85
CBFB,PCCA
CBFB,4833439L19RIK
CBFB,CENPK
CBFB,ZFP367
CBFB,GOLT1B
CBFB,HSPH1
CBFB,ME2
CBFB,DRAM2
CBFB,CEPT1
CBFB,TMEM186
CBFB,LMBRD1
CBFB,MCM6
CBFB,RFESD
CBFB,SMAD2
CBFB,PIK3C3
CBFB,EXOC3
CBFB,AP1B1
CBFB,KLF1
CBFB,TMX1
CBFB,EXOC2
CBFB,ARL8B
CBFB,ZFP322A
CBFB,SPPL2A
CBFB,NARFL
CBFB,RNF4
CBFB,SLC18A2
CBFB,FPGS
CBFB,CNIH1
CBFB,NUP107
CBFB,MYNN
CBFB,CACFD1
CBFB,ACAA2
CBFB,RCC1
CBFB,WDHD1
CBFB,AURKB
CBFB,FEM1A
CBFB,LDAH
CBFB,LONP1
CBFB,PQLC1
CBFB,CENPF
CBFB,TOPORS
CBFB,XRCC3
CBFB,STEAP3
CBFB,MRM1
CBFB,CCNA2
CBFB,PLAG1
CBFB,HNRNPLL
CBFB,TARS
CBFB,ZFP110
CBFB,LYRM4
CBFB,KIF20B
CBFB,FBXO5
CBFB,ETF1
CBFB,ATG12
CBFB,AP3S1
CBFB,RB1
CBFB,ODC1
CBFB,COPB1
CBFB,FTSJ3
CBFB,TRPV2
CBFB,ADO
CBFB,SLC25A38
CBFB,NCLN
CBFB,GOLPH3
CBFB,PITRM1
CBFB,ANAPC4
CBFB,STXBP4
CBFB,TMEM168
CBFB,MTHFD1
CBFB,GYG
CBFB,CENPA
CBFB,RANBP3
CBFB,BTRC
CBFB,TASP1
CBFB,PLAA
CBFB,XRCC5
CBFB,CDT1
CBFB,STAP1
CBFB,DNAJC5
CBFB,TRIM30A
CBFB,NIT1
CBFB,KLHL24
CBFB,ARHGEF6
CBFB,HUS1
CBFB,DOCK2
CBFB,IRF1
CBFB,2610301B20RIK
CBFB,MCM3
CBFB,MYO1D
CBFB,SESN1
CBFB,COQ8A
CBFB,CDK19
CBFB,POGLUT1
CBFB,DNM1L
CBFB,ZFP451
CBFB,RNF13
CBFB,NASP
CBFB,NR2C1
CBFB,LPIN2
CBFB,HNRNPAB
CBFB,CD1D1
CBFB,UHRF1
CBFB,SLC19A1
CBFB,SNAPC3
CBFB,COG6
CBFB,TTF2
CBFB,TCF19
CBFB,NEDD1
CBFB,RCSD1
CBFB,GM2A
CBFB,COG7
CBFB,PRELID3B
CBFB,GFM1
CBFB,SMARCA2
CBFB,HSDL1
CBFB,CCNF
CBFB,ARHGAP4
CBFB,JPT2
CBFB,DIS3L2
CBFB,REL
CBFB,ZFP961
CBFB,UROD
CBFB,CTNNA1
CBFB,RMND5B
CBFB,GSTM1
CBFB,TVP23B
CBFB,CKAP2L
CBFB,NAE1
CBFB,MRPL37
CBFB,XK
CBFB,MTAP
CBFB,SNRPB
CBFB,PTDSS2
CBFB,CHMP3
CBFB,LDHB
CBFB,PSMD5
CBFB,MCM5
CBFB,NCAPG
CBFB,MYCN
CBFB,SEPT6
CBFB,PIP4K2A
CBFB,GNAI3
CBFB,MT2
CBFB,LIG1
CBFB,GSKIP
CBFB,GMCL1
CBFB,APLP2
CBFB,PA2G4
CBFB,ALG9
CBFB,B230219D22RIK
CBFB,IL21R
CBFB,SLC30A5
CBFB,NAA50
CBFB,FECH
CBFB,ATP6V1A
CBFB,PPIL4
CBFB,PLK1
CBFB,FBXW5
CBFB,DHFR
CBFB,ACOX1
CBFB,HAGH
CBFB,TMEM177
CBFB,ALDH18A1
CBFB,TBC1D15
CBFB,SPC25
CBFB,ELP2
CBFB,CASP3
CBFB,CYTH4
CBFB,VAV1
CBFB,METTL8
CBFB,RHOF
CBFB,CAPN7
CBFB,PRKAA1
CBFB,HMGB2
CBFB,ZKSCAN3
CBFB,ASB8
CBFB,BCAP29
CBFB,ARAP1
CBFB,SMIM15
CBFB,OAT
CBFB,STT3B
CBFB,KIDINS220
CBFB,NUSAP1
CBFB,SLC39A10
CBFB,MKI67
CBFB,RASA3
CBFB,BUB1B
CBFB,IL27RA
CBFB,HEATR5A
CBFB,WDR6
CBFB,TTLL12
CBFB,DLST
CBFB,TMEM64
CBFB,PSEN2
CBFB,RRM2
CBFB,NADK
CBFB,RELB
CBFB,GEMIN5
CBFB,DPH2
CBFB,MBOAT2
CBFB,PAFAH1B2
CBFB,INTS8
CBFB,ZFP871
CBFB,UBA7
CBFB,LRRC14
CBFB,HMMR
CBFB,CHAMP1
CBFB,PIGQ
CBFB,METAP1D
CBFB,CTLA2A
CBFB,UAP1L1
CBFB,MAPK9
CBFB,ZSCAN21
CBFB,PRIM2
CBFB,POLR2B
CBFB,SQLE
CBFB,BUB1
CBFB,MTO1
CBFB,CBX7
CBFB,USP4
CBFB,ZBTB43
CBFB,USP10
CBFB,ZKSCAN6
CBFB,FADS1
CBFB,XPR1
CBFB,SSX2IP
CBFB,LCP2
CBFB,CHUK
CBFB,BTAF1
CBFB,TM7SF3
CBFB,IPO4
CBFB,ABCD3
CBFB,TFG
CBFB,RABIF
CBFB,CTSC
CBFB,USP8
CBFB,CKAP2
CBFB,ORC2
CBFB,LSP1
CBFB,ALDH9A1
CBFB,ANXA2
CBFB,TMUB2
CBFB,SEC23IP
CBFB,HIST1H2BC
CBFB,SPTLC1
CBFB,NPLOC4
CBFB,RGS2
CBFB,DDX1
CBFB,RFC5
CBFB,LEPROT
CBFB,TBC1D10C
CBFB,SLC25A46
CBFB,ZFP467
CBFB,TUBGCP3
CBFB,LZTR1
CBFB,SGTA
CBFB,TMEM164
CBFB,RGS19
CBFB,NUDT19
CBFB,SLC16A1
CBFB,CDC20
CBFB,CDC7
CBFB,SPC24
CBFB,RORA
CBFB,RPAP1
CBFB,ASF1B
CBFB,LRRFIP1
CBFB,RPP40
CBFB,WDR55
CBFB,RGS1
CBFB,PSAT1
CBFB,RAB37
CBFB,TMEM97
CBFB,STARD10
CBFB,PDCL
CBFB,ATP6AP2
CBFB,AK3
CBFB,LLGL1
CBFB,COPB2
CBFB,CD48
CBFB,UBAP1
CBFB,GPR180
CBFB,UCKL1
CBFB,NET1
CBFB,BC005561
CBFB,OSTM1
CBFB,NDEL1
CBFB,JARID2
CBFB,GSS
CBFB,UBE2C
CBFB,SKAP2
CBFB,CERS5
CBFB,TRIM59
CBFB,CD55
CBFB,TNFAIP2
CBFB,INTS13
CBFB,GCLC
CBFB,TOP2A
CBFB,ABL1
CBFB,ITFG1
CBFB,KLHL6
CBFB,RAD51
CBFB,MARCH6
CBFB,TMEM173
CBFB,APEH
CBFB,AFG3L2
CBFB,ATP1B2
CBFB,ENDOD1
CBFB,PRKAR2B
CBFB,PRC1
CBFB,BUB3
CBFB,YBX3
CBFB,PRPF4
CBFB,PSEN1
CBFB,MAVS
CBFB,CYTH3
CBFB,YBX1
CBFB,PON2
CBFB,NARF
CBFB,QARS
CBFB,NPTN
CBFB,ZFP592
CBFB,TRIB2
CBFB,CPQ
CBFB,UTP4
CBFB,GNPDA1
CBFB,VPS41
CBFB,DENND2D
CBFB,JAK3
CBFB,PQLC3
CBFB,TMEM206
CBFB,TYK2
CBFB,SLC44A2
CBFB,SPPL2B
CBFB,CCDC137
CBFB,TXNRD2
CBFB,TLK1
CBFB,CNP
CBFB,CTSO
CBFB,NUP88
CBFB,ANKFY1
CBFB,TMEM109
CBFB,POT1A
CBFB,BTG2
CBFB,PREP
CBFB,GORASP1
CBFB,TOLLIP
CBFB,INPP1
CBFB,2210016F16RIK
CBFB,METTL27
CBFB,GIMAP5
CBFB,EIF4ENIF1
CBFB,TCIRG1
CBFB,HCLS1
CBFB,GANAB
CBFB,TANGO2
CBFB,TIPIN
CBFB,SUN1
CBFB,IARS2
CBFB,TERF2IP
CBFB,G6PDX
CBFB,ERLIN1
CBFB,GNA13
CBFB,ZFP266
CBFB,SEPT8
CBFB,E2F4
CBFB,SERPINB6B
CBFB,TMC6
CBFB,TSPAN33
CBFB,ZFP639
CBFB,TWSG1
CBFB,L2HGDH
CBFB,ELL2
CBFB,GMNN
CBFB,VHL
CBFB,LMO4
CBFB,VPS11
CBFB,GMPR
CBFB,SGPP1
CBFB,TAF1
CBFB,EDC3
CBFB,USP25
CBFB,KDM6A
CBFB,CERS4
CBFB,EPSTI1
CBFB,LTB
CBFB,ZKSCAN17
CBFB,PLXNC1
CBFB,ERCC8
CBFB,CAD
CBFB,MT1
CBFB,CES2G
CBFB,MAN1A
CBFB,NDRG1
CBFB,EPOR
CBFB,RPA1
CBFB,MPL
CBFB,BLVRB
CBFB,MCM2
CBFB,ATAD1
CBFB,DCAF4
CBFB,KLF3
CBFB,ABCF3
CBFB,CYB5R1
CBFB,MYB
CBFB,E2F6
CBFB,ST6GALNAC4
CBFB,CCNB1
CBFB,ZMYM3
CBFB,TPP1
CBFB,KLF6
CBFB,SPHK1
CBFB,FLOT2
CBFB,ATP11C
CBFB,PPM1H
CBFB,TNFAIP8
CBFB,SLA
CBFB,METTL7A1
CBFB,KNSTRN
CBFB,YOD1
CBFB,MCM10
CBFB,ADSSL1
CBFB,TMEM176B
CBFB,TMEM176A
CBFB,CAR1
CBFB,GFI1B
CBFB,EPAS1
CBFB,SALL2
CBFB,GIMAP6
CBFB,TYMS
CBFB,CCNE1
CBFB,CCNB2
CBFB,PWP1
CBFB,ISYNA1
CBFB,MYH10
CBFB,HEXA
CBFB,ITGA6
CBFB,STOM
CBFB,D230025D16RIK
CBFB,XPNPEP1
CBFB,HLF
CBFB,SLC30A6
CBFB,IKZF1
CBFB,JUN
CBFB,MAPKAPK3
CBFB,CLN5
CBFB,MNS1
CBFB,UMPS
CBFB,RDH11
CBFB,AQP9
CBFB,SLC6A6
CBFB,SQOR
CBFB,SELENOP
CBFB,MFSD2B
CBFB,MTFR1
CBFB,NDE1
CBFB,GSR
CBFB,SP100
CBFB,TRIB3
CBFB,TUBGCP5
CBFB,LMNA
CBFB,BID
CBFB,RNASEL
CBFB,FAM91A1
CBFB,PITPNB
CBFB,TBC1D2B
CBFB,UBA3
CBFB,HPN
CBFB,NAMPT
CBFB,LAPTM4B
CBFB,STX12
CBFB,HPCAL1
CBFB,PUS7
CBFB,GIMAP1
CBFB,MFNG
CBFB,TRPS1
CBFB,PDK3
CBFB,UNC93B1
CBFB,CDC6
CBFB,ZFP945
CBFB,PCYT2
CBFB,IARS
CBFB,TMX3
CBFB,UGCG
CBFB,GUSB
CBFB,SPRYD4
CBFB,FTSJ1
CBFB,NFATC2
CBFB,EYA1
CBFB,AP1G2
CBFB,AMPD3
CBFB,CARHSP1
CBFB,SLC29A1
CBFB,GLIPR2
CBFB,GPSM2
CBFB,HELLS
CBFB,FOXO1
CBFB,RUNX2
CBFB,PLBD2
CBFB,PHF10
CBFB,BMI1
CBFB,NOTCH1
CBFB,CORO1A
CBFB,TAPT1
CBFB,PRPS1
CBFB,BAG2
CBFB,PPP2R1B
CBFB,TEAD3
CBFB,EGR1
CBFB,TAF12
CBFB,CCNG1
CBFB,THRB
CBFB,TMEM263
CBFB,MFSD14B
CBFB,IDH3A
CBFB,INPP5B
CBFB,STXBP1
CBFB,PGM1
CBFB,IRF6
CBFB,ELMO1
CBFB,GSTM5
CBFB,LPCAT1
CBFB,TRMT11
CBFB,SLC11A2
CBFB,ANKLE1
CBFB,DCTD
CBFB,GOLM1
CBFB,ZFP930
CBFB,MAP4K2
CBFB,HACD4
CBFB,MFGE8
CBFB,ELOVL1
CBFB,GCNT2
CBFB,TMEM185A
CBFB,KIF22
CBFB,CD82
CBFB,AHR
CBFB,PADI4
CBFB,CTTN
CBFB,EXT2
CBFB,ANXA6
CBFB,CYTIP
CBFB,ZBTB10
CBFB,DDX58
CBFB,PLCB2
CBFB,ETS1
CBFB,SLC40A1
CBFB,SLC25A21
CBFB,NFATC1
CBFB,SLC25A45
CBFB,TMEM56
CBFB,ANKRD27
CBFB,GPKOW
CBFB,ZFP275
CBFB,NAGA
CBFB,FUCA2
CBFB,ST3GAL5
CBFB,ESR1
CBFB,FAM234B
CBFB,KLHL22
CBFB,APBB1
CBFB,NUDT4
CBFB,ATP6AP1
CBFB,SNCA
CBFB,ZEB2
CBFB,ALAD
CBFB,KEL
CBFB,SLC43A3
CBFB,ANGPT1
CBFB,MARCH8
CBFB,ABCG2
CBFB,STX17
CBFB,TK1
CBFB,PLIN2
CBFB,POLA2
CBFB,SLC41A3
CBFB,EMB
CBFB,GRAMD1A
CBFB,CSAD
CBFB,NSDHL
CBFB,SCARB1
CBFB,PCLAF
CBFB,PAK1
CBFB,PEAR1
CBFB,CALCRL
CBFB,RUNX1T1
CBFB,PHACTR2
CBFB,PLA2G12A
CBFB,GBP2
CBFB,H1F0
CBFB,TCN2
CBFB,CD84
CBFB,MYO1G
CBFB,RTP4
CBFB,PRPS2
CBFB,WLS
CBFB,CTLA2B
CBFB,ADD2
CBFB,EBF1
CBFB,IFI204
CBFB,NAPSA
CBFB,MYL10
CBFB,GRN
CBFB,ANK
CBFB,MAN2A2
CBFB,PIK3IP1
CBFB,INKA1
CBFB,RAB32
CBFB,UBL4A
CBFB,IKZF2
CBFB,PRKCQ
CBFB,ST3GAL6
CBFB,RNF213
CBFB,MYC
CBFB,APOE
CBFB,KLHL23
CBFB,PRIM1
CBFB,CITED4
CBFB,TSPO2
CBFB,MNDAL
CBFB,DECR1
CBFB,ASNS
CBFB,IFI203
CBFB,ELF4
CBFB,ABCB10
CBFB,ANXA4
CBFB,ID2
CBFB,TENT5A
CBFB,SMIM1
CBFB,ERMAP
CBFB,EMILIN1
CBFB,TOR3A
CBFB,VDR
CBFB,SNX10
CBFB,ZFP30
CBFB,PPIC
CBFB,PLCG2
CBFB,NXPE2
CBFB,NEURL3
CBFB,RARB
CBFB,SCARF1
CBFB,TLE2
CBFB,GNB4
CBFB,NUPR1
CBFB,SPI1
CBFB,ZFP36
CBFB,PTGS1
CBFB,HSD3B7
CBFB,GNG11
CBFB,IFI30
CBFB,HEBP1
CBFB,CPT1A
CBFB,MEIS1
CBFB,SIGIRR
CBFB,HDAC11
CBFB,MYCT1
CBFB,PLEK
CBFB,MCTP1
CBFB,CD9
CBFB,IRF8
CBFB,SVIP
CBFB,PPARGC1A
CBFB,ANXA1
CBFB,TIFA
CBFB,RNASE6
CBFB,GRINA
CBX7,TMEM56
CBX7,SLC25A21
CBX7,MECOM
CBX7,RUNX1T1
CBX7,SOX18
CBX7,CLCN4
CBX7,CREB5
CBX7,PRKCH
CBX7,SAMD14
CBX7,PLXNC1
CBX7,SATB1
CBX7,EYA2
CBX7,RASSF5
CBX7,IRF5
CBX7,EMILIN2
CBX7,NFIA
CBX7,TIFA
CBX7,TENT5A
CBX7,THRB
CBX7,PPM1H
CBX7,PHACTR2
CBX7,ZFP467
CBX7,TRIB2
CBX7,ATP1B2
CBX7,COL5A1
CBX7,MCTP1
CBX7,VIM
CBX7,PGR
CBX7,ST3GAL6
CBX7,CITED4
CBX7,IKZF1
CBX7,TRIM47
CBX7,RGCC
CBX7,LRRFIP1
CBX7,ZBTB10
CBX7,SGPP1
CBX7,MEF2C
CBX7,SPHK1
CBX7,MYB
CBX7,ZEB2
CBX7,RCSD1
CBX7,MAN1A
CBX7,RORA
CBX7,EPAS1
CBX7,TSC22D3
CBX7,EBF1
CBX7,PIP4K2A
CBX7,HLF
CBX7,SPNS2
CBX7,JUN
CBX7,SLC22A3
CBX7,REL
CBX7,RNF213
CBX7,BMI1
CBX7,ATP2A3
CBX7,NFATC2
CBX7,WLS
CBX7,AP1B1
CBX7,HDAC7
CBX7,RAB31
CBX7,SLC18A2
CBX7,ST8SIA4
CBX7,ABCB4
CBX7,SOX6
CBX7,NDN
CBX7,PEAR1
CBX7,DUSP2
CBX7,RUNX2
CBX7,ANK
CBX7,SMARCA2
CBX7,HPCAL1
CBX7,PQLC1
CBX7,ETS1
CBX7,NDRG1
CBX7,NR3C2
CBX7,IRF8
CBX7,SLC43A1
CBX7,SALL2
CBX7,ANKRD27
CBX7,ATP7B
CBX7,ALG11
CBX7,SGPL1
CBX7,RARB
CBX7,GATM
CBX7,NFATC1
CBX7,VDR
CBX7,NOTCH1
CBX7,E2F6
CBX7,PRDM16
CBX7,FOS
CBX7,LPIN2
CBX7,EYA1
CBX7,ADSSL1
CBX7,PRKCQ
CBX7,KLHL22
CBX7,MT1
CBX7,MFSD1
CBX7,OAT
CBX7,RGS2
CBX7,PRKAR2B
CBX7,USP25
CBX7,PLEC
CBX7,STX17
CBX7,RAB32
CBX7,HSPA4L
CBX7,ACSS1
CBX7,ADD2
CBX7,TNFAIP2
CBX7,AMPD3
CBX7,LRRC8C
CBX7,ENDOD1
CBX7,ANGPT1
CBX7,CD82
CBX7,STARD10
CBX7,MEIS1
CBX7,GYPC
CBX7,RASA3
CBX7,PLPPR3
CBX7,GYG
CBX7,D1ERTD622E
CBX7,ANXA5
CBX7,MAPK12
CBX7,GFI1
CBX7,PLCG2
CBX7,ANXA2
CBX7,CD34
CBX7,SQOR
CBX7,AFAP1L1
CBX7,PBX1
CBX7,TNFAIP8
CBX7,HDAC2
CBX7,GMPR
CBX7,MYC
CBX7,CMPK2
CBX7,SNCA
CBX7,PPIC
CBX7,TSHZ3
CBX7,PTGS1
CBX7,ZYX
CBX7,STEAP3
CBX7,ICA1
CBX7,NSMAF
CBX7,TLE2
CBX7,GATA2
CBX7,OPTN
CBX7,TCF12
CBX7,HIST1H1C
CBX7,TES
CBX7,CTSC
CBX7,KRT18
CBX7,KLHL23
CBX7,FAM234B
CBX7,SLC43A3
CBX7,TMX1
CBX7,DDHD2
CBX7,MT2
CBX7,E2F8
CBX7,FEM1A
CBX7,STXBP1
CBX7,UNC93B1
CBX7,NCEH1
CBX7,ANKLE1
CBX7,CD63
CBX7,ANKFY1
CBX7,PCP4L1
CBX7,SEPT8
CBX7,SLC40A1
CBX7,DENND2D
CBX7,SLC11A2
CBX7,ARHGEF6
CBX7,CHP1
CBX7,LDHB
CBX7,GNAI3
CBX7,ANAPC2
CBX7,PLAG1
CBX7,ERLIN1
CBX7,TRPS1
CBX7,FADS1
CBX7,TOM1L1
CBX7,EIF2B1
CBX7,D230025D16RIK
CBX7,NCAPG2
CBX7,MBOAT2
CBX7,GLIPR2
CBX7,PPIL4
CBX7,HSDL1
CBX7,9430015G10RIK
CBX7,VPS33A
CBX7,PRPS2
CBX7,ASNS
CBX7,RRM1
CBX7,APBB1
CBX7,BTRC
CBX7,PSMD5
CBX7,SPPL2B
CBX7,GMFB
CBX7,NARFL
CBX7,WDHD1
CBX7,STXBP4
CBX7,TPP1
CBX7,NUDT9
CBX7,MINPP1
CBX7,GORASP1
CBX7,SLC20A1
CBX7,XRCC6
CBX7,WDR45B
CBX7,IFRD2
CBX7,IRF6
CBX7,CHAMP1
CBX7,PRC1
CBX7,SEPT6
CBX7,RORC
CBX7,NEDD1
CBX7,EGR1
CBX7,UROS
CBX7,ESYT2
CBX7,ZFP143
CBX7,NUF2
CBX7,ID2
CBX7,CLN5
CBX7,PITPNB
CBX7,NFAT5
CBX7,EPDR1
CBX7,IL15
CBX7,NELFB
CBX7,GMCL1
CBX7,LANCL2
CBX7,SLC19A1
CBX7,RNF19A
CBX7,PTDSS1
CBX7,MARCH8
CBX7,PRELID3B
CBX7,B230219D22RIK
CBX7,YPEL3
CBX7,COA5
CBX7,STOM
CBX7,MRM1
CBX7,CYTH3
CBX7,H1F0
CBX7,PON2
CBX7,DUS1L
CBX7,CENPK
CBX7,EPOR
CBX7,BAP1
CBX7,ZZZ3
CBX7,TOPORS
CBX7,SCFD1
CBX7,EXT2
CBX7,ZFP655
CBX7,SNAP23
CBX7,EPS15
CBX7,DNAJC5
CBX7,COPG1
CBX7,NDEL1
CBX7,ME2
CBX7,GNPDA1
CBX7,PHAX
CBX7,DLST
CBX7,ABHD16A
CBX7,RPA1
CBX7,RNF4
CBX7,MAU2
CBX7,CALU
CBX7,KDM6A
CBX7,ANXA6
CBX7,THUMPD3
CBX7,MAVS
CBX7,ARL8B
CBX7,ATAD2
CBX7,SLC30A5
CBX7,RAB37
CBX7,CAD
CBX7,PREP
CBX7,POLD1
CBX7,MAPK9
CBX7,IARS
CBX7,HEBP1
CBX7,HAGH
CBX7,DPP8
CBX7,AK3
CBX7,TWSG1
CBX7,TFRC
CBX7,LMBRD1
CBX7,FKBP1A
CBX7,NUSAP1
CBX7,COPB2
CBX7,LMNA
CBX7,TMEM97
CBX7,TIMM50
CBX7,ZFP24
CBX7,XPC
CBX7,TIPIN
CBX7,STXBP3
CBX7,GPR180
CBX7,POT1A
CBX7,HAUS2
CBX7,NT5DC1
CBX7,FES
CBX7,PROCR
CBX7,CRK
CBX7,NOLC1
CBX7,RNF139
CBX7,RFESD
CBX7,NIF3L1
CBX7,CPT1A
CBX7,CENPF
CBX7,CDCA3
CBX7,ZFP672
CBX7,UBE2G2
CBX7,PITRM1
CBX7,AHCYL1
CBX7,SEH1L
CBX7,SACM1L
CBX7,IRF1
CBX7,GARS
CBX7,ELAC2
CBX7,TBCD
CBX7,SNAPC3
CBX7,ERLIN2
CBX7,DUSP1
CBX7,PRDM4
CBX7,SCRN3
CBX7,NFXL1
CBX7,DNAJC11
CBX7,COQ8A
CBX7,CIPC
CBX7,PRMT7
CBX7,MARS
CBX7,CHUK
CBX7,ATG4B
CBX7,CCNE1
EBF1,ARAP1
EBF1,RABIF
EBF1,MORC3
EBF1,POLD1
EBF1,GFI1B
EBF1,DUSP2
EBF1,IL27RA
EBF1,FIGNL1
EBF1,CDT1
EBF1,EZR
EBF1,DHX33
EBF1,PLCG2
EBF1,STEAP3
EBF1,MAPK1
EBF1,KLHL24
EBF1,CKAP2L
EBF1,AP5M1
EBF1,CDK19
EBF1,ID2
EBF1,ABTB1
EBF1,SPPL2A
EBF1,MTAP
EBF1,APBB1
EBF1,NFE2
EBF1,RHOF
EBF1,TFR2
EBF1,PIK3R2
EBF1,WDHD1
EBF1,LRRFIP1
EBF1,ALKBH8
EBF1,IRF1
EBF1,ZDHHC13
EBF1,ZKSCAN17
EBF1,GLIPR2
EBF1,NAPSA
EBF1,VPS33A
EBF1,SLC30A5
EBF1,TK1
EBF1,ITGA6
EBF1,AURKB
EBF1,OAT
EBF1,JPT2
EBF1,HCLS1
EBF1,FARSB
EBF1,IFITM1
EBF1,BCLAF3
EBF1,OASL2
EBF1,NAA50
EBF1,ATP6V1A
EBF1,VIM
EBF1,RAB37
EBF1,CELA1
EBF1,PLEC
EBF1,NET1
EBF1,FOXO1
EBF1,RUVBL2
EBF1,SASH3
EBF1,ADK
EBF1,SELENOP
EBF1,MYNN
EBF1,CPQ
EBF1,NUPR1
EBF1,ATP2A3
EBF1,TASP1
EBF1,CD82
EBF1,SERPINB6B
EBF1,DENND1C
EBF1,MIS12
EBF1,STXBP1
EBF1,PLCB2
EBF1,MAP4K2
EBF1,STARD10
EBF1,PRDM4
EBF1,GYG
EBF1,1700017B05RIK
EBF1,PLBD2
EBF1,ZFP36
EBF1,EIF1AD
EBF1,RRM1
EBF1,PPOX
EBF1,GIMAP6
EBF1,CSGALNACT2
EBF1,ACAA2
EBF1,IRF5
EBF1,PRKAA1
EBF1,LRRC8C
EBF1,NEK9
EBF1,BID
EBF1,GOLPH3
EBF1,DLST
EBF1,COL5A1
EBF1,PTDSS2
EBF1,LONP1
EBF1,NARF
EBF1,XRCC3
EBF1,TSPAN3
EBF1,SGO1
EBF1,ZKSCAN6
EBF1,FUCA2
EBF1,CLCN4
EBF1,SLC25A46
EBF1,GMPR
EBF1,CUL2
EBF1,IFI30
EBF1,MARS
EBF1,RNASE6
EBF1,SGTA
EBF1,CDC7
EBF1,ELOVL1
EBF1,NFKBIA
EBF1,NPTN
EBF1,NFAT5
EBF1,SCRN3
EBF1,RCSD1
EBF1,MXD3
EBF1,IL15
EBF1,PIGQ
EBF1,CPT2
EBF1,TREML2
EBF1,TANGO2
EBF1,INTS13
EBF1,GNAI3
EBF1,CLPTM1L
EBF1,GTF2F1
EBF1,ARL6IP6
EBF1,RGS19
EBF1,LRRC14
EBF1,ITIH5
EBF1,FES
EBF1,TRMT11
EBF1,CDC20
EBF1,GOLM1
EBF1,UHRF1
EBF1,FAAP100
EBF1,LEPROT
EBF1,RUNX2
EBF1,BIRC5
EBF1,AP1B1
EBF1,SALL2
EBF1,CARHSP1
EBF1,NDRG1
EBF1,PFKM
EBF1,PAFAH1B2
EBF1,ATAD1
EBF1,ACSS1
EBF1,SQLE
EBF1,WDR45B
EBF1,IL21R
EBF1,TMEM168
EBF1,SERPINA3G
EBF1,ZFP30
EBF1,GNG11
EBF1,SCARB1
EBF1,TNFAIP8
EBF1,APEH
EBF1,TRMT2A
EBF1,VPS26C
EBF1,KLF1
EBF1,ZFP143
EBF1,RNF145
EBF1,DHFR
EBF1,PSEN1
EBF1,NUP107
EBF1,APLP2
EBF1,MFSD1
EBF1,ICA1
EBF1,SACM1L
EBF1,PRKAB1
EBF1,GOSR2
EBF1,ZFP592
EBF1,SLC39A10
EBF1,GSR
EBF1,AAR2
EBF1,CORO1A
EBF1,TRIB3
EBF1,ZFP397
EBF1,LIMD2
EBF1,ELF4
EBF1,TIMM50
EBF1,CRK
EBF1,PON2
EBF1,MIS18BP1
EBF1,LPCAT3
EBF1,PRKCH
EBF1,CTSE
EBF1,BTRC
EBF1,AHR
EBF1,SPHK1
EBF1,NEDD1
EBF1,ABCB8
EBF1,SMIM15
EBF1,NUSAP1
EBF1,GATA1
EBF1,MAN1A
EBF1,SPTBN1
EBF1,NUF2
EBF1,ZEB2
EBF1,TMEM64
EBF1,NDUFV1
EBF1,ACAP1
EBF1,TOR3A
EBF1,GYPC
EBF1,HACD3
EBF1,HEBP1
EBF1,UTP4
EBF1,SOX6
EBF1,NUP85
EBF1,ASF1B
EBF1,ATG16L1
EBF1,RARB
EBF1,DUSP1
EBF1,RFESD
EBF1,TSHZ3
EBF1,TIFA
EBF1,TCP11L2
EBF1,EMILIN1
EBF1,TAB1
EBF1,MCM7
EBF1,SUN1
EBF1,GSKIP
EBF1,TCIRG1
EBF1,NOL9
EBF1,ARHGAP4
EBF1,COQ8A
EBF1,NUDCD3
EBF1,MAN2A2
EBF1,ATP13A1
EBF1,UMPS
EBF1,RASA3
EBF1,VAV1
EBF1,UAP1L1
EBF1,SPC24
EBF1,STK25
EBF1,DDX20
EBF1,CISH
EBF1,PLA2G12A
EBF1,ERLIN2
EBF1,RCOR1
EBF1,SEH1L
EBF1,UBR1
EBF1,TOM1L1
EBF1,UROS
EBF1,PTGS1
EBF1,NDC1
EBF1,DEK
EBF1,PRC1
EBF1,MECOM
EBF1,MAVS
EBF1,ATL2
EBF1,RPAP1
EBF1,CD63
EBF1,TMEM68
EBF1,DNAJC5
EBF1,RAD51AP1
EBF1,IFT140
EBF1,CHUK
EBF1,CITED4
EBF1,USP8
EBF1,CAD
EBF1,BLVRB
EBF1,ZFP467
EBF1,INPP1
EBF1,IKZF1
EBF1,SPNS2
EBF1,AHCTF1
EBF1,EDC3
EBF1,SNCA
EBF1,CEP70
EBF1,D230025D16RIK
EBF1,RASSF5
EBF1,NOLC1
EBF1,HPCAL1
EBF1,VILL
EBF1,PSEN2
EBF1,SGPP1
EBF1,CSAD
EBF1,LMBRD1
EBF1,LMNA
EBF1,MIEF1
EBF1,CAPN7
EBF1,RB1
EBF1,ZYX
EBF1,RORC
EBF1,E2F8
EBF1,LPIN2
EBF1,CYTH4
EBF1,CD74
EBF1,SPRYD4
EBF1,TSPAN14
EBF1,KLF3
EBF1,TMEM129
EBF1,TACC3
EBF1,DNAJC10
ELF4,SLC39A9
ELF4,AP1G2
ELF4,VPS33B
ELF4,LDAH
ELF4,NUBP2
ELF4,VPS41
ELF4,XAB2
ELF4,NUF2
ELF4,PNO1
ELF4,GTF2F1
ELF4,ELAC2
ELF4,SKAP2
ELF4,INCENP
ELF4,PIK3R2
ELF4,NECAP2
ELF4,AURKA
ELF4,CENPO
ELF4,USP8
ELF4,PIK3C3
ELF4,WDR73
ELF4,DCAF13
ELF4,ANKRD27
ELF4,MEIS1
ELF4,TYK2
ELF4,OASL2
ELF4,TFG
ELF4,MCM7
ELF4,CKS1B
ELF4,RANGAP1
ELF4,CNOT10
ELF4,TMEM186
ELF4,PPP6C
ELF4,HSPH1
ELF4,COPB2
ELF4,ACOX1
ELF4,CDCA3
ELF4,NAA35
ELF4,MAD2L1
ELF4,WDR75
ELF4,TMEM129
ELF4,TACC3
ELF4,CHORDC1
ELF4,CLCN4
ELF4,DPH2
ELF4,GTF2H1
ELF4,TRMT6
ELF4,SEC23IP
ELF4,NUDCD3
ELF4,ID2
ELF4,ITSN1
ELF4,SDHAF2
ELF4,LEPROT
ELF4,TMUB2
ELF4,IDH3A
ELF4,TTF2
ELF4,NUP107
ELF4,PHB2
ELF4,RPA2
ELF4,UCKL1
ELF4,ZFP930
ELF4,AP5M1
ELF4,MRM1
ELF4,CD1D1
ELF4,ZDHHC6
ELF4,MCM3
ELF4,ATP13A1
ELF4,RAD51
ELF4,ZFP110
ELF4,RAD21
ELF4,NUDCD1
ELF4,ATG16L1
ELF4,COPG1
ELF4,GALK2
ELF4,CDC45
ELF4,MAU2
ELF4,NCLN
ELF4,D10WSU102E
ELF4,TAF12
ELF4,WDR55
ELF4,HCLS1
ELF4,NASP
ELF4,COLGALT1
ELF4,ETF1
ELF4,TLR4
ELF4,TASP1
ELF4,QARS
ELF4,RFESD
ELF4,CDC20
ELF4,TTF1
ELF4,MYO1G
ELF4,GOSR2
ELF4,CCNG1
ELF4,CPT2
ELF4,RNF4
ELF4,GARS
ELF4,G6PDX
ELF4,ZFP143
ELF4,BLZF1
ELF4,RELB
ELF4,SLC25A45
ELF4,LYRM4
ELF4,SNRNP200
ELF4,UBXN2B
ELF4,WDR36
ELF4,EIF1AD
ELF4,NIF3L1
ELF4,WDR5
ELF4,CENPA
ELF4,FTSJ3
ELF4,FEM1A
ELF4,DCAF4
ELF4,REXO4
ELF4,FOXRED1
ELF4,RABIF
ELF4,ZFP62
ELF4,ILVBL
ELF4,ZKSCAN3
ELF4,GTF2E1
ELF4,FUCA2
ELF4,TERF2IP
ELF4,INTS13
ELF4,CDCA5
ELF4,APEH
ELF4,MIS12
ELF4,ANKFY1
ELF4,SLC25A46
ELF4,SCRN3
ELF4,MAPKAPK3
ELF4,TANGO2
ELF4,HARS
ELF4,HARS2
ELF4,2210016F16RIK
ELF4,ARAP1
ELF4,SPTLC1
ELF4,SNRPB
ELF4,SGTA
ELF4,CD48
ELF4,PRDM4
ELF4,NDUFV1
ELF4,ERLIN2
ELF4,E2F4
ELF4,ABTB1
ELF4,UBR1
ELF4,SLC31A1
ELF4,CYB5R3
ELF4,PRKAB1
ELF4,LMBRD1
ELF4,HSD3B7
ELF4,ZKSCAN6
ELF4,TOPORS
ELF4,TVP23B
ELF4,NFXL1
ELF4,ZFP35
ELF4,UROS
ELF4,PLCB2
ELF4,CDK19
ELF4,TRMT11
ELF4,PQLC1
ELF4,PSMF1
ELF4,PTDSS1
ELF4,PLBD2
ELF4,MOGS
ELF4,TARS
ELF4,WDHD1
ELF4,GFM1
ELF4,THUMPD3
ELF4,TRIM30A
ELF4,MIS18BP1
ELF4,DCP1A
ELF4,NUP155
ELF4,FZR1
ELF4,1700017B05RIK
ELF4,MCM4
ELF4,ATG12
ELF4,AP3S1
ELF4,MIEF1
ELF4,KAT7
ELF4,NCEH1
ELF4,CUL3
ELF4,MARS
ELF4,POT1A
ELF4,AMPD3
ELF4,PWP2
ELF4,NAA50
ELF4,BYSL
ELF4,ATP6V1A
ELF4,ATP7B
ELF4,ALG11
ELF4,SPI1
ELF4,E2F8
ELF4,CKAP2L
ELF4,RASAL3
ELF4,COA5
ELF4,RNF115
ELF4,MCM10
ELF4,KIF22
ELF4,LZTR1
ELF4,PLIN3
ELF4,TMC6
ELF4,TCF12
ELF4,UBR7
ELF4,ARHGAP15
ELF4,TMEM177
ELF4,CENPE
ELF4,GOLT1B
ELF4,ZDHHC13
ELF4,RNF13
ELF4,OSTM1
ELF4,TPX2
ELF4,SP100
ELF4,HIST1H1C
ELF4,ARL6IP6
ELF4,ATAD2
ELF4,DNPEP
ELF4,RAD51AP1
ELF4,EXOC3
ELF4,STEAP3
ELF4,CAPN7
ELF4,EDC3
ELF4,MORC3
ELF4,ASF1B
ELF4,RASSF5
ELF4,ALAD
ELF4,RRM1
ELF4,AHCTF1
ELF4,DNAJC5
ELF4,METTL8
ELF4,NARFL
ELF4,NAGA
ELF4,TCP11L2
ELF4,DHFR
ELF4,ABL1
ELF4,ZFP24
ELF4,CRNKL1
ELF4,REL
ELF4,SMARCA2
ELF4,ANXA4
ELF4,UMPS
ELF4,TAF1
ELF4,RAB32
ELF4,PLAA
ELF4,NCAPG
ELF4,GRAMD1A
ELF4,ZFP322A
ELF4,STAT3
ELF4,ZFP672
ELF4,TCIRG1
ELF4,UBA5
ELF4,SPPL2A
ELF4,CYTH4
ELF4,PSEN1
ELF4,CCNB2
ELF4,LYZ2
ELF4,GNAI3
ELF4,TIMM29
ELF4,DCAF11
ELF4,GSTM1
ELF4,FOS
ELF4,TCF19
ELF4,CTR9
ELF4,CDC6
ELF4,FES
ELF4,PDCL
ELF4,RFC5
ELF4,FAM76B
ELF4,MTMR6
ELF4,IKZF1
ELF4,PRKCH
ELF4,SLC6A6
ELF4,UROD
ELF4,GMCL1
ELF4,PON2
ELF4,SPRYD4
ELF4,CRK
ELF4,PFKM
ELF4,NOLC1
ELF4,CDT1
ELF4,DPP8
ELF4,VPS26C
ELF4,TMX3
ELF4,SELENBP1
ELF4,RNF139
ELF4,MAP4K2
ELF4,ZFP945
ELF4,NDC1
ELF4,DOCK2
ELF4,CD82
ELF4,SUPT7L
ELF4,GPKOW
ELF4,TRMT2A
ELF4,ZFP36
ELF4,FASTKD2
ELF4,EBI3
ELF4,ZFP871
ELF4,ALDH18A1
ELF4,VKORC1L1
ELF4,PPOX
ELF4,NUP93
ELF4,GATM
ELF4,CASP1
ELF4,GUSB
ELF4,PRELID3B
ELF4,NDOR1
ELF4,LCP2
ELF4,CTLA2B
ELF4,CLN5
ELF4,PCYT1A
ELF4,TUBGCP3
ELF4,NEK9
ELF4,BATF2
ELF4,TENT5A
ELF4,NUSAP1
ELF4,CALU
ELF4,TBCD
ELF4,MSH6
ELF4,MCM2
ELF4,NCAPD2
ELF4,ANXA5
ELF4,NT5DC1
ELF4,PRIM2
ELF4,EPAS1
ELF4,NEURL3
ELF4,HNRNPLL
ELF4,SELENOP
ELF4,NARF
ELF4,MT1
ELF4,NPTN
ELF4,SMIM15
ELF4,IPO4
ELF4,RGS19
ELF4,HIST1H2BC
ELF4,ABCF3
ELF4,SP4
ELF4,TREML2
ELF4,NEDD1
ELF4,MCM6
ELF4,KNSTRN
ELF4,NELFB
ELF4,PSMD9
ELF4,CASP4
ELF4,PRPF4
ELF4,CENPK
ELF4,UBA7
ELF4,SLC30A6
ELF4,PSEN2
ELF4,YBX1
ELF4,MKI67
ELF4,PLD3
ELF4,VWA5A
ELF4,RTP4
ELF4,HNRNPAB
ELF4,SERPINB9
ELF4,SLC35A1
ELF4,TBC1D10C
ELF4,SACM1L
ELF4,BID
ELF4,ZFP367
ELF4,PRPS1
ELF4,KLHL24
ELF4,TMEM164
ELF4,BTRC
ELF4,USF3
ELF4,CTSC
ELF4,CHUK
ELF4,MYNN
ELF4,TOX4
ELF4,TAB1
ELF4,JPT2
ELF4,NADK
ELF4,NDEL1
ELF4,TMX1
ELF4,HMGB2
ELF4,ZFP961
ELF4,MCM5
ELF4,SEH1L
ELF4,PHAX
ELF4,NOP2
ELF4,PAFAH1B2
ELF4,VIM
ELF4,GMFB
ELF4,RUVBL2
ELF4,UAP1L1
ELF4,FKBP1A
ELF4,IFI204
ELF4,WDR4
ELF4,NFAT5
ELF4,ELOVL1
ELF4,CASP2
ELF4,HAUS2
ELF4,CCNE1
ELF4,ZBTB43
ELF4,ZSCAN21
ELF4,AAR2
ELF4,TYMS
ELF4,ABCB8
ELF4,COPS8
ELF4,TMEM173
ELF4,DNAJC10
ELF4,PRPS2
ELF4,HERC4
ELF4,SMC2
ELF4,ME2
ELF4,YPEL3
ELF4,CEP70
ELF4,CCDC137
ELF4,GIMAP6
ELF4,UBAP1
ELF4,DENND1C
ELF4,PRSS50
ELF4,RASA3
ELF4,SRSF1
ELF4,XPR1
ELF4,TOR3A
ELF4,FBXO5
ELF4,FARSB
ELF4,ABI1
ELF4,XRCC6
ELF4,MGST3
ELF4,MFSD1
ELF4,RBPMS
ELF4,ARL8B
ELF4,PQLC3
ELF4,MTHFD1
ELF4,ELP2
ELF4,COG7
ELF4,P2RX4
ELF4,CLPTM1L
ELF4,CHP1
ELF4,COPB1
ELF4,CTSE
ELF4,JUN
ELF4,EXOC2
ELF4,TMEM68
ELF4,CAST
ELF4,VPS35
ELF4,ORC6
ELF4,TUBGCP5
ELF4,ADO
ELF4,TMEM109
ELF4,RPP40
ELF4,BUB3
ELF4,CDK1
ELF4,IFT140
ELF4,PTPN12
ELF4,SLC25A38
ELF4,ARMT1
ELF4,P2RY14
ELF4,PSMD5
ELF4,ZFP655
ELF4,IFI203
ELF4,MARCH6
ELF4,CENPF
ELF4,VPS11
ELF4,TIMM50
ELF4,MFSD14B
ELF4,HACD3
ELF4,IFRD2
ELF4,ORC2
ELF4,ITFG1
ELF4,EIF2B1
ELF4,9430015G10RIK
ELF4,AURKB
ELF4,VAMP3
ELF4,STXBP3
ELF4,STX12
ELF4,WDR45B
ELF4,USP4
ELF4,DECR1
ELF4,TMEM185A
ELF4,PICALM
ELF4,PLEC
ELF4,DDX20
ELF4,LMNA
ELF4,HCFC1
ELF4,TES
ELF4,PPAT
ELF4,STT3B
ELF4,EPSTI1
ELF4,TOLLIP
ELF4,HACD4
ELF4,FNTA
ELF4,LPCAT3
ELF4,LIMD2
ELF4,SPTBN1
ELF4,DOK2
ELF4,TRPS1
ELF4,XPNPEP1
ELF4,ORC5
ELF4,SNAPC3
ELF4,NOL9
ELF4,KIF20B
ELF4,POLE3
ELF4,CHMP7
ELF4,IFI30
ELF4,GCNT2
ELF4,MAPK1
ELF4,CPOX
ELF4,BUB1
ELF4,PDE4B
ELF4,TNFAIP2
ELF4,RGS1
ELF4,ANXA1
ELF4,LSP1
ELF4,GANAB
ELF4,TFRC
ELF4,PIDD1
ELF4,ABCG2
ELF4,MNDAL
ELF4,TMEM176B
ELF4,TMEM176A
ELF4,CHAMP1
ELF4,SLC41A3
ELF4,RCC1
ELF4,IARS2
ELF4,CISH
ELF4,TSPAN14
ELF4,HPN
ELF4,FTSJ1
ELF4,PSMD6
ELF4,FAR1
ELF4,OAT
ELF4,UHRF1
ELF4,PITPNB
ELF4,PRMT7
ELF4,IARS
ELF4,DPH6
ELF4,CREB5
ELF4,TRIM47
ELF4,ALDH9A1
ELF4,SPC25
ELF4,SGO1
ELF4,ACAA2
ELF4,SASH3
ELF4,AHCYL1
ELF4,CHMP3
ELF4,CASP3
ELF4,DENND2D
ELF4,RNF213
ELF4,RARS
ELF4,OTUD6B
ELF4,FAM45A
ELF4,CBFB
ELF4,4833439L19RIK
ELF4,UBE2G2
ELF4,SCFD1
ELF4,PIP4K2A
ELF4,UBE2C
ELF4,GORASP1
ELF4,BCLAF3
ELF4,BIRC5
ELF4,LAP3
ELF4,CDCA8
ELF4,SNX10
ELF4,SHCBP1
ELF4,CCNF
ELF4,FPGS
ELF4,EFTUD2
ELF4,KIDINS220
ELF4,CYP20A1
ELF4,UTP4
ELF4,ATAD1
ELF4,DDX1
ELF4,NUDT19
ELF4,TUBGCP2
ELF4,ZFP397
ELF4,NSMAF
ELF4,RPRD1B
ELF4,NSDHL
ELF4,CYB5R1
ELF4,AK3
ELF4,LIG1
ELF4,PKM
ELF4,PA2G4
ELF4,ZEB2
ELF4,CLPX
ELF4,ABCB4
ELF4,TOP2A
ELF4,BAP1
ELF4,ADK
ELF4,RMND5A
ELF4,PWP1
ELF4,ISYNA1
ELF4,POLD1
ELF4,CKAP2
ELF4,XPC
ELF4,MAN1A
ELF4,WARS
ELF4,SERPINA3G
ELF4,TNFAIP8
ELF4,BUB1B
ELF4,USP37
ELF4,H2-DMB1
ELF4,MAVS
ELF4,LLGL1
ELF4,C330018D20RIK
ELF4,NET1
ELF4,H2-OB
ELF4,NCAPH
ELF4,TMEM206
ELF4,RANBP3
ELF4,FGFR1OP
ELF4,IRF1
ELF4,CTSO
ELF4,NFATC1
ELF4,UNK
ELF4,FECH
ELF4,POLR3F
ELF4,FAM91A1
ELF4,RNASE6
ELF4,GSKIP
ELF4,MTAP
ELF4,NFKBIA
ELF4,ADAMTS10
ELF4,WLS
ELF4,RPAP1
ELF4,PSAT1
ELF4,ESR1
ELF4,ASB8
ELF4,ANAPC4
ELF4,NUDT9
ELF4,NUP88
ELF4,UAP1
ELF4,GNA13
ELF4,METTL7A1
ELF4,POLA2
ELF4,SGPL1
ELF4,CERS5
ELF4,TPP1
ELF4,ERCC8
ELF4,MED16
ELF4,FAM136A
ELF4,SLC30A5
ELF4,DUS1L
ELF4,DTL
ELF4,ZFP639
ELF4,AP1B1
ELF4,XRCC5
ELF4,RFC4
ELF4,NOTCH1
ELF4,IL15
ELF4,MINPP1
ELF4,CCNB1
ELF4,ALG9
ELF4,GYG
ELF4,CDCA4
ELF4,ATP2A3
ELF4,ZKSCAN17
ELF4,DDX58
ELF4,RMND5B
ELF4,2610301B20RIK
ELF4,EMILIN1
ELF4,DIS3L2
ELF4,GOLPH3
ELF4,DNM1L
ELF4,TBXAS1
ELF4,LCP1
ELF4,H1F0
ELF4,ACSS2
ELF4,PBK
ELF4,HAGH
ELF4,ESYT2
ELF4,CTPS
ELF4,ANAPC2
ELF4,RDH11
ELF4,PMPCA
ELF4,KLHL6
ELF4,NDE1
ELF4,ELP3
ELF4,RNF145
ELF4,KLHL23
ELF4,ARHGAP4
ELF4,CYTIP
ELF4,MFNG
ELF4,COG6
ELF4,D1ERTD622E
ELF4,BLVRB
ELF4,RCOR1
ELF4,PML
ELF4,SLC14A1
ELF4,PLIN2
ELF4,CD84
ELF4,NIT1
ELF4,DHX33
ELF4,TCN2
ELF4,DLST
ELF4,ARHGEF6
ELF4,PPIL4
ELF4,NFE2
ELF4,ZFP275
ELF4,WDSUB1
ELF4,UBL4A
ELF4,PPM1H
ELF4,POGLUT1
ELF4,PROCR
ELF4,HMMR
ELF4,DNAJC11
ELF4,TRPV2
ELF4,PJA2
ELF4,PRC1
ELF4,MT2
ELF4,TXNRD2
ELF4,POLR2B
ELF4,SLC7A4
ELF4,POLR1B
ELF4,LONP1
ELF4,CYTH3
ELF4,SERPINB6B
ELF4,GMNN
ELF4,STXBP4
ELF4,DUSP1
ELF4,TBL3
ELF4,PITRM1
ELF4,STK25
ELF4,METAP1
ELF4,FIGNL1
ELF4,ALKBH8
ELF4,HMBS
ELF4,PTCD3
ELF4,SLC44A2
ELF4,FBXW5
ELF4,GRN
ELF4,NAMPT
ELF4,CALCRL
ELF4,NFE2L2
ELF4,CNP
ELF4,CELA1
ELF4,CPQ
ELF4,DCTD
ELF4,CLIC4
ELF4,KIF11
ELF4,ZFP451
ELF4,ZYX
ELF4,ST6GALNAC4
ELF4,IRF5
ELF4,CDC7
ELF4,LRRC8C
ELF4,ZZZ3
ELF4,LPIN2
ELF4,PACS1
ELF4,XRCC3
ELF4,MARCH5
ELF4,DEK
ELF4,SLC19A1
ELF4,PLK1
ELF4,NR2C1
ELF4,TBC1D15
ELF4,GYPA
ELF4,SIGIRR
ELF4,GNPDA1
ELF4,ARMC8
ELF4,CORO1A
ELF4,GBP2
ELF4,PBX1
ELF4,PIGQ
ELF4,ST8SIA4
ELF4,GM2A
ELF4,PCYT2
ELF4,RUNX2
ESR1,MAD2L1
ESR1,DUS1L
ESR1,PQLC3
ESR1,HAGH
ESR1,NFKBIA
ESR1,CRIP2
ESR1,CHORDC1
ESR1,CYB5R1
ESR1,SPHK1
ESR1,NUF2
ESR1,DHX33
ESR1,PSEN2
ESR1,TNFAIP2
ESR1,KPNA3
ESR1,KLF3
ESR1,VPS26C
ESR1,DCP1A
ESR1,MTHFD1
ESR1,TIMM29
ESR1,RAI14
ESR1,ZFP672
ESR1,RFC5
ESR1,ISG20
ESR1,INTS13
ESR1,PCP4L1
ESR1,REL
ESR1,ESYT2
ESR1,NUDT9
ESR1,CNOT10
ESR1,TANGO2
ESR1,SETD2
ESR1,CUL4A
ESR1,TCP11L2
ESR1,RASSF5
ESR1,WDR36
ESR1,RPA1
ESR1,PDE4B
ESR1,NAA35
ESR1,GSR
ESR1,L2HGDH
ESR1,AHCYL1
ESR1,THUMPD3
ESR1,ADO
ESR1,GALK2
ESR1,WARS
ESR1,COA5
ESR1,ZFP143
ESR1,GMFB
ESR1,CLIC4
ESR1,COPS8
ESR1,ISYNA1
ESR1,PFKM
ESR1,ZFP655
ESR1,DCTD
ESR1,FUCA2
ESR1,PSMF1
ESR1,ILVBL
ESR1,UBA7
ESR1,FEM1B
ESR1,TMEM68
ESR1,UMPS
ESR1,MT1
ESR1,NUDCD3
ESR1,NARF
ESR1,CALU
ESR1,E2F6
ESR1,CIPC
ESR1,REXO4
ESR1,CTSE
ESR1,ASAH1
ESR1,MFN2
ESR1,RNF139
ESR1,ZFP592
ESR1,COLGALT1
ESR1,PCYT1A
ESR1,MAPK9
ESR1,NIF3L1
ESR1,PPP6C
ESR1,CREB5
ESR1,CDCA5
ESR1,UNK
ESR1,EIF2B1
ESR1,TBC1D10C
ESR1,BAP1
ESR1,PCCA
ESR1,SUPT7L
ESR1,MAPK1
ESR1,ACAA2
ESR1,ADK
ESR1,SNRNP200
ESR1,LYRM4
ESR1,FGFR1OP
ESR1,SPPL2A
ESR1,NOLC1
ESR1,GTF2F1
ESR1,ANXA5
ESR1,RNF13
ESR1,RRM1
ESR1,PADI4
ESR1,PBX1
ESR1,CDC7
ESR1,ARMT1
ESR1,RABGGTB
ESR1,DUSP1
ESR1,CLCN4
ESR1,BLVRB
ESR1,EIF1AD
ESR1,LONP1
ESR1,TRMT2A
ESR1,TNFAIP8
ESR1,HUS1
ESR1,HDAC7
ESR1,KIF11
ESR1,PNO1
ESR1,TRIM47
ESR1,NFAT5
ESR1,CLPTM1L
ESR1,IFRD2
ESR1,MT2
ESR1,NFE2L2
ESR1,BYSL
ESR1,ARL8B
ESR1,1700017B05RIK
ESR1,PPIL4
ESR1,RANGAP1
ESR1,RMND5A
ESR1,IDH3A
ESR1,USP8
ESR1,XAB2
ESR1,HMGB2
ESR1,STEAP3
ESR1,ARAP1
ESR1,MARCH8
ESR1,DNAJC11
ESR1,PEAR1
ESR1,TOX4
ESR1,CDCA3
ESR1,DDX20
ESR1,FAM136A
ESR1,POLR1B
ESR1,WDR45B
ESR1,AAR2
ESR1,GOLPH3
ESR1,XRCC6
ESR1,DTL
ESR1,XRCC5
ESR1,COQ8A
ESR1,SERPINB9
ESR1,NELFB
ESR1,SLC16A1
ESR1,STK25
ESR1,PHB2
ESR1,PLEC
ESR1,STAT3
ESR1,EMILIN1
ESR1,NCLN
ESR1,POLR3F
ESR1,SLC35A1
ESR1,CHMP7
ESR1,TSPAN14
ESR1,KAT7
ESR1,ACOX1
ESR1,FARSB
ESR1,LANCL2
ESR1,SMC2
ESR1,NDUFV1
ESR1,VPS33A
ESR1,RNF19A
ESR1,OTUD6B
ESR1,RMND5B
ESR1,LMNA
ESR1,ICE1
ESR1,ZYX
ESR1,NUDCD1
ESR1,9430015G10RIK
ESR1,ANAPC2
ESR1,NPLOC4
ESR1,SLC29A1
ESR1,D10WSU102E
ESR1,PLAA
ESR1,TMEM168
ESR1,PPAT
ESR1,NARFL
ESR1,EXOC2
ESR1,ZBTB20
ESR1,LMBRD1
ESR1,MTMR6
ESR1,NUBP2
ESR1,GNB4
ESR1,SLC43A1
ESR1,DPH6
ESR1,RGS2
ESR1,TMEM206
ESR1,DCAF13
ESR1,P2RY14
ESR1,NDEL1
ESR1,PTDSS2
ESR1,HAUS2
ESR1,ELP2
ESR1,ANXA4
ESR1,DNPEP
ESR1,HSPH1
ESR1,CHAMP1
ESR1,ATAD2
ESR1,BAG2
ESR1,ZZZ3
ESR1,FBXO5
ESR1,ABHD16A
ESR1,NAMPT
ESR1,PIGQ
ESR1,VAMP3
ESR1,UBE2G2
ESR1,UBA5
ESR1,CENPK
ESR1,XPC
ESR1,EIF4ENIF1
ESR1,FOXRED1
ESR1,UBXN2B
ESR1,SERPINF1
ESR1,FKBP1A
ESR1,MIEF1
ESR1,FAAP100
ESR1,PA2G4
ESR1,PJA2
ESR1,SELENOP
ESR1,SEH1L
ESR1,GTF2H1
ESR1,EFTUD2
ESR1,TMEM129
ESR1,TACC3
ESR1,HIST1H2BC
ESR1,DCAF11
ESR1,ABTB1
ESR1,COPG1
ESR1,CEP70
ESR1,MCM4
ESR1,AURKA
ESR1,STOM
ESR1,KLHL24
ESR1,SPTLC1
ESR1,APLP2
ESR1,NDRG1
ESR1,TSPAN3
ESR1,RFC4
ESR1,AHCTF1
ESR1,GTF3C3
ESR1,UAP1
ESR1,STT3B
ESR1,WDR75
ESR1,PLAG1
ESR1,TMEM177
ESR1,INKA1
ESR1,PRDM4
ESR1,HIST1H1C
ESR1,SGO1
ESR1,FEM1A
ESR1,NOTCH1
ESR1,TAB1
ESR1,ZDHHC6
ESR1,CARHSP1
ESR1,EPS15
ESR1,ADSSL1
ESR1,RABIF
ESR1,PACSIN2
ESR1,SACM1L
ESR1,TMUB2
ESR1,CCNE2
ESR1,TBL3
ESR1,SLC20A1
ESR1,STXBP3
ESR1,ELL2
ESR1,RBPMS
ESR1,SLC30A5
ESR1,POLE3
ESR1,FCHSD2
ESR1,NGLY1
ESR1,JUN
ESR1,MTREX
ESR1,ELF4
ESR1,NFE2
ESR1,DNAJC5
ESR1,RHOT1
ESR1,PAFAH1B2
ESR1,NDC1
ESR1,ASF1B
ESR1,SRSF1
ESR1,GM2A
ESR1,NUP85
ESR1,PLA2G12A
ESR1,GSTM1
ESR1,ZKSCAN17
ESR1,2610301B20RIK
ESR1,ERLIN2
ESR1,TARS
ESR1,BATF2
ESR1,HDAC2
ESR1,HNRNPLL
ESR1,ATP7B
ESR1,ALG11
ESR1,ATG12
ESR1,AP3S1
ESR1,PITPNB
ESR1,PTDSS1
ESR1,MYNN
ESR1,WDSUB1
ESR1,DLST
ESR1,RAB32
ESR1,MORC3
ESR1,TIMM50
ESR1,ERLIN1
ESR1,WDR4
ESR1,ATG4B
ESR1,B230219D22RIK
ESR1,UROS
ESR1,MIOS
ESR1,NEDD1
ESR1,NCEH1
ESR1,ATL2
ESR1,CUL2
ESR1,HEBP1
ESR1,MAPKAPK3
ESR1,CHP1
ESR1,SVIP
ESR1,ATG16L1
ESR1,SGTA
ESR1,RFESD
ESR1,GYPC
ESR1,DDHD2
ESR1,TBCD
ESR1,FECH
ESR1,BIRC5
ESR1,TOPORS
ESR1,LSP1
ESR1,BTRC
ESR1,MINPP1
ESR1,TFG
ESR1,SNAPC3
ESR1,CASP2
ESR1,DDX1
ESR1,CDT1
ESR1,PRMT7
ESR1,SNRPB
ESR1,CPT2
ESR1,CLPX
ESR1,SLC39A9
ESR1,SP4
ESR1,GSKIP
ESR1,CCNA2
ESR1,GNPDA1
ESR1,IL15
ESR1,EGR1
ESR1,CENPE
ESR1,FZR1
ESR1,CCNG1
ESR1,JPT2
ESR1,CDK1
ESR1,ETS1
ESR1,GOSR2
ESR1,GSS
ESR1,KLF6
ESR1,BTG2
ESR1,ALAD
ESR1,SESN1
ESR1,PSMD9
ESR1,LEPROT
ESR1,ABL1
ESR1,LPCAT3
ESR1,TASP1
ESR1,MEIS1
ESR1,PRPF4
ESR1,CD63
ESR1,NUP93
ESR1,CLN5
ESR1,STXBP4
ESR1,MFSD1
ESR1,POT1A
ESR1,NPTN
ESR1,BTAF1
ESR1,ARMC8
ESR1,RORC
ESR1,RASA3
ESR1,PICALM
ESR1,PREP
ESR1,ENPP4
ESR1,DPP8
ESR1,CRK
ESR1,NR3C2
ESR1,IFI30
ESR1,HSPA4L
ESR1,DEK
ESR1,ZBTB43
ESR1,USP4
ESR1,HNRNPAB
ESR1,ITSN1
ESR1,NUP107
ESR1,NR2C1
ESR1,UBAP1
ESR1,CNOT7
ESR1,IPO9
ESR1,SLC22A3
ESR1,HDGF
ESR1,TGM2
ESR1,CHMP3
ESR1,NUP155
ESR1,CAST
ESR1,NUDT19
ESR1,MCM7
ESR1,RNF115
ESR1,CDK19
ESR1,USP10
ESR1,ZFP62
ESR1,CPQ
ESR1,FPGS
ESR1,UAP1L1
ESR1,ANXA6
ESR1,TFRC
ESR1,RAD21
ESR1,SDHAF2
ESR1,MAVS
ESR1,RNF141
ESR1,GRN
ESR1,TMX1
ESR1,ENDOD1
ESR1,OAT
ESR1,ABCB8
ESR1,AFF4
ESR1,CENPA
ESR1,RORA
ESR1,HSD3B7
ESR1,NR4A1
ESR1,PHAX
ESR1,XPNPEP1
ESR1,MARS
ESR1,MRM1
ESR1,HEXA
ESR1,CENPO
ESR1,RUVBL2
ESR1,PTCD3
ESR1,MIS12
ESR1,UGCG
ESR1,SQOR
ESR1,IRF1
ESR1,RNF213
ESR1,USP37
ESR1,IFT140
ESR1,IFI204
ESR1,EPAS1
ESR1,SDSL
ESR1,ZFP24
ESR1,RAD51
ESR1,PRKAB1
ESR1,MBTPS1
ESR1,MIS18BP1
ESR1,ZEB2
ESR1,WDHD1
ESR1,ORC5
ESR1,NFATC2
ESR1,PLIN2
ESR1,CBX7
ESR1,GNA13
ESR1,CYP20A1
ESR1,CTNNA1
ESR1,NOL9
ESR1,RNF4
ESR1,VIM
ESR1,TBC1D15
ESR1,NOP2
ESR1,NFXL1
ESR1,HLF
ESR1,ASB8
ESR1,PSEN1
ESR1,CTSO
ESR1,SGPL1
ESR1,SSX2IP
ESR1,VPS11
ESR1,RGS19
ESR1,ZFP639
ESR1,TUBGCP2
ESR1,RPA2
ESR1,PPOX
ESR1,ZFP35
ESR1,TXNRD2
ESR1,LAPTM4B
ESR1,DCK
ESR1,TMEM64
ESR1,GNAI3
ESR1,NADK
ESR1,SLC31A1
ESR1,NCAPG2
ESR1,ANAPC4
ESR1,NIT1
ESR1,ARL6IP6
ESR1,PKM
ESR1,ABCD3
ESR1,FIGNL1
ESR1,WDR6
ESR1,SPNS2
ESR1,NAE1
ESR1,PTPN12
ESR1,ZFP451
ESR1,DNAJC10
ESR1,CISH
ESR1,TMX3
ESR1,SLC6A6
ESR1,MBOAT2
ESR1,ZSCAN21
ESR1,DECR1
ESR1,SEC23IP
ESR1,TVP23B
ESR1,COPB1
ESR1,GNG11
ESR1,CSGALNACT2
ESR1,NSMAF
ESR1,MAPK12
ESR1,SCFD1
ESR1,AP5M1
ESR1,NEK9
ESR1,MCM5
ESR1,H1F0
ESR1,PSMD5
ESR1,AMPD3
ESR1,UBR1
ESR1,ZFP467
ESR1,ABCF3
ESR1,LMO4
ESR1,BCLAF3
ESR1,WDR5
ESR1,ODC1
ESR1,GTF2E1
ESR1,VKORC1L1
ESR1,MED16
ESR1,BUB1B
ESR1,KIDINS220
ESR1,PRC1
ESR1,PITRM1
ESR1,SMIM5
ESR1,FASTKD2
ESR1,SUN1
ESR1,ZKSCAN6
ESR1,CAPN7
ESR1,NRF1
ESR1,ITFG1
ESR1,CDC20
ESR1,RARB
ESR1,NDOR1
ESR1,GLIS2
ESR1,CD34
ESR1,PRELID3B
ESR1,PQLC1
ESR1,YPEL3
ESR1,TCF12
ESR1,GORASP1
ESR1,PGR
ESR1,PDCL
ESR1,CUL3
ESR1,ACSS2
ESR1,WDR73
ESR1,NAA50
ESR1,ATP6V1A
ESR1,IFITM1
ESR1,SCRN3
ESR1,TIPIN
ESR1,KDM6A
ESR1,MECOM
ESR1,ETF1
ESR1,FAM168B
ESR1,D230025D16RIK
ESR1,ICA1
ESR1,AP1G2
ESR1,METAP1
ESR1,ANXA2
ESR1,SLC25A38
ESR1,CYB5R3
ESR1,SMARCA2
ESR1,NASP
ESR1,TMEM164
ESR1,CRBN
ESR1,AFG3L2
ESR1,NECAP2
ESR1,MED22
ESR1,ALDH9A1
ESR1,TLK1
ESR1,LDHB
ESR1,TENT5A
ESR1,HDAC11
ESR1,EXOC3
ESR1,UCKL1
ESR1,CDCA4
ESR1,METAP1D
ESR1,LDAH
ESR1,FBXW5
ESR1,GUSB
ESR1,SGPP1
ESR1,DNM1L
ESR1,CDC45
ESR1,LAP3
ESR1,MOGS
ESR1,RAD51AP1
ESR1,INPP5B
ESR1,PCYT2
ESR1,COG7
ESR1,GFM1
ESR1,RPP40
ESR1,ZFP322A
ESR1,TWSG1
ESR1,AK3
ESR1,NUP88
ESR1,ELOVL1
ESR1,MSH6
ESR1,P2RX4
ESR1,PUS7
ESR1,TAF12
ESR1,POLR2B
ESR1,STXBP1
ESR1,TPP1
ESR1,INTS8
ESR1,FADS1
ESR1,PLIN3
ESR1,PLD3
ESR1,FAM91A1
ESR1,PIK3R2
ESR1,GANAB
ESR1,RANBP3
ESR1,ME2
ESR1,FAR1
ESR1,CKS1B
ESR1,ZFP945
ESR1,TMEM176B
ESR1,TMEM176A
ESR1,ALG9
ESR1,NT5DC1
ESR1,HEATR5A
ESR1,FAM234B
ESR1,ST3GAL5
ESR1,VHL
ESR1,RPRD1B
ESR1,MAN1A
ESR1,BLZF1
ESR1,PPARGC1A
ESR1,DHFR
ESR1,ST6GALNAC4
ESR1,PIP4K2A
ESR1,HMBS
ESR1,PRKAA1
ESR1,GMNN
ESR1,RCC1
ESR1,ATP6AP2
ESR1,CNIH1
ESR1,FAM45A
ESR1,RUNX1T1
ESR1,INPP1
ESR1,PHACTR2
ESR1,SLC39A10
ESR1,SELENBP1
ESR1,TSHZ3
ESR1,PLXNC1
ESR1,CCDC137
ESR1,GARS
ESR1,POLD1
ESR1,SKAP2
ESR1,IARS
ESR1,CITED4
ESR1,MYH10
ESR1,STX17
ESR1,GPSM2
ESR1,YOD1
ESR1,CD82
ESR1,BUB3
ESR1,DIS3L2
ESR1,CDCA8
ESR1,SMIM15
ESR1,XRCC3
ESR1,SPPL2B
ESR1,TUBGCP3
ESR1,TOR3A
ESR1,LRRFIP1
ESR1,YBX1
ESR1,FOS
ESR1,FTSJ3
ESR1,MFGE8
ESR1,TLR4
ESR1,GMCL1
ESR1,RNF145
ESR1,AHR
ESR1,JARID2
ESR1,CBFB
ESR1,TMEM97
ESR1,CALCRL
ESR1,BCAP29
ESR1,STX12
ESR1,HARS2
ESR1,HARS
ESR1,FOXO1
ESR1,COPB2
ESR1,NCAPG
ESR1,USP25
ESR1,TCIRG1
ESR1,METTL8
ESR1,CYTH4
ESR1,CAD
ESR1,ABI1
ESR1,OPTN
ESR1,GCNT2
ESR1,SMAD2
ESR1,CDC6
ESR1,HSDL1
ESR1,PSTPIP1
ESR1,PSMD6
ESR1,MTO1
ESR1,GSTM5
ESR1,MXD3
ESR1,RCOR1
ESR1,ZFP397
ESR1,ATP1B2
ESR1,DRAM2
ESR1,CEPT1
ESR1,KNSTRN
ESR1,HERC4
ESR1,QARS
ESR1,CMPK2
ESR1,TMEM109
ESR1,LIG1
ESR1,CTR9
ESR1,UBA3
ESR1,ELAC2
ESR1,UNC93B1
ESR1,RRM2
ESR1,SHCBP1
ESR1,TRMT11
ESR1,METTL27
ESR1,XPR1
ESR1,PRKAR2B
ESR1,UBR7
ESR1,TEAD3
ESR1,FAM76B
ESR1,BID
ESR1,LZTR1
ESR1,CSRP3
ESR1,SLC25A46
ESR1,RUNX2
ESR1,ZBTB10
ESR1,ALDH1A1
ESR1,MARCH5
ESR1,LPIN2
ESR1,UBAC1
ESR1,PWP2
ESR1,TMC6
ESR1,SLC41A3
ESR1,NUSAP1
ESR1,E2F4
ESR1,LRRC14
ESR1,VILL
ESR1,NUPR1
ESR1,GYG
ESR1,INCENP
ESR1,PHF10
ESR1,NCAPD2
ESR1,EYA1
ESR1,POLA2
ESR1,GPR180
ESR1,TMEM186
ESR1,CTLA2A
ESR1,HPCAL1
ESR1,ZFP367
ESR1,RELB
ESR1,CSTF2
ESR1,ATP13A1
ESR1,MAN2A2
ESR1,ATP11C
ESR1,TIFA
ESR1,USF3
ESR1,CKAP2L
ESR1,KLHL22
ESR1,TOLLIP
ESR1,UTP4
ESR1,ARHGEF6
ESR1,ABCB10
ESR1,NET1
ESR1,PSAT1
ESR1,SMIM1
ESR1,NUDT4
ESR1,SQLE
ESR1,RCSD1
ESR1,NDE1
ESR1,TCF19
ESR1,PWP1
ESR1,ANKLE1
ESR1,UBE2C
ESR1,MRPL37
ESR1,PMPCA
ESR1,ATP2A3
ESR1,TYK2
ESR1,CD55
ESR1,PON2
ESR1,MCM3
ESR1,RAB31
ESR1,TRMT6
ESR1,SPC25
ESR1,MCM6
ESR1,MGST3
ESR1,CCNE1
ESR1,SPTBN1
ESR1,LLGL1
ESR1,TERF2IP
ESR1,PPP2R1B
ESR1,CHUK
ESR1,HDAC9
ESR1,CACFD1
ESR1,YBX3
ESR1,PACS1
ESR1,ZFP110
ESR1,SLC44A2
ESR1,THRB
ESR1,NCAPH
ESR1,MTFR1
ESR1,PLBD2
ESR1,PRDM16
ESR1,PIK3IP1
ESR1,EXT2
ESR1,HCFC1
ESR1,PIK3C3
ESR1,D1ERTD622E
ESR1,TAPT1
ESR1,SLC11A2
ESR1,CERS5
ESR1,SLC7A4
ESR1,EBF1
ESR1,TRIM59
ESR1,UROD
ESR1,GATA2
ESR1,TM7SF3
ESR1,FNTA
ESR1,CASP3
ESR1,MYC
ESR1,HACD3
ESR1,ZFP871
ESR1,TTF1
ESR1,SLC19A1
ESR1,COL5A1
ESR1,TFR2
ESR1,ZKSCAN3
ESR1,ELP3
ESR1,CTTN
ESR1,SNAP23
ESR1,CYTH3
ESR1,IPO4
ESR1,POGLUT1
ESR1,ERCC8
ESR1,MEMO1
ESR1,SLC30A6
ESR1,CPOX
ESR1,TMEM56
ESR1,EZR
ESR1,MEF2C
ESR1,CTPS
ESR1,ZFP266
ESR1,TPX2
ESR1,MYO1D
ESR1,GBP2
ESR1,SPC24
ESR1,CAMK1
ESR1,LY6A
ESR1,CRYZL2
ESR1,4833439L19RIK
ESR1,TMEM173
ESR1,WLS
ESR1,CRNKL1
ESR1,APBB1
ESR1,ARHGEF18
ESR1,GOLT1B
ESR1,VPS35
ESR1,TAF1
ESR1,ORC6
ESR1,METTL7A1
ESR1,ANKFY1
ESR1,ESAM
ESR1,GRAMD1A
ESR1,MAU2
ESR1,LPCAT1
ESR1,FTSJ1
ESR1,SPRYD4
ESR1,EDC3
ESR1,HOXA9
ESR1,TUBGCP5
ESR1,RNASEL
ESR1,VPS33B
ESR1,TOP2A
ESR1,PRIM2
ESR1,SCARB1
ESR1,COG6
ESR1,PAK1
ESR1,MARCH6
ESR1,GEMIN5
ESR1,SOX6
ESR1,OSTM1
ESR1,RARS
ESR1,HMMR
ESR1,ADAMTS10
ESR1,TRIB3
ESR1,IARS2
ESR1,ZMYM3
ESR1,CENPF
ESR1,TMEM263
ESR1,SLC25A45
ESR1,ZDHHC13
ESR1,MFSD14B
ESR1,DYNLT3
ESR1,SATB1
ESR1,BMI1
ESR1,CSAD
ESR1,TEAD2
ESR1,ATAD1
ESR1,JAK3
ESR1,PGLYRP2
ESR1,HPN
ESR1,GRINA
ESR1,SLC40A1
ESR1,CKAP5
ESR1,RDH11
ESR1,ARHGAP15
ESR1,PDK3
ESR1,TTLL12
ESR1,RGCC
ESR1,TOM1L1
ESR1,AQP1
ESR1,APOE
ESR1,KIF20B
ESR1,PGM1
ESR1,PKLR
ESR1,OASL2
ESR1,HCLS1
ESR1,GPKOW
ESR1,C330018D20RIK
ESR1,ELMO1
ESR1,ALDH18A1
ESR1,PPIC
ESR1,ORC2
ESR1,G6PDX
ESR1,MCM2
ESR1,SALL2
ESR1,ZFP961
ESR1,RB1
ESR1,UBL4A
ESR1,ZFP275
ESR1,NFIA
ESR1,TCN2
ESR1,GLIPR2
ESR1,SERPINB1A
ESR1,CERS4
ESR1,BC005561
ESR1,RPAP1
ESR1,AFAP1L1
ESR1,MNS1
ESR1,XK
ESR1,ZFP930
ESR1,SLC14A1
ESR1,DCAF4
ESR1,WDR55
ESR1,TRPV2
ESR1,TRPS1
ESR1,ANKRD27
ESR1,GMPR
ESR1,ADGRG3
ESR1,PRKCH
ESR1,CKAP2
ESR1,CASP4
ESR1,NSDHL
ESR1,CD9
ESR1,EYA2
ESR1,EPDR1
ESR1,MCM10
ESR1,MCTP1
ESR1,MYCN
ESR1,GFI1
ESR1,EMILIN2
ESR1,PRPS1
ESR1,ATP6AP1
ESR1,CD1D1
ESR1,SAMD14
ESR1,IRF8
ESR1,AP1B1
ESR1,PRDM5
ESR1,LIMD2
ESR1,PLPPR3
ESR1,SEPT8
ESR1,VPS41
ESR1,PPM1H
ESR1,NAGA
ESR1,SNX10
ESR1,FLOT2
ESR1,ANK
ESR1,CCNF
ESR1,TSPAN33
ESR1,TLE2
ESR1,ZFP30
ESR1,NAPSA
ESR1,ADD2
ESR1,CTLA2B
ESR1,ASNS
ESR1,UHRF1
ESR1,ITGA6
ESR1,GATM
ESR1,CPT1A
ESR1,IRF5
ESR1,GOLM1
ESR1,CYTIP
ESR1,MTAP
ESR1,2210016F16RIK
ESR1,TES
ESR1,ABCB4
ESR1,ANGPT1
ESR1,E2F8
ESR1,ABCG2
ESR1,CNN2
ESR1,MKI67
ESR1,HELLS
ESR1,EMB
ESR1,CNP
ESR1,KLHL23
ESR1,CHCHD10
ESR1,NFATC1
ESR1,IFI203
ESR1,PRIM1
ESR1,CCNB1
ESR1,ZFP36
ESR1,ACSS1
ESR1,RTP4
ESR1,PRPS2
ESR1,APEH
ESR1,BUB1
ESR1,TRIB2
ESR1,UBASH3A
ESR1,ST3GAL6
ESR1,TBC1D2B
ESR1,LCP1
ESR1,ANXA1
ESR1,SP100
ESR1,ITIH5
ESR1,HNF4A
ESR1,CTSC
ESR1,IRF6
ESR1,KIF22
ESR1,SLC38A5
ESR1,GDF3
ESR1,MAP4K2
ESR1,PLCB2
ESR1,TMEM185A
ESR1,CELA1
ESR1,MNDAL
ESR1,NDN
ESR1,GCLC
ESR1,TTF2
ESR1,VDR
ESR1,IL27RA
ESR1,CCNB2
ESR1,PRKCQ
ESR1,STARD10
ESR1,SEPT6
ESR1,F11R
ESR1,DDX58
ESR1,SLC25A21
ESR1,PTGS1
ESR1,ID2
ESR1,MYB
ETS1,DCP1A
ETS1,NUF2
ETS1,CHORDC1
ETS1,DDX20
ETS1,SNRNP200
ETS1,ARMT1
ETS1,9430015G10RIK
ETS1,CLPTM1L
ETS1,AP5M1
ETS1,SLC35A1
ETS1,NDUFV1
ETS1,ATG16L1
ETS1,MIEF1
ETS1,TIMM29
ETS1,DCAF13
ETS1,CNOT10
ETS1,DUS1L
ETS1,UNK
ETS1,NFAT5
ETS1,ZFP655
ETS1,TRMT2A
ETS1,NAA35
ETS1,PHB2
ETS1,UBR1
ETS1,DNAJC11
ETS1,PPP6C
ETS1,EIF2B1
ETS1,NECAP2
ETS1,ERLIN2
ETS1,GALK2
ETS1,EIF1AD
ETS1,NUDCD3
ETS1,ORC5
ETS1,RANGAP1
ETS1,MSH6
ETS1,ACAP1
ETS1,RFESD
ETS1,MIS18BP1
ETS1,IFRD2
ETS1,CDCA5
ETS1,BTRC
ETS1,FKBP1A
ETS1,WDR45B
ETS1,ARL8B
ETS1,EXOC2
ETS1,PFKM
ETS1,MYNN
ETS1,RAD21
ETS1,NIF3L1
ETS1,DHX33
ETS1,COA5
ETS1,NCEH1
ETS1,STAT3
ETS1,WDR36
ETS1,DOCK2
ETS1,NOLC1
ETS1,NCLN
ETS1,PSMF1
ETS1,THUMPD3
ETS1,NUDCD1
ETS1,PRKAB1
ETS1,WDR75
ETS1,USP4
ETS1,HSPH1
ETS1,GMFB
ETS1,D10WSU102E
ETS1,ARAP1
ETS1,CDCA3
ETS1,NDC1
ETS1,PRDM4
ETS1,NUDT9
ETS1,MCM7
ETS1,VPS26C
ETS1,C330018D20RIK
ETS1,WARS
ETS1,VPS33B
ETS1,ATAD2
ETS1,PSMD6
ETS1,MARS
ETS1,CAST
ETS1,PIGQ
ETS1,DPP8
ETS1,ABTB1
ETS1,ZFP62
ETS1,NFXL1
ETS1,NDOR1
ETS1,RASSF5
ETS1,PICALM
ETS1,SUPT7L
ETS1,ETF1
ETS1,MTMR6
ETS1,COPS8
ETS1,REXO4
ETS1,CLCN4
ETS1,CHAMP1
ETS1,PLAA
ETS1,BIRC5
ETS1,UBE2G2
ETS1,FEM1A
ETS1,RASAL3
ETS1,RRM1
ETS1,ESYT2
ETS1,VPS33A
ETS1,TRMT6
ETS1,HARS
ETS1,HARS2
ETS1,KLHL6
ETS1,ZFP24
ETS1,EFTUD2
ETS1,RNF115
ETS1,WDR73
ETS1,HIST1H1C
ETS1,USP8
ETS1,NARFL
ETS1,NELFB
ETS1,CENPO
ETS1,TMEM68
ETS1,NUP107
ETS1,MORC3
ETS1,TOX4
ETS1,RHOT1
ETS1,UBA5
ETS1,AURKA
ETS1,OTUD6B
ETS1,TAB1
ETS1,EXOC3
ETS1,METTL8
ETS1,NDEL1
ETS1,GOSR2
ETS1,STK25
ETS1,FOXRED1
ETS1,POLR3F
ETS1,VPS11
ETS1,SRSF1
ETS1,PSMD9
ETS1,PA2G4
ETS1,PMPCA
ETS1,CYB5R3
ETS1,AHCYL1
ETS1,SPPL2A
ETS1,GTF2H1
ETS1,CUL4A
ETS1,CEP70
ETS1,PIK3R2
ETS1,WDR4
ETS1,ZFP35
ETS1,CRK
ETS1,YPEL3
ETS1,BAP1
ETS1,RARS
ETS1,ADAMTS10
ETS1,GTF2F1
ETS1,TMEM206
ETS1,SLC31A1
ETS1,SLC25A38
ETS1,SEC23IP
ETS1,NCAPG2
ETS1,TMEM129
ETS1,TACC3
ETS1,FCHSD2
ETS1,NUP155
ETS1,CIPC
ETS1,PSEN2
ETS1,CSTF2
ETS1,NIT1
ETS1,RFC4
ETS1,KAT7
ETS1,TMX1
ETS1,CHMP7
ETS1,XPC
ETS1,TBCD
ETS1,LMBRD1
ETS1,FAM168B
ETS1,ANAPC4
ETS1,AHCTF1
ETS1,VAMP3
ETS1,SNAPC3
ETS1,XAB2
ETS1,KLHL24
ETS1,E2F4
ETS1,MTREX
ETS1,PRPF4
ETS1,SEH1L
ETS1,TTF1
ETS1,NOL9
ETS1,CPT2
ETS1,PIK3C3
ETS1,HAUS2
ETS1,SGTA
ETS1,ZDHHC6
ETS1,MAD2L1
ETS1,SCFD1
ETS1,BYSL
ETS1,PACSIN2
ETS1,PLD3
ETS1,MFN2
ETS1,TBC1D15
ETS1,POLR1B
ETS1,ATG4B
ETS1,ADO
ETS1,GFM1
ETS1,FEM1B
ETS1,NEDD1
ETS1,PHAX
ETS1,COPG1
ETS1,ZZZ3
ETS1,ANAPC2
ETS1,AP1B1
ETS1,4833439L19RIK
ETS1,SERPINB9
ETS1,SLC39A9
ETS1,AAR2
ETS1,INCENP
ETS1,ITFG1
ETS1,TFRC
ETS1,GMCL1
ETS1,COPB1
ETS1,DNPEP
ETS1,GARS
ETS1,KIF20B
ETS1,ATP13A1
ETS1,ZBTB43
ETS1,ZFP110
ETS1,NFE2
ETS1,POT1A
ETS1,SPTLC1
ETS1,ABI1
ETS1,RABIF
ETS1,TUBGCP2
ETS1,PAFAH1B2
ETS1,ATP2A3
ETS1,NUDT19
ETS1,PPIL4
ETS1,HDGF
ETS1,TMUB2
ETS1,SNRPB
ETS1,TARS
ETS1,GTF3C3
ETS1,SACM1L
ETS1,DNAJC10
ETS1,LIMD2
ETS1,RUVBL2
ETS1,CDK1
ETS1,RAD51
ETS1,NOP2
ETS1,ARHGAP15
ETS1,MINPP1
ETS1,UHRF1
ETS1,OSTM1
ETS1,PSMD5
ETS1,HIST1H2BC
ETS1,POLD1
ETS1,HUS1
ETS1,CENPK
ETS1,ZFP397
ETS1,LRRC14
ETS1,PSAT1
ETS1,LZTR1
ETS1,KPNA3
ETS1,IPO4
ETS1,LAP3
ETS1,CDK19
ETS1,PCYT1A
ETS1,LDAH
ETS1,SCRN3
ETS1,TAF12
ETS1,BID
ETS1,ABCF3
ETS1,ZFP143
ETS1,ELP2
ETS1,GNAI3
ETS1,PPAT
ETS1,LRRFIP1
ETS1,DPH6
ETS1,UBR7
ETS1,BLZF1
ETS1,TMEM168
ETS1,GOLPH3
ETS1,MAU2
ETS1,HCLS1
ETS1,P2RX4
ETS1,ZFP672
ETS1,PLIN3
ETS1,MFSD1
ETS1,ZKSCAN3
ETS1,ELAC2
ETS1,GSS
ETS1,PSEN1
ETS1,CENPA
ETS1,CRNKL1
ETS1,PRMT7
ETS1,LONP1
ETS1,SPTBN1
ETS1,RNF4
ETS1,UCKL1
ETS1,MOGS
ETS1,POGLUT1
ETS1,PGLYRP2
ETS1,MBTPS1
ETS1,COPB2
ETS1,PSTPIP1
ETS1,TVP23B
ETS1,ACSS1
ETS1,TFG
ETS1,TOPORS
ETS1,BCLAF3
ETS1,TRMT11
ETS1,ZSCAN21
ETS1,CPQ
ETS1,ZFP639
ETS1,CCDC137
ETS1,EPS15
ETS1,HEMGN
ETS1,DDHD2
ETS1,DENND1C
ETS1,ARMC8
ETS1,ME2
ETS1,RNF139
ETS1,LYRM4
ETS1,B230219D22RIK
ETS1,ALKBH8
ETS1,GSKIP
ETS1,CDT1
ETS1,FAAP100
ETS1,CDC45
ETS1,SGO1
ETS1,NPLOC4
ETS1,RANBP3
ETS1,HMBS
ETS1,ATAD1
ETS1,SLC25A46
ETS1,BTAF1
ETS1,CDCA8
ETS1,INTS13
ETS1,COLGALT1
ETS1,WDR5
ETS1,SMC2
ETS1,ZFP451
ETS1,PKM
ETS1,WDHD1
ETS1,RPRD1B
ETS1,DDX1
ETS1,CASP3
ETS1,XPNPEP1
ETS1,DNAJC5
ETS1,UBAC1
ETS1,VPS41
ETS1,FASTKD2
ETS1,XRCC5
ETS1,POLE3
ETS1,NFKBIA
ETS1,PTDSS2
ETS1,NT5DC1
ETS1,ANKFY1
ETS1,BTG2
ETS1,MIS12
ETS1,CPOX
ETS1,STXBP4
ETS1,FAM91A1
ETS1,ZKSCAN6
ETS1,MRM1
ETS1,MED16
ETS1,TASP1
ETS1,RPA2
ETS1,UAP1
ETS1,CHUK
ETS1,FAM45A
ETS1,APEH
ETS1,CALU
ETS1,CTSE
ETS1,MARCH6
ETS1,PPOX
ETS1,UROD
ETS1,TBL3
ETS1,DLST
ETS1,MAPK1
ETS1,LIG1
ETS1,FAM76B
ETS1,FIGNL1
ETS1,MIOS
ETS1,COG7
ETS1,NCAPG
ETS1,TIMM50
ETS1,MCM3
ETS1,RPAP1
ETS1,GPKOW
ETS1,GUSB
ETS1,REL
ETS1,TOLLIP
ETS1,CACFD1
ETS1,CRBN
ETS1,GOLT1B
ETS1,HERC4
ETS1,SP4
ETS1,CHMP3
ETS1,LRRC8C
ETS1,RABGGTB
ETS1,TRIM30A
ETS1,DUSP2
ETS1,ATL2
ETS1,SLC30A5
ETS1,RMND5B
ETS1,ZKSCAN17
ETS1,PREP
ETS1,CNIH1
ETS1,RAD51AP1
ETS1,TYMS
ETS1,METTL7A1
ETS1,ATG12
ETS1,AP3S1
ETS1,UROS
ETS1,CLN5
ETS1,CCNA2
ETS1,PON2
ETS1,GORASP1
ETS1,IPO9
ETS1,2610301B20RIK
ETS1,DUSP1
ETS1,QARS
ETS1,DIS3L2
ETS1,MED22
ETS1,SHCBP1
ETS1,MAPK9
ETS1,PITPNB
ETS1,FBXW5
ETS1,WDR55
ETS1,BUB1B
ETS1,CSGALNACT2
ETS1,NUP93
ETS1,CAPN7
ETS1,PWP2
ETS1,CDC6
ETS1,TBC1D10C
ETS1,XPR1
ETS1,UBXN2B
ETS1,ZFP266
ETS1,TCF12
ETS1,ALAD
ETS1,PRKCH
ETS1,GM2A
ETS1,PTDSS1
ETS1,NEK9
ETS1,SMARCA2
ETS1,GYPC
ETS1,KIF11
ETS1,SGPL1
ETS1,GNA13
ETS1,KNSTRN
ETS1,EDC3
ETS1,TM7SF3
ETS1,ADK
ETS1,UBA7
ETS1,ZFP367
ETS1,TMEM173
ETS1,TMEM177
ETS1,FNTA
ETS1,STX12
ETS1,CLPX
ETS1,GSR
ETS1,BCAP29
ETS1,BUB3
ETS1,ARL6IP6
ETS1,RFC5
ETS1,SDHAF2
ETS1,ALDH9A1
ETS1,CLIC4
ETS1,SPPL2B
ETS1,FARSB
ETS1,NFE2L2
ETS1,NCAPH
ETS1,RELB
ETS1,CTR9
ETS1,STXBP3
ETS1,NAA50
ETS1,ATP6V1A
ETS1,ARHGEF18
ETS1,CYTH4
ETS1,MARCH8
ETS1,CENPE
ETS1,UTP4
ETS1,CKS1B
ETS1,TCP11L2
ETS1,INPP5B
ETS1,GNPDA1
ETS1,DNM1L
ETS1,ALG9
ETS1,VHL
ETS1,USP37
ETS1,PLEC
ETS1,DRAM2
ETS1,CEPT1
ETS1,NAMPT
ETS1,RNF141
ETS1,FOS
ETS1,TERF2IP
ETS1,MXD3
ETS1,DCAF11
ETS1,ZFP275
ETS1,TPP1
ETS1,IRF1
ETS1,TREML2
ETS1,MGST3
ETS1,TMX3
ETS1,PBK
ETS1,ATP7B
ETS1,ALG11
ETS1,VAV1
ETS1,SLC39A10
ETS1,ORC2
ETS1,FZR1
ETS1,YOD1
ETS1,CENPF
ETS1,ODC1
ETS1,TUBGCP5
ETS1,CERS5
ETS1,USF3
ETS1,MCM6
ETS1,METAP1D
ETS1,TMEM186
ETS1,SPIRE1
ETS1,CALCRL
ETS1,TXNRD2
ETS1,FGFR1OP
ETS1,CD82
ETS1,NUP85
ETS1,RGS19
ETS1,PNO1
ETS1,RORA
ETS1,FPGS
ETS1,MTO1
ETS1,PIP4K2A
ETS1,ZFP871
ETS1,COG6
ETS1,HEATR5A
ETS1,TCF19
ETS1,TUBGCP3
ETS1,TMEM64
ETS1,POLR2B
ETS1,MTHFD1
ETS1,GMNN
ETS1,STEAP3
ETS1,CNOT7
ETS1,HSPA4L
ETS1,HACD3
ETS1,FECH
ETS1,XRCC6
ETS1,NET1
ETS1,RPP40
ETS1,FAR1
ETS1,TMEM109
ETS1,CBFB
ETS1,SMIM15
ETS1,D230025D16RIK
ETS1,ASAH1
ETS1,UNC93B1
ETS1,ENDOD1
ETS1,TLR4
ETS1,DTL
ETS1,CDCA4
ETS1,ABCB8
ETS1,SPI1
ETS1,ABCD3
ETS1,MCM4
ETS1,EYA2
ETS1,CHP1
ETS1,SPC25
ETS1,PJA2
ETS1,WDSUB1
ETS1,TNFAIP8
ETS1,CBX7
ETS1,RB1
ETS1,PDCL
ETS1,GFI1
ETS1,MCM5
ETS1,SP100
ETS1,FBXO5
ETS1,SESN1
ETS1,LLGL1
ETS1,METAP1
ETS1,ELP3
ETS1,PQLC1
ETS1,CCNE2
ETS1,ZFP322A
ETS1,ABHD16A
ETS1,SCARB1
ETS1,CYB5R1
ETS1,LANCL2
ETS1,PCCA
ETS1,NDRG1
ETS1,GYG
ETS1,USP10
ETS1,TAPT1
ETS1,NGLY1
ETS1,ZFP945
ETS1,HNRNPAB
ETS1,SETD2
ETS1,ASB8
ETS1,TYK2
ETS1,WDR6
ETS1,ICE1
ETS1,PRIM1
ETS1,PLBD2
ETS1,UAP1L1
ETS1,NADK
ETS1,MARCH5
ETS1,AFF4
ETS1,ZDHHC13
ETS1,LPIN2
ETS1,NPTN
ETS1,SLC20A1
ETS1,TPX2
ETS1,TIPIN
ETS1,CTSO
ETS1,ST8SIA4
ETS1,FAM136A
ETS1,NASP
ETS1,NCAPD2
ETS1,IFT140
ETS1,PRELID3B
ETS1,ST6GALNAC4
ETS1,GANAB
ETS1,ITSN1
ETS1,LPCAT3
ETS1,OAT
ETS1,SLC30A6
ETS1,NUP88
ETS1,CUL3
ETS1,TWSG1
ETS1,TMC6
ETS1,CKAP2L
ETS1,ERLIN1
ETS1,PLEK
ETS1,ARHGEF6
ETS1,CUL2
ETS1,CYP20A1
ETS1,HAGH
ETS1,RRM2
ETS1,ISYNA1
ETS1,ABL1
ETS1,PRIM2
ETS1,MTFR1
ETS1,RNF19A
ETS1,GTF2E1
ETS1,HACD4
ETS1,ABCB10
ETS1,FTSJ3
ETS1,STAP1
ETS1,EZR
ETS1,RNF145
ETS1,VKORC1L1
ETS1,HNRNPLL
ETS1,DEK
ETS1,HSDL1
ETS1,NFATC1
ETS1,ENPP4
ETS1,YBX1
ETS1,MFNG
ETS1,SLC16A1
ETS1,NRF1
ETS1,TOR3A
ETS1,COQ8A
ETS1,NR2C1
ETS1,MAVS
ETS1,TTLL12
ETS1,ISG20
ETS1,EGR1
ETS1,AK3
ETS1,GSTM1
ETS1,SLA2
ETS1,MEMO1
ETS1,EPSTI1
ETS1,PTPN12
ETS1,CAD
ETS1,AFG3L2
ETS1,IARS2
ETS1,DPH2
ETS1,IL27RA
ETS1,IDH3A
ETS1,TTF2
ETS1,CDC20
ETS1,PCYT2
ETS1,FADS1
ETS1,ZFP930
ETS1,ELOVL1
ETS1,SERPINB6B
ETS1,MCM2
ETS1,PTCD3
ETS1,HEXA
ETS1,INTS8
ETS1,HDAC2
ETS1,HDAC7
ETS1,EIF4ENIF1
ETS1,RGS1
ETS1,CTSC
ETS1,NAPSA
ETS1,CCNE1
ETS1,HMGB2
ETS1,NSMAF
ETS1,PITRM1
ETS1,NUBP2
ETS1,PWP1
ETS1,TRIB2
ETS1,ZFP961
ETS1,E2F8
ETS1,HCFC1
ETS1,NAGA
ETS1,MYO1G
ETS1,NARF
ETS1,CKAP2
ETS1,UGCG
ETS1,CASP2
ETS1,SLC19A1
ETS1,ALDH18A1
ETS1,NAE1
ETS1,CNP
ETS1,TAF1
ETS1,ACAA2
ETS1,RPA1
ETS1,SEPT6
ETS1,ILVBL
ETS1,PLA2G12A
ETS1,HELLS
ETS1,CARHSP1
ETS1,FTSJ1
ETS1,TRPV2
ETS1,RGCC
ETS1,JAK3
ETS1,UBA3
ETS1,ASF1B
ETS1,1700017B05RIK
ETS1,STT3B
ETS1,RGS2
ETS1,TRIM59
ETS1,KIF22
ETS1,UMPS
ETS1,TSPAN14
ETS1,BLVRB
ETS1,CDC7
ETS1,CCNG1
ETS1,POLA2
ETS1,PQLC3
ETS1,PRC1
ETS1,TCN2
ETS1,PUS7
ETS1,GEMIN5
ETS1,EPOR
ETS1,DHFR
ETS1,DOK2
ETS1,STOM
ETS1,SMAD2
ETS1,PIDD1
ETS1,JUN
ETS1,PRKAA1
ETS1,TOP2A
ETS1,SEPT8
ETS1,UBL4A
ETS1,SLC29A1
ETS1,SUN1
ETS1,CYTH3
ETS1,NFATC2
ETS1,DDX58
ETS1,CTNNA1
ETS1,AMPD3
ETS1,TK1
ETS1,AP1G2
ETS1,DCK
ETS1,GYPA
ETS1,TANGO2
ETS1,CKAP5
ETS1,ANKLE1
ETS1,XK
ETS1,VWA5A
ETS1,RTP4
ETS1,GPR171
ETS1,ZBTB10
ETS1,RNF13
ETS1,SLC44A2
ETS1,ZFP592
ETS1,SSX2IP
ETS1,MKI67
ETS1,G6PDX
ETS1,IARS
ETS1,ACOX1
ETS1,PPM1H
ETS1,DCAF4
ETS1,ERCC8
ETS1,UBAP1
ETS1,SQLE
ETS1,CCNF
ETS1,ADSSL1
ETS1,SLC6A6
ETS1,KIDINS220
ETS1,CD1D1
ETS1,RDH11
ETS1,RCC1
ETS1,SATB1
ETS1,RCOR1
ETS1,GIMAP6
ETS1,PRPS1
ETS1,ACSS2
ETS1,JPT2
ETS1,ATP11C
ETS1,MTAP
ETS1,PHETA2
ETS1,OASL2
ETS1,L2HGDH
ETS1,UBE2C
ETS1,MAP4K2
ETS1,TRIB3
ETS1,IKZF1
ETS1,RMND5A
ETS1,PDE4B
ETS1,KLF1
ETS1,SGPP1
ETS1,GBP2
ETS1,PPP2R1B
ETS1,D1ERTD622E
ETS1,PLK1
ETS1,LCP2
ETS1,SPC24
ETS1,NOTCH1
ETS1,TMEM263
ETS1,MRPL37
ETS1,SLC22A3
ETS1,ABCB4
ETS1,CD74
ETS1,MNS1
ETS1,JARID2
ETS1,GIMAP5
ETS1,IL15
ETS1,LEPROT
ETS1,TMEM164
ETS1,KLF6
ETS1,MCM10
ETS1,DCTD
ETS1,SLC14A1
ETS1,ARHGAP4
ETS1,TMEM185A
ETS1,ZMYM3
ETS1,PHF10
ETS1,CTPS
ETS1,APLP2
ETS1,TRPS1
ETS1,ITGA6
ETS1,PLAG1
ETS1,DENND2D
ETS1,MYC
ETS1,ATP6AP2
ETS1,TFR2
ETS1,NDE1
ETS1,SNAP23
ETS1,SNX10
ETS1,LSP1
ETS1,P2RY14
ETS1,LMNA
ETS1,SLC11A2
ETS1,GCLC
ETS1,EBI3
ETS1,GPSM2
ETS1,INKA1
ETS1,SASH3
ETS1,ATP1B2
ETS1,CES2G
ETS1,VPS35
ETS1,ORC6
ETS1,PCLAF
ETS1,MFSD2B
ETS1,PML
ETS1,PACS1
ETS1,PRDM5
ETS1,RCSD1
ETS1,USP25
ETS1,TES
ETS1,CAR1
ETS1,UBASH3A
ETS1,ZEB2
ETS1,ID2
ETS1,TSPAN3
ETS1,TMEM97
ETS1,CCNB1
ETS1,CORO1A
ETS1,SPRYD4
ETS1,TLK1
ETS1,DECR1
ETS1,LMO4
ETS1,STXBP1
ETS1,BC005561
ETS1,ESR1
ETS1,ANXA6
ETS1,SPNS2
ETS1,GRAMD1A
ETS1,ZFP36
ETS1,GSTM5
ETS1,MYB
ETS1,PEAR1
ETS1,PIK3IP1
ETS1,SLC40A1
ETS1,ANXA2
ETS1,LTB
ETS1,YBX3
ETS1,H2-OB
ETS1,IFI30
ETS1,TCIRG1
ETS1,KLF3
ETS1,MAN1A
ETS1,STX17
ETS1,MAN2A2
ETS1,IRF5
ETS1,CD55
ETS1,ATP6AP1
ETS1,RAB37
ETS1,HMMR
ETS1,CISH
ETS1,ELMO1
ETS1,E2F6
ETS1,ANGPT1
ETS1,GIMAP1
ETS1,PGM1
ETS1,FOXO1
ETS1,PLCB2
ETS1,FUCA2
ETS1,EXT2
ETS1,BAG2
ETS1,ANXA5
ETS1,ELL2
ETS1,BUB1
ETS1,THRB
ETS1,HPCAL1
ETS1,NUDT4
ETS1,SELENBP1
ETS1,ITIH5
ETS1,AURKB
ETS1,MEF2C
ETS1,ELF4
ETS1,TSPAN33
ETS1,RNASEL
ETS1,KDM6A
ETS1,MUC13
ETS1,MFGE8
ETS1,GLIPR2
ETS1,SOX6
ETS1,KEL
ETS1,HPN
ETS1,SNCA
ETS1,PRKAR2B
ETS1,TENT5A
ETS1,SLC41A3
ETS1,CELA1
ETS1,SLC25A45
ETS1,CCNB2
ETS1,SKAP2
ETS1,VIM
ETS1,IL21R
ETS1,TNFAIP2
ETS1,GFI1B
ETS1,ADD2
ETS1,CREB5
ETS1,RASA3
ETS1,NUPR1
ETS1,IFI204
ETS1,TOM1L1
ETS1,SERPINB1A
ETS1,MFSD14B
ETS1,INPP1
ETS1,XRCC3
ETS1,SLC18A2
ETS1,NEURL3
ETS1,CTLA2A
ETS1,LPCAT1
ETS1,MAPKAPK3
ETS1,CRYZL2
ETS1,CERS4
ETS1,CSAD
ETS1,CHCHD10
ETS1,SPHK1
ETS1,NUSAP1
ETS1,OPTN
ETS1,ZYX
ETS1,MEIS1
ETS1,SLC38A5
ETS1,GPR180
ETS1,RNF213
ETS1,CMPK2
ETS1,GATA1
ETS1,TSHZ3
ETS1,TNFRSF13B
ETS1,EYA1
ETS1,2210016F16RIK
ETS1,SLC25A21
ETS1,RHD
ETS1,MT1
ETS1,ERMAP
ETS1,GRINA
ETS1,ZBTB20
ETS1,NSDHL
ETS1,CASP4
ETS1,LDHB
ETS1,TIFA
ETS1,LCP1
ETS1,WLS
ETS1,PLIN2
ETS1,IRF8
ETS1,ZFP467
ETS1,GRN
ETS1,PRPS2
ETS1,ARID3B
ETS1,ANKRD27
ETS1,CYTIP
ETS1,CD48
ETS1,DYNLT3
ETS1,BTK
ETS1,ANXA4
ETS1,PLCG2
ETS1,BMI1
ETS1,MT2
ETS1,NR4A1
ETS1,ZFP30
ETS1,CASP1
ETS1,GCNT2
ETS1,RNASE6
ETS1,TSC22D3
ETS1,NR3C2
ETS1,FAM234B
ETS1,CPT1A
ETS1,MYO1D
ETS1,PADI4
ETS1,CD84
ETS1,PTGS1
ETS1,EBF1
ETS1,STARD10
ETS1,TSPO2
ETS1,FLOT2
ETS1,ST3GAL5
ETS1,KLHL22
ETS1,PKLR
ETS1,LY6A
ETS1,EPDR1
ETS1,MYH10
ETS1,MYCT1
ETS1,SMIM5
ETS1,SLC43A1
ETS1,ABCG2
ETS1,ASNS
ETS1,RBPMS
ETS1,SELENOP
ETS1,EPAS1
ETS1,GLIS2
ETS1,TBC1D2B
ETS1,RHAG
ETS1,H1F0
ETS1,CRIP2
ETS1,RAB32
ETS1,TLE2
ETS1,LAPTM4B
ETS1,GOLM1
ETS1,SDSL
ETS1,GDF3
ETS1,SERPINA3G
ETS1,KLHL23
ETS1,HSD3B7
ETS1,PAK1
ETS1,EMILIN2
ETS1,CD93
ETS1,APOE
ETS1,ANXA1
ETS1,HLF
ETS1,VDR
ETS1,TBXAS1
ETS1,PHACTR2
ETS1,ICA1
ETS1,AQP1
ETS1,ST3GAL6
ETS1,CTLA2B
ETS1,IFI203
ETS1,TEAD2
ETS1,MNDAL
ETS1,TMEM176B
ETS1,TMEM176A
ETS1,MYL10
ETS1,TGM2
ETS1,PLXNC1
ETS1,METTL27
ETS1,CITED4
ETS1,CTTN
ETS1,SLC7A4
ETS1,H2-DMB1
FOS,UBE2C
FOS,MBOAT2
FOS,DCAF11
FOS,LMNA
FOS,TOP2A
FOS,FOXRED1
FOS,SUN1
FOS,JPT2
FOS,ABCB8
FOS,MYH10
FOS,ZFP143
FOS,MIS12
FOS,SPC25
FOS,CREB5
FOS,IFT140
FOS,NUBP2
FOS,MCM5
FOS,CDCA3
FOS,GOLT1B
FOS,NUSAP1
FOS,WDR36
FOS,TCF19
FOS,XRCC3
FOS,SLC25A45
FOS,VIM
FOS,QARS
FOS,FAM76B
FOS,RUVBL2
FOS,NCAPG2
FOS,CELA1
FOS,LSP1
FOS,CDT1
FOS,ZFP367
FOS,P2RY14
FOS,KLF6
FOS,COQ8A
FOS,PACSIN2
FOS,TANGO2
FOS,MYNN
FOS,CENPK
FOS,CTLA2B
FOS,PLEC
FOS,UCKL1
FOS,2610301B20RIK
FOS,VDR
FOS,RNF13
FOS,SACM1L
FOS,NARF
FOS,EZR
FOS,PLAG1
FOS,CDCA8
FOS,ORC2
FOS,NCAPD2
FOS,CYTIP
FOS,FAR1
FOS,MED16
FOS,IRF5
FOS,HIST1H1C
FOS,IRF8
FOS,CD63
FOS,ISG20
FOS,RANGAP1
FOS,FZR1
FOS,YBX1
FOS,ZFP871
FOS,XAB2
FOS,IFI204
FOS,SMARCA2
FOS,IFI203
FOS,NAA35
FOS,CKS1B
FOS,TUBGCP2
FOS,ID2
FOS,FOXO1
FOS,FEM1B
FOS,RCOR1
FOS,COPS8
FOS,CKAP2L
FOS,MCM3
FOS,FBXO5
FOS,UNK
FOS,CD1D1
FOS,MFSD1
FOS,ZYX
FOS,TES
FOS,MTHFD1
FOS,ANXA2
FOS,ZFP945
FOS,CISH
FOS,TMEM97
FOS,HEXA
FOS,ARL6IP6
FOS,RMND5A
FOS,CHP1
FOS,APOE
FOS,ZFP930
FOS,INCENP
FOS,ASF1B
FOS,ZSCAN21
FOS,TSPAN33
FOS,TARS
FOS,HIST1H2BC
FOS,KAT7
FOS,HMMR
FOS,ZFP961
FOS,HNRNPAB
FOS,GNPDA1
FOS,LMBRD1
FOS,PLAA
FOS,MNDAL
FOS,CENPA
FOS,TTF2
FOS,CCNB2
FOS,USF3
FOS,GTF2E1
FOS,ZKSCAN6
FOS,NUDT9
FOS,9430015G10RIK
FOS,NFKBIA
FOS,MARCH8
FOS,WARS
FOS,E2F8
FOS,CCNB1
FOS,CKAP5
FOS,GBP2
FOS,UBA7
FOS,PCYT1A
FOS,EPS15
FOS,ZEB2
FOS,GCNT2
FOS,MRM1
FOS,SPC24
FOS,CLCN4
FOS,SPHK1
FOS,EGR1
FOS,PLEK
FOS,MRPL37
FOS,CRK
FOS,TCF12
FOS,ERLIN1
FOS,RPA2
FOS,TFG
FOS,SCARB1
FOS,HNRNPLL
FOS,CDCA4
FOS,MT2
FOS,FBXW5
FOS,ETF1
FOS,ITSN1
FOS,CTNNA1
FOS,RAD51AP1
FOS,PICALM
FOS,MNS1
FOS,HSPA4L
FOS,RCC1
FOS,CHORDC1
FOS,ZDHHC13
FOS,SLC11A2
FOS,VPS33A
FOS,UHRF1
FOS,TASP1
FOS,E2F6
FOS,CDC45
FOS,NR4A1
FOS,ABCB4
FOS,PDE4B
FOS,CCNF
FOS,UAP1
FOS,SLC30A5
FOS,SGO1
FOS,ATAD2
FOS,ELAC2
FOS,AQP9
FOS,REL
FOS,BIRC5
FOS,ETS1
FOS,LRRFIP1
FOS,EBI3
FOS,MT1
FOS,CASP1
FOS,NUP88
FOS,MKI67
FOS,NSDHL
FOS,CTLA2A
FOS,CENPF
FOS,HMGB2
FOS,JUN
FOS,DNPEP
FOS,IFRD2
FOS,KIF22
FOS,PSAT1
FOS,DUSP1
FOS,HDAC7
FOS,PLD3
FOS,EMILIN2
FOS,ZBTB43
FOS,NDEL1
FOS,PITRM1
FOS,VWA5A
FOS,KDM6A
FOS,TLR4
FOS,ARMT1
FOS,MCM10
FOS,KPNA3
FOS,TMC6
FOS,NAA50
FOS,IARS
FOS,HSD3B7
FOS,AP5M1
FOS,DCP1A
FOS,STAT3
FOS,GSR
FOS,F11R
FOS,HAGH
FOS,CYB5R3
FOS,BTG2
FOS,MARS
FOS,TIMM29
FOS,B230219D22RIK
FOS,SESN1
FOS,ESYT2
FOS,TMEM129
FOS,TACC3
FOS,TCIRG1
FOS,ERCC8
FOS,GOSR2
FOS,NUDCD1
FOS,SLC25A21
FOS,METTL27
FOS,PTPN12
FOS,GALK2
FOS,PAFAH1B2
FOS,BUB1
FOS,ATP6AP2
FOS,NUP93
FOS,RBPMS
FOS,CASP4
FOS,RABIF
FOS,AURKA
FOS,GNA13
FOS,SNX10
FOS,CDK19
FOS,DUSP2
FOS,UMPS
FOS,LEPROT
FOS,DNAJC10
FOS,NEURL3
FOS,OAT
FOS,HUS1
FOS,ANKRD27
FOS,CCNA2
FOS,HPN
FOS,ILVBL
FOS,ZFP655
FOS,RGCC
FOS,ADO
FOS,RRM2
FOS,NUPR1
FOS,MAPK9
FOS,SLC31A1
FOS,TPX2
FOS,SGTA
FOS,AFF4
FOS,CAST
FOS,CALU
FOS,DUS1L
FOS,TGM2
FOS,GORASP1
FOS,WDSUB1
FOS,PQLC3
FOS,AMPD3
FOS,VPS26C
FOS,CDC20
FOS,STX17
FOS,RGS2
FOS,LY6A
FOS,VPS11
FOS,L2HGDH
FOS,TOR3A
FOS,ZFP451
FOS,SCFD1
FOS,SLC30A6
FOS,LIG1
FOS,RASSF5
FOS,UBE2G2
FOS,ALG9
FOS,GTF2H1
FOS,TRMT2A
FOS,ANXA6
FOS,REXO4
FOS,IPO4
FOS,ABTB1
FOS,NOLC1
FOS,TNFAIP8
FOS,YPEL3
FOS,RAB31
FOS,HSPH1
FOS,UBA3
FOS,NR3C2
FOS,D1ERTD622E
FOS,TRMT6
FOS,POT1A
FOS,PQLC1
FOS,LONP1
FOS,KLF3
FOS,SLC20A1
FOS,ZBTB10
FOS,ACSS2
FOS,METAP1D
FOS,HDAC9
FOS,CYB5R1
FOS,TRIM30A
FOS,TVP23B
FOS,CTR9
FOS,SPI1
FOS,TPP1
FOS,SUPT7L
FOS,STEAP3
FOS,TBC1D15
FOS,CTPS
FOS,RASA3
FOS,GTF2F1
FOS,SEH1L
FOS,MIS18BP1
FOS,SEC23IP
FOS,UBAP1
FOS,D10WSU102E
FOS,NUDCD3
FOS,GATA2
FOS,ALDH9A1
FOS,SERPINB9
FOS,ACOX1
FOS,DDX20
FOS,ATG16L1
FOS,RFC4
FOS,CTSC
FOS,MTMR6
FOS,MTREX
FOS,RTP4
FOS,NAE1
FOS,HCLS1
FOS,SNRNP200
FOS,ZFP322A
FOS,PJA2
FOS,AURKB
FOS,DOK2
FOS,NCLN
FOS,USP8
FOS,PTDSS2
FOS,NEDD1
FOS,PA2G4
FOS,SERPINA3G
FOS,PLIN3
FOS,ANXA5
FOS,STK25
FOS,POLR2B
FOS,ZZZ3
FOS,ASAH1
FOS,APLP2
FOS,PRSS50
FOS,SATB1
FOS,MCM4
FOS,BTAF1
FOS,GMFB
FOS,ITFG1
FOS,GPR180
FOS,HEATR5A
FOS,NIF3L1
FOS,XRCC6
FOS,VPS35
FOS,ORC6
FOS,GSTM5
FOS,SQLE
FOS,GSS
FOS,FAM136A
FOS,COPB2
FOS,MAVS
FOS,ZFP62
FOS,ZFP639
FOS,SPPL2A
FOS,ELOVL1
FOS,RFESD
FOS,ANAPC4
FOS,ST8SIA4
FOS,NPTN
FOS,SPRYD4
FOS,PAK1
FOS,SLC14A1
FOS,OPTN
FOS,GRN
FOS,METTL7A1
FOS,NAMPT
FOS,GANAB
FOS,FEM1A
FOS,TFRC
FOS,POLE3
FOS,METAP1
FOS,MAU2
FOS,HDGF
FOS,CTSE
FOS,CYP20A1
FOS,TBXAS1
FOS,UBA5
FOS,OSTM1
FOS,GRAMD1A
FOS,CDCA5
FOS,NDRG1
FOS,1700017B05RIK
FOS,ABL1
FOS,ABCF3
FOS,UAP1L1
FOS,CIPC
FOS,MED22
FOS,GNB4
FOS,VAMP3
FOS,PCCA
FOS,ZFP35
FOS,EFTUD2
FOS,CNOT7
FOS,ZDHHC6
FOS,DCAF13
FOS,ADK
FOS,MGST3
FOS,CUL4A
FOS,CLIC4
FOS,SGPL1
FOS,NELFB
FOS,WDR75
FOS,BATF2
FOS,NUP107
FOS,NADK
FOS,ATAD1
FOS,PRPS1
FOS,LDAH
FOS,TOX4
FOS,SLC29A1
FOS,ARAP1
FOS,ADSSL1
FOS,PROCR
FOS,HMBS
FOS,FES
FOS,EYA1
FOS,CLPTM1L
FOS,ORC5
FOS,LCP2
FOS,XRCC5
FOS,LZTR1
FOS,PSMF1
FOS,ATP1B2
FOS,KLHL24
FOS,LANCL2
FOS,RELB
FOS,EMILIN1
FOS,FIGNL1
FOS,GUSB
FOS,COLGALT1
FOS,FAM168B
FOS,NUF2
FOS,SRSF1
FOS,NFAT5
FOS,TMUB2
FOS,RGS1
FOS,YOD1
FOS,GNAI3
FOS,P2RX4
FOS,EXOC2
FOS,GIMAP6
FOS,PON2
FOS,DPP8
FOS,MAPKAPK3
FOS,GTF3C3
FOS,PKM
FOS,FCHSD2
FOS,NSMAF
FOS,SP4
FOS,PHAX
FOS,ZFP24
FOS,MIEF1
FOS,NECAP2
FOS,ENPP4
FOS,TCN2
FOS,NARFL
FOS,MINPP1
FOS,STT3B
FOS,CCNE1
FOS,DHFR
FOS,ZFP266
FOS,ATP6AP1
FOS,FUCA2
FOS,TBCD
FOS,PRPF4
FOS,LYZ2
FOS,TNFAIP2
FOS,PPOX
FOS,ME2
FOS,TMEM168
FOS,TIMM50
FOS,RPP40
FOS,NOTCH1
FOS,CKAP2
FOS,USP10
FOS,PWP1
FOS,COPG1
FOS,UROD
FOS,LAPTM4B
FOS,IFI30
FOS,NDUFV1
FOS,TYK2
FOS,DENND1C
FOS,LLGL1
FOS,BC005561
FOS,AHCTF1
FOS,POGLUT1
FOS,PRKAB1
FOS,CCDC137
FOS,SDHAF2
FOS,CHAMP1
FOS,CMPK2
FOS,BYSL
FOS,ALKBH8
FOS,PCLAF
FOS,AK3
FOS,MAD2L1
FOS,CHMP3
FOS,TMEM186
FOS,CNOT10
FOS,TOPORS
FOS,CD93
FOS,AHR
FOS,TSPAN14
FOS,EYA2
FOS,ZKSCAN17
FOS,RGS19
FOS,PSTPIP1
FOS,STARD10
FOS,PTDSS1
FOS,RNF4
FOS,VPS33B
FOS,PRDM4
FOS,APEH
FOS,ARL8B
FOS,CCNG1
FOS,DCK
FOS,USP37
FOS,IL15
FOS,INTS8
FOS,PSMD9
FOS,EIF1AD
FOS,BLVRB
FOS,TAB1
FOS,SKAP2
FOS,TRIM47
FOS,RNF139
FOS,CDC6
FOS,ANAPC2
FOS,SLC25A46
FOS,ADGRG3
FOS,ELP3
FOS,EIF2B1
FOS,RPAP1
FOS,RPA1
FOS,ENDOD1
FOS,CASP2
FOS,XPNPEP1
FOS,DHX33
FOS,SLC35A1
FOS,EXOC3
FOS,AAR2
FOS,PIGQ
FOS,MAN1A
FOS,FPGS
FOS,TWSG1
FOS,PLCG2
FOS,PSMD5
FOS,UBXN2B
FOS,APBB1
FOS,MAPK1
FOS,GIMAP5
FOS,CPT2
FOS,ARID3B
FOS,VKORC1L1
FOS,KIDINS220
FOS,LRRC8C
FOS,ACAA2
FOS,CLN5
FOS,AP1G2
FOS,TMEM109
FOS,FGFR1OP
FOS,WDHD1
FOS,KLHL22
FOS,FKBP1A
FOS,IPO9
FOS,CACFD1
FOS,PGM1
FOS,DDX1
FOS,POLR1B
FOS,NOL9
FOS,UGCG
FOS,EDC3
FOS,GM2A
FOS,GOLM1
FOS,ARMC8
FOS,PLA2G12A
FOS,NET1
FOS,ALDH1A1
FOS,NCEH1
FOS,BTRC
FOS,PFKM
FOS,CYTH3
FOS,RDH11
FOS,PHETA2
FOS,CYTH4
FOS,SMIM5
FOS,DNM1L
FOS,TMEM68
FOS,VPS41
FOS,TBL3
FOS,TMEM173
FOS,DNAJC11
FOS,PDCL
FOS,NCAPG
FOS,DCTD
FOS,ESR1
FOS,ALDH18A1
FOS,TBC1D10C
FOS,VILL
FOS,CPOX
FOS,ATL2
FOS,TUBGCP3
FOS,LYRM4
FOS,EXT2
FOS,NDC1
FOS,SSX2IP
FOS,ANGPT1
FOS,MYCN
FOS,TMEM206
FOS,ATG12
FOS,AP3S1
FOS,RUNX2
FOS,ELP2
FOS,NIT1
FOS,KIF11
FOS,FAM91A1
FOS,PLIN2
FOS,NFATC1
FOS,MCM2
FOS,TMEM177
FOS,PRKAR2B
FOS,CSGALNACT2
FOS,COG7
FOS,ATP7B
FOS,ALG11
FOS,HACD4
FOS,CNP
FOS,TRPS1
FOS,HEBP1
FOS,DIS3L2
FOS,PNO1
FOS,SNRPB
FOS,C330018D20RIK
FOS,POLR3F
FOS,COPB1
FOS,ATP6V1A
FOS,CUL3
FOS,ADAMTS10
FOS,SCRN3
FOS,RAB32
FOS,LPIN2
FOS,PTGS1
FOS,STX12
FOS,ZFP397
FOS,LPCAT3
FOS,DOCK2
FOS,WDR45B
FOS,SVIP
FOS,MCM7
FOS,OTUD6B
FOS,VAV1
FOS,ODC1
FOS,RHOT1
FOS,MFGE8
FOS,CALCRL
FOS,SNAP23
FOS,USP25
FOS,SLC19A1
FOS,PRC1
FOS,FNTA
FOS,FASTKD2
FOS,FAM45A
FOS,SMAD2
FOS,RNF115
FOS,PLK1
FOS,PITPNB
FOS,PIP4K2A
FOS,MCTP1
FOS,AFG3L2
FOS,H2-OB
FOS,PRELID3B
FOS,CD74
FOS,SPTLC1
FOS,RFC5
FOS,RABGGTB
FOS,GOLPH3
FOS,GARS
FOS,AHCYL1
FOS,TTLL12
FOS,PIK3R2
FOS,MYC
FOXO1,POT1A
FOXO1,YPEL3
FOXO1,CCNE2
FOXO1,NADK
FOXO1,LTB
FOXO1,COQ8A
FOXO1,NDOR1
FOXO1,RMND5A
FOXO1,NUF2
FOXO1,RORA
FOXO1,TCP11L2
FOXO1,CRBN
FOXO1,NFAT5
FOXO1,CACFD1
FOXO1,SLC39A10
FOXO1,RNF145
FOXO1,DCAF11
FOXO1,HERC4
FOXO1,MAU2
FOXO1,GMCL1
FOXO1,POLA2
FOXO1,NARFL
FOXO1,LIMD2
FOXO1,INTS13
FOXO1,ACSS1
FOXO1,COG6
FOXO1,CLCN4
FOXO1,CENPA
FOXO1,RAD21
FOXO1,CENPK
FOXO1,SPPL2B
FOXO1,NAA50
FOXO1,ATP6V1A
FOXO1,DHFR
FOXO1,KLHL24
FOXO1,SCRN3
FOXO1,CNOT10
FOXO1,ST8SIA4
FOXO1,STX12
FOXO1,WDSUB1
FOXO1,ABTB1
FOXO1,SP4
FOXO1,MBTPS1
FOXO1,CHP1
FOXO1,VKORC1L1
FOXO1,ASB8
FOXO1,TRIB2
FOXO1,MCM7
FOXO1,PLAA
FOXO1,FGFR1OP
FOXO1,ARL6IP6
FOXO1,TBC1D15
FOXO1,SESN1
FOXO1,PITPNB
FOXO1,SELENOP
FOXO1,SGO1
FOXO1,ADO
FOXO1,CEP70
FOXO1,ARMT1
FOXO1,ACSS2
FOXO1,SNAP23
FOXO1,RFESD
FOXO1,CBFB
FOXO1,SRSF1
FOXO1,PICALM
FOXO1,TMEM206
FOXO1,WDR73
FOXO1,CDCA3
FOXO1,RGS1
FOXO1,9430015G10RIK
FOXO1,DNAJC11
FOXO1,CYP20A1
FOXO1,MSH6
FOXO1,NFKBIA
FOXO1,CHORDC1
FOXO1,HAGH
FOXO1,SLC25A45
FOXO1,MFN2
FOXO1,IL21R
FOXO1,STK25
FOXO1,BTRC
FOXO1,RGS2
FOXO1,RCC1
FOXO1,D230025D16RIK
FOXO1,DHX33
FOXO1,DEK
FOXO1,HIST1H2BC
FOXO1,NDC1
FOXO1,CTSE
FOXO1,NDRG1
FOXO1,B230219D22RIK
FOXO1,AURKA
FOXO1,LIG1
FOXO1,IFT140
FOXO1,DNPEP
FOXO1,MORC3
FOXO1,PPOX
FOXO1,NCAPG2
FOXO1,NRF1
FOXO1,CTPS
FOXO1,MYNN
FOXO1,XRCC6
FOXO1,GARS
FOXO1,ABCF3
FOXO1,PIK3IP1
FOXO1,PSEN2
FOXO1,ABCB8
FOXO1,USP10
FOXO1,ADK
FOXO1,WDHD1
FOXO1,CASP3
FOXO1,EIF2B1
FOXO1,NCLN
FOXO1,USP37
FOXO1,HDAC7
FOXO1,PPAT
FOXO1,TIMM29
FOXO1,E2F6
FOXO1,NUDCD1
FOXO1,MRM1
FOXO1,PPIL4
FOXO1,PKM
FOXO1,PDE4B
FOXO1,CCNE1
FOXO1,SEH1L
FOXO1,ZFP639
FOXO1,MCM4
FOXO1,UNK
FOXO1,HSPA4L
FOXO1,RABIF
FOXO1,NUDT9
FOXO1,COA5
FOXO1,CALCRL
FOXO1,ANAPC2
FOXO1,MAPK1
FOXO1,POLR1B
FOXO1,PACS1
FOXO1,INPP5B
FOXO1,NFXL1
FOXO1,JARID2
FOXO1,CUL4A
FOXO1,RANGAP1
FOXO1,GMNN
FOXO1,CDC45
FOXO1,HDGF
FOXO1,NDUFV1
FOXO1,RPA1
FOXO1,MTHFD1
FOXO1,FKBP1A
FOXO1,HSPH1
FOXO1,PLAG1
FOXO1,FIGNL1
FOXO1,FEM1A
FOXO1,LZTR1
FOXO1,ZFP110
FOXO1,PA2G4
FOXO1,LYRM4
FOXO1,TMX3
FOXO1,IFI204
FOXO1,GMFB
FOXO1,RAD51
FOXO1,METTL8
FOXO1,NUDCD3
FOXO1,DNM1L
FOXO1,IFRD2
FOXO1,COPS8
FOXO1,FBXO5
FOXO1,ITSN1
FOXO1,AHCTF1
FOXO1,SERPINB9
FOXO1,MFSD1
FOXO1,CRNKL1
FOXO1,ANXA5
FOXO1,SGTA
FOXO1,CASP2
FOXO1,MYCT1
FOXO1,PIK3C3
FOXO1,TMEM168
FOXO1,ODC1
FOXO1,SATB1
FOXO1,SNAPC3
FOXO1,LPCAT1
FOXO1,HDAC2
FOXO1,TMEM129
FOXO1,TACC3
FOXO1,METAP1
FOXO1,2210016F16RIK
FOXO1,HAUS2
FOXO1,GNAI3
FOXO1,AP5M1
FOXO1,FCHSD2
FOXO1,VAMP3
FOXO1,NFE2L2
FOXO1,COLGALT1
FOXO1,TVP23B
FOXO1,NAMPT
FOXO1,MIS18BP1
FOXO1,CDC20
FOXO1,RNF139
FOXO1,KPNA3
FOXO1,BUB1B
FOXO1,DNAJC5
FOXO1,VPS41
FOXO1,PRIM1
FOXO1,PPP6C
FOXO1,CD55
FOXO1,SPC25
FOXO1,NARF
FOXO1,TFG
FOXO1,GOLPH3
FOXO1,NUP107
FOXO1,KLF6
FOXO1,IKZF1
FOXO1,RGCC
FOXO1,FZR1
FOXO1,CDCA5
FOXO1,ZFP397
FOXO1,RAD51AP1
FOXO1,PRKAR2B
FOXO1,MTMR6
FOXO1,IPO9
FOXO1,THUMPD3
FOXO1,CAST
FOXO1,SETD2
FOXO1,RHOF
FOXO1,LMBRD1
FOXO1,CUL2
FOXO1,RPP40
FOXO1,HSDL1
FOXO1,PRPS1
FOXO1,CCNF
FOXO1,ZFP672
FOXO1,NFATC2
FOXO1,RCOR1
FOXO1,PAFAH1B2
FOXO1,OASL2
FOXO1,ZBTB10
FOXO1,PRDM4
FOXO1,FAM76B
FOXO1,MARCH5
FOXO1,FAM45A
FOXO1,CPOX
FOXO1,BAP1
FOXO1,ZFP451
FOXO1,REXO4
FOXO1,INCENP
FOXO1,MYC
GATA2,FPGS
GATA2,INKA1
GATA2,XRCC6
GATA2,NFE2
GATA2,ITSN1
GATA2,MFSD2B
GATA2,MTO1
GATA2,HSPA4L
GATA2,PADI4
GATA2,MFSD1
GATA2,ZFP655
GATA2,PIK3R2
GATA2,TMEM164
GATA2,CPOX
GATA2,PSAT1
GATA2,TOR3A
GATA2,STXBP4
GATA2,P2RY14
GATA2,PACSIN2
GATA2,VPS33A
GATA2,FECH
GATA2,EFTUD2
GATA2,CTSE
GATA2,BTG2
GATA2,HEXA
GATA2,GCLC
GATA2,MARCH8
GATA2,PHETA2
GATA2,PICALM
GATA2,HDAC7
GATA2,SPI1
GATA2,RAB37
GATA2,YOD1
GATA2,GATA1
GATA2,CENPO
GATA2,AMPD3
GATA2,ZDHHC6
GATA2,KLHL24
GATA2,SRSF1
GATA2,HIST1H1C
GATA2,SGO1
GATA2,DNAJC11
GATA2,PPOX
GATA2,HMBS
GATA2,PNO1
GATA2,ASF1B
GATA2,NDEL1
GATA2,AHCTF1
GATA2,CD63
GATA2,TMEM168
GATA2,IFRD2
GATA2,NUP85
GATA2,TASP1
GATA2,PITPNB
GATA2,DNAJC10
GATA2,LPIN2
GATA2,GMFB
GATA2,RRM1
GATA2,TRPS1
GATA2,ISYNA1
GATA2,EPOR
GATA2,POGLUT1
GATA2,TBCD
GATA2,SPRYD4
GATA2,NEURL3
GATA2,PSMD9
GATA2,ALDH9A1
GATA2,NUF2
GATA2,SLC18A2
GATA2,CISH
GATA2,NUDCD3
GATA2,GALK2
GATA2,AURKA
GATA2,EYA1
GATA2,D1ERTD622E
GATA2,RNF19A
GATA2,ST8SIA4
GATA2,TFR2
GATA2,CLCN4
GATA2,STK25
GATA2,ARHGEF6
GATA2,DPP8
GATA2,KAT7
GATA2,STAP1
GATA2,BTK
GATA2,SPIRE1
GATA2,NR4A1
GATA2,DNM1L
GATA2,SPNS2
GATA2,YPEL3
GATA2,TNFAIP8
GATA2,NR2C1
GATA2,DNPEP
GATA2,TUBGCP5
GATA2,JUN
GATA2,MARS
GATA2,NT5DC1
GATA2,SLA2
GATA2,NUPR1
GATA2,MAPKAPK3
GATA2,AHCYL1
GATA2,SLC41A3
GATA2,ZZZ3
GATA2,HEMGN
GATA2,RANGAP1
GATA2,MFGE8
GATA2,DCAF13
GATA2,CEP70
GATA2,RUNX1T1
GATA2,NIF3L1
GATA2,MKI67
GATA2,RASA3
GATA2,PPIL4
GATA2,DCP1A
GATA2,ASAH1
GATA2,CTLA2A
GATA2,HIST1H2BC
GATA2,MCM7
GATA2,RFESD
GATA2,OTUD6B
GATA2,IPO4
GATA2,COG7
GATA2,INCENP
GATA2,NAPSA
GATA2,SEC23IP
GATA2,DCAF11
GATA2,SNCA
GATA2,USP10
GATA2,ABCB4
GATA2,GFI1B
GATA2,STARD10
GATA2,ANGPT1
GATA2,ARMT1
GATA2,RCOR1
GATA2,XAB2
GATA2,ALG9
GATA2,UROS
GATA2,ANXA6
GATA2,PSMF1
GATA2,SLC14A1
GATA2,PIGQ
GATA2,KDM6A
GATA2,EIF4ENIF1
GATA2,SACM1L
GATA2,BLVRB
GATA2,TMX3
GATA2,TARS
GATA2,PLIN3
GATA2,MTMR6
GATA2,PRKAA1
GATA2,RHOT1
GATA2,PPP6C
GATA2,FBXO5
GATA2,RDH11
GATA2,PQLC3
GATA2,COPB1
GATA2,TBC1D15
GATA2,UROD
GATA2,H1F0
GATA2,PTPN12
GATA2,LMNA
GATA2,ZFP62
GATA2,TOX4
GATA2,TIMM50
GATA2,GNPDA1
GATA2,STEAP3
GATA2,GTF3C3
GATA2,VPS11
GATA2,NFE2L2
GATA2,TSPAN14
GATA2,HACD4
GATA2,GYPA
GATA2,ARL6IP6
GATA2,VPS33B
GATA2,TNFAIP2
GATA2,NFATC2
GATA2,DPH6
GATA2,VKORC1L1
GATA2,RHOF
GATA2,MYH10
GATA2,PKM
GATA2,KEL
GATA2,CUL2
GATA2,CES2G
GATA2,SLC39A9
GATA2,POLE3
GATA2,STOM
GATA2,GTF2H1
GATA2,SLC43A1
GATA2,SKAP2
GATA2,ADSSL1
GATA2,ABCF3
GATA2,CALCRL
GATA2,CHMP7
GATA2,GTF2F1
GATA2,RPA2
GATA2,IPO9
GATA2,EZR
GATA2,GSS
GATA2,SPPL2A
GATA2,MT1
GATA2,TYK2
GATA2,RCC1
GATA2,DIS3L2
GATA2,MAD2L1
GATA2,COA5
GATA2,MYNN
GATA2,EBF1
GATA2,CERS4
GATA2,RNF139
GATA2,KLF1
GATA2,GFI1
GATA2,HAGH
GATA2,CHORDC1
GATA2,PAFAH1B2
GATA2,FAM168B
GATA2,WDR75
GATA2,TPP1
GATA2,SLC40A1
GATA2,TCP11L2
GATA2,CASP3
GATA2,HACD3
GATA2,ZEB2
GATA2,PDCL
GATA2,PRMT7
GATA2,PIK3C3
GATA2,XPC
GATA2,AFF4
GATA2,TSPO2
GATA2,TES
GATA2,DUS1L
GATA2,ATP1B2
GATA2,MGST3
GATA2,LANCL2
GATA2,PLA2G12A
GATA2,FUCA2
GATA2,ELOVL1
GATA2,PGR
GATA2,MCM6
GATA2,WDR5
GATA2,LAPTM4B
GATA2,MTREX
GATA2,CAR1
GATA2,BUB3
GATA2,TOP2A
GATA2,NDOR1
GATA2,TUBGCP2
GATA2,CDCA5
GATA2,ACSS1
GATA2,MORC3
GATA2,FARSB
GATA2,RAD51
GATA2,ABI1
GATA2,MTFR1
GATA2,HEATR5A
GATA2,LONP1
GATA2,RBPMS
GATA2,GEMIN5
GATA2,SPTBN1
GATA2,SUPT7L
GATA2,NFAT5
GATA2,IRF1
GATA2,ORC5
GATA2,ATG4B
GATA2,EYA2
GATA2,OSTM1
GATA2,ATP11C
GATA2,AP5M1
GATA2,COG6
GATA2,APEH
GATA2,SOX6
GATA2,LPCAT3
GATA2,TMX1
GATA2,PHB2
GATA2,VPS26C
GATA2,MCTP1
GATA2,SAMD14
GATA2,PBK
GATA2,CASP2
GATA2,CLPX
GATA2,MIS18BP1
GATA2,COPS8
GATA2,PITRM1
GATA2,SLC6A6
GATA2,DTL
GATA2,HPN
GATA2,PLEC
GATA2,MYO1G
GATA2,SLC25A46
GATA2,PFKM
GATA2,IKZF2
GATA2,LRRC8C
GATA2,SLC16A1
GATA2,ATL2
GATA2,SLC29A1
GATA2,EXT2
GATA2,NUP88
GATA2,SCARB1
GATA2,GYPC
GATA2,EPS15
GATA2,ZFP639
GATA2,SLC20A1
GATA2,CHMP3
GATA2,KLHL6
GATA2,KLHL22
GATA2,TRMT11
GATA2,CRK
GATA2,B230219D22RIK
GATA2,UNC93B1
GATA2,ANKFY1
GATA2,ADD2
GATA2,UBE2C
GATA2,MED16
GATA2,NELFB
GATA2,NFXL1
GATA2,HCLS1
GATA2,CDT1
GATA2,NUDT9
GATA2,FASTKD2
GATA2,DOCK2
GATA2,NPTN
GATA2,ZFP871
GATA2,HNRNPLL
GATA2,ERLIN2
GATA2,SLC25A38
GATA2,DUSP1
GATA2,EDC3
GATA2,GUSB
GATA2,RPA1
GATA2,PTDSS1
GATA2,EXOC2
GATA2,ABL1
GATA2,CENPK
GATA2,FIGNL1
GATA2,NOLC1
GATA2,CCNA2
GATA2,IL27RA
GATA2,CIPC
GATA2,TSC22D3
GATA2,CYTH3
GATA2,RFC4
GATA2,ILVBL
GATA2,FAM45A
GATA2,WDR73
GATA2,PPP2R1B
GATA2,NAA35
GATA2,DDX20
GATA2,GRN
GATA2,TIPIN
GATA2,ABCB8
GATA2,ASB8
GATA2,LCP1
GATA2,PTDSS2
GATA2,GMCL1
GATA2,TVP23B
GATA2,WDR36
GATA2,ADK
GATA2,PRELID3B
GATA2,USP37
GATA2,RASAL3
GATA2,CDC45
GATA2,ELMO1
GATA2,FEM1B
GATA2,ARL8B
GATA2,WDR6
GATA2,PPARGC1A
GATA2,PACS1
GATA2,CCDC137
GATA2,NCAPD2
GATA2,LMBRD1
GATA2,ERMAP
GATA2,GRAMD1A
GATA2,TIMM29
GATA2,HUS1
GATA2,THUMPD3
GATA2,WDR4
GATA2,CENPA
GATA2,HNRNPAB
GATA2,TXNRD2
GATA2,TCN2
GATA2,EIF2B1
GATA2,GORASP1
GATA2,BAG2
GATA2,CLPTM1L
GATA2,RAB32
GATA2,NOP2
GATA2,WARS
GATA2,GPR171
GATA2,CBFB
GATA2,PSEN2
GATA2,POLR1B
GATA2,RNF145
GATA2,RMND5A
GATA2,WDSUB1
GATA2,SLC7A4
GATA2,EXOC3
GATA2,TMUB2
GATA2,BTAF1
GATA2,UBA7
GATA2,CRNKL1
GATA2,AFG3L2
GATA2,NCEH1
GATA2,ST3GAL5
GATA2,METAP1D
GATA2,CORO1A
GATA2,PPAT
GATA2,MIS12
GATA2,NIT1
GATA2,CRBN
GATA2,SMARCA2
GATA2,WDR45B
GATA2,DHX33
GATA2,FOXRED1
GATA2,NASP
GATA2,LRRFIP1
GATA2,POLR3F
GATA2,QARS
GATA2,NADK
GATA2,USP8
GATA2,STX17
GATA2,METTL8
GATA2,IL21R
GATA2,STXBP3
GATA2,MED22
GATA2,SNRNP200
GATA2,METTL27
GATA2,BID
GATA2,GYG
GATA2,ENDOD1
GATA2,ARMC8
GATA2,CD55
GATA2,MSH6
GATA2,COPG1
GATA2,PLD3
GATA2,MCM4
GATA2,ERLIN1
GATA2,CRIP2
GATA2,SLC35A1
GATA2,GNA13
GATA2,ACOX1
GATA2,CDK19
GATA2,TMEM97
GATA2,ATAD2
GATA2,TREML2
GATA2,POT1A
GATA2,BLZF1
GATA2,NOL9
GATA2,ATP6AP1
GATA2,TMEM68
GATA2,CNOT10
GATA2,SNAP23
GATA2,SLC30A5
GATA2,COQ8A
GATA2,REL
GATA2,PRDM4
GATA2,FEM1A
GATA2,E2F4
GATA2,LEPROT
GATA2,MAPK1
GATA2,PSMD5
GATA2,SLC25A21
GATA2,SHCBP1
GATA2,ENPP4
GATA2,ADO
GATA2,NSDHL
GATA2,COPB2
GATA2,PLIN2
GATA2,STAT3
GATA2,CPT2
GATA2,NEDD1
GATA2,PLAG1
GATA2,KIDINS220
GATA2,RABIF
GATA2,GCNT2
GATA2,CDK1
GATA2,ESR1
GATA2,POLR2B
GATA2,FTSJ3
GATA2,STT3B
GATA2,TRMT6
GATA2,TMEM64
GATA2,ME2
GATA2,INTS13
GATA2,ARAP1
GATA2,GSR
GATA2,KLF6
GATA2,VIM
GATA2,RABGGTB
GATA2,9430015G10RIK
GATA2,IFI204
GATA2,NET1
GATA2,ZFP275
GATA2,LAP3
GATA2,PMPCA
GATA2,CD9
GATA2,ZBTB43
GATA2,NECAP2
GATA2,CHUK
GATA2,NEK9
GATA2,ESYT2
GATA2,NARFL
GATA2,IL15
GATA2,ELAC2
GATA2,TRIB3
GATA2,ANAPC2
GATA2,SEH1L
GATA2,MYCT1
GATA2,CHP1
GATA2,ZFP672
GATA2,MAN1A
GATA2,REXO4
GATA2,LYRM4
GATA2,DLST
GATA2,OAT
GATA2,4833439L19RIK
GATA2,SP4
GATA2,LDAH
GATA2,MIOS
GATA2,ISG20
GATA2,NUDT4
GATA2,AURKB
GATA2,LZTR1
GATA2,CREB5
GATA2,GM2A
GATA2,ATG16L1
GATA2,STX12
GATA2,NAMPT
GATA2,SMC2
GATA2,ZFP961
GATA2,CARHSP1
GATA2,CLN5
GATA2,AAR2
GATA2,NDE1
GATA2,D230025D16RIK
GATA2,UAP1
GATA2,TRMT2A
GATA2,ANXA5
GATA2,TCF12
GATA2,ACAA2
GATA2,TOPORS
GATA2,SGTA
GATA2,PQLC1
GATA2,MT2
GATA2,TM7SF3
GATA2,D10WSU102E
GATA2,CD34
GATA2,GFM1
GATA2,EMILIN1
GATA2,MECOM
GATA2,GNAI3
GATA2,SEPT6
GATA2,CENPE
GATA2,TAF12
GATA2,ZFP367
GATA2,POLD1
GATA2,HSDL1
GATA2,XRCC5
GATA2,NUP155
GATA2,DDHD2
GATA2,USP4
GATA2,RNF141
GATA2,ZFP110
GATA2,TBL3
GATA2,RHD
GATA2,2610301B20RIK
GATA2,BYSL
GATA2,IARS2
GATA2,ATP7B
GATA2,ALG11
GATA2,APLP2
GATA2,ZFP322A
GATA2,TMEM206
GATA2,NUSAP1
GATA2,TTF1
GATA2,HLF
GATA2,RNASEL
GATA2,NAA50
GATA2,ATP6V1A
GATA2,SLC39A10
GATA2,UBE2G2
GATA2,UAP1L1
GATA2,NCAPG2
GATA2,CPT1A
GATA2,RELB
GATA2,ICE1
GATA2,RNF13
GATA2,WDHD1
GATA2,BIRC5
GATA2,ABCD3
GATA2,HARS2
GATA2,HARS
GATA2,ZSCAN21
GATA2,ODC1
GATA2,CD48
GATA2,ATP13A1
GATA2,FCHSD2
GATA2,FAM91A1
GATA2,PLAA
GATA2,SPTLC1
GATA2,XPNPEP1
GATA2,UNK
GATA2,TMEM185A
GATA2,GARS
GATA2,CUL3
GATA2,ADGRG3
GATA2,SCFD1
GATA2,PKLR
GATA2,NARF
GATA2,AQP9
GATA2,IFT140
GATA2,ELP2
GATA2,SGPL1
GATA2,IARS
GATA2,ZFP945
GATA2,RNF4
GATA2,COLGALT1
GATA2,PSMD6
GATA2,CKAP2
GATA2,ZFP24
GATA2,MYO1D
GATA2,HAUS2
GATA2,CTSC
GATA2,HDAC9
GATA2,VAMP3
GATA2,IDH3A
GATA2,ATG12
GATA2,AP3S1
GATA2,CALU
GATA2,PTCD3
GATA2,CTPS
GATA2,TMC6
GATA2,SGPP1
GATA2,NUDCD1
GATA2,DUSP2
GATA2,HERC4
GATA2,SLC31A1
GATA2,TANGO2
GATA2,ANAPC4
GATA2,TOM1L1
GATA2,SELENOP
GATA2,VPS35
GATA2,ORC6
GATA2,MNS1
GATA2,RPAP1
GATA2,RORA
GATA2,ALDH18A1
GATA2,PPM1H
GATA2,KIF11
GATA2,UBR7
GATA2,MFSD14B
GATA2,DRAM2
GATA2,CEPT1
GATA2,MCM10
GATA2,HMMR
GATA2,NUBP2
GATA2,CUL4A
GATA2,MAU2
GATA2,MCM2
GATA2,INPP5B
GATA2,NUP107
GATA2,AP1B1
GATA2,HDAC2
GATA2,SLC44A2
GATA2,JPT2
GATA2,TRIB2
GATA2,PRKAR2B
GATA2,PCYT1A
GATA2,MRM1
GATA2,HSPH1
GATA2,PCP4L1
GATA2,GPSM2
GATA2,SPPL2B
GATA2,SERPINB9
GATA2,CHAMP1
GATA2,PCCA
GATA2,SESN1
GATA2,UBXN2B
GATA2,PSEN1
GATA2,LLGL1
GATA2,SPC25
GATA2,UBR1
GATA2,FAM234B
GATA2,NUDT19
GATA2,HOXA9
GATA2,CYTIP
GATA2,TFRC
GATA2,PLCG2
GATA2,ORC2
GATA2,CYP20A1
GATA2,ZKSCAN3
GATA2,ZFP143
GATA2,METAP1
GATA2,RFC5
GATA2,RAB31
GATA2,EMILIN2
GATA2,UCKL1
GATA2,TMEM129
GATA2,TACC3
GATA2,CAD
GATA2,RAD51AP1
GATA2,CKAP5
GATA2,VILL
GATA2,DCTD
GATA2,RMND5B
GATA2,PRKAB1
GATA2,NAE1
GATA2,MINPP1
GATA2,RAD21
GATA2,NCLN
GATA2,FNTA
GATA2,CYTH4
GATA2,GSKIP
GATA2,BCAP29
GATA2,ETF1
GATA2,C330018D20RIK
GATA2,PHAX
GATA2,ANXA4
GATA2,NRF1
GATA2,MBTPS1
GATA2,DCK
GATA2,PIP4K2A
GATA2,GOLM1
GATA2,ZFP397
GATA2,SLC11A2
GATA2,P2RX4
GATA2,ADAMTS10
GATA2,TERF2IP
GATA2,SNX10
GATA2,MCM5
GATA2,MEIS1
GATA2,DNAJC5
GATA2,TLR4
GATA2,DDX1
GATA2,PLK1
GATA2,SNAPC3
GATA2,CD93
GATA2,CAST
GATA2,PJA2
GATA2,CSGALNACT2
GATA2,NUP93
GATA2,G6PDX
GATA2,EIF1AD
GATA2,E2F6
GATA2,MYB
GATA2,XPR1
GATA2,TLK1
GATA2,GSTM1
GATA2,BAP1
GATA2,AHR
GATA2,CNIH1
GATA2,TYMS
GATA2,ELL2
GATA2,BTRC
GATA2,TMEM109
GATA2,TFG
GATA2,ITFG1
GATA2,HDGF
GATA2,TUBGCP3
GATA2,EMB
GATA2,KIF22
GATA2,PRKCQ
GATA2,SCRN3
GATA2,VHL
GATA2,ZFP451
GATA2,CAPN7
GATA2,TRPV2
GATA2,FGFR1OP
GATA2,GMNN
GATA2,ZFP266
GATA2,USF3
GATA2,SALL2
GATA2,MCM3
GATA2,FAR1
GATA2,PREP
GATA2,PA2G4
GATA2,RGCC
GATA2,NSMAF
GATA2,LCP2
GATA2,FAM136A
GATA2,NCAPG
GATA2,BC005561
GATA2,PHF10
GATA2,NPLOC4
GATA2,NDUFV1
GATA2,GOLT1B
GATA2,FTSJ1
GATA2,IRF6
GATA2,VPS41
GATA2,CDC7
GATA2,L2HGDH
GATA2,ZKSCAN6
GATA2,PRPF4
GATA2,CCNB2
GATA2,ANKLE1
GATA2,BUB1
GATA2,TENT5A
GATA2,CDC20
GATA2,CNOT7
GATA2,KNSTRN
GATA2,APBB1
GATA2,MIEF1
GATA2,MTHFD1
GATA2,ATP2A3
GATA2,NR3C2
GATA2,HPCAL1
GATA2,CMPK2
GATA2,SNRPB
GATA2,CSTF2
GATA2,MAVS
GATA2,2210016F16RIK
GATA2,KIF20B
GATA2,E2F8
GATA2,UTP4
GATA2,NFIA
GATA2,HCFC1
GATA2,EGR1
GATA2,THRB
GATA2,MEMO1
GATA2,NDRG1
GATA2,LIG1
GATA2,HSD3B7
GATA2,SEPT8
GATA2,GSTM5
GATA2,SQLE
GATA2,SPHK1
GATA2,CACFD1
GATA2,PRIM1
GATA2,ITGA6
GATA2,ZFP35
GATA2,LDHB
GATA2,CDC6
GATA2,KLF3
GATA2,INTS8
GATA2,MAN2A2
GATA2,DHFR
GATA2,CTTN
GATA2,HDAC11
GATA2,ABHD16A
GATA2,FZR1
GATA2,PRPS2
GATA2,SATB1
GATA2,BUB1B
GATA2,ZBTB10
GATA2,ZKSCAN17
GATA2,TBC1D10C
GATA2,MAPK9
GATA2,SERPINA3G
GATA2,ANXA2
GATA2,RGS2
GATA2,MYC
GATA2,CD82
GATA2,ZDHHC13
GATA2,JARID2
GATA2,PSTPIP1
GATA2,LY6A
GATA2,ZFP36
GATA2,ATAD1
GATA2,ABTB1
GATA2,ARHGAP4
GATA2,PCYT2
GATA2,IKZF1
GATA2,PRIM2
GATA2,MBOAT2
GATA2,TPX2
GATA2,CPQ
GATA2,PBX1
GATA2,CYB5R1
GATA2,ALDH1A1
GATA2,TAB1
GATA2,SETD2
GATA2,DENND2D
GATA2,ZBTB20
GATA2,SUN1
GATA2,NFKBIA
GATA2,INPP1
GATA2,CLIC4
GATA2,YBX1
GATA2,AK3
GATA2,ZYX
GATA2,SERPINB1A
GATA2,ARHGEF18
GATA2,ACSS2
GATA2,ZFP30
GATA2,PLCB2
GATA2,GMPR
GATA2,RGS19
GATA2,TMEM263
GATA2,IFI30
GATA2,METTL7A1
GATA2,SERPINF1
GATA2,RUNX2
GATA2,PIK3IP1
GATA2,MAP4K2
GATA2,ANKRD27
GATA2,GPKOW
GATA2,CDCA3
GATA2,RPP40
GATA2,TEAD3
GATA2,AP1G2
GATA2,FAAP100
GATA2,GTF2E1
GATA2,RUVBL2
GATA2,TAF1
GATA2,SPC24
GATA2,WDR55
GATA2,PWP2
GATA2,PRPS1
GATA2,KPNA3
GATA2,WLS
GATA2,MMRN1
GATA2,FKBP1A
GATA2,PML
GATA2,AQP1
GATA2,ANXA1
GATA2,CTR9
GATA2,CITED4
GATA2,FOS
GATA2,UBA3
GATA2,MOGS
GATA2,LSP1
GATA2,PWP1
GATA2,PLBD2
GATA2,UBAP1
GATA2,HMGB2
GATA2,CSAD
GATA2,SELENBP1
GATA2,VWA5A
GATA2,TRIM30A
GATA2,RHAG
GATA2,PRKCH
GATA2,FADS1
GATA2,CRYZL2
GATA2,CDCA8
GATA2,ABCG2
GATA2,ID2
GATA2,SQOR
GATA2,CCNG1
GATA2,RPRD1B
GATA2,CKAP2L
GATA2,OPTN
GATA2,FOXO1
GATA2,UGCG
GATA2,TSHZ3
GATA2,SLC25A45
GATA2,NOTCH1
GATA2,CNP
GATA2,ERCC8
GATA2,ABCB10
GATA2,LIMD2
GATA2,COL5A1
GATA2,GOSR2
GATA2,ALKBH8
GATA2,LYZ2
GATA2,CTLA2B
GATA2,GANAB
GATA2,ETS1
GATA2,TCIRG1
GATA2,MEF2C
GATA2,TOLLIP
GATA2,RANBP3
GATA2,OASL2
GATA2,PDE4B
GATA2,PHACTR2
GATA2,APOE
GATA2,RARB
GATA2,GBP2
GATA2,NDC1
GATA2,HELLS
GATA2,ZFP467
GATA2,RAI14
GATA2,EPAS1
GATA2,NGLY1
GATA2,CCNF
GATA2,SLC30A6
GATA2,ZFP930
GATA2,FBXW5
GATA2,DCAF4
GFI1,ITSN1
GFI1,GM2A
GFI1,ASF1B
GFI1,SPPL2A
GFI1,SGPL1
GFI1,VAMP3
GFI1,RFESD
GFI1,PLAA
GFI1,FKBP1A
GFI1,HMGB2
GFI1,PPIL4
GFI1,EIF2B1
GFI1,NUDCD3
GFI1,EXOC2
GFI1,COPB1
GFI1,CHORDC1
GFI1,REL
GFI1,RNF141
GFI1,DCP1A
GFI1,OTUD6B
GFI1,CLCN4
GFI1,GMFB
GFI1,NEK9
GFI1,TRMT2A
GFI1,GORASP1
GFI1,HIST1H1C
GFI1,FIGNL1
GFI1,HUS1
GFI1,PCLAF
GFI1,CDCA5
GFI1,RHOT1
GFI1,GFI1B
GFI1,GOSR2
GFI1,EXOC3
GFI1,SGTA
GFI1,LIG1
GFI1,WDR75
GFI1,WDR4
GFI1,USP8
GFI1,WDR36
GFI1,TMEM97
GFI1,D1ERTD622E
GFI1,GTF2H1
GFI1,TUBGCP5
GFI1,IFT140
GFI1,TCF19
GFI1,HIST1H2BC
GFI1,CLPTM1L
GFI1,GTF3C3
GFI1,NARF
GFI1,YPEL3
GFI1,TMEM185A
GFI1,NDEL1
GFI1,PITPNB
GFI1,HAUS2
GFI1,NFAT5
GFI1,ESYT2
GFI1,ARL8B
GFI1,SEC23IP
GFI1,MTMR6
GFI1,ORC5
GFI1,COG6
GFI1,BIRC5
GFI1,TMEM168
GFI1,TMEM68
GFI1,GARS
GFI1,DNAJC10
GFI1,NOLC1
GFI1,WDR45B
GFI1,ERLIN2
GFI1,ATAD2
GFI1,NFE2
GFI1,ITFG1
GFI1,CENPK
GFI1,CYP20A1
GFI1,TIPIN
GFI1,PKM
GFI1,NCEH1
GFI1,MTHFD1
GFI1,VPS33A
GFI1,PPAT
GFI1,DCAF13
GFI1,MSH6
GFI1,SLC35A1
GFI1,ADK
GFI1,CRBN
GFI1,TCP11L2
GFI1,RANGAP1
GFI1,COPS8
GFI1,OSTM1
GFI1,DPP8
GFI1,FZR1
GFI1,MTAP
GFI1,ZFP62
GFI1,UBXN2B
GFI1,ABCF3
GFI1,SESN1
GFI1,PQLC3
GFI1,RABIF
GFI1,ATG16L1
GFI1,DPH6
GFI1,CHP1
GFI1,LDAH
GFI1,SRSF1
GFI1,ANAPC2
GFI1,EPS15
GFI1,NASP
GFI1,IPO9
GFI1,BTRC
GFI1,GMCL1
GFI1,COA5
GFI1,ASAH1
GFI1,ANAPC4
GFI1,THUMPD3
GFI1,CHAMP1
GFI1,PTDSS2
GFI1,DHFR
GFI1,MFSD1
GFI1,RGCC
GFI1,RABGGTB
GFI1,HSPH1
GFI1,MAVS
GFI1,MORC3
GFI1,WDHD1
GFI1,HMBS
GFI1,NAE1
GFI1,NEDD1
GFI1,MIS18BP1
GFI1,DTL
GFI1,TBL3
GFI1,ZFP672
GFI1,P2RX4
GFI1,METAP1D
GFI1,CUL4A
GFI1,ME2
GFI1,LONP1
GFI1,ATG4B
GFI1,TAB1
GFI1,CDC7
GFI1,ASNS
GFI1,UNK
GFI1,CDCA3
GFI1,PRMT7
GFI1,ELP2
GFI1,PSMD6
GFI1,XPC
GFI1,HDAC2
GFI1,FEM1B
GFI1,TTLL12
GFI1,GSS
GFI1,NIF3L1
GFI1,STK25
GFI1,DNAJC11
GFI1,HERC4
GFI1,ASB8
GFI1,TASP1
GFI1,SMARCA2
GFI1,BYSL
GFI1,MIOS
GFI1,CAST
GFI1,AURKA
GFI1,RPA1
GFI1,LYRM4
GFI1,LANCL2
GFI1,RFC4
GFI1,LMBRD1
GFI1,STX12
GFI1,ARMC8
GFI1,NRF1
GFI1,D230025D16RIK
GFI1,PCCA
GFI1,SLC30A5
GFI1,MCM7
GFI1,NGLY1
GFI1,WDSUB1
GFI1,CHMP3
GFI1,CAPN7
GFI1,ZFP143
GFI1,FAR1
GFI1,TMX1
GFI1,IFRD2
GFI1,9430015G10RIK
GFI1,GNAI3
GFI1,PTDSS1
GFI1,NELFB
GFI1,ZSCAN21
GFI1,DNPEP
GFI1,MARCH8
GFI1,PAK1
GFI1,STX17
GFI1,RPRD1B
GFI1,PRELID3B
GFI1,CAD
GFI1,SPI1
GFI1,NOP2
GFI1,SNAPC3
GFI1,SACM1L
GFI1,FAM76B
GFI1,METTL8
GFI1,NUDT19
GFI1,KAT7
GFI1,MYB
GFI1,SLC25A46
GFI1,POT1A
GFI1,CIPC
GFI1,COPG1
GFI1,TYK2
GFI1,TFRC
GFI1,IRF1
GFI1,DLST
GFI1,DNM1L
GFI1,KLF6
GFI1,CHMP7
GFI1,MIS12
GFI1,ZDHHC6
GFI1,WARS
GFI1,TARS
GFI1,MTO1
GFI1,UBE2G2
GFI1,CCNA2
GFI1,REXO4
GFI1,NUDT9
GFI1,PNO1
GFI1,SLC6A6
GFI1,RGS2
GFI1,PRC1
GFI1,SPTLC1
GFI1,NCAPG2
GFI1,TRIB3
GFI1,SCRN3
GFI1,DHX33
GFI1,VKORC1L1
GFI1,PREP
GFI1,CD82
GFI1,COG7
GFI1,NPLOC4
GFI1,BAP1
GFI1,NDOR1
GFI1,MCM4
GFI1,PIGQ
GFI1,JPT2
GFI1,XRCC6
GFI1,IARS
GFI1,ZFP110
GFI1,TOLLIP
GFI1,TAF12
GFI1,ZFP397
GFI1,GALK2
GFI1,PSEN1
GFI1,AP5M1
GFI1,EMB
GFI1,STXBP3
GFI1,TMEM129
GFI1,TACC3
GFI1,TMEM206
GFI1,CYB5R1
GFI1,ST8SIA4
GFI1,VPS26C
GFI1,KLHL24
GFI1,CTPS
GFI1,ATL2
GFI1,PHAX
GFI1,INTS8
GFI1,HSPA4L
GFI1,DCK
GFI1,USP37
GFI1,TOX4
GFI1,PICALM
GFI1,HEATR5A
GFI1,SNAP23
GFI1,AHCYL1
GFI1,CALCRL
GFI1,ANKLE1
GFI1,NDUFV1
GFI1,USP4
GFI1,PAFAH1B2
GFI1,ANXA5
GFI1,DDX20
GFI1,L2HGDH
GFI1,CNOT10
GFI1,PCYT1A
GFI1,NAA35
GFI1,CKAP2
GFI1,INTS13
GFI1,IDH3A
GFI1,CENPF
GFI1,PWP1
GFI1,TUBGCP2
GFI1,FARSB
GFI1,NUP85
GFI1,SETD2
GFI1,CNOT7
GFI1,SNRPB
GFI1,RAD51AP1
GFI1,ACOX1
GFI1,LEPROT
GFI1,RRM1
GFI1,ZFP322A
GFI1,ZFP655
GFI1,HAGH
GFI1,DUSP1
GFI1,AHCTF1
GFI1,ACSS2
GFI1,TRMT11
GFI1,SEH1L
GFI1,HEXA
GFI1,FBXO5
GFI1,GFM1
GFI1,DCAF11
GFI1,SLC16A1
GFI1,NADK
GFI1,C330018D20RIK
GFI1,STOM
GFI1,PLAG1
GFI1,NUP107
GFI1,GYG
GFI1,FTSJ3
GFI1,TUBGCP3
GFI1,CASP3
GFI1,PFKM
GFI1,CALU
GFI1,RAB32
GFI1,RAD21
GFI1,RNF13
GFI1,TFG
GFI1,COPB2
GFI1,SLC20A1
GFI1,GEMIN5
GFI1,STT3B
GFI1,LMO4
GFI1,ENPP4
GFI1,NIT1
GFI1,MAPK1
GFI1,CPT2
GFI1,NUP93
GFI1,ZBTB43
GFI1,MRM1
GFI1,GMNN
GFI1,MINPP1
GFI1,ALAD
GFI1,EDC3
GFI1,CEP70
GFI1,XPR1
GFI1,ATP13A1
GFI1,XRCC5
GFI1,STXBP4
GFI1,WDR5
GFI1,CDT1
GFI1,NCAPD2
GFI1,HELLS
GFI1,TMEM177
GFI1,DNAJC5
GFI1,NCAPH
GFI1,INPP1
GFI1,ZDHHC13
GFI1,SGO1
GFI1,ORC2
GFI1,POLE3
GFI1,FAM136A
GFI1,EFTUD2
GFI1,PPP6C
GFI1,NUDCD1
GFI1,POGLUT1
GFI1,TYMS
GFI1,CNIH1
GFI1,TOPORS
GFI1,TVP23B
GFI1,DRAM2
GFI1,CEPT1
GFI1,CUL2
GFI1,MTFR1
GFI1,UBR1
GFI1,SLC44A2
GFI1,ELL2
GFI1,RGS19
GFI1,PSTPIP1
GFI1,LRRFIP1
GFI1,ABCD3
GFI1,SP4
GFI1,NET1
GFI1,MFN2
GFI1,GNPDA1
GFI1,STAT3
GFI1,NDE1
GFI1,MAU2
GFI1,TTF1
GFI1,NARFL
GFI1,UAP1
GFI1,KIDINS220
GFI1,FLOT2
GFI1,LAPTM4B
GFI1,PSEN2
GFI1,CYTH3
GFI1,CERS5
GFI1,CTNNA1
GFI1,RMND5B
GFI1,POLR3F
GFI1,KIF22
GFI1,MED16
GFI1,CENPO
GFI1,ZFP367
GFI1,VPS35
GFI1,RPP40
GFI1,POLR2B
GFI1,ORC6
GFI1,XPNPEP1
GFI1,NT5DC1
GFI1,ZFP451
GFI1,PGM1
GFI1,PSMD9
GFI1,MARS
GFI1,MAPK9
GFI1,CMPK2
GFI1,DUS1L
GFI1,MAD2L1
GFI1,MIEF1
GFI1,SDHAF2
GFI1,UBE2C
GFI1,DDX1
GFI1,CCDC137
GFI1,RNF19A
GFI1,ZFP961
GFI1,TBC1D15
GFI1,DCTD
GFI1,TRIM59
GFI1,SLC31A1
GFI1,TSPAN14
GFI1,SCARB1
GFI1,RAD51
GFI1,FGFR1OP
GFI1,CHUK
GFI1,VIM
GFI1,ALDH18A1
GFI1,UBAP1
GFI1,PPM1H
GFI1,ZFP871
GFI1,CRK
GFI1,ICA1
GFI1,DDHD2
GFI1,NUSAP1
GFI1,ZFP639
GFI1,ETS1
GFI1,CASP2
GFI1,NUF2
GFI1,MGST3
GFI1,GOLT1B
GFI1,NDC1
GFI1,SPC25
GFI1,PDCL
GFI1,MFSD14B
GFI1,MCM6
GFI1,ENDOD1
GFI1,COQ8A
GFI1,RFC5
GFI1,KPNA3
GFI1,TIMM50
GFI1,ERLIN1
GFI1,NR2C1
GFI1,USP10
GFI1,PQLC1
GFI1,LRRC14
GFI1,NUP88
GFI1,ARMT1
GFI1,ABI1
GFI1,GTF2E1
GFI1,VPS33B
GFI1,NCAPG
GFI1,HNRNPLL
GFI1,CCNG1
GFI1,SLC30A6
GFI1,RRM2
GFI1,NAMPT
GFI1,NFE2L2
GFI1,E2F6
GFI1,RMND5A
GFI1,D10WSU102E
GFI1,UBR7
GFI1,ZZZ3
GFI1,ELAC2
GFI1,TBCD
GFI1,SLC39A9
GFI1,EIF1AD
GFI1,CKAP5
GFI1,FCHSD2
GFI1,TXNRD2
GFI1,METAP1
GFI1,ARL6IP6
GFI1,ZKSCAN6
GFI1,MYNN
GFI1,CTR9
GFI1,CCNB1
GFI1,ALDH9A1
GFI1,FAM45A
GFI1,SUN1
GFI1,VPS11
GFI1,PSMD5
GFI1,ATAD1
GFI1,GSR
GFI1,RNF4
GFI1,CRNKL1
GFI1,PBK
GFI1,OAT
GFI1,RANBP3
GFI1,TANGO2
GFI1,SMAD2
GFI1,NUP155
GFI1,FOXO1
GFI1,PRPF4
GFI1,TRMT6
GFI1,PA2G4
GFI1,FECH
GFI1,SMIM15
GFI1,GCNT2
GFI1,CLPX
GFI1,ETF1
GFI1,ANKFY1
GFI1,DIS3L2
GFI1,TMX3
GFI1,GATM
GFI1,ABHD16A
GFI1,IPO4
GFI1,PHB2
GFI1,PJA2
GFI1,UTP4
GFI1,SPPL2B
GFI1,BUB3
GFI1,SCFD1
GFI1,PRKAB1
GFI1,MCM3
GFI1,MARCH5
GFI1,VHL
GFI1,SPRYD4
GFI1,MKI67
GFI1,GOLPH3
GFI1,CDCA4
GFI1,BLVRB
GFI1,ATP7B
GFI1,ALG11
GFI1,METTL7A1
GFI1,HSDL1
GFI1,DEK
GFI1,TERF2IP
GFI1,RNF145
GFI1,HMMR
GFI1,HDGF
GFI1,LZTR1
GFI1,KIF20B
GFI1,PMPCA
GFI1,CCNB2
GFI1,LAP3
GFI1,ELP3
GFI1,RNF139
GFI1,TNFAIP8
GFI1,QARS
GFI1,YBX1
GFI1,CDK19
GFI1,SLC39A10
GFI1,ICE1
GFI1,TSPAN3
GFI1,RELB
GFI1,TTF2
GFI1,HNRNPAB
GFI1,SMC2
GFI1,SNRNP200
GFI1,CSTF2
GFI1,TMUB2
GFI1,POLA2
GFI1,TCF12
GFI1,HEBP1
GFI1,PRDM4
GFI1,2210016F16RIK
GFI1,PHF10
GFI1,POLR1B
GFI1,PCYT2
GFI1,EXT2
GFI1,RNF115
GFI1,FOXRED1
GFI1,CENPA
GFI1,UROS
GFI1,ABL1
GFI1,ALG9
GFI1,PRKAA1
GFI1,CDK1
GFI1,PPP2R1B
GFI1,RARS
GFI1,TMEM64
GFI1,NDRG1
GFI1,GPR180
GFI1,GPSM2
GFI1,ABCB8
GFI1,KLHL22
GFI1,ZFP266
GFI1,UBAC1
GFI1,CPQ
GFI1,PRKAR2B
GFI1,PSAT1
GFI1,PIP4K2A
GFI1,B230219D22RIK
GFI1,CBFB
GFI1,MTREX
GFI1,NOL9
GFI1,MBTPS1
GFI1,ZFP24
GFI1,CLIC4
GFI1,PON2
GFI1,CCNF
GFI1,KIF11
GFI1,TLK1
GFI1,MFGE8
GFI1,SATB1
GFI1,TWSG1
GFI1,SKAP2
GFI1,HACD3
GFI1,YOD1
GFI1,SVIP
GFI1,4833439L19RIK
GFI1,RPAP1
GFI1,KLF3
GFI1,2610301B20RIK
GFI1,FPGS
GFI1,KDM6A
GFI1,SHCBP1
GFI1,FNTA
GFI1,EYA1
GFI1,ZFP592
GFI1,TBC1D2B
GFI1,MNS1
GFI1,GRINA
GFI1,MYO1D
GFI1,CSGALNACT2
GFI1,UROD
GFI1,RASA3
GFI1,PSMF1
GFI1,LPCAT1
GFI1,NAGA
GFI1,CPOX
GFI1,CENPE
GFI1,WDR73
GFI1,THRB
GFI1,PLK1
GFI1,INCENP
GFI1,HARS
GFI1,HARS2
GFI1,E2F8
GFI1,NAA50
GFI1,ATP6V1A
GFI1,ODC1
GFI1,GCLC
GFI1,NFKBIA
GFI1,MBOAT2
GFI1,CCNE1
GFI1,TOR3A
GFI1,SLC25A38
GFI1,POLD1
GFI1,PLIN3
GFI1,CCNE2
GFI1,PLD3
GFI1,PITRM1
GFI1,ELMO1
GFI1,RNF213
GFI1,ABTB1
GFI1,SPTBN1
GFI1,CLN5
GFI1,BUB1
GFI1,OPTN
GFI1,NEURL3
GFI1,GSKIP
GFI1,ZFP30
GFI1,AFG3L2
GFI1,NFXL1
GFI1,UBA3
GFI1,SLC11A2
GFI1,MXD3
GFI1,PTPN12
GFI1,ZKSCAN3
GFI1,ZKSCAN17
GFI1,IARS2
GFI1,UHRF1
GFI1,TAPT1
GFI1,AFF4
GFI1,PRKCH
GFI1,NFATC2
GFI1,GSTM5
GFI1,CYB5R3
GFI1,PUS7
GFI1,MAN1A
GFI1,LPCAT3
GFI1,GNA13
GFI1,TMEM186
GFI1,NCLN
GFI1,ITGA6
GFI1,HPCAL1
GFI1,CTSC
GFI1,GTF2F1
GFI1,AAR2
GFI1,AP1B1
GFI1,CUL3
GFI1,EZR
GFI1,SLC19A1
GFI1,APLP2
GFI1,ACAA2
GFI1,PRIM2
GFI1,ATG12
GFI1,AP3S1
GFI1,MARCH6
GFI1,PRDM5
GFI1,GUSB
GFI1,FADS1
GFI1,UMPS
GFI1,GLIPR2
GFI1,RCC1
GFI1,JUN
GFI1,ERCC8
GFI1,TES
GFI1,PIK3C3
GFI1,LMNA
GFI1,NPTN
GFI1,H1F0
GFI1,BTAF1
GFI1,TMEM109
GFI1,PROCR
GFI1,RPA2
GFI1,PWP2
GFI1,EIF4ENIF1
GFI1,STEAP3
GFI1,RASSF5
GFI1,USP25
GFI1,SLC41A3
GFI1,CITED4
GFI1,UBA5
GFI1,CACFD1
GFI1,KNSTRN
GFI1,MOGS
GFI1,BLZF1
GFI1,ADO
GFI1,DECR1
GFI1,BID
GFI1,SUPT7L
GFI1,BCLAF3
GFI1,PACS1
GFI1,ILVBL
GFI1,ZBTB10
GFI1,ST3GAL6
GFI1,PLCG2
GFI1,TMEM263
GFI1,FAM168B
GFI1,ANXA4
GFI1,1700017B05RIK
GFI1,PLBD2
GFI1,SQOR
GFI1,MT1
GFI1,STXBP1
GFI1,BAG2
GFI1,SQLE
GFI1,SLC40A1
GFI1,RUVBL2
GFI1,SGPP1
GFI1,COLGALT1
GFI1,LRRC8C
GFI1,ZYX
GFI1,SSX2IP
GFI1,CDC20
GFI1,FAM234B
GFI1,ARHGEF6
GFI1,MEIS1
GFI1,PTGS1
GFI1,CARHSP1
GFI1,PRKCQ
GFI1,ANXA6
GFI1,NUDT4
GFI1,CD63
GFI1,MCTP1
GFI1,AK3
GFI1,RORA
GFI1,ZEB2
GFI1,HLF
GFI1,ABCB10
GFI1,WDR55
GFI1,YBX3
GFI1,HDAC11
GFI1,PTCD3
GFI1,CKAP2L
GFI1,ADAMTS10
GFI1,TENT5A
GFI1,DCAF4
GFI1,GOLM1
GFI1,ST3GAL5
GFI1,UAP1L1
GFI1,INKA1
GFI1,CTTN
GFI1,ATP6AP1
GFI1,TPX2
GFI1,ST6GALNAC4
GFI1,RAI14
GFI1,G6PDX
GFI1,TIMM29
GFI1,MAPKAPK3
GFI1,BUB1B
GFI1,MCM5
GFI1,SPC24
GFI1,RAB31
GFI1,JARID2
GFI1,GPKOW
GFI1,NFATC1
GFI1,IKZF1
GFI1,SLC43A1
GFI1,ZFP275
GFI1,NSMAF
GFI1,TM7SF3
GFI1,GMPR
GFI1,PLIN2
GFI1,GNG11
GFI1,MYH10
GFI1,ACSS1
GFI1,RCOR1
GFI1,MRPL37
GFI1,EBF1
GFI1,MED22
GFI1,PLPPR3
GFI1,MEMO1
GFI1,FUCA2
GFI1,CISH
GFI1,UCKL1
GFI1,RCSD1
GFI1,LPIN2
GFI1,PIK3R2
GFI1,TOM1L1
GFI1,ARHGEF18
GFI1,ATP6AP2
GFI1,ADSSL1
GFI1,CD93
GFI1,PHACTR2
GFI1,ATP2A3
GFI1,SPNS2
GFI1,MCM10
GFI1,CREB5
GFI1,PLEC
GFI1,INPP5B
GFI1,BTG2
GFI1,XRCC3
GFI1,CDC45
GFI1,XK
GFI1,TIFA
GFI1,ELF4
GFI1,ATP11C
GFI1,MT2
GFI1,BCAP29
GFI1,AMPD3
GFI1,VPS41
GFI1,DUSP2
GFI1,USF3
GFI1,TRIB2
GFI1,ZMYM3
GFI1,KLF1
GFI1,TMEM176B
GFI1,TMEM176A
GFI1,PRIM1
GFI1,FAM91A1
GFI1,PDK3
GFI1,PBX1
GFI1,GANAB
GFI1,GRAMD1A
GFI1,MFSD2B
GFI1,TMC6
GFI1,CD55
GFI1,UGCG
GFI1,E2F4
GFI1,SLC29A1
GFI1,BC005561
GFI1,APBB1
GFI1,NUBP2
GFI1,ATP1B2
GFI1,PRPS2
GFI1,EGR1
GFI1,SERPINB9
GFI1,SLC18A2
GFI1,TOP2A
GFI1,PPIC
GFI1,TRPS1
GFI1,CDC6
GFI1,MCM2
GFI1,WLS
GFI1,RB1
GFI1,NFIA
GFI1,PLA2G12A
GFI1,LCP1
GFI1,ELOVL1
GFI1,NSDHL
GFI1,RUNX1T1
GFI1,AHR
GFI1,AP1G2
GFI1,CDCA8
GFI1,FEM1A
GFI1,ABCB4
GFI1,AURKB
GFI1,PACSIN2
GFI1,XAB2
GFI1,EPDR1
GFI1,MAN2A2
GFI1,TCIRG1
GFI1,MAP4K2
GFI1,NECAP2
GFI1,CAMK1
GFI1,ANXA2
GFI1,RUNX2
GFI1,STARD10
GFI1,TMEM56
GFI1,ZFP467
GFI1,TMEM164
GFI1,CTSO
GFI1,NOTCH1
GFI1,CD9
GFI1,FBXW5
GFI1,NAPSA
GFI1,RBPMS
GFI1,PRPS1
GFI1,FAAP100
GFI1,METTL27
GFI1,TBC1D10C
GFI1,CKS1B
GFI1,MFNG
GFI1,IRF8
GFI1,RARB
GFI1,DENND2D
GFI1,GYPC
GFI1,TREML2
GFI1,MAPK12
GFI1,VAV1
GFI1,SLC7A4
GFI1,MEF2C
GFI1,PCP4L1
GFI1,FOS
GFI1,BMI1
GFI1,FES
GFI1,RAB37
GFI1,TAF1
GFI1,FASTKD2
GFI1,TGM2
GFI1,PLXNC1
GFI1,CNP
GFI1,EPSTI1
GFI1,ZFP930
GFI1,SLC22A3
GFI1,IL15
GFI1,SNX10
GFI1,EMILIN2
GFI1,CPT1A
GFI1,TRIM30A
GFI1,RTP4
GFI1,SALL2
GFI1,ANGPT1
GFI1,ALKBH8
GFI1,VDR
GFI1,ISYNA1
GFI1,ARAP1
GFI1,PDE4B
GFI1,GLIS2
GFI1,TSPAN33
GFI1,UNC93B1
GFI1,SASH3
GFI1,CYTH4
GFI1,GSTM1
GFI1,SLC43A3
GFI1,DPH2
GFI1,DOCK2
GFI1,CSAD
GFI1,ANKRD27
GFI1,IRF6
GFI1,SOX6
GFI1,EPAS1
GFI1,KLHL23
GFI1,PRSS50
GFI1,JAK3
GFI1,ISG20
GFI1,SEPT8
GFI1,ZFP945
GFI1,CD34
GFI1,PEAR1
GFI1,MECOM
GFI1,UBL4A
GFI1,NR4A1
GFI1,IRF5
GFI1,CBX7
GFI1,APEH
GFI1,ANK
GFI1,HPN
GFI1,NR3C2
GFI1,PPOX
GFI1,ADD2
GFI1,TSC22D3
GFI1,C1QTNF12
GFI1,IL27RA
GFI1,LDHB
GFI1,PIDD1
GFI1,ADGRL4
GFI1,CRIP2
GFI1,CNN2
GFI1,SPHK1
GFI1,HOXA9
GFI1,CTSE
GFI1,SELENBP1
GFI1,CYTIP
GFI1,SNCA
GFI1,SLA2
GFI1,ITIH5
GFI1,IFI204
GFI1,RORC
GFI1,COL5A1
GFI1,SEPT6
GFI1,DYNLT3
GFI1,RDH11
GFI1,CD1D1
GFI1,WDR6
GFI1,MYCN
GFI1,LLGL1
GFI1,HCFC1
GFI1,LIMD2
GFI1,TEAD3
GFI1,TNFAIP2
GFI1,IL21R
GFI1,ARHGAP15
GFI1,ID2
GFI1,OASL2
GFI1,NUPR1
GFI1,EBI3
GFI1,TMEM173
GFI1,RHOF
GFI1,SAMD14
GFI1,IFI203
GFI1,CORO1A
GFI1,GYPA
GFI1,MYC
GFI1,SMIM1
GFI1,TRIM47
GFI1,TPP1
GFI1,SLC25A45
GFI1,NDN
GFI1,ARHGAP4
GFI1,RASAL3
GFI1,ZFP35
GFI1,GATA2
GFI1,CERS4
GFI1,TK1
GFI1,SOX18
GFI1,TCN2
GFI1,SPO11
GFI1,SELENOP
GFI1,LTB
GFI1,ZFP36
GFI1,GIMAP5
GFI1,AQP1
GFI1,TLR4
GFI1,EPOR
GFI1,F11R
GFI1,DENND1C
GFI1,AFAP1L1
GFI1,SLC25A21
GFI1B,ITSN1
GFI1B,ASF1B
GFI1B,HMGB2
GFI1B,GM2A
GFI1B,GORASP1
GFI1B,FKBP1A
GFI1B,D1ERTD622E
GFI1B,PCLAF
GFI1B,SGPL1
GFI1B,TCF19
GFI1B,PQLC3
GFI1B,SGTA
GFI1B,SMARCA2
GFI1B,SPPL2A
GFI1B,VIM
GFI1B,CHORDC1
GFI1B,CLCN4
GFI1B,SPI1
GFI1B,SEC23IP
GFI1B,EPS15
GFI1B,MTAP
GFI1B,REL
GFI1B,PKM
GFI1B,HIST1H1C
GFI1B,NFAT5
GFI1B,EGR1
GFI1B,HNRNPAB
GFI1B,TCP11L2
GFI1B,YPEL3
GFI1B,FIGNL1
GFI1B,CHP1
GFI1B,VAMP3
GFI1B,TRMT2A
GFI1B,TMEM97
GFI1B,MYCT1
GFI1B,BIRC5
GFI1B,MTMR6
GFI1B,NUF2
GFI1B,DNAJC10
GFI1B,GTF2H1
GFI1B,TYK2
GFI1B,JUN
GFI1B,COPB1
GFI1B,GTF3C3
GFI1B,SLC35A1
GFI1B,GMFB
GFI1B,NFE2
GFI1B,DCP1A
GFI1B,MEIS1
GFI1B,RGS19
GFI1B,PLEC
GFI1B,PROCR
GFI1B,EXOC2
GFI1B,WDR75
GFI1B,CAST
GFI1B,GALK2
GFI1B,RFESD
GFI1B,NASP
GFI1B,NEURL3
GFI1B,NEK9
GFI1B,LIMD2
GFI1B,ATG4B
GFI1B,NIF3L1
GFI1B,MFGE8
GFI1B,EYA1
GFI1B,NUDCD3
GFI1B,USP4
GFI1B,MARCH5
GFI1B,IFT140
GFI1B,TIMM29
GFI1B,ESYT2
GFI1B,TANGO2
GFI1B,TMEM173
GFI1B,ATG16L1
GFI1B,HPN
GFI1B,WDR36
GFI1B,SNRNP200
GFI1B,SRSF1
GFI1B,ZFP639
GFI1B,PLAA
GFI1B,CALCRL
GFI1B,POLR1B
GFI1B,CLPTM1L
GFI1B,RHOT1
GFI1B,MSH6
GFI1B,GFI1
GFI1B,WDR5
GFI1B,MAP4K2
GFI1B,ADO
GFI1B,ZSCAN21
GFI1B,LIG1
GFI1B,NFATC1
GFI1B,CDCA3
GFI1B,CKS1B
GFI1B,RTP4
GFI1B,FEM1B
GFI1B,NOLC1
GFI1B,TUBGCP5
GFI1B,ALDH18A1
GFI1B,KDM6A
GFI1B,PSMF1
GFI1B,PPIL4
GFI1B,TOX4
GFI1B,CRBN
GFI1B,HIST1H2BC
GFI1B,ERLIN2
GFI1B,ENPP4
GFI1B,USP37
GFI1B,RFC4
GFI1B,PICALM
GFI1B,ENDOD1
GFI1B,PLPPR3
GFI1B,VPS33B
GFI1B,PIK3R2
GFI1B,MYB
GFI1B,MCM4
GFI1B,DPP8
GFI1B,9430015G10RIK
GFI1B,TYMS
GFI1B,NRF1
GFI1B,ATAD2
GFI1B,TBCD
GFI1B,RRM1
GFI1B,PBK
GFI1B,ORC5
GFI1B,CERS5
GFI1B,ADK
GFI1B,IRF1
GFI1B,WARS
GFI1B,POLE3
GFI1B,ATL2
GFI1B,KLHL6
GFI1B,TSPAN14
GFI1B,HDGF
GFI1B,THUMPD3
GFI1B,SLC39A10
GFI1B,NCEH1
GFI1B,BLVRB
GFI1B,RGS2
GFI1B,CDC7
GFI1B,WDR45B
GFI1B,TBC1D2B
GFI1B,PIGQ
GFI1B,GCNT2
GFI1B,CNOT10
GFI1B,HSPH1
GFI1B,FOXO1
GFI1B,SGO1
GFI1B,FLOT2
GFI1B,CPQ
GFI1B,SCFD1
GFI1B,NAA35
GFI1B,USP8
GFI1B,MTHFD1
GFI1B,UBE2C
GFI1B,DNAJC11
GFI1B,PFKM
GFI1B,MCM7
GFI1B,MIS18BP1
GFI1B,ZDHHC6
GFI1B,NDEL1
GFI1B,NGLY1
GFI1B,GOSR2
GFI1B,ACSS2
GFI1B,COA5
GFI1B,NUDCD1
GFI1B,NR2C1
GFI1B,POLR3F
GFI1B,RBPMS
GFI1B,CUL2
GFI1B,ZFP961
GFI1B,SERPINB1A
GFI1B,RNF115
GFI1B,ZFP655
GFI1B,IKZF1
GFI1B,METTL7A1
GFI1B,NELFB
GFI1B,NARFL
GFI1B,RNF19A
GFI1B,MYCN
GFI1B,CTSC
GFI1B,CD82
GFI1B,RARS
GFI1B,L2HGDH
GFI1B,RNF141
GFI1B,OTUD6B
GFI1B,HACD3
GFI1B,STK25
GFI1B,TMEM129
GFI1B,TACC3
GFI1B,GMNN
GFI1B,NCAPG
GFI1B,DNM1L
GFI1B,MNDAL
GFI1B,WDSUB1
GFI1B,LMNA
GFI1B,RUVBL2
GFI1B,RPRD1B
GFI1B,PLCG2
GFI1B,CSTF2
GFI1B,BTRC
GFI1B,UROS
GFI1B,RASAL3
GFI1B,EIF2B1
GFI1B,DDX20
GFI1B,PHAX
GFI1B,XRCC5
GFI1B,TMEM68
GFI1B,BUB1
GFI1B,SLC18A2
GFI1B,TRMT11
GFI1B,PCCA
GFI1B,CDT1
GFI1B,SACM1L
GFI1B,RNF4
GFI1B,TMEM186
GFI1B,LMBRD1
GFI1B,VPS33A
GFI1B,NDOR1
GFI1B,IRF8
GFI1B,RANGAP1
GFI1B,MIOS
GFI1B,RMND5A
GFI1B,IFI204
GFI1B,WDR4
GFI1B,CDCA5
GFI1B,ZZZ3
GFI1B,TTF1
GFI1B,SCARB1
GFI1B,RNF13
GFI1B,SLC44A2
GFI1B,HUS1
GFI1B,CENPK
GFI1B,DTL
GFI1B,NPLOC4
GFI1B,ADSSL1
GFI1B,LZTR1
GFI1B,ADAMTS10
GFI1B,ZFP266
GFI1B,RNF139
GFI1B,CKAP2
GFI1B,ILVBL
GFI1B,NUDT9
GFI1B,MAD2L1
GFI1B,EPOR
GFI1B,DUS1L
GFI1B,DLST
GFI1B,SDHAF2
GFI1B,CHUK
GFI1B,NUP155
GFI1B,CUL4A
GFI1B,ZFP62
GFI1B,CDC45
GFI1B,HEATR5A
GFI1B,CDCA4
GFI1B,UAP1L1
GFI1B,SCRN3
GFI1B,SATB1
GFI1B,PTDSS2
GFI1B,PLIN3
GFI1B,DHX33
GFI1B,TPX2
GFI1B,TCF12
GFI1B,POT1A
GFI1B,PLAG1
GFI1B,MARCH8
GFI1B,HELLS
GFI1B,FAM45A
GFI1B,UBR1
GFI1B,NDC1
GFI1B,HPCAL1
GFI1B,PRSS50
GFI1B,CPT2
GFI1B,UBAP1
GFI1B,MCM10
GFI1B,BYSL
GFI1B,ZFP367
GFI1B,CENPE
GFI1B,NAGA
GFI1B,AHCYL1
GFI1B,TFRC
GFI1B,SETD2
GFI1B,GPKOW
GFI1B,FUCA2
GFI1B,IFI203
GFI1B,EFTUD2
GFI1B,CRNKL1
GFI1B,TARS
GFI1B,RAD21
GFI1B,MTFR1
GFI1B,ATP6AP1
GFI1B,ARL6IP6
GFI1B,NUP85
GFI1B,KIF11
GFI1B,CDC6
GFI1B,CCNB2
GFI1B,PDCL
GFI1B,ERLIN1
GFI1B,RAD51
GFI1B,HDAC7
GFI1B,RAB32
GFI1B,CYB5R1
GFI1B,SEH1L
GFI1B,MAVS
GFI1B,PPP6C
GFI1B,FAM76B
GFI1B,ARMC8
GFI1B,NOP2
GFI1B,ODC1
GFI1B,ELP3
GFI1B,COPS8
GFI1B,TCIRG1
GFI1B,DCAF13
GFI1B,MIEF1
GFI1B,DDX1
GFI1B,DHFR
GFI1B,ABCF3
GFI1B,UNK
GFI1B,LPIN2
GFI1B,LANCL2
GFI1B,HEXA
GFI1B,FAM136A
GFI1B,RPP40
GFI1B,BCAP29
GFI1B,AURKA
GFI1B,XK
GFI1B,TREML2
GFI1B,TOR3A
GFI1B,SLC30A6
GFI1B,ANK
GFI1B,ASB8
GFI1B,TAF12
GFI1B,NAMPT
GFI1B,OSTM1
GFI1B,DNAJC5
GFI1B,DIS3L2
GFI1B,HARS2
GFI1B,HARS
GFI1B,FES
GFI1B,STX12
GFI1B,FARSB
GFI1B,UROD
GFI1B,TK1
GFI1B,FEM1A
GFI1B,CCNG1
GFI1B,CALU
GFI1B,RFC5
GFI1B,POGLUT1
GFI1B,MTREX
GFI1B,SP4
GFI1B,PPOX
GFI1B,PLA2G12A
GFI1B,MBOAT2
GFI1B,IPO9
GFI1B,IARS
GFI1B,VAV1
GFI1B,SLC16A1
GFI1B,RABGGTB
GFI1B,MIS12
GFI1B,IL27RA
GFI1B,VPS41
GFI1B,LDAH
GFI1B,HDAC2
GFI1B,RNF145
GFI1B,CCNE2
GFI1B,RGCC
GFI1B,NFE2L2
GFI1B,PRELID3B
GFI1B,LONP1
GFI1B,FOS
GFI1B,ZKSCAN6
GFI1B,PLIN2
GFI1B,NUPR1
GFI1B,C330018D20RIK
GFI1B,GFM1
GFI1B,ALKBH8
GFI1B,CCNA2
GFI1B,ASAH1
GFI1B,TES
GFI1B,SNX10
GFI1B,LAP3
GFI1B,TUBGCP3
GFI1B,METTL8
GFI1B,EPDR1
GFI1B,WDHD1
GFI1B,CD48
GFI1B,UBA3
GFI1B,SLC25A38
GFI1B,SELENBP1
GFI1B,PHF10
GFI1B,PSMD9
GFI1B,MFSD14B
GFI1B,HAUS2
GFI1B,FAR1
GFI1B,CUL3
GFI1B,OAT
GFI1B,CTLA2A
GFI1B,SNAPC3
GFI1B,NCAPG2
GFI1B,INTS13
GFI1B,GTF2F1
GFI1B,CTR9
GFI1B,CREB5
GFI1B,NECAP2
GFI1B,KIF20B
GFI1B,SQLE
GFI1B,SLC25A21
GFI1B,RAD51AP1
GFI1B,P2RX4
GFI1B,GSS
GFI1B,CDK19
GFI1B,STEAP3
GFI1B,NDUFV1
GFI1B,EXOC3
GFI1B,ZFP35
GFI1B,ZFP322A
GFI1B,SLC25A45
GFI1B,LYRM4
GFI1B,CPOX
GFI1B,BTAF1
GFI1B,AP5M1
GFI1B,TMX3
GFI1B,ST3GAL6
GFI1B,SLC25A46
GFI1B,SESN1
GFI1B,MARCH6
GFI1B,IFRD2
GFI1B,AAR2
GFI1B,ESR1
GFI1B,PSMD5
GFI1B,PPAT
GFI1B,PTPN12
GFI1B,BCLAF3
GFI1B,ANAPC2
GFI1B,ABCB8
GFI1B,ZFP672
GFI1B,TMEM263
GFI1B,TASP1
GFI1B,SKAP2
GFI1B,DCK
GFI1B,VPS26C
GFI1B,TAPT1
GFI1B,STAP1
GFI1B,ME2
GFI1B,INTS8
GFI1B,XRCC6
GFI1B,STX17
GFI1B,CASP3
GFI1B,SLC20A1
GFI1B,ATAD1
GFI1B,ZFP930
GFI1B,PCYT1A
GFI1B,KLHL24
GFI1B,GNA13
GFI1B,ETF1
GFI1B,CKAP2L
GFI1B,STAT3
GFI1B,SPC24
GFI1B,GTF2E1
GFI1B,ZFP110
GFI1B,TFG
GFI1B,PREP
GFI1B,METAP1
GFI1B,KIF22
GFI1B,DRAM2
GFI1B,CEPT1
GFI1B,ALDH9A1
GFI1B,ALAD
GFI1B,PRPS1
GFI1B,PRKCQ
GFI1B,KAT7
GFI1B,BAP1
GFI1B,ABCB10
HCFC1,NARFL
HCFC1,VPS41
HCFC1,PRIM1
HCFC1,POLR1B
HCFC1,GPKOW
HCFC1,TMEM206
HCFC1,SPC25
HCFC1,RDH11
HCFC1,ATP11C
HCFC1,SNAPC3
HCFC1,AHCYL1
HCFC1,ABI1
HCFC1,KPNA3
HCFC1,RPP40
HCFC1,4833439L19RIK
HCFC1,GALK2
HCFC1,NDUFV1
HCFC1,CDCA5
HCFC1,KNSTRN
HCFC1,KLHL24
HCFC1,MFN2
HCFC1,COPS8
HCFC1,ZFP451
HCFC1,DCP1A
HCFC1,STK25
HCFC1,PPP6C
HCFC1,SNRNP200
HCFC1,DHX33
HCFC1,INPP5B
HCFC1,CDCA8
HCFC1,DUS1L
HCFC1,BTRC
HCFC1,EIF2B1
HCFC1,AHCTF1
HCFC1,PA2G4
HCFC1,BUB3
HCFC1,WDR36
HCFC1,POGLUT1
HCFC1,XAB2
HCFC1,TIMM29
HCFC1,PIK3C3
HCFC1,RPA2
HCFC1,LLGL1
HCFC1,IFRD2
HCFC1,WDR45B
HCFC1,LZTR1
HCFC1,ERLIN2
HCFC1,ABL1
HCFC1,LIG1
HCFC1,CENPO
HCFC1,NFXL1
HCFC1,DNM1L
HCFC1,CRNKL1
HCFC1,PPIL4
HCFC1,ICE1
HCFC1,CDK19
HCFC1,RANGAP1
HCFC1,9430015G10RIK
HCFC1,CHAMP1
HCFC1,NUF2
HCFC1,NELFB
HCFC1,PSMF1
HCFC1,MCM3
HCFC1,NUDCD1
HCFC1,NDC1
HCFC1,PSMD6
HCFC1,METTL8
HCFC1,SESN1
HCFC1,RRM1
HCFC1,AAR2
HCFC1,GTF3C3
HCFC1,ZFP24
HCFC1,PHB2
HCFC1,JARID2
HCFC1,CPOX
HCFC1,PIGQ
HCFC1,BUB1B
HCFC1,DDX1
HCFC1,ZFP110
HCFC1,RAD51
HCFC1,NAA35
HCFC1,WARS
HCFC1,DNAJC11
HCFC1,UBAC1
HCFC1,ANAPC2
HCFC1,EXOC2
HCFC1,MARCH5
HCFC1,COA5
HCFC1,ITSN1
HCFC1,ALKBH8
HCFC1,AURKA
HCFC1,ADO
HCFC1,CNOT10
HCFC1,MARS
HCFC1,UCKL1
HCFC1,CLPTM1L
HCFC1,NIF3L1
HCFC1,DDX20
HCFC1,WDR4
HCFC1,PRPF4
HCFC1,COG7
HCFC1,CRK
HCFC1,LONP1
HCFC1,CDC6
HCFC1,NDOR1
HCFC1,POLR3F
HCFC1,SLC39A9
HCFC1,UBE2G2
HCFC1,RPRD1B
HCFC1,WDR75
HCFC1,SEC23IP
HCFC1,HARS2
HCFC1,HARS
HCFC1,NCLN
HCFC1,TPX2
HCFC1,MYNN
HCFC1,TBCD
HCFC1,NPLOC4
HCFC1,DPH6
HCFC1,TBL3
HCFC1,GTF2E1
HCFC1,ABCB8
HCFC1,PLAA
HCFC1,CDC45
HCFC1,UNK
HCFC1,VPS11
HCFC1,GFM1
HCFC1,NECAP2
HCFC1,HEATR5A
HCFC1,HUS1
HCFC1,NUP155
HCFC1,MAU2
HCFC1,ZFP35
HCFC1,NOLC1
HCFC1,FPGS
HCFC1,SCRN3
HCFC1,VPS33A
HCFC1,FEM1A
HCFC1,MIEF1
HCFC1,ARMT1
HCFC1,BYSL
HCFC1,BAP1
HCFC1,FTSJ1
HCFC1,RFC4
HCFC1,EFTUD2
HCFC1,CHORDC1
HCFC1,SLC19A1
HCFC1,THUMPD3
HCFC1,SKAP2
HCFC1,FTSJ3
HCFC1,DPH2
HCFC1,WDR5
HCFC1,LDAH
HCFC1,HSPH1
HCFC1,MIS18BP1
HCFC1,TIMM50
HCFC1,RHOT1
HCFC1,ATG16L1
HCFC1,CUL4A
HCFC1,ESYT2
HCFC1,TMEM68
HCFC1,RUVBL2
HCFC1,ZFP672
HCFC1,GTF2F1
HCFC1,CDCA3
HCFC1,SHCBP1
HCFC1,MTREX
HCFC1,PLD3
HCFC1,NUP107
HCFC1,PSMD9
HCFC1,MTMR6
HCFC1,PTDSS2
HCFC1,XPC
HCFC1,NIT1
HCFC1,MGST3
HCFC1,TRMT6
HCFC1,WDR73
HCFC1,SCFD1
HCFC1,SGTA
HCFC1,NOL9
HCFC1,UROD
HCFC1,ELAC2
HCFC1,DPP8
HCFC1,TOX4
HCFC1,D230025D16RIK
HCFC1,ORC5
HCFC1,NEK9
HCFC1,FAAP100
HCFC1,GSKIP
HCFC1,BLZF1
HCFC1,TMEM129
HCFC1,TACC3
HCFC1,PWP2
HCFC1,DIS3L2
HCFC1,COPB2
HCFC1,NUDCD3
HCFC1,ABTB1
HCFC1,UBR1
HCFC1,KAT7
HCFC1,FEM1B
HCFC1,RNF115
HCFC1,TUBGCP2
HCFC1,VPS33B
HCFC1,GMFB
HCFC1,CENPE
HCFC1,UBA5
HCFC1,CCNA2
HCFC1,FARSB
HCFC1,METAP1D
HCFC1,MFSD1
HCFC1,ELP2
HCFC1,GARS
HCFC1,ARL8B
HCFC1,SP4
HCFC1,MFSD14B
HCFC1,E2F4
HCFC1,SLC35A1
HCFC1,FOXRED1
HCFC1,SPPL2A
HCFC1,CENPK
HCFC1,RNF141
HCFC1,KIF11
HCFC1,PWP1
HCFC1,NUP88
HCFC1,COG6
HCFC1,GTF2H1
HCFC1,REXO4
HCFC1,EXOC3
HCFC1,TRMT2A
HCFC1,ATP13A1
HCFC1,EIF1AD
HCFC1,RARS
HCFC1,ELP3
HCFC1,CRBN
HCFC1,DCAF13
HCFC1,NUP93
HCFC1,PIK3R2
HCFC1,GOSR2
HCFC1,ERCC8
HCFC1,CIPC
HCFC1,USP8
HCFC1,ZBTB43
HCFC1,PCYT1A
HCFC1,OTUD6B
HCFC1,XRCC5
HCFC1,TAB1
HCFC1,CHMP7
HCFC1,ATG4B
HCFC1,POLE3
HCFC1,PMPCA
HCFC1,DLST
HCFC1,HAUS2
HCFC1,FBXW5
HCFC1,NUDT9
HCFC1,IARS
HCFC1,TBC1D2B
HCFC1,STXBP4
HCFC1,TMUB2
HCFC1,TUBGCP3
HCFC1,COPB1
HCFC1,NUBP2
HCFC1,MRPL37
HCFC1,PRMT7
HCFC1,UBR7
HCFC1,SPPL2B
HCFC1,ZKSCAN3
HCFC1,PRDM4
HCFC1,LRRC14
HCFC1,TERF2IP
HCFC1,ASB8
HCFC1,TBC1D15
HCFC1,RAD21
HCFC1,TASP1
HCFC1,SMC2
HCFC1,ATL2
HCFC1,ZKSCAN17
HCFC1,CCDC137
HCFC1,CHUK
HCFC1,PNO1
HCFC1,HDGF
HCFC1,CTR9
HCFC1,SUPT7L
HCFC1,VAMP3
HCFC1,TTF1
HCFC1,CUL2
HCFC1,ZDHHC6
HCFC1,PRKAB1
HCFC1,GOLT1B
HCFC1,SLC31A1
HCFC1,GUSB
HCFC1,BIRC5
HCFC1,RFESD
HCFC1,MORC3
HCFC1,ORC2
HCFC1,TMEM186
HCFC1,ALG9
HCFC1,ZFP62
HCFC1,CLPX
HCFC1,G6PDX
HCFC1,NOP2
HCFC1,ANKFY1
HCFC1,KIF20B
HCFC1,IPO9
HCFC1,SLC25A46
HCFC1,CKAP5
HCFC1,NDEL1
HCFC1,PFKM
HCFC1,LYRM4
HCFC1,HNRNPAB
HCFC1,NUP85
HCFC1,B230219D22RIK
HCFC1,SNRPB
HCFC1,ABCF3
HCFC1,RAD51AP1
HCFC1,COLGALT1
HCFC1,CLCN4
HCFC1,GMCL1
HCFC1,MED22
HCFC1,ZFP655
HCFC1,MBTPS1
HCFC1,AP5M1
HCFC1,IPO4
HCFC1,PTCD3
HCFC1,ETF1
HCFC1,WDHD1
HCFC1,PPAT
HCFC1,TMEM168
HCFC1,PSMD5
HCFC1,TARS
HCFC1,NUDT19
HCFC1,GSS
HCFC1,NCAPD2
HCFC1,NFAT5
HCFC1,ZFP143
HCFC1,ADK
HCFC1,PDCL
HCFC1,CHMP3
HCFC1,MOGS
HCFC1,RABIF
HCFC1,ATP7B
HCFC1,ALG11
HCFC1,DRAM2
HCFC1,CEPT1
HCFC1,PHAX
HCFC1,VPS26C
HCFC1,ATAD1
HCFC1,FKBP1A
HCFC1,SLC30A6
HCFC1,ATG12
HCFC1,AP3S1
HCFC1,ARMC8
HCFC1,MTHFD1
HCFC1,BTAF1
HCFC1,RABGGTB
HCFC1,RNF139
HCFC1,FASTKD2
HCFC1,ZFP871
HCFC1,MIS12
HCFC1,MCM10
HCFC1,YOD1
HCFC1,TYK2
HCFC1,AP1B1
HCFC1,MCM5
HCFC1,TRMT11
HCFC1,USP37
HCFC1,GANAB
HCFC1,CDCA4
HCFC1,ARL6IP6
HCFC1,ZZZ3
HCFC1,PPOX
HCFC1,GNAI3
HCFC1,EPS15
HCFC1,PTPN12
HCFC1,POLR2B
HCFC1,NASP
HCFC1,RNF4
HCFC1,DOCK2
HCFC1,UROS
HCFC1,MCM4
HCFC1,SDHAF2
HCFC1,SRSF1
HCFC1,HMMR
HCFC1,NEDD1
HCFC1,SPTLC1
HCFC1,RPAP1
HCFC1,HERC4
HCFC1,NAA50
HCFC1,ATP6V1A
HCFC1,FAM234B
HCFC1,POT1A
HCFC1,SLC30A5
HCFC1,KIF22
HCFC1,TPP1
HCFC1,YBX1
HCFC1,COPG1
HCFC1,DNPEP
HCFC1,TUBGCP5
HCFC1,EDC3
HCFC1,PSEN1
HCFC1,UTP4
HCFC1,TVP23B
HCFC1,SLC25A38
HCFC1,CDC20
HCFC1,PAFAH1B2
HCFC1,RFC5
HCFC1,MINPP1
HCFC1,FNTA
HCFC1,SLC11A2
HCFC1,CNOT7
HCFC1,ANAPC4
HCFC1,DNAJC5
HCFC1,STX12
HCFC1,CKAP2L
HCFC1,ITFG1
HCFC1,MTO1
HCFC1,PLIN3
HCFC1,MED16
HCFC1,PBK
HCFC1,TFG
HCFC1,FAM91A1
HCFC1,ZSCAN21
HCFC1,ZFP367
HCFC1,ENPP4
HCFC1,ASAH1
HCFC1,STAT3
HCFC1,PTDSS1
HCFC1,USF3
HCFC1,TMX3
HCFC1,USP4
HCFC1,RMND5B
HCFC1,CAST
HCFC1,QARS
HCFC1,NADK
HCFC1,CDT1
HCFC1,TOPORS
HCFC1,SACM1L
HCFC1,ZFP930
HCFC1,DDHD2
HCFC1,CNIH1
HCFC1,MAD2L1
HCFC1,FZR1
HCFC1,UMPS
HCFC1,CASP2
HCFC1,MARCH8
HCFC1,HAGH
HCFC1,ARAP1
HCFC1,BCLAF3
HCFC1,IFT140
HCFC1,ZMYM3
HCFC1,NR2C1
HCFC1,GMNN
HCFC1,PRIM2
HCFC1,ZFP266
HCFC1,TAF1
HCFC1,SEPT8
HCFC1,EIF4ENIF1
HCFC1,TAF12
HCFC1,SPRYD4
HCFC1,ZFP961
HCFC1,LANCL2
HCFC1,HMBS
HCFC1,UBA3
HCFC1,RANBP3
HCFC1,MCM7
HCFC1,CALU
HCFC1,MRM1
HCFC1,NCAPG2
HCFC1,D10WSU102E
HCFC1,ATAD2
HCFC1,INCENP
HCFC1,NCEH1
HCFC1,IARS2
HCFC1,ZFP397
HCFC1,UBXN2B
HCFC1,TOP2A
HCFC1,TYMS
HCFC1,DNAJC10
HCFC1,ERLIN1
HCFC1,PCCA
HCFC1,PLK1
HCFC1,TCF12
HCFC1,ILVBL
HCFC1,POLD1
HCFC1,SGO1
HCFC1,TFRC
HCFC1,HEXA
HCFC1,NCAPG
HCFC1,HIST1H2BC
HCFC1,HELLS
HCFC1,OSTM1
HCFC1,GEMIN5
HCFC1,SMIM15
HCFC1,RCOR1
HCFC1,LMBRD1
HCFC1,BCAP29
HCFC1,C330018D20RIK
HCFC1,VWA5A
HCFC1,GRN
HCFC1,TRIM30A
HCFC1,ME2
HCFC1,CENPF
HCFC1,TCF19
HCFC1,CEP70
HCFC1,FAM45A
HCFC1,SSX2IP
HCFC1,PLAG1
HCFC1,CACFD1
HCFC1,WDR55
HCFC1,IDH3A
HCFC1,GORASP1
HCFC1,CDC7
HCFC1,RMND5A
HCFC1,CYB5R3
HCFC1,FAM76B
HCFC1,SEH1L
HCFC1,TTLL12
HCFC1,CKS1B
HCFC1,HCLS1
HCFC1,RPA1
HCFC1,SPC24
HCFC1,INTS13
HCFC1,XRCC3
HCFC1,PLBD2
HCFC1,LMO4
HCFC1,NARF
HCFC1,POLA2
HCFC1,TMX1
HCFC1,TK1
HCFC1,DCAF11
HCFC1,CHP1
HCFC1,VPS35
HCFC1,TIPIN
HCFC1,ORC6
HCFC1,HIST1H1C
HCFC1,CENPA
HCFC1,TOLLIP
HCFC1,TMEM177
HCFC1,FUCA2
HCFC1,PITPNB
HCFC1,RNF13
HCFC1,FIGNL1
HCFC1,APLP2
HCFC1,MAPK1
HCFC1,TAPT1
HCFC1,ZDHHC13
HCFC1,LPCAT3
HCFC1,EXT2
HCFC1,CCNB2
HCFC1,KDM6A
HCFC1,DTL
HCFC1,PREP
HCFC1,MEIS1
HCFC1,XPNPEP1
HCFC1,NAE1
HCFC1,TMEM185A
HCFC1,CSTF2
HCFC1,APEH
HCFC1,ODC1
HCFC1,TMEM97
HCFC1,SLC25A45
HCFC1,LEPROT
HCFC1,MNS1
HCFC1,ISYNA1
HCFC1,PSAT1
HCFC1,MAPK9
HCFC1,RNF19A
HCFC1,ZFP322A
HCFC1,ALAD
HCFC1,PLA2G12A
HCFC1,ABHD16A
HCFC1,TTF2
HCFC1,AFG3L2
HCFC1,ZKSCAN6
HCFC1,HDAC2
HCFC1,HMGB2
HCFC1,STXBP3
HCFC1,SETD2
HCFC1,CAD
HCFC1,NGLY1
HCFC1,ASF1B
HCFC1,PITRM1
HCFC1,FCHSD2
HCFC1,NCAPH
HCFC1,ANKLE1
HCFC1,NPTN
HCFC1,ACOX1
HCFC1,FGFR1OP
HCFC1,NET1
HCFC1,JAK3
HCFC1,IL27RA
HCFC1,WDR6
HCFC1,PKM
HCFC1,NRF1
HCFC1,CPQ
HCFC1,UBAP1
HCFC1,GIMAP1
HCFC1,ADAMTS10
HCFC1,CCNB1
HCFC1,TSPAN3
HCFC1,CUL3
HCFC1,TBC1D10C
HCFC1,PCYT2
HCFC1,PICALM
HCFC1,KLHL6
HCFC1,CKAP2
HCFC1,DEK
HCFC1,2610301B20RIK
HCFC1,BID
HCFC1,YPEL3
HCFC1,UBE2C
HCFC1,SVIP
HCFC1,RB1
HCFC1,FBXO5
HCFC1,METAP1
HCFC1,ATP6AP2
HCFC1,ATP1B2
HCFC1,SPTBN1
HCFC1,CASP3
HCFC1,MCM6
HCFC1,PRELID3B
HCFC1,PIP4K2A
HCFC1,NUSAP1
HCFC1,ZFP639
HCFC1,FAM136A
HCFC1,CYP20A1
HCFC1,FAM168B
HCFC1,MIOS
HCFC1,CDK1
HCFC1,LIMD2
HCFC1,AFF4
HCFC1,TXNRD2
HCFC1,VHL
HCFC1,XRCC6
HCFC1,AP1G2
HCFC1,HSDL1
HCFC1,SLC39A10
HCFC1,BC005561
HCFC1,CLN5
HCFC1,P2RX4
HCFC1,GCLC
HCFC1,JPT2
HCFC1,CPT2
HCFC1,FECH
HCFC1,CSGALNACT2
HCFC1,OAT
HCFC1,LAP3
HCFC1,BUB1
HCFC1,CCNG1
HCFC1,USP10
HCFC1,CRYZL2
HCFC1,INTS8
HCFC1,MSH6
HCFC1,ALDH18A1
HCFC1,PRC1
HCFC1,RRM2
HCFC1,PRPS1
HCFC1,DCK
HCFC1,TCP11L2
HCFC1,ABCB10
HCFC1,TMEM263
HCFC1,FOS
HCFC1,GOLPH3
HCFC1,MARCH6
HCFC1,NT5DC1
HCFC1,CCNF
HCFC1,DHFR
HCFC1,SMARCA2
HCFC1,KIDINS220
HCFC1,STXBP1
HCFC1,MEMO1
HCFC1,ZFP36
HCFC1,DCAF4
HCFC1,RCC1
HCFC1,CERS5
HCFC1,CD48
HCFC1,RGS19
HCFC1,RAB37
HCFC1,NAMPT
HCFC1,ATP6AP1
HCFC1,BTG2
HCFC1,UHRF1
HCFC1,TMEM109
HCFC1,CTSC
HCFC1,CCNE1
HCFC1,MXD3
HCFC1,SUN1
HCFC1,CTTN
HCFC1,CTPS
HCFC1,MCM2
HCFC1,HACD3
HCFC1,CAPN7
HCFC1,NR3C2
HCFC1,LMNA
HCFC1,XK
HCFC1,TANGO2
HCFC1,UNC93B1
HCFC1,DENND1C
HCFC1,ACAA2
HCFC1,ANKRD27
HCFC1,SLC41A3
HCFC1,MAPKAPK3
HCFC1,FADS1
HCFC1,GNPDA1
HCFC1,HNRNPLL
HCFC1,PON2
HCFC1,PQLC1
HCFC1,GSTM1
HCFC1,AURKB
HCFC1,COQ8A
HCFC1,MYC
HCFC1,WDSUB1
HCFC1,SGPL1
HCFC1,KLF6
HCFC1,CYB5R1
HCFC1,GSR
HCFC1,H1F0
HCFC1,RELB
HCFC1,NSDHL
HCFC1,NFE2L2
HCFC1,XPR1
HCFC1,KLHL22
HCFC1,ASNS
HCFC1,PJA2
HCFC1,YBX3
HCFC1,MYO1D
HCFC1,SLC20A1
HCFC1,TRPV2
HCFC1,UBL4A
HCFC1,CCNE2
HCFC1,NFATC1
HCFC1,METTL7A1
HCFC1,TRIB3
HCFC1,STT3B
HCFC1,ZFP30
HCFC1,ACAP1
HCFC1,ALDH9A1
HCFC1,FAR1
HCFC1,RASSF5
HCFC1,HSD3B7
HCFC1,PIK3IP1
HCFC1,MAVS
HCFC1,DUSP1
HCFC1,MT2
HCFC1,ELL2
HCFC1,EPOR
HCFC1,UBA7
HCFC1,ELOVL1
HCFC1,ANXA5
HCFC1,DUSP2
HCFC1,UAP1
HCFC1,ARHGAP15
HCFC1,MYH10
HCFC1,PDK3
HCFC1,GIMAP6
HCFC1,GRAMD1A
HCFC1,TMC6
HCFC1,RASAL3
HCFC1,GYPC
HCFC1,ABCD3
HCFC1,JUN
HCFC1,ADSSL1
HCFC1,CNP
HCFC1,L2HGDH
HCFC1,CTSE
HCFC1,RGCC
HCFC1,FOXO1
HCFC1,LPCAT1
HCFC1,CLIC4
HCFC1,SPHK1
HCFC1,NFKBIA
HCFC1,ATP2A3
HCFC1,SMAD2
HCFC1,HLF
HCFC1,MYO1G
HCFC1,ID2
HCFC1,CORO1A
HCFC1,SERPINB9
HCFC1,SPI1
HCFC1,ENDOD1
HCFC1,TMEM164
HCFC1,SLC16A1
HCFC1,VAV1
HCFC1,TCN2
HCFC1,PACSIN2
HCFC1,REL
HCFC1,CBFB
HCFC1,ANXA6
HCFC1,THRB
HCFC1,1700017B05RIK
HCFC1,ST6GALNAC4
HCFC1,PRKAA1
HCFC1,E2F6
HCFC1,TRIM59
HCFC1,ZFP467
HCFC1,MAP4K2
HCFC1,CISH
HCFC1,GLIPR2
HCFC1,GPSM2
HCFC1,PLEC
HCFC1,PQLC3
HCFC1,GM2A
HCFC1,DCTD
HCFC1,ANXA4
HCFC1,MTFR1
HCFC1,CD55
HCFC1,HDAC7
HCFC1,STOM
HCFC1,STEAP3
HCFC1,NDE1
HCFC1,TENT5A
HCFC1,ACSS2
HCFC1,MT1
HCFC1,MAN1A
HCFC1,PACS1
HCFC1,DECR1
HCFC1,GYPA
HCFC1,SLC44A2
HCFC1,SNAP23
HCFC1,PIDD1
HCFC1,RGS1
HCFC1,CALCRL
HCFC1,ZFP945
HCFC1,TLR4
HCFC1,CARHSP1
HCFC1,FLOT2
HCFC1,SLC43A3
HCFC1,PPP2R1B
HCFC1,ELMO1
HCFC1,PSEN2
HCFC1,GNA13
HCFC1,ST8SIA4
HCFC1,IRF1
HCFC1,E2F8
HCFC1,ZFP275
HCFC1,NDRG1
HCFC1,CRIP2
HCFC1,CERS4
HCFC1,CD82
HCFC1,SLC6A6
HCFC1,CAR1
HCFC1,SQLE
HCFC1,SLC14A1
HCFC1,NOTCH1
HCFC1,SEPT6
HCFC1,CTNNA1
HCFC1,TNFRSF13B
HCFC1,PGLYRP2
HCFC1,PRKAR2B
HCFC1,PLEK
HCFC1,EGR1
HCFC1,CES2G
HCFC1,RNF145
HCFC1,PAK1
HCFC1,IRF5
HCFC1,RASA3
HCFC1,SPNS2
HCFC1,AK3
HCFC1,ZYX
HCFC1,TMEM64
HCFC1,PRSS50
HCFC1,GPR180
HCFC1,NFATC2
HCFC1,TREML2
HCFC1,CYTH4
HCFC1,AHR
HCFC1,PCLAF
HCFC1,HSPA4L
HCFC1,HEMGN
HCFC1,TMEM173
HCFC1,ISG20
HCFC1,SERPINB1A
HCFC1,TRIB2
HCFC1,STX17
HCFC1,PLCB2
HCFC1,ESR1
HCFC1,INKA1
HCFC1,KLHL23
HCFC1,SNX10
HCFC1,SCARB1
HCFC1,NAPSA
HCFC1,CYTH3
HCFC1,ABCG2
HCFC1,LRRFIP1
HCFC1,HDAC11
HCFC1,GSTM5
HCFC1,ACSS1
HCFC1,CITED4
HCFC1,GFI1B
HCFC1,MKI67
HCFC1,TCIRG1
HCFC1,SMIM1
HCFC1,NFE2
HCFC1,GIMAP5
HCFC1,TWSG1
HCFC1,DYNLT3
HCFC1,TFR2
HCFC1,SLC40A1
HCFC1,CD84
HCFC1,KLF1
HCFC1,LCP2
HCFC1,EBI3
HCFC1,LSP1
HCFC1,NUDT4
HCFC1,H2-DMB1
HCFC1,GPR171
HCFC1,LPIN2
HCFC1,RORA
HCFC1,SELENBP1
HCFC1,TSC22D3
HCFC1,SP100
HCFC1,MBOAT2
HCFC1,LAPTM4B
HCFC1,CELA1
HCFC1,TNFAIP8
HCFC1,PHETA2
HCFC1,CD1D1
HCFC1,HACD4
HCFC1,GYG
HCFC1,UAP1L1
HCFC1,PHF10
HCFC1,DOK2
HCFC1,ABCB4
HCFC1,MFNG
HCFC1,ZFP592
HCFC1,RNASEL
HCFC1,VKORC1L1
HCFC1,ITGA6
HCFC1,PRKCH
HCFC1,GOLM1
HCFC1,SLC7A4
HCFC1,TOR3A
HCFC1,KEL
HCFC1,MTAP
HCFC1,SNCA
HCFC1,SAMD14
HCFC1,PEAR1
HCFC1,INPP1
HCFC1,GBP2
HCFC1,TOM1L1
HCFC1,PLIN2
HCFC1,KLF3
HCFC1,TLK1
HCFC1,PLCG2
HCFC1,SLC25A21
HCFC1,PGM1
HCFC1,TNFAIP2
HCFC1,RUNX1T1
HCFC1,BLVRB
HCFC1,ZBTB10
HCFC1,SGPP1
HCFC1,ELF4
HCFC1,CBX7
HCFC1,AMPD3
HCFC1,GFI1
HCFC1,NAGA
HCFC1,ERMAP
HCFC1,ANXA2
HCFC1,HPN
HCFC1,BAG2
HCFC1,GATA1
HCFC1,VIM
HCFC1,MYB
HCFC1,GATM
HCFC1,GRINA
HCFC1,CPT1A
HCFC1,EZR
HCFC1,DDX58
HCFC1,PKLR
HCFC1,CTSO
HCFC1,CD74
HCFC1,MFSD2B
HCFC1,RHD
HCFC1,RNF213
HCFC1,GDF3
HCFC1,MFGE8
HCFC1,PTGS1
HCFC1,CASP1
HCFC1,SLC43A1
HCFC1,RGS2
HCFC1,PDE4B
HCFC1,APBB1
HCFC1,NUPR1
HCFC1,METTL27
HCFC1,LCP1
HCFC1,PPM1H
HCFC1,BTK
HCFC1,SLC22A3
HCFC1,EMILIN2
HCFC1,PLXNC1
HCFC1,VILL
HCFC1,EBF1
HCFC1,TMEM176B
HCFC1,TMEM176A
HCFC1,IL15
HCFC1,ST3GAL5
HCFC1,IL21R
HCFC1,CREB5
HCFC1,PRPS2
HCFC1,SMIM5
HCFC1,MAN2A2
HCFC1,ETS1
HCFC1,CD63
HCFC1,ARHGEF6
HCFC1,TSPAN33
HCFC1,CD9
HCFC1,RBPMS
HCFC1,RHOF
HCFC1,PML
HCFC1,ADD2
HCFC1,P2RY14
HCFC1,D1ERTD622E
HCFC1,CAMK1
HCFC1,EPSTI1
HCFC1,OPTN
HCFC1,PUS7
HDAC2,NUP107
HDAC2,EIF2B1
HDAC2,NOLC1
HDAC2,NDUFV1
HDAC2,CDCA5
HDAC2,VPS33A
HDAC2,NUF2
HDAC2,DDX20
HDAC2,MIS18BP1
HDAC2,MSH6
HDAC2,USP8
HDAC2,MIEF1
HDAC2,SNRNP200
HDAC2,ESYT2
HDAC2,TPX2
HDAC2,DCP1A
HDAC2,CLPTM1L
HDAC2,TRMT6
HDAC2,MTREX
HDAC2,ATG16L1
HDAC2,ERLIN2
HDAC2,CDC6
HDAC2,KIF20B
HDAC2,CNOT10
HDAC2,OTUD6B
HDAC2,CALU
HDAC2,VPS26C
HDAC2,TRMT2A
HDAC2,WDR36
HDAC2,NAA35
HDAC2,WDR45B
HDAC2,ARMT1
HDAC2,MCM7
HDAC2,POLR1B
HDAC2,RFC4
HDAC2,PA2G4
HDAC2,XAB2
HDAC2,CLCN4
HDAC2,LRRC14
HDAC2,THUMPD3
HDAC2,ANAPC2
HDAC2,CCNA2
HDAC2,NUP155
HDAC2,CENPK
HDAC2,PITRM1
HDAC2,D10WSU102E
HDAC2,ATAD2
HDAC2,ASF1B
HDAC2,SLC35A1
HDAC2,LONP1
HDAC2,NFAT5
HDAC2,MTMR6
HDAC2,ORC5
HDAC2,SHCBP1
HDAC2,TBCD
HDAC2,TFRC
HDAC2,COPS8
HDAC2,WDR4
HDAC2,BIRC5
HDAC2,CRNKL1
HDAC2,GALK2
HDAC2,RANGAP1
HDAC2,TOX4
HDAC2,NARFL
HDAC2,CUL4A
HDAC2,PLD3
HDAC2,CAST
HDAC2,FOXRED1
HDAC2,NCEH1
HDAC2,GMFB
HDAC2,MAD2L1
HDAC2,CKAP2L
HDAC2,METAP1D
HDAC2,WDR73
HDAC2,PRDM4
HDAC2,SGTA
HDAC2,BAP1
HDAC2,TBL3
HDAC2,COPG1
HDAC2,FAM136A
HDAC2,POLR3F
HDAC2,TFG
HDAC2,PSMD9
HDAC2,IFRD2
HDAC2,TMEM129
HDAC2,TACC3
HDAC2,SCFD1
HDAC2,XPC
HDAC2,POLD1
HDAC2,BYSL
HDAC2,NDOR1
HDAC2,CENPA
HDAC2,PRMT7
HDAC2,HAUS2
HDAC2,ZFP655
HDAC2,CHORDC1
HDAC2,FASTKD2
HDAC2,PPAT
HDAC2,BTRC
HDAC2,ABTB1
HDAC2,NDEL1
HDAC2,AP5M1
HDAC2,KIF11
HDAC2,XRCC6
HDAC2,RRM1
HDAC2,COA5
HDAC2,AHCTF1
HDAC2,CENPF
HDAC2,ALAD
HDAC2,KNSTRN
HDAC2,UHRF1
HDAC2,PBK
HDAC2,PRKAB1
HDAC2,IARS
HDAC2,WDR55
HDAC2,DNPEP
HDAC2,VPS11
HDAC2,KPNA3
HDAC2,PHB2
HDAC2,UAP1
HDAC2,MTHFD1
HDAC2,TVP23B
HDAC2,DCAF13
HDAC2,NELFB
HDAC2,ABCF3
HDAC2,RAD51
HDAC2,FZR1
HDAC2,VPS33B
HDAC2,UBR1
HDAC2,CKAP2
HDAC2,IPO4
HDAC2,LAP3
HDAC2,NCAPG
HDAC2,NUDT9
HDAC2,PTDSS2
HDAC2,DNAJC5
HDAC2,PPIL4
HDAC2,PSMD5
HDAC2,RAD51AP1
HDAC2,WARS
HDAC2,TAB1
HDAC2,BUB1
HDAC2,LDAH
HDAC2,POT1A
HDAC2,NUP93
HDAC2,NOP2
HDAC2,MCM5
HDAC2,NCAPG2
HDAC2,GOLT1B
HDAC2,CDCA8
HDAC2,SCRN3
HDAC2,ATP7B
HDAC2,ALG11
HDAC2,WDHD1
HDAC2,STXBP3
HDAC2,COLGALT1
HDAC2,GFM1
HDAC2,MARS
HDAC2,RPA2
HDAC2,GSS
HDAC2,DUS1L
HDAC2,CHP1
HDAC2,GM2A
HDAC2,TMUB2
HDAC2,INCENP
HDAC2,CHMP7
HDAC2,MORC3
HDAC2,EXOC3
HDAC2,STAT3
HDAC2,MCM10
HDAC2,PQLC1
HDAC2,SMC2
HDAC2,PSMF1
HDAC2,ADK
HDAC2,NIT1
HDAC2,TIMM50
HDAC2,SGO1
HDAC2,ZSCAN21
HDAC2,CIPC
HDAC2,RNF139
HDAC2,NEK9
HDAC2,SP4
HDAC2,FAAP100
HDAC2,CASP2
HDAC2,STK25
HDAC2,TIMM29
HDAC2,AURKA
HDAC2,ANAPC4
HDAC2,HARS
HDAC2,HARS2
HDAC2,GOSR2
HDAC2,FIGNL1
HDAC2,CRBN
HDAC2,PCCA
HDAC2,DDHD2
HDAC2,FBXO5
HDAC2,WDR6
HDAC2,MARCH8
HDAC2,SEH1L
HDAC2,RFC5
HDAC2,FPGS
HDAC2,VAMP3
HDAC2,VKORC1L1
HDAC2,CDC20
HDAC2,ELP2
HDAC2,RELB
HDAC2,DTL
HDAC2,NUP85
HDAC2,ZDHHC6
HDAC2,HDGF
HDAC2,PKM
HDAC2,NCAPH
HDAC2,COQ8A
HDAC2,ZFP451
HDAC2,9430015G10RIK
HDAC2,NEDD1
HDAC2,LMBRD1
HDAC2,TASP1
HDAC2,PIK3C3
HDAC2,CHUK
HDAC2,CDK1
HDAC2,PJA2
HDAC2,GMCL1
HDAC2,SLC20A1
HDAC2,ELAC2
HDAC2,DPH6
HDAC2,SEC23IP
HDAC2,UBA3
HDAC2,SLC30A5
HDAC2,REXO4
HDAC2,SPC25
HDAC2,TBC1D15
HDAC2,AHCYL1
HDAC2,FAM45A
HDAC2,UBE2C
HDAC2,RABIF
HDAC2,RHOT1
HDAC2,DCAF4
HDAC2,FKBP1A
HDAC2,ILVBL
HDAC2,RFESD
HDAC2,CYB5R3
HDAC2,SPTLC1
HDAC2,NECAP2
HDAC2,NIF3L1
HDAC2,NUBP2
HDAC2,QARS
HDAC2,PPP6C
HDAC2,MFSD1
HDAC2,BLZF1
HDAC2,HSPH1
HDAC2,ME2
HDAC2,ICE1
HDAC2,PWP2
HDAC2,NUDCD3
HDAC2,SRSF1
HDAC2,NFXL1
HDAC2,SMARCA2
HDAC2,DHX33
HDAC2,MFN2
HDAC2,ACAA2
HDAC2,SUPT7L
HDAC2,HMGB2
HDAC2,CPT2
HDAC2,TUBGCP3
HDAC2,SPPL2A
HDAC2,EFTUD2
HDAC2,METTL8
HDAC2,GTF2H1
HDAC2,UBR7
HDAC2,ABCD3
HDAC2,MAVS
HDAC2,AP1B1
HDAC2,ELP3
HDAC2,RPRD1B
HDAC2,RAD21
HDAC2,FADS1
HDAC2,YPEL3
HDAC2,GTF2F1
HDAC2,XRCC5
HDAC2,LRRFIP1
HDAC2,CAPN7
HDAC2,PFKM
HDAC2,PMPCA
HDAC2,ALDH9A1
HDAC2,TARS
HDAC2,MCM3
HDAC2,TMEM168
HDAC2,DPP8
HDAC2,PRC1
HDAC2,COPB2
HDAC2,PHAX
HDAC2,USP37
HDAC2,CAD
HDAC2,RUVBL2
HDAC2,CCDC137
HDAC2,ANKLE1
HDAC2,COG7
HDAC2,TUBGCP2
HDAC2,DNAJC11
HDAC2,TXNRD2
HDAC2,BUB1B
HDAC2,CDT1
HDAC2,ETF1
HDAC2,MINPP1
HDAC2,SGPL1
HDAC2,POGLUT1
HDAC2,TMEM68
HDAC2,IPO9
HDAC2,OSTM1
HDAC2,STEAP3
HDAC2,GTF3C3
HDAC2,CACFD1
HDAC2,TMEM64
HDAC2,MAPK9
HDAC2,PICALM
HDAC2,WDR75
HDAC2,HAGH
HDAC2,CBFB
HDAC2,DHFR
HDAC2,EDC3
HDAC2,P2RX4
HDAC2,ZBTB43
HDAC2,HUS1
HDAC2,AFG3L2
HDAC2,TCF19
HDAC2,LPCAT3
HDAC2,TUBGCP5
HDAC2,BCAP29
HDAC2,CENPO
HDAC2,ASAH1
HDAC2,MCM4
HDAC2,BLVRB
HDAC2,IFT140
HDAC2,POLE3
HDAC2,ANXA5
HDAC2,FARSB
HDAC2,PRPF4
HDAC2,PSEN2
HDAC2,STXBP4
HDAC2,RANBP3
HDAC2,MRM1
HDAC2,RABGGTB
HDAC2,CCNF
HDAC2,TMEM177
HDAC2,LZTR1
HDAC2,D230025D16RIK
HDAC2,SLC31A1
HDAC2,NET1
HDAC2,RARS
HDAC2,AAR2
HDAC2,PSEN1
HDAC2,CKS1B
HDAC2,RPAP1
HDAC2,CTR9
HDAC2,CEP70
HDAC2,DNM1L
HDAC2,CYP20A1
HDAC2,METAP1
HDAC2,APEH
HDAC2,IRF1
HDAC2,INTS13
HDAC2,NDRG1
HDAC2,RPA1
HDAC2,SERPINB9
HDAC2,RPP40
HDAC2,KLHL24
HDAC2,ZFP35
HDAC2,L2HGDH
HDAC2,PITPNB
HDAC2,NCAPD2
HDAC2,TMX1
HDAC2,GUSB
HDAC2,CPQ
HDAC2,USP4
HDAC2,RNF141
HDAC2,ACSS2
HDAC2,TIPIN
HDAC2,PPOX
HDAC2,FEM1B
HDAC2,EIF1AD
HDAC2,COG6
HDAC2,PCYT1A
HDAC2,REL
HDAC2,PNO1
HDAC2,FGFR1OP
HDAC2,NUSAP1
HDAC2,UBXN2B
HDAC2,PLK1
HDAC2,DCK
HDAC2,CRK
HDAC2,CLN5
HDAC2,TMEM97
HDAC2,PRELID3B
HDAC2,LIG1
HDAC2,PLIN3
HDAC2,POLA2
HDAC2,CCNE2
HDAC2,HMBS
HDAC2,SDHAF2
HDAC2,ARMC8
HDAC2,STT3B
HDAC2,SESN1
HDAC2,BTAF1
HDAC2,KAT7
HDAC2,HELLS
HDAC2,TOPORS
HDAC2,GANAB
HDAC2,SPPL2B
HDAC2,TSPAN14
HDAC2,ABHD16A
HDAC2,SLC25A46
HDAC2,TMEM109
HDAC2,WDSUB1
HDAC2,NUDCD1
HDAC2,ORC2
HDAC2,ZZZ3
HDAC2,MAPK1
HDAC2,EXOC2
HDAC2,DCAF11
HDAC2,SQLE
HDAC2,USF3
HDAC2,ATAD1
HDAC2,SLC25A38
HDAC2,LYRM4
HDAC2,ABL1
HDAC2,ARAP1
HDAC2,NT5DC1
HDAC2,ZYX
HDAC2,PSMD6
HDAC2,FCHSD2
HDAC2,RMND5A
HDAC2,PLAA
HDAC2,RNF4
HDAC2,ZFP672
HDAC2,CENPE
HDAC2,SLC30A6
HDAC2,GORASP1
HDAC2,TTF1
HDAC2,MIS12
HDAC2,CERS5
HDAC2,HIST1H1C
HDAC2,NDC1
HDAC2,XPNPEP1
HDAC2,RNF115
HDAC2,UNK
HDAC2,RGS2
HDAC2,ATL2
HDAC2,ZFP24
HDAC2,ZFP367
HDAC2,DRAM2
HDAC2,CEPT1
HDAC2,CHAMP1
HDAC2,ERLIN1
HDAC2,ITFG1
HDAC2,TTLL12
HDAC2,ENDOD1
HDAC2,WDR5
HDAC2,TMEM186
HDAC2,PIGQ
HDAC2,CDK19
HDAC2,ABCB8
HDAC2,FAM91A1
HDAC2,UBAP1
HDAC2,PWP1
HDAC2,ATP13A1
HDAC2,TANGO2
HDAC2,TES
HDAC2,TYMS
HDAC2,MGST3
HDAC2,GNAI3
HDAC2,PTCD3
HDAC2,ADAMTS10
HDAC2,CSTF2
HDAC2,DPH2
HDAC2,NAGA
HDAC2,GSR
HDAC2,ZFP110
HDAC2,CD82
HDAC2,SUN1
HDAC2,TOP2A
HDAC2,FAM76B
HDAC2,TBC1D10C
HDAC2,ZFP397
HDAC2,ALDH18A1
HDAC2,ZFP62
HDAC2,NUDT19
HDAC2,SLC39A9
HDAC2,CCNB1
HDAC2,ZFP961
HDAC2,MOGS
HDAC2,CYB5R1
HDAC2,MNS1
HDAC2,UAP1L1
HDAC2,DIS3L2
HDAC2,NFE2L2
HDAC2,GPKOW
HDAC2,MXD3
HDAC2,LANCL2
HDAC2,PSAT1
HDAC2,CARHSP1
HDAC2,ZKSCAN3
HDAC2,PTDSS1
HDAC2,SPRYD4
HDAC2,ARL8B
HDAC2,RNF145
HDAC2,RCC1
HDAC2,FECH
HDAC2,NFE2
HDAC2,UMPS
HDAC2,CCNG1
HDAC2,UCKL1
HDAC2,ZFP871
HDAC2,CSGALNACT2
HDAC2,GARS
HDAC2,MCM6
HDAC2,ZFP322A
HDAC2,RASSF5
HDAC2,ENPP4
HDAC2,TNFAIP8
HDAC2,POLR2B
HDAC2,ATG4B
HDAC2,PDCL
HDAC2,HIST1H2BC
HDAC2,STX12
HDAC2,PIP4K2A
HDAC2,ASB8
HDAC2,PQLC3
HDAC2,UBA5
HDAC2,TMEM206
HDAC2,DDX1
HDAC2,RGS19
HDAC2,ADO
HDAC2,UBE2G2
HDAC2,TM7SF3
HDAC2,TRMT11
HDAC2,MIOS
HDAC2,RMND5B
HDAC2,SACM1L
HDAC2,PON2
HDAC2,FTSJ3
HDAC2,ERCC8
HDAC2,GTF2E1
HDAC2,DNAJC10
HDAC2,JPT2
HDAC2,MBTPS1
HDAC2,TYK2
HDAC2,GMNN
HDAC2,4833439L19RIK
HDAC2,ZFP930
HDAC2,NOL9
HDAC2,TMX3
HDAC2,ETS1
HDAC2,NARF
HDAC2,CNIH1
HDAC2,OAT
HDAC2,PIK3R2
HDAC2,SLC19A1
HDAC2,RORA
HDAC2,MCM2
HDAC2,MFGE8
HDAC2,IDH3A
HDAC2,MT1
HDAC2,TOR3A
HDAC2,B230219D22RIK
HDAC2,VHL
HDAC2,ZKSCAN6
HDAC2,HEXA
HDAC2,CALCRL
HDAC2,KLF1
HDAC2,MARCH6
HDAC2,ARHGAP15
HDAC2,SETD2
HDAC2,PTPN12
HDAC2,PACS1
HDAC2,TRIM59
HDAC2,NAMPT
HDAC2,SNAPC3
HDAC2,CDC45
HDAC2,UTP4
HDAC2,FAR1
HDAC2,E2F4
HDAC2,CCNE1
HDAC2,SMAD2
HDAC2,CASP3
HDAC2,GNPDA1
HDAC2,SPC24
HDAC2,E2F8
HDAC2,MYNN
HDAC2,TERF2IP
HDAC2,TAF1
HDAC2,STOM
HDAC2,HMMR
HDAC2,CDC7
HDAC2,E2F6
HDAC2,HEMGN
HDAC2,CPOX
HDAC2,CYTH3
HDAC2,INPP1
HDAC2,STXBP1
HDAC2,MAU2
HDAC2,TPP1
HDAC2,GSTM1
HDAC2,CLIC4
HDAC2,ANKFY1
HDAC2,BCLAF3
HDAC2,UBAC1
HDAC2,NAA50
HDAC2,UROS
HDAC2,HSPA4L
HDAC2,ALKBH8
HDAC2,DECR1
HDAC2,ITSN1
HDAC2,FEM1A
HDAC2,ACAP1
HDAC2,RB1
HDAC2,BID
HDAC2,ACOX1
HDAC2,CUL3
HDAC2,CKAP5
HDAC2,ATG12
HDAC2,AP3S1
HDAC2,TSPAN33
HDAC2,GSKIP
HDAC2,TOLLIP
HDAC2,VPS41
HDAC2,ARL6IP6
HDAC2,LPIN2
HDAC2,ZDHHC13
HDAC2,CDCA3
HDAC2,HACD3
HDAC2,KIF22
HDAC2,GEMIN5
HDAC2,PRIM1
HDAC2,ST6GALNAC4
HDAC2,PRIM2
HDAC2,YBX1
HDAC2,GPSM2
HDAC2,RNF13
HDAC2,ABI1
HDAC2,MED22
HDAC2,SKAP2
HDAC2,PAFAH1B2
HDAC2,LRRC8C
HDAC2,SPTBN1
HDAC2,HERC4
HDAC2,ABCB10
HDAC2,PACSIN2
HDAC2,MRPL37
HDAC2,MTFR1
HDAC2,SSX2IP
HDAC2,ZFP266
HDAC2,USP10
HDAC2,TMC6
HDAC2,ISYNA1
HDAC2,CDCA4
HDAC2,TCP11L2
HDAC2,AK3
HDAC2,SLC16A1
HDAC2,PCYT2
HDAC2,GLIPR2
HDAC2,MTAP
HDAC2,EMILIN1
HDAC2,2610301B20RIK
HDAC2,ELOVL1
HDAC2,FBXW5
HDAC2,RNF19A
HDAC2,LEPROT
HDAC2,ATP6V1A
HDAC2,ZBTB10
HDAC2,MED16
HDAC2,NSDHL
HDAC2,VPS35
HDAC2,ORC6
HDAC2,NGLY1
HDAC2,COPB1
HDAC2,YOD1
HDAC2,NFATC2
HDAC2,LLGL1
HDAC2,CHMP3
HDAC2,PBX1
HDAC2,SCARB1
HDAC2,DCTD
HDAC2,KIDINS220
HDAC2,CELA1
HDAC2,CUL2
HDAC2,PLEC
HDAC2,NR2C1
HDAC2,EPS15
HDAC2,HNRNPLL
HDAC2,GPR180
HDAC2,CTPS
HDAC2,ANXA4
HDAC2,ALG9
HDAC2,TTF2
HDAC2,MFSD14B
HDAC2,XRCC3
HDAC2,DLST
HDAC2,METTL7A1
HDAC2,RGCC
HDAC2,NUP88
HDAC2,NR4A1
HDAC2,AURKB
HDAC2,SNRPB
HDAC2,CLPX
HDAC2,PREP
HDAC2,ODC1
HDAC2,PLA2G12A
HDAC2,HNRNPAB
HDAC2,UBA7
HDAC2,CNOT7
HDAC2,BTG2
HDAC2,FNTA
HDAC2,GOLPH3
HDAC2,CD1D1
HDAC2,XPR1
HDAC2,NFKBIA
HDAC2,EPSTI1
HDAC2,RASA3
HDAC2,CCNB2
HDAC2,ATP6AP2
HDAC2,TRIB2
HDAC2,SNX10
HDAC2,SNAP23
HDAC2,PPP2R1B
HDAC2,ZFP275
HDAC2,TSPAN3
HDAC2,C330018D20RIK
HDAC2,CMPK2
HDAC2,NADK
HDAC2,GNA13
HDAC2,NAE1
HDAC2,FOS
HDAC2,NCLN
HDAC2,PUS7
HDAC2,PCLAF
HDAC2,TRIM30A
HDAC2,MAN2A2
HDAC2,UROD
HDAC2,AFF4
HDAC2,TWSG1
HDAC2,RASAL3
HDAC2,ASNS
HDAC2,ZFP639
HDAC2,SMIM15
HDAC2,MTO1
HDAC2,ZFP143
HDAC2,AP1G2
HDAC2,SLC25A45
HDAC2,LAPTM4B
HDAC2,EXT2
HDAC2,DENND1C
HDAC2,UNC93B1
HDAC2,ELF4
HDAC2,BUB3
HDAC2,ZKSCAN17
HDAC2,TMEM263
HDAC2,PGM1
HDAC2,TCF12
HDAC2,PSTPIP1
HDAC2,ACSS1
HDAC2,EIF4ENIF1
HDAC2,1700017B05RIK
HDAC2,PLAG1
HDAC2,ST8SIA4
HDAC2,NASP
HDAC2,MAPKAPK3
HDAC2,SLC29A1
HDAC2,TRIB3
HDAC2,EZR
HDAC2,CTSO
HDAC2,PHF10
HDAC2,PRKAA1
HDAC2,MEMO1
HDAC2,FAM168B
HDAC2,INPP5B
HDAC2,ANXA6
HDAC2,MARCH5
HDAC2,HSDL1
HDAC2,TAF12
HDAC2,RDH11
HDAC2,SLC6A6
HDAC2,RAB32
HDAC2,MAP4K2
HDAC2,TMEM173
HDAC2,HEATR5A
HDAC2,DEK
HDAC2,CTSC
HDAC2,ZFP30
HDAC2,UBL4A
HDAC2,NRF1
HDAC2,RRM2
HDAC2,EYA2
HDAC2,IL27RA
HDAC2,SLC14A1
HDAC2,BC005561
HDAC2,LSP1
HDAC2,ST3GAL5
HDAC2,GYPC
HDAC2,ZMYM3
HDAC2,ATP6AP1
HDAC2,RCOR1
HDAC2,CNP
HDAC2,INTS8
HDAC2,ID2
HDAC2,LMNA
HDAC2,NOTCH1
HDAC2,STX17
HDAC2,APLP2
HDAC2,NDE1
HDAC2,PRKAR2B
HDAC2,ARHGEF18
HDAC2,GYG
HDAC2,CD63
HDAC2,TAPT1
HDAC2,DUSP1
HDAC2,KLHL22
HDAC2,TCIRG1
HDAC2,HDAC7
HDAC2,RUNX2
HDAC2,ISG20
HDAC2,VIM
HDAC2,SLC44A2
HDAC2,JAK3
HDAC2,HSD3B7
HDAC2,DOCK2
HDAC2,OASL2
HDAC2,SLC39A10
HDAC2,NPLOC4
HDAC2,EPAS1
HDAC2,SGPP1
HDAC2,CSAD
HDAC2,ZFP945
HDAC2,PDK3
HDAC2,UGCG
HDAC2,SLC41A3
HDAC2,PRPS1
HDAC2,SLC11A2
HDAC2,GRN
HDAC2,YBX3
HDAC2,CD55
HDAC2,PLBD2
HDAC2,JUN
HDAC2,HPCAL1
HDAC2,TLR4
HDAC2,NAPSA
HDAC2,DUSP2
HDAC2,TREML2
HDAC2,HEBP1
HDAC2,D1ERTD622E
HDAC2,SEPT6
HDAC2,INKA1
HDAC2,PTGS1
HDAC2,CTSE
HDAC2,PEAR1
HDAC2,GRAMD1A
HDAC2,RAB37
HDAC2,PRKCH
HDAC2,NPTN
HDAC2,CRIP2
HDAC2,RGS1
HDAC2,HCLS1
HDAC2,GFI1
HDAC2,ZEB2
HDAC2,EGR1
HDAC2,PPIC
HDAC2,SP100
HDAC2,CERS4
HDAC2,RNF213
HDAC2,DYNLT3
HDAC2,MYH10
HDAC2,FTSJ1
HDAC2,VDR
HDAC2,LIMD2
HDAC2,ELL2
HDAC2,FUCA2
HDAC2,LPCAT1
HDAC2,KLF6
HDAC2,RTP4
HDAC2,MFNG
HDAC2,FLOT2
HDAC2,EYA1
HDAC2,KLF3
HDAC2,METTL27
HDAC2,KLHL6
HDAC2,ANGPT1
HDAC2,NSMAF
HDAC2,PRDM5
HDAC2,TK1
HDAC2,TMEM185A
HDAC2,CTLA2A
HDAC2,TRPV2
HDAC2,PPM1H
HDAC2,CISH
HDAC2,EPOR
HDAC2,RAI14
HDAC2,MT2
HDAC2,FAM234B
HDAC2,SLC43A3
HDAC2,IARS2
HDAC2,DENND2D
HDAC2,MAN1A
HDAC2,CREB5
HDAC2,GBP2
HDAC2,ATP11C
HDAC2,APBB1
HDAC2,NUDT4
HDAC2,PIK3IP1
HDAC2,G6PDX
HDAC2,SQOR
HDAC2,RORC
HDAC2,NUPR1
HDAC2,NFATC1
HDAC2,KDM6A
HDAC2,ITGA6
HDAC2,GMPR
HDAC2,ATP2A3
HDAC2,STAP1
HDAC2,CBX7
HDAC2,CTNNA1
HDAC2,LDHB
HDAC2,PAK1
HDAC2,PDE4B
HDAC2,ANK
HDAC2,TENT5A
HDAC2,PLIN2
HDAC2,IFI203
HDAC2,USP25
HDAC2,ANXA2
HDAC2,AMPD3
HDAC2,PRPS2
HDAC2,FOXO1
HDAC2,OPTN
HDAC2,PIDD1
HDAC2,PGLYRP2
HDAC2,GLIS2
HDAC2,EPDR1
HDAC2,GFI1B
HDAC2,BAG2
HDAC2,CYTH4
HDAC2,MYC
HDAC2,MEIS1
HDAC2,SLC43A1
HDAC2,LMO4
HDAC2,GIMAP5
HDAC2,SLA2
HDAC2,TLK1
HDAC2,GIMAP6
HDAC2,TCN2
HDAC2,TRPS1
HDAC2,TMEM176B
HDAC2,TMEM176A
HDAC2,SPHK1
HDAC2,MYCN
HDAC2,NR3C2
HDAC2,NEURL3
HDAC2,SALL2
HDAC2,ANKRD27
HDAC2,SPIRE1
HDAC2,MKI67
HDAC2,JARID2
HDAC2,H1F0
HDAC2,TBC1D2B
HDAC2,SERPINB6B
HDAC2,GSTM5
HDAC2,TMEM164
HDAC2,ELMO1
HDAC2,WLS
HDAC2,CTTN
HDAC2,IFI204
HDAC2,ABCB4
HDAC2,HDAC11
HDAC2,MNDAL
HDAC2,EBF1
HDAC2,GNG11
HDAC2,ZFP467
HDAC2,RUNX1T1
HDAC2,ESR1
HDAC2,ZFP592
HDAC2,GCLC
HDAC2,CD93
HDAC2,ZBTB20
HDAC2,DDX58
HDAC2,VWA5A
HDAC2,SPNS2
HDAC2,UBASH3A
HDAC2,GCNT2
HDAC2,TRIM47
HDAC2,LCP1
HDAC2,GRINA
HDAC2,ST3GAL6
HDAC2,SELENOP
HDAC2,MYO1D
HDAC2,TIFA
HDAC2,SEPT8
HDAC2,TEAD3
HDAC2,PROCR
HDAC2,GPR171
HDAC2,FES
HDAC2,H2-OB
HDAC2,RAB31
HDAC2,SERPINA3G
HDAC2,TEAD2
HDAC2,TNFAIP2
HDAC2,IL15
HDAC2,CYTIP
HDAC2,IFI30
HDAC2,RNASEL
HDAC2,PLCG2
HDAC2,CTLA2B
HDAC2,RNASE6
HDAC2,HCFC1
HDAC2,HACD4
HDAC2,MYB
HDAC2,CD9
HDAC2,CORO1A
HDAC2,SAMD14
HDAC2,ANXA1
HDAC2,SLC22A3
HDAC2,GOLM1
HDAC2,PHACTR2
HDAC2,CD84
HDAC2,MYO1G
HDAC2,IL21R
HDAC2,GIMAP1
HDAC2,GATA2
HDAC2,KLHL23
HDAC2,ITIH5
HDAC2,MEF2C
HDAC2,CD48
HDAC2,RBPMS
HDAC2,ATP1B2
HDAC2,TSHZ3
HDAC2,IRF5
HDAC2,SERPINF1
HDAC2,EMILIN2
HDAC2,SATB1
HDAC2,SERPINB1A
HDAC2,AHR
HDAC2,ADSSL1
HDAC2,EBI3
HDAC2,PLCB2
HDAC2,PRKCQ
HDAC2,CPT1A
HDAC2,APOE
HDAC2,SASH3
HDAC2,CHCHD10
HDAC2,MBOAT2
HDAC2,SLC40A1
HDAC2,COL5A1
HDAC2,HDAC9
HDAC2,RHOF
HDAC2,ARHGEF6
HDAC2,ARHGAP4
HDAC2,SPI1
HDAC2,PLEK
HDAC2,DOK2
HDAC2,P2RY14
HDAC2,CAMK1
HDAC2,ZFP36
HDAC2,PML
HDAC2,IFITM1
HDAC2,EMB
HDAC2,SMIM5
HDAC2,ARID3B
HDAC2,CASP4
HDAC2,IKZF1
HDAC2,ABCG2
HDAC2,PADI4
HDAC2,XK
HDAC2,CASP1
HDAC2,SMIM1
HDAC2,AQP1
HDAC2,MFSD2B
HDAC2,AQP9
HDAC2,MECOM
HDAC2,RCSD1
HDAC2,VAV1
HDAC2,THRB
HDAC2,IRF8
HDAC2,NFIA
HDAC2,LCP2
HDAC2,TNFRSF13B
HDAC2,GYPA
HDAC2,LTB
HDAC2,PLXNC1
HDAC2,SLC18A2
HDAC2,CD74
HDAC2,HPN
HDAC2,PPARGC1A
HDAC2,TMEM56
HDAC2,MCTP1
HDAC2,ICA1
HDAC2,TSC22D3
HDAC2,2210016F16RIK
HDAC2,TGM2
HDAC2,LYZ2
HDAC2,MAPK12
HDAC2,RARB
HDAC2,LY6A
HDAC2,SELENBP1
HDAC2,TLE2
HDAC2,TBXAS1
HDAC2,CITED4
HDAC2,GATM
HDAC2,SIGIRR
HDAC2,MUC13
HDAC2,CNN2
HDAC2,CRYZL2
HDAC2,PHETA2
HDAC2,VILL
HDAC2,PLPPR3
HDAC2,BMI1
HDAC2,PRDM16
HDAC2,IKZF2
HDAC2,H2-DMB1
HDAC2,PDZK1IP1
HDAC2,SOX6
HDAC2,SOX18
HDAC2,NDN
HDAC2,SCARF1
HDAC2,NSD2
HDAC2,CES2G
HDAC2,C1QTNF12
HDAC2,PCP4L1
HDAC2,ALDH1A1
HDAC2,STARD10
HDAC2,IRF6
IKZF1,DDX20
IKZF1,PA2G4
IKZF1,ATAD2
IKZF1,TCF19
IKZF1,CLCN4
IKZF1,MIS18BP1
IKZF1,NADK
IKZF1,FARSB
IKZF1,UBAP1
IKZF1,FKBP1A
IKZF1,NFAT5
IKZF1,SMIM15
IKZF1,TFG
IKZF1,UBR7
IKZF1,AHCTF1
IKZF1,PHAX
IKZF1,TRMT11
IKZF1,MCM3
IKZF1,ASF1B
IKZF1,ZZZ3
IKZF1,CHUK
IKZF1,NFE2
IKZF1,NCEH1
IKZF1,EXOC2
IKZF1,TOPORS
IKZF1,DUSP2
IKZF1,CASP2
IKZF1,ARAP1
IKZF1,PCYT1A
IKZF1,TYMS
IKZF1,GSTM1
IKZF1,PSMD5
IKZF1,AP5M1
IKZF1,TMEM109
IKZF1,CISH
IKZF1,CHORDC1
IKZF1,FCHSD2
IKZF1,SACM1L
IKZF1,SGTA
IKZF1,MIS12
IKZF1,NUP93
IKZF1,TRIM30A
IKZF1,CLPTM1L
IKZF1,NCAPG
IKZF1,NUP155
IKZF1,TMX1
IKZF1,PFKM
IKZF1,HNRNPLL
IKZF1,OASL2
IKZF1,CHAMP1
IKZF1,PICALM
IKZF1,ABTB1
IKZF1,NUDCD1
IKZF1,SERPINB9
IKZF1,SLC25A38
IKZF1,ETF1
IKZF1,ATG16L1
IKZF1,BCLAF3
IKZF1,HIST1H1C
IKZF1,SLC31A1
IKZF1,ZFP35
IKZF1,TLR4
IKZF1,SLC35A1
IKZF1,HAUS2
IKZF1,ZFP143
IKZF1,UNC93B1
IKZF1,FAR1
IKZF1,TCF12
IKZF1,PLA2G12A
IKZF1,MTMR6
IKZF1,STX12
IKZF1,CAPN7
IKZF1,FAM136A
IKZF1,POLD1
IKZF1,ZDHHC6
IKZF1,NUF2
IKZF1,XRCC6
IKZF1,BAP1
IKZF1,POT1A
IKZF1,TREML2
IKZF1,ACSS2
IKZF1,CRK
IKZF1,GALK2
IKZF1,VPS26C
IKZF1,STXBP4
IKZF1,ACAP1
IKZF1,PJA2
IKZF1,MAD2L1
IKZF1,TUBGCP5
IKZF1,SPPL2A
IKZF1,PIK3R2
IKZF1,CNOT10
IKZF1,NIF3L1
IKZF1,TAB1
IKZF1,ELAC2
IKZF1,ANKFY1
IKZF1,NPTN
IKZF1,CLPX
IKZF1,CDC20
IKZF1,ALAD
IKZF1,MSH6
IKZF1,STEAP3
IKZF1,UBR1
IKZF1,ACOX1
IKZF1,RB1
IKZF1,CENPO
IKZF1,ESYT2
IKZF1,CAST
IKZF1,TMX3
IKZF1,DTL
IKZF1,RPRD1B
IKZF1,DCP1A
IKZF1,ISG20
IKZF1,CDK19
IKZF1,HERC4
IKZF1,HIST1H2BC
IKZF1,ZFP24
IKZF1,TMEM168
IKZF1,B230219D22RIK
IKZF1,RPA2
IKZF1,PRMT7
IKZF1,NAPSA
IKZF1,ATP2A3
IKZF1,TBL3
IKZF1,CKAP2L
IKZF1,OTUD6B
IKZF1,XPC
IKZF1,ACAA2
IKZF1,BIRC5
IKZF1,GMFB
IKZF1,ARL6IP6
IKZF1,CALU
IKZF1,CCNA2
IKZF1,ORC5
IKZF1,ME2
IKZF1,PRKAB1
IKZF1,PSTPIP1
IKZF1,KAT7
IKZF1,CCNB1
IKZF1,PBK
IKZF1,EYA1
IKZF1,MORC3
IKZF1,MAP4K2
IKZF1,LRRC8C
IKZF1,D10WSU102E
IKZF1,ZSCAN21
IKZF1,LANCL2
IKZF1,EXT2
IKZF1,NUP107
IKZF1,FUCA2
IKZF1,PLIN3
IKZF1,TMC6
IKZF1,PIDD1
IKZF1,CMPK2
IKZF1,ARMT1
IKZF1,SLC16A1
IKZF1,ACSS1
IKZF1,CSTF2
IKZF1,TMEM186
IKZF1,PPAT
IKZF1,NAA35
IKZF1,RHOT1
IKZF1,WDR45B
IKZF1,FAM76B
IKZF1,DNAJC10
IKZF1,NDUFV1
IKZF1,ABI1
IKZF1,RASSF5
IKZF1,GFM1
IKZF1,CEP70
IKZF1,ABCB8
IKZF1,UBA7
IKZF1,INTS13
IKZF1,KLHL6
IKZF1,NAA50
IKZF1,TIPIN
IKZF1,JUN
IKZF1,GOSR2
IKZF1,DDHD2
IKZF1,TIMM50
IKZF1,MED22
IKZF1,SEC23IP
IKZF1,LCP1
IKZF1,NOL9
IKZF1,POLE3
IKZF1,NEDD1
IKZF1,ELP3
IKZF1,ARHGAP4
IKZF1,CDT1
IKZF1,PGLYRP2
IKZF1,CDC7
IKZF1,XRCC5
IKZF1,METTL8
IKZF1,SNRPB
IKZF1,PAFAH1B2
IKZF1,MTAP
IKZF1,METTL7A1
IKZF1,2610301B20RIK
IKZF1,TRMT2A
IKZF1,TOX4
IKZF1,GTF3C3
IKZF1,VPS33B
IKZF1,CTSC
IKZF1,LIMD2
IKZF1,LMBRD1
IKZF1,SLA2
IKZF1,KIF20B
IKZF1,MTREX
IKZF1,1700017B05RIK
IKZF1,DNPEP
IKZF1,SERPINA3G
IKZF1,TMEM185A
IKZF1,RASAL3
IKZF1,4833439L19RIK
IKZF1,WDR36
IKZF1,TTLL12
IKZF1,STXBP1
IKZF1,EIF2B1
IKZF1,PCCA
IKZF1,ZBTB20
IKZF1,TSPAN14
IKZF1,SCFD1
IKZF1,GIMAP6
IKZF1,NCAPG2
IKZF1,METAP1
IKZF1,ZFP62
IKZF1,PLCG2
IKZF1,PPOX
IKZF1,ATAD1
IKZF1,DCAF13
IKZF1,CDK1
IKZF1,GTF2F1
IKZF1,TARS
IKZF1,RAD51
IKZF1,MCM4
IKZF1,GSKIP
IKZF1,ARL8B
IKZF1,TIFA
IKZF1,PPP6C
IKZF1,CD93
IKZF1,SLC25A46
IKZF1,ZDHHC13
IKZF1,TBC1D10C
IKZF1,PRKCH
IKZF1,TIMM29
IKZF1,LRRFIP1
IKZF1,UNK
IKZF1,TOLLIP
IKZF1,NSDHL
IKZF1,MFSD1
IKZF1,GNAI3
IKZF1,SNAP23
IKZF1,NARFL
IKZF1,SP4
IKZF1,ATP6V1A
IKZF1,RANBP3
IKZF1,TUBGCP3
IKZF1,DHX33
IKZF1,ERLIN2
IKZF1,CENPE
IKZF1,GPR180
IKZF1,NUDT9
IKZF1,CSGALNACT2
IKZF1,GIMAP5
IKZF1,DENND1C
IKZF1,FZR1
IKZF1,ZFP945
IKZF1,SPHK1
IKZF1,PQLC3
IKZF1,PRC1
IKZF1,GLIPR2
IKZF1,UBXN2B
IKZF1,GRAMD1A
IKZF1,SMC2
IKZF1,TCP11L2
IKZF1,YOD1
IKZF1,LAPTM4B
IKZF1,FAM45A
IKZF1,GUSB
IKZF1,ANXA5
IKZF1,TBCD
IKZF1,ABL1
IKZF1,OPTN
IKZF1,RFC4
IKZF1,NFXL1
IKZF1,EYA2
IKZF1,ZFP655
IKZF1,KDM6A
IKZF1,IRF5
IKZF1,VPS33A
IKZF1,PON2
IKZF1,PLEC
IKZF1,DEK
IKZF1,TNFAIP8
IKZF1,PITPNB
IKZF1,RRM1
IKZF1,TBC1D15
IKZF1,ELMO1
IKZF1,USP8
IKZF1,TMEM173
IKZF1,RFESD
IKZF1,PPIL4
IKZF1,CHMP3
IKZF1,USP37
IKZF1,MBTPS1
IKZF1,GFI1
IKZF1,FIGNL1
IKZF1,PLCB2
IKZF1,GFI1B
IKZF1,PTDSS1
IKZF1,CTLA2A
IKZF1,COA5
IKZF1,VIM
IKZF1,TMUB2
IKZF1,PSMF1
IKZF1,RNF145
IKZF1,BTAF1
IKZF1,ZFP110
IKZF1,REL
IKZF1,DCK
IKZF1,MFNG
IKZF1,WDHD1
IKZF1,SKAP2
IKZF1,CTLA2B
IKZF1,NAMPT
IKZF1,SALL2
IKZF1,PTDSS2
IKZF1,TFRC
IKZF1,LONP1
IKZF1,ZKSCAN6
IKZF1,SPTBN1
IKZF1,MFSD14B
IKZF1,TK1
IKZF1,TES
IKZF1,GEMIN5
IKZF1,FPGS
IKZF1,GYG
IKZF1,ZKSCAN17
IKZF1,DPP8
IKZF1,HUS1
IKZF1,SNAPC3
IKZF1,PDCL
IKZF1,CLN5
IKZF1,DNAJC5
IKZF1,CTNNA1
IKZF1,WDR73
IKZF1,COPB1
IKZF1,PRIM2
IKZF1,FOXRED1
IKZF1,ICA1
IKZF1,CIPC
IKZF1,CTSO
IKZF1,FEM1B
IKZF1,PREP
IKZF1,MCM6
IKZF1,SHCBP1
IKZF1,SDHAF2
IKZF1,STXBP3
IKZF1,ANAPC4
IKZF1,TMEM68
IKZF1,NUDT19
IKZF1,IPO4
IKZF1,CDCA5
IKZF1,DNAJC11
IKZF1,SLC30A5
IKZF1,SLC14A1
IKZF1,ICE1
IKZF1,RNASEL
IKZF1,MAPK1
IKZF1,USF3
IKZF1,PIP4K2A
IKZF1,RCSD1
IKZF1,CRBN
IKZF1,MYNN
IKZF1,LEPROT
IKZF1,TTF2
IKZF1,JARID2
IKZF1,ASAH1
IKZF1,SEH1L
IKZF1,CYTH4
IKZF1,ANXA1
IKZF1,NFE2L2
IKZF1,HEATR5A
IKZF1,DIS3L2
IKZF1,TASP1
IKZF1,SGO1
IKZF1,EPDR1
IKZF1,DUS1L
IKZF1,MAVS
IKZF1,GNA13
IKZF1,EPS15
IKZF1,ATG12
IKZF1,AP3S1
IKZF1,ENDOD1
IKZF1,RNF19A
IKZF1,PHB2
IKZF1,VAMP3
IKZF1,SPI1
IKZF1,UBA3
IKZF1,KLHL24
IKZF1,DDX1
IKZF1,REXO4
IKZF1,9430015G10RIK
IKZF1,ZFP930
IKZF1,H1F0
IKZF1,ANKLE1
IKZF1,CDCA8
IKZF1,PSMD9
IKZF1,RTP4
IKZF1,IPO9
IKZF1,ALKBH8
IKZF1,UCKL1
IKZF1,TTF1
IKZF1,MXD3
IKZF1,OAT
IKZF1,WDSUB1
IKZF1,MKI67
IKZF1,NOP2
IKZF1,JPT2
IKZF1,NDOR1
IKZF1,CKAP2
IKZF1,AURKA
IKZF1,HSD3B7
IKZF1,RARS
IKZF1,CUL3
IKZF1,WLS
IKZF1,E2F8
IKZF1,RGS19
IKZF1,MARS
IKZF1,LPCAT3
IKZF1,KLF6
IKZF1,ZFP322A
IKZF1,EZR
IKZF1,RAD51AP1
IKZF1,NUDCD3
IKZF1,FEM1A
IKZF1,IFRD2
IKZF1,TOR3A
IKZF1,CORO1A
IKZF1,IFI30
IKZF1,SELENOP
IKZF1,MAU2
IKZF1,RELB
IKZF1,ITGA6
IKZF1,PSEN2
IKZF1,HCLS1
IKZF1,MMRN1
IKZF1,COPG1
IKZF1,CTSE
IKZF1,CPQ
IKZF1,NDEL1
IKZF1,ILVBL
IKZF1,RUVBL2
IKZF1,CHP1
IKZF1,ATL2
IKZF1,TRMT6
IKZF1,UHRF1
IKZF1,KIF22
IKZF1,TMEM64
IKZF1,NDRG1
IKZF1,MYC
IKZF1,RABGGTB
IKZF1,MYO1G
IKZF1,IL15
IKZF1,STAT3
IKZF1,SPTLC1
IKZF1,PRDM4
IKZF1,UTP4
IKZF1,ZBTB43
IKZF1,MARCH5
IKZF1,RGS2
IKZF1,PNO1
IKZF1,ELOVL1
IKZF1,INPP1
IKZF1,SRSF1
IKZF1,CKS1B
IKZF1,CYP20A1
IKZF1,MINPP1
IKZF1,MCM2
IKZF1,LCP2
IKZF1,PTPN12
IKZF1,UAP1L1
IKZF1,SMARCA2
IKZF1,CENPK
IKZF1,LSP1
IKZF1,ZFP367
IKZF1,UBASH3A
IKZF1,MYCN
IKZF1,VKORC1L1
IKZF1,PSMD6
IKZF1,PIK3C3
IKZF1,SCRN3
IKZF1,CRYZL2
IKZF1,BUB3
IKZF1,RABIF
IKZF1,EXOC3
IKZF1,AAR2
IKZF1,SERPINB6B
IKZF1,P2RX4
IKZF1,GIMAP1
IKZF1,ATP11C
IKZF1,POLR2B
IKZF1,GTF2E1
IKZF1,DLST
IKZF1,BTRC
IKZF1,SNRNP200
IKZF1,GSR
IKZF1,DOCK2
IKZF1,HMGB2
IKZF1,GYPC
IKZF1,CPOX
IKZF1,XPR1
IKZF1,AHCYL1
IKZF1,LZTR1
IKZF1,D230025D16RIK
IKZF1,CNOT7
IKZF1,ITSN1
IKZF1,GPSM2
IKZF1,CCNB2
IKZF1,TMEM177
IKZF1,IARS
IKZF1,VPS35
IKZF1,PRPF4
IKZF1,ORC6
IKZF1,FADS1
IKZF1,TRPS1
IKZF1,PLAA
IKZF1,CHMP7
IKZF1,TOP2A
IKZF1,PRKCQ
IKZF1,HELLS
IKZF1,CBFB
IKZF1,PACS1
IKZF1,GPKOW
IKZF1,EPSTI1
IKZF1,ANAPC2
IKZF1,SLC43A1
IKZF1,IL27RA
IKZF1,IRF1
IKZF1,NSMAF
IKZF1,FBXO5
IKZF1,PCLAF
IKZF1,CYB5R1
IKZF1,ITFG1
IKZF1,MNS1
IKZF1,MCM7
IKZF1,NFKBIA
IKZF1,THUMPD3
IKZF1,NOLC1
IKZF1,KLF3
IKZF1,PRKAR2B
IKZF1,ADAMTS10
IKZF1,ID2
IKZF1,HSDL1
IKZF1,CERS5
IKZF1,ST8SIA4
IKZF1,CENPA
IKZF1,ETS1
IKZF1,UAP1
IKZF1,PDE4B
IKZF1,DRAM2
IKZF1,CEPT1
IKZF1,ATP13A1
IKZF1,APEH
IKZF1,PQLC1
IKZF1,BID
IKZF1,HDAC7
IKZF1,OSTM1
IKZF1,ZFP451
IKZF1,MEF2C
IKZF1,APLP2
IKZF1,EBF1
IKZF1,RMND5A
IKZF1,NDC1
IKZF1,CKAP5
IKZF1,COPS8
IKZF1,SLC30A6
IKZF1,LIG1
IKZF1,WDR4
IKZF1,CD84
IKZF1,D1ERTD622E
IKZF1,POLR3F
IKZF1,CDCA4
IKZF1,RNF141
IKZF1,SP100
IKZF1,GRN
IKZF1,JAK3
IKZF1,FECH
IKZF1,GMCL1
IKZF1,NUP85
IKZF1,INCENP
IKZF1,GMNN
IKZF1,RANGAP1
IKZF1,DCAF11
IKZF1,DNM1L
IKZF1,GTF2H1
IKZF1,COLGALT1
IKZF1,HEMGN
IKZF1,ITIH5
IKZF1,SPC25
IKZF1,HDAC2
IKZF1,TCIRG1
IKZF1,FOXO1
IKZF1,QARS
IKZF1,EFTUD2
IKZF1,PIGQ
IKZF1,NCAPH
IKZF1,ENPP4
IKZF1,ST3GAL6
IKZF1,TMEM129
IKZF1,TACC3
IKZF1,NAGA
IKZF1,MCM5
IKZF1,SLC39A10
IKZF1,NCAPD2
IKZF1,RNF4
IKZF1,WARS
IKZF1,CALCRL
IKZF1,APBB1
IKZF1,RGCC
IKZF1,CNP
IKZF1,SASH3
IKZF1,VPS11
IKZF1,LPIN2
IKZF1,ABHD16A
IKZF1,E2F4
IKZF1,PWP2
IKZF1,CD55
IKZF1,UROD
IKZF1,AK3
IKZF1,CACFD1
IKZF1,UROS
IKZF1,GSS
IKZF1,LDAH
IKZF1,KIF11
IKZF1,FAAP100
IKZF1,IFITM1
IKZF1,MFGE8
IKZF1,KIDINS220
IKZF1,AP1B1
IKZF1,TUBGCP2
IKZF1,PGM1
IKZF1,COPB2
IKZF1,ZFP266
IKZF1,XPNPEP1
IKZF1,GARS
IKZF1,NARF
IKZF1,CD48
IKZF1,TWSG1
IKZF1,ZMYM3
IKZF1,ZFP672
IKZF1,RCOR1
IKZF1,MOGS
IKZF1,BTG2
IKZF1,ABCD3
IKZF1,COQ8A
IKZF1,C330018D20RIK
IKZF1,NASP
IKZF1,LYRM4
IKZF1,CUL4A
IKZF1,CNIH1
IKZF1,HPCAL1
IKZF1,NDE1
IKZF1,CCDC137
IKZF1,CASP3
IKZF1,PLK1
IKZF1,MYB
IKZF1,SLC25A45
IKZF1,NEK9
IKZF1,ADO
IKZF1,INTS8
IKZF1,DPH6
IKZF1,STK25
IKZF1,CDC45
IKZF1,NAE1
IKZF1,ALG9
IKZF1,RRM2
IKZF1,HSPH1
IKZF1,ORC2
IKZF1,PRPS2
IKZF1,BUB1B
IKZF1,ERCC8
IKZF1,PHF10
IKZF1,ZEB2
IKZF1,LMNA
IKZF1,WDR75
IKZF1,ADSSL1
IKZF1,HARS
IKZF1,HARS2
IKZF1,IFT140
IKZF1,GM2A
IKZF1,ODC1
IKZF1,IFI203
IKZF1,BYSL
IKZF1,ARHGEF18
IKZF1,WDR5
IKZF1,GNPDA1
IKZF1,TRPV2
IKZF1,CTPS
IKZF1,ZFP397
IKZF1,HNRNPAB
IKZF1,CENPF
IKZF1,RCC1
IKZF1,PSAT1
IKZF1,SETD2
IKZF1,PKM
IKZF1,PUS7
IKZF1,SEPT8
IKZF1,DUSP1
IKZF1,ARMC8
IKZF1,XAB2
IKZF1,CCNE2
IKZF1,MIEF1
IKZF1,YBX3
IKZF1,BCAP29
IKZF1,MTHFD1
IKZF1,CD1D1
IKZF1,SUPT7L
IKZF1,NIT1
IKZF1,WDR6
IKZF1,NT5DC1
IKZF1,ABCF3
IKZF1,UBA5
IKZF1,NFATC2
IKZF1,ADK
IKZF1,YPEL3
IKZF1,METAP1D
IKZF1,CLIC4
IKZF1,PIK3IP1
IKZF1,PRIM1
IKZF1,FASTKD2
IKZF1,CARHSP1
IKZF1,P2RY14
IKZF1,RFC5
IKZF1,HMBS
IKZF1,RAD21
IKZF1,CCNF
IKZF1,ZFP275
IKZF1,SATB1
IKZF1,CERS4
IKZF1,CAD
IKZF1,PDK3
IKZF1,TRIB2
IKZF1,NOTCH1
IKZF1,PMPCA
IKZF1,ALDH18A1
IKZF1,COG7
IKZF1,SLC39A9
IKZF1,TMEM206
IKZF1,MYH10
IKZF1,TRIM47
IKZF1,POLR1B
IKZF1,AFF4
IKZF1,CCNG1
IKZF1,NET1
IKZF1,HAGH
IKZF1,HSPA4L
IKZF1,ZFP639
IKZF1,MTO1
IKZF1,DECR1
IKZF1,BUB1
IKZF1,LRRC14
IKZF1,NUBP2
IKZF1,NCLN
IKZF1,CRIP2
IKZF1,MGST3
IKZF1,PWP1
IKZF1,RNF213
IKZF1,RNF13
IKZF1,EGR1
IKZF1,NECAP2
IKZF1,MRM1
IKZF1,FBXW5
IKZF1,FGFR1OP
IKZF1,RNF115
IKZF1,MAPK9
IKZF1,SCARB1
IKZF1,RNASE6
IKZF1,HDGF
IKZF1,THRB
IKZF1,FES
IKZF1,LYZ2
IKZF1,KPNA3
IKZF1,BC005561
IKZF1,TMEM164
IKZF1,TRIB3
IKZF1,HLF
IKZF1,CPT2
IKZF1,UBE2C
IKZF1,SESN1
IKZF1,TMEM176B
IKZF1,TMEM176A
IKZF1,IL21R
IKZF1,COG6
IKZF1,PHACTR2
IKZF1,TMEM263
IKZF1,PITRM1
IKZF1,ANGPT1
IKZF1,PAK1
IKZF1,STAP1
IKZF1,PACSIN2
IKZF1,ASNS
IKZF1,RASA3
IKZF1,LAP3
IKZF1,HACD3
IKZF1,ABCG2
IKZF1,ZYX
IKZF1,TVP23B
IKZF1,H2-OB
IKZF1,CUL2
IKZF1,AURKB
IKZF1,TOM1L1
IKZF1,SSX2IP
IKZF1,TERF2IP
IKZF1,HDAC11
IKZF1,MNDAL
IKZF1,NUSAP1
IKZF1,NR4A1
IKZF1,SPPL2B
IKZF1,ALDH9A1
IKZF1,ATP6AP2
IKZF1,RPA1
IKZF1,PLIN2
IKZF1,ARHGAP15
IKZF1,ZFP467
IKZF1,ERLIN1
IKZF1,VHL
IKZF1,SNCA
IKZF1,CCNE1
IKZF1,ATP7B
IKZF1,ALG11
IKZF1,SLC43A3
IKZF1,NELFB
IKZF1,PSEN1
IKZF1,HCFC1
IKZF1,PPM1H
IKZF1,GOLT1B
IKZF1,FOS
IKZF1,PTGS1
IKZF1,MIOS
IKZF1,FAM168B
IKZF1,SLC20A1
IKZF1,CDC6
IKZF1,MARCH8
IKZF1,ASB8
IKZF1,NGLY1
IKZF1,RPAP1
IKZF1,DCTD
IKZF1,EIF1AD
IKZF1,SPC24
IKZF1,FTSJ3
IKZF1,ZFP961
IKZF1,CYTIP
IKZF1,IDH3A
IKZF1,ANXA4
IKZF1,RAB37
IKZF1,LLGL1
IKZF1,MARCH6
IKZF1,LMO4
IKZF1,SLC11A2
IKZF1,TYK2
IKZF1,CASP1
IKZF1,RNF139
IKZF1,PRKAA1
IKZF1,PRELID3B
IKZF1,CD82
IKZF1,VAV1
IKZF1,TAF12
IKZF1,ATG4B
IKZF1,ABCB4
IKZF1,POLA2
IKZF1,MCM10
IKZF1,CYB5R3
IKZF1,CDCA3
IKZF1,UBE2G2
IKZF1,ISYNA1
IKZF1,ARHGEF6
IKZF1,USP4
IKZF1,TSPAN3
IKZF1,STT3B
IKZF1,VPS41
IKZF1,TRIM59
IKZF1,ZKSCAN3
IKZF1,PTCD3
IKZF1,GMPR
IKZF1,TSC22D3
IKZF1,FAM91A1
IKZF1,WDR55
IKZF1,UBAC1
IKZF1,H2-DMB1
IKZF1,BLZF1
IKZF1,MAN1A
IKZF1,KNSTRN
IKZF1,G6PDX
IKZF1,IRF8
IKZF1,GOLM1
IKZF1,RDH11
IKZF1,NRF1
IKZF1,GOLPH3
IKZF1,CTR9
IKZF1,IARS2
IKZF1,SGPP1
IKZF1,LTB
IKZF1,INKA1
IKZF1,EPAS1
IKZF1,DHFR
IKZF1,SLC6A6
IKZF1,ZBTB10
IKZF1,PCYT2
IKZF1,USP25
IKZF1,KLHL22
IKZF1,TLK1
IKZF1,L2HGDH
IKZF1,UMPS
IKZF1,NPLOC4
IKZF1,ST3GAL5
IKZF1,BLVRB
IKZF1,RHOF
IKZF1,PPP2R1B
IKZF1,AP1G2
IKZF1,TAF1
IKZF1,TM7SF3
IKZF1,GBP2
IKZF1,CRNKL1
IKZF1,MED16
IKZF1,SLA
IKZF1,AMPD3
IKZF1,INPP5B
IKZF1,ZFP30
IKZF1,SGPL1
IKZF1,DPH2
IKZF1,ELF4
IKZF1,LDHB
IKZF1,ESR1
IKZF1,ELP2
IKZF1,RMND5B
IKZF1,CYTH3
IKZF1,GCLC
IKZF1,PML
IKZF1,RAI14
IKZF1,TFR2
IKZF1,MT2
IKZF1,SEPT6
IKZF1,DOK2
IKZF1,NUP88
IKZF1,DENND2D
IKZF1,POGLUT1
IKZF1,ANXA6
IKZF1,STARD10
IKZF1,PLBD2
IKZF1,ZFP871
IKZF1,GORASP1
IKZF1,GYPA
IKZF1,SQLE
IKZF1,LPCAT1
IKZF1,GCNT2
IKZF1,MYO1D
IKZF1,TPX2
IKZF1,SUN1
IKZF1,RGS1
IKZF1,MFN2
IKZF1,STX17
IKZF1,ZFP592
IKZF1,MEMO1
IKZF1,AFG3L2
IKZF1,VWA5A
IKZF1,SLC19A1
IKZF1,ELL2
IKZF1,KLF1
IKZF1,SPRYD4
IKZF1,BMI1
IKZF1,TCN2
IKZF1,E2F6
IKZF1,RORC
IKZF1,TPP1
IKZF1,HEXA
IKZF1,ZFP36
IKZF1,MCTP1
IKZF1,UBL4A
IKZF1,CBX7
IKZF1,NUPR1
IKZF1,UGCG
IKZF1,CPT1A
IKZF1,MAN2A2
IKZF1,DCAF4
IKZF1,PLD3
IKZF1,CREB5
IKZF1,EBI3
IKZF1,RPP40
IKZF1,FAM234B
IKZF1,PLXNC1
IKZF1,PLAG1
IKZF1,RORA
IKZF1,YBX1
IKZF1,DDX58
IKZF1,GPR171
IKZF1,TNFAIP2
IKZF1,EMB
IKZF1,ATP1B2
IKZF1,FTSJ1
IKZF1,EIF4ENIF1
IKZF1,PRPS1
IKZF1,TGM2
IKZF1,SOX6
IKZF1,NFATC1
IKZF1,MT1
IKZF1,GANAB
IKZF1,SMAD2
IKZF1,NR2C1
IKZF1,PADI4
IKZF1,SERPINB1A
IKZF1,RAB31
IKZF1,EDC3
IKZF1,USP10
IKZF1,APOE
IKZF1,ST6GALNAC4
IKZF1,RAB32
IKZF1,NUDT4
IKZF1,MTFR1
IKZF1,MRPL37
IKZF1,HDAC9
IKZF1,TENT5A
IKZF1,SLC29A1
IKZF1,HMMR
IKZF1,STOM
IKZF1,TSPAN33
IKZF1,MBOAT2
IKZF1,TAPT1
IKZF1,MEIS1
IKZF1,KLHL23
IKZF1,TLE2
IKZF1,TMEM97
IKZF1,SNX10
IKZF1,GRINA
IKZF1,METTL27
IKZF1,F11R
IKZF1,PLEK
IKZF1,PRSS50
IKZF1,SPNS2
IKZF1,PPARGC1A
IKZF1,GNB4
IKZF1,FNTA
IKZF1,ANKRD27
IKZF1,NEURL3
IKZF1,PEAR1
IKZF1,PBX1
IKZF1,SPIRE1
IKZF1,HACD4
IKZF1,SLC41A3
IKZF1,EMILIN1
IKZF1,FLOT2
IKZF1,CASP4
IKZF1,PRDM5
IKZF1,BAG2
IKZF1,SLC44A2
IKZF1,NSD2
IKZF1,SVIP
IKZF1,MAPKAPK3
IKZF1,NFIA
IKZF1,IRF6
IKZF1,TEAD3
IKZF1,TXNRD2
IKZF1,ABCB10
IKZF1,XRCC3
IKZF1,DYNLT3
IKZF1,SLC18A2
IKZF1,SELENBP1
IKZF1,COL5A1
IKZF1,EPOR
IKZF1,LY6A
IKZF1,AQP9
IKZF1,BATF2
IKZF1,CTTN
IKZF1,BTK
IKZF1,IFI44
IKZF1,CNN2
IRF1,CTSO
IRF1,RTP4
IRF1,OASL2
IRF1,UBA7
IRF1,NCLN
IRF1,CMPK2
IRF1,SERPINB9
IRF1,SNX10
IRF1,ABHD16A
IRF1,ISG20
IRF1,GBP2
IRF1,SPPL2A
IRF1,RFESD
IRF1,BID
IRF1,ZFP945
IRF1,RNF141
IRF1,CASP1
IRF1,TCP11L2
IRF1,WARS
IRF1,HDAC2
IRF1,IL15
IRF1,UROS
IRF1,ATAD1
IRF1,BLVRB
IRF1,TLR4
IRF1,SCFD1
IRF1,NAE1
IRF1,CUL2
IRF1,FOS
IRF1,RNF213
IRF1,NAMPT
IRF1,ATG12
IRF1,AP3S1
IRF1,PTDSS1
IRF1,ANGPT1
IRF1,VWA5A
IRF1,PTCD3
IRF1,UNC93B1
IRF1,CENPE
IRF1,TOP2A
IRF1,PIK3IP1
IRF1,P2RY14
IRF1,BATF2
IRF1,TCIRG1
IRF1,DDX58
IRF1,EPSTI1
IRF1,RNF115
IRF1,ASAH1
IRF1,SELENOP
IRF1,DLST
IRF1,MCM4
IRF1,ARMC8
IRF1,SP100
IRF1,CPQ
IRF1,ST6GALNAC4
IRF1,MYNN
IRF1,LRRFIP1
IRF1,TRIM30A
IRF1,CDCA3
IRF1,SACM1L
IRF1,2610301B20RIK
IRF1,IFI204
IRF1,NUDT19
IRF1,CHMP3
IRF1,DHFR
IRF1,FAR1
IRF1,HUS1
IRF1,ETS1
IRF1,RARS
IRF1,SCARF1
IRF1,RMND5A
IRF1,ARL6IP6
IRF1,TCF12
IRF1,IFI203
IRF1,MNDAL
IRF1,SMARCA2
IRF1,GNA13
IRF1,KLF3
IRF1,IFT140
IRF1,TOX4
IRF1,IRF5
IRF1,TWSG1
IRF1,DENND2D
IRF1,IFI44
IRF1,ARHGEF6
IRF1,MARCH5
IRF1,ANKFY1
IRF1,RNF139
IRF1,MEF2C
IRF1,TERF2IP
IRF1,CD84
IRF1,CASP4
IRF1,ESR1
IRF1,UBAP1
IRF1,LANCL2
IRF1,CPT1A
IRF1,TMX3
IRF1,ATP13A1
IRF1,THRB
IRF1,LPIN2
IRF1,RNASE6
IRF1,GCNT2
IRF1,CDT1
IRF1,TOR3A
IRF1,KLHL22
IRF1,GNB4
IRF1,PSMF1
IRF1,H2-OB
IRF1,NFAT5
IRF1,RABIF
IRF1,PLXNC1
IRF1,LCP1
IRF1,PACSIN2
IRF1,ABCB10
IRF1,TBC1D2B
IRF1,FOXRED1
IRF1,FCHSD2
IRF1,STOM
IRF1,DNAJC5
IRF1,AMPD3
IRF1,EIF1AD
IRF1,RFC5
IRF1,MED16
IRF1,MEIS1
IRF1,SUPT7L
IRF1,RARB
IRF1,NUDT9
IRF1,SNRNP200
IRF1,SP4
IRF1,GYPC
IRF1,LCP2
IRF1,SEPT6
IRF1,SEH1L
IRF1,RNF4
IRF1,DEK
IRF1,PLAG1
IRF1,WLS
IRF1,RDH11
IRF1,MAP4K2
IRF1,TIMM29
IRF1,XPR1
IRF1,9430015G10RIK
IRF1,OTUD6B
IRF1,FES
IRF1,MFSD1
IRF1,RCOR1
IRF1,CD1D1
IRF1,SERPINA3G
IRF1,SHCBP1
IRF1,CUL4A
IRF1,NARFL
IRF1,PML
IRF1,ATP11C
IRF1,IFRD2
IRF1,STXBP1
IRF1,EZR
IRF1,VPS11
IRF1,NFATC1
IRF1,CLIC4
IRF1,INPP5B
IRF1,CASP2
IRF1,DNAJC11
IRF1,USF3
IRF1,BUB1B
IRF1,GTF3C3
IRF1,DCP1A
IRF1,TANGO2
IRF1,ZEB2
IRF1,RAD51AP1
IRF1,CTSC
IRF1,POLE3
IRF1,TNFAIP8
IRF1,LPCAT1
IRF1,STAT3
IRF1,TRIB2
IRF1,SLC29A1
IRF1,REXO4
IRF1,ALG9
IRF1,AFF4
IRF1,EGR1
IRF1,DNAJC10
IRF1,PCCA
IRF1,ANXA1
IRF1,NUF2
IRF1,TRMT2A
IRF1,PRDM16
IRF1,CBFB
IRF1,RANGAP1
IRF1,ZFP592
IRF1,MORC3
IRF1,TAF1
IRF1,LLGL1
IRF1,E2F4
IRF1,TMEM164
IRF1,DNM1L
IRF1,TMC6
IRF1,POLR3F
IRF1,JPT2
IRF1,COPS8
IRF1,MFSD14B
IRF1,TMEM129
IRF1,TACC3
IRF1,G6PDX
IRF1,LDAH
IRF1,PA2G4
IRF1,STAP1
IRF1,ENDOD1
IRF1,NIF3L1
IRF1,CDCA8
IRF1,PTPN12
IRF1,DUS1L
IRF1,MFN2
IRF1,HCLS1
IRF1,SEC23IP
IRF1,LMO4
IRF1,PLEK
IRF1,GSR
IRF1,CLCN4
IRF1,STT3B
IRF1,ACAA2
IRF1,NUDCD1
IRF1,COPB1
IRF1,PDE4B
IRF1,NCAPD2
IRF1,MIS18BP1
IRF1,PRMT7
IRF1,D10WSU102E
IRF1,CALCRL
IRF1,WDR75
IRF1,ZBTB20
IRF1,DCAF13
IRF1,PLEC
IRF1,ELAC2
IRF1,VKORC1L1
IRF1,TBCD
IRF1,XPC
IRF1,SRSF1
IRF1,GNG11
IRF1,ZYX
IRF1,INKA1
IRF1,MSH6
IRF1,PIGQ
IRF1,NDEL1
IRF1,CTSE
IRF8,ALG9
IRF8,TLR4
IRF8,IRF5
IRF8,ZEB2
IRF8,CNP
IRF8,CASP1
IRF8,RTP4
IRF8,NAPSA
IRF8,CTSE
IRF8,EXOC2
IRF8,RBPMS
IRF8,LSP1
IRF8,SLC14A1
IRF8,CD84
IRF8,CMPK2
IRF8,GATM
IRF8,CTSC
IRF8,FOXRED1
IRF8,OASL2
IRF8,ZFP945
IRF8,FES
IRF8,ELMO1
IRF8,CENPA
IRF8,GIMAP6
IRF8,ISG20
IRF8,XRCC5
IRF8,NCEH1
IRF8,ARID3B
IRF8,GBP2
IRF8,NAGA
IRF8,METTL7A1
IRF8,RNF213
IRF8,ARL8B
IRF8,ITFG1
IRF8,CASP2
IRF8,UBA7
IRF8,UNC93B1
IRF8,HCLS1
IRF8,DEK
IRF8,TRIM30A
IRF8,SNX10
IRF8,CD74
IRF8,ANKFY1
IRF8,MAVS
IRF8,NAMPT
IRF8,SKAP2
IRF8,DNAJC10
IRF8,IFI204
IRF8,E2F8
IRF8,ARHGEF6
IRF8,EPSTI1
IRF8,BLVRB
IRF8,RFESD
IRF8,PICALM
IRF8,CLN5
IRF8,GOSR2
IRF8,TIFA
IRF8,PACSIN2
IRF8,RAB32
IRF8,FTSJ3
IRF8,MEF2C
IRF8,SLC25A45
IRF8,ATAD1
IRF8,SLC39A9
IRF8,TOX4
IRF8,NEK9
IRF8,P2RY14
IRF8,SELENOP
IRF8,ARMC8
IRF8,APOE
IRF8,SPPL2A
IRF8,EBI3
IRF8,CYTIP
IRF8,SERPINB9
IRF8,VWA5A
IRF8,RAD51AP1
IRF8,ME2
IRF8,HELLS
IRF8,ZFP62
IRF8,IKZF1
IRF8,ANGPT1
IRF8,NIF3L1
IRF8,WARS
IRF8,CAST
IRF8,TREML2
IRF8,IFI203
IRF8,RNASE6
IRF8,CD48
IRF8,NSD2
IRF8,ST6GALNAC4
IRF8,TCIRG1
IRF8,HAGH
IRF8,AMPD3
IRF8,SP100
IRF8,RARB
IRF8,HUS1
IRF8,TASP1
IRF8,BLZF1
IRF8,PML
IRF8,CPQ
IRF8,CTSO
IRF8,ENDOD1
IRF8,TNFAIP8
IRF8,NFATC2
IRF8,NAE1
IRF8,INTS13
IRF8,CTTN
IRF8,BID
IRF8,NUBP2
IRF8,MIS12
IRF8,VPS41
IRF8,TBC1D10C
IRF8,NDRG1
IRF8,HNRNPLL
IRF8,LCP1
IRF8,ANAPC4
IRF8,CDCA4
IRF8,OAT
IRF8,SLC35A1
IRF8,CTLA2B
IRF8,CD82
IRF8,NCLN
IRF8,RNF115
IRF8,H2-OB
IRF8,TMX3
IRF8,MNDAL
IRF8,ZKSCAN6
IRF8,DDX20
IRF8,COA5
IRF8,DCP1A
IRF8,DENND2D
IRF8,NUDT19
IRF8,LPIN2
IRF8,TRPV2
IRF8,P2RX4
IRF8,CDCA5
IRF8,WDR36
IRF8,PLIN2
IRF8,TRMT2A
IRF8,ABHD16A
IRF8,TMEM173
IRF8,ARHGAP4
IRF8,CNOT10
IRF8,GYG
IRF8,PSEN1
IRF8,EIF4ENIF1
IRF8,PJA2
IRF8,NFAT5
IRF8,WDR5
IRF8,ELAC2
IRF8,DPP8
IRF8,ZDHHC13
IRF8,FAM76B
IRF8,TMEM206
IRF8,BTK
IRF8,ZDHHC6
IRF8,TFG
IRF8,ZFP367
IRF8,XRCC6
IRF8,PLEK
IRF8,EIF1AD
IRF8,RNF139
IRF8,SCARB1
IRF8,SLC6A6
IRF8,NELFB
IRF8,GALK2
IRF8,CD1D1
IRF8,ELP3
IRF8,QARS
IRF8,LCP2
IRF8,PSMF1
IRF8,GFI1B
IRF8,MYO1G
IRF8,EZR
IRF8,LDHB
IRF8,ABCB8
IRF8,RNF141
IRF8,CYTH4
IRF8,SERPINA3G
IRF8,FGFR1OP
IRF8,DUS1L
IRF8,WDR75
IRF8,CYB5R1
IRF8,CCDC137
IRF8,NUF2
IRF8,SRSF1
IRF8,HARS2
IRF8,HARS
IRF8,ABL1
IRF8,UMPS
IRF8,FZR1
IRF8,TCF19
IRF8,TES
IRF8,METAP1
IRF8,SUPT7L
IRF8,HEMGN
IRF8,HACD4
IRF8,TIMM29
IRF8,MCM7
IRF8,PLIN3
IRF8,RPRD1B
IRF8,REXO4
IRF8,PRIM2
IRF8,BCAP29
IRF8,NUDCD3
IRF8,ZFP35
IRF8,PCYT1A
IRF8,CREB5
IRF8,STX12
IRF8,ARHGAP15
IRF8,KIF22
IRF8,GUSB
IRF8,HACD3
IRF8,MCM4
IRF8,CASP3
IRF8,GIMAP5
IRF8,VPS33B
IRF8,SMIM15
IRF8,GNB4
IRF8,ETF1
IRF8,MORC3
IRF8,SNRNP200
IRF8,TBXAS1
IRF8,PTGS1
IRF8,OPTN
IRF8,CUL4A
IRF8,KLHL24
IRF8,ALDH18A1
IRF8,BUB1B
IRF8,UGCG
IRF8,CNIH1
IRF8,ATL2
IRF8,MARS
IRF8,NDOR1
IRF8,B230219D22RIK
IRF8,WLS
IRF8,TCF12
IRF8,ZFP672
IRF8,DENND1C
IRF8,CCNE2
IRF8,ERLIN2
IRF8,CEP70
IRF8,CENPK
IRF8,GTF3C3
IRF8,PKM
IRF8,CHP1
IRF8,ZFP871
IRF8,OTUD6B
IRF8,NUDCD1
IRF8,PIK3IP1
IRF8,TRMT6
IRF8,SMC2
IRF8,CBFB
IRF8,KIF20B
IRF8,BTAF1
IRF8,NOP2
IRF8,BATF2
IRF8,EPS15
IRF8,ENPP4
IRF8,COPG1
IRF8,C330018D20RIK
IRF8,GMFB
IRF8,CKAP2L
IRF8,CYB5R3
IRF8,D1ERTD622E
IRF8,NOTCH1
IRF8,UBR7
IRF8,USF3
IRF8,CAPN7
IRF8,PIK3C3
IRF8,DNM1L
IRF8,TBL3
IRF8,E2F4
IRF8,DOK2
IRF8,UCKL1
IRF8,GYPC
IRF8,WDR73
IRF8,CCNG1
IRF8,NAA50
IRF8,ATP6V1A
IRF8,DOCK2
IRF8,STK25
IRF8,ATAD2
IRF8,NUP155
IRF8,KNSTRN
IRF8,ATP6AP2
IRF8,PSAT1
IRF8,UBAP1
IRF8,MIS18BP1
IRF8,FBXW5
IRF8,GTF2H1
IRF8,CERS5
IRF8,CENPO
IRF8,1700017B05RIK
IRF8,METTL8
IRF8,XPC
IRF8,UBA5
IRF8,GCNT2
IRF8,FOS
IRF8,CENPF
IRF8,TMC6
IRF8,SCARF1
IRF8,PON2
IRF8,CIPC
IRF8,PTPN12
IRF8,BUB1
IRF8,SPHK1
IRF8,RANGAP1
IRF8,LMBRD1
IRF8,DUSP2
IRF8,STT3B
IRF8,USP10
IRF8,CHORDC1
IRF8,RPP40
IRF8,TSPAN14
IRF8,CDCA3
IRF8,VPS33A
IRF8,STAP1
IRF8,PQLC1
IRF8,TMEM68
IRF8,SLC39A10
IRF8,AURKA
IRF8,HSPH1
IRF8,SVIP
IRF8,CDK19
IRF8,TMX1
IRF8,MEIS1
IRF8,ACSS2
IRF8,SACM1L
IRF8,PRPF4
IRF8,NFE2L2
IRF8,CALCRL
IRF8,VAV1
IRF8,USP8
IRF8,CLCN4
IRF8,BIRC5
IRF8,SLC30A6
IRF8,PSMD6
IRF8,FCHSD2
IRF8,D10WSU102E
IRF8,PPIL4
IRF8,FEM1B
IRF8,ATP1B2
IRF8,NT5DC1
IRF8,NEDD1
IRF8,PRDM4
IRF8,NUP107
IRF8,SLC41A3
IRF8,DHX33
IRF8,PPP6C
IRF8,CPT2
IRF8,HDGF
IRF8,SMARCA2
IRF8,AQP9
IRF8,PHAX
IRF8,ZKSCAN3
IRF8,PIGQ
IRF8,ZBTB20
IRF8,POT1A
IRF8,EXOC3
IRF8,PRKAB1
IRF8,CLPTM1L
IRF8,AAR2
IRF8,TRPS1
IRF8,SGPL1
IRF8,RASSF5
IRF8,KAT7
IRF8,ESR1
IRF8,EIF2B1
IRF8,ANKRD27
IRF8,CASP4
IRF8,RNF4
IRF8,INPP5B
IRF8,TBCD
IRF8,PHB2
IRF8,CENPE
IRF8,ORC5
IRF8,COPS8
IRF8,PLD3
IRF8,NUPR1
IRF8,LPCAT3
IRF8,GFM1
IRF8,SPC25
IRF8,MYC
IRF8,ASAH1
JUN,CREB5
JUN,LMNA
JUN,CDT1
JUN,COLGALT1
JUN,BTG2
JUN,SUN1
JUN,GUSB
JUN,CD1D1
JUN,IFI204
JUN,CD63
JUN,ABCB8
JUN,TRIM47
JUN,NEURL3
JUN,WDR36
JUN,CISH
JUN,CLCN4
JUN,PLEK
JUN,SPI1
JUN,PRC1
JUN,ZBTB10
JUN,PTPN12
JUN,P2RY14
JUN,IRF5
JUN,TGM2
JUN,ACSS2
JUN,GNA13
JUN,UCKL1
JUN,UBA7
JUN,SLC25A45
JUN,ATAD1
JUN,MRM1
JUN,SGTA
JUN,NFKBIA
JUN,PAFAH1B2
JUN,PICALM
JUN,CLIC4
JUN,TCIRG1
JUN,RASSF5
JUN,CHP1
JUN,KLF6
JUN,PLD3
JUN,ETF1
JUN,NCAPG2
JUN,TMUB2
JUN,VIM
JUN,UNK
JUN,LSP1
JUN,CHMP7
JUN,PRKAB1
JUN,NAA35
JUN,TRIB3
JUN,SLC30A5
JUN,TRMT2A
JUN,EBI3
JUN,CELA1
JUN,EZR
JUN,DUSP1
JUN,QARS
JUN,LMBRD1
JUN,RTP4
JUN,PLIN3
JUN,SMARCA2
JUN,NAMPT
JUN,ZKSCAN6
JUN,PDE4B
JUN,CYTIP
JUN,UBAP1
JUN,ALG9
JUN,TUBGCP2
JUN,PLEC
JUN,WDSUB1
JUN,SNX10
JUN,ANXA2
JUN,NOLC1
JUN,ZYX
JUN,GOSR2
JUN,STXBP3
JUN,VAMP3
JUN,GALK2
JUN,MARS
JUN,RUVBL2
JUN,TFG
JUN,TMC6
JUN,ILVBL
JUN,CTLA2B
JUN,IPO4
JUN,RANGAP1
JUN,POT1A
JUN,SLC31A1
JUN,UAP1
JUN,GBP2
JUN,ZEB2
JUN,HPN
JUN,NDEL1
JUN,P2RX4
JUN,SLC39A10
JUN,REL
JUN,TCF12
JUN,COPS8
JUN,BTAF1
JUN,ZSCAN21
JUN,RFC4
JUN,LRRFIP1
JUN,FIGNL1
JUN,OAT
JUN,FZR1
JUN,RAD51AP1
JUN,RBPMS
JUN,EDC3
JUN,NAE1
JUN,ISG20
JUN,PCYT1A
JUN,OPTN
JUN,FEM1B
JUN,MT1
JUN,E2F8
JUN,DHX33
JUN,TNFAIP8
JUN,HEATR5A
JUN,AMPD3
JUN,FBXW5
JUN,SLC25A38
JUN,CDCA5
JUN,ARAP1
JUN,GOLPH3
JUN,TOR3A
JUN,PRSS50
JUN,ESYT2
JUN,NUBP2
JUN,HSD3B7
JUN,MIEF1
JUN,PAK1
JUN,BIRC5
JUN,CENPA
JUN,AFG3L2
JUN,MT2
JUN,MNDAL
JUN,TBC1D15
JUN,ATG16L1
JUN,IFI203
JUN,NUP107
JUN,RGCC
JUN,DCK
JUN,SKAP2
JUN,HCLS1
JUN,KPNA3
JUN,AQP9
JUN,GSKIP
JUN,ARID3B
JUN,EMILIN2
JUN,LONP1
JUN,ZFP367
JUN,ZFP655
JUN,CAST
JUN,GIMAP6
JUN,NUDT9
JUN,SHCBP1
JUN,RGS1
JUN,CTSC
JUN,DDX20
JUN,STXBP1
JUN,MINPP1
JUN,NFE2
JUN,CALCRL
JUN,CASP4
JUN,ABCF3
JUN,CTSE
JUN,SPPL2A
JUN,CLPTM1L
JUN,STAT3
JUN,EXOC2
JUN,AHCYL1
JUN,WDR45B
JUN,AP5M1
JUN,DUSP2
JUN,NR4A1
JUN,GORASP1
JUN,SCRN3
JUN,CHMP3
JUN,ABTB1
JUN,KAT7
JUN,UHRF1
JUN,NAA50
JUN,TBXAS1
JUN,DNAJC10
JUN,GSTM1
JUN,TLR4
JUN,MYH10
JUN,VDR
JUN,GTF2F1
JUN,FOXRED1
JUN,SCFD1
JUN,STK25
JUN,ZFP945
JUN,RASA3
JUN,NECAP2
JUN,FAM136A
JUN,NEDD1
JUN,ORC5
JUN,NUPR1
JUN,UBE2G2
JUN,AURKA
JUN,LANCL2
JUN,GRAMD1A
JUN,NCAPH
JUN,TPP1
JUN,RCC1
JUN,RARB
JUN,RELB
JUN,DCP1A
JUN,TBL3
JUN,LDHB
JUN,SNRNP200
JUN,ERLIN1
JUN,PITPNB
JUN,ADSSL1
JUN,PRDM4
JUN,TBCD
JUN,ZBTB43
JUN,STARD10
JUN,ARL8B
JUN,NFE2L2
JUN,LY6A
JUN,KLF3
JUN,MTREX
JUN,ME2
JUN,TIMM50
JUN,TIMM29
JUN,XRCC6
JUN,NADK
JUN,USP8
JUN,DPP8
JUN,EPS15
JUN,XPNPEP1
JUN,ZFP266
JUN,ARL6IP6
JUN,DENND1C
JUN,PHB2
JUN,ABHD16A
JUN,ZFP62
JUN,MYO1D
JUN,ASAH1
JUN,VKORC1L1
JUN,CENPE
JUN,GCNT2
JUN,BLVRB
JUN,SEC23IP
JUN,CHORDC1
JUN,TOX4
JUN,MAPKAPK3
JUN,RAB32
JUN,IFRD2
JUN,TARS
JUN,VPS33B
JUN,TES
JUN,NFATC1
JUN,TASP1
JUN,CNOT10
JUN,PITRM1
JUN,PSMD5
JUN,ATL2
JUN,PSEN1
JUN,RMND5A
JUN,COPG1
JUN,HAUS2
JUN,LCP1
JUN,MTMR6
JUN,ZKSCAN17
JUN,BAP1
JUN,ANXA5
JUN,CDCA4
JUN,SESN1
JUN,NDUFV1
JUN,ZDHHC13
JUN,DOK2
JUN,SPHK1
JUN,NAPSA
JUN,HDGF
JUN,KIF11
JUN,CDCA3
JUN,VPS33A
JUN,METTL7A1
JUN,CUL3
JUN,PLAA
JUN,HSPA4L
JUN,PROCR
JUN,NUF2
JUN,SERPINA3G
JUN,NOL9
JUN,VPS26C
JUN,TBC1D10C
JUN,PHAX
JUN,LPCAT3
JUN,ELF4
JUN,RABIF
JUN,YPEL3
JUN,FEM1A
JUN,PCCA
JUN,SLC30A6
JUN,FCHSD2
JUN,CD82
JUN,D10WSU102E
JUN,ATP7B
JUN,ALG11
JUN,ABI1
JUN,COPB2
JUN,BYSL
JUN,MKI67
JUN,NDRG1
JUN,DNPEP
JUN,ERLIN2
JUN,ETS1
JUN,MEF2C
JUN,PIK3R2
JUN,ITSN1
JUN,ZFP35
JUN,RRM1
JUN,GTF2H1
JUN,ANAPC2
JUN,FAM76B
JUN,TRPS1
JUN,UAP1L1
JUN,ZFP451
JUN,GNPDA1
JUN,TNFAIP2
JUN,INCENP
JUN,DCAF13
JUN,HMBS
JUN,CYB5R1
JUN,AHCTF1
JUN,IRF1
JUN,CTNNA1
JUN,ABCB4
JUN,WDR75
JUN,SGPL1
JUN,DCAF11
JUN,NUP155
JUN,FGFR1OP
JUN,TRIM30A
JUN,CKAP2L
JUN,ADO
JUN,ACOX1
JUN,GNB4
JUN,RORA
JUN,ELL2
JUN,B230219D22RIK
JUN,TOPORS
JUN,CCNF
JUN,PQLC1
JUN,MAD2L1
JUN,OSTM1
JUN,HACD4
JUN,D1ERTD622E
JUN,PON2
JUN,ALDH18A1
JUN,PA2G4
JUN,ZFP672
JUN,RAD51
JUN,WDR4
JUN,SACM1L
JUN,POLR2B
JUN,WDHD1
JUN,CCNA2
JUN,TVP23B
JUN,CRK
JUN,PSAT1
JUN,MED16
JUN,NIF3L1
JUN,INTS13
JUN,CLN5
JUN,DENND2D
JUN,PACSIN2
JUN,PMPCA
JUN,DLST
JUN,BCAP29
JUN,CACFD1
JUN,NOP2
JUN,STX12
JUN,PPP6C
JUN,GMFB
JUN,USP37
JUN,CEP70
JUN,KLHL24
JUN,NARFL
JUN,USP4
JUN,UMPS
JUN,CASP1
JUN,GSR
JUN,TFRC
JUN,LAPTM4B
JUN,DNAJC5
JUN,RNF13
JUN,SP4
JUN,NUSAP1
JUN,NUP93
JUN,TSPAN14
JUN,XPC
JUN,THUMPD3
JUN,WARS
JUN,CCDC137
JUN,LYZ2
JUN,PWP1
JUN,EXOC3
JUN,XAB2
JUN,GSS
JUN,AFF4
JUN,GM2A
JUN,DUS1L
JUN,METAP1
JUN,YOD1
JUN,BC005561
JUN,PIP4K2A
JUN,GSTM5
JUN,TERF2IP
JUN,LEPROT
JUN,IFT140
JUN,CALU
JUN,TMEM97
JUN,NUDCD1
JUN,CMPK2
JUN,TAB1
JUN,RHOT1
JUN,CYTH4
JUN,NUDCD3
JUN,NDOR1
JUN,E2F6
JUN,ODC1
JUN,ACAA2
JUN,MOGS
JUN,SCARB1
JUN,TRMT6
JUN,PHETA2
JUN,CIPC
JUN,ELAC2
JUN,RARS
JUN,CDC45
JUN,PRPF4
JUN,BMI1
JUN,FUCA2
JUN,D230025D16RIK
JUN,ORC2
JUN,GARS
JUN,PQLC3
JUN,MORC3
JUN,CUL4A
JUN,MCM4
JUN,ELMO1
JUN,CLPX
JUN,SETD2
JUN,HARS2
JUN,HARS
JUN,L2HGDH
JUN,POLD1
JUN,SLC39A9
JUN,POLR1B
JUN,ELOVL1
JUN,MFN2
JUN,SRSF1
JUN,DDHD2
JUN,HLF
JUN,PRMT7
JUN,RAD21
JUN,NR2C1
JUN,HUS1
JUN,PSMD9
JUN,MIS18BP1
JUN,PDZK1IP1
JUN,APOE
JUN,CBFB
JUN,BTRC
JUN,RNF139
JUN,FPGS
JUN,NCEH1
JUN,TIFA
JUN,ZFP639
JUN,SMIM15
JUN,SEH1L
JUN,FAAP100
JUN,UROS
JUN,PPIL4
JUN,EIF2B1
JUN,SLC35A1
JUN,DEK
JUN,HIST1H2BC
JUN,SLC20A1
JUN,CNOT7
JUN,IPO9
JUN,ANAPC4
JUN,IDH3A
JUN,TAF1
JUN,IL15
JUN,IARS2
JUN,IARS
JUN,EFTUD2
JUN,HAGH
JUN,VAV1
JUN,LCP2
JUN,TMEM129
JUN,TACC3
JUN,DOCK2
JUN,PRIM2
JUN,MAN1A
JUN,PTDSS2
JUN,E2F4
JUN,APBB1
JUN,CASP3
JUN,ADK
JUN,CYTH3
JUN,PLAG1
JUN,GNAI3
JUN,9430015G10RIK
JUN,COPB1
JUN,ELP3
JUN,OASL2
JUN,FOS
JUN,EYA1
JUN,CYB5R3
JUN,MYNN
JUN,TCF19
JUN,DNAJC11
JUN,BATF2
JUN,XPR1
JUN,IKZF1
JUN,CPT2
JUN,CDC6
JUN,HERC4
JUN,H2-DMB1
JUN,STEAP3
JUN,BLZF1
JUN,UBA3
JUN,SDHAF2
JUN,ANXA6
JUN,RABGGTB
JUN,PTCD3
JUN,DDX58
JUN,FASTKD2
JUN,UROD
JUN,BID
JUN,NEK9
JUN,HNRNPLL
JUN,GANAB
JUN,CENPO
JUN,CD74
JUN,RFESD
JUN,ITFG1
JUN,GYG
JUN,CSGALNACT2
JUN,RPA2
JUN,ALAD
JUN,MFSD14B
JUN,ATAD2
JUN,SGO1
JUN,USP25
JUN,RGS19
JUN,ANXA1
JUN,CKS1B
JUN,MARCH5
JUN,COG6
JUN,COA5
JUN,OTUD6B
JUN,CTR9
JUN,DTL
JUN,FAM168B
JUN,VPS11
JUN,NELFB
JUN,GMCL1
JUN,GPKOW
JUN,NCLN
JUN,RANBP3
JUN,PRELID3B
JUN,LIMD2
JUN,IFI30
JUN,MED22
JUN,UBR7
JUN,CUL2
JUN,RNF115
JUN,ANXA4
JUN,MCM5
JUN,TMEM206
JUN,1700017B05RIK
JUN,CENPK
JUN,RCSD1
JUN,2610301B20RIK
JUN,HSPH1
JUN,RMND5B
JUN,METTL27
JUN,ST3GAL5
JUN,RGS2
JUN,XRCC5
JUN,NPTN
JUN,NFAT5
JUN,TRIB2
JUN,HMMR
JUN,TTF1
JUN,STX17
JUN,METTL8
JUN,EGR1
JUN,SLC43A3
JUN,VWA5A
JUN,HIST1H1C
JUN,COG7
JUN,F11R
JUN,PTDSS1
JUN,FBXO5
JUN,PPOX
JUN,EMILIN1
JUN,MCM2
JUN,MAPK1
JUN,EXT2
JUN,MAVS
JUN,AP1G2
JUN,PJA2
JUN,CAPN7
JUN,CD93
JUN,TCP11L2
JUN,PBX1
JUN,MFSD1
JUN,ST6GALNAC4
JUN,LRRC14
JUN,EIF4ENIF1
JUN,SLC6A6
JUN,TIPIN
JUN,STOM
JUN,SERPINB9
JUN,RNF141
JUN,PWP2
JUN,MARCH8
JUN,HDAC2
JUN,CDCA8
JUN,TPX2
JUN,UBA5
JUN,RFC5
JUN,LDAH
JUN,HEXA
JUN,BUB1
JUN,TANGO2
JUN,SPIRE1
JUN,PLK1
JUN,DRAM2
JUN,CEPT1
JUN,SELENOP
JUN,POLR3F
JUN,HEBP1
JUN,SPC24
JUN,ZFP322A
JUN,POLA2
JUN,CRNKL1
JUN,FKBP1A
JUN,ZFP24
JUN,SQLE
JUN,PPAT
JUN,USF3
JUN,NCAPG
JUN,ELP2
JUN,RNF4
JUN,ANGPT1
JUN,ARMT1
JUN,MCM10
JUN,PGM1
JUN,C1QTNF12
JUN,APEH
JUN,RPA1
JUN,CASP2
JUN,FECH
JUN,CYP20A1
JUN,GFM1
JUN,LPCAT1
JUN,PACS1
JUN,RNF213
JUN,MCM7
JUN,CDK19
JUN,FES
JUN,USP10
JUN,METAP1D
JUN,ZDHHC6
JUN,ENDOD1
JUN,TMX3
JUN,LIG1
JUN,TMEM186
JUN,RPRD1B
JUN,CSTF2
JUN,GYPC
JUN,POLE3
JUN,UBAC1
JUN,BUB3
JUN,ADAMTS10
JUN,TMEM109
JUN,HDAC9
JUN,ALDH9A1
JUN,FAM91A1
JUN,MTAP
JUN,LLGL1
JUN,MIS12
JUN,HNRNPAB
JUN,DPH6
JUN,AP1B1
JUN,ASF1B
JUN,IL21R
JUN,EYA2
JUN,TTLL12
JUN,LMO4
JUN,APLP2
JUN,GRN
JUN,ANKLE1
JUN,MAP4K2
JUN,PREP
JUN,DHFR
JUN,RAI14
JUN,ABL1
JUN,PSMF1
JUN,HMGB2
JUN,RNASEL
JUN,SATB1
JUN,MBTPS1
JUN,SLC41A3
JUN,RB1
JUN,TUBGCP3
JUN,ATP13A1
JUN,LRRC8C
JUN,CRBN
JUN,LZTR1
JUN,IL27RA
JUN,WDR73
JUN,SPTLC1
JUN,SPTBN1
JUN,RNF19A
JUN,WDR5
JUN,LAP3
JUN,TMEM177
JUN,ATG12
JUN,AP3S1
JUN,NPLOC4
JUN,WDR55
JUN,INPP5B
JUN,KLHL22
JUN,FAM45A
JUN,ZFP397
JUN,KDM6A
JUN,ZZZ3
JUN,PPIC
JUN,MEIS1
JUN,WLS
JUN,TMX1
JUN,CNP
JUN,PCYT2
JUN,MXD3
JUN,TOLLIP
JUN,ZFP930
JUN,ATP6AP2
JUN,ATG4B
JUN,C330018D20RIK
JUN,UBR1
JUN,FARSB
JUN,LYRM4
JUN,ERCC8
JUN,SLC19A1
JUN,CCNE1
JUN,PBK
JUN,PIGQ
JUN,MRPL37
JUN,TTF2
JUN,NDE1
JUN,PRKCH
JUN,SUPT7L
JUN,ZKSCAN3
JUN,ARMC8
JUN,PKM
JUN,JARID2
JUN,MTHFD1
JUN,RNF145
JUN,FTSJ3
JUN,NCAPD2
JUN,CHUK
JUN,TMEM168
JUN,TSC22D3
JUN,TMEM68
JUN,HPCAL1
JUN,BCLAF3
JUN,UBXN2B
JUN,ASNS
JUN,YBX3
JUN,GMNN
JUN,ASB8
JUN,SMC2
JUN,SEPT8
JUN,TYMS
JUN,JPT2
JUN,NGLY1
JUN,INKA1
JUN,KIF20B
JUN,UNC93B1
JUN,TRMT11
JUN,STT3B
JUN,ATP6V1A
JUN,AHR
JUN,STXBP4
JUN,GTF2E1
JUN,BUB1B
JUN,SASH3
JUN,FAR1
JUN,PDCL
JUN,GTF3C3
JUN,TLK1
JUN,ZFP143
JUN,NFXL1
JUN,JAK3
JUN,GFI1B
JUN,DDX1
JUN,ISYNA1
JUN,NSMAF
JUN,GEMIN5
JUN,CDK1
JUN,MAU2
JUN,ABCD3
JUN,PSEN2
JUN,SMAD2
JUN,PFKM
JUN,ZFP110
JUN,SLC29A1
JUN,PSMD6
JUN,HDAC7
JUN,ZFP871
JUN,PPM1H
JUN,ANKFY1
JUN,CORO1A
JUN,WDR6
JUN,YBX1
JUN,PNO1
JUN,ESR1
JUN,PTGS1
JUN,TMEM164
JUN,PADI4
JUN,TRIM59
JUN,FNTA
JUN,REXO4
JUN,CERS5
JUN,ABCB10
JUN,MSH6
JUN,CDC20
JUN,ZFP961
JUN,ID2
JUN,MYC
JUN,FADS1
JUN,DNM1L
JUN,SLC14A1
JUN,HSDL1
JUN,MIOS
JUN,NRF1
JUN,SSX2IP
JUN,MFGE8
JUN,PIK3C3
JUN,HEMGN
JUN,VILL
JUN,TAF12
JUN,PUS7
JUN,GATM
JUN,CDC7
JUN,UGCG
JUN,DECR1
JUN,TUBGCP5
JUN,CCNB2
JUN,ICA1
JUN,NT5DC1
JUN,PCLAF
JUN,GRINA
JUN,SERPINB6B
JUN,MEMO1
JUN,CTSO
JUN,NIT1
JUN,NUP88
JUN,SERPINB1A
JUN,H1F0
JUN,BAG2
JUN,TMEM64
JUN,CHAMP1
JUN,IRF8
JUN,MGST3
JUN,NUDT19
JUN,INTS8
JUN,ARHGAP4
JUN,NASP
JUN,SLC16A1
JUN,ENPP4
JUN,MARCH6
JUN,CNIH1
JUN,RUNX2
JUN,PEAR1
JUN,GOLT1B
JUN,RCOR1
JUN,CPQ
JUN,SNAPC3
JUN,CAD
JUN,CENPF
JUN,ATP11C
JUN,INPP1
JUN,MCM3
JUN,KIF22
JUN,SNRPB
JUN,MAPK9
JUN,ATP6AP1
JUN,SPPL2B
JUN,TMEM263
JUN,CCNG1
JUN,COQ8A
JUN,ATP1B2
JUN,CSRP3
JUN,GLIPR2
JUN,VPS35
JUN,TXNRD2
JUN,RAB31
JUN,ORC6
JUN,VHL
JUN,CKAP5
JUN,GPR171
JUN,FTSJ1
JUN,NARF
JUN,UTP4
JUN,TOP2A
JUN,SLA2
JUN,NAGA
JUN,CTPS
JUN,PRKAR2B
JUN,MNS1
JUN,NUP85
JUN,TENT5A
JUN,NUDT4
JUN,NR3C2
JUN,SELENBP1
JUN,GPR180
JUN,IFI44
JUN,RPP40
JUN,ABCG2
JUN,RORC
JUN,DCAF4
JUN,TWSG1
JUN,XRCC3
JUN,BTK
JUN,PHACTR2
JUN,MTO1
JUN,ST8SIA4
JUN,CSAD
JUN,ARHGAP15
JUN,POGLUT1
JUN,TSHZ3
JUN,MCM6
JUN,LPIN2
JUN,THRB
JUN,RPAP1
JUN,EBF1
JUN,PLBD2
JUN,SLC25A46
JUN,NOTCH1
JUN,CAMK1
JUN,SOX6
JUN,SNAP23
JUN,TSPAN3
JUN,TYK2
JUN,4833439L19RIK
JUN,CKAP2
JUN,SLC44A2
JUN,GOLM1
JUN,TNFRSF13B
JUN,EPAS1
JUN,PLCG2
JUN,NET1
JUN,TAPT1
JUN,SCARF1
JUN,HELLS
JUN,ANKRD27
JUN,PSTPIP1
JUN,RAB37
JUN,KIDINS220
JUN,ANK
JUN,ZBTB20
JUN,PLCB2
JUN,CARHSP1
JUN,MYO1G
JUN,PLA2G12A
JUN,PPARGC1A
JUN,HCFC1
JUN,GCLC
JUN,DIS3L2
JUN,GFI1
JUN,ICE1
JUN,ZMYM3
JUN,PRDM16
JUN,TMEM56
JUN,AK3
JUN,SP100
JUN,PRIM1
JUN,CPOX
JUN,KNSTRN
JUN,SPRYD4
JUN,ZFP275
JUN,DYNLT3
JUN,CPT1A
JUN,TK1
JUN,SLC25A21
JUN,RNASE6
JUN,MYCN
JUN,MTFR1
JUN,ALDH1A1
JUN,SQOR
JUN,SGPP1
JUN,SPC25
JUN,NSDHL
JUN,STAP1
JUN,PCP4L1
JUN,CCNB1
JUN,EPDR1
JUN,KRT18
JUN,TMEM185A
JUN,PML
JUN,TBC1D2B
JUN,ITGA6
JUN,IRF6
JUN,TM7SF3
JUN,PHF10
JUN,TFR2
JUN,SLC11A2
JUN,PLIN2
JUN,H2-OB
JUN,FOXO1
JUN,CD84
JUN,UBE2C
JUN,TSPAN33
JUN,AQP1
JUN,SPNS2
JUN,PRDM5
JUN,EPSTI1
JUN,DCTD
JUN,ATP2A3
JUN,ALKBH8
JUN,PIK3IP1
JUN,MFNG
JUN,NFATC2
JUN,ST3GAL6
JUN,GIMAP5
JUN,CTTN
JUN,RRM2
JUN,CD48
JUN,RUNX1T1
JUN,KLHL23
JUN,CITED4
JUN,AAR2
JUN,TMEM176B
JUN,TMEM176A
JUN,MAN2A2
JUN,EIF1AD
JUN,RASAL3
JUN,GYPA
JUN,NDC1
JUN,MECOM
JUN,CERS4
JUN,CBX7
JUN,2210016F16RIK
JUN,RDH11
JUN,PRPS1
JUN,CCNE2
JUN,ARHGEF18
JUN,ITIH5
JUN,ARHGEF6
JUN,SEPT6
JUN,PLXNC1
JUN,ZFP592
JUN,CD9
JUN,CD34
JUN,EMB
JUN,SAMD14
JUN,GPSM2
JUN,FLOT2
JUN,ZFP36
JUN,PPP2R1B
JUN,PGLYRP2
JUN,GDF3
KDM6A,SUPT7L
KDM6A,TIMM29
KDM6A,CHORDC1
KDM6A,DUS1L
KDM6A,REXO4
KDM6A,ZDHHC6
KDM6A,DCP1A
KDM6A,CNOT10
KDM6A,EIF1AD
KDM6A,GALK2
KDM6A,NUF2
KDM6A,WDR36
KDM6A,UBA5
KDM6A,PSMF1
KDM6A,CUL4A
KDM6A,DHX33
KDM6A,GTF3C3
KDM6A,WARS
KDM6A,NUDCD3
KDM6A,CHAMP1
KDM6A,SNRNP200
KDM6A,AAR2
KDM6A,POLR1B
KDM6A,NIF3L1
KDM6A,PIGQ
KDM6A,FEM1B
KDM6A,HUS1
KDM6A,DDX1
KDM6A,PFKM
KDM6A,TMEM68
KDM6A,UNK
KDM6A,NELFB
KDM6A,CDCA3
KDM6A,9430015G10RIK
KDM6A,NAA35
KDM6A,BTRC
KDM6A,NPLOC4
KDM6A,NCLN
KDM6A,USP8
KDM6A,ELP2
KDM6A,XRCC5
KDM6A,NUDCD1
KDM6A,POLE3
KDM6A,UBE2G2
KDM6A,CDCA5
KDM6A,TUBGCP2
KDM6A,NARFL
KDM6A,STK25
KDM6A,GSKIP
KDM6A,COPS8
KDM6A,PPP6C
KDM6A,RMND5B
KDM6A,NEK9
KDM6A,BUB3
KDM6A,FASTKD2
KDM6A,NDC1
KDM6A,CDC45
KDM6A,TMEM186
KDM6A,MTREX
KDM6A,XAB2
KDM6A,NUP155
KDM6A,RANGAP1
KDM6A,SLC35A1
KDM6A,TMEM206
KDM6A,EIF2B1
KDM6A,CHMP7
KDM6A,GMFB
KDM6A,COA5
KDM6A,NDUFV1
KDM6A,MFN2
KDM6A,SRSF1
KDM6A,TBCD
KDM6A,ABI1
KDM6A,SPPL2A
KDM6A,MGST3
KDM6A,FEM1A
KDM6A,THUMPD3
KDM6A,PHB2
KDM6A,CLPX
KDM6A,METTL8
KDM6A,NFXL1
KDM6A,IFRD2
KDM6A,PA2G4
KDM6A,WDR5
KDM6A,TMEM129
KDM6A,TACC3
KDM6A,SPPL2B
KDM6A,TIMM50
KDM6A,PLAA
KDM6A,EXOC3
KDM6A,ZFP672
KDM6A,HSPH1
KDM6A,BUB1B
KDM6A,PSMD9
KDM6A,4833439L19RIK
KDM6A,PPIL4
KDM6A,SESN1
KDM6A,RRM1
KDM6A,SNRPB
KDM6A,PCYT1A
KDM6A,USP37
KDM6A,ANAPC2
KDM6A,SNAPC3
KDM6A,NDEL1
KDM6A,MARS
KDM6A,MIS18BP1
KDM6A,WDR45B
KDM6A,AP5M1
KDM6A,ITSN1
KDM6A,CDCA8
KDM6A,CAST
KDM6A,CRNKL1
KDM6A,ZFP143
KDM6A,RAD51
KDM6A,NOP2
KDM6A,LIG1
KDM6A,RPRD1B
KDM6A,PIK3C3
KDM6A,ZFP110
KDM6A,ODC1
KDM6A,COG7
KDM6A,PRIM1
KDM6A,ATAD2
KDM6A,COG6
KDM6A,CDK19
KDM6A,RHOT1
KDM6A,ENPP4
KDM6A,DCAF13
KDM6A,MAU2
KDM6A,IPO9
KDM6A,CHMP3
KDM6A,AHCYL1
KDM6A,MYNN
KDM6A,KAT7
KDM6A,GPKOW
KDM6A,RPP40
KDM6A,CLPTM1L
KDM6A,PRPF4
KDM6A,TMUB2
KDM6A,COPG1
KDM6A,AHCTF1
KDM6A,SLC39A9
KDM6A,RFESD
KDM6A,GMCL1
KDM6A,XPC
KDM6A,WDR4
KDM6A,TARS
KDM6A,CUL2
KDM6A,DPP8
KDM6A,ESYT2
KDM6A,VPS41
KDM6A,JARID2
KDM6A,FKBP1A
KDM6A,WDR75
KDM6A,LONP1
KDM6A,NOLC1
KDM6A,PPOX
KDM6A,RFC4
KDM6A,GSS
KDM6A,ZFP24
KDM6A,ABL1
KDM6A,BAP1
KDM6A,FTSJ3
KDM6A,SACM1L
KDM6A,ZFP62
KDM6A,ABCB8
KDM6A,TBL3
KDM6A,AURKA
KDM6A,SEC23IP
KDM6A,ERLIN2
KDM6A,CLCN4
KDM6A,LLGL1
KDM6A,RABIF
KDM6A,NFAT5
KDM6A,NADK
KDM6A,PRDM4
KDM6A,NUP88
KDM6A,ZFP655
KDM6A,SGTA
KDM6A,PBK
KDM6A,DLST
KDM6A,ATG4B
KDM6A,UBXN2B
KDM6A,ALKBH8
KDM6A,STX12
KDM6A,RAD21
KDM6A,CALU
KDM6A,ATG16L1
KDM6A,MSH6
KDM6A,KLHL24
KDM6A,HERC4
KDM6A,ABCF3
KDM6A,STXBP4
KDM6A,SPC25
KDM6A,B230219D22RIK
KDM6A,VPS26C
KDM6A,ADO
KDM6A,VPS33B
KDM6A,SDHAF2
KDM6A,PRKAB1
KDM6A,OTUD6B
KDM6A,GTF2E1
KDM6A,PDCL
KDM6A,FIGNL1
KDM6A,CHP1
KDM6A,CAPN7
KDM6A,TMEM168
KDM6A,LZTR1
KDM6A,VKORC1L1
KDM6A,MORC3
KDM6A,HIST1H1C
KDM6A,SGO1
KDM6A,MCM3
KDM6A,DCAF11
KDM6A,MIEF1
KDM6A,FAM76B
KDM6A,INTS13
KDM6A,GARS
KDM6A,DIS3L2
KDM6A,RAD51AP1
KDM6A,TFG
KDM6A,UROS
KDM6A,EXOC2
KDM6A,ATG12
KDM6A,AP3S1
KDM6A,DTL
KDM6A,CENPO
KDM6A,ZFP451
KDM6A,FTSJ1
KDM6A,TBC1D15
KDM6A,FOXRED1
KDM6A,RANBP3
KDM6A,TAF12
KDM6A,RPA2
KDM6A,BYSL
KDM6A,KPNA3
KDM6A,SPTLC1
KDM6A,POLR3F
KDM6A,PAFAH1B2
KDM6A,ILVBL
KDM6A,HIST1H2BC
KDM6A,NUBP2
KDM6A,TRIM30A
KDM6A,POLR2B
KDM6A,MAD2L1
KDM6A,COPB2
KDM6A,VAMP3
KDM6A,STXBP3
KDM6A,AFG3L2
KDM6A,PJA2
KDM6A,LYRM4
KDM6A,TOX4
KDM6A,MARCH5
KDM6A,RDH11
KDM6A,PITPNB
KDM6A,TIPIN
KDM6A,PRMT7
KDM6A,NFE2L2
KDM6A,UBR1
KDM6A,FBXW5
KDM6A,FAM136A
KDM6A,NUP107
KDM6A,SLC25A38
KDM6A,JPT2
KDM6A,NIT1
KDM6A,TRMT6
KDM6A,NEDD1
KDM6A,PRELID3B
KDM6A,LEPROT
KDM6A,E2F4
KDM6A,ANXA5
KDM6A,UAP1
KDM6A,PLAG1
KDM6A,TMX1
KDM6A,MTFR1
KDM6A,PNO1
KDM6A,CASP2
KDM6A,TFRC
KDM6A,RNF139
KDM6A,COLGALT1
KDM6A,FGFR1OP
KDM6A,DNPEP
KDM6A,HDAC2
KDM6A,ATP11C
KDM6A,NDOR1
KDM6A,ACAA2
KDM6A,ZFP639
KDM6A,MAPK1
KDM6A,FZR1
KDM6A,INPP5B
KDM6A,CLIC4
KDM6A,ARMC8
KDM6A,COPB1
KDM6A,SEH1L
KDM6A,WDHD1
KDM6A,RMND5A
KDM6A,FBXO5
KDM6A,DPH6
KDM6A,GTF2F1
KDM6A,MTMR6
KDM6A,GEMIN5
KDM6A,MCM7
KDM6A,TOLLIP
KDM6A,CRK
KDM6A,ARL8B
KDM6A,MFGE8
KDM6A,GOSR2
KDM6A,DNM1L
KDM6A,XRCC6
KDM6A,PRC1
KDM6A,NCAPG2
KDM6A,ICE1
KDM6A,MIS12
KDM6A,ARHGEF18
KDM6A,KIF11
KDM6A,HARS2
KDM6A,HARS
KDM6A,ALG9
KDM6A,STAT3
KDM6A,NCAPD2
KDM6A,MBTPS1
KDM6A,HNRNPAB
KDM6A,ABTB1
KDM6A,SKAP2
KDM6A,NCAPH
KDM6A,INCENP
KDM6A,GM2A
KDM6A,ZBTB43
KDM6A,CDC6
KDM6A,UROD
KDM6A,IFT140
KDM6A,CCNA2
KDM6A,ADK
KDM6A,MRPL37
KDM6A,SLC30A5
KDM6A,RNF4
KDM6A,LRRFIP1
KDM6A,UBAP1
KDM6A,TM7SF3
KDM6A,LPCAT1
KDM6A,EFTUD2
KDM6A,BTAF1
KDM6A,SLC19A1
KDM6A,ANAPC4
KDM6A,NUDT9
KDM6A,LDAH
KDM6A,PSEN2
KDM6A,PKM
KDM6A,NAMPT
KDM6A,FARSB
KDM6A,FAM234B
KDM6A,GNA13
KDM6A,LRRC14
KDM6A,MRM1
KDM6A,MED22
KDM6A,FCHSD2
KDM6A,EPS15
KDM6A,PWP1
KDM6A,XPR1
KDM6A,ATP6AP2
KDM6A,ME2
KDM6A,TK1
KDM6A,CPOX
KDM6A,TMX3
KDM6A,DNAJC11
KDM6A,ARMT1
KDM6A,ZFP367
KDM6A,VPS11
KDM6A,TCF12
KDM6A,RELB
KDM6A,TYK2
KDM6A,D230025D16RIK
KDM6A,UCKL1
KDM6A,ORC2
KDM6A,CKAP2L
KDM6A,IPO4
KDM6A,HAUS2
KDM6A,SP4
KDM6A,TMEM109
KDM6A,KLF3
KDM6A,CDC7
KDM6A,GTF2H1
KDM6A,ATAD1
KDM6A,PITRM1
KDM6A,LANCL2
KDM6A,ISG20
KDM6A,SUN1
KDM6A,MED16
KDM6A,VPS33A
KDM6A,SCRN3
KDM6A,HMGB2
KDM6A,HCFC1
KDM6A,ZFP397
KDM6A,CENPA
KDM6A,BIRC5
KDM6A,SNAP23
KDM6A,SHCBP1
KDM6A,RCOR1
KDM6A,ABCB10
KDM6A,PSEN1
KDM6A,POLD1
KDM6A,ATP7B
KDM6A,ALG11
KDM6A,LMNA
KDM6A,HSDL1
KDM6A,ELAC2
KDM6A,ANKLE1
KDM6A,CERS5
KDM6A,FAM91A1
KDM6A,DCAF4
KDM6A,STX17
KDM6A,NR4A1
KDM6A,CENPK
KDM6A,PWP2
KDM6A,ZZZ3
KDM6A,DHFR
KDM6A,DDHD2
KDM6A,STOM
KDM6A,CTR9
KDM6A,SLC31A1
KDM6A,MFSD14B
KDM6A,TRMT11
KDM6A,PLD3
KDM6A,ANKRD27
KDM6A,ACSS2
KDM6A,WDR55
KDM6A,ZFP322A
KDM6A,NAA50
KDM6A,ATP6V1A
KDM6A,TASP1
KDM6A,CCNF
KDM6A,TOP2A
KDM6A,GRN
KDM6A,PQLC1
KDM6A,PPP2R1B
KDM6A,USF3
KDM6A,RABGGTB
KDM6A,AP1B1
KDM6A,TRMT2A
KDM6A,AHR
KDM6A,ACOX1
KDM6A,XPNPEP1
KDM6A,BLVRB
KDM6A,POLA2
KDM6A,MCM4
KDM6A,UBAC1
KDM6A,RUVBL2
KDM6A,RNF141
KDM6A,PTCD3
KDM6A,LCP1
KDM6A,ZFP930
KDM6A,FPGS
KDM6A,HPCAL1
KDM6A,UHRF1
KDM6A,CBFB
KDM6A,ARAP1
KDM6A,SLC39A10
KDM6A,NAE1
KDM6A,MCM5
KDM6A,CDT1
KDM6A,WDR73
KDM6A,OSTM1
KDM6A,MAN1A
KDM6A,SMARCA2
KDM6A,NR3C2
KDM6A,SGPL1
KDM6A,CISH
KDM6A,ASB8
KDM6A,SLC11A2
KDM6A,ALDH9A1
KDM6A,TCF19
KDM6A,TPX2
KDM6A,PPAT
KDM6A,CITED4
KDM6A,RPA1
KDM6A,NOL9
KDM6A,ETF1
KDM6A,BID
KDM6A,ARL6IP6
KDM6A,VPS35
KDM6A,UNC93B1
KDM6A,ORC6
KDM6A,MFSD1
KDM6A,BLZF1
KDM6A,LMBRD1
KDM6A,RNF13
KDM6A,YBX1
KDM6A,IARS2
KDM6A,VWA5A
KDM6A,SLC41A3
KDM6A,ORC5
KDM6A,IL15
KDM6A,GNAI3
KDM6A,DDX20
KDM6A,NT5DC1
KDM6A,DNAJC5
KDM6A,ZFP871
KDM6A,SPC24
KDM6A,CENPF
KDM6A,PSMD5
KDM6A,MARCH8
KDM6A,KIF20B
KDM6A,SETD2
KDM6A,DPH2
KDM6A,UBA3
KDM6A,NECAP2
KDM6A,MTO1
KDM6A,AFF4
KDM6A,TOPORS
KDM6A,ZFP266
KDM6A,KLHL22
KDM6A,TMEM177
KDM6A,POT1A
KDM6A,NFATC2
KDM6A,ELL2
KDM6A,CNOT7
KDM6A,ABCD3
KDM6A,TVP23B
KDM6A,XRCC3
KDM6A,CRIP2
KDM6A,ZKSCAN17
KDM6A,TNFAIP8
KDM6A,HDGF
KDM6A,GRINA
KDM6A,TMEM64
KDM6A,SLC44A2
KDM6A,CSGALNACT2
KDM6A,CNP
KDM6A,BTG2
KDM6A,TERF2IP
KDM6A,PLIN3
KDM6A,NGLY1
KDM6A,ZFP467
KDM6A,CBX7
KDM6A,MYH10
KDM6A,INTS8
KDM6A,ZFP945
KDM6A,INPP1
KDM6A,QARS
KDM6A,NCAPG
KDM6A,METAP1
KDM6A,TUBGCP3
KDM6A,TTLL12
KDM6A,TAB1
KDM6A,SLC16A1
KDM6A,FAAP100
KDM6A,PCCA
KDM6A,MCM10
KDM6A,FOS
KDM6A,DECR1
KDM6A,NUP93
KDM6A,UBR7
KDM6A,EDC3
KDM6A,DRAM2
KDM6A,CEPT1
KDM6A,2610301B20RIK
KDM6A,SLC20A1
KDM6A,NAPSA
KDM6A,HSD3B7
KDM6A,DCK
KDM6A,CIPC
KDM6A,WDSUB1
KDM6A,PCYT2
KDM6A,TWSG1
KDM6A,ASF1B
KDM6A,ZSCAN21
KDM6A,GANAB
KDM6A,EPAS1
KDM6A,DUSP1
KDM6A,ASAH1
MEF2C,HDAC9
MEF2C,KLF6
MEF2C,KLHL24
MEF2C,JUN
MEIS1,LRRFIP1
MEIS1,ZFP945
MEIS1,DCAF11
MEIS1,NEURL3
MEIS1,NUP107
MEIS1,JARID2
MEIS1,PTGS1
MEIS1,ZKSCAN6
MEIS1,SELENBP1
MEIS1,SLC25A46
MEIS1,ACOX1
MEIS1,SPTLC1
MEIS1,WDR75
MEIS1,KIDINS220
MEIS1,CCNG1
MEIS1,DCAF13
MEIS1,ACSS2
MEIS1,VPS33A
MEIS1,TMEM97
MEIS1,ERLIN1
MEIS1,ZFP655
MEIS1,MTMR6
MEIS1,STK25
MEIS1,CAST
MEIS1,GRINA
MEIS1,CTLA2A
MEIS1,BYSL
MEIS1,ADO
MEIS1,TRIB2
MEIS1,TBC1D10C
MEIS1,CLCN4
MEIS1,POLR3F
MEIS1,PCYT1A
MEIS1,STARD10
MEIS1,HOXA9
MEIS1,PICALM
MEIS1,ITIH5
MEIS1,SMARCA2
MEIS1,ATP7B
MEIS1,ALG11
MEIS1,RNASEL
MEIS1,ELAC2
MEIS1,RASSF5
MEIS1,METTL7A1
MEIS1,KLHL6
MEIS1,SPC24
MEIS1,ASF1B
MEIS1,NARF
MEIS1,ANXA1
MEIS1,DNPEP
MEIS1,ABCG2
MEIS1,TES
MEIS1,NARFL
MEIS1,ITFG1
MEIS1,HIST1H1C
MEIS1,SCRN3
MEIS1,GALK2
MEIS1,ZFP672
MEIS1,USF3
MEIS1,PTDSS1
MEIS1,GTF2H1
MEIS1,SPI1
MEIS1,DRAM2
MEIS1,CEPT1
MEIS1,ATP2A3
MEIS1,CDC6
MEIS1,SLC31A1
MEIS1,DDX20
MEIS1,EXT2
MEIS1,PLAA
MEIS1,EIF2B1
MEIS1,NGLY1
MEIS1,ANGPT1
MEIS1,STT3B
MEIS1,ATP6AP2
MEIS1,GYG
MEIS1,CENPK
MEIS1,CDCA4
MEIS1,UBAC1
MEIS1,CKAP2L
MEIS1,HACD4
MEIS1,EMB
MEIS1,UROD
MEIS1,MYNN
MEIS1,SESN1
MEIS1,SP4
MEIS1,NDUFV1
MEIS1,VAMP3
MEIS1,NFAT5
MEIS1,ADGRG3
MEIS1,MFN2
MEIS1,AP5M1
MEIS1,RHOT1
MEIS1,NFE2
MEIS1,NR3C2
MEIS1,MAN1A
MEIS1,UAP1
MEIS1,PCLAF
MEIS1,ASB8
MEIS1,MORC3
MEIS1,CUL2
MEIS1,CRK
MEIS1,SGTA
MEIS1,RFC5
MEIS1,FNTA
MEIS1,CCNA2
MEIS1,CD82
MEIS1,RRM1
MEIS1,SGO1
MEIS1,HAGH
MEIS1,SOX6
MEIS1,CHUK
MEIS1,RPRD1B
MEIS1,PKM
MEIS1,MAPK1
MEIS1,KLF3
MEIS1,ZFP367
MEIS1,TRPS1
MEIS1,ZFP451
MEIS1,MFGE8
MEIS1,HARS2
MEIS1,HARS
MEIS1,PSMD5
MEIS1,REL
MEIS1,NFATC2
MEIS1,PLAG1
MEIS1,COG6
MEIS1,MECOM
MEIS1,EXOC3
MEIS1,IPO4
MEIS1,EDC3
MEIS1,SHCBP1
MEIS1,VPS33B
MEIS1,GOLPH3
MEIS1,VAV1
MEIS1,PACSIN2
MEIS1,ETS1
MEIS1,PAFAH1B2
MEIS1,COPB2
MEIS1,HSPA4L
MEIS1,MARS
MEIS1,PCP4L1
MEIS1,RFC4
MEIS1,NDEL1
MEIS1,USP8
MEIS1,ARMC8
MEIS1,GRN
MEIS1,ZDHHC13
MEIS1,NDRG1
MEIS1,LMNA
MEIS1,XRCC6
MEIS1,MTO1
MEIS1,RAD51AP1
MEIS1,TBCD
MEIS1,ANAPC2
MEIS1,NUBP2
MEIS1,RASAL3
MEIS1,CAD
MEIS1,INPP5B
MEIS1,OSTM1
MEIS1,NR2C1
MEIS1,MIEF1
MEIS1,GSR
MEIS1,SELENOP
MEIS1,WDR4
MEIS1,UBR1
MEIS1,PPP6C
MEIS1,PRMT7
MEIS1,PRELID3B
MEIS1,HERC4
MEIS1,ANXA5
MEIS1,ABCB8
MEIS1,AHCYL1
MEIS1,METAP1
MEIS1,GOLT1B
MEIS1,TUBGCP5
MEIS1,MCM2
MEIS1,DNAJC5
MEIS1,OAT
MEIS1,INTS13
MEIS1,MCM7
MEIS1,RABGGTB
MEIS1,RDH11
MEIS1,PFKM
MEIS1,PSAT1
MEIS1,ESYT2
MEIS1,PDCL
MEIS1,METAP1D
MEIS1,XPNPEP1
MEIS1,GUSB
MEIS1,COLGALT1
MEIS1,IFRD2
MEIS1,CYTH4
MEIS1,PCCA
MEIS1,PON2
MEIS1,CYB5R3
MEIS1,PPOX
MEIS1,TSHZ3
MEIS1,KIF20B
MEIS1,MTFR1
MEIS1,ZBTB10
MEIS1,SLC40A1
MEIS1,CALCRL
MEIS1,HIST1H2BC
MEIS1,FUCA2
MEIS1,GCNT2
MEIS1,TSPAN3
MEIS1,LPCAT3
MEIS1,PPARGC1A
MEIS1,SPIRE1
MEIS1,CDC45
MEIS1,CNOT7
MEIS1,STAT3
MEIS1,FAM76B
MEIS1,GTF2E1
MEIS1,PSEN1
MEIS1,USP4
MEIS1,ISG20
MEIS1,GSTM1
MEIS1,CALU
MEIS1,FOXO1
MEIS1,TVP23B
MEIS1,NFE2L2
MEIS1,ANAPC4
MEIS1,CD63
MEIS1,PLEC
MEIS1,NUP155
MEIS1,KIF22
MEIS1,ITSN1
MEIS1,NADK
MEIS1,SKAP2
MEIS1,ISYNA1
MEIS1,PJA2
MEIS1,FAM45A
MEIS1,TIMM29
MEIS1,SPNS2
MEIS1,DOCK2
MEIS1,DPP8
MEIS1,TOLLIP
MEIS1,PLD3
MEIS1,TCN2
MEIS1,AFF4
MEIS1,MINPP1
MEIS1,CAPN7
MEIS1,NT5DC1
MEIS1,TAB1
MEIS1,UBAP1
MEIS1,NUDCD3
MEIS1,CDCA5
MEIS1,SGPP1
MEIS1,SUPT7L
MEIS1,MAPK9
MEIS1,HMMR
MEIS1,ATG4B
MEIS1,PITRM1
MEIS1,LONP1
MEIS1,ILVBL
MEIS1,EBI3
MEIS1,HPN
MEIS1,UROS
MEIS1,TWSG1
MEIS1,TOX4
MEIS1,SDHAF2
MEIS1,NUDT19
MEIS1,TAF12
MEIS1,SUN1
MEIS1,VPS11
MEIS1,RASA3
MEIS1,ICA1
MEIS1,ATAD1
MEIS1,VDR
MEIS1,XRCC5
MEIS1,TASP1
MEIS1,SP100
MEIS1,PBX1
MEIS1,NAA35
MEIS1,CUL4A
MEIS1,RARB
MEIS1,HEATR5A
MEIS1,ACAA2
MEIS1,RARS
MEIS1,UNK
MEIS1,UBA5
MEIS1,SERPINA3G
MEIS1,ME2
MEIS1,GNA13
MEIS1,RUVBL2
MEIS1,IDH3A
MEIS1,TYK2
MEIS1,CACFD1
MEIS1,USP37
MEIS1,POLD1
MEIS1,ZFP24
MEIS1,XAB2
MEIS1,TMEM109
MEIS1,TFR2
MEIS1,TIFA
MEIS1,TRIM30A
MEIS1,ZFP930
MEIS1,ZFP322A
MEIS1,CISH
MEIS1,STEAP3
MEIS1,CTR9
MEIS1,PREP
MEIS1,RANGAP1
MEIS1,ZFP143
MEIS1,LMO4
MEIS1,ELMO1
MEIS1,DUSP2
MEIS1,POLR2B
MEIS1,NUP85
MEIS1,LYRM4
MEIS1,LDAH
MEIS1,ACAP1
MEIS1,FAM91A1
MEIS1,SLC30A5
MEIS1,CD55
MEIS1,TSC22D3
MEIS1,LCP1
MEIS1,MTHFD1
MEIS1,TFRC
MEIS1,CDT1
MEIS1,TUBGCP2
MEIS1,ANKFY1
MEIS1,NUP93
MEIS1,GFM1
MEIS1,DUSP1
MEIS1,BLVRB
MEIS1,ATG16L1
MEIS1,TCF12
MEIS1,PIDD1
MEIS1,RAD51
MEIS1,MARCH6
MEIS1,CTLA2B
MEIS1,ABHD16A
MEIS1,ZFP639
MEIS1,L2HGDH
MEIS1,GNAI3
MEIS1,DCAF4
MEIS1,ZSCAN21
MEIS1,DCP1A
MEIS1,FZR1
MEIS1,CDCA3
MEIS1,PRIM2
MEIS1,CDCA8
MEIS1,ORC5
MEIS1,TNFAIP8
MEIS1,CKS1B
MEIS1,PPAT
MEIS1,RNF4
MEIS1,MFSD1
MEIS1,NOP2
MEIS1,RPA1
MEIS1,HCFC1
MEIS1,CCNE1
MEIS1,PITPNB
MEIS1,ATL2
MEIS1,PSMD6
MEIS1,FARSB
MEIS1,HMGB2
MEIS1,TFG
MEIS1,PHAX
MEIS1,RNF115
MEIS1,WDR36
MEIS1,GSTM5
MEIS1,IARS
MEIS1,NEDD1
MEIS1,CIPC
MEIS1,PA2G4
MEIS1,NUSAP1
MEIS1,LEPROT
MEIS1,AP1B1
MEIS1,STXBP3
MEIS1,PLEK
MEIS1,NUPR1
MEIS1,XRCC3
MEIS1,GPSM2
MEIS1,RRM2
MEIS1,COPB1
MEIS1,ARL6IP6
MEIS1,UCKL1
MEIS1,ZYX
MEIS1,SCARB1
MEIS1,ARHGAP4
MEIS1,TMEM177
MEIS1,PLA2G12A
MEIS1,GMCL1
MEIS1,NAMPT
MEIS1,MOGS
MEIS1,UBR7
MEIS1,ELOVL1
MEIS1,CASP2
MEIS1,CTSC
MEIS1,VKORC1L1
MEIS1,SNAPC3
MEIS1,MRM1
MEIS1,AP1G2
MEIS1,SLC39A9
MEIS1,TBL3
MEIS1,COPG1
MEIS1,COA5
MEIS1,CERS5
MEIS1,LMBRD1
MEIS1,TRMT2A
MEIS1,RHOF
MEIS1,ADSSL1
MEIS1,CASP3
MEIS1,MAU2
MEIS1,FOXRED1
MEIS1,MIS12
MEIS1,ELL2
MEIS1,TMEM129
MEIS1,TACC3
MEIS1,ABCF3
MEIS1,TARS
MEIS1,SLC30A6
MEIS1,KLHL23
MEIS1,TMEM206
MEIS1,RGCC
MEIS1,CHP1
MEIS1,CTPS
MEIS1,PHF10
MEIS1,PEAR1
MEIS1,XK
MEIS1,RMND5B
MEIS1,DNM1L
MEIS1,CKAP2
MEIS1,PQLC1
MEIS1,KAT7
MEIS1,PIK3C3
MEIS1,IFI204
MEIS1,STOM
MEIS1,SLC20A1
MEIS1,SPPL2A
MEIS1,NR4A1
MEIS1,PPIL4
MEIS1,FASTKD2
MEIS1,SPTBN1
MEIS1,RABIF
MEIS1,WDHD1
MEIS1,RGS2
MEIS1,GRAMD1A
MEIS1,PLIN3
MEIS1,CORO1A
MEIS1,ERLIN2
MEIS1,SPC25
MEIS1,CYTH3
MEIS1,DCK
MEIS1,D1ERTD622E
MEIS1,RAB32
MEIS1,2610301B20RIK
MEIS1,GNB4
MEIS1,ARL8B
MEIS1,ST8SIA4
MEIS1,FEM1A
MEIS1,CASP4
MEIS1,CRYZL2
MEIS1,NAA50
MEIS1,ATP6V1A
MEIS1,IPO9
MEIS1,UBXN2B
MEIS1,ADK
MEIS1,TMEM168
MEIS1,RNF13
MEIS1,KDM6A
MEIS1,WDR45B
MEIS1,PRKAB1
MEIS1,INKA1
MEIS1,SACM1L
MEIS1,ALG9
MEIS1,TRIB3
MEIS1,SPRYD4
MEIS1,LSP1
MEIS1,BAG2
MEIS1,AFG3L2
MEIS1,MED22
MEIS1,DDHD2
MEIS1,METTL27
MEIS1,FCHSD2
MEIS1,CRNKL1
MEIS1,CELA1
MEIS1,SVIP
MEIS1,PRIM1
MEIS1,PRC1
MEIS1,D230025D16RIK
MEIS1,ZFP110
MEIS1,WARS
MEIS1,BUB3
MEIS1,VPS26C
MEIS1,TSPAN14
MEIS1,SLC44A2
MEIS1,DENND2D
MEIS1,BLZF1
MEIS1,NIT1
MEIS1,RANBP3
MEIS1,GORASP1
MEIS1,SLC35A1
MEIS1,MSH6
MEIS1,RAB37
MEIS1,ABL1
MEIS1,NIF3L1
MEIS1,BID
MEIS1,RNF145
MEIS1,NUDCD1
MEIS1,BTG2
MEIS1,RELB
MEIS1,RNF139
MEIS1,PAK1
MEIS1,MXD3
MEIS1,CKAP5
MEIS1,RFESD
MEIS1,OPTN
MEIS1,E2F8
MEIS1,TLK1
MEIS1,SQLE
MEIS1,GLIPR2
MEIS1,CCNE2
MEIS1,SLC11A2
MEIS1,CLPX
MEIS1,PRSS50
MEIS1,PIGQ
MEIS1,TCIRG1
MEIS1,CENPA
MEIS1,STX12
MEIS1,HACD3
MEIS1,CHORDC1
MEIS1,MIOS
MEIS1,FEM1B
MEIS1,KLHL22
MEIS1,HCLS1
MEIS1,ENPP4
MEIS1,MFSD14B
MEIS1,CTTN
MEIS1,CDK19
MEIS1,SLC43A1
MEIS1,NCAPG
MEIS1,RB1
MEIS1,RCOR1
MEIS1,9430015G10RIK
MEIS1,CLN5
MEIS1,CBFB
MEIS1,SMIM15
MEIS1,PQLC3
MEIS1,SLC6A6
MEIS1,BUB1
MEIS1,NCAPD2
MEIS1,TERF2IP
MEIS1,ALDH18A1
MEIS1,CTSO
MEIS1,DNAJC10
MEIS1,NUP88
MEIS1,MARCH8
MEIS1,EPS15
MEIS1,CBX7
MEIS1,JUN
MEIS1,ELP3
MEIS1,SLC25A38
MEIS1,NRF1
MEIS1,ARAP1
MEIS1,PHB2
MEIS1,KLF6
MEIS1,EXOC2
MEIS1,TMX1
MEIS1,INCENP
MEIS1,DHFR
MEIS1,NCAPG2
MEIS1,EIF1AD
MEIS1,CD1D1
MEIS1,P2RX4
MEIS1,THUMPD3
MEIS1,TCP11L2
MEIS1,FAR1
MEIS1,TTF2
MEIS1,TMC6
MEIS1,SMIM5
MEIS1,RGS19
MEIS1,UBASH3A
MEIS1,NCEH1
MEIS1,DTL
MEIS1,ABTB1
MEIS1,TAPT1
MEIS1,GPKOW
MEIS1,CPQ
MEIS1,BCAP29
MEIS1,SNX10
MEIS1,PDE4B
MEIS1,NUF2
MEIS1,EBF1
MEIS1,CYB5R1
MEIS1,TMEM64
MEIS1,NFATC1
MEIS1,ANXA6
MEIS1,GFI1B
MEIS1,CMPK2
MEIS1,CLIC4
MEIS1,SQOR
MEIS1,TPX2
MEIS1,NOL9
MEIS1,TPP1
MEIS1,INPP1
MEIS1,SPHK1
MEIS1,BIRC5
MEIS1,SNAP23
MEIS1,SLC25A45
MEIS1,SLC16A1
MEIS1,ERCC8
MEIS1,TMEM186
MEIS1,VHL
MEIS1,DHX33
MEIS1,GIMAP6
MEIS1,FES
MEIS1,DLST
MEIS1,NEK9
MEIS1,UNC93B1
MEIS1,LAPTM4B
MEIS1,NCAPH
MEIS1,CENPO
MEIS1,ZZZ3
MEIS1,TOR3A
MEIS1,TAF1
MEIS1,MYH10
MEIS1,RAD21
MEIS1,TMUB2
MEIS1,NASP
MEIS1,IKZF1
MEIS1,KNSTRN
MEIS1,GPR180
MEIS1,GM2A
MEIS1,INTS8
MEIS1,MTREX
MEIS1,YPEL3
MEIS1,XPR1
MEIS1,HEBP1
MEIS1,COG7
MEIS1,ACSS1
MEIS1,SLC19A1
MEIS1,GDF3
MEIS1,MBTPS1
MEIS1,SEH1L
MEIS1,RPP40
MEIS1,POLE3
MEIS1,HUS1
MEIS1,PRDM4
MEIS1,ST6GALNAC4
MEIS1,E2F4
MEIS1,ODC1
MEIS1,HNRNPLL
MEIS1,ZFP961
MEIS1,G6PDX
MEIS1,TXNRD2
MEIS1,IFI30
MEIS1,ATAD2
MEIS1,TRMT11
MEIS1,MAD2L1
MEIS1,TUBGCP3
MEIS1,ANXA2
MEIS1,MCM3
MEIS1,PPP2R1B
MEIS1,PIP4K2A
MEIS1,GMFB
MEIS1,SAMD14
MEIS1,HDAC7
MEIS1,TRMT6
MEIS1,ATG12
MEIS1,AP3S1
MEIS1,ELP2
MEIS1,TGM2
MEIS1,KLHL24
MEIS1,ZFP36
MEIS1,NELFB
MEIS1,ARHGAP15
MEIS1,AFAP1L1
MEIS1,TIPIN
MEIS1,POLR1B
MEIS1,GOSR2
MEIS1,NECAP2
MEIS1,STXBP1
MEIS1,EFTUD2
MEIS1,PSTPIP1
MEIS1,GSKIP
MEIS1,CSTF2
MEIS1,MRPL37
MEIS1,CCNF
MEIS1,RNF19A
MEIS1,MCM4
MEIS1,FBXO5
MEIS1,APLP2
MEIS1,CCNB1
MEIS1,TMEM164
MEIS1,ETF1
MEIS1,TMEM68
MEIS1,PWP2
MEIS1,LANCL2
MEIS1,B230219D22RIK
MEIS1,SNRPB
MEIS1,EZR
MEIS1,ZFP397
MEIS1,GNG11
MEIS1,FIGNL1
MEIS1,ZFP62
MEIS1,SMC2
MEIS1,NAPSA
MEIS1,BMI1
MEIS1,MAVS
MEIS1,DNAJC11
MEIS1,VPS35
MEIS1,ORC6
MEIS1,LPIN2
MEIS1,OTUD6B
MEIS1,UGCG
MEIS1,CHMP3
MEIS1,SLC41A3
MEIS1,FTSJ3
MEIS1,PSMF1
MEIS1,TENT5A
MEIS1,TLR4
MEIS1,CHMP7
MEIS1,GTF2F1
MEIS1,RAB31
MEIS1,COPS8
MEIS1,ZMYM3
MEIS1,PSEN2
MEIS1,NDOR1
MEIS1,HAUS2
MEIS1,USP10
MEIS1,TRIM59
MEIS1,SERPINB9
MEIS1,BTAF1
MEIS1,NUDT9
MEIS1,CEP70
MEIS1,GNPDA1
MEIS1,D10WSU102E
MEIS1,RORA
MEIS1,MYC
MEIS1,MCM5
MEIS1,MYO1D
MEIS1,MCM6
MEIS1,BUB1B
MEIS1,ORC2
MEIS1,CNOT10
MEIS1,FBXW5
MEIS1,ESR1
MEIS1,BAP1
MEIS1,ABCD3
MEIS1,KPNA3
MEIS1,DECR1
MEIS1,CYP20A1
MEIS1,APBB1
MEIS1,GARS
MEIS1,DDX1
MEIS1,UMPS
MEIS1,ASNS
MEIS1,CRBN
MEIS1,TANGO2
MEIS1,DENND1C
MEIS1,QARS
MEIS1,PIK3R2
MEIS1,ASAH1
MEIS1,PTDSS2
MEIS1,EYA2
MEIS1,MAPKAPK3
MEIS1,TOPORS
MEIS1,SALL2
MEIS1,HDGF
MEIS1,CITED4
MEIS1,NCLN
MEIS1,MFNG
MEIS1,HELLS
MEIS1,TMEM185A
MEIS1,MIS18BP1
MEIS1,CPT2
MEIS1,ZBTB43
MEIS1,PSMD9
MEIS1,IFT140
MEIS1,LY6A
MEIS1,LRRC14
MEIS1,FGFR1OP
MEIS1,EIF4ENIF1
MEIS1,USP25
MEIS1,KIF11
MEIS1,WDR6
MEIS1,TCF19
MEIS1,HPCAL1
MEIS1,SCFD1
MEIS1,ATP6AP1
MEIS1,PTPN12
MEIS1,PNO1
MEIS1,SATB1
MEIS1,4833439L19RIK
MEIS1,SMAD2
MEIS1,MT1
MEIS1,NDC1
MEIS1,FAAP100
MEIS1,PRKAR2B
MEIS1,ADAMTS10
MEIS1,ALDH9A1
MEIS1,CREB5
MEIS1,ATP13A1
MEIS1,ANKLE1
MEIS1,SETD2
MEIS1,ZFP592
MEIS1,SEPT6
MEIS1,HNRNPAB
MEIS1,RUNX1T1
MEIS1,LRRC8C
MEIS1,LIG1
MEIS1,ENDOD1
MEIS1,PMPCA
MEIS1,PLIN2
MEIS1,CDC20
MEIS1,SNRNP200
MEIS1,RPAP1
MEIS1,GMNN
MEIS1,PTCD3
MEIS1,LTB
MEIS1,LAP3
MEIS1,SPPL2B
MEIS1,TMEM263
MEIS1,CSAD
MEIS1,PHACTR2
MEIS1,XPC
MEIS1,CD84
MEIS1,PGM1
MEIS1,JPT2
MEIS1,EPAS1
MEIS1,GFI1
MEIS1,PRPF4
MEIS1,UHRF1
MEIS1,PRKCH
MEIS1,CTNNA1
MEIS1,ARMT1
MEIS1,ICE1
MEIS1,DDX58
MEIS1,BTRC
MEIS1,DPH6
MEIS1,H2-OB
MEIS1,FOS
MEIS1,RUNX2
MEIS1,CD74
MEIS1,GATM
MEIS1,SGPL1
MEIS1,NAGA
MEIS1,LYZ2
MEIS1,H2-DMB1
MEIS1,SLC29A1
MEIS1,FLOT2
MEIS1,CUL3
MEIS1,NPLOC4
MEIS1,PDK3
MEIS1,HMBS
MEIS1,DUS1L
MEIS1,AMPD3
MEIS1,LCP2
MEIS1,GANAB
MEIS1,HDAC11
MEIS1,ZFP275
MEIS1,SLC22A3
MEIS1,NFXL1
MEIS1,SLA2
MEIS1,ID2
MEIS1,IRF5
MEIS1,ABI1
MEIS1,MFSD2B
MEIS1,TBXAS1
MEIS1,COQ8A
MEIS1,ZKSCAN3
MEIS1,ZFP871
MEIS1,TYMS
MEIS1,GSS
MEIS1,ALAD
MEIS1,PRKCQ
MEIS1,HDAC2
MEIS1,RBPMS
MEIS1,AHR
MEIS1,ANK
MEIS1,SNCA
MEIS1,HSPH1
MEIS1,TNFAIP2
MEIS1,ALKBH8
MEIS1,NPTN
MEIS1,ZDHHC6
MEIS1,TSPAN33
MEIS1,SLC25A21
MEIS1,METTL8
MEIS1,MEF2C
MEIS1,LZTR1
MEIS1,CD93
MEIS1,CCNB2
MEIS1,ANKRD27
MEIS1,UTP4
MEIS1,TTF1
MEIS1,STX17
MEIS1,ZEB2
MEIS1,PCYT2
MEIS1,ZFP266
MEIS1,WDR73
MEIS1,PBK
MEIS1,DEK
MEIS1,TTLL12
MEIS1,PLCB2
MEIS1,ABCB4
MEIS1,YOD1
MEIS1,MGST3
MEIS1,SRSF1
MEIS1,HSDL1
MEIS1,MYB
MEIS1,MUC13
MEIS1,PPM1H
MEIS1,FPGS
MEIS1,RNF141
MEIS1,MARCH5
MEIS1,CSGALNACT2
MEIS1,NET1
MEIS1,SLC39A10
MEIS1,POT1A
MEIS1,FTSJ1
MEIS1,UAP1L1
MEIS1,FAM168B
MEIS1,AHCTF1
MEIS1,FAM136A
MYC,WDR4
MYC,NOLC1
MYC,POLR1B
MYC,IFRD2
MYC,TARS
MYC,ALDH18A1
MYC,HDGF
MYC,IARS
MYC,AURKA
MYC,DPH6
MYC,WDR36
MYC,SLC19A1
MYC,MRM1
MYC,CAD
MYC,CYP20A1
MYC,TAF12
MYC,DDHD2
MYC,RNF145
MYC,NOP2
MYC,MCM7
MYC,DCTD
MYC,YBX3
MYC,NUDT9
MYC,BYSL
MYC,GMFB
MYC,ZZZ3
MYC,SLC29A1
MYC,SLC20A1
MYC,DHX33
MYC,STAT3
MYC,CTPS
MYC,BAP1
MYC,PSAT1
MYC,D10WSU102E
MYC,ZFP451
MYC,PITPNB
MYC,ADK
MYC,PPAT
MYC,MTHFD1
MYC,SRSF1
MYC,WDR55
MYC,PKM
MYC,FNTA
MYC,EIF1AD
MYC,NOL9
MYC,TFRC
MYC,PA2G4
MYC,THUMPD3
MYC,HMMR
MYC,ODC1
MYC,TMEM186
MYC,TRMT6
MYC,XRCC6
MYC,IPO4
MYC,LAP3
MYC,CKS1B
MYC,ASNS
MYC,ATAD1
MYC,POGLUT1
MYC,SEH1L
MYC,CCNE2
MYC,PRMT7
MYC,PWP1
MYC,ST6GALNAC4
MYC,NUDCD1
MYC,NUP85
MYC,UBE2C
MYC,PUS7
MYC,YBX1
MYC,HAGH
MYC,PTCD3
MYC,ORC5
MYC,TRMT2A
MYC,MTMR6
MYC,SMARCA2
MYC,FPGS
MYC,P2RX4
MYC,ELAC2
MYC,CD63
MYC,RNF13
MYC,FARSB
MYC,TMEM97
MYC,FAM91A1
MYC,HNRNPAB
MYC,SPPL2B
MYC,EIF2B1
MYC,TERF2IP
MYC,PSMD5
MYC,RANGAP1
MYC,RFC5
MYC,RNF4
MYC,GTF2H1
MYC,STT3B
MYC,TBL3
MYC,NCLN
MYC,WDR75
MYC,CLPTM1L
MYC,UTP4
MYC,NFE2L2
MYC,DCAF13
MYC,XPC
MYC,RABGGTB
MYC,BIRC5
MYC,PNO1
MYC,SLC30A5
MYC,SLC39A10
MYC,FASTKD2
MYC,FTSJ3
MYC,LRRFIP1
MYC,METTL8
MYC,ATAD2
MYC,ME2
MYC,XRCC5
MYC,FCHSD2
MYC,PITRM1
MYC,ZFP639
MYC,TBC1D15
MYC,HDAC2
MYC,SGTA
MYC,RUVBL2
MYC,L2HGDH
MYC,BCAP29
MYC,DPP8
MYC,COLGALT1
MYC,WDR73
MYC,JPT2
MYC,METAP1
MYC,SNRPB
MYC,TMEM109
MYC,PRDM4
MYC,ARL6IP6
MYC,SLC39A9
MYC,FEM1A
MYC,RPP40
MYC,NCAPD2
MYC,ATP7B
MYC,ALG11
MYC,GARS
MYC,BUB1B
MYC,LONP1
MYC,ZBTB10
MYC,NUP155
MYC,UBL4A
MYC,RABIF
MYC,CENPO
MYC,ELP2
MYC,POLR2B
MYC,NDRG1
MYC,TASP1
MYC,MIOS
MYC,GORASP1
MYC,PSEN1
MYC,FKBP1A
MYC,NUDCD3
MYC,PTDSS2
MYC,CDT1
MYC,NET1
MYC,MED22
MYC,NASP
MYC,FAM136A
MYC,NUDT19
MYC,ALAD
MYC,CIPC
MYC,KPNA3
MYC,WDR5
MYC,COQ8A
MYC,EFTUD2
MYC,WARS
MYC,LDAH
MYC,PHB2
MYC,DTL
MYC,NADK
MYC,TVP23B
MYC,RFESD
MYC,SPRYD4
MYC,MINPP1
MYC,VPS26C
MYC,METAP1D
MYC,RAD51AP1
MYC,SLC35A1
MYC,ERLIN1
MYC,NRF1
MYC,DUSP2
MYC,TXNRD2
MYC,TRMT11
MYC,AHCTF1
MYC,CKAP2
MYC,POLA2
MYC,VPS33A
MYC,PRDM5
MYC,RCC1
MYC,UNK
MYC,HSPH1
MYC,TIMM50
MYC,PIK3R2
MYC,MARS
MYC,PRPF4
MYC,AHCYL1
MYC,REXO4
MYC,MTAP
MYC,RMND5A
MYC,NDOR1
MYC,NUP107
MYC,MFSD1
MYC,CLCN4
MYC,BTAF1
MYC,MTREX
MYC,TAB1
MYC,TMEM68
MYC,PREP
MYC,NUP93
MYC,LYRM4
MYC,ZFP930
MYC,PLA2G12A
MYC,IDH3A
MYC,FZR1
MYC,SLC6A6
MYC,NAMPT
MYC,SPTBN1
MYC,USP4
MYC,NCEH1
MYC,TOPORS
MYC,GEMIN5
MYC,ORC2
MYC,SLC16A1
MYC,ABHD16A
MYC,TMC6
MYC,CHAMP1
MYC,MAPK1
MYC,FGFR1OP
MYC,SNX10
MYC,FOXRED1
MYC,ELP3
MYC,FIGNL1
MYC,USP8
MYC,LZTR1
MYC,1700017B05RIK
MYC,CCNB1
MYC,PBK
MYC,UBE2G2
MYC,POLE3
MYC,FBXO5
MYC,HIST1H2BC
MYC,RRM1
MYC,USP10
MYC,MCM6
MYC,NFXL1
MYC,GSR
MYC,DNAJC5
MYC,SMAD2
MYC,COA5
MYC,GUSB
MYC,XPNPEP1
MYC,MIEF1
MYC,DUS1L
MYC,DDX20
MYC,SERPINF1
MYC,ICA1
MYC,MOGS
MYC,PLEC
MYC,ZFP655
MYC,DNPEP
MYC,NDEL1
MYC,PCYT1A
MYC,LIG1
MYC,PTDSS1
MYC,HUS1
MYC,HARS2
MYC,HARS
MYC,RPA1
MYC,ARMT1
MYC,TTF2
MYC,COPS8
MYC,WDHD1
MYC,MTFR1
MYC,ETF1
MYC,CCDC137
MYC,ASAH1
MYC,HMBS
MYC,PWP2
MYC,RORC
MYC,ATP13A1
MYC,CLIC4
MYC,INCENP
MYC,WDR45B
MYC,NDC1
MYC,SESN1
MYC,MBTPS1
MYC,ABCF3
MYC,FEM1B
MYC,DNAJC11
MYC,HSDL1
MYC,AFG3L2
MYC,CLN5
MYC,ARMC8
MYC,STX12
MYC,ICE1
MYC,ZFP62
MYC,TRIM47
MYC,BID
MYC,SNRNP200
MYC,CDCA3
MYC,ZFP397
MYC,RNF115
MYC,ZBTB43
MYC,UMPS
MYC,TMEM206
MYC,NEDD1
MYC,UHRF1
MYC,ESYT2
MYC,PPP2R1B
MYC,GPR180
MYC,NUSAP1
MYC,ZFP266
MYC,EXOC2
MYC,ZFP961
MYC,PIK3C3
MYC,HEXA
MYC,CDK1
MYC,EIF4ENIF1
MYC,DDX1
MYC,FAAP100
MYC,MT2
MYC,NELFB
MYC,TTLL12
MYC,DLST
MYC,CYB5R1
MYC,UBA5
MYC,PLAA
MYC,GYPC
MYC,ZDHHC6
MYC,RGS19
MYC,9430015G10RIK
MYC,ERCC8
MYC,NDUFV1
MYC,MARCH8
MYC,GOLT1B
MYC,POLD1
MYC,EZR
MYC,CERS5
MYC,MCM3
MYC,ADO
MYC,GTF2E1
MYC,NAA50
MYC,ELOVL1
MYC,HAUS2
MYC,ATP6V1A
MYC,MIS18BP1
MYC,TPX2
MYC,GSS
MYC,USP37
MYC,EMILIN1
MYC,BAG2
MYC,OTUD6B
MYC,NARF
MYC,CRBN
MYC,RGS2
MYC,ZFP672
MYC,MXD3
MYC,SCARB1
MYC,SGO1
MYC,GFM1
MYC,NIF3L1
MYC,CEP70
MYC,ZYX
MYC,TRPS1
MYC,SNAPC3
MYC,ABL1
MYC,VPS11
MYC,RARS
MYC,DPH2
MYC,PQLC1
MYC,TOM1L1
MYC,RNF213
MYC,ACAA2
MYC,TBCD
MYC,RNF139
MYC,FAM76B
MYC,CCNA2
MYC,CASP2
MYC,HCFC1
MYC,ALDH9A1
MYC,VPS33B
MYC,AURKB
MYC,RASSF5
MYC,LRRC14
MYC,CALU
MYC,ATG16L1
MYC,ATG4B
MYC,TUBGCP2
MYC,GCLC
MYC,PCYT2
MYC,SLC25A46
MYC,TCP11L2
MYC,STK25
MYC,ANKLE1
MYC,ZKSCAN6
MYC,ZFP35
MYC,TMEM129
MYC,TACC3
MYC,MT1
MYC,FAM45A
MYC,NAA35
MYC,KAT7
MYC,D230025D16RIK
MYC,SQLE
MYC,PLD3
MYC,CDCA4
MYC,DCP1A
MYC,MTO1
MYC,DCAF11
MYC,ANAPC2
MYC,SGPP1
MYC,CHMP7
MYC,TMEM168
MYC,LMBRD1
MYC,KIF20B
MYC,EXT2
MYC,CSTF2
MYC,ABCD3
MYC,NDE1
MYC,ZFP110
MYC,IFT140
MYC,ILVBL
MYC,TRIM59
MYC,PRC1
MYC,RHOT1
MYC,MRPL37
MYC,RANBP3
MYC,SLC43A1
MYC,RAI14
MYC,TIMM29
MYC,CUL4A
MYC,ANKFY1
MYC,NFAT5
MYC,NGLY1
MYC,PACSIN2
MYC,POLR3F
MYC,VKORC1L1
MYC,CHORDC1
MYC,ANKRD27
MYC,MEMO1
MYC,ANXA5
MYC,D1ERTD622E
MYC,PLAG1
MYC,GMCL1
MYC,CDCA8
MYC,NUPR1
MYC,TMEM177
MYC,INTS13
MYC,ARL8B
MYC,ZDHHC13
MYC,GOSR2
MYC,CPQ
MYC,DNM1L
MYC,SMC2
MYC,TYMS
MYC,CDK19
MYC,TMEM64
MYC,TUBGCP3
MYC,RPA2
MYC,GM2A
MYC,UROS
MYC,PICALM
MYC,MSH6
MYC,SMIM15
MYC,DUSP1
MYC,TFG
MYC,BLZF1
MYC,HERC4
MYC,ANAPC4
MYC,SP4
MYC,RMND5B
MYC,TOP2A
MYC,RFC4
MYC,TIPIN
MYC,NARFL
MYC,NEK9
MYC,GNAI3
MYC,PPIL4
MYC,ERLIN2
MYC,CAPN7
MYC,COPG1
MYC,PRELID3B
MYC,GSTM1
MYC,CKAP5
MYC,CHMP3
MYC,E2F6
MYC,RDH11
MYC,CARHSP1
MYC,RPRD1B
MYC,PHAX
MYC,NCAPG2
MYC,NIT1
MYC,PSMD9
MYC,GSKIP
MYC,PFKM
MYC,WDR6
MYC,DCAF4
MYC,MORC3
MYC,CCNF
MYC,STEAP3
MYC,UCKL1
MYC,ATL2
MYC,ISYNA1
MYC,NUF2
MYC,GSTM5
MYC,CDCA5
MYC,DIS3L2
MYC,INTS8
MYC,HEATR5A
MYC,ZFP143
MYC,ST8SIA4
MYC,ZFP322A
MYC,TAPT1
MYC,PSMF1
MYC,NFIA
MYC,AP5M1
MYC,CSAD
MYC,IARS2
MYC,PIGQ
MYC,CNOT10
MYC,GNPDA1
MYC,AP1B1
MYC,SPPL2A
MYC,AK3
MYC,CHUK
MYC,ARAP1
MYC,E2F8
MYC,PMPCA
MYC,NAE1
MYC,TM7SF3
MYC,WDSUB1
MYC,AP1G2
MYC,CENPF
MYC,INKA1
MYC,DHFR
MYC,RASA3
MYC,B230219D22RIK
MYC,MAVS
MYC,ADAMTS10
MYC,NUDT4
MYC,E2F4
MYC,UBXN2B
MYC,EXOC3
MYC,MFN2
MYC,BUB3
MYC,HNRNPLL
MYC,GFI1
MYC,STXBP3
MYC,SUN1
MYC,PAFAH1B2
MYC,CPT2
MYC,PHF10
MYC,MYH10
MYC,KIDINS220
MYC,RNF141
MYC,BLVRB
MYC,TSPAN3
MYC,GALK2
MYC,GNA13
MYC,REL
MYC,PON2
MYC,CNIH1
MYC,ITFG1
MYC,NCAPG
MYC,GTF2F1
MYC,KNSTRN
MYC,ETS1
MYC,SKAP2
MYC,PGM1
MYC,CTSC
MYC,SPNS2
MYC,CCNB2
MYC,HLF
MYC,BTRC
MYC,UBR7
MYC,TMEM56
MYC,UAP1L1
MYC,TMX1
MYC,CCNE1
MYC,CNOT7
MYC,TNFAIP8
MYC,LANCL2
MYC,RPAP1
MYC,SCRN3
MYC,RUNX1T1
MYC,GANAB
MYC,MAPK9
MYC,LMNA
MYC,PRKAB1
MYC,RCOR1
MYC,OSTM1
MYC,ABCB10
MYC,PCCA
MYC,PACS1
MYC,NT5DC1
MYC,CDC20
MYC,CAST
MYC,MCM2
MYC,MAN1A
MYC,TMUB2
MYC,ABCB8
MYC,RAD51
MYC,PSEN2
MYC,KIF11
MYC,SACM1L
MYC,IRF8
MYC,ACSS2
MYC,DCK
MYC,ANXA4
MYC,MAD2L1
MYC,TLK1
MYC,OAT
MYC,HACD3
MYC,ZFP871
MYC,NCAPH
MYC,UAP1
MYC,SLC30A6
MYC,PRIM1
MYC,GYG
MYC,PRPS2
MYC,ABTB1
MYC,CELA1
MYC,MAU2
MYC,XRCC3
MYC,KLHL24
MYC,CDC6
MYC,POT1A
MYC,PSMD6
MYC,SLC44A2
MYC,MFGE8
MYC,ATP6AP1
MYC,CD82
MYC,MCM4
MYC,CACFD1
MYC,LPCAT1
MYC,ALKBH8
MYC,MEIS1
MYC,PRPS1
MYC,RRM2
MYC,EDC3
MYC,CBX7
MYC,NPTN
MYC,SETD2
MYC,SLC31A1
MYC,VPS35
MYC,ORC6
MYC,CYTH3
MYC,FAM168B
MYC,ZFP24
MYC,ZFP367
MYC,TOX4
MYC,CRK
MYC,HSD3B7
MYC,CPOX
MYC,CENPA
MYC,IPO9
MYC,LPCAT3
MYC,VAMP3
MYC,CDC7
MYC,JARID2
MYC,SEC23IP
MYC,ZFP275
MYC,SPC25
MYC,COPB2
MYC,HEBP1
MYC,PLK1
MYC,HSPA4L
MYC,MIS12
MYC,NFKBIA
MYC,UBAC1
MYC,SDHAF2
MYC,TWSG1
MYC,ITSN1
MYC,CUL3
MYC,MED16
MYC,CLPX
MYC,FADS1
MYC,CEPT1
MYC,CYB5R3
MYC,NFE2
MYC,FBXW5
MYC,NUBP2
MYC,STXBP4
MYC,TK1
MYC,DRAM2
MYC,STX17
MYC,CTR9
MYC,MNS1
MYC,MYB
MYC,SELENBP1
MYC,BTG2
MYC,TCF12
MYC,HMGB2
MYC,PRIM2
MYC,TTF1
MYC,LMO4
MYC,HELLS
MYC,STOM
MYC,CKAP2L
MYC,COG7
MYC,IRF1
MYC,IL15
MYC,TSPAN14
MYC,CBFB
MYC,MARCH5
MYC,NR2C1
MYC,PRKAR2B
MYC,TMEM263
MYC,CRIP2
MYC,HIST1H1C
MYC,CTTN
MYC,AFF4
MYC,SCFD1
MYC,VHL
MYC,VILL
MYC,TMX3
MYC,ANXA6
MYC,PKLR
MYC,NR4A1
MYC,SLC25A38
MYC,USF3
MYC,ALG9
MYC,TMEM176B
MYC,FAR1
MYC,KLF3
MYC,ARHGEF18
MYC,MGST3
MYC,TMEM176A
MYC,AHR
MYC,TYK2
MYC,ANK
MYC,CHP1
MYC,H1F0
MYC,UBR1
MYC,EPS15
MYC,MCM10
MYC,GMNN
MYC,DNAJC10
MYC,RNF19A
MYC,ADSSL1
MYC,FTSJ1
MYC,TMEM164
MYC,2610301B20RIK
MYC,GRN
MYC,GLIPR2
MYC,APLP2
MYC,QARS
MYC,PDE4B
MYC,CD9
MYC,LPIN2
MYC,GLIS2
MYC,CENPK
MYC,ZEB2
MYC,RGCC
MYC,PPM1H
MYC,TUBGCP5
MYC,ASF1B
MYC,TCF19
MYC,ISG20
MYC,UGCG
MYC,2210016F16RIK
MYC,DEK
MYC,ASB8
MYC,MCM5
MYC,NSDHL
MYC,AAR2
MYC,LAPTM4B
MYC,SLC25A45
MYC,CSGALNACT2
MYC,PAK1
MYC,RAD21
MYC,CTNNA1
MYC,DENND2D
MYC,LDHB
MYC,PLIN2
MYC,MARCH6
MYC,GCNT2
MYC,TOLLIP
MYC,LCP1
MYC,MYNN
MYC,WLS
MYC,ATP6AP2
MYC,CREB5
MYC,LEPROT
MYC,CASP3
MYC,PRKAA1
MYC,SPTLC1
MYC,HDAC11
MYC,NUP88
MYC,IFI30
MYC,MFSD2B
MYC,ZKSCAN17
MYC,USP25
MYC,SUPT7L
MYC,MAN2A2
MYC,ANGPT1
MYC,UNC93B1
MYC,XAB2
MYC,MAPK12
MYC,PQLC3
MYC,SERPINB9
MYC,TRIB3
MYC,TGM2
MYC,NSMAF
MYC,MAPKAPK3
MYC,INPP5B
MYC,GPSM2
MYC,CD1D1
MYC,PJA2
MYC,MFNG
MYC,PDCL
MYC,EPDR1
MYC,SVIP
MYC,RAB31
MYC,SLC25A21
MYC,KDM6A
MYC,PRDM16
MYC,PTPN12
MYC,STXBP1
MYC,XK
MYC,FAM234B
MYC,EMB
MYC,CYTIP
MYC,PPP6C
MYC,NFATC1
MYC,MYO1D
MYC,SPC24
MYC,APBB1
MYC,COPB1
MYC,UBAP1
MYC,RAB32
MYC,PLIN3
MYC,SSX2IP
MYC,PPOX
MYC,CES2G
MYC,CDC45
MYC,THRB
MYC,HPCAL1
MYC,SELENOP
MYC,MKI67
MYC,ABCB4
MYC,4833439L19RIK
MYC,UROD
MYC,HDAC9
MYC,G6PDX
MYC,ENDOD1
MYC,C330018D20RIK
MYC,GRAMD1A
MYC,ID2
MYC,GOLPH3
MYC,PDK3
MYC,ITIH5
MYC,FECH
MYC,ELMO1
MYC,TENT5A
MYC,SPHK1
MYC,ACOX1
MYC,CUL2
MYC,TEAD2
MYC,ZKSCAN3
MYC,ST3GAL5
MYC,TFR2
MYC,NAGA
MYC,YPEL3
MYC,CMPK2
MYC,XPR1
MYC,CCNG1
MYC,COG6
MYC,CNP
MYC,INPP1
MYC,PTGS1
MYC,EBF1
MYC,IRF5
MYC,TAF1
MYC,BMI1
MYC,PLBD2
MYC,PLCG2
MYC,RORA
MYC,RELB
MYC,FOXO1
MYC,ZMYM3
MYC,HNF4A
MYC,TSPAN33
MYC,ZFP592
MYC,HPN
MYC,CENPE
MYC,TRIB2
MYC,TANGO2
MYC,SOX6
MYC,ENPP4
MYC,PPIC
MYC,METTL7A1
MYC,GPKOW
MYC,DDX58
MYC,CRNKL1
MYC,MBOAT2
MYC,TPP1
MYC,NFATC2
MYC,ABI1
MYC,SLC11A2
MYC,KLHL22
MYC,CRYZL2
MYC,BCLAF3
MYC,ACSS1
MYC,SLC41A3
MYC,PIP4K2A
MYC,GTF3C3
MYC,TES
MYC,BC005561
MYC,NPLOC4
MYC,OPTN
MYC,F11R
MYC,GRINA
MYC,JUN
MYC,SLC7A4
MYC,METTL27
MYC,GATM
MYC,TEAD3
MYC,UBA3
MYC,KIF22
MYC,SGPL1
MYC,TCIRG1
MYC,KLF6
MYC,FES
MYC,MEF2C
MYC,APEH
MYC,ATP11C
MYC,VPS41
MYC,YOD1
MYC,TLR4
MYC,RARB
MYC,C1QTNF12
MYC,APOE
MYC,LIMD2
MYC,ATG12
MYC,AP3S1
MYC,LLGL1
MYC,PBX1
MYC,ELF4
MYC,NOTCH1
MYC,CNN2
MYC,RB1
MYC,DOCK2
MYC,ZSCAN21
MYC,KLHL23
MYC,FLOT2
MYC,SHCBP1
MYC,MFSD14B
MYC,CTSE
MYC,TREML2
MYC,IKZF1
MYC,LSP1
MYC,IRF6
MYC,PCLAF
MYC,HDAC7
MYC,TBC1D2B
MYC,VIM
MYC,TMEM185A
MYC,PPARGC1A
MYC,CISH
MYC,GOLM1
MYC,LY6A
MYC,JAK3
MYC,DECR1
MYC,CITED4
MYC,BUB1
MYC,MCTP1
MYC,RUNX2
MYC,SNAP23
MYC,ITGA6
MYC,LRRC8C
MYC,ZFP30
MYC,SALL2
MYC,AQP1
MYC,NR3C2
MYC,PSTPIP1
MYC,PLEK
MYC,SDSL
MYC,CD55
MYC,CALCRL
MYC,KRT18
MYC,ATP2A3
MYC,HOXA9
MYC,ACAP1
MYC,SPI1
MYC,TBC1D10C
MYC,VDR
MYC,NECAP2
MYC,HCLS1
MYC,SEPT8
MYC,NAPSA
MYC,CD48
MYC,TBXAS1
MYC,EGR1
MYC,MECOM
MYC,GBP2
MYC,UBASH3A
MYC,CD93
MYC,MYO1G
MYC,IL27RA
MYC,P2RY14
MYC,TNFAIP2
MYC,CHCHD10
MYC,SEPT6
MYC,GIMAP6
MYC,FOS
MYC,PIK3IP1
MYC,SASH3
MYC,ESR1
MYC,ZFP36
MYC,CD74
MYC,GMPR
MYC,RBPMS
MYC,TMEM173
MYC,TIFA
MYC,ELL2
MYC,EPAS1
MYC,SNCA
MYC,PEAR1
MYC,PRKCH
MYC,KLHL6
MYC,GNB4
MYC,TOR3A
MYC,MAP4K2
MYC,ARHGEF6
MYC,GATA2
MYC,PIDD1
MYC,COL5A1
MYC,PROCR
MYC,CASP1
MYC,GIMAP5
MYC,CERS4
MYC,PLCB2
MYC,ZFP945
MYC,RASAL3
MYC,PRSS50
MYC,NEURL3
MYC,CAMK1
MYC,PHETA2
MYC,VAV1
MYC,FUCA2
MYC,ANXA2
MYC,PML
MYC,PADI4
MYC,GIMAP1
MYC,TCN2
MYC,EMILIN2
MYC,GDF3
MYC,KLF1
MYC,ARHGAP15
MYC,CORO1A
MYC,TRPV2
MYC,DYNLT3
MYC,SMIM1
MYC,IFI204
MYC,EPSTI1
MYC,SATB1
MYC,PHACTR2
MYC,PGLYRP2
MYC,SLC38A5
MYC,NCOA6
MYC,PRKCQ
MYC,CTSO
MYC,ZFP467
MYC,SLC40A1
MYC,SLA2
MYC,SLC14A1
MYC,RNASEL
MYC,BTK
MYC,TSHZ3
MYC,ABCG2
MYC,TRIM30A
MYC,RCSD1
MYC,RAB37
MYC,SQOR
MYC,TSPO2
MYC,OASL2
MYC,AQP9
MYC,PLPPR3
MYC,STAP1
MYC,CTLA2B
MYC,SAMD14
MYC,TSC22D3
MYC,UBA7
MYC,CSRP3
MYC,GFI1B
MYC,SIGIRR
MYC,RGS1
MYC,ZBTB20
MYC,PLXNC1
MYC,GYPA
MYC,SERPINB1A
MYC,IFI203
MYC,STARD10
MYC,SLC22A3
MYC,MNDAL
MYC,DOK2
MYC,ST3GAL6
MYC,EYA2
MYC,CD84
MYC,CYTH4
MYC,ADD2
MYC,SERPINA3G
MYC,PLAC8
MYC,CPT1A
MYC,EPOR
MYC,ERMAP
MYC,HACD4
MYC,HEMGN
MYC,DENND1C
MYC,ALDH1A1
MYC,CAR1
MYC,LTB
MYC,RNASE6
MYC,LYZ2
MYC,GPR171
MYC,AMPD3
MYC,H2-DMB1
MYC,KEL
MYC,AFAP1L1
MYC,TNFRSF13B
MYC,RHOF
MYC,ADGRG3
MYC,EYA1
MYC,EBI3
MYC,PCP4L1
MYC,ANXA1
MYC,MYCT1
MYC,SMIM5
MYC,H2-OB
MYC,MYCN
MYC,BATF2
MYC,RHAG
MYC,ARID3B
MYC,SOX18
MYC,GATA1
MYC,GNG11
NFAT5,SLC6A6
NFAT5,STXBP4
NFAT5,PSMD5
NFAT5,CLCN4
NFAT5,SEC23IP
NFAT5,NAA35
NFAT5,TIPIN
NFAT5,AQP1
NFAT5,HSPA4L
NOTCH1,9430015G10RIK
NOTCH1,HSPH1
NOTCH1,IFRD2
NOTCH1,UNK
NOTCH1,CDCA3
NOTCH1,BUB3
NOTCH1,PRPF4
NOTCH1,PA2G4
NOTCH1,NUDCD1
NOTCH1,NCLN
NOTCH1,BTRC
NOTCH1,RANGAP1
NOTCH1,ALKBH8
NOTCH1,FEM1A
NOTCH1,KPNA3
NOTCH1,ABCB8
NOTCH1,TMEM129
NOTCH1,TACC3
NOTCH1,BUB1B
NOTCH1,NDC1
NOTCH1,BIRC5
NOTCH1,RPP40
NOTCH1,DNM1L
NOTCH1,CNOT10
NOTCH1,STK25
NOTCH1,INPP5B
NOTCH1,CDK19
NOTCH1,CDCA4
NOTCH1,SNAPC3
NOTCH1,MAU2
NOTCH1,MIS12
NOTCH1,CUL4A
NOTCH1,PTDSS2
NOTCH1,GPKOW
NOTCH1,CD82
NOTCH1,PAFAH1B2
NOTCH1,TIMM29
NOTCH1,GTF3C3
NOTCH1,LIG1
NOTCH1,PPIL4
NOTCH1,KIF11
NOTCH1,CLCN4
NOTCH1,ADO
NOTCH1,LONP1
NOTCH1,DHX33
NOTCH1,DCP1A
NOTCH1,ZFP24
NOTCH1,CENPO
NOTCH1,FOXRED1
NOTCH1,UBAC1
NOTCH1,CRBN
NOTCH1,SESN1
NOTCH1,ZFP143
NOTCH1,EIF2B1
NOTCH1,PON2
NOTCH1,RUVBL2
NOTCH1,PRMT7
NOTCH1,AHCYL1
NOTCH1,CDCA5
NOTCH1,WARS
NOTCH1,TMEM206
NOTCH1,NARFL
NOTCH1,SNRNP200
NOTCH1,CENPE
NOTCH1,CDCA8
NOTCH1,SLC38A5
NOTCH1,RFC4
NOTCH1,BUB1
NOTCH1,PRDM4
NOTCH1,ITSN1
NOTCH1,DUS1L
NOTCH1,POLE3
NOTCH1,PLAG1
NOTCH1,CLPTM1L
NOTCH1,XRCC3
NOTCH1,PRC1
NOTCH1,SLC39A10
NOTCH1,DDX20
NOTCH1,GALK2
NOTCH1,LZTR1
NOTCH1,TRIB3
NOTCH1,KAT7
NOTCH1,PTCD3
NOTCH1,CENPK
NOTCH1,VPS33A
NOTCH1,SUN1
NOTCH1,CHORDC1
NOTCH1,JPT2
NOTCH1,POLR3F
NOTCH1,SUPT7L
NOTCH1,ZFP961
NOTCH1,XPC
NOTCH1,PSEN2
NOTCH1,USF3
NOTCH1,MRPL37
NOTCH1,DNAJC11
NOTCH1,COPS8
NOTCH1,PRIM1
NOTCH1,ANAPC2
NOTCH1,UBA5
NOTCH1,ZDHHC13
NOTCH1,PIGQ
NOTCH1,RNF141
NOTCH1,ESYT2
NOTCH1,RRM1
NOTCH1,MCM4
NOTCH1,CKAP5
NOTCH1,CYB5R3
NOTCH1,FZR1
NOTCH1,NUF2
NOTCH1,THUMPD3
NOTCH1,WDR36
NOTCH1,HAGH
NOTCH1,PSMF1
NOTCH1,ORC5
NOTCH1,LMBRD1
NOTCH1,REXO4
NOTCH1,BAP1
NOTCH1,ERCC8
NOTCH1,SPPL2B
NOTCH1,FAR1
NOTCH1,CENPF
NOTCH1,NUP155
NOTCH1,ELAC2
NOTCH1,NPLOC4
NOTCH1,EFTUD2
NOTCH1,AHCTF1
NOTCH1,HMGB2
NOTCH1,RHOT1
NOTCH1,RCOR1
NOTCH1,ERLIN2
NOTCH1,ME2
NOTCH1,MTHFD1
NOTCH1,NOLC1
NOTCH1,KLF6
NOTCH1,ORC2
NOTCH1,MARS
NOTCH1,STT3B
NOTCH1,POLR1B
NOTCH1,HUS1
NOTCH1,UBE2C
NOTCH1,HDAC7
NOTCH1,RFC5
NOTCH1,OTUD6B
NOTCH1,ZFP110
NOTCH1,MCM5
NOTCH1,HIST1H1C
NOTCH1,NUBP2
NOTCH1,GTF2F1
NOTCH1,MAPK9
NOTCH1,NDUFV1
NOTCH1,TMX3
NOTCH1,ABL1
NOTCH1,XAB2
NOTCH1,NUP88
NOTCH1,HDAC2
NOTCH1,HARS2
NOTCH1,HARS
NOTCH1,ATG16L1
NOTCH1,TANGO2
NOTCH1,TMEM97
NOTCH1,LLGL1
NOTCH1,ARMT1
NOTCH1,BYSL
NOTCH1,MIS18BP1
NOTCH1,VPS26C
NOTCH1,CPOX
NOTCH1,AURKA
NOTCH1,ODC1
NOTCH1,LRRC14
NOTCH1,FBXO5
NOTCH1,TMEM68
NOTCH1,E2F8
NOTCH1,DCAF11
NOTCH1,NDOR1
NOTCH1,TCF19
NOTCH1,NIF3L1
NOTCH1,MNS1
NOTCH1,CKAP2L
NOTCH1,TBL3
NOTCH1,WDHD1
NOTCH1,TIPIN
NOTCH1,MORC3
NOTCH1,RDH11
NOTCH1,PHB2
NOTCH1,RPA1
NOTCH1,CNOT7
NOTCH1,HDGF
NOTCH1,PPAT
NOTCH1,NFAT5
NOTCH1,ATAD2
NOTCH1,PFKM
NOTCH1,SRSF1
NOTCH1,GM2A
NOTCH1,RNF139
NOTCH1,CHAMP1
NOTCH1,UBXN2B
NOTCH1,COA5
NOTCH1,PTDSS1
NOTCH1,ICE1
NOTCH1,WDR73
NOTCH1,TOX4
NOTCH1,NUP107
NOTCH1,NOL9
NOTCH1,FASTKD2
NOTCH1,TCP11L2
NOTCH1,NELFB
NOTCH1,ZFP367
NOTCH1,NCAPG2
NOTCH1,PSMD5
NOTCH1,DLST
NOTCH1,TWSG1
NOTCH1,RANBP3
NOTCH1,BLZF1
NOTCH1,TIMM50
NOTCH1,NUDCD3
NOTCH1,STXBP4
NOTCH1,NCAPD2
NOTCH1,ATL2
NOTCH1,MSH6
NOTCH1,TASP1
NOTCH1,ARAP1
NOTCH1,SPC25
NOTCH1,SPC24
NOTCH1,ALDH18A1
NOTCH1,NR3C2
NOTCH1,CPT2
NOTCH1,WDR45B
NOTCH1,KLHL24
NOTCH1,INCENP
NOTCH1,UAP1
NOTCH1,MED16
NOTCH1,CCNA2
NOTCH1,GOLT1B
NOTCH1,WDR4
NOTCH1,CALCRL
NOTCH1,SCRN3
NOTCH1,TRIB2
NOTCH1,VKORC1L1
NOTCH1,MKI67
NOTCH1,GNAI3
NOTCH1,FAM76B
NOTCH1,CCNB2
NOTCH1,ARL6IP6
NOTCH1,METTL8
NOTCH1,CCNF
NOTCH1,STXBP3
NOTCH1,CLIC4
NOTCH1,USP8
NOTCH1,PLAA
NOTCH1,YBX1
NOTCH1,GFM1
NOTCH1,PITRM1
NOTCH1,NEK9
NOTCH1,NCAPG
NOTCH1,SLC25A46
NOTCH1,NUSAP1
NOTCH1,NDEL1
NOTCH1,NAGA
NOTCH1,NUP93
NOTCH1,IFT140
NOTCH1,CEP70
NOTCH1,GMCL1
NOTCH1,SPTLC1
NOTCH1,4833439L19RIK
NOTCH1,NARF
NOTCH1,MFN2
NOTCH1,HNRNPAB
NOTCH1,DNPEP
NOTCH1,JARID2
NOTCH1,FEM1B
NOTCH1,DHFR
NOTCH1,MTFR1
NOTCH1,ATP7B
NOTCH1,ALG11
NOTCH1,ZFP655
NOTCH1,UROS
NOTCH1,COPB2
NOTCH1,SSX2IP
NOTCH1,ANKFY1
NOTCH1,RPA2
NOTCH1,RGS2
NOTCH1,MTMR6
NOTCH1,GTF2H1
NOTCH1,XRCC6
NOTCH1,SLC31A1
NOTCH1,MCM6
NOTCH1,MINPP1
NOTCH1,SACM1L
NOTCH1,SP4
NOTCH1,LPCAT3
NOTCH1,SLC20A1
NOTCH1,PREP
NOTCH1,GFI1
NOTCH1,ETS1
NOTCH1,PRELID3B
NOTCH1,DTL
NOTCH1,COG7
NOTCH1,RAD21
NOTCH1,COQ8A
NOTCH1,CDC20
NOTCH1,USP37
NOTCH1,PPP6C
NOTCH1,MIOS
NOTCH1,UBR1
NOTCH1,TTF2
NOTCH1,SEH1L
NOTCH1,NAA35
NOTCH1,METAP1
NOTCH1,HAUS2
NOTCH1,ABTB1
NOTCH1,ZDHHC6
NOTCH1,UBR7
NOTCH1,RAD51
NOTCH1,CDT1
NOTCH1,POLD1
NOTCH1,EIF1AD
NOTCH1,HIST1H2BC
NOTCH1,L2HGDH
NOTCH1,ANKRD27
NOTCH1,PJA2
NOTCH1,IARS
NOTCH1,EPS15
NOTCH1,CTSC
NOTCH1,TRMT2A
NOTCH1,PLBD2
NOTCH1,ZFP62
NOTCH1,SLA2
NOTCH1,SCFD1
NOTCH1,RMND5A
NOTCH1,PSMD9
NOTCH1,TLE2
NOTCH1,SQLE
NOTCH1,MYNN
NOTCH1,ZZZ3
NOTCH1,SEC23IP
NOTCH1,NADK
NOTCH1,LDAH
NOTCH1,CLPX
NOTCH1,NUDT9
NOTCH1,DCK
NOTCH1,HERC4
NOTCH1,TYK2
NOTCH1,RASSF5
NOTCH1,INTS13
NOTCH1,CHMP7
NOTCH1,UBE2G2
NOTCH1,PACSIN2
NOTCH1,STAT3
NOTCH1,GANAB
NOTCH1,CIPC
NOTCH1,TSPAN33
NOTCH1,NT5DC1
NOTCH1,SLC39A9
NOTCH1,OAT
NOTCH1,HMMR
NOTCH1,CUL3
NOTCH1,PSTPIP1
NOTCH1,XPR1
NOTCH1,MAN1A
NOTCH1,TRMT6
NOTCH1,LCP1
NOTCH1,TNFAIP8
NOTCH1,RABGGTB
NOTCH1,D10WSU102E
NOTCH1,BTG2
NOTCH1,ASF1B
NOTCH1,SLC30A5
NOTCH1,CUL2
NOTCH1,SLC35A1
NOTCH1,FCHSD2
NOTCH1,MAD2L1
NOTCH1,EXOC3
NOTCH1,TAF12
NOTCH1,MTREX
NOTCH1,ANAPC4
NOTCH1,RNF4
NOTCH1,KLHL6
NOTCH1,UHRF1
NOTCH1,TMEM168
NOTCH1,RORC
NOTCH1,GSKIP
NOTCH1,SLC30A6
NOTCH1,DPH2
NOTCH1,RGCC
NOTCH1,ETF1
NOTCH1,TPX2
NOTCH1,INTS8
NOTCH1,ID2
NOTCH1,VPS33B
NOTCH1,ATG12
NOTCH1,AP3S1
NOTCH1,TSPAN3
NOTCH1,TMUB2
NOTCH1,ZFP451
NOTCH1,BLVRB
NOTCH1,SNRPB
NOTCH1,AP5M1
NOTCH1,AFG3L2
NOTCH1,OSTM1
NOTCH1,GMFB
NOTCH1,TAF1
NOTCH1,STXBP1
NOTCH1,MYC
NOTCH1,UBA3
NOTCH1,SGPL1
NOTCH1,ADK
NOTCH1,TMEM64
NOTCH1,NFKBIA
NOTCH1,MCM3
NOTCH1,SGO1
NOTCH1,NFE2
NOTCH1,ZFP930
NOTCH1,PIK3R2
NOTCH1,NFXL1
NOTCH1,HNRNPLL
NOTCH1,NSDHL
NOTCH1,LYRM4
NOTCH1,ABHD16A
NOTCH1,DDHD2
NOTCH1,CRNKL1
NOTCH1,PSMD6
NOTCH1,WDR75
NOTCH1,ZFP871
NOTCH1,NRF1
NOTCH1,CHMP3
NOTCH1,MFSD1
NOTCH1,GEMIN5
NOTCH1,FAM136A
NOTCH1,CHP1
NOTCH1,CSGALNACT2
NOTCH1,ACAP1
NOTCH1,TARS
NOTCH1,CENPA
NOTCH1,ZMYM3
NOTCH1,BCLAF3
NOTCH1,RNF115
NOTCH1,FAAP100
NOTCH1,ITFG1
NOTCH1,PCCA
NOTCH1,FADS1
NOTCH1,NEDD1
NOTCH1,EZR
NOTCH1,ARL8B
NOTCH1,TFG
NOTCH1,ZFP639
NOTCH1,PIP4K2A
NOTCH1,CASP3
NOTCH1,FPGS
NOTCH1,FBXW5
NOTCH1,FAM168B
NOTCH1,WDR6
NOTCH1,CDC6
NOTCH1,HMBS
NOTCH1,DRAM2
NOTCH1,CEPT1
NOTCH1,VPS11
NOTCH1,TOPORS
NOTCH1,FAM45A
NOTCH1,TM7SF3
NOTCH1,TBCD
NOTCH1,SMARCA2
NOTCH1,ARMC8
NOTCH1,MBTPS1
NOTCH1,PLD3
NOTCH1,COLGALT1
NOTCH1,POT1A
NOTCH1,MRM1
NOTCH1,PRKCH
NOTCH1,AFF4
NOTCH1,TVP23B
NOTCH1,LEPROT
NOTCH1,CTPS
NOTCH1,NCEH1
NOTCH1,DPP8
NOTCH1,CCDC137
NOTCH1,STOM
NOTCH1,RRM2
NOTCH1,VAMP3
NOTCH1,DNAJC10
NOTCH1,VPS35
NOTCH1,ORC6
NOTCH1,GTF2E1
NOTCH1,ATP1B2
NOTCH1,CSTF2
NOTCH1,ZFP397
NOTCH1,GPR180
NOTCH1,D230025D16RIK
NOTCH1,ADGRL4
NOTCH1,CDK1
NOTCH1,PCYT1A
NOTCH1,MIEF1
NOTCH1,FIGNL1
NOTCH1,YPEL3
NOTCH1,NGLY1
NOTCH1,TSPAN14
NOTCH1,ELP2
NOTCH1,PWP1
NOTCH1,CKS1B
NOTCH1,WDR5
NOTCH1,PHAX
NOTCH1,GARS
NOTCH1,RARS
NOTCH1,PLK1
NOTCH1,PKM
NOTCH1,DCAF13
NOTCH1,TBC1D15
NOTCH1,PQLC3
NOTCH1,SPPL2A
NOTCH1,PRKAR2B
NOTCH1,NAE1
NOTCH1,ATP11C
NOTCH1,MED22
NOTCH1,LDHB
NOTCH1,TUBGCP3
NOTCH1,RNF13
NOTCH1,CASP2
NOTCH1,H1F0
NOTCH1,TFRC
NOTCH1,ILVBL
NOTCH1,REL
NOTCH1,VPS41
NOTCH1,FTSJ1
NOTCH1,MCM10
NOTCH1,GNG11
NOTCH1,FGFR1OP
NOTCH1,POLR2B
NOTCH1,SLC19A1
NOTCH1,EYA1
NOTCH1,APEH
NOTCH1,PGLYRP2
NOTCH1,NDN
NOTCH1,IPO9
NOTCH1,MARCH5
NOTCH1,FOXO1
NOTCH1,RAB32
NOTCH1,ABI1
NOTCH1,ZFP35
NOTCH1,AAR2
NOTCH1,DDX1
NOTCH1,CRK
NOTCH1,SMAD2
NOTCH1,TYMS
NOTCH1,EXOC2
NOTCH1,TMEM263
NOTCH1,RASA3
NOTCH1,CARHSP1
NOTCH1,COG6
NOTCH1,HEBP1
NOTCH1,CRIP2
NOTCH1,ADAMTS10
NOTCH1,ZKSCAN6
NOTCH1,SPRYD4
NOTCH1,RNASE6
NOTCH1,CD34
NOTCH1,ABCB4
NOTCH1,GCNT2
NOTCH1,WDR55
NOTCH1,UTP4
NOTCH1,PTPN12
NOTCH1,HEXA
NOTCH1,UGCG
NOTCH1,STX17
NOTCH1,PCYT2
NOTCH1,AURKB
NOTCH1,LAP3
NOTCH1,TMEM186
NOTCH1,ATP13A1
NOTCH1,ADD2
NOTCH1,RARB
NOTCH1,IL15
NOTCH1,CPQ
NOTCH1,TOLLIP
NOTCH1,COPB1
NOTCH1,PSAT1
NOTCH1,PPIC
NOTCH1,ABCD3
NOTCH1,IRF8
NOTCH1,CAMK1
NOTCH1,ASAH1
NOTCH1,RFESD
NOTCH1,FKBP1A
NOTCH1,PNO1
NOTCH1,LANCL2
NOTCH1,GATM
NOTCH1,POGLUT1
NOTCH1,METAP1D
NOTCH1,CCNE1
NOTCH1,SNCA
NOTCH1,PRDM5
NOTCH1,ABCF3
NOTCH1,TENT5A
NOTCH1,TCF12
NOTCH1,ACSS1
NOTCH1,ATP6AP1
NOTCH1,SETD2
NOTCH1,KIF20B
NOTCH1,CREB5
NOTCH1,CCNB1
NOTCH1,P2RX4
NOTCH1,KDM6A
NOTCH1,FECH
NOTCH1,USP4
NOTCH1,TMEM177
NOTCH1,SLC25A21
NOTCH1,INPP1
NOTCH1,ANXA5
NOTCH1,SHCBP1
NOTCH1,GSTM5
NOTCH1,ANXA4
NOTCH1,HSDL1
NOTCH1,APLP2
NOTCH1,RNF19A
NOTCH1,EBF1
NR4A1,KAT7
NR4A1,MARS
NR4A1,STARD10
NR4A1,SUN1
NR4A1,LMBRD1
NR4A1,RBPMS
NR4A1,SLC6A6
NR4A1,DENND2D
NR4A1,ZZZ3
NR4A1,PQLC3
NR4A1,UBAC1
NR4A1,EDC3
NR4A1,TCF12
NR4A1,CLCN4
NR4A1,MPL
NR4A1,TLR4
NR4A1,AMPD3
NR4A1,PICALM
NR4A1,CENPA
NR4A1,ILVBL
NR4A1,INPP1
NR4A1,NEK9
NR4A1,UCKL1
NR4A1,PKM
NR4A1,CACFD1
NR4A1,DNAJC11
NR4A1,CBX7
NR4A1,ABTB1
NR4A1,SPI1
NR4A1,XPC
NR4A1,SLC39A10
NR4A1,RGS1
NR4A1,PFKM
NR4A1,TPX2
NR4A1,LTB
NR4A1,NUP93
NR4A1,BTG2
NR4A1,TES
NR4A1,CNOT7
NR4A1,PUS7
NR4A1,QARS
NR4A1,SLC25A45
NR4A1,ALG9
NR4A1,NAA35
NR4A1,COPS8
NR4A1,HIST1H2BC
NR4A1,NFE2
NR4A1,GEMIN5
NR4A1,DOCK2
NR4A1,COPG1
NR4A1,MT2
NR4A1,SLC18A2
NR4A1,MECOM
NR4A1,DCTD
NR4A1,FUCA2
NR4A1,PLEK
NR4A1,SPO11
NR4A1,RABIF
NR4A1,DDX20
NR4A1,ICA1
NR4A1,PHB2
NR4A1,SALL2
NR4A1,LMNA
NR4A1,GNB4
NR4A1,CYTIP
NR4A1,PAFAH1B2
NR4A1,ATG16L1
NR4A1,XAB2
NR4A1,EPS15
NR4A1,NUPR1
NR4A1,RAD51AP1
NR4A1,TMC6
NR4A1,ABCB4
NR4A1,SEPT6
NR4A1,SLC29A1
NR4A1,ACAA2
NR4A1,RRM2
NR4A1,PTPN12
NR4A1,DUSP1
NR4A1,NOL9
NR4A1,UROS
NR4A1,SNX10
NR4A1,PPP2R1B
NR4A1,BTRC
NR4A1,INPP5B
NR4A1,STX12
NR4A1,CMPK2
NR4A1,FOXRED1
NR4A1,PIGQ
NR4A1,FOS
NR4A1,SELENBP1
NR4A1,AP1G2
NR4A1,SAMD14
NR4A1,D10WSU102E
NR4A1,PACSIN2
NR4A1,DDX58
NR4A1,BUB1
NR4A1,CDC20
NR4A1,EBI3
NR4A1,USP37
NR4A1,ITIH5
NR4A1,DNPEP
NR4A1,ARAP1
NR4A1,UNK
NR4A1,NOLC1
NR4A1,EIF4ENIF1
NR4A1,SPNS2
NR4A1,MIS18BP1
NR4A1,TMEM129
NR4A1,TACC3
NR4A1,ABCG2
NR4A1,PDCL
NR4A1,CTSC
NR4A1,BAP1
NR4A1,TREML2
NR4A1,PTDSS2
NR4A1,GFI1B
NR4A1,GNPDA1
NR4A1,PRSS50
NR4A1,SACM1L
NR4A1,HDAC7
NR4A1,GUSB
NR4A1,WDR36
NR4A1,MCTP1
NR4A1,GTF2F1
NR4A1,ME2
NR4A1,NEURL3
NR4A1,VKORC1L1
NR4A1,NDEL1
NR4A1,ZDHHC13
NR4A1,GTF2H1
NR4A1,GSKIP
NR4A1,CIPC
NR4A1,CDCA5
NR4A1,CDC6
NR4A1,NUP155
NR4A1,IRF5
NR4A1,SPRYD4
NR4A1,GIMAP6
NR4A1,HDGF
NR4A1,ARHGAP4
NR4A1,CLPTM1L
NR4A1,RELB
NR4A1,PRKAB1
NR4A1,ALAD
NR4A1,ZFP62
NR4A1,PLIN3
NR4A1,MAVS
NR4A1,VPS26C
NR4A1,AP1B1
NR4A1,NPTN
NR4A1,NUDT9
NR4A1,BYSL
NR4A1,NELFB
NR4A1,FAAP100
NR4A1,PDZK1IP1
NR4A1,CHMP7
NR4A1,THUMPD3
NR4A1,SPPL2A
NR4A1,TMUB2
NR4A1,BIRC5
NR4A1,MIEF1
NR4A1,SPTBN1
NR4A1,PLBD2
NR4A1,ZYX
NR4A1,ACOX1
NR4A1,WDR45B
NR4A1,SGO1
NR4A1,XRCC5
NR4A1,KIDINS220
NR4A1,GM2A
NR4A1,DNAJC5
NR4A1,APOE
NR4A1,VAMP3
NR4A1,PRDM4
NR4A1,ARMT1
NR4A1,DPP8
NR4A1,CAST
NR4A1,NOP2
NR4A1,STK25
NR4A1,REL
NR4A1,PHF10
NR4A1,LONP1
NR4A1,CREB5
NR4A1,MED16
NR4A1,ABCB8
NR4A1,CDT1
NR4A1,POLR3F
NR4A1,TMEM64
NR4A1,RHOT1
NR4A1,RASSF5
NR4A1,GMNN
NR4A1,TNFAIP8
NR4A1,PRPF4
NR4A1,FAM136A
NR4A1,DNAJC10
NR4A1,CNOT10
NR4A1,NDUFV1
NR4A1,AHCTF1
NR4A1,PSEN1
NR4A1,EPDR1
NR4A1,RNF4
NR4A1,TRMT2A
NR4A1,DRAM2
NR4A1,CEPT1
NR4A1,NUF2
NR4A1,SP4
NR4A1,RUVBL2
NR4A1,NARF
NR4A1,GOSR2
NR4A1,CTSE
NR4A1,TBCD
NR4A1,MSH6
NR4A1,2610301B20RIK
NR4A1,GMFB
NR4A1,AQP9
NR4A1,UBE2C
NR4A1,PITPNB
NR4A1,WARS
NR4A1,STT3B
NR4A1,RNF115
NR4A1,FEM1A
NR4A1,SLC41A3
NR4A1,KLHL22
NR4A1,UBA5
NR4A1,POLR2B
NR4A1,LPIN2
NR4A1,ERMAP
NR4A1,DDHD2
NR4A1,PCYT2
NR4A1,SGTA
NR4A1,MARCH8
NR4A1,GYG
NR4A1,NFE2L2
NR4A1,METTL7A1
NR4A1,NIF3L1
NR4A1,D1ERTD622E
NR4A1,OAT
NR4A1,LZTR1
NR4A1,FGFR1OP
NR4A1,EIF1AD
NR4A1,PLD3
NR4A1,STAT3
NR4A1,CPT2
NR4A1,4833439L19RIK
NR4A1,CELA1
NR4A1,MMRN1
NR4A1,LANCL2
NR4A1,CSGALNACT2
NR4A1,MFSD14B
NR4A1,HPN
NR4A1,MNDAL
NR4A1,HACD3
NR4A1,FPGS
NR4A1,CDCA4
NR4A1,TIMM29
NR4A1,WDR75
NR4A1,TOR3A
NR4A1,ATP7B
NR4A1,ALG11
NR4A1,USP8
NR4A1,USF3
NR4A1,TCF19
NR4A1,REXO4
NR4A1,SLC44A2
NR4A1,NAGA
NR4A1,MBTPS1
NR4A1,MFSD1
NR4A1,HDAC9
NR4A1,ORC5
NR4A1,ELMO1
NR4A1,CUL4A
NR4A1,ANAPC2
NR4A1,BLZF1
NR4A1,RGS2
NR4A1,CHP1
NR4A1,XRCC6
NR4A1,WDSUB1
NR4A1,MIOS
NR4A1,BLVRB
NR4A1,NR2C1
NR4A1,NCEH1
NR4A1,GNA13
NR4A1,COA5
NR4A1,CD84
NR4A1,GSR
NR4A1,ANAPC4
NR4A1,NAPSA
NR4A1,HMBS
NR4A1,ZFP35
NR4A1,VIM
NR4A1,SLA2
NR4A1,RANGAP1
NR4A1,METTL8
NR4A1,ESYT2
NR4A1,DCAF13
NR4A1,ZKSCAN6
NR4A1,NR3C2
NR4A1,HPCAL1
NR4A1,PLA2G12A
NR4A1,ETF1
NR4A1,CBFB
NR4A1,NAMPT
NR4A1,PLEC
NR4A1,NUP85
NR4A1,EPSTI1
NR4A1,ZFP945
NR4A1,EIF2B1
NR4A1,EBF1
NR4A1,ZKSCAN3
NR4A1,RASA3
NR4A1,STXBP3
NR4A1,STAP1
NR4A1,PBK
NR4A1,GOLM1
NR4A1,ALDH18A1
NR4A1,PROCR
NR4A1,GSS
NR4A1,DCP1A
NR4A1,TRIM59
NR4A1,ADO
NR4A1,ABI1
NR4A1,UROD
NR4A1,TAB1
NR4A1,RCSD1
NR4A1,PPP6C
NR4A1,SCFD1
NR4A1,PRELID3B
NR4A1,ERLIN2
NR4A1,TSHZ3
NR4A1,INTS13
NR4A1,IFI204
NR4A1,NFKBIA
NR4A1,CUL3
NR4A1,CITED4
NR4A1,RRM1
NR4A1,CISH
NR4A1,NCLN
NR4A1,IFRD2
NR4A1,HAGH
NR4A1,ANXA6
NR4A1,TMEM186
NR4A1,CLIC4
NR4A1,SPIRE1
NR4A1,SMARCA2
NR4A1,PCYT1A
NR4A1,WDR5
NR4A1,SELENOP
NR4A1,MAP4K2
NR4A1,DOK2
NR4A1,RNASE6
NR4A1,LYRM4
NR4A1,LSP1
NR4A1,FAM76B
NR4A1,TMEM109
NR4A1,RTP4
NR4A1,PA2G4
NR4A1,RGS19
NR4A1,AP5M1
NR4A1,TIFA
NR4A1,NCAPG2
NR4A1,ALDH1A1
NR4A1,PIK3R2
NR4A1,E2F8
NR4A1,CENPE
NR4A1,IRF1
NR4A1,CRNKL1
NR4A1,CKAP5
NR4A1,ZFP24
NR4A1,NDRG1
NR4A1,IFI203
NR4A1,EFTUD2
NR4A1,TMEM173
NR4A1,COPB1
NR4A1,UAP1
NR4A1,FZR1
NR4A1,HCLS1
NR4A1,GALK2
NR4A1,ELAC2
NR4A1,ASF1B
NR4A1,ARL8B
NR4A1,WDR55
NR4A1,UAP1L1
NR4A1,NARFL
NR4A1,CORO1A
NR4A1,COLGALT1
NR4A1,CASP3
NR4A1,ZKSCAN17
NR4A1,USP4
NR4A1,FES
NR4A1,RPRD1B
NR4A1,IPO4
NR4A1,CERS5
NR4A1,SLC39A9
NR4A1,KLHL24
NR4A1,CKS1B
NR4A1,UBA7
NR4A1,CSTF2
NR4A1,SPC24
NR4A1,HAUS2
NR4A1,DPH6
NR4A1,COG6
NR4A1,ATP13A1
NR4A1,MIS12
NR4A1,EXT2
NR4A1,ENDOD1
NR4A1,SNRPB
NR4A1,SEC23IP
NR4A1,OASL2
NR4A1,MT1
NR4A1,HSDL1
NR4A1,ELL2
NR4A1,SLC35A1
NR4A1,XPNPEP1
NR4A1,VPS33B
NR4A1,TRMT6
NR4A1,SCRN3
NR4A1,POLE3
NR4A1,MTREX
NR4A1,MKI67
NR4A1,FNTA
NR4A1,FBXW5
NR4A1,ATAD2
NR4A1,TMEM177
NR4A1,NUBP2
NR4A1,NADK
NR4A1,AURKA
NR4A1,ASAH1
NR4A1,MAU2
NR4A1,GTF3C3
NR4A1,BTK
NR4A1,UBE2G2
NR4A1,MAD2L1
NR4A1,AHCYL1
NR4A1,PON2
NR4A1,NFXL1
NR4A1,CLPX
NR4A1,ARID3B
NR4A1,TUBGCP2
NR4A1,SRSF1
NR4A1,PAK1
NR4A1,FASTKD2
NR4A1,ELOVL1
NR4A1,TFG
NR4A1,NDC1
NR4A1,CLN5
NR4A1,CEP70
NR4A1,ABHD16A
NR4A1,STXBP4
NR4A1,SESN1
NR4A1,RAD51
NR4A1,NCAPH
NR4A1,MGST3
NR4A1,EMILIN2
NR4A1,PSMD5
NR4A1,CDK19
NR4A1,TOPORS
NR4A1,FIGNL1
NR4A1,EXOC2
NR4A1,DIS3L2
NR4A1,RPA2
NR4A1,HEATR5A
NR4A1,GPR180
NR4A1,GNAI3
NR4A1,GFM1
NR4A1,GATM
NR4A1,E2F6
NR4A1,DNM1L
NR4A1,ABCF3
NR4A1,WDHD1
NR4A1,NPLOC4
NR4A1,CALU
NR4A1,ADK
NR4A1,TOX4
NR4A1,KIF20B
NR4A1,ISYNA1
NR4A1,RB1
NR4A1,LDAH
NR4A1,CDC45
NR4A1,VPS11
NR4A1,TMEM263
NR4A1,ORC2
NR4A1,FTSJ3
NR4A1,ATAD1
NR4A1,UBR7
NR4A1,POLD1
NR4A1,LPCAT3
NR4A1,DUS1L
NR4A1,NDE1
NR4A1,L2HGDH
NR4A1,IRF6
NR4A1,CD82
RAD21,AHCYL1
RAD21,DDX20
RAD21,RAB37
RAD21,MCM5
RAD21,RHOF
RAD21,NCEH1
RAD21,SLC25A45
RAD21,ERLIN2
RAD21,POLD1
RAD21,RCC1
RAD21,RAB32
RAD21,NARFL
RAD21,PLEC
RAD21,ASF1B
RAD21,GNPDA1
RAD21,FAM136A
RAD21,MYCN
RAD21,ANKLE1
RAD21,GYPA
RAD21,INKA1
RAD21,TRIB3
RAD21,ATG16L1
RAD21,TK1
RAD21,CRBN
RAD21,GBP2
RAD21,GFI1B
RAD21,CLCN4
RAD21,PHAX
RAD21,FEM1A
RAD21,CASP2
RAD21,GSTM1
RAD21,TSC22D3
RAD21,CEP70
RAD21,TRPV2
RAD21,SPHK1
RAD21,HSD3B7
RAD21,SETD2
RAD21,NDUFV1
RAD21,SERPINB9
RAD21,PAFAH1B2
RAD21,ZZZ3
RAD21,TGM2
RAD21,LRRC8C
RAD21,TRIM30A
RAD21,ATP11C
RAD21,INPP1
RAD21,COPG1
RAD21,SERPINB1A
RAD21,CRYZL2
RAD21,ELF4
RAD21,GLIPR2
RAD21,DUSP1
RAD21,PEAR1
RAD21,SLC30A5
RAD21,POLA2
RAD21,NUF2
RAD21,RGCC
RAD21,SLC25A38
RAD21,MGST3
RAD21,MYO1D
RAD21,TLK1
RAD21,BUB1
RAD21,PLIN3
RAD21,TENT5A
RAD21,ELMO1
RAD21,JUN
RAD21,CAST
RAD21,MOGS
RAD21,TRIB2
RAD21,FCHSD2
RAD21,CTSO
RAD21,MINPP1
RAD21,PREP
RAD21,CHMP7
RAD21,CD55
RAD21,CUL4A
RAD21,GRN
RAD21,TBC1D10C
RAD21,ESYT2
RAD21,ZYX
RAD21,RNF139
RAD21,MARS
RAD21,METTL27
RAD21,IPO9
RAD21,FAM45A
RAD21,RNASEL
RAD21,SGPL1
RAD21,FADS1
RAD21,EGR1
RAD21,PPOX
RAD21,ALDH18A1
RAD21,UCKL1
RAD21,CPT2
RAD21,ABI1
RAD21,DTL
RAD21,STXBP3
RAD21,TWSG1
RAD21,SERPINB6B
RAD21,SLC14A1
RAD21,RABIF
RAD21,NR2C1
RAD21,LMBRD1
RAD21,CCNA2
RAD21,ACSS2
RAD21,ABCB8
RAD21,MIS18BP1
RAD21,RASSF5
RAD21,NAE1
RAD21,PLXNC1
RAD21,BCLAF3
RAD21,NADK
RAD21,LPCAT3
RAD21,SPRYD4
RAD21,MAPKAPK3
RAD21,ANAPC2
RAD21,RUNX2
RAD21,ANXA5
RAD21,KLF1
RAD21,RNF141
RAD21,STT3B
RAD21,SPNS2
RAD21,ETS1
RAD21,TOX4
RAD21,KLF6
RAD21,ANK
RAD21,ABCB4
RAD21,USF3
RAD21,DPP8
RAD21,DHFR
RAD21,1700017B05RIK
RAD21,KLHL24
RAD21,CTSC
RAD21,4833439L19RIK
RAD21,RFC5
RAD21,EMILIN2
RAD21,SLC6A6
RAD21,KIDINS220
RAD21,MAN2A2
RAD21,SMARCA2
RAD21,RARS
RAD21,RUVBL2
RAD21,C330018D20RIK
RAD21,IL27RA
RAD21,DNPEP
RAD21,DNAJC11
RAD21,ATL2
RAD21,FAAP100
RAD21,P2RX4
RAD21,ELL2
RAD21,TMEM176A
RAD21,ARHGAP15
RAD21,RAB31
RAD21,METTL8
RAD21,PSMD6
RAD21,NOL9
RAD21,NAA50
RAD21,CCNB1
RAD21,GIMAP5
RAD21,MYC
RAD21,CLN5
RAD21,CYB5R3
RAD21,NFATC1
RAD21,GFM1
RAD21,RFC4
RAD21,EIF1AD
RAD21,FEM1B
RAD21,ATP2A3
RAD21,SATB1
RAD21,PTPN12
RAD21,PIP4K2A
RAD21,PIK3IP1
RAD21,SPTBN1
RAD21,EYA2
RAD21,ST3GAL5
RAD21,APEH
RAD21,WDSUB1
RAD21,PACSIN2
RAD21,ZFP397
RAD21,UAP1
RAD21,EXT2
RAD21,KIF20B
RAD21,SPC24
RAD21,ALAD
RAD21,PIDD1
RAD21,PAK1
RAD21,DNM1L
RAD21,FES
RAD21,APLP2
RAD21,PCYT1A
RAD21,ARL8B
RAD21,9430015G10RIK
RAD21,PRKAR2B
RAD21,ABTB1
RAD21,MARCH5
RAD21,TCF12
RAD21,PRKAA1
RAD21,BYSL
RAD21,GMFB
RAD21,AP1B1
RAD21,PRKAB1
RAD21,SGO1
RAD21,SHCBP1
RAD21,XRCC5
RAD21,EPS15
RAD21,OAT
RAD21,RPRD1B
RAD21,MTMR6
RAD21,RMND5A
RAD21,ESR1
RAD21,HCLS1
RAD21,TMEM68
RAD21,KLF3
RAD21,ODC1
RAD21,TBCD
RAD21,SLC44A2
RAD21,NELFB
RAD21,MECOM
RAD21,COLGALT1
RAD21,DENND2D
RAD21,MARCH8
RAD21,EPDR1
RAD21,FNTA
RAD21,SMIM5
RAD21,MNS1
RAD21,ITGA6
RAD21,ENDOD1
RAD21,PRKCQ
RAD21,PRPF4
RAD21,WDHD1
RAD21,IRF1
RAD21,HAGH
RAD21,LYRM4
RAD21,CRK
RAD21,NFKBIA
RAD21,MAP4K2
RAD21,STEAP3
RAD21,CTNNA1
RAD21,ZEB2
RAD21,HPN
RAD21,PICALM
RAD21,ADO
RAD21,B230219D22RIK
RAD21,NECAP2
RAD21,RMND5B
RAD21,WDR5
RAD21,NFAT5
RAD21,TAB1
RAD21,COL5A1
RAD21,AK3
RAD21,MCTP1
RAD21,TYMS
RAD21,GTF3C3
RAD21,TMEM168
RAD21,CLIC4
RAD21,ZKSCAN3
RAD21,MORC3
RAD21,NAA35
RAD21,SLC35A1
RAD21,SESN1
RAD21,PSMD5
RAD21,TXNRD2
RAD21,PKM
RAD21,LRRFIP1
RAD21,PCCA
RAD21,SLC20A1
RAD21,MIEF1
RAD21,NGLY1
RAD21,RRM2
RAD21,CPOX
RAD21,LANCL2
RAD21,RAI14
RAD21,PON2
RAD21,IFT140
RAD21,HUS1
RAD21,ME2
RAD21,ZFP592
RAD21,NFE2
RAD21,EXOC2
RAD21,TMX3
RAD21,AFF4
RAD21,NUP85
RAD21,TFRC
RAD21,SPPL2A
RAD21,WDR36
RAD21,PPM1H
RAD21,ADD2
RAD21,NOTCH1
RAD21,GCLC
RAD21,MIOS
RAD21,PPIL4
RAD21,PIGQ
RAD21,MAPK9
RAD21,PNO1
RAD21,HIST1H2BC
RAD21,NARF
RAD21,IKZF1
RAD21,ITFG1
RAD21,HERC4
RAD21,GPSM2
RAD21,PRKCH
RAD21,ZFP639
RAD21,NFE2L2
RAD21,CSTF2
RAD21,USP25
RAD21,ZFP24
RAD21,AHCTF1
RAD21,REL
RAD21,VPS26C
RAD21,NEDD1
RAD21,BTG2
RAD21,MXD3
RAD21,RNF19A
RAD21,TASP1
RAD21,ATP13A1
RAD21,ALDH9A1
RAD21,DEK
RAD21,ORC5
RAD21,SP4
RAD21,ZFP62
RAD21,XPR1
RAD21,PKLR
RAD21,LPIN2
RAD21,SPC25
RAD21,PDE4B
RAD21,ABHD16A
RAD21,NUP107
RAD21,NET1
RAD21,TNFAIP8
RAD21,ZDHHC6
RAD21,BTRC
RAD21,CKAP2L
RAD21,STXBP4
RAD21,HEATR5A
RAD21,RHOT1
RAD21,INTS8
RAD21,COA5
RAD21,CDK19
RAD21,DRAM2
RAD21,CEPT1
RAD21,BC005561
RAD21,USP8
RAD21,FAM168B
RAD21,TIMM29
RAD21,EXOC3
RAD21,METAP1D
RAD21,VHL
RAD21,KPNA3
RAD21,DCP1A
RAD21,WDR45B
RAD21,KNSTRN
RAD21,DPH6
RAD21,GARS
RAD21,EYA1
RAD21,ATG12
RAD21,AP3S1
RAD21,DCAF4
RAD21,POLR1B
RAD21,PSEN1
RAD21,NCAPG2
RAD21,RNF145
RAD21,AURKA
RAD21,TRIM59
RAD21,JPT2
RAD21,PRDM16
RAD21,TMEM64
RAD21,TREML2
RAD21,ACAA2
RAD21,SEH1L
RAD21,TRMT6
RAD21,ELOVL1
RAD21,PLCG2
RAD21,CNIH1
RAD21,CHMP3
RAD21,HPCAL1
RAD21,FKBP1A
RAD21,D1ERTD622E
RAD21,AHR
RAD21,HAUS2
RAD21,STK25
RAD21,NDRG1
RAD21,DCAF13
RAD21,ZBTB10
RAD21,INTS13
RAD21,NRF1
RAD21,TMEM97
RAD21,HARS2
RAD21,HARS
RAD21,TYK2
RAD21,MFSD1
RAD21,ZFP672
RAD21,KIF11
RAD21,FAR1
RAD21,METAP1
RAD21,XRCC6
RAD21,GM2A
RAD21,VIM
RAD21,HSDL1
RAD21,MARCH6
RAD21,CSGALNACT2
RAD21,FTSJ3
RAD21,RNF115
RAD21,PQLC1
RAD21,IL15
RAD21,HSPA4L
RAD21,MSH6
RAD21,WDR4
RAD21,MRM1
RAD21,RNF13
RAD21,FOXRED1
RAD21,MAPK1
RAD21,SMIM15
RAD21,TLR4
RAD21,PMPCA
RAD21,NAMPT
RAD21,NDEL1
RAD21,RB1
RAD21,BAP1
RAD21,ZFP143
RAD21,CUL2
RAD21,ZFP451
RAD21,ACAP1
RAD21,ZDHHC13
RAD21,MEF2C
RAD21,SLC39A10
RAD21,LCP1
RAD21,TM7SF3
RAD21,THRB
RAD21,CNOT10
RAD21,NUDT9
RAD21,ZFP871
RAD21,RARB
RAD21,GRINA
RAD21,STX17
RAD21,DOCK2
RAD21,LTB
RAD21,LAPTM4B
RAD21,GANAB
RAD21,TUBGCP5
RAD21,RAD51AP1
RAD21,CUL3
RAD21,IRF8
RAD21,RPAP1
RAD21,PACS1
RAD21,TBL3
RAD21,RASA3
RAD21,ASAH1
RAD21,PRSS50
RAD21,ARMT1
RAD21,GMNN
RAD21,GNA13
RAD21,USP4
RAD21,TRPS1
RAD21,CNOT7
RAD21,OTUD6B
RAD21,CCNF
RAD21,LAP3
RAD21,TIFA
RAD21,NPLOC4
RAD21,MBTPS1
RAD21,ATAD2
RAD21,ANGPT1
RAD21,KAT7
RAD21,UGCG
RAD21,BMI1
RAD21,ZFP110
RAD21,PHACTR2
RAD21,DECR1
RAD21,THUMPD3
RAD21,TMUB2
RAD21,ANKFY1
RAD21,RPA1
RAD21,ST3GAL6
RAD21,LZTR1
RAD21,GOSR2
RAD21,GALK2
RAD21,ADK
RAD21,NOP2
RAD21,JARID2
RAD21,CPQ
RAD21,PHF10
RAD21,FECH
RAD21,NUP93
RAD21,BUB1B
RAD21,MAVS
RAD21,CYB5R1
RAD21,PWP1
RAD21,PGM1
RAD21,SMAD2
RAD21,OSTM1
RAD21,TSPAN14
RAD21,CDT1
RAD21,ABL1
RAD21,ZFP961
RAD21,ARAP1
RAD21,XPNPEP1
RAD21,FOS
RAD21,EPAS1
RAD21,NUDT4
RAD21,CHP1
RAD21,PLA2G12A
RAD21,GYG
RAD21,ESAM
RAD21,DIS3L2
RAD21,GTF2H1
RAD21,SCRN3
RAD21,HDAC2
RAD21,MRPL37
RAD21,TANGO2
RAD21,GSR
RAD21,YOD1
RAD21,ABCF3
RAD21,FOXO1
RAD21,IRF5
RAD21,CAPN7
RAD21,ERLIN1
RAD21,PRELID3B
RAD21,ABCD3
RAD21,TSPAN3
RAD21,CLPTM1L
RAD21,PSEN2
RAD21,RPA2
RAD21,MFSD14B
RAD21,NIF3L1
RAD21,TUBGCP2
RAD21,STOM
RAD21,SDHAF2
RAD21,CMPK2
RAD21,PSMF1
RAD21,MBOAT2
RAD21,MAN1A
RAD21,LPCAT1
RAD21,REXO4
RAD21,ARMC8
RAD21,VPS33A
RAD21,TTF1
RAD21,PJA2
RAD21,UBXN2B
RAD21,MYH10
RAD21,TRMT11
RAD21,PTDSS2
RAD21,ZFP266
RAD21,VPS33B
RAD21,TOPORS
RAD21,LDAH
RAD21,CDC7
RAD21,CYP20A1
RAD21,STAT3
RAD21,ZFP35
RAD21,ZKSCAN6
RAD21,OPTN
RAD21,BCAP29
RAD21,LIMD2
RAD21,PLD3
RAD21,SNRPB
RAD21,CACFD1
RAD21,HNRNPLL
RAD21,MCM6
RAD21,RORA
RAD21,CASP3
RAD21,UBE2G2
RAD21,RABGGTB
RAD21,PPP2R1B
RAD21,DDX1
RAD21,SMIM1
RAD21,HSPH1
RAD21,HMMR
RAD21,CBFB
RAD21,NOLC1
RAD21,NUDCD3
RAD21,IFRD2
RAD21,GIMAP6
RAD21,SCARB1
RAD21,MTFR1
RAD21,CYTH3
RAD21,CDCA4
RAD21,HEXA
RAD21,GFI1
RAD21,CHUK
RAD21,CENPA
RAD21,EZR
RAD21,HNRNPAB
RAD21,SLC16A1
RAD21,PRDM4
RAD21,CREB5
RAD21,WDR73
RAD21,FGFR1OP
RAD21,KIF22
RAD21,SQLE
RAD21,DHX33
RAD21,NR4A1
RAD21,DDHD2
RAD21,SCFD1
RAD21,PITRM1
RAD21,KDM6A
RAD21,GYPC
RAD21,GMCL1
RAD21,D230025D16RIK
RAD21,CERS5
RAD21,TMEM186
RAD21,NFATC2
RAD21,RGS19
RAD21,DCK
RAD21,COPB1
RAD21,PRC1
RAD21,POLR2B
RAD21,DENND1C
RAD21,SLC25A46
RAD21,RFESD
RAD21,ZFP655
RAD21,TMEM109
RAD21,CDCA5
RAD21,D10WSU102E
RAD21,TAF12
RAD21,RNASE6
RAD21,ELP2
RAD21,HDAC7
RAD21,AP5M1
RAD21,CHAMP1
RAD21,POT1A
RAD21,EIF2B1
RAD21,NFXL1
RAD21,POLR3F
RAD21,INPP5B
RAD21,PWP2
RAD21,PSAT1
RAD21,RUNX1T1
RAD21,SLC31A1
RAD21,HACD3
RAD21,CAD
RAD21,NCAPG
RAD21,HIST1H1C
RAD21,ICE1
RAD21,ANAPC4
RAD21,CALU
RAD21,ZFP30
RAD21,TMEM206
RAD21,FUCA2
RAD21,LRRC14
RAD21,GORASP1
RAD21,NAPSA
RAD21,WLS
RAD21,VAMP3
RAD21,DNAJC10
RAD21,L2HGDH
RAD21,AMPD3
RAD21,NCAPD2
RAD21,MTREX
RAD21,PBK
RAD21,PA2G4
RAD21,SNAPC3
RAD21,ITSN1
RAD21,PPP6C
RAD21,VPS41
RAD21,WARS
RAD21,MEMO1
RAD21,CENPO
RAD21,MFGE8
RAD21,POLE3
RAD21,FAM234B
RAD21,TOLLIP
RAD21,NUP155
RAD21,TVP23B
RAD21,ILVBL
RAD21,SGPP1
RAD21,NT5DC1
RAD21,IDH3A
RAD21,SERPINA3G
RAD21,MT1
RAD21,PITPNB
RAD21,IFI203
RAD21,ADAMTS10
RAD21,ATG4B
RAD21,RGS1
RAD21,UROS
RAD21,GIMAP1
RAD21,ENPP4
RAD21,RCSD1
RAD21,MAD2L1
RAD21,NSMAF
RAD21,TRMT2A
RAD21,RELB
RAD21,TMEM129
RAD21,TACC3
RAD21,GTF2F1
RAD21,ANXA6
RAD21,ATP1B2
RAD21,GOLPH3
RAD21,GSS
RAD21,TMX1
RAD21,MCM7
RAD21,YBX3
RAD21,MIS12
RAD21,XK
RAD21,TPP1
RAD21,UBA7
RAD21,ZFP467
RAD21,DUSP2
RAD21,FIGNL1
RAD21,XAB2
RAD21,MTO1
RAD21,DCAF11
RAD21,STARD10
RAD21,GPR180
RAD21,E2F6
RAD21,HDGF
RAD21,DNAJC5
RAD21,PHB2
RAD21,USP37
RAD21,SSX2IP
RAD21,GEMIN5
RAD21,SEPT8
RAD21,COPS8
RAD21,EPSTI1
RAD21,XPC
RAD21,GNAI3
RAD21,DLST
RAD21,TBC1D2B
RAD21,SQOR
RAD21,MNDAL
RAD21,SUPT7L
RAD21,PTDSS1
RAD21,CENPK
RAD21,SRSF1
RAD21,MAU2
RAD21,AP1G2
RAD21,ATP7B
RAD21,ALG11
RAD21,ABCB10
RAD21,MYNN
RAD21,GOLM1
RAD21,UBAP1
RAD21,GNG11
RAD21,PUS7
RAD21,CLPX
RAD21,IPO4
RAD21,MKI67
RAD21,KLHL6
RAD21,RASAL3
RAD21,CD1D1
RAD21,PPAT
RAD21,CHORDC1
RAD21,CENPE
RAD21,KLHL23
RAD21,CCNE1
RAD21,EFTUD2
RAD21,ORC2
RAD21,BAG2
RAD21,ID2
RAD21,CD84
RAD21,UHRF1
RAD21,TCP11L2
RAD21,NUDCD1
RAD21,ZFP322A
RAD21,CASP1
RAD21,GCNT2
RAD21,SLC40A1
RAD21,2610301B20RIK
RAD21,GTF2E1
RAD21,HLF
RAD21,CSAD
RAD21,RNF213
RAD21,TTLL12
RAD21,CYTIP
RAD21,SMC2
RAD21,NEK9
RAD21,CTPS
RAD21,MCM3
RAD21,TFG
RAD21,PRMT7
RAD21,RGS2
RAD21,CTR9
RAD21,SLC29A1
RAD21,JAK3
RAD21,FZR1
RAD21,STX12
RAD21,NASP
RAD21,LONP1
RAD21,TES
RAD21,MCM4
RAD21,COG6
RAD21,BTAF1
RAD21,SNX10
RAD21,GOLT1B
RAD21,PQLC3
RAD21,IFI204
RAD21,ZSCAN21
RAD21,NFIA
RAD21,PIK3R2
RAD21,STAP1
RAD21,SPPL2B
RAD21,CD9
RAD21,ANXA4
RAD21,UTP4
RAD21,FLOT2
RAD21,BIRC5
RAD21,SUN1
RAD21,UMPS
RAD21,ZFP945
RAD21,CPT1A
RAD21,CCNG1
RAD21,ISYNA1
RAD21,TMC6
RAD21,UNC93B1
RAD21,UNK
RAD21,PFKM
RAD21,FAM76B
RAD21,RNF4
RAD21,HELLS
RAD21,ACOX1
RAD21,COG7
RAD21,TUBGCP3
RAD21,UAP1L1
RAD21,SLC30A6
RAD21,COPB2
RAD21,GSKIP
RAD21,CERS4
RAD21,NPTN
RAD21,LIG1
RAD21,VKORC1L1
RAD21,NUBP2
RAD21,ASB8
RAD21,TIMM50
RAD21,E2F4
RAD21,NDC1
RAD21,2210016F16RIK
RAD21,CKAP5
RAD21,DCTD
RAD21,CD82
RAD21,MFNG
RAD21,ST8SIA4
RAD21,EPOR
RAD21,TMEM263
RAD21,CDC45
RAD21,WDR75
RAD21,ASNS
RAD21,COQ8A
RAD21,KLHL22
RAD21,MED22
RAD21,MFN2
RAD21,RPP40
RAD21,TCIRG1
RAD21,RRM1
RAD21,PLK1
RAD21,TBC1D15
RAD21,MED16
RAD21,NIT1
RAD21,CDC20
RAD21,CNP
RAD21,CRIP2
RAD21,RCOR1
RAD21,AFG3L2
RAD21,ARL6IP6
RAD21,XRCC3
RAD21,PBX1
RAD21,HDAC9
RAD21,TSPAN33
RAD21,CASP4
RAD21,TMEM176B
RAD21,HEBP1
RAD21,CIPC
RAD21,SELENOP
RAD21,AAR2
RAD21,ALG9
RAD21,INCENP
RAD21,UBE2C
RAD21,ISG20
RAD21,CAMK1
RAD21,POGLUT1
RAD21,NUSAP1
RAD21,GPR171
RAD21,YPEL3
RAD21,APBB1
RAD21,ZBTB43
RAD21,SACM1L
RAD21,TAPT1
RAD21,BLVRB
RAD21,CD93
RAD21,IARS2
RAD21,SPO11
RAD21,H1F0
RAD21,HMGB2
RAD21,LMNA
RAD21,TOM1L1
RAD21,QARS
RAD21,UBL4A
RAD21,PLAG1
RAD21,RAD51
RAD21,PCYT2
RAD21,F11R
RAD21,BLZF1
RAD21,TMEM56
RAD21,ATP6V1A
RAD21,CTSE
RAD21,CCNE2
RAD21,SLC11A2
RAD21,TMEM173
RAD21,CCNB2
RAD21,SP100
RAD21,ATP6AP1
RAD21,ARHGEF6
RAD21,SNCA
RAD21,SLC19A1
RAD21,TMEM177
RAD21,E2F8
RAD21,LEPROT
RAD21,PRDM5
RAD21,P2RY14
RAD21,PLAA
RAD21,SPTLC1
RAD21,ANXA2
RAD21,DYNLT3
RAD21,NAGA
RAD21,ZBTB20
RAD21,USP10
RAD21,RANGAP1
RAD21,EBF1
RAD21,PDK3
RAD21,LSP1
RAD21,CDK1
RAD21,LMO4
RAD21,SPI1
RAD21,PSMD9
RAD21,WDR55
RAD21,RANBP3
RAD21,LCP2
RAD21,SNAP23
RAD21,ALKBH8
RAD21,TEAD3
RAD21,PDCL
RAD21,SOX6
RAD21,UBR7
RAD21,PLIN2
RAD21,CKAP2
RAD21,EDC3
RAD21,EBI3
RAD21,MTAP
RAD21,SKAP2
RAD21,SEPT6
RAD21,BUB3
RAD21,ACSS1
RAD21,ICA1
RAD21,SLC38A5
RAD21,SGTA
RAD21,NCAPH
RAD21,RBPMS
RAD21,SASH3
RAD21,MTHFD1
RAD21,YBX1
RAD21,FBXW5
RAD21,GATA2
RAD21,TBXAS1
RAD21,TNFRSF13B
RAD21,MEIS1
RAD21,VPS35
RAD21,ORC6
RAD21,HMBS
RAD21,UBAC1
RAD21,UBA5
RAD21,ZKSCAN17
RAD21,FARSB
RAD21,DUS1L
RAD21,CALCRL
RAD21,GATM
RAD21,TPX2
RAD21,PLEK
RAD21,SEC23IP
RAD21,WDR6
RAD21,FPGS
RAD21,NCLN
RAD21,NUDT19
RAD21,NUP88
RAD21,IL21R
RAD21,GRAMD1A
RAD21,IFITM1
RAD21,ETF1
RAD21,NSD2
RAD21,GMPR
RAD21,CKS1B
RAD21,LLGL1
RAD21,TFR2
RAD21,PTCD3
RAD21,CD48
RAD21,VPS11
RAD21,MAPK12
RAD21,TRIM47
RAD21,FASTKD2
RAD21,PPARGC1A
RAD21,TEAD2
RAD21,DDX58
RAD21,MCM10
RAD21,UBR1
RAD21,TIPIN
RAD21,ZFP275
RAD21,TERF2IP
RAD21,FBXO5
RAD21,ZFP367
RAD21,ATAD1
RAD21,ABCG2
RAD21,RTP4
RAD21,CBX7
RAD21,MYB
RAD21,PTGS1
RAD21,TOR3A
RAD21,BID
RAD21,TMEM164
RAD21,CCDC137
RAD21,MPL
RAD21,TARS
RAD21,ELAC2
RAD21,H2-OB
RAD21,CITED4
RAD21,ARHGAP4
RAD21,EIF4ENIF1
RAD21,ARHGEF18
RAD21,CES2G
RAD21,CTLA2B
RAD21,GNB4
RAD21,TNFAIP2
RAD21,HACD4
RAD21,HEMGN
RAD21,PRPS2
RAD21,APOE
RAD21,CDCA8
RAD21,FAM91A1
RAD21,VDR
RAD21,IARS
RAD21,AURKB
RAD21,CDCA3
RAD21,PSTPIP1
RAD21,CENPF
RAD21,STXBP1
RAD21,ALDH1A1
RAD21,PCP4L1
RAD21,NEURL3
RAD21,CRNKL1
RAD21,VAV1
RAD21,CD74
RAD21,UBA3
RAD21,SOX18
RAD21,VWA5A
RAD21,SVIP
RAD21,GLIS2
RAD21,ANXA1
RAD21,CARHSP1
RAD21,MYO1G
RAD21,ZMYM3
RAD21,ANKRD27
RAD21,KEL
RAD21,HDAC11
RAD21,CTTN
RAD21,PGLYRP2
RAD21,CYTH4
RAD21,CELA1
RAD21,SLC39A9
RAD21,HNF4A
RAD21,ATP6AP2
RAD21,ERCC8
RAD21,IRF6
RAD21,CD63
RAD21,ELP3
RAD21,ITIH5
RAD21,PRIM1
RAD21,CDC6
RAD21,EMB
RAD21,SLC41A3
RAD21,PLBD2
RAD21,TCN2
RAD21,TLE2
RAD21,TOP2A
RAD21,MFSD2B
RAD21,HCFC1
RAD21,ZFP930
RAD21,NDOR1
RAD21,NUPR1
RAD21,DOK2
RAD21,ARID3B
RAD21,TMEM185A
RAD21,GPKOW
RAD21,SPIRE1
RAD21,UROD
RAD21,CORO1A
RAD21,C1QTNF12
RAD21,KRT18
RAD21,G6PDX
RAD21,BATF2
RAD21,PRIM2
RAD21,SAMD14
RAD21,MCM2
RAD21,GUSB
RAD21,PML
RAD21,METTL7A1
RAD21,CTLA2A
RAD21,NR3C2
RAD21,NDE1
RAD21,CHCHD10
RAD21,LDHB
RAD21,H2-DMB1
RAD21,CSRP3
RAD21,MT2
RAD21,PHETA2
RAD21,PCLAF
RAD21,TIE1
RAD21,NDN
RAD21,LYZ2
RAD21,SLC43A1
RAD21,AFAP1L1
RAD21,SALL2
RAD21,CISH
RAD21,SLC25A21
RAD21,PPIC
RAD21,AQP9
RAD21,TSHZ3
RAD21,RHD
RAD21,SIGIRR
RAD21,SLC43A3
RAD21,VILL
RAD21,ST6GALNAC4
RAD21,RDH11
RAD21,TCF19
RAD21,DPH2
RAD21,OASL2
RAD21,SNRNP200
RAD21,RORC
RAD21,IFI30
RAD21,PIK3C3
RAD21,AQP1
RAD21,ZFP36
RAD21,TSPO2
RAD21,PLPPR3
RAD21,PRPS1
RAD21,SLA2
RAD21,SERPINF1
RAD21,TTF2
RAD21,ADSSL1
RAD21,GSTM5
RAD21,SELENBP1
RAD21,CD34
RAD21,PROCR
RAD21,SLA
RAD21,GATA1
RAD21,CAR1
RAD21,PLCB2
RAD21,RHAG
RAD21,SCARF1
RAD21,SLC7A4
RAD21,SLC22A3
RAD21,NXPE2
RAD51,SPTBN1
RAD51,CLCN4
RAD51,OSTM1
RAD51,ZFP961
RAD51,CHAMP1
RAD51,CD1D1
RAD51,NRF1
RAD51,SACM1L
RAD51,HDGF
RAD51,IFI203
RAD51,DUS1L
RAD51,SLC25A38
RAD51,DCP1A
RAD51,CHORDC1
RAD51,WDR36
RAD51,GTF3C3
RAD51,ELP2
RAD51,DLST
RAD51,UROS
RAD51,ITFG1
RPA1,CEPT1
RPA1,FNTA
RPA1,CLCN4
RPA1,OSTM1
RPA1,SLC25A38
RPA1,HDGF
RPA1,YOD1
RPA1,DDX1
RPA1,HEMGN
RPA1,TAF1
RPA1,EBF1
RPA1,CHAMP1
RPA1,PRIM2
RPA1,CDK1
RPA1,STXBP1
RPA1,MYH10
RPA1,GIMAP1
RPA1,ERMAP
RPA1,BUB3
RPA1,GMFB
RPA1,LZTR1
RPA1,NUF2
RPA2,CLCN4
RPA2,EGR1
RPA2,IFI203
RPA2,OSTM1
RPA2,TMX3
RPA2,UNK
RPA2,CHAMP1
SATB1,SPRYD4
SATB1,STAT3
SATB1,DCP1A
SATB1,DDX20
SATB1,ARHGAP15
SATB1,UBA5
SATB1,ARMT1
SATB1,SMARCA2
SATB1,RNF145
SATB1,SUPT7L
SATB1,ATG16L1
SATB1,NUF2
SATB1,KIDINS220
SATB1,TOX4
SATB1,CHORDC1
SATB1,FARSB
SATB1,EIF1AD
SATB1,TES
SATB1,RAD51AP1
SATB1,MIS18BP1
SATB1,MSH6
SATB1,WDR75
SATB1,GALK2
SATB1,RMND5B
SATB1,DUS1L
SATB1,HEMGN
SATB1,MTMR6
SATB1,MTREX
SATB1,SHCBP1
SATB1,ADAMTS10
SATB1,NFAT5
SATB1,LCP2
SATB1,SNRNP200
SATB1,STAP1
SATB1,CTSE
SATB1,PDCL
SATB1,TMC6
SATB1,RANGAP1
SATB1,ATL2
SATB1,TRIM30A
SATB1,BLZF1
SATB1,CNOT10
SATB1,SLC25A38
SATB1,SPTBN1
SATB1,MAD2L1
SATB1,CAST
SATB1,COPG1
SATB1,VPS33B
SATB1,DOCK2
SATB1,RASSF5
SATB1,ACAP1
SATB1,HACD3
SATB1,XRCC5
SATB1,SNRPB
SATB1,ARAP1
SATB1,ERLIN2
SATB1,CENPA
SATB1,RUVBL2
SATB1,MYNN
SATB1,SRSF1
SATB1,KLHL24
SATB1,SCFD1
SATB1,REXO4
SATB1,ZFP35
SATB1,PGLYRP2
SATB1,CLCN4
SATB1,NECAP2
SATB1,ZFP62
SATB1,PON2
SATB1,CENPO
SATB1,TMUB2
SATB1,USP8
SATB1,CNP
SATB1,TIMM29
SATB1,SEC23IP
SATB1,ADK
SATB1,TAB1
SATB1,ALDH18A1
SATB1,SLC35A1
SATB1,NUDT9
SATB1,TARS
SATB1,UROD
SATB1,METTL7A1
SATB1,CALU
SATB1,RNASEL
SATB1,ALKBH8
SATB1,RASAL3
SATB1,NAA35
SATB1,FCHSD2
SATB1,RCOR1
SATB1,LIMD2
SATB1,DNPEP
SATB1,DCAF13
SATB1,LMBRD1
SATB1,OTUD6B
SATB1,FEM1B
SATB1,PKM
SATB1,ZFP143
SATB1,VWA5A
SATB1,GMFB
SATB1,EPS15
SATB1,PIK3C3
SATB1,AP5M1
SATB1,MORC3
SATB1,DPP8
SATB1,NIF3L1
SATB1,CLPX
SATB1,GFI1
SATB1,OASL2
SATB1,POLR3F
SATB1,DHX33
SATB1,ENDOD1
SATB1,NAA50
SATB1,PPP6C
SATB1,MCM7
SATB1,DNAJC11
SATB1,UBE2G2
SATB1,TSPAN14
SATB1,TRMT2A
SATB1,PNO1
SATB1,TMX3
SATB1,USF3
SATB1,CEP70
SATB1,TRPV2
SATB1,MARS
SATB1,SMC2
SATB1,AHCTF1
SATB1,NCEH1
SATB1,STXBP3
SATB1,TBCD
SATB1,PICALM
SATB1,C330018D20RIK
SATB1,ORC5
SATB1,TTF1
SATB1,ACSS1
SATB1,GM2A
SATB1,COLGALT1
SATB1,RHOT1
SATB1,BYSL
SATB1,TNFAIP8
SATB1,METTL8
SATB1,PSMF1
SATB1,FKBP1A
SATB1,ICE1
SATB1,EYA2
SATB1,TMEM129
SATB1,TACC3
SATB1,CPT2
SATB1,VPS11
SATB1,ATP7B
SATB1,ALG11
SATB1,CCNA2
SATB1,DRAM2
SATB1,CEPT1
SATB1,ATAD2
SATB1,RELB
SATB1,ABI1
SATB1,DENND1C
SATB1,PLIN3
SATB1,FAM136A
SATB1,FEM1A
SATB1,KIF20B
SATB1,GIMAP6
SATB1,CIPC
SATB1,WDR36
SATB1,KAT7
SATB1,RAD21
SATB1,KLHL6
SATB1,CLPTM1L
SATB1,ABCB8
SATB1,PRPF4
SATB1,RABIF
SATB1,FAM45A
SATB1,IFRD2
SATB1,AHCYL1
SATB1,MIEF1
SATB1,FOXRED1
SATB1,XPC
SATB1,BIRC5
SATB1,MGST3
SATB1,VPS26C
SATB1,UAP1
SATB1,PSMD6
SATB1,UBA3
SATB1,KIF11
SATB1,TMEM173
SATB1,ESYT2
SATB1,E2F4
SATB1,TCF12
SATB1,TCP11L2
SATB1,UCKL1
SATB1,NFXL1
SATB1,PIK3R2
SATB1,SLC14A1
SATB1,CRBN
SATB1,ARL8B
SATB1,RNF115
SATB1,TASP1
SATB1,YPEL3
SATB1,TBC1D10C
SATB1,HSPH1
SATB1,DOK2
SATB1,FASTKD2
SATB1,ABTB1
SATB1,ZBTB20
SATB1,CDK19
SATB1,HARS2
SATB1,HARS
SATB1,TPX2
SATB1,ZDHHC6
SATB1,PPAT
SATB1,RRM1
SATB1,GFM1
SATB1,ATP2A3
SATB1,NEDD1
SATB1,PLD3
SATB1,PSTPIP1
SATB1,CSTF2
SATB1,CD1D1
SATB1,CALCRL
SATB1,ADO
SATB1,SCRN3
SATB1,PDE4B
SATB1,DTL
SATB1,BCLAF3
SATB1,UBR1
SATB1,CDK1
SATB1,EFTUD2
SATB1,RFESD
SATB1,DPH6
SATB1,FIGNL1
SATB1,POLE3
SATB1,GTF3C3
SATB1,GTF2F1
SATB1,ANXA5
SATB1,GPR171
SATB1,NUDCD3
SATB1,RGS1
SATB1,CTSC
SATB1,HUS1
SATB1,INCENP
SATB1,SLA
SATB1,CUL2
SATB1,TMEM168
SATB1,CTSO
SATB1,PRDM4
SATB1,TMEM206
SATB1,CHMP7
SATB1,CACFD1
SATB1,GSTM1
SATB1,EXT2
SATB1,NDUFV1
SATB1,MIOS
SATB1,ANAPC4
SATB1,ARMC8
SATB1,RABGGTB
SATB1,EIF4ENIF1
SATB1,CUL4A
SATB1,MCM4
SATB1,GEMIN5
SATB1,PRKAB1
SATB1,MAPK9
SATB1,TMEM68
SATB1,ILVBL
SATB1,ZZZ3
SATB1,POT1A
SATB1,HIST1H1C
SATB1,TBC1D15
SATB1,ZFP655
SATB1,TRPS1
SATB1,MED16
SATB1,TRIB2
SATB1,2610301B20RIK
SATB1,BLVRB
SATB1,LRRC8C
SATB1,IDH3A
SATB1,WDR5
SATB1,PHAX
SATB1,ZFP930
SATB1,XPR1
SATB1,SGO1
SATB1,SP100
SATB1,PA2G4
SATB1,ATP13A1
SATB1,GTF2E1
SATB1,MYC
SATB1,AAR2
SATB1,COPB1
SATB1,PHB2
SATB1,AFF4
SATB1,NOP2
SATB1,SLA2
SATB1,D10WSU102E
SATB1,P2RX4
SATB1,IPO9
SATB1,ARHGAP4
SATB1,SPPL2A
SATB1,PSMD9
SATB1,RARS
SATB1,CRK
SATB1,ME2
SATB1,STK25
SATB1,SLC30A5
SATB1,STXBP4
SATB1,CTLA2A
SATB1,TMEM186
SATB1,ATP6V1A
SATB1,NUP155
SATB1,MNDAL
SATB1,RFC4
SATB1,GSKIP
SATB1,DHFR
SATB1,FZR1
SATB1,ZBTB10
SATB1,XAB2
SATB1,H2-OB
SATB1,PITRM1
SATB1,PRKAA1
SATB1,NELFB
SATB1,DUSP2
SATB1,LCP1
SATB1,ZFP397
SATB1,FGFR1OP
SATB1,AURKA
SATB1,BAP1
SATB1,SERPINB9
SATB1,TFG
SATB1,ZSCAN21
SATB1,SLC30A6
SATB1,POLR1B
SATB1,MKI67
SATB1,LAP3
SATB1,NARF
SATB1,NCAPG2
SATB1,RNF141
SATB1,SGTA
SATB1,UBA7
SATB1,NFE2
SATB1,ZFP110
SATB1,WDR45B
SATB1,TIPIN
SATB1,SLC31A1
SATB1,MCM3
SATB1,HSPA4L
SATB1,DNAJC10
SATB1,COG6
SATB1,CKAP2L
SATB1,RORA
SATB1,LTB
SATB1,USP4
SATB1,NET1
SATB1,CDC6
SATB1,VPS33A
SATB1,MAPK1
SATB1,ALG9
SATB1,PLEC
SATB1,ALDH9A1
SATB1,CBFB
SATB1,SEH1L
SATB1,ISG20
SATB1,LRRC14
SATB1,TOPORS
SATB1,CPQ
SATB1,ABCF3
SATB1,NUP107
SATB1,PAFAH1B2
SATB1,RMND5A
SATB1,SP4
SATB1,PSEN2
SATB1,ANAPC2
SATB1,NDEL1
SATB1,NUP93
SATB1,IFI203
SATB1,GSS
SATB1,RDH11
SATB1,NUP85
SATB1,RGCC
SATB1,ASF1B
SATB1,TWSG1
SATB1,SLC39A9
SATB1,EPSTI1
SATB1,MOGS
SATB1,MINPP1
SATB1,ATAD1
SATB1,NT5DC1
SATB1,CDCA5
SATB1,PRKCH
SATB1,UROS
SATB1,ELP3
SATB1,TUBGCP5
SATB1,UBASH3A
SATB1,THUMPD3
SATB1,GYG
SATB1,CSGALNACT2
SATB1,COPS8
SATB1,RORC
SATB1,FOS
SATB1,FTSJ1
SATB1,RTP4
SATB1,GIMAP1
SATB1,DNAJC5
SATB1,CLN5
SATB1,CENPE
SATB1,PUS7
SATB1,EXOC2
SATB1,RNF19A
SATB1,UNK
SATB1,ZKSCAN3
SATB1,IL27RA
SATB1,MAPKAPK3
SATB1,CNIH1
SATB1,CTR9
SATB1,ZFP871
SATB1,GORASP1
SATB1,GRN
SATB1,POLD1
SATB1,NOLC1
SATB1,WDSUB1
SATB1,SPC24
SATB1,HCLS1
SATB1,CRIP2
SATB1,HEATR5A
SATB1,GARS
SATB1,SPTLC1
SATB1,AQP9
SATB1,PPOX
SATB1,RGS19
SATB1,PRELID3B
SATB1,TERF2IP
SATB1,ARHGEF6
SATB1,TMEM64
SATB1,4833439L19RIK
SATB1,BUB1
SATB1,LZTR1
SATB1,SERPINB6B
SATB1,HDAC7
SATB1,GOSR2
SATB1,DUSP1
SATB1,MFSD1
SATB1,BTRC
SATB1,JARID2
SATB1,ZFP672
SATB1,ST8SIA4
SATB1,PSMD5
SATB1,RANBP3
SATB1,NUDCD1
SATB1,CRNKL1
SATB1,EIF2B1
SATB1,PCCA
SATB1,LPIN2
SATB1,HMGB2
SATB1,CENPK
SATB1,PBK
SATB1,ARL6IP6
SATB1,MIS12
SATB1,GYPA
SATB1,TUBGCP2
SATB1,TRMT6
SATB1,VKORC1L1
SATB1,SGPL1
SATB1,FADS1
SATB1,SACM1L
SATB1,KPNA3
SATB1,TMX1
SATB1,PRC1
SATB1,UNC93B1
SATB1,TLR4
SATB1,RPAP1
SATB1,FBXO5
SATB1,ZFP24
SATB1,METAP1
SATB1,RNASE6
SATB1,COQ8A
SATB1,RNF139
SATB1,ELP2
SATB1,TMEM109
SATB1,LEPROT
SATB1,DDHD2
SATB1,MFNG
SATB1,WDR73
SATB1,SGPP1
SATB1,GNPDA1
SATB1,HDAC2
SATB1,NAE1
SATB1,CHAMP1
SATB1,TYMS
SATB1,PWP2
SATB1,PIP4K2A
SATB1,ITIH5
SATB1,RB1
SATB1,CDC45
SATB1,GPKOW
SATB1,OSTM1
SATB1,UBR7
SATB1,NFE2L2
SATB1,BUB1B
SATB1,PLA2G12A
SATB1,COA5
SATB1,NUBP2
SATB1,FTSJ3
SATB1,PRPS1
SATB1,MTO1
SATB1,JUN
SATB1,MARCH6
SATB1,NGLY1
SATB1,VPS41
SATB1,MARCH8
SATB1,GTF2H1
SATB1,VAMP3
SATB1,PREP
SATB1,DDX1
SATB1,LSP1
SATB1,ZFP451
SATB1,TFRC
SATB1,TIMM50
SATB1,IFT140
SATB1,WARS
SATB1,CDT1
SATB1,SLC6A6
SATB1,HDGF
SATB1,MEMO1
SATB1,IFI204
SATB1,NR2C1
SATB1,RPRD1B
SATB1,UHRF1
SATB1,MBTPS1
SATB1,TREML2
SATB1,CKAP2
SATB1,CYB5R3
SATB1,PPIL4
SATB1,CHP1
SATB1,NIT1
SATB1,CKS1B
SATB1,SETD2
SATB1,CBX7
SATB1,PRMT7
SATB1,PSEN1
SATB1,CYP20A1
SATB1,WDR6
SATB1,ATG4B
SATB1,NFKBIA
SATB1,CSRP3
SATB1,SLC44A2
SATB1,HERC4
SATB1,POLR2B
SATB1,QARS
SATB1,PLAA
SATB1,NARFL
SATB1,AURKB
SATB1,CHUK
SATB1,ZFP639
SATB1,HAUS2
SATB1,OAT
SATB1,ITFG1
SATB1,PPM1H
SATB1,NAMPT
SATB1,USP37
SATB1,1700017B05RIK
SATB1,KIF22
SATB1,HACD4
SATB1,METAP1D
SATB1,NFATC1
SATB1,APEH
SATB1,PTDSS1
SATB1,RCC1
SATB1,UBXN2B
SATB1,NCAPD2
SATB1,EXOC3
SATB1,ENPP4
SATB1,CAPN7
SATB1,SQLE
SATB1,NDC1
SATB1,GANAB
SATB1,AK3
SATB1,GMCL1
SATB1,CASP2
SATB1,TTLL12
SATB1,SLC39A10
SATB1,HIST1H2BC
SATB1,GNA13
SATB1,ABHD16A
SATB1,TXNRD2
SATB1,PJA2
SATB1,GNAI3
SATB1,PFKM
SATB1,CENPF
SATB1,MRM1
SATB1,DCAF11
SATB1,RPA2
SATB1,MCM5
SATB1,LIG1
SATB1,TRMT11
SATB1,DCAF4
SATB1,IRF1
SATB1,AP1G2
SATB1,ASB8
SATB1,BCAP29
SATB1,9430015G10RIK
SATB1,TMEM177
SATB1,MXD3
SATB1,TPP1
SATB1,HMBS
SATB1,SDHAF2
SATB1,TCF19
SATB1,CCNG1
SATB1,SKAP2
SATB1,PQLC1
SATB1,TOLLIP
SATB1,PSAT1
SATB1,NEK9
SATB1,FAAP100
SATB1,STEAP3
SATB1,ETF1
SATB1,ZKSCAN17
SATB1,EGR1
SATB1,TBL3
SATB1,POGLUT1
SATB1,SLC20A1
SATB1,CDCA3
SATB1,ITGA6
SATB1,STX12
SATB1,MTFR1
SATB1,LDAH
SATB1,GBP2
SATB1,L2HGDH
SATB1,G6PDX
SATB1,BTG2
SATB1,SESN1
SATB1,SERPINB1A
SATB1,ATP11C
SATB1,REL
SATB1,XRCC6
SATB1,WDR55
SATB1,CYB5R1
SATB1,CMPK2
SATB1,ELAC2
SATB1,EDC3
SATB1,ESR1
SATB1,FAM91A1
SATB1,ZFP322A
SATB1,HCFC1
SATB1,GYPC
SATB1,ABCD3
SATB1,COG7
SATB1,NDOR1
SATB1,CUL3
SATB1,ARHGEF18
SATB1,SLC25A46
SATB1,ELMO1
SATB1,PTCD3
SATB1,LDHB
SATB1,INTS8
SATB1,ORC2
SATB1,FBXW5
SATB1,RRM2
SATB1,RASA3
SATB1,NADK
SATB1,COPB2
SATB1,LYRM4
SATB1,ACAA2
SATB1,UBE2C
SATB1,ITSN1
SATB1,TM7SF3
SATB1,MTHFD1
SATB1,NDRG1
SATB1,MAN1A
SATB1,PPP2R1B
SATB1,RNF4
SATB1,P2RY14
SATB1,CLIC4
SATB1,CD84
SATB1,ZFP467
SATB1,NCLN
SATB1,PITPNB
SATB1,NAPSA
SATB1,MFSD14B
SATB1,D1ERTD622E
SATB1,PACSIN2
SATB1,SELENOP
SATB1,FPGS
SATB1,NFATC2
SATB1,SNX10
SATB1,PMPCA
SATB1,LANCL2
SATB1,FECH
SATB1,ABCB4
SATB1,ANGPT1
SATB1,D230025D16RIK
SATB1,CDC20
SATB1,YBX1
SATB1,ASAH1
SATB1,TMEM185A
SATB1,ETS1
SATB1,TAF1
SATB1,DIS3L2
SATB1,TCIRG1
SATB1,PTPN12
SATB1,PRIM2
SATB1,ID2
SATB1,E2F8
SATB1,DENND2D
SATB1,ZYX
SATB1,IPO4
SATB1,NCAPG
SATB1,LONP1
SATB1,SLC16A1
SATB1,KLF6
SATB1,BTAF1
SATB1,PACS1
SATB1,MTAP
SATB1,ACOX1
SATB1,MFN2
SATB1,PADI4
SATB1,TRIM59
SATB1,DDX58
SATB1,PLK1
SATB1,UAP1L1
SATB1,PCYT1A
SATB1,CD48
SATB1,CASP3
SATB1,UBAP1
SATB1,CHMP3
SATB1,MAU2
SATB1,CKAP5
SATB1,PTDSS2
SATB1,TUBGCP3
SATB1,ZBTB43
SATB1,SMAD2
SATB1,CDC7
SATB1,AMPD3
SATB1,LAPTM4B
SATB1,PLEK
SATB1,PCLAF
SATB1,TRIB3
SATB1,DEK
SATB1,ZFP945
SATB1,WDHD1
SATB1,XPNPEP1
SATB1,MYL10
SATB1,UMPS
SATB1,BAG2
SATB1,ALAD
SATB1,FAR1
SATB1,GSR
SATB1,CPOX
SATB1,MYB
SATB1,MEF2C
SATB1,BUB3
SATB1,TVP23B
SATB1,HAGH
SATB1,JAK3
SATB1,METTL27
SATB1,HELLS
SATB1,CISH
SATB1,NRF1
SATB1,ACSS2
SATB1,ZMYM3
SATB1,IARS2
SATB1,RGS2
SATB1,CARHSP1
SATB1,MYCN
SATB1,NSMAF
SATB1,UBAC1
SATB1,NR4A1
SATB1,GOLT1B
SATB1,ANKFY1
SATB1,NEURL3
SATB1,GCNT2
SATB1,SMIM15
SATB1,FAM76B
SATB1,MUC13
SATB1,GIMAP5
SATB1,RAB37
SATB1,MFGE8
SATB1,CAD
SATB1,RAD51
SATB1,ANXA1
SATB1,VPS35
SATB1,ORC6
SATB1,SPC25
SATB1,LRRFIP1
SATB1,STOM
SATB1,GUSB
SATB1,HSDL1
SATB1,ATG12
SATB1,AP3S1
SATB1,MCM10
SATB1,TOR3A
SATB1,NDE1
SATB1,STT3B
SATB1,SPIRE1
SATB1,INTS13
SATB1,UTP4
SATB1,NUDT19
SATB1,MCM6
SATB1,FNTA
SATB1,GPSM2
SATB1,RPA1
SATB1,FAM168B
SATB1,HEXA
SATB1,PRIM1
SATB1,RNF13
SATB1,IRF5
SATB1,HNRNPAB
SATB1,MED22
SATB1,HPN
SATB1,ZFP275
SATB1,ZKSCAN6
SATB1,ATP6AP2
SATB1,CYTIP
SATB1,MAVS
SATB1,CERS5
SATB1,B230219D22RIK
SATB1,TSPAN3
SATB1,NOL9
SATB1,CDCA4
SATB1,CCNF
SATB1,GOLPH3
SATB1,E2F6
SATB1,CNOT7
SATB1,BMI1
SATB1,NCAPH
SATB1,IKZF1
SATB1,GMNN
SATB1,ARID3B
SATB1,TYK2
SATB1,TK1
SATB1,AFG3L2
SATB1,ANKLE1
SATB1,TLK1
SATB1,PRKAR2B
SATB1,TSPAN33
SATB1,KDM6A
SPI1,TMEM206
SPI1,NCEH1
SPI1,PICALM
SPI1,TLR4
SPI1,TMX1
SPI1,TFG
SPI1,RAB32
SPI1,CENPA
SPI1,PTPN12
SPI1,E2F8
SPI1,ANAPC4
SPI1,OAT
SPI1,NIF3L1
SPI1,RAD51AP1
SPI1,ALG9
SPI1,DNAJC10
SPI1,HACD3
SPI1,NUBP2
SPI1,GUSB
SPI1,CYB5R1
SPI1,DENND1C
SPI1,NAGA
SPI1,RGS19
SPI1,SMIM15
SPI1,HCLS1
SPI1,CBFB
SPI1,EXOC2
SPI1,RASSF5
SPI1,VAV1
SPI1,COA5
SPI1,KIF20B
SPI1,CYTIP
SPI1,CNOT10
SPI1,DTL
SPI1,STX12
SPI1,AMPD3
SPI1,MAVS
SPI1,TCIRG1
SPI1,APOE
SPI1,CDCA5
SPI1,WDR73
SPI1,GIMAP6
SPI1,CYTH4
SPI1,PLEC
SPI1,ABI1
SPI1,PRKAB1
SPI1,ATP2A3
SPI1,XRCC6
SPI1,SLC6A6
SPI1,REL
SPI1,ELOVL1
SPI1,RBPMS
SPI1,BTRC
SPI1,TRMT2A
SPI1,MTMR6
SPI1,ELP2
SPI1,NAA50
SPI1,ATP6V1A
SPI1,FGFR1OP
SPI1,RNASE6
SPI1,LCP2
SPI1,SMC2
SPI1,HAGH
SPI1,DPP8
SPI1,MYO1G
SPI1,DUSP2
SPI1,EBI3
SPI1,FES
SPI1,SKAP2
SPI1,ZFP871
SPI1,PACSIN2
SPI1,CD82
SPI1,ARHGAP15
SPI1,GOSR2
SPI1,CAD
SPI1,WDR75
SPI1,MIS18BP1
SPI1,LCP1
SPI1,ETF1
SPI1,ALDH18A1
SPI1,GFI1B
SPI1,E2F4
SPI1,INCENP
SPI1,ELMO1
SPI1,ME2
SPI1,NT5DC1
SPI1,TRMT6
SPI1,RARS
SPI1,PA2G4
SPI1,DDX20
SPI1,CYB5R3
SPI1,P2RY14
SPI1,UMPS
SPI1,WDR45B
SPI1,ZFP24
SPI1,C330018D20RIK
SPI1,EIF4ENIF1
SPI1,CCNG1
SPI1,RTP4
SPI1,CD84
SPI1,HSPH1
SPI1,NELFB
SPI1,ITSN1
SPI1,ARL8B
SPI1,DOCK2
SPI1,METTL7A1
SPI1,PSAT1
SPI1,SPPL2A
SPI1,CCDC137
SPI1,CASP3
SPI1,HACD4
SPI1,ELP3
SPI1,NARF
SPI1,ARAP1
SPI1,ANKFY1
SPI1,RELB
SPI1,GNAI3
SPI1,STAP1
SPI1,HERC4
SPI1,PAK1
SPI1,SLC35A1
SPI1,HMGB2
SPI1,PML
SPI1,NADK
SPI1,TREML2
SPI1,MIS12
SPI1,CYTH3
SPI1,WLS
SPI1,SLC31A1
SPI1,UBAP1
SPI1,CKAP2L
SPI1,SRSF1
SPI1,THUMPD3
SPI1,BTK
SPI1,SPHK1
SPI1,LIMD2
SPI1,PQLC1
SPI1,POLR2B
SPI1,PLIN3
SPI1,TRPS1
SPI1,PROCR
SPI1,CTSE
SPI1,TFRC
SPI1,PLCG2
SPI1,PKM
SPI1,TIMM29
SPI1,ITIH5
SPI1,HNRNPLL
SPI1,MORC3
SPI1,OASL2
SPI1,CASP2
SPI1,MAD2L1
SPI1,CNIH1
SPI1,METAP1
SPI1,PHAX
SPI1,NUDCD1
SPI1,EMILIN2
SPI1,TOX4
SPI1,PLCB2
SPI1,ID2
SPI1,MKI67
SPI1,ZEB2
SPI1,CERS5
SPI1,MCM7
SPI1,SLC14A1
SPI1,BUB3
SPI1,GSTM1
SPI1,GFM1
SPI1,RNF4
SPI1,RPAP1
SPI1,COPB1
SPI1,RAD21
SPI1,STT3B
SPI1,ISG20
SPI1,FOS
SPI1,CTSC
SPI1,COLGALT1
SPI1,GRAMD1A
SPI1,TCF12
SPI1,AP1G2
SPI1,TMEM129
SPI1,TACC3
SPI1,NSMAF
SPI1,TRPV2
SPI1,NFE2
SPI1,TAB1
SPI1,PIK3IP1
SPI1,EPS15
SPI1,PRIM2
SPI1,TNFAIP8
SPI1,PRPF4
SPI1,MSH6
SPI1,UGCG
SPI1,SLC25A45
SPI1,CENPF
SPI1,EXOC3
SPI1,DOK2
SPI1,GTF2H1
SPI1,CNP
SPI1,TRIM47
SPI1,SCRN3
SPI1,ZKSCAN6
SPI1,NDEL1
SPI1,PHF10
SPI1,STEAP3
SPI1,CHORDC1
SPI1,NUDT19
SPI1,IKZF1
SPI1,PTDSS1
SPI1,LSP1
SPI1,NAA35
SPI1,PPP6C
SPI1,DCP1A
SPI1,PSEN2
SPI1,NUP155
SPI1,PIK3R2
SPI1,USP8
SPI1,ATAD2
SPI1,TYK2
SPI1,TRIM30A
SPI1,KLHL23
SPI1,GSR
SPI1,ABCF3
SPI1,TMEM173
SPI1,GMFB
SPI1,SMARCA2
SPI1,RPP40
SPI1,NPTN
SPI1,TOR3A
SPI1,PSEN1
SPI1,DEK
SPI1,TMC6
SPI1,SASH3
SPI1,ZFP930
SPI1,MAP4K2
SPI1,DNAJC5
SPI1,RGS1
SPI1,TBC1D10C
SPI1,CLN5
SPI1,ARHGAP4
SPI1,NAPSA
SPI1,ASF1B
SPI1,ABL1
SPI1,ENDOD1
SPI1,DLST
SPI1,NECAP2
SPI1,COPG1
SPI1,RCSD1
SPI1,RANGAP1
SPI1,FOXRED1
SPI1,NOP2
SPI1,RABIF
SPI1,RAD51
SPI1,ANXA1
SPI1,PHB2
SPI1,NDUFV1
SPI1,PDCL
SPI1,MCM4
SPI1,PON2
SPI1,ST6GALNAC4
SPI1,UBR7
SPI1,BUB1B
SPI1,XAB2
SPI1,OSTM1
SPI1,4833439L19RIK
SPI1,CRK
SPI1,PIK3C3
SPI1,1700017B05RIK
SPI1,CREB5
SPI1,CENPK
SPI1,SGTA
SPI1,UNC93B1
SPI1,NDRG1
SPI1,CD48
SPI1,PMPCA
SPI1,LMNA
SPI1,ATP1B2
SPI1,TSPAN14
SPI1,SLC30A6
SPI1,PREP
SPI1,IDH3A
SPI1,PRMT7
SPI1,COPB2
SPI1,DNPEP
SPI1,VKORC1L1
SPI1,FEM1A
SPI1,SEC23IP
SPI1,CDCA4
SPI1,RANBP3
SPI1,DHX33
SPI1,CDC6
SPI1,CASP1
SPI1,GNA13
SPI1,FASTKD2
SPI1,CD1D1
SPI1,EXT2
SPI1,GATM
SPI1,ANXA5
SPI1,RFESD
SPI1,PRSS50
SPI1,CPT2
SPI1,ADK
SPI1,TMUB2
SPI1,NFAT5
SPI1,CTTN
SPI1,ITFG1
SPI1,PGLYRP2
SPI1,LDHB
SPI1,NRF1
SPI1,WDSUB1
SPI1,GALK2
SPI1,ST8SIA4
SPI1,XPC
SPI1,NUP107
SPI1,ERLIN1
SPI1,HAUS2
SPI1,NUDT4
SPI1,B230219D22RIK
SPI1,CHMP3
SPI1,BLVRB
SPI1,SLC39A9
SPI1,PTGS1
SPI1,ARHGEF6
SPI1,NFATC2
SPI1,CDT1
SPI1,GARS
SPI1,CAST
SPI1,SLC43A3
SPI1,TMEM168
SPI1,ASAH1
SPI1,ATP13A1
SPI1,RASA3
SPI1,VPS35
SPI1,ORC6
SPI1,CENPO
SPI1,CNOT7
SPI1,TASP1
SPI1,RORA
SPI1,PLEK
SPI1,MRM1
SPI1,WDHD1
SPI1,UAP1
SPI1,DENND2D
SPI1,PLIN2
SPI1,BLZF1
SPI1,VPS26C
SPI1,RNASEL
SPI1,INTS13
SPI1,IRF5
SPI1,ZZZ3
SPI1,H2-OB
SPI1,CLIC4
SPI1,ZFP62
SPI1,HIST1H1C
SPI1,ARL6IP6
SPI1,PLD3
SPI1,ATG16L1
SPI1,UCKL1
SPI1,NFE2L2
SPI1,TES
SPI1,USF3
SPI1,CDK19
SPI1,CALCRL
SPI1,ARMT1
SPI1,D10WSU102E
SPI1,CHAMP1
SPI1,MTREX
SPI1,ABCG2
SPI1,UHRF1
SPI1,POT1A
SPI1,SLC41A3
SPI1,CHP1
SPI1,ZBTB43
SPI1,MIEF1
SPI1,FAR1
SPI1,WDR36
SPI1,NDOR1
SPI1,MARCH6
SPI1,SERPINB9
SPI1,WDR55
SPI1,PCYT1A
SPI1,KIF22
SPI1,TMEM68
SPI1,GCNT2
SPI1,RNF213
SPI1,CCNE1
SPI1,HCFC1
SPI1,PSMD6
SPI1,ZDHHC13
SPI1,ZFP367
SPI1,PACS1
SPI1,ZFP35
SPI1,NFKBIA
SPI1,MFNG
SPI1,FAM45A
SPI1,TIFA
SPI1,MEF2C
SPI1,SLC25A46
SPI1,TBXAS1
SPI1,ALDH9A1
SPI1,FZR1
SPI1,ACAA2
SPI1,VIM
SPI1,GM2A
SPI1,CAPN7
SPI1,CDC7
SPI1,PLAA
SPI1,FAM76B
SPI1,EPSTI1
SPI1,LEPROT
SPI1,ENPP4
SPI1,VPS33B
SPI1,PDE4B
SPI1,HARS
SPI1,HARS2
SPI1,AQP9
SPI1,KLHL24
SPI1,GYG
SPI1,ZFP451
SPI1,ADAMTS10
SPI1,FAM168B
SPI1,NUF2
SPI1,D1ERTD622E
SPI1,SELENOP
SPI1,HPN
SPI1,LMBRD1
SPI1,ERLIN2
SPI1,HSDL1
SPI1,BID
SPI1,MTAP
SPI1,KAT7
SPI1,JARID2
SPI1,LPIN2
SPI1,RNF13
SPI1,PJA2
SPI1,ARID3B
SPI1,P2RX4
SPI1,ZFP110
SPI1,LPCAT3
SPI1,BCLAF3
SPI1,ILVBL
SPI1,UNK
SPI1,ATG4B
SPI1,SLC39A10
SPI1,CLCN4
SPI1,CLPTM1L
SPI1,ESYT2
SPI1,SUPT7L
SPI1,VWA5A
SPI1,PHACTR2
SPI1,XRCC5
SPI1,KLHL6
SPI1,BTG2
SPI1,FAM91A1
SPI1,TMEM97
SPI1,GFI1
SPI1,IFI30
SPI1,HPCAL1
SPI1,IPO4
SPI1,PGM1
SPI1,JAK3
SPI1,TNFAIP2
SPI1,NEDD1
SPI1,METTL27
SPI1,ATP7B
SPI1,ALG11
SPI1,SGO1
SPI1,GIMAP5
SPI1,BIRC5
SPI1,ZFP397
SPI1,SP100
SPI1,CHMP7
SPI1,DCTD
SPI1,LMO4
SPI1,BUB1
SPI1,MT1
SPI1,SERPINA3G
SPI1,PFKM
SPI1,VPS33A
SPI1,PIGQ
SPI1,NASP
SPI1,CACFD1
SPI1,MAPK1
SPI1,KNSTRN
SPI1,MCM2
SPI1,SGPL1
SPI1,TBCD
SPI1,STAT3
SPI1,GBP2
SPI1,TOPORS
SPI1,FNTA
SPI1,SP4
SPI1,PSTPIP1
SPI1,NOL9
SPI1,PWP1
SPI1,MFSD14B
SPI1,STXBP3
SPI1,PNO1
SPI1,ANXA2
SPI1,SNX10
SPI1,CHUK
SPI1,ELAC2
SPI1,GIMAP1
SPI1,MIOS
SPI1,SERPINB6B
SPI1,PQLC3
SPI1,PRPS1
SPI1,ABTB1
SPI1,EIF2B1
SPI1,HSD3B7
SPI1,TM7SF3
SPI1,NDC1
SPI1,ANKRD27
SPI1,BCAP29
SPI1,9430015G10RIK
SPI1,PLXNC1
SPI1,OTUD6B
SPI1,AAR2
SPI1,VDR
SPI1,UAP1L1
SPI1,DPH2
SPI1,CRNKL1
SPI1,OPTN
SPI1,PWP2
SPI1,SCARF1
SPI1,MARCH5
SPI1,RPA2
SPI1,POLR1B
SPI1,EPAS1
SPI1,TFR2
SPI1,TMEM177
SPI1,TRMT11
SPI1,SNRPB
SPI1,CEPT1
SPI1,UROS
SPI1,UBA7
SPI1,RNF139
SPI1,TOLLIP
SPI1,MCM3
SPI1,RNF19A
SPI1,ESR1
SPI1,MYH10
SPI1,DRAM2
SPI1,TMEM164
SPI1,EIF1AD
SPI1,MARS
SPI1,ZFP275
SPI1,SCARB1
SPI1,MED16
SPI1,RUVBL2
SPI1,SLC29A1
SPI1,UBASH3A
SPI1,FCHSD2
SPI1,LRRC8C
SPI1,NEK9
SPI1,LZTR1
SPI1,TMEM109
SPI1,PSMF1
SPI1,FARSB
SPI1,MCM6
SPI1,FPGS
SPI1,RASAL3
SPI1,IRF1
SPI1,CEP70
SPI1,PKLR
SPI1,CKS1B
SPI1,MUC13
SPI1,PPM1H
SPI1,SATB1
SPI1,CASP4
SPI1,PRELID3B
SPI1,HMBS
SPI1,UBXN2B
SPI1,ZFP672
SPI1,KLHL22
SPI1,UROD
SPI1,LYZ2
SPI1,TUBGCP3
SPI1,ZFP945
SPI1,TSPO2
SPI1,RRM1
SPI1,TMX3
SPI1,TARS
SPI1,GRN
SPI1,HELLS
SPI1,GOLPH3
SPI1,CUL3
SPI1,NUP88
SPI1,WDR4
SPI1,ASB8
SPI1,GORASP1
SPI1,APLP2
SPI1,CDC20
SPI1,MINPP1
SPI1,UBE2G2
SPI1,DCAF13
SPI1,BATF2
SPI1,CLPX
SPI1,REXO4
SPI1,CD74
SPI1,XPR1
SPI1,TUBGCP2
SPI1,UTP4
SPI1,IARS2
SPI1,HDAC2
SPI1,XPNPEP1
SPI1,HUS1
SPI1,IL27RA
SPI1,SPTBN1
SPI1,TMEM64
SPI1,TTF1
SPI1,IL15
SPI1,ACAP1
SPI1,AURKA
SPI1,WARS
SPI1,EFTUD2
SPI1,NARFL
SPI1,PRC1
SPI1,RB1
SPI1,CD63
SPI1,IFRD2
SPI1,NUP93
SPI1,ZKSCAN3
SPI1,UBR1
SPI1,SCFD1
SPI1,GTF2F1
SPI1,LYRM4
SPI1,RNF145
SPI1,GTF2E1
SPI1,FAM136A
SPI1,TMEM186
SPI1,NAE1
SPI1,GPSM2
SPI1,DCAF11
SPI1,DNM1L
SPI1,NUDT9
SPI1,TUBGCP5
SPI1,FEM1B
SPI1,TSHZ3
SPI1,KIDINS220
SPI1,SDHAF2
SPI1,POGLUT1
SPI1,TVP23B
SPI1,ORC5
SPI1,ZFP467
SPI1,MXD3
SPI1,FBXO5
SPI1,NAMPT
SPI1,CALU
SPI1,ORC2
SPI1,CDK1
SPI1,MOGS
SPI1,MYNN
SPI1,TTF2
SPI1,COG6
SPI1,ATG12
SPI1,AP3S1
SPI1,HIST1H2BC
SPI1,SLA2
SPI1,FUCA2
SPI1,GMCL1
SPI1,BAP1
SPI1,FTSJ3
SPI1,FAAP100
SPI1,NSD2
SPI1,CSGALNACT2
SPI1,PAFAH1B2
SPI1,ZFP639
SPI1,GMPR
SPI1,SLC44A2
SPI1,PPP2R1B
SPI1,NCAPD2
SPI1,FKBP1A
SPI1,METTL8
SPI1,AP5M1
SPI1,AP1B1
SPI1,ELF4
SPI1,USP4
SPI1,LY6A
SPI1,COPS8
SPI1,ZDHHC6
SPI1,SLC30A5
SPI1,TYMS
SPI1,GLIPR2
SPI1,MAU2
SPI1,WDR5
SPI1,GMNN
SPI1,PPOX
SPI1,PIP4K2A
SPI1,MCM5
SPI1,IFT140
SPI1,USP37
SPI1,AHCTF1
SPI1,SHCBP1
SPI1,RPRD1B
SPI1,GNPDA1
SPI1,MTO1
SPI1,NCAPG
SPI1,RABGGTB
SPI1,IKZF2
SPI1,FADS1
SPI1,NUSAP1
SPI1,TIMM50
SPI1,INPP5B
SPI1,SEPT8
SPI1,ETS1
SPI1,CENPE
SPI1,CDCA3
SPI1,ACSS2
SPI1,NR2C1
SPI1,NFXL1
SPI1,TOP2A
SPI1,DECR1
SPI1,EZR
SPI1,RCC1
SPI1,ZFP143
SPI1,CYP20A1
SPI1,PDZK1IP1
SPI1,EYA2
SPI1,VAMP3
SPI1,NEURL3
SPI1,SPIRE1
SPI1,PSMD9
SPI1,GPR171
SPI1,MEIS1
SPI1,PLA2G12A
SPI1,D230025D16RIK
SPI1,CERS4
SPI1,ANGPT1
SPI1,TLK1
SPI1,PCP4L1
SPI1,RARB
SPI1,SPNS2
SPI1,NCAPG2
SPI1,2610301B20RIK
SPI1,CSTF2
SPI1,CTNNA1
SPI1,SPC25
SPI1,RAB31
SPI1,HNRNPAB
SPI1,GNG11
SPI1,ABCB4
SPI1,INKA1
SPI1,ZFP655
SPI1,TAF12
SPI1,RNF115
SPI1,PRKCH
SPI1,HDGF
SPI1,NUDCD3
SPI1,ZFP322A
SPI1,NCLN
SPI1,PIDD1
SPI1,RRM2
SPI1,DNAJC11
SPI1,SMAD2
SPI1,JPT2
SPI1,TPX2
SPI1,GSKIP
SPI1,UBE2C
SPI1,NIT1
SPI1,RFC5
SPI1,ZKSCAN17
SPI1,CORO1A
SPI1,KLF3
SPI1,TCF19
SPI1,CTR9
SPI1,CIPC
SPI1,NOLC1
SPI1,MYB
SPI1,ADGRG3
SPI1,QARS
SPI1,GCLC
SPI1,MED22
SPI1,PEAR1
SPI1,DCK
SPI1,ZSCAN21
SPI1,POLD1
SPI1,ERCC8
SPI1,FIGNL1
SPI1,CUL4A
SPI1,CCNF
SPI1,CELA1
SPI1,TRIB3
SPI1,UBL4A
SPI1,YBX1
SPI1,LRRFIP1
SPI1,TERF2IP
SPI1,PRDM4
SPI1,MCM10
SPI1,GSS
SPI1,TMEM176B
SPI1,INPP1
SPI1,RGS2
SPI1,LONP1
SPI1,LAP3
SPI1,RFC4
SPI1,TCP11L2
SPI1,ACSS1
SPI1,TBL3
SPI1,FAM234B
SPI1,RGCC
SPI1,MTHFD1
SPI1,CAMK1
SPI1,RAB37
SPI1,STK25
SPI1,STARD10
SPI1,TAF1
SPI1,MEMO1
SPI1,MFSD1
SPI1,MAN1A
SPI1,MBOAT2
SPI1,KPNA3
SPI1,INTS8
SPI1,SLC16A1
SPI1,EGR1
SPI1,PHETA2
SPI1,FBXW5
SPI1,EDC3
SPI1,SEH1L
SPI1,PBX1
SPI1,VPS41
SPI1,L2HGDH
SPI1,POLE3
SPI1,PLAG1
SPI1,HEATR5A
SPI1,TMEM176A
SPI1,TPP1
SPI1,PPIL4
SPI1,MAPK9
SPI1,CD9
SPI1,PITPNB
SPI1,MGST3
SPI1,GTF3C3
SPI1,ZFP592
SPI1,SLC43A1
SPI1,CDCA8
SPI1,IFI44
SPI1,SLC25A38
SPI1,ST3GAL6
SPI1,HEMGN
SPI1,IL21R
SPI1,TENT5A
SPI1,ABCB8
SPI1,TAPT1
SPI1,IFI204
SPI1,HMMR
SPI1,PUS7
SPI1,TMEM185A
SPI1,ABHD16A
SPI1,TANGO2
SPI1,MT2
SPI1,TK1
SPI1,MBTPS1
SPI1,CISH
SPI1,MFN2
SPI1,POLR3F
SPI1,SQLE
SPI1,AK3
SPI1,CCNB1
SPI1,G6PDX
SPI1,NR3C2
SPI1,EMILIN1
SPI1,DHFR
SPI1,AFG3L2
SPI1,NPLOC4
SPI1,EYA1
SPI1,SIGIRR
SPI1,ST3GAL5
SPI1,USP25
SPI1,TBC1D15
SPI1,CARHSP1
SPI1,TSC22D3
SPI1,NFATC1
SPI1,YPEL3
SPI1,FTSJ1
SPI1,SACM1L
SPI1,ATP11C
SPI1,CCNA2
SPI1,PCYT2
SPI1,COQ8A
SPI1,AHCYL1
SPI1,DCAF4
SPI1,METAP1D
SPI1,SNRNP200
SPI1,RAI14
SPI1,TRIM59
SPI1,PDK3
SPI1,UBA5
SPI1,TMEM263
SPI1,LRRC14
SPI1,ZFP36
SPI1,GPKOW
SPI1,PPAT
SPI1,VHL
SPI1,SPTLC1
SPI1,DDX1
SPI1,NR4A1
SPI1,ADSSL1
SPI1,CUL2
SPI1,JUN
SPI1,CCNE2
SPI1,SLC22A3
SPI1,NET1
SPI1,ALAD
SPI1,LLGL1
SPI1,RHOT1
SPI1,STX17
SPI1,KLF6
SPI1,ANAPC2
SPI1,PITRM1
SPI1,DUS1L
SPI1,IFI203
SPI1,POLA2
SPI1,LANCL2
SPI1,GYPC
SPI1,LAPTM4B
SPI1,CPQ
SPI1,ARMC8
SPI1,ARHGEF18
SPI1,ATL2
SPI1,PBK
SPI1,PGR
SPI1,LDAH
SPI1,MFGE8
SPI1,HSPA4L
SPI1,COG7
SPI1,BTAF1
SPI1,BC005561
SPI1,SUN1
SPI1,SNAPC3
SPI1,AFF4
SPI1,MRPL37
SPI1,2210016F16RIK
SPI1,CTLA2B
SPI1,CCNB2
SPI1,STXBP1
SPI1,RUNX2
SPI1,GYPA
SPI1,APEH
SPI1,ANXA4
SPI1,PPIC
SPI1,PCCA
SPI1,GATA2
SPI1,MYO1D
SPI1,IRF8
SPI1,HDAC7
SPI1,ICE1
SPI1,CMPK2
SPI1,SLC11A2
SPI1,NSDHL
SPI1,GANAB
SPI1,ACOX1
SPI1,TIPIN
SPI1,NUPR1
SPI1,VPS11
SPI1,NDN
SPI1,RCOR1
SPI1,CRIP2
SPI1,GOLT1B
SPI1,ZYX
SPI1,ANKLE1
SPI1,RPA1
SPI1,CSAD
SPI1,SLC19A1
SPI1,PRKAA1
SPI1,FECH
SPI1,XK
SPI1,PTCD3
SPI1,CPOX
SPI1,ZBTB20
SPI1,PCLAF
SPI1,DPH6
SPI1,MYL10
SPI1,SEPT6
SPI1,TTLL12
SPI1,TSPAN33
SPI1,SELENBP1
SPI1,CKAP2
SPI1,KDM6A
SPI1,SGPP1
SPI1,PSMD5
SPI1,DIS3L2
SPI1,RMND5A
SPI1,CRYZL2
SPI1,ADO
SPI1,IARS
SPI1,HDAC9
SPI1,EPDR1
SPI1,SESN1
SPI1,ATP6AP2
SPI1,CDC45
SPI1,ALDH1A1
SPI1,ODC1
SPI1,SNAP23
SPI1,ZFP266
SPI1,GLIS2
SPI1,USP10
SPI1,TGM2
SPI1,BYSL
SPI1,ICA1
SPI1,DYNLT3
SPI1,ATAD1
SPI1,CTPS
SPI1,UBA3
SPI1,MTFR1
SPI1,THRB
SPI1,LIG1
SPI1,ABCD3
SPI1,MNDAL
SPI1,NDE1
SPI1,STOM
SPI1,DDX58
SPI1,DDHD2
SPI1,GSTM5
SPI1,MYC
SPI1,ELL2
SPI1,ZFP961
SPI1,AHR
SPI1,SVIP
SPI1,CBX7
SPI1,PRKCQ
SPI1,EPOR
SPI1,UBAC1
SPI1,BAG2
SPI1,IFITM1
SPI1,MECOM
SPI1,CKAP5
SPI1,TIE1
SPI1,ABCB10
SPI1,PRDM5
SPI1,H1F0
SPI1,AURKB
SPI1,COL5A1
SPI1,ASNS
SPI1,SERPINB1A
SPI1,ITGA6
SPI1,TXNRD2
SPI1,CRBN
SPI1,MARCH8
SPI1,ISYNA1
SPI1,LTB
SPI1,SPO11
SPI1,APBB1
SPI1,ZBTB10
SPI1,CTLA2A
SPI1,NGLY1
SPI1,LPCAT1
SPI1,IPO9
SPI1,EBF1
SPI1,YBX3
SPI1,HEXA
SPI1,SPPL2B
SPI1,XRCC3
SPI1,CD93
SPI1,LZTS1
SPI1,NUP85
SPI1,RDH11
SPI1,VILL
SPI1,MYCT1
SPI1,SAMD14
SPI1,TCN2
SPI1,E2F6
SPI1,SQOR
SPI1,KIF11
SPI1,DUSP1
SPI1,SLC20A1
SPI1,TRIB2
SPI1,TSPAN3
SPI1,FLOT2
SPI1,SOX6
SPI1,STXBP4
SPI1,GDF3
SPI1,TEAD3
SPI1,PRIM1
SPI1,RNF141
SPI1,TWSG1
SPI1,NCAPH
SPI1,ANXA6
SPI1,SMIM5
SPI1,HNF4A
SPI1,PRKAR2B
SPI1,YOD1
SPI1,GEMIN5
SPI1,SETD2
SPI1,MCTP1
SPI1,ZMYM3
SPI1,ADGRL4
SPI1,AQP1
SPI1,CTSO
SPI1,WDR6
SPI1,FOXO1
SPI1,SLC38A5
SPI1,MAN2A2
SPI1,MFSD2B
SPI1,CD34
SPI1,BMI1
SPI1,ALKBH8
SPI1,NOTCH1
SPI1,ZFP30
SPI1,SLC40A1
SPI1,THUMPD1
SPI1,GOLM1
SPI1,CPT1A
SPI1,MNS1
SPI1,SPC24
SPI1,PLBD2
SPI1,SALL2
SPI1,KLF1
SPI1,SMIM1
SPI1,SLC18A2
SPI1,NXPE2
SPI1,TBC1D2B
SPI1,PLK1
SPI1,HOXA9
SPI1,SSX2IP
SPI1,CD55
SPI1,TEAD2
SPI1,MAPKAPK3
SPI1,C1QTNF12
SPI1,AFAP1L1
SPI1,MYCN
SPI1,ADD2
SPI1,PTDSS2
SPI1,SNCA
SPI1,IRF6
SPI1,RMND5B
SPI1,SPRYD4
SPI1,TMEM56
SPI1,HEBP1
SPI1,PRPS2
SPI1,H2-DMB1
SPI1,RHOF
SPI1,ANK
SPI1,RHD
SPI1,CITED4
SPI1,CES2G
SPI1,F11R
SPI1,SLC7A4
SPI1,KRT18
SPI1,CLDN13
SPI1,RORC
SPI1,NFIA
SPI1,PLPPR3
SPI1,CSRP3
SPI1,GNB4
SPI1,RUNX1T1
SPI1,EMB
SPI1,RHAG
SPI1,PADI4
SPI1,TOM1L1
SPI1,SERPINF1
SPI1,GPR180
SPI1,HDAC11
SPI1,CNN2
STAT3,SKAP2
STAT3,JAK3
STAT3,TBC1D15
STAT3,TNFAIP8
STAT3,FOS
STAT3,IRF1
STAT3,LY6A
STAT3,MAN1A
STAT3,NUDCD1
STAT3,NFKBIA
STAT3,KIF22
STAT3,TMEM176B
STAT3,TMEM176A
STAT3,MT1
STAT3,BTG2
STAT3,NFXL1
STAT3,PRPS1
STAT3,TARS
STAT3,XRCC6
STAT3,CISH
STAT3,UBR7
STAT3,RELB
STAT3,CLPTM1L
STAT3,EIF2B1
STAT3,PSEN2
STAT3,NFAT5
STAT3,NCAPD2
STAT3,FLOT2
STAT3,VWA5A
STAT3,NUP88
STAT3,FCHSD2
STAT3,CDK19
STAT3,PLEC
STAT3,ATG16L1
STAT3,GRAMD1A
STAT3,DUSP1
STAT3,TRIM30A
STAT3,UBE2G2
STAT3,TREML2
STAT3,JUN
STAT3,SNRNP200
STAT3,HSD3B7
STAT3,ADK
STAT3,PPAT
STAT3,TRMT2A
STAT3,IRF8
STAT3,MT2
STAT3,VPS26C
STAT3,TMX3
STAT3,UBR1
STAT3,KLHL24
STAT3,HDAC7
STAT3,THUMPD3
STAT3,SDHAF2
STAT3,SNX10
STAT3,CD63
STAT3,B230219D22RIK
STAT3,GBP2
STAT3,CASP4
STAT3,ITGA6
STAT3,HIST1H1C
STAT3,SLC39A10
STAT3,NUDT9
STAT3,ID2
STAT3,ACOX1
STAT3,FAR1
STAT3,NECAP2
STAT3,ELOVL1
STAT3,NUPR1
STAT3,CPT2
STAT3,GTF2F1
STAT3,IL27RA
STAT3,TCP11L2
STAT3,CRK
STAT3,PDE4B
STAT3,PA2G4
STAT3,MCM4
STAT3,CLPX
STAT3,TOPORS
STAT3,GSR
STAT3,SELENOP
STAT3,HIST1H2BC
STAT3,AFF4
STAT3,FAM234B
STAT3,TGM2
STAT3,CASP2
STAT3,TFG
STAT3,FOXRED1
STAT3,CAST
STAT3,ZFP655
STAT3,TMEM173
STAT3,KLF6
STAT3,LLGL1
STAT3,ADO
STAT3,GIMAP5
STAT3,XRCC5
STAT3,ZFP24
STAT3,VAV1
STAT3,SELENBP1
STAT3,CELA1
STAT3,CUL3
STAT3,MYC
STAT3,ZFP36
STAT3,CDCA8
STAT3,STX12
STAT3,PQLC1
STAT3,PRDM4
STAT3,LMNA
STAT3,CTTN
STAT3,WDR36
STAT3,INTS13
STAT3,FARSB
STAT3,WDR45B
STAT3,CNP
STAT3,NOP2
STAT3,WDR55
STAT3,NUF2
STAT3,PITPNB
STAT3,TERF2IP
STAT3,VKORC1L1
STAT3,PRKAB1
STAT3,USP37
STAT3,UCKL1
STAT3,KLHL6
STAT3,NET1
STAT3,NFE2L2
STAT3,ASNS
STAT3,CHORDC1
STAT3,ASF1B
STAT3,MSH6
STAT3,RGCC
STAT3,4833439L19RIK
STAT3,CTLA2A
STAT3,FOXO1
STAT3,EPS15
STAT3,NT5DC1
STAT3,CLIC4
STAT3,CD82
STAT3,REL
STAT3,PGLYRP2
STAT3,QARS
STAT3,TIMM29
STAT3,HPN
STAT3,ORC5
STAT3,ATAD2
STAT3,UAP1
STAT3,DCP1A
STAT3,CUL4A
STAT3,TES
STAT3,ARAP1
STAT3,ALDH18A1
STAT3,MED22
STAT3,ZFP397
STAT3,PCYT1A
STAT3,MYNN
STAT3,RNF139
STAT3,FAM76B
STAT3,CITED4
STAT3,PACSIN2
STAT3,SRSF1
STAT3,SATB1
STAT3,MGST3
STAT3,SLC16A1
STAT3,CTNNA1
STAT3,ARL8B
STAT3,PHAX
STAT3,ALAD
STAT3,HMGB2
STAT3,PIK3IP1
STAT3,EZR
STAT3,RASSF5
STAT3,ZDHHC13
STAT3,ACAA2
STAT3,APLP2
STAT3,TBCD
STAT3,CTPS
STAT3,HSPH1
STAT3,GTF3C3
STAT3,PDZK1IP1
STAT3,SGO1
STAT3,BIRC5
STAT3,PTPN12
STAT3,PSEN1
STAT3,SNAPC3
STAT3,GNPDA1
STAT3,GALK2
STAT3,ODC1
STAT3,ELL2
STAT3,ZZZ3
STAT3,FEM1B
STAT3,XPNPEP1
STAT3,P2RX4
STAT3,ZYX
STAT3,HNRNPAB
STAT3,D10WSU102E
STAT3,PLIN3
STAT3,PFKM
STAT3,ZFP62
STAT3,SIGIRR
STAT3,PSMD6
STAT3,FECH
STAT3,SLC20A1
STAT3,TUBGCP2
STAT3,ESYT2
STAT3,CLCN4
STAT3,ASB8
STAT3,DUS1L
STAT3,MBTPS1
STAT3,CDCA5
STAT3,SLC30A5
STAT3,REXO4
STAT3,IFI204
STAT3,NELFB
STAT3,SPHK1
STAT3,ELAC2
STAT3,RHOT1
STAT3,GTF2E1
STAT3,ZFP639
STAT3,SPPL2B
STAT3,TAB1
STAT3,RPA2
STAT3,CIPC
STAT3,CTSE
STAT3,NR3C2
STAT3,NCEH1
STAT3,H1F0
STAT3,TM7SF3
STAT3,RFESD
STAT3,TFRC
STAT3,RNASEL
STAT3,TMEM109
STAT3,CENPK
STAT3,NUP107
STAT3,NDRG1
STAT3,RRM1
STAT3,YPEL3
STAT3,CCNA2
STAT3,TOX4
STAT3,OAT
STAT3,LMO4
STAT3,TMEM206
STAT3,RNF19A
STAT3,TANGO2
STAT3,DDX20
STAT3,SLC35A1
STAT3,TMX1
STAT3,RNF4
STAT3,RORA
STAT3,ARMT1
STAT3,ISG20
STAT3,ZBTB20
STAT3,CAD
STAT3,MCM6
STAT3,CTLA2B
STAT3,CALCRL
STAT3,JARID2
STAT3,EPSTI1
STAT3,D230025D16RIK
STAT3,TWSG1
STAT3,EYA2
STAT3,NAMPT
STAT3,ATP6V1A
STAT3,FKBP1A
STAT3,NIF3L1
STAT3,ATL2
STAT3,PICALM
STAT3,PSMF1
STAT3,LIMD2
STAT3,NDEL1
STAT3,SLC14A1
STAT3,NOL9
STAT3,MAPK1
STAT3,PSMD9
STAT3,MAVS
STAT3,MORC3
STAT3,POT1A
STAT3,KIF11
STAT3,MIS18BP1
STAT3,HARS2
STAT3,HARS
STAT3,SLC6A6
STAT3,KDM6A
STAT3,FBXO5
STAT3,DCAF13
STAT3,AHCYL1
STAT3,PRKCH
STAT3,NGLY1
STAT3,CENPE
STAT3,COA5
STAT3,TASP1
STAT3,SCRN3
STAT3,CKAP2
STAT3,PBX1
STAT3,RNF145
STAT3,FGFR1OP
STAT3,PLAG1
STAT3,WARS
STAT3,GSTM1
STAT3,LANCL2
STAT3,IPO4
STAT3,IFI30
STAT3,GFM1
STAT3,POLR1B
STAT3,RANBP3
STAT3,EXOC2
STAT3,PLD3
STAT3,SCFD1
STAT3,FPGS
STAT3,F11R
STAT3,PIGQ
STAT3,NASP
STAT3,HDGF
STAT3,CLN5
STAT3,NUDCD3
STAT3,CAPN7
STAT3,GNAI3
STAT3,CEP70
STAT3,PRMT7
STAT3,ERLIN2
STAT3,GARS
STAT3,HERC4
STAT3,DNAJC11
STAT3,SPPL2A
STAT3,CASP3
STAT3,AP5M1
STAT3,NARF
STAT3,MCM10
STAT3,SLC43A1
STAT3,TENT5A
STAT3,RFC4
STAT3,ITSN1
STAT3,MTFR1
STAT3,FAM136A
STAT3,PKM
STAT3,JPT2
STAT3,SLC31A1
STAT3,NRF1
STAT3,AHCTF1
STAT3,NCAPG2
STAT3,NAA35
STAT3,NEDD1
STAT3,ABL1
STAT3,NUP155
STAT3,RNF115
STAT3,LYRM4
STAT3,RABGGTB
STAT3,RTP4
STAT3,UNK
STAT3,CD1D1
STAT3,CSGALNACT2
STAT3,TMEM68
STAT3,PITRM1
STAT3,IKZF1
STAT3,MTMR6
STAT3,TTLL12
STAT3,NUDT4
STAT3,ANXA5
STAT3,CERS5
STAT3,MAPKAPK3
STAT3,GCLC
STAT3,GSKIP
STAT3,KNSTRN
STAT3,AAR2
STAT3,MFGE8
STAT3,VILL
STAT3,SLC41A3
STAT3,IFT140
STAT3,GPR171
STAT3,SOX6
STAT3,ZEB2
STAT3,RPAP1
STAT3,ELP3
STAT3,IFI203
STAT3,MRM1
STAT3,GM2A
STAT3,COPB2
STAT3,WLS
STAT3,GFI1
STAT3,INTS8
STAT3,FBXW5
STAT3,GRINA
STAT3,PSMD5
STAT3,MYCN
STAT3,CHAMP1
STAT3,ABCF3
STAT3,TOLLIP
STAT3,GSS
STAT3,POLR2B
STAT3,CSTF2
STAT3,MIEF1
STAT3,PLIN2
STAT3,DPP8
STAT3,MINPP1
STAT3,NARFL
STAT3,DPH2
STAT3,SEPT8
STAT3,PCCA
STAT3,GPR180
STAT3,MRPL37
STAT3,COLGALT1
STAT3,GATM
STAT3,ATAD1
STAT3,GPKOW
STAT3,RMND5A
STAT3,CYB5R3
STAT3,TUBGCP3
STAT3,CNOT10
STAT3,AURKA
STAT3,NUDT19
STAT3,CENPA
STAT3,CALU
STAT3,OSTM1
STAT3,ASAH1
STAT3,DNAJC5
STAT3,METTL8
STAT3,PIK3R2
STAT3,L2HGDH
STAT3,KRT18
STAT3,SMARCA2
STAT3,NDOR1
STAT3,IDH3A
STAT3,POLA2
STAT3,RGS1
STAT3,PRPS2
STAT3,PAFAH1B2
STAT3,RUVBL2
STAT3,NAA50
STAT3,SLC25A45
STAT3,ANAPC2
STAT3,SNRPB
STAT3,WDHD1
STAT3,MFSD1
STAT3,WDR4
STAT3,DLST
STAT3,ABTB1
STAT3,GOLPH3
STAT3,ABCB10
STAT3,CTSC
STAT3,DRAM2
STAT3,CEPT1
STAT3,ELP2
STAT3,NSMAF
STAT3,PPP6C
STAT3,ZSCAN21
STAT3,YBX1
STAT3,PLAA
STAT3,CHP1
STAT3,CD9
STAT3,RGS2
STAT3,SACM1L
STAT3,VPS33A
STAT3,COPS8
STAT3,RASAL3
STAT3,GOSR2
STAT3,RABIF
STAT3,TRIB3
STAT3,TMC6
STAT3,SLC7A4
STAT3,NOTCH1
STAT3,BTAF1
STAT3,SGPL1
STAT3,MXD3
STAT3,WDSUB1
STAT3,D1ERTD622E
STAT3,LMBRD1
STAT3,PHACTR2
STAT3,CBFB
STAT3,DHX33
STAT3,MYL10
STAT3,TCF12
STAT3,IRF6
STAT3,FEM1A
STAT3,ZFP143
STAT3,ETF1
STAT3,STXBP3
STAT3,TBL3
STAT3,MEMO1
STAT3,MARS
STAT3,SERPINB1A
STAT3,VDR
STAT3,DNM1L
STAT3,IPO9
STAT3,EPAS1
STAT3,SQLE
STAT3,VPS11
STAT3,UAP1L1
STAT3,TAF12
STAT3,EXOC3
STAT3,FAM168B
STAT3,CHMP3
STAT3,NPLOC4
STAT3,KPNA3
STAT3,PPIL4
STAT3,FUCA2
STAT3,ARL6IP6
STAT3,PGM1
STAT3,DDHD2
STAT3,HUS1
STAT3,UROD
STAT3,STK25
STAT3,RUNX2
STAT3,MYO1D
STAT3,HNRNPLL
STAT3,HEXA
STAT3,SASH3
STAT3,PIK3C3
STAT3,PNO1
STAT3,ZFP35
STAT3,PIP4K2A
STAT3,DNPEP
STAT3,TMEM168
STAT3,LDHB
STAT3,CRBN
STAT3,SPTLC1
STAT3,WDR5
STAT3,MKI67
STAT3,MCM2
STAT3,MOGS
STAT3,LAP3
STAT3,ZFP945
STAT3,ISYNA1
STAT3,RNF141
STAT3,IARS
STAT3,UROS
STAT3,CERS4
STAT3,GNA13
STAT3,NFATC2
STAT3,GMCL1
STAT3,PSTPIP1
STAT3,NEK9
STAT3,SNAP23
STAT3,SERPINB6B
STAT3,ATP13A1
STAT3,TSPAN14
STAT3,SPNS2
STAT3,HAUS2
STAT3,ATP6AP1
STAT3,SQOR
STAT3,SCARB1
STAT3,UBAC1
STAT3,SUN1
STAT3,CPOX
STAT3,WDR6
STAT3,SLC25A38
STAT3,ZFP367
STAT3,HAGH
STAT3,TOP2A
STAT3,PMPCA
STAT3,PAK1
STAT3,TCN2
STAT3,SEC23IP
STAT3,DDX1
STAT3,INCENP
STAT3,CCNG1
STAT3,GMFB
STAT3,EBF1
STAT3,DDX58
STAT3,NDUFV1
STAT3,USP8
STAT3,STXBP4
STAT3,MTHFD1
STAT3,ZFP266
STAT3,RAB32
STAT3,SHCBP1
STAT3,CCNE1
STAT3,FAAP100
STAT3,XPC
STAT3,SERPINA3G
STAT3,NOLC1
STAT3,CACFD1
STAT3,MTREX
STAT3,TMEM56
STAT3,ZDHHC6
STAT3,FIGNL1
STAT3,PREP
STAT3,ZFP672
STAT3,TRMT11
STAT3,SETD2
STAT3,NUP93
STAT3,KLHL22
STAT3,TTF1
STAT3,TMEM64
STAT3,ETS1
STAT3,NAE1
STAT3,TLR4
STAT3,VPS41
STAT3,SP4
STAT3,CYTIP
STAT3,APEH
STAT3,ST8SIA4
STAT3,DCAF11
STAT3,CHMP7
STAT3,ABCD3
STAT3,CDCA4
STAT3,MARCH8
STAT3,NR4A1
STAT3,GTF2H1
STAT3,TYMS
STAT3,TVP23B
STAT3,VAMP3
STAT3,ADAMTS10
STAT3,UBA3
STAT3,CENPO
STAT3,TRMT6
STAT3,DHFR
STAT3,SLC11A2
STAT3,NR2C1
STAT3,TRPS1
STAT3,XPR1
STAT3,ANAPC4
STAT3,CARHSP1
STAT3,NPTN
STAT3,ACSS2
STAT3,ALDH9A1
STAT3,ZFP871
STAT3,SLC39A9
STAT3,UBAP1
STAT3,FAM45A
STAT3,ACSS1
STAT3,ME2
STAT3,KAT7
STAT3,PON2
STAT3,ABI1
STAT3,SLA2
STAT3,COPG1
STAT3,PML
STAT3,PHB2
STAT3,RARS
STAT3,EXT2
STAT3,STT3B
STAT3,HDAC2
STAT3,ITFG1
STAT3,CTR9
STAT3,BAP1
STAT3,USP25
STAT3,SLC30A6
STAT3,TK1
STAT3,OTUD6B
STAT3,ZFP961
STAT3,ACAP1
STAT3,COG7
STAT3,LEPROT
STAT3,MAPK9
STAT3,PPM1H
STAT3,CMPK2
STAT3,GRN
STAT3,TMEM177
STAT3,CNOT7
STAT3,RANGAP1
STAT3,MFSD14B
STAT3,FZR1
STAT3,COG6
STAT3,COPB1
STAT3,TCIRG1
STAT3,LCP1
STAT3,TEAD3
STAT3,ZKSCAN17
STAT3,RRM2
STAT3,UBXN2B
STAT3,DOCK2
STAT3,AP1G2
STAT3,ANKFY1
STAT3,GANAB
STAT3,RGS19
STAT3,LDAH
STAT3,RNF13
STAT3,LRRC14
STAT3,LONP1
STAT3,NIT1
STAT3,TBC1D10C
STAT3,VIM
STAT3,UNC93B1
STAT3,METAP1
STAT3,CD55
STAT3,CCNB1
STAT3,HEATR5A
STAT3,NCLN
STAT3,PRPF4
STAT3,MEIS1
STAT3,SGPP1
STAT3,LCP2
STAT3,BID
STAT3,TIMM50
STAT3,TMEM129
STAT3,TACC3
STAT3,ATG4B
STAT3,TMUB2
STAT3,ICE1
STAT3,MIOS
STAT3,ATP7B
STAT3,ALG11
STAT3,ANXA1
STAT3,GOLT1B
STAT3,AP1B1
STAT3,CRIP2
STAT3,TPX2
STAT3,DIS3L2
STAT3,EFTUD2
STAT3,ZFP451
STAT3,MAU2
STAT3,COQ8A
STAT3,CKAP2L
STAT3,MNDAL
STAT3,DCAF4
STAT3,SESN1
STAT3,ZKSCAN3
STAT3,MED16
STAT3,ANKLE1
STAT3,VPS33B
STAT3,SLC44A2
STAT3,PDCL
STAT3,MAD2L1
STAT3,GORASP1
STAT3,METTL7A1
STAT3,RAD21
STAT3,TUBGCP5
STAT3,ZFP110
STAT3,ENPP4
STAT3,PRIM1
STAT3,ZBTB43
STAT3,USP4
STAT3,ELMO1
STAT3,MIS12
STAT3,PWP2
STAT3,ATG12
STAT3,AP3S1
STAT3,FADS1
STAT3,APBB1
STAT3,SLC43A3
STAT3,RAD51AP1
STAT3,UBA5
STAT3,CKAP5
STAT3,CCNB2
STAT3,ANXA6
STAT3,SEH1L
STAT3,HCLS1
STAT3,MAP4K2
STAT3,ZFP322A
STAT3,CPT1A
STAT3,MTO1
STAT3,ENDOD1
STAT3,C330018D20RIK
STAT3,DNAJC10
STAT3,HSDL1
STAT3,SMIM15
STAT3,TXNRD2
STAT3,TMEM186
STAT3,GYG
STAT3,MCM7
STAT3,RMND5B
STAT3,RCOR1
STAT3,CDK1
STAT3,LZTR1
STAT3,DECR1
STAT3,RPRD1B
STAT3,DENND2D
STAT3,PCYT2
STAT3,MCM3
STAT3,ARHGEF18
STAT3,NAGA
STAT3,G6PDX
STAT3,STOM
STAT3,ZBTB10
STAT3,PRC1
STAT3,CHUK
STAT3,POLR3F
STAT3,ORC2
STAT3,BCLAF3
STAT3,TRIM59
STAT3,MARCH6
STAT3,ZFP467
STAT3,METAP1D
STAT3,GPSM2
STAT3,WDR75
STAT3,MEF2C
STAT3,TSPAN33
STAT3,KLF3
STAT3,IFRD2
STAT3,BLVRB
STAT3,WDR73
STAT3,MARCH5
STAT3,9430015G10RIK
STAT3,ZKSCAN6
STAT3,VPS35
STAT3,ORC6
STAT3,TCF19
STAT3,GSTM5
STAT3,STEAP3
STAT3,ITIH5
STAT3,FAM91A1
STAT3,POLD1
STAT3,MCM5
STAT3,CNIH1
STAT3,BTRC
STAT3,TOR3A
STAT3,RPA1
STAT3,LRRFIP1
STAT3,KIDINS220
STAT3,FTSJ3
STAT3,PKLR
STAT3,NFATC1
STAT3,OASL2
STAT3,ZFP930
STAT3,CYP20A1
STAT3,KIF20B
STAT3,NCAPH
STAT3,RUNX1T1
STAT3,RARB
STAT3,CKS1B
STAT3,VHL
STAT3,UBA7
STAT3,POGLUT1
STAT3,ATP11C
STAT3,MAN2A2
STAT3,1700017B05RIK
STAT3,SPIRE1
STAT3,AK3
STAT3,ARMC8
STAT3,ABHD16A
STAT3,IL15
STAT3,GLIPR2
STAT3,EBI3
STAT3,TRIB2
STAT3,NADK
STAT3,NUP85
STAT3,CDC6
STAT3,HMBS
STAT3,DCK
STAT3,MYH10
STAT3,CDT1
STAT3,ANXA4
STAT3,UTP4
STAT3,FNTA
STAT3,CRNKL1
STAT3,CUL2
STAT3,CRYZL2
STAT3,INPP1
STAT3,GYPC
STAT3,PJA2
STAT3,XAB2
STAT3,PBK
STAT3,TIPIN
STAT3,DEK
STAT3,ADSSL1
STAT3,NDE1
STAT3,AQP1
STAT3,GMNN
STAT3,LAPTM4B
STAT3,RCSD1
STAT3,CAMK1
STAT3,SLC40A1
STAT3,PSAT1
STAT3,ANGPT1
STAT3,MTAP
STAT3,ABCB8
STAT3,NSDHL
STAT3,ANXA2
STAT3,EDC3
STAT3,MFNG
STAT3,PEAR1
STAT3,E2F4
STAT3,ALG9
STAT3,ATP6AP2
STAT3,RAD51
STAT3,LIG1
STAT3,CYTH4
STAT3,SMC2
STAT3,NUSAP1
STAT3,GCNT2
STAT3,RAB37
STAT3,HSPA4L
STAT3,DENND1C
STAT3,HELLS
STAT3,CCNE2
STAT3,PHETA2
STAT3,CDC7
STAT3,ARHGAP4
STAT3,HNF4A
STAT3,TPP1
STAT3,PPARGC1A
STAT3,CDC20
STAT3,MNS1
STAT3,AHR
STAT3,TTF2
STAT3,PWP1
STAT3,FES
STAT3,DTL
STAT3,SP100
STAT3,MAPK12
STAT3,HACD3
STAT3,MCTP1
STAT3,ARHGEF6
STAT3,NDC1
STAT3,CCDC137
STAT3,NFE2
STAT3,BLZF1
STAT3,CDC45
STAT3,PTDSS1
STAT3,CASP1
STAT3,CENPF
STAT3,PRIM2
STAT3,FASTKD2
STAT3,OPTN
STAT3,E2F8
STAT3,CTSO
STAT3,PCLAF
STAT3,FTSJ1
STAT3,BUB3
STAT3,RFC5
STAT3,GIMAP6
STAT3,P2RY14
STAT3,ERCC8
STAT3,BUB1B
STAT3,ARHGAP15
STAT3,PPOX
STAT3,PTCD3
STAT3,PQLC3
STAT3,ATP2A3
STAT3,RCC1
STAT3,LPCAT3
STAT3,RASA3
STAT3,NCAPG
STAT3,HPCAL1
STAT3,SUPT7L
STAT3,TOM1L1
STAT3,LTB
STAT3,SPTBN1
STAT3,DPH6
STAT3,CDCA3
STAT3,TYK2
STAT3,SLC29A1
STAT3,SLC25A46
STAT3,TMEM185A
STAT3,PDK3
STAT3,BYSL
STAT3,HEMGN
STAT3,CORO1A
STAT3,IL21R
STAT3,LRRC8C
STAT3,NUBP2
STAT3,NEURL3
STAT3,IARS2
STAT3,ZFP275
STAT3,SSX2IP
STAT3,EMILIN1
STAT3,CBX7
STAT3,HLF
STAT3,IKZF2
STAT3,CD48
STAT3,THRB
STAT3,EIF1AD
STAT3,2610301B20RIK
STAT3,SGTA
STAT3,ILVBL
STAT3,CPQ
STAT3,SPC25
STAT3,PACS1
STAT3,RB1
STAT3,PIDD1
STAT3,MBOAT2
STAT3,SPRYD4
STAT3,TMEM263
STAT3,SEPT6
STAT3,SLC19A1
STAT3,DUSP2
STAT3,2210016F16RIK
STAT3,SAMD14
STAT3,EPOR
STAT3,DOK2
STAT3,CYTH3
STAT3,GEMIN5
STAT3,UBE2C
STAT3,STXBP1
STAT3,TMEM164
STAT3,SPC24
STAT3,UHRF1
STAT3,UMPS
STAT3,SMAD2
STAT3,INPP5B
STAT3,SALL2
STAT3,IFI44
STAT3,ICA1
STAT3,TRPV2
STAT3,STAP1
STAT3,SERPINB9
STAT3,ABCG2
STAT3,PLA2G12A
STAT3,LPCAT1
STAT3,CCNF
STAT3,ALDH1A1
STAT3,SLC25A21
STAT3,TAF1
STAT3,INKA1
STAT3,PRDM5
STAT3,LPIN2
STAT3,AQP9
STAT3,STARD10
STAT3,HDAC9
STAT3,RDH11
STAT3,PUS7
STAT3,ALKBH8
STAT3,LSP1
STAT3,YBX3
STAT3,AMPD3
STAT3,IRF5
STAT3,PLCB2
STAT3,PLBD2
STAT3,TMEM97
STAT3,PTDSS2
STAT3,E2F6
STAT3,PHF10
STAT3,TBC1D2B
STAT3,RHOF
STAT3,MYO1G
STAT3,CD74
STAT3,GIMAP1
STAT3,GUSB
STAT3,PLEK
STAT3,TSPAN3
STAT3,TLE2
STAT3,BC005561
STAT3,USF3
STAT3,AFG3L2
STAT3,ZMYM3
STAT3,XK
STAT3,POLE3
STAT3,CD84
STAT3,PLXNC1
STAT3,RPP40
STAT3,MFN2
STAT3,TLK1
STAT3,CSRP3
STAT3,MFSD2B
STAT3,SOX18
STAT3,CREB5
STAT3,TFR2
STAT3,ADD2
STAT3,ST3GAL6
STAT3,GOLM1
STAT3,ANK
STAT3,TNFAIP2
STAT3,BCAP29
STAT3,CHCHD10
STAT3,RAB31
STAT3,CSAD
STAT3,HMMR
STAT3,DCTD
STAT3,PRELID3B
STAT3,ATP1B2
STAT3,ESR1
STAT3,CYB5R1
STAT3,C1QTNF12
STAT3,STX17
STAT3,GNB4
STAT3,TBXAS1
STAT3,BMI1
STAT3,BAG2
STAT3,HCFC1
STAT3,EMB
STAT3,H2-DMB1
STAT3,HDAC11
STAT3,GYPA
STAT3,NDN
WDR5,SNRPB
WDR5,MED22
WDR5,9430015G10RIK
WDR5,MIS12
WDR5,IFRD2
WDR5,SNRNP200
WDR5,MCM3
WDR5,XRCC3
WDR5,NUBP2
WDR5,TOP2A
WDR5,UBE2C
WDR5,BTRC
WDR5,NUDCD1
WDR5,CKAP2L
WDR5,XAB2
WDR5,CDCA3
WDR5,UNK
WDR5,RPA2
WDR5,NCLN
WDR5,TYK2
WDR5,CDCA8
WDR5,FEM1A
WDR5,TPX2
WDR5,ZFP871
WDR5,WARS
WDR5,MRPL37
WDR5,ELAC2
WDR5,CENPF
WDR5,RANGAP1
WDR5,SCRN3
WDR5,RRM1
WDR5,FAM76B
WDR5,FOXRED1
WDR5,SPC25
WDR5,TCF19
WDR5,RUVBL2
WDR5,ZFP143
WDR5,MCM5
WDR5,CDCA5
WDR5,TRMT6
WDR5,DHX33
WDR5,AURKA
WDR5,TIMM29
WDR5,PPP6C
WDR5,PIK3C3
WDR5,DCP1A
WDR5,SLC39A9
WDR5,USF3
WDR5,KAT7
WDR5,COA5
WDR5,TMEM97
WDR5,WDR75
WDR5,MCM10
WDR5,TMEM129
WDR5,TACC3
WDR5,INCENP
WDR5,YBX1
WDR5,NFXL1
WDR5,CKS1B
WDR5,MFN2
WDR5,NAA50
WDR5,ATP6V1A
WDR5,BUB1B
WDR5,PHB2
WDR5,PLAG1
WDR5,NARFL
WDR5,PRPF4
WDR5,STK25
WDR5,SPC24
WDR5,CNOT10
WDR5,PRDM4
WDR5,HSPH1
WDR5,NUDCD3
WDR5,RNF4
WDR5,REXO4
WDR5,NUSAP1
WDR5,NDC1
WDR5,DCAF11
WDR5,SEC23IP
WDR5,NDUFV1
WDR5,ITSN1
WDR5,ABL1
WDR5,ARL6IP6
WDR5,GALK2
WDR5,COPS8
WDR5,MARS
WDR5,CDC45
WDR5,NUF2
WDR5,SUPT7L
WDR5,SNAPC3
WDR5,BLZF1
WDR5,PLAA
WDR5,JPT2
WDR5,EIF2B1
WDR5,TOX4
WDR5,POLR1B
WDR5,VPS41
WDR5,SGTA
WDR5,ZFP961
WDR5,PRIM1
WDR5,GOLT1B
WDR5,CCNF
WDR5,KIF22
WDR5,EXOC2
WDR5,ADO
WDR5,ORC2
WDR5,PPOX
WDR5,PLD3
WDR5,DNAJC11
WDR5,ASF1B
WDR5,COG7
WDR5,MTHFD1
WDR5,POLE3
WDR5,RAD51
WDR5,GANAB
WDR5,ATG16L1
WDR5,RPP40
WDR5,CENPA
WDR5,ZFP672
WDR5,DNPEP
WDR5,SUN1
WDR5,CISH
WDR5,PSMF1
WDR5,FTSJ3
WDR5,TMUB2
WDR5,KLHL24
WDR5,ANKRD27
WDR5,TARS
WDR5,SCFD1
WDR5,BUB3
WDR5,CHORDC1
WDR5,GTF2E1
WDR5,NIF3L1
WDR5,MIS18BP1
WDR5,EIF1AD
WDR5,HMMR
WDR5,HNRNPAB
WDR5,MAU2
WDR5,PACSIN2
WDR5,FASTKD2
WDR5,NOLC1
WDR5,CRNKL1
WDR5,SLC25A46
WDR5,SLC30A6
WDR5,KNSTRN
WDR5,HARS2
WDR5,HARS
WDR5,RAD51AP1
WDR5,ZFP367
WDR5,DNM1L
WDR5,TAF1
WDR5,PA2G4
WDR5,ABCB8
WDR5,FAR1
WDR5,ZFP930
WDR5,ALKBH8
WDR5,PNO1
WDR5,CENPO
WDR5,KPNA3
WDR5,CDK19
WDR5,TMEM206
WDR5,TTF2
WDR5,SKAP2
WDR5,HDGF
WDR5,SP4
WDR5,DPH2
WDR5,RNF13
WDR5,LDAH
WDR5,TASP1
WDR5,MTMR6
WDR5,CDC6
WDR5,MFSD1
WDR5,KIF11
WDR5,TUBGCP2
WDR5,ATP7B
WDR5,ALG11
WDR5,RAD21
WDR5,VPS33A
WDR5,TERF2IP
WDR5,THUMPD3
WDR5,AHCYL1
WDR5,SMARCA2
WDR5,NARF
WDR5,CLPTM1L
WDR5,E2F8
WDR5,POLR3F
WDR5,BUB1
WDR5,MIEF1
WDR5,WDR36
WDR5,DUS1L
WDR5,TMEM68
WDR5,ZFP110
WDR5,BYSL
WDR5,ARMC8
WDR5,NET1
WDR5,PSMD6
WDR5,TBCD
WDR5,LIG1
WDR5,SESN1
WDR5,SHCBP1
WDR5,TANGO2
WDR5,SLC35A1
WDR5,HMBS
WDR5,GPKOW
WDR5,RCOR1
WDR5,MYNN
WDR5,ETF1
WDR5,NECAP2
WDR5,UBE2G2
WDR5,UBR7
WDR5,TIMM50
WDR5,UBA5
WDR5,GTF2F1
WDR5,KLF6
WDR5,ME2
WDR5,CENPK
WDR5,RPRD1B
WDR5,ATP6AP1
WDR5,RFC4
WDR5,GOSR2
WDR5,ZFP24
WDR5,JUN
WDR5,DNAJC10
WDR5,ZBTB43
WDR5,ZDHHC6
WDR5,NUP155
WDR5,OTUD6B
WDR5,RARS
WDR5,CRK
WDR5,NAA35
WDR5,MCM4
WDR5,MCM7
WDR5,ATG12
WDR5,AP3S1
WDR5,NEDD1
WDR5,WDR45B
WDR5,ABI1
WDR5,TTF1
WDR5,AHCTF1
WDR5,CHMP7
WDR5,INPP5B
WDR5,HMGB2
WDR5,CASP2
WDR5,MTREX
WDR5,GMFB
WDR5,PITRM1
WDR5,NUP88
WDR5,ZFP451
WDR5,NDOR1
WDR5,CDC20
WDR5,COPB2
WDR5,PRKAB1
WDR5,LRRC14
WDR5,GARS
WDR5,PTDSS1
WDR5,STAT3
WDR5,LMBRD1
WDR5,LZTR1
WDR5,ERLIN2
WDR5,DPH6
WDR5,SGO1
WDR5,HDAC2
WDR5,RMND5A
WDR5,BAP1
WDR5,PRC1
WDR5,PPIL4
WDR5,CALU
WDR5,UHRF1
WDR5,MYH10
WDR5,KIF20B
WDR5,ATP11C
WDR5,DCAF13
WDR5,APLP2
WDR5,SACM1L
WDR5,4833439L19RIK
WDR5,WDR73
WDR5,DPP8
WDR5,RNF141
WDR5,LONP1
WDR5,NELFB
WDR5,PWP1
WDR5,PAFAH1B2
WDR5,ATP6AP2
WDR5,VPS35
WDR5,ORC6
WDR5,RHOT1
WDR5,QARS
WDR5,DHFR
WDR5,CUL4A
WDR5,ZFP35
WDR5,VPS11
WDR5,NUP107
WDR5,CKAP5
WDR5,UROS
WDR5,IFT140
WDR5,TRMT2A
WDR5,ACOX1
WDR5,PKM
WDR5,DDX20
WDR5,RFC5
WDR5,ID2
WDR5,PJA2
WDR5,HAGH
WDR5,NOL9
WDR5,GFM1
WDR5,ARMT1
WDR5,HSDL1
WDR5,DTL
WDR5,IRF8
WDR5,FPGS
WDR5,SMC2
WDR5,SPPL2B
WDR5,ESYT2
WDR5,UROD
WDR5,DCAF4
WDR5,PIK3R2
WDR5,IARS
WDR5,BIRC5
WDR5,CIPC
WDR5,CCNG1
WDR5,METTL8
WDR5,LYRM4
WDR5,EFTUD2
WDR5,ANAPC2
WDR5,LPCAT3
WDR5,CTR9
WDR5,ATP13A1
WDR5,NUP85
WDR5,WDR6
WDR5,PDCL
WDR5,MNS1
WDR5,HEATR5A
WDR5,MORC3
WDR5,VPS33B
WDR5,RNF115
WDR5,ZFP266
WDR5,PSMD9
WDR5,ABTB1
WDR5,ARAP1
WDR5,TBC1D15
WDR5,ZBTB10
WDR5,AAR2
WDR5,PIGQ
WDR5,ATAD2
WDR5,AP5M1
WDR5,STXBP4
WDR5,E2F4
WDR5,HIST1H1C
WDR5,SRSF1
WDR5,PTDSS2
WDR5,EDC3
WDR5,POGLUT1
WDR5,NSDHL
WDR5,OAT
WDR5,ZFP655
WDR5,USP8
WDR5,FTSJ1
WDR5,ERCC8
WDR5,CYB5R3
WDR5,NOP2
WDR5,MTFR1
WDR5,LLGL1
WDR5,WDR4
WDR5,HUS1
WDR5,UMPS
WDR5,CTPS
WDR5,USP37
WDR5,NEK9
WDR5,HIST1H2BC
WDR5,GTF2H1
WDR5,NAPSA
WDR5,NUDT9
WDR5,EXOC3
WDR5,ITFG1
WDR5,YBX3
WDR5,DDX1
WDR5,FAM168B
WDR5,UBR1
WDR5,ELL2
WDR5,NCAPD2
WDR5,SQLE
WDR5,CCNB2
WDR5,ATAD1
WDR5,PRMT7
WDR5,CPOX
WDR5,COQ8A
WDR5,FOXO1
WDR5,PMPCA
WDR5,MAD2L1
WDR5,GTF3C3
WDR5,VPS26C
WDR5,CCDC137
WDR5,FBXO5
WDR5,ORC5
WDR5,MAPK9
WDR5,RPA1
WDR5,PCYT1A
WDR5,PFKM
WDR5,ARHGAP15
WDR5,MCM6
WDR5,HAUS2
WDR5,MARCH5
WDR5,PSEN1
WDR5,FBXW5
WDR5,FZR1
WDR5,TSPAN33
WDR5,PICALM
WDR5,H2-OB
WDR5,ARL8B
WDR5,RFESD
WDR5,CCNA2
WDR5,MED16
WDR5,IPO9
WDR5,CDK1
WDR5,LEPROT
WDR5,D230025D16RIK
WDR5,XPC
WDR5,CRBN
WDR5,ZKSCAN3
WDR5,D10WSU102E
WDR5,TAB1
WDR5,MGST3
WDR5,UBAC1
WDR5,TBL3
WDR5,DIS3L2
WDR5,PSMD5
WDR5,PSAT1
WDR5,CLCN4
WDR5,XRCC5
WDR5,COPG1
WDR5,DCTD
WDR5,COLGALT1
WDR5,ACAP1
WDR5,TMEM186
WDR5,MEF2C
WDR5,NASP
WDR5,MBTPS1
WDR5,RDH11
WDR5,RABIF
WDR5,CLPX
WDR5,NIT1
WDR5,GSKIP
WDR5,DOCK2
WDR5,ATL2
WDR5,CAST
WDR5,WDR55
WDR5,ABCF3
WDR5,IPO4
WDR5,KDM6A
WDR5,VAMP3
WDR5,PPAT
WDR5,TFG
WDR5,PCLAF
WDR5,CHAMP1
WDR5,CHMP3
WDR5,IDH3A
WDR5,MTO1
WDR5,ALAD
WDR5,ZDHHC13
WDR5,UBXN2B
WDR5,ZFP322A
WDR5,GNAI3
WDR5,SLC20A1
WDR5,METAP1D
WDR5,FIGNL1
WDR5,NCEH1
WDR5,TAF12
WDR5,SLC31A1
WDR5,MOGS
WDR5,UCKL1
WDR5,SPPL2A
WDR5,CUL2
WDR5,GORASP1
WDR5,ZFP397
WDR5,MSH6
WDR5,RPAP1
WDR5,PTCD3
WDR5,CCNE2
WDR5,PBK
WDR5,CDT1
WDR5,POLD1
WDR5,TUBGCP3
WDR5,PHAX
WDR5,FOS
WDR5,NFAT5
WDR5,PRIM2
WDR5,FAAP100
WDR5,PWP2
WDR5,MAVS
WDR5,NUP93
WDR5,ANKFY1
WDR5,SEH1L
WDR5,ICE1
WDR5,DLST
WDR5,ZSCAN21
WDR5,COPB1
WDR5,SLC25A38
WDR5,SLC30A5
WDR5,CD74
WDR5,UAP1
WDR5,SLC19A1
WDR5,GMCL1
WDR5,POLR2B
WDR5,SLC14A1
WDR5,FARSB
WDR5,WDHD1
WDR5,RANBP3
WDR5,NCAPG
WDR5,MRM1
WDR5,TVP23B
WDR5,NCAPG2
WDR5,C330018D20RIK
WDR5,NDEL1
WDR5,E2F6
WDR5,FKBP1A
WDR5,TLR4
WDR5,MINPP1
WDR5,LIMD2
WDR5,COG6
WDR5,CEP70
WDR5,ZKSCAN17
WDR5,METAP1
WDR5,GMNN
WDR5,ILVBL
WDR5,REL
WDR5,TMEM168
WDR5,RMND5B
WDR5,HNRNPLL
WDR5,CHUK
WDR5,ATG4B
WDR5,SPTLC1
WDR5,GPR180
WDR5,PLEK
WDR5,ODC1
WDR5,ELP3
WDR5,CNIH1
WDR5,PRELID3B
WDR5,HERC4
WDR5,JARID2
WDR5,RGS19
WDR5,PRPS1
WDR5,ADK
WDR5,RABGGTB
WDR5,STXBP3
WDR5,F11R
WDR5,ZFP62
WDR5,TPP1
WDR5,LAP3
WDR5,ALDH18A1
WDR5,ANKLE1
WDR5,PON2
WDR5,BTAF1
WDR5,MFSD14B
WDR5,ZZZ3
WDR5,GFI1B
WDR5,NAE1
WDR5,INTS8
WDR5,POT1A
WDR5,GUSB
WDR5,RRM2
WDR5,TOPORS
WDR5,ELP2
WDR5,FGFR1OP
WDR5,G6PDX
WDR5,SPNS2
WDR5,PLK1
WDR5,TMX1
WDR5,TRIM30A
WDR5,TFRC
WDR5,FAM91A1
WDR5,USP4
WDR5,HCLS1
WDR5,GIMAP6
WDR5,CYTIP
WDR5,HDAC9
WDR5,INTS13
WDR5,FEM1B
WDR5,TCP11L2
WDR5,CENPE
WDR5,PLIN3
WDR5,RNASE6
WDR5,ASB8
WDR5,FAM234B
WDR5,RASAL3
WDR5,METTL27
WDR5,STT3B
WDR5,POLA2
WDR5,LANCL2
WDR5,NCAPH
WDR5,HEXA
WDR5,ASAH1
WDR5,PITPNB
WDR5,GSS
WDR5,CRIP2
WDR5,TRMT11
WDR5,DCK
WDR5,RGS1
WDR5,MIOS
WDR5,LMNA
WDR5,MAPK1
WDR5,CDCA4
WDR5,CCNB1
WDR5,CACFD1
WDR5,TMC6
WDR5,SPRYD4
WDR5,GPR171
WDR5,2610301B20RIK
WDR5,TREML2
WDR5,CHP1
WDR5,TXNRD2
WDR5,NT5DC1
WDR5,YPEL3
WDR5,CDC7
WDR5,DNAJC5
WDR5,AURKB
WDR5,NUDT19
WDR5,CAPN7
WDR5,P2RX4
WDR5,XRCC6
WDR5,SPI1
WDR5,ANXA5
WDR5,PTPN12
WDR5,FAM45A
WDR5,LMO4
WDR5,TUBGCP5
WDR5,OSTM1
WDR5,NOTCH1
WDR5,NDE1
WDR5,STX17
WDR5,APEH
WDR5,TMX3
WDR5,DDHD2
WDR5,ZEB2
WDR5,UBA7
WDR5,RNF139
WDR5,SLC39A10
WDR5,CPT2
WDR5,NR4A1
WDR5,STOM
WDR5,RASA3
WDR5,ACSS2
WDR5,METTL7A1
WDR5,AP1B1
WDR5,SLC25A45
WDR5,SDHAF2
WDR5,NAGA
WDR5,SSX2IP
WDR5,GM2A
WDR5,ST6GALNAC4
WDR5,TIPIN
WDR5,AP1G2
WDR5,STAP1
WDR5,BTG2
WDR5,ABHD16A
WDR5,ANAPC4
WDR5,ZBTB20
WDR5,XPNPEP1
WDR5,CALCRL
WDR5,L2HGDH
WDR5,CASP3
WDR5,ST8SIA4
WDR5,PCYT2
WDR5,CD55
WDR5,SMAD2
WDR5,GRN
WDR5,OPTN
WDR5,TMEM177
WDR5,CLN5
WDR5,TOLLIP
WDR5,SPTBN1
WDR5,RGS2
WDR5,MXD3
WDR5,PDE4B
WDR5,CTSE
WDR5,KLHL6
WDR5,GIMAP5
WDR5,TMEM109
WDR5,CTSC
WDR5,ISYNA1
WDR5,CYP20A1
WDR5,NADK
WDR5,RCC1
WDR5,AFG3L2
WDR5,SLC11A2
WDR5,MYCN
WDR5,PCCA
WDR5,HELLS
WDR5,TRIB2
WDR5,EXT2
WDR5,B230219D22RIK
WDR5,UBAP1
WDR5,DRAM2
WDR5,CEPT1
WDR5,FCHSD2
WDR5,RELB
WDR5,CNP
WDR5,ADAMTS10
WDR5,GEMIN5
WDR5,SMIM15
WDR5,FNTA
WDR5,CD82
WDR5,KLHL22
WDR5,CAD
WDR5,ZMYM3
WDR5,MCM2
WDR5,TES
WDR5,H2-DMB1
WDR5,TMEM263
WDR5,UNC93B1
WDR5,CSTF2
WDR5,XPR1
WDR5,ZKSCAN6
WDR5,EBI3
WDR5,EPS15
WDR5,BCAP29
WDR5,NFKBIA
WDR5,RASSF5
WDR5,PDK3
WDR5,PRKAR2B
WDR5,MTAP
WDR5,SERPINA3G
WDR5,BLVRB
WDR5,UTP4
WDR5,PQLC1
WDR5,CKAP2
WDR5,TBC1D10C
WDR5,NEURL3
WDR5,TMEM64
WDR5,TYMS
WDR5,ALG9
WDR5,MAP4K2
WDR5,GYPC
WDR5,NFE2L2
WDR5,CYB5R1
WDR5,ABCB4
WDR5,MAPKAPK3
WDR5,EIF4ENIF1
WDR5,USP10
WDR5,CBFB
WDR5,IARS2
WDR5,GIMAP1
WDR5,IFI30
WDR5,TCF12
WDR5,SLC6A6
WDR5,NRF1
WDR5,STX12
WDR5,DUSP2
WDR5,VHL
WDR5,RGCC
WDR5,TNFRSF13B
WDR5,TOR3A
WDR5,LPIN2
WDR5,IL21R
WDR5,SVIP
WDR5,IRF1
WDR5,BID
WDR5,TSPAN3
WDR5,1700017B05RIK
WDR5,PLEC
WDR5,WDSUB1
WDR5,HCFC1
WDR5,NGLY1
WDR5,ALDH9A1
WDR5,CARHSP1
WDR5,GNPDA1
WDR5,EZR
WDR5,LSP1
WDR5,ESR1
WDR5,ETS1
WDR5,CTSO
WDR5,ACSS1
WDR5,PLCG2
WDR5,MAN1A
WDR5,NFATC2
WDR5,DENND1C
WDR5,FAM136A
WDR5,BCLAF3
WDR5,ARID3B
WDR5,ISG20
WDR5,PACS1
WDR5,CERS4
WDR5,ZFP36
WDR5,EYA2
WDR5,DUSP1
WDR5,TMEM173
WDR5,MARCH8
WDR5,KIDINS220
WDR5,CUL3
WDR5,CNOT7
WDR5,2210016F16RIK
WDR5,NAMPT
WDR5,CD84
WDR5,TRIM59
WDR5,YOD1
WDR5,IFI203
WDR5,PREP
WDR5,MARCH6
WDR5,IL27RA
WDR5,HSPA4L
WDR5,EPSTI1
WDR5,PLCB2
WDR5,SCARB1
WDR5,ARHGAP4
WDR5,SLC44A2
WDR5,IRF5
WDR5,EBF1
WDR5,NPLOC4
WDR5,UAP1L1
WDR5,CASP1
WDR5,RNF145
WDR5,PPP2R1B
WDR5,SETD2
WDR5,DEK
WDR5,RB1
WDR5,CD48
WDR5,CERS5
WDR5,CD1D1
WDR5,CASP4
WDR5,VAV1
WDR5,INPP1
WDR5,VKORC1L1
WDR5,TENT5A
WDR5,GRAMD1A
WDR5,SGPL1
WDR5,PRDM5
WDR5,IL15
WDR5,ELOVL1
WDR5,FADS1
WDR5,ATP2A3
WDR5,SASH3
WDR5,UBA3
WDR5,TLK1
WDR5,CCNE1
WDR5,GOLPH3
WDR5,TWSG1
WDR5,MNDAL
WDR5,LRRC8C
WDR5,TNFAIP8
WDR5,FECH
WDR5,NR2C1
WDR5,ELMO1
WDR5,UBL4A
WDR5,CMPK2
WDR5,STEAP3
WDR5,ZYX
WDR5,SEPT6
WDR5,NFE2
WDR5,CSGALNACT2
WDR5,EPAS1
WDR5,PSEN2
WDR5,DDX58
WDR5,HACD3
WDR5,PLBD2
WDR5,RAB37
WDR5,STXBP1
WDR5,PQLC3
WDR5,GFI1
WDR5,VIM
WDR5,GSTM1
WDR5,TSPAN14
WDR5,ATP1B2
WDR5,GNA13
WDR5,NR3C2
WDR5,SATB1
WDR5,ZFP639
WDR5,CORO1A
WDR5,TRPV2
WDR5,SNAP23
WDR5,ZFP945
WDR5,ST3GAL5
WDR5,GBP2
WDR5,RHOF
WDR5,PIP4K2A
WDR5,JAK3
WDR5,TIFA
WDR5,TCN2
WDR5,ANXA1
WDR5,RNF19A
WDR5,CYTH4
WDR5,SP100
WDR5,ITIH5
WDR5,ENDOD1
WDR5,PLA2G12A
WDR5,MYO1D
WDR5,TBC1D2B
WDR5,ADSSL1
WDR5,TRIB3
WDR5,PIK3IP1
WDR5,SLC43A3
WDR5,FUCA2
WDR5,MBOAT2
WDR5,RNASEL
WDR5,LCP1
WDR5,PEAR1
WDR5,LPCAT1
WDR5,LCP2
WDR5,CLIC4
WDR5,SERPINB9
WDR5,SELENOP
WDR5,AFF4
WDR5,SLC40A1
WDR5,ZFP275
WDR5,LRRFIP1
WDR5,P2RY14
WDR5,DENND2D
WDR5,PGLYRP2
WDR5,ABCB10
WDR5,RAB32
WDR5,TTLL12
WDR5,IKZF1
WDR5,SLC16A1
WDR5,VWA5A
WDR5,SNX10
WDR5,CD93
WDR5,CBX7
WDR5,NPTN
WDR5,MKI67
WDR5,CYTH3
WDR5,GATM
WDR5,TK1
WDR5,ERLIN1
WDR5,ACAA2
WDR5,SERPINB1A
WDR5,PSTPIP1
WDR5,SLC29A1
WDR5,ABCD3
WDR5,DECR1
WDR5,ADGRG3
WDR5,TOM1L1
WDR5,MYO1G
