523,202,1.0081112132174894
523,36,1.1477218366926536
523,86,1.133376469835639
523,81,1.042040254571475
523,199,1.063202441786416
523,677,1.092416201485321
523,634,1.103891235892661
523,515,1.1017838090192529
523,415,0.7772624160861596
523,143,1.08457181265112
523,409,1.1022237836150452
523,82,1.0394836228224449
523,640,1.0080494442372585
523,173,1.0090834965812974
523,417,1.0561062465421855
523,382,0.9577736731152982
523,478,0.9825129818054849
523,391,1.1086261783493685
523,250,1.036674319417216
523,610,1.130756103200838
523,431,1.117643716512248
523,373,1.108854777761735
523,490,1.1007236034492962
523,72,1.07286047085654
523,272,0.9957597132306546
523,464,1.0172632607864216
523,650,1.096596798626706
523,664,1.14397466101218
523,147,1.1076280714478344
523,80,1.205163243925199
523,66,0.9363602245575748
523,38,1.1248202413553372
523,154,1.0841999883414246
523,323,0.9642905434593558
523,291,1.051635055569932
523,160,1.0164683089824391
523,659,1.131358026061207
523,325,0.9776358528761192
523,40,1.0443524941802025
523,353,1.0954974155174568
523,451,1.0689165130606852
523,334,1.113201780826785
523,47,1.0886052380083129
523,584,1.084859140275512
523,198,0.9369982000207528
523,388,1.1072730924934149
523,379,1.0343589680851435
523,4,1.0643894812674262
523,622,1.215465572429821
523,53,1.1275142905651592
523,21,1.1191058436525054
523,676,1.0310296802781522
523,429,1.1441549024311826
523,170,1.122201398771722
523,268,1.1450347378267909
523,18,1.07776781974826
523,12,1.0713786657433957
523,299,1.1163148874184117
523,400,1.1474526308011264
523,499,1.0437187870847993
523,91,1.0721787356887944
523,552,1.042411845643073
523,669,1.1388627923442982
523,565,0.8929690602235496
523,236,1.0802208225941283
523,329,1.085390315100085
523,383,1.064179996959865
523,208,0.9326841134461574
523,276,1.0755350152030587
523,377,1.0655297016492111
523,158,1.0752479690709151
523,543,1.0788512049475685
523,210,1.1212161576841029
523,629,1.0880040402989837
523,136,1.0637635744642466
523,296,0.950908788247034
523,542,1.065753936767578
523,182,0.9721930549712852
523,504,1.2721147888805715
523,294,1.1377533940249125
523,221,1.112538551329635
523,92,1.1490262499428354
523,410,1.1173357685329393
523,559,1.1173180212499574
523,132,1.0483885859139264
523,374,1.09302773734089
523,402,1.0593481067335233
523,450,1.0303029379574582
523,289,1.0940820294781588
523,228,1.1310001529054716
523,270,0.8928048255620524
523,35,1.1520385153125972
523,653,1.1663936723489314
523,605,1.050346390751656
523,656,1.0557280288776385
523,37,1.1119910689303651
523,506,1.0587557327235118
523,473,1.0973941358970478
523,477,1.0225305266212672
523,51,1.072703005746007
523,440,1.142821087676566
523,448,1.0286137574585157
523,420,0.9509757610503584
523,412,0.9174596286611632
523,397,1.1269033896969631
523,313,1.035629360936582
523,277,1.1470152857946232
523,398,1.1486037883441895
523,333,1.0985129325999878
523,316,0.945335193129722
523,375,1.0641355554107577
523,446,1.0710309236310422
523,381,0.8528116554953158
523,548,1.1497034691274166
523,24,0.9963101957691832
523,690,1.0333194534759969
523,503,1.0548618555767462
523,177,1.0847711184760556
523,251,1.0882245089160278
523,326,1.021350201102905
523,121,0.981119632604532
523,172,0.9921981282532216
523,56,1.0123141908552498
523,523,1.0250884312554265
53,91,1.0146813241299242
53,236,1.0033732317388058
53,154,1.006104432977736
53,206,0.986791206523776
53,382,0.9866941720247268
53,316,1.0204769119154662
53,675,1.027572718448937
53,211,1.0492223063483834
53,121,1.0763264279812574
53,552,0.991910825483501
53,543,0.995905976742506
53,446,1.0259499326348305
53,219,1.0168737396597862
53,86,1.0016109040006995
53,205,1.057500938186422
53,398,1.0474280768539757
53,289,1.019429580308497
53,136,0.9687622832134366
53,629,1.036182539537549
53,212,1.011620208621025
53,464,1.0012272372841835
53,210,1.0584309899713844
53,490,1.0282698310911655
53,270,0.8772217144723982
53,305,1.0541973845101893
53,1,1.0186496451497078
329,202,1.1200695720035585
329,36,1.0653684211429209
329,221,1.0310988642740997
329,422,1.0064294440671802
329,136,1.039992338977754
329,86,1.0735164632787928
329,659,0.989550530910492
329,634,0.932093770476058
329,208,0.997998243314214
329,523,1.018887602724135
329,53,1.0232989659998566
329,548,1.0749981864355505
329,565,0.8588974748272449
329,381,0.935690111014992
329,431,1.1494130851933733
329,228,1.1098760718014091
329,198,0.9154312302125618
329,604,0.9613543679006398
329,72,1.009977787733078
329,272,0.9345163174439222
329,622,1.0910984501242638
329,441,1.003252463764511
329,499,0.9713256873656064
329,420,0.9485938108991832
329,496,0.9540154170244932
329,37,1.125154964160174
329,200,0.9829810154624284
329,258,1.0893431056756526
329,635,1.0752226295880971
329,323,0.9805069563444704
329,250,1.0219768818933517
329,294,1.103320773690939
329,316,1.0390032067662105
329,1,1.0367947607301176
329,223,1.0867354535730556
329,4,1.0531765499617904
329,543,1.0447302685352042
329,18,0.9529469100525604
329,38,1.0652754632756114
329,211,1.0733736272668466
329,664,1.017356458120048
329,438,1.0003982498310506
329,212,1.135564309428446
329,477,1.027294664294459
329,296,0.9093457998242228
329,154,1.06427556485869
329,506,1.0043742153793571
329,239,1.0679828093852848
329,596,0.9025877478998154
329,408,0.9722831250401214
329,283,0.9072370161302388
329,80,1.0494858948513863
329,610,1.1049903457751498
329,40,0.983834168408066
329,353,0.955740948440507
329,640,0.9458302368875592
329,12,1.0307245947187766
329,333,1.060824682121165
329,373,0.9554932670434936
329,82,0.9092743501532824
329,47,1.0095046093920246
329,374,0.9388354080729188
329,650,1.0519878836348653
329,112,1.0553409061394632
329,341,1.0296834763139486
329,165,0.8866622594650835
329,313,0.9493723544292152
329,515,0.9306720985332504
329,415,0.8055580602958798
329,403,1.0109332057181746
329,675,1.070866703754291
329,172,1.0068157163914293
329,177,1.102193281170912
329,121,0.935944496653974
329,382,1.043806253001094
329,91,1.0575385771226138
329,236,1.0604562206426635
329,219,1.064638854470104
329,329,1.0457617840729654
143,523,1.0066126249730587
143,236,1.0506866369396448
143,210,1.1331279040314255
143,504,1.038575991988182
143,548,1.0305626299232244
143,326,1.232396950945258
409,72,0.9425292909145356
409,477,0.9395618587732316
409,239,0.8782590422779322
409,622,0.9018592941574752
382,409,0.9638549331575632
382,132,0.8491593711078167
382,325,0.9890833143144846
382,272,0.9287342056632042
382,622,0.9398992164060472
382,210,1.015677621588111
382,473,0.9501865552738308
382,488,0.9361412692815064
382,334,0.8818250242620707
382,270,1.1237850082106888
382,147,0.990987534634769
382,353,0.9302974678575991
382,18,0.9593257773667574
382,543,0.9775906202849
382,112,0.9758834047243
382,21,0.9646556032821536
382,205,0.9699481870047748
382,289,0.928766711615026
382,91,0.9763654894195496
382,94,0.937166697345674
382,215,0.9649881403893232
382,292,1.0217886120080948
382,323,0.9643095266073942
382,677,0.9995182044804096
382,80,0.9767160564661026
382,86,0.9698828416876496
382,565,1.0105109736323357
382,263,0.9378855936229228
382,219,0.971699328161776
382,403,0.944718262180686
382,173,1.017371602356434
382,402,0.9795863088220358
382,201,0.959867039695382
382,119,1.0329560656100512
382,431,1.013851210474968
382,464,1.1766940150409937
382,158,0.8552215637173504
382,179,0.9929962633177638
382,487,0.9173507494851948
382,4,0.8937460612505674
382,121,1.1331456773914397
382,236,0.9880285244435072
382,211,0.9913130342029036
382,206,1.175794926006347
382,154,0.9671081092674284
382,316,1.2246292191557586
382,675,0.9883637935854496
382,552,1.0192415586207062
382,446,1.0006474182009697
382,398,1.0002531770151109
382,136,0.9928244329057634
382,212,0.9786624629050492
382,490,0.8784543303772807
382,305,0.9286241689696908
382,629,1.010395409539342
382,381,1.1293696383945644
382,1,0.9439402353018522
382,341,0.886619464494288
382,397,0.9660088694654404
382,650,1.0007352787069976
382,36,0.94641259778291
382,177,0.9101014444604516
382,35,0.8669259804300964
382,420,1.147227899171412
382,373,0.892247162759304
382,75,0.9049778329208492
382,92,0.9652595620136708
382,53,0.9082303727045656
382,11,0.9761239690706134
382,415,1.0312588680535557
382,333,1.1068124491721392
382,40,0.9163612378761172
382,451,0.8976155919954181
382,172,0.8566129086539149
382,635,0.8698602048680186
382,239,0.8218802427873015
382,221,0.9185925470665096
382,170,0.9872524770908058
382,294,0.905417913571
382,250,1.0626716371625662
382,400,0.8611427815631032
382,559,1.0461301477625966
382,329,0.926984489429742
382,382,1.1397107699885964
51,199,0.9176324820145964
51,653,0.9782254919409752
51,91,1.1951601353939625
422,172,1.1216065799817443
86,565,0.8884900519624352
86,84,0.9909966879058628
86,650,0.9551084209233522
86,451,0.9108811626210808
86,208,0.8418149352073669
86,91,0.9617741876281798
86,382,1.0115668335929513
86,236,0.9521332359872758
86,206,1.0083675244823098
86,211,0.9747921379748732
86,154,0.9459542809054255
86,675,0.9844995723105968
86,316,1.042905460577458
86,552,0.9660776641685516
86,121,1.1454617185518146
86,219,0.9561136281117796
86,543,0.9527231922838836
86,205,0.9539804074447602
86,446,0.970945403445512
86,398,1.0120413096155971
86,464,1.0512610455043614
86,289,0.9760912233032286
86,136,0.9743077217135578
86,270,0.9639825480990112
86,212,0.9762230401393026
86,305,0.9790881937369704
86,490,0.8935003932565451
86,629,0.9592175248544664
86,1,0.957544778008014
86,341,0.9038728433661164
86,381,0.9298178050667048
86,36,0.9034842618275434
86,177,0.9090473509859294
86,210,0.9767997586168348
86,397,0.9061114878859372
86,420,0.942187701817602
86,35,0.9012675904668868
86,373,0.9371824827976524
86,173,0.9375533531419932
86,75,0.9456046777777374
86,4,0.937256979988888
86,92,0.9135201608296484
86,53,0.933533365605399
86,11,0.9467647788114846
86,415,1.036313984543085
86,333,1.0587362092919648
86,172,0.8626913637854159
86,40,0.9193888427689672
86,250,0.9990245993249118
86,635,0.8955025791656226
86,170,0.9787004785612226
86,221,0.954547103960067
86,239,0.9116001350339502
86,294,0.890738706337288
86,559,1.139946531970054
86,400,0.9281408954411744
659,548,1.0491116400808096
659,147,0.9544130936264992
659,36,1.313952420372516
659,121,1.1116512843873352
451,129,1.085366254672408
451,205,1.1210772544145584
451,202,0.860950278583914
451,417,1.0093511063605547
451,438,1.0593708618544042
451,250,1.058149190619588
451,199,0.9730868861079216
451,487,1.019541408866644
451,412,0.9691399084404112
451,86,1.0891163130290806
451,568,1.0830986285582185
451,121,1.125510653015226
451,675,1.092684923205525
451,382,1.038412969559431
451,91,1.076496036723256
451,543,1.151712610386312
451,236,1.0812462186440823
451,211,1.114283660426736
451,206,1.0241463920101523
451,154,1.0909534161910417
451,316,1.0356513982405886
451,552,1.0717109758406878
451,219,1.1188457012176514
451,446,1.0685064373537898
451,136,1.0836274554021657
451,464,1.0683359606191516
451,398,1.038336864905432
451,270,0.9442243170924484
451,212,1.091225977987051
451,490,1.0750975580886006
451,289,1.006655814126134
451,305,1.1121032442897558
497,86,1.0942995476070791
497,18,0.9898436795920134
497,29,1.109311806038022
497,304,0.9006366385146976
497,504,0.9886735808104276
497,37,0.9095805063843728
497,559,0.9623565669171512
497,379,0.9753266565967352
497,82,0.989217862021178
497,488,1.014165305532515
497,289,1.0631625147070736
497,143,1.045199904590845
497,329,0.977869120426476
497,316,0.9406927233794704
497,448,1.192005082499236
497,515,0.904113493859768
497,173,0.9475946372840554
497,596,1.0901502124033868
497,403,0.968791005667299
497,592,1.1016425706911832
497,27,1.080282378476113
497,565,1.0480030523613095
497,584,0.9477816657163204
497,94,0.9233958912082016
497,276,1.096430405974388
497,199,0.9302775871474296
497,503,1.0278670599218458
497,326,1.2612136541865766
497,690,0.9761064532212912
173,86,0.932459797244519
173,677,1.0059936782345176
173,182,1.0070033064112067
173,412,0.8705741888843477
173,497,0.9861116223037244
173,382,1.017502467148006
173,250,0.9895530613139272
173,490,0.8125131940469146
173,292,1.043072964064777
173,604,0.97597592510283
173,316,1.11723699583672
173,446,0.8904885333031416
173,294,0.841795427724719
173,12,1.037619212642312
173,236,0.8779982943087816
173,650,0.8452692814171314
173,664,0.9051846908405424
173,489,0.9259211365133524
173,499,0.9340204540640116
173,617,0.9402488572522998
173,147,0.958459934219718
173,353,0.959495042450726
173,205,0.8852195993531495
173,128,1.041936538182199
173,160,0.8411509310826659
173,219,0.8753944486379623
173,464,1.1017775086220354
173,323,0.9181175390258433
173,25,0.8846920132637024
173,488,0.9558204803615808
173,223,0.9758462607860564
173,388,0.9255254156887532
173,329,0.9452688256278634
173,403,0.9232333060353994
173,1,0.8333996580913663
173,596,0.8669511917978525
173,38,0.978378233499825
173,565,1.0218756143003702
173,4,0.8704741215333343
173,523,0.818180637434125
173,675,0.9009606651961805
173,326,0.9055805529933424
173,211,0.845548358745873
173,91,0.8786807979922742
173,543,0.8824088298715651
173,206,1.0725329518318176
173,154,0.8692412246018648
173,552,0.8766072476282716
173,121,1.078184061218053
173,398,0.8793989182449877
173,289,0.8632225394248962
173,305,0.8437019856646657
173,212,0.8248770497739315
173,136,0.9257033518515528
173,36,0.8388954028487206
173,270,1.152451111935079
173,381,1.087775031104684
173,177,0.8527760114520788
173,341,0.8033300535753369
173,173,0.9319423623383044
622,426,1.002752298489213
622,397,0.9643552622292192
622,677,1.0368295516818762
622,400,0.9663051851093768
622,388,1.0790522880852222
622,297,1.0372736193239689
622,429,0.8928881827741861
622,212,0.970340684056282
622,391,1.0083019193261862
622,21,0.8686796054244041
622,435,0.9116933066397904
622,607,0.9665509704500436
622,313,0.8751648971810937
622,542,1.106462063267827
622,170,1.0131845269352198
622,179,0.958790984004736
622,645,1.0186633504927158
622,27,1.0639096722006798
622,82,0.94689470063895
622,18,0.9422983974218369
622,14,1.0193939208984375
622,40,0.9826849526725708
622,409,0.9895305633544922
622,408,0.965368396602571
622,121,1.016225019004196
622,56,1.075626456644386
622,568,1.035037312656641
622,503,1.0511653404682877
375,523,1.013103060424328
375,294,1.2972130263224244
375,82,0.994908313266933
236,91,0.9786063290666788
236,143,0.9750070171430708
236,200,0.8131917926948518
236,56,0.9961630604229867
236,382,1.0458130550105125
236,206,1.052605299046263
236,211,0.9947694600559772
236,154,0.9706658907234668
236,316,1.0935705418232828
236,675,0.9823426022194326
236,543,0.9802975670900196
236,552,0.990526478504762
236,121,1.175407415954396
236,219,0.9732041973620652
236,446,0.9884575756732374
236,205,0.9609776688739656
236,86,0.9635438644327224
236,398,1.0052552297711372
236,289,0.9420157405547798
236,464,1.0815229217987508
236,136,0.9921162326354532
236,270,1.0081060559023172
236,490,0.912768156034872
236,212,0.9880318145733328
236,305,0.9522413243539632
236,629,0.9842536044307052
236,341,0.9078773683868347
236,381,0.9849841794930398
236,1,0.948751435847953
236,650,0.9677318094763904
236,210,1.0089523505885154
236,397,0.926924275001511
236,35,0.8825460476800799
236,36,0.9580972334370016
236,177,0.925150859169662
236,420,1.023024671478197
236,373,0.9027598155662416
236,92,0.9789509675465524
236,75,0.9319956884719433
236,53,0.9030256918631494
236,173,0.9456850360147656
236,4,0.8795247883535922
236,11,0.9662178312428296
236,172,0.8216149299405515
236,415,1.0081802448257804
236,333,1.0790164747741071
236,40,0.9343519522808492
236,239,0.843573760939762
236,451,0.8969414154998958
236,635,0.8892663726583123
236,400,0.881764939520508
236,170,0.9914628760889173
236,221,0.94169879774563
236,294,0.9211887696292252
236,403,1.0136064440011978
236,250,1.0119443729054185
236,559,1.1549149611964822
236,329,1.00880865752697
236,272,0.9328362862579525
650,1,1.0283154295757413
650,149,1.0385804898105562
650,206,1.0468009584583342
650,91,1.0415896344929934
650,316,1.0797063575591892
650,236,1.049693831242621
650,382,1.0477167032659054
650,211,1.067232861649245
650,121,1.1553574916906657
650,154,1.0439289107453078
650,552,1.049247354734689
650,446,1.0598202026449144
650,675,1.0400584232993424
650,219,1.0303101865574718
650,543,1.0877082725055516
650,398,1.0762239750474691
650,136,1.066713327076286
650,86,1.0190175673924389
650,205,1.0488093281164763
650,289,1.0145425773225725
650,464,1.0682024955749512
650,629,1.081156744621694
650,490,1.0245794709771872
650,212,1.045998813584447
650,305,1.0705700777471066
650,210,1.1149442181922495
650,270,0.9518699436448514
650,381,0.970739449840039
650,397,1.0397917232476177
650,341,1.02749449852854
650,36,1.022405537776649
650,35,0.975280602928251
650,420,1.0311781440395862
650,92,1.09497709851712
650,173,0.9829078293405472
650,177,0.9836427732370794
650,373,1.0169134270399809
219,91,0.9752797780092806
219,415,0.9885486103594304
219,24,1.159222524613142
219,353,1.0347602479159832
219,75,0.9454767275601624
219,382,1.0368321128189564
219,211,0.9803174920380116
219,236,0.9800898544490336
219,154,0.962502919137478
219,675,0.9987236047163606
219,543,1.003191281342879
219,206,1.0448448797687888
219,552,0.972021064022556
219,205,0.9848986633587627
219,316,1.0807889308780432
219,86,0.9564421956893056
219,121,1.1916637299582362
219,446,0.9848912581801414
219,464,1.0926676320377735
219,398,0.987281074281782
219,289,0.9360501426272094
219,270,1.0438840277493
219,490,0.9094411507248878
219,136,0.9859110796824098
219,212,0.947914807125926
219,305,0.960408320184797
219,1,0.9460578989237548
219,341,0.9094220530241728
219,381,0.9865814452059568
219,629,0.9882624452002348
219,36,0.912384363822639
219,650,0.988603817531839
219,35,0.93412712123245
219,177,0.8822535984218121
219,397,0.935251462040469
219,210,1.0017254212871194
219,420,1.0274294060654938
219,373,0.9136855127289892
219,173,0.9495759550482036
219,172,0.832220584154129
219,53,0.8979899827390909
219,11,0.9836403895169497
219,92,1.000084941741079
219,4,0.8517254297621548
219,239,0.8571928422898054
219,400,0.921488550491631
219,333,1.0512458155862987
219,635,0.8990052975714207
219,250,1.0374123714864254
219,451,0.9175684456713498
219,40,0.9374701911583544
219,403,1.0497203022241592
219,221,0.9375940528698266
219,170,0.9774340675212444
219,294,0.9196555791422724
219,329,1.0112066231667995
18,422,1.03954085893929
543,75,0.9381076372228564
543,121,1.1901479924563318
543,91,0.9802534801419824
543,382,1.0254474990069866
543,211,0.9897307176142932
543,236,0.9762316709384322
543,154,0.9711877764202654
543,675,0.9766781581565738
543,206,1.03452289942652
543,219,0.97603877261281
543,316,1.0747470101341603
543,205,0.984612280735746
543,552,0.9815318135078996
543,446,0.9923429968766868
543,86,0.9629563139751554
543,464,1.0752646466717124
543,398,1.022840375546366
543,289,0.9542672093957664
543,490,0.9351390283554792
543,270,1.009799990337342
543,136,0.9724816954694688
543,212,0.9663708382286132
543,305,0.9741305317729712
543,35,0.8892008159309626
543,629,1.0012298612855377
543,341,0.9176035718992352
543,1,0.9329496370628476
543,36,0.98109620064497
543,381,0.9932914697565138
543,650,0.9439861031714828
543,210,1.00043426733464
543,397,0.9425344374030828
543,177,0.9401294393464924
543,373,0.9129442293196915
543,420,1.017746473196894
543,173,0.9396919906139374
543,172,0.855600050650537
543,92,0.9748621019534768
543,451,0.9375019194558264
543,53,0.9484462668187916
543,635,0.9388788286596536
543,11,0.9824952213093638
543,4,0.883855422725901
543,239,0.8552454002201557
543,400,0.892908011097461
543,40,0.964314255863428
543,333,1.0884752701967957
543,415,1.0006472901441157
543,250,0.9845717372372746
543,221,0.9341900674626232
543,403,1.036091367714107
543,170,0.995487482752651
543,294,0.9583567746449262
543,329,1.0507728806696832
205,448,0.9017315865494312
205,158,0.8196256486698985
205,333,1.0456812367774546
205,210,0.947008985094726
205,202,0.7282886123284698
205,629,0.946729373652488
205,170,0.9286353166680784
205,91,0.9330420014448464
205,382,1.015734243672341
205,211,0.9551193164661528
205,236,0.9488908532075584
205,154,0.932687520282343
205,543,0.933877999195829
205,675,0.9469252950511872
205,219,0.9397855550050735
205,206,1.034586851252243
205,552,0.9651266778819264
205,86,0.916298836003989
205,316,1.069274910259992
205,464,1.0570269906893373
205,398,0.974819062743336
205,121,1.1427861605770886
205,289,0.9191895208787172
205,446,0.9574248779099436
205,490,0.8517951653338969
205,270,1.0145640363916757
205,212,0.9400726086460054
205,36,0.8938694300595671
205,341,0.9064849745482206
205,136,0.9446291222702712
205,1,0.9233611063100398
205,35,0.8689865646883845
205,381,1.037638027453795
205,305,0.923888432327658
205,177,0.8624504653271288
205,650,0.9321853804867716
205,373,0.9020205517299472
205,397,0.891288983868435
205,75,0.8686058162711561
205,173,0.9174018753692508
205,172,0.7809805001597852
205,635,0.8746509910561144
205,420,1.021692748181522
205,4,0.8773038554936647
205,53,0.8920788187533617
205,239,0.8245035703293979
205,451,0.8784595001488924
205,11,0.9379572754260151
205,92,0.9189657440874726
205,400,0.8703157310374081
205,415,1.018725437577814
205,250,1.0073502282612026
205,40,0.9071538108401
205,403,1.0176185402087867
268,4,1.2770369122736156
268,438,1.0539636090397837
313,422,1.006933820899576
313,81,0.9512292419094592
313,25,0.8685062292497605
313,182,0.90719801816158
313,515,0.9273348641581832
313,208,0.7810866195941344
313,53,0.8012086524395272
313,431,1.0744815836660564
313,179,0.8527333438396454
313,397,0.8362582037225366
313,325,0.8585220023524016
313,622,1.0951441620709377
313,375,0.9439040801953524
313,40,0.7826229813508689
313,170,0.8859243006445467
313,158,0.7701962632127106
313,92,0.7820222470909357
313,438,0.8222241678740829
313,499,0.9360605073161424
313,420,0.9291119633708148
313,27,1.0829990553902462
313,353,0.9773297253996134
313,171,0.9006928589660674
313,400,0.8281245892867446
313,402,1.015760407783091
313,487,0.8661429532803595
313,215,1.015583276282996
313,82,0.8185926200821996
313,329,0.8327701158123091
313,341,0.8272276618517935
313,669,1.0218068240210414
313,489,0.8294785091420636
313,91,0.8159683399135247
313,446,0.8378060770919546
313,451,0.7879577134735882
313,94,1.0847727151121944
313,154,0.8175156014040112
313,584,0.8799797268584371
313,268,0.9742734489263968
313,167,0.9336463321233168
313,559,1.0537523159291595
313,173,0.9024076017085464
313,323,0.7395155642880127
313,292,1.1586406975984571
313,565,1.019902208005078
313,617,0.8344697420252487
313,250,0.8653606112347916
313,202,0.7635017172433436
313,36,0.8711061835056171
313,412,0.8681549462489784
313,478,0.7515097807627171
313,398,0.8480972782708704
313,316,0.9456608684267848
313,38,1.0831412700936198
313,610,1.0519267516210675
313,677,0.9716099307406694
313,675,0.834061318426393
313,197,0.8773443137761205
313,503,0.8167121727019548
313,121,0.8922228738665581
313,177,0.916674557607621
313,313,0.8133588426280767
25,584,1.0611567460000515
25,675,1.3346160994842649
208,250,0.915811491664499
208,523,0.7967201732099056
208,313,0.8826688528060913
208,86,0.8821859946474433
208,503,0.9159444868564606
431,634,1.0121817579492929
431,47,0.8790125618688762
431,35,1.1369422199204564
431,325,1.1408707574009895
431,464,1.0573625036049634
431,41,0.9893739679828286
431,4,1.1572119239717722
431,180,1.056458642706275
431,14,1.1407122602686286
431,408,1.028968065045774
431,400,1.21829872764647
431,402,1.103451542556286
431,291,1.0848182365298271
431,487,1.0888260789215565
431,523,1.018275449052453
431,29,0.962470949627459
431,488,0.8427855335175991
431,272,1.0476327454671264
431,341,1.1838813200592997
431,183,0.9745689798146486
431,12,1.0112528838217258
431,72,1.09055620059371
431,426,1.0891871936619282
431,409,0.8813048163428903
431,21,0.8938340023159981
431,228,1.0065970504656434
431,304,0.9306765235960484
431,490,1.1992367338389158
431,313,0.9228878170251846
431,333,1.0312161506153643
431,173,1.000679043121636
431,543,1.1407715259119868
431,664,0.9537546560168266
431,565,1.1186919938772917
431,283,1.0384092293679714
431,559,0.9888956677168608
431,143,1.0212341444566846
431,147,1.071206459775567
431,375,1.0354616893455386
431,25,1.104485470801592
431,40,1.1401845756918192
431,410,1.0211501885205507
431,448,1.2138552479445934
431,403,0.9953153748065232
431,84,1.093040174804628
431,270,0.9225411899387836
431,128,0.892133442685008
431,497,0.9610011428594588
431,441,0.9739465061575174
431,276,1.068070043809712
431,450,1.149762775748968
431,373,1.1190770883113146
431,51,1.1628858530893922
431,299,0.9835811387747526
431,112,0.9604273522272706
431,420,0.926976912189275
431,132,1.0958050722256305
431,75,1.1919414289295671
431,1,1.0814574444666505
431,37,0.9646406434476376
431,53,1.1788874631747603
431,81,1.0073135271668434
431,289,1.075190832838416
431,412,1.2443316467106342
431,391,1.066245454363525
431,390,1.1047747768461704
431,250,1.1173275792971251
431,182,0.9676011260598898
431,202,1.2074369974434376
431,379,1.0747786350548267
431,504,0.9385570455342532
431,211,1.1116340537555516
431,388,1.099540876224637
431,165,0.9714818634092808
431,171,1.023634860292077
431,422,1.0911134285852313
431,382,0.9731148555874825
431,96,1.0144426226615906
431,292,0.9316482674330472
431,568,1.023235872387886
431,56,1.0225834986194968
431,675,1.128047768957913
431,121,1.045085036661476
431,503,1.075897380709648
431,326,1.2495889686979351
431,431,0.934475239366293
397,478,0.8778208878356963
397,170,0.931924770353362
397,629,0.9493746887892484
397,656,0.8874071221798658
397,96,0.9185068821534514
397,260,0.7921434186864644
397,294,0.8797344923950732
397,92,0.9053892605006696
397,676,0.8330010515637696
397,499,0.9942142618820072
397,329,0.9485007850453258
397,40,0.9119605300948024
397,448,0.8921511247754097
397,82,0.8753652931191027
397,202,0.8103521810844541
397,333,1.0262149814516306
397,523,0.795849293237552
397,326,0.7972739811521024
397,316,1.0691044726409018
397,206,1.0284505602903664
397,121,1.079199977684766
397,446,0.9453101097606122
397,154,0.9144899956882
397,552,0.933684253366664
397,136,0.9521867588628083
397,91,0.9173944609938188
397,382,1.0113440076820552
397,236,0.9242389521095902
397,211,0.929085228126496
397,675,0.903705133125186
397,543,0.9081771376077086
397,86,0.9079554288182408
397,210,0.9394018857274204
397,398,0.9469062134157866
397,219,0.9302422469481826
397,289,0.8711696204263717
397,205,0.9006973491050303
397,464,1.043585761450231
397,420,1.0223256316967309
397,305,0.890628564171493
397,212,0.9086695075966418
397,381,0.9861368257552384
397,270,0.9807065513450652
397,221,0.8713934090919793
397,341,0.8409761067014188
397,650,0.8993326667696238
397,490,0.8230889060068876
397,11,0.8995223850943148
397,373,0.8160961368121207
397,1,0.8729644361883402
40,420,0.9808597087394446
40,438,0.970586990006268
40,622,1.1950974399223924
40,605,0.9524177070707084
40,448,0.9067935030907393
40,210,0.9670448205433786
40,676,0.8880457114428282
40,316,1.0342620689189062
40,206,0.997640204615891
40,121,1.086946051567793
40,446,0.9530212506651878
40,154,0.9538405793718994
40,552,0.9402551841922104
40,136,0.937788125127554
40,91,0.944946078583598
40,382,0.9791898038238288
40,236,0.9591897502541542
40,397,0.9339070699643344
40,629,0.9666668965946884
40,211,0.9578917929902672
40,543,0.9633961550425738
40,92,0.9536161981523036
40,675,0.9646401382051408
40,333,1.0376127602066845
40,398,0.9335922801401466
40,86,0.9426523153670132
40,464,1.0096020512282848
40,219,0.938651204109192
40,289,0.9144804733805358
40,205,0.9830413055606186
40,212,0.9571316284127532
40,294,0.905953490640968
40,170,0.9706872801762074
40,381,1.006066792178899
170,629,0.920131903141737
170,656,0.928458919748664
170,96,0.9143231348134576
170,129,0.8309118570759892
170,260,0.847606279887259
170,294,0.866427477216348
170,40,0.8568015089258552
170,92,0.8247075381223112
170,676,0.8001625938341022
170,397,0.8757309447973967
170,210,0.9248014164622872
170,333,0.9842253918759524
170,565,1.0055455234833062
170,205,0.8881516772089526
170,448,0.8778505716472864
170,291,0.80343122407794
170,202,0.7943812673911452
170,121,1.0075706844218075
170,316,1.0248562303604558
170,206,0.9834431973285972
170,446,0.8964357767254114
170,154,0.8709458510857075
170,552,0.8866143921623006
170,136,0.897214428987354
170,91,0.8845260431990027
170,382,0.9688772885128856
170,236,0.8810774218291044
170,420,0.9573357426561416
170,211,0.8801000784151256
170,675,0.8792899898253381
170,543,0.8538871272467077
170,398,0.9007618823088706
170,86,0.8737767671700567
170,219,0.8880593301728368
170,170,0.8934950681868941
158,160,0.9149235831573606
158,448,0.941139742732048
158,277,0.949632516130805
158,333,1.078748389147222
158,210,1.0071615013293922
158,316,0.9631424692925066
158,202,1.0538275295402857
158,629,1.0222551645711064
158,205,0.99935646308586
158,121,0.90732431714423
158,326,0.9820241215638816
92,170,1.0219184355810285
92,629,1.0362735642120242
92,316,1.0971318972297013
92,206,1.05857997154817
92,121,1.1503753252327442
92,446,1.0296401446685195
92,552,1.0080803097225726
92,154,1.004836639855057
92,210,1.0725939739495516
92,136,1.023509344086051
92,91,0.991806368343532
92,382,1.0474595576524734
92,397,0.9757076129317284
92,236,1.0166938304901123
92,211,1.0223499168641863
92,675,1.0040480270981789
92,543,1.0461662411689758
92,86,0.977455534040928
92,398,1.0423887707293034
92,464,1.1067583174444735
92,219,1.0144573468714952
92,420,1.0391110877972096
92,40,0.9733735686168076
92,205,0.9897461808286608
92,212,0.9655967811122536
92,305,1.0248157582245767
92,289,1.022714737802744
92,333,1.0773773975670338
92,381,0.9539692960679532
92,650,1.0120552219450474
92,11,0.9774454510770738
92,294,0.9685345443431288
92,270,0.9962547728791832
438,199,1.0261315254028889
438,136,0.8075424993876368
438,202,0.8055118748452514
438,415,0.8444240216631442
438,408,0.954405840486288
438,94,1.0499528988730162
438,379,0.960551762022078
438,291,0.9173261430114508
438,259,1.048215538263321
438,272,0.769809593912214
438,391,1.1247952501289546
438,656,0.994857965502888
438,170,0.8229509540833533
438,676,0.9151511921081692
438,37,1.037638013716787
438,441,1.005474429577589
438,623,0.9576181527227164
438,650,0.792871993035078
438,263,0.918193409917876
438,669,1.0439285328611732
438,622,1.1197084486484528
438,403,0.9146720711141824
438,128,1.0678882962092755
438,515,1.114094897871837
438,431,1.0441445368342102
438,211,0.8327129809185863
438,158,0.82032177480869
438,11,0.7718447477091104
438,523,0.831975722219795
438,47,1.1197271258570254
438,629,0.8253688076511025
438,277,0.9109042240306736
438,268,0.9994941614568232
438,610,0.9469968823250384
438,292,1.1787957600317895
438,250,0.8792644659988582
438,112,0.9678065443877132
438,40,0.8220363669097424
438,260,0.8148560407571495
438,568,1.0462434994988143
438,121,0.9252730570733548
438,438,0.7850602132966742
499,182,1.0557814110070467
499,415,1.0551253082230687
499,497,0.9610166819766164
499,640,1.0771834119223058
499,552,1.1580089742783457
499,397,1.192858599126339
499,325,0.9516049828380346
499,604,0.9870971161872149
499,676,1.0454464107751846
499,158,1.203965357504785
499,435,1.0287434868514538
499,12,0.9916390152648092
499,441,1.0524573791772127
499,259,1.1214158032089472
499,664,0.972316587343812
499,488,1.027612286619842
499,489,1.097510663792491
499,334,1.039243950508535
499,420,0.9677495961077512
499,270,1.0177517444826665
499,18,1.0439062304794788
499,80,1.0001016184687614
499,205,1.253631542203948
499,180,1.0382666122168305
499,289,1.174298425205052
499,94,1.028598641976714
499,215,1.0734041891992092
499,47,0.910191803239286
499,464,1.1140450311359018
499,382,1.0579244941473007
499,199,0.9764069155789912
499,27,0.9874723572283984
499,37,1.0061827963218093
499,204,1.0309960320591929
499,375,1.0209451336413622
499,91,1.186396159697324
499,487,1.025114202871919
499,258,1.1644942499697208
499,223,0.9779509315267204
499,592,1.091516143642366
499,383,1.035766194574535
499,506,1.0400800677016375
499,35,1.163254256825894
499,431,0.9527408285066484
499,400,1.1805000063031912
499,41,1.0108770104125142
499,136,1.0909425397403538
499,14,0.9776331279426812
499,277,1.1736890999600291
499,451,1.1565822456032038
499,297,1.054125371389091
499,236,1.1840293304994702
499,438,1.0629513473249972
499,559,1.0720398053526878
499,179,0.9139659125357866
499,388,1.1282614544034004
499,417,1.073448535986245
499,429,1.0125712733715773
499,448,1.1943924985826015
499,53,1.1941761123016477
499,675,1.2133838725276291
499,172,1.0908647091127932
499,121,1.175626746378839
499,56,1.088170445524156
499,690,1.0465973615646362
499,503,1.026968650519848
499,499,1.003353763371706
420,215,0.9947790997102856
420,341,0.9254610260250048
420,36,0.9809638964943588
420,25,0.9135141831357032
420,489,0.9010950539959596
420,1,0.9670673054642976
420,408,0.9398488341830672
420,640,0.9613321963697672
420,506,0.8403261611238122
420,353,0.9037379033397884
420,435,0.959488316788338
420,490,0.9781039983499796
420,402,0.9512462520506232
420,66,0.8830800026189536
420,523,0.8184119806392118
420,147,0.9513212987221776
420,239,0.9055415404727682
420,236,1.0220949889626354
420,201,0.9938618710730224
420,35,0.912590695079416
420,515,0.9808049015700816
420,170,1.0240006987005472
420,400,0.9244828030932696
420,441,0.924681160831824
420,154,1.001415446982719
420,180,1.004923276952468
420,182,1.1080818636110052
420,179,1.0512404835317284
420,171,1.047587006003596
420,268,0.8893259814940393
420,291,0.8935677848057821
420,53,0.9468262346927075
420,487,0.920904423110187
420,388,0.8848608434200287
420,294,0.9627660736441612
420,379,0.958429770777002
420,96,1.0293301503406838
420,38,0.9921668982133268
420,552,1.069877508096397
420,211,1.020795029355213
420,488,0.9277411655057222
420,272,0.921986576053314
420,500,0.9075133143924176
420,136,1.0259651807136834
420,426,1.0080293013015762
420,409,0.9716268139891326
420,92,1.0040134612936529
420,4,0.9980961029650643
420,91,1.001967125106603
420,429,0.9647795157507062
420,37,0.9999234379502012
420,21,0.9550857341382653
420,82,0.9151915846159682
420,296,0.9750949197914452
420,228,0.9047789457254112
420,206,1.199483053642325
420,373,0.8965562871890143
420,292,0.9749136480968446
420,596,0.9261685421224684
420,160,0.9119861663784832
420,565,1.0036405177088454
420,143,0.8906084338668734
420,18,0.931532317888923
420,610,0.9416485847905278
420,375,0.9246577857993544
420,24,0.982250073342584
420,40,0.9632981033064424
420,403,0.98077962489333
420,200,0.9309708221117036
420,446,1.0294539661845192
420,47,0.9231174667365848
420,431,0.952867401880212
420,94,0.9813693983014672
420,270,1.1407433005515486
420,675,1.009164992719889
420,121,1.0957208641339091
420,503,0.9561612212564796
420,172,0.9618314399849625
420,316,1.244224393274635
420,382,1.163812275510281
420,219,1.0167230651713908
420,210,1.0764206172898412
420,543,1.0062733034137636
420,629,1.0450425535673276
420,86,1.002539906417951
420,398,1.0432840278372169
420,464,1.2068877515848726
420,397,1.0473405335796997
420,205,1.0356927334796635
420,305,0.9836223749443888
420,289,0.9579580735880882
420,333,1.1199462248478085
420,212,1.013523310655728
420,381,1.1633294256171212
420,650,1.034924620646052
420,420,1.1885321596637368
27,82,1.1595748830586672
353,153,0.9660302475094796
400,91,1.1136358047369868
400,211,1.1392028154805305
400,236,1.110130436718464
400,543,1.1239769691601396
400,675,1.1099105151370168
400,382,1.0349486954510212
400,219,1.1452653855085373
400,289,1.1131114102900028
400,154,1.1276454459875822
400,205,1.1061646328307688
400,206,1.01473916368559
400,86,1.1537948185577989
400,464,1.0724926304537803
400,316,1.048863150179386
400,398,1.168597375974059
400,552,1.1311973608098924
402,523,1.0923680290579796
402,200,1.1112172319553792
215,202,1.2642172826454043
215,596,1.2022606395184994
260,129,1.1485570259392262
260,438,1.053034803364426
260,294,1.210922607220709
36,202,0.8443439281545579
36,448,1.0210079397074878
36,82,1.0397494295611978
36,659,1.0379018131643534
36,1,0.9912053467705846
36,211,0.958062092307955
36,382,0.9796885927207768
36,91,0.9794968257192522
36,205,0.9405768413562328
36,675,1.0021862708963454
36,236,0.9796329718083144
36,219,0.9982658810913564
36,543,0.9800768797285856
36,206,0.9802309442311524
36,154,0.9709861283190548
36,86,0.975751396967098
36,398,1.007962491363287
36,552,0.977212304249406
36,316,1.0179660611320287
36,464,1.0176236843690276
36,121,1.072925557848066
36,446,0.9765922976657748
36,289,0.9774881238117814
36,270,0.915271393954754
36,490,0.9486076617613436
36,341,0.9709354201331736
36,136,0.9765808512456716
36,212,0.9439121084287764
36,35,0.9928902992978692
36,305,1.0059187654405832
36,177,0.8767673810943961
36,75,0.9971066899597644
36,650,1.0164145985618234
36,381,0.8824098380282521
36,173,0.9103855546563864
36,629,1.0009522256441414
36,373,0.9919704915955664
36,4,0.9639040217734872
136,11,0.8994294749572873
136,584,0.9224285916425288
136,272,0.8510175205301493
136,391,1.0304611509200186
136,374,0.8542726337909698
136,341,0.8088431949727237
136,215,1.0632555396296084
136,14,0.839006504509598
136,35,0.780396630289033
136,523,0.7396637692581862
136,677,1.0342700688634068
136,664,0.8392492611892521
136,80,1.0176007417030632
136,24,1.0293860132806003
136,200,0.7831736628431827
136,488,0.9794890698976816
136,297,0.8766878384631127
136,451,0.7656155230943114
136,316,1.1126548843458297
136,236,0.9149074642919004
136,542,0.8615101433824748
136,656,0.9454105356708168
136,397,0.8629299488384277
136,504,0.9365247620735316
136,223,0.9637080889660864
136,72,1.0165149717358872
136,548,1.05462726065889
136,464,1.0685125226154923
136,1,0.8501651200931519
136,37,1.100312267430127
136,158,0.7825033746194094
136,75,0.840946318116039
136,296,0.8952216296456754
136,435,1.0584064536960796
136,388,0.9557203096337616
136,390,1.0004455092130229
136,149,0.9475532767828554
136,291,0.7910231252899393
136,377,0.9669890839140862
136,412,0.9186774858972058
136,197,1.0014053297927603
136,326,0.8147560213692486
136,121,1.1176172734703869
136,56,0.956615869421512
136,206,1.0747034517116845
136,446,0.9334556488320233
136,552,0.920715865911916
136,154,0.8908887137658894
136,91,0.9084445177577436
136,382,1.0378380017355084
136,211,0.909991927910596
136,629,0.9372042015893384
136,675,0.90645859495271
136,543,0.9049710638355464
136,86,0.8923810727428645
136,398,0.9403176363557576
136,210,0.9295609408291056
136,219,0.8788222244475037
136,205,0.8751811219844967
136,420,1.065442308667116
136,305,0.869311464484781
136,289,0.8680264611029997
136,92,0.8646077725570649
136,212,0.9000524071743712
136,381,1.0433550290763378
136,650,0.8713187943212688
136,270,1.0603019793052226
136,490,0.8159072718117386
136,333,1.0102318024728447
136,40,0.843941984931007
136,221,0.8542186496779323
136,170,0.9174823984503746
136,294,0.83674305700697
136,373,0.8024295613868162
136,36,0.8582761210855097
136,4,0.8054006507154554
136,415,0.9848697434645146
136,53,0.8005881309509277
136,173,0.9353947668569162
136,177,0.8841408812440932
136,136,0.9180280740838498
640,199,0.9799215495586396
640,305,1.1151283783838153
640,277,1.0242563597857952
640,584,0.9280562615022064
640,294,1.023706159554422
640,403,0.9263963252305984
640,202,1.0326686389744282
640,4,1.038642809726298
640,1,1.0512782540172338
640,121,0.9789842870086432
640,640,0.998260705266148
403,565,0.9595854403451084
403,80,0.9131923820823432
403,86,1.0483423497062176
403,219,1.0174419060349464
403,382,1.055766398087144
403,173,0.9587380671873688
403,72,0.9583431947976352
403,296,0.914832861162722
403,297,0.9613074734807014
403,375,0.973684100434184
403,676,0.9497324023395776
403,272,0.9284332050010562
403,250,0.97429792676121
403,27,1.0108636422082782
403,645,0.9722854737192392
403,92,1.0541032841429114
403,429,1.038560657761991
403,270,1.0821600060444323
403,640,0.9691708446480334
403,329,0.9603893863968552
403,326,1.1095221750438211
403,236,1.0589952478185296
403,91,1.0531481611542404
403,211,1.0396810239180925
403,543,1.018128774361685
403,154,1.0321216890588405
403,675,1.0533425016328692
403,206,1.05464340839535
403,316,1.062994718668051
403,205,1.0652239164337516
403,464,1.071396087296307
403,552,1.0668868341017514
403,212,1.0576260946691036
403,121,1.1424007702153176
403,403,0.9088342012837528
201,82,0.863419993314892
446,448,0.8820203468203545
446,390,1.0523298513144257
446,316,1.087254097685218
446,523,0.7915223576128483
446,200,0.8003128226846457
446,206,1.050552009837702
446,121,1.1442403227556497
446,552,0.962620224803686
446,154,0.9441147018224
446,91,0.9528294815681876
446,382,1.0333325155079365
446,136,0.9589880765415728
446,236,0.95151387155056
446,211,0.961218184325844
446,675,0.9623274207115172
446,543,0.9456997481174768
446,629,0.9596337738912551
446,86,0.9541183284018188
446,219,0.9488294348120688
446,398,0.970614585094154
446,210,0.97368551697582
446,205,0.9362516470719128
446,397,0.9058228177018464
446,464,1.0708447475917635
446,289,0.9163994938135148
446,305,0.913696739822626
446,420,1.039173475001007
446,212,0.9547486719675362
446,381,0.9982220130041242
446,92,0.94606028101407
446,270,1.0331445327028632
446,650,0.9402189624961466
446,490,0.8707765080034733
446,333,1.0358828911557794
446,341,0.8632862847298384
446,40,0.8968156198970973
446,294,0.8707169685512781
446,221,0.899119240231812
446,170,0.9481572355143726
446,1,0.9218067778274416
446,373,0.8571142740547657
446,36,0.9237432705704124
446,4,0.8642692111898214
446,11,0.9495793133974076
446,53,0.8764143278822303
446,177,0.9140321500599384
446,415,1.026825262233615
446,173,0.939038684591651
446,35,0.840295753441751
446,272,0.8853346202522516
446,451,0.8526236731559038
446,75,0.8898785226047039
446,412,0.9043537536635996
446,129,0.9240818843245506
446,172,0.7870125793851912
239,236,1.0220501171424985
239,91,1.0106230461969972
239,211,1.0118461563251913
239,382,0.989359050989151
239,543,1.0521616283804178
239,675,1.0046026967465878
239,219,1.0120189785957336
239,205,0.9980453820899128
239,464,1.0473963860422373
239,490,1.0785123258829117
239,154,1.0291927645448595
239,35,0.9847434796392918
239,206,0.9897694350220264
239,86,1.0236952621489763
239,398,1.0041418932378292
239,121,1.1056701762136072
239,305,1.0646929992362857
239,289,1.0033059353008866
239,316,1.024648378137499
239,1,0.9688440635800362
75,80,1.1618274804204702
75,675,0.964264961425215
75,211,0.9759814897552131
75,382,0.9658295176923276
75,91,0.9467858597636224
75,543,0.9840588320512323
75,236,0.9610026134178042
75,219,0.9839290818199516
75,205,0.9660689022857696
75,35,0.997280091047287
75,206,0.9566449571866542
75,86,0.953734803944826
75,154,0.9547886718064548
75,1,0.9402349330484868
75,464,0.990509148221463
75,552,0.9506979305297136
75,316,0.9900837022578344
75,398,0.965997341554612
75,270,0.9624561439268292
75,490,0.9742162711918354
75,177,0.9103508251719176
75,121,1.0833341386169195
75,289,0.9638569401577116
75,446,0.9506811127066612
75,36,0.8821481715422124
75,305,0.9896340379491448
75,212,0.9829426524229348
75,136,0.96770254150033
75,341,0.9494014149531722
504,304,0.966590166091919
504,36,0.9346099281683564
504,464,0.9087741274852306
504,489,0.9017349565401672
504,208,0.9422024432569742
504,635,0.889368798583746
504,205,0.8724079589592293
504,488,1.0082835294306278
504,18,1.0630437498912215
504,592,0.9733092188835144
504,53,0.9327652025967836
504,391,1.0578285716474056
504,417,0.9908604137599468
504,35,0.9499601256102324
504,268,0.9740346036851406
504,431,1.000466225668788
504,548,1.0119999330490828
504,199,0.9922609445638956
504,200,0.9608963395003228
504,128,0.8930058600381017
504,448,1.023639990016818
504,210,0.8870743124280125
504,143,0.958671860396862
504,504,0.8490609945729375
199,451,1.1209217756986618
199,497,0.9736998006701468
199,51,1.0247183181345465
199,640,1.0959902685135603
677,219,1.2304673055186868
677,464,1.1237205469515177
677,565,1.017169212922454
677,617,1.0752751035615802
677,41,1.0792297441512346
677,86,1.232202945742756
677,250,1.1952501088380814
677,136,1.118210832122713
677,403,0.997816203162074
677,313,1.0106641994789245
677,37,0.9738265974447132
677,35,1.3362056128680706
677,677,1.0254627745598557
415,136,0.9700047872029244
415,81,0.9672719766385852
415,208,1.0288637788034976
415,47,0.978862281423062
415,448,0.9642515126615764
415,72,0.9377630040980875
415,272,0.9069067388772964
415,677,0.9671137644909322
415,250,1.061584370676428
415,622,1.0094120963476598
415,499,0.9928562243003398
415,629,0.9640677296556532
415,86,0.986236068420112
415,292,1.0792642759624869
415,417,0.8955745787825435
415,276,0.9037161155138164
415,523,0.9023431125096976
415,82,0.9907596493139864
415,420,1.0227788239717484
415,329,0.9558922606520356
415,429,1.0137426885776222
415,158,0.9733480925206096
415,506,0.9084578822366892
415,409,1.1028039169032129
415,36,0.9548185179010034
415,80,1.0629122436512262
415,199,1.0657359189353883
415,198,0.8887751728761941
415,656,0.9067803975194692
415,96,0.9564827419817448
415,605,0.9168035555630922
415,40,0.9183408785611392
415,431,0.9911224823445082
415,504,1.004092494258657
415,239,0.9054489713162184
415,334,0.9629366090521216
415,645,0.9555559563450516
415,438,0.9575178110972048
415,669,0.9415983641520144
415,451,0.9625439145602286
415,542,0.9551768198143692
415,24,0.9420035132206976
415,650,0.9759481002110988
415,223,0.9160384556744248
415,659,0.977284845430404
415,664,1.0998683851212263
415,548,1.0499977408908308
415,1,0.937209312338382
415,128,1.055493130814284
415,490,0.9406833676621318
415,14,0.8453250511083752
415,18,0.8814371670596302
415,398,0.9276819643564522
415,296,0.9996649499516934
415,333,1.063841460738331
415,565,0.9301337127108128
415,464,1.0557635272853076
415,675,0.9420501114800572
415,690,0.9171181092970072
415,382,1.0182668324559927
415,206,1.032583391061053
415,91,0.9367814224679024
415,316,1.0632958749774843
415,236,0.9280970639083534
415,154,0.918161398731172
415,552,0.9408919359557332
415,121,0.9419151372276248
415,211,0.9181562904268504
415,446,0.9345894039142876
415,219,0.935675969813019
415,543,0.9617831674404442
415,205,0.936948966467753
415,305,0.9600420664064586
415,289,0.9467263245023788
415,270,1.0510904020629823
415,415,0.9391384283080696
47,515,0.931770466733724
47,272,0.7714373548515141
47,283,0.7997473012655973
47,506,0.9110336545854808
47,381,0.947207012679428
47,329,0.8900706991553307
47,270,1.0063841845840216
47,1,0.8702629660256207
47,80,1.0362730831839144
47,40,0.8429304379969835
47,610,0.8638316430151463
47,94,0.9802091354504228
47,629,0.8202157118357718
47,400,0.8224381981417537
47,375,0.9186087334528564
47,584,0.901088898535818
47,268,0.9141973131336272
47,565,0.9893544651567936
47,456,0.8642176482826471
47,543,0.7973487060517073
47,333,0.9153602221049368
47,634,0.8475787080824375
47,205,0.8180253083119169
47,388,0.8848691415041685
47,496,0.8665311015211046
47,92,0.7801621281541884
47,499,0.8366396017372608
47,464,0.880027185427025
47,438,0.8907967060804367
47,420,0.8757598311640322
47,210,0.8218942792154849
47,412,0.8197233788669109
47,37,0.9199819592759012
47,121,0.8514255764894187
47,197,0.974422381259501
47,326,0.8816842013038695
47,47,1.0638992004096508
429,82,1.033596103079617
429,448,1.1680117584764955
429,398,1.0675926669500768
429,296,1.0060029104351995
429,333,1.052701708395034
548,82,1.0200786567293108
548,143,1.050076788291335
548,659,0.9734971076250076
548,523,0.9968123584985732
82,239,1.3200491383904591
82,75,1.324627586756833
82,260,1.2133346367627382
82,296,0.9418486879440024
82,202,1.141262547462247
82,36,1.3128349605831318
82,221,1.307875441678334
82,422,1.152790773427114
82,136,1.1861296036513522
82,86,1.313012634520419
82,81,1.1287245223065838
82,504,1.160360686131753
82,659,1.124840111937374
82,199,1.047765924828127
82,451,1.2323053907603023
82,677,1.1337362098274752
82,634,1.0951740798773244
82,515,1.046643189387396
82,412,1.0580275615793653
82,415,0.8379172574495897
82,497,1.1744885381194765
82,653,1.150124077568762
82,47,1.0624257618328556
82,523,1.1584627757547423
82,53,1.3609733568737283
82,143,1.1151957175461575
82,409,1.0887640555738471
82,429,1.1119319811696189
82,548,1.117372048087418
82,640,1.0945047255372629
82,173,1.08825213520322
82,417,1.0747826565639116
82,382,1.062231731659267
82,29,1.2304785072337836
82,304,1.1604756409069523
82,379,1.1006747172796167
82,559,1.099370869458653
82,373,1.2952152610523626
82,542,1.1115533814299852
82,132,1.100862929597497
82,325,0.921856643515639
82,605,1.165945804619696
82,316,1.033062174450606
82,72,1.0925446707988158
82,410,1.041483016742859
82,584,1.1436514985980466
82,622,1.1671720856102183
82,383,1.118272073683329
82,450,1.147849411237985
82,375,1.0823513562208973
82,294,1.3390788743272424
82,149,1.0843485717196018
82,158,1.2507077682530507
82,313,1.0824421411380172
82,84,1.1652211378095672
82,297,1.052442430809606
82,441,1.1054443332832309
82,259,1.2011808031238616
82,210,1.2826930556911975
82,236,1.27512622915674
82,650,1.3372464964631945
82,473,1.1317297752248123
82,488,1.093612270487938
82,607,1.153894313960336
82,496,1.2112383568892255
82,147,1.1401351125678048
82,276,1.151870524743572
82,426,1.0333036309457384
82,289,1.2454422886949033
82,592,1.1318212990881875
82,408,1.1107150089810602
82,258,1.2307960819453
82,263,1.0550260265590623
82,215,1.1871981240110472
82,128,1.111420520639513
82,341,1.3072371867019683
82,552,1.260849434242118
82,669,1.0376565256156027
82,165,1.1895141242421232
82,676,1.1934691302012652
82,80,1.169471975241322
82,40,1.2581568701425567
82,435,1.1273772360873409
82,27,1.1133426073938608
82,204,1.1317316211643629
82,499,1.0668572779977694
82,610,1.100226291688159
82,629,1.2272448565345258
82,334,1.182368152134586
82,154,1.2704567920882257
82,438,1.0841807071119547
82,212,1.3132160240784287
82,268,1.1209836793132126
82,291,1.1377965572755784
82,487,1.1636293131159618
82,96,1.1197090109344572
82,323,1.0947980937780812
82,160,1.245705981273204
82,604,1.20493338489905
82,39,1.1625309016089886
82,94,1.1922948866849763
82,198,0.9679703246802092
82,272,1.175484495004639
82,506,1.1216012779041191
82,183,1.1074123884318396
82,91,1.2518896820256489
82,333,1.1654430392663926
82,219,1.3174627306871116
82,403,1.1194402979454026
82,565,0.968460775213316
82,446,1.2792350456584245
82,66,1.0873437890550122
82,37,1.0695933236274868
82,206,1.0053192367777228
82,4,1.2280378908035343
82,388,1.1341540362336673
82,391,1.1399766800459474
82,112,1.0595173687906936
82,398,1.2943162466399372
82,21,1.1559312280151062
82,24,1.0058556163567118
82,211,1.3069819684023969
82,205,1.2985283100861125
82,477,1.0672824617358856
82,623,1.1423299529706128
82,228,1.164413951919414
82,11,1.2904953839024529
82,448,1.2474512319313362
82,543,1.2766526070190594
82,283,1.076844009454362
82,270,0.8368539784569293
82,478,1.0587490744655952
82,664,1.1472652214579284
82,153,1.0159628062974662
82,201,1.0128972238162532
82,390,1.1586098712868989
82,381,0.9053743344265968
82,121,1.0853853716980666
82,197,1.154630850884132
82,326,1.2241447287378833
82,503,1.1331312290858475
82,56,0.9618112433818168
82,251,1.142949614324607
82,675,1.260622023488395
82,177,1.317114144214429
82,172,1.1799231857294217
82,690,1.1229855700512417
82,82,1.1326428597094491
29,39,0.9858281258493662
29,40,0.765990449115634
29,94,1.0602879635989666
29,292,1.0865292437374592
29,446,0.7477324791252613
29,426,0.9138594307005404
29,489,0.8518280806019902
29,179,0.9396062307059764
29,154,0.7382563762366772
565,656,0.919259386137128
565,270,0.9303186871111392
565,415,0.9200993981212378
565,38,0.8894712664186954
565,170,0.8892377838492393
565,333,0.9663530916441232
565,173,0.9210051242262124
565,382,0.8936315383762121
565,4,0.8346887545194477
565,316,0.9208640947472304
565,121,0.7923258029622957
565,565,0.9398819971829652
304,323,1.023799546994269
304,677,1.0949043110013008
304,250,1.060355823021382
304,565,1.1331260902807117
304,464,0.969159811269492
304,559,0.9491946049965918
304,381,0.9354222780093552
304,622,0.9170798850245774
304,543,1.018807482905686
304,276,1.054898090660572
304,542,0.9947573146782815
304,66,1.026027824729681
304,440,1.0177054088562727
304,183,0.9609906328842044
304,623,1.0292605552822351
304,24,0.979740297421813
304,499,0.9550056038424372
304,143,1.0172215420752764
304,75,1.0960061149671674
304,617,1.0514462674036622
304,403,1.0018532355315983
304,206,0.9288596687838436
304,202,1.097308794502169
304,82,0.9657690012827516
304,56,0.999889529775828
304,304,0.9444383215159178
381,239,0.9056788073503412
381,260,0.9303389233537018
381,221,0.9764177105389537
381,422,1.0966090052388608
381,136,1.067596991895698
381,86,1.0780453081824817
381,81,1.0531062254449353
381,504,0.9773349941242486
381,659,0.9060469955438748
381,199,1.0124250680673867
381,451,0.9850596219766884
381,25,0.9051018684695008
381,677,1.004671111877542
381,634,0.8797385769430548
381,515,0.9943779802706558
381,53,1.0143706086091695
381,143,0.8615058259456418
381,409,0.9619694398716092
381,640,0.9579971411731094
381,173,1.075518440688029
381,382,1.212236590741668
381,304,0.9529718953708652
381,610,1.0333724290831017
381,431,1.010155767959077
381,179,0.9807624379754998
381,374,0.9267939924029632
381,542,0.8016611320781521
381,228,0.8989422199083492
381,132,0.8778459894820116
381,552,1.1008914422709497
381,292,1.055053353018593
381,397,1.0830882954178378
381,325,0.9813376912788954
381,604,0.9082741466118024
381,333,1.1863622952369042
381,72,0.9318218107218854
381,272,0.9959015146596356
381,669,0.9337239331798628
381,622,1.0476264873868786
381,676,0.8805401528952643
381,1,0.9458305195439608
381,297,0.9317256350186652
381,464,1.269542036287021
381,390,0.981668172229547
381,664,1.0152149708010256
381,488,0.9228964913636446
381,4,1.0532546631293371
381,489,0.8840746466303244
381,334,0.9489814611151814
381,499,0.9324737384449692
381,420,1.2061269567348063
381,206,1.2381219022208825
381,270,1.1550461010774598
381,617,0.9021454645553604
381,607,0.938178613956552
381,496,0.9084912826074288
381,147,0.9911357825039886
381,27,1.1028603294398636
381,353,0.950670974154491
381,219,1.0662802030565215
381,18,0.9092332802247256
381,543,1.0260146223008633
381,276,1.0166583311511204
381,112,0.9868816579983104
381,80,1.040794663131237
381,21,1.0443188745412044
381,426,0.9673010836704634
381,205,1.0933737598825246
381,14,0.9219778298866004
381,200,0.9322418972151354
381,477,0.9011129436839838
381,635,1.0033556137350388
381,623,0.9612782065523788
381,154,1.036426522070542
381,268,0.953922880347818
381,128,1.0600962962489575
381,202,0.9672968900413252
381,12,0.9676011386909522
381,259,0.8638190091587603
381,40,0.964455530163832
381,402,0.9337221272289752
381,66,0.9684106935746968
381,119,1.0447392161586322
381,440,1.0644980818033218
381,11,0.991074911900796
381,236,1.0470631289645098
381,94,1.0074468674720265
381,37,0.9384089928935282
381,450,1.100606107735075
381,559,0.9360856285202316
381,158,0.943895180360414
381,400,0.8937107078963891
381,375,0.9343422785168514
381,441,0.9150922289118172
381,417,1.092964403622318
381,129,1.044203376979567
381,182,1.0436893292935563
381,323,1.0695125797647052
381,584,0.907573766860878
381,171,1.0411723185679875
381,296,1.0223684819065966
381,645,1.021061684237793
381,487,0.8556093971710652
381,388,0.9465523481485434
381,391,0.9728409496601672
381,429,1.063744312908966
381,379,0.9355999281397088
381,258,1.0801383004290983
381,313,0.9505211734212936
381,316,1.2926951725967228
381,39,0.9076698026037776
381,410,0.8933940780116245
381,149,0.9138388845021836
381,653,0.8967203051433899
381,456,0.8867157087661326
381,473,0.96698840521276
381,47,0.971254059812054
381,51,0.959232539171353
381,596,0.8929707283386961
381,294,1.0183100946014747
381,160,0.8914400602225214
381,592,0.9606557647930458
381,24,0.9762412756681442
381,223,0.8996662836289033
381,523,0.8470484761055559
381,212,1.0538871246390045
381,478,1.0051153680542484
381,204,0.8873469773679972
381,165,1.0639368295669556
381,497,0.9269005708629264
381,82,1.014235143433325
381,283,0.962037494406104
381,35,0.9335126989753916
381,96,0.984690384415444
381,548,0.9350860486156308
381,506,0.8512405016517732
381,500,0.8659528716816567
381,329,0.9459607839526144
381,41,0.8644420270284172
381,435,1.0459189892862923
381,373,0.9771689584013076
381,398,1.0276767155737616
381,299,0.9705022909911348
381,183,0.958376441092696
381,75,0.9596119098132476
381,403,0.94275153480703
381,412,0.9453679707366972
381,408,0.9867019730154424
381,250,1.0508616514271123
381,415,1.037625885772286
381,289,0.9635420127306134
381,448,1.0629025614471177
381,263,1.0763741120463235
381,180,1.023152844980359
381,565,1.007162417867221
381,605,0.9627462463686244
381,215,0.9151531127281488
381,201,1.0489263995550573
381,198,0.9501704885624348
381,377,0.8874178846017458
381,383,0.8852619769750163
381,675,1.056661095644813
381,568,0.9691996070323512
381,326,1.0224501598859206
381,56,0.967032985878177
381,197,1.002314299403224
381,121,1.121254807454534
381,177,0.9627004363574088
381,503,0.9126582126773428
381,690,0.9244271796778776
381,91,1.051805663970299
381,211,1.044011463818606
381,446,1.0632123547256924
381,629,1.100007102591917
381,341,0.9706712777842768
381,305,1.0056302581797354
381,210,1.092890873318538
381,490,0.9662153861718252
381,650,1.0660070218145847
381,36,1.0122802621335725
381,92,1.0390891385031864
381,381,1.188587692566216
559,75,1.0542288561118769
559,202,1.0910631871083751
559,25,0.9815619314322248
559,497,0.965927044977434
559,53,1.0133245385950431
559,409,0.9518332676962018
559,391,0.9862026136834174
559,610,0.997861732612364
559,179,0.9302548149134964
559,374,0.9851401729974896
559,132,0.9999575491528958
559,333,1.122351035475731
559,669,1.0939920605160296
559,149,1.000936734955758
559,84,1.1230213086819276
559,435,0.957447845255956
559,12,1.00614589988254
559,441,0.979715314693749
559,236,1.0858544084476307
559,438,1.0045737348264083
559,390,1.0288334630895406
559,650,1.1285595146473495
559,473,1.0465902590658516
559,41,0.9719065462704748
559,664,0.9389823268866166
559,488,0.932081400300376
559,4,1.0542144244536755
559,499,0.9817865279037504
559,206,1.0515789941418916
559,617,1.1335622963961214
559,147,0.9505886184051632
559,353,1.0203695574309677
559,219,1.0753171269316226
559,18,0.9608199934009464
559,112,0.932028032024391
559,80,0.9321538698859512
559,39,0.967463014065288
559,21,0.9947948376648128
559,171,1.0636688119266182
559,180,0.9979850011877716
559,14,0.9677670116070658
559,506,0.998213816434145
559,91,1.0866643956396729
559,94,1.0293457325315103
559,500,1.026984425610863
559,592,1.0455130545888096
559,400,1.0385829689912498
559,388,1.0542496754787862
559,477,0.970660183345899
559,635,1.0199184463126585
559,623,1.0016696809325367
559,154,1.098636191803962
559,204,1.0333541373256594
559,211,1.073777261422947
559,292,0.9283656503539532
559,329,1.0173169360496104
559,565,1.0295178350061178
559,451,1.0960871780989692
559,415,1.0189842774998397
559,440,0.9316369511652738
559,51,0.981756566790864
559,543,1.076678803190589
559,276,1.0230137368198484
559,542,1.025720045203343
559,66,0.9994202016387136
559,183,0.9957094993442296
559,24,0.9937745060306042
559,645,1.005813818774186
559,381,0.988036321476102
559,675,1.0912302325014025
559,326,1.102825399721041
559,382,1.0658836853690443
559,86,1.110804616007954
559,559,1.0045485668815672
373,91,0.9931784169748424
373,382,0.9859673902392389
373,211,1.02514876332134
373,206,0.9957911528181284
373,236,1.012891418300569
373,543,1.0693067801184952
373,154,1.0060357977636158
373,316,1.0293912505730989
373,675,1.0253815175965428
373,552,0.9915998815558852
373,219,1.0196190476417542
373,121,1.104614810552448
373,205,1.0213511767797172
373,446,0.997783575206995
373,86,1.0044096685014663
373,289,0.986099874600768
373,398,1.0203654242213815
373,136,1.03298697527498
373,464,1.0786776836030183
373,270,0.8686557314358652
373,212,1.0380830480717125
373,305,1.0529108196496964
373,629,1.0308632738888264
373,490,1.0189209058880806
373,397,1.004767702892423
373,1,1.0221932884305716
373,381,0.9576757405884564
373,36,1.017899103462696
373,210,0.998439641436562
373,341,1.0245659984648228
373,650,1.0685486975125968
448,277,0.8967134635895491
448,158,0.8923499011434615
448,333,0.9650628429371864
448,210,0.8284482792951167
448,40,0.8028576150536537
448,504,1.0775298550724983
448,36,0.9872192819602787
448,202,0.9389235896524042
448,629,0.8597823085729033
448,205,0.8238407177850604
448,170,0.8775223204866052
448,200,0.8228955012746155
448,446,0.7808231748640537
448,326,0.9859708151780068
490,543,1.059206904610619
490,236,1.0494370833039284
490,91,1.0490463036112487
490,382,1.0611028466373682
490,211,1.0704726604744792
490,154,1.0460030275862664
490,675,1.046176154632121
490,205,1.0889324359595776
490,219,1.0496991528198123
490,206,1.065877857618034
490,316,1.1039946554228663
490,552,1.0513531491160393
490,86,1.0582292205654085
490,121,1.205479970900342
490,398,1.062173375394195
490,446,1.0561001896858215
490,289,1.0033640968613329
490,464,1.118354379432276
490,270,0.9663456631824374
490,35,0.9673605393618344
490,305,1.062078781425953
490,136,1.051271941512823
490,212,1.0407849568873644
490,341,1.0223830500617623
490,1,1.025964431464672
490,650,1.0254521407186985
490,36,1.0226664184592664
490,629,1.0594693385064602
490,177,0.9548464566469193
490,210,1.088815617840737
490,75,1.0281888879835606
490,381,1.00223901681602
490,397,0.9893992776051164
490,420,0.9955573743209244
490,239,0.9330207165330648
490,172,0.8624319173395634
490,373,0.9860909534618258
490,635,0.9674140345305204
490,173,0.9737480878829956
490,53,0.9986939928494394
490,451,0.9559837523847818
490,415,0.9229424390941858
490,11,1.0358186038210988
228,584,1.094184760004282
228,147,1.1121287755668163
11,154,0.9920688020065428
11,206,0.981120815500617
11,552,0.9996012658812106
11,91,0.9956296873278916
11,316,1.0135647961869836
11,382,1.0034541711211205
11,236,1.013080544769764
11,121,1.1056527607142923
11,446,1.0157545879483223
11,211,1.0152649376541376
11,675,1.017201824579388
11,543,1.002969509921968
11,219,1.0108387805521488
11,86,1.0360152665525677
11,464,1.0118243345059454
11,205,1.0157373591791838
11,398,1.0590315100271257
11,136,1.011685810983181
11,381,0.8789234776049852
11,289,1.0023036617785692
11,629,1.0057634240947664
11,212,1.0336455069482329
11,397,0.9772175853140652
11,341,0.9856264255940914
11,92,1.0308218686841428
11,490,1.006222853437066
552,27,1.059564019087702
552,383,0.9616484239231796
552,250,1.0171976673882457
552,202,0.7540157604962587
552,36,0.9205633362289518
552,412,0.915234712185338
552,47,1.1146571664139628
552,296,0.8939064019359648
552,415,1.0483010944444686
552,313,0.8938697425182909
552,456,0.9356413846835494
552,136,0.9743735867086798
552,132,0.8600764570292085
552,200,0.8125925913918763
552,277,0.8339492277009413
552,172,0.8018851645756513
552,56,0.9542384354863316
552,177,0.8848436917178333
552,121,1.178214922081679
552,206,1.0960971107706428
552,316,1.1368828099220991
552,154,0.9491484840400516
552,91,0.9647198268212378
552,382,1.0728278127498925
552,446,0.9840719308704138
552,236,0.9747273621615022
552,211,0.9739239567425102
552,675,0.9731246819719672
552,219,0.9568774132058024
552,543,0.9607365392148496
552,86,0.948921422008425
552,398,0.9826681825798004
552,205,0.9646824926603584
552,464,1.1359900149982425
552,629,0.9767365995794536
552,289,0.9223485991824418
552,212,0.9551464938558638
552,381,1.0573622283991426
552,210,0.9930656736250968
552,397,0.9014616752974688
552,305,0.9245927655138076
552,270,1.0462197144515812
552,420,1.06230800319463
552,490,0.8706389022991061
552,341,0.8776224714238197
552,650,0.9546595001593232
552,92,0.9442693132441492
552,1,0.9295680352952332
552,373,0.878484173794277
552,40,0.8985391478054225
552,333,1.069486270658672
552,11,0.9446244027931244
552,173,0.9561264398507774
552,294,0.8728669639676809
552,170,0.9612472418230028
552,53,0.889478575787507
552,221,0.906849889550358
552,4,0.8646827437914908
552,35,0.8463274673558772
552,75,0.9028895036317408
552,451,0.8495108613278717
552,272,0.922594154952094
552,635,0.855868837563321
552,400,0.8503176621161401
552,403,0.984313783235848
272,523,1.043310508131981
272,478,1.0739402454346418
272,121,1.1053072069771588
272,316,1.051685981452465
272,206,1.0315007353201509
272,446,1.134455531835556
272,629,1.1446796925738454
272,136,1.140194061677903
272,552,1.132304261205718
272,154,1.1271443956065923
272,91,1.1150876539759338
272,382,1.052759438753128
272,210,1.181336750742048
272,236,1.1268791556358335
669,323,1.0408665128052237
450,448,1.2783417478203771
450,24,0.9609079770743848
450,160,1.0382331609725952
450,202,1.116070277057588
450,56,1.0116118481382728
149,1,1.2354970555752516
149,650,1.3004527087323368
1,548,1.162310573272407
1,659,1.001269796397537
1,149,0.999639795627445
1,223,1.0756256924942136
1,640,0.9154494632966816
1,650,0.9799062409438192
1,36,0.9200086134951562
1,675,0.997551626060158
1,91,0.98255283664912
1,382,0.9945388617925346
1,211,0.9963852968066932
1,236,0.9772024862468244
1,219,0.9993441645056008
1,543,0.99817362613976
1,205,0.9718859193380922
1,154,0.9713563839904964
1,86,0.9770556534640492
1,206,0.9956859927624464
1,552,0.9832892455160618
1,316,1.02625801297836
1,464,1.0121204745955763
1,121,1.1207729182206094
1,289,0.9668822176754476
1,398,1.0384620840195566
1,270,0.921737109310925
1,446,0.9897255087271332
1,212,0.9624854447320104
1,177,0.9006590452045202
1,490,0.9486764492467046
1,341,0.954255481250584
1,75,0.9480434330180288
1,35,0.9580876464024186
1,305,0.972410976421088
1,136,0.9957068148069084
1,381,0.940596297616139
1,629,0.97503404552117
1,397,0.9351544729433954
1,373,0.9275763747282326
1,172,0.8029369241558015
1,210,1.0051754168234766
1,4,0.9062466854229568
1,250,1.052288394421339
1,239,0.9258457496762276
1,53,0.9335383460856974
96,294,1.1988192573189735
96,40,1.1044961782172322
96,656,1.027453187853098
96,221,1.083223333582282
96,397,1.144610126502812
96,375,0.9647192116826772
96,198,0.9050221256911756
96,210,1.2189972796477375
96,629,1.1768539939075708
96,260,1.033798910677433
96,92,1.1377190961502492
96,270,0.8925746704917401
96,431,0.9974306523799896
96,96,0.9416005341336132
390,604,1.0950364470481873
390,82,0.9972050189971924
390,202,1.2118574348278344
390,596,1.0242848135530949
390,446,1.146359600126743
129,451,0.9496065275743604
129,294,0.9688061405904592
129,316,1.0824655559845269
129,446,1.0674435030668974
129,206,1.0530193492304534
4,565,0.9384501706808804
4,640,0.8658037367276847
4,173,0.9575691153295338
4,268,1.062194412574172
4,382,0.9581755492836236
4,91,0.9396226634271444
4,236,0.952050649560988
4,206,0.9451259924098848
4,211,0.9620413635857404
4,316,0.9704084130935372
4,446,0.9432881148532032
4,675,0.9628400560468436
4,552,0.950468577677384
4,86,0.9570562555454672
4,154,0.928237114334479
4,121,1.0292436426971108
4,543,0.9739842214621603
4,205,0.9831843781284988
4,219,0.9824051866307856
4,398,1.0195204007904977
4,289,0.9222740572877228
4,136,0.9548406875692308
4,464,1.0098560019396243
4,212,0.9836054011248052
4,270,0.9016905575990676
4,36,0.9295094984117896
4,1,0.9793053781613708
4,305,0.932984997984022
4,629,0.9328057216480374
80,75,1.0577118042856457
80,147,1.0202919244766235
80,82,0.9444603058509528
80,121,0.9946605484001338
21,429,0.984500739723444
21,82,0.958042926620692
21,448,1.017306163907051
21,398,1.0121486843563616
21,296,0.9710412062704564
21,333,0.9892106670886278
21,316,1.0518140716012567
21,523,0.8797430954873562
21,56,0.9817072497680784
91,523,0.8183973236009479
91,210,0.9876118851825596
91,236,0.9703815449029208
91,121,1.1663055543322116
91,382,1.0368096786551178
91,154,0.9606466386467218
91,211,0.9824561616405844
91,206,1.0461161374114454
91,675,0.9755923538468778
91,316,1.0861148429103196
91,543,0.9598792437464
91,552,0.977773929713294
91,219,0.9669247562997044
91,446,0.9797958321869372
91,205,0.9470388204790652
91,86,0.957718632183969
91,398,0.9847309533506632
91,464,1.0683143702335656
91,289,0.9276294996961952
91,136,0.9756751907989384
91,270,1.0076044534798712
91,212,0.966965947765857
91,305,0.9413620103150606
91,490,0.879558932967484
91,629,0.9710593866184354
91,341,0.8854723200201988
91,381,0.9867279836907984
91,1,0.958311140537262
91,397,0.9232934426981956
91,650,0.9522616732865572
91,36,0.9441868546418846
91,35,0.8712612604722381
91,177,0.9198171366006136
91,420,1.0320896988268942
91,373,0.8909685262478888
91,75,0.9193604085594416
91,92,0.9656865964643656
91,173,0.9547898662276566
91,53,0.898559388704598
91,4,0.8561237419489771
91,11,0.966420378535986
91,333,1.056496278848499
91,172,0.7957869274541736
91,40,0.9201986668631434
91,415,0.9953419836238028
91,451,0.8712139190174639
91,635,0.8676937310956419
91,239,0.8280552048236132
91,221,0.9276152835227548
91,400,0.8696485320106149
91,170,0.9815060102846472
91,294,0.898748935200274
91,250,1.0160118364728987
91,403,0.9802624182775616
91,559,1.1550002442672849
91,329,1.0180650148540735
91,272,0.9108980563469232
91,51,0.984012067783624
200,604,0.9601683206856252
200,206,1.004932769574225
200,236,0.9708732850849628
200,402,0.9450088078156114
200,446,0.969264200888574
200,448,0.914920600131154
200,210,1.039993594866246
200,629,1.0097126779146492
200,132,0.8087137611582875
200,607,1.0079265320673585
200,333,0.9975582384504378
200,316,1.023131700232625
200,202,0.8881796195637435
200,503,0.8781873257830739
200,326,0.9076194260269403
200,690,0.9192860592156648
635,25,1.02363190241158
635,211,1.0960783543996513
635,91,1.0561598665080965
635,382,1.0240926537662745
635,543,1.0623149070888758
635,205,1.094671105965972
635,236,1.072675229050219
635,675,1.0574533650651574
635,154,1.0766608393751085
635,219,1.0571845322847366
635,464,1.0586316143162549
635,206,1.005666601471603
635,289,1.061722109094262
635,86,1.0651974524371326
635,490,1.0947052761912346
635,398,1.1115361438132825
635,552,1.0609789295122027
635,316,1.042943003354594
635,121,1.1145955435931685
635,270,0.8796000946313143
154,72,1.1261262861080468
154,29,1.0134938806295395
154,91,0.985451796092093
154,206,1.0607152553275228
154,316,1.1020410342607647
154,382,1.0517973077949136
154,552,0.995547890663147
154,236,0.9875940699130296
154,121,1.1931435123551637
154,211,0.9983329663518816
154,446,1.0044561142567543
154,543,0.9900410848204046
154,675,0.9955185167491436
154,219,0.9763779197819532
154,205,0.9682875564321876
154,86,0.972141849109903
154,136,0.9910725643858314
154,398,1.012049177661538
154,289,0.9625279505271463
154,464,1.07570648053661
154,629,0.9970086654648184
154,212,0.9803265056107192
154,270,1.0270717202220112
154,305,0.9673393848352134
154,210,1.015243424102664
154,397,0.9242630077060312
154,490,0.8925295695662498
154,381,0.9927372122183442
154,341,0.9115578602068126
154,420,1.0333184490446
154,650,0.970003385329619
154,1,0.96015193592757
154,92,0.9655518282670528
154,36,0.9455413408577442
154,373,0.9182472717948258
154,11,0.9724887334741652
154,35,0.8910349472425878
154,333,1.0788655946962535
154,40,0.934994775801897
154,53,0.9475528250914068
154,177,0.924435693770647
154,173,0.9576444909907876
154,170,0.986529465764761
154,221,0.9475642435718328
154,415,1.0030372713226825
154,294,0.9243555134162308
154,4,0.8835503300651908
154,75,0.9296394819393754
154,451,0.8881968567147851
154,635,0.8872670512646437
154,172,0.8122050957754254
154,400,0.8952731331810355
154,250,1.0438198796473444
154,403,0.99947277456522
154,239,0.8422692504245788
154,272,0.9275212385691702
154,329,1.0254585868678987
323,296,0.9316274523735046
323,504,1.0580401010811329
323,119,0.963561713695526
323,128,1.1065820902585983
323,313,0.9040048364549876
323,523,0.8279924690723419
323,669,1.0770523995161057
323,121,1.0076994625851512
323,172,0.8298827465623617
323,323,0.8619042113423347
128,431,1.0014812955632806
128,656,1.0989335598424077
128,500,0.939315317198634
128,206,1.1109510585665705
128,39,1.0060777366161346
128,374,0.8834869470447302
128,289,1.0442339424043894
128,18,0.9874699981883168
128,82,0.9854493848979472
128,690,1.1720900675281882
128,177,1.1043118499219418
128,128,0.9355363016948104
270,202,0.96803889144212
270,221,0.9410402147332206
270,422,1.0304787510540336
270,136,1.0584462090628222
270,86,1.0733161736279726
270,504,0.9283503544284032
270,659,0.9287624047137796
270,25,0.9263727006036788
270,182,0.9507937709568068
270,634,0.8834005687385798
270,515,0.9683679382433183
270,415,0.9409931047121064
270,497,0.9182042355532758
270,47,0.953070550400298
270,53,1.0037481607869267
270,143,0.9194660482462496
270,429,0.9990285853855312
270,548,1.0020684400806203
270,82,0.966038909042254
270,640,1.040488493279554
270,35,1.0037048880476505
270,417,1.0340499461162835
270,645,1.0087275153491646
270,382,1.1658099802443758
270,391,0.9439085440244526
270,381,1.1575122741051018
270,201,0.9799178130924702
270,250,1.023387584835291
270,610,1.0056288568885066
270,179,0.9874488592613488
270,374,0.9233056996017694
270,373,0.9597527524456382
270,119,1.0849468909436837
270,448,1.0719095912063494
270,132,0.932322056265548
270,11,1.0232614029664546
270,397,1.050544895697385
270,325,0.9592859927215612
270,604,0.9801436732523144
270,605,0.9894342191983014
270,333,1.1124569502426311
270,316,1.243457363685593
270,72,0.9299314087256788
270,272,0.9731691123452038
270,622,0.908244342310354
270,383,0.8657053469214588
270,676,0.9644740903750062
270,446,1.008893356192857
270,40,0.99502503342228
270,149,0.9501530660782008
270,313,1.0020825562532991
270,1,1.0302959820255635
270,92,1.0293564854655417
270,84,0.9255951796658336
270,464,1.206271975999698
270,656,0.9851214608643204
270,435,0.9641530289081855
270,212,1.0761668428312987
270,12,0.9487282850313932
270,441,0.8951222710311413
270,259,0.9339200604008512
270,210,1.0731660195160655
270,236,1.009913052781485
270,96,0.9986219468992203
270,283,0.9260155350202696
270,390,1.0172121615614742
270,629,1.0585587199311703
270,473,0.9821367769036442
270,41,0.9238661234267056
270,664,0.9669136346783488
270,489,0.9434437191812322
270,499,0.9592259167693556
270,420,1.1767213649582118
270,607,0.9372109267860652
270,147,0.9096338958479464
270,27,1.0581344303209337
270,353,0.9648749004118145
270,18,0.9813389094779268
270,276,0.9328294584993272
270,39,0.9438108920003287
270,66,0.9449567736592144
270,171,0.9965222405735404
270,205,1.0594098889268937
270,180,1.0016165610868484
270,289,0.9767096461728216
270,14,0.9341389203909783
270,91,1.0133350878022611
270,94,0.9940295022097416
270,200,0.9968933506170288
270,299,0.932259461376816
270,258,0.9761927482904866
270,400,0.9443944576196373
270,388,0.9022360352100804
270,477,0.8796290284954011
270,635,1.0367814127821475
270,402,0.9112338682170956
270,487,0.9136040727607906
270,51,0.927776938653551
270,215,0.9957239555660636
270,291,0.9256080988561736
270,36,1.0434331371216103
270,412,0.9917424416635184
270,669,0.9979117669863626
270,408,0.9859893969260156
270,80,1.0184738121461123
270,506,0.8325402945047244
270,199,0.9699162055039778
270,523,0.9125555792124942
270,403,0.9618710624054074
270,81,1.0119634434813634
270,37,1.0174688934348524
270,450,1.036771425162442
270,559,1.0052283823024482
270,75,0.9998062252998352
270,375,0.9202144012087956
270,263,1.0234021585201845
270,334,0.9445232721045612
270,129,1.0057404100662095
270,542,0.8797754785045981
270,260,0.967234471347183
270,160,0.9318016308825464
270,438,0.9590619360096752
270,268,0.9997043497860432
270,565,1.008806920843199
270,183,0.926354922237806
270,296,1.0483417317736894
270,488,0.9416018041083588
270,294,0.9980115005746484
270,377,0.9510602024383844
270,410,0.9905028187204152
270,219,1.0448092919541525
270,677,1.0080476244911551
270,173,1.1778374772984537
270,431,0.99969424365554
270,24,0.9548644971800968
270,21,1.0028953306027688
270,154,1.021754953544587
270,297,1.0305322827771306
270,623,1.055429208325222
270,592,0.8722798768430948
270,650,1.0435969575773925
270,500,0.9240706716664135
270,617,0.9248651982052252
270,490,0.965148916002363
270,292,1.027325463015586
270,451,1.052341362927109
270,304,1.0354710589163003
270,305,1.0044439409393815
270,584,0.9469139848370104
270,167,0.934420172823593
270,251,0.9176371914800256
270,675,1.0404841604176909
270,121,1.0742284173611552
270,690,0.929740316234529
270,197,0.9994987200479954
270,172,0.9483908375259488
270,326,1.0421145418658853
270,503,0.9843409078894184
270,56,0.974067775066942
270,211,1.047973626642488
270,543,1.034690420026891
270,206,1.1934480987256393
270,552,1.08157690288499
270,398,1.0148789837257937
270,341,0.9614039087318816
270,177,1.021505153970793
270,4,0.97932950721588
270,270,1.1342403274029491
202,523,0.7419914351776242
202,333,0.8867589087458327
202,448,0.8265696745365858
202,438,0.9271499011665584
202,277,0.8070331085473299
202,629,0.8110325485467911
202,205,0.7652917536906898
202,158,0.8844086879398674
202,210,0.825635064044036
202,170,0.7935003452003002
202,82,0.8603977235034108
202,450,0.8538416819646955
202,390,0.9601074894890188
202,640,0.9438469298183918
202,200,0.8513923468999565
202,316,0.8904244204750285
202,36,0.7953726486302912
202,121,0.8041952790226787
202,172,0.84542305348441
202,326,0.8420444158837199
221,676,0.8944278592243791
221,82,1.0410569086670876
221,446,1.0218926584348085
221,316,1.0564690516330302
221,206,1.0236211149021983
221,121,1.0935951902065426
221,136,1.010122356005013
221,552,1.0075666955672204
221,154,1.0061912932433188
221,91,1.0185935529880226
221,382,1.0263228309340775
221,236,1.0149214877747
221,629,1.0396206164732575
221,397,0.94693072559312
221,211,1.0236341669224205
221,675,1.015906491316855
221,543,1.0248854658566415
221,210,1.0345928114838898
221,86,0.986960346577689
221,219,1.0252531445585191
221,398,1.0448457673192024
221,464,1.0524475264828652
35,677,1.2448428589850664
35,121,1.2085110442712903
35,543,1.16364074498415
35,675,1.1623542243614793
35,211,1.1454525664448738
35,236,1.1269678715616465
35,91,1.1113110492005944
35,205,1.1449040677398443
35,382,1.0654717348515987
35,219,1.1227311752736568
35,490,1.1475108079612255
35,154,1.1184221296571195
35,289,1.1033161245286465
35,206,1.0549744388554243
35,86,1.1368872630409896
35,75,1.1353259030729532
35,464,1.1812225109897554
35,270,0.9988146433606744
35,316,1.0982596506364644
35,398,1.1102826981805265
35,552,1.1104508223943412
35,305,1.1605669930577278
35,1,1.0784959699958565
35,446,1.115508683025837
35,177,1.0634398832917211
35,36,1.0615992322564125
35,341,1.1702904384583237
35,212,1.1140764001756909
35,136,1.081664660014212
35,239,1.0503226732835174
35,650,1.1290096044540403
35,172,1.024760119616985
250,415,0.9274893701076508
250,202,0.9284546757116914
250,36,1.006108428351581
250,208,0.9617192409932612
250,478,1.039492235518992
250,523,1.0165466414764524
250,438,1.0325857708230617
250,91,1.0581881199032068
250,382,0.9896607929840684
250,211,1.0790296364575624
250,219,1.0378435235470531
250,675,1.0786387235857546
250,236,1.0695688016712666
250,543,1.1185795366764069
250,206,0.9834019131958484
250,86,1.0616085808724165
250,154,1.0579677536152303
250,205,1.083524643909186
250,552,1.0418827813118696
250,316,1.0104566102381796
250,398,1.0527970883995297
250,121,1.08186984853819
250,1,1.0683522075414658
250,464,1.055374110583216
250,250,1.060859939083457
610,464,0.9825297226198018
610,47,1.0327760591171682
610,523,0.8918640613555908
610,438,0.9566751904785632
610,420,0.9603019724600016
610,329,0.9093038393184544
610,313,0.988811558112502
132,200,1.231626212131232
132,121,1.1078126879874617
604,584,1.0167766027152538
604,200,1.1660667480900884
605,40,1.203717092052102
333,47,0.9384009090717882
333,478,0.987682796549052
333,329,0.9942837136331946
333,565,1.0649965982884169
333,448,1.1337305116467178
333,210,1.045596182346344
333,629,1.0174787000287324
333,559,1.103522015735507
333,270,1.0427930632140487
333,82,1.0081722848117352
333,316,1.1003415987361225
333,170,1.0632800068706274
333,202,1.0182601059786975
333,205,1.0466309993062168
333,158,1.031146131688729
333,200,0.9927509296685456
333,297,1.082388663198799
333,172,1.0151856862939894
333,326,1.0726840705610812
333,56,0.9679371379315852
333,121,1.1325977174565196
333,206,1.071301827672869
333,446,0.9930940740741788
333,154,1.0051582879386842
333,552,1.0251547005027533
333,136,0.9569458672776818
333,91,0.9961770544759928
333,382,1.062527181347832
333,397,1.0109444332774729
333,236,1.0093013031873852
333,211,1.009553994052112
333,675,1.0286236135289073
333,543,1.0249209294561297
333,219,1.0190299744717777
333,420,1.0721949108410629
333,86,1.0250443250406531
333,40,0.988621024414897
333,398,0.9779949381481856
333,92,1.0497296107932923
333,464,1.0794024053029716
333,289,0.9723044293932616
333,212,1.0161353184375912
333,305,0.973208953626454
316,294,1.0377795198000968
316,36,1.0601046094670892
316,412,1.0575879765674472
316,552,1.1439998098649085
316,543,1.1040129088796675
316,1,1.0579339899122715
316,250,1.1696507488377392
316,622,0.919625615235418
316,200,0.9832609235309064
316,272,1.0563903748989103
316,523,0.8643550239503384
316,559,1.063217111863196
316,415,1.05649789609015
316,381,1.186086563859135
316,223,0.8809188171289861
316,397,1.1037527904845774
316,82,0.993293523788452
316,446,1.111661296337843
316,403,1.005555217154324
316,276,1.0262362910434604
316,548,0.9838212989270688
316,128,1.0197000964544711
316,236,1.1031203055754304
316,35,0.9801418134011328
316,464,1.2666487768292427
316,382,1.2273634197190404
316,656,1.0200589997693896
316,136,1.1069201272912323
316,206,1.257220646366477
316,260,0.97968377918005
316,182,1.076723008416593
316,438,0.9207793157547712
316,677,0.97293671220541
316,41,0.927228085231036
316,488,0.9391269804909824
316,391,0.973027273081243
316,4,1.023062655236572
316,669,0.98360516410321
316,388,0.9601144138723612
316,353,0.983218800276518
316,473,0.9957450916990638
316,119,1.053669017739594
316,341,1.007982370443642
316,650,1.1120065692812204
316,435,0.9898809576407076
316,417,1.0736195091158152
316,426,1.032114300876856
316,132,0.9149587210267782
316,420,1.21627629827708
316,607,0.9821604774333536
316,72,0.960252718999982
316,487,0.977173637598753
316,149,0.9527828264981508
316,635,0.9931140141561628
316,21,0.9852360179647804
316,147,0.9804411064833404
316,592,0.9799190675839782
316,584,0.9542006198316813
316,92,1.090407021809369
316,441,0.907519407570362
316,268,0.9538806015625596
316,506,0.8757966044358909
316,66,0.9242907715961336
316,179,1.0334352599456906
316,198,0.914417722262442
316,283,0.9546209946274756
316,377,0.9475672421976924
316,478,1.029797052964568
316,158,0.98666263371706
316,565,1.0318029029294848
316,333,1.200714678503573
316,210,1.138581458944827
316,12,1.0573881128802896
316,329,0.9975733449682592
316,202,0.9821603843010962
316,675,1.1110514095053077
316,121,1.1657652938738463
316,154,1.0842834303621205
316,91,1.092034507310018
316,211,1.105187066830695
316,629,1.1253397315740583
316,86,1.103721721097827
316,219,1.1004931088536978
316,398,1.1060095124412328
316,205,1.095164956524968
316,289,1.04430526541546
316,305,1.0463214479386806
316,212,1.1040160940028727
316,270,1.173689754679799
316,490,1.0038616582751274
316,40,1.0448722122237086
316,170,1.1148108704946935
316,373,1.0004953127354383
316,221,1.043663861695677
316,11,1.0999374222010374
316,53,1.0296703223139048
316,177,1.043579377233982
316,173,1.1274515222758057
316,75,1.0275753857567906
316,451,1.0175819182768464
316,172,0.986071846447885
316,129,1.1154176737181842
316,400,0.9725294262170792
316,239,0.9325209162198008
316,316,1.30235447967425
72,403,1.0078764483332634
72,409,0.9824915500357748
72,24,0.9027544409036636
72,629,1.0759729631245136
72,381,0.8889618685934693
72,210,1.124782755970955
72,154,1.0569743835367262
72,37,0.9674946200102568
676,605,0.9651838103309274
676,170,1.3224922879599037
676,40,1.2431986257433891
676,210,1.275431611109525
676,629,1.2451125937514007
676,294,1.2732291957363486
84,82,0.944958112668246
464,408,1.0647563384845853
464,325,0.9541366402991116
464,451,1.058090953156352
464,35,1.0310323177836835
464,400,1.0549147669225931
464,438,0.923117771744728
464,388,0.9995085401460528
464,47,0.9485059855505824
464,645,1.0163010866381228
464,610,0.9735754886642098
464,91,1.0664734763558954
464,487,0.993858678266406
464,412,1.127337081823498
464,143,0.9483707137405872
464,236,1.0773890661075711
464,180,1.1379951247945428
464,299,0.9948592092841864
464,329,0.968701981473714
464,228,0.8593662409111857
464,669,1.1013859147205949
464,489,1.0785121265798807
464,506,0.9706890173256396
464,199,1.049637172371149
464,431,1.0446416325867176
464,92,1.131333775818348
464,112,1.050390500575304
464,173,1.0708395279943943
464,415,0.9863841086626052
464,38,0.988880936987698
464,382,1.1119157429784536
464,211,1.0838325270451603
464,154,1.0692308919969946
464,206,1.1327274776995182
464,675,1.0827876841649413
464,543,1.1140126171521842
464,219,1.0901555651798844
464,552,1.1018616342917085
464,316,1.169237826950848
464,205,1.101927513256669
464,121,1.1353329201228917
464,86,1.091358165955171
464,446,1.0812356024980545
464,398,1.0822088620625436
464,289,1.081486559472978
464,136,1.0683570066466928
464,305,1.0324777835048735
464,270,1.101242241449654
464,212,1.092506487853825
464,490,1.0202350951731205
464,629,1.095996365416795
464,341,1.0439451187849045
464,1,0.9967097276821733
464,381,1.0589768402278423
464,36,1.0827928301878271
464,210,1.107022513402626
464,397,1.091242979746312
464,420,1.130410559475422
464,650,1.105023639742285
464,177,1.0371140856295824
464,373,1.0647183079272509
464,75,1.0379018913954496
464,11,1.1168459658510983
464,172,1.0619272077456117
464,239,0.9773240191861988
464,4,1.0421054437756538
464,53,1.0777196250855925
464,40,1.1043790662661197
464,635,1.060883584432304
464,333,1.1230586217716336
464,403,1.0497510144487023
464,250,1.144491748418659
464,221,1.0511490050703287
464,464,1.1405724473297596
656,294,1.1554262293502688
656,523,0.9737216737121344
212,91,0.9781263531185688
212,236,0.978391194716096
212,382,1.015638409182429
212,154,0.9648937336169184
212,552,0.9719446767121552
212,206,1.0125888721086085
212,211,0.9810523604974152
212,316,1.0524132261052728
212,675,0.9815063956193626
212,543,0.9971165750175714
212,121,1.1474808268249037
212,219,0.9664631523191928
212,446,0.9808912975713612
212,205,1.007729679113254
212,86,0.984776102937758
212,289,0.9626888008788228
212,398,1.0005037428345531
212,464,1.0754754219669849
212,136,0.9722917168401182
212,270,0.992652463261038
212,305,0.9757401724345982
212,490,0.9272299753502012
212,1,0.936225209850818
212,629,1.0190809261985123
212,381,0.9598313085734844
212,341,0.948137772269547
212,210,1.0369532208424062
212,650,0.9841921087354422
212,397,0.9015080067329108
212,373,0.9939786428585649
212,177,0.9182648141868412
212,36,0.9598615171853452
212,92,0.9532238352112472
212,35,0.8854895876720548
212,420,0.9888085154816508
212,53,0.9365394324995576
212,11,0.9506941242143512
212,173,0.9056771351024508
212,333,1.0682522493880242
212,172,0.8344196551479399
212,4,0.9252975098788738
212,40,0.95268962578848
212,75,0.9919623639434576
212,451,0.8936273967847228
212,403,1.0076358122751117
12,341,1.1859099972061813
12,72,1.089619324542582
12,676,1.0819266508333385
12,206,1.0187185457907617
12,373,1.1006183759309351
12,223,0.9986362541094422
12,403,0.9839356709271668
12,640,1.161757650785148
12,329,1.0436393495183438
12,24,1.0391674991697073
12,669,1.0320594771765172
12,27,0.9911437048576772
12,94,0.9764579245820642
12,629,1.2043508905917406
12,158,1.1785919796675444
12,132,1.031970086041838
12,584,1.0971058125142008
12,183,1.0616525867953897
12,270,0.9359648609533906
12,160,1.008923674467951
12,316,1.0287174740806222
12,523,0.9687860910780728
12,381,0.961961594875902
12,121,1.102465674513951
12,12,1.0443078633397818
210,629,0.904221685603261
210,129,0.9160248581320048
210,260,0.813746482366696
210,170,0.8759291658643633
210,202,0.8126236917451024
210,676,0.8409540420398116
210,584,0.9814876914024352
210,504,1.025434168986976
210,72,1.150308271870017
210,47,1.1663258830085397
210,40,0.8399554127827287
210,316,1.0620940012158826
210,294,0.8411499115172774
210,333,1.007783551234752
210,205,0.9091358750592916
210,448,0.8221347839571536
210,158,0.7903079870156944
210,143,0.9773378300014884
210,91,0.914716305444017
210,200,0.8742275177501142
210,121,1.0687733588274568
210,326,0.8487808394711465
210,206,1.0243607996962965
210,446,0.9487482621334492
210,154,0.8981081552337855
210,552,0.9172049453482032
210,136,0.9028722983784974
210,382,1.0057559311389923
210,236,0.9219708759337664
210,211,0.9422152971383184
210,675,0.9157082769088448
210,92,0.8799163717776537
210,543,0.91267348267138
210,86,0.9075337008107454
210,398,0.9684025305323304
210,397,0.8440138562582433
210,219,0.9006557306274772
210,420,1.0051594213582575
210,464,1.025373383425176
210,305,0.904939340427518
210,212,0.9340094809886068
210,289,0.905241409316659
210,381,0.9962268620729446
210,650,0.9468072964809836
210,490,0.8402885622344911
210,270,1.0436186362057924
210,221,0.8581402110867202
210,53,0.8803772209212184
210,341,0.868139632511884
210,373,0.8481313735246658
210,1,0.8945619724690914
210,272,0.8730003146920353
629,170,0.8721496155485511
629,210,0.9404648600611836
629,656,0.9876261451281608
629,96,0.9520597797818482
629,129,0.8974330606870353
629,260,0.8324075164273381
629,294,0.8529475796967745
629,40,0.8752140221185982
629,92,0.8568468436133116
629,676,0.864977527409792
629,397,0.8440449233166873
629,277,0.7871500013861805
629,205,0.8628721305867657
629,448,0.8498865040019155
629,158,0.8274907772429287
629,333,1.0163728697225451
629,200,0.8588113966397941
629,130,0.7752133840695024
629,72,1.134894521906972
629,291,0.8262507389299572
629,438,0.8318300554528832
629,202,0.8115156658459455
629,121,1.074146768078208
629,326,0.8698488376103342
629,316,1.0698320663068444
629,206,1.034986775368452
629,446,0.932327426970005
629,154,0.893857792718336
629,552,0.9156771202106028
629,91,0.8996884766966105
629,136,0.9010611125268042
629,382,1.00436676107347
629,236,0.9047578014433384
629,211,0.9100927929393948
629,675,0.8913293015211821
629,543,0.901408278848976
629,86,0.8827384565956891
629,398,0.9360056249424816
629,219,0.8847375558689237
629,464,1.0319758551195264
629,305,0.8807126777246594
629,289,0.8645602758042514
629,420,1.032569304574281
629,212,0.9120067786425352
629,381,1.0068645738065245
629,650,0.8907740763388574
629,270,1.0636117700487375
629,490,0.8062021045479923
629,341,0.8288660594262183
629,221,0.8335074777714908
629,53,0.8577513380441815
629,11,0.8693481627851725
629,272,0.8695171053986996
629,373,0.8187370130326599
629,1,0.8593061291612685
629,36,0.8683926479425281
629,412,0.9625411597080528
629,4,0.8466604398563504
629,629,0.9188020494766532
473,523,1.1606301218271255
41,24,0.984568826854229
664,82,0.810805456712842
664,440,0.9676405191421508
607,200,1.143166085705161
147,228,0.967266734689474
147,659,1.073789343237877
147,80,1.0118299275636673
276,121,1.0269133071415126
289,91,0.9777922071516514
289,154,0.9772618832066656
289,236,0.9745271103456616
289,382,1.0102675599046052
289,211,0.9920092411339284
289,675,0.9799008537083864
289,219,0.9749595816247164
289,206,1.0116583397611976
289,543,0.9927300403360276
289,552,0.977345368359238
289,205,0.9673593314364552
289,316,1.046859227353707
289,121,1.1415293358732015
289,86,0.9522858846466988
289,398,0.9910447895526886
289,446,0.9817062639631332
289,464,1.054966047871858
289,270,0.951925782719627
289,212,0.9581543155945836
289,341,0.930406796745956
289,136,1.0060846097767353
289,490,0.951750316657126
289,305,0.9798034681007266
289,1,0.9864849783480168
289,35,0.9181829211302102
289,381,0.955495972186327
289,629,1.0100357639603317
289,397,0.9572664988227187
289,650,0.9941836544312536
289,373,0.8983665211126208
289,36,0.9392481837421656
289,210,1.0012044368777424
289,177,0.9544452717527748
289,420,0.996490177931264
289,400,0.9062302373349668
289,53,0.9086576737463474
289,75,0.9369780258275568
289,4,0.9154189676046371
289,172,0.8639519144780934
289,11,0.9779681912623346
289,173,0.939167238306254
289,92,0.985947750043124
289,635,0.9428060539066792
289,415,0.913828442338854
289,333,1.0998663411010057
289,40,0.9524058541283013
289,239,0.9196928776800632
289,451,0.9357861978933216
14,205,1.2786917281337082
14,333,1.1532722669653594
94,81,0.979376457631588
291,448,1.2402130216360092
291,170,1.2261652238667011
291,629,1.1361570586450398
291,56,0.9679843885824084
412,543,1.06343446765095
412,451,0.9640087243169546
412,622,0.9781195102259516
412,669,0.8876482220366597
412,36,1.000744039658457
412,24,0.945499041583389
412,143,0.8286195402033627
412,21,1.0677251983433962
412,136,1.0661246026866138
412,47,0.9255847129970788
412,316,1.1027006118092686
412,206,1.0751668254379183
412,121,1.1600867197848856
412,446,1.0661461800336838
412,552,1.0728239591699094
412,629,1.0973819540813563
412,412,0.911929271183908
478,250,1.1665122113190591
478,24,0.947650621412322
478,299,1.0326919499784708
478,180,1.0384194741491228
478,37,1.01573247439228
478,297,0.9516523408237844
478,504,1.127924750093371
478,51,0.9634113549254836
478,506,1.0852447571232915
478,86,1.3280266541987658
478,464,1.1765484055504205
478,440,1.1924376878887415
478,223,1.0306719481013715
478,664,1.2347377929836512
478,236,1.3158945152536037
478,36,1.3138386951759458
478,219,1.3083064975216985
478,548,1.106240303721279
478,523,0.988433936610818
478,397,1.3006899915635586
478,333,1.274571092100814
478,622,1.1032498879358172
478,415,0.8353078558575362
478,690,0.9884722474962472
478,56,0.9460043744184076
478,197,1.0029790890403092
478,121,1.0546889710240066
478,478,1.0107467146590352
165,165,1.1452154368162155
341,91,1.002709087682888
341,154,0.9979012180119752
341,211,1.0342752765864134
341,236,1.0065334988757968
341,382,1.019013695884496
341,675,1.0175474779680371
341,543,1.031594384694472
341,205,1.005778971593827
341,206,1.01138946833089
341,219,1.0209869174286723
341,552,1.016353716608137
341,316,1.0474036999512464
341,289,0.9783708471804856
341,86,0.9733892127405852
341,121,1.1574160133022815
341,446,1.0075638177804649
341,398,1.03773336391896
341,464,1.056458599632606
341,270,0.9327656030654908
341,212,1.0209449818357823
341,490,1.0137197393923998
341,136,1.0121629731729629
341,381,1.0141862533055246
341,305,1.0157982427626848
341,1,1.0106899179518225
341,36,1.017526512732729
341,629,1.0687314392998817
341,177,0.9980367925018072
341,397,1.002969351131469
341,35,1.0040533589199183
341,650,1.0325889866799116
341,210,1.06756855500862
341,11,1.0389866442419589
341,373,0.9776237020269036
341,172,0.8703965600579977
341,173,0.949582165107131
341,420,1.0166900791227818
341,75,1.0240387138910592
496,84,1.0827255360782146
496,523,1.1551806330680847
496,18,0.9887318462133408
496,438,1.118654473684728
496,398,1.3317319257184863
496,617,1.1609294414520264
496,316,1.0783430989831686
496,82,1.1325269509106874
496,121,1.1162014491856098
112,438,0.8929243991151452
24,202,1.166462211171165
24,333,1.0251156305894256
24,86,1.0830098623409867
24,552,1.0512539451010523
24,81,0.959308212623
24,173,0.9503591610118748
24,379,0.964065719395876
24,382,0.9811632316559552
24,653,0.973818764090538
24,622,0.8601791998371482
24,409,0.9660209948197008
24,72,0.9611128666438162
24,523,0.9121981598436832
24,41,0.9159545712172984
24,450,0.9880274208262564
24,121,1.0360237527638674
24,24,0.8882472459226847
596,617,1.0306549612432718
596,390,0.9519123323261738
653,51,0.9578624749556184
584,640,1.0730244419537485
584,210,1.2724036374129355
294,676,0.831747256219387
294,210,0.9190886722644792
294,375,1.0043005868792534
294,640,0.9317421820014716
294,523,0.780828726477921
294,656,0.9419067492708564
294,129,0.8943516286090016
294,260,0.8364807888865471
294,121,1.0304545052349567
294,446,0.9166475217789412
294,316,1.0041675136890262
294,206,0.9663190864957868
294,552,0.907865127781406
294,154,0.8988504910375923
294,136,0.8994987783953547
294,91,0.8994221326429397
294,382,0.9483657530508935
294,629,0.9071631962433456
294,236,0.8916236236691475
294,211,0.9048026846721768
294,397,0.8599214134737849
294,675,0.9117886358872056
294,543,0.9227061253041028
294,86,0.9394738364499062
294,398,0.9459422393701972
294,40,0.844764762558043
294,219,0.9067171630449592
294,420,0.9511904886458068
294,92,0.8784765000455081
297,333,1.1974490873981267
297,82,1.006458886899054
297,297,0.9708200697787106
592,84,0.9438450410962104
408,223,1.011342402547598
408,622,0.9467194257304072
408,121,1.0354225980117917
263,37,1.1296006254851818
263,121,0.9222733294591308
263,263,0.8605064898729324
292,270,0.957916567567736
292,40,1.0392855792306364
292,446,0.9905398357659578
292,420,0.9059988181106746
292,94,0.9902568804100156
292,47,0.9741690447553992
292,473,0.9957350576296448
292,299,0.9488714435137808
292,179,1.0506873345002532
292,212,0.9939936907030642
292,584,0.9428331330418588
292,41,1.006391611881554
292,645,0.9975366787984968
292,596,1.113584156613797
292,431,0.9212915692478418
292,438,0.9603307810612024
292,292,0.9594864365644752
206,412,0.9953045556903816
206,25,0.914223883592058
206,489,0.8978609750047326
206,1,0.9970760577125476
206,408,0.9952670089551248
206,497,0.91403805767186
206,325,0.9932600939646364
206,84,0.9622003286494872
206,506,0.8540196976391599
206,622,0.9355607988545672
206,204,0.8997938031097874
206,605,0.9962777643231676
206,373,0.935629874933511
206,446,1.0694716247380711
206,604,0.911661088350229
206,451,0.9480996084166692
206,236,1.0598880588077009
206,35,0.9138939005788416
206,170,1.0536401206045412
206,629,1.0764724697219208
206,375,0.9427583962678908
206,299,0.922632625733968
206,179,1.0025172092136927
206,149,0.9188940008170904
206,272,0.9914843783481048
206,653,0.878852998430375
206,294,0.9763180508161896
206,377,0.93113733723294
206,215,0.9633405451895668
206,650,1.0480481071863323
206,333,1.15818957448937
206,316,1.2947438732953742
206,410,0.9427850984502584
206,219,1.050307645695284
206,607,0.9603182333521544
206,72,0.96419641491957
206,422,1.0363772105192766
206,291,0.8620366479735821
206,473,0.9681850913912058
206,11,1.035989273688756
206,259,0.8569428402697667
206,391,0.9726403723470868
206,136,1.0667052592616528
206,656,0.9675613545114174
206,381,1.1863290308974683
206,29,1.0516760239261205
206,617,0.9215998552972452
206,409,0.955093737517018
206,75,0.9625254956772552
206,496,0.9558649244718254
206,14,0.8832812191685662
206,132,0.8677599631482735
206,21,0.9849537228001282
206,82,0.9378950408427044
206,250,1.1059378285426646
206,258,1.0123111179564148
206,182,1.0455439708312042
206,478,0.9811570412130096
206,41,0.8945220159366727
206,86,1.0463442790787667
206,499,0.980899688671343
206,304,1.004086723551154
206,143,0.8660879140370525
206,403,0.9633208141895012
206,210,1.0893936273059808
206,268,0.9491846635937692
206,313,0.9736963430186734
206,200,0.91808762983419
206,12,1.042284718772862
206,675,1.059578077401966
206,121,1.1593453420791775
206,552,1.0960898717166856
206,154,1.0372401344357058
206,91,1.0484135550796054
206,382,1.20525808155071
206,211,1.0614025299437344
206,543,1.0491679937695153
206,398,1.0669345175847411
206,205,1.047320782672614
206,464,1.244969641556963
206,289,0.9830679279984906
206,397,1.041985722549725
206,305,0.9935788637958468
206,212,1.0451339846476912
206,270,1.1738243309082463
206,420,1.2077270316076465
206,490,0.9398300106404348
206,92,1.0265653926180676
206,341,0.9410470050643198
206,40,0.9722309951903298
206,36,1.002312712953426
206,221,0.9782428250764496
206,53,0.9636555126635358
206,177,0.9806834942428396
206,4,0.9565074259298854
206,173,1.089258726220578
206,415,1.051999852177687
206,172,0.916194687888492
206,635,0.9210479754256083
206,400,0.908807675819844
206,239,0.8668551171431318
206,129,1.0474407299188897
206,559,1.0406918353401124
206,206,1.2439706543227658
617,390,1.167871667072177
38,112,0.9851111425086856
38,473,0.9518334744498134
38,488,0.9264866914600134
38,212,1.0094481203705072
38,259,1.029244992882013
38,272,0.9702730486169456
38,205,1.0601619398221374
38,81,1.0609863782301543
38,397,0.9809957356192172
38,417,0.9761545620858668
38,422,1.0825403900817037
38,381,1.0502726770937445
38,96,0.9717919630929828
38,412,1.09628222649917
38,268,1.0778121002949774
38,29,0.9196297586895524
38,617,0.9428285057656468
38,629,1.087225922383368
38,72,0.9893993465229868
38,1,0.9824399631470442
38,92,0.9834981858730316
38,91,0.9868957460857928
38,132,0.9419151451438664
38,94,0.8990064719691873
38,53,1.0030782660469413
38,202,1.12606237991713
38,292,0.9576143408194184
38,329,0.9534863592125477
38,179,1.0162581400945785
38,490,0.9922746098600328
38,659,1.002917275764048
38,565,1.1310752523131669
38,559,1.0039524002932012
38,80,0.9116350011900068
38,270,1.012862265110016
38,143,1.027209875639528
38,147,1.0130161559209228
38,669,1.0334072886034846
38,610,0.920477731153369
38,40,0.946214779280126
38,403,0.9876734134741127
38,200,0.9723962820135056
38,542,0.8557975962758064
38,128,0.9089447082951664
38,464,1.0607853694818914
38,313,0.9655512762255968
38,121,1.0896201068535447
160,450,1.0401150546967983
160,158,1.110064933076501
160,121,1.0062431816477329
211,82,0.9897109661251308
211,382,1.058649631217122
211,91,0.9972477299161256
211,236,0.9917474891990424
211,154,0.9843727587722242
211,543,0.9868295709602536
211,206,1.071653519757092
211,675,0.9957091915421188
211,219,0.9776810118928552
211,316,1.114201848162338
211,205,0.9661833071149886
211,552,0.9951278674416244
211,121,1.2080041505396366
211,86,0.9598995156120508
211,446,1.0073755830526352
211,398,1.0008998294360936
211,464,1.1123367408290503
211,289,0.9490839350037276
211,270,1.0452600540593266
211,136,0.9886050019413232
211,490,0.906766951084137
211,212,0.9827500397805125
211,305,0.9664749130606652
211,629,1.003120451234281
211,341,0.9034593347460032
211,1,0.94968128670007
211,36,0.9506718111224473
211,381,1.0213105585426092
211,177,0.9227363523095846
211,35,0.878028224222362
211,650,0.9412319178227336
211,210,1.000768295954913
211,397,0.9385464880615472
211,373,0.91120302118361
211,75,0.9190034698694944
211,420,1.08106794138439
211,173,0.9425698090344669
211,92,0.9753280393779278
211,4,0.8866069572977722
211,635,0.9175558052957058
211,53,0.9092520251870156
211,11,0.9951269859448076
211,172,0.8111390424892306
211,451,0.9037247421219944
211,239,0.8412000117823482
211,333,1.0834488864056766
211,415,1.0150576457381248
211,40,0.9529135450720788
211,400,0.8791782185435295
211,250,1.0243629342876377
211,170,0.9823285893071444
211,403,1.0332900499925015
211,221,0.9183533629402518
211,294,0.9372001555748284
211,559,1.184771902859211
211,329,1.035241216421127
37,47,0.9060375303961336
37,72,0.9662418179214
37,153,1.0179371573030949
37,677,0.9875256754457952
37,263,0.9323730310425162
204,251,1.0928562805056572
440,277,1.0828288905322552
440,182,0.9762198384851216
440,664,0.963850622996688
377,523,1.115077123045921
223,408,0.98587647639215
223,1,1.1275590024888515
153,37,0.9780651554465294
153,353,0.996183391660452
153,82,0.9643140435218812
398,478,0.931740103289485
398,91,0.9060595468617976
398,382,0.9859276965726168
398,236,0.9039533368777484
398,206,1.012255075853318
398,211,0.9202834067400544
398,154,0.8989908676594496
398,316,1.0521375694079325
398,675,0.9055243036709726
398,552,0.9149214492645116
398,121,1.122422359418124
398,543,0.8839312675409019
398,446,0.920397407375276
398,219,0.8843235855456442
398,205,0.8897005736362189
398,86,0.8683548704721034
398,136,0.8958059239666909
398,289,0.855633283732459
398,464,1.0612960329744965
398,270,0.9995389841496944
398,212,0.9049678316805512
398,629,0.9120692880824208
398,490,0.8520854879170656
398,305,0.8750088491942734
398,650,0.8734494531527162
398,381,1.0089237154461443
398,341,0.8460352197289467
398,210,0.9423964524175972
398,36,0.9061011902522296
398,397,0.8673751328606158
398,1,0.9129923330619932
398,420,1.0104768052697182
398,35,0.8129597962833941
398,373,0.8341747373342514
398,92,0.9109973176382482
398,177,0.8988022005651146
398,75,0.8571785930544138
398,173,0.9038800513371824
398,53,0.840449899667874
398,11,0.9197038593702018
398,415,0.96685955603607
398,4,0.8280362840741873
398,40,0.8535597417503595
398,333,1.0188018041662872
398,172,0.7730752367060632
398,170,0.9154867271427064
398,635,0.8718548533506691
398,451,0.8638763511553407
398,250,0.9646184965968132
398,294,0.8891879785805941
398,221,0.8383361001033336
398,239,0.8149388467427343
398,400,0.8341446132399142
305,182,1.0757856564596295
305,277,0.9273950289934874
305,640,0.8997998381964862
305,236,0.9335722830146552
305,91,0.9331870968453586
305,206,1.016559936106205
305,382,0.9998369850218296
305,316,1.0507756180595609
305,154,0.9252188126556576
305,121,1.1474532503634691
305,552,0.93879265896976
305,211,0.9365152269601822
305,446,0.9278853638097644
305,675,0.9316839016973972
305,543,0.9542634736280888
305,219,0.9340237230062484
305,86,0.9085163422860204
305,464,1.066402415279299
305,136,0.9555550049990416
305,205,0.9289420866407454
305,398,0.9556906777434052
305,289,0.90998812392354
305,490,0.8878411278128624
305,629,0.9531641267240047
305,212,0.9277327519375832
305,270,1.0222014826722443
305,341,0.9058167329058052
305,381,0.9743108726106584
305,210,0.9657501624897122
305,397,0.8873720578849316
305,35,0.8919222829863429
305,650,0.9331500129774212
305,1,0.8780202120542526
305,420,0.9923496269620956
305,36,0.9131149048916996
305,373,0.8832922969013453
305,92,0.9332480111625046
305,415,1.0486262664198875
305,173,0.9339309157803656
305,177,0.887880215421319
305,75,0.8940049465745687
305,53,0.8661862127482891
305,239,0.8036290053278208
305,333,1.0467365514487028
305,451,0.8698098044842482
305,4,0.8515317486599088
277,182,0.9716081405058504
277,640,1.0473967026919129
277,438,1.0628600995987654
277,629,1.2479917877353728
277,202,1.070601863320917
277,158,1.0871150139719248
277,448,1.0721621848642826
277,305,1.28157020220533
130,629,0.8144204737618566
326,205,0.7426298848586157
326,158,0.8734570133965462
326,333,0.8796550892293453
326,210,0.7549141062190756
326,202,0.9530521982815116
326,629,0.7504519922658801
326,448,0.8481587953865528
326,200,0.8312477257568389
326,143,0.9905344918370248
172,478,0.9200737196952103
172,398,1.0123659507371483
172,323,0.9034066330641508
172,422,0.9512110063806176
172,202,0.8617704520002007
172,333,1.0192864630371332
172,543,0.9844813076779246
172,675,0.9397604493424296
172,91,0.9742154332343488
172,236,0.9712940938770772
172,382,0.9903609473258256
172,211,0.9830657467246056
172,205,1.0061251127626747
172,219,1.0124770775437355
172,154,0.975845893844962
172,270,0.8991623080801219
172,464,0.9889477295801044
172,206,0.9825857090763748
172,86,1.005454004276544
172,289,0.9740598117932676
172,552,0.9948157737962902
172,490,0.9513596184551716
172,316,1.001513059483841
172,35,0.9101302423514426
172,212,0.9814345568884164
172,1,0.8963298629969358
172,177,0.9340562052093446
172,121,1.0409536776132882
172,341,0.9228171836584806
172,446,0.9629052057862282
56,669,1.0124751068651676
56,448,0.9669767916202544
56,136,0.971765206195414
56,323,0.9417790658771992
56,270,0.9855391373857856
56,313,0.929883516393602
56,333,1.018902932293713
56,236,0.9643899872899055
56,450,1.0042606685310602
56,82,0.9141219025477768
56,291,1.0618258956819773
56,21,1.001114466227591
675,82,0.9802439529448748
675,91,0.9770280804950744
675,382,1.0293337116017938
675,236,0.9804450417868792
675,211,0.9944605438504368
675,154,0.97752137016505
675,206,1.0350659769028423
675,543,0.9969176270533352
675,316,1.0739245475269854
675,219,0.971301786135882
675,552,0.9849776672199368
675,121,1.1739023982081562
675,205,0.956338084070012
675,86,0.9633228266611696
675,446,0.9935928527265788
675,398,1.003804258070886
675,464,1.0530125792138278
675,289,0.9603247554041444
675,270,1.0045407908037305
675,136,0.9962649941444396
675,1,0.9296933058649302
675,490,0.909899254096672
675,212,0.9899187504779547
675,305,0.9666110859252512
675,341,0.9134291792288424
675,629,0.9908073022961617
675,35,0.9050677274353802
675,381,0.9680513013154268
675,36,0.9334706508088856
675,75,0.9546860451810062
675,650,0.980103051988408
675,177,0.9389083057176322
675,210,1.02214114414528
675,397,0.917502889642492
675,420,0.9990320762153716
675,373,0.9136753622442484
675,53,0.9309628680348396
675,173,0.9647024124860764
675,172,0.8470225788187236
675,92,0.9756493573077024
675,451,0.909277000464499
675,4,0.8724076431244612
675,415,0.9899237044155598
675,11,0.9676506901159884
675,635,0.906899026595056
675,239,0.8725952105596662
675,400,0.9035411230288446
675,333,1.0630006808787584
675,40,0.9385355073027312
675,250,1.0420237691141665
675,221,0.954091474879533
675,170,0.981407176470384
675,403,0.9874124103225768
675,294,0.919959330232814
675,559,1.146034546662122
675,329,1.0386811662465334
675,25,1.0231294753029945
503,200,1.1385869607329369
251,143,1.0611226465553043
251,478,1.0001220423728228
251,18,1.024490086361766
251,422,1.0221820268779993
251,82,1.0630310429260137
121,221,1.5051242988556623
121,422,1.0809109096881002
121,136,1.4353939683642238
121,86,1.577094313222915
121,199,1.070910889422521
121,677,1.015708088176325
121,515,1.0387398261809722
121,208,1.3123813420534134
121,497,0.902565817697905
121,47,1.0533324705902487
121,53,1.4866408433299512
121,429,1.1070935453753918
121,548,1.0568045801483097
121,35,1.412107413634658
121,645,1.0228680884465575
121,382,1.3643184178508818
121,29,1.3826034516096115
121,565,1.0529010775499046
121,379,1.091617339057848
121,381,1.1419016596628353
121,250,1.497457411373034
121,559,1.184900378342718
121,610,1.1937695825472474
121,431,1.0077729725744575
121,119,1.036288073984906
121,448,1.469025399070233
121,165,1.1365410037105903
121,490,1.4767102682963014
121,542,1.0361265474930406
121,198,0.9974716259166598
121,11,1.5555159845389426
121,552,1.5520611063111571
121,397,1.5437911935150623
121,325,0.9652723842300476
121,605,1.1305727352155373
121,333,1.4015570054762063
121,316,1.3244669751729816
121,72,0.9988637254573404
121,410,1.1307487357407808
121,272,1.431562092155218
121,584,1.0686059400904924
121,669,1.0565739137819037
121,383,1.0917934568133203
121,676,1.1669056385289878
121,446,1.5361108526121825
121,450,1.3434322699904442
121,375,1.0593838293571023
121,40,1.486165078356862
121,170,1.574290151707828
121,294,1.4991252184845507
121,149,1.0790407622698694
121,158,1.3357710480922833
121,1,1.5147892222739756
121,92,1.5916766398586333
121,84,1.0973369048442692
121,464,1.3398271310143173
121,656,1.2049401216208937
121,212,1.5758248607162386
121,12,1.121981970849447
121,259,1.014208173844963
121,210,1.5775730977766216
121,236,1.5470215044915676
121,96,1.2419148540357128
121,438,1.1816909826593474
121,341,1.4809877790976316
121,283,1.1039648341247812
121,390,1.099326130701229
121,629,1.4834018517285583
121,129,1.5413703313097358
121,607,1.1068371401634067
121,496,1.0510973364580425
121,27,1.039551488822326
121,353,1.085134495398961
121,112,1.0148273058002817
121,80,1.0611586133018136
121,39,1.0027399607934058
121,21,1.188012124504894
121,377,1.0501294870628044
121,14,1.1096170789096504
121,506,1.049387602135539
121,91,1.5312516714911908
121,500,1.1429387361276897
121,258,1.0938955929595977
121,211,1.5646171937696636
121,323,1.374559135641903
121,51,1.112232357263565
121,219,1.5454983327072114
121,202,1.220369774615392
121,36,1.492914733942598
121,412,1.2343767904676497
121,25,1.1182116244453937
121,228,1.036838923348114
121,489,1.1733720285119489
121,408,1.1826557205058634
121,659,1.1424700893694535
121,635,1.4576262724585831
121,634,1.1543686216464266
121,640,1.2524893870577216
121,200,1.245977960759774
121,622,1.037793408613652
121,435,1.091030585579574
121,66,1.0392065271735191
121,523,1.153519042301923
121,409,0.9398306200746448
121,147,1.1326110274530947
121,415,0.9747932001482696
121,204,1.065472307614982
121,499,1.1193556522484869
121,289,1.5023436017800122
121,440,1.087993610650301
121,592,1.083509256131947
121,373,1.4470905874622986
121,304,1.0377401205478236
121,403,1.1307555792154744
121,276,1.143730910262093
121,420,1.216352116316557
121,128,1.157564779277891
121,604,1.0779277003603056
121,81,1.064429595018737
121,451,1.4103636380750686
121,143,0.9873336188029498
121,201,0.9994935342110692
121,94,1.080114081967622
121,37,0.975723636103794
121,623,1.070121734868735
121,400,1.3547434670617804
121,441,0.9758144062943755
121,334,0.9630430357065052
121,206,1.307109001558274
121,173,1.2771007380215451
121,426,1.146239714231342
121,477,1.0039043690776452
121,478,1.294395022559911
121,154,1.5347570152953267
121,180,1.2515988410450518
121,132,1.126085946103558
121,417,1.111670622136444
121,260,1.2696444333996624
121,182,1.1384134823456409
121,160,1.1694459817372262
121,473,1.0799185566138476
121,18,1.0656365887261927
121,299,1.040051304269582
121,179,1.003952115192078
121,268,1.0169392777606845
121,292,1.0561811638763174
121,329,1.2121726549230516
121,183,1.022717532934621
121,291,1.1410685086157173
121,296,0.992016494157724
121,617,1.1045719338580966
121,487,1.1783025193726644
121,270,1.1181586950551718
121,374,1.130901588825509
121,388,1.0789734084391966
121,596,1.0632244716398418
121,653,0.9391516706673428
121,38,1.1069996028672904
121,488,1.0309373820200562
121,504,1.1137537163449451
121,24,1.037570873158984
121,391,1.061878869775683
121,215,1.0699359131976962
121,650,1.5887997448444366
121,4,1.4336305081378669
121,313,1.2666529315756634
121,297,1.0686554164858535
121,205,1.5508350669406354
121,41,1.1289376488421112
121,398,1.5225106729194522
121,664,1.121043443796225
121,82,1.2385555687360466
121,675,1.575650307815522
121,543,1.575132745783776
121,305,1.5187810193747282
121,177,1.480998902581632
121,75,1.4914343354757875
121,172,1.366055026766844
121,239,1.3734847649466246
177,211,0.9918956090696156
177,91,0.9768091700971128
177,382,0.9948586001992226
177,675,0.9963331576436758
177,236,1.0001163203269243
177,543,0.9762997238431126
177,219,0.9941406408324838
177,86,1.0046759573742747
177,205,1.0233349585905671
177,206,0.9884371687658132
177,154,0.983547761105001
177,552,0.9833151148632168
177,316,1.0337298368103802
177,1,0.9634335516020656
177,464,1.0521066021174192
177,121,1.0874786756467074
177,398,1.0292001236230135
177,446,0.9694928377866744
177,289,0.995087823830545
177,490,0.959169453009963
177,35,0.9386864150874316
177,270,0.9429255521390588
177,75,1.058157461695373
177,212,1.0392092829570174
177,341,0.9816863224841654
177,36,0.9544439453165978
177,305,1.0132257416844368
177,136,0.9664563480764627
177,172,0.926297852769494
177,381,0.9270920511335136
177,650,1.0095416270196438
177,173,0.9743980383500456
690,82,0.9421187588013707
690,200,1.127593982964754
